5.0, {'J10': 0, 'J11': 0, 'J12': 0, 'J13': 0, 'cluster3106249630_3106249631_J60_J61_#5more': 0}, {'J10': 0, 'J11': 0, 'J12': 0, 'J13': 0, 'cluster3106249630_3106249631_J60_J61_#5more': 0}, {'J10': 0, 'J11': 0, 'J12': 0, 'J13': 0, 'cluster3106249630_3106249631_J60_J61_#5more': 0}, 
10.0, {'J10': 0, 'J11': 0, 'J12': 0, 'J13': 0, 'cluster3106249630_3106249631_J60_J61_#5more': 0}, {'J10': 0, 'J11': 0, 'J12': 0, 'J13': 0, 'cluster3106249630_3106249631_J60_J61_#5more': 0}, {'J10': 0, 'J11': 0, 'J12': 0, 'J13': 0, 'cluster3106249630_3106249631_J60_J61_#5more': 0}, 
15.0, {'J10': 0, 'J11': -4.5, 'J12': -0.5, 'J13': 0, 'cluster3106249630_3106249631_J60_J61_#5more': 0}, {'J10': 0, 'J11': 1, 'J12': 1, 'J13': 0, 'cluster3106249630_3106249631_J60_J61_#5more': 0}, {'J10': 0, 'J11': 1, 'J12': 1, 'J13': 0, 'cluster3106249630_3106249631_J60_J61_#5more': 0}, 
20.0, {'J10': 0, 'J11': -14.5, 'J12': -10.5, 'J13': -6.0, 'cluster3106249630_3106249631_J60_J61_#5more': 0}, {'J10': 0, 'J11': 1, 'J12': 1, 'J13': 1, 'cluster3106249630_3106249631_J60_J61_#5more': 0}, {'J10': 0, 'J11': 1, 'J12': 1, 'J13': 2, 'cluster3106249630_3106249631_J60_J61_#5more': 0}, 
25.0, {'J10': 0, 'J11': -26.0, 'J12': -22.0, 'J13': 0, 'cluster3106249630_3106249631_J60_J61_#5more': 0}, {'J10': 0, 'J11': 2, 'J12': 1, 'J13': 0, 'cluster3106249630_3106249631_J60_J61_#5more': 0}, {'J10': 0, 'J11': 2, 'J12': 2, 'J13': 0, 'cluster3106249630_3106249631_J60_J61_#5more': 0}, 
30.0, {'J10': -4.0, 'J11': -50.5, 'J12': -4.5, 'J13': 0, 'cluster3106249630_3106249631_J60_J61_#5more': 0}, {'J10': 1, 'J11': 2, 'J12': 1, 'J13': 0, 'cluster3106249630_3106249631_J60_J61_#5more': 0}, {'J10': 1, 'J11': 3, 'J12': 1, 'J13': 0, 'cluster3106249630_3106249631_J60_J61_#5more': 0}, 
35.0, {'J10': -3.5, 'J11': -80.5, 'J12': -3.5, 'J13': 0, 'cluster3106249630_3106249631_J60_J61_#5more': -1.0}, {'J10': 2, 'J11': 2, 'J12': 1, 'J13': 0, 'cluster3106249630_3106249631_J60_J61_#5more': 1}, {'J10': 2, 'J11': 3, 'J12': 1, 'J13': 0, 'cluster3106249630_3106249631_J60_J61_#5more': 1}, 
40.0, {'J10': 0, 'J11': -110.5, 'J12': 0, 'J13': -3.5, 'cluster3106249630_3106249631_J60_J61_#5more': -18.5}, {'J10': 0, 'J11': 2, 'J12': 0, 'J13': 1, 'cluster3106249630_3106249631_J60_J61_#5more': 4}, {'J10': 0, 'J11': 3, 'J12': 0, 'J13': 1, 'cluster3106249630_3106249631_J60_J61_#5more': 4}, 
45.0, {'J10': 0, 'J11': -140.5, 'J12': 0, 'J13': -1.0, 'cluster3106249630_3106249631_J60_J61_#5more': -58.5}, {'J10': 0, 'J11': 2, 'J12': 0, 'J13': 1, 'cluster3106249630_3106249631_J60_J61_#5more': 4}, {'J10': 0, 'J11': 3, 'J12': 0, 'J13': 1, 'cluster3106249630_3106249631_J60_J61_#5more': 4}, 
50.0, {'J10': -8.0, 'J11': -170.5, 'J12': -8.0, 'J13': -11.0, 'cluster3106249630_3106249631_J60_J61_#5more': -43.5}, {'J10': 1, 'J11': 2, 'J12': 1, 'J13': 1, 'cluster3106249630_3106249631_J60_J61_#5more': 2}, {'J10': 2, 'J11': 3, 'J12': 2, 'J13': 1, 'cluster3106249630_3106249631_J60_J61_#5more': 2}, 
55.0, {'J10': -3.5, 'J11': -200.5, 'J12': -16.0, 'J13': -25.0, 'cluster3106249630_3106249631_J60_J61_#5more': -30.5}, {'J10': 1, 'J11': 2, 'J12': 1, 'J13': 1, 'cluster3106249630_3106249631_J60_J61_#5more': 1}, {'J10': 2, 'J11': 3, 'J12': 3, 'J13': 2, 'cluster3106249630_3106249631_J60_J61_#5more': 1}, 
60.0, {'J10': -15.5, 'J11': -232.5, 'J12': -32.5, 'J13': -46.0, 'cluster3106249630_3106249631_J60_J61_#5more': -44.0}, {'J10': 2, 'J11': 2, 'J12': 2, 'J13': 1, 'cluster3106249630_3106249631_J60_J61_#5more': 1}, {'J10': 3, 'J11': 4, 'J12': 4, 'J13': 3, 'cluster3106249630_3106249631_J60_J61_#5more': 3}, 
65.0, {'J10': -11.0, 'J11': -272.5, 'J12': -43.0, 'J13': 0, 'cluster3106249630_3106249631_J60_J61_#5more': -50.5}, {'J10': 1, 'J11': 2, 'J12': 2, 'J13': 0, 'cluster3106249630_3106249631_J60_J61_#5more': 1}, {'J10': 1, 'J11': 4, 'J12': 7, 'J13': 0, 'cluster3106249630_3106249631_J60_J61_#5more': 1}, 
70.0, {'J10': 0, 'J11': -312.5, 'J12': -40.5, 'J13': 0, 'cluster3106249630_3106249631_J60_J61_#5more': -2.0}, {'J10': 0, 'J11': 2, 'J12': 2, 'J13': 0, 'cluster3106249630_3106249631_J60_J61_#5more': 1}, {'J10': 0, 'J11': 4, 'J12': 5, 'J13': 0, 'cluster3106249630_3106249631_J60_J61_#5more': 1}, 
75.0, {'J10': -1.0, 'J11': -354.5, 'J12': -26.0, 'J13': -1.0, 'cluster3106249630_3106249631_J60_J61_#5more': -15.0}, {'J10': 1, 'J11': 3, 'J12': 1, 'J13': 1, 'cluster3106249630_3106249631_J60_J61_#5more': 1}, {'J10': 1, 'J11': 5, 'J12': 2, 'J13': 1, 'cluster3106249630_3106249631_J60_J61_#5more': 2}, 
80.0, {'J10': 0, 'J11': -404.5, 'J12': -20.0, 'J13': 0, 'cluster3106249630_3106249631_J60_J61_#5more': -38.0}, {'J10': 0, 'J11': 3, 'J12': 2, 'J13': 0, 'cluster3106249630_3106249631_J60_J61_#5more': 2}, {'J10': 0, 'J11': 5, 'J12': 4, 'J13': 0, 'cluster3106249630_3106249631_J60_J61_#5more': 3}, 
85.0, {'J10': -3.0, 'J11': -456.5, 'J12': -45.5, 'J13': 0, 'cluster3106249630_3106249631_J60_J61_#5more': -76.0}, {'J10': 1, 'J11': 4, 'J12': 4, 'J13': 0, 'cluster3106249630_3106249631_J60_J61_#5more': 4}, {'J10': 1, 'J11': 6, 'J12': 7, 'J13': 0, 'cluster3106249630_3106249631_J60_J61_#5more': 5}, 
90.0, {'J10': -2.5, 'J11': -516.5, 'J12': -83.5, 'J13': 0, 'cluster3106249630_3106249631_J60_J61_#5more': -126.0}, {'J10': 2, 'J11': 4, 'J12': 4, 'J13': 0, 'cluster3106249630_3106249631_J60_J61_#5more': 4}, {'J10': 3, 'J11': 6, 'J12': 6, 'J13': 0, 'cluster3106249630_3106249631_J60_J61_#5more': 5}, 
95.0, {'J10': 0, 'J11': -579.0, 'J12': -125.0, 'J13': 0, 'cluster3106249630_3106249631_J60_J61_#5more': -176.0}, {'J10': 0, 'J11': 5, 'J12': 5, 'J13': 0, 'cluster3106249630_3106249631_J60_J61_#5more': 4}, {'J10': 0, 'J11': 7, 'J12': 7, 'J13': 0, 'cluster3106249630_3106249631_J60_J61_#5more': 5}, 
100.0, {'J10': 0, 'J11': -649.0, 'J12': -177.5, 'J13': -3.0, 'cluster3106249630_3106249631_J60_J61_#5more': -226.0}, {'J10': 0, 'J11': 5, 'J12': 9, 'J13': 1, 'cluster3106249630_3106249631_J60_J61_#5more': 4}, {'J10': 0, 'J11': 7, 'J12': 10, 'J13': 1, 'cluster3106249630_3106249631_J60_J61_#5more': 5}, 
105.0, {'J10': -1.0, 'J11': -719.0, 'J12': -284.0, 'J13': -19.0, 'cluster3106249630_3106249631_J60_J61_#5more': -225.5}, {'J10': 1, 'J11': 5, 'J12': 9, 'J13': 3, 'cluster3106249630_3106249631_J60_J61_#5more': 3}, {'J10': 1, 'J11': 7, 'J12': 14, 'J13': 3, 'cluster3106249630_3106249631_J60_J61_#5more': 5}, 
110.0, {'J10': -3.0, 'J11': -794.0, 'J12': -421.5, 'J13': -49.0, 'cluster3106249630_3106249631_J60_J61_#5more': -275.5}, {'J10': 1, 'J11': 6, 'J12': 10, 'J13': 3, 'cluster3106249630_3106249631_J60_J61_#5more': 3}, {'J10': 1, 'J11': 8, 'J12': 17, 'J13': 3, 'cluster3106249630_3106249631_J60_J61_#5more': 5}, 
115.0, {'J10': 0, 'J11': -874.0, 'J12': -536.0, 'J13': -79.0, 'cluster3106249630_3106249631_J60_J61_#5more': -325.5}, {'J10': 0, 'J11': 6, 'J12': 10, 'J13': 3, 'cluster3106249630_3106249631_J60_J61_#5more': 3}, {'J10': 0, 'J11': 8, 'J12': 15, 'J13': 3, 'cluster3106249630_3106249631_J60_J61_#5more': 5}, 
120.0, {'J10': -4.0, 'J11': -954.0, 'J12': -669.0, 'J13': -109.0, 'cluster3106249630_3106249631_J60_J61_#5more': -375.5}, {'J10': 1, 'J11': 6, 'J12': 11, 'J13': 3, 'cluster3106249630_3106249631_J60_J61_#5more': 3}, {'J10': 1, 'J11': 8, 'J12': 15, 'J13': 3, 'cluster3106249630_3106249631_J60_J61_#5more': 5}, 
125.0, {'J10': 0, 'J11': -1035.0, 'J12': -578.0, 'J13': -139.5, 'cluster3106249630_3106249631_J60_J61_#5more': -315.0}, {'J10': 0, 'J11': 7, 'J12': 10, 'J13': 3, 'cluster3106249630_3106249631_J60_J61_#5more': 2}, {'J10': 0, 'J11': 9, 'J12': 17, 'J13': 4, 'cluster3106249630_3106249631_J60_J61_#5more': 5}, 
130.0, {'J10': 0, 'J11': -1127.5, 'J12': -589.5, 'J13': -179.5, 'cluster3106249630_3106249631_J60_J61_#5more': -159.5}, {'J10': 0, 'J11': 8, 'J12': 8, 'J13': 3, 'cluster3106249630_3106249631_J60_J61_#5more': 2}, {'J10': 0, 'J11': 10, 'J12': 17, 'J13': 4, 'cluster3106249630_3106249631_J60_J61_#5more': 5}, 
135.0, {'J10': 0, 'J11': -1227.5, 'J12': -771.0, 'J13': -219.5, 'cluster3106249630_3106249631_J60_J61_#5more': -48.5}, {'J10': 0, 'J11': 8, 'J12': 9, 'J13': 3, 'cluster3106249630_3106249631_J60_J61_#5more': 3}, {'J10': 0, 'J11': 10, 'J12': 21, 'J13': 4, 'cluster3106249630_3106249631_J60_J61_#5more': 6}, 
140.0, {'J10': -3.5, 'J11': -1328.0, 'J12': -995.0, 'J13': -264.5, 'cluster3106249630_3106249631_J60_J61_#5more': -106.0}, {'J10': 1, 'J11': 9, 'J12': 11, 'J13': 3, 'cluster3106249630_3106249631_J60_J61_#5more': 4}, {'J10': 1, 'J11': 11, 'J12': 28, 'J13': 5, 'cluster3106249630_3106249631_J60_J61_#5more': 7}, 
145.0, {'J10': 0, 'J11': -1442.5, 'J12': -1089.5, 'J13': -82.0, 'cluster3106249630_3106249631_J60_J61_#5more': -184.5}, {'J10': 0, 'J11': 9, 'J12': 12, 'J13': 1, 'cluster3106249630_3106249631_J60_J61_#5more': 4}, {'J10': 0, 'J11': 12, 'J12': 28, 'J13': 1, 'cluster3106249630_3106249631_J60_J61_#5more': 10}, 
150.0, {'J10': 0, 'J11': -1564.0, 'J12': -1332.5, 'J13': 0, 'cluster3106249630_3106249631_J60_J61_#5more': -294.0}, {'J10': 0, 'J11': 9, 'J12': 14, 'J13': 0, 'cluster3106249630_3106249631_J60_J61_#5more': 5}, {'J10': 0, 'J11': 13, 'J12': 31, 'J13': 0, 'cluster3106249630_3106249631_J60_J61_#5more': 14}, 
155.0, {'J10': 0, 'J11': -1698.5, 'J12': -1555.0, 'J13': 0, 'cluster3106249630_3106249631_J60_J61_#5more': -444.5}, {'J10': 0, 'J11': 10, 'J12': 16, 'J13': 0, 'cluster3106249630_3106249631_J60_J61_#5more': 6}, {'J10': 0, 'J11': 14, 'J12': 32, 'J13': 0, 'cluster3106249630_3106249631_J60_J61_#5more': 18}, 
160.0, {'J10': 0, 'J11': -1838.5, 'J12': -1824.0, 'J13': 0, 'cluster3106249630_3106249631_J60_J61_#5more': -455.5}, {'J10': 0, 'J11': 10, 'J12': 17, 'J13': 0, 'cluster3106249630_3106249631_J60_J61_#5more': 6}, {'J10': 0, 'J11': 14, 'J12': 32, 'J13': 0, 'cluster3106249630_3106249631_J60_J61_#5more': 17}, 
165.0, {'J10': 0, 'J11': -1982.0, 'J12': -2051.5, 'J13': 0, 'cluster3106249630_3106249631_J60_J61_#5more': -566.5}, {'J10': 0, 'J11': 10, 'J12': 17, 'J13': 0, 'cluster3106249630_3106249631_J60_J61_#5more': 6}, {'J10': 0, 'J11': 15, 'J12': 35, 'J13': 0, 'cluster3106249630_3106249631_J60_J61_#5more': 17}, 
170.0, {'J10': 0, 'J11': -2132.0, 'J12': -1870.5, 'J13': 0, 'cluster3106249630_3106249631_J60_J61_#5more': -667.0}, {'J10': 0, 'J11': 10, 'J12': 15, 'J13': 0, 'cluster3106249630_3106249631_J60_J61_#5more': 7}, {'J10': 0, 'J11': 15, 'J12': 32, 'J13': 0, 'cluster3106249630_3106249631_J60_J61_#5more': 16}, 
175.0, {'J10': -2.0, 'J11': -2283.5, 'J12': -1884.0, 'J13': -2.5, 'cluster3106249630_3106249631_J60_J61_#5more': -840.0}, {'J10': 1, 'J11': 11, 'J12': 13, 'J13': 1, 'cluster3106249630_3106249631_J60_J61_#5more': 9}, {'J10': 1, 'J11': 16, 'J12': 31, 'J13': 1, 'cluster3106249630_3106249631_J60_J61_#5more': 21}, 
180.0, {'J10': -1.5, 'J11': -2443.5, 'J12': -2213.0, 'J13': -12.5, 'cluster3106249630_3106249631_J60_J61_#5more': -1055.0}, {'J10': 1, 'J11': 11, 'J12': 13, 'J13': 1, 'cluster3106249630_3106249631_J60_J61_#5more': 11}, {'J10': 1, 'J11': 16, 'J12': 37, 'J13': 1, 'cluster3106249630_3106249631_J60_J61_#5more': 24}, 
185.0, {'J10': 0, 'J11': -2603.5, 'J12': -2608.0, 'J13': -22.5, 'cluster3106249630_3106249631_J60_J61_#5more': -1303.5}, {'J10': 0, 'J11': 11, 'J12': 15, 'J13': 1, 'cluster3106249630_3106249631_J60_J61_#5more': 12}, {'J10': 0, 'J11': 16, 'J12': 45, 'J13': 1, 'cluster3106249630_3106249631_J60_J61_#5more': 27}, 
190.0, {'J10': 0, 'J11': -2772.0, 'J12': -3074.0, 'J13': -32.5, 'cluster3106249630_3106249631_J60_J61_#5more': -1578.0}, {'J10': 0, 'J11': 12, 'J12': 15, 'J13': 1, 'cluster3106249630_3106249631_J60_J61_#5more': 13}, {'J10': 0, 'J11': 18, 'J12': 51, 'J13': 1, 'cluster3106249630_3106249631_J60_J61_#5more': 29}, 
195.0, {'J10': 0, 'J11': -2956.5, 'J12': -3408.5, 'J13': -46.0, 'cluster3106249630_3106249631_J60_J61_#5more': -1873.5}, {'J10': 0, 'J11': 12, 'J12': 17, 'J13': 2, 'cluster3106249630_3106249631_J60_J61_#5more': 16}, {'J10': 0, 'J11': 20, 'J12': 54, 'J13': 3, 'cluster3106249630_3106249631_J60_J61_#5more': 32}, 
200.0, {'J10': 0, 'J11': -3156.5, 'J12': -3582.5, 'J13': -76.0, 'cluster3106249630_3106249631_J60_J61_#5more': -2210.0}, {'J10': 0, 'J11': 12, 'J12': 17, 'J13': 2, 'cluster3106249630_3106249631_J60_J61_#5more': 21}, {'J10': 0, 'J11': 20, 'J12': 49, 'J13': 3, 'cluster3106249630_3106249631_J60_J61_#5more': 37}, 
205.0, {'J10': -4.5, 'J11': -3359.5, 'J12': -3877.5, 'J13': -109.5, 'cluster3106249630_3106249631_J60_J61_#5more': -2522.5}, {'J10': 1, 'J11': 12, 'J12': 17, 'J13': 2, 'cluster3106249630_3106249631_J60_J61_#5more': 24}, {'J10': 1, 'J11': 21, 'J12': 48, 'J13': 4, 'cluster3106249630_3106249631_J60_J61_#5more': 39}, 
210.0, {'J10': -1.0, 'J11': -3569.5, 'J12': -4274.0, 'J13': -15.5, 'cluster3106249630_3106249631_J60_J61_#5more': -2914.5}, {'J10': 1, 'J11': 12, 'J12': 18, 'J13': 1, 'cluster3106249630_3106249631_J60_J61_#5more': 24}, {'J10': 1, 'J11': 21, 'J12': 51, 'J13': 2, 'cluster3106249630_3106249631_J60_J61_#5more': 40}, 
215.0, {'J10': -11.0, 'J11': -3779.5, 'J12': -4575.5, 'J13': -17.0, 'cluster3106249630_3106249631_J60_J61_#5more': -3321.5}, {'J10': 1, 'J11': 12, 'J12': 19, 'J13': 3, 'cluster3106249630_3106249631_J60_J61_#5more': 26}, {'J10': 1, 'J11': 21, 'J12': 50, 'J13': 3, 'cluster3106249630_3106249631_J60_J61_#5more': 44}, 
220.0, {'J10': 0, 'J11': -3992.5, 'J12': -4896.0, 'J13': -47.0, 'cluster3106249630_3106249631_J60_J61_#5more': -3772.5}, {'J10': 0, 'J11': 13, 'J12': 19, 'J13': 3, 'cluster3106249630_3106249631_J60_J61_#5more': 28}, {'J10': 0, 'J11': 22, 'J12': 48, 'J13': 3, 'cluster3106249630_3106249631_J60_J61_#5more': 48}, 
225.0, {'J10': 0, 'J11': -4212.5, 'J12': -5314.0, 'J13': -77.0, 'cluster3106249630_3106249631_J60_J61_#5more': -4265.0}, {'J10': 0, 'J11': 13, 'J12': 19, 'J13': 3, 'cluster3106249630_3106249631_J60_J61_#5more': 29}, {'J10': 0, 'J11': 22, 'J12': 48, 'J13': 3, 'cluster3106249630_3106249631_J60_J61_#5more': 52}, 
230.0, {'J10': 0, 'J11': -4434.0, 'J12': -5784.0, 'J13': -107.0, 'cluster3106249630_3106249631_J60_J61_#5more': -4468.0}, {'J10': 0, 'J11': 14, 'J12': 19, 'J13': 3, 'cluster3106249630_3106249631_J60_J61_#5more': 30}, {'J10': 0, 'J11': 24, 'J12': 53, 'J13': 3, 'cluster3106249630_3106249631_J60_J61_#5more': 54}, 
235.0, {'J10': 0, 'J11': -4674.0, 'J12': -6188.0, 'J13': -138.5, 'cluster3106249630_3106249631_J60_J61_#5more': -5019.5}, {'J10': 0, 'J11': 14, 'J12': 20, 'J13': 3, 'cluster3106249630_3106249631_J60_J61_#5more': 31}, {'J10': 0, 'J11': 24, 'J12': 56, 'J13': 4, 'cluster3106249630_3106249631_J60_J61_#5more': 58}, 
240.0, {'J10': -1.0, 'J11': -4914.0, 'J12': -6433.5, 'J13': -178.5, 'cluster3106249630_3106249631_J60_J61_#5more': -5491.0}, {'J10': 1, 'J11': 14, 'J12': 20, 'J13': 3, 'cluster3106249630_3106249631_J60_J61_#5more': 32}, {'J10': 1, 'J11': 24, 'J12': 54, 'J13': 4, 'cluster3106249630_3106249631_J60_J61_#5more': 59}, 
245.0, {'J10': -11.0, 'J11': -5158.0, 'J12': -6677.5, 'J13': -218.5, 'cluster3106249630_3106249631_J60_J61_#5more': -5978.0}, {'J10': 1, 'J11': 14, 'J12': 20, 'J13': 3, 'cluster3106249630_3106249631_J60_J61_#5more': 33}, {'J10': 1, 'J11': 25, 'J12': 51, 'J13': 4, 'cluster3106249630_3106249631_J60_J61_#5more': 61}, 
250.0, {'J10': -21.0, 'J11': -5408.0, 'J12': -7191.5, 'J13': -266.0, 'cluster3106249630_3106249631_J60_J61_#5more': -6568.5}, {'J10': 1, 'J11': 14, 'J12': 20, 'J13': 5, 'cluster3106249630_3106249631_J60_J61_#5more': 37}, {'J10': 1, 'J11': 25, 'J12': 54, 'J13': 6, 'cluster3106249630_3106249631_J60_J61_#5more': 65}, 
255.0, {'J10': -31.0, 'J11': -5658.0, 'J12': -7558.0, 'J13': -333.5, 'cluster3106249630_3106249631_J60_J61_#5more': -7098.5}, {'J10': 1, 'J11': 14, 'J12': 20, 'J13': 8, 'cluster3106249630_3106249631_J60_J61_#5more': 40}, {'J10': 1, 'J11': 25, 'J12': 53, 'J13': 9, 'cluster3106249630_3106249631_J60_J61_#5more': 66}, 
260.0, {'J10': -41.0, 'J11': -5911.5, 'J12': -7818.5, 'J13': -423.5, 'cluster3106249630_3106249631_J60_J61_#5more': -7730.0}, {'J10': 1, 'J11': 14, 'J12': 20, 'J13': 8, 'cluster3106249630_3106249631_J60_J61_#5more': 42}, {'J10': 1, 'J11': 26, 'J12': 48, 'J13': 9, 'cluster3106249630_3106249631_J60_J61_#5more': 67}, 
265.0, {'J10': -51.0, 'J11': -6175.0, 'J12': -8200.0, 'J13': -516.5, 'cluster3106249630_3106249631_J60_J61_#5more': -8411.5}, {'J10': 1, 'J11': 14, 'J12': 20, 'J13': 9, 'cluster3106249630_3106249631_J60_J61_#5more': 42}, {'J10': 1, 'J11': 27, 'J12': 47, 'J13': 10, 'cluster3106249630_3106249631_J60_J61_#5more': 70}, 
270.0, {'J10': -65.5, 'J11': -6445.0, 'J12': -8676.0, 'J13': -618.5, 'cluster3106249630_3106249631_J60_J61_#5more': -9115.5}, {'J10': 2, 'J11': 14, 'J12': 20, 'J13': 9, 'cluster3106249630_3106249631_J60_J61_#5more': 42}, {'J10': 2, 'J11': 27, 'J12': 49, 'J13': 11, 'cluster3106249630_3106249631_J60_J61_#5more': 71}, 
275.0, {'J10': -15.0, 'J11': -6715.0, 'J12': -8032.0, 'J13': -218.5, 'cluster3106249630_3106249631_J60_J61_#5more': -9804.0}, {'J10': 1, 'J11': 14, 'J12': 20, 'J13': 6, 'cluster3106249630_3106249631_J60_J61_#5more': 42}, {'J10': 2, 'J11': 27, 'J12': 46, 'J13': 7, 'cluster3106249630_3106249631_J60_J61_#5more': 71}, 
280.0, {'J10': -13.0, 'J11': -6985.0, 'J12': -7118.5, 'J13': -288.5, 'cluster3106249630_3106249631_J60_J61_#5more': -10480.0}, {'J10': 2, 'J11': 14, 'J12': 18, 'J13': 6, 'cluster3106249630_3106249631_J60_J61_#5more': 42}, {'J10': 2, 'J11': 27, 'J12': 39, 'J13': 7, 'cluster3106249630_3106249631_J60_J61_#5more': 70}, 
285.0, {'J10': 0, 'J11': -7255.0, 'J12': -7483.0, 'J13': -363.0, 'cluster3106249630_3106249631_J60_J61_#5more': -11142.5}, {'J10': 0, 'J11': 14, 'J12': 18, 'J13': 9, 'cluster3106249630_3106249631_J60_J61_#5more': 42}, {'J10': 0, 'J11': 27, 'J12': 41, 'J13': 11, 'cluster3106249630_3106249631_J60_J61_#5more': 70}, 
290.0, {'J10': -3.5, 'J11': -7528.5, 'J12': -7082.5, 'J13': -484.5, 'cluster3106249630_3106249631_J60_J61_#5more': -11798.5}, {'J10': 1, 'J11': 14, 'J12': 18, 'J13': 14, 'cluster3106249630_3106249631_J60_J61_#5more': 42}, {'J10': 1, 'J11': 29, 'J12': 36, 'J13': 16, 'cluster3106249630_3106249631_J60_J61_#5more': 69}, 
295.0, {'J10': -0.5, 'J11': -7822.5, 'J12': -7430.0, 'J13': -644.5, 'cluster3106249630_3106249631_J60_J61_#5more': -12283.0}, {'J10': 1, 'J11': 14, 'J12': 19, 'J13': 14, 'cluster3106249630_3106249631_J60_J61_#5more': 42}, {'J10': 1, 'J11': 30, 'J12': 39, 'J13': 16, 'cluster3106249630_3106249631_J60_J61_#5more': 71}, 
300.0, {'J10': 0, 'J11': -8122.5, 'J12': -7527.5, 'J13': -808.5, 'cluster3106249630_3106249631_J60_J61_#5more': -12994.5}, {'J10': 0, 'J11': 14, 'J12': 22, 'J13': 16, 'cluster3106249630_3106249631_J60_J61_#5more': 42}, {'J10': 0, 'J11': 30, 'J12': 45, 'J13': 18, 'cluster3106249630_3106249631_J60_J61_#5more': 72}, 
305.0, {'J10': 0, 'J11': -8422.5, 'J12': -7486.0, 'J13': -988.5, 'cluster3106249630_3106249631_J60_J61_#5more': -13673.5}, {'J10': 0, 'J11': 14, 'J12': 22, 'J13': 16, 'cluster3106249630_3106249631_J60_J61_#5more': 42}, {'J10': 0, 'J11': 30, 'J12': 44, 'J13': 18, 'cluster3106249630_3106249631_J60_J61_#5more': 74}, 
310.0, {'J10': 0, 'J11': -8722.5, 'J12': -6287.0, 'J13': -1170.0, 'cluster3106249630_3106249631_J60_J61_#5more': -14386.5}, {'J10': 0, 'J11': 14, 'J12': 20, 'J13': 16, 'cluster3106249630_3106249631_J60_J61_#5more': 42}, {'J10': 0, 'J11': 30, 'J12': 37, 'J13': 19, 'cluster3106249630_3106249631_J60_J61_#5more': 75}, 
315.0, {'J10': 0, 'J11': -9022.5, 'J12': -6441.0, 'J13': -1360.0, 'cluster3106249630_3106249631_J60_J61_#5more': -15064.5}, {'J10': 0, 'J11': 14, 'J12': 20, 'J13': 16, 'cluster3106249630_3106249631_J60_J61_#5more': 42}, {'J10': 0, 'J11': 30, 'J12': 34, 'J13': 19, 'cluster3106249630_3106249631_J60_J61_#5more': 73}, 
320.0, {'J10': 0, 'J11': -9324.5, 'J12': -6567.5, 'J13': -1554.0, 'cluster3106249630_3106249631_J60_J61_#5more': -15795.5}, {'J10': 0, 'J11': 15, 'J12': 20, 'J13': 17, 'cluster3106249630_3106249631_J60_J61_#5more': 42}, {'J10': 0, 'J11': 31, 'J12': 36, 'J13': 20, 'cluster3106249630_3106249631_J60_J61_#5more': 74}, 
325.0, {'J10': -1.5, 'J11': -9636.0, 'J12': -6931.5, 'J13': -1761.0, 'cluster3106249630_3106249631_J60_J61_#5more': -16538.0}, {'J10': 1, 'J11': 16, 'J12': 20, 'J13': 19, 'cluster3106249630_3106249631_J60_J61_#5more': 42}, {'J10': 1, 'J11': 32, 'J12': 41, 'J13': 22, 'cluster3106249630_3106249631_J60_J61_#5more': 75}, 
330.0, {'J10': -6.5, 'J11': -9956.0, 'J12': -6933.5, 'J13': -1981.0, 'cluster3106249630_3106249631_J60_J61_#5more': -17288.0}, {'J10': 2, 'J11': 16, 'J12': 20, 'J13': 19, 'cluster3106249630_3106249631_J60_J61_#5more': 42}, {'J10': 3, 'J11': 32, 'J12': 41, 'J13': 22, 'cluster3106249630_3106249631_J60_J61_#5more': 75}, 
335.0, {'J10': -38.0, 'J11': -10276.0, 'J12': -7271.0, 'J13': -2201.0, 'cluster3106249630_3106249631_J60_J61_#5more': -17830.0}, {'J10': 2, 'J11': 16, 'J12': 20, 'J13': 19, 'cluster3106249630_3106249631_J60_J61_#5more': 42}, {'J10': 4, 'J11': 32, 'J12': 42, 'J13': 22, 'cluster3106249630_3106249631_J60_J61_#5more': 71}, 
340.0, {'J10': -6.5, 'J11': -10600.5, 'J12': -6271.5, 'J13': -1779.0, 'cluster3106249630_3106249631_J60_J61_#5more': -18446.5}, {'J10': 1, 'J11': 18, 'J12': 18, 'J13': 17, 'cluster3106249630_3106249631_J60_J61_#5more': 42}, {'J10': 2, 'J11': 34, 'J12': 41, 'J13': 20, 'cluster3106249630_3106249631_J60_J61_#5more': 69}, 
345.0, {'J10': -19.5, 'J11': -10940.5, 'J12': -5487.0, 'J13': -1898.0, 'cluster3106249630_3106249631_J60_J61_#5more': -19141.0}, {'J10': 1, 'J11': 18, 'J12': 16, 'J13': 17, 'cluster3106249630_3106249631_J60_J61_#5more': 42}, {'J10': 2, 'J11': 34, 'J12': 37, 'J13': 19, 'cluster3106249630_3106249631_J60_J61_#5more': 71}, 
350.0, {'J10': -3.5, 'J11': -11280.5, 'J12': -5861.5, 'J13': -2093.0, 'cluster3106249630_3106249631_J60_J61_#5more': -19838.0}, {'J10': 2, 'J11': 18, 'J12': 16, 'J13': 17, 'cluster3106249630_3106249631_J60_J61_#5more': 42}, {'J10': 2, 'J11': 34, 'J12': 41, 'J13': 21, 'cluster3106249630_3106249631_J60_J61_#5more': 70}, 
355.0, {'J10': 0, 'J11': -11620.5, 'J12': -6283.5, 'J13': -2303.0, 'cluster3106249630_3106249631_J60_J61_#5more': -20516.5}, {'J10': 0, 'J11': 18, 'J12': 16, 'J13': 17, 'cluster3106249630_3106249631_J60_J61_#5more': 42}, {'J10': 0, 'J11': 34, 'J12': 45, 'J13': 21, 'cluster3106249630_3106249631_J60_J61_#5more': 69}, 
360.0, {'J10': -0.5, 'J11': -11960.5, 'J12': -6373.0, 'J13': -2523.0, 'cluster3106249630_3106249631_J60_J61_#5more': -20824.0}, {'J10': 1, 'J11': 18, 'J12': 20, 'J13': 18, 'cluster3106249630_3106249631_J60_J61_#5more': 42}, {'J10': 1, 'J11': 34, 'J12': 47, 'J13': 23, 'cluster3106249630_3106249631_J60_J61_#5more': 68}, 
365.0, {'J10': -5.0, 'J11': -12305.5, 'J12': -6577.5, 'J13': -2758.0, 'cluster3106249630_3106249631_J60_J61_#5more': -21506.0}, {'J10': 1, 'J11': 19, 'J12': 20, 'J13': 19, 'cluster3106249630_3106249631_J60_J61_#5more': 42}, {'J10': 2, 'J11': 35, 'J12': 47, 'J13': 24, 'cluster3106249630_3106249631_J60_J61_#5more': 69}, 
370.0, {'J10': -32.0, 'J11': -12656.5, 'J12': -6679.5, 'J13': -3002.5, 'cluster3106249630_3106249631_J60_J61_#5more': -22180.5}, {'J10': 2, 'J11': 19, 'J12': 20, 'J13': 19, 'cluster3106249630_3106249631_J60_J61_#5more': 42}, {'J10': 5, 'J11': 36, 'J12': 43, 'J13': 25, 'cluster3106249630_3106249631_J60_J61_#5more': 70}, 
375.0, {'J10': -54.5, 'J11': -13008.0, 'J12': -5727.0, 'J13': -3256.0, 'cluster3106249630_3106249631_J60_J61_#5more': -22886.0}, {'J10': 4, 'J11': 20, 'J12': 18, 'J13': 21, 'cluster3106249630_3106249631_J60_J61_#5more': 42}, {'J10': 5, 'J11': 36, 'J12': 39, 'J13': 27, 'cluster3106249630_3106249631_J60_J61_#5more': 72}, 
380.0, {'J10': -35.5, 'J11': -13373.0, 'J12': -4919.0, 'J13': -3530.0, 'cluster3106249630_3106249631_J60_J61_#5more': -23514.0}, {'J10': 1, 'J11': 21, 'J12': 16, 'J13': 22, 'cluster3106249630_3106249631_J60_J61_#5more': 42}, {'J10': 2, 'J11': 37, 'J12': 34, 'J13': 28, 'cluster3106249630_3106249631_J60_J61_#5more': 68}, 
385.0, {'J10': -4.0, 'J11': -13743.0, 'J12': -5235.5, 'J13': -3814.0, 'cluster3106249630_3106249631_J60_J61_#5more': -24195.0}, {'J10': 2, 'J11': 21, 'J12': 16, 'J13': 22, 'cluster3106249630_3106249631_J60_J61_#5more': 42}, {'J10': 2, 'J11': 37, 'J12': 36, 'J13': 30, 'cluster3106249630_3106249631_J60_J61_#5more': 69}, 
390.0, {'J10': 0, 'J11': -14113.5, 'J12': -5632.0, 'J13': -4114.0, 'cluster3106249630_3106249631_J60_J61_#5more': -24885.5}, {'J10': 0, 'J11': 22, 'J12': 16, 'J13': 22, 'cluster3106249630_3106249631_J60_J61_#5more': 42}, {'J10': 0, 'J11': 38, 'J12': 42, 'J13': 30, 'cluster3106249630_3106249631_J60_J61_#5more': 72}, 
395.0, {'J10': -4.0, 'J11': -14493.5, 'J12': -6056.0, 'J13': -4414.0, 'cluster3106249630_3106249631_J60_J61_#5more': -25617.0}, {'J10': 1, 'J11': 22, 'J12': 20, 'J13': 22, 'cluster3106249630_3106249631_J60_J61_#5more': 42}, {'J10': 1, 'J11': 38, 'J12': 48, 'J13': 30, 'cluster3106249630_3106249631_J60_J61_#5more': 77}, 
400.0, {'J10': -15.5, 'J11': -14873.5, 'J12': -6538.5, 'J13': -4719.0, 'cluster3106249630_3106249631_J60_J61_#5more': -26244.0}, {'J10': 2, 'J11': 22, 'J12': 20, 'J13': 24, 'cluster3106249630_3106249631_J60_J61_#5more': 42}, {'J10': 2, 'J11': 38, 'J12': 49, 'J13': 32, 'cluster3106249630_3106249631_J60_J61_#5more': 72}, 
405.0, {'J10': -35.5, 'J11': -15253.5, 'J12': -6885.0, 'J13': -4318.5, 'cluster3106249630_3106249631_J60_J61_#5more': -26873.0}, {'J10': 2, 'J11': 22, 'J12': 20, 'J13': 24, 'cluster3106249630_3106249631_J60_J61_#5more': 42}, {'J10': 2, 'J11': 38, 'J12': 47, 'J13': 32, 'cluster3106249630_3106249631_J60_J61_#5more': 68}, 
410.0, {'J10': -55.5, 'J11': -15636.0, 'J12': -7035.5, 'J13': -4017.5, 'cluster3106249630_3106249631_J60_J61_#5more': -27557.5}, {'J10': 2, 'J11': 23, 'J12': 20, 'J13': 22, 'cluster3106249630_3106249631_J60_J61_#5more': 42}, {'J10': 2, 'J11': 39, 'J12': 44, 'J13': 28, 'cluster3106249630_3106249631_J60_J61_#5more': 69}, 
415.0, {'J10': -76.5, 'J11': -16026.0, 'J12': -7289.0, 'J13': -4298.0, 'cluster3106249630_3106249631_J60_J61_#5more': -28254.5}, {'J10': 2, 'J11': 23, 'J12': 20, 'J13': 22, 'cluster3106249630_3106249631_J60_J61_#5more': 42}, {'J10': 3, 'J11': 39, 'J12': 45, 'J13': 29, 'cluster3106249630_3106249631_J60_J61_#5more': 71}, 
420.0, {'J10': -106.5, 'J11': -16416.0, 'J12': -7395.0, 'J13': -4588.0, 'cluster3106249630_3106249631_J60_J61_#5more': -28964.5}, {'J10': 2, 'J11': 23, 'J12': 20, 'J13': 22, 'cluster3106249630_3106249631_J60_J61_#5more': 42}, {'J10': 3, 'J11': 39, 'J12': 45, 'J13': 29, 'cluster3106249630_3106249631_J60_J61_#5more': 71}, 
425.0, {'J10': -141.5, 'J11': -16808.0, 'J12': -7697.5, 'J13': -4881.0, 'cluster3106249630_3106249631_J60_J61_#5more': -29147.5}, {'J10': 2, 'J11': 24, 'J12': 20, 'J13': 23, 'cluster3106249630_3106249631_J60_J61_#5more': 42}, {'J10': 4, 'J11': 40, 'J12': 45, 'J13': 30, 'cluster3106249630_3106249631_J60_J61_#5more': 69}, 
430.0, {'J10': -77.0, 'J11': -17208.0, 'J12': -8136.0, 'J13': -5182.5, 'cluster3106249630_3106249631_J60_J61_#5more': -29841.5}, {'J10': 1, 'J11': 24, 'J12': 20, 'J13': 23, 'cluster3106249630_3106249631_J60_J61_#5more': 42}, {'J10': 3, 'J11': 40, 'J12': 53, 'J13': 31, 'cluster3106249630_3106249631_J60_J61_#5more': 71}, 
435.0, {'J10': -112.0, 'J11': -17611.5, 'J12': -8202.5, 'J13': -5501.0, 'cluster3106249630_3106249631_J60_J61_#5more': -30471.5}, {'J10': 3, 'J11': 25, 'J12': 20, 'J13': 25, 'cluster3106249630_3106249631_J60_J61_#5more': 42}, {'J10': 8, 'J11': 41, 'J12': 49, 'J13': 33, 'cluster3106249630_3106249631_J60_J61_#5more': 71}, 
440.0, {'J10': -186.5, 'J11': -18028.5, 'J12': -8626.0, 'J13': -5834.5, 'cluster3106249630_3106249631_J60_J61_#5more': -31187.5}, {'J10': 4, 'J11': 27, 'J12': 20, 'J13': 26, 'cluster3106249630_3106249631_J60_J61_#5more': 42}, {'J10': 10, 'J11': 43, 'J12': 48, 'J13': 34, 'cluster3106249630_3106249631_J60_J61_#5more': 73}, 
445.0, {'J10': -178.5, 'J11': -18458.5, 'J12': -9038.0, 'J13': -6177.5, 'cluster3106249630_3106249631_J60_J61_#5more': -31758.5}, {'J10': 2, 'J11': 27, 'J12': 20, 'J13': 27, 'cluster3106249630_3106249631_J60_J61_#5more': 42}, {'J10': 4, 'J11': 43, 'J12': 47, 'J13': 35, 'cluster3106249630_3106249631_J60_J61_#5more': 69}, 
450.0, {'J10': -64.5, 'J11': -18888.5, 'J12': -9512.5, 'J13': -6530.0, 'cluster3106249630_3106249631_J60_J61_#5more': -32379.0}, {'J10': 1, 'J11': 27, 'J12': 20, 'J13': 28, 'cluster3106249630_3106249631_J60_J61_#5more': 42}, {'J10': 3, 'J11': 43, 'J12': 48, 'J13': 37, 'cluster3106249630_3106249631_J60_J61_#5more': 69}, 
455.0, {'J10': -83.0, 'J11': -19320.5, 'J12': -9950.0, 'J13': -6900.0, 'cluster3106249630_3106249631_J60_J61_#5more': -33070.0}, {'J10': 2, 'J11': 28, 'J12': 20, 'J13': 28, 'cluster3106249630_3106249631_J60_J61_#5more': 42}, {'J10': 3, 'J11': 44, 'J12': 50, 'J13': 37, 'cluster3106249630_3106249631_J60_J61_#5more': 70}, 
460.0, {'J10': -13.0, 'J11': -19764.0, 'J12': -10343.0, 'J13': -7270.0, 'cluster3106249630_3106249631_J60_J61_#5more': -33613.0}, {'J10': 1, 'J11': 29, 'J12': 20, 'J13': 28, 'cluster3106249630_3106249631_J60_J61_#5more': 42}, {'J10': 2, 'J11': 45, 'J12': 49, 'J13': 37, 'cluster3106249630_3106249631_J60_J61_#5more': 69}, 
465.0, {'J10': -16.5, 'J11': -20214.0, 'J12': -10656.0, 'J13': -7641.0, 'cluster3106249630_3106249631_J60_J61_#5more': -34230.0}, {'J10': 2, 'J11': 29, 'J12': 20, 'J13': 28, 'cluster3106249630_3106249631_J60_J61_#5more': 42}, {'J10': 4, 'J11': 45, 'J12': 47, 'J13': 38, 'cluster3106249630_3106249631_J60_J61_#5more': 67}, 
470.0, {'J10': -32.5, 'J11': -20668.0, 'J12': -11059.5, 'J13': -6865.5, 'cluster3106249630_3106249631_J60_J61_#5more': -34858.5}, {'J10': 2, 'J11': 29, 'J12': 20, 'J13': 26, 'cluster3106249630_3106249631_J60_J61_#5more': 42}, {'J10': 2, 'J11': 46, 'J12': 45, 'J13': 35, 'cluster3106249630_3106249631_J60_J61_#5more': 67}, 
475.0, {'J10': 0, 'J11': -21114.0, 'J12': -11517.5, 'J13': -6498.5, 'cluster3106249630_3106249631_J60_J61_#5more': -35528.5}, {'J10': 0, 'J11': 29, 'J12': 20, 'J13': 25, 'cluster3106249630_3106249631_J60_J61_#5more': 42}, {'J10': 0, 'J11': 45, 'J12': 47, 'J13': 32, 'cluster3106249630_3106249631_J60_J61_#5more': 67}, 
480.0, {'J10': -1.0, 'J11': -21564.0, 'J12': -11794.0, 'J13': -6818.5, 'cluster3106249630_3106249631_J60_J61_#5more': -36199.5}, {'J10': 1, 'J11': 29, 'J12': 20, 'J13': 25, 'cluster3106249630_3106249631_J60_J61_#5more': 42}, {'J10': 1, 'J11': 45, 'J12': 50, 'J13': 32, 'cluster3106249630_3106249631_J60_J61_#5more': 68}, 
485.0, {'J10': -3.0, 'J11': -22014.0, 'J12': -11826.5, 'J13': -7139.5, 'cluster3106249630_3106249631_J60_J61_#5more': -36847.5}, {'J10': 1, 'J11': 29, 'J12': 20, 'J13': 25, 'cluster3106249630_3106249631_J60_J61_#5more': 42}, {'J10': 1, 'J11': 45, 'J12': 45, 'J13': 33, 'cluster3106249630_3106249631_J60_J61_#5more': 67}, 
490.0, {'J10': 0, 'J11': -22465.5, 'J12': -12232.0, 'J13': -7472.5, 'cluster3106249630_3106249631_J60_J61_#5more': -37085.0}, {'J10': 0, 'J11': 30, 'J12': 20, 'J13': 27, 'cluster3106249630_3106249631_J60_J61_#5more': 42}, {'J10': 0, 'J11': 47, 'J12': 45, 'J13': 35, 'cluster3106249630_3106249631_J60_J61_#5more': 64}, 
495.0, {'J10': 0, 'J11': -22925.0, 'J12': -12559.5, 'J13': -7825.0, 'cluster3106249630_3106249631_J60_J61_#5more': -37732.0}, {'J10': 0, 'J11': 30, 'J12': 20, 'J13': 28, 'cluster3106249630_3106249631_J60_J61_#5more': 42}, {'J10': 0, 'J11': 46, 'J12': 49, 'J13': 36, 'cluster3106249630_3106249631_J60_J61_#5more': 66}, 
500.0, {'J10': -4.0, 'J11': -23385.0, 'J12': -12906.0, 'J13': -8185.0, 'cluster3106249630_3106249631_J60_J61_#5more': -38393.5}, {'J10': 1, 'J11': 30, 'J12': 20, 'J13': 28, 'cluster3106249630_3106249631_J60_J61_#5more': 42}, {'J10': 1, 'J11': 46, 'J12': 48, 'J13': 36, 'cluster3106249630_3106249631_J60_J61_#5more': 67}, 
505.0, {'J10': -14.0, 'J11': -23845.5, 'J12': -13049.5, 'J13': -8546.5, 'cluster3106249630_3106249631_J60_J61_#5more': -39016.5}, {'J10': 1, 'J11': 30, 'J12': 20, 'J13': 28, 'cluster3106249630_3106249631_J60_J61_#5more': 42}, {'J10': 1, 'J11': 47, 'J12': 43, 'J13': 37, 'cluster3106249630_3106249631_J60_J61_#5more': 65}, 
510.0, {'J10': -24.0, 'J11': -24323.5, 'J12': -13405.0, 'J13': -8924.0, 'cluster3106249630_3106249631_J60_J61_#5more': -39645.0}, {'J10': 1, 'J11': 32, 'J12': 20, 'J13': 28, 'cluster3106249630_3106249631_J60_J61_#5more': 42}, {'J10': 1, 'J11': 51, 'J12': 41, 'J13': 39, 'cluster3106249630_3106249631_J60_J61_#5more': 64}, 
515.0, {'J10': -34.0, 'J11': -24791.0, 'J12': -13437.0, 'J13': -9314.0, 'cluster3106249630_3106249631_J60_J61_#5more': -40292.0}, {'J10': 1, 'J11': 32, 'J12': 20, 'J13': 28, 'cluster3106249630_3106249631_J60_J61_#5more': 42}, {'J10': 1, 'J11': 48, 'J12': 45, 'J13': 39, 'cluster3106249630_3106249631_J60_J61_#5more': 67}, 
520.0, {'J10': -44.0, 'J11': -25272.5, 'J12': -12994.0, 'J13': -9704.0, 'cluster3106249630_3106249631_J60_J61_#5more': -40962.0}, {'J10': 1, 'J11': 32, 'J12': 20, 'J13': 28, 'cluster3106249630_3106249631_J60_J61_#5more': 42}, {'J10': 1, 'J11': 49, 'J12': 46, 'J13': 39, 'cluster3106249630_3106249631_J60_J61_#5more': 67}, 
525.0, {'J10': -54.0, 'J11': -25751.0, 'J12': -11312.5, 'J13': -10099.0, 'cluster3106249630_3106249631_J60_J61_#5more': -41613.5}, {'J10': 1, 'J11': 32, 'J12': 18, 'J13': 28, 'cluster3106249630_3106249631_J60_J61_#5more': 42}, {'J10': 1, 'J11': 48, 'J12': 40, 'J13': 40, 'cluster3106249630_3106249631_J60_J61_#5more': 67}, 
530.0, {'J10': -66.0, 'J11': -26231.0, 'J12': -11712.5, 'J13': -10500.5, 'cluster3106249630_3106249631_J60_J61_#5more': -42283.5}, {'J10': 1, 'J11': 32, 'J12': 18, 'J13': 28, 'cluster3106249630_3106249631_J60_J61_#5more': 42}, {'J10': 2, 'J11': 48, 'J12': 40, 'J13': 41, 'cluster3106249630_3106249631_J60_J61_#5more': 67}, 
535.0, {'J10': -1.5, 'J11': -26711.0, 'J12': -12118.5, 'J13': -9017.0, 'cluster3106249630_3106249631_J60_J61_#5more': -42953.5}, {'J10': 1, 'J11': 32, 'J12': 18, 'J13': 25, 'cluster3106249630_3106249631_J60_J61_#5more': 42}, {'J10': 2, 'J11': 48, 'J12': 45, 'J13': 36, 'cluster3106249630_3106249631_J60_J61_#5more': 67}, 
540.0, {'J10': -12.0, 'J11': -27191.0, 'J12': -11439.5, 'J13': -8544.5, 'cluster3106249630_3106249631_J60_J61_#5more': -43571.5}, {'J10': 1, 'J11': 32, 'J12': 20, 'J13': 24, 'cluster3106249630_3106249631_J60_J61_#5more': 42}, {'J10': 2, 'J11': 48, 'J12': 46, 'J13': 33, 'cluster3106249630_3106249631_J60_J61_#5more': 66}, 
545.0, {'J10': -22.0, 'J11': -27671.0, 'J12': -10059.0, 'J13': -8874.5, 'cluster3106249630_3106249631_J60_J61_#5more': -44232.0}, {'J10': 1, 'J11': 32, 'J12': 20, 'J13': 24, 'cluster3106249630_3106249631_J60_J61_#5more': 42}, {'J10': 2, 'J11': 48, 'J12': 43, 'J13': 33, 'cluster3106249630_3106249631_J60_J61_#5more': 67}, 
550.0, {'J10': -52.0, 'J11': -28151.0, 'J12': -10216.0, 'J13': -9204.5, 'cluster3106249630_3106249631_J60_J61_#5more': -44905.0}, {'J10': 3, 'J11': 32, 'J12': 20, 'J13': 24, 'cluster3106249630_3106249631_J60_J61_#5more': 42}, {'J10': 7, 'J11': 48, 'J12': 43, 'J13': 33, 'cluster3106249630_3106249631_J60_J61_#5more': 68}, 
555.0, {'J10': -128.0, 'J11': -28631.0, 'J12': -10085.0, 'J13': -9538.5, 'cluster3106249630_3106249631_J60_J61_#5more': -45585.0}, {'J10': 4, 'J11': 32, 'J12': 20, 'J13': 24, 'cluster3106249630_3106249631_J60_J61_#5more': 42}, {'J10': 9, 'J11': 48, 'J12': 42, 'J13': 35, 'cluster3106249630_3106249631_J60_J61_#5more': 68}, 
560.0, {'J10': -228.0, 'J11': -29111.0, 'J12': -10243.0, 'J13': -9899.5, 'cluster3106249630_3106249631_J60_J61_#5more': -46265.0}, {'J10': 5, 'J11': 32, 'J12': 21, 'J13': 28, 'cluster3106249630_3106249631_J60_J61_#5more': 42}, {'J10': 11, 'J11': 48, 'J12': 41, 'J13': 39, 'cluster3106249630_3106249631_J60_J61_#5more': 68}, 
565.0, {'J10': -140.5, 'J11': -29591.0, 'J12': -9844.0, 'J13': -10289.5, 'cluster3106249630_3106249631_J60_J61_#5more': -46945.0}, {'J10': 3, 'J11': 32, 'J12': 21, 'J13': 28, 'cluster3106249630_3106249631_J60_J61_#5more': 42}, {'J10': 6, 'J11': 48, 'J12': 40, 'J13': 39, 'cluster3106249630_3106249631_J60_J61_#5more': 68}, 
570.0, {'J10': -109.5, 'J11': -30071.0, 'J12': -8568.0, 'J13': -10679.5, 'cluster3106249630_3106249631_J60_J61_#5more': -47626.5}, {'J10': 2, 'J11': 32, 'J12': 19, 'J13': 28, 'cluster3106249630_3106249631_J60_J61_#5more': 42}, {'J10': 3, 'J11': 48, 'J12': 43, 'J13': 39, 'cluster3106249630_3106249631_J60_J61_#5more': 69}, 
575.0, {'J10': -51.5, 'J11': -30551.0, 'J12': -8771.5, 'J13': -11069.5, 'cluster3106249630_3106249631_J60_J61_#5more': -48319.5}, {'J10': 1, 'J11': 32, 'J12': 19, 'J13': 28, 'cluster3106249630_3106249631_J60_J61_#5more': 42}, {'J10': 1, 'J11': 48, 'J12': 42, 'J13': 39, 'cluster3106249630_3106249631_J60_J61_#5more': 70}, 
580.0, {'J10': -0.5, 'J11': -31031.0, 'J12': -9048.5, 'J13': -11459.5, 'cluster3106249630_3106249631_J60_J61_#5more': -49019.5}, {'J10': 1, 'J11': 32, 'J12': 19, 'J13': 28, 'cluster3106249630_3106249631_J60_J61_#5more': 42}, {'J10': 1, 'J11': 48, 'J12': 45, 'J13': 39, 'cluster3106249630_3106249631_J60_J61_#5more': 70}, 
585.0, {'J10': -11.5, 'J11': -31511.0, 'J12': -7849.5, 'J13': -11849.5, 'cluster3106249630_3106249631_J60_J61_#5more': -49725.5}, {'J10': 1, 'J11': 32, 'J12': 18, 'J13': 28, 'cluster3106249630_3106249631_J60_J61_#5more': 42}, {'J10': 2, 'J11': 48, 'J12': 42, 'J13': 39, 'cluster3106249630_3106249631_J60_J61_#5more': 72}, 
590.0, {'J10': -1.0, 'J11': -31991.0, 'J12': -6762.5, 'J13': -12239.5, 'cluster3106249630_3106249631_J60_J61_#5more': -50445.5}, {'J10': 1, 'J11': 32, 'J12': 16, 'J13': 28, 'cluster3106249630_3106249631_J60_J61_#5more': 42}, {'J10': 1, 'J11': 48, 'J12': 40, 'J13': 39, 'cluster3106249630_3106249631_J60_J61_#5more': 72}, 
595.0, {'J10': -16.5, 'J11': -32471.0, 'J12': -6841.0, 'J13': -12629.5, 'cluster3106249630_3106249631_J60_J61_#5more': -51165.5}, {'J10': 2, 'J11': 32, 'J12': 16, 'J13': 28, 'cluster3106249630_3106249631_J60_J61_#5more': 42}, {'J10': 3, 'J11': 48, 'J12': 38, 'J13': 39, 'cluster3106249630_3106249631_J60_J61_#5more': 72}, 
600.0, {'J10': -17.0, 'J11': -32951.0, 'J12': -7093.0, 'J13': -10881.0, 'cluster3106249630_3106249631_J60_J61_#5more': -51887.5}, {'J10': 1, 'J11': 32, 'J12': 16, 'J13': 25, 'cluster3106249630_3106249631_J60_J61_#5more': 42}, {'J10': 2, 'J11': 48, 'J12': 38, 'J13': 35, 'cluster3106249630_3106249631_J60_J61_#5more': 73}, 
605.0, {'J10': -1.5, 'J11': -33431.0, 'J12': -7413.0, 'J13': -10668.5, 'cluster3106249630_3106249631_J60_J61_#5more': -52617.5}, {'J10': 1, 'J11': 32, 'J12': 18, 'J13': 24, 'cluster3106249630_3106249631_J60_J61_#5more': 42}, {'J10': 1, 'J11': 48, 'J12': 43, 'J13': 36, 'cluster3106249630_3106249631_J60_J61_#5more': 73}, 
610.0, {'J10': 0, 'J11': -33911.0, 'J12': -7716.0, 'J13': -11028.5, 'cluster3106249630_3106249631_J60_J61_#5more': -53347.5}, {'J10': 0, 'J11': 32, 'J12': 20, 'J13': 24, 'cluster3106249630_3106249631_J60_J61_#5more': 42}, {'J10': 0, 'J11': 48, 'J12': 46, 'J13': 36, 'cluster3106249630_3106249631_J60_J61_#5more': 73}, 
615.0, {'J10': 0, 'J11': -34391.0, 'J12': -6573.5, 'J13': -11388.5, 'cluster3106249630_3106249631_J60_J61_#5more': -54077.5}, {'J10': 0, 'J11': 32, 'J12': 18, 'J13': 24, 'cluster3106249630_3106249631_J60_J61_#5more': 42}, {'J10': 0, 'J11': 48, 'J12': 42, 'J13': 36, 'cluster3106249630_3106249631_J60_J61_#5more': 73}, 
620.0, {'J10': 0, 'J11': -34871.0, 'J12': -6994.0, 'J13': -11749.5, 'cluster3106249630_3106249631_J60_J61_#5more': -54494.5}, {'J10': 0, 'J11': 32, 'J12': 18, 'J13': 25, 'cluster3106249630_3106249631_J60_J61_#5more': 42}, {'J10': 0, 'J11': 48, 'J12': 43, 'J13': 37, 'cluster3106249630_3106249631_J60_J61_#5more': 71}, 
625.0, {'J10': 0, 'J11': -35351.0, 'J12': -7390.0, 'J13': -12129.0, 'cluster3106249630_3106249631_J60_J61_#5more': -55207.5}, {'J10': 0, 'J11': 32, 'J12': 18, 'J13': 28, 'cluster3106249630_3106249631_J60_J61_#5more': 42}, {'J10': 0, 'J11': 48, 'J12': 45, 'J13': 40, 'cluster3106249630_3106249631_J60_J61_#5more': 73}, 
630.0, {'J10': 0, 'J11': -35831.0, 'J12': -7618.5, 'J13': -12529.0, 'cluster3106249630_3106249631_J60_J61_#5more': -55722.5}, {'J10': 0, 'J11': 32, 'J12': 19, 'J13': 28, 'cluster3106249630_3106249631_J60_J61_#5more': 42}, {'J10': 0, 'J11': 48, 'J12': 46, 'J13': 40, 'cluster3106249630_3106249631_J60_J61_#5more': 72}, 
635.0, {'J10': 0, 'J11': -36311.0, 'J12': -7978.5, 'J13': -12929.0, 'cluster3106249630_3106249631_J60_J61_#5more': -56046.0}, {'J10': 0, 'J11': 32, 'J12': 21, 'J13': 28, 'cluster3106249630_3106249631_J60_J61_#5more': 42}, {'J10': 0, 'J11': 48, 'J12': 48, 'J13': 40, 'cluster3106249630_3106249631_J60_J61_#5more': 68}, 
640.0, {'J10': 0, 'J11': -36793.0, 'J12': -8470.5, 'J13': -13329.0, 'cluster3106249630_3106249631_J60_J61_#5more': -56727.5}, {'J10': 0, 'J11': 32, 'J12': 21, 'J13': 28, 'cluster3106249630_3106249631_J60_J61_#5more': 42}, {'J10': 0, 'J11': 49, 'J12': 55, 'J13': 40, 'cluster3106249630_3106249631_J60_J61_#5more': 69}, 
645.0, {'J10': 0, 'J11': -37290.0, 'J12': -9033.5, 'J13': -13729.0, 'cluster3106249630_3106249631_J60_J61_#5more': -57421.0}, {'J10': 0, 'J11': 32, 'J12': 21, 'J13': 28, 'cluster3106249630_3106249631_J60_J61_#5more': 42}, {'J10': 0, 'J11': 51, 'J12': 59, 'J13': 40, 'cluster3106249630_3106249631_J60_J61_#5more': 71}, 
650.0, {'J10': 0, 'J11': -37778.0, 'J12': -9494.0, 'J13': -14129.0, 'cluster3106249630_3106249631_J60_J61_#5more': -58139.0}, {'J10': 0, 'J11': 32, 'J12': 21, 'J13': 28, 'cluster3106249630_3106249631_J60_J61_#5more': 42}, {'J10': 0, 'J11': 50, 'J12': 58, 'J13': 40, 'cluster3106249630_3106249631_J60_J61_#5more': 73}, 
655.0, {'J10': 0, 'J11': -38231.0, 'J12': -9600.0, 'J13': -14529.0, 'cluster3106249630_3106249631_J60_J61_#5more': -58869.0}, {'J10': 0, 'J11': 32, 'J12': 21, 'J13': 28, 'cluster3106249630_3106249631_J60_J61_#5more': 42}, {'J10': 0, 'J11': 48, 'J12': 51, 'J13': 40, 'cluster3106249630_3106249631_J60_J61_#5more': 73}, 
660.0, {'J10': 0, 'J11': -38711.0, 'J12': -9570.0, 'J13': -14929.0, 'cluster3106249630_3106249631_J60_J61_#5more': -59599.0}, {'J10': 0, 'J11': 32, 'J12': 21, 'J13': 28, 'cluster3106249630_3106249631_J60_J61_#5more': 42}, {'J10': 0, 'J11': 48, 'J12': 47, 'J13': 40, 'cluster3106249630_3106249631_J60_J61_#5more': 73}, 
665.0, {'J10': 0, 'J11': -39191.0, 'J12': -10049.0, 'J13': -12219.5, 'cluster3106249630_3106249631_J60_J61_#5more': -60329.0}, {'J10': 0, 'J11': 32, 'J12': 21, 'J13': 24, 'cluster3106249630_3106249631_J60_J61_#5more': 42}, {'J10': 0, 'J11': 48, 'J12': 52, 'J13': 34, 'cluster3106249630_3106249631_J60_J61_#5more': 73}, 
670.0, {'J10': -4.5, 'J11': -39671.0, 'J12': -10435.5, 'J13': -12148.5, 'cluster3106249630_3106249631_J60_J61_#5more': -61059.0}, {'J10': 2, 'J11': 32, 'J12': 21, 'J13': 24, 'cluster3106249630_3106249631_J60_J61_#5more': 42}, {'J10': 2, 'J11': 48, 'J12': 55, 'J13': 33, 'cluster3106249630_3106249631_J60_J61_#5more': 73}, 
675.0, {'J10': 0, 'J11': -40151.0, 'J12': -10781.5, 'J13': -12478.5, 'cluster3106249630_3106249631_J60_J61_#5more': -61789.0}, {'J10': 0, 'J11': 32, 'J12': 21, 'J13': 24, 'cluster3106249630_3106249631_J60_J61_#5more': 42}, {'J10': 0, 'J11': 48, 'J12': 53, 'J13': 33, 'cluster3106249630_3106249631_J60_J61_#5more': 73}, 
680.0, {'J10': 0, 'J11': -40631.0, 'J12': -11138.0, 'J13': -12808.5, 'cluster3106249630_3106249631_J60_J61_#5more': -62519.0}, {'J10': 0, 'J11': 32, 'J12': 21, 'J13': 24, 'cluster3106249630_3106249631_J60_J61_#5more': 42}, {'J10': 0, 'J11': 48, 'J12': 50, 'J13': 33, 'cluster3106249630_3106249631_J60_J61_#5more': 73}, 
685.0, {'J10': 0, 'J11': -41111.0, 'J12': -11381.0, 'J13': -13143.0, 'cluster3106249630_3106249631_J60_J61_#5more': -63027.0}, {'J10': 0, 'J11': 32, 'J12': 21, 'J13': 25, 'cluster3106249630_3106249631_J60_J61_#5more': 42}, {'J10': 0, 'J11': 48, 'J12': 45, 'J13': 36, 'cluster3106249630_3106249631_J60_J61_#5more': 73}, 
690.0, {'J10': 0, 'J11': -41591.0, 'J12': -11788.5, 'J13': -13513.5, 'cluster3106249630_3106249631_J60_J61_#5more': -63759.5}, {'J10': 0, 'J11': 32, 'J12': 21, 'J13': 28, 'cluster3106249630_3106249631_J60_J61_#5more': 42}, {'J10': 0, 'J11': 48, 'J12': 45, 'J13': 39, 'cluster3106249630_3106249631_J60_J61_#5more': 74}, 
695.0, {'J10': 0, 'J11': -42071.0, 'J12': -12249.5, 'J13': -13903.5, 'cluster3106249630_3106249631_J60_J61_#5more': -64397.5}, {'J10': 0, 'J11': 32, 'J12': 21, 'J13': 28, 'cluster3106249630_3106249631_J60_J61_#5more': 42}, {'J10': 0, 'J11': 48, 'J12': 49, 'J13': 39, 'cluster3106249630_3106249631_J60_J61_#5more': 74}, 
700.0, {'J10': -2.5, 'J11': -42551.0, 'J12': -12705.0, 'J13': -14293.5, 'cluster3106249630_3106249631_J60_J61_#5more': -65138.5}, {'J10': 1, 'J11': 32, 'J12': 21, 'J13': 28, 'cluster3106249630_3106249631_J60_J61_#5more': 42}, {'J10': 1, 'J11': 48, 'J12': 51, 'J13': 39, 'cluster3106249630_3106249631_J60_J61_#5more': 75}, 
705.0, {'J10': 0, 'J11': -43031.5, 'J12': -13068.5, 'J13': -14683.5, 'cluster3106249630_3106249631_J60_J61_#5more': -65892.5}, {'J10': 0, 'J11': 32, 'J12': 21, 'J13': 28, 'cluster3106249630_3106249631_J60_J61_#5more': 42}, {'J10': 0, 'J11': 49, 'J12': 48, 'J13': 39, 'cluster3106249630_3106249631_J60_J61_#5more': 77}, 
710.0, {'J10': -6.5, 'J11': -43511.0, 'J12': -13530.0, 'J13': -15073.5, 'cluster3106249630_3106249631_J60_J61_#5more': -66666.5}, {'J10': 2, 'J11': 32, 'J12': 21, 'J13': 28, 'cluster3106249630_3106249631_J60_J61_#5more': 42}, {'J10': 3, 'J11': 48, 'J12': 49, 'J13': 39, 'cluster3106249630_3106249631_J60_J61_#5more': 78}, 
715.0, {'J10': -16.0, 'J11': -43991.0, 'J12': -14016.5, 'J13': -15463.5, 'cluster3106249630_3106249631_J60_J61_#5more': -67308.5}, {'J10': 2, 'J11': 32, 'J12': 21, 'J13': 28, 'cluster3106249630_3106249631_J60_J61_#5more': 42}, {'J10': 2, 'J11': 48, 'J12': 51, 'J13': 39, 'cluster3106249630_3106249631_J60_J61_#5more': 78}, 
720.0, {'J10': -13.0, 'J11': -44471.0, 'J12': -13765.0, 'J13': -15853.5, 'cluster3106249630_3106249631_J60_J61_#5more': -67963.0}, {'J10': 1, 'J11': 32, 'J12': 21, 'J13': 28, 'cluster3106249630_3106249631_J60_J61_#5more': 42}, {'J10': 1, 'J11': 48, 'J12': 47, 'J13': 39, 'cluster3106249630_3106249631_J60_J61_#5more': 79}, 
725.0, {'J10': -2.5, 'J11': -44951.0, 'J12': -14213.5, 'J13': -16243.5, 'cluster3106249630_3106249631_J60_J61_#5more': -68267.5}, {'J10': 1, 'J11': 32, 'J12': 21, 'J13': 28, 'cluster3106249630_3106249631_J60_J61_#5more': 42}, {'J10': 1, 'J11': 48, 'J12': 48, 'J13': 39, 'cluster3106249630_3106249631_J60_J61_#5more': 73}, 
730.0, {'J10': -3.0, 'J11': -45431.0, 'J12': -14697.0, 'J13': -13983.0, 'cluster3106249630_3106249631_J60_J61_#5more': -68834.5}, {'J10': 1, 'J11': 32, 'J12': 21, 'J13': 25, 'cluster3106249630_3106249631_J60_J61_#5more': 42}, {'J10': 1, 'J11': 48, 'J12': 49, 'J13': 35, 'cluster3106249630_3106249631_J60_J61_#5more': 68}, 
735.0, {'J10': 0, 'J11': -45911.0, 'J12': -15218.5, 'J13': -13659.5, 'cluster3106249630_3106249631_J60_J61_#5more': -69517.5}, {'J10': 0, 'J11': 32, 'J12': 21, 'J13': 24, 'cluster3106249630_3106249631_J60_J61_#5more': 42}, {'J10': 0, 'J11': 48, 'J12': 57, 'J13': 34, 'cluster3106249630_3106249631_J60_J61_#5more': 70}, 
740.0, {'J10': -2.0, 'J11': -46391.0, 'J12': -15792.5, 'J13': -13999.5, 'cluster3106249630_3106249631_J60_J61_#5more': -70225.0}, {'J10': 1, 'J11': 32, 'J12': 21, 'J13': 24, 'cluster3106249630_3106249631_J60_J61_#5more': 42}, {'J10': 1, 'J11': 48, 'J12': 58, 'J13': 34, 'cluster3106249630_3106249631_J60_J61_#5more': 72}, 
745.0, {'J10': -5.0, 'J11': -46871.0, 'J12': -16377.0, 'J13': -14339.5, 'cluster3106249630_3106249631_J60_J61_#5more': -70945.0}, {'J10': 1, 'J11': 32, 'J12': 21, 'J13': 24, 'cluster3106249630_3106249631_J60_J61_#5more': 42}, {'J10': 1, 'J11': 48, 'J12': 60, 'J13': 34, 'cluster3106249630_3106249631_J60_J61_#5more': 72}, 
750.0, {'J10': -1.5, 'J11': -47351.0, 'J12': -16550.5, 'J13': -14685.0, 'cluster3106249630_3106249631_J60_J61_#5more': -71331.5}, {'J10': 1, 'J11': 32, 'J12': 21, 'J13': 24, 'cluster3106249630_3106249631_J60_J61_#5more': 42}, {'J10': 1, 'J11': 48, 'J12': 59, 'J13': 36, 'cluster3106249630_3106249631_J60_J61_#5more': 72}, 
755.0, {'J10': -14.5, 'J11': -47831.0, 'J12': -16928.0, 'J13': -15059.5, 'cluster3106249630_3106249631_J60_J61_#5more': -71711.0}, {'J10': 2, 'J11': 32, 'J12': 21, 'J13': 28, 'cluster3106249630_3106249631_J60_J61_#5more': 42}, {'J10': 2, 'J11': 48, 'J12': 56, 'J13': 40, 'cluster3106249630_3106249631_J60_J61_#5more': 72}, 
760.0, {'J10': 0, 'J11': -48311.0, 'J12': -17380.0, 'J13': -15459.5, 'cluster3106249630_3106249631_J60_J61_#5more': -72434.0}, {'J10': 0, 'J11': 32, 'J12': 21, 'J13': 28, 'cluster3106249630_3106249631_J60_J61_#5more': 42}, {'J10': 0, 'J11': 48, 'J12': 55, 'J13': 40, 'cluster3106249630_3106249631_J60_J61_#5more': 73}, 
765.0, {'J10': -1.5, 'J11': -48791.0, 'J12': -17933.0, 'J13': -15859.5, 'cluster3106249630_3106249631_J60_J61_#5more': -73054.0}, {'J10': 1, 'J11': 32, 'J12': 21, 'J13': 28, 'cluster3106249630_3106249631_J60_J61_#5more': 42}, {'J10': 1, 'J11': 48, 'J12': 57, 'J13': 40, 'cluster3106249630_3106249631_J60_J61_#5more': 71}, 
770.0, {'J10': -0.5, 'J11': -49271.0, 'J12': -18508.0, 'J13': -16259.5, 'cluster3106249630_3106249631_J60_J61_#5more': -73656.0}, {'J10': 1, 'J11': 32, 'J12': 21, 'J13': 28, 'cluster3106249630_3106249631_J60_J61_#5more': 42}, {'J10': 1, 'J11': 48, 'J12': 58, 'J13': 40, 'cluster3106249630_3106249631_J60_J61_#5more': 68}, 
775.0, {'J10': 0, 'J11': -49751.0, 'J12': -19092.0, 'J13': -16659.5, 'cluster3106249630_3106249631_J60_J61_#5more': -74339.0}, {'J10': 0, 'J11': 32, 'J12': 21, 'J13': 28, 'cluster3106249630_3106249631_J60_J61_#5more': 42}, {'J10': 0, 'J11': 48, 'J12': 59, 'J13': 40, 'cluster3106249630_3106249631_J60_J61_#5more': 69}, 
780.0, {'J10': -4.5, 'J11': -50231.0, 'J12': -19683.5, 'J13': -17059.5, 'cluster3106249630_3106249631_J60_J61_#5more': -74944.5}, {'J10': 1, 'J11': 32, 'J12': 21, 'J13': 28, 'cluster3106249630_3106249631_J60_J61_#5more': 42}, {'J10': 1, 'J11': 48, 'J12': 61, 'J13': 40, 'cluster3106249630_3106249631_J60_J61_#5more': 68}, 
785.0, {'J10': -18.5, 'J11': -50711.0, 'J12': -19790.0, 'J13': -17459.5, 'cluster3106249630_3106249631_J60_J61_#5more': -75626.0}, {'J10': 1, 'J11': 32, 'J12': 21, 'J13': 28, 'cluster3106249630_3106249631_J60_J61_#5more': 42}, {'J10': 2, 'J11': 48, 'J12': 56, 'J13': 40, 'cluster3106249630_3106249631_J60_J61_#5more': 70}, 
790.0, {'J10': -1.5, 'J11': -51191.0, 'J12': -19983.0, 'J13': -17859.5, 'cluster3106249630_3106249631_J60_J61_#5more': -76326.0}, {'J10': 1, 'J11': 32, 'J12': 21, 'J13': 28, 'cluster3106249630_3106249631_J60_J61_#5more': 42}, {'J10': 1, 'J11': 48, 'J12': 53, 'J13': 40, 'cluster3106249630_3106249631_J60_J61_#5more': 70}, 
795.0, {'J10': -0.5, 'J11': -51680.0, 'J12': -20275.5, 'J13': -16013.0, 'cluster3106249630_3106249631_J60_J61_#5more': -77026.0}, {'J10': 1, 'J11': 32, 'J12': 21, 'J13': 26, 'cluster3106249630_3106249631_J60_J61_#5more': 42}, {'J10': 1, 'J11': 50, 'J12': 54, 'J13': 36, 'cluster3106249630_3106249631_J60_J61_#5more': 70}, 
800.0, {'J10': 0, 'J11': -52165.5, 'J12': -20714.0, 'J13': -15788.0, 'cluster3106249630_3106249631_J60_J61_#5more': -77726.0}, {'J10': 0, 'J11': 32, 'J12': 21, 'J13': 26, 'cluster3106249630_3106249631_J60_J61_#5more': 42}, {'J10': 0, 'J11': 49, 'J12': 56, 'J13': 35, 'cluster3106249630_3106249631_J60_J61_#5more': 70}, 
805.0, {'J10': -4.0, 'J11': -52657.5, 'J12': -20968.0, 'J13': -16138.0, 'cluster3106249630_3106249631_J60_J61_#5more': -78426.0}, {'J10': 1, 'J11': 32, 'J12': 21, 'J13': 26, 'cluster3106249630_3106249631_J60_J61_#5more': 42}, {'J10': 1, 'J11': 50, 'J12': 53, 'J13': 35, 'cluster3106249630_3106249631_J60_J61_#5more': 70}, 
810.0, {'J10': -3.0, 'J11': -53111.0, 'J12': -21427.0, 'J13': -16488.0, 'cluster3106249630_3106249631_J60_J61_#5more': -79126.0}, {'J10': 2, 'J11': 32, 'J12': 21, 'J13': 26, 'cluster3106249630_3106249631_J60_J61_#5more': 42}, {'J10': 2, 'J11': 48, 'J12': 52, 'J13': 35, 'cluster3106249630_3106249631_J60_J61_#5more': 70}, 
815.0, {'J10': 0, 'J11': -53591.0, 'J12': -21713.0, 'J13': -16842.5, 'cluster3106249630_3106249631_J60_J61_#5more': -79397.0}, {'J10': 0, 'J11': 32, 'J12': 21, 'J13': 26, 'cluster3106249630_3106249631_J60_J61_#5more': 42}, {'J10': 0, 'J11': 48, 'J12': 50, 'J13': 37, 'cluster3106249630_3106249631_J60_J61_#5more': 70}, 
820.0, {'J10': -3.0, 'J11': -54071.0, 'J12': -22215.0, 'J13': -17223.5, 'cluster3106249630_3106249631_J60_J61_#5more': -80099.0}, {'J10': 1, 'J11': 32, 'J12': 21, 'J13': 28, 'cluster3106249630_3106249631_J60_J61_#5more': 42}, {'J10': 1, 'J11': 48, 'J12': 51, 'J13': 40, 'cluster3106249630_3106249631_J60_J61_#5more': 71}, 
825.0, {'J10': -1.0, 'J11': -54551.0, 'J12': -22696.5, 'J13': -17630.0, 'cluster3106249630_3106249631_J60_J61_#5more': -80499.0}, {'J10': 1, 'J11': 32, 'J12': 21, 'J13': 28, 'cluster3106249630_3106249631_J60_J61_#5more': 42}, {'J10': 1, 'J11': 48, 'J12': 51, 'J13': 42, 'cluster3106249630_3106249631_J60_J61_#5more': 68}, 
830.0, {'J10': -2.5, 'J11': -55031.0, 'J12': -20516.0, 'J13': -18050.0, 'cluster3106249630_3106249631_J60_J61_#5more': -81077.5}, {'J10': 1, 'J11': 32, 'J12': 19, 'J13': 28, 'cluster3106249630_3106249631_J60_J61_#5more': 42}, {'J10': 1, 'J11': 48, 'J12': 49, 'J13': 42, 'cluster3106249630_3106249631_J60_J61_#5more': 66}, 
835.0, {'J10': -1.0, 'J11': -55511.0, 'J12': -18314.0, 'J13': -18470.0, 'cluster3106249630_3106249631_J60_J61_#5more': -81636.5}, {'J10': 1, 'J11': 32, 'J12': 18, 'J13': 28, 'cluster3106249630_3106249631_J60_J61_#5more': 42}, {'J10': 1, 'J11': 48, 'J12': 45, 'J13': 42, 'cluster3106249630_3106249631_J60_J61_#5more': 65}, 
840.0, {'J10': -19.0, 'J11': -55991.0, 'J12': -18780.5, 'J13': -18890.0, 'cluster3106249630_3106249631_J60_J61_#5more': -82295.5}, {'J10': 2, 'J11': 32, 'J12': 18, 'J13': 28, 'cluster3106249630_3106249631_J60_J61_#5more': 42}, {'J10': 4, 'J11': 48, 'J12': 51, 'J13': 42, 'cluster3106249630_3106249631_J60_J61_#5more': 68}, 
845.0, {'J10': -73.0, 'J11': -56471.0, 'J12': -19125.0, 'J13': -19310.0, 'cluster3106249630_3106249631_J60_J61_#5more': -82979.5}, {'J10': 4, 'J11': 32, 'J12': 18, 'J13': 28, 'cluster3106249630_3106249631_J60_J61_#5more': 42}, {'J10': 8, 'J11': 48, 'J12': 50, 'J13': 42, 'cluster3106249630_3106249631_J60_J61_#5more': 69}, 
850.0, {'J10': -130.5, 'J11': -56951.0, 'J12': -16341.5, 'J13': -19730.0, 'cluster3106249630_3106249631_J60_J61_#5more': -83679.0}, {'J10': 4, 'J11': 32, 'J12': 19, 'J13': 28, 'cluster3106249630_3106249631_J60_J61_#5more': 42}, {'J10': 7, 'J11': 48, 'J12': 49, 'J13': 42, 'cluster3106249630_3106249631_J60_J61_#5more': 72}, 
855.0, {'J10': -81.0, 'J11': -57431.0, 'J12': -16832.0, 'J13': -20150.0, 'cluster3106249630_3106249631_J60_J61_#5more': -84405.0}, {'J10': 2, 'J11': 32, 'J12': 19, 'J13': 28, 'cluster3106249630_3106249631_J60_J61_#5more': 42}, {'J10': 4, 'J11': 48, 'J12': 50, 'J13': 42, 'cluster3106249630_3106249631_J60_J61_#5more': 74}, 
860.0, {'J10': -49.0, 'J11': -57911.0, 'J12': -17335.0, 'J13': -17186.0, 'cluster3106249630_3106249631_J60_J61_#5more': -85109.0}, {'J10': 2, 'J11': 32, 'J12': 19, 'J13': 25, 'cluster3106249630_3106249631_J60_J61_#5more': 42}, {'J10': 4, 'J11': 48, 'J12': 52, 'J13': 38, 'cluster3106249630_3106249631_J60_J61_#5more': 76}, 
865.0, {'J10': 0, 'J11': -58391.0, 'J12': -16673.5, 'J13': -16881.0, 'cluster3106249630_3106249631_J60_J61_#5more': -85684.5}, {'J10': 0, 'J11': 32, 'J12': 21, 'J13': 25, 'cluster3106249630_3106249631_J60_J61_#5more': 42}, {'J10': 0, 'J11': 48, 'J12': 53, 'J13': 37, 'cluster3106249630_3106249631_J60_J61_#5more': 71}, 
870.0, {'J10': -0.5, 'J11': -58871.0, 'J12': -15803.5, 'J13': -17251.0, 'cluster3106249630_3106249631_J60_J61_#5more': -86370.5}, {'J10': 1, 'J11': 32, 'J12': 21, 'J13': 25, 'cluster3106249630_3106249631_J60_J61_#5more': 42}, {'J10': 1, 'J11': 48, 'J12': 51, 'J13': 37, 'cluster3106249630_3106249631_J60_J61_#5more': 70}, 
875.0, {'J10': -4.0, 'J11': -59351.0, 'J12': -13642.0, 'J13': -17621.0, 'cluster3106249630_3106249631_J60_J61_#5more': -87078.0}, {'J10': 1, 'J11': 32, 'J12': 19, 'J13': 25, 'cluster3106249630_3106249631_J60_J61_#5more': 42}, {'J10': 2, 'J11': 48, 'J12': 46, 'J13': 37, 'cluster3106249630_3106249631_J60_J61_#5more': 73}, 
880.0, {'J10': 0, 'J11': -59831.0, 'J12': -10002.0, 'J13': -17997.5, 'cluster3106249630_3106249631_J60_J61_#5more': -87285.5}, {'J10': 0, 'J11': 32, 'J12': 15, 'J13': 27, 'cluster3106249630_3106249631_J60_J61_#5more': 42}, {'J10': 0, 'J11': 48, 'J12': 38, 'J13': 41, 'cluster3106249630_3106249631_J60_J61_#5more': 72}, 
885.0, {'J10': -5.0, 'J11': -60311.0, 'J12': -8904.5, 'J13': -18411.5, 'cluster3106249630_3106249631_J60_J61_#5more': -87923.5}, {'J10': 1, 'J11': 32, 'J12': 13, 'J13': 28, 'cluster3106249630_3106249631_J60_J61_#5more': 42}, {'J10': 1, 'J11': 48, 'J12': 38, 'J13': 42, 'cluster3106249630_3106249631_J60_J61_#5more': 72}, 
890.0, {'J10': -1.0, 'J11': -60791.0, 'J12': -9175.5, 'J13': -18831.5, 'cluster3106249630_3106249631_J60_J61_#5more': -88581.5}, {'J10': 1, 'J11': 32, 'J12': 13, 'J13': 28, 'cluster3106249630_3106249631_J60_J61_#5more': 42}, {'J10': 1, 'J11': 48, 'J12': 44, 'J13': 42, 'cluster3106249630_3106249631_J60_J61_#5more': 72}, 
895.0, {'J10': -2.0, 'J11': -61271.0, 'J12': -9521.5, 'J13': -19251.5, 'cluster3106249630_3106249631_J60_J61_#5more': -89192.5}, {'J10': 1, 'J11': 32, 'J12': 16, 'J13': 28, 'cluster3106249630_3106249631_J60_J61_#5more': 42}, {'J10': 1, 'J11': 48, 'J12': 47, 'J13': 42, 'cluster3106249630_3106249631_J60_J61_#5more': 68}, 
900.0, {'J10': 0, 'J11': -61751.0, 'J12': -9877.0, 'J13': -19671.5, 'cluster3106249630_3106249631_J60_J61_#5more': -89851.5}, {'J10': 0, 'J11': 32, 'J12': 20, 'J13': 28, 'cluster3106249630_3106249631_J60_J61_#5more': 42}, {'J10': 0, 'J11': 48, 'J12': 52, 'J13': 42, 'cluster3106249630_3106249631_J60_J61_#5more': 67}, 
905.0, {'J10': -1.0, 'J11': -62231.0, 'J12': -10369.5, 'J13': -20091.5, 'cluster3106249630_3106249631_J60_J61_#5more': -90521.5}, {'J10': 1, 'J11': 32, 'J12': 20, 'J13': 28, 'cluster3106249630_3106249631_J60_J61_#5more': 42}, {'J10': 1, 'J11': 48, 'J12': 52, 'J13': 42, 'cluster3106249630_3106249631_J60_J61_#5more': 67}, 
910.0, {'J10': 0, 'J11': -62711.0, 'J12': -10644.5, 'J13': -20511.5, 'cluster3106249630_3106249631_J60_J61_#5more': -91191.5}, {'J10': 0, 'J11': 32, 'J12': 20, 'J13': 28, 'cluster3106249630_3106249631_J60_J61_#5more': 42}, {'J10': 0, 'J11': 48, 'J12': 52, 'J13': 42, 'cluster3106249630_3106249631_J60_J61_#5more': 67}, 
915.0, {'J10': 0, 'J11': -63191.0, 'J12': -11060.0, 'J13': -20931.5, 'cluster3106249630_3106249631_J60_J61_#5more': -91872.5}, {'J10': 0, 'J11': 32, 'J12': 20, 'J13': 28, 'cluster3106249630_3106249631_J60_J61_#5more': 42}, {'J10': 0, 'J11': 48, 'J12': 51, 'J13': 42, 'cluster3106249630_3106249631_J60_J61_#5more': 71}, 
920.0, {'J10': -3.5, 'J11': -63671.0, 'J12': -11334.0, 'J13': -21351.5, 'cluster3106249630_3106249631_J60_J61_#5more': -92582.5}, {'J10': 1, 'J11': 32, 'J12': 20, 'J13': 28, 'cluster3106249630_3106249631_J60_J61_#5more': 42}, {'J10': 2, 'J11': 48, 'J12': 53, 'J13': 42, 'cluster3106249630_3106249631_J60_J61_#5more': 71}, 
925.0, {'J10': -2.0, 'J11': -64151.0, 'J12': -11869.0, 'J13': -18107.5, 'cluster3106249630_3106249631_J60_J61_#5more': -93267.5}, {'J10': 1, 'J11': 32, 'J12': 20, 'J13': 25, 'cluster3106249630_3106249631_J60_J61_#5more': 42}, {'J10': 1, 'J11': 48, 'J12': 56, 'J13': 38, 'cluster3106249630_3106249631_J60_J61_#5more': 70}, 
930.0, {'J10': 0, 'J11': -64634.5, 'J12': -12407.5, 'J13': -17605.5, 'cluster3106249630_3106249631_J60_J61_#5more': -93934.0}, {'J10': 0, 'J11': 32, 'J12': 20, 'J13': 24, 'cluster3106249630_3106249631_J60_J61_#5more': 42}, {'J10': 0, 'J11': 49, 'J12': 61, 'J13': 37, 'cluster3106249630_3106249631_J60_J61_#5more': 69}, 
935.0, {'J10': 0, 'J11': -65111.0, 'J12': -12782.5, 'J13': -17975.5, 'cluster3106249630_3106249631_J60_J61_#5more': -94625.5}, {'J10': 0, 'J11': 32, 'J12': 20, 'J13': 24, 'cluster3106249630_3106249631_J60_J61_#5more': 42}, {'J10': 0, 'J11': 48, 'J12': 62, 'J13': 37, 'cluster3106249630_3106249631_J60_J61_#5more': 70}, 
940.0, {'J10': 0, 'J11': -65591.0, 'J12': -13077.0, 'J13': -18348.5, 'cluster3106249630_3106249631_J60_J61_#5more': -95330.5}, {'J10': 0, 'J11': 32, 'J12': 20, 'J13': 24, 'cluster3106249630_3106249631_J60_J61_#5more': 42}, {'J10': 0, 'J11': 48, 'J12': 55, 'J13': 38, 'cluster3106249630_3106249631_J60_J61_#5more': 71}, 
945.0, {'J10': -6.5, 'J11': -66071.0, 'J12': -13326.0, 'J13': -18733.5, 'cluster3106249630_3106249631_J60_J61_#5more': -95846.5}, {'J10': 2, 'J11': 32, 'J12': 20, 'J13': 24, 'cluster3106249630_3106249631_J60_J61_#5more': 42}, {'J10': 2, 'J11': 48, 'J12': 50, 'J13': 40, 'cluster3106249630_3106249631_J60_J61_#5more': 70}, 
950.0, {'J10': -11.5, 'J11': -66556.0, 'J12': -13783.5, 'J13': -19142.0, 'cluster3106249630_3106249631_J60_J61_#5more': -96406.0}, {'J10': 1, 'J11': 32, 'J12': 20, 'J13': 27, 'cluster3106249630_3106249631_J60_J61_#5more': 42}, {'J10': 1, 'J11': 49, 'J12': 50, 'J13': 43, 'cluster3106249630_3106249631_J60_J61_#5more': 69}, 
955.0, {'J10': 0, 'J11': -67031.0, 'J12': -14291.0, 'J13': -19576.0, 'cluster3106249630_3106249631_J60_J61_#5more': -97010.0}, {'J10': 0, 'J11': 32, 'J12': 20, 'J13': 28, 'cluster3106249630_3106249631_J60_J61_#5more': 42}, {'J10': 0, 'J11': 48, 'J12': 53, 'J13': 44, 'cluster3106249630_3106249631_J60_J61_#5more': 67}, 
960.0, {'J10': -2.0, 'J11': -67511.0, 'J12': -14186.0, 'J13': -20016.0, 'cluster3106249630_3106249631_J60_J61_#5more': -97680.0}, {'J10': 1, 'J11': 32, 'J12': 20, 'J13': 28, 'cluster3106249630_3106249631_J60_J61_#5more': 42}, {'J10': 1, 'J11': 48, 'J12': 57, 'J13': 44, 'cluster3106249630_3106249631_J60_J61_#5more': 67}, 
965.0, {'J10': -6.0, 'J11': -67993.5, 'J12': -14542.5, 'J13': -20456.0, 'cluster3106249630_3106249631_J60_J61_#5more': -98350.0}, {'J10': 1, 'J11': 32, 'J12': 20, 'J13': 28, 'cluster3106249630_3106249631_J60_J61_#5more': 42}, {'J10': 2, 'J11': 49, 'J12': 55, 'J13': 44, 'cluster3106249630_3106249631_J60_J61_#5more': 67}, 
970.0, {'J10': -31.0, 'J11': -68471.0, 'J12': -14804.0, 'J13': -20896.0, 'cluster3106249630_3106249631_J60_J61_#5more': -99020.0}, {'J10': 2, 'J11': 32, 'J12': 20, 'J13': 28, 'cluster3106249630_3106249631_J60_J61_#5more': 42}, {'J10': 3, 'J11': 48, 'J12': 52, 'J13': 44, 'cluster3106249630_3106249631_J60_J61_#5more': 67}, 
975.0, {'J10': -61.0, 'J11': -68952.0, 'J12': -15296.0, 'J13': -21336.0, 'cluster3106249630_3106249631_J60_J61_#5more': -99691.5}, {'J10': 2, 'J11': 32, 'J12': 20, 'J13': 28, 'cluster3106249630_3106249631_J60_J61_#5more': 42}, {'J10': 3, 'J11': 49, 'J12': 54, 'J13': 44, 'cluster3106249630_3106249631_J60_J61_#5more': 69}, 
980.0, {'J10': -91.0, 'J11': -69447.5, 'J12': -15852.0, 'J13': -21776.0, 'cluster3106249630_3106249631_J60_J61_#5more': -100389.0}, {'J10': 2, 'J11': 32, 'J12': 20, 'J13': 28, 'cluster3106249630_3106249631_J60_J61_#5more': 42}, {'J10': 3, 'J11': 51, 'J12': 61, 'J13': 44, 'cluster3106249630_3106249631_J60_J61_#5more': 71}, 
985.0, {'J10': -121.0, 'J11': -69911.0, 'J12': -16473.0, 'J13': -22216.0, 'cluster3106249630_3106249631_J60_J61_#5more': -101099.5}, {'J10': 2, 'J11': 32, 'J12': 20, 'J13': 28, 'cluster3106249630_3106249631_J60_J61_#5more': 42}, {'J10': 3, 'J11': 48, 'J12': 66, 'J13': 44, 'cluster3106249630_3106249631_J60_J61_#5more': 72}, 
990.0, {'J10': -158.0, 'J11': -70391.0, 'J12': -16924.0, 'J13': -19599.0, 'cluster3106249630_3106249631_J60_J61_#5more': -101819.5}, {'J10': 2, 'J11': 32, 'J12': 20, 'J13': 26, 'cluster3106249630_3106249631_J60_J61_#5more': 42}, {'J10': 5, 'J11': 48, 'J12': 65, 'J13': 40, 'cluster3106249630_3106249631_J60_J61_#5more': 72}, 
995.0, {'J10': -216.0, 'J11': -70871.0, 'J12': -17349.5, 'J13': -17244.0, 'cluster3106249630_3106249631_J60_J61_#5more': -102539.5}, {'J10': 5, 'J11': 32, 'J12': 20, 'J13': 24, 'cluster3106249630_3106249631_J60_J61_#5more': 42}, {'J10': 8, 'J11': 48, 'J12': 61, 'J13': 36, 'cluster3106249630_3106249631_J60_J61_#5more': 72}, 
1000.0, {'J10': -296.0, 'J11': -71351.0, 'J12': -17855.5, 'J13': -17604.0, 'cluster3106249630_3106249631_J60_J61_#5more': -103259.5}, {'J10': 5, 'J11': 32, 'J12': 20, 'J13': 24, 'cluster3106249630_3106249631_J60_J61_#5more': 42}, {'J10': 8, 'J11': 48, 'J12': 60, 'J13': 36, 'cluster3106249630_3106249631_J60_J61_#5more': 72}, 
1005.0, {'J10': -376.0, 'J11': -71831.5, 'J12': -18459.0, 'J13': -17964.0, 'cluster3106249630_3106249631_J60_J61_#5more': -103979.5}, {'J10': 5, 'J11': 32, 'J12': 20, 'J13': 24, 'cluster3106249630_3106249631_J60_J61_#5more': 42}, {'J10': 8, 'J11': 49, 'J12': 62, 'J13': 36, 'cluster3106249630_3106249631_J60_J61_#5more': 72}, 
1010.0, {'J10': -457.5, 'J11': -72311.0, 'J12': -19097.5, 'J13': -18329.5, 'cluster3106249630_3106249631_J60_J61_#5more': -104699.5}, {'J10': 5, 'J11': 32, 'J12': 20, 'J13': 24, 'cluster3106249630_3106249631_J60_J61_#5more': 42}, {'J10': 9, 'J11': 48, 'J12': 68, 'J13': 39, 'cluster3106249630_3106249631_J60_J61_#5more': 72}, 
1015.0, {'J10': -552.0, 'J11': -72791.0, 'J12': -19795.0, 'J13': -18729.0, 'cluster3106249630_3106249631_J60_J61_#5more': -105419.5}, {'J10': 7, 'J11': 32, 'J12': 20, 'J13': 26, 'cluster3106249630_3106249631_J60_J61_#5more': 42}, {'J10': 11, 'J11': 48, 'J12': 72, 'J13': 42, 'cluster3106249630_3106249631_J60_J61_#5more': 72}, 
1020.0, {'J10': -489.5, 'J11': -73271.0, 'J12': -20519.5, 'J13': -19156.0, 'cluster3106249630_3106249631_J60_J61_#5more': -106139.5}, {'J10': 8, 'J11': 32, 'J12': 20, 'J13': 28, 'cluster3106249630_3106249631_J60_J61_#5more': 42}, {'J10': 11, 'J11': 48, 'J12': 74, 'J13': 44, 'cluster3106249630_3106249631_J60_J61_#5more': 72}, 
1025.0, {'J10': -486.5, 'J11': -73751.0, 'J12': -21265.0, 'J13': -19596.0, 'cluster3106249630_3106249631_J60_J61_#5more': -106758.5}, {'J10': 8, 'J11': 32, 'J12': 20, 'J13': 28, 'cluster3106249630_3106249631_J60_J61_#5more': 42}, {'J10': 11, 'J11': 48, 'J12': 76, 'J13': 44, 'cluster3106249630_3106249631_J60_J61_#5more': 71}, 
1030.0, {'J10': -582.5, 'J11': -74231.0, 'J12': -22029.0, 'J13': -20036.0, 'cluster3106249630_3106249631_J60_J61_#5more': -107471.5}, {'J10': 11, 'J11': 32, 'J12': 20, 'J13': 28, 'cluster3106249630_3106249631_J60_J61_#5more': 42}, {'J10': 13, 'J11': 48, 'J12': 77, 'J13': 44, 'cluster3106249630_3106249631_J60_J61_#5more': 72}, 
1035.0, {'J10': -718.0, 'J11': -74711.0, 'J12': -22804.0, 'J13': -20476.0, 'cluster3106249630_3106249631_J60_J61_#5more': -108194.0}, {'J10': 13, 'J11': 32, 'J12': 20, 'J13': 28, 'cluster3106249630_3106249631_J60_J61_#5more': 42}, {'J10': 15, 'J11': 48, 'J12': 78, 'J13': 44, 'cluster3106249630_3106249631_J60_J61_#5more': 73}, 
1040.0, {'J10': -868.0, 'J11': -75191.0, 'J12': -23584.0, 'J13': -20916.0, 'cluster3106249630_3106249631_J60_J61_#5more': -108924.0}, {'J10': 13, 'J11': 32, 'J12': 20, 'J13': 28, 'cluster3106249630_3106249631_J60_J61_#5more': 42}, {'J10': 15, 'J11': 48, 'J12': 78, 'J13': 44, 'cluster3106249630_3106249631_J60_J61_#5more': 73}, 
1045.0, {'J10': -1018.0, 'J11': -75671.0, 'J12': -24366.0, 'J13': -21356.0, 'cluster3106249630_3106249631_J60_J61_#5more': -109654.0}, {'J10': 13, 'J11': 32, 'J12': 20, 'J13': 28, 'cluster3106249630_3106249631_J60_J61_#5more': 42}, {'J10': 15, 'J11': 48, 'J12': 79, 'J13': 44, 'cluster3106249630_3106249631_J60_J61_#5more': 73}, 
1050.0, {'J10': -1172.0, 'J11': -76151.0, 'J12': -25156.5, 'J13': -21796.0, 'cluster3106249630_3106249631_J60_J61_#5more': -110387.0}, {'J10': 13, 'J11': 32, 'J12': 20, 'J13': 28, 'cluster3106249630_3106249631_J60_J61_#5more': 42}, {'J10': 16, 'J11': 48, 'J12': 80, 'J13': 44, 'cluster3106249630_3106249631_J60_J61_#5more': 74}, 
1055.0, {'J10': -1332.0, 'J11': -76631.0, 'J12': -25960.0, 'J13': -19535.5, 'cluster3106249630_3106249631_J60_J61_#5more': -111127.0}, {'J10': 13, 'J11': 32, 'J12': 20, 'J13': 26, 'cluster3106249630_3106249631_J60_J61_#5more': 42}, {'J10': 16, 'J11': 48, 'J12': 81, 'J13': 40, 'cluster3106249630_3106249631_J60_J61_#5more': 74}, 
1060.0, {'J10': -1492.0, 'J11': -77111.0, 'J12': -25834.0, 'J13': -18180.5, 'cluster3106249630_3106249631_J60_J61_#5more': -111867.0}, {'J10': 13, 'J11': 32, 'J12': 20, 'J13': 25, 'cluster3106249630_3106249631_J60_J61_#5more': 42}, {'J10': 16, 'J11': 48, 'J12': 75, 'J13': 38, 'cluster3106249630_3106249631_J60_J61_#5more': 74}, 
1065.0, {'J10': -1652.0, 'J11': -77592.0, 'J12': -26307.5, 'J13': -18560.5, 'cluster3106249630_3106249631_J60_J61_#5more': -112607.0}, {'J10': 13, 'J11': 32, 'J12': 20, 'J13': 25, 'cluster3106249630_3106249631_J60_J61_#5more': 42}, {'J10': 16, 'J11': 49, 'J12': 73, 'J13': 38, 'cluster3106249630_3106249631_J60_J61_#5more': 74}, 
1070.0, {'J10': -1812.0, 'J11': -78074.0, 'J12': -26999.5, 'J13': -18940.5, 'cluster3106249630_3106249631_J60_J61_#5more': -113347.0}, {'J10': 13, 'J11': 32, 'J12': 20, 'J13': 25, 'cluster3106249630_3106249631_J60_J61_#5more': 42}, {'J10': 16, 'J11': 49, 'J12': 74, 'J13': 38, 'cluster3106249630_3106249631_J60_J61_#5more': 74}, 
1075.0, {'J10': -1972.0, 'J11': -78551.0, 'J12': -27742.0, 'J13': -19329.5, 'cluster3106249630_3106249631_J60_J61_#5more': -114089.0}, {'J10': 13, 'J11': 32, 'J12': 20, 'J13': 25, 'cluster3106249630_3106249631_J60_J61_#5more': 42}, {'J10': 16, 'J11': 48, 'J12': 76, 'J13': 42, 'cluster3106249630_3106249631_J60_J61_#5more': 75}, 
1080.0, {'J10': -2132.0, 'J11': -79031.0, 'J12': -28507.5, 'J13': -19759.5, 'cluster3106249630_3106249631_J60_J61_#5more': -114827.0}, {'J10': 13, 'J11': 32, 'J12': 20, 'J13': 28, 'cluster3106249630_3106249631_J60_J61_#5more': 42}, {'J10': 16, 'J11': 48, 'J12': 80, 'J13': 45, 'cluster3106249630_3106249631_J60_J61_#5more': 74}, 
1085.0, {'J10': -2018.5, 'J11': -79511.0, 'J12': -28688.0, 'J13': -20209.5, 'cluster3106249630_3106249631_J60_J61_#5more': -115567.0}, {'J10': 13, 'J11': 32, 'J12': 20, 'J13': 28, 'cluster3106249630_3106249631_J60_J61_#5more': 42}, {'J10': 14, 'J11': 48, 'J12': 76, 'J13': 45, 'cluster3106249630_3106249631_J60_J61_#5more': 74}, 
1090.0, {'J10': -2076.5, 'J11': -79991.0, 'J12': -28721.5, 'J13': -20659.5, 'cluster3106249630_3106249631_J60_J61_#5more': -116307.0}, {'J10': 13, 'J11': 32, 'J12': 20, 'J13': 28, 'cluster3106249630_3106249631_J60_J61_#5more': 42}, {'J10': 14, 'J11': 48, 'J12': 70, 'J13': 45, 'cluster3106249630_3106249631_J60_J61_#5more': 74}, 
1095.0, {'J10': -2216.5, 'J11': -80471.5, 'J12': -29297.0, 'J13': -21114.0, 'cluster3106249630_3106249631_J60_J61_#5more': -117047.0}, {'J10': 13, 'J11': 32, 'J12': 20, 'J13': 28, 'cluster3106249630_3106249631_J60_J61_#5more': 42}, {'J10': 14, 'J11': 49, 'J12': 70, 'J13': 46, 'cluster3106249630_3106249631_J60_J61_#5more': 74}, 
1100.0, {'J10': -2356.5, 'J11': -80951.0, 'J12': -26941.5, 'J13': -21574.0, 'cluster3106249630_3106249631_J60_J61_#5more': -117542.5}, {'J10': 13, 'J11': 32, 'J12': 20, 'J13': 28, 'cluster3106249630_3106249631_J60_J61_#5more': 42}, {'J10': 14, 'J11': 48, 'J12': 67, 'J13': 46, 'cluster3106249630_3106249631_J60_J61_#5more': 73}, 
1105.0, {'J10': -2496.5, 'J11': -81432.5, 'J12': -27478.5, 'J13': -22034.0, 'cluster3106249630_3106249631_J60_J61_#5more': -118278.0}, {'J10': 13, 'J11': 32, 'J12': 20, 'J13': 28, 'cluster3106249630_3106249631_J60_J61_#5more': 42}, {'J10': 14, 'J11': 49, 'J12': 66, 'J13': 46, 'cluster3106249630_3106249631_J60_J61_#5more': 75}, 
1110.0, {'J10': -2636.5, 'J11': -81911.0, 'J12': -27926.0, 'J13': -22494.0, 'cluster3106249630_3106249631_J60_J61_#5more': -119034.5}, {'J10': 13, 'J11': 32, 'J12': 20, 'J13': 28, 'cluster3106249630_3106249631_J60_J61_#5more': 42}, {'J10': 14, 'J11': 48, 'J12': 67, 'J13': 46, 'cluster3106249630_3106249631_J60_J61_#5more': 78}, 
1115.0, {'J10': -2780.5, 'J11': -82391.5, 'J12': -27276.5, 'J13': -22954.0, 'cluster3106249630_3106249631_J60_J61_#5more': -119821.5}, {'J10': 13, 'J11': 32, 'J12': 20, 'J13': 28, 'cluster3106249630_3106249631_J60_J61_#5more': 42}, {'J10': 15, 'J11': 49, 'J12': 67, 'J13': 46, 'cluster3106249630_3106249631_J60_J61_#5more': 80}, 
1120.0, {'J10': -2930.5, 'J11': -82871.0, 'J12': -27585.0, 'J13': -20461.0, 'cluster3106249630_3106249631_J60_J61_#5more': -120631.5}, {'J10': 13, 'J11': 32, 'J12': 20, 'J13': 26, 'cluster3106249630_3106249631_J60_J61_#5more': 42}, {'J10': 15, 'J11': 48, 'J12': 66, 'J13': 42, 'cluster3106249630_3106249631_J60_J61_#5more': 82}, 
1125.0, {'J10': -3080.5, 'J11': -83351.0, 'J12': -27979.5, 'J13': -19814.0, 'cluster3106249630_3106249631_J60_J61_#5more': -121457.5}, {'J10': 13, 'J11': 32, 'J12': 20, 'J13': 25, 'cluster3106249630_3106249631_J60_J61_#5more': 42}, {'J10': 15, 'J11': 48, 'J12': 67, 'J13': 41, 'cluster3106249630_3106249631_J60_J61_#5more': 84}, 
1130.0, {'J10': -3233.0, 'J11': -83831.0, 'J12': -28641.5, 'J13': -20224.0, 'cluster3106249630_3106249631_J60_J61_#5more': -121996.5}, {'J10': 13, 'J11': 32, 'J12': 20, 'J13': 25, 'cluster3106249630_3106249631_J60_J61_#5more': 42}, {'J10': 16, 'J11': 48, 'J12': 68, 'J13': 41, 'cluster3106249630_3106249631_J60_J61_#5more': 84}, 
1135.0, {'J10': -3393.0, 'J11': -84311.0, 'J12': -29296.0, 'J13': -20634.0, 'cluster3106249630_3106249631_J60_J61_#5more': -122526.0}, {'J10': 13, 'J11': 32, 'J12': 20, 'J13': 25, 'cluster3106249630_3106249631_J60_J61_#5more': 42}, {'J10': 16, 'J11': 48, 'J12': 66, 'J13': 41, 'cluster3106249630_3106249631_J60_J61_#5more': 86}, 
1140.0, {'J10': -3553.0, 'J11': -84791.0, 'J12': -27059.5, 'J13': -21045.0, 'cluster3106249630_3106249631_J60_J61_#5more': -122621.5}, {'J10': 13, 'J11': 32, 'J12': 20, 'J13': 26, 'cluster3106249630_3106249631_J60_J61_#5more': 42}, {'J10': 16, 'J11': 48, 'J12': 64, 'J13': 42, 'cluster3106249630_3106249631_J60_J61_#5more': 84}, 
1145.0, {'J10': -3715.0, 'J11': -85271.0, 'J12': -25382.5, 'J13': -21473.0, 'cluster3106249630_3106249631_J60_J61_#5more': -123465.5}, {'J10': 13, 'J11': 32, 'J12': 20, 'J13': 28, 'cluster3106249630_3106249631_J60_J61_#5more': 42}, {'J10': 17, 'J11': 48, 'J12': 62, 'J13': 44, 'cluster3106249630_3106249631_J60_J61_#5more': 86}, 
1150.0, {'J10': -3689.0, 'J11': -85751.0, 'J12': -26006.0, 'J13': -21913.0, 'cluster3106249630_3106249631_J60_J61_#5more': -124260.0}, {'J10': 13, 'J11': 32, 'J12': 20, 'J13': 28, 'cluster3106249630_3106249631_J60_J61_#5more': 42}, {'J10': 15, 'J11': 48, 'J12': 64, 'J13': 44, 'cluster3106249630_3106249631_J60_J61_#5more': 84}, 
1155.0, {'J10': -3839.0, 'J11': -86231.0, 'J12': -26647.0, 'J13': -22353.0, 'cluster3106249630_3106249631_J60_J61_#5more': -124716.0}, {'J10': 13, 'J11': 32, 'J12': 20, 'J13': 28, 'cluster3106249630_3106249631_J60_J61_#5more': 42}, {'J10': 15, 'J11': 48, 'J12': 69, 'J13': 44, 'cluster3106249630_3106249631_J60_J61_#5more': 79}, 
1160.0, {'J10': -3989.0, 'J11': -86711.0, 'J12': -27310.5, 'J13': -22793.0, 'cluster3106249630_3106249631_J60_J61_#5more': -125134.0}, {'J10': 13, 'J11': 32, 'J12': 20, 'J13': 28, 'cluster3106249630_3106249631_J60_J61_#5more': 42}, {'J10': 15, 'J11': 48, 'J12': 69, 'J13': 44, 'cluster3106249630_3106249631_J60_J61_#5more': 77}, 
1165.0, {'J10': -4139.0, 'J11': -87191.0, 'J12': -28000.5, 'J13': -23233.0, 'cluster3106249630_3106249631_J60_J61_#5more': -125711.0}, {'J10': 13, 'J11': 32, 'J12': 20, 'J13': 28, 'cluster3106249630_3106249631_J60_J61_#5more': 42}, {'J10': 15, 'J11': 48, 'J12': 69, 'J13': 44, 'cluster3106249630_3106249631_J60_J61_#5more': 76}, 
1170.0, {'J10': -4289.0, 'J11': -87671.0, 'J12': -28696.0, 'J13': -23673.0, 'cluster3106249630_3106249631_J60_J61_#5more': -126471.0}, {'J10': 13, 'J11': 32, 'J12': 20, 'J13': 28, 'cluster3106249630_3106249631_J60_J61_#5more': 42}, {'J10': 15, 'J11': 48, 'J12': 71, 'J13': 44, 'cluster3106249630_3106249631_J60_J61_#5more': 76}, 
1175.0, {'J10': -4439.0, 'J11': -88151.0, 'J12': -29419.0, 'J13': -24115.5, 'cluster3106249630_3106249631_J60_J61_#5more': -127200.0}, {'J10': 13, 'J11': 32, 'J12': 20, 'J13': 28, 'cluster3106249630_3106249631_J60_J61_#5more': 42}, {'J10': 15, 'J11': 48, 'J12': 75, 'J13': 45, 'cluster3106249630_3106249631_J60_J61_#5more': 75}, 
1180.0, {'J10': -4589.0, 'J11': -88631.0, 'J12': -30177.5, 'J13': -24565.5, 'cluster3106249630_3106249631_J60_J61_#5more': -127955.0}, {'J10': 13, 'J11': 32, 'J12': 20, 'J13': 28, 'cluster3106249630_3106249631_J60_J61_#5more': 42}, {'J10': 15, 'J11': 48, 'J12': 77, 'J13': 45, 'cluster3106249630_3106249631_J60_J61_#5more': 76}, 
1185.0, {'J10': -4739.0, 'J11': -89111.0, 'J12': -30947.5, 'J13': -22127.5, 'cluster3106249630_3106249631_J60_J61_#5more': -128627.5}, {'J10': 13, 'J11': 32, 'J12': 20, 'J13': 26, 'cluster3106249630_3106249631_J60_J61_#5more': 42}, {'J10': 15, 'J11': 48, 'J12': 77, 'J13': 41, 'cluster3106249630_3106249631_J60_J61_#5more': 74}, 
1190.0, {'J10': -4889.0, 'J11': -89591.0, 'J12': -31717.5, 'J13': -20530.0, 'cluster3106249630_3106249631_J60_J61_#5more': -129307.0}, {'J10': 13, 'J11': 32, 'J12': 20, 'J13': 24, 'cluster3106249630_3106249631_J60_J61_#5more': 42}, {'J10': 15, 'J11': 48, 'J12': 77, 'J13': 40, 'cluster3106249630_3106249631_J60_J61_#5more': 73}, 
1195.0, {'J10': -5039.0, 'J11': -90071.0, 'J12': -32487.5, 'J13': -20930.0, 'cluster3106249630_3106249631_J60_J61_#5more': -130039.5}, {'J10': 13, 'J11': 32, 'J12': 20, 'J13': 24, 'cluster3106249630_3106249631_J60_J61_#5more': 42}, {'J10': 15, 'J11': 48, 'J12': 77, 'J13': 40, 'cluster3106249630_3106249631_J60_J61_#5more': 75}, 
1200.0, {'J10': -5189.0, 'J11': -90551.0, 'J12': -33257.5, 'J13': -21330.0, 'cluster3106249630_3106249631_J60_J61_#5more': -130789.5}, {'J10': 13, 'J11': 32, 'J12': 20, 'J13': 24, 'cluster3106249630_3106249631_J60_J61_#5more': 42}, {'J10': 15, 'J11': 48, 'J12': 77, 'J13': 40, 'cluster3106249630_3106249631_J60_J61_#5more': 75}, 
1205.0, {'J10': -5339.5, 'J11': -91031.0, 'J12': -31377.0, 'J13': -21730.0, 'cluster3106249630_3106249631_J60_J61_#5more': -130856.0}, {'J10': 13, 'J11': 32, 'J12': 20, 'J13': 24, 'cluster3106249630_3106249631_J60_J61_#5more': 42}, {'J10': 16, 'J11': 48, 'J12': 72, 'J13': 40, 'cluster3106249630_3106249631_J60_J61_#5more': 77}, 
1210.0, {'J10': -5503.0, 'J11': -91511.0, 'J12': -32085.0, 'J13': -22139.5, 'cluster3106249630_3106249631_J60_J61_#5more': -131596.5}, {'J10': 13, 'J11': 32, 'J12': 20, 'J13': 27, 'cluster3106249630_3106249631_J60_J61_#5more': 42}, {'J10': 17, 'J11': 48, 'J12': 71, 'J13': 43, 'cluster3106249630_3106249631_J60_J61_#5more': 77}, 
1215.0, {'J10': -5500.5, 'J11': -91991.0, 'J12': -32799.5, 'J13': -22573.0, 'cluster3106249630_3106249631_J60_J61_#5more': -132369.0}, {'J10': 13, 'J11': 32, 'J12': 20, 'J13': 28, 'cluster3106249630_3106249631_J60_J61_#5more': 42}, {'J10': 16, 'J11': 48, 'J12': 74, 'J13': 44, 'cluster3106249630_3106249631_J60_J61_#5more': 79}, 
1220.0, {'J10': -5662.5, 'J11': -92471.0, 'J12': -33557.5, 'J13': -23013.0, 'cluster3106249630_3106249631_J60_J61_#5more': -133162.5}, {'J10': 13, 'J11': 32, 'J12': 20, 'J13': 28, 'cluster3106249630_3106249631_J60_J61_#5more': 42}, {'J10': 17, 'J11': 48, 'J12': 78, 'J13': 44, 'cluster3106249630_3106249631_J60_J61_#5more': 80}, 
1225.0, {'J10': -5834.5, 'J11': -92951.0, 'J12': -34337.5, 'J13': -23453.0, 'cluster3106249630_3106249631_J60_J61_#5more': -133909.0}, {'J10': 13, 'J11': 32, 'J12': 20, 'J13': 28, 'cluster3106249630_3106249631_J60_J61_#5more': 42}, {'J10': 18, 'J11': 48, 'J12': 78, 'J13': 44, 'cluster3106249630_3106249631_J60_J61_#5more': 81}, 
1230.0, {'J10': -5980.5, 'J11': -93435.0, 'J12': -35120.0, 'J13': -23893.0, 'cluster3106249630_3106249631_J60_J61_#5more': -134669.0}, {'J10': 13, 'J11': 32, 'J12': 20, 'J13': 28, 'cluster3106249630_3106249631_J60_J61_#5more': 42}, {'J10': 16, 'J11': 49, 'J12': 79, 'J13': 44, 'cluster3106249630_3106249631_J60_J61_#5more': 81}, 
1235.0, {'J10': -6140.5, 'J11': -93925.0, 'J12': -35914.5, 'J13': -24333.0, 'cluster3106249630_3106249631_J60_J61_#5more': -135479.0}, {'J10': 13, 'J11': 32, 'J12': 20, 'J13': 28, 'cluster3106249630_3106249631_J60_J61_#5more': 42}, {'J10': 16, 'J11': 49, 'J12': 80, 'J13': 44, 'cluster3106249630_3106249631_J60_J61_#5more': 81}, 
1240.0, {'J10': -6300.5, 'J11': -94391.0, 'J12': -36714.5, 'J13': -24773.0, 'cluster3106249630_3106249631_J60_J61_#5more': -136223.0}, {'J10': 13, 'J11': 32, 'J12': 20, 'J13': 28, 'cluster3106249630_3106249631_J60_J61_#5more': 42}, {'J10': 16, 'J11': 48, 'J12': 80, 'J13': 44, 'cluster3106249630_3106249631_J60_J61_#5more': 82}, 
1245.0, {'J10': -6460.5, 'J11': -94871.0, 'J12': -37514.5, 'J13': -25213.0, 'cluster3106249630_3106249631_J60_J61_#5more': -136767.5}, {'J10': 13, 'J11': 32, 'J12': 20, 'J13': 28, 'cluster3106249630_3106249631_J60_J61_#5more': 42}, {'J10': 16, 'J11': 48, 'J12': 80, 'J13': 44, 'cluster3106249630_3106249631_J60_J61_#5more': 78}, 
1250.0, {'J10': -6624.0, 'J11': -95355.0, 'J12': -38314.5, 'J13': -24793.0, 'cluster3106249630_3106249631_J60_J61_#5more': -137394.5}, {'J10': 13, 'J11': 32, 'J12': 20, 'J13': 28, 'cluster3106249630_3106249631_J60_J61_#5more': 42}, {'J10': 17, 'J11': 49, 'J12': 80, 'J13': 44, 'cluster3106249630_3106249631_J60_J61_#5more': 75}, 
1255.0, {'J10': -6798.0, 'J11': -95845.0, 'J12': -39114.5, 'J13': -23084.5, 'cluster3106249630_3106249631_J60_J61_#5more': -138152.0}, {'J10': 13, 'J11': 32, 'J12': 20, 'J13': 26, 'cluster3106249630_3106249631_J60_J61_#5more': 42}, {'J10': 18, 'J11': 49, 'J12': 80, 'J13': 41, 'cluster3106249630_3106249631_J60_J61_#5more': 78}, 
1260.0, {'J10': -6978.0, 'J11': -96311.0, 'J12': -39914.5, 'J13': -23494.5, 'cluster3106249630_3106249631_J60_J61_#5more': -138932.0}, {'J10': 13, 'J11': 32, 'J12': 20, 'J13': 26, 'cluster3106249630_3106249631_J60_J61_#5more': 42}, {'J10': 18, 'J11': 48, 'J12': 80, 'J13': 41, 'cluster3106249630_3106249631_J60_J61_#5more': 78}, 
1265.0, {'J10': -7158.0, 'J11': -96792.5, 'J12': -40714.5, 'J13': -23904.5, 'cluster3106249630_3106249631_J60_J61_#5more': -139656.5}, {'J10': 13, 'J11': 32, 'J12': 20, 'J13': 26, 'cluster3106249630_3106249631_J60_J61_#5more': 42}, {'J10': 18, 'J11': 49, 'J12': 80, 'J13': 41, 'cluster3106249630_3106249631_J60_J61_#5more': 76}, 
1270.0, {'J10': -7342.5, 'J11': -97271.0, 'J12': -37156.0, 'J13': -24317.5, 'cluster3106249630_3106249631_J60_J61_#5more': -139722.0}, {'J10': 13, 'J11': 32, 'J12': 20, 'J13': 26, 'cluster3106249630_3106249631_J60_J61_#5more': 42}, {'J10': 19, 'J11': 48, 'J12': 73, 'J13': 42, 'cluster3106249630_3106249631_J60_J61_#5more': 74}, 
1275.0, {'J10': -7532.5, 'J11': -97751.0, 'J12': -37292.0, 'J13': -24745.5, 'cluster3106249630_3106249631_J60_J61_#5more': -140462.0}, {'J10': 13, 'J11': 32, 'J12': 20, 'J13': 28, 'cluster3106249630_3106249631_J60_J61_#5more': 42}, {'J10': 19, 'J11': 48, 'J12': 70, 'J13': 44, 'cluster3106249630_3106249631_J60_J61_#5more': 74}, 
1280.0, {'J10': -7399.5, 'J11': -98231.0, 'J12': -37999.5, 'J13': -25185.5, 'cluster3106249630_3106249631_J60_J61_#5more': -141210.5}, {'J10': 13, 'J11': 32, 'J12': 20, 'J13': 28, 'cluster3106249630_3106249631_J60_J61_#5more': 42}, {'J10': 19, 'J11': 48, 'J12': 74, 'J13': 44, 'cluster3106249630_3106249631_J60_J61_#5more': 77}, 
1285.0, {'J10': -7578.0, 'J11': -98711.0, 'J12': -38760.0, 'J13': -25625.5, 'cluster3106249630_3106249631_J60_J61_#5more': -141911.0}, {'J10': 13, 'J11': 32, 'J12': 20, 'J13': 28, 'cluster3106249630_3106249631_J60_J61_#5more': 42}, {'J10': 18, 'J11': 48, 'J12': 79, 'J13': 44, 'cluster3106249630_3106249631_J60_J61_#5more': 74}, 
1290.0, {'J10': -7767.5, 'J11': -99191.0, 'J12': -39550.0, 'J13': -26065.5, 'cluster3106249630_3106249631_J60_J61_#5more': -142651.0}, {'J10': 13, 'J11': 32, 'J12': 20, 'J13': 28, 'cluster3106249630_3106249631_J60_J61_#5more': 42}, {'J10': 21, 'J11': 48, 'J12': 79, 'J13': 44, 'cluster3106249630_3106249631_J60_J61_#5more': 74}, 
1295.0, {'J10': -7919.5, 'J11': -99671.0, 'J12': -40342.0, 'J13': -26505.5, 'cluster3106249630_3106249631_J60_J61_#5more': -143393.0}, {'J10': 13, 'J11': 32, 'J12': 20, 'J13': 28, 'cluster3106249630_3106249631_J60_J61_#5more': 42}, {'J10': 18, 'J11': 48, 'J12': 80, 'J13': 44, 'cluster3106249630_3106249631_J60_J61_#5more': 76}, 
1300.0, {'J10': -8099.5, 'J11': -100155.0, 'J12': -41142.0, 'J13': -26945.5, 'cluster3106249630_3106249631_J60_J61_#5more': -144153.0}, {'J10': 13, 'J11': 32, 'J12': 20, 'J13': 28, 'cluster3106249630_3106249631_J60_J61_#5more': 42}, {'J10': 18, 'J11': 49, 'J12': 80, 'J13': 44, 'cluster3106249630_3106249631_J60_J61_#5more': 76}, 
1305.0, {'J10': -8279.5, 'J11': -100631.0, 'J12': -41944.0, 'J13': -27385.5, 'cluster3106249630_3106249631_J60_J61_#5more': -144915.5}, {'J10': 13, 'J11': 32, 'J12': 20, 'J13': 28, 'cluster3106249630_3106249631_J60_J61_#5more': 42}, {'J10': 18, 'J11': 48, 'J12': 81, 'J13': 44, 'cluster3106249630_3106249631_J60_J61_#5more': 78}, 
1310.0, {'J10': -8459.5, 'J11': -101111.0, 'J12': -42754.0, 'J13': -27825.5, 'cluster3106249630_3106249631_J60_J61_#5more': -145664.0}, {'J10': 13, 'J11': 32, 'J12': 20, 'J13': 28, 'cluster3106249630_3106249631_J60_J61_#5more': 42}, {'J10': 18, 'J11': 48, 'J12': 81, 'J13': 44, 'cluster3106249630_3106249631_J60_J61_#5more': 77}, 
1315.0, {'J10': -8639.5, 'J11': -101591.0, 'J12': -43542.0, 'J13': -25145.0, 'cluster3106249630_3106249631_J60_J61_#5more': -146393.5}, {'J10': 13, 'J11': 32, 'J12': 20, 'J13': 26, 'cluster3106249630_3106249631_J60_J61_#5more': 42}, {'J10': 18, 'J11': 48, 'J12': 80, 'J13': 41, 'cluster3106249630_3106249631_J60_J61_#5more': 76}, 
1320.0, {'J10': -8819.5, 'J11': -102071.0, 'J12': -44342.0, 'J13': -23417.5, 'cluster3106249630_3106249631_J60_J61_#5more': -147121.5}, {'J10': 13, 'J11': 32, 'J12': 20, 'J13': 24, 'cluster3106249630_3106249631_J60_J61_#5more': 42}, {'J10': 18, 'J11': 48, 'J12': 80, 'J13': 39, 'cluster3106249630_3106249631_J60_J61_#5more': 75}, 
1325.0, {'J10': -8999.5, 'J11': -102551.0, 'J12': -45142.0, 'J13': -23807.5, 'cluster3106249630_3106249631_J60_J61_#5more': -147873.0}, {'J10': 13, 'J11': 32, 'J12': 20, 'J13': 24, 'cluster3106249630_3106249631_J60_J61_#5more': 42}, {'J10': 18, 'J11': 48, 'J12': 80, 'J13': 39, 'cluster3106249630_3106249631_J60_J61_#5more': 76}, 
1330.0, {'J10': -9179.5, 'J11': -103031.0, 'J12': -45942.0, 'J13': -24202.0, 'cluster3106249630_3106249631_J60_J61_#5more': -148641.0}, {'J10': 13, 'J11': 32, 'J12': 20, 'J13': 24, 'cluster3106249630_3106249631_J60_J61_#5more': 42}, {'J10': 18, 'J11': 48, 'J12': 80, 'J13': 40, 'cluster3106249630_3106249631_J60_J61_#5more': 78}, 
1335.0, {'J10': -9359.5, 'J11': -103511.0, 'J12': -44519.0, 'J13': -24607.5, 'cluster3106249630_3106249631_J60_J61_#5more': -148726.0}, {'J10': 13, 'J11': 32, 'J12': 20, 'J13': 25, 'cluster3106249630_3106249631_J60_J61_#5more': 42}, {'J10': 18, 'J11': 48, 'J12': 74, 'J13': 42, 'cluster3106249630_3106249631_J60_J61_#5more': 79}, 
1340.0, {'J10': -9539.5, 'J11': -103991.0, 'J12': -44878.5, 'J13': -25037.0, 'cluster3106249630_3106249631_J60_J61_#5more': -149517.5}, {'J10': 13, 'J11': 32, 'J12': 20, 'J13': 28, 'cluster3106249630_3106249631_J60_J61_#5more': 42}, {'J10': 18, 'J11': 48, 'J12': 73, 'J13': 45, 'cluster3106249630_3106249631_J60_J61_#5more': 80}, 
1345.0, {'J10': -9439.5, 'J11': -104471.0, 'J12': -45619.0, 'J13': -25487.0, 'cluster3106249630_3106249631_J60_J61_#5more': -150191.5}, {'J10': 13, 'J11': 32, 'J12': 20, 'J13': 28, 'cluster3106249630_3106249631_J60_J61_#5more': 42}, {'J10': 18, 'J11': 48, 'J12': 78, 'J13': 45, 'cluster3106249630_3106249631_J60_J61_#5more': 77}, 
1350.0, {'J10': -9621.0, 'J11': -104951.0, 'J12': -46409.5, 'J13': -25937.0, 'cluster3106249630_3106249631_J60_J61_#5more': -150942.5}, {'J10': 13, 'J11': 32, 'J12': 20, 'J13': 28, 'cluster3106249630_3106249631_J60_J61_#5more': 42}, {'J10': 20, 'J11': 48, 'J12': 81, 'J13': 45, 'cluster3106249630_3106249631_J60_J61_#5more': 77}, 
1355.0, {'J10': -9781.5, 'J11': -105431.0, 'J12': -46477.0, 'J13': -26387.0, 'cluster3106249630_3106249631_J60_J61_#5more': -151651.0}, {'J10': 13, 'J11': 32, 'J12': 20, 'J13': 28, 'cluster3106249630_3106249631_J60_J61_#5more': 42}, {'J10': 18, 'J11': 48, 'J12': 80, 'J13': 45, 'cluster3106249630_3106249631_J60_J61_#5more': 76}, 
1360.0, {'J10': -9961.5, 'J11': -105911.0, 'J12': -46574.0, 'J13': -26837.0, 'cluster3106249630_3106249631_J60_J61_#5more': -152411.0}, {'J10': 13, 'J11': 32, 'J12': 20, 'J13': 28, 'cluster3106249630_3106249631_J60_J61_#5more': 42}, {'J10': 18, 'J11': 48, 'J12': 79, 'J13': 45, 'cluster3106249630_3106249631_J60_J61_#5more': 76}, 
1365.0, {'J10': -10143.5, 'J11': -106391.0, 'J12': -47364.0, 'J13': -27287.0, 'cluster3106249630_3106249631_J60_J61_#5more': -153171.0}, {'J10': 13, 'J11': 32, 'J12': 20, 'J13': 28, 'cluster3106249630_3106249631_J60_J61_#5more': 42}, {'J10': 19, 'J11': 48, 'J12': 79, 'J13': 45, 'cluster3106249630_3106249631_J60_J61_#5more': 76}, 
1370.0, {'J10': -10333.5, 'J11': -106871.0, 'J12': -48156.0, 'J13': -27737.0, 'cluster3106249630_3106249631_J60_J61_#5more': -153931.0}, {'J10': 13, 'J11': 32, 'J12': 20, 'J13': 28, 'cluster3106249630_3106249631_J60_J61_#5more': 42}, {'J10': 19, 'J11': 48, 'J12': 80, 'J13': 45, 'cluster3106249630_3106249631_J60_J61_#5more': 76}, 
1375.0, {'J10': -10523.5, 'J11': -107351.0, 'J12': -47514.0, 'J13': -28187.0, 'cluster3106249630_3106249631_J60_J61_#5more': -154691.0}, {'J10': 13, 'J11': 32, 'J12': 20, 'J13': 28, 'cluster3106249630_3106249631_J60_J61_#5more': 42}, {'J10': 19, 'J11': 48, 'J12': 78, 'J13': 45, 'cluster3106249630_3106249631_J60_J61_#5more': 76}, 
1380.0, {'J10': -10713.5, 'J11': -107831.0, 'J12': -45080.5, 'J13': -25406.5, 'cluster3106249630_3106249631_J60_J61_#5more': -155452.5}, {'J10': 13, 'J11': 32, 'J12': 20, 'J13': 26, 'cluster3106249630_3106249631_J60_J61_#5more': 42}, {'J10': 19, 'J11': 48, 'J12': 72, 'J13': 42, 'cluster3106249630_3106249631_J60_J61_#5more': 77}, 
1385.0, {'J10': -10903.5, 'J11': -108311.0, 'J12': -45629.0, 'J13': -23045.0, 'cluster3106249630_3106249631_J60_J61_#5more': -156222.5}, {'J10': 13, 'J11': 32, 'J12': 20, 'J13': 24, 'cluster3106249630_3106249631_J60_J61_#5more': 42}, {'J10': 19, 'J11': 48, 'J12': 72, 'J13': 38, 'cluster3106249630_3106249631_J60_J61_#5more': 77}, 
1390.0, {'J10': -11093.5, 'J11': -108791.0, 'J12': -45385.5, 'J13': -23425.0, 'cluster3106249630_3106249631_J60_J61_#5more': -156992.5}, {'J10': 13, 'J11': 32, 'J12': 20, 'J13': 24, 'cluster3106249630_3106249631_J60_J61_#5more': 42}, {'J10': 19, 'J11': 48, 'J12': 73, 'J13': 38, 'cluster3106249630_3106249631_J60_J61_#5more': 77}, 
1395.0, {'J10': -11283.5, 'J11': -109271.0, 'J12': -46126.0, 'J13': -23805.0, 'cluster3106249630_3106249631_J60_J61_#5more': -157766.5}, {'J10': 13, 'J11': 32, 'J12': 20, 'J13': 24, 'cluster3106249630_3106249631_J60_J61_#5more': 42}, {'J10': 19, 'J11': 48, 'J12': 76, 'J13': 38, 'cluster3106249630_3106249631_J60_J61_#5more': 78}, 
1400.0, {'J10': -11473.5, 'J11': -109751.0, 'J12': -46899.5, 'J13': -24190.0, 'cluster3106249630_3106249631_J60_J61_#5more': -157805.5}, {'J10': 13, 'J11': 32, 'J12': 20, 'J13': 25, 'cluster3106249630_3106249631_J60_J61_#5more': 42}, {'J10': 19, 'J11': 48, 'J12': 80, 'J13': 41, 'cluster3106249630_3106249631_J60_J61_#5more': 78}, 
1405.0, {'J10': -11663.5, 'J11': -110231.0, 'J12': -47699.5, 'J13': -24611.0, 'cluster3106249630_3106249631_J60_J61_#5more': -158586.0}, {'J10': 13, 'J11': 32, 'J12': 20, 'J13': 28, 'cluster3106249630_3106249631_J60_J61_#5more': 42}, {'J10': 19, 'J11': 48, 'J12': 80, 'J13': 45, 'cluster3106249630_3106249631_J60_J61_#5more': 79}, 
1410.0, {'J10': -11361.0, 'J11': -110711.0, 'J12': -48499.5, 'J13': -25061.0, 'cluster3106249630_3106249631_J60_J61_#5more': -159212.5}, {'J10': 13, 'J11': 32, 'J12': 20, 'J13': 28, 'cluster3106249630_3106249631_J60_J61_#5more': 42}, {'J10': 19, 'J11': 48, 'J12': 80, 'J13': 45, 'cluster3106249630_3106249631_J60_J61_#5more': 79}, 
1415.0, {'J10': -11551.0, 'J11': -111191.0, 'J12': -49299.5, 'J13': -25511.0, 'cluster3106249630_3106249631_J60_J61_#5more': -159620.5}, {'J10': 13, 'J11': 32, 'J12': 20, 'J13': 28, 'cluster3106249630_3106249631_J60_J61_#5more': 42}, {'J10': 19, 'J11': 48, 'J12': 80, 'J13': 45, 'cluster3106249630_3106249631_J60_J61_#5more': 75}, 
1420.0, {'J10': -11748.5, 'J11': -111671.0, 'J12': -50099.5, 'J13': -25961.0, 'cluster3106249630_3106249631_J60_J61_#5more': -160237.5}, {'J10': 13, 'J11': 32, 'J12': 20, 'J13': 28, 'cluster3106249630_3106249631_J60_J61_#5more': 42}, {'J10': 21, 'J11': 48, 'J12': 80, 'J13': 45, 'cluster3106249630_3106249631_J60_J61_#5more': 72}, 
1425.0, {'J10': -11895.5, 'J11': -112151.0, 'J12': -50899.5, 'J13': -26411.0, 'cluster3106249630_3106249631_J60_J61_#5more': -160962.5}, {'J10': 13, 'J11': 32, 'J12': 20, 'J13': 28, 'cluster3106249630_3106249631_J60_J61_#5more': 42}, {'J10': 19, 'J11': 48, 'J12': 80, 'J13': 45, 'cluster3106249630_3106249631_J60_J61_#5more': 74}, 
1430.0, {'J10': -12060.5, 'J11': -112631.0, 'J12': -51699.5, 'J13': -26861.0, 'cluster3106249630_3106249631_J60_J61_#5more': -161707.5}, {'J10': 13, 'J11': 32, 'J12': 20, 'J13': 28, 'cluster3106249630_3106249631_J60_J61_#5more': 42}, {'J10': 18, 'J11': 48, 'J12': 80, 'J13': 45, 'cluster3106249630_3106249631_J60_J61_#5more': 76}, 
1435.0, {'J10': -12240.5, 'J11': -113111.0, 'J12': -52499.5, 'J13': -27311.0, 'cluster3106249630_3106249631_J60_J61_#5more': -162467.5}, {'J10': 13, 'J11': 32, 'J12': 20, 'J13': 28, 'cluster3106249630_3106249631_J60_J61_#5more': 42}, {'J10': 18, 'J11': 48, 'J12': 80, 'J13': 45, 'cluster3106249630_3106249631_J60_J61_#5more': 76}, 
1440.0, {'J10': -12420.5, 'J11': -113591.0, 'J12': -53299.5, 'J13': -27761.0, 'cluster3106249630_3106249631_J60_J61_#5more': -163227.5}, {'J10': 13, 'J11': 32, 'J12': 20, 'J13': 28, 'cluster3106249630_3106249631_J60_J61_#5more': 42}, {'J10': 18, 'J11': 48, 'J12': 80, 'J13': 45, 'cluster3106249630_3106249631_J60_J61_#5more': 76}, 
1445.0, {'J10': -12600.5, 'J11': -114071.0, 'J12': -52199.0, 'J13': -25141.5, 'cluster3106249630_3106249631_J60_J61_#5more': -163987.5}, {'J10': 13, 'J11': 32, 'J12': 20, 'J13': 26, 'cluster3106249630_3106249631_J60_J61_#5more': 42}, {'J10': 18, 'J11': 48, 'J12': 75, 'J13': 42, 'cluster3106249630_3106249631_J60_J61_#5more': 76}, 
1450.0, {'J10': -12780.5, 'J11': -114551.0, 'J12': -52949.0, 'J13': -22794.0, 'cluster3106249630_3106249631_J60_J61_#5more': -164747.5}, {'J10': 13, 'J11': 32, 'J12': 20, 'J13': 24, 'cluster3106249630_3106249631_J60_J61_#5more': 42}, {'J10': 18, 'J11': 48, 'J12': 75, 'J13': 38, 'cluster3106249630_3106249631_J60_J61_#5more': 76}, 
1455.0, {'J10': -12960.5, 'J11': -115032.0, 'J12': -53702.5, 'J13': -23174.0, 'cluster3106249630_3106249631_J60_J61_#5more': -165507.5}, {'J10': 13, 'J11': 32, 'J12': 20, 'J13': 24, 'cluster3106249630_3106249631_J60_J61_#5more': 42}, {'J10': 18, 'J11': 49, 'J12': 78, 'J13': 38, 'cluster3106249630_3106249631_J60_J61_#5more': 76}, 
1460.0, {'J10': -13140.5, 'J11': -115522.0, 'J12': -54491.0, 'J13': -23554.0, 'cluster3106249630_3106249631_J60_J61_#5more': -166267.5}, {'J10': 13, 'J11': 32, 'J12': 20, 'J13': 24, 'cluster3106249630_3106249631_J60_J61_#5more': 42}, {'J10': 18, 'J11': 49, 'J12': 80, 'J13': 38, 'cluster3106249630_3106249631_J60_J61_#5more': 76}, 
1465.0, {'J10': -13320.5, 'J11': -116012.0, 'J12': -54647.0, 'J13': -23939.5, 'cluster3106249630_3106249631_J60_J61_#5more': -166165.0}, {'J10': 13, 'J11': 32, 'J12': 20, 'J13': 25, 'cluster3106249630_3106249631_J60_J61_#5more': 42}, {'J10': 18, 'J11': 49, 'J12': 79, 'J13': 41, 'cluster3106249630_3106249631_J60_J61_#5more': 75}, 
1470.0, {'J10': -13500.5, 'J11': -116502.0, 'J12': -54645.0, 'J13': -24359.5, 'cluster3106249630_3106249631_J60_J61_#5more': -166919.5}, {'J10': 13, 'J11': 32, 'J12': 20, 'J13': 28, 'cluster3106249630_3106249631_J60_J61_#5more': 42}, {'J10': 18, 'J11': 49, 'J12': 78, 'J13': 44, 'cluster3106249630_3106249631_J60_J61_#5more': 77}, 
1475.0, {'J10': -12812.5, 'J11': -116951.0, 'J12': -54212.0, 'J13': -24799.5, 'cluster3106249630_3106249631_J60_J61_#5more': -167665.0}, {'J10': 13, 'J11': 32, 'J12': 20, 'J13': 28, 'cluster3106249630_3106249631_J60_J61_#5more': 42}, {'J10': 16, 'J11': 48, 'J12': 77, 'J13': 44, 'cluster3106249630_3106249631_J60_J61_#5more': 75}, 
1480.0, {'J10': -12972.5, 'J11': -117431.0, 'J12': -54734.0, 'J13': -25239.5, 'cluster3106249630_3106249631_J60_J61_#5more': -168415.0}, {'J10': 13, 'J11': 32, 'J12': 20, 'J13': 28, 'cluster3106249630_3106249631_J60_J61_#5more': 42}, {'J10': 16, 'J11': 48, 'J12': 77, 'J13': 44, 'cluster3106249630_3106249631_J60_J61_#5more': 75}, 
1485.0, {'J10': -13143.5, 'J11': -117911.0, 'J12': -55319.0, 'J13': -25679.5, 'cluster3106249630_3106249631_J60_J61_#5more': -169171.0}, {'J10': 13, 'J11': 32, 'J12': 20, 'J13': 28, 'cluster3106249630_3106249631_J60_J61_#5more': 42}, {'J10': 19, 'J11': 48, 'J12': 76, 'J13': 44, 'cluster3106249630_3106249631_J60_J61_#5more': 77}, 
1490.0, {'J10': -13324.5, 'J11': -118391.0, 'J12': -56064.0, 'J13': -26119.5, 'cluster3106249630_3106249631_J60_J61_#5more': -169941.0}, {'J10': 13, 'J11': 32, 'J12': 20, 'J13': 28, 'cluster3106249630_3106249631_J60_J61_#5more': 42}, {'J10': 19, 'J11': 48, 'J12': 78, 'J13': 44, 'cluster3106249630_3106249631_J60_J61_#5more': 77}, 
1495.0, {'J10': -13514.5, 'J11': -118871.0, 'J12': -56156.0, 'J13': -26559.5, 'cluster3106249630_3106249631_J60_J61_#5more': -170570.5}, {'J10': 13, 'J11': 32, 'J12': 20, 'J13': 28, 'cluster3106249630_3106249631_J60_J61_#5more': 42}, {'J10': 19, 'J11': 48, 'J12': 76, 'J13': 44, 'cluster3106249630_3106249631_J60_J61_#5more': 77}, 
1500.0, {'J10': -13704.5, 'J11': -119351.0, 'J12': -55298.5, 'J13': -26999.5, 'cluster3106249630_3106249631_J60_J61_#5more': -171340.5}, {'J10': 13, 'J11': 32, 'J12': 20, 'J13': 28, 'cluster3106249630_3106249631_J60_J61_#5more': 42}, {'J10': 19, 'J11': 48, 'J12': 74, 'J13': 44, 'cluster3106249630_3106249631_J60_J61_#5more': 77}, 
1505.0, {'J10': -13894.5, 'J11': -119831.0, 'J12': -55976.0, 'J13': -27439.5, 'cluster3106249630_3106249631_J60_J61_#5more': -172120.5}, {'J10': 13, 'J11': 32, 'J12': 20, 'J13': 28, 'cluster3106249630_3106249631_J60_J61_#5more': 42}, {'J10': 19, 'J11': 48, 'J12': 73, 'J13': 44, 'cluster3106249630_3106249631_J60_J61_#5more': 80}, 
1510.0, {'J10': -14084.5, 'J11': -120311.0, 'J12': -56689.0, 'J13': -24038.0, 'cluster3106249630_3106249631_J60_J61_#5more': -172925.5}, {'J10': 13, 'J11': 32, 'J12': 20, 'J13': 25, 'cluster3106249630_3106249631_J60_J61_#5more': 42}, {'J10': 19, 'J11': 48, 'J12': 75, 'J13': 41, 'cluster3106249630_3106249631_J60_J61_#5more': 82}, 
1515.0, {'J10': -14274.5, 'J11': -120791.0, 'J12': -56075.5, 'J13': -22560.0, 'cluster3106249630_3106249631_J60_J61_#5more': -173564.0}, {'J10': 13, 'J11': 32, 'J12': 20, 'J13': 24, 'cluster3106249630_3106249631_J60_J61_#5more': 42}, {'J10': 19, 'J11': 48, 'J12': 75, 'J13': 38, 'cluster3106249630_3106249631_J60_J61_#5more': 82}, 
1520.0, {'J10': -14464.5, 'J11': -121271.0, 'J12': -56086.5, 'J13': -22940.5, 'cluster3106249630_3106249631_J60_J61_#5more': -174386.0}, {'J10': 13, 'J11': 32, 'J12': 20, 'J13': 24, 'cluster3106249630_3106249631_J60_J61_#5more': 42}, {'J10': 19, 'J11': 48, 'J12': 72, 'J13': 39, 'cluster3106249630_3106249631_J60_J61_#5more': 84}, 
1525.0, {'J10': -14654.5, 'J11': -121751.0, 'J12': -55680.5, 'J13': -23330.5, 'cluster3106249630_3106249631_J60_J61_#5more': -175226.0}, {'J10': 13, 'J11': 32, 'J12': 20, 'J13': 24, 'cluster3106249630_3106249631_J60_J61_#5more': 42}, {'J10': 19, 'J11': 48, 'J12': 71, 'J13': 39, 'cluster3106249630_3106249631_J60_J61_#5more': 84}, 
1530.0, {'J10': -14844.5, 'J11': -122231.0, 'J12': -56400.0, 'J13': -23724.5, 'cluster3106249630_3106249631_J60_J61_#5more': -175661.0}, {'J10': 13, 'J11': 32, 'J12': 20, 'J13': 24, 'cluster3106249630_3106249631_J60_J61_#5more': 42}, {'J10': 19, 'J11': 48, 'J12': 74, 'J13': 41, 'cluster3106249630_3106249631_J60_J61_#5more': 82}, 
1535.0, {'J10': -15034.5, 'J11': -122712.0, 'J12': -56352.5, 'J13': -24153.0, 'cluster3106249630_3106249631_J60_J61_#5more': -175566.0}, {'J10': 13, 'J11': 32, 'J12': 20, 'J13': 28, 'cluster3106249630_3106249631_J60_J61_#5more': 42}, {'J10': 19, 'J11': 49, 'J12': 75, 'J13': 46, 'cluster3106249630_3106249631_J60_J61_#5more': 80}, 
1540.0, {'J10': -15109.5, 'J11': -123202.0, 'J12': -56163.0, 'J13': -24613.0, 'cluster3106249630_3106249631_J60_J61_#5more': -176330.5}, {'J10': 13, 'J11': 32, 'J12': 20, 'J13': 28, 'cluster3106249630_3106249631_J60_J61_#5more': 42}, {'J10': 18, 'J11': 49, 'J12': 72, 'J13': 46, 'cluster3106249630_3106249631_J60_J61_#5more': 80}, 
1545.0, {'J10': -15289.5, 'J11': -123692.0, 'J12': -56883.0, 'J13': -25073.0, 'cluster3106249630_3106249631_J60_J61_#5more': -177041.0}, {'J10': 13, 'J11': 32, 'J12': 20, 'J13': 28, 'cluster3106249630_3106249631_J60_J61_#5more': 42}, {'J10': 18, 'J11': 49, 'J12': 72, 'J13': 46, 'cluster3106249630_3106249631_J60_J61_#5more': 78}, 
1550.0, {'J10': -15469.5, 'J11': -124182.0, 'J12': -57603.5, 'J13': -25533.0, 'cluster3106249630_3106249631_J60_J61_#5more': -177821.0}, {'J10': 13, 'J11': 32, 'J12': 20, 'J13': 28, 'cluster3106249630_3106249631_J60_J61_#5more': 42}, {'J10': 18, 'J11': 49, 'J12': 73, 'J13': 46, 'cluster3106249630_3106249631_J60_J61_#5more': 78}, 
1555.0, {'J10': -15649.5, 'J11': -124632.5, 'J12': -58335.5, 'J13': -25993.0, 'cluster3106249630_3106249631_J60_J61_#5more': -178601.0}, {'J10': 13, 'J11': 32, 'J12': 20, 'J13': 28, 'cluster3106249630_3106249631_J60_J61_#5more': 42}, {'J10': 18, 'J11': 49, 'J12': 75, 'J13': 46, 'cluster3106249630_3106249631_J60_J61_#5more': 78}, 
1560.0, {'J10': -15829.5, 'J11': -125113.0, 'J12': -59092.0, 'J13': -26453.0, 'cluster3106249630_3106249631_J60_J61_#5more': -179390.0}, {'J10': 13, 'J11': 32, 'J12': 20, 'J13': 28, 'cluster3106249630_3106249631_J60_J61_#5more': 42}, {'J10': 18, 'J11': 50, 'J12': 77, 'J13': 46, 'cluster3106249630_3106249631_J60_J61_#5more': 81}, 
1565.0, {'J10': -16009.5, 'J11': -125618.0, 'J12': -59862.0, 'J13': -26913.0, 'cluster3106249630_3106249631_J60_J61_#5more': -180185.5}, {'J10': 13, 'J11': 32, 'J12': 20, 'J13': 28, 'cluster3106249630_3106249631_J60_J61_#5more': 42}, {'J10': 18, 'J11': 52, 'J12': 77, 'J13': 46, 'cluster3106249630_3106249631_J60_J61_#5more': 80}, 
1570.0, {'J10': -16189.5, 'J11': -126147.0, 'J12': -60632.0, 'J13': -27373.0, 'cluster3106249630_3106249631_J60_J61_#5more': -180985.5}, {'J10': 13, 'J11': 32, 'J12': 20, 'J13': 28, 'cluster3106249630_3106249631_J60_J61_#5more': 42}, {'J10': 18, 'J11': 54, 'J12': 77, 'J13': 46, 'cluster3106249630_3106249631_J60_J61_#5more': 80}, 
1575.0, {'J10': -16369.5, 'J11': -126601.5, 'J12': -61402.0, 'J13': -23064.0, 'cluster3106249630_3106249631_J60_J61_#5more': -181785.5}, {'J10': 13, 'J11': 32, 'J12': 20, 'J13': 25, 'cluster3106249630_3106249631_J60_J61_#5more': 42}, {'J10': 18, 'J11': 51, 'J12': 77, 'J13': 41, 'cluster3106249630_3106249631_J60_J61_#5more': 80}, 
1580.0, {'J10': -16549.5, 'J11': -127031.0, 'J12': -62172.0, 'J13': -22593.0, 'cluster3106249630_3106249631_J60_J61_#5more': -182594.5}, {'J10': 13, 'J11': 32, 'J12': 20, 'J13': 24, 'cluster3106249630_3106249631_J60_J61_#5more': 42}, {'J10': 18, 'J11': 48, 'J12': 77, 'J13': 40, 'cluster3106249630_3106249631_J60_J61_#5more': 82}, 
1585.0, {'J10': -16729.5, 'J11': -127511.5, 'J12': -62942.0, 'J13': -22993.5, 'cluster3106249630_3106249631_J60_J61_#5more': -183414.5}, {'J10': 13, 'J11': 32, 'J12': 20, 'J13': 24, 'cluster3106249630_3106249631_J60_J61_#5more': 42}, {'J10': 18, 'J11': 49, 'J12': 77, 'J13': 41, 'cluster3106249630_3106249631_J60_J61_#5more': 82}, 
1590.0, {'J10': -16909.5, 'J11': -127991.0, 'J12': -63712.0, 'J13': -23403.5, 'cluster3106249630_3106249631_J60_J61_#5more': -184234.5}, {'J10': 13, 'J11': 32, 'J12': 20, 'J13': 24, 'cluster3106249630_3106249631_J60_J61_#5more': 42}, {'J10': 18, 'J11': 48, 'J12': 77, 'J13': 41, 'cluster3106249630_3106249631_J60_J61_#5more': 82}, 
1595.0, {'J10': -17089.5, 'J11': -128471.0, 'J12': -62234.0, 'J13': -23816.5, 'cluster3106249630_3106249631_J60_J61_#5more': -185055.5}, {'J10': 13, 'J11': 32, 'J12': 20, 'J13': 24, 'cluster3106249630_3106249631_J60_J61_#5more': 42}, {'J10': 18, 'J11': 48, 'J12': 74, 'J13': 42, 'cluster3106249630_3106249631_J60_J61_#5more': 83}, 
1600.0, {'J10': -17269.5, 'J11': -128951.0, 'J12': -62963.0, 'J13': -24245.5, 'cluster3106249630_3106249631_J60_J61_#5more': -185874.5}, {'J10': 13, 'J11': 32, 'J12': 20, 'J13': 27, 'cluster3106249630_3106249631_J60_J61_#5more': 42}, {'J10': 18, 'J11': 48, 'J12': 73, 'J13': 45, 'cluster3106249630_3106249631_J60_J61_#5more': 82}, 
1605.0, {'J10': -17452.0, 'J11': -129431.0, 'J12': -63694.0, 'J13': -24699.5, 'cluster3106249630_3106249631_J60_J61_#5more': -186694.5}, {'J10': 13, 'J11': 32, 'J12': 20, 'J13': 28, 'cluster3106249630_3106249631_J60_J61_#5more': 42}, {'J10': 19, 'J11': 48, 'J12': 75, 'J13': 46, 'cluster3106249630_3106249631_J60_J61_#5more': 82}, 
1610.0, {'J10': -17629.5, 'J11': -129911.0, 'J12': -64452.0, 'J13': -25159.5, 'cluster3106249630_3106249631_J60_J61_#5more': -187514.5}, {'J10': 13, 'J11': 32, 'J12': 20, 'J13': 28, 'cluster3106249630_3106249631_J60_J61_#5more': 42}, {'J10': 18, 'J11': 48, 'J12': 77, 'J13': 46, 'cluster3106249630_3106249631_J60_J61_#5more': 82}, 
1615.0, {'J10': -17809.5, 'J11': -130391.0, 'J12': -64219.0, 'J13': -25619.5, 'cluster3106249630_3106249631_J60_J61_#5more': -188334.5}, {'J10': 13, 'J11': 32, 'J12': 20, 'J13': 28, 'cluster3106249630_3106249631_J60_J61_#5more': 42}, {'J10': 18, 'J11': 48, 'J12': 76, 'J13': 46, 'cluster3106249630_3106249631_J60_J61_#5more': 82}, 
1620.0, {'J10': -17989.5, 'J11': -130871.0, 'J12': -64788.5, 'J13': -26079.5, 'cluster3106249630_3106249631_J60_J61_#5more': -189154.5}, {'J10': 13, 'J11': 32, 'J12': 20, 'J13': 28, 'cluster3106249630_3106249631_J60_J61_#5more': 42}, {'J10': 18, 'J11': 48, 'J12': 75, 'J13': 46, 'cluster3106249630_3106249631_J60_J61_#5more': 82}, 
1625.0, {'J10': -18170.5, 'J11': -131351.0, 'J12': -65538.5, 'J13': -26539.5, 'cluster3106249630_3106249631_J60_J61_#5more': -189974.5}, {'J10': 13, 'J11': 32, 'J12': 20, 'J13': 28, 'cluster3106249630_3106249631_J60_J61_#5more': 42}, {'J10': 19, 'J11': 48, 'J12': 75, 'J13': 46, 'cluster3106249630_3106249631_J60_J61_#5more': 82}, 
1630.0, {'J10': -18360.5, 'J11': -131831.0, 'J12': -66288.5, 'J13': -27002.5, 'cluster3106249630_3106249631_J60_J61_#5more': -190794.5}, {'J10': 13, 'J11': 32, 'J12': 20, 'J13': 28, 'cluster3106249630_3106249631_J60_J61_#5more': 42}, {'J10': 19, 'J11': 48, 'J12': 75, 'J13': 47, 'cluster3106249630_3106249631_J60_J61_#5more': 82}, 
1635.0, {'J10': -18550.5, 'J11': -132311.0, 'J12': -67038.5, 'J13': -27472.5, 'cluster3106249630_3106249631_J60_J61_#5more': -191461.5}, {'J10': 13, 'J11': 32, 'J12': 20, 'J13': 28, 'cluster3106249630_3106249631_J60_J61_#5more': 42}, {'J10': 19, 'J11': 48, 'J12': 75, 'J13': 47, 'cluster3106249630_3106249631_J60_J61_#5more': 81}, 
1640.0, {'J10': -18740.5, 'J11': -132791.0, 'J12': -67794.0, 'J13': -27919.5, 'cluster3106249630_3106249631_J60_J61_#5more': -192271.5}, {'J10': 13, 'J11': 32, 'J12': 20, 'J13': 28, 'cluster3106249630_3106249631_J60_J61_#5more': 42}, {'J10': 19, 'J11': 48, 'J12': 78, 'J13': 46, 'cluster3106249630_3106249631_J60_J61_#5more': 81}, 
1645.0, {'J10': -18930.5, 'J11': -133271.0, 'J12': -68583.5, 'J13': -27626.5, 'cluster3106249630_3106249631_J60_J61_#5more': -193081.5}, {'J10': 13, 'J11': 32, 'J12': 20, 'J13': 28, 'cluster3106249630_3106249631_J60_J61_#5more': 42}, {'J10': 19, 'J11': 48, 'J12': 81, 'J13': 45, 'cluster3106249630_3106249631_J60_J61_#5more': 81}, 
1650.0, {'J10': -19120.5, 'J11': -133751.0, 'J12': -69393.5, 'J13': -28076.5, 'cluster3106249630_3106249631_J60_J61_#5more': -193892.0}, {'J10': 13, 'J11': 32, 'J12': 20, 'J13': 28, 'cluster3106249630_3106249631_J60_J61_#5more': 42}, {'J10': 19, 'J11': 48, 'J12': 81, 'J13': 45, 'cluster3106249630_3106249631_J60_J61_#5more': 82}, 
1655.0, {'J10': -19310.5, 'J11': -134231.0, 'J12': -70183.0, 'J13': -28526.5, 'cluster3106249630_3106249631_J60_J61_#5more': -194712.0}, {'J10': 13, 'J11': 32, 'J12': 20, 'J13': 28, 'cluster3106249630_3106249631_J60_J61_#5more': 42}, {'J10': 19, 'J11': 48, 'J12': 80, 'J13': 45, 'cluster3106249630_3106249631_J60_J61_#5more': 82}, 
1660.0, {'J10': -19500.5, 'J11': -134711.0, 'J12': -66565.5, 'J13': -28977.0, 'cluster3106249630_3106249631_J60_J61_#5more': -194451.0}, {'J10': 13, 'J11': 32, 'J12': 20, 'J13': 28, 'cluster3106249630_3106249631_J60_J61_#5more': 42}, {'J10': 19, 'J11': 48, 'J12': 75, 'J13': 46, 'cluster3106249630_3106249631_J60_J61_#5more': 82}, 
1665.0, {'J10': -19690.5, 'J11': -135191.0, 'J12': -67317.5, 'J13': -29437.0, 'cluster3106249630_3106249631_J60_J61_#5more': -195271.0}, {'J10': 13, 'J11': 32, 'J12': 20, 'J13': 28, 'cluster3106249630_3106249631_J60_J61_#5more': 42}, {'J10': 19, 'J11': 48, 'J12': 76, 'J13': 46, 'cluster3106249630_3106249631_J60_J61_#5more': 82}, 
1670.0, {'J10': -19789.5, 'J11': -135671.0, 'J12': -68058.5, 'J13': -29897.0, 'cluster3106249630_3106249631_J60_J61_#5more': -195875.0}, {'J10': 13, 'J11': 32, 'J12': 20, 'J13': 28, 'cluster3106249630_3106249631_J60_J61_#5more': 42}, {'J10': 18, 'J11': 48, 'J12': 77, 'J13': 46, 'cluster3106249630_3106249631_J60_J61_#5more': 83}, 
1675.0, {'J10': -19969.5, 'J11': -136151.0, 'J12': -68815.0, 'J13': -30357.0, 'cluster3106249630_3106249631_J60_J61_#5more': -196709.0}, {'J10': 13, 'J11': 32, 'J12': 20, 'J13': 28, 'cluster3106249630_3106249631_J60_J61_#5more': 42}, {'J10': 18, 'J11': 48, 'J12': 78, 'J13': 46, 'cluster3106249630_3106249631_J60_J61_#5more': 84}, 
1680.0, {'J10': -20149.5, 'J11': -136631.0, 'J12': -69595.0, 'J13': -30817.0, 'cluster3106249630_3106249631_J60_J61_#5more': -197141.5}, {'J10': 13, 'J11': 32, 'J12': 20, 'J13': 28, 'cluster3106249630_3106249631_J60_J61_#5more': 42}, {'J10': 18, 'J11': 48, 'J12': 78, 'J13': 46, 'cluster3106249630_3106249631_J60_J61_#5more': 83}, 
1685.0, {'J10': -20329.5, 'J11': -137111.0, 'J12': -70375.5, 'J13': -31280.5, 'cluster3106249630_3106249631_J60_J61_#5more': -197978.5}, {'J10': 13, 'J11': 32, 'J12': 20, 'J13': 28, 'cluster3106249630_3106249631_J60_J61_#5more': 42}, {'J10': 18, 'J11': 48, 'J12': 79, 'J13': 47, 'cluster3106249630_3106249631_J60_J61_#5more': 85}, 
1690.0, {'J10': -20509.5, 'J11': -137591.0, 'J12': -71165.5, 'J13': -31750.5, 'cluster3106249630_3106249631_J60_J61_#5more': -198619.0}, {'J10': 13, 'J11': 32, 'J12': 20, 'J13': 28, 'cluster3106249630_3106249631_J60_J61_#5more': 42}, {'J10': 18, 'J11': 48, 'J12': 79, 'J13': 47, 'cluster3106249630_3106249631_J60_J61_#5more': 81}, 
1695.0, {'J10': -20689.5, 'J11': -138071.0, 'J12': -71956.0, 'J13': -32220.5, 'cluster3106249630_3106249631_J60_J61_#5more': -199286.0}, {'J10': 13, 'J11': 32, 'J12': 20, 'J13': 28, 'cluster3106249630_3106249631_J60_J61_#5more': 42}, {'J10': 18, 'J11': 48, 'J12': 80, 'J13': 47, 'cluster3106249630_3106249631_J60_J61_#5more': 77}, 
1700.0, {'J10': -20869.5, 'J11': -138551.0, 'J12': -72756.0, 'J13': -32690.5, 'cluster3106249630_3106249631_J60_J61_#5more': -200063.0}, {'J10': 13, 'J11': 32, 'J12': 20, 'J13': 28, 'cluster3106249630_3106249631_J60_J61_#5more': 42}, {'J10': 18, 'J11': 48, 'J12': 80, 'J13': 47, 'cluster3106249630_3106249631_J60_J61_#5more': 80}, 
1705.0, {'J10': -21049.5, 'J11': -139031.0, 'J12': -73556.0, 'J13': -33117.0, 'cluster3106249630_3106249631_J60_J61_#5more': -200863.0}, {'J10': 13, 'J11': 32, 'J12': 20, 'J13': 28, 'cluster3106249630_3106249631_J60_J61_#5more': 42}, {'J10': 18, 'J11': 48, 'J12': 80, 'J13': 46, 'cluster3106249630_3106249631_J60_J61_#5more': 80}, 
1710.0, {'J10': -21229.5, 'J11': -139511.0, 'J12': -74356.0, 'J13': -33577.0, 'cluster3106249630_3106249631_J60_J61_#5more': -201666.5}, {'J10': 13, 'J11': 32, 'J12': 20, 'J13': 28, 'cluster3106249630_3106249631_J60_J61_#5more': 42}, {'J10': 18, 'J11': 48, 'J12': 80, 'J13': 46, 'cluster3106249630_3106249631_J60_J61_#5more': 81}, 
1715.0, {'J10': -21409.5, 'J11': -139991.5, 'J12': -75156.0, 'J13': -34037.0, 'cluster3106249630_3106249631_J60_J61_#5more': -202444.0}, {'J10': 13, 'J11': 32, 'J12': 20, 'J13': 28, 'cluster3106249630_3106249631_J60_J61_#5more': 42}, {'J10': 18, 'J11': 49, 'J12': 80, 'J13': 46, 'cluster3106249630_3106249631_J60_J61_#5more': 80}, 
1720.0, {'J10': -21594.0, 'J11': -140471.0, 'J12': -75956.0, 'J13': -34499.0, 'cluster3106249630_3106249631_J60_J61_#5more': -203244.0}, {'J10': 13, 'J11': 32, 'J12': 20, 'J13': 28, 'cluster3106249630_3106249631_J60_J61_#5more': 42}, {'J10': 19, 'J11': 48, 'J12': 80, 'J13': 47, 'cluster3106249630_3106249631_J60_J61_#5more': 80}, 
1725.0, {'J10': -21784.0, 'J11': -140951.0, 'J12': -75059.5, 'J13': -34969.0, 'cluster3106249630_3106249631_J60_J61_#5more': -202865.0}, {'J10': 13, 'J11': 32, 'J12': 20, 'J13': 28, 'cluster3106249630_3106249631_J60_J61_#5more': 42}, {'J10': 19, 'J11': 48, 'J12': 76, 'J13': 47, 'cluster3106249630_3106249631_J60_J61_#5more': 80}, 
1730.0, {'J10': -21974.0, 'J11': -141431.0, 'J12': -75275.5, 'J13': -35439.0, 'cluster3106249630_3106249631_J60_J61_#5more': -202565.5}, {'J10': 13, 'J11': 32, 'J12': 20, 'J13': 28, 'cluster3106249630_3106249631_J60_J61_#5more': 42}, {'J10': 19, 'J11': 48, 'J12': 75, 'J13': 47, 'cluster3106249630_3106249631_J60_J61_#5more': 81}, 
1735.0, {'J10': -22129.5, 'J11': -141911.0, 'J12': -76035.5, 'J13': -35909.0, 'cluster3106249630_3106249631_J60_J61_#5more': -203381.0}, {'J10': 13, 'J11': 32, 'J12': 20, 'J13': 28, 'cluster3106249630_3106249631_J60_J61_#5more': 42}, {'J10': 18, 'J11': 48, 'J12': 79, 'J13': 47, 'cluster3106249630_3106249631_J60_J61_#5more': 83}, 
1740.0, {'J10': -22309.5, 'J11': -142391.0, 'J12': -76833.5, 'J13': -36379.0, 'cluster3106249630_3106249631_J60_J61_#5more': -204217.5}, {'J10': 13, 'J11': 32, 'J12': 20, 'J13': 28, 'cluster3106249630_3106249631_J60_J61_#5more': 42}, {'J10': 18, 'J11': 48, 'J12': 81, 'J13': 47, 'cluster3106249630_3106249631_J60_J61_#5more': 85}, 
1745.0, {'J10': -22489.5, 'J11': -142871.0, 'J12': -76385.0, 'J13': -36849.0, 'cluster3106249630_3106249631_J60_J61_#5more': -204977.5}, {'J10': 13, 'J11': 32, 'J12': 20, 'J13': 28, 'cluster3106249630_3106249631_J60_J61_#5more': 42}, {'J10': 18, 'J11': 48, 'J12': 81, 'J13': 47, 'cluster3106249630_3106249631_J60_J61_#5more': 85}, 
1750.0, {'J10': -22669.5, 'J11': -143351.0, 'J12': -76723.5, 'J13': -37319.0, 'cluster3106249630_3106249631_J60_J61_#5more': -205642.0}, {'J10': 13, 'J11': 32, 'J12': 20, 'J13': 28, 'cluster3106249630_3106249631_J60_J61_#5more': 42}, {'J10': 18, 'J11': 48, 'J12': 80, 'J13': 47, 'cluster3106249630_3106249631_J60_J61_#5more': 83}, 
1755.0, {'J10': -22849.5, 'J11': -143831.0, 'J12': -76637.0, 'J13': -37789.0, 'cluster3106249630_3106249631_J60_J61_#5more': -206306.5}, {'J10': 13, 'J11': 32, 'J12': 20, 'J13': 28, 'cluster3106249630_3106249631_J60_J61_#5more': 42}, {'J10': 18, 'J11': 48, 'J12': 78, 'J13': 47, 'cluster3106249630_3106249631_J60_J61_#5more': 81}, 
1760.0, {'J10': -23029.5, 'J11': -144311.0, 'J12': -77417.0, 'J13': -38259.0, 'cluster3106249630_3106249631_J60_J61_#5more': -206892.5}, {'J10': 13, 'J11': 32, 'J12': 20, 'J13': 28, 'cluster3106249630_3106249631_J60_J61_#5more': 42}, {'J10': 18, 'J11': 48, 'J12': 78, 'J13': 47, 'cluster3106249630_3106249631_J60_J61_#5more': 77}, 
1765.0, {'J10': -23209.5, 'J11': -144791.0, 'J12': -77766.5, 'J13': -38729.0, 'cluster3106249630_3106249631_J60_J61_#5more': -207640.0}, {'J10': 13, 'J11': 32, 'J12': 20, 'J13': 28, 'cluster3106249630_3106249631_J60_J61_#5more': 42}, {'J10': 18, 'J11': 48, 'J12': 77, 'J13': 47, 'cluster3106249630_3106249631_J60_J61_#5more': 76}, 
1770.0, {'J10': -23389.5, 'J11': -145271.0, 'J12': -78536.5, 'J13': -35714.5, 'cluster3106249630_3106249631_J60_J61_#5more': -208400.0}, {'J10': 13, 'J11': 32, 'J12': 20, 'J13': 26, 'cluster3106249630_3106249631_J60_J61_#5more': 42}, {'J10': 18, 'J11': 48, 'J12': 77, 'J13': 43, 'cluster3106249630_3106249631_J60_J61_#5more': 76}, 
1775.0, {'J10': -23572.5, 'J11': -145751.0, 'J12': -79306.5, 'J13': -36144.5, 'cluster3106249630_3106249631_J60_J61_#5more': -209129.5}, {'J10': 13, 'J11': 32, 'J12': 20, 'J13': 26, 'cluster3106249630_3106249631_J60_J61_#5more': 42}, {'J10': 19, 'J11': 48, 'J12': 77, 'J13': 43, 'cluster3106249630_3106249631_J60_J61_#5more': 75}, 
1780.0, {'J10': -23762.5, 'J11': -146231.0, 'J12': -80076.5, 'J13': -36574.5, 'cluster3106249630_3106249631_J60_J61_#5more': -209879.5}, {'J10': 13, 'J11': 32, 'J12': 20, 'J13': 26, 'cluster3106249630_3106249631_J60_J61_#5more': 42}, {'J10': 19, 'J11': 48, 'J12': 77, 'J13': 43, 'cluster3106249630_3106249631_J60_J61_#5more': 75}, 
1785.0, {'J10': -23955.5, 'J11': -146711.0, 'J12': -80846.5, 'J13': -37004.5, 'cluster3106249630_3106249631_J60_J61_#5more': -210629.5}, {'J10': 13, 'J11': 32, 'J12': 20, 'J13': 26, 'cluster3106249630_3106249631_J60_J61_#5more': 42}, {'J10': 20, 'J11': 48, 'J12': 77, 'J13': 43, 'cluster3106249630_3106249631_J60_J61_#5more': 75}, 
1790.0, {'J10': -24155.5, 'J11': -147191.0, 'J12': -80321.0, 'J13': -37439.5, 'cluster3106249630_3106249631_J60_J61_#5more': -211380.5}, {'J10': 13, 'J11': 32, 'J12': 20, 'J13': 27, 'cluster3106249630_3106249631_J60_J61_#5more': 42}, {'J10': 20, 'J11': 48, 'J12': 73, 'J13': 45, 'cluster3106249630_3106249631_J60_J61_#5more': 76}, 
1795.0, {'J10': -24355.5, 'J11': -147671.0, 'J12': -80678.5, 'J13': -37894.0, 'cluster3106249630_3106249631_J60_J61_#5more': -212143.0}, {'J10': 13, 'J11': 32, 'J12': 20, 'J13': 28, 'cluster3106249630_3106249631_J60_J61_#5more': 42}, {'J10': 20, 'J11': 48, 'J12': 73, 'J13': 46, 'cluster3106249630_3106249631_J60_J61_#5more': 77}, 
1800.0, {'J10': -24503.5, 'J11': -148151.0, 'J12': -81409.0, 'J13': -38354.0, 'cluster3106249630_3106249631_J60_J61_#5more': -212879.5}, {'J10': 13, 'J11': 32, 'J12': 20, 'J13': 28, 'cluster3106249630_3106249631_J60_J61_#5more': 42}, {'J10': 20, 'J11': 48, 'J12': 74, 'J13': 46, 'cluster3106249630_3106249631_J60_J61_#5more': 75}, 
1805.0, {'J10': -24649.5, 'J11': -148631.5, 'J12': -82162.0, 'J13': -38814.0, 'cluster3106249630_3106249631_J60_J61_#5more': -213630.5}, {'J10': 13, 'J11': 32, 'J12': 20, 'J13': 28, 'cluster3106249630_3106249631_J60_J61_#5more': 42}, {'J10': 18, 'J11': 49, 'J12': 77, 'J13': 46, 'cluster3106249630_3106249631_J60_J61_#5more': 76}, 
1810.0, {'J10': -24829.5, 'J11': -149121.5, 'J12': -81549.0, 'J13': -39277.0, 'cluster3106249630_3106249631_J60_J61_#5more': -214399.5}, {'J10': 13, 'J11': 32, 'J12': 20, 'J13': 28, 'cluster3106249630_3106249631_J60_J61_#5more': 42}, {'J10': 18, 'J11': 49, 'J12': 77, 'J13': 47, 'cluster3106249630_3106249631_J60_J61_#5more': 79}, 
1815.0, {'J10': -25014.5, 'J11': -149591.0, 'J12': -82176.5, 'J13': -39747.0, 'cluster3106249630_3106249631_J60_J61_#5more': -215189.5}, {'J10': 13, 'J11': 32, 'J12': 20, 'J13': 28, 'cluster3106249630_3106249631_J60_J61_#5more': 42}, {'J10': 19, 'J11': 48, 'J12': 76, 'J13': 47, 'cluster3106249630_3106249631_J60_J61_#5more': 79}, 
1820.0, {'J10': -25204.5, 'J11': -150071.0, 'J12': -81582.5, 'J13': -40217.0, 'cluster3106249630_3106249631_J60_J61_#5more': -215979.5}, {'J10': 13, 'J11': 32, 'J12': 20, 'J13': 28, 'cluster3106249630_3106249631_J60_J61_#5more': 42}, {'J10': 19, 'J11': 48, 'J12': 75, 'J13': 47, 'cluster3106249630_3106249631_J60_J61_#5more': 79}, 
1825.0, {'J10': -25394.5, 'J11': -150551.0, 'J12': -82272.0, 'J13': -40687.0, 'cluster3106249630_3106249631_J60_J61_#5more': -216769.5}, {'J10': 13, 'J11': 32, 'J12': 20, 'J13': 28, 'cluster3106249630_3106249631_J60_J61_#5more': 42}, {'J10': 19, 'J11': 48, 'J12': 75, 'J13': 47, 'cluster3106249630_3106249631_J60_J61_#5more': 79}, 
1830.0, {'J10': -25584.5, 'J11': -151031.0, 'J12': -83024.0, 'J13': -41157.0, 'cluster3106249630_3106249631_J60_J61_#5more': -217508.5}, {'J10': 13, 'J11': 32, 'J12': 20, 'J13': 28, 'cluster3106249630_3106249631_J60_J61_#5more': 42}, {'J10': 19, 'J11': 48, 'J12': 76, 'J13': 47, 'cluster3106249630_3106249631_J60_J61_#5more': 78}, 
1835.0, {'J10': -25774.5, 'J11': -151512.0, 'J12': -83763.0, 'J13': -36070.5, 'cluster3106249630_3106249631_J60_J61_#5more': -218288.5}, {'J10': 13, 'J11': 32, 'J12': 20, 'J13': 25, 'cluster3106249630_3106249631_J60_J61_#5more': 42}, {'J10': 19, 'J11': 49, 'J12': 75, 'J13': 41, 'cluster3106249630_3106249631_J60_J61_#5more': 78}, 
1840.0, {'J10': -25964.5, 'J11': -151991.0, 'J12': -83263.5, 'J13': -36480.5, 'cluster3106249630_3106249631_J60_J61_#5more': -218941.5}, {'J10': 13, 'J11': 32, 'J12': 20, 'J13': 25, 'cluster3106249630_3106249631_J60_J61_#5more': 42}, {'J10': 19, 'J11': 48, 'J12': 73, 'J13': 41, 'cluster3106249630_3106249631_J60_J61_#5more': 77}, 
1845.0, {'J10': -26154.5, 'J11': -152471.0, 'J12': -83923.5, 'J13': -36890.5, 'cluster3106249630_3106249631_J60_J61_#5more': -219712.0}, {'J10': 13, 'J11': 32, 'J12': 20, 'J13': 25, 'cluster3106249630_3106249631_J60_J61_#5more': 42}, {'J10': 19, 'J11': 48, 'J12': 73, 'J13': 41, 'cluster3106249630_3106249631_J60_J61_#5more': 78}, 
1850.0, {'J10': -26344.5, 'J11': -152952.0, 'J12': -82876.5, 'J13': -37300.5, 'cluster3106249630_3106249631_J60_J61_#5more': -220413.0}, {'J10': 13, 'J11': 32, 'J12': 20, 'J13': 25, 'cluster3106249630_3106249631_J60_J61_#5more': 42}, {'J10': 19, 'J11': 49, 'J12': 70, 'J13': 41, 'cluster3106249630_3106249631_J60_J61_#5more': 78}, 
1855.0, {'J10': -26534.5, 'J11': -153431.0, 'J12': -83578.0, 'J13': -37716.5, 'cluster3106249630_3106249631_J60_J61_#5more': -221172.5}, {'J10': 13, 'J11': 32, 'J12': 20, 'J13': 27, 'cluster3106249630_3106249631_J60_J61_#5more': 42}, {'J10': 19, 'J11': 48, 'J12': 71, 'J13': 45, 'cluster3106249630_3106249631_J60_J61_#5more': 77}, 
1860.0, {'J10': -26728.5, 'J11': -153911.0, 'J12': -84291.0, 'J13': -38170.5, 'cluster3106249630_3106249631_J60_J61_#5more': -221902.0}, {'J10': 13, 'J11': 32, 'J12': 20, 'J13': 28, 'cluster3106249630_3106249631_J60_J61_#5more': 42}, {'J10': 20, 'J11': 48, 'J12': 74, 'J13': 46, 'cluster3106249630_3106249631_J60_J61_#5more': 76}, 
1865.0, {'J10': -26824.5, 'J11': -154391.0, 'J12': -84399.0, 'J13': -38630.5, 'cluster3106249630_3106249631_J60_J61_#5more': -222629.5}, {'J10': 13, 'J11': 32, 'J12': 20, 'J13': 28, 'cluster3106249630_3106249631_J60_J61_#5more': 42}, {'J10': 20, 'J11': 48, 'J12': 75, 'J13': 46, 'cluster3106249630_3106249631_J60_J61_#5more': 75}, 
1870.0, {'J10': -26991.5, 'J11': -154871.0, 'J12': -81812.0, 'J13': -39090.5, 'cluster3106249630_3106249631_J60_J61_#5more': -223380.5}, {'J10': 13, 'J11': 32, 'J12': 20, 'J13': 28, 'cluster3106249630_3106249631_J60_J61_#5more': 42}, {'J10': 19, 'J11': 48, 'J12': 70, 'J13': 46, 'cluster3106249630_3106249631_J60_J61_#5more': 76}, 
1875.0, {'J10': -27181.5, 'J11': -155351.0, 'J12': -82482.5, 'J13': -39550.5, 'cluster3106249630_3106249631_J60_J61_#5more': -224149.5}, {'J10': 13, 'J11': 32, 'J12': 20, 'J13': 28, 'cluster3106249630_3106249631_J60_J61_#5more': 42}, {'J10': 19, 'J11': 48, 'J12': 70, 'J13': 46, 'cluster3106249630_3106249631_J60_J61_#5more': 79}, 
1880.0, {'J10': -27371.5, 'J11': -155831.0, 'J12': -83185.0, 'J13': -40010.5, 'cluster3106249630_3106249631_J60_J61_#5more': -224918.5}, {'J10': 13, 'J11': 32, 'J12': 20, 'J13': 28, 'cluster3106249630_3106249631_J60_J61_#5more': 42}, {'J10': 19, 'J11': 48, 'J12': 72, 'J13': 46, 'cluster3106249630_3106249631_J60_J61_#5more': 78}, 
1885.0, {'J10': -27561.5, 'J11': -156311.0, 'J12': -76738.0, 'J13': -40470.5, 'cluster3106249630_3106249631_J60_J61_#5more': -225651.5}, {'J10': 13, 'J11': 32, 'J12': 20, 'J13': 28, 'cluster3106249630_3106249631_J60_J61_#5more': 42}, {'J10': 19, 'J11': 48, 'J12': 67, 'J13': 46, 'cluster3106249630_3106249631_J60_J61_#5more': 77}, 
1890.0, {'J10': -27751.5, 'J11': -156791.0, 'J12': -73299.5, 'J13': -40930.5, 'cluster3106249630_3106249631_J60_J61_#5more': -226379.5}, {'J10': 13, 'J11': 32, 'J12': 20, 'J13': 28, 'cluster3106249630_3106249631_J60_J61_#5more': 42}, {'J10': 19, 'J11': 48, 'J12': 64, 'J13': 46, 'cluster3106249630_3106249631_J60_J61_#5more': 75}, 
1895.0, {'J10': -27941.5, 'J11': -157271.0, 'J12': -73823.0, 'J13': -41390.5, 'cluster3106249630_3106249631_J60_J61_#5more': -227129.5}, {'J10': 13, 'J11': 32, 'J12': 20, 'J13': 28, 'cluster3106249630_3106249631_J60_J61_#5more': 42}, {'J10': 19, 'J11': 48, 'J12': 65, 'J13': 46, 'cluster3106249630_3106249631_J60_J61_#5more': 75}, 
1900.0, {'J10': -28131.5, 'J11': -157751.0, 'J12': -74503.0, 'J13': -37096.0, 'cluster3106249630_3106249631_J60_J61_#5more': -227879.5}, {'J10': 13, 'J11': 32, 'J12': 20, 'J13': 25, 'cluster3106249630_3106249631_J60_J61_#5more': 42}, {'J10': 19, 'J11': 48, 'J12': 73, 'J13': 42, 'cluster3106249630_3106249631_J60_J61_#5more': 75}, 
1905.0, {'J10': -28321.5, 'J11': -158231.0, 'J12': -74399.0, 'J13': -35493.0, 'cluster3106249630_3106249631_J60_J61_#5more': -228630.5}, {'J10': 13, 'J11': 32, 'J12': 20, 'J13': 24, 'cluster3106249630_3106249631_J60_J61_#5more': 42}, {'J10': 19, 'J11': 48, 'J12': 71, 'J13': 40, 'cluster3106249630_3106249631_J60_J61_#5more': 76}, 
1910.0, {'J10': -28511.5, 'J11': -158711.0, 'J12': -75048.5, 'J13': -35893.0, 'cluster3106249630_3106249631_J60_J61_#5more': -229399.5}, {'J10': 13, 'J11': 32, 'J12': 20, 'J13': 24, 'cluster3106249630_3106249631_J60_J61_#5more': 42}, {'J10': 19, 'J11': 48, 'J12': 70, 'J13': 40, 'cluster3106249630_3106249631_J60_J61_#5more': 79}, 
1915.0, {'J10': -28701.5, 'J11': -159191.5, 'J12': -75749.5, 'J13': -36293.0, 'cluster3106249630_3106249631_J60_J61_#5more': -230189.5}, {'J10': 13, 'J11': 32, 'J12': 20, 'J13': 24, 'cluster3106249630_3106249631_J60_J61_#5more': 42}, {'J10': 19, 'J11': 49, 'J12': 72, 'J13': 40, 'cluster3106249630_3106249631_J60_J61_#5more': 79}, 
1920.0, {'J10': -28891.5, 'J11': -159672.5, 'J12': -76474.0, 'J13': -36697.5, 'cluster3106249630_3106249631_J60_J61_#5more': -230952.0}, {'J10': 13, 'J11': 32, 'J12': 20, 'J13': 24, 'cluster3106249630_3106249631_J60_J61_#5more': 42}, {'J10': 19, 'J11': 49, 'J12': 74, 'J13': 42, 'cluster3106249630_3106249631_J60_J61_#5more': 80}, 
1925.0, {'J10': -29081.5, 'J11': -160165.5, 'J12': -77223.0, 'J13': -37127.0, 'cluster3106249630_3106249631_J60_J61_#5more': -231694.5}, {'J10': 13, 'J11': 32, 'J12': 20, 'J13': 27, 'cluster3106249630_3106249631_J60_J61_#5more': 42}, {'J10': 19, 'J11': 50, 'J12': 78, 'J13': 45, 'cluster3106249630_3106249631_J60_J61_#5more': 78}, 
1930.0, {'J10': -29149.5, 'J11': -160631.0, 'J12': -78004.5, 'J13': -37581.0, 'cluster3106249630_3106249631_J60_J61_#5more': -232474.5}, {'J10': 13, 'J11': 32, 'J12': 20, 'J13': 28, 'cluster3106249630_3106249631_J60_J61_#5more': 42}, {'J10': 18, 'J11': 48, 'J12': 79, 'J13': 46, 'cluster3106249630_3106249631_J60_J61_#5more': 78}, 
1935.0, {'J10': -29333.0, 'J11': -161111.0, 'J12': -78794.5, 'J13': -38041.0, 'cluster3106249630_3106249631_J60_J61_#5more': -233258.0}, {'J10': 13, 'J11': 32, 'J12': 20, 'J13': 28, 'cluster3106249630_3106249631_J60_J61_#5more': 42}, {'J10': 19, 'J11': 48, 'J12': 79, 'J13': 46, 'cluster3106249630_3106249631_J60_J61_#5more': 79}, 
1940.0, {'J10': -29523.0, 'J11': -161591.0, 'J12': -79584.5, 'J13': -38501.0, 'cluster3106249630_3106249631_J60_J61_#5more': -234048.0}, {'J10': 13, 'J11': 32, 'J12': 20, 'J13': 28, 'cluster3106249630_3106249631_J60_J61_#5more': 42}, {'J10': 19, 'J11': 48, 'J12': 79, 'J13': 46, 'cluster3106249630_3106249631_J60_J61_#5more': 79}, 
1945.0, {'J10': -29713.0, 'J11': -162071.0, 'J12': -80374.5, 'J13': -38961.0, 'cluster3106249630_3106249631_J60_J61_#5more': -234838.0}, {'J10': 13, 'J11': 32, 'J12': 20, 'J13': 28, 'cluster3106249630_3106249631_J60_J61_#5more': 42}, {'J10': 19, 'J11': 48, 'J12': 79, 'J13': 46, 'cluster3106249630_3106249631_J60_J61_#5more': 79}, 
1950.0, {'J10': -29903.0, 'J11': -162551.0, 'J12': -80195.0, 'J13': -39421.0, 'cluster3106249630_3106249631_J60_J61_#5more': -235628.0}, {'J10': 13, 'J11': 32, 'J12': 20, 'J13': 28, 'cluster3106249630_3106249631_J60_J61_#5more': 42}, {'J10': 19, 'J11': 48, 'J12': 76, 'J13': 46, 'cluster3106249630_3106249631_J60_J61_#5more': 79}, 
1955.0, {'J10': -30093.0, 'J11': -163031.0, 'J12': -80646.5, 'J13': -39884.0, 'cluster3106249630_3106249631_J60_J61_#5more': -236418.0}, {'J10': 13, 'J11': 32, 'J12': 20, 'J13': 28, 'cluster3106249630_3106249631_J60_J61_#5more': 42}, {'J10': 19, 'J11': 48, 'J12': 76, 'J13': 47, 'cluster3106249630_3106249631_J60_J61_#5more': 79}, 
1960.0, {'J10': -30283.0, 'J11': -163515.0, 'J12': -81415.5, 'J13': -40354.0, 'cluster3106249630_3106249631_J60_J61_#5more': -237208.0}, {'J10': 13, 'J11': 32, 'J12': 20, 'J13': 28, 'cluster3106249630_3106249631_J60_J61_#5more': 42}, {'J10': 19, 'J11': 50, 'J12': 79, 'J13': 47, 'cluster3106249630_3106249631_J60_J61_#5more': 79}, 
1965.0, {'J10': -30473.0, 'J11': -164020.0, 'J12': -82223.0, 'J13': -36171.0, 'cluster3106249630_3106249631_J60_J61_#5more': -237998.0}, {'J10': 13, 'J11': 32, 'J12': 20, 'J13': 25, 'cluster3106249630_3106249631_J60_J61_#5more': 42}, {'J10': 19, 'J11': 52, 'J12': 83, 'J13': 42, 'cluster3106249630_3106249631_J60_J61_#5more': 79}, 
1970.0, {'J10': -30663.0, 'J11': -164496.0, 'J12': -83038.0, 'J13': -35718.0, 'cluster3106249630_3106249631_J60_J61_#5more': -238665.0}, {'J10': 13, 'J11': 32, 'J12': 20, 'J13': 25, 'cluster3106249630_3106249631_J60_J61_#5more': 42}, {'J10': 19, 'J11': 50, 'J12': 82, 'J13': 42, 'cluster3106249630_3106249631_J60_J61_#5more': 78}, 
1975.0, {'J10': -30853.0, 'J11': -164953.5, 'J12': -82914.0, 'J13': -36138.0, 'cluster3106249630_3106249631_J60_J61_#5more': -239445.0}, {'J10': 13, 'J11': 32, 'J12': 20, 'J13': 25, 'cluster3106249630_3106249631_J60_J61_#5more': 42}, {'J10': 19, 'J11': 49, 'J12': 80, 'J13': 42, 'cluster3106249630_3106249631_J60_J61_#5more': 78}, 
1980.0, {'J10': -31043.0, 'J11': -165431.0, 'J12': -82602.0, 'J13': -36558.0, 'cluster3106249630_3106249631_J60_J61_#5more': -240227.0}, {'J10': 13, 'J11': 32, 'J12': 20, 'J13': 25, 'cluster3106249630_3106249631_J60_J61_#5more': 42}, {'J10': 19, 'J11': 48, 'J12': 78, 'J13': 42, 'cluster3106249630_3106249631_J60_J61_#5more': 79}, 
1985.0, {'J10': -31233.0, 'J11': -165911.0, 'J12': -83005.0, 'J13': -36979.0, 'cluster3106249630_3106249631_J60_J61_#5more': -241018.5}, {'J10': 13, 'J11': 32, 'J12': 20, 'J13': 25, 'cluster3106249630_3106249631_J60_J61_#5more': 42}, {'J10': 19, 'J11': 48, 'J12': 76, 'J13': 43, 'cluster3106249630_3106249631_J60_J61_#5more': 80}, 
1990.0, {'J10': -31423.0, 'J11': -166391.0, 'J12': -83765.0, 'J13': -37419.5, 'cluster3106249630_3106249631_J60_J61_#5more': -241807.0}, {'J10': 13, 'J11': 32, 'J12': 20, 'J13': 28, 'cluster3106249630_3106249631_J60_J61_#5more': 42}, {'J10': 19, 'J11': 48, 'J12': 76, 'J13': 46, 'cluster3106249630_3106249631_J60_J61_#5more': 79}, 
1995.0, {'J10': -31489.5, 'J11': -166871.0, 'J12': -83591.5, 'J13': -37879.5, 'cluster3106249630_3106249631_J60_J61_#5more': -242597.0}, {'J10': 13, 'J11': 32, 'J12': 20, 'J13': 28, 'cluster3106249630_3106249631_J60_J61_#5more': 42}, {'J10': 18, 'J11': 48, 'J12': 75, 'J13': 46, 'cluster3106249630_3106249631_J60_J61_#5more': 79}, 
2000.0, {'J10': -31669.5, 'J11': -167351.0, 'J12': -83807.0, 'J13': -38339.5, 'cluster3106249630_3106249631_J60_J61_#5more': -243387.0}, {'J10': 13, 'J11': 32, 'J12': 20, 'J13': 28, 'cluster3106249630_3106249631_J60_J61_#5more': 42}, {'J10': 18, 'J11': 48, 'J12': 74, 'J13': 46, 'cluster3106249630_3106249631_J60_J61_#5more': 79}, 
2005.0, {'J10': -31849.5, 'J11': -167831.0, 'J12': -84535.0, 'J13': -38799.5, 'cluster3106249630_3106249631_J60_J61_#5more': -244177.0}, {'J10': 13, 'J11': 32, 'J12': 20, 'J13': 28, 'cluster3106249630_3106249631_J60_J61_#5more': 42}, {'J10': 18, 'J11': 48, 'J12': 73, 'J13': 46, 'cluster3106249630_3106249631_J60_J61_#5more': 79}, 
2010.0, {'J10': -32029.5, 'J11': -168311.0, 'J12': -85268.5, 'J13': -39259.5, 'cluster3106249630_3106249631_J60_J61_#5more': -244967.0}, {'J10': 13, 'J11': 32, 'J12': 20, 'J13': 28, 'cluster3106249630_3106249631_J60_J61_#5more': 42}, {'J10': 18, 'J11': 48, 'J12': 76, 'J13': 46, 'cluster3106249630_3106249631_J60_J61_#5more': 79}, 
2015.0, {'J10': -32209.5, 'J11': -168791.0, 'J12': -85287.5, 'J13': -39719.5, 'cluster3106249630_3106249631_J60_J61_#5more': -245757.0}, {'J10': 13, 'J11': 32, 'J12': 20, 'J13': 28, 'cluster3106249630_3106249631_J60_J61_#5more': 42}, {'J10': 18, 'J11': 48, 'J12': 76, 'J13': 46, 'cluster3106249630_3106249631_J60_J61_#5more': 79}, 
2020.0, {'J10': -32389.5, 'J11': -169271.0, 'J12': -86047.5, 'J13': -40179.5, 'cluster3106249630_3106249631_J60_J61_#5more': -246555.0}, {'J10': 13, 'J11': 32, 'J12': 20, 'J13': 28, 'cluster3106249630_3106249631_J60_J61_#5more': 42}, {'J10': 18, 'J11': 48, 'J12': 76, 'J13': 46, 'cluster3106249630_3106249631_J60_J61_#5more': 81}, 
2025.0, {'J10': -32574.5, 'J11': -169751.0, 'J12': -86810.5, 'J13': -40639.5, 'cluster3106249630_3106249631_J60_J61_#5more': -247365.0}, {'J10': 13, 'J11': 32, 'J12': 20, 'J13': 28, 'cluster3106249630_3106249631_J60_J61_#5more': 42}, {'J10': 19, 'J11': 48, 'J12': 77, 'J13': 46, 'cluster3106249630_3106249631_J60_J61_#5more': 81}, 
2030.0, {'J10': -32764.5, 'J11': -170231.0, 'J12': -87580.5, 'J13': -40227.5, 'cluster3106249630_3106249631_J60_J61_#5more': -248175.0}, {'J10': 13, 'J11': 32, 'J12': 20, 'J13': 28, 'cluster3106249630_3106249631_J60_J61_#5more': 42}, {'J10': 19, 'J11': 48, 'J12': 77, 'J13': 46, 'cluster3106249630_3106249631_J60_J61_#5more': 81}, 
2035.0, {'J10': -32954.5, 'J11': -170715.5, 'J12': -88356.5, 'J13': -38142.5, 'cluster3106249630_3106249631_J60_J61_#5more': -248985.0}, {'J10': 13, 'J11': 32, 'J12': 20, 'J13': 26, 'cluster3106249630_3106249631_J60_J61_#5more': 42}, {'J10': 19, 'J11': 49, 'J12': 79, 'J13': 43, 'cluster3106249630_3106249631_J60_J61_#5more': 81}, 
2040.0, {'J10': -33144.5, 'J11': -171207.0, 'J12': -89146.5, 'J13': -38577.0, 'cluster3106249630_3106249631_J60_J61_#5more': -249795.0}, {'J10': 13, 'J11': 32, 'J12': 20, 'J13': 26, 'cluster3106249630_3106249631_J60_J61_#5more': 42}, {'J10': 19, 'J11': 50, 'J12': 79, 'J13': 44, 'cluster3106249630_3106249631_J60_J61_#5more': 81}, 
2045.0, {'J10': -33334.5, 'J11': -171682.5, 'J12': -89936.5, 'J13': -39017.0, 'cluster3106249630_3106249631_J60_J61_#5more': -250605.0}, {'J10': 13, 'J11': 32, 'J12': 20, 'J13': 26, 'cluster3106249630_3106249631_J60_J61_#5more': 42}, {'J10': 19, 'J11': 49, 'J12': 79, 'J13': 44, 'cluster3106249630_3106249631_J60_J61_#5more': 81}, 
2050.0, {'J10': -33524.5, 'J11': -172151.0, 'J12': -90726.5, 'J13': -39461.5, 'cluster3106249630_3106249631_J60_J61_#5more': -251415.5}, {'J10': 13, 'J11': 32, 'J12': 20, 'J13': 26, 'cluster3106249630_3106249631_J60_J61_#5more': 42}, {'J10': 19, 'J11': 48, 'J12': 79, 'J13': 46, 'cluster3106249630_3106249631_J60_J61_#5more': 82}, 
2055.0, {'J10': -33714.5, 'J11': -172631.0, 'J12': -91517.5, 'J13': -39929.0, 'cluster3106249630_3106249631_J60_J61_#5more': -252225.0}, {'J10': 13, 'J11': 32, 'J12': 20, 'J13': 28, 'cluster3106249630_3106249631_J60_J61_#5more': 42}, {'J10': 19, 'J11': 48, 'J12': 80, 'J13': 48, 'cluster3106249630_3106249631_J60_J61_#5more': 81}, 
2060.0, {'J10': -33829.5, 'J11': -173111.0, 'J12': -92317.5, 'J13': -40409.0, 'cluster3106249630_3106249631_J60_J61_#5more': -253035.0}, {'J10': 13, 'J11': 32, 'J12': 20, 'J13': 28, 'cluster3106249630_3106249631_J60_J61_#5more': 42}, {'J10': 18, 'J11': 48, 'J12': 80, 'J13': 48, 'cluster3106249630_3106249631_J60_J61_#5more': 81}, 
2065.0, {'J10': -34009.5, 'J11': -173591.0, 'J12': -87499.0, 'J13': -40889.0, 'cluster3106249630_3106249631_J60_J61_#5more': -253845.0}, {'J10': 13, 'J11': 32, 'J12': 20, 'J13': 28, 'cluster3106249630_3106249631_J60_J61_#5more': 42}, {'J10': 18, 'J11': 48, 'J12': 74, 'J13': 48, 'cluster3106249630_3106249631_J60_J61_#5more': 81}, 
2070.0, {'J10': -34189.5, 'J11': -174071.0, 'J12': -87541.5, 'J13': -41369.0, 'cluster3106249630_3106249631_J60_J61_#5more': -254655.0}, {'J10': 13, 'J11': 32, 'J12': 20, 'J13': 28, 'cluster3106249630_3106249631_J60_J61_#5more': 42}, {'J10': 18, 'J11': 48, 'J12': 74, 'J13': 48, 'cluster3106249630_3106249631_J60_J61_#5more': 81}, 
2075.0, {'J10': -34369.5, 'J11': -174551.0, 'J12': -88259.5, 'J13': -41849.0, 'cluster3106249630_3106249631_J60_J61_#5more': -255465.0}, {'J10': 13, 'J11': 32, 'J12': 20, 'J13': 28, 'cluster3106249630_3106249631_J60_J61_#5more': 42}, {'J10': 18, 'J11': 48, 'J12': 73, 'J13': 48, 'cluster3106249630_3106249631_J60_J61_#5more': 81}, 
2080.0, {'J10': -34549.5, 'J11': -175031.0, 'J12': -88986.0, 'J13': -42329.0, 'cluster3106249630_3106249631_J60_J61_#5more': -256275.0}, {'J10': 13, 'J11': 32, 'J12': 20, 'J13': 28, 'cluster3106249630_3106249631_J60_J61_#5more': 42}, {'J10': 18, 'J11': 48, 'J12': 77, 'J13': 48, 'cluster3106249630_3106249631_J60_J61_#5more': 81}, 
2085.0, {'J10': -34729.5, 'J11': -175511.0, 'J12': -89756.0, 'J13': -42809.0, 'cluster3106249630_3106249631_J60_J61_#5more': -257085.0}, {'J10': 13, 'J11': 32, 'J12': 20, 'J13': 28, 'cluster3106249630_3106249631_J60_J61_#5more': 42}, {'J10': 18, 'J11': 48, 'J12': 77, 'J13': 48, 'cluster3106249630_3106249631_J60_J61_#5more': 81}, 
2090.0, {'J10': -34909.5, 'J11': -175991.0, 'J12': -90526.5, 'J13': -43289.0, 'cluster3106249630_3106249631_J60_J61_#5more': -257895.0}, {'J10': 13, 'J11': 32, 'J12': 20, 'J13': 28, 'cluster3106249630_3106249631_J60_J61_#5more': 42}, {'J10': 18, 'J11': 48, 'J12': 78, 'J13': 48, 'cluster3106249630_3106249631_J60_J61_#5more': 81}, 
2095.0, {'J10': -35089.5, 'J11': -176471.0, 'J12': -91306.5, 'J13': -39776.5, 'cluster3106249630_3106249631_J60_J61_#5more': -258705.0}, {'J10': 13, 'J11': 32, 'J12': 20, 'J13': 26, 'cluster3106249630_3106249631_J60_J61_#5more': 42}, {'J10': 18, 'J11': 48, 'J12': 78, 'J13': 43, 'cluster3106249630_3106249631_J60_J61_#5more': 81}, 
2100.0, {'J10': -35269.5, 'J11': -176951.0, 'J12': -92086.5, 'J13': -36792.0, 'cluster3106249630_3106249631_J60_J61_#5more': -259515.0}, {'J10': 13, 'J11': 32, 'J12': 20, 'J13': 24, 'cluster3106249630_3106249631_J60_J61_#5more': 42}, {'J10': 18, 'J11': 48, 'J12': 78, 'J13': 40, 'cluster3106249630_3106249631_J60_J61_#5more': 81}, 
2105.0, {'J10': -35449.5, 'J11': -177431.0, 'J12': -92866.5, 'J13': -37193.5, 'cluster3106249630_3106249631_J60_J61_#5more': -260325.0}, {'J10': 13, 'J11': 32, 'J12': 20, 'J13': 24, 'cluster3106249630_3106249631_J60_J61_#5more': 42}, {'J10': 18, 'J11': 48, 'J12': 78, 'J13': 41, 'cluster3106249630_3106249631_J60_J61_#5more': 81}, 
2110.0, {'J10': -35629.5, 'J11': -177911.0, 'J12': -93646.5, 'J13': -37603.5, 'cluster3106249630_3106249631_J60_J61_#5more': -261135.0}, {'J10': 13, 'J11': 32, 'J12': 20, 'J13': 24, 'cluster3106249630_3106249631_J60_J61_#5more': 42}, {'J10': 18, 'J11': 48, 'J12': 78, 'J13': 41, 'cluster3106249630_3106249631_J60_J61_#5more': 81}, 
2115.0, {'J10': -35809.5, 'J11': -178394.0, 'J12': -94426.5, 'J13': -38018.0, 'cluster3106249630_3106249631_J60_J61_#5more': -261948.0}, {'J10': 13, 'J11': 32, 'J12': 20, 'J13': 24, 'cluster3106249630_3106249631_J60_J61_#5more': 42}, {'J10': 18, 'J11': 50, 'J12': 78, 'J13': 44, 'cluster3106249630_3106249631_J60_J61_#5more': 82}, 
2120.0, {'J10': -35989.5, 'J11': -178871.0, 'J12': -95206.5, 'J13': -38466.5, 'cluster3106249630_3106249631_J60_J61_#5more': -262755.0}, {'J10': 13, 'J11': 32, 'J12': 20, 'J13': 26, 'cluster3106249630_3106249631_J60_J61_#5more': 42}, {'J10': 18, 'J11': 48, 'J12': 78, 'J13': 47, 'cluster3106249630_3106249631_J60_J61_#5more': 81}, 
2125.0, {'J10': -36169.5, 'J11': -179351.0, 'J12': -95986.5, 'J13': -38944.5, 'cluster3106249630_3106249631_J60_J61_#5more': -263565.0}, {'J10': 13, 'J11': 32, 'J12': 20, 'J13': 28, 'cluster3106249630_3106249631_J60_J61_#5more': 42}, {'J10': 18, 'J11': 48, 'J12': 78, 'J13': 49, 'cluster3106249630_3106249631_J60_J61_#5more': 81}, 
2130.0, {'J10': -36349.5, 'J11': -179831.0, 'J12': -95713.5, 'J13': -39434.5, 'cluster3106249630_3106249631_J60_J61_#5more': -264375.0}, {'J10': 13, 'J11': 32, 'J12': 20, 'J13': 28, 'cluster3106249630_3106249631_J60_J61_#5more': 42}, {'J10': 18, 'J11': 48, 'J12': 75, 'J13': 49, 'cluster3106249630_3106249631_J60_J61_#5more': 81}, 
2135.0, {'J10': -36529.5, 'J11': -180311.0, 'J12': -95516.5, 'J13': -39927.0, 'cluster3106249630_3106249631_J60_J61_#5more': -265185.0}, {'J10': 13, 'J11': 32, 'J12': 20, 'J13': 28, 'cluster3106249630_3106249631_J60_J61_#5more': 42}, {'J10': 18, 'J11': 48, 'J12': 73, 'J13': 50, 'cluster3106249630_3106249631_J60_J61_#5more': 81}, 
2140.0, {'J10': -36709.5, 'J11': -180791.0, 'J12': -96256.0, 'J13': -40427.0, 'cluster3106249630_3106249631_J60_J61_#5more': -265995.0}, {'J10': 13, 'J11': 32, 'J12': 20, 'J13': 28, 'cluster3106249630_3106249631_J60_J61_#5more': 42}, {'J10': 18, 'J11': 48, 'J12': 77, 'J13': 50, 'cluster3106249630_3106249631_J60_J61_#5more': 81}, 
2145.0, {'J10': -36889.5, 'J11': -181271.0, 'J12': -97033.5, 'J13': -40927.0, 'cluster3106249630_3106249631_J60_J61_#5more': -266805.0}, {'J10': 13, 'J11': 32, 'J12': 20, 'J13': 28, 'cluster3106249630_3106249631_J60_J61_#5more': 42}, {'J10': 18, 'J11': 48, 'J12': 79, 'J13': 50, 'cluster3106249630_3106249631_J60_J61_#5more': 81}, 
2150.0, {'J10': -37069.5, 'J11': -181751.0, 'J12': -97353.5, 'J13': -41427.0, 'cluster3106249630_3106249631_J60_J61_#5more': -267615.0}, {'J10': 13, 'J11': 32, 'J12': 20, 'J13': 28, 'cluster3106249630_3106249631_J60_J61_#5more': 42}, {'J10': 18, 'J11': 48, 'J12': 79, 'J13': 50, 'cluster3106249630_3106249631_J60_J61_#5more': 81}, 
2155.0, {'J10': -37249.5, 'J11': -182231.0, 'J12': -97591.5, 'J13': -41927.0, 'cluster3106249630_3106249631_J60_J61_#5more': -268425.0}, {'J10': 13, 'J11': 32, 'J12': 20, 'J13': 28, 'cluster3106249630_3106249631_J60_J61_#5more': 42}, {'J10': 18, 'J11': 48, 'J12': 78, 'J13': 50, 'cluster3106249630_3106249631_J60_J61_#5more': 81}, 
2160.0, {'J10': -37429.5, 'J11': -182712.0, 'J12': -98371.5, 'J13': -37549.5, 'cluster3106249630_3106249631_J60_J61_#5more': -269235.0}, {'J10': 13, 'J11': 32, 'J12': 20, 'J13': 25, 'cluster3106249630_3106249631_J60_J61_#5more': 42}, {'J10': 18, 'J11': 49, 'J12': 78, 'J13': 45, 'cluster3106249630_3106249631_J60_J61_#5more': 81}, 
2165.0, {'J10': -37609.5, 'J11': -183191.5, 'J12': -99152.0, 'J13': -37285.0, 'cluster3106249630_3106249631_J60_J61_#5more': -270045.0}, {'J10': 13, 'J11': 32, 'J12': 20, 'J13': 25, 'cluster3106249630_3106249631_J60_J61_#5more': 42}, {'J10': 18, 'J11': 49, 'J12': 79, 'J13': 43, 'cluster3106249630_3106249631_J60_J61_#5more': 81}, 
2170.0, {'J10': -37789.5, 'J11': -183672.5, 'J12': -98775.0, 'J13': -37720.5, 'cluster3106249630_3106249631_J60_J61_#5more': -270855.0}, {'J10': 13, 'J11': 32, 'J12': 20, 'J13': 25, 'cluster3106249630_3106249631_J60_J61_#5more': 42}, {'J10': 18, 'J11': 49, 'J12': 77, 'J13': 45, 'cluster3106249630_3106249631_J60_J61_#5more': 81}, 
2175.0, {'J10': -37969.5, 'J11': -184151.0, 'J12': -99351.0, 'J13': -38170.5, 'cluster3106249630_3106249631_J60_J61_#5more': -271665.0}, {'J10': 13, 'J11': 32, 'J12': 20, 'J13': 25, 'cluster3106249630_3106249631_J60_J61_#5more': 42}, {'J10': 18, 'J11': 48, 'J12': 76, 'J13': 45, 'cluster3106249630_3106249631_J60_J61_#5more': 81}, 
2180.0, {'J10': -38149.5, 'J11': -184631.0, 'J12': -99934.5, 'J13': -38625.0, 'cluster3106249630_3106249631_J60_J61_#5more': -271933.5}, {'J10': 13, 'J11': 32, 'J12': 20, 'J13': 25, 'cluster3106249630_3106249631_J60_J61_#5more': 42}, {'J10': 18, 'J11': 48, 'J12': 76, 'J13': 47, 'cluster3106249630_3106249631_J60_J61_#5more': 80}, 
2185.0, {'J10': -38329.5, 'J11': -185111.0, 'J12': -100680.5, 'J13': -39101.5, 'cluster3106249630_3106249631_J60_J61_#5more': -272733.5}, {'J10': 13, 'J11': 32, 'J12': 20, 'J13': 28, 'cluster3106249630_3106249631_J60_J61_#5more': 42}, {'J10': 18, 'J11': 48, 'J12': 75, 'J13': 50, 'cluster3106249630_3106249631_J60_J61_#5more': 80}, 
2190.0, {'J10': -38509.5, 'J11': -185591.0, 'J12': -100756.5, 'J13': -39601.5, 'cluster3106249630_3106249631_J60_J61_#5more': -273538.5}, {'J10': 13, 'J11': 32, 'J12': 20, 'J13': 28, 'cluster3106249630_3106249631_J60_J61_#5more': 42}, {'J10': 18, 'J11': 48, 'J12': 76, 'J13': 50, 'cluster3106249630_3106249631_J60_J61_#5more': 81}, 
2195.0, {'J10': -38689.5, 'J11': -186071.0, 'J12': -101427.0, 'J13': -40101.5, 'cluster3106249630_3106249631_J60_J61_#5more': -274348.5}, {'J10': 13, 'J11': 32, 'J12': 20, 'J13': 28, 'cluster3106249630_3106249631_J60_J61_#5more': 42}, {'J10': 18, 'J11': 48, 'J12': 76, 'J13': 50, 'cluster3106249630_3106249631_J60_J61_#5more': 81}, 
2200.0, {'J10': -38869.5, 'J11': -186551.0, 'J12': -102189.5, 'J13': -40601.5, 'cluster3106249630_3106249631_J60_J61_#5more': -274612.0}, {'J10': 13, 'J11': 32, 'J12': 20, 'J13': 28, 'cluster3106249630_3106249631_J60_J61_#5more': 42}, {'J10': 18, 'J11': 48, 'J12': 77, 'J13': 50, 'cluster3106249630_3106249631_J60_J61_#5more': 82}, 
2205.0, {'J10': -39049.5, 'J11': -187031.0, 'J12': -102940.5, 'J13': -41101.5, 'cluster3106249630_3106249631_J60_J61_#5more': -274840.0}, {'J10': 13, 'J11': 32, 'J12': 20, 'J13': 28, 'cluster3106249630_3106249631_J60_J61_#5more': 42}, {'J10': 18, 'J11': 48, 'J12': 77, 'J13': 50, 'cluster3106249630_3106249631_J60_J61_#5more': 79}, 
2210.0, {'J10': -39229.5, 'J11': -187511.0, 'J12': -103082.5, 'J13': -41601.5, 'cluster3106249630_3106249631_J60_J61_#5more': -275168.0}, {'J10': 13, 'J11': 32, 'J12': 20, 'J13': 28, 'cluster3106249630_3106249631_J60_J61_#5more': 42}, {'J10': 18, 'J11': 48, 'J12': 77, 'J13': 50, 'cluster3106249630_3106249631_J60_J61_#5more': 78}, 
2215.0, {'J10': -39409.5, 'J11': -187991.0, 'J12': -102600.5, 'J13': -42101.5, 'cluster3106249630_3106249631_J60_J61_#5more': -275948.0}, {'J10': 13, 'J11': 32, 'J12': 20, 'J13': 28, 'cluster3106249630_3106249631_J60_J61_#5more': 42}, {'J10': 18, 'J11': 48, 'J12': 73, 'J13': 50, 'cluster3106249630_3106249631_J60_J61_#5more': 78}, 
2220.0, {'J10': -39589.5, 'J11': -188471.0, 'J12': -102585.5, 'J13': -42601.5, 'cluster3106249630_3106249631_J60_J61_#5more': -276736.5}, {'J10': 13, 'J11': 32, 'J12': 20, 'J13': 28, 'cluster3106249630_3106249631_J60_J61_#5more': 42}, {'J10': 18, 'J11': 48, 'J12': 72, 'J13': 50, 'cluster3106249630_3106249631_J60_J61_#5more': 81}, 
2225.0, {'J10': -39769.5, 'J11': -188951.0, 'J12': -103312.0, 'J13': -36955.5, 'cluster3106249630_3106249631_J60_J61_#5more': -277496.0}, {'J10': 13, 'J11': 32, 'J12': 20, 'J13': 24, 'cluster3106249630_3106249631_J60_J61_#5more': 42}, {'J10': 18, 'J11': 48, 'J12': 75, 'J13': 45, 'cluster3106249630_3106249631_J60_J61_#5more': 80}, 
2230.0, {'J10': -39949.5, 'J11': -189431.0, 'J12': -104040.0, 'J13': -36590.0, 'cluster3106249630_3106249631_J60_J61_#5more': -278296.0}, {'J10': 13, 'J11': 32, 'J12': 20, 'J13': 24, 'cluster3106249630_3106249631_J60_J61_#5more': 42}, {'J10': 18, 'J11': 48, 'J12': 74, 'J13': 43, 'cluster3106249630_3106249631_J60_J61_#5more': 80}, 
2235.0, {'J10': -40129.5, 'J11': -189911.0, 'J12': -103471.5, 'J13': -37021.5, 'cluster3106249630_3106249631_J60_J61_#5more': -279061.5}, {'J10': 13, 'J11': 32, 'J12': 20, 'J13': 24, 'cluster3106249630_3106249631_J60_J61_#5more': 42}, {'J10': 18, 'J11': 48, 'J12': 69, 'J13': 44, 'cluster3106249630_3106249631_J60_J61_#5more': 79}, 
2240.0, {'J10': -40309.5, 'J11': -190391.0, 'J12': -104163.5, 'J13': -37461.5, 'cluster3106249630_3106249631_J60_J61_#5more': -279851.5}, {'J10': 13, 'J11': 32, 'J12': 20, 'J13': 24, 'cluster3106249630_3106249631_J60_J61_#5more': 42}, {'J10': 18, 'J11': 48, 'J12': 71, 'J13': 44, 'cluster3106249630_3106249631_J60_J61_#5more': 79}, 
2245.0, {'J10': -40489.5, 'J11': -190871.0, 'J12': -104875.5, 'J13': -37905.5, 'cluster3106249630_3106249631_J60_J61_#5more': -278492.5}, {'J10': 13, 'J11': 32, 'J12': 20, 'J13': 24, 'cluster3106249630_3106249631_J60_J61_#5more': 42}, {'J10': 18, 'J11': 48, 'J12': 72, 'J13': 46, 'cluster3106249630_3106249631_J60_J61_#5more': 76}, 
2250.0, {'J10': -40669.5, 'J11': -191351.0, 'J12': -103557.5, 'J13': -38373.5, 'cluster3106249630_3106249631_J60_J61_#5more': -279254.0}, {'J10': 13, 'J11': 32, 'J12': 20, 'J13': 26, 'cluster3106249630_3106249631_J60_J61_#5more': 42}, {'J10': 18, 'J11': 48, 'J12': 75, 'J13': 48, 'cluster3106249630_3106249631_J60_J61_#5more': 77}, 
2255.0, {'J10': -40851.0, 'J11': -191831.0, 'J12': -104288.0, 'J13': -38861.0, 'cluster3106249630_3106249631_J60_J61_#5more': -280012.5}, {'J10': 13, 'J11': 32, 'J12': 20, 'J13': 28, 'cluster3106249630_3106249631_J60_J61_#5more': 42}, {'J10': 19, 'J11': 48, 'J12': 77, 'J13': 50, 'cluster3106249630_3106249631_J60_J61_#5more': 76}, 
2260.0, {'J10': -41029.5, 'J11': -192311.0, 'J12': -104585.0, 'J13': -39361.0, 'cluster3106249630_3106249631_J60_J61_#5more': -280772.5}, {'J10': 13, 'J11': 32, 'J12': 20, 'J13': 28, 'cluster3106249630_3106249631_J60_J61_#5more': 42}, {'J10': 18, 'J11': 48, 'J12': 76, 'J13': 50, 'cluster3106249630_3106249631_J60_J61_#5more': 76}, 
2265.0, {'J10': -41209.5, 'J11': -192791.0, 'J12': -105345.0, 'J13': -39861.0, 'cluster3106249630_3106249631_J60_J61_#5more': -281538.5}, {'J10': 13, 'J11': 32, 'J12': 20, 'J13': 28, 'cluster3106249630_3106249631_J60_J61_#5more': 42}, {'J10': 18, 'J11': 48, 'J12': 76, 'J13': 50, 'cluster3106249630_3106249631_J60_J61_#5more': 79}, 
2270.0, {'J10': -41389.5, 'J11': -193271.0, 'J12': -105280.5, 'J13': -40361.0, 'cluster3106249630_3106249631_J60_J61_#5more': -282324.0}, {'J10': 13, 'J11': 32, 'J12': 20, 'J13': 28, 'cluster3106249630_3106249631_J60_J61_#5more': 42}, {'J10': 18, 'J11': 48, 'J12': 74, 'J13': 50, 'cluster3106249630_3106249631_J60_J61_#5more': 80}, 
2275.0, {'J10': -41569.5, 'J11': -193751.0, 'J12': -105428.0, 'J13': -40861.0, 'cluster3106249630_3106249631_J60_J61_#5more': -283085.0}, {'J10': 13, 'J11': 32, 'J12': 20, 'J13': 28, 'cluster3106249630_3106249631_J60_J61_#5more': 42}, {'J10': 18, 'J11': 48, 'J12': 73, 'J13': 50, 'cluster3106249630_3106249631_J60_J61_#5more': 81}, 
2280.0, {'J10': -41749.5, 'J11': -194231.0, 'J12': -105257.0, 'J13': -41361.0, 'cluster3106249630_3106249631_J60_J61_#5more': -283835.0}, {'J10': 13, 'J11': 32, 'J12': 20, 'J13': 28, 'cluster3106249630_3106249631_J60_J61_#5more': 42}, {'J10': 18, 'J11': 48, 'J12': 72, 'J13': 50, 'cluster3106249630_3106249631_J60_J61_#5more': 79}, 
2285.0, {'J10': -41929.5, 'J11': -194711.0, 'J12': -104885.5, 'J13': -41861.0, 'cluster3106249630_3106249631_J60_J61_#5more': -284605.5}, {'J10': 13, 'J11': 32, 'J12': 20, 'J13': 28, 'cluster3106249630_3106249631_J60_J61_#5more': 42}, {'J10': 18, 'J11': 48, 'J12': 71, 'J13': 50, 'cluster3106249630_3106249631_J60_J61_#5more': 79}, 
2290.0, {'J10': -42109.5, 'J11': -195191.0, 'J12': -103482.5, 'J13': -36970.0, 'cluster3106249630_3106249631_J60_J61_#5more': -285398.0}, {'J10': 13, 'J11': 32, 'J12': 20, 'J13': 25, 'cluster3106249630_3106249631_J60_J61_#5more': 42}, {'J10': 18, 'J11': 48, 'J12': 71, 'J13': 44, 'cluster3106249630_3106249631_J60_J61_#5more': 80}, 
2295.0, {'J10': -42289.5, 'J11': -195671.0, 'J12': -104203.0, 'J13': -35774.5, 'cluster3106249630_3106249631_J60_J61_#5more': -286198.0}, {'J10': 13, 'J11': 32, 'J12': 20, 'J13': 24, 'cluster3106249630_3106249631_J60_J61_#5more': 42}, {'J10': 18, 'J11': 48, 'J12': 74, 'J13': 42, 'cluster3106249630_3106249631_J60_J61_#5more': 80}, 
2300.0, {'J10': -42469.5, 'J11': -196151.0, 'J12': -104114.0, 'J13': -36201.5, 'cluster3106249630_3106249631_J60_J61_#5more': -286998.0}, {'J10': 13, 'J11': 32, 'J12': 20, 'J13': 24, 'cluster3106249630_3106249631_J60_J61_#5more': 42}, {'J10': 18, 'J11': 48, 'J12': 77, 'J13': 44, 'cluster3106249630_3106249631_J60_J61_#5more': 80}, 
2305.0, {'J10': -42649.5, 'J11': -196631.0, 'J12': -103627.5, 'J13': -36645.5, 'cluster3106249630_3106249631_J60_J61_#5more': -287756.0}, {'J10': 13, 'J11': 32, 'J12': 20, 'J13': 24, 'cluster3106249630_3106249631_J60_J61_#5more': 42}, {'J10': 18, 'J11': 48, 'J12': 77, 'J13': 45, 'cluster3106249630_3106249631_J60_J61_#5more': 79}, 
2310.0, {'J10': -42829.5, 'J11': -197111.0, 'J12': -102562.0, 'J13': -37099.5, 'cluster3106249630_3106249631_J60_J61_#5more': -286375.5}, {'J10': 13, 'J11': 32, 'J12': 20, 'J13': 24, 'cluster3106249630_3106249631_J60_J61_#5more': 42}, {'J10': 18, 'J11': 48, 'J12': 71, 'J13': 47, 'cluster3106249630_3106249631_J60_J61_#5more': 79}, 
2315.0, {'J10': -43009.5, 'J11': -197591.0, 'J12': -102673.5, 'J13': -37583.5, 'cluster3106249630_3106249631_J60_J61_#5more': -287087.0}, {'J10': 13, 'J11': 32, 'J12': 20, 'J13': 28, 'cluster3106249630_3106249631_J60_J61_#5more': 42}, {'J10': 18, 'J11': 48, 'J12': 69, 'J13': 51, 'cluster3106249630_3106249631_J60_J61_#5more': 79}, 
2320.0, {'J10': -43189.5, 'J11': -198072.0, 'J12': -103373.5, 'J13': -38093.5, 'cluster3106249630_3106249631_J60_J61_#5more': -287785.0}, {'J10': 13, 'J11': 32, 'J12': 20, 'J13': 28, 'cluster3106249630_3106249631_J60_J61_#5more': 42}, {'J10': 18, 'J11': 49, 'J12': 74, 'J13': 51, 'cluster3106249630_3106249631_J60_J61_#5more': 78}, 
2325.0, {'J10': -43369.5, 'J11': -198551.0, 'J12': -104118.5, 'J13': -38603.5, 'cluster3106249630_3106249631_J60_J61_#5more': -288483.0}, {'J10': 13, 'J11': 32, 'J12': 20, 'J13': 28, 'cluster3106249630_3106249631_J60_J61_#5more': 42}, {'J10': 18, 'J11': 48, 'J12': 77, 'J13': 51, 'cluster3106249630_3106249631_J60_J61_#5more': 77}, 
2330.0, {'J10': -43549.5, 'J11': -199031.0, 'J12': -104894.0, 'J13': -39113.5, 'cluster3106249630_3106249631_J60_J61_#5more': -289256.5}, {'J10': 13, 'J11': 32, 'J12': 20, 'J13': 28, 'cluster3106249630_3106249631_J60_J61_#5more': 42}, {'J10': 18, 'J11': 48, 'J12': 80, 'J13': 51, 'cluster3106249630_3106249631_J60_J61_#5more': 78}, 
2335.0, {'J10': -43729.5, 'J11': -199511.0, 'J12': -105374.5, 'J13': -39623.5, 'cluster3106249630_3106249631_J60_J61_#5more': -290049.5}, {'J10': 13, 'J11': 32, 'J12': 20, 'J13': 28, 'cluster3106249630_3106249631_J60_J61_#5more': 42}, {'J10': 18, 'J11': 48, 'J12': 80, 'J13': 51, 'cluster3106249630_3106249631_J60_J61_#5more': 82}, 
2340.0, {'J10': -43910.0, 'J11': -199991.0, 'J12': -105657.0, 'J13': -40133.5, 'cluster3106249630_3106249631_J60_J61_#5more': -290869.5}, {'J10': 13, 'J11': 32, 'J12': 20, 'J13': 28, 'cluster3106249630_3106249631_J60_J61_#5more': 42}, {'J10': 19, 'J11': 48, 'J12': 73, 'J13': 51, 'cluster3106249630_3106249631_J60_J61_#5more': 82}, 
2345.0, {'J10': -44100.0, 'J11': -200471.0, 'J12': -106245.5, 'J13': -40643.5, 'cluster3106249630_3106249631_J60_J61_#5more': -291689.5}, {'J10': 13, 'J11': 32, 'J12': 20, 'J13': 28, 'cluster3106249630_3106249631_J60_J61_#5more': 42}, {'J10': 19, 'J11': 48, 'J12': 72, 'J13': 51, 'cluster3106249630_3106249631_J60_J61_#5more': 82}, 
2350.0, {'J10': -44290.0, 'J11': -200951.0, 'J12': -106971.0, 'J13': -41153.5, 'cluster3106249630_3106249631_J60_J61_#5more': -292509.5}, {'J10': 13, 'J11': 32, 'J12': 20, 'J13': 28, 'cluster3106249630_3106249631_J60_J61_#5more': 42}, {'J10': 19, 'J11': 48, 'J12': 74, 'J13': 51, 'cluster3106249630_3106249631_J60_J61_#5more': 82}, 
2355.0, {'J10': -44480.0, 'J11': -201431.0, 'J12': -105594.5, 'J13': -38556.5, 'cluster3106249630_3106249631_J60_J61_#5more': -293238.0}, {'J10': 13, 'J11': 32, 'J12': 20, 'J13': 26, 'cluster3106249630_3106249631_J60_J61_#5more': 42}, {'J10': 19, 'J11': 48, 'J12': 75, 'J13': 48, 'cluster3106249630_3106249631_J60_J61_#5more': 81}, 
2360.0, {'J10': -44670.0, 'J11': -201912.0, 'J12': -106085.5, 'J13': -38278.0, 'cluster3106249630_3106249631_J60_J61_#5more': -294048.0}, {'J10': 13, 'J11': 32, 'J12': 20, 'J13': 26, 'cluster3106249630_3106249631_J60_J61_#5more': 42}, {'J10': 19, 'J11': 49, 'J12': 75, 'J13': 45, 'cluster3106249630_3106249631_J60_J61_#5more': 81}, 
2365.0, {'J10': -44860.0, 'J11': -202391.0, 'J12': -106578.5, 'J13': -38734.0, 'cluster3106249630_3106249631_J60_J61_#5more': -294860.5}, {'J10': 13, 'J11': 32, 'J12': 20, 'J13': 26, 'cluster3106249630_3106249631_J60_J61_#5more': 42}, {'J10': 19, 'J11': 48, 'J12': 75, 'J13': 47, 'cluster3106249630_3106249631_J60_J61_#5more': 82}, 
2370.0, {'J10': -45050.0, 'J11': -202871.0, 'J12': -106840.5, 'J13': -39204.0, 'cluster3106249630_3106249631_J60_J61_#5more': -295680.5}, {'J10': 13, 'J11': 32, 'J12': 20, 'J13': 26, 'cluster3106249630_3106249631_J60_J61_#5more': 42}, {'J10': 19, 'J11': 48, 'J12': 68, 'J13': 47, 'cluster3106249630_3106249631_J60_J61_#5more': 82}, 
2375.0, {'J10': -45240.0, 'J11': -203351.0, 'J12': -107439.0, 'J13': -39680.5, 'cluster3106249630_3106249631_J60_J61_#5more': -296500.5}, {'J10': 13, 'J11': 32, 'J12': 20, 'J13': 28, 'cluster3106249630_3106249631_J60_J61_#5more': 42}, {'J10': 19, 'J11': 48, 'J12': 68, 'J13': 51, 'cluster3106249630_3106249631_J60_J61_#5more': 82}, 
2380.0, {'J10': -45430.0, 'J11': -203831.0, 'J12': -106301.5, 'J13': -40190.5, 'cluster3106249630_3106249631_J60_J61_#5more': -297320.5}, {'J10': 13, 'J11': 32, 'J12': 20, 'J13': 28, 'cluster3106249630_3106249631_J60_J61_#5more': 42}, {'J10': 19, 'J11': 48, 'J12': 71, 'J13': 51, 'cluster3106249630_3106249631_J60_J61_#5more': 82}, 
2385.0, {'J10': -45529.5, 'J11': -204311.0, 'J12': -107020.5, 'J13': -40700.5, 'cluster3106249630_3106249631_J60_J61_#5more': -298035.5}, {'J10': 13, 'J11': 32, 'J12': 20, 'J13': 28, 'cluster3106249630_3106249631_J60_J61_#5more': 42}, {'J10': 18, 'J11': 48, 'J12': 75, 'J13': 51, 'cluster3106249630_3106249631_J60_J61_#5more': 81}, 
2390.0, {'J10': -45709.5, 'J11': -204791.0, 'J12': -107721.0, 'J13': -41210.5, 'cluster3106249630_3106249631_J60_J61_#5more': -298845.5}, {'J10': 13, 'J11': 32, 'J12': 20, 'J13': 28, 'cluster3106249630_3106249631_J60_J61_#5more': 42}, {'J10': 18, 'J11': 48, 'J12': 76, 'J13': 51, 'cluster3106249630_3106249631_J60_J61_#5more': 81}, 
2395.0, {'J10': -45889.5, 'J11': -205271.0, 'J12': -108225.5, 'J13': -41720.5, 'cluster3106249630_3106249631_J60_J61_#5more': -299655.5}, {'J10': 13, 'J11': 32, 'J12': 20, 'J13': 28, 'cluster3106249630_3106249631_J60_J61_#5more': 42}, {'J10': 18, 'J11': 48, 'J12': 75, 'J13': 51, 'cluster3106249630_3106249631_J60_J61_#5more': 81}, 
2400.0, {'J10': -46069.5, 'J11': -205751.0, 'J12': -108782.5, 'J13': -42230.5, 'cluster3106249630_3106249631_J60_J61_#5more': -300465.5}, {'J10': 13, 'J11': 32, 'J12': 20, 'J13': 28, 'cluster3106249630_3106249631_J60_J61_#5more': 42}, {'J10': 18, 'J11': 48, 'J12': 73, 'J13': 51, 'cluster3106249630_3106249631_J60_J61_#5more': 81}, 
2405.0, {'J10': -46249.5, 'J11': -206231.0, 'J12': -109304.5, 'J13': -42740.5, 'cluster3106249630_3106249631_J60_J61_#5more': -301275.5}, {'J10': 13, 'J11': 32, 'J12': 20, 'J13': 28, 'cluster3106249630_3106249631_J60_J61_#5more': 42}, {'J10': 18, 'J11': 48, 'J12': 74, 'J13': 51, 'cluster3106249630_3106249631_J60_J61_#5more': 81}, 
2410.0, {'J10': -46429.5, 'J11': -206711.0, 'J12': -110048.0, 'J13': -43250.5, 'cluster3106249630_3106249631_J60_J61_#5more': -301935.5}, {'J10': 13, 'J11': 32, 'J12': 20, 'J13': 28, 'cluster3106249630_3106249631_J60_J61_#5more': 42}, {'J10': 18, 'J11': 48, 'J12': 75, 'J13': 51, 'cluster3106249630_3106249631_J60_J61_#5more': 81}, 
2415.0, {'J10': -46609.5, 'J11': -207191.0, 'J12': -110801.5, 'J13': -43760.5, 'cluster3106249630_3106249631_J60_J61_#5more': -302745.5}, {'J10': 13, 'J11': 32, 'J12': 20, 'J13': 28, 'cluster3106249630_3106249631_J60_J61_#5more': 42}, {'J10': 18, 'J11': 48, 'J12': 76, 'J13': 51, 'cluster3106249630_3106249631_J60_J61_#5more': 81}, 
2420.0, {'J10': -46789.5, 'J11': -207671.0, 'J12': -111009.5, 'J13': -40166.0, 'cluster3106249630_3106249631_J60_J61_#5more': -303557.0}, {'J10': 13, 'J11': 32, 'J12': 20, 'J13': 25, 'cluster3106249630_3106249631_J60_J61_#5more': 42}, {'J10': 18, 'J11': 48, 'J12': 74, 'J13': 46, 'cluster3106249630_3106249631_J60_J61_#5more': 82}, 
2425.0, {'J10': -46969.5, 'J11': -208151.0, 'J12': -111750.0, 'J13': -38880.0, 'cluster3106249630_3106249631_J60_J61_#5more': -304195.0}, {'J10': 13, 'J11': 32, 'J12': 20, 'J13': 24, 'cluster3106249630_3106249631_J60_J61_#5more': 42}, {'J10': 18, 'J11': 48, 'J12': 75, 'J13': 43, 'cluster3106249630_3106249631_J60_J61_#5more': 81}, 
2430.0, {'J10': -47149.5, 'J11': -208631.0, 'J12': -112459.0, 'J13': -39316.5, 'cluster3106249630_3106249631_J60_J61_#5more': -305005.0}, {'J10': 13, 'J11': 32, 'J12': 20, 'J13': 24, 'cluster3106249630_3106249631_J60_J61_#5more': 42}, {'J10': 18, 'J11': 48, 'J12': 78, 'J13': 45, 'cluster3106249630_3106249631_J60_J61_#5more': 81}, 
2435.0, {'J10': -47329.5, 'J11': -209111.0, 'J12': -112906.0, 'J13': -39766.5, 'cluster3106249630_3106249631_J60_J61_#5more': -305816.5}, {'J10': 13, 'J11': 32, 'J12': 20, 'J13': 24, 'cluster3106249630_3106249631_J60_J61_#5more': 42}, {'J10': 18, 'J11': 48, 'J12': 75, 'J13': 45, 'cluster3106249630_3106249631_J60_J61_#5more': 82}, 
2440.0, {'J10': -47509.5, 'J11': -209591.0, 'J12': -113463.0, 'J13': -40216.5, 'cluster3106249630_3106249631_J60_J61_#5more': -306637.0}, {'J10': 13, 'J11': 32, 'J12': 20, 'J13': 24, 'cluster3106249630_3106249631_J60_J61_#5more': 42}, {'J10': 18, 'J11': 48, 'J12': 77, 'J13': 45, 'cluster3106249630_3106249631_J60_J61_#5more': 83}, 
2445.0, {'J10': -47689.5, 'J11': -210073.5, 'J12': -114206.0, 'J13': -40676.0, 'cluster3106249630_3106249631_J60_J61_#5more': -307456.5}, {'J10': 13, 'J11': 32, 'J12': 20, 'J13': 27, 'cluster3106249630_3106249631_J60_J61_#5more': 42}, {'J10': 18, 'J11': 49, 'J12': 79, 'J13': 48, 'cluster3106249630_3106249631_J60_J61_#5more': 82}, 
2450.0, {'J10': -47871.5, 'J11': -210563.5, 'J12': -114957.0, 'J13': -41158.0, 'cluster3106249630_3106249631_J60_J61_#5more': -308276.5}, {'J10': 13, 'J11': 32, 'J12': 20, 'J13': 28, 'cluster3106249630_3106249631_J60_J61_#5more': 42}, {'J10': 19, 'J11': 49, 'J12': 79, 'J13': 49, 'cluster3106249630_3106249631_J60_J61_#5more': 82}, 
2455.0, {'J10': -48049.5, 'J11': -211031.0, 'J12': -115526.0, 'J13': -41648.0, 'cluster3106249630_3106249631_J60_J61_#5more': -309096.5}, {'J10': 13, 'J11': 32, 'J12': 20, 'J13': 28, 'cluster3106249630_3106249631_J60_J61_#5more': 42}, {'J10': 18, 'J11': 48, 'J12': 76, 'J13': 49, 'cluster3106249630_3106249631_J60_J61_#5more': 82}, 
2460.0, {'J10': -48229.5, 'J11': -211514.5, 'J12': -116286.0, 'J13': -42138.0, 'cluster3106249630_3106249631_J60_J61_#5more': -309916.5}, {'J10': 13, 'J11': 32, 'J12': 20, 'J13': 28, 'cluster3106249630_3106249631_J60_J61_#5more': 42}, {'J10': 18, 'J11': 49, 'J12': 76, 'J13': 49, 'cluster3106249630_3106249631_J60_J61_#5more': 82}, 
2465.0, {'J10': -48409.5, 'J11': -212004.5, 'J12': -117046.5, 'J13': -42628.0, 'cluster3106249630_3106249631_J60_J61_#5more': -310736.5}, {'J10': 13, 'J11': 32, 'J12': 20, 'J13': 28, 'cluster3106249630_3106249631_J60_J61_#5more': 42}, {'J10': 18, 'J11': 49, 'J12': 77, 'J13': 49, 'cluster3106249630_3106249631_J60_J61_#5more': 82}, 
2470.0, {'J10': -48589.5, 'J11': -212494.5, 'J12': -117816.5, 'J13': -43118.0, 'cluster3106249630_3106249631_J60_J61_#5more': -311556.5}, {'J10': 13, 'J11': 32, 'J12': 20, 'J13': 28, 'cluster3106249630_3106249631_J60_J61_#5more': 42}, {'J10': 18, 'J11': 49, 'J12': 77, 'J13': 49, 'cluster3106249630_3106249631_J60_J61_#5more': 82}, 
2475.0, {'J10': -48769.5, 'J11': -212987.5, 'J12': -118587.5, 'J13': -43608.0, 'cluster3106249630_3106249631_J60_J61_#5more': -312376.5}, {'J10': 13, 'J11': 32, 'J12': 20, 'J13': 28, 'cluster3106249630_3106249631_J60_J61_#5more': 42}, {'J10': 18, 'J11': 50, 'J12': 78, 'J13': 49, 'cluster3106249630_3106249631_J60_J61_#5more': 82}, 
2480.0, {'J10': -48949.5, 'J11': -213480.5, 'J12': -119372.0, 'J13': -44098.0, 'cluster3106249630_3106249631_J60_J61_#5more': -313196.5}, {'J10': 13, 'J11': 32, 'J12': 20, 'J13': 28, 'cluster3106249630_3106249631_J60_J61_#5more': 42}, {'J10': 18, 'J11': 52, 'J12': 80, 'J13': 49, 'cluster3106249630_3106249631_J60_J61_#5more': 82}, 
2485.0, {'J10': -49129.5, 'J11': -213937.0, 'J12': -120181.0, 'J13': -40500.5, 'cluster3106249630_3106249631_J60_J61_#5more': -314016.5}, {'J10': 13, 'J11': 32, 'J12': 20, 'J13': 25, 'cluster3106249630_3106249631_J60_J61_#5more': 42}, {'J10': 18, 'J11': 51, 'J12': 83, 'J13': 44, 'cluster3106249630_3106249631_J60_J61_#5more': 82}, 
2490.0, {'J10': -49309.5, 'J11': -214424.0, 'J12': -121011.0, 'J13': -39321.0, 'cluster3106249630_3106249631_J60_J61_#5more': -314836.5}, {'J10': 13, 'J11': 32, 'J12': 20, 'J13': 24, 'cluster3106249630_3106249631_J60_J61_#5more': 42}, {'J10': 18, 'J11': 50, 'J12': 83, 'J13': 41, 'cluster3106249630_3106249631_J60_J61_#5more': 82}, 
2495.0, {'J10': -49489.5, 'J11': -214895.0, 'J12': -113228.0, 'J13': -39737.0, 'cluster3106249630_3106249631_J60_J61_#5more': -315656.5}, {'J10': 13, 'J11': 32, 'J12': 20, 'J13': 24, 'cluster3106249630_3106249631_J60_J61_#5more': 42}, {'J10': 18, 'J11': 50, 'J12': 75, 'J13': 43, 'cluster3106249630_3106249631_J60_J61_#5more': 82}, 
2500.0, {'J10': -49669.5, 'J11': -215383.0, 'J12': -113629.5, 'J13': -40167.0, 'cluster3106249630_3106249631_J60_J61_#5more': -316476.5}, {'J10': 13, 'J11': 32, 'J12': 20, 'J13': 24, 'cluster3106249630_3106249631_J60_J61_#5more': 42}, {'J10': 18, 'J11': 49, 'J12': 75, 'J13': 43, 'cluster3106249630_3106249631_J60_J61_#5more': 82}, 
2505.0, {'J10': -49849.5, 'J11': -215875.0, 'J12': -114381.0, 'J13': -40597.0, 'cluster3106249630_3106249631_J60_J61_#5more': -317296.5}, {'J10': 13, 'J11': 32, 'J12': 20, 'J13': 24, 'cluster3106249630_3106249631_J60_J61_#5more': 42}, {'J10': 18, 'J11': 50, 'J12': 77, 'J13': 43, 'cluster3106249630_3106249631_J60_J61_#5more': 82}, 
2510.0, {'J10': -50029.5, 'J11': -216363.5, 'J12': -115139.5, 'J13': -41036.0, 'cluster3106249630_3106249631_J60_J61_#5more': -318116.5}, {'J10': 13, 'J11': 32, 'J12': 20, 'J13': 27, 'cluster3106249630_3106249631_J60_J61_#5more': 42}, {'J10': 18, 'J11': 50, 'J12': 79, 'J13': 46, 'cluster3106249630_3106249631_J60_J61_#5more': 82}, 
2515.0, {'J10': -50209.5, 'J11': -216866.0, 'J12': -115929.5, 'J13': -41500.5, 'cluster3106249630_3106249631_J60_J61_#5more': -318936.5}, {'J10': 13, 'J11': 32, 'J12': 20, 'J13': 28, 'cluster3106249630_3106249631_J60_J61_#5more': 42}, {'J10': 18, 'J11': 51, 'J12': 79, 'J13': 47, 'cluster3106249630_3106249631_J60_J61_#5more': 82}, 
2520.0, {'J10': -50389.5, 'J11': -217355.5, 'J12': -116346.0, 'J13': -41970.5, 'cluster3106249630_3106249631_J60_J61_#5more': -319444.0}, {'J10': 13, 'J11': 32, 'J12': 20, 'J13': 28, 'cluster3106249630_3106249631_J60_J61_#5more': 42}, {'J10': 18, 'J11': 50, 'J12': 78, 'J13': 47, 'cluster3106249630_3106249631_J60_J61_#5more': 81}, 
2525.0, {'J10': -50569.5, 'J11': -217833.0, 'J12': -117126.0, 'J13': -42440.5, 'cluster3106249630_3106249631_J60_J61_#5more': -320254.5}, {'J10': 13, 'J11': 32, 'J12': 20, 'J13': 28, 'cluster3106249630_3106249631_J60_J61_#5more': 42}, {'J10': 18, 'J11': 49, 'J12': 78, 'J13': 47, 'cluster3106249630_3106249631_J60_J61_#5more': 82}, 
2530.0, {'J10': -50749.5, 'J11': -218231.0, 'J12': -117909.0, 'J13': -42910.5, 'cluster3106249630_3106249631_J60_J61_#5more': -321074.5}, {'J10': 13, 'J11': 32, 'J12': 20, 'J13': 28, 'cluster3106249630_3106249631_J60_J61_#5more': 42}, {'J10': 18, 'J11': 48, 'J12': 79, 'J13': 47, 'cluster3106249630_3106249631_J60_J61_#5more': 82}, 
2535.0, {'J10': -50929.5, 'J11': -218711.0, 'J12': -118699.0, 'J13': -43380.5, 'cluster3106249630_3106249631_J60_J61_#5more': -321645.0}, {'J10': 13, 'J11': 32, 'J12': 20, 'J13': 28, 'cluster3106249630_3106249631_J60_J61_#5more': 42}, {'J10': 18, 'J11': 48, 'J12': 79, 'J13': 47, 'cluster3106249630_3106249631_J60_J61_#5more': 82}, 
2540.0, {'J10': -51109.5, 'J11': -219191.0, 'J12': -119490.5, 'J13': -43850.5, 'cluster3106249630_3106249631_J60_J61_#5more': -322231.5}, {'J10': 13, 'J11': 32, 'J12': 20, 'J13': 28, 'cluster3106249630_3106249631_J60_J61_#5more': 42}, {'J10': 18, 'J11': 48, 'J12': 80, 'J13': 47, 'cluster3106249630_3106249631_J60_J61_#5more': 83}, 
2545.0, {'J10': -51289.5, 'J11': -219671.0, 'J12': -120294.5, 'J13': -44320.5, 'cluster3106249630_3106249631_J60_J61_#5more': -323070.0}, {'J10': 13, 'J11': 32, 'J12': 20, 'J13': 28, 'cluster3106249630_3106249631_J60_J61_#5more': 42}, {'J10': 18, 'J11': 48, 'J12': 81, 'J13': 47, 'cluster3106249630_3106249631_J60_J61_#5more': 86}, 
2550.0, {'J10': -51469.5, 'J11': -220151.0, 'J12': -121104.5, 'J13': -41207.0, 'cluster3106249630_3106249631_J60_J61_#5more': -323642.5}, {'J10': 13, 'J11': 32, 'J12': 20, 'J13': 26, 'cluster3106249630_3106249631_J60_J61_#5more': 42}, {'J10': 18, 'J11': 48, 'J12': 81, 'J13': 42, 'cluster3106249630_3106249631_J60_J61_#5more': 84}, 
2555.0, {'J10': -51649.5, 'J11': -220631.0, 'J12': -121914.5, 'J13': -41503.0, 'cluster3106249630_3106249631_J60_J61_#5more': -324341.0}, {'J10': 13, 'J11': 32, 'J12': 20, 'J13': 26, 'cluster3106249630_3106249631_J60_J61_#5more': 42}, {'J10': 18, 'J11': 48, 'J12': 81, 'J13': 41, 'cluster3106249630_3106249631_J60_J61_#5more': 80}, 
2560.0, {'J10': -51829.5, 'J11': -221111.0, 'J12': -117536.0, 'J13': -41919.0, 'cluster3106249630_3106249631_J60_J61_#5more': -325087.5}, {'J10': 13, 'J11': 32, 'J12': 20, 'J13': 26, 'cluster3106249630_3106249631_J60_J61_#5more': 42}, {'J10': 18, 'J11': 48, 'J12': 75, 'J13': 43, 'cluster3106249630_3106249631_J60_J61_#5more': 78}, 
2565.0, {'J10': -52009.5, 'J11': -221591.0, 'J12': -117435.5, 'J13': -42349.0, 'cluster3106249630_3106249631_J60_J61_#5more': -325873.5}, {'J10': 13, 'J11': 32, 'J12': 20, 'J13': 26, 'cluster3106249630_3106249631_J60_J61_#5more': 42}, {'J10': 18, 'J11': 48, 'J12': 74, 'J13': 43, 'cluster3106249630_3106249631_J60_J61_#5more': 81}, 
2570.0, {'J10': -52189.5, 'J11': -222071.0, 'J12': -118176.5, 'J13': -42779.5, 'cluster3106249630_3106249631_J60_J61_#5more': -323642.5}, {'J10': 13, 'J11': 32, 'J12': 20, 'J13': 27, 'cluster3106249630_3106249631_J60_J61_#5more': 42}, {'J10': 18, 'J11': 48, 'J12': 76, 'J13': 44, 'cluster3106249630_3106249631_J60_J61_#5more': 80}, 
2575.0, {'J10': -52369.5, 'J11': -222551.0, 'J12': -118943.5, 'J13': -43223.5, 'cluster3106249630_3106249631_J60_J61_#5more': -324445.0}, {'J10': 13, 'J11': 32, 'J12': 20, 'J13': 28, 'cluster3106249630_3106249631_J60_J61_#5more': 42}, {'J10': 18, 'J11': 48, 'J12': 78, 'J13': 45, 'cluster3106249630_3106249631_J60_J61_#5more': 81}, 
2580.0, {'J10': -52552.0, 'J11': -223031.0, 'J12': -119321.0, 'J13': -43673.5, 'cluster3106249630_3106249631_J60_J61_#5more': -325222.5}, {'J10': 13, 'J11': 32, 'J12': 20, 'J13': 28, 'cluster3106249630_3106249631_J60_J61_#5more': 42}, {'J10': 19, 'J11': 48, 'J12': 77, 'J13': 45, 'cluster3106249630_3106249631_J60_J61_#5more': 80}, 
2585.0, {'J10': -52729.5, 'J11': -223511.0, 'J12': -119356.5, 'J13': -44123.5, 'cluster3106249630_3106249631_J60_J61_#5more': -325884.5}, {'J10': 13, 'J11': 32, 'J12': 20, 'J13': 28, 'cluster3106249630_3106249631_J60_J61_#5more': 42}, {'J10': 18, 'J11': 48, 'J12': 75, 'J13': 45, 'cluster3106249630_3106249631_J60_J61_#5more': 76}, 
2590.0, {'J10': -52909.5, 'J11': -223991.0, 'J12': -119806.5, 'J13': -44573.5, 'cluster3106249630_3106249631_J60_J61_#5more': -326645.5}, {'J10': 13, 'J11': 32, 'J12': 20, 'J13': 28, 'cluster3106249630_3106249631_J60_J61_#5more': 42}, {'J10': 18, 'J11': 48, 'J12': 75, 'J13': 45, 'cluster3106249630_3106249631_J60_J61_#5more': 77}, 
2595.0, {'J10': -53089.5, 'J11': -224471.0, 'J12': -120556.5, 'J13': -45023.5, 'cluster3106249630_3106249631_J60_J61_#5more': -327415.5}, {'J10': 13, 'J11': 32, 'J12': 20, 'J13': 28, 'cluster3106249630_3106249631_J60_J61_#5more': 42}, {'J10': 18, 'J11': 48, 'J12': 75, 'J13': 45, 'cluster3106249630_3106249631_J60_J61_#5more': 77}, 
2600.0, {'J10': -53269.5, 'J11': -224951.0, 'J12': -121285.5, 'J13': -45473.5, 'cluster3106249630_3106249631_J60_J61_#5more': -328164.5}, {'J10': 13, 'J11': 32, 'J12': 20, 'J13': 28, 'cluster3106249630_3106249631_J60_J61_#5more': 42}, {'J10': 18, 'J11': 48, 'J12': 74, 'J13': 45, 'cluster3106249630_3106249631_J60_J61_#5more': 76}, 
2605.0, {'J10': -53449.5, 'J11': -225431.0, 'J12': -122025.5, 'J13': -45923.5, 'cluster3106249630_3106249631_J60_J61_#5more': -328928.0}, {'J10': 13, 'J11': 32, 'J12': 20, 'J13': 28, 'cluster3106249630_3106249631_J60_J61_#5more': 42}, {'J10': 18, 'J11': 48, 'J12': 74, 'J13': 45, 'cluster3106249630_3106249631_J60_J61_#5more': 78}, 
2610.0, {'J10': -53629.5, 'J11': -225911.0, 'J12': -122765.5, 'J13': -46373.5, 'cluster3106249630_3106249631_J60_J61_#5more': -329724.0}, {'J10': 13, 'J11': 32, 'J12': 20, 'J13': 28, 'cluster3106249630_3106249631_J60_J61_#5more': 42}, {'J10': 18, 'J11': 48, 'J12': 74, 'J13': 45, 'cluster3106249630_3106249631_J60_J61_#5more': 83}, 
2615.0, {'J10': -53809.5, 'J11': -226391.0, 'J12': -123505.5, 'J13': -44984.0, 'cluster3106249630_3106249631_J60_J61_#5more': -330558.5}, {'J10': 13, 'J11': 32, 'J12': 20, 'J13': 27, 'cluster3106249630_3106249631_J60_J61_#5more': 42}, {'J10': 18, 'J11': 48, 'J12': 74, 'J13': 42, 'cluster3106249630_3106249631_J60_J61_#5more': 85}, 
2620.0, {'J10': -53989.5, 'J11': -226871.0, 'J12': -124245.5, 'J13': -42403.5, 'cluster3106249630_3106249631_J60_J61_#5more': -331415.0}, {'J10': 13, 'J11': 32, 'J12': 20, 'J13': 25, 'cluster3106249630_3106249631_J60_J61_#5more': 42}, {'J10': 18, 'J11': 48, 'J12': 74, 'J13': 38, 'cluster3106249630_3106249631_J60_J61_#5more': 88}, 
2625.0, {'J10': -54169.5, 'J11': -227351.0, 'J12': -123058.0, 'J13': -42789.5, 'cluster3106249630_3106249631_J60_J61_#5more': -332261.5}, {'J10': 13, 'J11': 32, 'J12': 20, 'J13': 25, 'cluster3106249630_3106249631_J60_J61_#5more': 42}, {'J10': 18, 'J11': 48, 'J12': 72, 'J13': 40, 'cluster3106249630_3106249631_J60_J61_#5more': 90}, 
2630.0, {'J10': -54349.5, 'J11': -227831.0, 'J12': -123778.0, 'J13': -43189.5, 'cluster3106249630_3106249631_J60_J61_#5more': -333078.5}, {'J10': 13, 'J11': 32, 'J12': 20, 'J13': 25, 'cluster3106249630_3106249631_J60_J61_#5more': 42}, {'J10': 18, 'J11': 48, 'J12': 72, 'J13': 40, 'cluster3106249630_3106249631_J60_J61_#5more': 91}, 
2635.0, {'J10': -54533.5, 'J11': -228311.0, 'J12': -124504.0, 'J13': -43589.5, 'cluster3106249630_3106249631_J60_J61_#5more': -331629.5}, {'J10': 13, 'J11': 32, 'J12': 20, 'J13': 25, 'cluster3106249630_3106249631_J60_J61_#5more': 42}, {'J10': 19, 'J11': 48, 'J12': 74, 'J13': 40, 'cluster3106249630_3106249631_J60_J61_#5more': 89}, 
2640.0, {'J10': -54723.5, 'J11': -228791.0, 'J12': -125249.0, 'J13': -44000.5, 'cluster3106249630_3106249631_J60_J61_#5more': -332456.5}, {'J10': 13, 'J11': 32, 'J12': 20, 'J13': 28, 'cluster3106249630_3106249631_J60_J61_#5more': 42}, {'J10': 19, 'J11': 48, 'J12': 75, 'J13': 43, 'cluster3106249630_3106249631_J60_J61_#5more': 88}, 
2645.0, {'J10': -54890.0, 'J11': -229271.0, 'J12': -125427.0, 'J13': -44430.5, 'cluster3106249630_3106249631_J60_J61_#5more': -333272.5}, {'J10': 13, 'J11': 32, 'J12': 20, 'J13': 28, 'cluster3106249630_3106249631_J60_J61_#5more': 42}, {'J10': 19, 'J11': 48, 'J12': 74, 'J13': 43, 'cluster3106249630_3106249631_J60_J61_#5more': 94}, 
2650.0, {'J10': -55069.5, 'J11': -229751.0, 'J12': -125652.0, 'J13': -44860.5, 'cluster3106249630_3106249631_J60_J61_#5more': -334097.0}, {'J10': 13, 'J11': 32, 'J12': 20, 'J13': 28, 'cluster3106249630_3106249631_J60_J61_#5more': 42}, {'J10': 18, 'J11': 48, 'J12': 73, 'J13': 43, 'cluster3106249630_3106249631_J60_J61_#5more': 90}, 
2655.0, {'J10': -55254.5, 'J11': -230231.0, 'J12': -126382.0, 'J13': -45290.5, 'cluster3106249630_3106249631_J60_J61_#5more': -334913.5}, {'J10': 13, 'J11': 32, 'J12': 20, 'J13': 28, 'cluster3106249630_3106249631_J60_J61_#5more': 42}, {'J10': 19, 'J11': 48, 'J12': 73, 'J13': 43, 'cluster3106249630_3106249631_J60_J61_#5more': 87}, 
2660.0, {'J10': -55444.5, 'J11': -230711.0, 'J12': -127113.0, 'J13': -45720.5, 'cluster3106249630_3106249631_J60_J61_#5more': -335789.5}, {'J10': 13, 'J11': 32, 'J12': 20, 'J13': 28, 'cluster3106249630_3106249631_J60_J61_#5more': 42}, {'J10': 19, 'J11': 48, 'J12': 74, 'J13': 43, 'cluster3106249630_3106249631_J60_J61_#5more': 90}, 
2665.0, {'J10': -55634.5, 'J11': -231191.0, 'J12': -127855.0, 'J13': -46150.5, 'cluster3106249630_3106249631_J60_J61_#5more': -336691.0}, {'J10': 13, 'J11': 32, 'J12': 20, 'J13': 28, 'cluster3106249630_3106249631_J60_J61_#5more': 42}, {'J10': 19, 'J11': 48, 'J12': 76, 'J13': 43, 'cluster3106249630_3106249631_J60_J61_#5more': 91}, 
2670.0, {'J10': -55824.5, 'J11': -231671.0, 'J12': -128615.0, 'J13': -46580.5, 'cluster3106249630_3106249631_J60_J61_#5more': -337601.0}, {'J10': 13, 'J11': 32, 'J12': 20, 'J13': 28, 'cluster3106249630_3106249631_J60_J61_#5more': 42}, {'J10': 19, 'J11': 48, 'J12': 76, 'J13': 43, 'cluster3106249630_3106249631_J60_J61_#5more': 91}, 
2675.0, {'J10': -56014.5, 'J11': -232151.0, 'J12': -129375.0, 'J13': -47010.5, 'cluster3106249630_3106249631_J60_J61_#5more': -338511.0}, {'J10': 13, 'J11': 32, 'J12': 20, 'J13': 28, 'cluster3106249630_3106249631_J60_J61_#5more': 42}, {'J10': 19, 'J11': 48, 'J12': 76, 'J13': 43, 'cluster3106249630_3106249631_J60_J61_#5more': 91}, 
2680.0, {'J10': -56204.5, 'J11': -232631.0, 'J12': -130135.0, 'J13': -45081.0, 'cluster3106249630_3106249631_J60_J61_#5more': -339378.0}, {'J10': 13, 'J11': 32, 'J12': 20, 'J13': 26, 'cluster3106249630_3106249631_J60_J61_#5more': 42}, {'J10': 19, 'J11': 48, 'J12': 76, 'J13': 40, 'cluster3106249630_3106249631_J60_J61_#5more': 90}, 
2685.0, {'J10': -56394.5, 'J11': -233111.0, 'J12': -130895.0, 'J13': -43222.0, 'cluster3106249630_3106249631_J60_J61_#5more': -340230.0}, {'J10': 13, 'J11': 32, 'J12': 20, 'J13': 24, 'cluster3106249630_3106249631_J60_J61_#5more': 42}, {'J10': 19, 'J11': 48, 'J12': 76, 'J13': 37, 'cluster3106249630_3106249631_J60_J61_#5more': 90}, 
2690.0, {'J10': -56584.5, 'J11': -233591.0, 'J12': -128180.5, 'J13': -43598.0, 'cluster3106249630_3106249631_J60_J61_#5more': -341017.5}, {'J10': 13, 'J11': 32, 'J12': 20, 'J13': 24, 'cluster3106249630_3106249631_J60_J61_#5more': 42}, {'J10': 19, 'J11': 48, 'J12': 72, 'J13': 39, 'cluster3106249630_3106249631_J60_J61_#5more': 88}, 
2695.0, {'J10': -56775.0, 'J11': -234071.0, 'J12': -128709.5, 'J13': -43988.0, 'cluster3106249630_3106249631_J60_J61_#5more': -341897.5}, {'J10': 13, 'J11': 32, 'J12': 20, 'J13': 24, 'cluster3106249630_3106249631_J60_J61_#5more': 42}, {'J10': 20, 'J11': 48, 'J12': 72, 'J13': 39, 'cluster3106249630_3106249631_J60_J61_#5more': 88}, 
2700.0, {'J10': -56975.0, 'J11': -234551.0, 'J12': -129430.0, 'J13': -44378.0, 'cluster3106249630_3106249631_J60_J61_#5more': -342784.0}, {'J10': 13, 'J11': 32, 'J12': 20, 'J13': 24, 'cluster3106249630_3106249631_J60_J61_#5more': 42}, {'J10': 20, 'J11': 48, 'J12': 73, 'J13': 39, 'cluster3106249630_3106249631_J60_J61_#5more': 90}, 
2705.0, {'J10': -57175.0, 'J11': -235031.0, 'J12': -130171.5, 'J13': -44776.0, 'cluster3106249630_3106249631_J60_J61_#5more': -343684.0}, {'J10': 13, 'J11': 32, 'J12': 20, 'J13': 27, 'cluster3106249630_3106249631_J60_J61_#5more': 42}, {'J10': 20, 'J11': 48, 'J12': 77, 'J13': 42, 'cluster3106249630_3106249631_J60_J61_#5more': 90}, 
2710.0, {'J10': -57260.5, 'J11': -235511.0, 'J12': -130946.5, 'J13': -45199.0, 'cluster3106249630_3106249631_J60_J61_#5more': -344584.0}, {'J10': 13, 'J11': 32, 'J12': 20, 'J13': 28, 'cluster3106249630_3106249631_J60_J61_#5more': 42}, {'J10': 20, 'J11': 48, 'J12': 79, 'J13': 43, 'cluster3106249630_3106249631_J60_J61_#5more': 90}, 
2715.0, {'J10': -57410.5, 'J11': -235991.0, 'J12': -131716.0, 'J13': -45629.0, 'cluster3106249630_3106249631_J60_J61_#5more': -345484.0}, {'J10': 13, 'J11': 32, 'J12': 20, 'J13': 28, 'cluster3106249630_3106249631_J60_J61_#5more': 42}, {'J10': 19, 'J11': 48, 'J12': 78, 'J13': 43, 'cluster3106249630_3106249631_J60_J61_#5more': 90}, 
2720.0, {'J10': -57603.5, 'J11': -236471.0, 'J12': -132451.0, 'J13': -46059.0, 'cluster3106249630_3106249631_J60_J61_#5more': -346392.5}, {'J10': 13, 'J11': 32, 'J12': 20, 'J13': 28, 'cluster3106249630_3106249631_J60_J61_#5more': 42}, {'J10': 20, 'J11': 48, 'J12': 76, 'J13': 43, 'cluster3106249630_3106249631_J60_J61_#5more': 93}, 
2725.0, {'J10': -57803.5, 'J11': -236951.0, 'J12': -133211.0, 'J13': -46489.0, 'cluster3106249630_3106249631_J60_J61_#5more': -347322.5}, {'J10': 13, 'J11': 32, 'J12': 20, 'J13': 28, 'cluster3106249630_3106249631_J60_J61_#5more': 42}, {'J10': 20, 'J11': 48, 'J12': 76, 'J13': 43, 'cluster3106249630_3106249631_J60_J61_#5more': 93}, 
2730.0, {'J10': -58003.5, 'J11': -237431.0, 'J12': -133971.0, 'J13': -46919.0, 'cluster3106249630_3106249631_J60_J61_#5more': -348256.0}, {'J10': 13, 'J11': 32, 'J12': 20, 'J13': 28, 'cluster3106249630_3106249631_J60_J61_#5more': 42}, {'J10': 20, 'J11': 48, 'J12': 76, 'J13': 43, 'cluster3106249630_3106249631_J60_J61_#5more': 94}, 
2735.0, {'J10': -58203.5, 'J11': -237911.0, 'J12': -134736.0, 'J13': -47349.0, 'cluster3106249630_3106249631_J60_J61_#5more': -349196.0}, {'J10': 13, 'J11': 32, 'J12': 20, 'J13': 28, 'cluster3106249630_3106249631_J60_J61_#5more': 42}, {'J10': 20, 'J11': 48, 'J12': 77, 'J13': 43, 'cluster3106249630_3106249631_J60_J61_#5more': 94}, 
2740.0, {'J10': -58403.5, 'J11': -238391.0, 'J12': -135506.0, 'J13': -47779.0, 'cluster3106249630_3106249631_J60_J61_#5more': -350136.0}, {'J10': 13, 'J11': 32, 'J12': 20, 'J13': 28, 'cluster3106249630_3106249631_J60_J61_#5more': 42}, {'J10': 20, 'J11': 48, 'J12': 77, 'J13': 43, 'cluster3106249630_3106249631_J60_J61_#5more': 94}, 
2745.0, {'J10': -58603.5, 'J11': -238871.0, 'J12': -136276.0, 'J13': -47967.0, 'cluster3106249630_3106249631_J60_J61_#5more': -351079.5}, {'J10': 13, 'J11': 32, 'J12': 20, 'J13': 28, 'cluster3106249630_3106249631_J60_J61_#5more': 42}, {'J10': 20, 'J11': 48, 'J12': 77, 'J13': 42, 'cluster3106249630_3106249631_J60_J61_#5more': 95}, 
2750.0, {'J10': -58803.5, 'J11': -239351.0, 'J12': -137046.0, 'J13': -46137.0, 'cluster3106249630_3106249631_J60_J61_#5more': -352029.5}, {'J10': 13, 'J11': 32, 'J12': 20, 'J13': 26, 'cluster3106249630_3106249631_J60_J61_#5more': 42}, {'J10': 20, 'J11': 48, 'J12': 77, 'J13': 39, 'cluster3106249630_3106249631_J60_J61_#5more': 95}, 
2755.0, {'J10': -59003.5, 'J11': -239834.0, 'J12': -136457.5, 'J13': -46531.0, 'cluster3106249630_3106249631_J60_J61_#5more': -352984.0}, {'J10': 13, 'J11': 32, 'J12': 20, 'J13': 26, 'cluster3106249630_3106249631_J60_J61_#5more': 42}, {'J10': 20, 'J11': 49, 'J12': 74, 'J13': 40, 'cluster3106249630_3106249631_J60_J61_#5more': 96}, 
2760.0, {'J10': -59203.5, 'J11': -240311.0, 'J12': -136817.0, 'J13': -46931.0, 'cluster3106249630_3106249631_J60_J61_#5more': -353944.0}, {'J10': 13, 'J11': 32, 'J12': 20, 'J13': 26, 'cluster3106249630_3106249631_J60_J61_#5more': 42}, {'J10': 20, 'J11': 48, 'J12': 73, 'J13': 40, 'cluster3106249630_3106249631_J60_J61_#5more': 96}, 
2765.0, {'J10': -59403.5, 'J11': -240799.0, 'J12': -137553.5, 'J13': -47331.0, 'cluster3106249630_3106249631_J60_J61_#5more': -354908.5}, {'J10': 13, 'J11': 32, 'J12': 20, 'J13': 26, 'cluster3106249630_3106249631_J60_J61_#5more': 42}, {'J10': 20, 'J11': 51, 'J12': 76, 'J13': 40, 'cluster3106249630_3106249631_J60_J61_#5more': 97}, 
2770.0, {'J10': -59603.5, 'J11': -241315.0, 'J12': -138321.5, 'J13': -47738.0, 'cluster3106249630_3106249631_J60_J61_#5more': -355880.5}, {'J10': 13, 'J11': 32, 'J12': 20, 'J13': 28, 'cluster3106249630_3106249631_J60_J61_#5more': 42}, {'J10': 20, 'J11': 53, 'J12': 78, 'J13': 42, 'cluster3106249630_3106249631_J60_J61_#5more': 98}, 
2775.0, {'J10': -59683.5, 'J11': -241845.0, 'J12': -138437.5, 'J13': -48158.0, 'cluster3106249630_3106249631_J60_J61_#5more': -356746.5}, {'J10': 13, 'J11': 32, 'J12': 20, 'J13': 28, 'cluster3106249630_3106249631_J60_J61_#5more': 42}, {'J10': 20, 'J11': 53, 'J12': 77, 'J13': 42, 'cluster3106249630_3106249631_J60_J61_#5more': 97}, 
2780.0, {'J10': -59873.0, 'J11': -242341.5, 'J12': -138372.5, 'J13': -48578.0, 'cluster3106249630_3106249631_J60_J61_#5more': -357716.5}, {'J10': 13, 'J11': 32, 'J12': 20, 'J13': 28, 'cluster3106249630_3106249631_J60_J61_#5more': 42}, {'J10': 20, 'J11': 53, 'J12': 76, 'J13': 42, 'cluster3106249630_3106249631_J60_J61_#5more': 97}, 
2785.0, {'J10': -60073.0, 'J11': -242871.5, 'J12': -139132.5, 'J13': -48998.0, 'cluster3106249630_3106249631_J60_J61_#5more': -358553.5}, {'J10': 13, 'J11': 32, 'J12': 20, 'J13': 28, 'cluster3106249630_3106249631_J60_J61_#5more': 42}, {'J10': 20, 'J11': 53, 'J12': 76, 'J13': 42, 'cluster3106249630_3106249631_J60_J61_#5more': 96}, 
2790.0, {'J10': -60273.0, 'J11': -243351.5, 'J12': -139892.5, 'J13': -49418.0, 'cluster3106249630_3106249631_J60_J61_#5more': -359372.0}, {'J10': 13, 'J11': 32, 'J12': 20, 'J13': 28, 'cluster3106249630_3106249631_J60_J61_#5more': 42}, {'J10': 20, 'J11': 53, 'J12': 76, 'J13': 42, 'cluster3106249630_3106249631_J60_J61_#5more': 95}, 
2795.0, {'J10': -60473.0, 'J11': -243789.5, 'J12': -140652.5, 'J13': -49838.0, 'cluster3106249630_3106249631_J60_J61_#5more': -360323.0}, {'J10': 13, 'J11': 32, 'J12': 20, 'J13': 28, 'cluster3106249630_3106249631_J60_J61_#5more': 42}, {'J10': 20, 'J11': 51, 'J12': 76, 'J13': 42, 'cluster3106249630_3106249631_J60_J61_#5more': 96}, 
2800.0, {'J10': -60673.0, 'J11': -244151.0, 'J12': -141417.5, 'J13': -50258.0, 'cluster3106249630_3106249631_J60_J61_#5more': -361294.0}, {'J10': 13, 'J11': 32, 'J12': 20, 'J13': 28, 'cluster3106249630_3106249631_J60_J61_#5more': 42}, {'J10': 20, 'J11': 48, 'J12': 77, 'J13': 42, 'cluster3106249630_3106249631_J60_J61_#5more': 99}, 
2805.0, {'J10': -60873.0, 'J11': -244631.0, 'J12': -142187.5, 'J13': -50678.0, 'cluster3106249630_3106249631_J60_J61_#5more': -362130.5}, {'J10': 13, 'J11': 32, 'J12': 20, 'J13': 28, 'cluster3106249630_3106249631_J60_J61_#5more': 42}, {'J10': 20, 'J11': 48, 'J12': 77, 'J13': 42, 'cluster3106249630_3106249631_J60_J61_#5more': 98}, 
2810.0, {'J10': -61073.0, 'J11': -245111.0, 'J12': -142957.5, 'J13': -48619.0, 'cluster3106249630_3106249631_J60_J61_#5more': -363080.0}, {'J10': 13, 'J11': 32, 'J12': 20, 'J13': 26, 'cluster3106249630_3106249631_J60_J61_#5more': 42}, {'J10': 20, 'J11': 48, 'J12': 77, 'J13': 39, 'cluster3106249630_3106249631_J60_J61_#5more': 98}, 
2815.0, {'J10': -61273.0, 'J11': -245591.0, 'J12': -143727.5, 'J13': -46747.0, 'cluster3106249630_3106249631_J60_J61_#5more': -363991.5}, {'J10': 13, 'J11': 32, 'J12': 20, 'J13': 24, 'cluster3106249630_3106249631_J60_J61_#5more': 42}, {'J10': 20, 'J11': 48, 'J12': 77, 'J13': 36, 'cluster3106249630_3106249631_J60_J61_#5more': 96}, 
2820.0, {'J10': -61473.0, 'J11': -246071.0, 'J12': -140931.0, 'J13': -47107.0, 'cluster3106249630_3106249631_J60_J61_#5more': -364953.0}, {'J10': 13, 'J11': 32, 'J12': 20, 'J13': 24, 'cluster3106249630_3106249631_J60_J61_#5more': 42}, {'J10': 20, 'J11': 48, 'J12': 73, 'J13': 36, 'cluster3106249630_3106249631_J60_J61_#5more': 97}, 
2825.0, {'J10': -61673.0, 'J11': -246552.5, 'J12': -141663.5, 'J13': -47467.0, 'cluster3106249630_3106249631_J60_J61_#5more': -365923.0}, {'J10': 13, 'J11': 32, 'J12': 20, 'J13': 24, 'cluster3106249630_3106249631_J60_J61_#5more': 42}, {'J10': 20, 'J11': 49, 'J12': 74, 'J13': 36, 'cluster3106249630_3106249631_J60_J61_#5more': 97}, 
2830.0, {'J10': -61873.0, 'J11': -247042.5, 'J12': -142387.0, 'J13': -47828.0, 'cluster3106249630_3106249631_J60_J61_#5more': -366893.0}, {'J10': 13, 'J11': 32, 'J12': 20, 'J13': 25, 'cluster3106249630_3106249631_J60_J61_#5more': 42}, {'J10': 20, 'J11': 49, 'J12': 76, 'J13': 37, 'cluster3106249630_3106249631_J60_J61_#5more': 97}, 
2835.0, {'J10': -62073.0, 'J11': -247511.0, 'J12': -143132.0, 'J13': -48207.5, 'cluster3106249630_3106249631_J60_J61_#5more': -367863.0}, {'J10': 13, 'J11': 32, 'J12': 20, 'J13': 28, 'cluster3106249630_3106249631_J60_J61_#5more': 42}, {'J10': 20, 'J11': 48, 'J12': 77, 'J13': 40, 'cluster3106249630_3106249631_J60_J61_#5more': 97}, 
2840.0, {'J10': -61910.0, 'J11': -247991.0, 'J12': -143902.0, 'J13': -48607.5, 'cluster3106249630_3106249631_J60_J61_#5more': -368841.5}, {'J10': 13, 'J11': 32, 'J12': 20, 'J13': 28, 'cluster3106249630_3106249631_J60_J61_#5more': 42}, {'J10': 19, 'J11': 48, 'J12': 77, 'J13': 40, 'cluster3106249630_3106249631_J60_J61_#5more': 100}, 
2845.0, {'J10': -62091.5, 'J11': -248471.0, 'J12': -144672.0, 'J13': -49007.5, 'cluster3106249630_3106249631_J60_J61_#5more': -369827.0}, {'J10': 13, 'J11': 32, 'J12': 20, 'J13': 28, 'cluster3106249630_3106249631_J60_J61_#5more': 42}, {'J10': 19, 'J11': 48, 'J12': 77, 'J13': 40, 'cluster3106249630_3106249631_J60_J61_#5more': 99}, 
2850.0, {'J10': -62285.5, 'J11': -248951.0, 'J12': -145442.0, 'J13': -49407.5, 'cluster3106249630_3106249631_J60_J61_#5more': -370817.0}, {'J10': 13, 'J11': 32, 'J12': 20, 'J13': 28, 'cluster3106249630_3106249631_J60_J61_#5more': 42}, {'J10': 20, 'J11': 48, 'J12': 77, 'J13': 40, 'cluster3106249630_3106249631_J60_J61_#5more': 99}, 
2855.0, {'J10': -62485.5, 'J11': -249432.0, 'J12': -146212.0, 'J13': -49807.5, 'cluster3106249630_3106249631_J60_J61_#5more': -371774.0}, {'J10': 13, 'J11': 32, 'J12': 20, 'J13': 28, 'cluster3106249630_3106249631_J60_J61_#5more': 42}, {'J10': 20, 'J11': 49, 'J12': 77, 'J13': 40, 'cluster3106249630_3106249631_J60_J61_#5more': 98}, 
2860.0, {'J10': -62685.5, 'J11': -249911.0, 'J12': -146982.0, 'J13': -50207.5, 'cluster3106249630_3106249631_J60_J61_#5more': -372713.5}, {'J10': 13, 'J11': 32, 'J12': 20, 'J13': 28, 'cluster3106249630_3106249631_J60_J61_#5more': 42}, {'J10': 20, 'J11': 48, 'J12': 77, 'J13': 40, 'cluster3106249630_3106249631_J60_J61_#5more': 98}, 
2865.0, {'J10': -62885.5, 'J11': -250391.0, 'J12': -147754.5, 'J13': -50607.5, 'cluster3106249630_3106249631_J60_J61_#5more': -373696.5}, {'J10': 13, 'J11': 32, 'J12': 20, 'J13': 28, 'cluster3106249630_3106249631_J60_J61_#5more': 42}, {'J10': 20, 'J11': 48, 'J12': 78, 'J13': 40, 'cluster3106249630_3106249631_J60_J61_#5more': 100}, 
2870.0, {'J10': -63085.5, 'J11': -250871.0, 'J12': -148534.5, 'J13': -51007.5, 'cluster3106249630_3106249631_J60_J61_#5more': -374701.0}, {'J10': 13, 'J11': 32, 'J12': 20, 'J13': 28, 'cluster3106249630_3106249631_J60_J61_#5more': 42}, {'J10': 20, 'J11': 48, 'J12': 78, 'J13': 40, 'cluster3106249630_3106249631_J60_J61_#5more': 101}, 
2875.0, {'J10': -63285.5, 'J11': -251351.0, 'J12': -149314.5, 'J13': -49282.0, 'cluster3106249630_3106249631_J60_J61_#5more': -375711.0}, {'J10': 13, 'J11': 32, 'J12': 20, 'J13': 26, 'cluster3106249630_3106249631_J60_J61_#5more': 42}, {'J10': 20, 'J11': 48, 'J12': 78, 'J13': 38, 'cluster3106249630_3106249631_J60_J61_#5more': 101}, 
2880.0, {'J10': -63485.5, 'J11': -251831.0, 'J12': -150094.5, 'J13': -47521.0, 'cluster3106249630_3106249631_J60_J61_#5more': -376680.5}, {'J10': 13, 'J11': 32, 'J12': 20, 'J13': 24, 'cluster3106249630_3106249631_J60_J61_#5more': 42}, {'J10': 20, 'J11': 48, 'J12': 78, 'J13': 37, 'cluster3106249630_3106249631_J60_J61_#5more': 100}, 
2885.0, {'J10': -63685.5, 'J11': -252311.0, 'J12': -149777.0, 'J13': -47878.5, 'cluster3106249630_3106249631_J60_J61_#5more': -377597.5}, {'J10': 13, 'J11': 32, 'J12': 20, 'J13': 24, 'cluster3106249630_3106249631_J60_J61_#5more': 42}, {'J10': 20, 'J11': 48, 'J12': 75, 'J13': 36, 'cluster3106249630_3106249631_J60_J61_#5more': 98}, 
2890.0, {'J10': -63885.5, 'J11': -252791.0, 'J12': -150527.0, 'J13': -48238.5, 'cluster3106249630_3106249631_J60_J61_#5more': -378577.5}, {'J10': 13, 'J11': 32, 'J12': 20, 'J13': 24, 'cluster3106249630_3106249631_J60_J61_#5more': 42}, {'J10': 20, 'J11': 48, 'J12': 75, 'J13': 36, 'cluster3106249630_3106249631_J60_J61_#5more': 98}, 
2895.0, {'J10': -64085.5, 'J11': -253271.0, 'J12': -151277.5, 'J13': -48598.5, 'cluster3106249630_3106249631_J60_J61_#5more': -379503.5}, {'J10': 13, 'J11': 32, 'J12': 20, 'J13': 24, 'cluster3106249630_3106249631_J60_J61_#5more': 42}, {'J10': 20, 'J11': 48, 'J12': 76, 'J13': 36, 'cluster3106249630_3106249631_J60_J61_#5more': 98}, 
2900.0, {'J10': -64285.5, 'J11': -253751.0, 'J12': -152046.5, 'J13': -48971.5, 'cluster3106249630_3106249631_J60_J61_#5more': -380484.5}, {'J10': 13, 'J11': 32, 'J12': 20, 'J13': 28, 'cluster3106249630_3106249631_J60_J61_#5more': 42}, {'J10': 20, 'J11': 48, 'J12': 78, 'J13': 40, 'cluster3106249630_3106249631_J60_J61_#5more': 99}, 
2905.0, {'J10': -64363.5, 'J11': -254231.0, 'J12': -152826.5, 'J13': -49371.5, 'cluster3106249630_3106249631_J60_J61_#5more': -381463.0}, {'J10': 13, 'J11': 32, 'J12': 20, 'J13': 28, 'cluster3106249630_3106249631_J60_J61_#5more': 42}, {'J10': 19, 'J11': 48, 'J12': 78, 'J13': 40, 'cluster3106249630_3106249631_J60_J61_#5more': 101}, 
2910.0, {'J10': -64553.5, 'J11': -254711.0, 'J12': -152674.0, 'J13': -49771.5, 'cluster3106249630_3106249631_J60_J61_#5more': -382473.0}, {'J10': 13, 'J11': 32, 'J12': 20, 'J13': 28, 'cluster3106249630_3106249631_J60_J61_#5more': 42}, {'J10': 19, 'J11': 48, 'J12': 77, 'J13': 40, 'cluster3106249630_3106249631_J60_J61_#5more': 101}, 
2915.0, {'J10': -64748.5, 'J11': -255191.0, 'J12': -153444.0, 'J13': -50171.5, 'cluster3106249630_3106249631_J60_J61_#5more': -383485.5}, {'J10': 13, 'J11': 32, 'J12': 20, 'J13': 28, 'cluster3106249630_3106249631_J60_J61_#5more': 42}, {'J10': 20, 'J11': 48, 'J12': 77, 'J13': 40, 'cluster3106249630_3106249631_J60_J61_#5more': 102}, 
2920.0, {'J10': -64948.5, 'J11': -255671.0, 'J12': -154214.0, 'J13': -50571.5, 'cluster3106249630_3106249631_J60_J61_#5more': -384505.5}, {'J10': 13, 'J11': 32, 'J12': 20, 'J13': 28, 'cluster3106249630_3106249631_J60_J61_#5more': 42}, {'J10': 20, 'J11': 48, 'J12': 77, 'J13': 40, 'cluster3106249630_3106249631_J60_J61_#5more': 102}, 
2925.0, {'J10': -65148.5, 'J11': -256151.0, 'J12': -154986.5, 'J13': -50976.0, 'cluster3106249630_3106249631_J60_J61_#5more': -385525.5}, {'J10': 13, 'J11': 32, 'J12': 20, 'J13': 28, 'cluster3106249630_3106249631_J60_J61_#5more': 42}, {'J10': 20, 'J11': 48, 'J12': 78, 'J13': 41, 'cluster3106249630_3106249631_J60_J61_#5more': 102}, 
2930.0, {'J10': -65348.5, 'J11': -256631.0, 'J12': -155766.5, 'J13': -51386.0, 'cluster3106249630_3106249631_J60_J61_#5more': -386547.5}, {'J10': 13, 'J11': 32, 'J12': 20, 'J13': 28, 'cluster3106249630_3106249631_J60_J61_#5more': 42}, {'J10': 20, 'J11': 48, 'J12': 78, 'J13': 41, 'cluster3106249630_3106249631_J60_J61_#5more': 103}, 
2935.0, {'J10': -65548.5, 'J11': -257111.0, 'J12': -156546.5, 'J13': -51796.0, 'cluster3106249630_3106249631_J60_J61_#5more': -387577.5}, {'J10': 13, 'J11': 32, 'J12': 20, 'J13': 28, 'cluster3106249630_3106249631_J60_J61_#5more': 42}, {'J10': 20, 'J11': 48, 'J12': 78, 'J13': 41, 'cluster3106249630_3106249631_J60_J61_#5more': 103}, 
2940.0, {'J10': -65748.5, 'J11': -257591.0, 'J12': -157326.5, 'J13': -47951.0, 'cluster3106249630_3106249631_J60_J61_#5more': -388607.5}, {'J10': 13, 'J11': 32, 'J12': 20, 'J13': 24, 'cluster3106249630_3106249631_J60_J61_#5more': 42}, {'J10': 20, 'J11': 48, 'J12': 78, 'J13': 36, 'cluster3106249630_3106249631_J60_J61_#5more': 103}, 
2945.0, {'J10': -65948.5, 'J11': -258071.0, 'J12': -158106.5, 'J13': -48311.0, 'cluster3106249630_3106249631_J60_J61_#5more': -389637.5}, {'J10': 13, 'J11': 32, 'J12': 20, 'J13': 24, 'cluster3106249630_3106249631_J60_J61_#5more': 42}, {'J10': 20, 'J11': 48, 'J12': 78, 'J13': 36, 'cluster3106249630_3106249631_J60_J61_#5more': 103}, 
2950.0, {'J10': -66148.5, 'J11': -258551.0, 'J12': -157660.5, 'J13': -48671.0, 'cluster3106249630_3106249631_J60_J61_#5more': -390667.5}, {'J10': 13, 'J11': 32, 'J12': 20, 'J13': 24, 'cluster3106249630_3106249631_J60_J61_#5more': 42}, {'J10': 20, 'J11': 48, 'J12': 76, 'J13': 36, 'cluster3106249630_3106249631_J60_J61_#5more': 103}, 
2955.0, {'J10': -66348.5, 'J11': -259031.0, 'J12': -158040.5, 'J13': -49031.0, 'cluster3106249630_3106249631_J60_J61_#5more': -391697.5}, {'J10': 13, 'J11': 32, 'J12': 20, 'J13': 24, 'cluster3106249630_3106249631_J60_J61_#5more': 42}, {'J10': 20, 'J11': 48, 'J12': 76, 'J13': 36, 'cluster3106249630_3106249631_J60_J61_#5more': 103}, 
2960.0, {'J10': -66548.5, 'J11': -259511.0, 'J12': -158783.0, 'J13': -49395.0, 'cluster3106249630_3106249631_J60_J61_#5more': -392728.5}, {'J10': 13, 'J11': 32, 'J12': 20, 'J13': 25, 'cluster3106249630_3106249631_J60_J61_#5more': 42}, {'J10': 20, 'J11': 48, 'J12': 78, 'J13': 38, 'cluster3106249630_3106249631_J60_J61_#5more': 104}, 
2965.0, {'J10': -66748.5, 'J11': -259991.0, 'J12': -159571.0, 'J13': -49786.0, 'cluster3106249630_3106249631_J60_J61_#5more': -393757.5}, {'J10': 13, 'J11': 32, 'J12': 20, 'J13': 28, 'cluster3106249630_3106249631_J60_J61_#5more': 42}, {'J10': 20, 'J11': 48, 'J12': 80, 'J13': 41, 'cluster3106249630_3106249631_J60_J61_#5more': 103}, 
2970.0, {'J10': -66706.0, 'J11': -260471.0, 'J12': -159186.0, 'J13': -50196.0, 'cluster3106249630_3106249631_J60_J61_#5more': -394790.5}, {'J10': 13, 'J11': 32, 'J12': 20, 'J13': 28, 'cluster3106249630_3106249631_J60_J61_#5more': 42}, {'J10': 20, 'J11': 48, 'J12': 78, 'J13': 41, 'cluster3106249630_3106249631_J60_J61_#5more': 104}, 
2975.0, {'J10': -66894.5, 'J11': -260951.0, 'J12': -158965.0, 'J13': -50606.0, 'cluster3106249630_3106249631_J60_J61_#5more': -395830.5}, {'J10': 13, 'J11': 32, 'J12': 20, 'J13': 28, 'cluster3106249630_3106249631_J60_J61_#5more': 42}, {'J10': 19, 'J11': 48, 'J12': 77, 'J13': 41, 'cluster3106249630_3106249631_J60_J61_#5more': 104}, 
2980.0, {'J10': -67084.5, 'J11': -261431.0, 'J12': -156736.0, 'J13': -51018.5, 'cluster3106249630_3106249631_J60_J61_#5more': -396870.5}, {'J10': 13, 'J11': 32, 'J12': 20, 'J13': 28, 'cluster3106249630_3106249631_J60_J61_#5more': 42}, {'J10': 19, 'J11': 48, 'J12': 74, 'J13': 42, 'cluster3106249630_3106249631_J60_J61_#5more': 104}, 
2985.0, {'J10': -67274.5, 'J11': -261911.0, 'J12': -154587.5, 'J13': -51438.5, 'cluster3106249630_3106249631_J60_J61_#5more': -397910.5}, {'J10': 13, 'J11': 32, 'J12': 20, 'J13': 28, 'cluster3106249630_3106249631_J60_J61_#5more': 42}, {'J10': 19, 'J11': 48, 'J12': 71, 'J13': 42, 'cluster3106249630_3106249631_J60_J61_#5more': 104}, 
2990.0, {'J10': -67464.5, 'J11': -262391.0, 'J12': -151701.5, 'J13': -51858.5, 'cluster3106249630_3106249631_J60_J61_#5more': -398950.5}, {'J10': 13, 'J11': 32, 'J12': 20, 'J13': 28, 'cluster3106249630_3106249631_J60_J61_#5more': 42}, {'J10': 19, 'J11': 48, 'J12': 68, 'J13': 42, 'cluster3106249630_3106249631_J60_J61_#5more': 104}, 
2995.0, {'J10': -67654.5, 'J11': -262871.0, 'J12': -151743.5, 'J13': -52278.5, 'cluster3106249630_3106249631_J60_J61_#5more': -399990.5}, {'J10': 13, 'J11': 32, 'J12': 20, 'J13': 28, 'cluster3106249630_3106249631_J60_J61_#5more': 42}, {'J10': 19, 'J11': 48, 'J12': 72, 'J13': 42, 'cluster3106249630_3106249631_J60_J61_#5more': 104}, 
3000.0, {'J10': -67844.5, 'J11': -263351.0, 'J12': -151906.5, 'J13': -52698.5, 'cluster3106249630_3106249631_J60_J61_#5more': -401030.5}, {'J10': 13, 'J11': 32, 'J12': 20, 'J13': 28, 'cluster3106249630_3106249631_J60_J61_#5more': 42}, {'J10': 19, 'J11': 48, 'J12': 70, 'J13': 42, 'cluster3106249630_3106249631_J60_J61_#5more': 104}, 
3005.0, {'J10': -68034.5, 'J11': -263831.0, 'J12': -151998.5, 'J13': -50911.0, 'cluster3106249630_3106249631_J60_J61_#5more': -402070.5}, {'J10': 13, 'J11': 32, 'J12': 20, 'J13': 26, 'cluster3106249630_3106249631_J60_J61_#5more': 42}, {'J10': 19, 'J11': 48, 'J12': 70, 'J13': 39, 'cluster3106249630_3106249631_J60_J61_#5more': 104}, 
3010.0, {'J10': -68224.5, 'J11': -264311.0, 'J12': -152668.0, 'J13': -51240.5, 'cluster3106249630_3106249631_J60_J61_#5more': -403110.5}, {'J10': 13, 'J11': 32, 'J12': 20, 'J13': 26, 'cluster3106249630_3106249631_J60_J61_#5more': 42}, {'J10': 19, 'J11': 48, 'J12': 69, 'J13': 39, 'cluster3106249630_3106249631_J60_J61_#5more': 104}, 
3015.0, {'J10': -68414.5, 'J11': -264791.0, 'J12': -153360.5, 'J13': -51630.5, 'cluster3106249630_3106249631_J60_J61_#5more': -404150.5}, {'J10': 13, 'J11': 32, 'J12': 20, 'J13': 26, 'cluster3106249630_3106249631_J60_J61_#5more': 42}, {'J10': 19, 'J11': 48, 'J12': 70, 'J13': 39, 'cluster3106249630_3106249631_J60_J61_#5more': 104}, 
3020.0, {'J10': -68604.5, 'J11': -265271.0, 'J12': -154076.0, 'J13': -52020.5, 'cluster3106249630_3106249631_J60_J61_#5more': -405190.5}, {'J10': 13, 'J11': 32, 'J12': 20, 'J13': 26, 'cluster3106249630_3106249631_J60_J61_#5more': 42}, {'J10': 19, 'J11': 48, 'J12': 75, 'J13': 39, 'cluster3106249630_3106249631_J60_J61_#5more': 104}, 
3025.0, {'J10': -68795.5, 'J11': -265751.5, 'J12': -154833.5, 'J13': -52411.5, 'cluster3106249630_3106249631_J60_J61_#5more': -406231.5}, {'J10': 13, 'J11': 32, 'J12': 20, 'J13': 27, 'cluster3106249630_3106249631_J60_J61_#5more': 42}, {'J10': 20, 'J11': 49, 'J12': 78, 'J13': 40, 'cluster3106249630_3106249631_J60_J61_#5more': 105}, 
3030.0, {'J10': -68995.5, 'J11': -266241.5, 'J12': -155613.5, 'J13': -52816.0, 'cluster3106249630_3106249631_J60_J61_#5more': -407270.5}, {'J10': 13, 'J11': 32, 'J12': 20, 'J13': 28, 'cluster3106249630_3106249631_J60_J61_#5more': 42}, {'J10': 20, 'J11': 49, 'J12': 78, 'J13': 41, 'cluster3106249630_3106249631_J60_J61_#5more': 104}, 
3035.0, {'J10': -68950.5, 'J11': -266731.5, 'J12': -156393.5, 'J13': -53226.0, 'cluster3106249630_3106249631_J60_J61_#5more': -408310.5}, {'J10': 13, 'J11': 32, 'J12': 20, 'J13': 28, 'cluster3106249630_3106249631_J60_J61_#5more': 42}, {'J10': 19, 'J11': 49, 'J12': 78, 'J13': 41, 'cluster3106249630_3106249631_J60_J61_#5more': 104}, 
3040.0, {'J10': -69109.5, 'J11': -267221.5, 'J12': -157173.5, 'J13': -53636.0, 'cluster3106249630_3106249631_J60_J61_#5more': -409350.5}, {'J10': 13, 'J11': 32, 'J12': 20, 'J13': 28, 'cluster3106249630_3106249631_J60_J61_#5more': 42}, {'J10': 18, 'J11': 49, 'J12': 78, 'J13': 41, 'cluster3106249630_3106249631_J60_J61_#5more': 104}, 
3045.0, {'J10': -69289.5, 'J11': -267711.5, 'J12': -157953.5, 'J13': -54051.0, 'cluster3106249630_3106249631_J60_J61_#5more': -410390.5}, {'J10': 13, 'J11': 32, 'J12': 20, 'J13': 28, 'cluster3106249630_3106249631_J60_J61_#5more': 42}, {'J10': 18, 'J11': 49, 'J12': 78, 'J13': 42, 'cluster3106249630_3106249631_J60_J61_#5more': 104}, 
3050.0, {'J10': -69469.5, 'J11': -268202.0, 'J12': -158733.5, 'J13': -54471.0, 'cluster3106249630_3106249631_J60_J61_#5more': -411430.5}, {'J10': 13, 'J11': 32, 'J12': 20, 'J13': 28, 'cluster3106249630_3106249631_J60_J61_#5more': 42}, {'J10': 18, 'J11': 50, 'J12': 78, 'J13': 42, 'cluster3106249630_3106249631_J60_J61_#5more': 104}, 
3055.0, {'J10': -69649.5, 'J11': -268691.5, 'J12': -156241.5, 'J13': -54891.0, 'cluster3106249630_3106249631_J60_J61_#5more': -412470.5}, {'J10': 13, 'J11': 32, 'J12': 20, 'J13': 28, 'cluster3106249630_3106249631_J60_J61_#5more': 42}, {'J10': 18, 'J11': 49, 'J12': 74, 'J13': 42, 'cluster3106249630_3106249631_J60_J61_#5more': 104}, 
3060.0, {'J10': -69829.5, 'J11': -269181.5, 'J12': -156656.5, 'J13': -55311.0, 'cluster3106249630_3106249631_J60_J61_#5more': -413510.5}, {'J10': 13, 'J11': 32, 'J12': 20, 'J13': 28, 'cluster3106249630_3106249631_J60_J61_#5more': 42}, {'J10': 18, 'J11': 49, 'J12': 73, 'J13': 42, 'cluster3106249630_3106249631_J60_J61_#5more': 104}, 
3065.0, {'J10': -70009.5, 'J11': -269679.5, 'J12': -157393.0, 'J13': -55731.0, 'cluster3106249630_3106249631_J60_J61_#5more': -414550.5}, {'J10': 13, 'J11': 32, 'J12': 20, 'J13': 28, 'cluster3106249630_3106249631_J60_J61_#5more': 42}, {'J10': 18, 'J11': 53, 'J12': 76, 'J13': 42, 'cluster3106249630_3106249631_J60_J61_#5more': 104}, 
3070.0, {'J10': -70189.5, 'J11': -270209.5, 'J12': -158170.5, 'J13': -53791.0, 'cluster3106249630_3106249631_J60_J61_#5more': -415590.5}, {'J10': 13, 'J11': 32, 'J12': 20, 'J13': 26, 'cluster3106249630_3106249631_J60_J61_#5more': 42}, {'J10': 18, 'J11': 53, 'J12': 80, 'J13': 40, 'cluster3106249630_3106249631_J60_J61_#5more': 104}, 
3075.0, {'J10': -70369.5, 'J11': -270739.5, 'J12': -157547.0, 'J13': -54117.0, 'cluster3106249630_3106249631_J60_J61_#5more': -416630.5}, {'J10': 13, 'J11': 32, 'J12': 20, 'J13': 26, 'cluster3106249630_3106249631_J60_J61_#5more': 42}, {'J10': 18, 'J11': 53, 'J12': 79, 'J13': 39, 'cluster3106249630_3106249631_J60_J61_#5more': 104}, 
3080.0, {'J10': -70549.5, 'J11': -271269.5, 'J12': -158337.0, 'J13': -54510.0, 'cluster3106249630_3106249631_J60_J61_#5more': -417670.5}, {'J10': 13, 'J11': 32, 'J12': 20, 'J13': 26, 'cluster3106249630_3106249631_J60_J61_#5more': 42}, {'J10': 18, 'J11': 53, 'J12': 79, 'J13': 40, 'cluster3106249630_3106249631_J60_J61_#5more': 104}, 
3085.0, {'J10': -70729.5, 'J11': -271799.5, 'J12': -159129.5, 'J13': -54910.0, 'cluster3106249630_3106249631_J60_J61_#5more': -418710.5}, {'J10': 13, 'J11': 32, 'J12': 20, 'J13': 26, 'cluster3106249630_3106249631_J60_J61_#5more': 42}, {'J10': 18, 'J11': 53, 'J12': 80, 'J13': 40, 'cluster3106249630_3106249631_J60_J61_#5more': 104}, 
3090.0, {'J10': -70909.5, 'J11': -272093.0, 'J12': -159929.5, 'J13': -55311.5, 'cluster3106249630_3106249631_J60_J61_#5more': -419369.5}, {'J10': 13, 'J11': 32, 'J12': 20, 'J13': 27, 'cluster3106249630_3106249631_J60_J61_#5more': 42}, {'J10': 18, 'J11': 50, 'J12': 80, 'J13': 41, 'cluster3106249630_3106249631_J60_J61_#5more': 103}, 
3095.0, {'J10': -71089.5, 'J11': -272532.5, 'J12': -160730.0, 'J13': -55726.5, 'cluster3106249630_3106249631_J60_J61_#5more': -420399.5}, {'J10': 13, 'J11': 32, 'J12': 20, 'J13': 28, 'cluster3106249630_3106249631_J60_J61_#5more': 42}, {'J10': 18, 'J11': 49, 'J12': 81, 'J13': 42, 'cluster3106249630_3106249631_J60_J61_#5more': 103}, 
3100.0, {'J10': -71271.5, 'J11': -273022.5, 'J12': -161540.0, 'J13': -56146.5, 'cluster3106249630_3106249631_J60_J61_#5more': -421429.5}, {'J10': 13, 'J11': 32, 'J12': 20, 'J13': 28, 'cluster3106249630_3106249631_J60_J61_#5more': 42}, {'J10': 19, 'J11': 49, 'J12': 81, 'J13': 42, 'cluster3106249630_3106249631_J60_J61_#5more': 103}, 
3105.0, {'J10': -71449.5, 'J11': -273431.0, 'J12': -162350.0, 'J13': -56566.5, 'cluster3106249630_3106249631_J60_J61_#5more': -422462.0}, {'J10': 13, 'J11': 32, 'J12': 20, 'J13': 28, 'cluster3106249630_3106249631_J60_J61_#5more': 42}, {'J10': 18, 'J11': 48, 'J12': 81, 'J13': 42, 'cluster3106249630_3106249631_J60_J61_#5more': 104}, 
3110.0, {'J10': -71629.5, 'J11': -273911.0, 'J12': -163160.0, 'J13': -56990.0, 'cluster3106249630_3106249631_J60_J61_#5more': -423091.5}, {'J10': 13, 'J11': 32, 'J12': 20, 'J13': 28, 'cluster3106249630_3106249631_J60_J61_#5more': 42}, {'J10': 18, 'J11': 48, 'J12': 81, 'J13': 43, 'cluster3106249630_3106249631_J60_J61_#5more': 104}, 
3115.0, {'J10': -71809.5, 'J11': -274391.0, 'J12': -163970.0, 'J13': -57420.0, 'cluster3106249630_3106249631_J60_J61_#5more': -423714.0}, {'J10': 13, 'J11': 32, 'J12': 20, 'J13': 28, 'cluster3106249630_3106249631_J60_J61_#5more': 42}, {'J10': 18, 'J11': 48, 'J12': 81, 'J13': 43, 'cluster3106249630_3106249631_J60_J61_#5more': 105}, 
3120.0, {'J10': -71989.5, 'J11': -274871.0, 'J12': -161745.5, 'J13': -57850.0, 'cluster3106249630_3106249631_J60_J61_#5more': -424281.5}, {'J10': 13, 'J11': 32, 'J12': 20, 'J13': 28, 'cluster3106249630_3106249631_J60_J61_#5more': 42}, {'J10': 18, 'J11': 48, 'J12': 76, 'J13': 43, 'cluster3106249630_3106249631_J60_J61_#5more': 104}, 
3125.0, {'J10': -72169.5, 'J11': -275351.0, 'J12': -162181.5, 'J13': -58280.0, 'cluster3106249630_3106249631_J60_J61_#5more': -425262.0}, {'J10': 13, 'J11': 32, 'J12': 20, 'J13': 28, 'cluster3106249630_3106249631_J60_J61_#5more': 42}, {'J10': 18, 'J11': 48, 'J12': 75, 'J13': 43, 'cluster3106249630_3106249631_J60_J61_#5more': 101}, 
3130.0, {'J10': -72349.5, 'J11': -275831.0, 'J12': -162931.5, 'J13': -58710.0, 'cluster3106249630_3106249631_J60_J61_#5more': -426254.5}, {'J10': 13, 'J11': 32, 'J12': 20, 'J13': 28, 'cluster3106249630_3106249631_J60_J61_#5more': 42}, {'J10': 18, 'J11': 48, 'J12': 75, 'J13': 43, 'cluster3106249630_3106249631_J60_J61_#5more': 102}, 
3135.0, {'J10': -72529.5, 'J11': -276311.0, 'J12': -163699.0, 'J13': -56892.0, 'cluster3106249630_3106249631_J60_J61_#5more': -427282.5}, {'J10': 13, 'J11': 32, 'J12': 20, 'J13': 26, 'cluster3106249630_3106249631_J60_J61_#5more': 42}, {'J10': 18, 'J11': 48, 'J12': 79, 'J13': 41, 'cluster3106249630_3106249631_J60_J61_#5more': 104}, 
3140.0, {'J10': -72709.5, 'J11': -276791.0, 'J12': -164489.0, 'J13': -57170.0, 'cluster3106249630_3106249631_J60_J61_#5more': -428300.0}, {'J10': 13, 'J11': 32, 'J12': 20, 'J13': 26, 'cluster3106249630_3106249631_J60_J61_#5more': 42}, {'J10': 18, 'J11': 48, 'J12': 79, 'J13': 40, 'cluster3106249630_3106249631_J60_J61_#5more': 103}, 
3145.0, {'J10': -72889.5, 'J11': -277271.0, 'J12': -163717.0, 'J13': -57571.5, 'cluster3106249630_3106249631_J60_J61_#5more': -429330.0}, {'J10': 13, 'J11': 32, 'J12': 20, 'J13': 26, 'cluster3106249630_3106249631_J60_J61_#5more': 42}, {'J10': 18, 'J11': 48, 'J12': 78, 'J13': 41, 'cluster3106249630_3106249631_J60_J61_#5more': 103}, 
3150.0, {'J10': -73069.5, 'J11': -277751.0, 'J12': -164497.0, 'J13': -57981.5, 'cluster3106249630_3106249631_J60_J61_#5more': -430360.0}, {'J10': 13, 'J11': 32, 'J12': 20, 'J13': 26, 'cluster3106249630_3106249631_J60_J61_#5more': 42}, {'J10': 18, 'J11': 48, 'J12': 78, 'J13': 41, 'cluster3106249630_3106249631_J60_J61_#5more': 103}, 
3155.0, {'J10': -73249.5, 'J11': -278233.5, 'J12': -165277.5, 'J13': -58393.5, 'cluster3106249630_3106249631_J60_J61_#5more': -426998.5}, {'J10': 13, 'J11': 32, 'J12': 20, 'J13': 28, 'cluster3106249630_3106249631_J60_J61_#5more': 42}, {'J10': 18, 'J11': 49, 'J12': 79, 'J13': 43, 'cluster3106249630_3106249631_J60_J61_#5more': 101}, 
3160.0, {'J10': -73429.5, 'J11': -278725.5, 'J12': -164515.0, 'J13': -58823.5, 'cluster3106249630_3106249631_J60_J61_#5more': -428008.5}, {'J10': 13, 'J11': 32, 'J12': 20, 'J13': 28, 'cluster3106249630_3106249631_J60_J61_#5more': 42}, {'J10': 18, 'J11': 50, 'J12': 78, 'J13': 43, 'cluster3106249630_3106249631_J60_J61_#5more': 101}, 
3165.0, {'J10': -73609.5, 'J11': -279191.0, 'J12': -165295.0, 'J13': -59253.5, 'cluster3106249630_3106249631_J60_J61_#5more': -428959.0}, {'J10': 13, 'J11': 32, 'J12': 20, 'J13': 28, 'cluster3106249630_3106249631_J60_J61_#5more': 42}, {'J10': 18, 'J11': 48, 'J12': 78, 'J13': 43, 'cluster3106249630_3106249631_J60_J61_#5more': 101}, 
3170.0, {'J10': -73789.5, 'J11': -279671.0, 'J12': -166075.0, 'J13': -59683.5, 'cluster3106249630_3106249631_J60_J61_#5more': -429955.5}, {'J10': 13, 'J11': 32, 'J12': 20, 'J13': 28, 'cluster3106249630_3106249631_J60_J61_#5more': 42}, {'J10': 18, 'J11': 48, 'J12': 78, 'J13': 43, 'cluster3106249630_3106249631_J60_J61_#5more': 101}, 
3175.0, {'J10': -73969.5, 'J11': -280151.0, 'J12': -166861.5, 'J13': -60113.5, 'cluster3106249630_3106249631_J60_J61_#5more': -430974.5}, {'J10': 13, 'J11': 32, 'J12': 20, 'J13': 28, 'cluster3106249630_3106249631_J60_J61_#5more': 42}, {'J10': 18, 'J11': 48, 'J12': 80, 'J13': 43, 'cluster3106249630_3106249631_J60_J61_#5more': 103}, 
3180.0, {'J10': -74149.5, 'J11': -280631.0, 'J12': -167661.5, 'J13': -60543.5, 'cluster3106249630_3106249631_J60_J61_#5more': -432004.5}, {'J10': 13, 'J11': 32, 'J12': 20, 'J13': 28, 'cluster3106249630_3106249631_J60_J61_#5more': 42}, {'J10': 18, 'J11': 48, 'J12': 80, 'J13': 43, 'cluster3106249630_3106249631_J60_J61_#5more': 103}, 
3185.0, {'J10': -74329.5, 'J11': -281111.0, 'J12': -167005.5, 'J13': -60973.5, 'cluster3106249630_3106249631_J60_J61_#5more': -432931.0}, {'J10': 13, 'J11': 32, 'J12': 20, 'J13': 28, 'cluster3106249630_3106249631_J60_J61_#5more': 42}, {'J10': 18, 'J11': 48, 'J12': 76, 'J13': 43, 'cluster3106249630_3106249631_J60_J61_#5more': 102}, 
3190.0, {'J10': -74509.5, 'J11': -281591.0, 'J12': -167765.5, 'J13': -61403.5, 'cluster3106249630_3106249631_J60_J61_#5more': -433955.5}, {'J10': 13, 'J11': 32, 'J12': 20, 'J13': 28, 'cluster3106249630_3106249631_J60_J61_#5more': 42}, {'J10': 18, 'J11': 48, 'J12': 76, 'J13': 43, 'cluster3106249630_3106249631_J60_J61_#5more': 103}, 
3195.0, {'J10': -74689.5, 'J11': -282071.0, 'J12': -168530.0, 'J13': -61833.5, 'cluster3106249630_3106249631_J60_J61_#5more': -434986.0}, {'J10': 13, 'J11': 32, 'J12': 20, 'J13': 28, 'cluster3106249630_3106249631_J60_J61_#5more': 42}, {'J10': 18, 'J11': 48, 'J12': 78, 'J13': 43, 'cluster3106249630_3106249631_J60_J61_#5more': 104}, 
3200.0, {'J10': -74869.5, 'J11': -282551.0, 'J12': -169323.0, 'J13': -58383.0, 'cluster3106249630_3106249631_J60_J61_#5more': -436026.0}, {'J10': 13, 'J11': 32, 'J12': 20, 'J13': 25, 'cluster3106249630_3106249631_J60_J61_#5more': 42}, {'J10': 18, 'J11': 48, 'J12': 81, 'J13': 40, 'cluster3106249630_3106249631_J60_J61_#5more': 104}, 
3205.0, {'J10': -75049.5, 'J11': -283033.5, 'J12': -169375.5, 'J13': -57446.5, 'cluster3106249630_3106249631_J60_J61_#5more': -437066.0}, {'J10': 13, 'J11': 32, 'J12': 20, 'J13': 24, 'cluster3106249630_3106249631_J60_J61_#5more': 42}, {'J10': 18, 'J11': 49, 'J12': 79, 'J13': 37, 'cluster3106249630_3106249631_J60_J61_#5more': 104}, 
3210.0, {'J10': -75229.5, 'J11': -283528.0, 'J12': -168238.5, 'J13': -57819.0, 'cluster3106249630_3106249631_J60_J61_#5more': -438106.0}, {'J10': 13, 'J11': 32, 'J12': 20, 'J13': 24, 'cluster3106249630_3106249631_J60_J61_#5more': 42}, {'J10': 18, 'J11': 50, 'J12': 77, 'J13': 38, 'cluster3106249630_3106249631_J60_J61_#5more': 104}, 
3215.0, {'J10': -75409.5, 'J11': -283991.0, 'J12': -169008.5, 'J13': -58199.0, 'cluster3106249630_3106249631_J60_J61_#5more': -439146.0}, {'J10': 13, 'J11': 32, 'J12': 20, 'J13': 24, 'cluster3106249630_3106249631_J60_J61_#5more': 42}, {'J10': 18, 'J11': 48, 'J12': 77, 'J13': 38, 'cluster3106249630_3106249631_J60_J61_#5more': 104}, 
3220.0, {'J10': -75589.5, 'J11': -284471.0, 'J12': -169778.5, 'J13': -58580.0, 'cluster3106249630_3106249631_J60_J61_#5more': -440186.5}, {'J10': 13, 'J11': 32, 'J12': 20, 'J13': 25, 'cluster3106249630_3106249631_J60_J61_#5more': 42}, {'J10': 18, 'J11': 48, 'J12': 77, 'J13': 39, 'cluster3106249630_3106249631_J60_J61_#5more': 105}, 
3225.0, {'J10': -75769.5, 'J11': -284951.0, 'J12': -168958.5, 'J13': -58980.0, 'cluster3106249630_3106249631_J60_J61_#5more': -441226.0}, {'J10': 13, 'J11': 32, 'J12': 20, 'J13': 28, 'cluster3106249630_3106249631_J60_J61_#5more': 42}, {'J10': 18, 'J11': 48, 'J12': 77, 'J13': 42, 'cluster3106249630_3106249631_J60_J61_#5more': 104}, 
3230.0, {'J10': -75949.5, 'J11': -285431.0, 'J12': -169728.5, 'J13': -59400.0, 'cluster3106249630_3106249631_J60_J61_#5more': -442268.5}, {'J10': 13, 'J11': 32, 'J12': 20, 'J13': 28, 'cluster3106249630_3106249631_J60_J61_#5more': 42}, {'J10': 18, 'J11': 48, 'J12': 77, 'J13': 42, 'cluster3106249630_3106249631_J60_J61_#5more': 105}, 
3235.0, {'J10': -76132.0, 'J11': -285911.0, 'J12': -170500.0, 'J13': -59820.0, 'cluster3106249630_3106249631_J60_J61_#5more': -443318.5}, {'J10': 13, 'J11': 32, 'J12': 20, 'J13': 28, 'cluster3106249630_3106249631_J60_J61_#5more': 42}, {'J10': 19, 'J11': 48, 'J12': 78, 'J13': 42, 'cluster3106249630_3106249631_J60_J61_#5more': 105}, 
3240.0, {'J10': -76322.0, 'J11': -286391.0, 'J12': -171282.0, 'J13': -60240.0, 'cluster3106249630_3106249631_J60_J61_#5more': -444370.5}, {'J10': 13, 'J11': 32, 'J12': 20, 'J13': 28, 'cluster3106249630_3106249631_J60_J61_#5more': 42}, {'J10': 19, 'J11': 48, 'J12': 80, 'J13': 42, 'cluster3106249630_3106249631_J60_J61_#5more': 106}, 
3245.0, {'J10': -76512.0, 'J11': -286871.0, 'J12': -172086.0, 'J13': -60660.5, 'cluster3106249630_3106249631_J60_J61_#5more': -445439.5}, {'J10': 13, 'J11': 32, 'J12': 20, 'J13': 28, 'cluster3106249630_3106249631_J60_J61_#5more': 42}, {'J10': 19, 'J11': 48, 'J12': 81, 'J13': 43, 'cluster3106249630_3106249631_J60_J61_#5more': 109}, 
3250.0, {'J10': -76702.0, 'J11': -287351.0, 'J12': -169948.0, 'J13': -61090.5, 'cluster3106249630_3106249631_J60_J61_#5more': -446534.5}, {'J10': 13, 'J11': 32, 'J12': 20, 'J13': 28, 'cluster3106249630_3106249631_J60_J61_#5more': 42}, {'J10': 19, 'J11': 48, 'J12': 76, 'J13': 43, 'cluster3106249630_3106249631_J60_J61_#5more': 111}, 
3255.0, {'J10': -76892.0, 'J11': -287831.0, 'J12': -170708.0, 'J13': -61520.5, 'cluster3106249630_3106249631_J60_J61_#5more': -447648.0}, {'J10': 13, 'J11': 32, 'J12': 20, 'J13': 28, 'cluster3106249630_3106249631_J60_J61_#5more': 42}, {'J10': 19, 'J11': 48, 'J12': 76, 'J13': 43, 'cluster3106249630_3106249631_J60_J61_#5more': 112}, 
3260.0, {'J10': -77082.0, 'J11': -288311.0, 'J12': -171468.5, 'J13': -61950.5, 'cluster3106249630_3106249631_J60_J61_#5more': -448775.5}, {'J10': 13, 'J11': 32, 'J12': 20, 'J13': 28, 'cluster3106249630_3106249631_J60_J61_#5more': 42}, {'J10': 19, 'J11': 48, 'J12': 77, 'J13': 43, 'cluster3106249630_3106249631_J60_J61_#5more': 115}, 
3265.0, {'J10': -77272.0, 'J11': -288791.0, 'J12': -172251.0, 'J13': -57658.0, 'cluster3106249630_3106249631_J60_J61_#5more': -449933.0}, {'J10': 13, 'J11': 32, 'J12': 20, 'J13': 24, 'cluster3106249630_3106249631_J60_J61_#5more': 42}, {'J10': 19, 'J11': 48, 'J12': 80, 'J13': 38, 'cluster3106249630_3106249631_J60_J61_#5more': 117}, 
3270.0, {'J10': -77462.0, 'J11': -289271.0, 'J12': -171399.5, 'J13': -57915.5, 'cluster3106249630_3106249631_J60_J61_#5more': -451106.0}, {'J10': 13, 'J11': 32, 'J12': 20, 'J13': 24, 'cluster3106249630_3106249631_J60_J61_#5more': 42}, {'J10': 19, 'J11': 48, 'J12': 79, 'J13': 37, 'cluster3106249630_3106249631_J60_J61_#5more': 119}, 
3275.0, {'J10': -77652.0, 'J11': -289751.0, 'J12': -172189.5, 'J13': -58287.0, 'cluster3106249630_3106249631_J60_J61_#5more': -452304.0}, {'J10': 13, 'J11': 32, 'J12': 20, 'J13': 24, 'cluster3106249630_3106249631_J60_J61_#5more': 42}, {'J10': 19, 'J11': 48, 'J12': 79, 'J13': 38, 'cluster3106249630_3106249631_J60_J61_#5more': 121}, 
3280.0, {'J10': -77843.5, 'J11': -290231.0, 'J12': -172979.5, 'J13': -58667.0, 'cluster3106249630_3106249631_J60_J61_#5more': -453514.0}, {'J10': 13, 'J11': 32, 'J12': 20, 'J13': 24, 'cluster3106249630_3106249631_J60_J61_#5more': 42}, {'J10': 20, 'J11': 48, 'J12': 79, 'J13': 38, 'cluster3106249630_3106249631_J60_J61_#5more': 121}, 
3285.0, {'J10': -78043.5, 'J11': -290711.0, 'J12': -172283.0, 'J13': -59050.0, 'cluster3106249630_3106249631_J60_J61_#5more': -454727.5}, {'J10': 13, 'J11': 32, 'J12': 20, 'J13': 25, 'cluster3106249630_3106249631_J60_J61_#5more': 42}, {'J10': 20, 'J11': 48, 'J12': 79, 'J13': 40, 'cluster3106249630_3106249631_J60_J61_#5more': 122}, 
3290.0, {'J10': -78243.5, 'J11': -291191.0, 'J12': -173073.0, 'J13': -59458.0, 'cluster3106249630_3106249631_J60_J61_#5more': -455956.0}, {'J10': 13, 'J11': 32, 'J12': 20, 'J13': 28, 'cluster3106249630_3106249631_J60_J61_#5more': 42}, {'J10': 20, 'J11': 48, 'J12': 79, 'J13': 43, 'cluster3106249630_3106249631_J60_J61_#5more': 124}, 
3295.0, {'J10': -78324.0, 'J11': -291671.0, 'J12': -173863.0, 'J13': -59888.0, 'cluster3106249630_3106249631_J60_J61_#5more': -450386.5}, {'J10': 13, 'J11': 32, 'J12': 20, 'J13': 28, 'cluster3106249630_3106249631_J60_J61_#5more': 42}, {'J10': 20, 'J11': 48, 'J12': 79, 'J13': 43, 'cluster3106249630_3106249631_J60_J61_#5more': 120}, 
3300.0, {'J10': -78469.5, 'J11': -292151.0, 'J12': -174656.5, 'J13': -60318.0, 'cluster3106249630_3106249631_J60_J61_#5more': -445030.0}, {'J10': 13, 'J11': 32, 'J12': 20, 'J13': 28, 'cluster3106249630_3106249631_J60_J61_#5more': 42}, {'J10': 18, 'J11': 48, 'J12': 81, 'J13': 43, 'cluster3106249630_3106249631_J60_J61_#5more': 117}, 
3305.0, {'J10': -78649.5, 'J11': -292631.0, 'J12': -175466.5, 'J13': -60748.0, 'cluster3106249630_3106249631_J60_J61_#5more': -446204.0}, {'J10': 13, 'J11': 32, 'J12': 20, 'J13': 28, 'cluster3106249630_3106249631_J60_J61_#5more': 42}, {'J10': 18, 'J11': 48, 'J12': 81, 'J13': 43, 'cluster3106249630_3106249631_J60_J61_#5more': 118}, 
3310.0, {'J10': -78829.5, 'J11': -293111.0, 'J12': -176276.5, 'J13': -61178.0, 'cluster3106249630_3106249631_J60_J61_#5more': -447394.0}, {'J10': 13, 'J11': 32, 'J12': 20, 'J13': 28, 'cluster3106249630_3106249631_J60_J61_#5more': 42}, {'J10': 18, 'J11': 48, 'J12': 81, 'J13': 43, 'cluster3106249630_3106249631_J60_J61_#5more': 123}, 
3315.0, {'J10': -79009.5, 'J11': -293591.0, 'J12': -172240.0, 'J13': -61608.0, 'cluster3106249630_3106249631_J60_J61_#5more': -448342.5}, {'J10': 13, 'J11': 32, 'J12': 20, 'J13': 28, 'cluster3106249630_3106249631_J60_J61_#5more': 42}, {'J10': 18, 'J11': 48, 'J12': 77, 'J13': 43, 'cluster3106249630_3106249631_J60_J61_#5more': 123}, 
3320.0, {'J10': -79189.5, 'J11': -294071.0, 'J12': -172625.5, 'J13': -62038.0, 'cluster3106249630_3106249631_J60_J61_#5more': -449278.5}, {'J10': 13, 'J11': 32, 'J12': 20, 'J13': 28, 'cluster3106249630_3106249631_J60_J61_#5more': 42}, {'J10': 18, 'J11': 48, 'J12': 75, 'J13': 43, 'cluster3106249630_3106249631_J60_J61_#5more': 122}, 
3325.0, {'J10': -79369.5, 'J11': -294551.0, 'J12': -173381.0, 'J13': -62468.0, 'cluster3106249630_3106249631_J60_J61_#5more': -450498.5}, {'J10': 13, 'J11': 32, 'J12': 20, 'J13': 28, 'cluster3106249630_3106249631_J60_J61_#5more': 42}, {'J10': 18, 'J11': 48, 'J12': 78, 'J13': 43, 'cluster3106249630_3106249631_J60_J61_#5more': 122}, 
3330.0, {'J10': -79549.5, 'J11': -295031.0, 'J12': -174174.0, 'J13': -59608.5, 'cluster3106249630_3106249631_J60_J61_#5more': -451452.5}, {'J10': 13, 'J11': 32, 'J12': 20, 'J13': 25, 'cluster3106249630_3106249631_J60_J61_#5more': 42}, {'J10': 18, 'J11': 48, 'J12': 81, 'J13': 39, 'cluster3106249630_3106249631_J60_J61_#5more': 122}, 
3335.0, {'J10': -79731.0, 'J11': -295511.0, 'J12': -174350.0, 'J13': -58744.0, 'cluster3106249630_3106249631_J60_J61_#5more': -452673.5}, {'J10': 13, 'J11': 32, 'J12': 20, 'J13': 24, 'cluster3106249630_3106249631_J60_J61_#5more': 42}, {'J10': 19, 'J11': 48, 'J12': 80, 'J13': 37, 'cluster3106249630_3106249631_J60_J61_#5more': 123}, 
3340.0, {'J10': -79921.0, 'J11': -295991.0, 'J12': -173158.0, 'J13': -59117.5, 'cluster3106249630_3106249631_J60_J61_#5more': -453912.0}, {'J10': 13, 'J11': 32, 'J12': 20, 'J13': 24, 'cluster3106249630_3106249631_J60_J61_#5more': 42}, {'J10': 19, 'J11': 48, 'J12': 78, 'J13': 38, 'cluster3106249630_3106249631_J60_J61_#5more': 125}, 
3345.0, {'J10': -80111.0, 'J11': -296471.0, 'J12': -173942.5, 'J13': -59497.5, 'cluster3106249630_3106249631_J60_J61_#5more': -455162.0}, {'J10': 13, 'J11': 32, 'J12': 20, 'J13': 24, 'cluster3106249630_3106249631_J60_J61_#5more': 42}, {'J10': 19, 'J11': 48, 'J12': 79, 'J13': 38, 'cluster3106249630_3106249631_J60_J61_#5more': 125}, 
3350.0, {'J10': -80301.0, 'J11': -296952.0, 'J12': -174732.5, 'J13': -59878.0, 'cluster3106249630_3106249631_J60_J61_#5more': -456412.0}, {'J10': 13, 'J11': 32, 'J12': 20, 'J13': 25, 'cluster3106249630_3106249631_J60_J61_#5more': 42}, {'J10': 19, 'J11': 49, 'J12': 79, 'J13': 39, 'cluster3106249630_3106249631_J60_J61_#5more': 125}, 
3355.0, {'J10': -80491.0, 'J11': -297431.0, 'J12': -175523.0, 'J13': -60277.0, 'cluster3106249630_3106249631_J60_J61_#5more': -457662.0}, {'J10': 13, 'J11': 32, 'J12': 20, 'J13': 28, 'cluster3106249630_3106249631_J60_J61_#5more': 42}, {'J10': 19, 'J11': 48, 'J12': 80, 'J13': 42, 'cluster3106249630_3106249631_J60_J61_#5more': 125}, 
3360.0, {'J10': -80629.5, 'J11': -297911.0, 'J12': -176323.0, 'J13': -60697.0, 'cluster3106249630_3106249631_J60_J61_#5more': -452032.5}, {'J10': 13, 'J11': 32, 'J12': 20, 'J13': 28, 'cluster3106249630_3106249631_J60_J61_#5more': 42}, {'J10': 18, 'J11': 48, 'J12': 80, 'J13': 42, 'cluster3106249630_3106249631_J60_J61_#5more': 122}, 
3365.0, {'J10': -80809.5, 'J11': -298391.0, 'J12': -177123.0, 'J13': -61117.0, 'cluster3106249630_3106249631_J60_J61_#5more': -446240.5}, {'J10': 13, 'J11': 32, 'J12': 20, 'J13': 28, 'cluster3106249630_3106249631_J60_J61_#5more': 42}, {'J10': 18, 'J11': 48, 'J12': 80, 'J13': 42, 'cluster3106249630_3106249631_J60_J61_#5more': 118}, 
3370.0, {'J10': -80989.5, 'J11': -298874.0, 'J12': -177923.0, 'J13': -61537.0, 'cluster3106249630_3106249631_J60_J61_#5more': -447420.5}, {'J10': 13, 'J11': 32, 'J12': 20, 'J13': 28, 'cluster3106249630_3106249631_J60_J61_#5more': 42}, {'J10': 18, 'J11': 50, 'J12': 80, 'J13': 42, 'cluster3106249630_3106249631_J60_J61_#5more': 118}, 
3375.0, {'J10': -81169.5, 'J11': -299376.0, 'J12': -178723.0, 'J13': -61957.0, 'cluster3106249630_3106249631_J60_J61_#5more': -448529.5}, {'J10': 13, 'J11': 32, 'J12': 20, 'J13': 28, 'cluster3106249630_3106249631_J60_J61_#5more': 42}, {'J10': 18, 'J11': 51, 'J12': 80, 'J13': 42, 'cluster3106249630_3106249631_J60_J61_#5more': 121}, 
3380.0, {'J10': -81349.5, 'J11': -299887.5, 'J12': -173634.0, 'J13': -62377.0, 'cluster3106249630_3106249631_J60_J61_#5more': -449662.5}, {'J10': 13, 'J11': 32, 'J12': 20, 'J13': 28, 'cluster3106249630_3106249631_J60_J61_#5more': 42}, {'J10': 18, 'J11': 52, 'J12': 75, 'J13': 42, 'cluster3106249630_3106249631_J60_J61_#5more': 122}, 
3385.0, {'J10': -81529.5, 'J11': -300408.5, 'J12': -174010.5, 'J13': -62797.0, 'cluster3106249630_3106249631_J60_J61_#5more': -450789.5}, {'J10': 13, 'J11': 32, 'J12': 20, 'J13': 28, 'cluster3106249630_3106249631_J60_J61_#5more': 42}, {'J10': 18, 'J11': 53, 'J12': 74, 'J13': 42, 'cluster3106249630_3106249631_J60_J61_#5more': 122}, 
3390.0, {'J10': -81709.5, 'J11': -300942.5, 'J12': -174752.0, 'J13': -63222.0, 'cluster3106249630_3106249631_J60_J61_#5more': -452009.5}, {'J10': 13, 'J11': 32, 'J12': 20, 'J13': 28, 'cluster3106249630_3106249631_J60_J61_#5more': 42}, {'J10': 18, 'J11': 54, 'J12': 77, 'J13': 43, 'cluster3106249630_3106249631_J60_J61_#5more': 122}, 
3395.0, {'J10': -81889.5, 'J11': -301337.5, 'J12': -175529.5, 'J13': -60190.0, 'cluster3106249630_3106249631_J60_J61_#5more': -453209.0}, {'J10': 13, 'J11': 32, 'J12': 20, 'J13': 25, 'cluster3106249630_3106249631_J60_J61_#5more': 42}, {'J10': 18, 'J11': 51, 'J12': 79, 'J13': 39, 'cluster3106249630_3106249631_J60_J61_#5more': 121}, 
3400.0, {'J10': -82069.5, 'J11': -301782.0, 'J12': -175556.5, 'J13': -60580.0, 'cluster3106249630_3106249631_J60_J61_#5more': -454419.0}, {'J10': 13, 'J11': 32, 'J12': 20, 'J13': 25, 'cluster3106249630_3106249631_J60_J61_#5more': 42}, {'J10': 18, 'J11': 49, 'J12': 78, 'J13': 39, 'cluster3106249630_3106249631_J60_J61_#5more': 121}, 
3405.0, {'J10': -82249.5, 'J11': -302231.0, 'J12': -176336.5, 'J13': -60970.0, 'cluster3106249630_3106249631_J60_J61_#5more': -455629.0}, {'J10': 13, 'J11': 32, 'J12': 20, 'J13': 25, 'cluster3106249630_3106249631_J60_J61_#5more': 42}, {'J10': 18, 'J11': 48, 'J12': 78, 'J13': 39, 'cluster3106249630_3106249631_J60_J61_#5more': 121}, 
3410.0, {'J10': -82429.5, 'J11': -302717.0, 'J12': -177116.5, 'J13': -61360.0, 'cluster3106249630_3106249631_J60_J61_#5more': -456839.0}, {'J10': 13, 'J11': 32, 'J12': 20, 'J13': 25, 'cluster3106249630_3106249631_J60_J61_#5more': 42}, {'J10': 18, 'J11': 50, 'J12': 78, 'J13': 39, 'cluster3106249630_3106249631_J60_J61_#5more': 121}, 
3415.0, {'J10': -82609.5, 'J11': -303217.0, 'J12': -177896.5, 'J13': -61751.5, 'cluster3106249630_3106249631_J60_J61_#5more': -458049.0}, {'J10': 13, 'J11': 32, 'J12': 20, 'J13': 26, 'cluster3106249630_3106249631_J60_J61_#5more': 42}, {'J10': 18, 'J11': 50, 'J12': 78, 'J13': 40, 'cluster3106249630_3106249631_J60_J61_#5more': 121}, 
3420.0, {'J10': -82792.5, 'J11': -303695.5, 'J12': -178680.5, 'J13': -62159.5, 'cluster3106249630_3106249631_J60_J61_#5more': -459259.0}, {'J10': 13, 'J11': 32, 'J12': 20, 'J13': 28, 'cluster3106249630_3106249631_J60_J61_#5more': 42}, {'J10': 19, 'J11': 49, 'J12': 79, 'J13': 42, 'cluster3106249630_3106249631_J60_J61_#5more': 121}, 
3425.0, {'J10': -82970.0, 'J11': -304155.0, 'J12': -179470.5, 'J13': -62579.5, 'cluster3106249630_3106249631_J60_J61_#5more': -446425.0}, {'J10': 13, 'J11': 32, 'J12': 20, 'J13': 28, 'cluster3106249630_3106249631_J60_J61_#5more': 42}, {'J10': 19, 'J11': 49, 'J12': 79, 'J13': 42, 'cluster3106249630_3106249631_J60_J61_#5more': 116}, 
3430.0, {'J10': -83149.5, 'J11': -304645.5, 'J12': -180263.5, 'J13': -62999.5, 'cluster3106249630_3106249631_J60_J61_#5more': -447291.5}, {'J10': 13, 'J11': 32, 'J12': 20, 'J13': 28, 'cluster3106249630_3106249631_J60_J61_#5more': 42}, {'J10': 18, 'J11': 50, 'J12': 80, 'J13': 42, 'cluster3106249630_3106249631_J60_J61_#5more': 115}, 
3435.0, {'J10': -83329.5, 'J11': -305111.0, 'J12': -181063.5, 'J13': -63419.5, 'cluster3106249630_3106249631_J60_J61_#5more': -448442.0}, {'J10': 13, 'J11': 32, 'J12': 20, 'J13': 28, 'cluster3106249630_3106249631_J60_J61_#5more': 42}, {'J10': 18, 'J11': 48, 'J12': 80, 'J13': 42, 'cluster3106249630_3106249631_J60_J61_#5more': 116}, 
3440.0, {'J10': -83509.5, 'J11': -305591.0, 'J12': -181863.5, 'J13': -63839.5, 'cluster3106249630_3106249631_J60_J61_#5more': -449601.0}, {'J10': 13, 'J11': 32, 'J12': 20, 'J13': 28, 'cluster3106249630_3106249631_J60_J61_#5more': 42}, {'J10': 18, 'J11': 48, 'J12': 80, 'J13': 42, 'cluster3106249630_3106249631_J60_J61_#5more': 119}, 
3445.0, {'J10': -83692.0, 'J11': -306072.0, 'J12': -180199.5, 'J13': -64259.5, 'cluster3106249630_3106249631_J60_J61_#5more': -450800.0}, {'J10': 13, 'J11': 32, 'J12': 20, 'J13': 28, 'cluster3106249630_3106249631_J60_J61_#5more': 42}, {'J10': 19, 'J11': 49, 'J12': 76, 'J13': 42, 'cluster3106249630_3106249631_J60_J61_#5more': 121}, 
3450.0, {'J10': -83882.0, 'J11': -306565.0, 'J12': -180585.5, 'J13': -64680.0, 'cluster3106249630_3106249631_J60_J61_#5more': -452010.0}, {'J10': 13, 'J11': 32, 'J12': 20, 'J13': 28, 'cluster3106249630_3106249631_J60_J61_#5more': 42}, {'J10': 19, 'J11': 51, 'J12': 75, 'J13': 43, 'cluster3106249630_3106249631_J60_J61_#5more': 121}, 
3455.0, {'J10': -84072.0, 'J11': -307054.0, 'J12': -181339.0, 'J13': -65110.0, 'cluster3106249630_3106249631_J60_J61_#5more': -453220.0}, {'J10': 13, 'J11': 32, 'J12': 20, 'J13': 28, 'cluster3106249630_3106249631_J60_J61_#5more': 42}, {'J10': 19, 'J11': 50, 'J12': 77, 'J13': 43, 'cluster3106249630_3106249631_J60_J61_#5more': 121}, 
3460.0, {'J10': -84262.0, 'J11': -307554.0, 'J12': -182122.0, 'J13': -63415.0, 'cluster3106249630_3106249631_J60_J61_#5more': -454430.0}, {'J10': 13, 'J11': 32, 'J12': 20, 'J13': 26, 'cluster3106249630_3106249631_J60_J61_#5more': 42}, {'J10': 19, 'J11': 50, 'J12': 80, 'J13': 41, 'cluster3106249630_3106249631_J60_J61_#5more': 121}, 
3465.0, {'J10': -84452.0, 'J11': -308021.5, 'J12': -181311.0, 'J13': -62438.5, 'cluster3106249630_3106249631_J60_J61_#5more': -455640.0}, {'J10': 13, 'J11': 32, 'J12': 20, 'J13': 25, 'cluster3106249630_3106249631_J60_J61_#5more': 42}, {'J10': 19, 'J11': 49, 'J12': 79, 'J13': 39, 'cluster3106249630_3106249631_J60_J61_#5more': 121}, 
3470.0, {'J10': -84642.0, 'J11': -308515.5, 'J12': -182101.0, 'J13': -62828.5, 'cluster3106249630_3106249631_J60_J61_#5more': -456850.0}, {'J10': 13, 'J11': 32, 'J12': 20, 'J13': 25, 'cluster3106249630_3106249631_J60_J61_#5more': 42}, {'J10': 19, 'J11': 50, 'J12': 79, 'J13': 39, 'cluster3106249630_3106249631_J60_J61_#5more': 121}, 
3475.0, {'J10': -84832.0, 'J11': -309015.5, 'J12': -182891.0, 'J13': -63223.0, 'cluster3106249630_3106249631_J60_J61_#5more': -458060.0}, {'J10': 13, 'J11': 32, 'J12': 20, 'J13': 25, 'cluster3106249630_3106249631_J60_J61_#5more': 42}, {'J10': 19, 'J11': 50, 'J12': 79, 'J13': 40, 'cluster3106249630_3106249631_J60_J61_#5more': 121}, 
3480.0, {'J10': -85022.0, 'J11': -309431.0, 'J12': -182706.0, 'J13': -63623.0, 'cluster3106249630_3106249631_J60_J61_#5more': -459270.0}, {'J10': 13, 'J11': 32, 'J12': 20, 'J13': 25, 'cluster3106249630_3106249631_J60_J61_#5more': 42}, {'J10': 19, 'J11': 48, 'J12': 78, 'J13': 40, 'cluster3106249630_3106249631_J60_J61_#5more': 121}, 
3485.0, {'J10': -85212.0, 'J11': -309911.0, 'J12': -182565.5, 'J13': -64032.5, 'cluster3106249630_3106249631_J60_J61_#5more': -460480.0}, {'J10': 13, 'J11': 32, 'J12': 20, 'J13': 28, 'cluster3106249630_3106249631_J60_J61_#5more': 42}, {'J10': 19, 'J11': 48, 'J12': 78, 'J13': 43, 'cluster3106249630_3106249631_J60_J61_#5more': 121}, 
3490.0, {'J10': -85309.5, 'J11': -310391.0, 'J12': -183345.5, 'J13': -64462.5, 'cluster3106249630_3106249631_J60_J61_#5more': -460048.5}, {'J10': 13, 'J11': 32, 'J12': 20, 'J13': 28, 'cluster3106249630_3106249631_J60_J61_#5more': 42}, {'J10': 18, 'J11': 48, 'J12': 78, 'J13': 43, 'cluster3106249630_3106249631_J60_J61_#5more': 118}, 
3495.0, {'J10': -85489.5, 'J11': -310871.0, 'J12': -184125.5, 'J13': -64892.5, 'cluster3106249630_3106249631_J60_J61_#5more': -460400.0}, {'J10': 13, 'J11': 32, 'J12': 20, 'J13': 28, 'cluster3106249630_3106249631_J60_J61_#5more': 42}, {'J10': 18, 'J11': 48, 'J12': 78, 'J13': 43, 'cluster3106249630_3106249631_J60_J61_#5more': 115}, 
3500.0, {'J10': -85669.5, 'J11': -311351.0, 'J12': -184905.5, 'J13': -65322.5, 'cluster3106249630_3106249631_J60_J61_#5more': -461550.0}, {'J10': 13, 'J11': 32, 'J12': 20, 'J13': 28, 'cluster3106249630_3106249631_J60_J61_#5more': 42}, {'J10': 18, 'J11': 48, 'J12': 78, 'J13': 43, 'cluster3106249630_3106249631_J60_J61_#5more': 115}, 
3505.0, {'J10': -85849.5, 'J11': -311831.0, 'J12': -185685.5, 'J13': -65752.5, 'cluster3106249630_3106249631_J60_J61_#5more': -462710.0}, {'J10': 13, 'J11': 32, 'J12': 20, 'J13': 28, 'cluster3106249630_3106249631_J60_J61_#5more': 42}, {'J10': 18, 'J11': 48, 'J12': 78, 'J13': 43, 'cluster3106249630_3106249631_J60_J61_#5more': 119}, 
3510.0, {'J10': -86029.5, 'J11': -312312.0, 'J12': -181773.0, 'J13': -66182.5, 'cluster3106249630_3106249631_J60_J61_#5more': -463912.5}, {'J10': 13, 'J11': 32, 'J12': 20, 'J13': 28, 'cluster3106249630_3106249631_J60_J61_#5more': 42}, {'J10': 18, 'J11': 49, 'J12': 73, 'J13': 43, 'cluster3106249630_3106249631_J60_J61_#5more': 123}, 
3515.0, {'J10': -86209.5, 'J11': -312791.0, 'J12': -182503.0, 'J13': -66612.5, 'cluster3106249630_3106249631_J60_J61_#5more': -465129.5}, {'J10': 13, 'J11': 32, 'J12': 20, 'J13': 28, 'cluster3106249630_3106249631_J60_J61_#5more': 42}, {'J10': 18, 'J11': 48, 'J12': 73, 'J13': 43, 'cluster3106249630_3106249631_J60_J61_#5more': 122}, 
3520.0, {'J10': -86389.5, 'J11': -313271.0, 'J12': -183238.5, 'J13': -67042.5, 'cluster3106249630_3106249631_J60_J61_#5more': -466328.5}, {'J10': 13, 'J11': 32, 'J12': 20, 'J13': 28, 'cluster3106249630_3106249631_J60_J61_#5more': 42}, {'J10': 18, 'J11': 48, 'J12': 76, 'J13': 43, 'cluster3106249630_3106249631_J60_J61_#5more': 122}, 
3525.0, {'J10': -86569.5, 'J11': -313751.0, 'J12': -184006.5, 'J13': -64823.0, 'cluster3106249630_3106249631_J60_J61_#5more': -467548.5}, {'J10': 13, 'J11': 32, 'J12': 20, 'J13': 26, 'cluster3106249630_3106249631_J60_J61_#5more': 42}, {'J10': 18, 'J11': 48, 'J12': 78, 'J13': 41, 'cluster3106249630_3106249631_J60_J61_#5more': 122}, 
3530.0, {'J10': -86749.5, 'J11': -314231.0, 'J12': -184786.5, 'J13': -63927.5, 'cluster3106249630_3106249631_J60_J61_#5more': -468770.0}, {'J10': 13, 'J11': 32, 'J12': 20, 'J13': 25, 'cluster3106249630_3106249631_J60_J61_#5more': 42}, {'J10': 18, 'J11': 48, 'J12': 78, 'J13': 38, 'cluster3106249630_3106249631_J60_J61_#5more': 123}, 
3535.0, {'J10': -86929.5, 'J11': -314711.0, 'J12': -184545.5, 'J13': -64313.5, 'cluster3106249630_3106249631_J60_J61_#5more': -469969.5}, {'J10': 13, 'J11': 32, 'J12': 20, 'J13': 25, 'cluster3106249630_3106249631_J60_J61_#5more': 42}, {'J10': 18, 'J11': 48, 'J12': 77, 'J13': 40, 'cluster3106249630_3106249631_J60_J61_#5more': 122}, 
3540.0, {'J10': -87109.5, 'J11': -315191.0, 'J12': -181829.0, 'J13': -64713.5, 'cluster3106249630_3106249631_J60_J61_#5more': -471191.5}, {'J10': 13, 'J11': 32, 'J12': 20, 'J13': 25, 'cluster3106249630_3106249631_J60_J61_#5more': 42}, {'J10': 18, 'J11': 48, 'J12': 73, 'J13': 40, 'cluster3106249630_3106249631_J60_J61_#5more': 123}, 
3545.0, {'J10': -87289.5, 'J11': -315671.0, 'J12': -180852.5, 'J13': -65114.5, 'cluster3106249630_3106249631_J60_J61_#5more': -472421.5}, {'J10': 13, 'J11': 32, 'J12': 20, 'J13': 26, 'cluster3106249630_3106249631_J60_J61_#5more': 42}, {'J10': 18, 'J11': 48, 'J12': 71, 'J13': 41, 'cluster3106249630_3106249631_J60_J61_#5more': 123}, 
3550.0, {'J10': -87469.5, 'J11': -316151.0, 'J12': -180774.5, 'J13': -65532.5, 'cluster3106249630_3106249631_J60_J61_#5more': -473651.5}, {'J10': 13, 'J11': 32, 'J12': 20, 'J13': 28, 'cluster3106249630_3106249631_J60_J61_#5more': 42}, {'J10': 18, 'J11': 48, 'J12': 68, 'J13': 43, 'cluster3106249630_3106249631_J60_J61_#5more': 123}, 
3555.0, {'J10': -87649.5, 'J11': -316631.0, 'J12': -176292.0, 'J13': -65962.5, 'cluster3106249630_3106249631_J60_J61_#5more': -472999.5}, {'J10': 13, 'J11': 32, 'J12': 20, 'J13': 28, 'cluster3106249630_3106249631_J60_J61_#5more': 42}, {'J10': 18, 'J11': 48, 'J12': 66, 'J13': 43, 'cluster3106249630_3106249631_J60_J61_#5more': 119}, 
3560.0, {'J10': -87829.5, 'J11': -317111.0, 'J12': -176294.0, 'J13': -66392.5, 'cluster3106249630_3106249631_J60_J61_#5more': -473316.5}, {'J10': 13, 'J11': 32, 'J12': 20, 'J13': 28, 'cluster3106249630_3106249631_J60_J61_#5more': 42}, {'J10': 18, 'J11': 48, 'J12': 67, 'J13': 43, 'cluster3106249630_3106249631_J60_J61_#5more': 117}, 
3565.0, {'J10': -88009.5, 'J11': -317591.0, 'J12': -176951.5, 'J13': -66822.5, 'cluster3106249630_3106249631_J60_J61_#5more': -474486.5}, {'J10': 13, 'J11': 32, 'J12': 20, 'J13': 28, 'cluster3106249630_3106249631_J60_J61_#5more': 42}, {'J10': 18, 'J11': 48, 'J12': 66, 'J13': 43, 'cluster3106249630_3106249631_J60_J61_#5more': 117}, 
3570.0, {'J10': -88189.5, 'J11': -318071.0, 'J12': -177636.0, 'J13': -67252.5, 'cluster3106249630_3106249631_J60_J61_#5more': -475666.0}, {'J10': 13, 'J11': 32, 'J12': 20, 'J13': 28, 'cluster3106249630_3106249631_J60_J61_#5more': 42}, {'J10': 18, 'J11': 48, 'J12': 72, 'J13': 43, 'cluster3106249630_3106249631_J60_J61_#5more': 121}, 
3575.0, {'J10': -88369.5, 'J11': -318551.0, 'J12': -178356.0, 'J13': -67682.5, 'cluster3106249630_3106249631_J60_J61_#5more': -476884.5}, {'J10': 13, 'J11': 32, 'J12': 20, 'J13': 28, 'cluster3106249630_3106249631_J60_J61_#5more': 42}, {'J10': 18, 'J11': 48, 'J12': 72, 'J13': 43, 'cluster3106249630_3106249631_J60_J61_#5more': 123}, 
3580.0, {'J10': -88549.5, 'J11': -319031.0, 'J12': -177963.5, 'J13': -68112.5, 'cluster3106249630_3106249631_J60_J61_#5more': -478114.5}, {'J10': 13, 'J11': 32, 'J12': 20, 'J13': 28, 'cluster3106249630_3106249631_J60_J61_#5more': 42}, {'J10': 18, 'J11': 48, 'J12': 71, 'J13': 43, 'cluster3106249630_3106249631_J60_J61_#5more': 123}, 
3585.0, {'J10': -88729.5, 'J11': -319511.0, 'J12': -178673.5, 'J13': -68542.5, 'cluster3106249630_3106249631_J60_J61_#5more': -479349.5}, {'J10': 13, 'J11': 32, 'J12': 20, 'J13': 28, 'cluster3106249630_3106249631_J60_J61_#5more': 43}, {'J10': 18, 'J11': 48, 'J12': 71, 'J13': 43, 'cluster3106249630_3106249631_J60_J61_#5more': 124}, 
3590.0, {'J10': -88909.5, 'J11': -319991.0, 'J12': -179383.5, 'J13': -66718.5, 'cluster3106249630_3106249631_J60_J61_#5more': -480589.5}, {'J10': 13, 'J11': 32, 'J12': 20, 'J13': 26, 'cluster3106249630_3106249631_J60_J61_#5more': 43}, {'J10': 18, 'J11': 48, 'J12': 71, 'J13': 42, 'cluster3106249630_3106249631_J60_J61_#5more': 124}, 
3595.0, {'J10': -89089.5, 'J11': -320471.0, 'J12': -180093.5, 'J13': -65742.5, 'cluster3106249630_3106249631_J60_J61_#5more': -481832.5}, {'J10': 13, 'J11': 32, 'J12': 20, 'J13': 25, 'cluster3106249630_3106249631_J60_J61_#5more': 44}, {'J10': 18, 'J11': 48, 'J12': 71, 'J13': 39, 'cluster3106249630_3106249631_J60_J61_#5more': 125}, 
3600.0, {'J10': -89269.5, 'J11': -320952.0, 'J12': -180807.5, 'J13': -66133.5, 'cluster3106249630_3106249631_J60_J61_#5more': -483082.5}, {'J10': 13, 'J11': 32, 'J12': 20, 'J13': 25, 'cluster3106249630_3106249631_J60_J61_#5more': 44}, {'J10': 18, 'J11': 49, 'J12': 73, 'J13': 40, 'cluster3106249630_3106249631_J60_J61_#5more': 125}, 
3605.0, {'J10': -89449.5, 'J11': -321431.0, 'J12': -181544.0, 'J13': -66533.5, 'cluster3106249630_3106249631_J60_J61_#5more': -484332.5}, {'J10': 13, 'J11': 32, 'J12': 20, 'J13': 25, 'cluster3106249630_3106249631_J60_J61_#5more': 44}, {'J10': 18, 'J11': 48, 'J12': 75, 'J13': 40, 'cluster3106249630_3106249631_J60_J61_#5more': 125}, 
3610.0, {'J10': -89629.5, 'J11': -321911.0, 'J12': -182303.5, 'J13': -66933.5, 'cluster3106249630_3106249631_J60_J61_#5more': -485582.5}, {'J10': 13, 'J11': 32, 'J12': 20, 'J13': 25, 'cluster3106249630_3106249631_J60_J61_#5more': 44}, {'J10': 18, 'J11': 48, 'J12': 78, 'J13': 40, 'cluster3106249630_3106249631_J60_J61_#5more': 125}, 
3615.0, {'J10': -89809.5, 'J11': -322391.0, 'J12': -183093.5, 'J13': -67341.5, 'cluster3106249630_3106249631_J60_J61_#5more': -486832.5}, {'J10': 13, 'J11': 32, 'J12': 20, 'J13': 28, 'cluster3106249630_3106249631_J60_J61_#5more': 44}, {'J10': 18, 'J11': 48, 'J12': 81, 'J13': 43, 'cluster3106249630_3106249631_J60_J61_#5more': 125}, 
3620.0, {'J10': -89989.5, 'J11': -322871.0, 'J12': -178785.5, 'J13': -67771.5, 'cluster3106249630_3106249631_J60_J61_#5more': -488082.5}, {'J10': 13, 'J11': 32, 'J12': 20, 'J13': 28, 'cluster3106249630_3106249631_J60_J61_#5more': 44}, {'J10': 18, 'J11': 48, 'J12': 77, 'J13': 43, 'cluster3106249630_3106249631_J60_J61_#5more': 125}, 
3625.0, {'J10': -90169.5, 'J11': -323351.0, 'J12': -178887.5, 'J13': -68201.5, 'cluster3106249630_3106249631_J60_J61_#5more': -489332.5}, {'J10': 13, 'J11': 32, 'J12': 20, 'J13': 28, 'cluster3106249630_3106249631_J60_J61_#5more': 44}, {'J10': 18, 'J11': 48, 'J12': 75, 'J13': 43, 'cluster3106249630_3106249631_J60_J61_#5more': 125}, 
3630.0, {'J10': -90349.5, 'J11': -323831.0, 'J12': -179638.0, 'J13': -68631.5, 'cluster3106249630_3106249631_J60_J61_#5more': -490582.5}, {'J10': 13, 'J11': 32, 'J12': 20, 'J13': 28, 'cluster3106249630_3106249631_J60_J61_#5more': 44}, {'J10': 18, 'J11': 48, 'J12': 76, 'J13': 43, 'cluster3106249630_3106249631_J60_J61_#5more': 125}, 
3635.0, {'J10': -90529.5, 'J11': -324311.0, 'J12': -180415.5, 'J13': -69061.5, 'cluster3106249630_3106249631_J60_J61_#5more': -491832.5}, {'J10': 13, 'J11': 32, 'J12': 20, 'J13': 28, 'cluster3106249630_3106249631_J60_J61_#5more': 44}, {'J10': 18, 'J11': 48, 'J12': 80, 'J13': 43, 'cluster3106249630_3106249631_J60_J61_#5more': 125}, 
3640.0, {'J10': -90709.5, 'J11': -324791.0, 'J12': -179924.0, 'J13': -69491.5, 'cluster3106249630_3106249631_J60_J61_#5more': -493082.5}, {'J10': 13, 'J11': 32, 'J12': 20, 'J13': 28, 'cluster3106249630_3106249631_J60_J61_#5more': 44}, {'J10': 18, 'J11': 48, 'J12': 79, 'J13': 43, 'cluster3106249630_3106249631_J60_J61_#5more': 125}, 
3645.0, {'J10': -90889.5, 'J11': -325271.0, 'J12': -179591.5, 'J13': -69921.5, 'cluster3106249630_3106249631_J60_J61_#5more': -494332.5}, {'J10': 13, 'J11': 32, 'J12': 20, 'J13': 28, 'cluster3106249630_3106249631_J60_J61_#5more': 44}, {'J10': 18, 'J11': 48, 'J12': 78, 'J13': 43, 'cluster3106249630_3106249631_J60_J61_#5more': 125}, 
3650.0, {'J10': -91069.5, 'J11': -325751.0, 'J12': -180371.5, 'J13': -70351.5, 'cluster3106249630_3106249631_J60_J61_#5more': -495582.5}, {'J10': 13, 'J11': 32, 'J12': 20, 'J13': 28, 'cluster3106249630_3106249631_J60_J61_#5more': 44}, {'J10': 18, 'J11': 48, 'J12': 78, 'J13': 43, 'cluster3106249630_3106249631_J60_J61_#5more': 125}, 
3655.0, {'J10': -91249.5, 'J11': -326231.0, 'J12': -181151.5, 'J13': -68158.0, 'cluster3106249630_3106249631_J60_J61_#5more': -496832.5}, {'J10': 13, 'J11': 32, 'J12': 20, 'J13': 26, 'cluster3106249630_3106249631_J60_J61_#5more': 44}, {'J10': 18, 'J11': 48, 'J12': 78, 'J13': 40, 'cluster3106249630_3106249631_J60_J61_#5more': 125}, 
3660.0, {'J10': -91429.5, 'J11': -326711.0, 'J12': -181931.5, 'J13': -66665.5, 'cluster3106249630_3106249631_J60_J61_#5more': -498082.5}, {'J10': 13, 'J11': 32, 'J12': 20, 'J13': 24, 'cluster3106249630_3106249631_J60_J61_#5more': 44}, {'J10': 18, 'J11': 48, 'J12': 78, 'J13': 38, 'cluster3106249630_3106249631_J60_J61_#5more': 125}, 
3665.0, {'J10': -91609.5, 'J11': -327191.0, 'J12': -182711.5, 'J13': -67048.5, 'cluster3106249630_3106249631_J60_J61_#5more': -499332.5}, {'J10': 13, 'J11': 32, 'J12': 20, 'J13': 24, 'cluster3106249630_3106249631_J60_J61_#5more': 44}, {'J10': 18, 'J11': 48, 'J12': 78, 'J13': 39, 'cluster3106249630_3106249631_J60_J61_#5more': 125}, 
3670.0, {'J10': -91789.5, 'J11': -327671.0, 'J12': -183491.5, 'J13': -67438.5, 'cluster3106249630_3106249631_J60_J61_#5more': -498608.5}, {'J10': 13, 'J11': 32, 'J12': 20, 'J13': 24, 'cluster3106249630_3106249631_J60_J61_#5more': 43}, {'J10': 18, 'J11': 48, 'J12': 78, 'J13': 39, 'cluster3106249630_3106249631_J60_J61_#5more': 124}, 
3675.0, {'J10': -91969.5, 'J11': -328151.0, 'J12': -184271.5, 'J13': -67829.5, 'cluster3106249630_3106249631_J60_J61_#5more': -495486.0}, {'J10': 13, 'J11': 32, 'J12': 20, 'J13': 25, 'cluster3106249630_3106249631_J60_J61_#5more': 42}, {'J10': 18, 'J11': 48, 'J12': 78, 'J13': 40, 'cluster3106249630_3106249631_J60_J61_#5more': 123}, 
3680.0, {'J10': -92149.5, 'J11': -328631.0, 'J12': -185051.5, 'J13': -68238.5, 'cluster3106249630_3106249631_J60_J61_#5more': -496716.0}, {'J10': 13, 'J11': 32, 'J12': 20, 'J13': 28, 'cluster3106249630_3106249631_J60_J61_#5more': 42}, {'J10': 18, 'J11': 48, 'J12': 78, 'J13': 43, 'cluster3106249630_3106249631_J60_J61_#5more': 123}, 
3685.0, {'J10': -92329.5, 'J11': -329111.0, 'J12': -184522.5, 'J13': -68668.5, 'cluster3106249630_3106249631_J60_J61_#5more': -496086.5}, {'J10': 13, 'J11': 32, 'J12': 20, 'J13': 28, 'cluster3106249630_3106249631_J60_J61_#5more': 42}, {'J10': 18, 'J11': 48, 'J12': 74, 'J13': 43, 'cluster3106249630_3106249631_J60_J61_#5more': 120}, 
3690.0, {'J10': -92509.5, 'J11': -329591.0, 'J12': -185262.5, 'J13': -69098.5, 'cluster3106249630_3106249631_J60_J61_#5more': -497286.5}, {'J10': 13, 'J11': 32, 'J12': 20, 'J13': 28, 'cluster3106249630_3106249631_J60_J61_#5more': 42}, {'J10': 18, 'J11': 48, 'J12': 74, 'J13': 43, 'cluster3106249630_3106249631_J60_J61_#5more': 120}, 
3695.0, {'J10': -92689.5, 'J11': -330071.0, 'J12': -186003.0, 'J13': -69528.5, 'cluster3106249630_3106249631_J60_J61_#5more': -498489.0}, {'J10': 13, 'J11': 32, 'J12': 20, 'J13': 28, 'cluster3106249630_3106249631_J60_J61_#5more': 42}, {'J10': 18, 'J11': 48, 'J12': 75, 'J13': 43, 'cluster3106249630_3106249631_J60_J61_#5more': 122}, 
3700.0, {'J10': -92869.5, 'J11': -330551.0, 'J12': -186765.5, 'J13': -69958.5, 'cluster3106249630_3106249631_J60_J61_#5more': -499702.0}, {'J10': 13, 'J11': 32, 'J12': 20, 'J13': 28, 'cluster3106249630_3106249631_J60_J61_#5more': 42}, {'J10': 18, 'J11': 48, 'J12': 78, 'J13': 43, 'cluster3106249630_3106249631_J60_J61_#5more': 123}, 
3705.0, {'J10': -93049.5, 'J11': -331031.0, 'J12': -187332.5, 'J13': -70388.5, 'cluster3106249630_3106249631_J60_J61_#5more': -500911.5}, {'J10': 13, 'J11': 32, 'J12': 20, 'J13': 28, 'cluster3106249630_3106249631_J60_J61_#5more': 42}, {'J10': 18, 'J11': 48, 'J12': 77, 'J13': 43, 'cluster3106249630_3106249631_J60_J61_#5more': 122}, 
3710.0, {'J10': -93229.5, 'J11': -331511.0, 'J12': -187028.5, 'J13': -70818.5, 'cluster3106249630_3106249631_J60_J61_#5more': -502134.0}, {'J10': 13, 'J11': 32, 'J12': 20, 'J13': 28, 'cluster3106249630_3106249631_J60_J61_#5more': 42}, {'J10': 18, 'J11': 48, 'J12': 76, 'J13': 43, 'cluster3106249630_3106249631_J60_J61_#5more': 123}, 
3715.0, {'J10': -93409.5, 'J11': -331991.0, 'J12': -187788.5, 'J13': -71248.5, 'cluster3106249630_3106249631_J60_J61_#5more': -503364.0}, {'J10': 13, 'J11': 32, 'J12': 20, 'J13': 28, 'cluster3106249630_3106249631_J60_J61_#5more': 42}, {'J10': 18, 'J11': 48, 'J12': 76, 'J13': 43, 'cluster3106249630_3106249631_J60_J61_#5more': 123}, 
3720.0, {'J10': -93589.5, 'J11': -332471.0, 'J12': -188307.5, 'J13': -69181.5, 'cluster3106249630_3106249631_J60_J61_#5more': -504594.0}, {'J10': 13, 'J11': 32, 'J12': 20, 'J13': 26, 'cluster3106249630_3106249631_J60_J61_#5more': 42}, {'J10': 18, 'J11': 48, 'J12': 75, 'J13': 40, 'cluster3106249630_3106249631_J60_J61_#5more': 123}, 
3725.0, {'J10': -93769.5, 'J11': -332951.0, 'J12': -189057.5, 'J13': -69330.5, 'cluster3106249630_3106249631_J60_J61_#5more': -505824.0}, {'J10': 13, 'J11': 32, 'J12': 20, 'J13': 26, 'cluster3106249630_3106249631_J60_J61_#5more': 42}, {'J10': 18, 'J11': 48, 'J12': 75, 'J13': 39, 'cluster3106249630_3106249631_J60_J61_#5more': 123}, 
3730.0, {'J10': -93949.5, 'J11': -333431.0, 'J12': -189807.5, 'J13': -69726.5, 'cluster3106249630_3106249631_J60_J61_#5more': -507054.0}, {'J10': 13, 'J11': 32, 'J12': 20, 'J13': 26, 'cluster3106249630_3106249631_J60_J61_#5more': 42}, {'J10': 18, 'J11': 48, 'J12': 75, 'J13': 41, 'cluster3106249630_3106249631_J60_J61_#5more': 123}, 
3735.0, {'J10': -94129.5, 'J11': -333911.0, 'J12': -189567.0, 'J13': -70136.5, 'cluster3106249630_3106249631_J60_J61_#5more': -508284.0}, {'J10': 13, 'J11': 32, 'J12': 20, 'J13': 26, 'cluster3106249630_3106249631_J60_J61_#5more': 42}, {'J10': 18, 'J11': 48, 'J12': 74, 'J13': 41, 'cluster3106249630_3106249631_J60_J61_#5more': 123}, 
3740.0, {'J10': -94309.5, 'J11': -334391.0, 'J12': -189769.0, 'J13': -70548.5, 'cluster3106249630_3106249631_J60_J61_#5more': -509514.0}, {'J10': 13, 'J11': 32, 'J12': 20, 'J13': 28, 'cluster3106249630_3106249631_J60_J61_#5more': 42}, {'J10': 18, 'J11': 48, 'J12': 72, 'J13': 43, 'cluster3106249630_3106249631_J60_J61_#5more': 123}, 
3745.0, {'J10': -94489.5, 'J11': -334871.0, 'J12': -190489.0, 'J13': -70978.5, 'cluster3106249630_3106249631_J60_J61_#5more': -510744.0}, {'J10': 13, 'J11': 32, 'J12': 20, 'J13': 28, 'cluster3106249630_3106249631_J60_J61_#5more': 42}, {'J10': 18, 'J11': 48, 'J12': 72, 'J13': 43, 'cluster3106249630_3106249631_J60_J61_#5more': 123}, 
3750.0, {'J10': -94669.5, 'J11': -335351.0, 'J12': -190479.5, 'J13': -71408.5, 'cluster3106249630_3106249631_J60_J61_#5more': -508490.5}, {'J10': 13, 'J11': 32, 'J12': 20, 'J13': 28, 'cluster3106249630_3106249631_J60_J61_#5more': 42}, {'J10': 18, 'J11': 48, 'J12': 70, 'J13': 43, 'cluster3106249630_3106249631_J60_J61_#5more': 118}, 
3755.0, {'J10': -94849.5, 'J11': -335831.0, 'J12': -191188.0, 'J13': -71838.5, 'cluster3106249630_3106249631_J60_J61_#5more': -509166.5}, {'J10': 13, 'J11': 32, 'J12': 20, 'J13': 28, 'cluster3106249630_3106249631_J60_J61_#5more': 42}, {'J10': 18, 'J11': 48, 'J12': 74, 'J13': 43, 'cluster3106249630_3106249631_J60_J61_#5more': 117}, 
3760.0, {'J10': -95029.5, 'J11': -336311.0, 'J12': -191938.0, 'J13': -72268.5, 'cluster3106249630_3106249631_J60_J61_#5more': -510336.5}, {'J10': 13, 'J11': 32, 'J12': 20, 'J13': 28, 'cluster3106249630_3106249631_J60_J61_#5more': 42}, {'J10': 18, 'J11': 48, 'J12': 77, 'J13': 43, 'cluster3106249630_3106249631_J60_J61_#5more': 117}, 
3765.0, {'J10': -95209.5, 'J11': -336791.0, 'J12': -191635.5, 'J13': -72698.5, 'cluster3106249630_3106249631_J60_J61_#5more': -511516.5}, {'J10': 13, 'J11': 32, 'J12': 20, 'J13': 28, 'cluster3106249630_3106249631_J60_J61_#5more': 42}, {'J10': 18, 'J11': 48, 'J12': 78, 'J13': 43, 'cluster3106249630_3106249631_J60_J61_#5more': 121}, 
3770.0, {'J10': -95389.5, 'J11': -337271.0, 'J12': -192415.5, 'J13': -73128.5, 'cluster3106249630_3106249631_J60_J61_#5more': -512735.0}, {'J10': 13, 'J11': 32, 'J12': 20, 'J13': 28, 'cluster3106249630_3106249631_J60_J61_#5more': 42}, {'J10': 18, 'J11': 48, 'J12': 78, 'J13': 43, 'cluster3106249630_3106249631_J60_J61_#5more': 123}, 
3775.0, {'J10': -95569.5, 'J11': -337751.0, 'J12': -192114.0, 'J13': -73558.5, 'cluster3106249630_3106249631_J60_J61_#5more': -513965.0}, {'J10': 13, 'J11': 32, 'J12': 20, 'J13': 28, 'cluster3106249630_3106249631_J60_J61_#5more': 42}, {'J10': 18, 'J11': 48, 'J12': 77, 'J13': 43, 'cluster3106249630_3106249631_J60_J61_#5more': 123}, 
3780.0, {'J10': -95749.5, 'J11': -338231.0, 'J12': -192884.0, 'J13': -73988.5, 'cluster3106249630_3106249631_J60_J61_#5more': -515195.0}, {'J10': 13, 'J11': 32, 'J12': 20, 'J13': 28, 'cluster3106249630_3106249631_J60_J61_#5more': 42}, {'J10': 18, 'J11': 48, 'J12': 77, 'J13': 43, 'cluster3106249630_3106249631_J60_J61_#5more': 123}, 
3785.0, {'J10': -95929.5, 'J11': -338711.0, 'J12': -193655.0, 'J13': -71056.5, 'cluster3106249630_3106249631_J60_J61_#5more': -516425.0}, {'J10': 13, 'J11': 32, 'J12': 20, 'J13': 25, 'cluster3106249630_3106249631_J60_J61_#5more': 42}, {'J10': 18, 'J11': 48, 'J12': 78, 'J13': 39, 'cluster3106249630_3106249631_J60_J61_#5more': 123}, 
3790.0, {'J10': -96109.5, 'J11': -339191.0, 'J12': -193065.5, 'J13': -70190.5, 'cluster3106249630_3106249631_J60_J61_#5more': -517655.0}, {'J10': 13, 'J11': 32, 'J12': 20, 'J13': 24, 'cluster3106249630_3106249631_J60_J61_#5more': 42}, {'J10': 18, 'J11': 48, 'J12': 79, 'J13': 37, 'cluster3106249630_3106249631_J60_J61_#5more': 123}, 
3795.0, {'J10': -96289.5, 'J11': -339671.0, 'J12': -193118.5, 'J13': -70560.5, 'cluster3106249630_3106249631_J60_J61_#5more': -518885.0}, {'J10': 13, 'J11': 32, 'J12': 20, 'J13': 24, 'cluster3106249630_3106249631_J60_J61_#5more': 42}, {'J10': 18, 'J11': 48, 'J12': 77, 'J13': 37, 'cluster3106249630_3106249631_J60_J61_#5more': 123}, 
3800.0, {'J10': -96469.5, 'J11': -340151.0, 'J12': -193522.0, 'J13': -70930.5, 'cluster3106249630_3106249631_J60_J61_#5more': -520115.0}, {'J10': 13, 'J11': 32, 'J12': 20, 'J13': 24, 'cluster3106249630_3106249631_J60_J61_#5more': 42}, {'J10': 18, 'J11': 48, 'J12': 77, 'J13': 37, 'cluster3106249630_3106249631_J60_J61_#5more': 123}, 
3805.0, {'J10': -96649.5, 'J11': -340631.0, 'J12': -193311.5, 'J13': -71300.5, 'cluster3106249630_3106249631_J60_J61_#5more': -521345.0}, {'J10': 13, 'J11': 32, 'J12': 20, 'J13': 24, 'cluster3106249630_3106249631_J60_J61_#5more': 42}, {'J10': 18, 'J11': 48, 'J12': 74, 'J13': 37, 'cluster3106249630_3106249631_J60_J61_#5more': 123}, 
3810.0, {'J10': -96829.5, 'J11': -341111.0, 'J12': -192798.0, 'J13': -71688.0, 'cluster3106249630_3106249631_J60_J61_#5more': -522575.0}, {'J10': 13, 'J11': 32, 'J12': 20, 'J13': 28, 'cluster3106249630_3106249631_J60_J61_#5more': 42}, {'J10': 18, 'J11': 48, 'J12': 69, 'J13': 41, 'cluster3106249630_3106249631_J60_J61_#5more': 123}, 
3815.0, {'J10': -97009.5, 'J11': -341591.0, 'J12': -192943.5, 'J13': -72098.0, 'cluster3106249630_3106249631_J60_J61_#5more': -521063.5}, {'J10': 13, 'J11': 32, 'J12': 20, 'J13': 28, 'cluster3106249630_3106249631_J60_J61_#5more': 42}, {'J10': 18, 'J11': 48, 'J12': 68, 'J13': 41, 'cluster3106249630_3106249631_J60_J61_#5more': 119}, 
3820.0, {'J10': -97189.5, 'J11': -342071.0, 'J12': -193634.5, 'J13': -72508.0, 'cluster3106249630_3106249631_J60_J61_#5more': -520995.5}, {'J10': 13, 'J11': 32, 'J12': 20, 'J13': 28, 'cluster3106249630_3106249631_J60_J61_#5more': 42}, {'J10': 18, 'J11': 48, 'J12': 72, 'J13': 41, 'cluster3106249630_3106249631_J60_J61_#5more': 117}, 
3825.0, {'J10': -97369.5, 'J11': -342551.0, 'J12': -194367.5, 'J13': -72918.0, 'cluster3106249630_3106249631_J60_J61_#5more': -522166.0}, {'J10': 13, 'J11': 32, 'J12': 20, 'J13': 28, 'cluster3106249630_3106249631_J60_J61_#5more': 42}, {'J10': 18, 'J11': 48, 'J12': 77, 'J13': 41, 'cluster3106249630_3106249631_J60_J61_#5more': 118}, 
3830.0, {'J10': -97549.5, 'J11': -343031.0, 'J12': -195144.5, 'J13': -73328.0, 'cluster3106249630_3106249631_J60_J61_#5more': -523349.0}, {'J10': 13, 'J11': 32, 'J12': 20, 'J13': 28, 'cluster3106249630_3106249631_J60_J61_#5more': 43}, {'J10': 18, 'J11': 48, 'J12': 80, 'J13': 41, 'cluster3106249630_3106249631_J60_J61_#5more': 122}, 
3835.0, {'J10': -97729.5, 'J11': -343511.0, 'J12': -195944.5, 'J13': -73738.0, 'cluster3106249630_3106249631_J60_J61_#5more': -524574.0}, {'J10': 13, 'J11': 32, 'J12': 20, 'J13': 28, 'cluster3106249630_3106249631_J60_J61_#5more': 43}, {'J10': 18, 'J11': 48, 'J12': 80, 'J13': 41, 'cluster3106249630_3106249631_J60_J61_#5more': 123}, 
3840.0, {'J10': -97909.5, 'J11': -343991.0, 'J12': -196744.5, 'J13': -74148.0, 'cluster3106249630_3106249631_J60_J61_#5more': -525805.0}, {'J10': 13, 'J11': 32, 'J12': 20, 'J13': 28, 'cluster3106249630_3106249631_J60_J61_#5more': 43}, {'J10': 18, 'J11': 48, 'J12': 80, 'J13': 41, 'cluster3106249630_3106249631_J60_J61_#5more': 124}, 
3845.0, {'J10': -98089.5, 'J11': -344471.0, 'J12': -197544.5, 'J13': -74558.0, 'cluster3106249630_3106249631_J60_J61_#5more': -527045.0}, {'J10': 13, 'J11': 32, 'J12': 20, 'J13': 28, 'cluster3106249630_3106249631_J60_J61_#5more': 43}, {'J10': 18, 'J11': 48, 'J12': 80, 'J13': 41, 'cluster3106249630_3106249631_J60_J61_#5more': 124}, 
3850.0, {'J10': -98269.5, 'J11': -344951.0, 'J12': -198344.5, 'J13': -72603.5, 'cluster3106249630_3106249631_J60_J61_#5more': -528285.0}, {'J10': 13, 'J11': 32, 'J12': 20, 'J13': 26, 'cluster3106249630_3106249631_J60_J61_#5more': 43}, {'J10': 18, 'J11': 48, 'J12': 80, 'J13': 38, 'cluster3106249630_3106249631_J60_J61_#5more': 124}, 
3855.0, {'J10': -98449.5, 'J11': -345431.0, 'J12': -199144.5, 'J13': -70847.5, 'cluster3106249630_3106249631_J60_J61_#5more': -529525.0}, {'J10': 13, 'J11': 32, 'J12': 20, 'J13': 24, 'cluster3106249630_3106249631_J60_J61_#5more': 43}, {'J10': 18, 'J11': 48, 'J12': 80, 'J13': 36, 'cluster3106249630_3106249631_J60_J61_#5more': 124}, 
3860.0, {'J10': -98629.5, 'J11': -345911.0, 'J12': -199944.5, 'J13': -71207.5, 'cluster3106249630_3106249631_J60_J61_#5more': -530770.0}, {'J10': 13, 'J11': 32, 'J12': 20, 'J13': 24, 'cluster3106249630_3106249631_J60_J61_#5more': 44}, {'J10': 18, 'J11': 48, 'J12': 80, 'J13': 36, 'cluster3106249630_3106249631_J60_J61_#5more': 125}, 
3865.0, {'J10': -98809.5, 'J11': -346391.0, 'J12': -200744.5, 'J13': -71567.5, 'cluster3106249630_3106249631_J60_J61_#5more': -532020.0}, {'J10': 13, 'J11': 32, 'J12': 20, 'J13': 24, 'cluster3106249630_3106249631_J60_J61_#5more': 44}, {'J10': 18, 'J11': 48, 'J12': 80, 'J13': 36, 'cluster3106249630_3106249631_J60_J61_#5more': 125}, 
3870.0, {'J10': -98989.5, 'J11': -346871.0, 'J12': -201544.5, 'J13': -71927.5, 'cluster3106249630_3106249631_J60_J61_#5more': -533272.0}, {'J10': 13, 'J11': 32, 'J12': 20, 'J13': 24, 'cluster3106249630_3106249631_J60_J61_#5more': 44}, {'J10': 18, 'J11': 48, 'J12': 80, 'J13': 36, 'cluster3106249630_3106249631_J60_J61_#5more': 126}, 
3875.0, {'J10': -99169.5, 'J11': -347351.0, 'J12': -202344.5, 'J13': -72297.5, 'cluster3106249630_3106249631_J60_J61_#5more': -534520.0}, {'J10': 13, 'J11': 32, 'J12': 20, 'J13': 27, 'cluster3106249630_3106249631_J60_J61_#5more': 44}, {'J10': 18, 'J11': 48, 'J12': 80, 'J13': 39, 'cluster3106249630_3106249631_J60_J61_#5more': 125}, 
3880.0, {'J10': -99349.5, 'J11': -347831.0, 'J12': -195923.5, 'J13': -72692.0, 'cluster3106249630_3106249631_J60_J61_#5more': -533654.0}, {'J10': 13, 'J11': 32, 'J12': 20, 'J13': 28, 'cluster3106249630_3106249631_J60_J61_#5more': 44}, {'J10': 18, 'J11': 48, 'J12': 74, 'J13': 40, 'cluster3106249630_3106249631_J60_J61_#5more': 122}, 
3885.0, {'J10': -99529.5, 'J11': -348311.0, 'J12': -196663.5, 'J13': -73092.0, 'cluster3106249630_3106249631_J60_J61_#5more': -533491.0}, {'J10': 13, 'J11': 32, 'J12': 20, 'J13': 28, 'cluster3106249630_3106249631_J60_J61_#5more': 45}, {'J10': 18, 'J11': 48, 'J12': 74, 'J13': 40, 'cluster3106249630_3106249631_J60_J61_#5more': 121}, 
3890.0, {'J10': -99709.5, 'J11': -348791.0, 'J12': -197404.5, 'J13': -73492.0, 'cluster3106249630_3106249631_J60_J61_#5more': -534707.0}, {'J10': 13, 'J11': 32, 'J12': 20, 'J13': 28, 'cluster3106249630_3106249631_J60_J61_#5more': 45}, {'J10': 18, 'J11': 48, 'J12': 76, 'J13': 40, 'cluster3106249630_3106249631_J60_J61_#5more': 124}, 
3895.0, {'J10': -99889.5, 'J11': -349271.0, 'J12': -198173.0, 'J13': -73892.0, 'cluster3106249630_3106249631_J60_J61_#5more': -535927.0}, {'J10': 13, 'J11': 32, 'J12': 20, 'J13': 28, 'cluster3106249630_3106249631_J60_J61_#5more': 45}, {'J10': 18, 'J11': 48, 'J12': 78, 'J13': 40, 'cluster3106249630_3106249631_J60_J61_#5more': 124}, 
3900.0, {'J10': -100069.5, 'J11': -349751.0, 'J12': -198953.0, 'J13': -74292.0, 'cluster3106249630_3106249631_J60_J61_#5more': -537159.0}, {'J10': 13, 'J11': 32, 'J12': 20, 'J13': 28, 'cluster3106249630_3106249631_J60_J61_#5more': 45}, {'J10': 18, 'J11': 48, 'J12': 78, 'J13': 40, 'cluster3106249630_3106249631_J60_J61_#5more': 126}, 
3905.0, {'J10': -100249.5, 'J11': -350231.0, 'J12': -199039.0, 'J13': -74692.0, 'cluster3106249630_3106249631_J60_J61_#5more': -538419.0}, {'J10': 13, 'J11': 32, 'J12': 20, 'J13': 28, 'cluster3106249630_3106249631_J60_J61_#5more': 45}, {'J10': 18, 'J11': 48, 'J12': 77, 'J13': 40, 'cluster3106249630_3106249631_J60_J61_#5more': 126}, 
3910.0, {'J10': -100429.5, 'J11': -350711.0, 'J12': -199626.0, 'J13': -75092.0, 'cluster3106249630_3106249631_J60_J61_#5more': -539679.0}, {'J10': 13, 'J11': 32, 'J12': 20, 'J13': 28, 'cluster3106249630_3106249631_J60_J61_#5more': 45}, {'J10': 18, 'J11': 48, 'J12': 76, 'J13': 40, 'cluster3106249630_3106249631_J60_J61_#5more': 126}, 
3915.0, {'J10': -100609.5, 'J11': -351191.0, 'J12': -200386.0, 'J13': -73368.0, 'cluster3106249630_3106249631_J60_J61_#5more': -540939.0}, {'J10': 13, 'J11': 32, 'J12': 20, 'J13': 26, 'cluster3106249630_3106249631_J60_J61_#5more': 45}, {'J10': 18, 'J11': 48, 'J12': 76, 'J13': 38, 'cluster3106249630_3106249631_J60_J61_#5more': 126}, 
3920.0, {'J10': -100789.5, 'J11': -351671.0, 'J12': -200222.5, 'J13': -71611.5, 'cluster3106249630_3106249631_J60_J61_#5more': -542199.0}, {'J10': 13, 'J11': 32, 'J12': 20, 'J13': 24, 'cluster3106249630_3106249631_J60_J61_#5more': 45}, {'J10': 18, 'J11': 48, 'J12': 74, 'J13': 36, 'cluster3106249630_3106249631_J60_J61_#5more': 126}, 
3925.0, {'J10': -100969.5, 'J11': -352151.0, 'J12': -200962.5, 'J13': -71971.5, 'cluster3106249630_3106249631_J60_J61_#5more': -543459.0}, {'J10': 13, 'J11': 32, 'J12': 20, 'J13': 24, 'cluster3106249630_3106249631_J60_J61_#5more': 45}, {'J10': 18, 'J11': 48, 'J12': 74, 'J13': 36, 'cluster3106249630_3106249631_J60_J61_#5more': 126}, 
3930.0, {'J10': -101149.5, 'J11': -352631.0, 'J12': -201702.5, 'J13': -72331.5, 'cluster3106249630_3106249631_J60_J61_#5more': -544719.0}, {'J10': 13, 'J11': 32, 'J12': 20, 'J13': 24, 'cluster3106249630_3106249631_J60_J61_#5more': 45}, {'J10': 18, 'J11': 48, 'J12': 74, 'J13': 36, 'cluster3106249630_3106249631_J60_J61_#5more': 126}, 
3935.0, {'J10': -101329.5, 'J11': -353111.0, 'J12': -202442.5, 'J13': -72691.5, 'cluster3106249630_3106249631_J60_J61_#5more': -536168.0}, {'J10': 13, 'J11': 32, 'J12': 20, 'J13': 24, 'cluster3106249630_3106249631_J60_J61_#5more': 42}, {'J10': 18, 'J11': 48, 'J12': 74, 'J13': 36, 'cluster3106249630_3106249631_J60_J61_#5more': 123}, 
3940.0, {'J10': -101509.5, 'J11': -353591.0, 'J12': -203182.5, 'J13': -73061.5, 'cluster3106249630_3106249631_J60_J61_#5more': -537398.0}, {'J10': 13, 'J11': 32, 'J12': 20, 'J13': 27, 'cluster3106249630_3106249631_J60_J61_#5more': 42}, {'J10': 18, 'J11': 48, 'J12': 74, 'J13': 39, 'cluster3106249630_3106249631_J60_J61_#5more': 123}, 
3945.0, {'J10': -101689.5, 'J11': -354071.0, 'J12': -202801.5, 'J13': -73455.5, 'cluster3106249630_3106249631_J60_J61_#5more': -538628.0}, {'J10': 13, 'J11': 32, 'J12': 20, 'J13': 28, 'cluster3106249630_3106249631_J60_J61_#5more': 42}, {'J10': 18, 'J11': 48, 'J12': 74, 'J13': 40, 'cluster3106249630_3106249631_J60_J61_#5more': 123}, 
3950.0, {'J10': -101869.5, 'J11': -354551.0, 'J12': -202540.0, 'J13': -73855.5, 'cluster3106249630_3106249631_J60_J61_#5more': -539858.0}, {'J10': 13, 'J11': 32, 'J12': 20, 'J13': 28, 'cluster3106249630_3106249631_J60_J61_#5more': 42}, {'J10': 18, 'J11': 48, 'J12': 75, 'J13': 40, 'cluster3106249630_3106249631_J60_J61_#5more': 123}, 
3955.0, {'J10': -102049.5, 'J11': -355031.0, 'J12': -203306.5, 'J13': -74255.5, 'cluster3106249630_3106249631_J60_J61_#5more': -541088.0}, {'J10': 13, 'J11': 32, 'J12': 20, 'J13': 28, 'cluster3106249630_3106249631_J60_J61_#5more': 42}, {'J10': 18, 'J11': 48, 'J12': 81, 'J13': 40, 'cluster3106249630_3106249631_J60_J61_#5more': 123}, 
3960.0, {'J10': -102229.5, 'J11': -355511.0, 'J12': -204125.0, 'J13': -74655.5, 'cluster3106249630_3106249631_J60_J61_#5more': -542318.0}, {'J10': 13, 'J11': 32, 'J12': 20, 'J13': 28, 'cluster3106249630_3106249631_J60_J61_#5more': 42}, {'J10': 18, 'J11': 48, 'J12': 83, 'J13': 40, 'cluster3106249630_3106249631_J60_J61_#5more': 123}, 
3965.0, {'J10': -102409.5, 'J11': -355991.0, 'J12': -204661.0, 'J13': -75055.5, 'cluster3106249630_3106249631_J60_J61_#5more': -543548.0}, {'J10': 13, 'J11': 32, 'J12': 20, 'J13': 28, 'cluster3106249630_3106249631_J60_J61_#5more': 42}, {'J10': 18, 'J11': 48, 'J12': 82, 'J13': 40, 'cluster3106249630_3106249631_J60_J61_#5more': 123}, 
3970.0, {'J10': -102589.5, 'J11': -356471.0, 'J12': -205170.5, 'J13': -75455.5, 'cluster3106249630_3106249631_J60_J61_#5more': -544783.0}, {'J10': 13, 'J11': 32, 'J12': 20, 'J13': 28, 'cluster3106249630_3106249631_J60_J61_#5more': 43}, {'J10': 18, 'J11': 48, 'J12': 81, 'J13': 40, 'cluster3106249630_3106249631_J60_J61_#5more': 124}, 
3975.0, {'J10': -102769.5, 'J11': -356951.0, 'J12': -205980.5, 'J13': -75855.5, 'cluster3106249630_3106249631_J60_J61_#5more': -546023.0}, {'J10': 13, 'J11': 32, 'J12': 20, 'J13': 28, 'cluster3106249630_3106249631_J60_J61_#5more': 43}, {'J10': 18, 'J11': 48, 'J12': 81, 'J13': 40, 'cluster3106249630_3106249631_J60_J61_#5more': 124}, 
3980.0, {'J10': -102949.5, 'J11': -357431.0, 'J12': -206790.5, 'J13': -74138.0, 'cluster3106249630_3106249631_J60_J61_#5more': -547263.0}, {'J10': 13, 'J11': 32, 'J12': 20, 'J13': 26, 'cluster3106249630_3106249631_J60_J61_#5more': 43}, {'J10': 18, 'J11': 48, 'J12': 81, 'J13': 38, 'cluster3106249630_3106249631_J60_J61_#5more': 124}, 
3985.0, {'J10': -103129.5, 'J11': -357911.0, 'J12': -207610.0, 'J13': -73514.5, 'cluster3106249630_3106249631_J60_J61_#5more': -548503.0}, {'J10': 13, 'J11': 32, 'J12': 20, 'J13': 25, 'cluster3106249630_3106249631_J60_J61_#5more': 43}, {'J10': 18, 'J11': 48, 'J12': 84, 'J13': 37, 'cluster3106249630_3106249631_J60_J61_#5more': 124}, 
3990.0, {'J10': -103309.5, 'J11': -358391.0, 'J12': -208450.0, 'J13': -73884.5, 'cluster3106249630_3106249631_J60_J61_#5more': -549743.0}, {'J10': 13, 'J11': 32, 'J12': 20, 'J13': 25, 'cluster3106249630_3106249631_J60_J61_#5more': 43}, {'J10': 18, 'J11': 48, 'J12': 84, 'J13': 37, 'cluster3106249630_3106249631_J60_J61_#5more': 124}, 
3995.0, {'J10': -103489.5, 'J11': -358871.0, 'J12': -209290.0, 'J13': -74254.5, 'cluster3106249630_3106249631_J60_J61_#5more': -550983.0}, {'J10': 13, 'J11': 32, 'J12': 20, 'J13': 25, 'cluster3106249630_3106249631_J60_J61_#5more': 43}, {'J10': 18, 'J11': 48, 'J12': 84, 'J13': 37, 'cluster3106249630_3106249631_J60_J61_#5more': 124}, 
4000.0, {'J10': -103669.5, 'J11': -359351.0, 'J12': -210130.0, 'J13': -74624.5, 'cluster3106249630_3106249631_J60_J61_#5more': -552223.0}, {'J10': 13, 'J11': 32, 'J12': 20, 'J13': 25, 'cluster3106249630_3106249631_J60_J61_#5more': 43}, {'J10': 18, 'J11': 48, 'J12': 84, 'J13': 37, 'cluster3106249630_3106249631_J60_J61_#5more': 124}, 
4005.0, {'J10': -103849.5, 'J11': -359831.0, 'J12': -210970.0, 'J13': -75005.0, 'cluster3106249630_3106249631_J60_J61_#5more': -553463.0}, {'J10': 13, 'J11': 32, 'J12': 20, 'J13': 28, 'cluster3106249630_3106249631_J60_J61_#5more': 43}, {'J10': 18, 'J11': 48, 'J12': 84, 'J13': 40, 'cluster3106249630_3106249631_J60_J61_#5more': 124}, 
4010.0, {'J10': -104029.5, 'J11': -360311.0, 'J12': -206238.0, 'J13': -75405.0, 'cluster3106249630_3106249631_J60_J61_#5more': -550353.5}, {'J10': 13, 'J11': 32, 'J12': 20, 'J13': 28, 'cluster3106249630_3106249631_J60_J61_#5more': 43}, {'J10': 18, 'J11': 48, 'J12': 80, 'J13': 40, 'cluster3106249630_3106249631_J60_J61_#5more': 118}, 
4015.0, {'J10': -104209.5, 'J11': -360791.0, 'J12': -206152.0, 'J13': -75805.0, 'cluster3106249630_3106249631_J60_J61_#5more': -551533.5}, {'J10': 13, 'J11': 32, 'J12': 20, 'J13': 28, 'cluster3106249630_3106249631_J60_J61_#5more': 43}, {'J10': 18, 'J11': 48, 'J12': 78, 'J13': 40, 'cluster3106249630_3106249631_J60_J61_#5more': 118}, 
4020.0, {'J10': -104389.5, 'J11': -361271.0, 'J12': -206932.0, 'J13': -76205.0, 'cluster3106249630_3106249631_J60_J61_#5more': -552713.5}, {'J10': 13, 'J11': 32, 'J12': 20, 'J13': 28, 'cluster3106249630_3106249631_J60_J61_#5more': 43}, {'J10': 18, 'J11': 48, 'J12': 78, 'J13': 40, 'cluster3106249630_3106249631_J60_J61_#5more': 118}, 
4025.0, {'J10': -104569.5, 'J11': -361751.0, 'J12': -207729.0, 'J13': -76605.0, 'cluster3106249630_3106249631_J60_J61_#5more': -553904.5}, {'J10': 13, 'J11': 32, 'J12': 20, 'J13': 28, 'cluster3106249630_3106249631_J60_J61_#5more': 43}, {'J10': 18, 'J11': 48, 'J12': 82, 'J13': 40, 'cluster3106249630_3106249631_J60_J61_#5more': 122}, 
4030.0, {'J10': -104749.5, 'J11': -362231.0, 'J12': -208549.0, 'J13': -77005.0, 'cluster3106249630_3106249631_J60_J61_#5more': -555133.0}, {'J10': 13, 'J11': 32, 'J12': 20, 'J13': 28, 'cluster3106249630_3106249631_J60_J61_#5more': 43}, {'J10': 18, 'J11': 48, 'J12': 82, 'J13': 40, 'cluster3106249630_3106249631_J60_J61_#5more': 124}, 
4035.0, {'J10': -104929.5, 'J11': -362711.0, 'J12': -208523.0, 'J13': -77405.0, 'cluster3106249630_3106249631_J60_J61_#5more': -556373.0}, {'J10': 13, 'J11': 32, 'J12': 20, 'J13': 28, 'cluster3106249630_3106249631_J60_J61_#5more': 43}, {'J10': 18, 'J11': 48, 'J12': 80, 'J13': 40, 'cluster3106249630_3106249631_J60_J61_#5more': 124}, 
4040.0, {'J10': -105109.5, 'J11': -363191.0, 'J12': -208899.0, 'J13': -77805.0, 'cluster3106249630_3106249631_J60_J61_#5more': -557613.0}, {'J10': 13, 'J11': 32, 'J12': 20, 'J13': 28, 'cluster3106249630_3106249631_J60_J61_#5more': 43}, {'J10': 18, 'J11': 48, 'J12': 79, 'J13': 40, 'cluster3106249630_3106249631_J60_J61_#5more': 124}, 
4045.0, {'J10': -105289.5, 'J11': -363671.0, 'J12': -209689.0, 'J13': -75087.5, 'cluster3106249630_3106249631_J60_J61_#5more': -558853.0}, {'J10': 13, 'J11': 32, 'J12': 20, 'J13': 25, 'cluster3106249630_3106249631_J60_J61_#5more': 43}, {'J10': 18, 'J11': 48, 'J12': 79, 'J13': 37, 'cluster3106249630_3106249631_J60_J61_#5more': 124}, 
4050.0, {'J10': -105469.5, 'J11': -364151.0, 'J12': -210479.0, 'J13': -74584.0, 'cluster3106249630_3106249631_J60_J61_#5more': -560093.0}, {'J10': 13, 'J11': 32, 'J12': 20, 'J13': 24, 'cluster3106249630_3106249631_J60_J61_#5more': 43}, {'J10': 18, 'J11': 48, 'J12': 79, 'J13': 36, 'cluster3106249630_3106249631_J60_J61_#5more': 124}, 
4055.0, {'J10': -105649.5, 'J11': -364631.0, 'J12': -211269.0, 'J13': -74944.0, 'cluster3106249630_3106249631_J60_J61_#5more': -561333.0}, {'J10': 13, 'J11': 32, 'J12': 20, 'J13': 24, 'cluster3106249630_3106249631_J60_J61_#5more': 43}, {'J10': 18, 'J11': 48, 'J12': 79, 'J13': 36, 'cluster3106249630_3106249631_J60_J61_#5more': 124}, 
4060.0, {'J10': -105829.5, 'J11': -365111.0, 'J12': -212059.0, 'J13': -75304.0, 'cluster3106249630_3106249631_J60_J61_#5more': -562573.0}, {'J10': 13, 'J11': 32, 'J12': 20, 'J13': 24, 'cluster3106249630_3106249631_J60_J61_#5more': 43}, {'J10': 18, 'J11': 48, 'J12': 79, 'J13': 36, 'cluster3106249630_3106249631_J60_J61_#5more': 124}, 
4065.0, {'J10': -106009.5, 'J11': -365591.0, 'J12': -212849.0, 'J13': -75665.0, 'cluster3106249630_3106249631_J60_J61_#5more': -558691.5}, {'J10': 13, 'J11': 32, 'J12': 20, 'J13': 25, 'cluster3106249630_3106249631_J60_J61_#5more': 42}, {'J10': 18, 'J11': 48, 'J12': 79, 'J13': 37, 'cluster3106249630_3106249631_J60_J61_#5more': 123}, 
4070.0, {'J10': -106189.5, 'J11': -366071.0, 'J12': -213639.0, 'J13': -76045.5, 'cluster3106249630_3106249631_J60_J61_#5more': -559921.5}, {'J10': 13, 'J11': 32, 'J12': 20, 'J13': 28, 'cluster3106249630_3106249631_J60_J61_#5more': 42}, {'J10': 18, 'J11': 48, 'J12': 79, 'J13': 40, 'cluster3106249630_3106249631_J60_J61_#5more': 123}, 
4075.0, {'J10': -106369.5, 'J11': -366551.0, 'J12': -213688.0, 'J13': -76445.5, 'cluster3106249630_3106249631_J60_J61_#5more': -561151.5}, {'J10': 13, 'J11': 32, 'J12': 20, 'J13': 28, 'cluster3106249630_3106249631_J60_J61_#5more': 42}, {'J10': 18, 'J11': 48, 'J12': 77, 'J13': 40, 'cluster3106249630_3106249631_J60_J61_#5more': 123}, 
4080.0, {'J10': -106549.5, 'J11': -367031.0, 'J12': -213709.5, 'J13': -76845.5, 'cluster3106249630_3106249631_J60_J61_#5more': -562381.5}, {'J10': 13, 'J11': 32, 'J12': 20, 'J13': 28, 'cluster3106249630_3106249631_J60_J61_#5more': 42}, {'J10': 18, 'J11': 48, 'J12': 75, 'J13': 40, 'cluster3106249630_3106249631_J60_J61_#5more': 123}, 
4085.0, {'J10': -106729.5, 'J11': -367511.0, 'J12': -214464.0, 'J13': -77245.5, 'cluster3106249630_3106249631_J60_J61_#5more': -563611.5}, {'J10': 13, 'J11': 32, 'J12': 20, 'J13': 28, 'cluster3106249630_3106249631_J60_J61_#5more': 42}, {'J10': 18, 'J11': 48, 'J12': 77, 'J13': 40, 'cluster3106249630_3106249631_J60_J61_#5more': 123}, 
4090.0, {'J10': -106909.5, 'J11': -367991.0, 'J12': -215247.0, 'J13': -77645.5, 'cluster3106249630_3106249631_J60_J61_#5more': -564841.5}, {'J10': 13, 'J11': 32, 'J12': 20, 'J13': 28, 'cluster3106249630_3106249631_J60_J61_#5more': 42}, {'J10': 18, 'J11': 48, 'J12': 80, 'J13': 40, 'cluster3106249630_3106249631_J60_J61_#5more': 123}, 
4095.0, {'J10': -107089.5, 'J11': -368471.0, 'J12': -214964.5, 'J13': -78045.5, 'cluster3106249630_3106249631_J60_J61_#5more': -566071.5}, {'J10': 13, 'J11': 32, 'J12': 20, 'J13': 28, 'cluster3106249630_3106249631_J60_J61_#5more': 42}, {'J10': 18, 'J11': 48, 'J12': 79, 'J13': 40, 'cluster3106249630_3106249631_J60_J61_#5more': 123}, 
4100.0, {'J10': -107269.5, 'J11': -368951.0, 'J12': -215063.5, 'J13': -78445.5, 'cluster3106249630_3106249631_J60_J61_#5more': -567301.5}, {'J10': 13, 'J11': 32, 'J12': 20, 'J13': 28, 'cluster3106249630_3106249631_J60_J61_#5more': 42}, {'J10': 18, 'J11': 48, 'J12': 78, 'J13': 40, 'cluster3106249630_3106249631_J60_J61_#5more': 123}, 
4105.0, {'J10': -107449.5, 'J11': -369431.0, 'J12': -215846.5, 'J13': -78845.5, 'cluster3106249630_3106249631_J60_J61_#5more': -568531.5}, {'J10': 13, 'J11': 32, 'J12': 20, 'J13': 28, 'cluster3106249630_3106249631_J60_J61_#5more': 42}, {'J10': 18, 'J11': 48, 'J12': 79, 'J13': 40, 'cluster3106249630_3106249631_J60_J61_#5more': 123}, 
4110.0, {'J10': -107629.5, 'J11': -369911.0, 'J12': -215649.5, 'J13': -77129.0, 'cluster3106249630_3106249631_J60_J61_#5more': -569765.0}, {'J10': 13, 'J11': 32, 'J12': 20, 'J13': 26, 'cluster3106249630_3106249631_J60_J61_#5more': 43}, {'J10': 18, 'J11': 48, 'J12': 76, 'J13': 38, 'cluster3106249630_3106249631_J60_J61_#5more': 124}, 
4115.0, {'J10': -107809.5, 'J11': -370391.0, 'J12': -215244.0, 'J13': -75626.5, 'cluster3106249630_3106249631_J60_J61_#5more': -568263.5}, {'J10': 13, 'J11': 32, 'J12': 20, 'J13': 24, 'cluster3106249630_3106249631_J60_J61_#5more': 43}, {'J10': 18, 'J11': 48, 'J12': 74, 'J13': 36, 'cluster3106249630_3106249631_J60_J61_#5more': 124}, 
4120.0, {'J10': -107989.5, 'J11': -370871.0, 'J12': -215643.0, 'J13': -75986.5, 'cluster3106249630_3106249631_J60_J61_#5more': -564283.0}, {'J10': 13, 'J11': 32, 'J12': 20, 'J13': 24, 'cluster3106249630_3106249631_J60_J61_#5more': 42}, {'J10': 18, 'J11': 48, 'J12': 73, 'J13': 36, 'cluster3106249630_3106249631_J60_J61_#5more': 123}, 
4125.0, {'J10': -108169.5, 'J11': -371351.0, 'J12': -216373.5, 'J13': -76346.5, 'cluster3106249630_3106249631_J60_J61_#5more': -565515.0}, {'J10': 13, 'J11': 32, 'J12': 20, 'J13': 24, 'cluster3106249630_3106249631_J60_J61_#5more': 43}, {'J10': 18, 'J11': 48, 'J12': 74, 'J13': 36, 'cluster3106249630_3106249631_J60_J61_#5more': 124}, 
4130.0, {'J10': -108349.5, 'J11': -371831.0, 'J12': -217119.0, 'J13': -76706.5, 'cluster3106249630_3106249631_J60_J61_#5more': -566755.0}, {'J10': 13, 'J11': 32, 'J12': 20, 'J13': 24, 'cluster3106249630_3106249631_J60_J61_#5more': 43}, {'J10': 18, 'J11': 48, 'J12': 78, 'J13': 36, 'cluster3106249630_3106249631_J60_J61_#5more': 124}, 
4135.0, {'J10': -108529.5, 'J11': -372311.0, 'J12': -217903.5, 'J13': -77080.5, 'cluster3106249630_3106249631_J60_J61_#5more': -567995.0}, {'J10': 13, 'J11': 32, 'J12': 20, 'J13': 28, 'cluster3106249630_3106249631_J60_J61_#5more': 43}, {'J10': 18, 'J11': 48, 'J12': 79, 'J13': 40, 'cluster3106249630_3106249631_J60_J61_#5more': 124}, 
4140.0, {'J10': -108709.5, 'J11': -372791.0, 'J12': -215954.0, 'J13': -77480.5, 'cluster3106249630_3106249631_J60_J61_#5more': -565354.0}, {'J10': 13, 'J11': 32, 'J12': 20, 'J13': 28, 'cluster3106249630_3106249631_J60_J61_#5more': 43}, {'J10': 18, 'J11': 48, 'J12': 75, 'J13': 40, 'cluster3106249630_3106249631_J60_J61_#5more': 119}, 
4145.0, {'J10': -108889.5, 'J11': -373271.0, 'J12': -216329.5, 'J13': -77880.5, 'cluster3106249630_3106249631_J60_J61_#5more': -565910.5}, {'J10': 13, 'J11': 32, 'J12': 20, 'J13': 28, 'cluster3106249630_3106249631_J60_J61_#5more': 43}, {'J10': 18, 'J11': 48, 'J12': 74, 'J13': 40, 'cluster3106249630_3106249631_J60_J61_#5more': 119}, 
4150.0, {'J10': -109069.5, 'J11': -373751.0, 'J12': -217200.5, 'J13': -78280.5, 'cluster3106249630_3106249631_J60_J61_#5more': -567093.5}, {'J10': 13, 'J11': 32, 'J12': 20, 'J13': 28, 'cluster3106249630_3106249631_J60_J61_#5more': 43}, {'J10': 18, 'J11': 48, 'J12': 77, 'J13': 40, 'cluster3106249630_3106249631_J60_J61_#5more': 120}, 
4155.0, {'J10': -109249.5, 'J11': -374231.0, 'J12': -217978.5, 'J13': -78680.5, 'cluster3106249630_3106249631_J60_J61_#5more': -568291.0}, {'J10': 13, 'J11': 32, 'J12': 20, 'J13': 28, 'cluster3106249630_3106249631_J60_J61_#5more': 43}, {'J10': 18, 'J11': 48, 'J12': 79, 'J13': 40, 'cluster3106249630_3106249631_J60_J61_#5more': 123}, 
4160.0, {'J10': -109429.5, 'J11': -374711.0, 'J12': -218768.5, 'J13': -79080.5, 'cluster3106249630_3106249631_J60_J61_#5more': -569508.5}, {'J10': 13, 'J11': 32, 'J12': 20, 'J13': 28, 'cluster3106249630_3106249631_J60_J61_#5more': 43}, {'J10': 18, 'J11': 48, 'J12': 79, 'J13': 40, 'cluster3106249630_3106249631_J60_J61_#5more': 124}, 
4165.0, {'J10': -109609.5, 'J11': -375191.0, 'J12': -219125.5, 'J13': -79480.5, 'cluster3106249630_3106249631_J60_J61_#5more': -570748.5}, {'J10': 13, 'J11': 32, 'J12': 20, 'J13': 28, 'cluster3106249630_3106249631_J60_J61_#5more': 43}, {'J10': 18, 'J11': 48, 'J12': 78, 'J13': 40, 'cluster3106249630_3106249631_J60_J61_#5more': 124}, 
4170.0, {'J10': -109789.5, 'J11': -375671.0, 'J12': -219905.5, 'J13': -79880.5, 'cluster3106249630_3106249631_J60_J61_#5more': -571988.5}, {'J10': 13, 'J11': 32, 'J12': 20, 'J13': 28, 'cluster3106249630_3106249631_J60_J61_#5more': 43}, {'J10': 18, 'J11': 48, 'J12': 78, 'J13': 40, 'cluster3106249630_3106249631_J60_J61_#5more': 124}, 
4175.0, {'J10': -109969.5, 'J11': -376151.0, 'J12': -220685.5, 'J13': -78293.5, 'cluster3106249630_3106249631_J60_J61_#5more': -573228.5}, {'J10': 13, 'J11': 32, 'J12': 20, 'J13': 26, 'cluster3106249630_3106249631_J60_J61_#5more': 43}, {'J10': 18, 'J11': 48, 'J12': 78, 'J13': 38, 'cluster3106249630_3106249631_J60_J61_#5more': 124}, 
4180.0, {'J10': -110149.5, 'J11': -376631.0, 'J12': -220621.5, 'J13': -76790.0, 'cluster3106249630_3106249631_J60_J61_#5more': -574468.5}, {'J10': 13, 'J11': 32, 'J12': 20, 'J13': 24, 'cluster3106249630_3106249631_J60_J61_#5more': 43}, {'J10': 18, 'J11': 48, 'J12': 77, 'J13': 36, 'cluster3106249630_3106249631_J60_J61_#5more': 124}, 
4185.0, {'J10': -110329.5, 'J11': -377111.0, 'J12': -221396.5, 'J13': -77150.0, 'cluster3106249630_3106249631_J60_J61_#5more': -575708.5}, {'J10': 13, 'J11': 32, 'J12': 20, 'J13': 24, 'cluster3106249630_3106249631_J60_J61_#5more': 43}, {'J10': 18, 'J11': 48, 'J12': 79, 'J13': 36, 'cluster3106249630_3106249631_J60_J61_#5more': 124}, 
4190.0, {'J10': -110509.5, 'J11': -377591.0, 'J12': -222186.5, 'J13': -77510.0, 'cluster3106249630_3106249631_J60_J61_#5more': -576948.5}, {'J10': 13, 'J11': 32, 'J12': 20, 'J13': 24, 'cluster3106249630_3106249631_J60_J61_#5more': 43}, {'J10': 18, 'J11': 48, 'J12': 79, 'J13': 36, 'cluster3106249630_3106249631_J60_J61_#5more': 124}, 
4195.0, {'J10': -110689.5, 'J11': -378071.0, 'J12': -222976.5, 'J13': -77871.0, 'cluster3106249630_3106249631_J60_J61_#5more': -578190.0}, {'J10': 13, 'J11': 32, 'J12': 20, 'J13': 25, 'cluster3106249630_3106249631_J60_J61_#5more': 44}, {'J10': 18, 'J11': 48, 'J12': 79, 'J13': 37, 'cluster3106249630_3106249631_J60_J61_#5more': 125}, 
4200.0, {'J10': -110869.5, 'J11': -378551.0, 'J12': -223777.0, 'J13': -78248.5, 'cluster3106249630_3106249631_J60_J61_#5more': -576545.5}, {'J10': 13, 'J11': 32, 'J12': 20, 'J13': 28, 'cluster3106249630_3106249631_J60_J61_#5more': 43}, {'J10': 18, 'J11': 48, 'J12': 82, 'J13': 40, 'cluster3106249630_3106249631_J60_J61_#5more': 124}, 
4205.0, {'J10': -111049.5, 'J11': -379031.0, 'J12': -223867.0, 'J13': -78648.5, 'cluster3106249630_3106249631_J60_J61_#5more': -572408.0}, {'J10': 13, 'J11': 32, 'J12': 20, 'J13': 28, 'cluster3106249630_3106249631_J60_J61_#5more': 43}, {'J10': 18, 'J11': 48, 'J12': 80, 'J13': 40, 'cluster3106249630_3106249631_J60_J61_#5more': 124}, 
4210.0, {'J10': -111229.5, 'J11': -379511.0, 'J12': -223920.0, 'J13': -79048.5, 'cluster3106249630_3106249631_J60_J61_#5more': -573648.0}, {'J10': 13, 'J11': 32, 'J12': 20, 'J13': 28, 'cluster3106249630_3106249631_J60_J61_#5more': 43}, {'J10': 18, 'J11': 48, 'J12': 78, 'J13': 40, 'cluster3106249630_3106249631_J60_J61_#5more': 124}, 
4215.0, {'J10': -111409.5, 'J11': -379991.0, 'J12': -224704.5, 'J13': -79448.5, 'cluster3106249630_3106249631_J60_J61_#5more': -574893.0}, {'J10': 13, 'J11': 32, 'J12': 20, 'J13': 28, 'cluster3106249630_3106249631_J60_J61_#5more': 44}, {'J10': 18, 'J11': 48, 'J12': 80, 'J13': 40, 'cluster3106249630_3106249631_J60_J61_#5more': 125}, 
4220.0, {'J10': -111589.5, 'J11': -380471.0, 'J12': -225518.0, 'J13': -79848.5, 'cluster3106249630_3106249631_J60_J61_#5more': -576143.0}, {'J10': 13, 'J11': 32, 'J12': 20, 'J13': 28, 'cluster3106249630_3106249631_J60_J61_#5more': 44}, {'J10': 18, 'J11': 48, 'J12': 83, 'J13': 40, 'cluster3106249630_3106249631_J60_J61_#5more': 125}, 
4225.0, {'J10': -111769.5, 'J11': -380951.0, 'J12': -225320.5, 'J13': -80248.5, 'cluster3106249630_3106249631_J60_J61_#5more': -577393.0}, {'J10': 13, 'J11': 32, 'J12': 20, 'J13': 28, 'cluster3106249630_3106249631_J60_J61_#5more': 44}, {'J10': 18, 'J11': 48, 'J12': 81, 'J13': 40, 'cluster3106249630_3106249631_J60_J61_#5more': 125}, 
4230.0, {'J10': -111949.5, 'J11': -381431.0, 'J12': -225239.5, 'J13': -80648.5, 'cluster3106249630_3106249631_J60_J61_#5more': -578643.0}, {'J10': 13, 'J11': 32, 'J12': 20, 'J13': 28, 'cluster3106249630_3106249631_J60_J61_#5more': 44}, {'J10': 18, 'J11': 48, 'J12': 80, 'J13': 40, 'cluster3106249630_3106249631_J60_J61_#5more': 125}, 
4235.0, {'J10': -112129.5, 'J11': -381911.0, 'J12': -226039.5, 'J13': -81048.5, 'cluster3106249630_3106249631_J60_J61_#5more': -579896.5}, {'J10': 13, 'J11': 32, 'J12': 20, 'J13': 28, 'cluster3106249630_3106249631_J60_J61_#5more': 45}, {'J10': 18, 'J11': 48, 'J12': 80, 'J13': 40, 'cluster3106249630_3106249631_J60_J61_#5more': 126}, 
4240.0, {'J10': -112309.5, 'J11': -382391.0, 'J12': -226839.5, 'J13': -79583.0, 'cluster3106249630_3106249631_J60_J61_#5more': -581156.5}, {'J10': 13, 'J11': 32, 'J12': 20, 'J13': 26, 'cluster3106249630_3106249631_J60_J61_#5more': 45}, {'J10': 18, 'J11': 48, 'J12': 80, 'J13': 38, 'cluster3106249630_3106249631_J60_J61_#5more': 126}, 
4245.0, {'J10': -112489.5, 'J11': -382871.0, 'J12': -226726.0, 'J13': -79963.0, 'cluster3106249630_3106249631_J60_J61_#5more': -582421.5}, {'J10': 13, 'J11': 32, 'J12': 20, 'J13': 26, 'cluster3106249630_3106249631_J60_J61_#5more': 46}, {'J10': 18, 'J11': 48, 'J12': 80, 'J13': 38, 'cluster3106249630_3106249631_J60_J61_#5more': 127}, 
4250.0, {'J10': -112669.5, 'J11': -383351.0, 'J12': -227527.5, 'J13': -80343.0, 'cluster3106249630_3106249631_J60_J61_#5more': -583691.5}, {'J10': 13, 'J11': 32, 'J12': 20, 'J13': 26, 'cluster3106249630_3106249631_J60_J61_#5more': 46}, {'J10': 18, 'J11': 48, 'J12': 81, 'J13': 38, 'cluster3106249630_3106249631_J60_J61_#5more': 127}, 
4255.0, {'J10': -112849.5, 'J11': -383831.0, 'J12': -228337.5, 'J13': -80723.0, 'cluster3106249630_3106249631_J60_J61_#5more': -584961.5}, {'J10': 13, 'J11': 32, 'J12': 20, 'J13': 26, 'cluster3106249630_3106249631_J60_J61_#5more': 46}, {'J10': 18, 'J11': 48, 'J12': 81, 'J13': 38, 'cluster3106249630_3106249631_J60_J61_#5more': 127}, 
4260.0, {'J10': -113029.5, 'J11': -384311.0, 'J12': -229147.5, 'J13': -81105.5, 'cluster3106249630_3106249631_J60_J61_#5more': -586231.5}, {'J10': 13, 'J11': 32, 'J12': 20, 'J13': 28, 'cluster3106249630_3106249631_J60_J61_#5more': 46}, {'J10': 18, 'J11': 48, 'J12': 81, 'J13': 40, 'cluster3106249630_3106249631_J60_J61_#5more': 127}, 
4265.0, {'J10': -113209.5, 'J11': -384791.0, 'J12': -229957.5, 'J13': -81505.5, 'cluster3106249630_3106249631_J60_J61_#5more': -587501.5}, {'J10': 13, 'J11': 32, 'J12': 20, 'J13': 28, 'cluster3106249630_3106249631_J60_J61_#5more': 46}, {'J10': 18, 'J11': 48, 'J12': 81, 'J13': 40, 'cluster3106249630_3106249631_J60_J61_#5more': 127}, 
4270.0, {'J10': -113389.5, 'J11': -385271.0, 'J12': -227907.5, 'J13': -81905.5, 'cluster3106249630_3106249631_J60_J61_#5more': -583505.0}, {'J10': 13, 'J11': 32, 'J12': 20, 'J13': 28, 'cluster3106249630_3106249631_J60_J61_#5more': 46}, {'J10': 18, 'J11': 48, 'J12': 77, 'J13': 40, 'cluster3106249630_3106249631_J60_J61_#5more': 121}, 
4275.0, {'J10': -113569.5, 'J11': -385751.0, 'J12': -228303.5, 'J13': -82305.5, 'cluster3106249630_3106249631_J60_J61_#5more': -584715.0}, {'J10': 13, 'J11': 32, 'J12': 20, 'J13': 28, 'cluster3106249630_3106249631_J60_J61_#5more': 46}, {'J10': 18, 'J11': 48, 'J12': 76, 'J13': 40, 'cluster3106249630_3106249631_J60_J61_#5more': 121}, 
4280.0, {'J10': -113749.5, 'J11': -386231.0, 'J12': -229064.5, 'J13': -82705.5, 'cluster3106249630_3106249631_J60_J61_#5more': -585932.5}, {'J10': 13, 'J11': 32, 'J12': 20, 'J13': 28, 'cluster3106249630_3106249631_J60_J61_#5more': 46}, {'J10': 18, 'J11': 48, 'J12': 78, 'J13': 40, 'cluster3106249630_3106249631_J60_J61_#5more': 124}, 
4285.0, {'J10': -113929.5, 'J11': -386711.0, 'J12': -229852.5, 'J13': -83105.5, 'cluster3106249630_3106249631_J60_J61_#5more': -587155.5}, {'J10': 13, 'J11': 32, 'J12': 20, 'J13': 28, 'cluster3106249630_3106249631_J60_J61_#5more': 46}, {'J10': 18, 'J11': 48, 'J12': 80, 'J13': 40, 'cluster3106249630_3106249631_J60_J61_#5more': 126}, 
4290.0, {'J10': -114109.5, 'J11': -387191.0, 'J12': -229650.0, 'J13': -83505.5, 'cluster3106249630_3106249631_J60_J61_#5more': -588404.0}, {'J10': 13, 'J11': 32, 'J12': 20, 'J13': 28, 'cluster3106249630_3106249631_J60_J61_#5more': 46}, {'J10': 18, 'J11': 48, 'J12': 79, 'J13': 40, 'cluster3106249630_3106249631_J60_J61_#5more': 127}, 
4295.0, {'J10': -114289.5, 'J11': -387671.0, 'J12': -230440.0, 'J13': -83905.5, 'cluster3106249630_3106249631_J60_J61_#5more': -589674.0}, {'J10': 13, 'J11': 32, 'J12': 20, 'J13': 28, 'cluster3106249630_3106249631_J60_J61_#5more': 46}, {'J10': 18, 'J11': 48, 'J12': 79, 'J13': 40, 'cluster3106249630_3106249631_J60_J61_#5more': 127}, 
4300.0, {'J10': -114469.5, 'J11': -388151.0, 'J12': -231230.5, 'J13': -84305.5, 'cluster3106249630_3106249631_J60_J61_#5more': -590944.0}, {'J10': 13, 'J11': 32, 'J12': 20, 'J13': 28, 'cluster3106249630_3106249631_J60_J61_#5more': 46}, {'J10': 18, 'J11': 48, 'J12': 80, 'J13': 40, 'cluster3106249630_3106249631_J60_J61_#5more': 127}, 
4305.0, {'J10': -114649.5, 'J11': -388631.0, 'J12': -232030.5, 'J13': -81723.0, 'cluster3106249630_3106249631_J60_J61_#5more': -592214.0}, {'J10': 13, 'J11': 32, 'J12': 20, 'J13': 25, 'cluster3106249630_3106249631_J60_J61_#5more': 46}, {'J10': 18, 'J11': 48, 'J12': 80, 'J13': 37, 'cluster3106249630_3106249631_J60_J61_#5more': 127}, 
4310.0, {'J10': -114829.5, 'J11': -389111.0, 'J12': -232830.5, 'J13': -81218.0, 'cluster3106249630_3106249631_J60_J61_#5more': -590389.5}, {'J10': 13, 'J11': 32, 'J12': 20, 'J13': 24, 'cluster3106249630_3106249631_J60_J61_#5more': 45}, {'J10': 18, 'J11': 48, 'J12': 80, 'J13': 36, 'cluster3106249630_3106249631_J60_J61_#5more': 126}, 
4315.0, {'J10': -115009.5, 'J11': -389591.0, 'J12': -233630.5, 'J13': -81578.0, 'cluster3106249630_3106249631_J60_J61_#5more': -586058.0}, {'J10': 13, 'J11': 32, 'J12': 20, 'J13': 24, 'cluster3106249630_3106249631_J60_J61_#5more': 44}, {'J10': 18, 'J11': 48, 'J12': 80, 'J13': 36, 'cluster3106249630_3106249631_J60_J61_#5more': 125}, 
4320.0, {'J10': -115189.5, 'J11': -390071.0, 'J12': -234430.5, 'J13': -81938.0, 'cluster3106249630_3106249631_J60_J61_#5more': -587308.0}, {'J10': 13, 'J11': 32, 'J12': 20, 'J13': 24, 'cluster3106249630_3106249631_J60_J61_#5more': 44}, {'J10': 18, 'J11': 48, 'J12': 80, 'J13': 36, 'cluster3106249630_3106249631_J60_J61_#5more': 125}, 
4325.0, {'J10': -115369.5, 'J11': -390551.0, 'J12': -235230.5, 'J13': -82298.0, 'cluster3106249630_3106249631_J60_J61_#5more': -588558.0}, {'J10': 13, 'J11': 32, 'J12': 20, 'J13': 24, 'cluster3106249630_3106249631_J60_J61_#5more': 44}, {'J10': 18, 'J11': 48, 'J12': 80, 'J13': 36, 'cluster3106249630_3106249631_J60_J61_#5more': 125}, 
4330.0, {'J10': -115549.5, 'J11': -391031.0, 'J12': -236030.5, 'J13': -82665.5, 'cluster3106249630_3106249631_J60_J61_#5more': -589808.0}, {'J10': 13, 'J11': 32, 'J12': 20, 'J13': 27, 'cluster3106249630_3106249631_J60_J61_#5more': 44}, {'J10': 18, 'J11': 48, 'J12': 80, 'J13': 39, 'cluster3106249630_3106249631_J60_J61_#5more': 125}, 
4335.0, {'J10': -115729.5, 'J11': -391511.0, 'J12': -235361.5, 'J13': -83060.5, 'cluster3106249630_3106249631_J60_J61_#5more': -588547.5}, {'J10': 13, 'J11': 32, 'J12': 20, 'J13': 28, 'cluster3106249630_3106249631_J60_J61_#5more': 44}, {'J10': 18, 'J11': 48, 'J12': 76, 'J13': 40, 'cluster3106249630_3106249631_J60_J61_#5more': 122}, 
4340.0, {'J10': -115909.5, 'J11': -391991.0, 'J12': -236121.5, 'J13': -83460.5, 'cluster3106249630_3106249631_J60_J61_#5more': -587366.0}, {'J10': 13, 'J11': 32, 'J12': 20, 'J13': 28, 'cluster3106249630_3106249631_J60_J61_#5more': 45}, {'J10': 18, 'J11': 48, 'J12': 76, 'J13': 40, 'cluster3106249630_3106249631_J60_J61_#5more': 120}, 
4345.0, {'J10': -116089.5, 'J11': -392471.0, 'J12': -236887.0, 'J13': -83860.5, 'cluster3106249630_3106249631_J60_J61_#5more': -588570.5}, {'J10': 13, 'J11': 32, 'J12': 20, 'J13': 28, 'cluster3106249630_3106249631_J60_J61_#5more': 45}, {'J10': 18, 'J11': 48, 'J12': 79, 'J13': 40, 'cluster3106249630_3106249631_J60_J61_#5more': 122}, 
4350.0, {'J10': -116269.5, 'J11': -392951.0, 'J12': -237685.5, 'J13': -84260.5, 'cluster3106249630_3106249631_J60_J61_#5more': -589780.0}, {'J10': 13, 'J11': 32, 'J12': 20, 'J13': 28, 'cluster3106249630_3106249631_J60_J61_#5more': 46}, {'J10': 18, 'J11': 48, 'J12': 81, 'J13': 40, 'cluster3106249630_3106249631_J60_J61_#5more': 125}, 
4355.0, {'J10': -116449.5, 'J11': -393431.0, 'J12': -237294.0, 'J13': -84660.5, 'cluster3106249630_3106249631_J60_J61_#5more': -591037.5}, {'J10': 13, 'J11': 32, 'J12': 20, 'J13': 28, 'cluster3106249630_3106249631_J60_J61_#5more': 46}, {'J10': 18, 'J11': 48, 'J12': 79, 'J13': 40, 'cluster3106249630_3106249631_J60_J61_#5more': 127}, 
4360.0, {'J10': -116629.5, 'J11': -393911.0, 'J12': -236959.0, 'J13': -85060.5, 'cluster3106249630_3106249631_J60_J61_#5more': -592307.5}, {'J10': 13, 'J11': 32, 'J12': 20, 'J13': 28, 'cluster3106249630_3106249631_J60_J61_#5more': 46}, {'J10': 18, 'J11': 48, 'J12': 78, 'J13': 40, 'cluster3106249630_3106249631_J60_J61_#5more': 127}, 
4365.0, {'J10': -116809.5, 'J11': -394391.0, 'J12': -236794.5, 'J13': -85460.5, 'cluster3106249630_3106249631_J60_J61_#5more': -593577.5}, {'J10': 13, 'J11': 32, 'J12': 20, 'J13': 28, 'cluster3106249630_3106249631_J60_J61_#5more': 46}, {'J10': 18, 'J11': 48, 'J12': 76, 'J13': 40, 'cluster3106249630_3106249631_J60_J61_#5more': 127}, 
4370.0, {'J10': -116989.5, 'J11': -394871.0, 'J12': -236220.5, 'J13': -83875.5, 'cluster3106249630_3106249631_J60_J61_#5more': -594847.5}, {'J10': 13, 'J11': 32, 'J12': 20, 'J13': 26, 'cluster3106249630_3106249631_J60_J61_#5more': 46}, {'J10': 18, 'J11': 48, 'J12': 73, 'J13': 38, 'cluster3106249630_3106249631_J60_J61_#5more': 127}, 
4375.0, {'J10': -117169.5, 'J11': -395351.0, 'J12': -235479.5, 'J13': -82386.5, 'cluster3106249630_3106249631_J60_J61_#5more': -596117.5}, {'J10': 13, 'J11': 32, 'J12': 20, 'J13': 24, 'cluster3106249630_3106249631_J60_J61_#5more': 46}, {'J10': 18, 'J11': 48, 'J12': 69, 'J13': 36, 'cluster3106249630_3106249631_J60_J61_#5more': 127}, 
4380.0, {'J10': -117349.5, 'J11': -395831.0, 'J12': -235900.5, 'J13': -82746.5, 'cluster3106249630_3106249631_J60_J61_#5more': -597387.5}, {'J10': 13, 'J11': 32, 'J12': 20, 'J13': 24, 'cluster3106249630_3106249631_J60_J61_#5more': 46}, {'J10': 18, 'J11': 48, 'J12': 69, 'J13': 36, 'cluster3106249630_3106249631_J60_J61_#5more': 127}, 
4385.0, {'J10': -117529.5, 'J11': -396311.0, 'J12': -233808.5, 'J13': -83106.5, 'cluster3106249630_3106249631_J60_J61_#5more': -598657.5}, {'J10': 13, 'J11': 32, 'J12': 20, 'J13': 24, 'cluster3106249630_3106249631_J60_J61_#5more': 46}, {'J10': 18, 'J11': 48, 'J12': 69, 'J13': 36, 'cluster3106249630_3106249631_J60_J61_#5more': 127}, 
4390.0, {'J10': -117709.5, 'J11': -396791.0, 'J12': -233192.0, 'J13': -83466.5, 'cluster3106249630_3106249631_J60_J61_#5more': -599927.5}, {'J10': 13, 'J11': 32, 'J12': 20, 'J13': 24, 'cluster3106249630_3106249631_J60_J61_#5more': 46}, {'J10': 18, 'J11': 48, 'J12': 69, 'J13': 36, 'cluster3106249630_3106249631_J60_J61_#5more': 127}, 
4395.0, {'J10': -117889.5, 'J11': -397271.0, 'J12': -232711.5, 'J13': -83837.0, 'cluster3106249630_3106249631_J60_J61_#5more': -601197.5}, {'J10': 13, 'J11': 32, 'J12': 20, 'J13': 28, 'cluster3106249630_3106249631_J60_J61_#5more': 46}, {'J10': 18, 'J11': 48, 'J12': 69, 'J13': 40, 'cluster3106249630_3106249631_J60_J61_#5more': 127}, 
4400.0, {'J10': -118069.5, 'J11': -397751.0, 'J12': -233381.5, 'J13': -84237.0, 'cluster3106249630_3106249631_J60_J61_#5more': -598974.5}, {'J10': 13, 'J11': 32, 'J12': 20, 'J13': 28, 'cluster3106249630_3106249631_J60_J61_#5more': 46}, {'J10': 18, 'J11': 48, 'J12': 71, 'J13': 40, 'cluster3106249630_3106249631_J60_J61_#5more': 122}, 
4405.0, {'J10': -118249.5, 'J11': -398231.0, 'J12': -234099.0, 'J13': -84637.0, 'cluster3106249630_3106249631_J60_J61_#5more': -599441.0}, {'J10': 13, 'J11': 32, 'J12': 20, 'J13': 28, 'cluster3106249630_3106249631_J60_J61_#5more': 46}, {'J10': 18, 'J11': 48, 'J12': 76, 'J13': 40, 'cluster3106249630_3106249631_J60_J61_#5more': 121}, 
4410.0, {'J10': -118429.5, 'J11': -398711.0, 'J12': -234859.0, 'J13': -85037.0, 'cluster3106249630_3106249631_J60_J61_#5more': -600651.0}, {'J10': 13, 'J11': 32, 'J12': 20, 'J13': 28, 'cluster3106249630_3106249631_J60_J61_#5more': 46}, {'J10': 18, 'J11': 48, 'J12': 76, 'J13': 40, 'cluster3106249630_3106249631_J60_J61_#5more': 121}, 
4415.0, {'J10': -118609.5, 'J11': -399191.0, 'J12': -235621.5, 'J13': -85437.0, 'cluster3106249630_3106249631_J60_J61_#5more': -601871.0}, {'J10': 13, 'J11': 32, 'J12': 20, 'J13': 28, 'cluster3106249630_3106249631_J60_J61_#5more': 46}, {'J10': 18, 'J11': 48, 'J12': 78, 'J13': 40, 'cluster3106249630_3106249631_J60_J61_#5more': 125}, 
4420.0, {'J10': -118789.5, 'J11': -399671.0, 'J12': -236407.0, 'J13': -85837.0, 'cluster3106249630_3106249631_J60_J61_#5more': -603129.5}, {'J10': 13, 'J11': 32, 'J12': 20, 'J13': 28, 'cluster3106249630_3106249631_J60_J61_#5more': 46}, {'J10': 18, 'J11': 48, 'J12': 80, 'J13': 40, 'cluster3106249630_3106249631_J60_J61_#5more': 127}, 
4425.0, {'J10': -118969.5, 'J11': -400151.0, 'J12': -237207.0, 'J13': -86237.0, 'cluster3106249630_3106249631_J60_J61_#5more': -604399.5}, {'J10': 13, 'J11': 32, 'J12': 20, 'J13': 28, 'cluster3106249630_3106249631_J60_J61_#5more': 46}, {'J10': 18, 'J11': 48, 'J12': 80, 'J13': 40, 'cluster3106249630_3106249631_J60_J61_#5more': 127}, 
4430.0, {'J10': -119149.5, 'J11': -400631.0, 'J12': -238007.0, 'J13': -86637.0, 'cluster3106249630_3106249631_J60_J61_#5more': -605669.5}, {'J10': 13, 'J11': 32, 'J12': 20, 'J13': 28, 'cluster3106249630_3106249631_J60_J61_#5more': 46}, {'J10': 18, 'J11': 48, 'J12': 80, 'J13': 40, 'cluster3106249630_3106249631_J60_J61_#5more': 127}, 
4435.0, {'J10': -119329.5, 'J11': -401111.0, 'J12': -238807.0, 'J13': -85059.5, 'cluster3106249630_3106249631_J60_J61_#5more': -606939.5}, {'J10': 13, 'J11': 32, 'J12': 20, 'J13': 26, 'cluster3106249630_3106249631_J60_J61_#5more': 46}, {'J10': 18, 'J11': 48, 'J12': 80, 'J13': 38, 'cluster3106249630_3106249631_J60_J61_#5more': 127}, 
4440.0, {'J10': -119509.5, 'J11': -401591.0, 'J12': -239607.0, 'J13': -83563.0, 'cluster3106249630_3106249631_J60_J61_#5more': -608209.5}, {'J10': 13, 'J11': 32, 'J12': 20, 'J13': 24, 'cluster3106249630_3106249631_J60_J61_#5more': 46}, {'J10': 18, 'J11': 48, 'J12': 80, 'J13': 36, 'cluster3106249630_3106249631_J60_J61_#5more': 127}, 
4445.0, {'J10': -119689.5, 'J11': -402071.0, 'J12': -240407.0, 'J13': -83923.0, 'cluster3106249630_3106249631_J60_J61_#5more': -609479.5}, {'J10': 13, 'J11': 32, 'J12': 20, 'J13': 24, 'cluster3106249630_3106249631_J60_J61_#5more': 46}, {'J10': 18, 'J11': 48, 'J12': 80, 'J13': 36, 'cluster3106249630_3106249631_J60_J61_#5more': 127}, 
4450.0, {'J10': -119869.5, 'J11': -402551.0, 'J12': -235740.0, 'J13': -84283.0, 'cluster3106249630_3106249631_J60_J61_#5more': -610749.5}, {'J10': 13, 'J11': 32, 'J12': 20, 'J13': 24, 'cluster3106249630_3106249631_J60_J61_#5more': 46}, {'J10': 18, 'J11': 48, 'J12': 74, 'J13': 36, 'cluster3106249630_3106249631_J60_J61_#5more': 127}, 
4455.0, {'J10': -120049.5, 'J11': -403031.0, 'J12': -236480.0, 'J13': -84643.0, 'cluster3106249630_3106249631_J60_J61_#5more': -612019.5}, {'J10': 13, 'J11': 32, 'J12': 20, 'J13': 24, 'cluster3106249630_3106249631_J60_J61_#5more': 46}, {'J10': 18, 'J11': 48, 'J12': 74, 'J13': 36, 'cluster3106249630_3106249631_J60_J61_#5more': 127}, 
4460.0, {'J10': -120229.5, 'J11': -403511.0, 'J12': -237220.5, 'J13': -85017.5, 'cluster3106249630_3106249631_J60_J61_#5more': -613289.5}, {'J10': 13, 'J11': 32, 'J12': 20, 'J13': 28, 'cluster3106249630_3106249631_J60_J61_#5more': 46}, {'J10': 18, 'J11': 48, 'J12': 75, 'J13': 40, 'cluster3106249630_3106249631_J60_J61_#5more': 127}, 
4465.0, {'J10': -120409.5, 'J11': -403991.0, 'J12': -236961.0, 'J13': -85417.5, 'cluster3106249630_3106249631_J60_J61_#5more': -612698.5}, {'J10': 13, 'J11': 32, 'J12': 20, 'J13': 28, 'cluster3106249630_3106249631_J60_J61_#5more': 46}, {'J10': 18, 'J11': 48, 'J12': 77, 'J13': 40, 'cluster3106249630_3106249631_J60_J61_#5more': 124}, 
4470.0, {'J10': -120589.5, 'J11': -404471.0, 'J12': -237731.0, 'J13': -85817.5, 'cluster3106249630_3106249631_J60_J61_#5more': -612683.5}, {'J10': 13, 'J11': 32, 'J12': 20, 'J13': 28, 'cluster3106249630_3106249631_J60_J61_#5more': 46}, {'J10': 18, 'J11': 48, 'J12': 77, 'J13': 40, 'cluster3106249630_3106249631_J60_J61_#5more': 122}, 
4475.0, {'J10': -120769.5, 'J11': -404951.0, 'J12': -238501.0, 'J13': -86217.5, 'cluster3106249630_3106249631_J60_J61_#5more': -613908.5}, {'J10': 13, 'J11': 32, 'J12': 20, 'J13': 28, 'cluster3106249630_3106249631_J60_J61_#5more': 46}, {'J10': 18, 'J11': 48, 'J12': 77, 'J13': 40, 'cluster3106249630_3106249631_J60_J61_#5more': 124}, 
4480.0, {'J10': -120949.5, 'J11': -405431.0, 'J12': -239271.0, 'J13': -86617.5, 'cluster3106249630_3106249631_J60_J61_#5more': -615140.0}, {'J10': 13, 'J11': 32, 'J12': 20, 'J13': 28, 'cluster3106249630_3106249631_J60_J61_#5more': 46}, {'J10': 18, 'J11': 48, 'J12': 77, 'J13': 40, 'cluster3106249630_3106249631_J60_J61_#5more': 125}, 
4485.0, {'J10': -121129.5, 'J11': -405911.0, 'J12': -239036.5, 'J13': -87017.5, 'cluster3106249630_3106249631_J60_J61_#5more': -616380.0}, {'J10': 13, 'J11': 32, 'J12': 20, 'J13': 28, 'cluster3106249630_3106249631_J60_J61_#5more': 46}, {'J10': 18, 'J11': 48, 'J12': 77, 'J13': 40, 'cluster3106249630_3106249631_J60_J61_#5more': 127}, 
4490.0, {'J10': -121309.5, 'J11': -406391.0, 'J12': -239812.5, 'J13': -87417.5, 'cluster3106249630_3106249631_J60_J61_#5more': -617650.0}, {'J10': 13, 'J11': 32, 'J12': 20, 'J13': 28, 'cluster3106249630_3106249631_J60_J61_#5more': 46}, {'J10': 18, 'J11': 48, 'J12': 79, 'J13': 40, 'cluster3106249630_3106249631_J60_J61_#5more': 127}, 
4495.0, {'J10': -121489.5, 'J11': -406871.0, 'J12': -240602.5, 'J13': -87817.5, 'cluster3106249630_3106249631_J60_J61_#5more': -618920.0}, {'J10': 13, 'J11': 32, 'J12': 20, 'J13': 28, 'cluster3106249630_3106249631_J60_J61_#5more': 46}, {'J10': 18, 'J11': 48, 'J12': 79, 'J13': 40, 'cluster3106249630_3106249631_J60_J61_#5more': 127}, 
4500.0, {'J10': -121669.5, 'J11': -407351.0, 'J12': -241397.5, 'J13': -86353.0, 'cluster3106249630_3106249631_J60_J61_#5more': -620190.0}, {'J10': 13, 'J11': 32, 'J12': 20, 'J13': 26, 'cluster3106249630_3106249631_J60_J61_#5more': 46}, {'J10': 18, 'J11': 48, 'J12': 80, 'J13': 38, 'cluster3106249630_3106249631_J60_J61_#5more': 127}, 
4505.0, {'J10': -121849.5, 'J11': -407831.0, 'J12': -242197.5, 'J13': -84855.5, 'cluster3106249630_3106249631_J60_J61_#5more': -621460.0}, {'J10': 13, 'J11': 32, 'J12': 20, 'J13': 24, 'cluster3106249630_3106249631_J60_J61_#5more': 46}, {'J10': 18, 'J11': 48, 'J12': 80, 'J13': 36, 'cluster3106249630_3106249631_J60_J61_#5more': 127}, 
4510.0, {'J10': -122029.5, 'J11': -408311.0, 'J12': -242997.5, 'J13': -85215.5, 'cluster3106249630_3106249631_J60_J61_#5more': -622730.0}, {'J10': 13, 'J11': 32, 'J12': 20, 'J13': 24, 'cluster3106249630_3106249631_J60_J61_#5more': 46}, {'J10': 18, 'J11': 48, 'J12': 80, 'J13': 36, 'cluster3106249630_3106249631_J60_J61_#5more': 127}, 
4515.0, {'J10': -122209.5, 'J11': -408791.0, 'J12': -242188.5, 'J13': -85575.5, 'cluster3106249630_3106249631_J60_J61_#5more': -624000.0}, {'J10': 13, 'J11': 32, 'J12': 20, 'J13': 24, 'cluster3106249630_3106249631_J60_J61_#5more': 46}, {'J10': 18, 'J11': 48, 'J12': 76, 'J13': 36, 'cluster3106249630_3106249631_J60_J61_#5more': 127}, 
4520.0, {'J10': -122389.5, 'J11': -409271.0, 'J12': -242948.5, 'J13': -85935.5, 'cluster3106249630_3106249631_J60_J61_#5more': -625270.0}, {'J10': 13, 'J11': 32, 'J12': 20, 'J13': 24, 'cluster3106249630_3106249631_J60_J61_#5more': 46}, {'J10': 18, 'J11': 48, 'J12': 76, 'J13': 36, 'cluster3106249630_3106249631_J60_J61_#5more': 127}, 
4525.0, {'J10': -122569.5, 'J11': -409751.0, 'J12': -243719.0, 'J13': -86303.0, 'cluster3106249630_3106249631_J60_J61_#5more': -626540.0}, {'J10': 13, 'J11': 32, 'J12': 20, 'J13': 26, 'cluster3106249630_3106249631_J60_J61_#5more': 46}, {'J10': 18, 'J11': 48, 'J12': 80, 'J13': 38, 'cluster3106249630_3106249631_J60_J61_#5more': 127}, 
4530.0, {'J10': -122749.5, 'J11': -410231.0, 'J12': -244528.5, 'J13': -86690.5, 'cluster3106249630_3106249631_J60_J61_#5more': -625716.0}, {'J10': 13, 'J11': 32, 'J12': 20, 'J13': 28, 'cluster3106249630_3106249631_J60_J61_#5more': 46}, {'J10': 18, 'J11': 48, 'J12': 82, 'J13': 40, 'cluster3106249630_3106249631_J60_J61_#5more': 123}, 
4535.0, {'J10': -122929.5, 'J11': -410711.0, 'J12': -245077.0, 'J13': -87090.5, 'cluster3106249630_3106249631_J60_J61_#5more': -625950.0}, {'J10': 13, 'J11': 32, 'J12': 20, 'J13': 28, 'cluster3106249630_3106249631_J60_J61_#5more': 46}, {'J10': 18, 'J11': 48, 'J12': 81, 'J13': 40, 'cluster3106249630_3106249631_J60_J61_#5more': 121}, 
4540.0, {'J10': -123109.5, 'J11': -411191.0, 'J12': -245014.0, 'J13': -87490.5, 'cluster3106249630_3106249631_J60_J61_#5more': -627164.0}, {'J10': 13, 'J11': 32, 'J12': 20, 'J13': 28, 'cluster3106249630_3106249631_J60_J61_#5more': 46}, {'J10': 18, 'J11': 48, 'J12': 80, 'J13': 40, 'cluster3106249630_3106249631_J60_J61_#5more': 123}, 
4545.0, {'J10': -123289.5, 'J11': -411671.0, 'J12': -245814.0, 'J13': -87890.5, 'cluster3106249630_3106249631_J60_J61_#5more': -628391.5}, {'J10': 13, 'J11': 32, 'J12': 20, 'J13': 28, 'cluster3106249630_3106249631_J60_J61_#5more': 46}, {'J10': 18, 'J11': 48, 'J12': 80, 'J13': 40, 'cluster3106249630_3106249631_J60_J61_#5more': 126}, 
4550.0, {'J10': -123469.5, 'J11': -412151.0, 'J12': -246614.0, 'J13': -88290.5, 'cluster3106249630_3106249631_J60_J61_#5more': -629630.0}, {'J10': 13, 'J11': 32, 'J12': 20, 'J13': 28, 'cluster3106249630_3106249631_J60_J61_#5more': 46}, {'J10': 18, 'J11': 48, 'J12': 80, 'J13': 40, 'cluster3106249630_3106249631_J60_J61_#5more': 125}, 
4555.0, {'J10': -123649.5, 'J11': -412631.0, 'J12': -247113.0, 'J13': -88690.5, 'cluster3106249630_3106249631_J60_J61_#5more': -630880.0}, {'J10': 13, 'J11': 32, 'J12': 20, 'J13': 28, 'cluster3106249630_3106249631_J60_J61_#5more': 46}, {'J10': 18, 'J11': 48, 'J12': 79, 'J13': 40, 'cluster3106249630_3106249631_J60_J61_#5more': 125}, 
4560.0, {'J10': -123829.5, 'J11': -413111.0, 'J12': -247903.0, 'J13': -89090.5, 'cluster3106249630_3106249631_J60_J61_#5more': -632130.0}, {'J10': 13, 'J11': 32, 'J12': 20, 'J13': 28, 'cluster3106249630_3106249631_J60_J61_#5more': 46}, {'J10': 18, 'J11': 48, 'J12': 79, 'J13': 40, 'cluster3106249630_3106249631_J60_J61_#5more': 125}, 
4565.0, {'J10': -124009.5, 'J11': -413591.0, 'J12': -248694.5, 'J13': -87632.0, 'cluster3106249630_3106249631_J60_J61_#5more': -626255.5}, {'J10': 13, 'J11': 32, 'J12': 20, 'J13': 26, 'cluster3106249630_3106249631_J60_J61_#5more': 44}, {'J10': 18, 'J11': 48, 'J12': 80, 'J13': 38, 'cluster3106249630_3106249631_J60_J61_#5more': 123}, 
4570.0, {'J10': -124189.5, 'J11': -414071.0, 'J12': -249494.5, 'J13': -86136.5, 'cluster3106249630_3106249631_J60_J61_#5more': -622380.5}, {'J10': 13, 'J11': 32, 'J12': 20, 'J13': 24, 'cluster3106249630_3106249631_J60_J61_#5more': 43}, {'J10': 18, 'J11': 48, 'J12': 80, 'J13': 36, 'cluster3106249630_3106249631_J60_J61_#5more': 122}, 
4575.0, {'J10': -124369.5, 'J11': -414551.0, 'J12': -250294.5, 'J13': -86496.5, 'cluster3106249630_3106249631_J60_J61_#5more': -623600.5}, {'J10': 13, 'J11': 32, 'J12': 20, 'J13': 24, 'cluster3106249630_3106249631_J60_J61_#5more': 43}, {'J10': 18, 'J11': 48, 'J12': 80, 'J13': 36, 'cluster3106249630_3106249631_J60_J61_#5more': 122}, 
4580.0, {'J10': -124549.5, 'J11': -415031.0, 'J12': -246116.5, 'J13': -86856.5, 'cluster3106249630_3106249631_J60_J61_#5more': -624820.5}, {'J10': 13, 'J11': 32, 'J12': 20, 'J13': 24, 'cluster3106249630_3106249631_J60_J61_#5more': 43}, {'J10': 18, 'J11': 48, 'J12': 76, 'J13': 36, 'cluster3106249630_3106249631_J60_J61_#5more': 122}, 
4585.0, {'J10': -124729.5, 'J11': -415511.0, 'J12': -246121.0, 'J13': -87216.5, 'cluster3106249630_3106249631_J60_J61_#5more': -626040.5}, {'J10': 13, 'J11': 32, 'J12': 20, 'J13': 24, 'cluster3106249630_3106249631_J60_J61_#5more': 43}, {'J10': 18, 'J11': 48, 'J12': 74, 'J13': 36, 'cluster3106249630_3106249631_J60_J61_#5more': 122}, 
4590.0, {'J10': -124909.5, 'J11': -415991.0, 'J12': -246862.0, 'J13': -87585.0, 'cluster3106249630_3106249631_J60_J61_#5more': -627260.5}, {'J10': 13, 'J11': 32, 'J12': 20, 'J13': 27, 'cluster3106249630_3106249631_J60_J61_#5more': 43}, {'J10': 18, 'J11': 48, 'J12': 76, 'J13': 39, 'cluster3106249630_3106249631_J60_J61_#5more': 122}, 
4595.0, {'J10': -125089.5, 'J11': -416471.0, 'J12': -247630.0, 'J13': -87979.0, 'cluster3106249630_3106249631_J60_J61_#5more': -626517.0}, {'J10': 13, 'J11': 32, 'J12': 20, 'J13': 28, 'cluster3106249630_3106249631_J60_J61_#5more': 43}, {'J10': 18, 'J11': 48, 'J12': 78, 'J13': 40, 'cluster3106249630_3106249631_J60_J61_#5more': 118}, 
4600.0, {'J10': -125269.5, 'J11': -416951.0, 'J12': -248410.0, 'J13': -88379.0, 'cluster3106249630_3106249631_J60_J61_#5more': -626708.0}, {'J10': 13, 'J11': 32, 'J12': 20, 'J13': 28, 'cluster3106249630_3106249631_J60_J61_#5more': 44}, {'J10': 18, 'J11': 48, 'J12': 78, 'J13': 40, 'cluster3106249630_3106249631_J60_J61_#5more': 117}, 
4605.0, {'J10': -125449.5, 'J11': -417431.0, 'J12': -248375.5, 'J13': -88779.0, 'cluster3106249630_3106249631_J60_J61_#5more': -627885.5}, {'J10': 13, 'J11': 32, 'J12': 20, 'J13': 28, 'cluster3106249630_3106249631_J60_J61_#5more': 45}, {'J10': 18, 'J11': 48, 'J12': 77, 'J13': 40, 'cluster3106249630_3106249631_J60_J61_#5more': 120}, 
4610.0, {'J10': -125629.5, 'J11': -417911.0, 'J12': -249145.5, 'J13': -89179.0, 'cluster3106249630_3106249631_J60_J61_#5more': -629066.0}, {'J10': 13, 'J11': 32, 'J12': 20, 'J13': 28, 'cluster3106249630_3106249631_J60_J61_#5more': 45}, {'J10': 18, 'J11': 48, 'J12': 77, 'J13': 40, 'cluster3106249630_3106249631_J60_J61_#5more': 120}, 
4615.0, {'J10': -125809.5, 'J11': -418391.0, 'J12': -249915.5, 'J13': -89579.0, 'cluster3106249630_3106249631_J60_J61_#5more': -630266.0}, {'J10': 13, 'J11': 32, 'J12': 20, 'J13': 28, 'cluster3106249630_3106249631_J60_J61_#5more': 45}, {'J10': 18, 'J11': 48, 'J12': 77, 'J13': 40, 'cluster3106249630_3106249631_J60_J61_#5more': 120}, 
4620.0, {'J10': -125989.5, 'J11': -418871.0, 'J12': -250685.5, 'J13': -89979.0, 'cluster3106249630_3106249631_J60_J61_#5more': -631466.0}, {'J10': 13, 'J11': 32, 'J12': 20, 'J13': 28, 'cluster3106249630_3106249631_J60_J61_#5more': 45}, {'J10': 18, 'J11': 48, 'J12': 77, 'J13': 40, 'cluster3106249630_3106249631_J60_J61_#5more': 120}, 
4625.0, {'J10': -126169.5, 'J11': -419351.0, 'J12': -251455.5, 'J13': -90379.0, 'cluster3106249630_3106249631_J60_J61_#5more': -632666.0}, {'J10': 13, 'J11': 32, 'J12': 20, 'J13': 28, 'cluster3106249630_3106249631_J60_J61_#5more': 45}, {'J10': 18, 'J11': 48, 'J12': 77, 'J13': 40, 'cluster3106249630_3106249631_J60_J61_#5more': 120}, 
4630.0, {'J10': -126349.5, 'J11': -419831.0, 'J12': -252225.5, 'J13': -88914.5, 'cluster3106249630_3106249631_J60_J61_#5more': -633866.0}, {'J10': 13, 'J11': 32, 'J12': 20, 'J13': 26, 'cluster3106249630_3106249631_J60_J61_#5more': 45}, {'J10': 18, 'J11': 48, 'J12': 77, 'J13': 38, 'cluster3106249630_3106249631_J60_J61_#5more': 120}, 
4635.0, {'J10': -126529.5, 'J11': -420311.0, 'J12': -252995.5, 'J13': -87418.0, 'cluster3106249630_3106249631_J60_J61_#5more': -635066.0}, {'J10': 13, 'J11': 32, 'J12': 20, 'J13': 24, 'cluster3106249630_3106249631_J60_J61_#5more': 45}, {'J10': 18, 'J11': 48, 'J12': 77, 'J13': 36, 'cluster3106249630_3106249631_J60_J61_#5more': 120}, 
4640.0, {'J10': -126709.5, 'J11': -420791.0, 'J12': -253765.5, 'J13': -87778.0, 'cluster3106249630_3106249631_J60_J61_#5more': -636266.0}, {'J10': 13, 'J11': 32, 'J12': 20, 'J13': 24, 'cluster3106249630_3106249631_J60_J61_#5more': 45}, {'J10': 18, 'J11': 48, 'J12': 77, 'J13': 36, 'cluster3106249630_3106249631_J60_J61_#5more': 120}, 
4645.0, {'J10': -126889.5, 'J11': -421271.0, 'J12': -253071.5, 'J13': -88138.0, 'cluster3106249630_3106249631_J60_J61_#5more': -637466.0}, {'J10': 13, 'J11': 32, 'J12': 20, 'J13': 24, 'cluster3106249630_3106249631_J60_J61_#5more': 45}, {'J10': 18, 'J11': 48, 'J12': 73, 'J13': 36, 'cluster3106249630_3106249631_J60_J61_#5more': 120}, 
4650.0, {'J10': -127069.5, 'J11': -421751.0, 'J12': -253801.5, 'J13': -88498.0, 'cluster3106249630_3106249631_J60_J61_#5more': -638666.0}, {'J10': 13, 'J11': 32, 'J12': 20, 'J13': 24, 'cluster3106249630_3106249631_J60_J61_#5more': 45}, {'J10': 18, 'J11': 48, 'J12': 73, 'J13': 36, 'cluster3106249630_3106249631_J60_J61_#5more': 120}, 
4655.0, {'J10': -127249.5, 'J11': -422231.0, 'J12': -254540.5, 'J13': -88866.5, 'cluster3106249630_3106249631_J60_J61_#5more': -639866.0}, {'J10': 13, 'J11': 32, 'J12': 20, 'J13': 27, 'cluster3106249630_3106249631_J60_J61_#5more': 45}, {'J10': 18, 'J11': 48, 'J12': 77, 'J13': 39, 'cluster3106249630_3106249631_J60_J61_#5more': 120}, 
4660.0, {'J10': -127429.5, 'J11': -422711.0, 'J12': -255317.5, 'J13': -89260.5, 'cluster3106249630_3106249631_J60_J61_#5more': -639467.0}, {'J10': 13, 'J11': 32, 'J12': 20, 'J13': 28, 'cluster3106249630_3106249631_J60_J61_#5more': 45}, {'J10': 18, 'J11': 48, 'J12': 79, 'J13': 40, 'cluster3106249630_3106249631_J60_J61_#5more': 117}, 
4665.0, {'J10': -127609.5, 'J11': -423191.0, 'J12': -255587.0, 'J13': -89660.5, 'cluster3106249630_3106249631_J60_J61_#5more': -639268.0}, {'J10': 13, 'J11': 32, 'J12': 20, 'J13': 28, 'cluster3106249630_3106249631_J60_J61_#5more': 45}, {'J10': 18, 'J11': 48, 'J12': 78, 'J13': 40, 'cluster3106249630_3106249631_J60_J61_#5more': 114}, 
4670.0, {'J10': -127789.5, 'J11': -423671.0, 'J12': -255424.0, 'J13': -90060.5, 'cluster3106249630_3106249631_J60_J61_#5more': -640408.0}, {'J10': 13, 'J11': 32, 'J12': 20, 'J13': 28, 'cluster3106249630_3106249631_J60_J61_#5more': 45}, {'J10': 18, 'J11': 48, 'J12': 77, 'J13': 40, 'cluster3106249630_3106249631_J60_J61_#5more': 114}, 
4675.0, {'J10': -127969.5, 'J11': -424151.0, 'J12': -255653.0, 'J13': -90460.5, 'cluster3106249630_3106249631_J60_J61_#5more': -641554.0}, {'J10': 13, 'J11': 32, 'J12': 20, 'J13': 28, 'cluster3106249630_3106249631_J60_J61_#5more': 45}, {'J10': 18, 'J11': 48, 'J12': 76, 'J13': 40, 'cluster3106249630_3106249631_J60_J61_#5more': 116}, 
4680.0, {'J10': -128149.5, 'J11': -424631.0, 'J12': -256413.0, 'J13': -90860.5, 'cluster3106249630_3106249631_J60_J61_#5more': -642714.0}, {'J10': 13, 'J11': 32, 'J12': 20, 'J13': 28, 'cluster3106249630_3106249631_J60_J61_#5more': 45}, {'J10': 18, 'J11': 48, 'J12': 76, 'J13': 40, 'cluster3106249630_3106249631_J60_J61_#5more': 116}, 
4685.0, {'J10': -128329.5, 'J11': -425111.0, 'J12': -256612.5, 'J13': -91260.5, 'cluster3106249630_3106249631_J60_J61_#5more': -643874.0}, {'J10': 13, 'J11': 32, 'J12': 20, 'J13': 28, 'cluster3106249630_3106249631_J60_J61_#5more': 45}, {'J10': 18, 'J11': 48, 'J12': 76, 'J13': 40, 'cluster3106249630_3106249631_J60_J61_#5more': 116}, 
4690.0, {'J10': -128509.5, 'J11': -425591.0, 'J12': -257372.5, 'J13': -91660.5, 'cluster3106249630_3106249631_J60_J61_#5more': -645034.0}, {'J10': 13, 'J11': 32, 'J12': 20, 'J13': 28, 'cluster3106249630_3106249631_J60_J61_#5more': 45}, {'J10': 18, 'J11': 48, 'J12': 76, 'J13': 40, 'cluster3106249630_3106249631_J60_J61_#5more': 116}, 
4695.0, {'J10': -128689.5, 'J11': -426071.0, 'J12': -258132.5, 'J13': -90196.0, 'cluster3106249630_3106249631_J60_J61_#5more': -646194.0}, {'J10': 13, 'J11': 32, 'J12': 20, 'J13': 26, 'cluster3106249630_3106249631_J60_J61_#5more': 45}, {'J10': 18, 'J11': 48, 'J12': 76, 'J13': 38, 'cluster3106249630_3106249631_J60_J61_#5more': 116}, 
4700.0, {'J10': -128869.5, 'J11': -426551.0, 'J12': -258893.5, 'J13': -88695.0, 'cluster3106249630_3106249631_J60_J61_#5more': -647354.0}, {'J10': 13, 'J11': 32, 'J12': 20, 'J13': 24, 'cluster3106249630_3106249631_J60_J61_#5more': 45}, {'J10': 18, 'J11': 48, 'J12': 77, 'J13': 36, 'cluster3106249630_3106249631_J60_J61_#5more': 116}, 
4705.0, {'J10': -129049.5, 'J11': -427031.0, 'J12': -259663.5, 'J13': -89055.0, 'cluster3106249630_3106249631_J60_J61_#5more': -644723.5}, {'J10': 13, 'J11': 32, 'J12': 20, 'J13': 24, 'cluster3106249630_3106249631_J60_J61_#5more': 44}, {'J10': 18, 'J11': 48, 'J12': 77, 'J13': 36, 'cluster3106249630_3106249631_J60_J61_#5more': 115}, 
4710.0, {'J10': -129229.5, 'J11': -427511.0, 'J12': -254906.5, 'J13': -89415.0, 'cluster3106249630_3106249631_J60_J61_#5more': -640490.5}, {'J10': 13, 'J11': 32, 'J12': 20, 'J13': 24, 'cluster3106249630_3106249631_J60_J61_#5more': 43}, {'J10': 18, 'J11': 48, 'J12': 71, 'J13': 36, 'cluster3106249630_3106249631_J60_J61_#5more': 114}, 
4715.0, {'J10': -129409.5, 'J11': -427991.0, 'J12': -255616.5, 'J13': -89775.0, 'cluster3106249630_3106249631_J60_J61_#5more': -641630.5}, {'J10': 13, 'J11': 32, 'J12': 20, 'J13': 24, 'cluster3106249630_3106249631_J60_J61_#5more': 43}, {'J10': 18, 'J11': 48, 'J12': 71, 'J13': 36, 'cluster3106249630_3106249631_J60_J61_#5more': 114}, 
4720.0, {'J10': -129589.5, 'J11': -428471.0, 'J12': -256327.5, 'J13': -90147.0, 'cluster3106249630_3106249631_J60_J61_#5more': -642770.5}, {'J10': 13, 'J11': 32, 'J12': 20, 'J13': 28, 'cluster3106249630_3106249631_J60_J61_#5more': 43}, {'J10': 18, 'J11': 48, 'J12': 73, 'J13': 40, 'cluster3106249630_3106249631_J60_J61_#5more': 114}, 
4725.0, {'J10': -129769.5, 'J11': -428951.0, 'J12': -257065.5, 'J13': -90547.0, 'cluster3106249630_3106249631_J60_J61_#5more': -642441.0}, {'J10': 13, 'J11': 32, 'J12': 20, 'J13': 28, 'cluster3106249630_3106249631_J60_J61_#5more': 43}, {'J10': 18, 'J11': 48, 'J12': 75, 'J13': 40, 'cluster3106249630_3106249631_J60_J61_#5more': 111}, 
4730.0, {'J10': -129949.5, 'J11': -429431.0, 'J12': -257815.5, 'J13': -90947.0, 'cluster3106249630_3106249631_J60_J61_#5more': -642189.5}, {'J10': 13, 'J11': 32, 'J12': 20, 'J13': 28, 'cluster3106249630_3106249631_J60_J61_#5more': 43}, {'J10': 18, 'J11': 48, 'J12': 75, 'J13': 40, 'cluster3106249630_3106249631_J60_J61_#5more': 108}, 
4735.0, {'J10': -130129.5, 'J11': -429911.0, 'J12': -258565.5, 'J13': -91347.0, 'cluster3106249630_3106249631_J60_J61_#5more': -643269.5}, {'J10': 13, 'J11': 32, 'J12': 20, 'J13': 28, 'cluster3106249630_3106249631_J60_J61_#5more': 43}, {'J10': 18, 'J11': 48, 'J12': 75, 'J13': 40, 'cluster3106249630_3106249631_J60_J61_#5more': 108}, 
4740.0, {'J10': -130309.5, 'J11': -430391.0, 'J12': -259315.5, 'J13': -91747.0, 'cluster3106249630_3106249631_J60_J61_#5more': -644355.0}, {'J10': 13, 'J11': 32, 'J12': 20, 'J13': 28, 'cluster3106249630_3106249631_J60_J61_#5more': 43}, {'J10': 18, 'J11': 48, 'J12': 75, 'J13': 40, 'cluster3106249630_3106249631_J60_J61_#5more': 110}, 
4745.0, {'J10': -130489.5, 'J11': -430871.0, 'J12': -260065.5, 'J13': -92147.0, 'cluster3106249630_3106249631_J60_J61_#5more': -645455.0}, {'J10': 13, 'J11': 32, 'J12': 20, 'J13': 28, 'cluster3106249630_3106249631_J60_J61_#5more': 43}, {'J10': 18, 'J11': 48, 'J12': 75, 'J13': 40, 'cluster3106249630_3106249631_J60_J61_#5more': 110}, 
4750.0, {'J10': -130669.5, 'J11': -431351.0, 'J12': -260815.5, 'J13': -92547.0, 'cluster3106249630_3106249631_J60_J61_#5more': -646557.0}, {'J10': 13, 'J11': 32, 'J12': 20, 'J13': 28, 'cluster3106249630_3106249631_J60_J61_#5more': 44}, {'J10': 18, 'J11': 48, 'J12': 75, 'J13': 40, 'cluster3106249630_3106249631_J60_J61_#5more': 111}, 
4755.0, {'J10': -130849.5, 'J11': -431831.0, 'J12': -261565.5, 'J13': -92947.0, 'cluster3106249630_3106249631_J60_J61_#5more': -647667.0}, {'J10': 13, 'J11': 32, 'J12': 20, 'J13': 28, 'cluster3106249630_3106249631_J60_J61_#5more': 44}, {'J10': 18, 'J11': 48, 'J12': 75, 'J13': 40, 'cluster3106249630_3106249631_J60_J61_#5more': 111}, 
4760.0, {'J10': -131029.5, 'J11': -432311.0, 'J12': -262315.5, 'J13': -91621.5, 'cluster3106249630_3106249631_J60_J61_#5more': -648777.0}, {'J10': 13, 'J11': 32, 'J12': 20, 'J13': 26, 'cluster3106249630_3106249631_J60_J61_#5more': 44}, {'J10': 18, 'J11': 48, 'J12': 75, 'J13': 38, 'cluster3106249630_3106249631_J60_J61_#5more': 111}, 
4765.0, {'J10': -131209.5, 'J11': -432791.0, 'J12': -263065.5, 'J13': -90264.5, 'cluster3106249630_3106249631_J60_J61_#5more': -649887.0}, {'J10': 13, 'J11': 32, 'J12': 20, 'J13': 24, 'cluster3106249630_3106249631_J60_J61_#5more': 44}, {'J10': 18, 'J11': 48, 'J12': 75, 'J13': 36, 'cluster3106249630_3106249631_J60_J61_#5more': 111}, 
4770.0, {'J10': -131389.5, 'J11': -433271.0, 'J12': -263815.5, 'J13': -90624.5, 'cluster3106249630_3106249631_J60_J61_#5more': -650997.0}, {'J10': 13, 'J11': 32, 'J12': 20, 'J13': 24, 'cluster3106249630_3106249631_J60_J61_#5more': 44}, {'J10': 18, 'J11': 48, 'J12': 75, 'J13': 36, 'cluster3106249630_3106249631_J60_J61_#5more': 111}, 
4775.0, {'J10': -131569.5, 'J11': -433751.0, 'J12': -263096.5, 'J13': -90984.5, 'cluster3106249630_3106249631_J60_J61_#5more': -652107.0}, {'J10': 13, 'J11': 32, 'J12': 20, 'J13': 24, 'cluster3106249630_3106249631_J60_J61_#5more': 44}, {'J10': 18, 'J11': 48, 'J12': 71, 'J13': 36, 'cluster3106249630_3106249631_J60_J61_#5more': 111}, 
4780.0, {'J10': -131749.5, 'J11': -434231.0, 'J12': -263806.5, 'J13': -91344.5, 'cluster3106249630_3106249631_J60_J61_#5more': -653217.0}, {'J10': 13, 'J11': 32, 'J12': 20, 'J13': 24, 'cluster3106249630_3106249631_J60_J61_#5more': 44}, {'J10': 18, 'J11': 48, 'J12': 71, 'J13': 36, 'cluster3106249630_3106249631_J60_J61_#5more': 111}, 
4785.0, {'J10': -131929.5, 'J11': -434711.0, 'J12': -264526.5, 'J13': -91712.0, 'cluster3106249630_3106249631_J60_J61_#5more': -654327.0}, {'J10': 13, 'J11': 32, 'J12': 20, 'J13': 26, 'cluster3106249630_3106249631_J60_J61_#5more': 44}, {'J10': 18, 'J11': 48, 'J12': 75, 'J13': 38, 'cluster3106249630_3106249631_J60_J61_#5more': 111}, 
4790.0, {'J10': -132109.5, 'J11': -435191.0, 'J12': -265284.5, 'J13': -92099.5, 'cluster3106249630_3106249631_J60_J61_#5more': -655437.0}, {'J10': 13, 'J11': 32, 'J12': 20, 'J13': 28, 'cluster3106249630_3106249631_J60_J61_#5more': 44}, {'J10': 18, 'J11': 48, 'J12': 77, 'J13': 40, 'cluster3106249630_3106249631_J60_J61_#5more': 111}, 
4795.0, {'J10': -132289.5, 'J11': -435671.0, 'J12': -265241.5, 'J13': -92499.5, 'cluster3106249630_3106249631_J60_J61_#5more': -656547.0}, {'J10': 13, 'J11': 32, 'J12': 20, 'J13': 28, 'cluster3106249630_3106249631_J60_J61_#5more': 44}, {'J10': 18, 'J11': 48, 'J12': 76, 'J13': 40, 'cluster3106249630_3106249631_J60_J61_#5more': 111}, 
4800.0, {'J10': -132469.5, 'J11': -436151.0, 'J12': -265180.0, 'J13': -92899.5, 'cluster3106249630_3106249631_J60_J61_#5more': -657657.0}, {'J10': 13, 'J11': 32, 'J12': 20, 'J13': 28, 'cluster3106249630_3106249631_J60_J61_#5more': 44}, {'J10': 18, 'J11': 48, 'J12': 75, 'J13': 40, 'cluster3106249630_3106249631_J60_J61_#5more': 111}, 
4805.0, {'J10': -132649.5, 'J11': -436631.0, 'J12': -263593.0, 'J13': -93299.5, 'cluster3106249630_3106249631_J60_J61_#5more': -658767.0}, {'J10': 13, 'J11': 32, 'J12': 20, 'J13': 28, 'cluster3106249630_3106249631_J60_J61_#5more': 44}, {'J10': 18, 'J11': 48, 'J12': 72, 'J13': 40, 'cluster3106249630_3106249631_J60_J61_#5more': 111}, 
4810.0, {'J10': -132829.5, 'J11': -437111.0, 'J12': -263662.5, 'J13': -93699.5, 'cluster3106249630_3106249631_J60_J61_#5more': -659877.0}, {'J10': 13, 'J11': 32, 'J12': 20, 'J13': 28, 'cluster3106249630_3106249631_J60_J61_#5more': 44}, {'J10': 18, 'J11': 48, 'J12': 71, 'J13': 40, 'cluster3106249630_3106249631_J60_J61_#5more': 111}, 
4815.0, {'J10': -133009.5, 'J11': -437591.0, 'J12': -263735.0, 'J13': -94099.5, 'cluster3106249630_3106249631_J60_J61_#5more': -660987.5}, {'J10': 13, 'J11': 32, 'J12': 20, 'J13': 28, 'cluster3106249630_3106249631_J60_J61_#5more': 44}, {'J10': 18, 'J11': 48, 'J12': 71, 'J13': 40, 'cluster3106249630_3106249631_J60_J61_#5more': 112}, 
4820.0, {'J10': -133189.5, 'J11': -438071.0, 'J12': -263782.0, 'J13': -94499.5, 'cluster3106249630_3106249631_J60_J61_#5more': -662107.5}, {'J10': 13, 'J11': 32, 'J12': 20, 'J13': 28, 'cluster3106249630_3106249631_J60_J61_#5more': 44}, {'J10': 18, 'J11': 48, 'J12': 72, 'J13': 40, 'cluster3106249630_3106249631_J60_J61_#5more': 112}, 
4825.0, {'J10': -133369.5, 'J11': -438551.0, 'J12': -262486.5, 'J13': -93173.0, 'cluster3106249630_3106249631_J60_J61_#5more': -663207.0}, {'J10': 13, 'J11': 32, 'J12': 20, 'J13': 26, 'cluster3106249630_3106249631_J60_J61_#5more': 44}, {'J10': 18, 'J11': 48, 'J12': 71, 'J13': 38, 'cluster3106249630_3106249631_J60_J61_#5more': 111}, 
4830.0, {'J10': -133549.5, 'J11': -439031.0, 'J12': -262854.0, 'J13': -91809.0, 'cluster3106249630_3106249631_J60_J61_#5more': -660295.5}, {'J10': 13, 'J11': 32, 'J12': 20, 'J13': 24, 'cluster3106249630_3106249631_J60_J61_#5more': 43}, {'J10': 18, 'J11': 48, 'J12': 71, 'J13': 36, 'cluster3106249630_3106249631_J60_J61_#5more': 110}, 
4835.0, {'J10': -133729.5, 'J11': -439511.0, 'J12': -263263.5, 'J13': -92169.0, 'cluster3106249630_3106249631_J60_J61_#5more': -656374.5}, {'J10': 13, 'J11': 32, 'J12': 20, 'J13': 24, 'cluster3106249630_3106249631_J60_J61_#5more': 42}, {'J10': 18, 'J11': 48, 'J12': 73, 'J13': 36, 'cluster3106249630_3106249631_J60_J61_#5more': 109}, 
4840.0, {'J10': -133909.5, 'J11': -439991.0, 'J12': -262759.0, 'J13': -92529.0, 'cluster3106249630_3106249631_J60_J61_#5more': -657464.5}, {'J10': 13, 'J11': 32, 'J12': 20, 'J13': 24, 'cluster3106249630_3106249631_J60_J61_#5more': 42}, {'J10': 18, 'J11': 48, 'J12': 74, 'J13': 36, 'cluster3106249630_3106249631_J60_J61_#5more': 109}, 
4845.0, {'J10': -134089.5, 'J11': -440471.0, 'J12': -261659.5, 'J13': -92889.0, 'cluster3106249630_3106249631_J60_J61_#5more': -658554.5}, {'J10': 13, 'J11': 32, 'J12': 20, 'J13': 24, 'cluster3106249630_3106249631_J60_J61_#5more': 42}, {'J10': 18, 'J11': 48, 'J12': 73, 'J13': 36, 'cluster3106249630_3106249631_J60_J61_#5more': 109}, 
4850.0, {'J10': -134269.5, 'J11': -440951.0, 'J12': -261528.5, 'J13': -93264.0, 'cluster3106249630_3106249631_J60_J61_#5more': -659644.5}, {'J10': 13, 'J11': 32, 'J12': 20, 'J13': 28, 'cluster3106249630_3106249631_J60_J61_#5more': 42}, {'J10': 18, 'J11': 48, 'J12': 72, 'J13': 40, 'cluster3106249630_3106249631_J60_J61_#5more': 109}, 
4855.0, {'J10': -134449.5, 'J11': -441431.0, 'J12': -262248.5, 'J13': -93664.0, 'cluster3106249630_3106249631_J60_J61_#5more': -658254.5}, {'J10': 13, 'J11': 32, 'J12': 20, 'J13': 28, 'cluster3106249630_3106249631_J60_J61_#5more': 42}, {'J10': 18, 'J11': 48, 'J12': 72, 'J13': 40, 'cluster3106249630_3106249631_J60_J61_#5more': 105}, 
4860.0, {'J10': -134629.5, 'J11': -441911.0, 'J12': -262969.0, 'J13': -94064.0, 'cluster3106249630_3106249631_J60_J61_#5more': -658802.5}, {'J10': 13, 'J11': 32, 'J12': 20, 'J13': 28, 'cluster3106249630_3106249631_J60_J61_#5more': 42}, {'J10': 18, 'J11': 48, 'J12': 73, 'J13': 40, 'cluster3106249630_3106249631_J60_J61_#5more': 104}, 
4865.0, {'J10': -134809.5, 'J11': -442391.0, 'J12': -262895.5, 'J13': -94464.0, 'cluster3106249630_3106249631_J60_J61_#5more': -659847.0}, {'J10': 13, 'J11': 32, 'J12': 20, 'J13': 28, 'cluster3106249630_3106249631_J60_J61_#5more': 42}, {'J10': 18, 'J11': 48, 'J12': 72, 'J13': 40, 'cluster3106249630_3106249631_J60_J61_#5more': 106}, 
4870.0, {'J10': -134989.5, 'J11': -442871.0, 'J12': -263336.0, 'J13': -94864.0, 'cluster3106249630_3106249631_J60_J61_#5more': -660889.0}, {'J10': 13, 'J11': 32, 'J12': 20, 'J13': 28, 'cluster3106249630_3106249631_J60_J61_#5more': 42}, {'J10': 18, 'J11': 48, 'J12': 69, 'J13': 40, 'cluster3106249630_3106249631_J60_J61_#5more': 106}, 
4875.0, {'J10': -135169.5, 'J11': -443351.0, 'J12': -264027.5, 'J13': -95264.0, 'cluster3106249630_3106249631_J60_J61_#5more': -661951.0}, {'J10': 13, 'J11': 32, 'J12': 20, 'J13': 28, 'cluster3106249630_3106249631_J60_J61_#5more': 43}, {'J10': 18, 'J11': 48, 'J12': 70, 'J13': 40, 'cluster3106249630_3106249631_J60_J61_#5more': 107}, 
4880.0, {'J10': -135349.5, 'J11': -443831.0, 'J12': -264736.5, 'J13': -95664.0, 'cluster3106249630_3106249631_J60_J61_#5more': -663025.5}, {'J10': 13, 'J11': 32, 'J12': 20, 'J13': 28, 'cluster3106249630_3106249631_J60_J61_#5more': 44}, {'J10': 18, 'J11': 48, 'J12': 74, 'J13': 40, 'cluster3106249630_3106249631_J60_J61_#5more': 108}, 
4885.0, {'J10': -135529.5, 'J11': -444317.5, 'J12': -265352.0, 'J13': -96064.0, 'cluster3106249630_3106249631_J60_J61_#5more': -664111.5}, {'J10': 13, 'J11': 32, 'J12': 20, 'J13': 28, 'cluster3106249630_3106249631_J60_J61_#5more': 46}, {'J10': 18, 'J11': 51, 'J12': 72, 'J13': 40, 'cluster3106249630_3106249631_J60_J61_#5more': 110}, 
4890.0, {'J10': -135709.5, 'J11': -444802.0, 'J12': -266076.0, 'J13': -93872.0, 'cluster3106249630_3106249631_J60_J61_#5more': -665214.0}, {'J10': 13, 'J11': 32, 'J12': 20, 'J13': 25, 'cluster3106249630_3106249631_J60_J61_#5more': 47}, {'J10': 18, 'J11': 49, 'J12': 73, 'J13': 37, 'cluster3106249630_3106249631_J60_J61_#5more': 111}, 
4895.0, {'J10': -135889.5, 'J11': -445271.0, 'J12': -266810.5, 'J13': -93369.5, 'cluster3106249630_3106249631_J60_J61_#5more': -666324.0}, {'J10': 13, 'J11': 32, 'J12': 20, 'J13': 24, 'cluster3106249630_3106249631_J60_J61_#5more': 47}, {'J10': 18, 'J11': 48, 'J12': 76, 'J13': 36, 'cluster3106249630_3106249631_J60_J61_#5more': 111}, 
4900.0, {'J10': -136069.5, 'J11': -445751.0, 'J12': -267270.0, 'J13': -93729.5, 'cluster3106249630_3106249631_J60_J61_#5more': -667434.0}, {'J10': 13, 'J11': 32, 'J12': 20, 'J13': 24, 'cluster3106249630_3106249631_J60_J61_#5more': 47}, {'J10': 18, 'J11': 48, 'J12': 75, 'J13': 36, 'cluster3106249630_3106249631_J60_J61_#5more': 111}, 
4905.0, {'J10': -136249.5, 'J11': -446233.5, 'J12': -267969.5, 'J13': -94089.5, 'cluster3106249630_3106249631_J60_J61_#5more': -668544.0}, {'J10': 13, 'J11': 32, 'J12': 20, 'J13': 24, 'cluster3106249630_3106249631_J60_J61_#5more': 47}, {'J10': 18, 'J11': 49, 'J12': 76, 'J13': 36, 'cluster3106249630_3106249631_J60_J61_#5more': 111}, 
4910.0, {'J10': -136429.5, 'J11': -446711.0, 'J12': -268729.5, 'J13': -94449.5, 'cluster3106249630_3106249631_J60_J61_#5more': -669654.0}, {'J10': 13, 'J11': 32, 'J12': 20, 'J13': 24, 'cluster3106249630_3106249631_J60_J61_#5more': 47}, {'J10': 18, 'J11': 48, 'J12': 76, 'J13': 36, 'cluster3106249630_3106249631_J60_J61_#5more': 111}, 
4915.0, {'J10': -136609.5, 'J11': -447194.0, 'J12': -269489.5, 'J13': -94817.5, 'cluster3106249630_3106249631_J60_J61_#5more': -670764.0}, {'J10': 13, 'J11': 32, 'J12': 20, 'J13': 26, 'cluster3106249630_3106249631_J60_J61_#5more': 47}, {'J10': 18, 'J11': 49, 'J12': 76, 'J13': 38, 'cluster3106249630_3106249631_J60_J61_#5more': 111}, 
4920.0, {'J10': -136789.5, 'J11': -447671.0, 'J12': -270255.0, 'J13': -95203.5, 'cluster3106249630_3106249631_J60_J61_#5more': -671874.0}, {'J10': 13, 'J11': 32, 'J12': 20, 'J13': 28, 'cluster3106249630_3106249631_J60_J61_#5more': 47}, {'J10': 18, 'J11': 48, 'J12': 78, 'J13': 40, 'cluster3106249630_3106249631_J60_J61_#5more': 111}, 
4925.0, {'J10': -136969.5, 'J11': -448151.0, 'J12': -271043.0, 'J13': -95603.5, 'cluster3106249630_3106249631_J60_J61_#5more': -663768.0}, {'J10': 13, 'J11': 32, 'J12': 20, 'J13': 28, 'cluster3106249630_3106249631_J60_J61_#5more': 45}, {'J10': 18, 'J11': 48, 'J12': 81, 'J13': 40, 'cluster3106249630_3106249631_J60_J61_#5more': 109}, 
4930.0, {'J10': -137149.5, 'J11': -448631.0, 'J12': -271853.0, 'J13': -96003.5, 'cluster3106249630_3106249631_J60_J61_#5more': -664858.0}, {'J10': 13, 'J11': 32, 'J12': 20, 'J13': 28, 'cluster3106249630_3106249631_J60_J61_#5more': 45}, {'J10': 18, 'J11': 48, 'J12': 81, 'J13': 40, 'cluster3106249630_3106249631_J60_J61_#5more': 109}, 
4935.0, {'J10': -137329.5, 'J11': -449111.0, 'J12': -272663.0, 'J13': -96403.5, 'cluster3106249630_3106249631_J60_J61_#5more': -665948.0}, {'J10': 13, 'J11': 32, 'J12': 20, 'J13': 28, 'cluster3106249630_3106249631_J60_J61_#5more': 45}, {'J10': 18, 'J11': 48, 'J12': 81, 'J13': 40, 'cluster3106249630_3106249631_J60_J61_#5more': 109}, 
4940.0, {'J10': -137509.5, 'J11': -449591.0, 'J12': -273473.0, 'J13': -96803.5, 'cluster3106249630_3106249631_J60_J61_#5more': -667038.0}, {'J10': 13, 'J11': 32, 'J12': 20, 'J13': 28, 'cluster3106249630_3106249631_J60_J61_#5more': 45}, {'J10': 18, 'J11': 48, 'J12': 81, 'J13': 40, 'cluster3106249630_3106249631_J60_J61_#5more': 109}, 
4945.0, {'J10': -137689.5, 'J11': -450071.0, 'J12': -268135.5, 'J13': -97203.5, 'cluster3106249630_3106249631_J60_J61_#5more': -668128.0}, {'J10': 13, 'J11': 32, 'J12': 20, 'J13': 28, 'cluster3106249630_3106249631_J60_J61_#5more': 45}, {'J10': 18, 'J11': 48, 'J12': 75, 'J13': 40, 'cluster3106249630_3106249631_J60_J61_#5more': 109}, 
4950.0, {'J10': -137869.5, 'J11': -450551.0, 'J12': -268885.5, 'J13': -97603.5, 'cluster3106249630_3106249631_J60_J61_#5more': -669218.0}, {'J10': 13, 'J11': 32, 'J12': 20, 'J13': 28, 'cluster3106249630_3106249631_J60_J61_#5more': 45}, {'J10': 18, 'J11': 48, 'J12': 75, 'J13': 40, 'cluster3106249630_3106249631_J60_J61_#5more': 109}, 
4955.0, {'J10': -138049.5, 'J11': -451031.0, 'J12': -269637.0, 'J13': -95421.0, 'cluster3106249630_3106249631_J60_J61_#5more': -670308.5}, {'J10': 13, 'J11': 32, 'J12': 20, 'J13': 25, 'cluster3106249630_3106249631_J60_J61_#5more': 46}, {'J10': 18, 'J11': 48, 'J12': 77, 'J13': 37, 'cluster3106249630_3106249631_J60_J61_#5more': 110}, 
4960.0, {'J10': -138229.5, 'J11': -451511.0, 'J12': -270155.0, 'J13': -95791.0, 'cluster3106249630_3106249631_J60_J61_#5more': -671412.5}, {'J10': 13, 'J11': 32, 'J12': 20, 'J13': 25, 'cluster3106249630_3106249631_J60_J61_#5more': 47}, {'J10': 18, 'J11': 48, 'J12': 78, 'J13': 37, 'cluster3106249630_3106249631_J60_J61_#5more': 111}, 
4965.0, {'J10': -138409.5, 'J11': -451991.0, 'J12': -270651.0, 'J13': -96161.0, 'cluster3106249630_3106249631_J60_J61_#5more': -672526.5}, {'J10': 13, 'J11': 32, 'J12': 20, 'J13': 25, 'cluster3106249630_3106249631_J60_J61_#5more': 48}, {'J10': 18, 'J11': 48, 'J12': 76, 'J13': 37, 'cluster3106249630_3106249631_J60_J61_#5more': 112}, 
4970.0, {'J10': -138589.5, 'J11': -452471.0, 'J12': -271411.0, 'J13': -96531.0, 'cluster3106249630_3106249631_J60_J61_#5more': -673646.5}, {'J10': 13, 'J11': 32, 'J12': 20, 'J13': 25, 'cluster3106249630_3106249631_J60_J61_#5more': 48}, {'J10': 18, 'J11': 48, 'J12': 76, 'J13': 37, 'cluster3106249630_3106249631_J60_J61_#5more': 112}, 
4975.0, {'J10': -138769.5, 'J11': -452951.0, 'J12': -272171.0, 'J13': -96901.0, 'cluster3106249630_3106249631_J60_J61_#5more': -674766.5}, {'J10': 13, 'J11': 32, 'J12': 20, 'J13': 25, 'cluster3106249630_3106249631_J60_J61_#5more': 48}, {'J10': 18, 'J11': 48, 'J12': 76, 'J13': 37, 'cluster3106249630_3106249631_J60_J61_#5more': 112}, 
4980.0, {'J10': -138949.5, 'J11': -453431.0, 'J12': -272410.0, 'J13': -97283.5, 'cluster3106249630_3106249631_J60_J61_#5more': -675886.5}, {'J10': 13, 'J11': 32, 'J12': 20, 'J13': 28, 'cluster3106249630_3106249631_J60_J61_#5more': 48}, {'J10': 18, 'J11': 48, 'J12': 74, 'J13': 40, 'cluster3106249630_3106249631_J60_J61_#5more': 112}, 
4985.0, {'J10': -139129.5, 'J11': -453911.0, 'J12': -272455.0, 'J13': -97683.5, 'cluster3106249630_3106249631_J60_J61_#5more': -675760.5}, {'J10': 13, 'J11': 32, 'J12': 20, 'J13': 28, 'cluster3106249630_3106249631_J60_J61_#5more': 48}, {'J10': 18, 'J11': 48, 'J12': 71, 'J13': 40, 'cluster3106249630_3106249631_J60_J61_#5more': 110}, 
4990.0, {'J10': -139309.5, 'J11': -454391.0, 'J12': -272850.0, 'J13': -98083.5, 'cluster3106249630_3106249631_J60_J61_#5more': -676860.5}, {'J10': 13, 'J11': 32, 'J12': 20, 'J13': 28, 'cluster3106249630_3106249631_J60_J61_#5more': 48}, {'J10': 18, 'J11': 48, 'J12': 69, 'J13': 40, 'cluster3106249630_3106249631_J60_J61_#5more': 110}, 
4995.0, {'J10': -139489.5, 'J11': -454871.0, 'J12': -273072.0, 'J13': -98483.5, 'cluster3106249630_3106249631_J60_J61_#5more': -677960.5}, {'J10': 13, 'J11': 32, 'J12': 20, 'J13': 28, 'cluster3106249630_3106249631_J60_J61_#5more': 48}, {'J10': 18, 'J11': 48, 'J12': 66, 'J13': 40, 'cluster3106249630_3106249631_J60_J61_#5more': 110}, 
5000.0, {'J10': -139669.5, 'J11': -455351.0, 'J12': -272323.5, 'J13': -98883.5, 'cluster3106249630_3106249631_J60_J61_#5more': -679067.5}, {'J10': 13, 'J11': 32, 'J12': 20, 'J13': 28, 'cluster3106249630_3106249631_J60_J61_#5more': 48}, {'J10': 18, 'J11': 48, 'J12': 63, 'J13': 40, 'cluster3106249630_3106249631_J60_J61_#5more': 112}, 
5005.0, {'J10': -139849.5, 'J11': -455831.0, 'J12': -272520.0, 'J13': -99283.5, 'cluster3106249630_3106249631_J60_J61_#5more': -680187.5}, {'J10': 13, 'J11': 32, 'J12': 20, 'J13': 28, 'cluster3106249630_3106249631_J60_J61_#5more': 48}, {'J10': 18, 'J11': 48, 'J12': 65, 'J13': 40, 'cluster3106249630_3106249631_J60_J61_#5more': 112}, 
5010.0, {'J10': -140029.5, 'J11': -456311.0, 'J12': -273191.0, 'J13': -99683.5, 'cluster3106249630_3106249631_J60_J61_#5more': -681307.5}, {'J10': 13, 'J11': 32, 'J12': 20, 'J13': 28, 'cluster3106249630_3106249631_J60_J61_#5more': 48}, {'J10': 18, 'J11': 48, 'J12': 72, 'J13': 40, 'cluster3106249630_3106249631_J60_J61_#5more': 112}, 
5015.0, {'J10': -140209.5, 'J11': -456791.0, 'J12': -273921.5, 'J13': -100083.5, 'cluster3106249630_3106249631_J60_J61_#5more': -682427.5}, {'J10': 13, 'J11': 32, 'J12': 20, 'J13': 28, 'cluster3106249630_3106249631_J60_J61_#5more': 48}, {'J10': 18, 'J11': 48, 'J12': 75, 'J13': 40, 'cluster3106249630_3106249631_J60_J61_#5more': 112}, 
5020.0, {'J10': -140389.5, 'J11': -457271.0, 'J12': -274676.0, 'J13': -98636.5, 'cluster3106249630_3106249631_J60_J61_#5more': -683547.5}, {'J10': 13, 'J11': 32, 'J12': 20, 'J13': 26, 'cluster3106249630_3106249631_J60_J61_#5more': 48}, {'J10': 18, 'J11': 48, 'J12': 76, 'J13': 38, 'cluster3106249630_3106249631_J60_J61_#5more': 112}, 
5025.0, {'J10': -140569.5, 'J11': -457751.0, 'J12': -274919.5, 'J13': -99016.5, 'cluster3106249630_3106249631_J60_J61_#5more': -684667.5}, {'J10': 13, 'J11': 32, 'J12': 20, 'J13': 26, 'cluster3106249630_3106249631_J60_J61_#5more': 48}, {'J10': 18, 'J11': 48, 'J12': 73, 'J13': 38, 'cluster3106249630_3106249631_J60_J61_#5more': 112}, 
5030.0, {'J10': -140749.5, 'J11': -458231.0, 'J12': -275607.0, 'J13': -99396.5, 'cluster3106249630_3106249631_J60_J61_#5more': -685787.5}, {'J10': 13, 'J11': 32, 'J12': 20, 'J13': 26, 'cluster3106249630_3106249631_J60_J61_#5more': 48}, {'J10': 18, 'J11': 48, 'J12': 72, 'J13': 38, 'cluster3106249630_3106249631_J60_J61_#5more': 112}, 
5035.0, {'J10': -140929.5, 'J11': -458711.0, 'J12': -276292.5, 'J13': -99776.5, 'cluster3106249630_3106249631_J60_J61_#5more': -686907.5}, {'J10': 13, 'J11': 32, 'J12': 20, 'J13': 26, 'cluster3106249630_3106249631_J60_J61_#5more': 48}, {'J10': 18, 'J11': 48, 'J12': 71, 'J13': 38, 'cluster3106249630_3106249631_J60_J61_#5more': 112}, 
5040.0, {'J10': -141109.5, 'J11': -459191.0, 'J12': -276712.5, 'J13': -100157.0, 'cluster3106249630_3106249631_J60_J61_#5more': -688027.5}, {'J10': 13, 'J11': 32, 'J12': 20, 'J13': 27, 'cluster3106249630_3106249631_J60_J61_#5more': 48}, {'J10': 18, 'J11': 48, 'J12': 71, 'J13': 39, 'cluster3106249630_3106249631_J60_J61_#5more': 112}, 
5045.0, {'J10': -141289.5, 'J11': -459671.0, 'J12': -277041.5, 'J13': -100551.5, 'cluster3106249630_3106249631_J60_J61_#5more': -689147.5}, {'J10': 13, 'J11': 32, 'J12': 20, 'J13': 28, 'cluster3106249630_3106249631_J60_J61_#5more': 48}, {'J10': 18, 'J11': 48, 'J12': 69, 'J13': 40, 'cluster3106249630_3106249631_J60_J61_#5more': 112}, 
5050.0, {'J10': -141469.5, 'J11': -460151.0, 'J12': -277742.0, 'J13': -100951.5, 'cluster3106249630_3106249631_J60_J61_#5more': -689022.0}, {'J10': 13, 'J11': 32, 'J12': 20, 'J13': 28, 'cluster3106249630_3106249631_J60_J61_#5more': 48}, {'J10': 18, 'J11': 48, 'J12': 73, 'J13': 40, 'cluster3106249630_3106249631_J60_J61_#5more': 110}, 
5055.0, {'J10': -141649.5, 'J11': -460631.0, 'J12': -276586.5, 'J13': -101351.5, 'cluster3106249630_3106249631_J60_J61_#5more': -690122.0}, {'J10': 13, 'J11': 32, 'J12': 20, 'J13': 28, 'cluster3106249630_3106249631_J60_J61_#5more': 48}, {'J10': 18, 'J11': 48, 'J12': 70, 'J13': 40, 'cluster3106249630_3106249631_J60_J61_#5more': 110}, 
5060.0, {'J10': -141829.5, 'J11': -461111.0, 'J12': -272296.5, 'J13': -101751.5, 'cluster3106249630_3106249631_J60_J61_#5more': -691222.0}, {'J10': 13, 'J11': 32, 'J12': 20, 'J13': 28, 'cluster3106249630_3106249631_J60_J61_#5more': 48}, {'J10': 18, 'J11': 48, 'J12': 66, 'J13': 40, 'cluster3106249630_3106249631_J60_J61_#5more': 110}, 
5065.0, {'J10': -142009.5, 'J11': -461591.0, 'J12': -272911.0, 'J13': -102151.5, 'cluster3106249630_3106249631_J60_J61_#5more': -692329.0}, {'J10': 13, 'J11': 32, 'J12': 20, 'J13': 28, 'cluster3106249630_3106249631_J60_J61_#5more': 48}, {'J10': 18, 'J11': 48, 'J12': 68, 'J13': 40, 'cluster3106249630_3106249631_J60_J61_#5more': 113}, 
5070.0, {'J10': -142189.5, 'J11': -462071.0, 'J12': -272863.0, 'J13': -102551.5, 'cluster3106249630_3106249631_J60_J61_#5more': -693459.0}, {'J10': 13, 'J11': 32, 'J12': 20, 'J13': 28, 'cluster3106249630_3106249631_J60_J61_#5more': 48}, {'J10': 18, 'J11': 48, 'J12': 71, 'J13': 40, 'cluster3106249630_3106249631_J60_J61_#5more': 113}, 
5075.0, {'J10': -142369.5, 'J11': -462551.0, 'J12': -272753.5, 'J13': -102951.5, 'cluster3106249630_3106249631_J60_J61_#5more': -694568.5}, {'J10': 13, 'J11': 32, 'J12': 20, 'J13': 28, 'cluster3106249630_3106249631_J60_J61_#5more': 48}, {'J10': 18, 'J11': 48, 'J12': 68, 'J13': 40, 'cluster3106249630_3106249631_J60_J61_#5more': 112}, 
5080.0, {'J10': -142549.5, 'J11': -463031.0, 'J12': -272855.5, 'J13': -103351.5, 'cluster3106249630_3106249631_J60_J61_#5more': -695688.5}, {'J10': 13, 'J11': 32, 'J12': 20, 'J13': 28, 'cluster3106249630_3106249631_J60_J61_#5more': 48}, {'J10': 18, 'J11': 48, 'J12': 65, 'J13': 40, 'cluster3106249630_3106249631_J60_J61_#5more': 112}, 
5085.0, {'J10': -142729.5, 'J11': -463511.0, 'J12': -269625.5, 'J13': -101767.5, 'cluster3106249630_3106249631_J60_J61_#5more': -696808.5}, {'J10': 13, 'J11': 32, 'J12': 20, 'J13': 26, 'cluster3106249630_3106249631_J60_J61_#5more': 48}, {'J10': 18, 'J11': 48, 'J12': 61, 'J13': 38, 'cluster3106249630_3106249631_J60_J61_#5more': 112}, 
5090.0, {'J10': -142909.5, 'J11': -463991.0, 'J12': -270052.5, 'J13': -102147.5, 'cluster3106249630_3106249631_J60_J61_#5more': -697928.5}, {'J10': 13, 'J11': 32, 'J12': 20, 'J13': 26, 'cluster3106249630_3106249631_J60_J61_#5more': 48}, {'J10': 18, 'J11': 48, 'J12': 65, 'J13': 38, 'cluster3106249630_3106249631_J60_J61_#5more': 112}, 
5095.0, {'J10': -143089.5, 'J11': -464471.0, 'J12': -270475.0, 'J13': -102527.5, 'cluster3106249630_3106249631_J60_J61_#5more': -689741.5}, {'J10': 13, 'J11': 32, 'J12': 20, 'J13': 26, 'cluster3106249630_3106249631_J60_J61_#5more': 46}, {'J10': 18, 'J11': 48, 'J12': 70, 'J13': 38, 'cluster3106249630_3106249631_J60_J61_#5more': 110}, 
5100.0, {'J10': -143269.5, 'J11': -464951.0, 'J12': -267838.5, 'J13': -102907.5, 'cluster3106249630_3106249631_J60_J61_#5more': -690841.5}, {'J10': 13, 'J11': 32, 'J12': 20, 'J13': 26, 'cluster3106249630_3106249631_J60_J61_#5more': 46}, {'J10': 18, 'J11': 48, 'J12': 66, 'J13': 38, 'cluster3106249630_3106249631_J60_J61_#5more': 110}, 
5105.0, {'J10': -143449.5, 'J11': -465431.0, 'J12': -268333.5, 'J13': -103289.0, 'cluster3106249630_3106249631_J60_J61_#5more': -691941.5}, {'J10': 13, 'J11': 32, 'J12': 20, 'J13': 27, 'cluster3106249630_3106249631_J60_J61_#5more': 46}, {'J10': 18, 'J11': 48, 'J12': 62, 'J13': 39, 'cluster3106249630_3106249631_J60_J61_#5more': 110}, 
5110.0, {'J10': -143629.5, 'J11': -465911.0, 'J12': -268936.5, 'J13': -103683.5, 'cluster3106249630_3106249631_J60_J61_#5more': -693041.5}, {'J10': 13, 'J11': 32, 'J12': 20, 'J13': 28, 'cluster3106249630_3106249631_J60_J61_#5more': 46}, {'J10': 18, 'J11': 48, 'J12': 63, 'J13': 40, 'cluster3106249630_3106249631_J60_J61_#5more': 110}, 
5115.0, {'J10': -143809.5, 'J11': -466391.0, 'J12': -263925.5, 'J13': -104083.5, 'cluster3106249630_3106249631_J60_J61_#5more': -693647.5}, {'J10': 13, 'J11': 32, 'J12': 20, 'J13': 28, 'cluster3106249630_3106249631_J60_J61_#5more': 46}, {'J10': 18, 'J11': 48, 'J12': 67, 'J13': 40, 'cluster3106249630_3106249631_J60_J61_#5more': 109}, 
5120.0, {'J10': -143989.5, 'J11': -466871.0, 'J12': -264369.5, 'J13': -104483.5, 'cluster3106249630_3106249631_J60_J61_#5more': -694235.0}, {'J10': 13, 'J11': 32, 'J12': 20, 'J13': 28, 'cluster3106249630_3106249631_J60_J61_#5more': 46}, {'J10': 18, 'J11': 48, 'J12': 66, 'J13': 40, 'cluster3106249630_3106249631_J60_J61_#5more': 108}, 
5125.0, {'J10': -144169.5, 'J11': -467351.0, 'J12': -264764.5, 'J13': -104883.5, 'cluster3106249630_3106249631_J60_J61_#5more': -695315.0}, {'J10': 13, 'J11': 32, 'J12': 20, 'J13': 28, 'cluster3106249630_3106249631_J60_J61_#5more': 46}, {'J10': 18, 'J11': 48, 'J12': 65, 'J13': 40, 'cluster3106249630_3106249631_J60_J61_#5more': 108}, 
5130.0, {'J10': -144349.5, 'J11': -467831.0, 'J12': -261817.0, 'J13': -105283.5, 'cluster3106249630_3106249631_J60_J61_#5more': -696406.0}, {'J10': 13, 'J11': 32, 'J12': 20, 'J13': 28, 'cluster3106249630_3106249631_J60_J61_#5more': 47}, {'J10': 18, 'J11': 48, 'J12': 66, 'J13': 40, 'cluster3106249630_3106249631_J60_J61_#5more': 111}, 
5135.0, {'J10': -144529.5, 'J11': -468311.0, 'J12': -262152.5, 'J13': -105683.5, 'cluster3106249630_3106249631_J60_J61_#5more': -697516.0}, {'J10': 13, 'J11': 32, 'J12': 20, 'J13': 28, 'cluster3106249630_3106249631_J60_J61_#5more': 47}, {'J10': 18, 'J11': 48, 'J12': 67, 'J13': 40, 'cluster3106249630_3106249631_J60_J61_#5more': 111}, 
5140.0, {'J10': -144709.5, 'J11': -468791.0, 'J12': -262575.0, 'J13': -106083.5, 'cluster3106249630_3106249631_J60_J61_#5more': -698626.0}, {'J10': 13, 'J11': 32, 'J12': 20, 'J13': 28, 'cluster3106249630_3106249631_J60_J61_#5more': 47}, {'J10': 18, 'J11': 48, 'J12': 68, 'J13': 40, 'cluster3106249630_3106249631_J60_J61_#5more': 111}, 
5145.0, {'J10': -144889.5, 'J11': -469271.0, 'J12': -263003.5, 'J13': -106483.5, 'cluster3106249630_3106249631_J60_J61_#5more': -699736.0}, {'J10': 13, 'J11': 32, 'J12': 20, 'J13': 28, 'cluster3106249630_3106249631_J60_J61_#5more': 47}, {'J10': 18, 'J11': 48, 'J12': 67, 'J13': 40, 'cluster3106249630_3106249631_J60_J61_#5more': 111}, 
5150.0, {'J10': -145069.5, 'J11': -469751.0, 'J12': -259883.5, 'J13': -103781.5, 'cluster3106249630_3106249631_J60_J61_#5more': -700846.0}, {'J10': 13, 'J11': 32, 'J12': 20, 'J13': 25, 'cluster3106249630_3106249631_J60_J61_#5more': 47}, {'J10': 18, 'J11': 48, 'J12': 66, 'J13': 37, 'cluster3106249630_3106249631_J60_J61_#5more': 111}, 
5155.0, {'J10': -145249.5, 'J11': -470231.0, 'J12': -260317.0, 'J13': -103151.0, 'cluster3106249630_3106249631_J60_J61_#5more': -701956.0}, {'J10': 13, 'J11': 32, 'J12': 20, 'J13': 24, 'cluster3106249630_3106249631_J60_J61_#5more': 47}, {'J10': 18, 'J11': 48, 'J12': 69, 'J13': 36, 'cluster3106249630_3106249631_J60_J61_#5more': 111}, 
5160.0, {'J10': -145429.5, 'J11': -470711.0, 'J12': -260598.0, 'J13': -103511.0, 'cluster3106249630_3106249631_J60_J61_#5more': -703066.0}, {'J10': 13, 'J11': 32, 'J12': 20, 'J13': 24, 'cluster3106249630_3106249631_J60_J61_#5more': 47}, {'J10': 18, 'J11': 48, 'J12': 71, 'J13': 36, 'cluster3106249630_3106249631_J60_J61_#5more': 111}, 
5165.0, {'J10': -145609.5, 'J11': -471191.0, 'J12': -260945.0, 'J13': -103871.0, 'cluster3106249630_3106249631_J60_J61_#5more': -704176.0}, {'J10': 13, 'J11': 32, 'J12': 20, 'J13': 24, 'cluster3106249630_3106249631_J60_J61_#5more': 47}, {'J10': 18, 'J11': 48, 'J12': 67, 'J13': 36, 'cluster3106249630_3106249631_J60_J61_#5more': 111}, 
5170.0, {'J10': -145789.5, 'J11': -471671.0, 'J12': -261431.5, 'J13': -104231.5, 'cluster3106249630_3106249631_J60_J61_#5more': -705286.0}, {'J10': 13, 'J11': 32, 'J12': 20, 'J13': 25, 'cluster3106249630_3106249631_J60_J61_#5more': 47}, {'J10': 18, 'J11': 48, 'J12': 67, 'J13': 37, 'cluster3106249630_3106249631_J60_J61_#5more': 111}, 
5175.0, {'J10': -145969.5, 'J11': -472151.0, 'J12': -259221.0, 'J13': -104613.0, 'cluster3106249630_3106249631_J60_J61_#5more': -706396.0}, {'J10': 13, 'J11': 32, 'J12': 20, 'J13': 28, 'cluster3106249630_3106249631_J60_J61_#5more': 47}, {'J10': 18, 'J11': 48, 'J12': 62, 'J13': 40, 'cluster3106249630_3106249631_J60_J61_#5more': 111}, 
5180.0, {'J10': -146149.5, 'J11': -472633.5, 'J12': -259656.0, 'J13': -105013.0, 'cluster3106249630_3106249631_J60_J61_#5more': -707142.0}, {'J10': 13, 'J11': 32, 'J12': 20, 'J13': 28, 'cluster3106249630_3106249631_J60_J61_#5more': 47}, {'J10': 18, 'J11': 49, 'J12': 63, 'J13': 40, 'cluster3106249630_3106249631_J60_J61_#5more': 110}, 
5185.0, {'J10': -146329.5, 'J11': -473111.0, 'J12': -260153.5, 'J13': -105413.0, 'cluster3106249630_3106249631_J60_J61_#5more': -707869.0}, {'J10': 13, 'J11': 32, 'J12': 20, 'J13': 28, 'cluster3106249630_3106249631_J60_J61_#5more': 47}, {'J10': 18, 'J11': 48, 'J12': 63, 'J13': 40, 'cluster3106249630_3106249631_J60_J61_#5more': 109}, 
5190.0, {'J10': -146509.5, 'J11': -473591.0, 'J12': -258388.5, 'J13': -105813.0, 'cluster3106249630_3106249631_J60_J61_#5more': -708959.0}, {'J10': 13, 'J11': 32, 'J12': 20, 'J13': 28, 'cluster3106249630_3106249631_J60_J61_#5more': 47}, {'J10': 18, 'J11': 48, 'J12': 61, 'J13': 40, 'cluster3106249630_3106249631_J60_J61_#5more': 109}, 
5195.0, {'J10': -146689.5, 'J11': -474071.0, 'J12': -258749.0, 'J13': -106213.0, 'cluster3106249630_3106249631_J60_J61_#5more': -710055.5}, {'J10': 13, 'J11': 32, 'J12': 20, 'J13': 28, 'cluster3106249630_3106249631_J60_J61_#5more': 47}, {'J10': 18, 'J11': 48, 'J12': 61, 'J13': 40, 'cluster3106249630_3106249631_J60_J61_#5more': 111}, 
5200.0, {'J10': -146869.5, 'J11': -474551.0, 'J12': -259210.0, 'J13': -106613.0, 'cluster3106249630_3106249631_J60_J61_#5more': -711165.5}, {'J10': 13, 'J11': 32, 'J12': 20, 'J13': 28, 'cluster3106249630_3106249631_J60_J61_#5more': 47}, {'J10': 18, 'J11': 48, 'J12': 63, 'J13': 40, 'cluster3106249630_3106249631_J60_J61_#5more': 111}, 
5205.0, {'J10': -147049.5, 'J11': -475031.0, 'J12': -259599.5, 'J13': -107013.0, 'cluster3106249630_3106249631_J60_J61_#5more': -712275.5}, {'J10': 13, 'J11': 32, 'J12': 20, 'J13': 28, 'cluster3106249630_3106249631_J60_J61_#5more': 47}, {'J10': 18, 'J11': 48, 'J12': 64, 'J13': 40, 'cluster3106249630_3106249631_J60_J61_#5more': 111}, 
5210.0, {'J10': -147229.5, 'J11': -475511.0, 'J12': -260080.0, 'J13': -107413.0, 'cluster3106249630_3106249631_J60_J61_#5more': -713385.5}, {'J10': 13, 'J11': 32, 'J12': 20, 'J13': 28, 'cluster3106249630_3106249631_J60_J61_#5more': 47}, {'J10': 18, 'J11': 48, 'J12': 63, 'J13': 40, 'cluster3106249630_3106249631_J60_J61_#5more': 111}, 
5215.0, {'J10': -147409.5, 'J11': -475991.0, 'J12': -260531.5, 'J13': -105706.0, 'cluster3106249630_3106249631_J60_J61_#5more': -714495.5}, {'J10': 13, 'J11': 32, 'J12': 20, 'J13': 26, 'cluster3106249630_3106249631_J60_J61_#5more': 47}, {'J10': 18, 'J11': 48, 'J12': 66, 'J13': 38, 'cluster3106249630_3106249631_J60_J61_#5more': 111}, 
5220.0, {'J10': -147589.5, 'J11': -476471.0, 'J12': -260904.0, 'J13': -106086.0, 'cluster3106249630_3106249631_J60_J61_#5more': -715605.5}, {'J10': 13, 'J11': 32, 'J12': 20, 'J13': 26, 'cluster3106249630_3106249631_J60_J61_#5more': 47}, {'J10': 18, 'J11': 48, 'J12': 63, 'J13': 38, 'cluster3106249630_3106249631_J60_J61_#5more': 111}, 
5225.0, {'J10': -147769.5, 'J11': -476951.0, 'J12': -261352.0, 'J13': -106466.0, 'cluster3106249630_3106249631_J60_J61_#5more': -716715.5}, {'J10': 13, 'J11': 32, 'J12': 20, 'J13': 26, 'cluster3106249630_3106249631_J60_J61_#5more': 47}, {'J10': 18, 'J11': 48, 'J12': 64, 'J13': 38, 'cluster3106249630_3106249631_J60_J61_#5more': 111}, 
5230.0, {'J10': -147949.5, 'J11': -477431.0, 'J12': -261963.5, 'J13': -106846.0, 'cluster3106249630_3106249631_J60_J61_#5more': -717825.5}, {'J10': 13, 'J11': 32, 'J12': 20, 'J13': 26, 'cluster3106249630_3106249631_J60_J61_#5more': 47}, {'J10': 18, 'J11': 48, 'J12': 65, 'J13': 38, 'cluster3106249630_3106249631_J60_J61_#5more': 111}, 
5235.0, {'J10': -148129.5, 'J11': -477911.0, 'J12': -262498.5, 'J13': -107227.0, 'cluster3106249630_3106249631_J60_J61_#5more': -718935.5}, {'J10': 13, 'J11': 32, 'J12': 20, 'J13': 27, 'cluster3106249630_3106249631_J60_J61_#5more': 47}, {'J10': 18, 'J11': 48, 'J12': 68, 'J13': 39, 'cluster3106249630_3106249631_J60_J61_#5more': 111}, 
5240.0, {'J10': -148309.5, 'J11': -478391.0, 'J12': -261093.5, 'J13': -107621.5, 'cluster3106249630_3106249631_J60_J61_#5more': -720045.5}, {'J10': 13, 'J11': 32, 'J12': 20, 'J13': 28, 'cluster3106249630_3106249631_J60_J61_#5more': 47}, {'J10': 18, 'J11': 48, 'J12': 65, 'J13': 40, 'cluster3106249630_3106249631_J60_J61_#5more': 111}, 
5245.0, {'J10': -148489.5, 'J11': -478871.0, 'J12': -261745.0, 'J13': -108021.5, 'cluster3106249630_3106249631_J60_J61_#5more': -720429.0}, {'J10': 13, 'J11': 32, 'J12': 20, 'J13': 28, 'cluster3106249630_3106249631_J60_J61_#5more': 47}, {'J10': 18, 'J11': 48, 'J12': 73, 'J13': 40, 'cluster3106249630_3106249631_J60_J61_#5more': 109}, 
5250.0, {'J10': -148669.5, 'J11': -479351.0, 'J12': -262055.0, 'J13': -108421.5, 'cluster3106249630_3106249631_J60_J61_#5more': -721519.0}, {'J10': 13, 'J11': 32, 'J12': 20, 'J13': 28, 'cluster3106249630_3106249631_J60_J61_#5more': 47}, {'J10': 18, 'J11': 48, 'J12': 72, 'J13': 40, 'cluster3106249630_3106249631_J60_J61_#5more': 109}, 
5255.0, {'J10': -148849.5, 'J11': -479831.0, 'J12': -262534.0, 'J13': -108821.5, 'cluster3106249630_3106249631_J60_J61_#5more': -722609.0}, {'J10': 13, 'J11': 32, 'J12': 20, 'J13': 28, 'cluster3106249630_3106249631_J60_J61_#5more': 47}, {'J10': 18, 'J11': 48, 'J12': 68, 'J13': 40, 'cluster3106249630_3106249631_J60_J61_#5more': 109}, 
5260.0, {'J10': -149029.5, 'J11': -480311.0, 'J12': -262932.5, 'J13': -109221.5, 'cluster3106249630_3106249631_J60_J61_#5more': -723705.0}, {'J10': 13, 'J11': 32, 'J12': 20, 'J13': 28, 'cluster3106249630_3106249631_J60_J61_#5more': 47}, {'J10': 18, 'J11': 48, 'J12': 64, 'J13': 40, 'cluster3106249630_3106249631_J60_J61_#5more': 111}, 
5265.0, {'J10': -149209.5, 'J11': -480791.0, 'J12': -263252.5, 'J13': -109621.5, 'cluster3106249630_3106249631_J60_J61_#5more': -724815.0}, {'J10': 13, 'J11': 32, 'J12': 20, 'J13': 28, 'cluster3106249630_3106249631_J60_J61_#5more': 47}, {'J10': 18, 'J11': 48, 'J12': 59, 'J13': 40, 'cluster3106249630_3106249631_J60_J61_#5more': 111}, 
5270.0, {'J10': -149389.5, 'J11': -481271.0, 'J12': -263602.5, 'J13': -110021.5, 'cluster3106249630_3106249631_J60_J61_#5more': -725925.0}, {'J10': 13, 'J11': 32, 'J12': 20, 'J13': 28, 'cluster3106249630_3106249631_J60_J61_#5more': 47}, {'J10': 18, 'J11': 48, 'J12': 59, 'J13': 40, 'cluster3106249630_3106249631_J60_J61_#5more': 111}, 
5275.0, {'J10': -149569.5, 'J11': -481751.0, 'J12': -264137.5, 'J13': -110421.5, 'cluster3106249630_3106249631_J60_J61_#5more': -727035.0}, {'J10': 13, 'J11': 32, 'J12': 20, 'J13': 28, 'cluster3106249630_3106249631_J60_J61_#5more': 47}, {'J10': 18, 'J11': 48, 'J12': 62, 'J13': 40, 'cluster3106249630_3106249631_J60_J61_#5more': 111}, 
5280.0, {'J10': -149749.5, 'J11': -482231.0, 'J12': -264712.0, 'J13': -108576.0, 'cluster3106249630_3106249631_J60_J61_#5more': -728145.0}, {'J10': 13, 'J11': 32, 'J12': 20, 'J13': 26, 'cluster3106249630_3106249631_J60_J61_#5more': 47}, {'J10': 18, 'J11': 48, 'J12': 68, 'J13': 38, 'cluster3106249630_3106249631_J60_J61_#5more': 111}, 
5285.0, {'J10': -149929.5, 'J11': -482711.0, 'J12': -263988.5, 'J13': -108956.0, 'cluster3106249630_3106249631_J60_J61_#5more': -729255.0}, {'J10': 13, 'J11': 32, 'J12': 20, 'J13': 26, 'cluster3106249630_3106249631_J60_J61_#5more': 47}, {'J10': 18, 'J11': 48, 'J12': 68, 'J13': 38, 'cluster3106249630_3106249631_J60_J61_#5more': 111}, 
5290.0, {'J10': -150109.5, 'J11': -483191.0, 'J12': -263553.0, 'J13': -109336.0, 'cluster3106249630_3106249631_J60_J61_#5more': -730365.0}, {'J10': 13, 'J11': 32, 'J12': 20, 'J13': 26, 'cluster3106249630_3106249631_J60_J61_#5more': 47}, {'J10': 18, 'J11': 48, 'J12': 66, 'J13': 38, 'cluster3106249630_3106249631_J60_J61_#5more': 111}, 
5295.0, {'J10': -150289.5, 'J11': -483671.0, 'J12': -263965.0, 'J13': -109716.0, 'cluster3106249630_3106249631_J60_J61_#5more': -731475.0}, {'J10': 13, 'J11': 32, 'J12': 20, 'J13': 26, 'cluster3106249630_3106249631_J60_J61_#5more': 47}, {'J10': 18, 'J11': 48, 'J12': 65, 'J13': 38, 'cluster3106249630_3106249631_J60_J61_#5more': 111}, 
5300.0, {'J10': -150469.5, 'J11': -484151.0, 'J12': -264128.0, 'J13': -110097.0, 'cluster3106249630_3106249631_J60_J61_#5more': -732585.0}, {'J10': 13, 'J11': 32, 'J12': 20, 'J13': 27, 'cluster3106249630_3106249631_J60_J61_#5more': 47}, {'J10': 18, 'J11': 48, 'J12': 65, 'J13': 39, 'cluster3106249630_3106249631_J60_J61_#5more': 111}, 
5305.0, {'J10': -150649.5, 'J11': -484631.0, 'J12': -264000.0, 'J13': -110492.0, 'cluster3106249630_3106249631_J60_J61_#5more': -733695.0}, {'J10': 13, 'J11': 32, 'J12': 20, 'J13': 28, 'cluster3106249630_3106249631_J60_J61_#5more': 47}, {'J10': 18, 'J11': 48, 'J12': 62, 'J13': 40, 'cluster3106249630_3106249631_J60_J61_#5more': 111}, 
5310.0, {'J10': -150829.5, 'J11': -485111.0, 'J12': -264132.0, 'J13': -110892.0, 'cluster3106249630_3106249631_J60_J61_#5more': -730122.0}, {'J10': 13, 'J11': 32, 'J12': 20, 'J13': 28, 'cluster3106249630_3106249631_J60_J61_#5more': 46}, {'J10': 18, 'J11': 48, 'J12': 62, 'J13': 40, 'cluster3106249630_3106249631_J60_J61_#5more': 110}, 
5315.0, {'J10': -151009.5, 'J11': -485591.0, 'J12': -264634.0, 'J13': -111292.0, 'cluster3106249630_3106249631_J60_J61_#5more': -721484.0}, {'J10': 13, 'J11': 32, 'J12': 20, 'J13': 28, 'cluster3106249630_3106249631_J60_J61_#5more': 44}, {'J10': 18, 'J11': 48, 'J12': 69, 'J13': 40, 'cluster3106249630_3106249631_J60_J61_#5more': 108}, 
5320.0, {'J10': -151189.5, 'J11': -486071.0, 'J12': -265090.0, 'J13': -111692.0, 'cluster3106249630_3106249631_J60_J61_#5more': -722564.0}, {'J10': 13, 'J11': 32, 'J12': 20, 'J13': 28, 'cluster3106249630_3106249631_J60_J61_#5more': 44}, {'J10': 18, 'J11': 48, 'J12': 75, 'J13': 40, 'cluster3106249630_3106249631_J60_J61_#5more': 108}, 
5325.0, {'J10': -151369.5, 'J11': -486551.0, 'J12': -265562.5, 'J13': -112092.0, 'cluster3106249630_3106249631_J60_J61_#5more': -723644.0}, {'J10': 13, 'J11': 32, 'J12': 20, 'J13': 28, 'cluster3106249630_3106249631_J60_J61_#5more': 44}, {'J10': 18, 'J11': 48, 'J12': 72, 'J13': 40, 'cluster3106249630_3106249631_J60_J61_#5more': 108}, 
5330.0, {'J10': -151549.5, 'J11': -487031.0, 'J12': -266025.5, 'J13': -112492.0, 'cluster3106249630_3106249631_J60_J61_#5more': -724724.0}, {'J10': 13, 'J11': 32, 'J12': 20, 'J13': 28, 'cluster3106249630_3106249631_J60_J61_#5more': 44}, {'J10': 18, 'J11': 48, 'J12': 69, 'J13': 40, 'cluster3106249630_3106249631_J60_J61_#5more': 108}, 
5335.0, {'J10': -151729.5, 'J11': -487511.0, 'J12': -266658.5, 'J13': -112892.0, 'cluster3106249630_3106249631_J60_J61_#5more': -725804.0}, {'J10': 13, 'J11': 32, 'J12': 20, 'J13': 28, 'cluster3106249630_3106249631_J60_J61_#5more': 44}, {'J10': 18, 'J11': 48, 'J12': 70, 'J13': 40, 'cluster3106249630_3106249631_J60_J61_#5more': 108}, 
5340.0, {'J10': -151909.5, 'J11': -487991.0, 'J12': -266609.0, 'J13': -113292.0, 'cluster3106249630_3106249631_J60_J61_#5more': -726884.0}, {'J10': 13, 'J11': 32, 'J12': 20, 'J13': 28, 'cluster3106249630_3106249631_J60_J61_#5more': 44}, {'J10': 18, 'J11': 48, 'J12': 71, 'J13': 40, 'cluster3106249630_3106249631_J60_J61_#5more': 108}, 
5345.0, {'J10': -152089.5, 'J11': -488471.0, 'J12': -267124.0, 'J13': -109076.0, 'cluster3106249630_3106249631_J60_J61_#5more': -727969.5}, {'J10': 13, 'J11': 32, 'J12': 20, 'J13': 24, 'cluster3106249630_3106249631_J60_J61_#5more': 46}, {'J10': 18, 'J11': 48, 'J12': 72, 'J13': 36, 'cluster3106249630_3106249631_J60_J61_#5more': 110}, 
5350.0, {'J10': -152269.5, 'J11': -488951.0, 'J12': -267401.5, 'J13': -109436.0, 'cluster3106249630_3106249631_J60_J61_#5more': -729069.5}, {'J10': 13, 'J11': 32, 'J12': 20, 'J13': 24, 'cluster3106249630_3106249631_J60_J61_#5more': 46}, {'J10': 18, 'J11': 48, 'J12': 72, 'J13': 36, 'cluster3106249630_3106249631_J60_J61_#5more': 110}, 
5355.0, {'J10': -152449.5, 'J11': -489431.0, 'J12': -267838.5, 'J13': -109796.0, 'cluster3106249630_3106249631_J60_J61_#5more': -730169.5}, {'J10': 13, 'J11': 32, 'J12': 20, 'J13': 24, 'cluster3106249630_3106249631_J60_J61_#5more': 46}, {'J10': 18, 'J11': 48, 'J12': 72, 'J13': 36, 'cluster3106249630_3106249631_J60_J61_#5more': 110}, 
5360.0, {'J10': -152629.5, 'J11': -489911.0, 'J12': -268105.5, 'J13': -110156.0, 'cluster3106249630_3106249631_J60_J61_#5more': -731271.5}, {'J10': 13, 'J11': 32, 'J12': 20, 'J13': 24, 'cluster3106249630_3106249631_J60_J61_#5more': 47}, {'J10': 18, 'J11': 48, 'J12': 67, 'J13': 36, 'cluster3106249630_3106249631_J60_J61_#5more': 111}, 
5365.0, {'J10': -152809.5, 'J11': -490391.0, 'J12': -268403.5, 'J13': -110516.0, 'cluster3106249630_3106249631_J60_J61_#5more': -732381.5}, {'J10': 13, 'J11': 32, 'J12': 20, 'J13': 24, 'cluster3106249630_3106249631_J60_J61_#5more': 47}, {'J10': 18, 'J11': 48, 'J12': 64, 'J13': 36, 'cluster3106249630_3106249631_J60_J61_#5more': 111}, 
5370.0, {'J10': -152989.5, 'J11': -490871.0, 'J12': -268809.5, 'J13': -110884.0, 'cluster3106249630_3106249631_J60_J61_#5more': -733491.5}, {'J10': 13, 'J11': 32, 'J12': 20, 'J13': 26, 'cluster3106249630_3106249631_J60_J61_#5more': 47}, {'J10': 18, 'J11': 48, 'J12': 61, 'J13': 38, 'cluster3106249630_3106249631_J60_J61_#5more': 111}, 
5375.0, {'J10': -153169.5, 'J11': -491351.0, 'J12': -269134.0, 'J13': -111271.0, 'cluster3106249630_3106249631_J60_J61_#5more': -734601.5}, {'J10': 13, 'J11': 32, 'J12': 20, 'J13': 28, 'cluster3106249630_3106249631_J60_J61_#5more': 47}, {'J10': 18, 'J11': 48, 'J12': 62, 'J13': 40, 'cluster3106249630_3106249631_J60_J61_#5more': 111}, 
5380.0, {'J10': -153349.5, 'J11': -491831.0, 'J12': -269680.0, 'J13': -111671.0, 'cluster3106249630_3106249631_J60_J61_#5more': -735711.5}, {'J10': 13, 'J11': 32, 'J12': 20, 'J13': 28, 'cluster3106249630_3106249631_J60_J61_#5more': 47}, {'J10': 18, 'J11': 48, 'J12': 64, 'J13': 40, 'cluster3106249630_3106249631_J60_J61_#5more': 111}, 
5385.0, {'J10': -153529.5, 'J11': -492311.0, 'J12': -270270.0, 'J13': -112071.0, 'cluster3106249630_3106249631_J60_J61_#5more': -736821.5}, {'J10': 13, 'J11': 32, 'J12': 20, 'J13': 28, 'cluster3106249630_3106249631_J60_J61_#5more': 47}, {'J10': 18, 'J11': 48, 'J12': 69, 'J13': 40, 'cluster3106249630_3106249631_J60_J61_#5more': 111}, 
5390.0, {'J10': -153709.5, 'J11': -492791.0, 'J12': -270667.0, 'J13': -112471.0, 'cluster3106249630_3106249631_J60_J61_#5more': -737931.5}, {'J10': 13, 'J11': 32, 'J12': 20, 'J13': 28, 'cluster3106249630_3106249631_J60_J61_#5more': 47}, {'J10': 18, 'J11': 48, 'J12': 70, 'J13': 40, 'cluster3106249630_3106249631_J60_J61_#5more': 111}, 
5395.0, {'J10': -153889.5, 'J11': -493271.0, 'J12': -270556.0, 'J13': -112871.0, 'cluster3106249630_3106249631_J60_J61_#5more': -739041.5}, {'J10': 13, 'J11': 32, 'J12': 20, 'J13': 28, 'cluster3106249630_3106249631_J60_J61_#5more': 47}, {'J10': 18, 'J11': 48, 'J12': 69, 'J13': 40, 'cluster3106249630_3106249631_J60_J61_#5more': 111}, 
5400.0, {'J10': -154069.5, 'J11': -493751.0, 'J12': -270975.5, 'J13': -113271.0, 'cluster3106249630_3106249631_J60_J61_#5more': -740151.5}, {'J10': 13, 'J11': 32, 'J12': 20, 'J13': 28, 'cluster3106249630_3106249631_J60_J61_#5more': 47}, {'J10': 18, 'J11': 48, 'J12': 70, 'J13': 40, 'cluster3106249630_3106249631_J60_J61_#5more': 111}, 
