5.0, {'J10': 0, 'J11': 0, 'J12': 0, 'J13': 0, 'cluster3106249630_3106249631_J60_J61_#5more': 0}, {'J10': 0, 'J11': 0, 'J12': 0, 'J13': 0, 'cluster3106249630_3106249631_J60_J61_#5more': 0}, {'J10': 0, 'J11': 0, 'J12': 0, 'J13': 0, 'cluster3106249630_3106249631_J60_J61_#5more': 0}, 
10.0, {'J10': 0, 'J11': 0, 'J12': 0, 'J13': 0, 'cluster3106249630_3106249631_J60_J61_#5more': 0}, {'J10': 0, 'J11': 0, 'J12': 0, 'J13': 0, 'cluster3106249630_3106249631_J60_J61_#5more': 0}, {'J10': 0, 'J11': 0, 'J12': 0, 'J13': 0, 'cluster3106249630_3106249631_J60_J61_#5more': 0}, 
15.0, {'J10': 0, 'J11': -4.0, 'J12': -0.5, 'J13': 0, 'cluster3106249630_3106249631_J60_J61_#5more': 0}, {'J10': 0, 'J11': 1, 'J12': 1, 'J13': 0, 'cluster3106249630_3106249631_J60_J61_#5more': 0}, {'J10': 0, 'J11': 1, 'J12': 1, 'J13': 0, 'cluster3106249630_3106249631_J60_J61_#5more': 0}, 
20.0, {'J10': 0, 'J11': -14.0, 'J12': -10.5, 'J13': -6.0, 'cluster3106249630_3106249631_J60_J61_#5more': 0}, {'J10': 0, 'J11': 1, 'J12': 1, 'J13': 1, 'cluster3106249630_3106249631_J60_J61_#5more': 0}, {'J10': 0, 'J11': 1, 'J12': 1, 'J13': 2, 'cluster3106249630_3106249631_J60_J61_#5more': 0}, 
25.0, {'J10': -1.0, 'J11': -27.5, 'J12': -22.0, 'J13': -0.5, 'cluster3106249630_3106249631_J60_J61_#5more': 0}, {'J10': 1, 'J11': 2, 'J12': 1, 'J13': 1, 'cluster3106249630_3106249631_J60_J61_#5more': 0}, {'J10': 1, 'J11': 3, 'J12': 2, 'J13': 1, 'cluster3106249630_3106249631_J60_J61_#5more': 0}, 
30.0, {'J10': -2.0, 'J11': -57.5, 'J12': -5.0, 'J13': -20.0, 'cluster3106249630_3106249631_J60_J61_#5more': 0}, {'J10': 1, 'J11': 2, 'J12': 1, 'J13': 2, 'cluster3106249630_3106249631_J60_J61_#5more': 0}, {'J10': 1, 'J11': 3, 'J12': 1, 'J13': 5, 'cluster3106249630_3106249631_J60_J61_#5more': 0}, 
35.0, {'J10': -3.0, 'J11': -87.5, 'J12': -5.0, 'J13': -74.5, 'cluster3106249630_3106249631_J60_J61_#5more': 0}, {'J10': 1, 'J11': 2, 'J12': 1, 'J13': 3, 'cluster3106249630_3106249631_J60_J61_#5more': 0}, {'J10': 1, 'J11': 3, 'J12': 1, 'J13': 7, 'cluster3106249630_3106249631_J60_J61_#5more': 0}, 
40.0, {'J10': -13.0, 'J11': -117.5, 'J12': 0, 'J13': -154.0, 'cluster3106249630_3106249631_J60_J61_#5more': -2.0}, {'J10': 1, 'J11': 2, 'J12': 0, 'J13': 5, 'cluster3106249630_3106249631_J60_J61_#5more': 1}, {'J10': 1, 'J11': 3, 'J12': 0, 'J13': 10, 'cluster3106249630_3106249631_J60_J61_#5more': 1}, 
45.0, {'J10': -23.0, 'J11': -147.5, 'J12': 0, 'J13': -254.0, 'cluster3106249630_3106249631_J60_J61_#5more': 0}, {'J10': 1, 'J11': 2, 'J12': 0, 'J13': 5, 'cluster3106249630_3106249631_J60_J61_#5more': 0}, {'J10': 1, 'J11': 3, 'J12': 0, 'J13': 10, 'cluster3106249630_3106249631_J60_J61_#5more': 0}, 
50.0, {'J10': -38.5, 'J11': -177.5, 'J12': -8.5, 'J13': -358.5, 'cluster3106249630_3106249631_J60_J61_#5more': 0}, {'J10': 2, 'J11': 2, 'J12': 1, 'J13': 6, 'cluster3106249630_3106249631_J60_J61_#5more': 0}, {'J10': 3, 'J11': 3, 'J12': 2, 'J13': 11, 'cluster3106249630_3106249631_J60_J61_#5more': 0}, 
55.0, {'J10': -72.5, 'J11': -207.5, 'J12': -16.0, 'J13': -472.5, 'cluster3106249630_3106249631_J60_J61_#5more': 0}, {'J10': 2, 'J11': 2, 'J12': 1, 'J13': 6, 'cluster3106249630_3106249631_J60_J61_#5more': 0}, {'J10': 4, 'J11': 3, 'J12': 3, 'J13': 12, 'cluster3106249630_3106249631_J60_J61_#5more': 0}, 
60.0, {'J10': -39.5, 'J11': -240.0, 'J12': -32.0, 'J13': -592.5, 'cluster3106249630_3106249631_J60_J61_#5more': -8.5}, {'J10': 1, 'J11': 2, 'J12': 2, 'J13': 6, 'cluster3106249630_3106249631_J60_J61_#5more': 3}, {'J10': 3, 'J11': 4, 'J12': 4, 'J13': 12, 'cluster3106249630_3106249631_J60_J61_#5more': 5}, 
65.0, {'J10': -25.5, 'J11': -280.0, 'J12': -5.0, 'J13': -719.0, 'cluster3106249630_3106249631_J60_J61_#5more': -33.5}, {'J10': 2, 'J11': 2, 'J12': 1, 'J13': 6, 'cluster3106249630_3106249631_J60_J61_#5more': 3}, {'J10': 2, 'J11': 4, 'J12': 3, 'J13': 15, 'cluster3106249630_3106249631_J60_J61_#5more': 3}, 
70.0, {'J10': -12.5, 'J11': -320.0, 'J12': -20.5, 'J13': -878.5, 'cluster3106249630_3106249631_J60_J61_#5more': -63.5}, {'J10': 1, 'J11': 2, 'J12': 2, 'J13': 8, 'cluster3106249630_3106249631_J60_J61_#5more': 3}, {'J10': 2, 'J11': 4, 'J12': 4, 'J13': 18, 'cluster3106249630_3106249631_J60_J61_#5more': 3}, 
75.0, {'J10': -16.5, 'J11': -362.0, 'J12': -19.5, 'J13': -1065.5, 'cluster3106249630_3106249631_J60_J61_#5more': -95.0}, {'J10': 2, 'J11': 3, 'J12': 2, 'J13': 10, 'cluster3106249630_3106249631_J60_J61_#5more': 3}, {'J10': 3, 'J11': 5, 'J12': 3, 'J13': 20, 'cluster3106249630_3106249631_J60_J61_#5more': 4}, 
80.0, {'J10': -13.5, 'J11': -412.0, 'J12': -42.0, 'J13': -1268.0, 'cluster3106249630_3106249631_J60_J61_#5more': -93.0}, {'J10': 1, 'J11': 3, 'J12': 2, 'J13': 10, 'cluster3106249630_3106249631_J60_J61_#5more': 2}, {'J10': 1, 'J11': 5, 'J12': 4, 'J13': 21, 'cluster3106249630_3106249631_J60_J61_#5more': 3}, 
85.0, {'J10': -4.5, 'J11': -465.0, 'J12': -37.0, 'J13': -908.0, 'cluster3106249630_3106249631_J60_J61_#5more': -125.0}, {'J10': 1, 'J11': 4, 'J12': 3, 'J13': 8, 'cluster3106249630_3106249631_J60_J61_#5more': 4}, {'J10': 1, 'J11': 6, 'J12': 6, 'J13': 16, 'cluster3106249630_3106249631_J60_J61_#5more': 5}, 
90.0, {'J10': -2.0, 'J11': -525.0, 'J12': -58.0, 'J13': -818.0, 'cluster3106249630_3106249631_J60_J61_#5more': -175.0}, {'J10': 2, 'J11': 4, 'J12': 4, 'J13': 6, 'cluster3106249630_3106249631_J60_J61_#5more': 4}, {'J10': 3, 'J11': 6, 'J12': 4, 'J13': 13, 'cluster3106249630_3106249631_J60_J61_#5more': 5}, 
95.0, {'J10': 0, 'J11': -587.0, 'J12': -34.0, 'J13': -949.0, 'cluster3106249630_3106249631_J60_J61_#5more': -225.0}, {'J10': 0, 'J11': 5, 'J12': 2, 'J13': 7, 'cluster3106249630_3106249631_J60_J61_#5more': 4}, {'J10': 0, 'J11': 7, 'J12': 3, 'J13': 14, 'cluster3106249630_3106249631_J60_J61_#5more': 5}, 
100.0, {'J10': 0, 'J11': -657.0, 'J12': -23.0, 'J13': -1094.0, 'cluster3106249630_3106249631_J60_J61_#5more': -276.0}, {'J10': 0, 'J11': 5, 'J12': 2, 'J13': 8, 'cluster3106249630_3106249631_J60_J61_#5more': 4}, {'J10': 0, 'J11': 7, 'J12': 4, 'J13': 16, 'cluster3106249630_3106249631_J60_J61_#5more': 6}, 
105.0, {'J10': -3.5, 'J11': -727.0, 'J12': -14.0, 'J13': -1264.5, 'cluster3106249630_3106249631_J60_J61_#5more': -336.0}, {'J10': 1, 'J11': 5, 'J12': 1, 'J13': 10, 'cluster3106249630_3106249631_J60_J61_#5more': 4}, {'J10': 1, 'J11': 7, 'J12': 2, 'J13': 20, 'cluster3106249630_3106249631_J60_J61_#5more': 6}, 
110.0, {'J10': 0, 'J11': -802.0, 'J12': -22.0, 'J13': -1465.5, 'cluster3106249630_3106249631_J60_J61_#5more': -396.0}, {'J10': 0, 'J11': 6, 'J12': 1, 'J13': 10, 'cluster3106249630_3106249631_J60_J61_#5more': 4}, {'J10': 0, 'J11': 8, 'J12': 2, 'J13': 21, 'cluster3106249630_3106249631_J60_J61_#5more': 6}, 
115.0, {'J10': 0, 'J11': -882.0, 'J12': -54.5, 'J13': -1680.0, 'cluster3106249630_3106249631_J60_J61_#5more': -456.0}, {'J10': 0, 'J11': 6, 'J12': 3, 'J13': 11, 'cluster3106249630_3106249631_J60_J61_#5more': 4}, {'J10': 0, 'J11': 8, 'J12': 6, 'J13': 23, 'cluster3106249630_3106249631_J60_J61_#5more': 6}, 
120.0, {'J10': -3.5, 'J11': -962.0, 'J12': -130.0, 'J13': -1914.0, 'cluster3106249630_3106249631_J60_J61_#5more': -516.0}, {'J10': 1, 'J11': 6, 'J12': 3, 'J13': 12, 'cluster3106249630_3106249631_J60_J61_#5more': 4}, {'J10': 1, 'J11': 8, 'J12': 10, 'J13': 24, 'cluster3106249630_3106249631_J60_J61_#5more': 6}, 
125.0, {'J10': -2.5, 'J11': -1042.0, 'J12': -212.0, 'J13': -2154.0, 'cluster3106249630_3106249631_J60_J61_#5more': -577.5}, {'J10': 1, 'J11': 6, 'J12': 4, 'J13': 12, 'cluster3106249630_3106249631_J60_J61_#5more': 4}, {'J10': 1, 'J11': 8, 'J12': 14, 'J13': 24, 'cluster3106249630_3106249631_J60_J61_#5more': 7}, 
130.0, {'J10': 0, 'J11': -1130.5, 'J12': -332.0, 'J13': -2399.0, 'cluster3106249630_3106249631_J60_J61_#5more': -495.0}, {'J10': 0, 'J11': 8, 'J12': 5, 'J13': 14, 'cluster3106249630_3106249631_J60_J61_#5more': 3}, {'J10': 0, 'J11': 11, 'J12': 15, 'J13': 26, 'cluster3106249630_3106249631_J60_J61_#5more': 5}, 
135.0, {'J10': 0, 'J11': -1240.5, 'J12': -471.5, 'J13': -2659.0, 'cluster3106249630_3106249631_J60_J61_#5more': -394.5}, {'J10': 0, 'J11': 8, 'J12': 6, 'J13': 14, 'cluster3106249630_3106249631_J60_J61_#5more': 2}, {'J10': 0, 'J11': 11, 'J12': 20, 'J13': 26, 'cluster3106249630_3106249631_J60_J61_#5more': 4}, 
140.0, {'J10': -4.0, 'J11': -1351.0, 'J12': -542.0, 'J13': -2919.0, 'cluster3106249630_3106249631_J60_J61_#5more': -323.0}, {'J10': 1, 'J11': 9, 'J12': 6, 'J13': 14, 'cluster3106249630_3106249631_J60_J61_#5more': 2}, {'J10': 1, 'J11': 12, 'J12': 19, 'J13': 26, 'cluster3106249630_3106249631_J60_J61_#5more': 3}, 
145.0, {'J10': -2.5, 'J11': -1473.0, 'J12': -463.5, 'J13': -3181.0, 'cluster3106249630_3106249631_J60_J61_#5more': -96.0}, {'J10': 1, 'J11': 9, 'J12': 4, 'J13': 15, 'cluster3106249630_3106249631_J60_J61_#5more': 1}, {'J10': 1, 'J11': 13, 'J12': 17, 'J13': 27, 'cluster3106249630_3106249631_J60_J61_#5more': 4}, 
150.0, {'J10': 0, 'J11': -1603.0, 'J12': -652.5, 'J13': -2567.5, 'cluster3106249630_3106249631_J60_J61_#5more': -39.0}, {'J10': 0, 'J11': 9, 'J12': 5, 'J13': 13, 'cluster3106249630_3106249631_J60_J61_#5more': 2}, {'J10': 0, 'J11': 13, 'J12': 22, 'J13': 22, 'cluster3106249630_3106249631_J60_J61_#5more': 5}, 
155.0, {'J10': 0, 'J11': -1737.0, 'J12': -772.0, 'J13': -2149.5, 'cluster3106249630_3106249631_J60_J61_#5more': -84.0}, {'J10': 0, 'J11': 10, 'J12': 8, 'J13': 11, 'cluster3106249630_3106249631_J60_J61_#5more': 3}, {'J10': 0, 'J11': 14, 'J12': 26, 'J13': 19, 'cluster3106249630_3106249631_J60_J61_#5more': 7}, 
160.0, {'J10': 0, 'J11': -1877.0, 'J12': -990.5, 'J13': -2340.0, 'cluster3106249630_3106249631_J60_J61_#5more': -87.0}, {'J10': 0, 'J11': 10, 'J12': 9, 'J13': 11, 'cluster3106249630_3106249631_J60_J61_#5more': 5}, {'J10': 0, 'J11': 14, 'J12': 28, 'J13': 20, 'cluster3106249630_3106249631_J60_J61_#5more': 7}, 
165.0, {'J10': 0, 'J11': -2017.0, 'J12': -909.0, 'J13': -2547.0, 'cluster3106249630_3106249631_J60_J61_#5more': -69.0}, {'J10': 0, 'J11': 10, 'J12': 7, 'J13': 13, 'cluster3106249630_3106249631_J60_J61_#5more': 3}, {'J10': 0, 'J11': 14, 'J12': 24, 'J13': 23, 'cluster3106249630_3106249631_J60_J61_#5more': 8}, 
170.0, {'J10': 0, 'J11': -2157.0, 'J12': -973.0, 'J13': -2783.0, 'cluster3106249630_3106249631_J60_J61_#5more': -141.0}, {'J10': 0, 'J11': 10, 'J12': 7, 'J13': 15, 'cluster3106249630_3106249631_J60_J61_#5more': 4}, {'J10': 0, 'J11': 14, 'J12': 24, 'J13': 25, 'cluster3106249630_3106249631_J60_J61_#5more': 9}, 
175.0, {'J10': -1.5, 'J11': -2301.0, 'J12': -1181.0, 'J13': -3039.0, 'cluster3106249630_3106249631_J60_J61_#5more': -243.0}, {'J10': 1, 'J11': 11, 'J12': 8, 'J13': 17, 'cluster3106249630_3106249631_J60_J61_#5more': 6}, {'J10': 1, 'J11': 16, 'J12': 31, 'J13': 27, 'cluster3106249630_3106249631_J60_J61_#5more': 14}, 
180.0, {'J10': -5.5, 'J11': -2461.0, 'J12': -1454.0, 'J13': -3312.5, 'cluster3106249630_3106249631_J60_J61_#5more': -400.0}, {'J10': 2, 'J11': 11, 'J12': 9, 'J13': 17, 'cluster3106249630_3106249631_J60_J61_#5more': 7}, {'J10': 2, 'J11': 16, 'J12': 36, 'J13': 28, 'cluster3106249630_3106249631_J60_J61_#5more': 21}, 
185.0, {'J10': -5.5, 'J11': -2625.0, 'J12': -1603.5, 'J13': -3596.0, 'cluster3106249630_3106249631_J60_J61_#5more': -626.0}, {'J10': 2, 'J11': 11, 'J12': 9, 'J13': 19, 'cluster3106249630_3106249631_J60_J61_#5more': 11}, {'J10': 2, 'J11': 17, 'J12': 36, 'J13': 30, 'cluster3106249630_3106249631_J60_J61_#5more': 29}, 
190.0, {'J10': 0, 'J11': -2799.5, 'J12': -1964.5, 'J13': -3896.5, 'cluster3106249630_3106249631_J60_J61_#5more': -771.5}, {'J10': 0, 'J11': 12, 'J12': 9, 'J13': 20, 'cluster3106249630_3106249631_J60_J61_#5more': 12}, {'J10': 0, 'J11': 18, 'J12': 37, 'J13': 31, 'cluster3106249630_3106249631_J60_J61_#5more': 29}, 
195.0, {'J10': 0, 'J11': -2982.0, 'J12': -2268.5, 'J13': -4207.0, 'cluster3106249630_3106249631_J60_J61_#5more': -827.5}, {'J10': 0, 'J11': 12, 'J12': 9, 'J13': 20, 'cluster3106249630_3106249631_J60_J61_#5more': 12}, {'J10': 0, 'J11': 19, 'J12': 38, 'J13': 32, 'cluster3106249630_3106249631_J60_J61_#5more': 25}, 
200.0, {'J10': 0, 'J11': -3177.0, 'J12': -2634.5, 'J13': -4529.5, 'cluster3106249630_3106249631_J60_J61_#5more': -945.5}, {'J10': 0, 'J11': 12, 'J12': 10, 'J13': 21, 'cluster3106249630_3106249631_J60_J61_#5more': 16}, {'J10': 0, 'J11': 20, 'J12': 44, 'J13': 33, 'cluster3106249630_3106249631_J60_J61_#5more': 25}, 
205.0, {'J10': -5.0, 'J11': -3377.0, 'J12': -2913.5, 'J13': -4868.0, 'cluster3106249630_3106249631_J60_J61_#5more': -1178.0}, {'J10': 1, 'J11': 12, 'J12': 11, 'J13': 24, 'cluster3106249630_3106249631_J60_J61_#5more': 19}, {'J10': 1, 'J11': 20, 'J12': 48, 'J13': 37, 'cluster3106249630_3106249631_J60_J61_#5more': 30}, 
210.0, {'J10': -2.5, 'J11': -3577.0, 'J12': -3123.5, 'J13': -5238.0, 'cluster3106249630_3106249631_J60_J61_#5more': -1483.5}, {'J10': 1, 'J11': 12, 'J12': 13, 'J13': 24, 'cluster3106249630_3106249631_J60_J61_#5more': 21}, {'J10': 1, 'J11': 20, 'J12': 47, 'J13': 37, 'cluster3106249630_3106249631_J60_J61_#5more': 33}, 
215.0, {'J10': -15.0, 'J11': -3779.5, 'J12': -3270.5, 'J13': -4306.0, 'cluster3106249630_3106249631_J60_J61_#5more': -1793.0}, {'J10': 1, 'J11': 12, 'J12': 13, 'J13': 22, 'cluster3106249630_3106249631_J60_J61_#5more': 21}, {'J10': 2, 'J11': 21, 'J12': 42, 'J13': 32, 'cluster3106249630_3106249631_J60_J61_#5more': 35}, 
220.0, {'J10': 0, 'J11': -3992.5, 'J12': -3583.0, 'J13': -4033.0, 'cluster3106249630_3106249631_J60_J61_#5more': -2156.0}, {'J10': 0, 'J11': 13, 'J12': 13, 'J13': 20, 'cluster3106249630_3106249631_J60_J61_#5more': 23}, {'J10': 0, 'J11': 22, 'J12': 40, 'J13': 29, 'cluster3106249630_3106249631_J60_J61_#5more': 40}, 
225.0, {'J10': 0, 'J11': -4212.5, 'J12': -3935.5, 'J13': -4323.0, 'cluster3106249630_3106249631_J60_J61_#5more': -2563.0}, {'J10': 0, 'J11': 13, 'J12': 14, 'J13': 20, 'cluster3106249630_3106249631_J60_J61_#5more': 24}, {'J10': 0, 'J11': 22, 'J12': 40, 'J13': 29, 'cluster3106249630_3106249631_J60_J61_#5more': 43}, 
230.0, {'J10': 0, 'J11': -4434.0, 'J12': -4350.0, 'J13': -4613.0, 'cluster3106249630_3106249631_J60_J61_#5more': -2944.5}, {'J10': 0, 'J11': 14, 'J12': 15, 'J13': 20, 'cluster3106249630_3106249631_J60_J61_#5more': 24}, {'J10': 0, 'J11': 24, 'J12': 46, 'J13': 29, 'cluster3106249630_3106249631_J60_J61_#5more': 44}, 
235.0, {'J10': 0, 'J11': -4678.0, 'J12': -4821.0, 'J13': -4906.5, 'cluster3106249630_3106249631_J60_J61_#5more': -3280.0}, {'J10': 0, 'J11': 14, 'J12': 17, 'J13': 20, 'cluster3106249630_3106249631_J60_J61_#5more': 26}, {'J10': 0, 'J11': 25, 'J12': 51, 'J13': 30, 'cluster3106249630_3106249631_J60_J61_#5more': 46}, 
240.0, {'J10': -1.5, 'J11': -4928.0, 'J12': -4801.0, 'J13': -5206.5, 'cluster3106249630_3106249631_J60_J61_#5more': -3624.5}, {'J10': 1, 'J11': 14, 'J12': 17, 'J13': 20, 'cluster3106249630_3106249631_J60_J61_#5more': 28}, {'J10': 1, 'J11': 25, 'J12': 47, 'J13': 30, 'cluster3106249630_3106249631_J60_J61_#5more': 50}, 
245.0, {'J10': -11.5, 'J11': -5178.0, 'J12': -5190.0, 'J13': -5510.5, 'cluster3106249630_3106249631_J60_J61_#5more': -4128.0}, {'J10': 1, 'J11': 14, 'J12': 18, 'J13': 22, 'cluster3106249630_3106249631_J60_J61_#5more': 29}, {'J10': 1, 'J11': 25, 'J12': 48, 'J13': 32, 'cluster3106249630_3106249631_J60_J61_#5more': 51}, 
250.0, {'J10': -21.5, 'J11': -5428.0, 'J12': -5210.5, 'J13': -5839.0, 'cluster3106249630_3106249631_J60_J61_#5more': -4644.0}, {'J10': 1, 'J11': 14, 'J12': 19, 'J13': 25, 'cluster3106249630_3106249631_J60_J61_#5more': 29}, {'J10': 1, 'J11': 25, 'J12': 49, 'J13': 35, 'cluster3106249630_3106249631_J60_J61_#5more': 53}, 
255.0, {'J10': -31.5, 'J11': -5678.0, 'J12': -5332.0, 'J13': -6192.5, 'cluster3106249630_3106249631_J60_J61_#5more': -5104.5}, {'J10': 1, 'J11': 14, 'J12': 20, 'J13': 26, 'cluster3106249630_3106249631_J60_J61_#5more': 30}, {'J10': 1, 'J11': 25, 'J12': 46, 'J13': 36, 'cluster3106249630_3106249631_J60_J61_#5more': 51}, 
260.0, {'J10': -41.5, 'J11': -5928.0, 'J12': -4731.5, 'J13': -6552.5, 'cluster3106249630_3106249631_J60_J61_#5more': -5645.0}, {'J10': 1, 'J11': 14, 'J12': 17, 'J13': 26, 'cluster3106249630_3106249631_J60_J61_#5more': 36}, {'J10': 1, 'J11': 25, 'J12': 39, 'J13': 36, 'cluster3106249630_3106249631_J60_J61_#5more': 61}, 
265.0, {'J10': -51.5, 'J11': -6180.0, 'J12': -4345.0, 'J13': -6915.0, 'cluster3106249630_3106249631_J60_J61_#5more': -6263.0}, {'J10': 1, 'J11': 14, 'J12': 16, 'J13': 26, 'cluster3106249630_3106249631_J60_J61_#5more': 38}, {'J10': 1, 'J11': 26, 'J12': 37, 'J13': 37, 'cluster3106249630_3106249631_J60_J61_#5more': 64}, 
270.0, {'J10': -66.0, 'J11': -6444.5, 'J12': -4720.5, 'J13': -7287.5, 'cluster3106249630_3106249631_J60_J61_#5more': -6906.5}, {'J10': 2, 'J11': 14, 'J12': 16, 'J13': 28, 'cluster3106249630_3106249631_J60_J61_#5more': 41}, {'J10': 2, 'J11': 27, 'J12': 40, 'J13': 39, 'cluster3106249630_3106249631_J60_J61_#5more': 67}, 
275.0, {'J10': -16.0, 'J11': -6717.0, 'J12': -5131.0, 'J13': -7677.5, 'cluster3106249630_3106249631_J60_J61_#5more': -7497.5}, {'J10': 1, 'J11': 14, 'J12': 16, 'J13': 28, 'cluster3106249630_3106249631_J60_J61_#5more': 42}, {'J10': 3, 'J11': 28, 'J12': 43, 'J13': 39, 'cluster3106249630_3106249631_J60_J61_#5more': 65}, 
280.0, {'J10': -10.5, 'J11': -7002.0, 'J12': -5135.0, 'J13': -6950.0, 'cluster3106249630_3106249631_J60_J61_#5more': -8147.5}, {'J10': 1, 'J11': 14, 'J12': 20, 'J13': 26, 'cluster3106249630_3106249631_J60_J61_#5more': 42}, {'J10': 1, 'J11': 29, 'J12': 46, 'J13': 36, 'cluster3106249630_3106249631_J60_J61_#5more': 65}, 
285.0, {'J10': 0, 'J11': -7292.0, 'J12': -5389.5, 'J13': -6897.5, 'cluster3106249630_3106249631_J60_J61_#5more': -8798.0}, {'J10': 0, 'J11': 14, 'J12': 20, 'J13': 26, 'cluster3106249630_3106249631_J60_J61_#5more': 42}, {'J10': 0, 'J11': 29, 'J12': 47, 'J13': 35, 'cluster3106249630_3106249631_J60_J61_#5more': 66}, 
290.0, {'J10': -2.0, 'J11': -7582.0, 'J12': -5621.0, 'J13': -7250.5, 'cluster3106249630_3106249631_J60_J61_#5more': -9462.5}, {'J10': 1, 'J11': 14, 'J12': 20, 'J13': 26, 'cluster3106249630_3106249631_J60_J61_#5more': 42}, {'J10': 1, 'J11': 29, 'J12': 44, 'J13': 36, 'cluster3106249630_3106249631_J60_J61_#5more': 69}, 
295.0, {'J10': 0, 'J11': -7874.5, 'J12': -5842.5, 'J13': -7610.5, 'cluster3106249630_3106249631_J60_J61_#5more': -10160.0}, {'J10': 0, 'J11': 14, 'J12': 20, 'J13': 26, 'cluster3106249630_3106249631_J60_J61_#5more': 42}, {'J10': 0, 'J11': 30, 'J12': 44, 'J13': 36, 'cluster3106249630_3106249631_J60_J61_#5more': 71}, 
300.0, {'J10': 0, 'J11': -8174.5, 'J12': -5853.5, 'J13': -7970.5, 'cluster3106249630_3106249631_J60_J61_#5more': -10606.0}, {'J10': 0, 'J11': 14, 'J12': 20, 'J13': 26, 'cluster3106249630_3106249631_J60_J61_#5more': 42}, {'J10': 0, 'J11': 30, 'J12': 44, 'J13': 36, 'cluster3106249630_3106249631_J60_J61_#5more': 69}, 
305.0, {'J10': 0, 'J11': -8474.5, 'J12': -5576.0, 'J13': -8339.5, 'cluster3106249630_3106249631_J60_J61_#5more': -11299.0}, {'J10': 0, 'J11': 14, 'J12': 20, 'J13': 28, 'cluster3106249630_3106249631_J60_J61_#5more': 42}, {'J10': 0, 'J11': 30, 'J12': 42, 'J13': 39, 'cluster3106249630_3106249631_J60_J61_#5more': 71}, 
310.0, {'J10': 0, 'J11': -8774.5, 'J12': -5798.0, 'J13': -8729.5, 'cluster3106249630_3106249631_J60_J61_#5more': -11978.0}, {'J10': 0, 'J11': 14, 'J12': 20, 'J13': 28, 'cluster3106249630_3106249631_J60_J61_#5more': 42}, {'J10': 0, 'J11': 30, 'J12': 40, 'J13': 39, 'cluster3106249630_3106249631_J60_J61_#5more': 72}, 
315.0, {'J10': 0, 'J11': -9074.5, 'J12': -6065.0, 'J13': -9119.5, 'cluster3106249630_3106249631_J60_J61_#5more': -12637.5}, {'J10': 0, 'J11': 14, 'J12': 20, 'J13': 28, 'cluster3106249630_3106249631_J60_J61_#5more': 42}, {'J10': 0, 'J11': 30, 'J12': 41, 'J13': 39, 'cluster3106249630_3106249631_J60_J61_#5more': 71}, 
320.0, {'J10': 0, 'J11': -9376.0, 'J12': -6501.5, 'J13': -9509.5, 'cluster3106249630_3106249631_J60_J61_#5more': -13221.0}, {'J10': 0, 'J11': 15, 'J12': 20, 'J13': 28, 'cluster3106249630_3106249631_J60_J61_#5more': 42}, {'J10': 0, 'J11': 31, 'J12': 47, 'J13': 39, 'cluster3106249630_3106249631_J60_J61_#5more': 68}, 
325.0, {'J10': -2.5, 'J11': -9686.0, 'J12': -6742.5, 'J13': -9899.5, 'cluster3106249630_3106249631_J60_J61_#5more': -13905.5}, {'J10': 1, 'J11': 15, 'J12': 20, 'J13': 28, 'cluster3106249630_3106249631_J60_J61_#5more': 42}, {'J10': 1, 'J11': 31, 'J12': 48, 'J13': 39, 'cluster3106249630_3106249631_J60_J61_#5more': 70}, 
330.0, {'J10': -1.5, 'J11': -9996.0, 'J12': -6927.5, 'J13': -10289.5, 'cluster3106249630_3106249631_J60_J61_#5more': -14605.5}, {'J10': 2, 'J11': 15, 'J12': 20, 'J13': 28, 'cluster3106249630_3106249631_J60_J61_#5more': 42}, {'J10': 2, 'J11': 31, 'J12': 48, 'J13': 39, 'cluster3106249630_3106249631_J60_J61_#5more': 70}, 
335.0, {'J10': -24.0, 'J11': -10309.5, 'J12': -7163.5, 'J13': -10679.5, 'cluster3106249630_3106249631_J60_J61_#5more': -15194.5}, {'J10': 2, 'J11': 16, 'J12': 20, 'J13': 28, 'cluster3106249630_3106249631_J60_J61_#5more': 42}, {'J10': 3, 'J11': 32, 'J12': 45, 'J13': 39, 'cluster3106249630_3106249631_J60_J61_#5more': 69}, 
340.0, {'J10': -73.0, 'J11': -10629.5, 'J12': -7417.0, 'J13': -11077.5, 'cluster3106249630_3106249631_J60_J61_#5more': -15759.0}, {'J10': 4, 'J11': 16, 'J12': 20, 'J13': 28, 'cluster3106249630_3106249631_J60_J61_#5more': 42}, {'J10': 9, 'J11': 32, 'J12': 43, 'J13': 42, 'cluster3106249630_3106249631_J60_J61_#5more': 66}, 
345.0, {'J10': -38.5, 'J11': -10954.0, 'J12': -7307.0, 'J13': -10539.5, 'cluster3106249630_3106249631_J60_J61_#5more': -16396.5}, {'J10': 1, 'J11': 17, 'J12': 20, 'J13': 27, 'cluster3106249630_3106249631_J60_J61_#5more': 42}, {'J10': 3, 'J11': 33, 'J12': 40, 'J13': 39, 'cluster3106249630_3106249631_J60_J61_#5more': 65}, 
350.0, {'J10': -46.0, 'J11': -11284.0, 'J12': -6165.5, 'J13': -10929.5, 'cluster3106249630_3106249631_J60_J61_#5more': -17050.5}, {'J10': 1, 'J11': 17, 'J12': 18, 'J13': 27, 'cluster3106249630_3106249631_J60_J61_#5more': 42}, {'J10': 2, 'J11': 33, 'J12': 36, 'J13': 39, 'cluster3106249630_3106249631_J60_J61_#5more': 67}, 
355.0, {'J10': 0, 'J11': -11615.5, 'J12': -6529.0, 'J13': -11319.5, 'cluster3106249630_3106249631_J60_J61_#5more': -17728.5}, {'J10': 0, 'J11': 18, 'J12': 18, 'J13': 27, 'cluster3106249630_3106249631_J60_J61_#5more': 42}, {'J10': 0, 'J11': 34, 'J12': 39, 'J13': 39, 'cluster3106249630_3106249631_J60_J61_#5more': 69}, 
360.0, {'J10': -4.5, 'J11': -11959.5, 'J12': -6934.5, 'J13': -11709.5, 'cluster3106249630_3106249631_J60_J61_#5more': -18418.5}, {'J10': 2, 'J11': 19, 'J12': 18, 'J13': 27, 'cluster3106249630_3106249631_J60_J61_#5more': 42}, {'J10': 3, 'J11': 35, 'J12': 44, 'J13': 39, 'cluster3106249630_3106249631_J60_J61_#5more': 69}, 
365.0, {'J10': -11.0, 'J11': -12309.5, 'J12': -7169.5, 'J13': -12102.5, 'cluster3106249630_3106249631_J60_J61_#5more': -18895.0}, {'J10': 2, 'J11': 19, 'J12': 20, 'J13': 27, 'cluster3106249630_3106249631_J60_J61_#5more': 42}, {'J10': 2, 'J11': 35, 'J12': 47, 'J13': 40, 'cluster3106249630_3106249631_J60_J61_#5more': 69}, 
370.0, {'J10': -14.5, 'J11': -12659.5, 'J12': -5906.5, 'J13': -12512.0, 'cluster3106249630_3106249631_J60_J61_#5more': -19587.0}, {'J10': 2, 'J11': 19, 'J12': 18, 'J13': 28, 'cluster3106249630_3106249631_J60_J61_#5more': 42}, {'J10': 4, 'J11': 35, 'J12': 41, 'J13': 42, 'cluster3106249630_3106249631_J60_J61_#5more': 70}, 
375.0, {'J10': -13.5, 'J11': -13009.5, 'J12': -6318.0, 'J13': -12932.0, 'cluster3106249630_3106249631_J60_J61_#5more': -20238.5}, {'J10': 2, 'J11': 19, 'J12': 18, 'J13': 28, 'cluster3106249630_3106249631_J60_J61_#5more': 42}, {'J10': 2, 'J11': 35, 'J12': 42, 'J13': 42, 'cluster3106249630_3106249631_J60_J61_#5more': 71}, 
380.0, {'J10': 0, 'J11': -13363.5, 'J12': -6596.0, 'J13': -13352.0, 'cluster3106249630_3106249631_J60_J61_#5more': -20786.0}, {'J10': 0, 'J11': 20, 'J12': 18, 'J13': 28, 'cluster3106249630_3106249631_J60_J61_#5more': 42}, {'J10': 0, 'J11': 36, 'J12': 40, 'J13': 42, 'cluster3106249630_3106249631_J60_J61_#5more': 69}, 
385.0, {'J10': 0, 'J11': -13728.0, 'J12': -6427.0, 'J13': -13775.5, 'cluster3106249630_3106249631_J60_J61_#5more': -21354.0}, {'J10': 0, 'J11': 21, 'J12': 20, 'J13': 28, 'cluster3106249630_3106249631_J60_J61_#5more': 42}, {'J10': 0, 'J11': 37, 'J12': 42, 'J13': 43, 'cluster3106249630_3106249631_J60_J61_#5more': 65}, 
390.0, {'J10': 0, 'J11': -14098.0, 'J12': -6537.0, 'J13': -14205.5, 'cluster3106249630_3106249631_J60_J61_#5more': -21984.0}, {'J10': 0, 'J11': 21, 'J12': 20, 'J13': 28, 'cluster3106249630_3106249631_J60_J61_#5more': 42}, {'J10': 0, 'J11': 37, 'J12': 38, 'J13': 43, 'cluster3106249630_3106249631_J60_J61_#5more': 66}, 
395.0, {'J10': -4.0, 'J11': -14473.0, 'J12': -5043.0, 'J13': -14635.5, 'cluster3106249630_3106249631_J60_J61_#5more': -22651.5}, {'J10': 1, 'J11': 22, 'J12': 17, 'J13': 28, 'cluster3106249630_3106249631_J60_J61_#5more': 42}, {'J10': 1, 'J11': 38, 'J12': 33, 'J13': 43, 'cluster3106249630_3106249631_J60_J61_#5more': 68}, 
400.0, {'J10': -15.5, 'J11': -14853.0, 'J12': -5235.0, 'J13': -15065.5, 'cluster3106249630_3106249631_J60_J61_#5more': -23331.5}, {'J10': 2, 'J11': 22, 'J12': 17, 'J13': 28, 'cluster3106249630_3106249631_J60_J61_#5more': 42}, {'J10': 2, 'J11': 38, 'J12': 37, 'J13': 43, 'cluster3106249630_3106249631_J60_J61_#5more': 68}, 
405.0, {'J10': -35.5, 'J11': -15233.0, 'J12': -5585.0, 'J13': -15495.5, 'cluster3106249630_3106249631_J60_J61_#5more': -24016.5}, {'J10': 2, 'J11': 22, 'J12': 17, 'J13': 28, 'cluster3106249630_3106249631_J60_J61_#5more': 42}, {'J10': 2, 'J11': 38, 'J12': 38, 'J13': 43, 'cluster3106249630_3106249631_J60_J61_#5more': 69}, 
410.0, {'J10': -55.5, 'J11': -15613.0, 'J12': -5616.0, 'J13': -14079.5, 'cluster3106249630_3106249631_J60_J61_#5more': -24665.5}, {'J10': 2, 'J11': 22, 'J12': 17, 'J13': 26, 'cluster3106249630_3106249631_J60_J61_#5more': 42}, {'J10': 2, 'J11': 38, 'J12': 41, 'J13': 39, 'cluster3106249630_3106249631_J60_J61_#5more': 68}, 
415.0, {'J10': -76.5, 'J11': -15993.0, 'J12': -5893.5, 'J13': -13795.0, 'cluster3106249630_3106249631_J60_J61_#5more': -25345.5}, {'J10': 2, 'J11': 22, 'J12': 20, 'J13': 26, 'cluster3106249630_3106249631_J60_J61_#5more': 42}, {'J10': 3, 'J11': 38, 'J12': 45, 'J13': 37, 'cluster3106249630_3106249631_J60_J61_#5more': 68}, 
420.0, {'J10': -107.0, 'J11': -16377.0, 'J12': -6293.5, 'J13': -14165.0, 'cluster3106249630_3106249631_J60_J61_#5more': -25965.0}, {'J10': 2, 'J11': 23, 'J12': 20, 'J13': 26, 'cluster3106249630_3106249631_J60_J61_#5more': 42}, {'J10': 4, 'J11': 39, 'J12': 45, 'J13': 37, 'cluster3106249630_3106249631_J60_J61_#5more': 67}, 
425.0, {'J10': -63.5, 'J11': -16767.0, 'J12': -6722.0, 'J13': -14535.0, 'cluster3106249630_3106249631_J60_J61_#5more': -26572.0}, {'J10': 1, 'J11': 23, 'J12': 20, 'J13': 26, 'cluster3106249630_3106249631_J60_J61_#5more': 42}, {'J10': 3, 'J11': 39, 'J12': 49, 'J13': 37, 'cluster3106249630_3106249631_J60_J61_#5more': 66}, 
430.0, {'J10': -5.5, 'J11': -17163.0, 'J12': -6913.5, 'J13': -14915.0, 'cluster3106249630_3106249631_J60_J61_#5more': -27161.5}, {'J10': 1, 'J11': 25, 'J12': 20, 'J13': 28, 'cluster3106249630_3106249631_J60_J61_#5more': 42}, {'J10': 3, 'J11': 41, 'J12': 48, 'J13': 42, 'cluster3106249630_3106249631_J60_J61_#5more': 68}, 
435.0, {'J10': -28.5, 'J11': -17573.0, 'J12': -7283.5, 'J13': -15335.0, 'cluster3106249630_3106249631_J60_J61_#5more': -27847.5}, {'J10': 2, 'J11': 25, 'J12': 20, 'J13': 28, 'cluster3106249630_3106249631_J60_J61_#5more': 42}, {'J10': 3, 'J11': 41, 'J12': 45, 'J13': 42, 'cluster3106249630_3106249631_J60_J61_#5more': 70}, 
440.0, {'J10': -58.5, 'J11': -17984.0, 'J12': -7611.0, 'J13': -15755.0, 'cluster3106249630_3106249631_J60_J61_#5more': -28556.0}, {'J10': 2, 'J11': 26, 'J12': 20, 'J13': 28, 'cluster3106249630_3106249631_J60_J61_#5more': 42}, {'J10': 3, 'J11': 42, 'J12': 48, 'J13': 42, 'cluster3106249630_3106249631_J60_J61_#5more': 72}, 
445.0, {'J10': -88.5, 'J11': -18408.0, 'J12': -8007.0, 'J13': -16175.0, 'cluster3106249630_3106249631_J60_J61_#5more': -29159.0}, {'J10': 2, 'J11': 27, 'J12': 20, 'J13': 28, 'cluster3106249630_3106249631_J60_J61_#5more': 42}, {'J10': 3, 'J11': 43, 'J12': 50, 'J13': 42, 'cluster3106249630_3106249631_J60_J61_#5more': 70}, 
450.0, {'J10': -118.5, 'J11': -18841.5, 'J12': -8174.0, 'J13': -16595.0, 'cluster3106249630_3106249631_J60_J61_#5more': -29789.5}, {'J10': 2, 'J11': 28, 'J12': 20, 'J13': 28, 'cluster3106249630_3106249631_J60_J61_#5more': 42}, {'J10': 3, 'J11': 44, 'J12': 45, 'J13': 42, 'cluster3106249630_3106249631_J60_J61_#5more': 69}, 
455.0, {'J10': -148.5, 'J11': -19285.5, 'J12': -8542.5, 'J13': -17015.0, 'cluster3106249630_3106249631_J60_J61_#5more': -30480.5}, {'J10': 2, 'J11': 29, 'J12': 20, 'J13': 28, 'cluster3106249630_3106249631_J60_J61_#5more': 42}, {'J10': 3, 'J11': 45, 'J12': 42, 'J13': 42, 'cluster3106249630_3106249631_J60_J61_#5more': 70}, 
460.0, {'J10': -183.5, 'J11': -19735.5, 'J12': -8976.5, 'J13': -17435.0, 'cluster3106249630_3106249631_J60_J61_#5more': -31184.5}, {'J10': 2, 'J11': 29, 'J12': 20, 'J13': 28, 'cluster3106249630_3106249631_J60_J61_#5more': 42}, {'J10': 4, 'J11': 45, 'J12': 49, 'J13': 42, 'cluster3106249630_3106249631_J60_J61_#5more': 71}, 
465.0, {'J10': -80.5, 'J11': -20185.5, 'J12': -9200.5, 'J13': -17855.0, 'cluster3106249630_3106249631_J60_J61_#5more': -31895.5}, {'J10': 1, 'J11': 29, 'J12': 20, 'J13': 28, 'cluster3106249630_3106249631_J60_J61_#5more': 42}, {'J10': 4, 'J11': 45, 'J12': 47, 'J13': 42, 'cluster3106249630_3106249631_J60_J61_#5more': 72}, 
470.0, {'J10': -15.0, 'J11': -20644.0, 'J12': -9506.5, 'J13': -18275.0, 'cluster3106249630_3106249631_J60_J61_#5more': -32620.0}, {'J10': 1, 'J11': 29, 'J12': 20, 'J13': 28, 'cluster3106249630_3106249631_J60_J61_#5more': 42}, {'J10': 3, 'J11': 48, 'J12': 45, 'J13': 42, 'cluster3106249630_3106249631_J60_J61_#5more': 74}, 
475.0, {'J10': -24.5, 'J11': -21096.0, 'J12': -9796.0, 'J13': -16559.5, 'cluster3106249630_3106249631_J60_J61_#5more': -33042.0}, {'J10': 1, 'J11': 29, 'J12': 20, 'J13': 26, 'cluster3106249630_3106249631_J60_J61_#5more': 42}, {'J10': 2, 'J11': 46, 'J12': 41, 'J13': 38, 'cluster3106249630_3106249631_J60_J61_#5more': 72}, 
480.0, {'J10': -1.5, 'J11': -21535.5, 'J12': -10011.5, 'J13': -16940.0, 'cluster3106249630_3106249631_J60_J61_#5more': -33547.0}, {'J10': 1, 'J11': 29, 'J12': 20, 'J13': 26, 'cluster3106249630_3106249631_J60_J61_#5more': 42}, {'J10': 1, 'J11': 45, 'J12': 45, 'J13': 39, 'cluster3106249630_3106249631_J60_J61_#5more': 67}, 
485.0, {'J10': 0, 'J11': -21993.0, 'J12': -10215.0, 'J13': -17330.0, 'cluster3106249630_3106249631_J60_J61_#5more': -34142.5}, {'J10': 0, 'J11': 29, 'J12': 20, 'J13': 26, 'cluster3106249630_3106249631_J60_J61_#5more': 42}, {'J10': 0, 'J11': 47, 'J12': 43, 'J13': 39, 'cluster3106249630_3106249631_J60_J61_#5more': 64}, 
490.0, {'J10': 0, 'J11': -22466.0, 'J12': -8981.5, 'J13': -17720.0, 'cluster3106249630_3106249631_J60_J61_#5more': -34784.5}, {'J10': 0, 'J11': 29, 'J12': 18, 'J13': 26, 'cluster3106249630_3106249631_J60_J61_#5more': 42}, {'J10': 0, 'J11': 49, 'J12': 37, 'J13': 39, 'cluster3106249630_3106249631_J60_J61_#5more': 66}, 
495.0, {'J10': 0, 'J11': -22934.5, 'J12': -8979.5, 'J13': -18112.0, 'cluster3106249630_3106249631_J60_J61_#5more': -35446.5}, {'J10': 0, 'J11': 30, 'J12': 18, 'J13': 28, 'cluster3106249630_3106249631_J60_J61_#5more': 42}, {'J10': 0, 'J11': 50, 'J12': 37, 'J13': 41, 'cluster3106249630_3106249631_J60_J61_#5more': 68}, 
500.0, {'J10': -4.5, 'J11': -23364.0, 'J12': -9319.5, 'J13': -18522.0, 'cluster3106249630_3106249631_J60_J61_#5more': -36136.5}, {'J10': 1, 'J11': 32, 'J12': 18, 'J13': 28, 'cluster3106249630_3106249631_J60_J61_#5more': 42}, {'J10': 1, 'J11': 49, 'J12': 41, 'J13': 41, 'cluster3106249630_3106249631_J60_J61_#5more': 71}, 
505.0, {'J10': -14.5, 'J11': -23831.0, 'J12': -9671.0, 'J13': -18933.5, 'cluster3106249630_3106249631_J60_J61_#5more': -36815.0}, {'J10': 1, 'J11': 32, 'J12': 19, 'J13': 28, 'cluster3106249630_3106249631_J60_J61_#5more': 42}, {'J10': 1, 'J11': 48, 'J12': 45, 'J13': 42, 'cluster3106249630_3106249631_J60_J61_#5more': 70}, 
510.0, {'J10': -24.5, 'J11': -24311.0, 'J12': -10048.5, 'J13': -19353.5, 'cluster3106249630_3106249631_J60_J61_#5more': -37412.5}, {'J10': 1, 'J11': 32, 'J12': 21, 'J13': 28, 'cluster3106249630_3106249631_J60_J61_#5more': 42}, {'J10': 1, 'J11': 48, 'J12': 49, 'J13': 42, 'cluster3106249630_3106249631_J60_J61_#5more': 67}, 
515.0, {'J10': -34.5, 'J11': -24791.5, 'J12': -10529.5, 'J13': -19773.5, 'cluster3106249630_3106249631_J60_J61_#5more': -38015.0}, {'J10': 1, 'J11': 32, 'J12': 21, 'J13': 28, 'cluster3106249630_3106249631_J60_J61_#5more': 42}, {'J10': 1, 'J11': 49, 'J12': 50, 'J13': 42, 'cluster3106249630_3106249631_J60_J61_#5more': 65}, 
520.0, {'J10': -44.5, 'J11': -25271.0, 'J12': -10839.0, 'J13': -20193.5, 'cluster3106249630_3106249631_J60_J61_#5more': -38665.0}, {'J10': 1, 'J11': 32, 'J12': 21, 'J13': 28, 'cluster3106249630_3106249631_J60_J61_#5more': 42}, {'J10': 1, 'J11': 48, 'J12': 46, 'J13': 42, 'cluster3106249630_3106249631_J60_J61_#5more': 65}, 
525.0, {'J10': -54.5, 'J11': -25751.0, 'J12': -11301.0, 'J13': -20613.5, 'cluster3106249630_3106249631_J60_J61_#5more': -39323.0}, {'J10': 1, 'J11': 32, 'J12': 21, 'J13': 28, 'cluster3106249630_3106249631_J60_J61_#5more': 42}, {'J10': 1, 'J11': 48, 'J12': 47, 'J13': 42, 'cluster3106249630_3106249631_J60_J61_#5more': 68}, 
530.0, {'J10': -66.5, 'J11': -26231.0, 'J12': -11641.5, 'J13': -21035.0, 'cluster3106249630_3106249631_J60_J61_#5more': -39993.5}, {'J10': 1, 'J11': 32, 'J12': 21, 'J13': 28, 'cluster3106249630_3106249631_J60_J61_#5more': 42}, {'J10': 2, 'J11': 48, 'J12': 47, 'J13': 43, 'cluster3106249630_3106249631_J60_J61_#5more': 68}, 
535.0, {'J10': -1.0, 'J11': -26711.0, 'J12': -11503.5, 'J13': -21465.0, 'cluster3106249630_3106249631_J60_J61_#5more': -40673.5}, {'J10': 1, 'J11': 32, 'J12': 21, 'J13': 28, 'cluster3106249630_3106249631_J60_J61_#5more': 42}, {'J10': 1, 'J11': 48, 'J12': 46, 'J13': 43, 'cluster3106249630_3106249631_J60_J61_#5more': 68}, 
540.0, {'J10': -12.0, 'J11': -27191.0, 'J12': -11779.5, 'J13': -18103.5, 'cluster3106249630_3106249631_J60_J61_#5more': -41321.0}, {'J10': 1, 'J11': 32, 'J12': 21, 'J13': 24, 'cluster3106249630_3106249631_J60_J61_#5more': 42}, {'J10': 2, 'J11': 48, 'J12': 46, 'J13': 37, 'cluster3106249630_3106249631_J60_J61_#5more': 67}, 
545.0, {'J10': -22.0, 'J11': -27671.0, 'J12': -11676.0, 'J13': -17818.5, 'cluster3106249630_3106249631_J60_J61_#5more': -41949.5}, {'J10': 1, 'J11': 32, 'J12': 21, 'J13': 24, 'cluster3106249630_3106249631_J60_J61_#5more': 42}, {'J10': 2, 'J11': 48, 'J12': 44, 'J13': 35, 'cluster3106249630_3106249631_J60_J61_#5more': 66}, 
550.0, {'J10': -3.0, 'J11': -28151.0, 'J12': -11741.0, 'J13': -18168.5, 'cluster3106249630_3106249631_J60_J61_#5more': -42609.5}, {'J10': 1, 'J11': 32, 'J12': 21, 'J13': 24, 'cluster3106249630_3106249631_J60_J61_#5more': 42}, {'J10': 1, 'J11': 48, 'J12': 46, 'J13': 35, 'cluster3106249630_3106249631_J60_J61_#5more': 66}, 
555.0, {'J10': -3.5, 'J11': -28631.0, 'J12': -9768.0, 'J13': -18518.5, 'cluster3106249630_3106249631_J60_J61_#5more': -43278.0}, {'J10': 2, 'J11': 32, 'J12': 19, 'J13': 24, 'cluster3106249630_3106249631_J60_J61_#5more': 42}, {'J10': 2, 'J11': 48, 'J12': 39, 'J13': 35, 'cluster3106249630_3106249631_J60_J61_#5more': 68}, 
560.0, {'J10': -26.0, 'J11': -29111.0, 'J12': -10047.5, 'J13': -18872.5, 'cluster3106249630_3106249631_J60_J61_#5more': -43843.5}, {'J10': 3, 'J11': 32, 'J12': 19, 'J13': 24, 'cluster3106249630_3106249631_J60_J61_#5more': 42}, {'J10': 4, 'J11': 48, 'J12': 40, 'J13': 37, 'cluster3106249630_3106249631_J60_J61_#5more': 69}, 
565.0, {'J10': -66.0, 'J11': -29591.0, 'J12': -10325.0, 'J13': -19256.5, 'cluster3106249630_3106249631_J60_J61_#5more': -44466.0}, {'J10': 3, 'J11': 32, 'J12': 19, 'J13': 28, 'cluster3106249630_3106249631_J60_J61_#5more': 42}, {'J10': 4, 'J11': 48, 'J12': 40, 'J13': 41, 'cluster3106249630_3106249631_J60_J61_#5more': 71}, 
570.0, {'J10': -89.0, 'J11': -30071.0, 'J12': -9974.0, 'J13': -19666.5, 'cluster3106249630_3106249631_J60_J61_#5more': -45183.5}, {'J10': 4, 'J11': 32, 'J12': 19, 'J13': 28, 'cluster3106249630_3106249631_J60_J61_#5more': 42}, {'J10': 4, 'J11': 48, 'J12': 41, 'J13': 41, 'cluster3106249630_3106249631_J60_J61_#5more': 73}, 
575.0, {'J10': -15.0, 'J11': -30551.0, 'J12': -8688.5, 'J13': -20076.5, 'cluster3106249630_3106249631_J60_J61_#5more': -45832.5}, {'J10': 1, 'J11': 32, 'J12': 18, 'J13': 28, 'cluster3106249630_3106249631_J60_J61_#5more': 42}, {'J10': 1, 'J11': 48, 'J12': 38, 'J13': 41, 'cluster3106249630_3106249631_J60_J61_#5more': 70}, 
580.0, {'J10': 0, 'J11': -31031.0, 'J12': -8328.0, 'J13': -20486.5, 'cluster3106249630_3106249631_J60_J61_#5more': -46532.5}, {'J10': 0, 'J11': 32, 'J12': 17, 'J13': 28, 'cluster3106249630_3106249631_J60_J61_#5more': 42}, {'J10': 0, 'J11': 48, 'J12': 42, 'J13': 41, 'cluster3106249630_3106249631_J60_J61_#5more': 70}, 
585.0, {'J10': -3.5, 'J11': -31511.0, 'J12': -8318.5, 'J13': -20896.5, 'cluster3106249630_3106249631_J60_J61_#5more': -47167.5}, {'J10': 1, 'J11': 32, 'J12': 17, 'J13': 28, 'cluster3106249630_3106249631_J60_J61_#5more': 42}, {'J10': 1, 'J11': 48, 'J12': 40, 'J13': 41, 'cluster3106249630_3106249631_J60_J61_#5more': 69}, 
590.0, {'J10': -1.5, 'J11': -31991.0, 'J12': -8537.5, 'J13': -21306.5, 'cluster3106249630_3106249631_J60_J61_#5more': -47784.0}, {'J10': 1, 'J11': 32, 'J12': 17, 'J13': 28, 'cluster3106249630_3106249631_J60_J61_#5more': 42}, {'J10': 1, 'J11': 48, 'J12': 40, 'J13': 41, 'cluster3106249630_3106249631_J60_J61_#5more': 68}, 
595.0, {'J10': 0, 'J11': -32471.0, 'J12': -8917.5, 'J13': -21716.5, 'cluster3106249630_3106249631_J60_J61_#5more': -48469.0}, {'J10': 0, 'J11': 32, 'J12': 20, 'J13': 28, 'cluster3106249630_3106249631_J60_J61_#5more': 42}, {'J10': 0, 'J11': 48, 'J12': 48, 'J13': 41, 'cluster3106249630_3106249631_J60_J61_#5more': 71}, 
600.0, {'J10': -3.0, 'J11': -32951.0, 'J12': -9148.0, 'J13': -22126.5, 'cluster3106249630_3106249631_J60_J61_#5more': -49179.0}, {'J10': 1, 'J11': 32, 'J12': 21, 'J13': 28, 'cluster3106249630_3106249631_J60_J61_#5more': 42}, {'J10': 1, 'J11': 48, 'J12': 47, 'J13': 41, 'cluster3106249630_3106249631_J60_J61_#5more': 71}, 
605.0, {'J10': -17.5, 'J11': -33431.0, 'J12': -9517.0, 'J13': -19244.0, 'cluster3106249630_3106249631_J60_J61_#5more': -49895.0}, {'J10': 1, 'J11': 32, 'J12': 21, 'J13': 25, 'cluster3106249630_3106249631_J60_J61_#5more': 42}, {'J10': 2, 'J11': 48, 'J12': 46, 'J13': 37, 'cluster3106249630_3106249631_J60_J61_#5more': 73}, 
610.0, {'J10': -3.0, 'J11': -33911.0, 'J12': -9978.0, 'J13': -18742.0, 'cluster3106249630_3106249631_J60_J61_#5more': -50625.0}, {'J10': 1, 'J11': 32, 'J12': 21, 'J13': 24, 'cluster3106249630_3106249631_J60_J61_#5more': 42}, {'J10': 2, 'J11': 48, 'J12': 47, 'J13': 36, 'cluster3106249630_3106249631_J60_J61_#5more': 73}, 
615.0, {'J10': 0, 'J11': -34391.0, 'J12': -10453.5, 'J13': -19102.0, 'cluster3106249630_3106249631_J60_J61_#5more': -51355.0}, {'J10': 0, 'J11': 32, 'J12': 21, 'J13': 24, 'cluster3106249630_3106249631_J60_J61_#5more': 42}, {'J10': 0, 'J11': 48, 'J12': 50, 'J13': 36, 'cluster3106249630_3106249631_J60_J61_#5more': 73}, 
620.0, {'J10': 0, 'J11': -34874.0, 'J12': -9834.5, 'J13': -19462.0, 'cluster3106249630_3106249631_J60_J61_#5more': -52085.0}, {'J10': 0, 'J11': 32, 'J12': 20, 'J13': 24, 'cluster3106249630_3106249631_J60_J61_#5more': 42}, {'J10': 0, 'J11': 49, 'J12': 49, 'J13': 36, 'cluster3106249630_3106249631_J60_J61_#5more': 73}, 
625.0, {'J10': 0, 'J11': -35351.0, 'J12': -10059.5, 'J13': -19825.0, 'cluster3106249630_3106249631_J60_J61_#5more': -52692.0}, {'J10': 0, 'J11': 32, 'J12': 20, 'J13': 24, 'cluster3106249630_3106249631_J60_J61_#5more': 42}, {'J10': 0, 'J11': 48, 'J12': 46, 'J13': 37, 'cluster3106249630_3106249631_J60_J61_#5more': 73}, 
630.0, {'J10': 0, 'J11': -35831.0, 'J12': -10278.5, 'J13': -20208.5, 'cluster3106249630_3106249631_J60_J61_#5more': -53422.0}, {'J10': 0, 'J11': 32, 'J12': 20, 'J13': 28, 'cluster3106249630_3106249631_J60_J61_#5more': 42}, {'J10': 0, 'J11': 48, 'J12': 44, 'J13': 41, 'cluster3106249630_3106249631_J60_J61_#5more': 73}, 
635.0, {'J10': 0, 'J11': -36311.0, 'J12': -10682.5, 'J13': -20618.5, 'cluster3106249630_3106249631_J60_J61_#5more': -54154.5}, {'J10': 0, 'J11': 32, 'J12': 21, 'J13': 28, 'cluster3106249630_3106249631_J60_J61_#5more': 42}, {'J10': 0, 'J11': 48, 'J12': 51, 'J13': 41, 'cluster3106249630_3106249631_J60_J61_#5more': 75}, 
640.0, {'J10': 0, 'J11': -36791.0, 'J12': -10149.5, 'J13': -21028.5, 'cluster3106249630_3106249631_J60_J61_#5more': -54907.0}, {'J10': 0, 'J11': 32, 'J12': 20, 'J13': 28, 'cluster3106249630_3106249631_J60_J61_#5more': 42}, {'J10': 0, 'J11': 48, 'J12': 50, 'J13': 41, 'cluster3106249630_3106249631_J60_J61_#5more': 77}, 
645.0, {'J10': 0, 'J11': -37273.0, 'J12': -10654.5, 'J13': -21438.5, 'cluster3106249630_3106249631_J60_J61_#5more': -55614.5}, {'J10': 0, 'J11': 32, 'J12': 20, 'J13': 28, 'cluster3106249630_3106249631_J60_J61_#5more': 42}, {'J10': 0, 'J11': 49, 'J12': 53, 'J13': 41, 'cluster3106249630_3106249631_J60_J61_#5more': 75}, 
650.0, {'J10': 0, 'J11': -37751.0, 'J12': -11152.0, 'J13': -21848.5, 'cluster3106249630_3106249631_J60_J61_#5more': -56106.5}, {'J10': 0, 'J11': 32, 'J12': 21, 'J13': 28, 'cluster3106249630_3106249631_J60_J61_#5more': 42}, {'J10': 0, 'J11': 48, 'J12': 57, 'J13': 41, 'cluster3106249630_3106249631_J60_J61_#5more': 71}, 
655.0, {'J10': 0, 'J11': -38234.5, 'J12': -11517.5, 'J13': -22258.5, 'cluster3106249630_3106249631_J60_J61_#5more': -56816.5}, {'J10': 0, 'J11': 32, 'J12': 21, 'J13': 28, 'cluster3106249630_3106249631_J60_J61_#5more': 42}, {'J10': 0, 'J11': 50, 'J12': 55, 'J13': 41, 'cluster3106249630_3106249631_J60_J61_#5more': 71}, 
660.0, {'J10': 0, 'J11': -38738.5, 'J12': -12067.5, 'J13': -22668.5, 'cluster3106249630_3106249631_J60_J61_#5more': -57527.5}, {'J10': 0, 'J11': 32, 'J12': 21, 'J13': 28, 'cluster3106249630_3106249631_J60_J61_#5more': 42}, {'J10': 0, 'J11': 52, 'J12': 55, 'J13': 41, 'cluster3106249630_3106249631_J60_J61_#5more': 72}, 
665.0, {'J10': 0, 'J11': -39239.0, 'J12': -12532.0, 'J13': -23078.5, 'cluster3106249630_3106249631_J60_J61_#5more': -58105.5}, {'J10': 0, 'J11': 32, 'J12': 21, 'J13': 28, 'cluster3106249630_3106249631_J60_J61_#5more': 42}, {'J10': 0, 'J11': 52, 'J12': 58, 'J13': 41, 'cluster3106249630_3106249631_J60_J61_#5more': 71}, 
670.0, {'J10': 0, 'J11': -39705.0, 'J12': -12840.0, 'J13': -19922.5, 'cluster3106249630_3106249631_J60_J61_#5more': -58663.5}, {'J10': 0, 'J11': 32, 'J12': 21, 'J13': 25, 'cluster3106249630_3106249631_J60_J61_#5more': 42}, {'J10': 0, 'J11': 50, 'J12': 58, 'J13': 37, 'cluster3106249630_3106249631_J60_J61_#5more': 70}, 
675.0, {'J10': 0, 'J11': -40151.0, 'J12': -13292.0, 'J13': -18678.5, 'cluster3106249630_3106249631_J60_J61_#5more': -59363.5}, {'J10': 0, 'J11': 32, 'J12': 21, 'J13': 24, 'cluster3106249630_3106249631_J60_J61_#5more': 42}, {'J10': 0, 'J11': 48, 'J12': 57, 'J13': 35, 'cluster3106249630_3106249631_J60_J61_#5more': 70}, 
680.0, {'J10': 0, 'J11': -40631.0, 'J12': -13615.0, 'J13': -19028.5, 'cluster3106249630_3106249631_J60_J61_#5more': -60071.5}, {'J10': 0, 'J11': 32, 'J12': 21, 'J13': 24, 'cluster3106249630_3106249631_J60_J61_#5more': 42}, {'J10': 0, 'J11': 48, 'J12': 53, 'J13': 35, 'cluster3106249630_3106249631_J60_J61_#5more': 72}, 
685.0, {'J10': 0, 'J11': -41111.0, 'J12': -13934.0, 'J13': -19378.5, 'cluster3106249630_3106249631_J60_J61_#5more': -60791.5}, {'J10': 0, 'J11': 32, 'J12': 21, 'J13': 24, 'cluster3106249630_3106249631_J60_J61_#5more': 42}, {'J10': 0, 'J11': 48, 'J12': 51, 'J13': 35, 'cluster3106249630_3106249631_J60_J61_#5more': 72}, 
690.0, {'J10': 0, 'J11': -41591.0, 'J12': -14334.0, 'J13': -19733.0, 'cluster3106249630_3106249631_J60_J61_#5more': -61260.5}, {'J10': 0, 'J11': 32, 'J12': 21, 'J13': 24, 'cluster3106249630_3106249631_J60_J61_#5more': 42}, {'J10': 0, 'J11': 48, 'J12': 50, 'J13': 37, 'cluster3106249630_3106249631_J60_J61_#5more': 72}, 
695.0, {'J10': 0, 'J11': -42071.0, 'J12': -14838.5, 'J13': -20113.5, 'cluster3106249630_3106249631_J60_J61_#5more': -61981.0}, {'J10': 0, 'J11': 32, 'J12': 21, 'J13': 27, 'cluster3106249630_3106249631_J60_J61_#5more': 42}, {'J10': 0, 'J11': 48, 'J12': 54, 'J13': 40, 'cluster3106249630_3106249631_J60_J61_#5more': 73}, 
700.0, {'J10': -3.0, 'J11': -42551.0, 'J12': -15180.0, 'J13': -20517.0, 'cluster3106249630_3106249631_J60_J61_#5more': -62690.5}, {'J10': 1, 'J11': 32, 'J12': 21, 'J13': 28, 'cluster3106249630_3106249631_J60_J61_#5more': 42}, {'J10': 1, 'J11': 48, 'J12': 57, 'J13': 41, 'cluster3106249630_3106249631_J60_J61_#5more': 72}, 
705.0, {'J10': -3.0, 'J11': -43031.0, 'J12': -15755.0, 'J13': -20927.0, 'cluster3106249630_3106249631_J60_J61_#5more': -63206.0}, {'J10': 1, 'J11': 32, 'J12': 21, 'J13': 28, 'cluster3106249630_3106249631_J60_J61_#5more': 42}, {'J10': 1, 'J11': 48, 'J12': 61, 'J13': 41, 'cluster3106249630_3106249631_J60_J61_#5more': 71}, 
710.0, {'J10': 0, 'J11': -43511.0, 'J12': -16243.5, 'J13': -21337.0, 'cluster3106249630_3106249631_J60_J61_#5more': -63916.0}, {'J10': 0, 'J11': 32, 'J12': 21, 'J13': 28, 'cluster3106249630_3106249631_J60_J61_#5more': 42}, {'J10': 0, 'J11': 48, 'J12': 62, 'J13': 41, 'cluster3106249630_3106249631_J60_J61_#5more': 71}, 
715.0, {'J10': -3.5, 'J11': -43991.0, 'J12': -16666.5, 'J13': -21747.0, 'cluster3106249630_3106249631_J60_J61_#5more': -64627.0}, {'J10': 1, 'J11': 32, 'J12': 21, 'J13': 28, 'cluster3106249630_3106249631_J60_J61_#5more': 42}, {'J10': 1, 'J11': 48, 'J12': 59, 'J13': 41, 'cluster3106249630_3106249631_J60_J61_#5more': 72}, 
720.0, {'J10': 0, 'J11': -44471.0, 'J12': -17097.5, 'J13': -22157.0, 'cluster3106249630_3106249631_J60_J61_#5more': -65347.0}, {'J10': 0, 'J11': 32, 'J12': 21, 'J13': 28, 'cluster3106249630_3106249631_J60_J61_#5more': 42}, {'J10': 0, 'J11': 48, 'J12': 56, 'J13': 41, 'cluster3106249630_3106249631_J60_J61_#5more': 72}, 
725.0, {'J10': -3.0, 'J11': -44951.0, 'J12': -17658.0, 'J13': -22567.0, 'cluster3106249630_3106249631_J60_J61_#5more': -66067.0}, {'J10': 1, 'J11': 32, 'J12': 21, 'J13': 28, 'cluster3106249630_3106249631_J60_J61_#5more': 42}, {'J10': 2, 'J11': 48, 'J12': 57, 'J13': 41, 'cluster3106249630_3106249631_J60_J61_#5more': 72}, 
730.0, {'J10': -23.0, 'J11': -45431.0, 'J12': -17852.0, 'J13': -22977.0, 'cluster3106249630_3106249631_J60_J61_#5more': -66787.0}, {'J10': 1, 'J11': 32, 'J12': 21, 'J13': 28, 'cluster3106249630_3106249631_J60_J61_#5more': 42}, {'J10': 2, 'J11': 48, 'J12': 55, 'J13': 41, 'cluster3106249630_3106249631_J60_J61_#5more': 72}, 
735.0, {'J10': -29.0, 'J11': -45911.0, 'J12': -18242.5, 'J13': -20548.5, 'cluster3106249630_3106249631_J60_J61_#5more': -67507.0}, {'J10': 3, 'J11': 32, 'J12': 21, 'J13': 26, 'cluster3106249630_3106249631_J60_J61_#5more': 42}, {'J10': 4, 'J11': 48, 'J12': 53, 'J13': 38, 'cluster3106249630_3106249631_J60_J61_#5more': 72}, 
740.0, {'J10': -17.5, 'J11': -46391.0, 'J12': -18621.5, 'J13': -18210.0, 'cluster3106249630_3106249631_J60_J61_#5more': -68227.0}, {'J10': 2, 'J11': 32, 'J12': 21, 'J13': 24, 'cluster3106249630_3106249631_J60_J61_#5more': 42}, {'J10': 3, 'J11': 48, 'J12': 54, 'J13': 35, 'cluster3106249630_3106249631_J60_J61_#5more': 72}, 
745.0, {'J10': -12.5, 'J11': -46872.5, 'J12': -19105.5, 'J13': -18560.0, 'cluster3106249630_3106249631_J60_J61_#5more': -68950.0}, {'J10': 2, 'J11': 32, 'J12': 21, 'J13': 24, 'cluster3106249630_3106249631_J60_J61_#5more': 42}, {'J10': 2, 'J11': 49, 'J12': 54, 'J13': 35, 'cluster3106249630_3106249631_J60_J61_#5more': 73}, 
750.0, {'J10': -14.5, 'J11': -47351.0, 'J12': -19402.0, 'J13': -18911.0, 'cluster3106249630_3106249631_J60_J61_#5more': -69680.0}, {'J10': 1, 'J11': 32, 'J12': 21, 'J13': 24, 'cluster3106249630_3106249631_J60_J61_#5more': 42}, {'J10': 3, 'J11': 48, 'J12': 54, 'J13': 36, 'cluster3106249630_3106249631_J60_J61_#5more': 73}, 
755.0, {'J10': -36.0, 'J11': -47831.0, 'J12': -19631.0, 'J13': -19274.5, 'cluster3106249630_3106249631_J60_J61_#5more': -70410.0}, {'J10': 3, 'J11': 32, 'J12': 21, 'J13': 24, 'cluster3106249630_3106249631_J60_J61_#5more': 42}, {'J10': 4, 'J11': 48, 'J12': 52, 'J13': 38, 'cluster3106249630_3106249631_J60_J61_#5more': 73}, 
760.0, {'J10': -30.5, 'J11': -48313.0, 'J12': -19991.0, 'J13': -19668.5, 'cluster3106249630_3106249631_J60_J61_#5more': -71140.0}, {'J10': 1, 'J11': 32, 'J12': 21, 'J13': 28, 'cluster3106249630_3106249631_J60_J61_#5more': 42}, {'J10': 1, 'J11': 50, 'J12': 51, 'J13': 42, 'cluster3106249630_3106249631_J60_J61_#5more': 73}, 
765.0, {'J10': -1.0, 'J11': -48791.0, 'J12': -20504.5, 'J13': -20088.5, 'cluster3106249630_3106249631_J60_J61_#5more': -71870.0}, {'J10': 1, 'J11': 32, 'J12': 21, 'J13': 28, 'cluster3106249630_3106249631_J60_J61_#5more': 42}, {'J10': 1, 'J11': 48, 'J12': 53, 'J13': 42, 'cluster3106249630_3106249631_J60_J61_#5more': 73}, 
770.0, {'J10': -0.5, 'J11': -49271.0, 'J12': -21037.5, 'J13': -20508.5, 'cluster3106249630_3106249631_J60_J61_#5more': -72600.0}, {'J10': 1, 'J11': 32, 'J12': 21, 'J13': 28, 'cluster3106249630_3106249631_J60_J61_#5more': 42}, {'J10': 1, 'J11': 48, 'J12': 55, 'J13': 42, 'cluster3106249630_3106249631_J60_J61_#5more': 73}, 
775.0, {'J10': -0.5, 'J11': -49751.0, 'J12': -21597.5, 'J13': -20928.5, 'cluster3106249630_3106249631_J60_J61_#5more': -73330.0}, {'J10': 1, 'J11': 32, 'J12': 21, 'J13': 28, 'cluster3106249630_3106249631_J60_J61_#5more': 42}, {'J10': 1, 'J11': 48, 'J12': 57, 'J13': 42, 'cluster3106249630_3106249631_J60_J61_#5more': 73}, 
780.0, {'J10': -11.0, 'J11': -50231.0, 'J12': -22170.5, 'J13': -21348.5, 'cluster3106249630_3106249631_J60_J61_#5more': -74060.0}, {'J10': 1, 'J11': 32, 'J12': 21, 'J13': 28, 'cluster3106249630_3106249631_J60_J61_#5more': 42}, {'J10': 2, 'J11': 48, 'J12': 58, 'J13': 42, 'cluster3106249630_3106249631_J60_J61_#5more': 73}, 
785.0, {'J10': 0, 'J11': -50711.0, 'J12': -22764.5, 'J13': -21768.5, 'cluster3106249630_3106249631_J60_J61_#5more': -74790.0}, {'J10': 0, 'J11': 32, 'J12': 21, 'J13': 28, 'cluster3106249630_3106249631_J60_J61_#5more': 42}, {'J10': 0, 'J11': 48, 'J12': 61, 'J13': 42, 'cluster3106249630_3106249631_J60_J61_#5more': 73}, 
790.0, {'J10': 0, 'J11': -51191.0, 'J12': -23384.5, 'J13': -22188.5, 'cluster3106249630_3106249631_J60_J61_#5more': -75520.0}, {'J10': 0, 'J11': 32, 'J12': 21, 'J13': 28, 'cluster3106249630_3106249631_J60_J61_#5more': 42}, {'J10': 0, 'J11': 48, 'J12': 64, 'J13': 42, 'cluster3106249630_3106249631_J60_J61_#5more': 73}, 
795.0, {'J10': 0, 'J11': -51671.0, 'J12': -24029.0, 'J13': -22608.5, 'cluster3106249630_3106249631_J60_J61_#5more': -76250.0}, {'J10': 0, 'J11': 32, 'J12': 21, 'J13': 28, 'cluster3106249630_3106249631_J60_J61_#5more': 42}, {'J10': 0, 'J11': 48, 'J12': 66, 'J13': 42, 'cluster3106249630_3106249631_J60_J61_#5more': 73}, 
800.0, {'J10': 0, 'J11': -52159.0, 'J12': -24698.0, 'J13': -20017.5, 'cluster3106249630_3106249631_J60_J61_#5more': -76980.0}, {'J10': 0, 'J11': 32, 'J12': 21, 'J13': 26, 'cluster3106249630_3106249631_J60_J61_#5more': 42}, {'J10': 0, 'J11': 51, 'J12': 69, 'J13': 38, 'cluster3106249630_3106249631_J60_J61_#5more': 73}, 
805.0, {'J10': -2.5, 'J11': -52631.0, 'J12': -25402.5, 'J13': -17463.0, 'cluster3106249630_3106249631_J60_J61_#5more': -77710.0}, {'J10': 1, 'J11': 32, 'J12': 21, 'J13': 24, 'cluster3106249630_3106249631_J60_J61_#5more': 42}, {'J10': 1, 'J11': 48, 'J12': 73, 'J13': 35, 'cluster3106249630_3106249631_J60_J61_#5more': 73}, 
810.0, {'J10': 0, 'J11': -53111.0, 'J12': -26132.5, 'J13': -17813.0, 'cluster3106249630_3106249631_J60_J61_#5more': -78440.0}, {'J10': 0, 'J11': 32, 'J12': 21, 'J13': 24, 'cluster3106249630_3106249631_J60_J61_#5more': 42}, {'J10': 0, 'J11': 48, 'J12': 73, 'J13': 35, 'cluster3106249630_3106249631_J60_J61_#5more': 73}, 
815.0, {'J10': -0.5, 'J11': -53591.0, 'J12': -26863.0, 'J13': -18163.0, 'cluster3106249630_3106249631_J60_J61_#5more': -79170.0}, {'J10': 1, 'J11': 32, 'J12': 21, 'J13': 24, 'cluster3106249630_3106249631_J60_J61_#5more': 42}, {'J10': 1, 'J11': 48, 'J12': 74, 'J13': 35, 'cluster3106249630_3106249631_J60_J61_#5more': 73}, 
820.0, {'J10': -3.5, 'J11': -54071.0, 'J12': -22892.5, 'J13': -18517.0, 'cluster3106249630_3106249631_J60_J61_#5more': -79905.0}, {'J10': 1, 'J11': 32, 'J12': 18, 'J13': 24, 'cluster3106249630_3106249631_J60_J61_#5more': 42}, {'J10': 2, 'J11': 48, 'J12': 65, 'J13': 37, 'cluster3106249630_3106249631_J60_J61_#5more': 75}, 
825.0, {'J10': -3.0, 'J11': -54551.0, 'J12': -21314.0, 'J13': -18896.5, 'cluster3106249630_3106249631_J60_J61_#5more': -80006.5}, {'J10': 1, 'J11': 32, 'J12': 17, 'J13': 27, 'cluster3106249630_3106249631_J60_J61_#5more': 42}, {'J10': 1, 'J11': 48, 'J12': 59, 'J13': 40, 'cluster3106249630_3106249631_J60_J61_#5more': 72}, 
830.0, {'J10': 0, 'J11': -55031.0, 'J12': -21912.0, 'J13': -19300.5, 'cluster3106249630_3106249631_J60_J61_#5more': -80423.5}, {'J10': 0, 'J11': 32, 'J12': 17, 'J13': 28, 'cluster3106249630_3106249631_J60_J61_#5more': 42}, {'J10': 0, 'J11': 48, 'J12': 63, 'J13': 41, 'cluster3106249630_3106249631_J60_J61_#5more': 71}, 
835.0, {'J10': -5.0, 'J11': -55511.0, 'J12': -21912.0, 'J13': -19710.5, 'cluster3106249630_3106249631_J60_J61_#5more': -81136.5}, {'J10': 1, 'J11': 32, 'J12': 17, 'J13': 28, 'cluster3106249630_3106249631_J60_J61_#5more': 42}, {'J10': 2, 'J11': 48, 'J12': 62, 'J13': 41, 'cluster3106249630_3106249631_J60_J61_#5more': 73}, 
840.0, {'J10': -16.0, 'J11': -55991.0, 'J12': -22215.0, 'J13': -20120.5, 'cluster3106249630_3106249631_J60_J61_#5more': -81871.0}, {'J10': 2, 'J11': 32, 'J12': 20, 'J13': 28, 'cluster3106249630_3106249631_J60_J61_#5more': 42}, {'J10': 3, 'J11': 48, 'J12': 63, 'J13': 41, 'cluster3106249630_3106249631_J60_J61_#5more': 74}, 
845.0, {'J10': -37.0, 'J11': -56471.0, 'J12': -22207.0, 'J13': -20530.5, 'cluster3106249630_3106249631_J60_J61_#5more': -82611.0}, {'J10': 3, 'J11': 32, 'J12': 20, 'J13': 28, 'cluster3106249630_3106249631_J60_J61_#5more': 42}, {'J10': 3, 'J11': 48, 'J12': 60, 'J13': 41, 'cluster3106249630_3106249631_J60_J61_#5more': 74}, 
850.0, {'J10': 0, 'J11': -56951.0, 'J12': -22066.5, 'J13': -20940.5, 'cluster3106249630_3106249631_J60_J61_#5more': -83351.0}, {'J10': 0, 'J11': 32, 'J12': 20, 'J13': 28, 'cluster3106249630_3106249631_J60_J61_#5more': 42}, {'J10': 0, 'J11': 48, 'J12': 61, 'J13': 41, 'cluster3106249630_3106249631_J60_J61_#5more': 74}, 
855.0, {'J10': -3.0, 'J11': -57431.0, 'J12': -22380.5, 'J13': -21350.5, 'cluster3106249630_3106249631_J60_J61_#5more': -84091.0}, {'J10': 1, 'J11': 32, 'J12': 20, 'J13': 28, 'cluster3106249630_3106249631_J60_J61_#5more': 42}, {'J10': 1, 'J11': 48, 'J12': 60, 'J13': 41, 'cluster3106249630_3106249631_J60_J61_#5more': 74}, 
860.0, {'J10': -1.5, 'J11': -57911.0, 'J12': -22852.0, 'J13': -21762.0, 'cluster3106249630_3106249631_J60_J61_#5more': -84831.0}, {'J10': 1, 'J11': 32, 'J12': 20, 'J13': 28, 'cluster3106249630_3106249631_J60_J61_#5more': 42}, {'J10': 1, 'J11': 48, 'J12': 63, 'J13': 42, 'cluster3106249630_3106249631_J60_J61_#5more': 74}, 
865.0, {'J10': 0, 'J11': -58391.0, 'J12': -21706.5, 'J13': -19175.0, 'cluster3106249630_3106249631_J60_J61_#5more': -85571.0}, {'J10': 0, 'J11': 32, 'J12': 20, 'J13': 26, 'cluster3106249630_3106249631_J60_J61_#5more': 42}, {'J10': 0, 'J11': 48, 'J12': 57, 'J13': 38, 'cluster3106249630_3106249631_J60_J61_#5more': 74}, 
870.0, {'J10': 0, 'J11': -58871.0, 'J12': -20458.5, 'J13': -19555.0, 'cluster3106249630_3106249631_J60_J61_#5more': -86311.0}, {'J10': 0, 'J11': 32, 'J12': 20, 'J13': 26, 'cluster3106249630_3106249631_J60_J61_#5more': 42}, {'J10': 0, 'J11': 48, 'J12': 51, 'J13': 38, 'cluster3106249630_3106249631_J60_J61_#5more': 74}, 
875.0, {'J10': -5.0, 'J11': -59351.0, 'J12': -20886.0, 'J13': -19935.0, 'cluster3106249630_3106249631_J60_J61_#5more': -86648.0}, {'J10': 1, 'J11': 32, 'J12': 20, 'J13': 26, 'cluster3106249630_3106249631_J60_J61_#5more': 42}, {'J10': 1, 'J11': 48, 'J12': 50, 'J13': 38, 'cluster3106249630_3106249631_J60_J61_#5more': 72}, 
880.0, {'J10': 0, 'J11': -59831.0, 'J12': -20835.5, 'J13': -20315.0, 'cluster3106249630_3106249631_J60_J61_#5more': -87277.0}, {'J10': 0, 'J11': 32, 'J12': 20, 'J13': 26, 'cluster3106249630_3106249631_J60_J61_#5more': 42}, {'J10': 0, 'J11': 48, 'J12': 51, 'J13': 38, 'cluster3106249630_3106249631_J60_J61_#5more': 71}, 
885.0, {'J10': 0, 'J11': -60311.0, 'J12': -21070.0, 'J13': -20700.0, 'cluster3106249630_3106249631_J60_J61_#5more': -87990.0}, {'J10': 0, 'J11': 32, 'J12': 20, 'J13': 27, 'cluster3106249630_3106249631_J60_J61_#5more': 42}, {'J10': 0, 'J11': 48, 'J12': 51, 'J13': 40, 'cluster3106249630_3106249631_J60_J61_#5more': 72}, 
890.0, {'J10': -1.0, 'J11': -60791.0, 'J12': -20081.0, 'J13': -21104.5, 'cluster3106249630_3106249631_J60_J61_#5more': -88701.0}, {'J10': 1, 'J11': 32, 'J12': 20, 'J13': 28, 'cluster3106249630_3106249631_J60_J61_#5more': 42}, {'J10': 1, 'J11': 48, 'J12': 54, 'J13': 41, 'cluster3106249630_3106249631_J60_J61_#5more': 73}, 
895.0, {'J10': -2.5, 'J11': -61271.0, 'J12': -20361.0, 'J13': -21514.5, 'cluster3106249630_3106249631_J60_J61_#5more': -89436.0}, {'J10': 1, 'J11': 32, 'J12': 20, 'J13': 28, 'cluster3106249630_3106249631_J60_J61_#5more': 42}, {'J10': 1, 'J11': 48, 'J12': 53, 'J13': 41, 'cluster3106249630_3106249631_J60_J61_#5more': 74}, 
900.0, {'J10': 0, 'J11': -61751.0, 'J12': -20756.5, 'J13': -21924.5, 'cluster3106249630_3106249631_J60_J61_#5more': -90176.0}, {'J10': 0, 'J11': 32, 'J12': 20, 'J13': 28, 'cluster3106249630_3106249631_J60_J61_#5more': 42}, {'J10': 0, 'J11': 48, 'J12': 50, 'J13': 41, 'cluster3106249630_3106249631_J60_J61_#5more': 74}, 
905.0, {'J10': -2.5, 'J11': -62231.0, 'J12': -21075.0, 'J13': -22334.5, 'cluster3106249630_3106249631_J60_J61_#5more': -90921.0}, {'J10': 1, 'J11': 32, 'J12': 20, 'J13': 28, 'cluster3106249630_3106249631_J60_J61_#5more': 42}, {'J10': 1, 'J11': 48, 'J12': 45, 'J13': 41, 'cluster3106249630_3106249631_J60_J61_#5more': 75}, 
910.0, {'J10': -2.5, 'J11': -62711.0, 'J12': -21444.0, 'J13': -22744.5, 'cluster3106249630_3106249631_J60_J61_#5more': -91671.0}, {'J10': 2, 'J11': 32, 'J12': 20, 'J13': 28, 'cluster3106249630_3106249631_J60_J61_#5more': 42}, {'J10': 2, 'J11': 48, 'J12': 45, 'J13': 41, 'cluster3106249630_3106249631_J60_J61_#5more': 75}, 
915.0, {'J10': -25.5, 'J11': -63191.0, 'J12': -21907.0, 'J13': -23154.5, 'cluster3106249630_3106249631_J60_J61_#5more': -92421.0}, {'J10': 4, 'J11': 32, 'J12': 20, 'J13': 28, 'cluster3106249630_3106249631_J60_J61_#5more': 42}, {'J10': 5, 'J11': 48, 'J12': 50, 'J13': 41, 'cluster3106249630_3106249631_J60_J61_#5more': 75}, 
920.0, {'J10': -2.5, 'J11': -63671.0, 'J12': -21004.5, 'J13': -23564.5, 'cluster3106249630_3106249631_J60_J61_#5more': -93006.5}, {'J10': 1, 'J11': 32, 'J12': 20, 'J13': 28, 'cluster3106249630_3106249631_J60_J61_#5more': 42}, {'J10': 2, 'J11': 48, 'J12': 54, 'J13': 41, 'cluster3106249630_3106249631_J60_J61_#5more': 74}, 
925.0, {'J10': -3.5, 'J11': -64151.0, 'J12': -21320.0, 'J13': -23974.5, 'cluster3106249630_3106249631_J60_J61_#5more': -93674.0}, {'J10': 2, 'J11': 32, 'J12': 20, 'J13': 28, 'cluster3106249630_3106249631_J60_J61_#5more': 42}, {'J10': 2, 'J11': 48, 'J12': 51, 'J13': 41, 'cluster3106249630_3106249631_J60_J61_#5more': 73}, 
930.0, {'J10': 0, 'J11': -64634.0, 'J12': -21582.5, 'J13': -20262.5, 'cluster3106249630_3106249631_J60_J61_#5more': -94247.5}, {'J10': 0, 'J11': 32, 'J12': 20, 'J13': 25, 'cluster3106249630_3106249631_J60_J61_#5more': 42}, {'J10': 0, 'J11': 49, 'J12': 45, 'J13': 37, 'cluster3106249630_3106249631_J60_J61_#5more': 71}, 
935.0, {'J10': 0, 'J11': -65124.0, 'J12': -21994.5, 'J13': -19881.0, 'cluster3106249630_3106249631_J60_J61_#5more': -94957.5}, {'J10': 0, 'J11': 32, 'J12': 20, 'J13': 25, 'cluster3106249630_3106249631_J60_J61_#5more': 42}, {'J10': 0, 'J11': 49, 'J12': 46, 'J13': 36, 'cluster3106249630_3106249631_J60_J61_#5more': 71}, 
940.0, {'J10': -1.0, 'J11': -65592.0, 'J12': -22461.0, 'J13': -20243.5, 'cluster3106249630_3106249631_J60_J61_#5more': -95671.5}, {'J10': 1, 'J11': 32, 'J12': 20, 'J13': 25, 'cluster3106249630_3106249631_J60_J61_#5more': 42}, {'J10': 1, 'J11': 49, 'J12': 48, 'J13': 37, 'cluster3106249630_3106249631_J60_J61_#5more': 73}, 
945.0, {'J10': -4.5, 'J11': -66086.0, 'J12': -22952.5, 'J13': -20614.5, 'cluster3106249630_3106249631_J60_J61_#5more': -96401.5}, {'J10': 1, 'J11': 32, 'J12': 20, 'J13': 25, 'cluster3106249630_3106249631_J60_J61_#5more': 42}, {'J10': 1, 'J11': 51, 'J12': 53, 'J13': 38, 'cluster3106249630_3106249631_J60_J61_#5more': 73}, 
950.0, {'J10': -3.0, 'J11': -66578.5, 'J12': -23250.5, 'J13': -20999.5, 'cluster3106249630_3106249631_J60_J61_#5more': -97108.5}, {'J10': 1, 'J11': 32, 'J12': 20, 'J13': 26, 'cluster3106249630_3106249631_J60_J61_#5more': 42}, {'J10': 1, 'J11': 52, 'J12': 49, 'J13': 41, 'cluster3106249630_3106249631_J60_J61_#5more': 72}, 
955.0, {'J10': 0, 'J11': -67062.5, 'J12': -22370.5, 'J13': -21419.0, 'cluster3106249630_3106249631_J60_J61_#5more': -97797.5}, {'J10': 0, 'J11': 32, 'J12': 20, 'J13': 28, 'cluster3106249630_3106249631_J60_J61_#5more': 42}, {'J10': 0, 'J11': 50, 'J12': 48, 'J13': 43, 'cluster3106249630_3106249631_J60_J61_#5more': 71}, 
960.0, {'J10': -2.0, 'J11': -67562.5, 'J12': -22625.5, 'J13': -21849.0, 'cluster3106249630_3106249631_J60_J61_#5more': -98507.5}, {'J10': 1, 'J11': 32, 'J12': 20, 'J13': 28, 'cluster3106249630_3106249631_J60_J61_#5more': 42}, {'J10': 1, 'J11': 50, 'J12': 45, 'J13': 43, 'cluster3106249630_3106249631_J60_J61_#5more': 71}, 
965.0, {'J10': -20.0, 'J11': -68021.5, 'J12': -23082.5, 'J13': -22279.0, 'cluster3106249630_3106249631_J60_J61_#5more': -99230.0}, {'J10': 3, 'J11': 32, 'J12': 20, 'J13': 28, 'cluster3106249630_3106249631_J60_J61_#5more': 42}, {'J10': 4, 'J11': 49, 'J12': 48, 'J13': 43, 'cluster3106249630_3106249631_J60_J61_#5more': 75}, 
970.0, {'J10': -65.0, 'J11': -68471.0, 'J12': -23463.0, 'J13': -22709.0, 'cluster3106249630_3106249631_J60_J61_#5more': -99980.0}, {'J10': 3, 'J11': 32, 'J12': 20, 'J13': 28, 'cluster3106249630_3106249631_J60_J61_#5more': 42}, {'J10': 5, 'J11': 48, 'J12': 50, 'J13': 43, 'cluster3106249630_3106249631_J60_J61_#5more': 75}, 
975.0, {'J10': -115.0, 'J11': -68951.0, 'J12': -23710.5, 'J13': -23139.0, 'cluster3106249630_3106249631_J60_J61_#5more': -100730.0}, {'J10': 3, 'J11': 32, 'J12': 20, 'J13': 28, 'cluster3106249630_3106249631_J60_J61_#5more': 42}, {'J10': 5, 'J11': 48, 'J12': 47, 'J13': 43, 'cluster3106249630_3106249631_J60_J61_#5more': 75}, 
980.0, {'J10': -165.0, 'J11': -69431.0, 'J12': -24111.0, 'J13': -23569.0, 'cluster3106249630_3106249631_J60_J61_#5more': -101480.0}, {'J10': 3, 'J11': 32, 'J12': 20, 'J13': 28, 'cluster3106249630_3106249631_J60_J61_#5more': 42}, {'J10': 5, 'J11': 48, 'J12': 47, 'J13': 43, 'cluster3106249630_3106249631_J60_J61_#5more': 75}, 
985.0, {'J10': -216.0, 'J11': -69911.0, 'J12': -24581.0, 'J13': -23999.0, 'cluster3106249630_3106249631_J60_J61_#5more': -102230.0}, {'J10': 3, 'J11': 32, 'J12': 20, 'J13': 28, 'cluster3106249630_3106249631_J60_J61_#5more': 42}, {'J10': 6, 'J11': 48, 'J12': 51, 'J13': 43, 'cluster3106249630_3106249631_J60_J61_#5more': 75}, 
990.0, {'J10': -280.5, 'J11': -70393.5, 'J12': -24965.0, 'J13': -24429.0, 'cluster3106249630_3106249631_J60_J61_#5more': -102980.0}, {'J10': 5, 'J11': 32, 'J12': 20, 'J13': 28, 'cluster3106249630_3106249631_J60_J61_#5more': 42}, {'J10': 8, 'J11': 49, 'J12': 52, 'J13': 43, 'cluster3106249630_3106249631_J60_J61_#5more': 75}, 
995.0, {'J10': -362.5, 'J11': -70871.0, 'J12': -25374.5, 'J13': -21871.0, 'cluster3106249630_3106249631_J60_J61_#5more': -103730.0}, {'J10': 6, 'J11': 32, 'J12': 20, 'J13': 26, 'cluster3106249630_3106249631_J60_J61_#5more': 42}, {'J10': 9, 'J11': 48, 'J12': 49, 'J13': 39, 'cluster3106249630_3106249631_J60_J61_#5more': 75}, 
1000.0, {'J10': -452.5, 'J11': -71351.0, 'J12': -25763.5, 'J13': -20387.0, 'cluster3106249630_3106249631_J60_J61_#5more': -104480.0}, {'J10': 6, 'J11': 32, 'J12': 20, 'J13': 25, 'cluster3106249630_3106249631_J60_J61_#5more': 42}, {'J10': 9, 'J11': 48, 'J12': 49, 'J13': 37, 'cluster3106249630_3106249631_J60_J61_#5more': 75}, 
1005.0, {'J10': -546.5, 'J11': -71831.0, 'J12': -26266.0, 'J13': -20757.0, 'cluster3106249630_3106249631_J60_J61_#5more': -105230.0}, {'J10': 7, 'J11': 32, 'J12': 20, 'J13': 25, 'cluster3106249630_3106249631_J60_J61_#5more': 42}, {'J10': 10, 'J11': 48, 'J12': 53, 'J13': 37, 'cluster3106249630_3106249631_J60_J61_#5more': 75}, 
1010.0, {'J10': -650.0, 'J11': -72311.0, 'J12': -26686.5, 'J13': -21129.0, 'cluster3106249630_3106249631_J60_J61_#5more': -105980.0}, {'J10': 8, 'J11': 32, 'J12': 20, 'J13': 25, 'cluster3106249630_3106249631_J60_J61_#5more': 42}, {'J10': 12, 'J11': 48, 'J12': 56, 'J13': 38, 'cluster3106249630_3106249631_J60_J61_#5more': 75}, 
1015.0, {'J10': -770.5, 'J11': -72791.0, 'J12': -26979.0, 'J13': -21509.0, 'cluster3106249630_3106249631_J60_J61_#5more': -106730.0}, {'J10': 9, 'J11': 32, 'J12': 20, 'J13': 25, 'cluster3106249630_3106249631_J60_J61_#5more': 42}, {'J10': 13, 'J11': 48, 'J12': 52, 'J13': 38, 'cluster3106249630_3106249631_J60_J61_#5more': 75}, 
1020.0, {'J10': -719.0, 'J11': -73271.0, 'J12': -27307.0, 'J13': -21902.5, 'cluster3106249630_3106249631_J60_J61_#5more': -107251.0}, {'J10': 10, 'J11': 32, 'J12': 20, 'J13': 28, 'cluster3106249630_3106249631_J60_J61_#5more': 42}, {'J10': 12, 'J11': 48, 'J12': 48, 'J13': 42, 'cluster3106249630_3106249631_J60_J61_#5more': 73}, 
1025.0, {'J10': -727.0, 'J11': -73751.0, 'J12': -27741.0, 'J13': -22327.5, 'cluster3106249630_3106249631_J60_J61_#5more': -107981.0}, {'J10': 10, 'J11': 32, 'J12': 20, 'J13': 28, 'cluster3106249630_3106249631_J60_J61_#5more': 42}, {'J10': 13, 'J11': 48, 'J12': 47, 'J13': 43, 'cluster3106249630_3106249631_J60_J61_#5more': 73}, 
1030.0, {'J10': -869.5, 'J11': -74231.0, 'J12': -28220.0, 'J13': -22757.5, 'cluster3106249630_3106249631_J60_J61_#5more': -108711.0}, {'J10': 13, 'J11': 32, 'J12': 20, 'J13': 28, 'cluster3106249630_3106249631_J60_J61_#5more': 42}, {'J10': 18, 'J11': 48, 'J12': 50, 'J13': 43, 'cluster3106249630_3106249631_J60_J61_#5more': 73}, 
1035.0, {'J10': -1004.5, 'J11': -74711.0, 'J12': -28734.0, 'J13': -23187.5, 'cluster3106249630_3106249631_J60_J61_#5more': -109449.0}, {'J10': 13, 'J11': 32, 'J12': 20, 'J13': 28, 'cluster3106249630_3106249631_J60_J61_#5more': 42}, {'J10': 15, 'J11': 48, 'J12': 54, 'J13': 43, 'cluster3106249630_3106249631_J60_J61_#5more': 75}, 
1040.0, {'J10': -1154.5, 'J11': -75191.0, 'J12': -29034.5, 'J13': -23617.5, 'cluster3106249630_3106249631_J60_J61_#5more': -110199.0}, {'J10': 13, 'J11': 32, 'J12': 20, 'J13': 28, 'cluster3106249630_3106249631_J60_J61_#5more': 42}, {'J10': 15, 'J11': 48, 'J12': 49, 'J13': 43, 'cluster3106249630_3106249631_J60_J61_#5more': 75}, 
1045.0, {'J10': -1305.0, 'J11': -75671.0, 'J12': -29472.5, 'J13': -24047.5, 'cluster3106249630_3106249631_J60_J61_#5more': -110949.0}, {'J10': 13, 'J11': 32, 'J12': 20, 'J13': 28, 'cluster3106249630_3106249631_J60_J61_#5more': 42}, {'J10': 16, 'J11': 48, 'J12': 48, 'J13': 43, 'cluster3106249630_3106249631_J60_J61_#5more': 75}, 
1050.0, {'J10': -1469.0, 'J11': -76151.0, 'J12': -29904.5, 'J13': -24477.5, 'cluster3106249630_3106249631_J60_J61_#5more': -111699.0}, {'J10': 13, 'J11': 32, 'J12': 20, 'J13': 28, 'cluster3106249630_3106249631_J60_J61_#5more': 42}, {'J10': 18, 'J11': 48, 'J12': 49, 'J13': 43, 'cluster3106249630_3106249631_J60_J61_#5more': 75}, 
1055.0, {'J10': -1649.0, 'J11': -76631.0, 'J12': -24062.5, 'J13': -24907.5, 'cluster3106249630_3106249631_J60_J61_#5more': -112449.0}, {'J10': 13, 'J11': 32, 'J12': 18, 'J13': 28, 'cluster3106249630_3106249631_J60_J61_#5more': 42}, {'J10': 18, 'J11': 48, 'J12': 41, 'J13': 43, 'cluster3106249630_3106249631_J60_J61_#5more': 75}, 
1060.0, {'J10': -1829.0, 'J11': -77115.0, 'J12': -24476.5, 'J13': -22506.0, 'cluster3106249630_3106249631_J60_J61_#5more': -113199.0}, {'J10': 13, 'J11': 32, 'J12': 18, 'J13': 26, 'cluster3106249630_3106249631_J60_J61_#5more': 42}, {'J10': 18, 'J11': 49, 'J12': 42, 'J13': 40, 'cluster3106249630_3106249631_J60_J61_#5more': 75}, 
1065.0, {'J10': -1938.0, 'J11': -77610.5, 'J12': -23572.0, 'J13': -20394.5, 'cluster3106249630_3106249631_J60_J61_#5more': -113949.0}, {'J10': 13, 'J11': 32, 'J12': 18, 'J13': 24, 'cluster3106249630_3106249631_J60_J61_#5more': 42}, {'J10': 16, 'J11': 51, 'J12': 43, 'J13': 36, 'cluster3106249630_3106249631_J60_J61_#5more': 75}, 
1070.0, {'J10': -2098.0, 'J11': -78086.0, 'J12': -23770.0, 'J13': -20754.5, 'cluster3106249630_3106249631_J60_J61_#5more': -114699.0}, {'J10': 13, 'J11': 32, 'J12': 19, 'J13': 24, 'cluster3106249630_3106249631_J60_J61_#5more': 42}, {'J10': 16, 'J11': 51, 'J12': 44, 'J13': 36, 'cluster3106249630_3106249631_J60_J61_#5more': 75}, 
1075.0, {'J10': -2258.0, 'J11': -78564.5, 'J12': -20314.5, 'J13': -21117.0, 'cluster3106249630_3106249631_J60_J61_#5more': -115451.5}, {'J10': 13, 'J11': 32, 'J12': 18, 'J13': 24, 'cluster3106249630_3106249631_J60_J61_#5more': 42}, {'J10': 16, 'J11': 49, 'J12': 41, 'J13': 37, 'cluster3106249630_3106249631_J60_J61_#5more': 76}, 
1080.0, {'J10': -2418.0, 'J11': -79031.0, 'J12': -18263.0, 'J13': -21492.0, 'cluster3106249630_3106249631_J60_J61_#5more': -116211.5}, {'J10': 13, 'J11': 32, 'J12': 17, 'J13': 25, 'cluster3106249630_3106249631_J60_J61_#5more': 42}, {'J10': 16, 'J11': 48, 'J12': 40, 'J13': 40, 'cluster3106249630_3106249631_J60_J61_#5more': 76}, 
1085.0, {'J10': -2304.0, 'J11': -79511.0, 'J12': -17278.5, 'J13': -21910.5, 'cluster3106249630_3106249631_J60_J61_#5more': -116971.5}, {'J10': 13, 'J11': 32, 'J12': 17, 'J13': 28, 'cluster3106249630_3106249631_J60_J61_#5more': 42}, {'J10': 14, 'J11': 48, 'J12': 43, 'J13': 45, 'cluster3106249630_3106249631_J60_J61_#5more': 76}, 
1090.0, {'J10': -2362.0, 'J11': -79991.0, 'J12': -17502.5, 'J13': -22360.5, 'cluster3106249630_3106249631_J60_J61_#5more': -117731.5}, {'J10': 13, 'J11': 32, 'J12': 18, 'J13': 28, 'cluster3106249630_3106249631_J60_J61_#5more': 42}, {'J10': 14, 'J11': 48, 'J12': 42, 'J13': 45, 'cluster3106249630_3106249631_J60_J61_#5more': 76}, 
1095.0, {'J10': -2502.0, 'J11': -80471.0, 'J12': -17920.0, 'J13': -22815.0, 'cluster3106249630_3106249631_J60_J61_#5more': -118229.0}, {'J10': 13, 'J11': 32, 'J12': 20, 'J13': 28, 'cluster3106249630_3106249631_J60_J61_#5more': 42}, {'J10': 14, 'J11': 48, 'J12': 43, 'J13': 46, 'cluster3106249630_3106249631_J60_J61_#5more': 75}, 
1100.0, {'J10': -2642.0, 'J11': -80951.0, 'J12': -18343.0, 'J13': -23275.0, 'cluster3106249630_3106249631_J60_J61_#5more': -118979.0}, {'J10': 13, 'J11': 32, 'J12': 20, 'J13': 28, 'cluster3106249630_3106249631_J60_J61_#5more': 42}, {'J10': 14, 'J11': 48, 'J12': 47, 'J13': 46, 'cluster3106249630_3106249631_J60_J61_#5more': 75}, 
1105.0, {'J10': -2782.0, 'J11': -81431.0, 'J12': -17698.0, 'J13': -23735.0, 'cluster3106249630_3106249631_J60_J61_#5more': -119729.0}, {'J10': 13, 'J11': 32, 'J12': 20, 'J13': 28, 'cluster3106249630_3106249631_J60_J61_#5more': 42}, {'J10': 14, 'J11': 48, 'J12': 49, 'J13': 46, 'cluster3106249630_3106249631_J60_J61_#5more': 75}, 
1110.0, {'J10': -2922.0, 'J11': -81911.0, 'J12': -15020.5, 'J13': -24195.0, 'cluster3106249630_3106249631_J60_J61_#5more': -120479.0}, {'J10': 13, 'J11': 32, 'J12': 18, 'J13': 28, 'cluster3106249630_3106249631_J60_J61_#5more': 42}, {'J10': 14, 'J11': 48, 'J12': 43, 'J13': 46, 'cluster3106249630_3106249631_J60_J61_#5more': 75}, 
1115.0, {'J10': -3065.5, 'J11': -82391.0, 'J12': -15265.5, 'J13': -24655.0, 'cluster3106249630_3106249631_J60_J61_#5more': -121232.0}, {'J10': 13, 'J11': 32, 'J12': 18, 'J13': 28, 'cluster3106249630_3106249631_J60_J61_#5more': 42}, {'J10': 15, 'J11': 48, 'J12': 41, 'J13': 46, 'cluster3106249630_3106249631_J60_J61_#5more': 76}, 
1120.0, {'J10': -3215.5, 'J11': -82871.0, 'J12': -15573.5, 'J13': -25115.0, 'cluster3106249630_3106249631_J60_J61_#5more': -121685.5}, {'J10': 13, 'J11': 32, 'J12': 18, 'J13': 28, 'cluster3106249630_3106249631_J60_J61_#5more': 42}, {'J10': 15, 'J11': 48, 'J12': 43, 'J13': 46, 'cluster3106249630_3106249631_J60_J61_#5more': 76}, 
1125.0, {'J10': -3365.5, 'J11': -83351.0, 'J12': -15591.0, 'J13': -22719.0, 'cluster3106249630_3106249631_J60_J61_#5more': -122265.0}, {'J10': 13, 'J11': 32, 'J12': 18, 'J13': 26, 'cluster3106249630_3106249631_J60_J61_#5more': 42}, {'J10': 15, 'J11': 48, 'J12': 46, 'J13': 43, 'cluster3106249630_3106249631_J60_J61_#5more': 77}, 
1130.0, {'J10': -3518.0, 'J11': -83831.0, 'J12': -15917.5, 'J13': -20521.0, 'cluster3106249630_3106249631_J60_J61_#5more': -123040.5}, {'J10': 13, 'J11': 32, 'J12': 21, 'J13': 24, 'cluster3106249630_3106249631_J60_J61_#5more': 42}, {'J10': 16, 'J11': 48, 'J12': 50, 'J13': 40, 'cluster3106249630_3106249631_J60_J61_#5more': 79}, 
1135.0, {'J10': -3678.0, 'J11': -84311.0, 'J12': -16252.0, 'J13': -20921.0, 'cluster3106249630_3106249631_J60_J61_#5more': -123550.0}, {'J10': 13, 'J11': 32, 'J12': 21, 'J13': 24, 'cluster3106249630_3106249631_J60_J61_#5more': 42}, {'J10': 16, 'J11': 48, 'J12': 47, 'J13': 40, 'cluster3106249630_3106249631_J60_J61_#5more': 76}, 
1140.0, {'J10': -3838.0, 'J11': -84791.0, 'J12': -16703.0, 'J13': -21321.0, 'cluster3106249630_3106249631_J60_J61_#5more': -124223.5}, {'J10': 13, 'J11': 32, 'J12': 21, 'J13': 24, 'cluster3106249630_3106249631_J60_J61_#5more': 42}, {'J10': 16, 'J11': 48, 'J12': 50, 'J13': 40, 'cluster3106249630_3106249631_J60_J61_#5more': 74}, 
1145.0, {'J10': -3998.0, 'J11': -85271.0, 'J12': -17072.0, 'J13': -21725.5, 'cluster3106249630_3106249631_J60_J61_#5more': -123822.0}, {'J10': 13, 'J11': 32, 'J12': 21, 'J13': 25, 'cluster3106249630_3106249631_J60_J61_#5more': 42}, {'J10': 16, 'J11': 48, 'J12': 51, 'J13': 43, 'cluster3106249630_3106249631_J60_J61_#5more': 73}, 
1150.0, {'J10': -3965.5, 'J11': -85751.0, 'J12': -17425.0, 'J13': -22167.0, 'cluster3106249630_3106249631_J60_J61_#5more': -124531.0}, {'J10': 13, 'J11': 32, 'J12': 21, 'J13': 28, 'cluster3106249630_3106249631_J60_J61_#5more': 42}, {'J10': 15, 'J11': 48, 'J12': 50, 'J13': 46, 'cluster3106249630_3106249631_J60_J61_#5more': 72}, 
1155.0, {'J10': -4053.0, 'J11': -86231.0, 'J12': -17620.0, 'J13': -22627.0, 'cluster3106249630_3106249631_J60_J61_#5more': -125252.0}, {'J10': 13, 'J11': 32, 'J12': 21, 'J13': 28, 'cluster3106249630_3106249631_J60_J61_#5more': 42}, {'J10': 14, 'J11': 48, 'J12': 47, 'J13': 46, 'cluster3106249630_3106249631_J60_J61_#5more': 73}, 
1160.0, {'J10': -4193.0, 'J11': -86711.0, 'J12': -13581.0, 'J13': -23087.0, 'cluster3106249630_3106249631_J60_J61_#5more': -125973.0}, {'J10': 13, 'J11': 32, 'J12': 18, 'J13': 28, 'cluster3106249630_3106249631_J60_J61_#5more': 42}, {'J10': 14, 'J11': 48, 'J12': 39, 'J13': 46, 'cluster3106249630_3106249631_J60_J61_#5more': 73}, 
1165.0, {'J10': -4333.0, 'J11': -87191.0, 'J12': -11936.0, 'J13': -23547.0, 'cluster3106249630_3106249631_J60_J61_#5more': -126703.0}, {'J10': 13, 'J11': 32, 'J12': 17, 'J13': 28, 'cluster3106249630_3106249631_J60_J61_#5more': 42}, {'J10': 14, 'J11': 48, 'J12': 39, 'J13': 46, 'cluster3106249630_3106249631_J60_J61_#5more': 73}, 
1170.0, {'J10': -4473.0, 'J11': -87671.0, 'J12': -11726.0, 'J13': -24007.0, 'cluster3106249630_3106249631_J60_J61_#5more': -127433.0}, {'J10': 13, 'J11': 32, 'J12': 17, 'J13': 28, 'cluster3106249630_3106249631_J60_J61_#5more': 42}, {'J10': 14, 'J11': 48, 'J12': 40, 'J13': 46, 'cluster3106249630_3106249631_J60_J61_#5more': 73}, 
1175.0, {'J10': -4613.0, 'J11': -88151.0, 'J12': -11373.0, 'J13': -24469.0, 'cluster3106249630_3106249631_J60_J61_#5more': -128167.0}, {'J10': 13, 'J11': 32, 'J12': 17, 'J13': 28, 'cluster3106249630_3106249631_J60_J61_#5more': 42}, {'J10': 14, 'J11': 48, 'J12': 43, 'J13': 47, 'cluster3106249630_3106249631_J60_J61_#5more': 74}, 
1180.0, {'J10': -4753.0, 'J11': -88631.0, 'J12': -11483.5, 'J13': -24939.0, 'cluster3106249630_3106249631_J60_J61_#5more': -128909.0}, {'J10': 13, 'J11': 32, 'J12': 20, 'J13': 28, 'cluster3106249630_3106249631_J60_J61_#5more': 42}, {'J10': 14, 'J11': 48, 'J12': 46, 'J13': 47, 'cluster3106249630_3106249631_J60_J61_#5more': 76}, 
1185.0, {'J10': -4893.0, 'J11': -89111.0, 'J12': -9106.5, 'J13': -25409.0, 'cluster3106249630_3106249631_J60_J61_#5more': -129664.0}, {'J10': 13, 'J11': 32, 'J12': 18, 'J13': 28, 'cluster3106249630_3106249631_J60_J61_#5more': 42}, {'J10': 14, 'J11': 48, 'J12': 44, 'J13': 47, 'cluster3106249630_3106249631_J60_J61_#5more': 78}, 
1190.0, {'J10': -5033.0, 'J11': -89591.0, 'J12': -8285.0, 'J13': -21934.5, 'cluster3106249630_3106249631_J60_J61_#5more': -130448.5}, {'J10': 13, 'J11': 32, 'J12': 17, 'J13': 25, 'cluster3106249630_3106249631_J60_J61_#5more': 42}, {'J10': 14, 'J11': 48, 'J12': 46, 'J13': 42, 'cluster3106249630_3106249631_J60_J61_#5more': 79}, 
1195.0, {'J10': -5173.0, 'J11': -90071.0, 'J12': -8650.0, 'J13': -21525.5, 'cluster3106249630_3106249631_J60_J61_#5more': -131239.5}, {'J10': 13, 'J11': 32, 'J12': 17, 'J13': 25, 'cluster3106249630_3106249631_J60_J61_#5more': 42}, {'J10': 14, 'J11': 48, 'J12': 50, 'J13': 40, 'cluster3106249630_3106249631_J60_J61_#5more': 80}, 
1200.0, {'J10': -5313.0, 'J11': -90551.0, 'J12': -9026.0, 'J13': -21925.5, 'cluster3106249630_3106249631_J60_J61_#5more': -132047.0}, {'J10': 13, 'J11': 32, 'J12': 17, 'J13': 25, 'cluster3106249630_3106249631_J60_J61_#5more': 42}, {'J10': 14, 'J11': 48, 'J12': 51, 'J13': 40, 'cluster3106249630_3106249631_J60_J61_#5more': 84}, 
1205.0, {'J10': -5453.0, 'J11': -91031.0, 'J12': -9305.5, 'J13': -22325.5, 'cluster3106249630_3106249631_J60_J61_#5more': -132884.0}, {'J10': 13, 'J11': 32, 'J12': 20, 'J13': 25, 'cluster3106249630_3106249631_J60_J61_#5more': 42}, {'J10': 14, 'J11': 48, 'J12': 53, 'J13': 40, 'cluster3106249630_3106249631_J60_J61_#5more': 86}, 
1210.0, {'J10': -5600.0, 'J11': -91511.0, 'J12': -9596.0, 'J13': -22729.0, 'cluster3106249630_3106249631_J60_J61_#5more': -132530.5}, {'J10': 13, 'J11': 32, 'J12': 20, 'J13': 25, 'cluster3106249630_3106249631_J60_J61_#5more': 42}, {'J10': 16, 'J11': 48, 'J12': 51, 'J13': 42, 'cluster3106249630_3106249631_J60_J61_#5more': 92}, 
1215.0, {'J10': -5640.5, 'J11': -91991.0, 'J12': -9965.0, 'J13': -23157.5, 'cluster3106249630_3106249631_J60_J61_#5more': -133456.5}, {'J10': 13, 'J11': 32, 'J12': 20, 'J13': 26, 'cluster3106249630_3106249631_J60_J61_#5more': 42}, {'J10': 16, 'J11': 48, 'J12': 49, 'J13': 44, 'cluster3106249630_3106249631_J60_J61_#5more': 94}, 
1220.0, {'J10': -5803.0, 'J11': -92471.0, 'J12': -7822.0, 'J13': -23602.5, 'cluster3106249630_3106249631_J60_J61_#5more': -134406.0}, {'J10': 13, 'J11': 32, 'J12': 18, 'J13': 28, 'cluster3106249630_3106249631_J60_J61_#5more': 42}, {'J10': 17, 'J11': 48, 'J12': 47, 'J13': 46, 'cluster3106249630_3106249631_J60_J61_#5more': 97}, 
1225.0, {'J10': -5977.0, 'J11': -92951.0, 'J12': -6218.0, 'J13': -24062.5, 'cluster3106249630_3106249631_J60_J61_#5more': -135265.0}, {'J10': 13, 'J11': 32, 'J12': 16, 'J13': 28, 'cluster3106249630_3106249631_J60_J61_#5more': 42}, {'J10': 18, 'J11': 48, 'J12': 49, 'J13': 46, 'cluster3106249630_3106249631_J60_J61_#5more': 95}, 
1230.0, {'J10': -6087.5, 'J11': -93431.0, 'J12': -6544.0, 'J13': -24522.5, 'cluster3106249630_3106249631_J60_J61_#5more': -136219.0}, {'J10': 13, 'J11': 32, 'J12': 16, 'J13': 28, 'cluster3106249630_3106249631_J60_J61_#5more': 42}, {'J10': 15, 'J11': 48, 'J12': 54, 'J13': 46, 'cluster3106249630_3106249631_J60_J61_#5more': 97}, 
1235.0, {'J10': -6237.5, 'J11': -93911.0, 'J12': -7017.0, 'J13': -24982.5, 'cluster3106249630_3106249631_J60_J61_#5more': -137145.5}, {'J10': 13, 'J11': 32, 'J12': 16, 'J13': 28, 'cluster3106249630_3106249631_J60_J61_#5more': 42}, {'J10': 15, 'J11': 48, 'J12': 54, 'J13': 46, 'cluster3106249630_3106249631_J60_J61_#5more': 97}, 
1240.0, {'J10': -6387.5, 'J11': -94391.0, 'J12': -6961.0, 'J13': -25442.5, 'cluster3106249630_3106249631_J60_J61_#5more': -137993.0}, {'J10': 13, 'J11': 32, 'J12': 20, 'J13': 28, 'cluster3106249630_3106249631_J60_J61_#5more': 42}, {'J10': 15, 'J11': 48, 'J12': 53, 'J13': 46, 'cluster3106249630_3106249631_J60_J61_#5more': 96}, 
1245.0, {'J10': -6537.5, 'J11': -94871.0, 'J12': -7229.0, 'J13': -25902.5, 'cluster3106249630_3106249631_J60_J61_#5more': -138757.0}, {'J10': 13, 'J11': 32, 'J12': 20, 'J13': 28, 'cluster3106249630_3106249631_J60_J61_#5more': 42}, {'J10': 15, 'J11': 48, 'J12': 50, 'J13': 46, 'cluster3106249630_3106249631_J60_J61_#5more': 95}, 
1250.0, {'J10': -6690.0, 'J11': -95356.5, 'J12': -7554.5, 'J13': -26362.5, 'cluster3106249630_3106249631_J60_J61_#5more': -139571.5}, {'J10': 13, 'J11': 32, 'J12': 20, 'J13': 28, 'cluster3106249630_3106249631_J60_J61_#5more': 42}, {'J10': 16, 'J11': 50, 'J12': 53, 'J13': 46, 'cluster3106249630_3106249631_J60_J61_#5more': 92}, 
1255.0, {'J10': -6854.0, 'J11': -95860.5, 'J12': -7890.5, 'J13': -24092.5, 'cluster3106249630_3106249631_J60_J61_#5more': -140469.0}, {'J10': 13, 'J11': 32, 'J12': 20, 'J13': 26, 'cluster3106249630_3106249631_J60_J61_#5more': 42}, {'J10': 17, 'J11': 51, 'J12': 54, 'J13': 43, 'cluster3106249630_3106249631_J60_J61_#5more': 91}, 
1260.0, {'J10': -7024.0, 'J11': -96370.5, 'J12': -8145.0, 'J13': -22727.5, 'cluster3106249630_3106249631_J60_J61_#5more': -141379.0}, {'J10': 13, 'J11': 32, 'J12': 20, 'J13': 25, 'cluster3106249630_3106249631_J60_J61_#5more': 42}, {'J10': 17, 'J11': 51, 'J12': 56, 'J13': 40, 'cluster3106249630_3106249631_J60_J61_#5more': 91}, 
1265.0, {'J10': -7194.0, 'J11': -96846.0, 'J12': -8285.5, 'J13': -23127.5, 'cluster3106249630_3106249631_J60_J61_#5more': -142250.5}, {'J10': 13, 'J11': 32, 'J12': 20, 'J13': 25, 'cluster3106249630_3106249631_J60_J61_#5more': 42}, {'J10': 17, 'J11': 50, 'J12': 52, 'J13': 40, 'cluster3106249630_3106249631_J60_J61_#5more': 91}, 
1270.0, {'J10': -7369.5, 'J11': -97305.0, 'J12': -8480.0, 'J13': -23527.5, 'cluster3106249630_3106249631_J60_J61_#5more': -143109.5}, {'J10': 13, 'J11': 32, 'J12': 20, 'J13': 25, 'cluster3106249630_3106249631_J60_J61_#5more': 42}, {'J10': 19, 'J11': 49, 'J12': 53, 'J13': 40, 'cluster3106249630_3106249631_J60_J61_#5more': 90}, 
1275.0, {'J10': -7559.5, 'J11': -97751.0, 'J12': -8731.0, 'J13': -23934.0, 'cluster3106249630_3106249631_J60_J61_#5more': -142557.0}, {'J10': 13, 'J11': 32, 'J12': 20, 'J13': 26, 'cluster3106249630_3106249631_J60_J61_#5more': 42}, {'J10': 19, 'J11': 48, 'J12': 51, 'J13': 44, 'cluster3106249630_3106249631_J60_J61_#5more': 89}, 
1280.0, {'J10': -7409.5, 'J11': -98231.0, 'J12': -9250.0, 'J13': -24378.0, 'cluster3106249630_3106249631_J60_J61_#5more': -143440.0}, {'J10': 13, 'J11': 32, 'J12': 20, 'J13': 27, 'cluster3106249630_3106249631_J60_J61_#5more': 42}, {'J10': 18, 'J11': 48, 'J12': 55, 'J13': 45, 'cluster3106249630_3106249631_J60_J61_#5more': 90}, 
1285.0, {'J10': -7590.0, 'J11': -98711.0, 'J12': -9630.5, 'J13': -24832.0, 'cluster3106249630_3106249631_J60_J61_#5more': -144341.5}, {'J10': 13, 'J11': 32, 'J12': 20, 'J13': 28, 'cluster3106249630_3106249631_J60_J61_#5more': 42}, {'J10': 19, 'J11': 48, 'J12': 59, 'J13': 46, 'cluster3106249630_3106249631_J60_J61_#5more': 93}, 
1290.0, {'J10': -7786.5, 'J11': -99196.0, 'J12': -10142.5, 'J13': -25292.0, 'cluster3106249630_3106249631_J60_J61_#5more': -145251.0}, {'J10': 13, 'J11': 32, 'J12': 20, 'J13': 28, 'cluster3106249630_3106249631_J60_J61_#5more': 42}, {'J10': 22, 'J11': 50, 'J12': 59, 'J13': 46, 'cluster3106249630_3106249631_J60_J61_#5more': 93}, 
1295.0, {'J10': -7952.5, 'J11': -99671.0, 'J12': -10476.5, 'J13': -25752.0, 'cluster3106249630_3106249631_J60_J61_#5more': -146110.0}, {'J10': 13, 'J11': 32, 'J12': 20, 'J13': 28, 'cluster3106249630_3106249631_J60_J61_#5more': 42}, {'J10': 22, 'J11': 48, 'J12': 59, 'J13': 46, 'cluster3106249630_3106249631_J60_J61_#5more': 90}, 
1300.0, {'J10': -8119.0, 'J11': -100151.0, 'J12': -10757.5, 'J13': -26212.0, 'cluster3106249630_3106249631_J60_J61_#5more': -146990.0}, {'J10': 13, 'J11': 32, 'J12': 20, 'J13': 28, 'cluster3106249630_3106249631_J60_J61_#5more': 42}, {'J10': 20, 'J11': 48, 'J12': 56, 'J13': 46, 'cluster3106249630_3106249631_J60_J61_#5more': 90}, 
1305.0, {'J10': -8264.0, 'J11': -100631.0, 'J12': -11109.5, 'J13': -26672.0, 'cluster3106249630_3106249631_J60_J61_#5more': -147879.0}, {'J10': 13, 'J11': 32, 'J12': 20, 'J13': 28, 'cluster3106249630_3106249631_J60_J61_#5more': 42}, {'J10': 18, 'J11': 48, 'J12': 55, 'J13': 46, 'cluster3106249630_3106249631_J60_J61_#5more': 89}, 
1310.0, {'J10': -8444.0, 'J11': -101111.0, 'J12': -11389.5, 'J13': -27132.0, 'cluster3106249630_3106249631_J60_J61_#5more': -148771.5}, {'J10': 13, 'J11': 32, 'J12': 20, 'J13': 28, 'cluster3106249630_3106249631_J60_J61_#5more': 42}, {'J10': 18, 'J11': 48, 'J12': 53, 'J13': 46, 'cluster3106249630_3106249631_J60_J61_#5more': 90}, 
1315.0, {'J10': -8624.0, 'J11': -101591.0, 'J12': -11805.5, 'J13': -27592.0, 'cluster3106249630_3106249631_J60_J61_#5more': -149672.0}, {'J10': 13, 'J11': 32, 'J12': 20, 'J13': 28, 'cluster3106249630_3106249631_J60_J61_#5more': 42}, {'J10': 18, 'J11': 48, 'J12': 54, 'J13': 46, 'cluster3106249630_3106249631_J60_J61_#5more': 91}, 
1320.0, {'J10': -8804.0, 'J11': -102071.0, 'J12': -12278.0, 'J13': -25295.5, 'cluster3106249630_3106249631_J60_J61_#5more': -150585.5}, {'J10': 13, 'J11': 32, 'J12': 20, 'J13': 26, 'cluster3106249630_3106249631_J60_J61_#5more': 42}, {'J10': 18, 'J11': 48, 'J12': 58, 'J13': 43, 'cluster3106249630_3106249631_J60_J61_#5more': 93}, 
1325.0, {'J10': -8984.0, 'J11': -102551.0, 'J12': -12757.5, 'J13': -23600.5, 'cluster3106249630_3106249631_J60_J61_#5more': -151520.5}, {'J10': 13, 'J11': 32, 'J12': 20, 'J13': 24, 'cluster3106249630_3106249631_J60_J61_#5more': 42}, {'J10': 18, 'J11': 48, 'J12': 61, 'J13': 42, 'cluster3106249630_3106249631_J60_J61_#5more': 94}, 
1330.0, {'J10': -9164.0, 'J11': -103031.0, 'J12': -13116.0, 'J13': -24013.0, 'cluster3106249630_3106249631_J60_J61_#5more': -152464.0}, {'J10': 13, 'J11': 32, 'J12': 20, 'J13': 24, 'cluster3106249630_3106249631_J60_J61_#5more': 42}, {'J10': 18, 'J11': 48, 'J12': 57, 'J13': 42, 'cluster3106249630_3106249631_J60_J61_#5more': 95}, 
1335.0, {'J10': -9344.0, 'J11': -103511.0, 'J12': -13443.5, 'J13': -24433.0, 'cluster3106249630_3106249631_J60_J61_#5more': -153414.0}, {'J10': 13, 'J11': 32, 'J12': 20, 'J13': 24, 'cluster3106249630_3106249631_J60_J61_#5more': 42}, {'J10': 18, 'J11': 48, 'J12': 53, 'J13': 42, 'cluster3106249630_3106249631_J60_J61_#5more': 95}, 
1340.0, {'J10': -9524.0, 'J11': -103991.0, 'J12': -13983.0, 'J13': -24858.0, 'cluster3106249630_3106249631_J60_J61_#5more': -152853.0}, {'J10': 13, 'J11': 32, 'J12': 20, 'J13': 24, 'cluster3106249630_3106249631_J60_J61_#5more': 42}, {'J10': 18, 'J11': 48, 'J12': 57, 'J13': 43, 'cluster3106249630_3106249631_J60_J61_#5more': 94}, 
1345.0, {'J10': -9512.5, 'J11': -104471.0, 'J12': -14317.5, 'J13': -25292.0, 'cluster3106249630_3106249631_J60_J61_#5more': -153793.0}, {'J10': 13, 'J11': 32, 'J12': 20, 'J13': 26, 'cluster3106249630_3106249631_J60_J61_#5more': 42}, {'J10': 18, 'J11': 48, 'J12': 55, 'J13': 45, 'cluster3106249630_3106249631_J60_J61_#5more': 94}, 
1350.0, {'J10': -9694.0, 'J11': -104951.0, 'J12': -14613.0, 'J13': -25750.0, 'cluster3106249630_3106249631_J60_J61_#5more': -154631.5}, {'J10': 13, 'J11': 32, 'J12': 20, 'J13': 28, 'cluster3106249630_3106249631_J60_J61_#5more': 42}, {'J10': 19, 'J11': 48, 'J12': 54, 'J13': 47, 'cluster3106249630_3106249631_J60_J61_#5more': 93}, 
1355.0, {'J10': -9893.0, 'J11': -105431.0, 'J12': -15124.0, 'J13': -26220.0, 'cluster3106249630_3106249631_J60_J61_#5more': -155550.0}, {'J10': 13, 'J11': 32, 'J12': 20, 'J13': 28, 'cluster3106249630_3106249631_J60_J61_#5more': 42}, {'J10': 22, 'J11': 48, 'J12': 55, 'J13': 47, 'cluster3106249630_3106249631_J60_J61_#5more': 94}, 
1360.0, {'J10': -10046.0, 'J11': -105911.0, 'J12': -15569.0, 'J13': -26690.0, 'cluster3106249630_3106249631_J60_J61_#5more': -156490.0}, {'J10': 13, 'J11': 32, 'J12': 20, 'J13': 28, 'cluster3106249630_3106249631_J60_J61_#5more': 42}, {'J10': 19, 'J11': 48, 'J12': 60, 'J13': 47, 'cluster3106249630_3106249631_J60_J61_#5more': 94}, 
1365.0, {'J10': -10216.0, 'J11': -106391.0, 'J12': -15653.0, 'J13': -27160.0, 'cluster3106249630_3106249631_J60_J61_#5more': -157337.5}, {'J10': 13, 'J11': 32, 'J12': 20, 'J13': 28, 'cluster3106249630_3106249631_J60_J61_#5more': 42}, {'J10': 19, 'J11': 48, 'J12': 56, 'J13': 47, 'cluster3106249630_3106249631_J60_J61_#5more': 93}, 
1370.0, {'J10': -10406.0, 'J11': -106871.0, 'J12': -16098.5, 'J13': -27630.0, 'cluster3106249630_3106249631_J60_J61_#5more': -158267.5}, {'J10': 13, 'J11': 32, 'J12': 20, 'J13': 28, 'cluster3106249630_3106249631_J60_J61_#5more': 42}, {'J10': 19, 'J11': 48, 'J12': 54, 'J13': 47, 'cluster3106249630_3106249631_J60_J61_#5more': 93}, 
1375.0, {'J10': -10596.0, 'J11': -107351.0, 'J12': -16641.5, 'J13': -28100.0, 'cluster3106249630_3106249631_J60_J61_#5more': -159201.5}, {'J10': 13, 'J11': 32, 'J12': 20, 'J13': 28, 'cluster3106249630_3106249631_J60_J61_#5more': 42}, {'J10': 19, 'J11': 48, 'J12': 56, 'J13': 47, 'cluster3106249630_3106249631_J60_J61_#5more': 94}, 
1380.0, {'J10': -10786.0, 'J11': -107831.0, 'J12': -16616.5, 'J13': -28570.0, 'cluster3106249630_3106249631_J60_J61_#5more': -160144.5}, {'J10': 13, 'J11': 32, 'J12': 20, 'J13': 28, 'cluster3106249630_3106249631_J60_J61_#5more': 42}, {'J10': 19, 'J11': 48, 'J12': 57, 'J13': 47, 'cluster3106249630_3106249631_J60_J61_#5more': 95}, 
1385.0, {'J10': -10976.0, 'J11': -108311.0, 'J12': -16254.5, 'J13': -24321.0, 'cluster3106249630_3106249631_J60_J61_#5more': -161094.5}, {'J10': 13, 'J11': 32, 'J12': 20, 'J13': 24, 'cluster3106249630_3106249631_J60_J61_#5more': 42}, {'J10': 19, 'J11': 48, 'J12': 57, 'J13': 43, 'cluster3106249630_3106249631_J60_J61_#5more': 95}, 
1390.0, {'J10': -11166.0, 'J11': -108791.0, 'J12': -16841.5, 'J13': -24615.5, 'cluster3106249630_3106249631_J60_J61_#5more': -162044.5}, {'J10': 13, 'J11': 32, 'J12': 20, 'J13': 24, 'cluster3106249630_3106249631_J60_J61_#5more': 42}, {'J10': 19, 'J11': 48, 'J12': 63, 'J13': 41, 'cluster3106249630_3106249631_J60_J61_#5more': 95}, 
1395.0, {'J10': -11356.0, 'J11': -109271.0, 'J12': -17481.5, 'J13': -25025.5, 'cluster3106249630_3106249631_J60_J61_#5more': -162994.5}, {'J10': 13, 'J11': 32, 'J12': 20, 'J13': 24, 'cluster3106249630_3106249631_J60_J61_#5more': 42}, {'J10': 19, 'J11': 48, 'J12': 67, 'J13': 41, 'cluster3106249630_3106249631_J60_J61_#5more': 95}, 
1400.0, {'J10': -11546.0, 'J11': -109751.0, 'J12': -18157.0, 'J13': -25435.5, 'cluster3106249630_3106249631_J60_J61_#5more': -163783.5}, {'J10': 13, 'J11': 32, 'J12': 20, 'J13': 24, 'cluster3106249630_3106249631_J60_J61_#5more': 42}, {'J10': 19, 'J11': 48, 'J12': 69, 'J13': 41, 'cluster3106249630_3106249631_J60_J61_#5more': 94}, 
1405.0, {'J10': -11736.0, 'J11': -110236.5, 'J12': -18249.0, 'J13': -25852.5, 'cluster3106249630_3106249631_J60_J61_#5more': -164723.5}, {'J10': 13, 'J11': 32, 'J12': 20, 'J13': 24, 'cluster3106249630_3106249631_J60_J61_#5more': 42}, {'J10': 19, 'J11': 50, 'J12': 66, 'J13': 43, 'cluster3106249630_3106249631_J60_J61_#5more': 94}, 
1410.0, {'J10': -11834.5, 'J11': -110727.5, 'J12': -18290.5, 'J13': -26294.0, 'cluster3106249630_3106249631_J60_J61_#5more': -165488.5}, {'J10': 13, 'J11': 32, 'J12': 20, 'J13': 28, 'cluster3106249630_3106249631_J60_J61_#5more': 42}, {'J10': 19, 'J11': 51, 'J12': 58, 'J13': 47, 'cluster3106249630_3106249631_J60_J61_#5more': 93}, 
1415.0, {'J10': -12014.0, 'J11': -111202.0, 'J12': -18589.0, 'J13': -26764.0, 'cluster3106249630_3106249631_J60_J61_#5more': -166422.5}, {'J10': 13, 'J11': 32, 'J12': 20, 'J13': 28, 'cluster3106249630_3106249631_J60_J61_#5more': 42}, {'J10': 18, 'J11': 49, 'J12': 55, 'J13': 47, 'cluster3106249630_3106249631_J60_J61_#5more': 94}, 
1420.0, {'J10': -12194.0, 'J11': -111671.0, 'J12': -18968.0, 'J13': -27234.0, 'cluster3106249630_3106249631_J60_J61_#5more': -167370.0}, {'J10': 13, 'J11': 32, 'J12': 20, 'J13': 28, 'cluster3106249630_3106249631_J60_J61_#5more': 42}, {'J10': 18, 'J11': 48, 'J12': 55, 'J13': 47, 'cluster3106249630_3106249631_J60_J61_#5more': 96}, 
1425.0, {'J10': -12374.0, 'J11': -112151.0, 'J12': -19209.0, 'J13': -27704.0, 'cluster3106249630_3106249631_J60_J61_#5more': -168330.0}, {'J10': 13, 'J11': 32, 'J12': 20, 'J13': 28, 'cluster3106249630_3106249631_J60_J61_#5more': 42}, {'J10': 18, 'J11': 48, 'J12': 54, 'J13': 47, 'cluster3106249630_3106249631_J60_J61_#5more': 96}, 
1430.0, {'J10': -12554.0, 'J11': -112633.5, 'J12': -19637.5, 'J13': -28174.0, 'cluster3106249630_3106249631_J60_J61_#5more': -169290.0}, {'J10': 13, 'J11': 32, 'J12': 20, 'J13': 28, 'cluster3106249630_3106249631_J60_J61_#5more': 42}, {'J10': 18, 'J11': 49, 'J12': 53, 'J13': 47, 'cluster3106249630_3106249631_J60_J61_#5more': 96}, 
1435.0, {'J10': -12734.0, 'J11': -113111.0, 'J12': -19941.0, 'J13': -28644.0, 'cluster3106249630_3106249631_J60_J61_#5more': -170254.5}, {'J10': 13, 'J11': 32, 'J12': 20, 'J13': 28, 'cluster3106249630_3106249631_J60_J61_#5more': 42}, {'J10': 18, 'J11': 48, 'J12': 54, 'J13': 47, 'cluster3106249630_3106249631_J60_J61_#5more': 97}, 
1440.0, {'J10': -12914.0, 'J11': -113591.0, 'J12': -20483.5, 'J13': -29114.0, 'cluster3106249630_3106249631_J60_J61_#5more': -171224.5}, {'J10': 13, 'J11': 32, 'J12': 20, 'J13': 28, 'cluster3106249630_3106249631_J60_J61_#5more': 42}, {'J10': 18, 'J11': 48, 'J12': 55, 'J13': 47, 'cluster3106249630_3106249631_J60_J61_#5more': 97}, 
1445.0, {'J10': -13094.0, 'J11': -114071.0, 'J12': -20988.0, 'J13': -29584.0, 'cluster3106249630_3106249631_J60_J61_#5more': -172194.5}, {'J10': 13, 'J11': 32, 'J12': 20, 'J13': 28, 'cluster3106249630_3106249631_J60_J61_#5more': 42}, {'J10': 18, 'J11': 48, 'J12': 56, 'J13': 47, 'cluster3106249630_3106249631_J60_J61_#5more': 97}, 
1450.0, {'J10': -13274.0, 'J11': -114551.0, 'J12': -21160.0, 'J13': -26354.0, 'cluster3106249630_3106249631_J60_J61_#5more': -173164.5}, {'J10': 13, 'J11': 32, 'J12': 20, 'J13': 25, 'cluster3106249630_3106249631_J60_J61_#5more': 42}, {'J10': 18, 'J11': 48, 'J12': 49, 'J13': 42, 'cluster3106249630_3106249631_J60_J61_#5more': 97}, 
1455.0, {'J10': -13454.0, 'J11': -115031.0, 'J12': -21590.5, 'J13': -25639.5, 'cluster3106249630_3106249631_J60_J61_#5more': -174134.5}, {'J10': 13, 'J11': 32, 'J12': 20, 'J13': 24, 'cluster3106249630_3106249631_J60_J61_#5more': 42}, {'J10': 18, 'J11': 48, 'J12': 49, 'J13': 41, 'cluster3106249630_3106249631_J60_J61_#5more': 97}, 
1460.0, {'J10': -13634.0, 'J11': -115511.0, 'J12': -21888.5, 'J13': -26049.5, 'cluster3106249630_3106249631_J60_J61_#5more': -175104.5}, {'J10': 13, 'J11': 32, 'J12': 20, 'J13': 24, 'cluster3106249630_3106249631_J60_J61_#5more': 42}, {'J10': 18, 'J11': 48, 'J12': 53, 'J13': 41, 'cluster3106249630_3106249631_J60_J61_#5more': 97}, 
1465.0, {'J10': -13814.0, 'J11': -115991.0, 'J12': -22240.5, 'J13': -26459.5, 'cluster3106249630_3106249631_J60_J61_#5more': -176074.5}, {'J10': 13, 'J11': 32, 'J12': 20, 'J13': 24, 'cluster3106249630_3106249631_J60_J61_#5more': 42}, {'J10': 18, 'J11': 48, 'J12': 51, 'J13': 41, 'cluster3106249630_3106249631_J60_J61_#5more': 97}, 
1470.0, {'J10': -13994.0, 'J11': -116471.0, 'J12': -22176.5, 'J13': -26875.0, 'cluster3106249630_3106249631_J60_J61_#5more': -177044.5}, {'J10': 13, 'J11': 32, 'J12': 20, 'J13': 25, 'cluster3106249630_3106249631_J60_J61_#5more': 42}, {'J10': 18, 'J11': 48, 'J12': 49, 'J13': 43, 'cluster3106249630_3106249631_J60_J61_#5more': 97}, 
1475.0, {'J10': -14174.0, 'J11': -116951.0, 'J12': -22588.0, 'J13': -27315.0, 'cluster3106249630_3106249631_J60_J61_#5more': -178014.5}, {'J10': 13, 'J11': 32, 'J12': 20, 'J13': 28, 'cluster3106249630_3106249631_J60_J61_#5more': 42}, {'J10': 18, 'J11': 48, 'J12': 53, 'J13': 46, 'cluster3106249630_3106249631_J60_J61_#5more': 97}, 
1480.0, {'J10': -14354.0, 'J11': -117431.0, 'J12': -23133.5, 'J13': -27775.0, 'cluster3106249630_3106249631_J60_J61_#5more': -178984.5}, {'J10': 13, 'J11': 32, 'J12': 20, 'J13': 28, 'cluster3106249630_3106249631_J60_J61_#5more': 42}, {'J10': 18, 'J11': 48, 'J12': 57, 'J13': 46, 'cluster3106249630_3106249631_J60_J61_#5more': 97}, 
1485.0, {'J10': -14538.5, 'J11': -117911.0, 'J12': -23670.5, 'J13': -28235.0, 'cluster3106249630_3106249631_J60_J61_#5more': -179954.5}, {'J10': 13, 'J11': 32, 'J12': 20, 'J13': 28, 'cluster3106249630_3106249631_J60_J61_#5more': 42}, {'J10': 19, 'J11': 48, 'J12': 58, 'J13': 46, 'cluster3106249630_3106249631_J60_J61_#5more': 97}, 
1490.0, {'J10': -14728.5, 'J11': -118391.0, 'J12': -23971.5, 'J13': -28695.0, 'cluster3106249630_3106249631_J60_J61_#5more': -180924.5}, {'J10': 13, 'J11': 32, 'J12': 20, 'J13': 28, 'cluster3106249630_3106249631_J60_J61_#5more': 42}, {'J10': 19, 'J11': 48, 'J12': 56, 'J13': 46, 'cluster3106249630_3106249631_J60_J61_#5more': 97}, 
1495.0, {'J10': -14918.5, 'J11': -118871.0, 'J12': -24320.5, 'J13': -29155.0, 'cluster3106249630_3106249631_J60_J61_#5more': -181897.5}, {'J10': 13, 'J11': 32, 'J12': 20, 'J13': 28, 'cluster3106249630_3106249631_J60_J61_#5more': 42}, {'J10': 19, 'J11': 48, 'J12': 52, 'J13': 46, 'cluster3106249630_3106249631_J60_J61_#5more': 98}, 
1500.0, {'J10': -15108.5, 'J11': -119351.0, 'J12': -24050.0, 'J13': -29615.0, 'cluster3106249630_3106249631_J60_J61_#5more': -182587.0}, {'J10': 13, 'J11': 32, 'J12': 20, 'J13': 28, 'cluster3106249630_3106249631_J60_J61_#5more': 42}, {'J10': 19, 'J11': 48, 'J12': 52, 'J13': 46, 'cluster3106249630_3106249631_J60_J61_#5more': 97}, 
1505.0, {'J10': -15298.5, 'J11': -119831.0, 'J12': -24382.5, 'J13': -30075.0, 'cluster3106249630_3106249631_J60_J61_#5more': -183557.0}, {'J10': 13, 'J11': 32, 'J12': 20, 'J13': 28, 'cluster3106249630_3106249631_J60_J61_#5more': 42}, {'J10': 19, 'J11': 48, 'J12': 50, 'J13': 46, 'cluster3106249630_3106249631_J60_J61_#5more': 97}, 
1510.0, {'J10': -15488.5, 'J11': -120311.0, 'J12': -24645.0, 'J13': -30535.0, 'cluster3106249630_3106249631_J60_J61_#5more': -184531.0}, {'J10': 13, 'J11': 32, 'J12': 20, 'J13': 28, 'cluster3106249630_3106249631_J60_J61_#5more': 42}, {'J10': 19, 'J11': 48, 'J12': 47, 'J13': 46, 'cluster3106249630_3106249631_J60_J61_#5more': 98}, 
1515.0, {'J10': -15678.5, 'J11': -120791.0, 'J12': -25122.5, 'J13': -28272.0, 'cluster3106249630_3106249631_J60_J61_#5more': -185511.0}, {'J10': 13, 'J11': 32, 'J12': 20, 'J13': 26, 'cluster3106249630_3106249631_J60_J61_#5more': 42}, {'J10': 19, 'J11': 48, 'J12': 50, 'J13': 43, 'cluster3106249630_3106249631_J60_J61_#5more': 98}, 
1520.0, {'J10': -15868.5, 'J11': -121271.0, 'J12': -25632.0, 'J13': -26952.0, 'cluster3106249630_3106249631_J60_J61_#5more': -186491.0}, {'J10': 13, 'J11': 32, 'J12': 20, 'J13': 24, 'cluster3106249630_3106249631_J60_J61_#5more': 42}, {'J10': 19, 'J11': 48, 'J12': 53, 'J13': 42, 'cluster3106249630_3106249631_J60_J61_#5more': 98}, 
1525.0, {'J10': -16058.5, 'J11': -121751.0, 'J12': -26162.0, 'J13': -27358.0, 'cluster3106249630_3106249631_J60_J61_#5more': -187473.0}, {'J10': 13, 'J11': 32, 'J12': 20, 'J13': 24, 'cluster3106249630_3106249631_J60_J61_#5more': 42}, {'J10': 19, 'J11': 48, 'J12': 53, 'J13': 41, 'cluster3106249630_3106249631_J60_J61_#5more': 99}, 
1530.0, {'J10': -16248.5, 'J11': -122231.0, 'J12': -26697.0, 'J13': -27768.0, 'cluster3106249630_3106249631_J60_J61_#5more': -187935.5}, {'J10': 13, 'J11': 32, 'J12': 20, 'J13': 24, 'cluster3106249630_3106249631_J60_J61_#5more': 42}, {'J10': 19, 'J11': 48, 'J12': 54, 'J13': 41, 'cluster3106249630_3106249631_J60_J61_#5more': 97}, 
1535.0, {'J10': -16438.5, 'J11': -122711.0, 'J12': -26902.0, 'J13': -28183.0, 'cluster3106249630_3106249631_J60_J61_#5more': -186587.0}, {'J10': 13, 'J11': 32, 'J12': 20, 'J13': 24, 'cluster3106249630_3106249631_J60_J61_#5more': 42}, {'J10': 19, 'J11': 48, 'J12': 53, 'J13': 42, 'cluster3106249630_3106249631_J60_J61_#5more': 95}, 
1540.0, {'J10': -16514.0, 'J11': -123193.5, 'J12': -26889.0, 'J13': -28614.0, 'cluster3106249630_3106249631_J60_J61_#5more': -187537.5}, {'J10': 13, 'J11': 32, 'J12': 20, 'J13': 28, 'cluster3106249630_3106249631_J60_J61_#5more': 42}, {'J10': 18, 'J11': 49, 'J12': 46, 'J13': 46, 'cluster3106249630_3106249631_J60_J61_#5more': 96}, 
1545.0, {'J10': -16694.0, 'J11': -123671.0, 'J12': -27296.5, 'J13': -29074.0, 'cluster3106249630_3106249631_J60_J61_#5more': -188460.0}, {'J10': 13, 'J11': 32, 'J12': 20, 'J13': 28, 'cluster3106249630_3106249631_J60_J61_#5more': 42}, {'J10': 18, 'J11': 48, 'J12': 46, 'J13': 46, 'cluster3106249630_3106249631_J60_J61_#5more': 96}, 
1550.0, {'J10': -16874.0, 'J11': -124154.5, 'J12': -27743.0, 'J13': -29534.0, 'cluster3106249630_3106249631_J60_J61_#5more': -189270.5}, {'J10': 13, 'J11': 32, 'J12': 20, 'J13': 28, 'cluster3106249630_3106249631_J60_J61_#5more': 42}, {'J10': 18, 'J11': 50, 'J12': 48, 'J13': 46, 'cluster3106249630_3106249631_J60_J61_#5more': 92}, 
1555.0, {'J10': -17054.0, 'J11': -124654.5, 'J12': -27222.0, 'J13': -29994.0, 'cluster3106249630_3106249631_J60_J61_#5more': -190190.5}, {'J10': 13, 'J11': 32, 'J12': 20, 'J13': 28, 'cluster3106249630_3106249631_J60_J61_#5more': 42}, {'J10': 18, 'J11': 50, 'J12': 47, 'J13': 46, 'cluster3106249630_3106249631_J60_J61_#5more': 92}, 
1560.0, {'J10': -17234.0, 'J11': -125155.0, 'J12': -23276.0, 'J13': -30454.0, 'cluster3106249630_3106249631_J60_J61_#5more': -191119.0}, {'J10': 13, 'J11': 32, 'J12': 18, 'J13': 28, 'cluster3106249630_3106249631_J60_J61_#5more': 42}, {'J10': 18, 'J11': 51, 'J12': 43, 'J13': 46, 'cluster3106249630_3106249631_J60_J61_#5more': 95}, 
1565.0, {'J10': -17414.0, 'J11': -125636.0, 'J12': -23676.0, 'J13': -30914.0, 'cluster3106249630_3106249631_J60_J61_#5more': -192074.5}, {'J10': 13, 'J11': 32, 'J12': 18, 'J13': 28, 'cluster3106249630_3106249631_J60_J61_#5more': 42}, {'J10': 18, 'J11': 51, 'J12': 43, 'J13': 46, 'cluster3106249630_3106249631_J60_J61_#5more': 97}, 
1570.0, {'J10': -17594.0, 'J11': -126085.0, 'J12': -24111.0, 'J13': -31374.0, 'cluster3106249630_3106249631_J60_J61_#5more': -193044.5}, {'J10': 13, 'J11': 32, 'J12': 18, 'J13': 28, 'cluster3106249630_3106249631_J60_J61_#5more': 42}, {'J10': 18, 'J11': 49, 'J12': 45, 'J13': 46, 'cluster3106249630_3106249631_J60_J61_#5more': 97}, 
1575.0, {'J10': -17774.0, 'J11': -126552.5, 'J12': -24577.5, 'J13': -31834.0, 'cluster3106249630_3106249631_J60_J61_#5more': -194018.5}, {'J10': 13, 'J11': 32, 'J12': 20, 'J13': 28, 'cluster3106249630_3106249631_J60_J61_#5more': 42}, {'J10': 18, 'J11': 49, 'J12': 51, 'J13': 46, 'cluster3106249630_3106249631_J60_J61_#5more': 98}, 
1580.0, {'J10': -17954.0, 'J11': -127031.0, 'J12': -24757.5, 'J13': -29435.0, 'cluster3106249630_3106249631_J60_J61_#5more': -194998.5}, {'J10': 13, 'J11': 32, 'J12': 20, 'J13': 26, 'cluster3106249630_3106249631_J60_J61_#5more': 42}, {'J10': 18, 'J11': 48, 'J12': 48, 'J13': 43, 'cluster3106249630_3106249631_J60_J61_#5more': 98}, 
1585.0, {'J10': -18134.0, 'J11': -127511.0, 'J12': -25125.0, 'J13': -27981.5, 'cluster3106249630_3106249631_J60_J61_#5more': -195980.0}, {'J10': 13, 'J11': 32, 'J12': 20, 'J13': 25, 'cluster3106249630_3106249631_J60_J61_#5more': 42}, {'J10': 18, 'J11': 48, 'J12': 47, 'J13': 41, 'cluster3106249630_3106249631_J60_J61_#5more': 99}, 
1590.0, {'J10': -18314.0, 'J11': -127995.5, 'J12': -25156.5, 'J13': -28391.5, 'cluster3106249630_3106249631_J60_J61_#5more': -196970.0}, {'J10': 13, 'J11': 32, 'J12': 20, 'J13': 25, 'cluster3106249630_3106249631_J60_J61_#5more': 42}, {'J10': 18, 'J11': 49, 'J12': 52, 'J13': 41, 'cluster3106249630_3106249631_J60_J61_#5more': 99}, 
1595.0, {'J10': -18494.0, 'J11': -128485.5, 'J12': -25255.5, 'J13': -28801.5, 'cluster3106249630_3106249631_J60_J61_#5more': -197960.0}, {'J10': 13, 'J11': 32, 'J12': 20, 'J13': 25, 'cluster3106249630_3106249631_J60_J61_#5more': 42}, {'J10': 18, 'J11': 49, 'J12': 55, 'J13': 41, 'cluster3106249630_3106249631_J60_J61_#5more': 99}, 
1600.0, {'J10': -18674.0, 'J11': -128951.0, 'J12': -25652.0, 'J13': -29216.5, 'cluster3106249630_3106249631_J60_J61_#5more': -198954.0}, {'J10': 13, 'J11': 32, 'J12': 20, 'J13': 26, 'cluster3106249630_3106249631_J60_J61_#5more': 42}, {'J10': 18, 'J11': 48, 'J12': 57, 'J13': 44, 'cluster3106249630_3106249631_J60_J61_#5more': 101}, 
1605.0, {'J10': -18854.0, 'J11': -129431.0, 'J12': -25861.5, 'J13': -29665.0, 'cluster3106249630_3106249631_J60_J61_#5more': -199940.0}, {'J10': 13, 'J11': 32, 'J12': 20, 'J13': 28, 'cluster3106249630_3106249631_J60_J61_#5more': 42}, {'J10': 18, 'J11': 48, 'J12': 52, 'J13': 46, 'cluster3106249630_3106249631_J60_J61_#5more': 99}, 
1610.0, {'J10': -19034.0, 'J11': -129911.0, 'J12': -26156.5, 'J13': -30125.0, 'cluster3106249630_3106249631_J60_J61_#5more': -200930.0}, {'J10': 13, 'J11': 32, 'J12': 20, 'J13': 28, 'cluster3106249630_3106249631_J60_J61_#5more': 42}, {'J10': 18, 'J11': 48, 'J12': 46, 'J13': 46, 'cluster3106249630_3106249631_J60_J61_#5more': 99}, 
1615.0, {'J10': -19214.0, 'J11': -130391.0, 'J12': -26566.0, 'J13': -30585.0, 'cluster3106249630_3106249631_J60_J61_#5more': -201925.0}, {'J10': 13, 'J11': 32, 'J12': 20, 'J13': 28, 'cluster3106249630_3106249631_J60_J61_#5more': 42}, {'J10': 18, 'J11': 48, 'J12': 46, 'J13': 46, 'cluster3106249630_3106249631_J60_J61_#5more': 100}, 
1620.0, {'J10': -19394.0, 'J11': -130871.0, 'J12': -27032.5, 'J13': -31045.0, 'cluster3106249630_3106249631_J60_J61_#5more': -202925.0}, {'J10': 13, 'J11': 32, 'J12': 20, 'J13': 28, 'cluster3106249630_3106249631_J60_J61_#5more': 42}, {'J10': 18, 'J11': 48, 'J12': 49, 'J13': 46, 'cluster3106249630_3106249631_J60_J61_#5more': 100}, 
1625.0, {'J10': -19575.0, 'J11': -131351.0, 'J12': -23496.5, 'J13': -31505.0, 'cluster3106249630_3106249631_J60_J61_#5more': -203928.5}, {'J10': 13, 'J11': 32, 'J12': 18, 'J13': 28, 'cluster3106249630_3106249631_J60_J61_#5more': 42}, {'J10': 19, 'J11': 48, 'J12': 48, 'J13': 46, 'cluster3106249630_3106249631_J60_J61_#5more': 101}, 
1630.0, {'J10': -19765.5, 'J11': -131831.0, 'J12': -23881.0, 'J13': -31968.0, 'cluster3106249630_3106249631_J60_J61_#5more': -204942.5}, {'J10': 13, 'J11': 32, 'J12': 18, 'J13': 28, 'cluster3106249630_3106249631_J60_J61_#5more': 42}, {'J10': 20, 'J11': 48, 'J12': 46, 'J13': 47, 'cluster3106249630_3106249631_J60_J61_#5more': 103}, 
1635.0, {'J10': -19955.0, 'J11': -132311.0, 'J12': -24238.0, 'J13': -32438.0, 'cluster3106249630_3106249631_J60_J61_#5more': -205977.0}, {'J10': 13, 'J11': 32, 'J12': 18, 'J13': 28, 'cluster3106249630_3106249631_J60_J61_#5more': 42}, {'J10': 19, 'J11': 48, 'J12': 45, 'J13': 47, 'cluster3106249630_3106249631_J60_J61_#5more': 105}, 
1640.0, {'J10': -20145.0, 'J11': -132791.0, 'J12': -24692.0, 'J13': -32908.0, 'cluster3106249630_3106249631_J60_J61_#5more': -207030.0}, {'J10': 13, 'J11': 32, 'J12': 19, 'J13': 28, 'cluster3106249630_3106249631_J60_J61_#5more': 42}, {'J10': 19, 'J11': 48, 'J12': 51, 'J13': 47, 'cluster3106249630_3106249631_J60_J61_#5more': 106}, 
1645.0, {'J10': -20335.0, 'J11': -133271.0, 'J12': -22513.5, 'J13': -30357.0, 'cluster3106249630_3106249631_J60_J61_#5more': -208090.0}, {'J10': 13, 'J11': 32, 'J12': 21, 'J13': 26, 'cluster3106249630_3106249631_J60_J61_#5more': 42}, {'J10': 19, 'J11': 48, 'J12': 49, 'J13': 43, 'cluster3106249630_3106249631_J60_J61_#5more': 106}, 
1650.0, {'J10': -20525.0, 'J11': -133753.0, 'J12': -23005.5, 'J13': -28040.0, 'cluster3106249630_3106249631_J60_J61_#5more': -209156.0}, {'J10': 13, 'J11': 32, 'J12': 21, 'J13': 24, 'cluster3106249630_3106249631_J60_J61_#5more': 42}, {'J10': 19, 'J11': 49, 'J12': 51, 'J13': 41, 'cluster3106249630_3106249631_J60_J61_#5more': 108}, 
1655.0, {'J10': -20715.0, 'J11': -134231.0, 'J12': -23508.5, 'J13': -28450.0, 'cluster3106249630_3106249631_J60_J61_#5more': -210132.0}, {'J10': 13, 'J11': 32, 'J12': 21, 'J13': 24, 'cluster3106249630_3106249631_J60_J61_#5more': 42}, {'J10': 19, 'J11': 48, 'J12': 52, 'J13': 41, 'cluster3106249630_3106249631_J60_J61_#5more': 106}, 
1660.0, {'J10': -20905.0, 'J11': -134711.5, 'J12': -23895.0, 'J13': -28860.0, 'cluster3106249630_3106249631_J60_J61_#5more': -211115.5}, {'J10': 13, 'J11': 32, 'J12': 22, 'J13': 24, 'cluster3106249630_3106249631_J60_J61_#5more': 42}, {'J10': 19, 'J11': 49, 'J12': 56, 'J13': 41, 'cluster3106249630_3106249631_J60_J61_#5more': 104}, 
1665.0, {'J10': -21095.0, 'J11': -135191.0, 'J12': -24208.0, 'J13': -29271.5, 'cluster3106249630_3106249631_J60_J61_#5more': -209688.5}, {'J10': 13, 'J11': 32, 'J12': 22, 'J13': 24, 'cluster3106249630_3106249631_J60_J61_#5more': 42}, {'J10': 19, 'J11': 48, 'J12': 52, 'J13': 42, 'cluster3106249630_3106249631_J60_J61_#5more': 101}, 
1670.0, {'J10': -21195.0, 'J11': -135671.0, 'J12': -24667.5, 'J13': -29702.0, 'cluster3106249630_3106249631_J60_J61_#5more': -210699.5}, {'J10': 13, 'J11': 32, 'J12': 22, 'J13': 27, 'cluster3106249630_3106249631_J60_J61_#5more': 42}, {'J10': 19, 'J11': 48, 'J12': 52, 'J13': 45, 'cluster3106249630_3106249631_J60_J61_#5more': 102}, 
1675.0, {'J10': -21374.0, 'J11': -136154.5, 'J12': -25193.0, 'J13': -30155.0, 'cluster3106249630_3106249631_J60_J61_#5more': -211726.0}, {'J10': 13, 'J11': 32, 'J12': 22, 'J13': 28, 'cluster3106249630_3106249631_J60_J61_#5more': 42}, {'J10': 18, 'J11': 50, 'J12': 54, 'J13': 46, 'cluster3106249630_3106249631_J60_J61_#5more': 104}, 
1680.0, {'J10': -21554.0, 'J11': -136643.5, 'J12': -23091.5, 'J13': -30615.0, 'cluster3106249630_3106249631_J60_J61_#5more': -212688.0}, {'J10': 13, 'J11': 32, 'J12': 20, 'J13': 28, 'cluster3106249630_3106249631_J60_J61_#5more': 42}, {'J10': 18, 'J11': 50, 'J12': 52, 'J13': 46, 'cluster3106249630_3106249631_J60_J61_#5more': 100}, 
1685.0, {'J10': -21734.0, 'J11': -137111.0, 'J12': -21155.5, 'J13': -31078.5, 'cluster3106249630_3106249631_J60_J61_#5more': -213688.0}, {'J10': 13, 'J11': 32, 'J12': 18, 'J13': 28, 'cluster3106249630_3106249631_J60_J61_#5more': 42}, {'J10': 18, 'J11': 48, 'J12': 48, 'J13': 47, 'cluster3106249630_3106249631_J60_J61_#5more': 100}, 
1690.0, {'J10': -21914.0, 'J11': -137591.0, 'J12': -21508.0, 'J13': -31548.5, 'cluster3106249630_3106249631_J60_J61_#5more': -214688.0}, {'J10': 13, 'J11': 32, 'J12': 18, 'J13': 28, 'cluster3106249630_3106249631_J60_J61_#5more': 42}, {'J10': 18, 'J11': 48, 'J12': 47, 'J13': 47, 'cluster3106249630_3106249631_J60_J61_#5more': 100}, 
1695.0, {'J10': -22094.0, 'J11': -138071.0, 'J12': -21985.5, 'J13': -32018.5, 'cluster3106249630_3106249631_J60_J61_#5more': -215688.0}, {'J10': 13, 'J11': 32, 'J12': 18, 'J13': 28, 'cluster3106249630_3106249631_J60_J61_#5more': 42}, {'J10': 18, 'J11': 48, 'J12': 51, 'J13': 47, 'cluster3106249630_3106249631_J60_J61_#5more': 100}, 
1700.0, {'J10': -22274.0, 'J11': -138551.0, 'J12': -22511.5, 'J13': -32488.5, 'cluster3106249630_3106249631_J60_J61_#5more': -216688.0}, {'J10': 13, 'J11': 32, 'J12': 20, 'J13': 28, 'cluster3106249630_3106249631_J60_J61_#5more': 42}, {'J10': 18, 'J11': 48, 'J12': 56, 'J13': 47, 'cluster3106249630_3106249631_J60_J61_#5more': 100}, 
1705.0, {'J10': -22454.0, 'J11': -139032.0, 'J12': -22874.5, 'J13': -32958.5, 'cluster3106249630_3106249631_J60_J61_#5more': -217689.0}, {'J10': 13, 'J11': 32, 'J12': 20, 'J13': 28, 'cluster3106249630_3106249631_J60_J61_#5more': 42}, {'J10': 18, 'J11': 49, 'J12': 53, 'J13': 47, 'cluster3106249630_3106249631_J60_J61_#5more': 101}, 
1710.0, {'J10': -22634.0, 'J11': -139522.0, 'J12': -23304.0, 'J13': -33375.0, 'cluster3106249630_3106249631_J60_J61_#5more': -218702.0}, {'J10': 13, 'J11': 32, 'J12': 20, 'J13': 28, 'cluster3106249630_3106249631_J60_J61_#5more': 42}, {'J10': 18, 'J11': 49, 'J12': 53, 'J13': 46, 'cluster3106249630_3106249631_J60_J61_#5more': 102}, 
1715.0, {'J10': -22814.0, 'J11': -140012.5, 'J12': -23840.5, 'J13': -33835.0, 'cluster3106249630_3106249631_J60_J61_#5more': -219722.0}, {'J10': 13, 'J11': 32, 'J12': 20, 'J13': 28, 'cluster3106249630_3106249631_J60_J61_#5more': 42}, {'J10': 18, 'J11': 50, 'J12': 56, 'J13': 46, 'cluster3106249630_3106249631_J60_J61_#5more': 102}, 
1720.0, {'J10': -22998.5, 'J11': -140502.0, 'J12': -22515.5, 'J13': -34297.0, 'cluster3106249630_3106249631_J60_J61_#5more': -220743.0}, {'J10': 13, 'J11': 32, 'J12': 20, 'J13': 28, 'cluster3106249630_3106249631_J60_J61_#5more': 42}, {'J10': 19, 'J11': 49, 'J12': 52, 'J13': 47, 'cluster3106249630_3106249631_J60_J61_#5more': 103}, 
1725.0, {'J10': -23188.5, 'J11': -140992.0, 'J12': -21448.5, 'J13': -34767.0, 'cluster3106249630_3106249631_J60_J61_#5more': -221774.0}, {'J10': 13, 'J11': 32, 'J12': 20, 'J13': 28, 'cluster3106249630_3106249631_J60_J61_#5more': 42}, {'J10': 19, 'J11': 49, 'J12': 48, 'J13': 47, 'cluster3106249630_3106249631_J60_J61_#5more': 104}, 
1730.0, {'J10': -23378.5, 'J11': -141482.0, 'J12': -21606.5, 'J13': -35237.0, 'cluster3106249630_3106249631_J60_J61_#5more': -220360.0}, {'J10': 13, 'J11': 32, 'J12': 20, 'J13': 28, 'cluster3106249630_3106249631_J60_J61_#5more': 42}, {'J10': 19, 'J11': 49, 'J12': 42, 'J13': 47, 'cluster3106249630_3106249631_J60_J61_#5more': 104}, 
1735.0, {'J10': -23534.0, 'J11': -141972.0, 'J12': -21884.0, 'J13': -35707.0, 'cluster3106249630_3106249631_J60_J61_#5more': -221400.0}, {'J10': 13, 'J11': 32, 'J12': 20, 'J13': 28, 'cluster3106249630_3106249631_J60_J61_#5more': 42}, {'J10': 18, 'J11': 49, 'J12': 43, 'J13': 47, 'cluster3106249630_3106249631_J60_J61_#5more': 104}, 
1740.0, {'J10': -23714.0, 'J11': -142462.0, 'J12': -22337.5, 'J13': -36177.0, 'cluster3106249630_3106249631_J60_J61_#5more': -222440.5}, {'J10': 13, 'J11': 32, 'J12': 20, 'J13': 28, 'cluster3106249630_3106249631_J60_J61_#5more': 42}, {'J10': 18, 'J11': 49, 'J12': 51, 'J13': 47, 'cluster3106249630_3106249631_J60_J61_#5more': 105}, 
1745.0, {'J10': -23894.0, 'J11': -142952.0, 'J12': -22749.0, 'J13': -36647.0, 'cluster3106249630_3106249631_J60_J61_#5more': -223285.5}, {'J10': 13, 'J11': 32, 'J12': 20, 'J13': 28, 'cluster3106249630_3106249631_J60_J61_#5more': 42}, {'J10': 18, 'J11': 49, 'J12': 50, 'J13': 47, 'cluster3106249630_3106249631_J60_J61_#5more': 102}, 
1750.0, {'J10': -24074.0, 'J11': -143442.0, 'J12': -22197.5, 'J13': -37117.0, 'cluster3106249630_3106249631_J60_J61_#5more': -224149.5}, {'J10': 13, 'J11': 32, 'J12': 20, 'J13': 28, 'cluster3106249630_3106249631_J60_J61_#5more': 42}, {'J10': 18, 'J11': 49, 'J12': 47, 'J13': 47, 'cluster3106249630_3106249631_J60_J61_#5more': 98}, 
1755.0, {'J10': -24254.0, 'J11': -143932.0, 'J12': -20658.5, 'J13': -37587.0, 'cluster3106249630_3106249631_J60_J61_#5more': -225129.5}, {'J10': 13, 'J11': 32, 'J12': 20, 'J13': 28, 'cluster3106249630_3106249631_J60_J61_#5more': 42}, {'J10': 18, 'J11': 49, 'J12': 52, 'J13': 47, 'cluster3106249630_3106249631_J60_J61_#5more': 98}, 
1760.0, {'J10': -24434.0, 'J11': -144311.0, 'J12': -20015.5, 'J13': -38057.0, 'cluster3106249630_3106249631_J60_J61_#5more': -226109.5}, {'J10': 13, 'J11': 32, 'J12': 20, 'J13': 28, 'cluster3106249630_3106249631_J60_J61_#5more': 42}, {'J10': 18, 'J11': 48, 'J12': 48, 'J13': 47, 'cluster3106249630_3106249631_J60_J61_#5more': 98}, 
1765.0, {'J10': -24614.0, 'J11': -144791.0, 'J12': -20349.5, 'J13': -38527.0, 'cluster3106249630_3106249631_J60_J61_#5more': -227089.5}, {'J10': 13, 'J11': 32, 'J12': 20, 'J13': 28, 'cluster3106249630_3106249631_J60_J61_#5more': 42}, {'J10': 18, 'J11': 48, 'J12': 46, 'J13': 47, 'cluster3106249630_3106249631_J60_J61_#5more': 98}, 
1770.0, {'J10': -24794.0, 'J11': -145271.0, 'J12': -20185.5, 'J13': -38997.0, 'cluster3106249630_3106249631_J60_J61_#5more': -228069.5}, {'J10': 13, 'J11': 32, 'J12': 20, 'J13': 28, 'cluster3106249630_3106249631_J60_J61_#5more': 42}, {'J10': 18, 'J11': 48, 'J12': 44, 'J13': 47, 'cluster3106249630_3106249631_J60_J61_#5more': 98}, 
1775.0, {'J10': -24977.0, 'J11': -145754.0, 'J12': -20621.0, 'J13': -34118.0, 'cluster3106249630_3106249631_J60_J61_#5more': -229049.5}, {'J10': 13, 'J11': 32, 'J12': 20, 'J13': 25, 'cluster3106249630_3106249631_J60_J61_#5more': 42}, {'J10': 19, 'J11': 50, 'J12': 49, 'J13': 42, 'cluster3106249630_3106249631_J60_J61_#5more': 98}, 
1780.0, {'J10': -25167.0, 'J11': -146231.0, 'J12': -20519.0, 'J13': -33544.0, 'cluster3106249630_3106249631_J60_J61_#5more': -230029.5}, {'J10': 13, 'J11': 32, 'J12': 20, 'J13': 24, 'cluster3106249630_3106249631_J60_J61_#5more': 42}, {'J10': 19, 'J11': 48, 'J12': 53, 'J13': 41, 'cluster3106249630_3106249631_J60_J61_#5more': 98}, 
1785.0, {'J10': -25359.5, 'J11': -146711.0, 'J12': -20902.0, 'J13': -33954.5, 'cluster3106249630_3106249631_J60_J61_#5more': -231009.5}, {'J10': 13, 'J11': 32, 'J12': 20, 'J13': 24, 'cluster3106249630_3106249631_J60_J61_#5more': 42}, {'J10': 20, 'J11': 48, 'J12': 50, 'J13': 42, 'cluster3106249630_3106249631_J60_J61_#5more': 98}, 
1790.0, {'J10': -25559.5, 'J11': -147192.5, 'J12': -21305.5, 'J13': -34374.5, 'cluster3106249630_3106249631_J60_J61_#5more': -231998.5}, {'J10': 13, 'J11': 32, 'J12': 20, 'J13': 24, 'cluster3106249630_3106249631_J60_J61_#5more': 42}, {'J10': 20, 'J11': 49, 'J12': 48, 'J13': 42, 'cluster3106249630_3106249631_J60_J61_#5more': 101}, 
1795.0, {'J10': -25759.5, 'J11': -147671.0, 'J12': -21790.5, 'J13': -34798.5, 'cluster3106249630_3106249631_J60_J61_#5more': -233020.5}, {'J10': 13, 'J11': 32, 'J12': 20, 'J13': 24, 'cluster3106249630_3106249631_J60_J61_#5more': 42}, {'J10': 20, 'J11': 48, 'J12': 51, 'J13': 44, 'cluster3106249630_3106249631_J60_J61_#5more': 105}, 
1800.0, {'J10': -25909.5, 'J11': -148151.0, 'J12': -21418.5, 'J13': -35247.5, 'cluster3106249630_3106249631_J60_J61_#5more': -234077.5}, {'J10': 13, 'J11': 32, 'J12': 20, 'J13': 27, 'cluster3106249630_3106249631_J60_J61_#5more': 42}, {'J10': 20, 'J11': 48, 'J12': 50, 'J13': 47, 'cluster3106249630_3106249631_J60_J61_#5more': 107}, 
1805.0, {'J10': -26054.0, 'J11': -148631.0, 'J12': -21631.0, 'J13': -35721.5, 'cluster3106249630_3106249631_J60_J61_#5more': -235147.5}, {'J10': 13, 'J11': 32, 'J12': 20, 'J13': 28, 'cluster3106249630_3106249631_J60_J61_#5more': 42}, {'J10': 18, 'J11': 48, 'J12': 45, 'J13': 48, 'cluster3106249630_3106249631_J60_J61_#5more': 107}, 
1810.0, {'J10': -26234.0, 'J11': -149111.0, 'J12': -21984.5, 'J13': -36204.0, 'cluster3106249630_3106249631_J60_J61_#5more': -236220.0}, {'J10': 13, 'J11': 32, 'J12': 20, 'J13': 28, 'cluster3106249630_3106249631_J60_J61_#5more': 42}, {'J10': 18, 'J11': 48, 'J12': 43, 'J13': 49, 'cluster3106249630_3106249631_J60_J61_#5more': 108}, 
1815.0, {'J10': -26419.0, 'J11': -149591.0, 'J12': -22428.5, 'J13': -36694.0, 'cluster3106249630_3106249631_J60_J61_#5more': -237309.0}, {'J10': 13, 'J11': 32, 'J12': 20, 'J13': 28, 'cluster3106249630_3106249631_J60_J61_#5more': 42}, {'J10': 19, 'J11': 48, 'J12': 49, 'J13': 49, 'cluster3106249630_3106249631_J60_J61_#5more': 111}, 
1820.0, {'J10': -26609.0, 'J11': -150071.0, 'J12': -22216.0, 'J13': -37184.0, 'cluster3106249630_3106249631_J60_J61_#5more': -238419.0}, {'J10': 13, 'J11': 32, 'J12': 20, 'J13': 28, 'cluster3106249630_3106249631_J60_J61_#5more': 42}, {'J10': 19, 'J11': 48, 'J12': 50, 'J13': 49, 'cluster3106249630_3106249631_J60_J61_#5more': 111}, 
1825.0, {'J10': -26799.0, 'J11': -150551.0, 'J12': -22495.0, 'J13': -37674.0, 'cluster3106249630_3106249631_J60_J61_#5more': -239532.5}, {'J10': 13, 'J11': 32, 'J12': 20, 'J13': 28, 'cluster3106249630_3106249631_J60_J61_#5more': 42}, {'J10': 19, 'J11': 48, 'J12': 47, 'J13': 49, 'cluster3106249630_3106249631_J60_J61_#5more': 112}, 
1830.0, {'J10': -26989.0, 'J11': -151033.5, 'J12': -22302.5, 'J13': -38164.0, 'cluster3106249630_3106249631_J60_J61_#5more': -240654.0}, {'J10': 13, 'J11': 32, 'J12': 20, 'J13': 28, 'cluster3106249630_3106249631_J60_J61_#5more': 42}, {'J10': 19, 'J11': 49, 'J12': 43, 'J13': 49, 'cluster3106249630_3106249631_J60_J61_#5more': 113}, 
1835.0, {'J10': -27179.0, 'J11': -151528.5, 'J12': -18979.5, 'J13': -38654.0, 'cluster3106249630_3106249631_J60_J61_#5more': -241600.5}, {'J10': 13, 'J11': 32, 'J12': 18, 'J13': 28, 'cluster3106249630_3106249631_J60_J61_#5more': 42}, {'J10': 19, 'J11': 51, 'J12': 37, 'J13': 49, 'cluster3106249630_3106249631_J60_J61_#5more': 113}, 
1840.0, {'J10': -27369.0, 'J11': -152046.0, 'J12': -19354.0, 'J13': -35085.5, 'cluster3106249630_3106249631_J60_J61_#5more': -242428.0}, {'J10': 13, 'J11': 32, 'J12': 18, 'J13': 26, 'cluster3106249630_3106249631_J60_J61_#5more': 42}, {'J10': 19, 'J11': 53, 'J12': 39, 'J13': 44, 'cluster3106249630_3106249631_J60_J61_#5more': 109}, 
1845.0, {'J10': -27559.0, 'J11': -152568.0, 'J12': -19126.0, 'J13': -34524.0, 'cluster3106249630_3106249631_J60_J61_#5more': -243225.0}, {'J10': 13, 'J11': 32, 'J12': 18, 'J13': 25, 'cluster3106249630_3106249631_J60_J61_#5more': 42}, {'J10': 19, 'J11': 54, 'J12': 38, 'J13': 43, 'cluster3106249630_3106249631_J60_J61_#5more': 104}, 
1850.0, {'J10': -27749.0, 'J11': -153096.0, 'J12': -19294.0, 'J13': -34954.0, 'cluster3106249630_3106249631_J60_J61_#5more': -244201.0}, {'J10': 13, 'J11': 32, 'J12': 20, 'J13': 25, 'cluster3106249630_3106249631_J60_J61_#5more': 42}, {'J10': 19, 'J11': 53, 'J12': 46, 'J13': 43, 'cluster3106249630_3106249631_J60_J61_#5more': 102}, 
1855.0, {'J10': -27939.0, 'J11': -153626.0, 'J12': -15633.0, 'J13': -35384.0, 'cluster3106249630_3106249631_J60_J61_#5more': -244627.0}, {'J10': 13, 'J11': 32, 'J12': 18, 'J13': 25, 'cluster3106249630_3106249631_J60_J61_#5more': 42}, {'J10': 19, 'J11': 53, 'J12': 41, 'J13': 43, 'cluster3106249630_3106249631_J60_J61_#5more': 101}, 
1860.0, {'J10': -28133.0, 'J11': -153988.5, 'J12': -16043.0, 'J13': -35818.5, 'cluster3106249630_3106249631_J60_J61_#5more': -243054.5}, {'J10': 13, 'J11': 32, 'J12': 18, 'J13': 25, 'cluster3106249630_3106249631_J60_J61_#5more': 42}, {'J10': 20, 'J11': 50, 'J12': 41, 'J13': 45, 'cluster3106249630_3106249631_J60_J61_#5more': 100}, 
1865.0, {'J10': -28228.0, 'J11': -154433.5, 'J12': -16466.0, 'J13': -36278.5, 'cluster3106249630_3106249631_J60_J61_#5more': -244056.0}, {'J10': 13, 'J11': 32, 'J12': 18, 'J13': 28, 'cluster3106249630_3106249631_J60_J61_#5more': 42}, {'J10': 19, 'J11': 49, 'J12': 45, 'J13': 48, 'cluster3106249630_3106249631_J60_J61_#5more': 102}, 
1870.0, {'J10': -28395.5, 'J11': -154871.0, 'J12': -16544.5, 'J13': -36758.5, 'cluster3106249630_3106249631_J60_J61_#5more': -245076.0}, {'J10': 13, 'J11': 32, 'J12': 18, 'J13': 28, 'cluster3106249630_3106249631_J60_J61_#5more': 42}, {'J10': 19, 'J11': 48, 'J12': 46, 'J13': 48, 'cluster3106249630_3106249631_J60_J61_#5more': 102}, 
1875.0, {'J10': -28585.5, 'J11': -155351.0, 'J12': -16583.0, 'J13': -37238.5, 'cluster3106249630_3106249631_J60_J61_#5more': -246098.5}, {'J10': 13, 'J11': 32, 'J12': 20, 'J13': 28, 'cluster3106249630_3106249631_J60_J61_#5more': 42}, {'J10': 19, 'J11': 48, 'J12': 45, 'J13': 48, 'cluster3106249630_3106249631_J60_J61_#5more': 103}, 
1880.0, {'J10': -28775.5, 'J11': -155834.0, 'J12': -17036.5, 'J13': -37718.5, 'cluster3106249630_3106249631_J60_J61_#5more': -247132.5}, {'J10': 13, 'J11': 32, 'J12': 20, 'J13': 28, 'cluster3106249630_3106249631_J60_J61_#5more': 42}, {'J10': 19, 'J11': 49, 'J12': 47, 'J13': 48, 'cluster3106249630_3106249631_J60_J61_#5more': 105}, 
1885.0, {'J10': -28965.5, 'J11': -156324.0, 'J12': -17281.5, 'J13': -38198.5, 'cluster3106249630_3106249631_J60_J61_#5more': -248182.5}, {'J10': 13, 'J11': 32, 'J12': 20, 'J13': 28, 'cluster3106249630_3106249631_J60_J61_#5more': 42}, {'J10': 19, 'J11': 49, 'J12': 46, 'J13': 48, 'cluster3106249630_3106249631_J60_J61_#5more': 105}, 
1890.0, {'J10': -29155.5, 'J11': -156791.0, 'J12': -17528.0, 'J13': -38678.5, 'cluster3106249630_3106249631_J60_J61_#5more': -249237.5}, {'J10': 13, 'J11': 32, 'J12': 20, 'J13': 28, 'cluster3106249630_3106249631_J60_J61_#5more': 42}, {'J10': 19, 'J11': 48, 'J12': 45, 'J13': 48, 'cluster3106249630_3106249631_J60_J61_#5more': 106}, 
1895.0, {'J10': -29345.5, 'J11': -157271.0, 'J12': -17989.0, 'J13': -39158.5, 'cluster3106249630_3106249631_J60_J61_#5more': -250302.5}, {'J10': 13, 'J11': 32, 'J12': 20, 'J13': 28, 'cluster3106249630_3106249631_J60_J61_#5more': 42}, {'J10': 19, 'J11': 48, 'J12': 49, 'J13': 48, 'cluster3106249630_3106249631_J60_J61_#5more': 108}, 
1900.0, {'J10': -29535.5, 'J11': -157751.0, 'J12': -18492.0, 'J13': -39638.5, 'cluster3106249630_3106249631_J60_J61_#5more': -251382.5}, {'J10': 13, 'J11': 32, 'J12': 20, 'J13': 28, 'cluster3106249630_3106249631_J60_J61_#5more': 42}, {'J10': 19, 'J11': 48, 'J12': 53, 'J13': 48, 'cluster3106249630_3106249631_J60_J61_#5more': 108}, 
1905.0, {'J10': -29725.5, 'J11': -158231.0, 'J12': -18686.5, 'J13': -37135.5, 'cluster3106249630_3106249631_J60_J61_#5more': -252291.5}, {'J10': 13, 'J11': 32, 'J12': 20, 'J13': 26, 'cluster3106249630_3106249631_J60_J61_#5more': 42}, {'J10': 19, 'J11': 48, 'J12': 49, 'J13': 45, 'cluster3106249630_3106249631_J60_J61_#5more': 106}, 
1910.0, {'J10': -29915.5, 'J11': -158711.0, 'J12': -13942.0, 'J13': -35460.0, 'cluster3106249630_3106249631_J60_J61_#5more': -253214.0}, {'J10': 13, 'J11': 32, 'J12': 17, 'J13': 24, 'cluster3106249630_3106249631_J60_J61_#5more': 42}, {'J10': 19, 'J11': 48, 'J12': 45, 'J13': 43, 'cluster3106249630_3106249631_J60_J61_#5more': 103}, 
1915.0, {'J10': -30105.5, 'J11': -159191.0, 'J12': -12310.0, 'J13': -35890.0, 'cluster3106249630_3106249631_J60_J61_#5more': -254244.0}, {'J10': 13, 'J11': 32, 'J12': 16, 'J13': 24, 'cluster3106249630_3106249631_J60_J61_#5more': 42}, {'J10': 19, 'J11': 48, 'J12': 42, 'J13': 43, 'cluster3106249630_3106249631_J60_J61_#5more': 103}, 
1920.0, {'J10': -30295.5, 'J11': -159671.0, 'J12': -12739.0, 'J13': -36320.0, 'cluster3106249630_3106249631_J60_J61_#5more': -255274.0}, {'J10': 13, 'J11': 32, 'J12': 16, 'J13': 24, 'cluster3106249630_3106249631_J60_J61_#5more': 42}, {'J10': 19, 'J11': 48, 'J12': 45, 'J13': 43, 'cluster3106249630_3106249631_J60_J61_#5more': 103}, 
1925.0, {'J10': -30485.5, 'J11': -160151.0, 'J12': -12970.0, 'J13': -36755.0, 'cluster3106249630_3106249631_J60_J61_#5more': -253608.0}, {'J10': 13, 'J11': 32, 'J12': 16, 'J13': 25, 'cluster3106249630_3106249631_J60_J61_#5more': 42}, {'J10': 19, 'J11': 48, 'J12': 45, 'J13': 45, 'cluster3106249630_3106249631_J60_J61_#5more': 102}, 
1930.0, {'J10': -30554.0, 'J11': -160631.0, 'J12': -13296.5, 'J13': -37212.0, 'cluster3106249630_3106249631_J60_J61_#5more': -253087.5}, {'J10': 13, 'J11': 32, 'J12': 20, 'J13': 28, 'cluster3106249630_3106249631_J60_J61_#5more': 42}, {'J10': 18, 'J11': 48, 'J12': 48, 'J13': 48, 'cluster3106249630_3106249631_J60_J61_#5more': 102}, 
1935.0, {'J10': -30734.0, 'J11': -161111.0, 'J12': -13737.5, 'J13': -37692.0, 'cluster3106249630_3106249631_J60_J61_#5more': -254112.0}, {'J10': 13, 'J11': 32, 'J12': 20, 'J13': 28, 'cluster3106249630_3106249631_J60_J61_#5more': 42}, {'J10': 18, 'J11': 48, 'J12': 49, 'J13': 48, 'cluster3106249630_3106249631_J60_J61_#5more': 104}, 
1940.0, {'J10': -30914.0, 'J11': -161591.0, 'J12': -14187.0, 'J13': -38172.0, 'cluster3106249630_3106249631_J60_J61_#5more': -255157.0}, {'J10': 13, 'J11': 32, 'J12': 20, 'J13': 28, 'cluster3106249630_3106249631_J60_J61_#5more': 42}, {'J10': 18, 'J11': 48, 'J12': 49, 'J13': 48, 'cluster3106249630_3106249631_J60_J61_#5more': 106}, 
1945.0, {'J10': -31094.0, 'J11': -162071.0, 'J12': -14677.0, 'J13': -38652.0, 'cluster3106249630_3106249631_J60_J61_#5more': -256221.5}, {'J10': 13, 'J11': 32, 'J12': 20, 'J13': 28, 'cluster3106249630_3106249631_J60_J61_#5more': 42}, {'J10': 18, 'J11': 48, 'J12': 49, 'J13': 48, 'cluster3106249630_3106249631_J60_J61_#5more': 107}, 
1950.0, {'J10': -31274.0, 'J11': -162551.0, 'J12': -15172.5, 'J13': -39132.0, 'cluster3106249630_3106249631_J60_J61_#5more': -257303.0}, {'J10': 13, 'J11': 32, 'J12': 20, 'J13': 28, 'cluster3106249630_3106249631_J60_J61_#5more': 42}, {'J10': 18, 'J11': 48, 'J12': 52, 'J13': 48, 'cluster3106249630_3106249631_J60_J61_#5more': 110}, 
1955.0, {'J10': -31454.0, 'J11': -163031.0, 'J12': -15696.5, 'J13': -39615.5, 'cluster3106249630_3106249631_J60_J61_#5more': -258411.0}, {'J10': 13, 'J11': 32, 'J12': 20, 'J13': 28, 'cluster3106249630_3106249631_J60_J61_#5more': 42}, {'J10': 18, 'J11': 48, 'J12': 53, 'J13': 49, 'cluster3106249630_3106249631_J60_J61_#5more': 112}, 
1960.0, {'J10': -31634.0, 'J11': -163511.0, 'J12': -15090.0, 'J13': -40105.5, 'cluster3106249630_3106249631_J60_J61_#5more': -259535.0}, {'J10': 13, 'J11': 32, 'J12': 20, 'J13': 28, 'cluster3106249630_3106249631_J60_J61_#5more': 42}, {'J10': 18, 'J11': 48, 'J12': 47, 'J13': 49, 'cluster3106249630_3106249631_J60_J61_#5more': 114}, 
1965.0, {'J10': -31814.0, 'J11': -163997.5, 'J12': -12112.0, 'J13': -40595.5, 'cluster3106249630_3106249631_J60_J61_#5more': -260677.5}, {'J10': 13, 'J11': 32, 'J12': 18, 'J13': 28, 'cluster3106249630_3106249631_J60_J61_#5more': 42}, {'J10': 18, 'J11': 50, 'J12': 41, 'J13': 49, 'cluster3106249630_3106249631_J60_J61_#5more': 115}, 
1970.0, {'J10': -31994.0, 'J11': -164482.5, 'J12': -7389.5, 'J13': -37931.5, 'cluster3106249630_3106249631_J60_J61_#5more': -261831.5}, {'J10': 13, 'J11': 32, 'J12': 14, 'J13': 26, 'cluster3106249630_3106249631_J60_J61_#5more': 42}, {'J10': 18, 'J11': 49, 'J12': 33, 'J13': 45, 'cluster3106249630_3106249631_J60_J61_#5more': 117}, 
1975.0, {'J10': -32174.0, 'J11': -164951.0, 'J12': -6700.0, 'J13': -36368.5, 'cluster3106249630_3106249631_J60_J61_#5more': -262809.5}, {'J10': 13, 'J11': 32, 'J12': 14, 'J13': 24, 'cluster3106249630_3106249631_J60_J61_#5more': 42}, {'J10': 18, 'J11': 48, 'J12': 35, 'J13': 44, 'cluster3106249630_3106249631_J60_J61_#5more': 115}, 
1980.0, {'J10': -32354.0, 'J11': -165432.5, 'J12': -7064.0, 'J13': -36808.5, 'cluster3106249630_3106249631_J60_J61_#5more': -263964.5}, {'J10': 13, 'J11': 32, 'J12': 14, 'J13': 24, 'cluster3106249630_3106249631_J60_J61_#5more': 42}, {'J10': 18, 'J11': 49, 'J12': 39, 'J13': 44, 'cluster3106249630_3106249631_J60_J61_#5more': 116}, 
1985.0, {'J10': -32534.0, 'J11': -165929.0, 'J12': -6453.5, 'J13': -37248.5, 'cluster3106249630_3106249631_J60_J61_#5more': -265124.5}, {'J10': 13, 'J11': 32, 'J12': 15, 'J13': 24, 'cluster3106249630_3106249631_J60_J61_#5more': 42}, {'J10': 18, 'J11': 51, 'J12': 40, 'J13': 44, 'cluster3106249630_3106249631_J60_J61_#5more': 116}, 
1990.0, {'J10': -32714.0, 'J11': -166403.5, 'J12': -5771.5, 'J13': -37689.0, 'cluster3106249630_3106249631_J60_J61_#5more': -263502.0}, {'J10': 13, 'J11': 32, 'J12': 19, 'J13': 25, 'cluster3106249630_3106249631_J60_J61_#5more': 42}, {'J10': 18, 'J11': 49, 'J12': 38, 'J13': 45, 'cluster3106249630_3106249631_J60_J61_#5more': 116}, 
1995.0, {'J10': -32896.0, 'J11': -166871.0, 'J12': -4391.0, 'J13': -38149.0, 'cluster3106249630_3106249631_J60_J61_#5more': -261906.5}, {'J10': 13, 'J11': 32, 'J12': 19, 'J13': 28, 'cluster3106249630_3106249631_J60_J61_#5more': 42}, {'J10': 19, 'J11': 48, 'J12': 35, 'J13': 48, 'cluster3106249630_3106249631_J60_J61_#5more': 114}, 
2000.0, {'J10': -33074.0, 'J11': -167351.0, 'J12': -4554.5, 'J13': -38629.0, 'cluster3106249630_3106249631_J60_J61_#5more': -263046.5}, {'J10': 13, 'J11': 32, 'J12': 19, 'J13': 28, 'cluster3106249630_3106249631_J60_J61_#5more': 42}, {'J10': 18, 'J11': 48, 'J12': 40, 'J13': 48, 'cluster3106249630_3106249631_J60_J61_#5more': 114}, 
2005.0, {'J10': -33254.0, 'J11': -167831.0, 'J12': -4902.5, 'J13': -39109.0, 'cluster3106249630_3106249631_J60_J61_#5more': -264186.5}, {'J10': 13, 'J11': 32, 'J12': 19, 'J13': 28, 'cluster3106249630_3106249631_J60_J61_#5more': 42}, {'J10': 18, 'J11': 48, 'J12': 45, 'J13': 48, 'cluster3106249630_3106249631_J60_J61_#5more': 114}, 
2010.0, {'J10': -33434.0, 'J11': -168311.0, 'J12': -5042.0, 'J13': -39589.0, 'cluster3106249630_3106249631_J60_J61_#5more': -265326.5}, {'J10': 13, 'J11': 32, 'J12': 20, 'J13': 28, 'cluster3106249630_3106249631_J60_J61_#5more': 42}, {'J10': 18, 'J11': 48, 'J12': 48, 'J13': 48, 'cluster3106249630_3106249631_J60_J61_#5more': 114}, 
2015.0, {'J10': -33614.0, 'J11': -168791.5, 'J12': -3875.0, 'J13': -40069.0, 'cluster3106249630_3106249631_J60_J61_#5more': -266466.5}, {'J10': 13, 'J11': 32, 'J12': 18, 'J13': 28, 'cluster3106249630_3106249631_J60_J61_#5more': 42}, {'J10': 18, 'J11': 49, 'J12': 42, 'J13': 48, 'cluster3106249630_3106249631_J60_J61_#5more': 114}, 
2020.0, {'J10': -33794.0, 'J11': -169281.5, 'J12': -4005.5, 'J13': -40549.0, 'cluster3106249630_3106249631_J60_J61_#5more': -267606.5}, {'J10': 13, 'J11': 32, 'J12': 18, 'J13': 28, 'cluster3106249630_3106249631_J60_J61_#5more': 42}, {'J10': 18, 'J11': 49, 'J12': 39, 'J13': 48, 'cluster3106249630_3106249631_J60_J61_#5more': 114}, 
2025.0, {'J10': -33978.5, 'J11': -169751.0, 'J12': -4262.0, 'J13': -41029.0, 'cluster3106249630_3106249631_J60_J61_#5more': -268388.5}, {'J10': 13, 'J11': 32, 'J12': 18, 'J13': 28, 'cluster3106249630_3106249631_J60_J61_#5more': 42}, {'J10': 19, 'J11': 48, 'J12': 41, 'J13': 48, 'cluster3106249630_3106249631_J60_J61_#5more': 112}, 
2030.0, {'J10': -34168.5, 'J11': -170231.0, 'J12': -4604.5, 'J13': -41509.0, 'cluster3106249630_3106249631_J60_J61_#5more': -268798.0}, {'J10': 13, 'J11': 32, 'J12': 18, 'J13': 28, 'cluster3106249630_3106249631_J60_J61_#5more': 42}, {'J10': 19, 'J11': 48, 'J12': 43, 'J13': 48, 'cluster3106249630_3106249631_J60_J61_#5more': 108}, 
2035.0, {'J10': -34358.5, 'J11': -170711.0, 'J12': -4876.5, 'J13': -38999.0, 'cluster3106249630_3106249631_J60_J61_#5more': -269215.5}, {'J10': 13, 'J11': 32, 'J12': 22, 'J13': 26, 'cluster3106249630_3106249631_J60_J61_#5more': 42}, {'J10': 19, 'J11': 48, 'J12': 52, 'J13': 46, 'cluster3106249630_3106249631_J60_J61_#5more': 104}, 
2040.0, {'J10': -34548.5, 'J11': -171191.0, 'J12': -5276.5, 'J13': -36430.5, 'cluster3106249630_3106249631_J60_J61_#5more': -269581.5}, {'J10': 13, 'J11': 32, 'J12': 22, 'J13': 24, 'cluster3106249630_3106249631_J60_J61_#5more': 42}, {'J10': 19, 'J11': 48, 'J12': 51, 'J13': 42, 'cluster3106249630_3106249631_J60_J61_#5more': 99}, 
2045.0, {'J10': -34738.5, 'J11': -171671.0, 'J12': -5473.5, 'J13': -36850.5, 'cluster3106249630_3106249631_J60_J61_#5more': -270285.5}, {'J10': 13, 'J11': 32, 'J12': 22, 'J13': 24, 'cluster3106249630_3106249631_J60_J61_#5more': 42}, {'J10': 19, 'J11': 48, 'J12': 47, 'J13': 42, 'cluster3106249630_3106249631_J60_J61_#5more': 97}, 
2050.0, {'J10': -34928.5, 'J11': -172151.0, 'J12': -5862.5, 'J13': -37274.0, 'cluster3106249630_3106249631_J60_J61_#5more': -271255.5}, {'J10': 13, 'J11': 32, 'J12': 22, 'J13': 24, 'cluster3106249630_3106249631_J60_J61_#5more': 42}, {'J10': 19, 'J11': 48, 'J12': 47, 'J13': 43, 'cluster3106249630_3106249631_J60_J61_#5more': 97}, 
2055.0, {'J10': -35118.5, 'J11': -172631.0, 'J12': -6226.5, 'J13': -37708.5, 'cluster3106249630_3106249631_J60_J61_#5more': -266639.0}, {'J10': 13, 'J11': 32, 'J12': 22, 'J13': 24, 'cluster3106249630_3106249631_J60_J61_#5more': 42}, {'J10': 19, 'J11': 48, 'J12': 50, 'J13': 45, 'cluster3106249630_3106249631_J60_J61_#5more': 94}, 
2060.0, {'J10': -35234.0, 'J11': -173111.0, 'J12': -6620.0, 'J13': -38167.0, 'cluster3106249630_3106249631_J60_J61_#5more': -267581.0}, {'J10': 13, 'J11': 32, 'J12': 22, 'J13': 27, 'cluster3106249630_3106249631_J60_J61_#5more': 42}, {'J10': 18, 'J11': 48, 'J12': 50, 'J13': 48, 'cluster3106249630_3106249631_J60_J61_#5more': 95}, 
2065.0, {'J10': -35414.0, 'J11': -173591.0, 'J12': -6923.0, 'J13': -38650.5, 'cluster3106249630_3106249631_J60_J61_#5more': -268540.5}, {'J10': 13, 'J11': 32, 'J12': 22, 'J13': 28, 'cluster3106249630_3106249631_J60_J61_#5more': 42}, {'J10': 18, 'J11': 48, 'J12': 46, 'J13': 49, 'cluster3106249630_3106249631_J60_J61_#5more': 98}, 
2070.0, {'J10': -35594.0, 'J11': -174071.0, 'J12': -7317.5, 'J13': -39140.5, 'cluster3106249630_3106249631_J60_J61_#5more': -269524.0}, {'J10': 13, 'J11': 32, 'J12': 22, 'J13': 28, 'cluster3106249630_3106249631_J60_J61_#5more': 42}, {'J10': 18, 'J11': 48, 'J12': 46, 'J13': 49, 'cluster3106249630_3106249631_J60_J61_#5more': 99}, 
2075.0, {'J10': -35774.0, 'J11': -174551.0, 'J12': -7799.5, 'J13': -39630.5, 'cluster3106249630_3106249631_J60_J61_#5more': -270519.5}, {'J10': 13, 'J11': 32, 'J12': 22, 'J13': 28, 'cluster3106249630_3106249631_J60_J61_#5more': 42}, {'J10': 18, 'J11': 48, 'J12': 52, 'J13': 49, 'cluster3106249630_3106249631_J60_J61_#5more': 101}, 
2080.0, {'J10': -35954.0, 'J11': -175031.0, 'J12': -8332.5, 'J13': -40120.5, 'cluster3106249630_3106249631_J60_J61_#5more': -271366.0}, {'J10': 13, 'J11': 32, 'J12': 22, 'J13': 28, 'cluster3106249630_3106249631_J60_J61_#5more': 42}, {'J10': 18, 'J11': 48, 'J12': 56, 'J13': 49, 'cluster3106249630_3106249631_J60_J61_#5more': 97}, 
2085.0, {'J10': -36134.0, 'J11': -175511.0, 'J12': -8721.5, 'J13': -40610.5, 'cluster3106249630_3106249631_J60_J61_#5more': -272220.5}, {'J10': 13, 'J11': 32, 'J12': 22, 'J13': 28, 'cluster3106249630_3106249631_J60_J61_#5more': 42}, {'J10': 18, 'J11': 48, 'J12': 51, 'J13': 49, 'cluster3106249630_3106249631_J60_J61_#5more': 94}, 
2090.0, {'J10': -36314.0, 'J11': -175991.0, 'J12': -9114.5, 'J13': -41100.5, 'cluster3106249630_3106249631_J60_J61_#5more': -273160.5}, {'J10': 13, 'J11': 32, 'J12': 22, 'J13': 28, 'cluster3106249630_3106249631_J60_J61_#5more': 42}, {'J10': 18, 'J11': 48, 'J12': 48, 'J13': 49, 'cluster3106249630_3106249631_J60_J61_#5more': 94}, 
2095.0, {'J10': -36494.0, 'J11': -176477.0, 'J12': -9604.5, 'J13': -41590.5, 'cluster3106249630_3106249631_J60_J61_#5more': -274101.0}, {'J10': 13, 'J11': 32, 'J12': 22, 'J13': 28, 'cluster3106249630_3106249631_J60_J61_#5more': 42}, {'J10': 18, 'J11': 50, 'J12': 53, 'J13': 49, 'cluster3106249630_3106249631_J60_J61_#5more': 95}, 
2100.0, {'J10': -36674.0, 'J11': -176964.5, 'J12': -9939.5, 'J13': -38958.5, 'cluster3106249630_3106249631_J60_J61_#5more': -275052.0}, {'J10': 13, 'J11': 32, 'J12': 22, 'J13': 26, 'cluster3106249630_3106249631_J60_J61_#5more': 42}, {'J10': 18, 'J11': 49, 'J12': 52, 'J13': 45, 'cluster3106249630_3106249631_J60_J61_#5more': 96}, 
2105.0, {'J10': -36854.0, 'J11': -177454.5, 'J12': -10251.0, 'J13': -38528.5, 'cluster3106249630_3106249631_J60_J61_#5more': -276012.0}, {'J10': 13, 'J11': 32, 'J12': 22, 'J13': 26, 'cluster3106249630_3106249631_J60_J61_#5more': 42}, {'J10': 18, 'J11': 49, 'J12': 48, 'J13': 46, 'cluster3106249630_3106249631_J60_J61_#5more': 96}, 
2110.0, {'J10': -37034.0, 'J11': -177946.0, 'J12': -10706.5, 'J13': -38988.5, 'cluster3106249630_3106249631_J60_J61_#5more': -276972.0}, {'J10': 13, 'J11': 32, 'J12': 22, 'J13': 26, 'cluster3106249630_3106249631_J60_J61_#5more': 42}, {'J10': 18, 'J11': 50, 'J12': 47, 'J13': 46, 'cluster3106249630_3106249631_J60_J61_#5more': 96}, 
2115.0, {'J10': -37214.0, 'J11': -178402.5, 'J12': -11179.0, 'J13': -39448.5, 'cluster3106249630_3106249631_J60_J61_#5more': -277932.0}, {'J10': 13, 'J11': 32, 'J12': 22, 'J13': 26, 'cluster3106249630_3106249631_J60_J61_#5more': 42}, {'J10': 18, 'J11': 49, 'J12': 48, 'J13': 46, 'cluster3106249630_3106249631_J60_J61_#5more': 96}, 
2120.0, {'J10': -37394.0, 'J11': -178871.0, 'J12': -11677.0, 'J13': -39911.5, 'cluster3106249630_3106249631_J60_J61_#5more': -275936.5}, {'J10': 13, 'J11': 32, 'J12': 22, 'J13': 26, 'cluster3106249630_3106249631_J60_J61_#5more': 42}, {'J10': 18, 'J11': 48, 'J12': 55, 'J13': 48, 'cluster3106249630_3106249631_J60_J61_#5more': 95}, 
2125.0, {'J10': -37574.0, 'J11': -179351.0, 'J12': -11714.0, 'J13': -40400.5, 'cluster3106249630_3106249631_J60_J61_#5more': -273946.5}, {'J10': 13, 'J11': 32, 'J12': 22, 'J13': 28, 'cluster3106249630_3106249631_J60_J61_#5more': 42}, {'J10': 18, 'J11': 48, 'J12': 53, 'J13': 50, 'cluster3106249630_3106249631_J60_J61_#5more': 95}, 
2130.0, {'J10': -37754.0, 'J11': -179831.0, 'J12': -11768.5, 'J13': -40900.5, 'cluster3106249630_3106249631_J60_J61_#5more': -274901.0}, {'J10': 13, 'J11': 32, 'J12': 22, 'J13': 28, 'cluster3106249630_3106249631_J60_J61_#5more': 42}, {'J10': 18, 'J11': 48, 'J12': 51, 'J13': 50, 'cluster3106249630_3106249631_J60_J61_#5more': 97}, 
2135.0, {'J10': -37934.0, 'J11': -180311.0, 'J12': -10092.0, 'J13': -41402.5, 'cluster3106249630_3106249631_J60_J61_#5more': -275877.0}, {'J10': 13, 'J11': 32, 'J12': 20, 'J13': 28, 'cluster3106249630_3106249631_J60_J61_#5more': 42}, {'J10': 18, 'J11': 48, 'J12': 44, 'J13': 51, 'cluster3106249630_3106249631_J60_J61_#5more': 99}, 
2140.0, {'J10': -38114.0, 'J11': -180795.5, 'J12': -10000.5, 'J13': -41912.5, 'cluster3106249630_3106249631_J60_J61_#5more': -276792.0}, {'J10': 13, 'J11': 32, 'J12': 19, 'J13': 28, 'cluster3106249630_3106249631_J60_J61_#5more': 42}, {'J10': 18, 'J11': 50, 'J12': 45, 'J13': 51, 'cluster3106249630_3106249631_J60_J61_#5more': 97}, 
2145.0, {'J10': -38294.0, 'J11': -181300.5, 'J12': -10414.0, 'J13': -42422.5, 'cluster3106249630_3106249631_J60_J61_#5more': -277657.0}, {'J10': 13, 'J11': 32, 'J12': 19, 'J13': 28, 'cluster3106249630_3106249631_J60_J61_#5more': 42}, {'J10': 18, 'J11': 52, 'J12': 50, 'J13': 51, 'cluster3106249630_3106249631_J60_J61_#5more': 94}, 
2150.0, {'J10': -38474.0, 'J11': -181825.0, 'J12': -10441.0, 'J13': -42932.5, 'cluster3106249630_3106249631_J60_J61_#5more': -278534.0}, {'J10': 13, 'J11': 32, 'J12': 19, 'J13': 28, 'cluster3106249630_3106249631_J60_J61_#5more': 42}, {'J10': 18, 'J11': 53, 'J12': 50, 'J13': 51, 'cluster3106249630_3106249631_J60_J61_#5more': 94}, 
2155.0, {'J10': -38654.0, 'J11': -182355.0, 'J12': -10386.0, 'J13': -43442.5, 'cluster3106249630_3106249631_J60_J61_#5more': -279474.0}, {'J10': 13, 'J11': 32, 'J12': 21, 'J13': 28, 'cluster3106249630_3106249631_J60_J61_#5more': 42}, {'J10': 18, 'J11': 53, 'J12': 49, 'J13': 51, 'cluster3106249630_3106249631_J60_J61_#5more': 94}, 
2160.0, {'J10': -38834.0, 'J11': -182841.0, 'J12': -7710.5, 'J13': -43952.5, 'cluster3106249630_3106249631_J60_J61_#5more': -280415.5}, {'J10': 13, 'J11': 32, 'J12': 17, 'J13': 28, 'cluster3106249630_3106249631_J60_J61_#5more': 42}, {'J10': 18, 'J11': 52, 'J12': 43, 'J13': 51, 'cluster3106249630_3106249631_J60_J61_#5more': 95}, 
2165.0, {'J10': -39014.0, 'J11': -183310.5, 'J12': -7762.5, 'J13': -38357.0, 'cluster3106249630_3106249631_J60_J61_#5more': -281369.5}, {'J10': 13, 'J11': 32, 'J12': 17, 'J13': 24, 'cluster3106249630_3106249631_J60_J61_#5more': 42}, {'J10': 18, 'J11': 51, 'J12': 45, 'J13': 44, 'cluster3106249630_3106249631_J60_J61_#5more': 96}, 
2170.0, {'J10': -39194.0, 'J11': -183715.5, 'J12': -8270.5, 'J13': -38695.5, 'cluster3106249630_3106249631_J60_J61_#5more': -282329.5}, {'J10': 13, 'J11': 32, 'J12': 17, 'J13': 24, 'cluster3106249630_3106249631_J60_J61_#5more': 42}, {'J10': 18, 'J11': 49, 'J12': 53, 'J13': 43, 'cluster3106249630_3106249631_J60_J61_#5more': 96}, 
2175.0, {'J10': -39374.0, 'J11': -184151.0, 'J12': -8718.5, 'J13': -39132.5, 'cluster3106249630_3106249631_J60_J61_#5more': -283289.5}, {'J10': 13, 'J11': 32, 'J12': 17, 'J13': 24, 'cluster3106249630_3106249631_J60_J61_#5more': 42}, {'J10': 18, 'J11': 48, 'J12': 51, 'J13': 45, 'cluster3106249630_3106249631_J60_J61_#5more': 96}, 
2180.0, {'J10': -39554.0, 'J11': -184631.0, 'J12': -8925.0, 'J13': -39582.5, 'cluster3106249630_3106249631_J60_J61_#5more': -283006.5}, {'J10': 13, 'J11': 32, 'J12': 20, 'J13': 24, 'cluster3106249630_3106249631_J60_J61_#5more': 42}, {'J10': 18, 'J11': 48, 'J12': 52, 'J13': 45, 'cluster3106249630_3106249631_J60_J61_#5more': 95}, 
2185.0, {'J10': -39734.0, 'J11': -185111.0, 'J12': -9316.5, 'J13': -40037.5, 'cluster3106249630_3106249631_J60_J61_#5more': -280859.0}, {'J10': 13, 'J11': 32, 'J12': 20, 'J13': 25, 'cluster3106249630_3106249631_J60_J61_#5more': 42}, {'J10': 18, 'J11': 48, 'J12': 53, 'J13': 48, 'cluster3106249630_3106249631_J60_J61_#5more': 93}, 
2190.0, {'J10': -39914.0, 'J11': -185591.0, 'J12': -9858.0, 'J13': -40527.5, 'cluster3106249630_3106249631_J60_J61_#5more': -279417.0}, {'J10': 13, 'J11': 32, 'J12': 20, 'J13': 28, 'cluster3106249630_3106249631_J60_J61_#5more': 42}, {'J10': 18, 'J11': 48, 'J12': 56, 'J13': 51, 'cluster3106249630_3106249631_J60_J61_#5more': 92}, 
2195.0, {'J10': -40094.0, 'J11': -186071.0, 'J12': -10116.5, 'J13': -41037.5, 'cluster3106249630_3106249631_J60_J61_#5more': -279074.0}, {'J10': 13, 'J11': 32, 'J12': 20, 'J13': 28, 'cluster3106249630_3106249631_J60_J61_#5more': 42}, {'J10': 18, 'J11': 48, 'J12': 57, 'J13': 51, 'cluster3106249630_3106249631_J60_J61_#5more': 93}, 
2200.0, {'J10': -40274.0, 'J11': -186551.0, 'J12': -10454.5, 'J13': -41547.5, 'cluster3106249630_3106249631_J60_J61_#5more': -279327.5}, {'J10': 13, 'J11': 32, 'J12': 20, 'J13': 28, 'cluster3106249630_3106249631_J60_J61_#5more': 42}, {'J10': 18, 'J11': 48, 'J12': 52, 'J13': 51, 'cluster3106249630_3106249631_J60_J61_#5more': 90}, 
2205.0, {'J10': -40454.0, 'J11': -187031.0, 'J12': -10956.5, 'J13': -42057.5, 'cluster3106249630_3106249631_J60_J61_#5more': -280207.0}, {'J10': 13, 'J11': 32, 'J12': 20, 'J13': 28, 'cluster3106249630_3106249631_J60_J61_#5more': 42}, {'J10': 18, 'J11': 48, 'J12': 54, 'J13': 51, 'cluster3106249630_3106249631_J60_J61_#5more': 89}, 
2210.0, {'J10': -40634.0, 'J11': -187511.0, 'J12': -11286.5, 'J13': -42567.5, 'cluster3106249630_3106249631_J60_J61_#5more': -281099.5}, {'J10': 13, 'J11': 32, 'J12': 20, 'J13': 28, 'cluster3106249630_3106249631_J60_J61_#5more': 42}, {'J10': 18, 'J11': 48, 'J12': 54, 'J13': 51, 'cluster3106249630_3106249631_J60_J61_#5more': 90}, 
2215.0, {'J10': -40814.0, 'J11': -187991.0, 'J12': -11514.5, 'J13': -43077.5, 'cluster3106249630_3106249631_J60_J61_#5more': -281987.0}, {'J10': 13, 'J11': 32, 'J12': 20, 'J13': 28, 'cluster3106249630_3106249631_J60_J61_#5more': 42}, {'J10': 18, 'J11': 48, 'J12': 50, 'J13': 51, 'cluster3106249630_3106249631_J60_J61_#5more': 89}, 
2220.0, {'J10': -40994.0, 'J11': -188471.0, 'J12': -11847.0, 'J13': -43587.5, 'cluster3106249630_3106249631_J60_J61_#5more': -282877.0}, {'J10': 13, 'J11': 32, 'J12': 20, 'J13': 28, 'cluster3106249630_3106249631_J60_J61_#5more': 42}, {'J10': 18, 'J11': 48, 'J12': 47, 'J13': 51, 'cluster3106249630_3106249631_J60_J61_#5more': 89}, 
2225.0, {'J10': -41174.0, 'J11': -188951.0, 'J12': -12326.0, 'J13': -44097.5, 'cluster3106249630_3106249631_J60_J61_#5more': -283767.0}, {'J10': 13, 'J11': 32, 'J12': 20, 'J13': 28, 'cluster3106249630_3106249631_J60_J61_#5more': 42}, {'J10': 18, 'J11': 48, 'J12': 51, 'J13': 51, 'cluster3106249630_3106249631_J60_J61_#5more': 89}, 
2230.0, {'J10': -41354.0, 'J11': -189431.0, 'J12': -10559.5, 'J13': -41436.5, 'cluster3106249630_3106249631_J60_J61_#5more': -284657.0}, {'J10': 13, 'J11': 32, 'J12': 18, 'J13': 26, 'cluster3106249630_3106249631_J60_J61_#5more': 42}, {'J10': 18, 'J11': 48, 'J12': 44, 'J13': 48, 'cluster3106249630_3106249631_J60_J61_#5more': 89}, 
2235.0, {'J10': -41534.0, 'J11': -189911.0, 'J12': -10828.0, 'J13': -41030.5, 'cluster3106249630_3106249631_J60_J61_#5more': -285548.0}, {'J10': 13, 'J11': 32, 'J12': 18, 'J13': 26, 'cluster3106249630_3106249631_J60_J61_#5more': 42}, {'J10': 18, 'J11': 48, 'J12': 44, 'J13': 46, 'cluster3106249630_3106249631_J60_J61_#5more': 90}, 
2240.0, {'J10': -41714.0, 'J11': -190391.0, 'J12': -11082.5, 'J13': -41494.0, 'cluster3106249630_3106249631_J60_J61_#5more': -286437.0}, {'J10': 13, 'J11': 32, 'J12': 18, 'J13': 26, 'cluster3106249630_3106249631_J60_J61_#5more': 42}, {'J10': 18, 'J11': 48, 'J12': 41, 'J13': 48, 'cluster3106249630_3106249631_J60_J61_#5more': 89}, 
2245.0, {'J10': -41894.0, 'J11': -190871.0, 'J12': -11493.0, 'J13': -41974.0, 'cluster3106249630_3106249631_J60_J61_#5more': -287331.5}, {'J10': 13, 'J11': 32, 'J12': 20, 'J13': 26, 'cluster3106249630_3106249631_J60_J61_#5more': 42}, {'J10': 18, 'J11': 48, 'J12': 52, 'J13': 48, 'cluster3106249630_3106249631_J60_J61_#5more': 91}, 
2250.0, {'J10': -42074.0, 'J11': -191351.0, 'J12': -11818.0, 'J13': -42458.0, 'cluster3106249630_3106249631_J60_J61_#5more': -286131.0}, {'J10': 13, 'J11': 32, 'J12': 20, 'J13': 27, 'cluster3106249630_3106249631_J60_J61_#5more': 42}, {'J10': 18, 'J11': 48, 'J12': 51, 'J13': 50, 'cluster3106249630_3106249631_J60_J61_#5more': 91}, 
2255.0, {'J10': -42254.0, 'J11': -191831.0, 'J12': -12263.0, 'J13': -42962.5, 'cluster3106249630_3106249631_J60_J61_#5more': -287043.0}, {'J10': 13, 'J11': 32, 'J12': 20, 'J13': 28, 'cluster3106249630_3106249631_J60_J61_#5more': 42}, {'J10': 18, 'J11': 48, 'J12': 49, 'J13': 51, 'cluster3106249630_3106249631_J60_J61_#5more': 92}, 
2260.0, {'J10': -42434.0, 'J11': -192315.0, 'J12': -12754.0, 'J13': -43472.5, 'cluster3106249630_3106249631_J60_J61_#5more': -287938.5}, {'J10': 13, 'J11': 32, 'J12': 20, 'J13': 28, 'cluster3106249630_3106249631_J60_J61_#5more': 42}, {'J10': 18, 'J11': 49, 'J12': 50, 'J13': 51, 'cluster3106249630_3106249631_J60_J61_#5more': 93}, 
2265.0, {'J10': -42614.0, 'J11': -192792.0, 'J12': -11770.0, 'J13': -43982.5, 'cluster3106249630_3106249631_J60_J61_#5more': -288882.0}, {'J10': 13, 'J11': 32, 'J12': 20, 'J13': 28, 'cluster3106249630_3106249631_J60_J61_#5more': 42}, {'J10': 18, 'J11': 49, 'J12': 50, 'J13': 51, 'cluster3106249630_3106249631_J60_J61_#5more': 97}, 
2270.0, {'J10': -42794.0, 'J11': -193282.0, 'J12': -11324.5, 'J13': -44492.5, 'cluster3106249630_3106249631_J60_J61_#5more': -289856.5}, {'J10': 13, 'J11': 32, 'J12': 20, 'J13': 28, 'cluster3106249630_3106249631_J60_J61_#5more': 42}, {'J10': 18, 'J11': 49, 'J12': 46, 'J13': 51, 'cluster3106249630_3106249631_J60_J61_#5more': 99}, 
2275.0, {'J10': -42974.0, 'J11': -193773.0, 'J12': -9921.5, 'J13': -45002.5, 'cluster3106249630_3106249631_J60_J61_#5more': -290859.5}, {'J10': 13, 'J11': 32, 'J12': 18, 'J13': 28, 'cluster3106249630_3106249631_J60_J61_#5more': 42}, {'J10': 18, 'J11': 50, 'J12': 40, 'J13': 51, 'cluster3106249630_3106249631_J60_J61_#5more': 103}, 
2280.0, {'J10': -43154.0, 'J11': -194273.0, 'J12': -9881.5, 'J13': -45512.5, 'cluster3106249630_3106249631_J60_J61_#5more': -291864.0}, {'J10': 13, 'J11': 32, 'J12': 18, 'J13': 28, 'cluster3106249630_3106249631_J60_J61_#5more': 42}, {'J10': 18, 'J11': 50, 'J12': 41, 'J13': 51, 'cluster3106249630_3106249631_J60_J61_#5more': 105}, 
2285.0, {'J10': -43334.0, 'J11': -194773.0, 'J12': -10260.5, 'J13': -46022.5, 'cluster3106249630_3106249631_J60_J61_#5more': -292798.5}, {'J10': 13, 'J11': 32, 'J12': 18, 'J13': 28, 'cluster3106249630_3106249631_J60_J61_#5more': 42}, {'J10': 18, 'J11': 50, 'J12': 45, 'J13': 51, 'cluster3106249630_3106249631_J60_J61_#5more': 103}, 
2290.0, {'J10': -43514.0, 'J11': -195282.5, 'J12': -10738.5, 'J13': -46532.5, 'cluster3106249630_3106249631_J60_J61_#5more': -293645.5}, {'J10': 13, 'J11': 32, 'J12': 20, 'J13': 28, 'cluster3106249630_3106249631_J60_J61_#5more': 42}, {'J10': 18, 'J11': 53, 'J12': 54, 'J13': 51, 'cluster3106249630_3106249631_J60_J61_#5more': 102}, 
2295.0, {'J10': -43694.0, 'J11': -195773.0, 'J12': -11005.5, 'J13': -41833.0, 'cluster3106249630_3106249631_J60_J61_#5more': -294337.5}, {'J10': 13, 'J11': 32, 'J12': 21, 'J13': 24, 'cluster3106249630_3106249631_J60_J61_#5more': 42}, {'J10': 18, 'J11': 50, 'J12': 52, 'J13': 45, 'cluster3106249630_3106249631_J60_J61_#5more': 97}, 
2300.0, {'J10': -43874.0, 'J11': -196273.0, 'J12': -11458.5, 'J13': -41510.0, 'cluster3106249630_3106249631_J60_J61_#5more': -295047.5}, {'J10': 13, 'J11': 32, 'J12': 21, 'J13': 24, 'cluster3106249630_3106249631_J60_J61_#5more': 42}, {'J10': 18, 'J11': 50, 'J12': 52, 'J13': 43, 'cluster3106249630_3106249631_J60_J61_#5more': 94}, 
2305.0, {'J10': -44054.0, 'J11': -196773.0, 'J12': -11176.5, 'J13': -41946.0, 'cluster3106249630_3106249631_J60_J61_#5more': -295817.5}, {'J10': 13, 'J11': 32, 'J12': 21, 'J13': 24, 'cluster3106249630_3106249631_J60_J61_#5more': 42}, {'J10': 18, 'J11': 50, 'J12': 52, 'J13': 45, 'cluster3106249630_3106249631_J60_J61_#5more': 90}, 
2310.0, {'J10': -44234.0, 'J11': -197273.0, 'J12': -11444.0, 'J13': -42396.0, 'cluster3106249630_3106249631_J60_J61_#5more': -296726.0}, {'J10': 13, 'J11': 32, 'J12': 21, 'J13': 24, 'cluster3106249630_3106249631_J60_J61_#5more': 42}, {'J10': 18, 'J11': 50, 'J12': 49, 'J13': 45, 'cluster3106249630_3106249631_J60_J61_#5more': 92}, 
2315.0, {'J10': -44414.0, 'J11': -197773.0, 'J12': -11915.0, 'J13': -42850.0, 'cluster3106249630_3106249631_J60_J61_#5more': -294374.0}, {'J10': 13, 'J11': 32, 'J12': 21, 'J13': 24, 'cluster3106249630_3106249631_J60_J61_#5more': 42}, {'J10': 18, 'J11': 50, 'J12': 49, 'J13': 47, 'cluster3106249630_3106249631_J60_J61_#5more': 91}, 
2320.0, {'J10': -44594.5, 'J11': -198273.0, 'J12': -11566.5, 'J13': -43327.0, 'cluster3106249630_3106249631_J60_J61_#5more': -295286.0}, {'J10': 13, 'J11': 32, 'J12': 21, 'J13': 26, 'cluster3106249630_3106249631_J60_J61_#5more': 42}, {'J10': 19, 'J11': 50, 'J12': 50, 'J13': 49, 'cluster3106249630_3106249631_J60_J61_#5more': 92}, 
2325.0, {'J10': -44774.0, 'J11': -198773.0, 'J12': -11654.0, 'J13': -43823.5, 'cluster3106249630_3106249631_J60_J61_#5more': -296158.5}, {'J10': 13, 'J11': 32, 'J12': 21, 'J13': 28, 'cluster3106249630_3106249631_J60_J61_#5more': 42}, {'J10': 18, 'J11': 50, 'J12': 50, 'J13': 51, 'cluster3106249630_3106249631_J60_J61_#5more': 92}, 
2330.0, {'J10': -44954.0, 'J11': -199273.0, 'J12': -11783.0, 'J13': -44333.5, 'cluster3106249630_3106249631_J60_J61_#5more': -297010.0}, {'J10': 13, 'J11': 32, 'J12': 21, 'J13': 28, 'cluster3106249630_3106249631_J60_J61_#5more': 42}, {'J10': 18, 'J11': 50, 'J12': 50, 'J13': 51, 'cluster3106249630_3106249631_J60_J61_#5more': 90}, 
2335.0, {'J10': -45134.0, 'J11': -199773.0, 'J12': -11968.5, 'J13': -44843.5, 'cluster3106249630_3106249631_J60_J61_#5more': -297910.0}, {'J10': 13, 'J11': 32, 'J12': 21, 'J13': 28, 'cluster3106249630_3106249631_J60_J61_#5more': 42}, {'J10': 18, 'J11': 50, 'J12': 50, 'J13': 51, 'cluster3106249630_3106249631_J60_J61_#5more': 90}, 
2340.0, {'J10': -45315.0, 'J11': -200273.0, 'J12': -12199.5, 'J13': -45353.5, 'cluster3106249630_3106249631_J60_J61_#5more': -298729.5}, {'J10': 13, 'J11': 32, 'J12': 21, 'J13': 28, 'cluster3106249630_3106249631_J60_J61_#5more': 42}, {'J10': 19, 'J11': 50, 'J12': 48, 'J13': 51, 'cluster3106249630_3106249631_J60_J61_#5more': 89}, 
2345.0, {'J10': -45505.0, 'J11': -200773.0, 'J12': -12330.5, 'J13': -45863.5, 'cluster3106249630_3106249631_J60_J61_#5more': -299544.5}, {'J10': 13, 'J11': 32, 'J12': 21, 'J13': 28, 'cluster3106249630_3106249631_J60_J61_#5more': 42}, {'J10': 19, 'J11': 50, 'J12': 48, 'J13': 51, 'cluster3106249630_3106249631_J60_J61_#5more': 88}, 
2350.0, {'J10': -45695.0, 'J11': -201273.0, 'J12': -11836.0, 'J13': -46373.5, 'cluster3106249630_3106249631_J60_J61_#5more': -300424.5}, {'J10': 13, 'J11': 32, 'J12': 20, 'J13': 28, 'cluster3106249630_3106249631_J60_J61_#5more': 42}, {'J10': 19, 'J11': 50, 'J12': 47, 'J13': 51, 'cluster3106249630_3106249631_J60_J61_#5more': 88}, 
2355.0, {'J10': -45885.0, 'J11': -201592.0, 'J12': -12227.0, 'J13': -46883.5, 'cluster3106249630_3106249631_J60_J61_#5more': -301309.0}, {'J10': 13, 'J11': 32, 'J12': 20, 'J13': 28, 'cluster3106249630_3106249631_J60_J61_#5more': 42}, {'J10': 19, 'J11': 49, 'J12': 50, 'J13': 51, 'cluster3106249630_3106249631_J60_J61_#5more': 90}, 
2360.0, {'J10': -46075.0, 'J11': -202082.0, 'J12': -12702.5, 'J13': -42444.5, 'cluster3106249630_3106249631_J60_J61_#5more': -302209.0}, {'J10': 13, 'J11': 32, 'J12': 21, 'J13': 24, 'cluster3106249630_3106249631_J60_J61_#5more': 42}, {'J10': 19, 'J11': 49, 'J12': 53, 'J13': 44, 'cluster3106249630_3106249631_J60_J61_#5more': 90}, 
2365.0, {'J10': -46265.0, 'J11': -202575.5, 'J12': -13217.5, 'J13': -42884.5, 'cluster3106249630_3106249631_J60_J61_#5more': -303109.0}, {'J10': 13, 'J11': 32, 'J12': 21, 'J13': 24, 'cluster3106249630_3106249631_J60_J61_#5more': 42}, {'J10': 19, 'J11': 50, 'J12': 58, 'J13': 44, 'cluster3106249630_3106249631_J60_J61_#5more': 90}, 
2370.0, {'J10': -46455.0, 'J11': -202871.0, 'J12': -13530.5, 'J13': -43331.0, 'cluster3106249630_3106249631_J60_J61_#5more': -304009.0}, {'J10': 13, 'J11': 32, 'J12': 21, 'J13': 24, 'cluster3106249630_3106249631_J60_J61_#5more': 42}, {'J10': 19, 'J11': 48, 'J12': 58, 'J13': 46, 'cluster3106249630_3106249631_J60_J61_#5more': 90}, 
2375.0, {'J10': -46645.0, 'J11': -203351.0, 'J12': -13829.0, 'J13': -43791.0, 'cluster3106249630_3106249631_J60_J61_#5more': -304909.0}, {'J10': 13, 'J11': 32, 'J12': 21, 'J13': 24, 'cluster3106249630_3106249631_J60_J61_#5more': 42}, {'J10': 19, 'J11': 48, 'J12': 54, 'J13': 46, 'cluster3106249630_3106249631_J60_J61_#5more': 90}, 
2380.0, {'J10': -46835.0, 'J11': -203831.0, 'J12': -14108.5, 'J13': -44251.0, 'cluster3106249630_3106249631_J60_J61_#5more': -305811.0}, {'J10': 13, 'J11': 32, 'J12': 21, 'J13': 24, 'cluster3106249630_3106249631_J60_J61_#5more': 42}, {'J10': 19, 'J11': 48, 'J12': 50, 'J13': 46, 'cluster3106249630_3106249631_J60_J61_#5more': 91}, 
2385.0, {'J10': -46934.0, 'J11': -204312.5, 'J12': -14614.0, 'J13': -44720.0, 'cluster3106249630_3106249631_J60_J61_#5more': -306709.0}, {'J10': 13, 'J11': 32, 'J12': 21, 'J13': 26, 'cluster3106249630_3106249631_J60_J61_#5more': 42}, {'J10': 18, 'J11': 49, 'J12': 53, 'J13': 48, 'cluster3106249630_3106249631_J60_J61_#5more': 90}, 
2390.0, {'J10': -47114.0, 'J11': -204791.0, 'J12': -14717.5, 'J13': -45206.0, 'cluster3106249630_3106249631_J60_J61_#5more': -307609.0}, {'J10': 13, 'J11': 32, 'J12': 21, 'J13': 28, 'cluster3106249630_3106249631_J60_J61_#5more': 42}, {'J10': 18, 'J11': 48, 'J12': 59, 'J13': 50, 'cluster3106249630_3106249631_J60_J61_#5more': 90}, 
2395.0, {'J10': -47294.0, 'J11': -205271.0, 'J12': -15110.0, 'J13': -45706.0, 'cluster3106249630_3106249631_J60_J61_#5more': -308335.5}, {'J10': 13, 'J11': 32, 'J12': 21, 'J13': 28, 'cluster3106249630_3106249631_J60_J61_#5more': 42}, {'J10': 18, 'J11': 48, 'J12': 62, 'J13': 50, 'cluster3106249630_3106249631_J60_J61_#5more': 89}, 
2400.0, {'J10': -47474.0, 'J11': -205755.5, 'J12': -15451.0, 'J13': -46206.0, 'cluster3106249630_3106249631_J60_J61_#5more': -309225.5}, {'J10': 13, 'J11': 32, 'J12': 21, 'J13': 28, 'cluster3106249630_3106249631_J60_J61_#5more': 42}, {'J10': 18, 'J11': 50, 'J12': 58, 'J13': 50, 'cluster3106249630_3106249631_J60_J61_#5more': 89}, 
2405.0, {'J10': -47654.0, 'J11': -206231.0, 'J12': -15801.0, 'J13': -46706.0, 'cluster3106249630_3106249631_J60_J61_#5more': -310116.0}, {'J10': 13, 'J11': 32, 'J12': 21, 'J13': 28, 'cluster3106249630_3106249631_J60_J61_#5more': 42}, {'J10': 18, 'J11': 48, 'J12': 54, 'J13': 50, 'cluster3106249630_3106249631_J60_J61_#5more': 90}, 
2410.0, {'J10': -47834.0, 'J11': -206711.0, 'J12': -16223.0, 'J13': -47206.0, 'cluster3106249630_3106249631_J60_J61_#5more': -311016.0}, {'J10': 13, 'J11': 32, 'J12': 21, 'J13': 28, 'cluster3106249630_3106249631_J60_J61_#5more': 42}, {'J10': 18, 'J11': 48, 'J12': 52, 'J13': 50, 'cluster3106249630_3106249631_J60_J61_#5more': 90}, 
2415.0, {'J10': -48014.0, 'J11': -207192.0, 'J12': -16702.0, 'J13': -47706.0, 'cluster3106249630_3106249631_J60_J61_#5more': -311916.0}, {'J10': 13, 'J11': 32, 'J12': 21, 'J13': 28, 'cluster3106249630_3106249631_J60_J61_#5more': 42}, {'J10': 18, 'J11': 49, 'J12': 53, 'J13': 50, 'cluster3106249630_3106249631_J60_J61_#5more': 90}, 
2420.0, {'J10': -48194.0, 'J11': -207671.0, 'J12': -17247.0, 'J13': -48206.0, 'cluster3106249630_3106249631_J60_J61_#5more': -312816.0}, {'J10': 13, 'J11': 32, 'J12': 21, 'J13': 28, 'cluster3106249630_3106249631_J60_J61_#5more': 42}, {'J10': 18, 'J11': 48, 'J12': 60, 'J13': 50, 'cluster3106249630_3106249631_J60_J61_#5more': 90}, 
2425.0, {'J10': -48374.0, 'J11': -208151.0, 'J12': -17851.0, 'J13': -45606.0, 'cluster3106249630_3106249631_J60_J61_#5more': -313716.0}, {'J10': 13, 'J11': 32, 'J12': 21, 'J13': 26, 'cluster3106249630_3106249631_J60_J61_#5more': 42}, {'J10': 18, 'J11': 48, 'J12': 65, 'J13': 46, 'cluster3106249630_3106249631_J60_J61_#5more': 90}, 
2430.0, {'J10': -48554.0, 'J11': -208631.0, 'J12': -18157.0, 'J13': -43409.0, 'cluster3106249630_3106249631_J60_J61_#5more': -314616.0}, {'J10': 13, 'J11': 32, 'J12': 21, 'J13': 24, 'cluster3106249630_3106249631_J60_J61_#5more': 42}, {'J10': 18, 'J11': 48, 'J12': 63, 'J13': 42, 'cluster3106249630_3106249631_J60_J61_#5more': 90}, 
2435.0, {'J10': -48734.0, 'J11': -209111.0, 'J12': -18385.5, 'J13': -43835.0, 'cluster3106249630_3106249631_J60_J61_#5more': -315516.0}, {'J10': 13, 'J11': 32, 'J12': 21, 'J13': 24, 'cluster3106249630_3106249631_J60_J61_#5more': 42}, {'J10': 18, 'J11': 48, 'J12': 58, 'J13': 44, 'cluster3106249630_3106249631_J60_J61_#5more': 90}, 
2440.0, {'J10': -48914.0, 'J11': -209591.0, 'J12': -18716.0, 'J13': -44275.0, 'cluster3106249630_3106249631_J60_J61_#5more': -316416.0}, {'J10': 13, 'J11': 32, 'J12': 21, 'J13': 24, 'cluster3106249630_3106249631_J60_J61_#5more': 42}, {'J10': 18, 'J11': 48, 'J12': 52, 'J13': 44, 'cluster3106249630_3106249631_J60_J61_#5more': 90}, 
2445.0, {'J10': -49094.0, 'J11': -210075.0, 'J12': -19177.0, 'J13': -44715.0, 'cluster3106249630_3106249631_J60_J61_#5more': -317316.0}, {'J10': 13, 'J11': 32, 'J12': 21, 'J13': 24, 'cluster3106249630_3106249631_J60_J61_#5more': 42}, {'J10': 18, 'J11': 50, 'J12': 53, 'J13': 44, 'cluster3106249630_3106249631_J60_J61_#5more': 90}, 
2450.0, {'J10': -49274.0, 'J11': -210575.0, 'J12': -19526.0, 'J13': -45168.5, 'cluster3106249630_3106249631_J60_J61_#5more': -318217.0}, {'J10': 13, 'J11': 32, 'J12': 21, 'J13': 28, 'cluster3106249630_3106249631_J60_J61_#5more': 42}, {'J10': 18, 'J11': 50, 'J12': 51, 'J13': 48, 'cluster3106249630_3106249631_J60_J61_#5more': 91}, 
2455.0, {'J10': -49454.0, 'J11': -211075.0, 'J12': -19955.5, 'J13': -45648.5, 'cluster3106249630_3106249631_J60_J61_#5more': -318864.5}, {'J10': 13, 'J11': 32, 'J12': 21, 'J13': 28, 'cluster3106249630_3106249631_J60_J61_#5more': 42}, {'J10': 18, 'J11': 50, 'J12': 50, 'J13': 48, 'cluster3106249630_3106249631_J60_J61_#5more': 89}, 
2460.0, {'J10': -49634.0, 'J11': -211577.5, 'J12': -20465.0, 'J13': -46128.5, 'cluster3106249630_3106249631_J60_J61_#5more': -319755.5}, {'J10': 13, 'J11': 32, 'J12': 21, 'J13': 28, 'cluster3106249630_3106249631_J60_J61_#5more': 42}, {'J10': 18, 'J11': 51, 'J12': 54, 'J13': 48, 'cluster3106249630_3106249631_J60_J61_#5more': 90}, 
2465.0, {'J10': -49814.0, 'J11': -212047.0, 'J12': -20817.0, 'J13': -46608.5, 'cluster3106249630_3106249631_J60_J61_#5more': -320658.0}, {'J10': 13, 'J11': 32, 'J12': 21, 'J13': 28, 'cluster3106249630_3106249631_J60_J61_#5more': 42}, {'J10': 18, 'J11': 51, 'J12': 56, 'J13': 48, 'cluster3106249630_3106249631_J60_J61_#5more': 91}, 
2470.0, {'J10': -49994.0, 'J11': -212557.0, 'J12': -21013.0, 'J13': -47088.5, 'cluster3106249630_3106249631_J60_J61_#5more': -321572.5}, {'J10': 13, 'J11': 32, 'J12': 21, 'J13': 28, 'cluster3106249630_3106249631_J60_J61_#5more': 42}, {'J10': 18, 'J11': 51, 'J12': 49, 'J13': 48, 'cluster3106249630_3106249631_J60_J61_#5more': 93}, 
2475.0, {'J10': -50174.0, 'J11': -212974.0, 'J12': -21460.0, 'J13': -47568.5, 'cluster3106249630_3106249631_J60_J61_#5more': -322505.5}, {'J10': 13, 'J11': 32, 'J12': 21, 'J13': 28, 'cluster3106249630_3106249631_J60_J61_#5more': 42}, {'J10': 18, 'J11': 49, 'J12': 52, 'J13': 48, 'cluster3106249630_3106249631_J60_J61_#5more': 94}, 
2480.0, {'J10': -50354.0, 'J11': -213433.0, 'J12': -21987.0, 'J13': -48048.5, 'cluster3106249630_3106249631_J60_J61_#5more': -323383.5}, {'J10': 13, 'J11': 32, 'J12': 21, 'J13': 28, 'cluster3106249630_3106249631_J60_J61_#5more': 42}, {'J10': 18, 'J11': 50, 'J12': 55, 'J13': 48, 'cluster3106249630_3106249631_J60_J61_#5more': 93}, 
2485.0, {'J10': -50534.0, 'J11': -213928.0, 'J12': -22553.0, 'J13': -48528.5, 'cluster3106249630_3106249631_J60_J61_#5more': -324260.0}, {'J10': 13, 'J11': 32, 'J12': 21, 'J13': 28, 'cluster3106249630_3106249631_J60_J61_#5more': 42}, {'J10': 18, 'J11': 52, 'J12': 60, 'J13': 48, 'cluster3106249630_3106249631_J60_J61_#5more': 91}, 
2490.0, {'J10': -50714.0, 'J11': -214446.0, 'J12': -23157.5, 'J13': -44918.0, 'cluster3106249630_3106249631_J60_J61_#5more': -324897.0}, {'J10': 13, 'J11': 32, 'J12': 21, 'J13': 25, 'cluster3106249630_3106249631_J60_J61_#5more': 42}, {'J10': 18, 'J11': 53, 'J12': 61, 'J13': 44, 'cluster3106249630_3106249631_J60_J61_#5more': 90}, 
2495.0, {'J10': -50894.0, 'J11': -214945.0, 'J12': -23767.5, 'J13': -43597.0, 'cluster3106249630_3106249631_J60_J61_#5more': -325797.0}, {'J10': 13, 'J11': 32, 'J12': 21, 'J13': 24, 'cluster3106249630_3106249631_J60_J61_#5more': 42}, {'J10': 18, 'J11': 52, 'J12': 61, 'J13': 40, 'cluster3106249630_3106249631_J60_J61_#5more': 90}, 
2500.0, {'J10': -51074.0, 'J11': -215466.0, 'J12': -24377.5, 'J13': -44003.0, 'cluster3106249630_3106249631_J60_J61_#5more': -326405.5}, {'J10': 13, 'J11': 32, 'J12': 21, 'J13': 24, 'cluster3106249630_3106249631_J60_J61_#5more': 42}, {'J10': 18, 'J11': 53, 'J12': 61, 'J13': 42, 'cluster3106249630_3106249631_J60_J61_#5more': 89}, 
2505.0, {'J10': -51254.0, 'J11': -215952.5, 'J12': -24994.5, 'J13': -44423.0, 'cluster3106249630_3106249631_J60_J61_#5more': -327095.0}, {'J10': 13, 'J11': 32, 'J12': 21, 'J13': 24, 'cluster3106249630_3106249631_J60_J61_#5more': 42}, {'J10': 18, 'J11': 52, 'J12': 64, 'J13': 42, 'cluster3106249630_3106249631_J60_J61_#5more': 88}, 
2510.0, {'J10': -51434.0, 'J11': -216422.0, 'J12': -25645.0, 'J13': -44843.5, 'cluster3106249630_3106249631_J60_J61_#5more': -327975.5}, {'J10': 13, 'J11': 32, 'J12': 21, 'J13': 25, 'cluster3106249630_3106249631_J60_J61_#5more': 42}, {'J10': 18, 'J11': 52, 'J12': 67, 'J13': 43, 'cluster3106249630_3106249631_J60_J61_#5more': 89}, 
2515.0, {'J10': -51616.5, 'J11': -216875.5, 'J12': -26327.5, 'J13': -45283.0, 'cluster3106249630_3106249631_J60_J61_#5more': -328766.5}, {'J10': 13, 'J11': 32, 'J12': 21, 'J13': 28, 'cluster3106249630_3106249631_J60_J61_#5more': 42}, {'J10': 19, 'J11': 50, 'J12': 71, 'J13': 46, 'cluster3106249630_3106249631_J60_J61_#5more': 89}, 
2520.0, {'J10': -51794.0, 'J11': -217334.5, 'J12': -26572.5, 'J13': -45743.0, 'cluster3106249630_3106249631_J60_J61_#5more': -329656.5}, {'J10': 13, 'J11': 32, 'J12': 21, 'J13': 28, 'cluster3106249630_3106249631_J60_J61_#5more': 42}, {'J10': 18, 'J11': 49, 'J12': 69, 'J13': 46, 'cluster3106249630_3106249631_J60_J61_#5more': 89}, 
2525.0, {'J10': -51974.0, 'J11': -217751.5, 'J12': -26572.5, 'J13': -46203.0, 'cluster3106249630_3106249631_J60_J61_#5more': -330546.5}, {'J10': 13, 'J11': 32, 'J12': 21, 'J13': 28, 'cluster3106249630_3106249631_J60_J61_#5more': 42}, {'J10': 18, 'J11': 49, 'J12': 63, 'J13': 46, 'cluster3106249630_3106249631_J60_J61_#5more': 89}, 
2530.0, {'J10': -52154.0, 'J11': -218243.0, 'J12': -27112.5, 'J13': -46663.0, 'cluster3106249630_3106249631_J60_J61_#5more': -331436.5}, {'J10': 13, 'J11': 32, 'J12': 21, 'J13': 28, 'cluster3106249630_3106249631_J60_J61_#5more': 42}, {'J10': 18, 'J11': 50, 'J12': 63, 'J13': 46, 'cluster3106249630_3106249631_J60_J61_#5more': 89}, 
2535.0, {'J10': -52334.0, 'J11': -218722.5, 'J12': -27750.5, 'J13': -47123.0, 'cluster3106249630_3106249631_J60_J61_#5more': -332332.5}, {'J10': 13, 'J11': 32, 'J12': 21, 'J13': 28, 'cluster3106249630_3106249631_J60_J61_#5more': 42}, {'J10': 18, 'J11': 49, 'J12': 67, 'J13': 46, 'cluster3106249630_3106249631_J60_J61_#5more': 91}, 
2540.0, {'J10': -52514.0, 'J11': -219191.0, 'J12': -28439.0, 'J13': -47583.0, 'cluster3106249630_3106249631_J60_J61_#5more': -333242.5}, {'J10': 13, 'J11': 32, 'J12': 21, 'J13': 28, 'cluster3106249630_3106249631_J60_J61_#5more': 42}, {'J10': 18, 'J11': 48, 'J12': 73, 'J13': 46, 'cluster3106249630_3106249631_J60_J61_#5more': 91}, 
2545.0, {'J10': -52694.0, 'J11': -219672.0, 'J12': -29176.5, 'J13': -48043.0, 'cluster3106249630_3106249631_J60_J61_#5more': -334157.5}, {'J10': 13, 'J11': 32, 'J12': 21, 'J13': 28, 'cluster3106249630_3106249631_J60_J61_#5more': 42}, {'J10': 18, 'J11': 49, 'J12': 75, 'J13': 46, 'cluster3106249630_3106249631_J60_J61_#5more': 92}, 
2550.0, {'J10': -52874.0, 'J11': -220151.0, 'J12': -29601.5, 'J13': -48503.0, 'cluster3106249630_3106249631_J60_J61_#5more': -335077.5}, {'J10': 13, 'J11': 32, 'J12': 21, 'J13': 28, 'cluster3106249630_3106249631_J60_J61_#5more': 42}, {'J10': 18, 'J11': 48, 'J12': 73, 'J13': 46, 'cluster3106249630_3106249631_J60_J61_#5more': 92}, 
2555.0, {'J10': -53054.0, 'J11': -220631.0, 'J12': -30175.5, 'J13': -44370.0, 'cluster3106249630_3106249631_J60_J61_#5more': -335907.0}, {'J10': 13, 'J11': 32, 'J12': 21, 'J13': 25, 'cluster3106249630_3106249631_J60_J61_#5more': 42}, {'J10': 18, 'J11': 48, 'J12': 71, 'J13': 40, 'cluster3106249630_3106249631_J60_J61_#5more': 91}, 
2560.0, {'J10': -53234.0, 'J11': -221114.5, 'J12': -30636.5, 'J13': -43643.0, 'cluster3106249630_3106249631_J60_J61_#5more': -336817.0}, {'J10': 13, 'J11': 32, 'J12': 21, 'J13': 24, 'cluster3106249630_3106249631_J60_J61_#5more': 42}, {'J10': 18, 'J11': 50, 'J12': 69, 'J13': 38, 'cluster3106249630_3106249631_J60_J61_#5more': 91}, 
2565.0, {'J10': -53414.0, 'J11': -221606.5, 'J12': -30736.0, 'J13': -44029.0, 'cluster3106249630_3106249631_J60_J61_#5more': -337727.0}, {'J10': 13, 'J11': 32, 'J12': 21, 'J13': 24, 'cluster3106249630_3106249631_J60_J61_#5more': 42}, {'J10': 18, 'J11': 51, 'J12': 66, 'J13': 40, 'cluster3106249630_3106249631_J60_J61_#5more': 91}, 
2570.0, {'J10': -53594.0, 'J11': -222095.0, 'J12': -31145.5, 'J13': -44429.0, 'cluster3106249630_3106249631_J60_J61_#5more': -338637.0}, {'J10': 13, 'J11': 32, 'J12': 21, 'J13': 24, 'cluster3106249630_3106249631_J60_J61_#5more': 42}, {'J10': 18, 'J11': 50, 'J12': 67, 'J13': 40, 'cluster3106249630_3106249631_J60_J61_#5more': 91}, 
2575.0, {'J10': -53774.0, 'J11': -222551.0, 'J12': -31201.5, 'J13': -44830.0, 'cluster3106249630_3106249631_J60_J61_#5more': -339463.5}, {'J10': 13, 'J11': 32, 'J12': 21, 'J13': 25, 'cluster3106249630_3106249631_J60_J61_#5more': 42}, {'J10': 18, 'J11': 48, 'J12': 66, 'J13': 41, 'cluster3106249630_3106249631_J60_J61_#5more': 90}, 
2580.0, {'J10': -53954.0, 'J11': -223032.0, 'J12': -30927.5, 'J13': -45251.0, 'cluster3106249630_3106249631_J60_J61_#5more': -340271.0}, {'J10': 13, 'J11': 32, 'J12': 21, 'J13': 28, 'cluster3106249630_3106249631_J60_J61_#5more': 42}, {'J10': 18, 'J11': 49, 'J12': 63, 'J13': 44, 'cluster3106249630_3106249631_J60_J61_#5more': 89}, 
2585.0, {'J10': -54134.0, 'J11': -223511.0, 'J12': -31211.5, 'J13': -45691.0, 'cluster3106249630_3106249631_J60_J61_#5more': -341167.0}, {'J10': 13, 'J11': 32, 'J12': 21, 'J13': 28, 'cluster3106249630_3106249631_J60_J61_#5more': 42}, {'J10': 18, 'J11': 48, 'J12': 65, 'J13': 44, 'cluster3106249630_3106249631_J60_J61_#5more': 91}, 
2590.0, {'J10': -54314.0, 'J11': -223997.5, 'J12': -31103.5, 'J13': -46131.0, 'cluster3106249630_3106249631_J60_J61_#5more': -342077.0}, {'J10': 13, 'J11': 32, 'J12': 21, 'J13': 28, 'cluster3106249630_3106249631_J60_J61_#5more': 42}, {'J10': 18, 'J11': 50, 'J12': 64, 'J13': 44, 'cluster3106249630_3106249631_J60_J61_#5more': 91}, 
2595.0, {'J10': -54494.0, 'J11': -224483.0, 'J12': -31207.5, 'J13': -46571.0, 'cluster3106249630_3106249631_J60_J61_#5more': -342995.0}, {'J10': 13, 'J11': 32, 'J12': 21, 'J13': 28, 'cluster3106249630_3106249631_J60_J61_#5more': 42}, {'J10': 18, 'J11': 49, 'J12': 61, 'J13': 44, 'cluster3106249630_3106249631_J60_J61_#5more': 94}, 
2600.0, {'J10': -54674.0, 'J11': -224951.0, 'J12': -31407.5, 'J13': -47011.0, 'cluster3106249630_3106249631_J60_J61_#5more': -343820.0}, {'J10': 13, 'J11': 32, 'J12': 21, 'J13': 28, 'cluster3106249630_3106249631_J60_J61_#5more': 42}, {'J10': 18, 'J11': 48, 'J12': 58, 'J13': 44, 'cluster3106249630_3106249631_J60_J61_#5more': 93}, 
2605.0, {'J10': -54854.0, 'J11': -225431.0, 'J12': -31894.0, 'J13': -47451.0, 'cluster3106249630_3106249631_J60_J61_#5more': -344708.5}, {'J10': 13, 'J11': 32, 'J12': 21, 'J13': 28, 'cluster3106249630_3106249631_J60_J61_#5more': 42}, {'J10': 18, 'J11': 48, 'J12': 58, 'J13': 44, 'cluster3106249630_3106249631_J60_J61_#5more': 92}, 
2610.0, {'J10': -55034.0, 'J11': -225911.0, 'J12': -32205.5, 'J13': -47891.0, 'cluster3106249630_3106249631_J60_J61_#5more': -345630.5}, {'J10': 13, 'J11': 32, 'J12': 21, 'J13': 28, 'cluster3106249630_3106249631_J60_J61_#5more': 42}, {'J10': 18, 'J11': 48, 'J12': 56, 'J13': 44, 'cluster3106249630_3106249631_J60_J61_#5more': 93}, 
2615.0, {'J10': -55214.0, 'J11': -226391.0, 'J12': -32644.5, 'J13': -48331.0, 'cluster3106249630_3106249631_J60_J61_#5more': -346521.0}, {'J10': 13, 'J11': 32, 'J12': 21, 'J13': 28, 'cluster3106249630_3106249631_J60_J61_#5more': 42}, {'J10': 18, 'J11': 48, 'J12': 57, 'J13': 44, 'cluster3106249630_3106249631_J60_J61_#5more': 93}, 
2620.0, {'J10': -55394.0, 'J11': -226871.0, 'J12': -33045.0, 'J13': -45057.0, 'cluster3106249630_3106249631_J60_J61_#5more': -347401.5}, {'J10': 13, 'J11': 32, 'J12': 21, 'J13': 25, 'cluster3106249630_3106249631_J60_J61_#5more': 42}, {'J10': 18, 'J11': 48, 'J12': 56, 'J13': 39, 'cluster3106249630_3106249631_J60_J61_#5more': 93}, 
2625.0, {'J10': -55574.0, 'J11': -227351.0, 'J12': -33520.0, 'J13': -44443.0, 'cluster3106249630_3106249631_J60_J61_#5more': -348303.0}, {'J10': 13, 'J11': 32, 'J12': 21, 'J13': 24, 'cluster3106249630_3106249631_J60_J61_#5more': 42}, {'J10': 18, 'J11': 48, 'J12': 57, 'J13': 38, 'cluster3106249630_3106249631_J60_J61_#5more': 95}, 
2630.0, {'J10': -55754.0, 'J11': -227831.0, 'J12': -33809.5, 'J13': -44826.0, 'cluster3106249630_3106249631_J60_J61_#5more': -349206.5}, {'J10': 13, 'J11': 32, 'J12': 21, 'J13': 24, 'cluster3106249630_3106249631_J60_J61_#5more': 42}, {'J10': 18, 'J11': 48, 'J12': 57, 'J13': 39, 'cluster3106249630_3106249631_J60_J61_#5more': 93}, 
2635.0, {'J10': -55938.5, 'J11': -228311.0, 'J12': -34115.5, 'J13': -45216.0, 'cluster3106249630_3106249631_J60_J61_#5more': -350083.0}, {'J10': 13, 'J11': 32, 'J12': 21, 'J13': 24, 'cluster3106249630_3106249631_J60_J61_#5more': 42}, {'J10': 19, 'J11': 48, 'J12': 53, 'J13': 39, 'cluster3106249630_3106249631_J60_J61_#5more': 91}, 
2640.0, {'J10': -56128.5, 'J11': -228791.0, 'J12': -34602.0, 'J13': -45606.0, 'cluster3106249630_3106249631_J60_J61_#5more': -346579.0}, {'J10': 13, 'J11': 32, 'J12': 21, 'J13': 24, 'cluster3106249630_3106249631_J60_J61_#5more': 42}, {'J10': 19, 'J11': 48, 'J12': 52, 'J13': 39, 'cluster3106249630_3106249631_J60_J61_#5more': 94}, 
2645.0, {'J10': -56294.5, 'J11': -229271.0, 'J12': -35139.0, 'J13': -46005.0, 'cluster3106249630_3106249631_J60_J61_#5more': -347521.0}, {'J10': 13, 'J11': 32, 'J12': 21, 'J13': 27, 'cluster3106249630_3106249631_J60_J61_#5more': 42}, {'J10': 19, 'J11': 48, 'J12': 58, 'J13': 42, 'cluster3106249630_3106249631_J60_J61_#5more': 95}, 
2650.0, {'J10': -56474.5, 'J11': -229751.0, 'J12': -35730.5, 'J13': -46428.5, 'cluster3106249630_3106249631_J60_J61_#5more': -348478.5}, {'J10': 13, 'J11': 32, 'J12': 21, 'J13': 28, 'cluster3106249630_3106249631_J60_J61_#5more': 42}, {'J10': 19, 'J11': 48, 'J12': 62, 'J13': 43, 'cluster3106249630_3106249631_J60_J61_#5more': 97}, 
2655.0, {'J10': -56664.5, 'J11': -230231.0, 'J12': -36353.5, 'J13': -46858.5, 'cluster3106249630_3106249631_J60_J61_#5more': -349333.0}, {'J10': 13, 'J11': 32, 'J12': 21, 'J13': 28, 'cluster3106249630_3106249631_J60_J61_#5more': 42}, {'J10': 19, 'J11': 48, 'J12': 63, 'J13': 43, 'cluster3106249630_3106249631_J60_J61_#5more': 92}, 
2660.0, {'J10': -56854.5, 'J11': -230711.0, 'J12': -35395.0, 'J13': -47288.5, 'cluster3106249630_3106249631_J60_J61_#5more': -350213.0}, {'J10': 13, 'J11': 32, 'J12': 21, 'J13': 28, 'cluster3106249630_3106249631_J60_J61_#5more': 42}, {'J10': 19, 'J11': 48, 'J12': 61, 'J13': 43, 'cluster3106249630_3106249631_J60_J61_#5more': 92}, 
2665.0, {'J10': -57044.5, 'J11': -231191.0, 'J12': -34278.5, 'J13': -47718.5, 'cluster3106249630_3106249631_J60_J61_#5more': -351135.5}, {'J10': 13, 'J11': 32, 'J12': 21, 'J13': 28, 'cluster3106249630_3106249631_J60_J61_#5more': 42}, {'J10': 19, 'J11': 48, 'J12': 53, 'J13': 43, 'cluster3106249630_3106249631_J60_J61_#5more': 94}, 
2670.0, {'J10': -57234.5, 'J11': -231671.0, 'J12': -34792.5, 'J13': -48148.5, 'cluster3106249630_3106249631_J60_J61_#5more': -352080.0}, {'J10': 13, 'J11': 32, 'J12': 21, 'J13': 28, 'cluster3106249630_3106249631_J60_J61_#5more': 42}, {'J10': 19, 'J11': 48, 'J12': 54, 'J13': 43, 'cluster3106249630_3106249631_J60_J61_#5more': 95}, 
2675.0, {'J10': -57424.5, 'J11': -232151.0, 'J12': -33819.5, 'J13': -48578.5, 'cluster3106249630_3106249631_J60_J61_#5more': -353030.0}, {'J10': 13, 'J11': 32, 'J12': 20, 'J13': 28, 'cluster3106249630_3106249631_J60_J61_#5more': 42}, {'J10': 19, 'J11': 48, 'J12': 56, 'J13': 43, 'cluster3106249630_3106249631_J60_J61_#5more': 95}, 
2680.0, {'J10': -57614.5, 'J11': -232631.0, 'J12': -32764.5, 'J13': -49008.5, 'cluster3106249630_3106249631_J60_J61_#5more': -353898.5}, {'J10': 13, 'J11': 32, 'J12': 19, 'J13': 28, 'cluster3106249630_3106249631_J60_J61_#5more': 42}, {'J10': 19, 'J11': 48, 'J12': 56, 'J13': 43, 'cluster3106249630_3106249631_J60_J61_#5more': 94}, 
2685.0, {'J10': -57804.5, 'J11': -233111.0, 'J12': -33315.0, 'J13': -46095.0, 'cluster3106249630_3106249631_J60_J61_#5more': -354707.5}, {'J10': 13, 'J11': 32, 'J12': 19, 'J13': 25, 'cluster3106249630_3106249631_J60_J61_#5more': 42}, {'J10': 19, 'J11': 48, 'J12': 58, 'J13': 38, 'cluster3106249630_3106249631_J60_J61_#5more': 92}, 
2690.0, {'J10': -57994.5, 'J11': -233591.0, 'J12': -33601.0, 'J13': -45600.5, 'cluster3106249630_3106249631_J60_J61_#5more': -355583.5}, {'J10': 13, 'J11': 32, 'J12': 19, 'J13': 24, 'cluster3106249630_3106249631_J60_J61_#5more': 42}, {'J10': 19, 'J11': 48, 'J12': 60, 'J13': 37, 'cluster3106249630_3106249631_J60_J61_#5more': 92}, 
2695.0, {'J10': -58185.0, 'J11': -234071.0, 'J12': -33924.5, 'J13': -45977.0, 'cluster3106249630_3106249631_J60_J61_#5more': -356503.5}, {'J10': 13, 'J11': 32, 'J12': 21, 'J13': 24, 'cluster3106249630_3106249631_J60_J61_#5more': 42}, {'J10': 20, 'J11': 48, 'J12': 68, 'J13': 39, 'cluster3106249630_3106249631_J60_J61_#5more': 92}, 
2700.0, {'J10': -58385.0, 'J11': -234552.5, 'J12': -34235.5, 'J13': -46367.0, 'cluster3106249630_3106249631_J60_J61_#5more': -357403.0}, {'J10': 13, 'J11': 32, 'J12': 21, 'J13': 24, 'cluster3106249630_3106249631_J60_J61_#5more': 42}, {'J10': 20, 'J11': 49, 'J12': 64, 'J13': 39, 'cluster3106249630_3106249631_J60_J61_#5more': 91}, 
2705.0, {'J10': -58585.0, 'J11': -235031.0, 'J12': -34569.5, 'J13': -46757.0, 'cluster3106249630_3106249631_J60_J61_#5more': -358315.0}, {'J10': 13, 'J11': 32, 'J12': 21, 'J13': 24, 'cluster3106249630_3106249631_J60_J61_#5more': 42}, {'J10': 20, 'J11': 48, 'J12': 59, 'J13': 39, 'cluster3106249630_3106249631_J60_J61_#5more': 93}, 
2710.0, {'J10': -58665.5, 'J11': -235511.0, 'J12': -35128.5, 'J13': -47154.0, 'cluster3106249630_3106249631_J60_J61_#5more': -359223.0}, {'J10': 13, 'J11': 32, 'J12': 21, 'J13': 26, 'cluster3106249630_3106249631_J60_J61_#5more': 42}, {'J10': 21, 'J11': 48, 'J12': 59, 'J13': 41, 'cluster3106249630_3106249631_J60_J61_#5more': 91}, 
2715.0, {'J10': -58815.5, 'J11': -235994.5, 'J12': -35497.5, 'J13': -47569.5, 'cluster3106249630_3106249631_J60_J61_#5more': -360133.0}, {'J10': 13, 'J11': 32, 'J12': 21, 'J13': 28, 'cluster3106249630_3106249631_J60_J61_#5more': 42}, {'J10': 19, 'J11': 49, 'J12': 62, 'J13': 43, 'cluster3106249630_3106249631_J60_J61_#5more': 91}, 
2720.0, {'J10': -59009.5, 'J11': -236484.5, 'J12': -36071.0, 'J13': -47999.5, 'cluster3106249630_3106249631_J60_J61_#5more': -361046.5}, {'J10': 13, 'J11': 32, 'J12': 21, 'J13': 28, 'cluster3106249630_3106249631_J60_J61_#5more': 42}, {'J10': 20, 'J11': 49, 'J12': 66, 'J13': 43, 'cluster3106249630_3106249631_J60_J61_#5more': 93}, 
2725.0, {'J10': -59209.5, 'J11': -236974.5, 'J12': -36685.5, 'J13': -48429.5, 'cluster3106249630_3106249631_J60_J61_#5more': -361982.0}, {'J10': 13, 'J11': 32, 'J12': 21, 'J13': 28, 'cluster3106249630_3106249631_J60_J61_#5more': 42}, {'J10': 20, 'J11': 49, 'J12': 64, 'J13': 43, 'cluster3106249630_3106249631_J60_J61_#5more': 95}, 
2730.0, {'J10': -59409.5, 'J11': -237464.5, 'J12': -37194.5, 'J13': -48859.5, 'cluster3106249630_3106249631_J60_J61_#5more': -362932.0}, {'J10': 13, 'J11': 32, 'J12': 21, 'J13': 28, 'cluster3106249630_3106249631_J60_J61_#5more': 42}, {'J10': 20, 'J11': 49, 'J12': 68, 'J13': 43, 'cluster3106249630_3106249631_J60_J61_#5more': 95}, 
2735.0, {'J10': -59609.5, 'J11': -237954.5, 'J12': -37826.0, 'J13': -49289.5, 'cluster3106249630_3106249631_J60_J61_#5more': -363882.0}, {'J10': 13, 'J11': 32, 'J12': 21, 'J13': 28, 'cluster3106249630_3106249631_J60_J61_#5more': 42}, {'J10': 20, 'J11': 49, 'J12': 68, 'J13': 43, 'cluster3106249630_3106249631_J60_J61_#5more': 95}, 
2740.0, {'J10': -59809.5, 'J11': -238444.5, 'J12': -38235.5, 'J13': -49719.5, 'cluster3106249630_3106249631_J60_J61_#5more': -364832.0}, {'J10': 13, 'J11': 32, 'J12': 21, 'J13': 28, 'cluster3106249630_3106249631_J60_J61_#5more': 42}, {'J10': 20, 'J11': 49, 'J12': 69, 'J13': 43, 'cluster3106249630_3106249631_J60_J61_#5more': 95}, 
2745.0, {'J10': -60009.5, 'J11': -238942.0, 'J12': -38402.0, 'J13': -50149.5, 'cluster3106249630_3106249631_J60_J61_#5more': -365782.0}, {'J10': 13, 'J11': 32, 'J12': 21, 'J13': 28, 'cluster3106249630_3106249631_J60_J61_#5more': 42}, {'J10': 20, 'J11': 53, 'J12': 67, 'J13': 43, 'cluster3106249630_3106249631_J60_J61_#5more': 95}, 
2750.0, {'J10': -60209.5, 'J11': -239478.5, 'J12': -38919.0, 'J13': -48861.0, 'cluster3106249630_3106249631_J60_J61_#5more': -366732.0}, {'J10': 13, 'J11': 32, 'J12': 21, 'J13': 26, 'cluster3106249630_3106249631_J60_J61_#5more': 42}, {'J10': 20, 'J11': 55, 'J12': 67, 'J13': 41, 'cluster3106249630_3106249631_J60_J61_#5more': 95}, 
2755.0, {'J10': -60409.5, 'J11': -240028.5, 'J12': -39437.5, 'J13': -48156.0, 'cluster3106249630_3106249631_J60_J61_#5more': -367682.0}, {'J10': 13, 'J11': 32, 'J12': 21, 'J13': 25, 'cluster3106249630_3106249631_J60_J61_#5more': 42}, {'J10': 20, 'J11': 55, 'J12': 66, 'J13': 39, 'cluster3106249630_3106249631_J60_J61_#5more': 95}, 
2760.0, {'J10': -60609.5, 'J11': -240450.5, 'J12': -40110.0, 'J13': -48547.5, 'cluster3106249630_3106249631_J60_J61_#5more': -368632.0}, {'J10': 13, 'J11': 32, 'J12': 21, 'J13': 25, 'cluster3106249630_3106249631_J60_J61_#5more': 42}, {'J10': 20, 'J11': 53, 'J12': 70, 'J13': 40, 'cluster3106249630_3106249631_J60_J61_#5more': 95}, 
2765.0, {'J10': -60809.5, 'J11': -240938.5, 'J12': -40510.0, 'J13': -48947.5, 'cluster3106249630_3106249631_J60_J61_#5more': -369582.0}, {'J10': 13, 'J11': 32, 'J12': 21, 'J13': 25, 'cluster3106249630_3106249631_J60_J61_#5more': 42}, {'J10': 20, 'J11': 52, 'J12': 67, 'J13': 40, 'cluster3106249630_3106249631_J60_J61_#5more': 95}, 
2770.0, {'J10': -61009.5, 'J11': -241415.5, 'J12': -41133.0, 'J13': -49347.5, 'cluster3106249630_3106249631_J60_J61_#5more': -370532.0}, {'J10': 13, 'J11': 32, 'J12': 21, 'J13': 25, 'cluster3106249630_3106249631_J60_J61_#5more': 42}, {'J10': 20, 'J11': 54, 'J12': 68, 'J13': 40, 'cluster3106249630_3106249631_J60_J61_#5more': 95}, 
2775.0, {'J10': -61088.0, 'J11': -241774.0, 'J12': -38255.5, 'J13': -49756.5, 'cluster3106249630_3106249631_J60_J61_#5more': -371369.5}, {'J10': 13, 'J11': 32, 'J12': 21, 'J13': 28, 'cluster3106249630_3106249631_J60_J61_#5more': 42}, {'J10': 19, 'J11': 50, 'J12': 61, 'J13': 43, 'cluster3106249630_3106249631_J60_J61_#5more': 94}, 
2780.0, {'J10': -61278.0, 'J11': -242231.0, 'J12': -38423.5, 'J13': -50186.5, 'cluster3106249630_3106249631_J60_J61_#5more': -372310.5}, {'J10': 13, 'J11': 32, 'J12': 21, 'J13': 28, 'cluster3106249630_3106249631_J60_J61_#5more': 42}, {'J10': 19, 'J11': 48, 'J12': 58, 'J13': 43, 'cluster3106249630_3106249631_J60_J61_#5more': 95}, 
2785.0, {'J10': -61473.0, 'J11': -242711.0, 'J12': -38988.0, 'J13': -50616.5, 'cluster3106249630_3106249631_J60_J61_#5more': -373260.5}, {'J10': 13, 'J11': 32, 'J12': 21, 'J13': 28, 'cluster3106249630_3106249631_J60_J61_#5more': 42}, {'J10': 20, 'J11': 48, 'J12': 60, 'J13': 43, 'cluster3106249630_3106249631_J60_J61_#5more': 95}, 
2790.0, {'J10': -61673.0, 'J11': -243197.5, 'J12': -38647.5, 'J13': -51046.5, 'cluster3106249630_3106249631_J60_J61_#5more': -373935.5}, {'J10': 13, 'J11': 32, 'J12': 21, 'J13': 28, 'cluster3106249630_3106249631_J60_J61_#5more': 42}, {'J10': 20, 'J11': 50, 'J12': 62, 'J13': 43, 'cluster3106249630_3106249631_J60_J61_#5more': 93}, 
2795.0, {'J10': -61873.0, 'J11': -243684.0, 'J12': -38253.5, 'J13': -51476.5, 'cluster3106249630_3106249631_J60_J61_#5more': -374865.5}, {'J10': 13, 'J11': 32, 'J12': 21, 'J13': 28, 'cluster3106249630_3106249631_J60_J61_#5more': 42}, {'J10': 20, 'J11': 50, 'J12': 66, 'J13': 43, 'cluster3106249630_3106249631_J60_J61_#5more': 93}, 
2800.0, {'J10': -62073.0, 'J11': -244183.0, 'J12': -38932.0, 'J13': -51906.5, 'cluster3106249630_3106249631_J60_J61_#5more': -375603.0}, {'J10': 13, 'J11': 32, 'J12': 21, 'J13': 28, 'cluster3106249630_3106249631_J60_J61_#5more': 42}, {'J10': 20, 'J11': 53, 'J12': 72, 'J13': 43, 'cluster3106249630_3106249631_J60_J61_#5more': 91}, 
2805.0, {'J10': -62273.0, 'J11': -244681.0, 'J12': -39348.0, 'J13': -52336.5, 'cluster3106249630_3106249631_J60_J61_#5more': -376514.5}, {'J10': 13, 'J11': 32, 'J12': 21, 'J13': 28, 'cluster3106249630_3106249631_J60_J61_#5more': 42}, {'J10': 20, 'J11': 52, 'J12': 70, 'J13': 43, 'cluster3106249630_3106249631_J60_J61_#5more': 92}, 
2810.0, {'J10': -62473.0, 'J11': -245176.0, 'J12': -39584.0, 'J13': -52766.5, 'cluster3106249630_3106249631_J60_J61_#5more': -377424.0}, {'J10': 13, 'J11': 32, 'J12': 21, 'J13': 28, 'cluster3106249630_3106249631_J60_J61_#5more': 42}, {'J10': 20, 'J11': 51, 'J12': 68, 'J13': 43, 'cluster3106249630_3106249631_J60_J61_#5more': 92}, 
2815.0, {'J10': -62673.0, 'J11': -245686.0, 'J12': -40215.0, 'J13': -50862.5, 'cluster3106249630_3106249631_J60_J61_#5more': -378344.0}, {'J10': 13, 'J11': 32, 'J12': 21, 'J13': 26, 'cluster3106249630_3106249631_J60_J61_#5more': 42}, {'J10': 20, 'J11': 51, 'J12': 68, 'J13': 39, 'cluster3106249630_3106249631_J60_J61_#5more': 92}, 
2820.0, {'J10': -62873.0, 'J11': -246153.0, 'J12': -39556.5, 'J13': -51252.5, 'cluster3106249630_3106249631_J60_J61_#5more': -379243.5}, {'J10': 13, 'J11': 32, 'J12': 21, 'J13': 26, 'cluster3106249630_3106249631_J60_J61_#5more': 42}, {'J10': 20, 'J11': 50, 'J12': 66, 'J13': 39, 'cluster3106249630_3106249631_J60_J61_#5more': 92}, 
2825.0, {'J10': -63073.0, 'J11': -246551.0, 'J12': -40161.0, 'J13': -51642.5, 'cluster3106249630_3106249631_J60_J61_#5more': -380163.5}, {'J10': 13, 'J11': 32, 'J12': 21, 'J13': 26, 'cluster3106249630_3106249631_J60_J61_#5more': 42}, {'J10': 20, 'J11': 48, 'J12': 68, 'J13': 39, 'cluster3106249630_3106249631_J60_J61_#5more': 92}, 
2830.0, {'J10': -63273.0, 'J11': -247031.0, 'J12': -40504.5, 'J13': -52032.5, 'cluster3106249630_3106249631_J60_J61_#5more': -381083.5}, {'J10': 13, 'J11': 32, 'J12': 21, 'J13': 26, 'cluster3106249630_3106249631_J60_J61_#5more': 42}, {'J10': 20, 'J11': 48, 'J12': 67, 'J13': 39, 'cluster3106249630_3106249631_J60_J61_#5more': 92}, 
2835.0, {'J10': -63473.0, 'J11': -247511.0, 'J12': -41002.0, 'J13': -52424.0, 'cluster3106249630_3106249631_J60_J61_#5more': -382004.0}, {'J10': 13, 'J11': 32, 'J12': 21, 'J13': 28, 'cluster3106249630_3106249631_J60_J61_#5more': 42}, {'J10': 20, 'J11': 48, 'J12': 66, 'J13': 41, 'cluster3106249630_3106249631_J60_J61_#5more': 93}, 
2840.0, {'J10': -63431.0, 'J11': -247991.0, 'J12': -40671.0, 'J13': -52834.0, 'cluster3106249630_3106249631_J60_J61_#5more': -382923.5}, {'J10': 13, 'J11': 32, 'J12': 21, 'J13': 28, 'cluster3106249630_3106249631_J60_J61_#5more': 42}, {'J10': 20, 'J11': 48, 'J12': 63, 'J13': 41, 'cluster3106249630_3106249631_J60_J61_#5more': 92}, 
2845.0, {'J10': -63619.5, 'J11': -248472.5, 'J12': -40364.5, 'J13': -53244.0, 'cluster3106249630_3106249631_J60_J61_#5more': -383843.5}, {'J10': 13, 'J11': 32, 'J12': 21, 'J13': 28, 'cluster3106249630_3106249631_J60_J61_#5more': 42}, {'J10': 20, 'J11': 49, 'J12': 65, 'J13': 41, 'cluster3106249630_3106249631_J60_J61_#5more': 92}, 
2850.0, {'J10': -63819.5, 'J11': -248952.0, 'J12': -41023.0, 'J13': -53654.0, 'cluster3106249630_3106249631_J60_J61_#5more': -384765.0}, {'J10': 13, 'J11': 32, 'J12': 21, 'J13': 28, 'cluster3106249630_3106249631_J60_J61_#5more': 42}, {'J10': 20, 'J11': 49, 'J12': 68, 'J13': 41, 'cluster3106249630_3106249631_J60_J61_#5more': 93}, 
2855.0, {'J10': -64019.5, 'J11': -249431.0, 'J12': -41274.0, 'J13': -54064.0, 'cluster3106249630_3106249631_J60_J61_#5more': -385689.5}, {'J10': 13, 'J11': 32, 'J12': 21, 'J13': 28, 'cluster3106249630_3106249631_J60_J61_#5more': 42}, {'J10': 20, 'J11': 48, 'J12': 73, 'J13': 41, 'cluster3106249630_3106249631_J60_J61_#5more': 94}, 
2860.0, {'J10': -64219.5, 'J11': -249911.0, 'J12': -42007.5, 'J13': -54474.0, 'cluster3106249630_3106249631_J60_J61_#5more': -386629.5}, {'J10': 13, 'J11': 32, 'J12': 21, 'J13': 28, 'cluster3106249630_3106249631_J60_J61_#5more': 42}, {'J10': 20, 'J11': 48, 'J12': 74, 'J13': 41, 'cluster3106249630_3106249631_J60_J61_#5more': 94}, 
2865.0, {'J10': -64419.5, 'J11': -250391.0, 'J12': -42330.5, 'J13': -54884.0, 'cluster3106249630_3106249631_J60_J61_#5more': -387546.0}, {'J10': 13, 'J11': 32, 'J12': 21, 'J13': 28, 'cluster3106249630_3106249631_J60_J61_#5more': 42}, {'J10': 20, 'J11': 48, 'J12': 73, 'J13': 41, 'cluster3106249630_3106249631_J60_J61_#5more': 93}, 
2870.0, {'J10': -64619.5, 'J11': -250871.0, 'J12': -42336.0, 'J13': -55294.0, 'cluster3106249630_3106249631_J60_J61_#5more': -388479.0}, {'J10': 13, 'J11': 32, 'J12': 21, 'J13': 28, 'cluster3106249630_3106249631_J60_J61_#5more': 42}, {'J10': 20, 'J11': 48, 'J12': 68, 'J13': 41, 'cluster3106249630_3106249631_J60_J61_#5more': 95}, 
2875.0, {'J10': -64819.5, 'J11': -251351.0, 'J12': -42326.5, 'J13': -55704.0, 'cluster3106249630_3106249631_J60_J61_#5more': -389433.5}, {'J10': 13, 'J11': 32, 'J12': 21, 'J13': 28, 'cluster3106249630_3106249631_J60_J61_#5more': 42}, {'J10': 20, 'J11': 48, 'J12': 63, 'J13': 41, 'cluster3106249630_3106249631_J60_J61_#5more': 96}, 
2880.0, {'J10': -65019.5, 'J11': -251831.0, 'J12': -42233.0, 'J13': -53032.0, 'cluster3106249630_3106249631_J60_J61_#5more': -390393.5}, {'J10': 13, 'J11': 32, 'J12': 21, 'J13': 25, 'cluster3106249630_3106249631_J60_J61_#5more': 42}, {'J10': 20, 'J11': 48, 'J12': 63, 'J13': 37, 'cluster3106249630_3106249631_J60_J61_#5more': 96}, 
2885.0, {'J10': -65219.5, 'J11': -252311.0, 'J12': -42699.5, 'J13': -53402.0, 'cluster3106249630_3106249631_J60_J61_#5more': -391353.5}, {'J10': 13, 'J11': 32, 'J12': 21, 'J13': 25, 'cluster3106249630_3106249631_J60_J61_#5more': 42}, {'J10': 20, 'J11': 48, 'J12': 61, 'J13': 37, 'cluster3106249630_3106249631_J60_J61_#5more': 96}, 
2890.0, {'J10': -65419.5, 'J11': -252795.0, 'J12': -43133.5, 'J13': -53772.0, 'cluster3106249630_3106249631_J60_J61_#5more': -392313.5}, {'J10': 13, 'J11': 32, 'J12': 21, 'J13': 25, 'cluster3106249630_3106249631_J60_J61_#5more': 42}, {'J10': 20, 'J11': 49, 'J12': 64, 'J13': 37, 'cluster3106249630_3106249631_J60_J61_#5more': 96}, 
2895.0, {'J10': -65619.5, 'J11': -253285.0, 'J12': -41916.5, 'J13': -54142.0, 'cluster3106249630_3106249631_J60_J61_#5more': -393191.0}, {'J10': 13, 'J11': 32, 'J12': 21, 'J13': 25, 'cluster3106249630_3106249631_J60_J61_#5more': 42}, {'J10': 20, 'J11': 49, 'J12': 59, 'J13': 37, 'cluster3106249630_3106249631_J60_J61_#5more': 95}, 
2900.0, {'J10': -65819.5, 'J11': -253751.0, 'J12': -42088.0, 'J13': -54512.0, 'cluster3106249630_3106249631_J60_J61_#5more': -394143.0}, {'J10': 13, 'J11': 32, 'J12': 21, 'J13': 25, 'cluster3106249630_3106249631_J60_J61_#5more': 42}, {'J10': 20, 'J11': 48, 'J12': 57, 'J13': 37, 'cluster3106249630_3106249631_J60_J61_#5more': 96}, 
2905.0, {'J10': -65774.5, 'J11': -254231.0, 'J12': -42587.0, 'J13': -54893.5, 'cluster3106249630_3106249631_J60_J61_#5more': -395092.5}, {'J10': 13, 'J11': 32, 'J12': 21, 'J13': 28, 'cluster3106249630_3106249631_J60_J61_#5more': 42}, {'J10': 19, 'J11': 48, 'J12': 61, 'J13': 40, 'cluster3106249630_3106249631_J60_J61_#5more': 96}, 
2910.0, {'J10': -65835.5, 'J11': -254711.0, 'J12': -42961.0, 'J13': -55293.5, 'cluster3106249630_3106249631_J60_J61_#5more': -395970.5}, {'J10': 13, 'J11': 32, 'J12': 21, 'J13': 28, 'cluster3106249630_3106249631_J60_J61_#5more': 42}, {'J10': 19, 'J11': 48, 'J12': 63, 'J13': 40, 'cluster3106249630_3106249631_J60_J61_#5more': 95}, 
2915.0, {'J10': -66029.0, 'J11': -255197.0, 'J12': -43136.0, 'J13': -55693.5, 'cluster3106249630_3106249631_J60_J61_#5more': -396921.0}, {'J10': 13, 'J11': 32, 'J12': 21, 'J13': 28, 'cluster3106249630_3106249631_J60_J61_#5more': 42}, {'J10': 20, 'J11': 50, 'J12': 62, 'J13': 40, 'cluster3106249630_3106249631_J60_J61_#5more': 96}, 
2920.0, {'J10': -66229.5, 'J11': -255697.0, 'J12': -43437.5, 'J13': -56093.5, 'cluster3106249630_3106249631_J60_J61_#5more': -397881.0}, {'J10': 13, 'J11': 32, 'J12': 21, 'J13': 28, 'cluster3106249630_3106249631_J60_J61_#5more': 42}, {'J10': 21, 'J11': 50, 'J12': 57, 'J13': 40, 'cluster3106249630_3106249631_J60_J61_#5more': 96}, 
2925.0, {'J10': -66439.5, 'J11': -256172.0, 'J12': -43787.0, 'J13': -56498.0, 'cluster3106249630_3106249631_J60_J61_#5more': -398841.0}, {'J10': 13, 'J11': 32, 'J12': 21, 'J13': 28, 'cluster3106249630_3106249631_J60_J61_#5more': 42}, {'J10': 21, 'J11': 49, 'J12': 54, 'J13': 41, 'cluster3106249630_3106249631_J60_J61_#5more': 96}, 
2930.0, {'J10': -66649.5, 'J11': -256662.0, 'J12': -43084.0, 'J13': -56908.0, 'cluster3106249630_3106249631_J60_J61_#5more': -399801.0}, {'J10': 13, 'J11': 32, 'J12': 21, 'J13': 28, 'cluster3106249630_3106249631_J60_J61_#5more': 42}, {'J10': 21, 'J11': 49, 'J12': 50, 'J13': 41, 'cluster3106249630_3106249631_J60_J61_#5more': 96}, 
2935.0, {'J10': -66859.5, 'J11': -257152.0, 'J12': -36733.5, 'J13': -57318.0, 'cluster3106249630_3106249631_J60_J61_#5more': -400761.0}, {'J10': 13, 'J11': 32, 'J12': 19, 'J13': 28, 'cluster3106249630_3106249631_J60_J61_#5more': 42}, {'J10': 21, 'J11': 49, 'J12': 44, 'J13': 41, 'cluster3106249630_3106249631_J60_J61_#5more': 96}, 
2940.0, {'J10': -67029.0, 'J11': -257645.0, 'J12': -35273.0, 'J13': -57732.0, 'cluster3106249630_3106249631_J60_J61_#5more': -401721.0}, {'J10': 13, 'J11': 32, 'J12': 18, 'J13': 28, 'cluster3106249630_3106249631_J60_J61_#5more': 42}, {'J10': 20, 'J11': 50, 'J12': 43, 'J13': 42, 'cluster3106249630_3106249631_J60_J61_#5more': 96}, 
2945.0, {'J10': -67229.0, 'J11': -258145.0, 'J12': -24910.0, 'J13': -55250.0, 'cluster3106249630_3106249631_J60_J61_#5more': -402681.0}, {'J10': 13, 'J11': 32, 'J12': 15, 'J13': 25, 'cluster3106249630_3106249631_J60_J61_#5more': 42}, {'J10': 20, 'J11': 50, 'J12': 38, 'J13': 39, 'cluster3106249630_3106249631_J60_J61_#5more': 96}, 
2950.0, {'J10': -67429.0, 'J11': -258645.0, 'J12': -22283.5, 'J13': -54602.5, 'cluster3106249630_3106249631_J60_J61_#5more': -403641.0}, {'J10': 13, 'J11': 32, 'J12': 14, 'J13': 24, 'cluster3106249630_3106249631_J60_J61_#5more': 42}, {'J10': 20, 'J11': 50, 'J12': 37, 'J13': 37, 'cluster3106249630_3106249631_J60_J61_#5more': 96}, 
2955.0, {'J10': -67629.0, 'J11': -259145.0, 'J12': -22675.5, 'J13': -54960.0, 'cluster3106249630_3106249631_J60_J61_#5more': -404601.0}, {'J10': 13, 'J11': 32, 'J12': 14, 'J13': 24, 'cluster3106249630_3106249631_J60_J61_#5more': 42}, {'J10': 20, 'J11': 50, 'J12': 41, 'J13': 36, 'cluster3106249630_3106249631_J60_J61_#5more': 96}, 
2960.0, {'J10': -67829.0, 'J11': -259645.0, 'J12': -23036.5, 'J13': -55323.0, 'cluster3106249630_3106249631_J60_J61_#5more': -405380.0}, {'J10': 13, 'J11': 32, 'J12': 16, 'J13': 24, 'cluster3106249630_3106249631_J60_J61_#5more': 42}, {'J10': 20, 'J11': 50, 'J12': 47, 'J13': 37, 'cluster3106249630_3106249631_J60_J61_#5more': 95}, 
2965.0, {'J10': -68029.0, 'J11': -260145.0, 'J12': -23213.5, 'J13': -55693.5, 'cluster3106249630_3106249631_J60_J61_#5more': -406333.5}, {'J10': 13, 'J11': 32, 'J12': 20, 'J13': 25, 'cluster3106249630_3106249631_J60_J61_#5more': 42}, {'J10': 20, 'J11': 50, 'J12': 53, 'J13': 38, 'cluster3106249630_3106249631_J60_J61_#5more': 97}, 
2970.0, {'J10': -68108.0, 'J11': -260645.0, 'J12': -23710.0, 'J13': -56084.0, 'cluster3106249630_3106249631_J60_J61_#5more': -407280.0}, {'J10': 13, 'J11': 32, 'J12': 21, 'J13': 28, 'cluster3106249630_3106249631_J60_J61_#5more': 42}, {'J10': 20, 'J11': 50, 'J12': 54, 'J13': 41, 'cluster3106249630_3106249631_J60_J61_#5more': 95}, 
2975.0, {'J10': -68174.0, 'J11': -261145.0, 'J12': -23927.0, 'J13': -56494.0, 'cluster3106249630_3106249631_J60_J61_#5more': -408232.0}, {'J10': 13, 'J11': 32, 'J12': 21, 'J13': 28, 'cluster3106249630_3106249631_J60_J61_#5more': 42}, {'J10': 18, 'J11': 50, 'J12': 54, 'J13': 41, 'cluster3106249630_3106249631_J60_J61_#5more': 96}, 
2980.0, {'J10': -68354.0, 'J11': -261645.0, 'J12': -24293.0, 'J13': -56906.5, 'cluster3106249630_3106249631_J60_J61_#5more': -409196.5}, {'J10': 13, 'J11': 32, 'J12': 21, 'J13': 28, 'cluster3106249630_3106249631_J60_J61_#5more': 42}, {'J10': 18, 'J11': 50, 'J12': 53, 'J13': 42, 'cluster3106249630_3106249631_J60_J61_#5more': 97}, 
2985.0, {'J10': -68534.0, 'J11': -261911.0, 'J12': -24827.0, 'J13': -57326.5, 'cluster3106249630_3106249631_J60_J61_#5more': -410170.5}, {'J10': 13, 'J11': 32, 'J12': 21, 'J13': 28, 'cluster3106249630_3106249631_J60_J61_#5more': 42}, {'J10': 18, 'J11': 48, 'J12': 56, 'J13': 42, 'cluster3106249630_3106249631_J60_J61_#5more': 98}, 
2990.0, {'J10': -68714.0, 'J11': -262391.0, 'J12': -25286.0, 'J13': -57746.5, 'cluster3106249630_3106249631_J60_J61_#5more': -411150.5}, {'J10': 13, 'J11': 32, 'J12': 21, 'J13': 28, 'cluster3106249630_3106249631_J60_J61_#5more': 42}, {'J10': 18, 'J11': 48, 'J12': 56, 'J13': 42, 'cluster3106249630_3106249631_J60_J61_#5more': 98}, 
2995.0, {'J10': -68894.0, 'J11': -262871.0, 'J12': -21839.5, 'J13': -58166.5, 'cluster3106249630_3106249631_J60_J61_#5more': -412130.5}, {'J10': 13, 'J11': 32, 'J12': 19, 'J13': 28, 'cluster3106249630_3106249631_J60_J61_#5more': 42}, {'J10': 18, 'J11': 48, 'J12': 51, 'J13': 42, 'cluster3106249630_3106249631_J60_J61_#5more': 98}, 
3000.0, {'J10': -69074.0, 'J11': -263351.0, 'J12': -18922.5, 'J13': -58586.5, 'cluster3106249630_3106249631_J60_J61_#5more': -412858.5}, {'J10': 13, 'J11': 32, 'J12': 17, 'J13': 28, 'cluster3106249630_3106249631_J60_J61_#5more': 42}, {'J10': 18, 'J11': 48, 'J12': 49, 'J13': 42, 'cluster3106249630_3106249631_J60_J61_#5more': 98}, 
3005.0, {'J10': -69254.0, 'J11': -263831.0, 'J12': -19391.0, 'J13': -59006.5, 'cluster3106249630_3106249631_J60_J61_#5more': -413637.0}, {'J10': 13, 'J11': 32, 'J12': 17, 'J13': 28, 'cluster3106249630_3106249631_J60_J61_#5more': 42}, {'J10': 18, 'J11': 48, 'J12': 49, 'J13': 42, 'cluster3106249630_3106249631_J60_J61_#5more': 97}, 
3010.0, {'J10': -69434.0, 'J11': -264311.5, 'J12': -19888.0, 'J13': -57432.5, 'cluster3106249630_3106249631_J60_J61_#5more': -414607.0}, {'J10': 13, 'J11': 32, 'J12': 17, 'J13': 26, 'cluster3106249630_3106249631_J60_J61_#5more': 42}, {'J10': 18, 'J11': 49, 'J12': 52, 'J13': 40, 'cluster3106249630_3106249631_J60_J61_#5more': 97}, 
3015.0, {'J10': -69614.0, 'J11': -264803.0, 'J12': -20191.0, 'J13': -55713.0, 'cluster3106249630_3106249631_J60_J61_#5more': -415588.5}, {'J10': 13, 'J11': 32, 'J12': 20, 'J13': 24, 'cluster3106249630_3106249631_J60_J61_#5more': 42}, {'J10': 18, 'J11': 50, 'J12': 52, 'J13': 37, 'cluster3106249630_3106249631_J60_J61_#5more': 100}, 
3020.0, {'J10': -69794.0, 'J11': -265310.0, 'J12': -20666.5, 'J13': -56086.0, 'cluster3106249630_3106249631_J60_J61_#5more': -416588.5}, {'J10': 13, 'J11': 32, 'J12': 20, 'J13': 24, 'cluster3106249630_3106249631_J60_J61_#5more': 42}, {'J10': 18, 'J11': 52, 'J12': 51, 'J13': 38, 'cluster3106249630_3106249631_J60_J61_#5more': 100}, 
3025.0, {'J10': -69976.0, 'J11': -265818.5, 'J12': -21192.0, 'J13': -56466.0, 'cluster3106249630_3106249631_J60_J61_#5more': -417593.0}, {'J10': 13, 'J11': 32, 'J12': 20, 'J13': 24, 'cluster3106249630_3106249631_J60_J61_#5more': 42}, {'J10': 19, 'J11': 52, 'J12': 57, 'J13': 38, 'cluster3106249630_3106249631_J60_J61_#5more': 101}, 
3030.0, {'J10': -70166.0, 'J11': -266298.0, 'J12': -21522.5, 'J13': -56846.0, 'cluster3106249630_3106249631_J60_J61_#5more': -418606.0}, {'J10': 13, 'J11': 32, 'J12': 20, 'J13': 24, 'cluster3106249630_3106249631_J60_J61_#5more': 42}, {'J10': 19, 'J11': 51, 'J12': 55, 'J13': 38, 'cluster3106249630_3106249631_J60_J61_#5more': 102}, 
3035.0, {'J10': -70335.5, 'J11': -266732.0, 'J12': -21681.5, 'J13': -57239.5, 'cluster3106249630_3106249631_J60_J61_#5more': -419613.0}, {'J10': 13, 'J11': 32, 'J12': 20, 'J13': 28, 'cluster3106249630_3106249631_J60_J61_#5more': 42}, {'J10': 19, 'J11': 49, 'J12': 50, 'J13': 42, 'cluster3106249630_3106249631_J60_J61_#5more': 101}, 
3040.0, {'J10': -70514.0, 'J11': -267222.0, 'J12': -20793.5, 'J13': -57660.5, 'cluster3106249630_3106249631_J60_J61_#5more': -420623.0}, {'J10': 13, 'J11': 32, 'J12': 20, 'J13': 28, 'cluster3106249630_3106249631_J60_J61_#5more': 42}, {'J10': 18, 'J11': 49, 'J12': 48, 'J13': 43, 'cluster3106249630_3106249631_J60_J61_#5more': 101}, 
3045.0, {'J10': -70694.0, 'J11': -267671.0, 'J12': -21281.0, 'J13': -58090.5, 'cluster3106249630_3106249631_J60_J61_#5more': -421633.0}, {'J10': 13, 'J11': 32, 'J12': 20, 'J13': 28, 'cluster3106249630_3106249631_J60_J61_#5more': 42}, {'J10': 18, 'J11': 48, 'J12': 51, 'J13': 43, 'cluster3106249630_3106249631_J60_J61_#5more': 101}, 
3050.0, {'J10': -70874.0, 'J11': -268151.0, 'J12': -21804.0, 'J13': -58520.5, 'cluster3106249630_3106249631_J60_J61_#5more': -422643.0}, {'J10': 13, 'J11': 32, 'J12': 20, 'J13': 28, 'cluster3106249630_3106249631_J60_J61_#5more': 42}, {'J10': 18, 'J11': 48, 'J12': 55, 'J13': 43, 'cluster3106249630_3106249631_J60_J61_#5more': 101}, 
3055.0, {'J10': -71054.0, 'J11': -268633.0, 'J12': -22020.0, 'J13': -58950.5, 'cluster3106249630_3106249631_J60_J61_#5more': -423653.0}, {'J10': 13, 'J11': 32, 'J12': 20, 'J13': 28, 'cluster3106249630_3106249631_J60_J61_#5more': 42}, {'J10': 18, 'J11': 49, 'J12': 51, 'J13': 43, 'cluster3106249630_3106249631_J60_J61_#5more': 101}, 
3060.0, {'J10': -71234.0, 'J11': -269111.0, 'J12': -22207.5, 'J13': -59380.5, 'cluster3106249630_3106249631_J60_J61_#5more': -424663.0}, {'J10': 13, 'J11': 32, 'J12': 20, 'J13': 28, 'cluster3106249630_3106249631_J60_J61_#5more': 42}, {'J10': 18, 'J11': 48, 'J12': 46, 'J13': 43, 'cluster3106249630_3106249631_J60_J61_#5more': 101}, 
3065.0, {'J10': -71414.0, 'J11': -269591.0, 'J12': -22553.0, 'J13': -59810.5, 'cluster3106249630_3106249631_J60_J61_#5more': -425673.0}, {'J10': 13, 'J11': 32, 'J12': 20, 'J13': 28, 'cluster3106249630_3106249631_J60_J61_#5more': 42}, {'J10': 18, 'J11': 48, 'J12': 44, 'J13': 43, 'cluster3106249630_3106249631_J60_J61_#5more': 101}, 
3070.0, {'J10': -71594.0, 'J11': -270071.0, 'J12': -22987.0, 'J13': -60240.5, 'cluster3106249630_3106249631_J60_J61_#5more': -426683.0}, {'J10': 13, 'J11': 32, 'J12': 20, 'J13': 28, 'cluster3106249630_3106249631_J60_J61_#5more': 42}, {'J10': 18, 'J11': 48, 'J12': 49, 'J13': 43, 'cluster3106249630_3106249631_J60_J61_#5more': 101}, 
3075.0, {'J10': -71774.0, 'J11': -270551.0, 'J12': -22298.5, 'J13': -58553.0, 'cluster3106249630_3106249631_J60_J61_#5more': -427693.0}, {'J10': 13, 'J11': 32, 'J12': 20, 'J13': 26, 'cluster3106249630_3106249631_J60_J61_#5more': 42}, {'J10': 18, 'J11': 48, 'J12': 51, 'J13': 41, 'cluster3106249630_3106249631_J60_J61_#5more': 101}, 
3080.0, {'J10': -71954.0, 'J11': -271031.0, 'J12': -22257.0, 'J13': -56758.0, 'cluster3106249630_3106249631_J60_J61_#5more': -428703.0}, {'J10': 13, 'J11': 32, 'J12': 20, 'J13': 24, 'cluster3106249630_3106249631_J60_J61_#5more': 42}, {'J10': 18, 'J11': 48, 'J12': 48, 'J13': 38, 'cluster3106249630_3106249631_J60_J61_#5more': 101}, 
3085.0, {'J10': -72134.0, 'J11': -271511.0, 'J12': -17972.5, 'J13': -57138.5, 'cluster3106249630_3106249631_J60_J61_#5more': -429373.0}, {'J10': 13, 'J11': 32, 'J12': 18, 'J13': 24, 'cluster3106249630_3106249631_J60_J61_#5more': 42}, {'J10': 18, 'J11': 48, 'J12': 38, 'J13': 39, 'cluster3106249630_3106249631_J60_J61_#5more': 101}, 
3090.0, {'J10': -72314.0, 'J11': -271991.0, 'J12': -15889.0, 'J13': -57528.5, 'cluster3106249630_3106249631_J60_J61_#5more': -430383.5}, {'J10': 13, 'J11': 32, 'J12': 17, 'J13': 24, 'cluster3106249630_3106249631_J60_J61_#5more': 42}, {'J10': 18, 'J11': 48, 'J12': 36, 'J13': 39, 'cluster3106249630_3106249631_J60_J61_#5more': 102}, 
3095.0, {'J10': -72494.0, 'J11': -272471.5, 'J12': -15435.5, 'J13': -57919.5, 'cluster3106249630_3106249631_J60_J61_#5more': -431408.0}, {'J10': 13, 'J11': 32, 'J12': 17, 'J13': 25, 'cluster3106249630_3106249631_J60_J61_#5more': 42}, {'J10': 18, 'J11': 49, 'J12': 39, 'J13': 40, 'cluster3106249630_3106249631_J60_J61_#5more': 104}, 
3100.0, {'J10': -72678.5, 'J11': -272964.5, 'J12': -15685.5, 'J13': -58328.5, 'cluster3106249630_3106249631_J60_J61_#5more': -432214.0}, {'J10': 13, 'J11': 32, 'J12': 18, 'J13': 28, 'cluster3106249630_3106249631_J60_J61_#5more': 42}, {'J10': 20, 'J11': 50, 'J12': 38, 'J13': 43, 'cluster3106249630_3106249631_J60_J61_#5more': 103}, 
3105.0, {'J10': -72854.0, 'J11': -273472.0, 'J12': -16007.5, 'J13': -58758.5, 'cluster3106249630_3106249631_J60_J61_#5more': -433060.5}, {'J10': 13, 'J11': 32, 'J12': 20, 'J13': 28, 'cluster3106249630_3106249631_J60_J61_#5more': 42}, {'J10': 18, 'J11': 53, 'J12': 42, 'J13': 43, 'cluster3106249630_3106249631_J60_J61_#5more': 103}, 
3110.0, {'J10': -73034.0, 'J11': -274006.0, 'J12': -16158.0, 'J13': -59188.5, 'cluster3106249630_3106249631_J60_J61_#5more': -433859.0}, {'J10': 13, 'J11': 32, 'J12': 20, 'J13': 28, 'cluster3106249630_3106249631_J60_J61_#5more': 42}, {'J10': 18, 'J11': 54, 'J12': 51, 'J13': 43, 'cluster3106249630_3106249631_J60_J61_#5more': 102}, 
3115.0, {'J10': -73214.0, 'J11': -274505.5, 'J12': -12781.0, 'J13': -59618.5, 'cluster3106249630_3106249631_J60_J61_#5more': -434773.5}, {'J10': 13, 'J11': 32, 'J12': 18, 'J13': 28, 'cluster3106249630_3106249631_J60_J61_#5more': 42}, {'J10': 18, 'J11': 53, 'J12': 47, 'J13': 43, 'cluster3106249630_3106249631_J60_J61_#5more': 99}, 
3120.0, {'J10': -73394.0, 'J11': -274992.5, 'J12': -13173.0, 'J13': -60048.5, 'cluster3106249630_3106249631_J60_J61_#5more': -435741.5}, {'J10': 13, 'J11': 32, 'J12': 18, 'J13': 28, 'cluster3106249630_3106249631_J60_J61_#5more': 42}, {'J10': 18, 'J11': 52, 'J12': 48, 'J13': 43, 'cluster3106249630_3106249631_J60_J61_#5more': 98}, 
3125.0, {'J10': -73574.0, 'J11': -275514.5, 'J12': -13505.0, 'J13': -60478.5, 'cluster3106249630_3106249631_J60_J61_#5more': -436721.5}, {'J10': 13, 'J11': 32, 'J12': 18, 'J13': 28, 'cluster3106249630_3106249631_J60_J61_#5more': 42}, {'J10': 18, 'J11': 53, 'J12': 46, 'J13': 43, 'cluster3106249630_3106249631_J60_J61_#5more': 98}, 
3130.0, {'J10': -73754.0, 'J11': -275925.5, 'J12': -13931.0, 'J13': -60908.5, 'cluster3106249630_3106249631_J60_J61_#5more': -437701.5}, {'J10': 13, 'J11': 32, 'J12': 19, 'J13': 28, 'cluster3106249630_3106249631_J60_J61_#5more': 42}, {'J10': 18, 'J11': 50, 'J12': 49, 'J13': 43, 'cluster3106249630_3106249631_J60_J61_#5more': 98}, 
3135.0, {'J10': -73934.0, 'J11': -276425.5, 'J12': -14309.5, 'J13': -61338.5, 'cluster3106249630_3106249631_J60_J61_#5more': -438682.5}, {'J10': 13, 'J11': 32, 'J12': 21, 'J13': 28, 'cluster3106249630_3106249631_J60_J61_#5more': 42}, {'J10': 18, 'J11': 50, 'J12': 53, 'J13': 43, 'cluster3106249630_3106249631_J60_J61_#5more': 99}, 
3140.0, {'J10': -74114.0, 'J11': -276791.0, 'J12': -14531.0, 'J13': -59663.0, 'cluster3106249630_3106249631_J60_J61_#5more': -439661.5}, {'J10': 13, 'J11': 32, 'J12': 21, 'J13': 26, 'cluster3106249630_3106249631_J60_J61_#5more': 42}, {'J10': 18, 'J11': 48, 'J12': 49, 'J13': 42, 'cluster3106249630_3106249631_J60_J61_#5more': 98}, 
3145.0, {'J10': -74294.0, 'J11': -277273.0, 'J12': -14694.0, 'J13': -58203.5, 'cluster3106249630_3106249631_J60_J61_#5more': -440641.5}, {'J10': 13, 'J11': 32, 'J12': 21, 'J13': 24, 'cluster3106249630_3106249631_J60_J61_#5more': 42}, {'J10': 18, 'J11': 49, 'J12': 43, 'J13': 39, 'cluster3106249630_3106249631_J60_J61_#5more': 98}, 
3150.0, {'J10': -74474.0, 'J11': -277751.0, 'J12': -15084.5, 'J13': -58593.5, 'cluster3106249630_3106249631_J60_J61_#5more': -441628.0}, {'J10': 13, 'J11': 32, 'J12': 21, 'J13': 24, 'cluster3106249630_3106249631_J60_J61_#5more': 42}, {'J10': 18, 'J11': 48, 'J12': 43, 'J13': 39, 'cluster3106249630_3106249631_J60_J61_#5more': 101}, 
3155.0, {'J10': -74654.0, 'J11': -278231.0, 'J12': -14819.5, 'J13': -58983.5, 'cluster3106249630_3106249631_J60_J61_#5more': -442642.5}, {'J10': 13, 'J11': 32, 'J12': 21, 'J13': 24, 'cluster3106249630_3106249631_J60_J61_#5more': 42}, {'J10': 18, 'J11': 48, 'J12': 47, 'J13': 39, 'cluster3106249630_3106249631_J60_J61_#5more': 102}, 
3160.0, {'J10': -74834.0, 'J11': -278721.5, 'J12': -15302.0, 'J13': -59374.0, 'cluster3106249630_3106249631_J60_J61_#5more': -443662.5}, {'J10': 13, 'J11': 32, 'J12': 21, 'J13': 25, 'cluster3106249630_3106249631_J60_J61_#5more': 42}, {'J10': 18, 'J11': 51, 'J12': 50, 'J13': 40, 'cluster3106249630_3106249631_J60_J61_#5more': 102}, 
3165.0, {'J10': -75014.5, 'J11': -279216.5, 'J12': -15780.5, 'J13': -59782.5, 'cluster3106249630_3106249631_J60_J61_#5more': -444649.0}, {'J10': 13, 'J11': 32, 'J12': 21, 'J13': 28, 'cluster3106249630_3106249631_J60_J61_#5more': 42}, {'J10': 19, 'J11': 50, 'J12': 50, 'J13': 43, 'cluster3106249630_3106249631_J60_J61_#5more': 101}, 
3170.0, {'J10': -75194.0, 'J11': -279693.5, 'J12': -14668.0, 'J13': -60212.5, 'cluster3106249630_3106249631_J60_J61_#5more': -445659.0}, {'J10': 13, 'J11': 32, 'J12': 21, 'J13': 28, 'cluster3106249630_3106249631_J60_J61_#5more': 42}, {'J10': 18, 'J11': 49, 'J12': 50, 'J13': 43, 'cluster3106249630_3106249631_J60_J61_#5more': 101}, 
3175.0, {'J10': -75374.0, 'J11': -280151.0, 'J12': -14362.5, 'J13': -60642.5, 'cluster3106249630_3106249631_J60_J61_#5more': -446672.5}, {'J10': 13, 'J11': 32, 'J12': 21, 'J13': 28, 'cluster3106249630_3106249631_J60_J61_#5more': 42}, {'J10': 18, 'J11': 48, 'J12': 45, 'J13': 43, 'cluster3106249630_3106249631_J60_J61_#5more': 102}, 
3180.0, {'J10': -75554.0, 'J11': -280631.0, 'J12': -14463.0, 'J13': -61072.5, 'cluster3106249630_3106249631_J60_J61_#5more': -447630.5}, {'J10': 13, 'J11': 32, 'J12': 21, 'J13': 28, 'cluster3106249630_3106249631_J60_J61_#5more': 42}, {'J10': 18, 'J11': 48, 'J12': 41, 'J13': 43, 'cluster3106249630_3106249631_J60_J61_#5more': 101}, 
3185.0, {'J10': -75734.0, 'J11': -281111.0, 'J12': -14402.0, 'J13': -61502.5, 'cluster3106249630_3106249631_J60_J61_#5more': -448569.5}, {'J10': 13, 'J11': 32, 'J12': 21, 'J13': 28, 'cluster3106249630_3106249631_J60_J61_#5more': 42}, {'J10': 18, 'J11': 48, 'J12': 43, 'J13': 43, 'cluster3106249630_3106249631_J60_J61_#5more': 100}, 
3190.0, {'J10': -75914.0, 'J11': -281599.0, 'J12': -14606.0, 'J13': -61932.5, 'cluster3106249630_3106249631_J60_J61_#5more': -449461.5}, {'J10': 13, 'J11': 32, 'J12': 21, 'J13': 28, 'cluster3106249630_3106249631_J60_J61_#5more': 42}, {'J10': 18, 'J11': 51, 'J12': 46, 'J13': 43, 'cluster3106249630_3106249631_J60_J61_#5more': 98}, 
3195.0, {'J10': -76094.0, 'J11': -282109.0, 'J12': -14898.5, 'J13': -62362.5, 'cluster3106249630_3106249631_J60_J61_#5more': -450441.5}, {'J10': 13, 'J11': 32, 'J12': 21, 'J13': 28, 'cluster3106249630_3106249631_J60_J61_#5more': 42}, {'J10': 18, 'J11': 51, 'J12': 48, 'J13': 43, 'cluster3106249630_3106249631_J60_J61_#5more': 98}, 
3200.0, {'J10': -76274.0, 'J11': -282574.0, 'J12': -15351.5, 'J13': -62792.5, 'cluster3106249630_3106249631_J60_J61_#5more': -451421.5}, {'J10': 13, 'J11': 32, 'J12': 21, 'J13': 28, 'cluster3106249630_3106249631_J60_J61_#5more': 42}, {'J10': 18, 'J11': 49, 'J12': 49, 'J13': 43, 'cluster3106249630_3106249631_J60_J61_#5more': 98}, 
3205.0, {'J10': -76454.0, 'J11': -283064.0, 'J12': -15504.0, 'J13': -60746.0, 'cluster3106249630_3106249631_J60_J61_#5more': -452402.5}, {'J10': 13, 'J11': 32, 'J12': 21, 'J13': 26, 'cluster3106249630_3106249631_J60_J61_#5more': 42}, {'J10': 18, 'J11': 49, 'J12': 51, 'J13': 41, 'cluster3106249630_3106249631_J60_J61_#5more': 99}, 
3210.0, {'J10': -76634.0, 'J11': -283511.0, 'J12': -15749.0, 'J13': -59270.5, 'cluster3106249630_3106249631_J60_J61_#5more': -453395.5}, {'J10': 13, 'J11': 32, 'J12': 21, 'J13': 24, 'cluster3106249630_3106249631_J60_J61_#5more': 42}, {'J10': 18, 'J11': 48, 'J12': 48, 'J13': 38, 'cluster3106249630_3106249631_J60_J61_#5more': 101}, 
3215.0, {'J10': -76814.0, 'J11': -283991.0, 'J12': -15853.0, 'J13': -59651.5, 'cluster3106249630_3106249631_J60_J61_#5more': -454405.5}, {'J10': 13, 'J11': 32, 'J12': 21, 'J13': 24, 'cluster3106249630_3106249631_J60_J61_#5more': 42}, {'J10': 18, 'J11': 48, 'J12': 44, 'J13': 39, 'cluster3106249630_3106249631_J60_J61_#5more': 101}, 
3220.0, {'J10': -76994.0, 'J11': -284472.0, 'J12': -12181.5, 'J13': -60041.5, 'cluster3106249630_3106249631_J60_J61_#5more': -455415.5}, {'J10': 13, 'J11': 32, 'J12': 19, 'J13': 24, 'cluster3106249630_3106249631_J60_J61_#5more': 42}, {'J10': 18, 'J11': 49, 'J12': 42, 'J13': 39, 'cluster3106249630_3106249631_J60_J61_#5more': 101}, 
3225.0, {'J10': -77174.0, 'J11': -284962.0, 'J12': -12617.5, 'J13': -60431.5, 'cluster3106249630_3106249631_J60_J61_#5more': -456430.5}, {'J10': 13, 'J11': 32, 'J12': 19, 'J13': 24, 'cluster3106249630_3106249631_J60_J61_#5more': 42}, {'J10': 18, 'J11': 49, 'J12': 47, 'J13': 39, 'cluster3106249630_3106249631_J60_J61_#5more': 102}, 
3230.0, {'J10': -77354.5, 'J11': -285431.0, 'J12': -12644.5, 'J13': -60835.5, 'cluster3106249630_3106249631_J60_J61_#5more': -457450.5}, {'J10': 13, 'J11': 32, 'J12': 19, 'J13': 28, 'cluster3106249630_3106249631_J60_J61_#5more': 42}, {'J10': 19, 'J11': 48, 'J12': 46, 'J13': 43, 'cluster3106249630_3106249631_J60_J61_#5more': 102}, 
3235.0, {'J10': -77536.5, 'J11': -285911.0, 'J12': -12662.0, 'J13': -61265.5, 'cluster3106249630_3106249631_J60_J61_#5more': -458470.5}, {'J10': 13, 'J11': 32, 'J12': 20, 'J13': 28, 'cluster3106249630_3106249631_J60_J61_#5more': 42}, {'J10': 19, 'J11': 48, 'J12': 46, 'J13': 43, 'cluster3106249630_3106249631_J60_J61_#5more': 102}, 
3240.0, {'J10': -77726.5, 'J11': -286391.0, 'J12': -8425.5, 'J13': -61695.5, 'cluster3106249630_3106249631_J60_J61_#5more': -459419.5}, {'J10': 13, 'J11': 32, 'J12': 17, 'J13': 28, 'cluster3106249630_3106249631_J60_J61_#5more': 42}, {'J10': 19, 'J11': 48, 'J12': 41, 'J13': 43, 'cluster3106249630_3106249631_J60_J61_#5more': 101}, 
3245.0, {'J10': -77916.5, 'J11': -286871.0, 'J12': -7824.5, 'J13': -62125.5, 'cluster3106249630_3106249631_J60_J61_#5more': -460429.5}, {'J10': 13, 'J11': 32, 'J12': 16, 'J13': 28, 'cluster3106249630_3106249631_J60_J61_#5more': 42}, {'J10': 19, 'J11': 48, 'J12': 39, 'J13': 43, 'cluster3106249630_3106249631_J60_J61_#5more': 101}, 
3250.0, {'J10': -78106.5, 'J11': -287351.0, 'J12': -8071.0, 'J13': -62555.5, 'cluster3106249630_3106249631_J60_J61_#5more': -461442.5}, {'J10': 13, 'J11': 32, 'J12': 16, 'J13': 28, 'cluster3106249630_3106249631_J60_J61_#5more': 42}, {'J10': 19, 'J11': 48, 'J12': 38, 'J13': 43, 'cluster3106249630_3106249631_J60_J61_#5more': 102}, 
3255.0, {'J10': -78296.5, 'J11': -287831.0, 'J12': -8459.0, 'J13': -62985.5, 'cluster3106249630_3106249631_J60_J61_#5more': -462462.5}, {'J10': 13, 'J11': 32, 'J12': 16, 'J13': 28, 'cluster3106249630_3106249631_J60_J61_#5more': 42}, {'J10': 19, 'J11': 48, 'J12': 42, 'J13': 43, 'cluster3106249630_3106249631_J60_J61_#5more': 102}, 
3260.0, {'J10': -78486.5, 'J11': -288311.0, 'J12': -8790.0, 'J13': -63415.5, 'cluster3106249630_3106249631_J60_J61_#5more': -463482.5}, {'J10': 13, 'J11': 32, 'J12': 20, 'J13': 28, 'cluster3106249630_3106249631_J60_J61_#5more': 42}, {'J10': 19, 'J11': 48, 'J12': 50, 'J13': 43, 'cluster3106249630_3106249631_J60_J61_#5more': 102}, 
3265.0, {'J10': -78676.5, 'J11': -288791.0, 'J12': -9159.0, 'J13': -63845.5, 'cluster3106249630_3106249631_J60_J61_#5more': -464502.5}, {'J10': 13, 'J11': 32, 'J12': 20, 'J13': 28, 'cluster3106249630_3106249631_J60_J61_#5more': 42}, {'J10': 19, 'J11': 48, 'J12': 53, 'J13': 43, 'cluster3106249630_3106249631_J60_J61_#5more': 102}, 
3270.0, {'J10': -78866.5, 'J11': -289271.0, 'J12': -9454.5, 'J13': -62284.5, 'cluster3106249630_3106249631_J60_J61_#5more': -465522.5}, {'J10': 13, 'J11': 32, 'J12': 20, 'J13': 26, 'cluster3106249630_3106249631_J60_J61_#5more': 42}, {'J10': 19, 'J11': 48, 'J12': 51, 'J13': 42, 'cluster3106249630_3106249631_J60_J61_#5more': 102}, 
3275.0, {'J10': -79056.5, 'J11': -289751.0, 'J12': -9733.0, 'J13': -62220.5, 'cluster3106249630_3106249631_J60_J61_#5more': -466542.5}, {'J10': 13, 'J11': 32, 'J12': 20, 'J13': 26, 'cluster3106249630_3106249631_J60_J61_#5more': 42}, {'J10': 19, 'J11': 48, 'J12': 50, 'J13': 40, 'cluster3106249630_3106249631_J60_J61_#5more': 102}, 
3280.0, {'J10': -79248.0, 'J11': -290231.0, 'J12': -8526.5, 'J13': -62622.0, 'cluster3106249630_3106249631_J60_J61_#5more': -467562.5}, {'J10': 13, 'J11': 32, 'J12': 18, 'J13': 26, 'cluster3106249630_3106249631_J60_J61_#5more': 42}, {'J10': 20, 'J11': 48, 'J12': 45, 'J13': 41, 'cluster3106249630_3106249631_J60_J61_#5more': 102}, 
3285.0, {'J10': -79448.0, 'J11': -290711.0, 'J12': -8780.5, 'J13': -63032.0, 'cluster3106249630_3106249631_J60_J61_#5more': -468582.5}, {'J10': 13, 'J11': 32, 'J12': 18, 'J13': 26, 'cluster3106249630_3106249631_J60_J61_#5more': 42}, {'J10': 20, 'J11': 48, 'J12': 45, 'J13': 41, 'cluster3106249630_3106249631_J60_J61_#5more': 102}, 
3290.0, {'J10': -79648.0, 'J11': -291191.0, 'J12': -9151.0, 'J13': -63445.0, 'cluster3106249630_3106249631_J60_J61_#5more': -469605.0}, {'J10': 13, 'J11': 32, 'J12': 18, 'J13': 28, 'cluster3106249630_3106249631_J60_J61_#5more': 42}, {'J10': 20, 'J11': 48, 'J12': 45, 'J13': 43, 'cluster3106249630_3106249631_J60_J61_#5more': 103}, 
3295.0, {'J10': -79725.5, 'J11': -291671.0, 'J12': -9504.5, 'J13': -63875.0, 'cluster3106249630_3106249631_J60_J61_#5more': -470622.5}, {'J10': 13, 'J11': 32, 'J12': 19, 'J13': 28, 'cluster3106249630_3106249631_J60_J61_#5more': 42}, {'J10': 19, 'J11': 48, 'J12': 48, 'J13': 43, 'cluster3106249630_3106249631_J60_J61_#5more': 102}, 
3300.0, {'J10': -79915.5, 'J11': -292151.0, 'J12': -9885.5, 'J13': -64305.0, 'cluster3106249630_3106249631_J60_J61_#5more': -471642.5}, {'J10': 13, 'J11': 32, 'J12': 20, 'J13': 28, 'cluster3106249630_3106249631_J60_J61_#5more': 42}, {'J10': 19, 'J11': 48, 'J12': 51, 'J13': 43, 'cluster3106249630_3106249631_J60_J61_#5more': 102}, 
3305.0, {'J10': -80105.5, 'J11': -292631.0, 'J12': -10039.5, 'J13': -64735.0, 'cluster3106249630_3106249631_J60_J61_#5more': -472662.5}, {'J10': 13, 'J11': 32, 'J12': 20, 'J13': 28, 'cluster3106249630_3106249631_J60_J61_#5more': 42}, {'J10': 19, 'J11': 48, 'J12': 47, 'J13': 43, 'cluster3106249630_3106249631_J60_J61_#5more': 102}, 
3310.0, {'J10': -80295.5, 'J11': -293111.0, 'J12': -10482.5, 'J13': -65165.0, 'cluster3106249630_3106249631_J60_J61_#5more': -473682.5}, {'J10': 13, 'J11': 32, 'J12': 20, 'J13': 28, 'cluster3106249630_3106249631_J60_J61_#5more': 42}, {'J10': 19, 'J11': 48, 'J12': 49, 'J13': 43, 'cluster3106249630_3106249631_J60_J61_#5more': 102}, 
3315.0, {'J10': -80485.5, 'J11': -293591.0, 'J12': -10783.0, 'J13': -65595.0, 'cluster3106249630_3106249631_J60_J61_#5more': -474702.5}, {'J10': 13, 'J11': 32, 'J12': 20, 'J13': 28, 'cluster3106249630_3106249631_J60_J61_#5more': 42}, {'J10': 19, 'J11': 48, 'J12': 49, 'J13': 43, 'cluster3106249630_3106249631_J60_J61_#5more': 102}, 
3320.0, {'J10': -80675.5, 'J11': -294071.0, 'J12': -11147.0, 'J13': -66025.0, 'cluster3106249630_3106249631_J60_J61_#5more': -475722.5}, {'J10': 13, 'J11': 32, 'J12': 20, 'J13': 28, 'cluster3106249630_3106249631_J60_J61_#5more': 42}, {'J10': 19, 'J11': 48, 'J12': 48, 'J13': 43, 'cluster3106249630_3106249631_J60_J61_#5more': 102}, 
3325.0, {'J10': -80865.5, 'J11': -294551.0, 'J12': -11597.0, 'J13': -66455.0, 'cluster3106249630_3106249631_J60_J61_#5more': -476742.5}, {'J10': 13, 'J11': 32, 'J12': 20, 'J13': 28, 'cluster3106249630_3106249631_J60_J61_#5more': 42}, {'J10': 19, 'J11': 48, 'J12': 52, 'J13': 43, 'cluster3106249630_3106249631_J60_J61_#5more': 102}, 
3330.0, {'J10': -81055.5, 'J11': -295031.0, 'J12': -12104.0, 'J13': -66885.0, 'cluster3106249630_3106249631_J60_J61_#5more': -477762.5}, {'J10': 13, 'J11': 32, 'J12': 20, 'J13': 28, 'cluster3106249630_3106249631_J60_J61_#5more': 42}, {'J10': 19, 'J11': 48, 'J12': 54, 'J13': 43, 'cluster3106249630_3106249631_J60_J61_#5more': 102}, 
3335.0, {'J10': -81245.5, 'J11': -295511.0, 'J12': -12519.5, 'J13': -64689.0, 'cluster3106249630_3106249631_J60_J61_#5more': -478782.5}, {'J10': 13, 'J11': 32, 'J12': 20, 'J13': 26, 'cluster3106249630_3106249631_J60_J61_#5more': 42}, {'J10': 19, 'J11': 48, 'J12': 54, 'J13': 40, 'cluster3106249630_3106249631_J60_J61_#5more': 102}, 
3340.0, {'J10': -81440.5, 'J11': -295991.0, 'J12': -12775.5, 'J13': -65089.0, 'cluster3106249630_3106249631_J60_J61_#5more': -479541.0}, {'J10': 13, 'J11': 32, 'J12': 20, 'J13': 26, 'cluster3106249630_3106249631_J60_J61_#5more': 42}, {'J10': 20, 'J11': 48, 'J12': 50, 'J13': 40, 'cluster3106249630_3106249631_J60_J61_#5more': 101}, 
3345.0, {'J10': -81640.5, 'J11': -296471.0, 'J12': -13112.0, 'J13': -65491.0, 'cluster3106249630_3106249631_J60_J61_#5more': -480279.5}, {'J10': 13, 'J11': 32, 'J12': 20, 'J13': 26, 'cluster3106249630_3106249631_J60_J61_#5more': 42}, {'J10': 20, 'J11': 48, 'J12': 48, 'J13': 41, 'cluster3106249630_3106249631_J60_J61_#5more': 100}, 
3350.0, {'J10': -81840.5, 'J11': -296951.0, 'J12': -13599.5, 'J13': -65901.0, 'cluster3106249630_3106249631_J60_J61_#5more': -481279.5}, {'J10': 13, 'J11': 32, 'J12': 20, 'J13': 26, 'cluster3106249630_3106249631_J60_J61_#5more': 42}, {'J10': 20, 'J11': 48, 'J12': 52, 'J13': 41, 'cluster3106249630_3106249631_J60_J61_#5more': 100}, 
3355.0, {'J10': -82040.5, 'J11': -297434.5, 'J12': -13839.5, 'J13': -66311.0, 'cluster3106249630_3106249631_J60_J61_#5more': -482016.0}, {'J10': 13, 'J11': 32, 'J12': 20, 'J13': 26, 'cluster3106249630_3106249631_J60_J61_#5more': 42}, {'J10': 20, 'J11': 50, 'J12': 50, 'J13': 41, 'cluster3106249630_3106249631_J60_J61_#5more': 100}, 
3360.0, {'J10': -82079.0, 'J11': -297935.5, 'J12': -14111.0, 'J13': -66729.5, 'cluster3106249630_3106249631_J60_J61_#5more': -482793.0}, {'J10': 13, 'J11': 32, 'J12': 20, 'J13': 28, 'cluster3106249630_3106249631_J60_J61_#5more': 42}, {'J10': 19, 'J11': 51, 'J12': 46, 'J13': 43, 'cluster3106249630_3106249631_J60_J61_#5more': 99}, 
3365.0, {'J10': -82269.0, 'J11': -298422.5, 'J12': -14494.5, 'J13': -67159.5, 'cluster3106249630_3106249631_J60_J61_#5more': -483761.5}, {'J10': 13, 'J11': 32, 'J12': 20, 'J13': 28, 'cluster3106249630_3106249631_J60_J61_#5more': 42}, {'J10': 19, 'J11': 50, 'J12': 48, 'J13': 43, 'cluster3106249630_3106249631_J60_J61_#5more': 98}, 
3370.0, {'J10': -82462.0, 'J11': -298926.0, 'J12': -14741.5, 'J13': -67589.5, 'cluster3106249630_3106249631_J60_J61_#5more': -484744.5}, {'J10': 13, 'J11': 32, 'J12': 20, 'J13': 28, 'cluster3106249630_3106249631_J60_J61_#5more': 42}, {'J10': 20, 'J11': 51, 'J12': 45, 'J13': 43, 'cluster3106249630_3106249631_J60_J61_#5more': 99}, 
3375.0, {'J10': -82662.0, 'J11': -299351.0, 'J12': -12835.0, 'J13': -68019.5, 'cluster3106249630_3106249631_J60_J61_#5more': -485721.5}, {'J10': 13, 'J11': 32, 'J12': 18, 'J13': 28, 'cluster3106249630_3106249631_J60_J61_#5more': 42}, {'J10': 20, 'J11': 48, 'J12': 40, 'J13': 43, 'cluster3106249630_3106249631_J60_J61_#5more': 98}, 
3380.0, {'J10': -82862.0, 'J11': -299831.0, 'J12': -13242.0, 'J13': -68449.5, 'cluster3106249630_3106249631_J60_J61_#5more': -486701.5}, {'J10': 13, 'J11': 32, 'J12': 18, 'J13': 28, 'cluster3106249630_3106249631_J60_J61_#5more': 42}, {'J10': 20, 'J11': 48, 'J12': 44, 'J13': 43, 'cluster3106249630_3106249631_J60_J61_#5more': 98}, 
3385.0, {'J10': -83062.0, 'J11': -300311.5, 'J12': -13457.0, 'J13': -68879.5, 'cluster3106249630_3106249631_J60_J61_#5more': -487684.5}, {'J10': 13, 'J11': 32, 'J12': 18, 'J13': 28, 'cluster3106249630_3106249631_J60_J61_#5more': 42}, {'J10': 20, 'J11': 49, 'J12': 46, 'J13': 43, 'cluster3106249630_3106249631_J60_J61_#5more': 99}, 
3390.0, {'J10': -83262.0, 'J11': -300795.5, 'J12': -13707.5, 'J13': -69309.5, 'cluster3106249630_3106249631_J60_J61_#5more': -488674.5}, {'J10': 13, 'J11': 32, 'J12': 19, 'J13': 28, 'cluster3106249630_3106249631_J60_J61_#5more': 42}, {'J10': 20, 'J11': 50, 'J12': 48, 'J13': 43, 'cluster3106249630_3106249631_J60_J61_#5more': 99}, 
3395.0, {'J10': -83462.0, 'J11': -301271.5, 'J12': -14067.0, 'J13': -69739.5, 'cluster3106249630_3106249631_J60_J61_#5more': -489669.5}, {'J10': 13, 'J11': 32, 'J12': 21, 'J13': 28, 'cluster3106249630_3106249631_J60_J61_#5more': 42}, {'J10': 20, 'J11': 49, 'J12': 51, 'J13': 43, 'cluster3106249630_3106249631_J60_J61_#5more': 102}, 
3400.0, {'J10': -83662.0, 'J11': -301763.5, 'J12': -14502.5, 'J13': -66680.5, 'cluster3106249630_3106249631_J60_J61_#5more': -490689.5}, {'J10': 13, 'J11': 32, 'J12': 21, 'J13': 25, 'cluster3106249630_3106249631_J60_J61_#5more': 42}, {'J10': 20, 'J11': 50, 'J12': 49, 'J13': 39, 'cluster3106249630_3106249631_J60_J61_#5more': 102}, 
3405.0, {'J10': -83862.0, 'J11': -302243.0, 'J12': -13167.5, 'J13': -65814.5, 'cluster3106249630_3106249631_J60_J61_#5more': -491712.5}, {'J10': 13, 'J11': 32, 'J12': 19, 'J13': 24, 'cluster3106249630_3106249631_J60_J61_#5more': 42}, {'J10': 20, 'J11': 49, 'J12': 45, 'J13': 37, 'cluster3106249630_3106249631_J60_J61_#5more': 103}, 
3410.0, {'J10': -84062.0, 'J11': -302711.5, 'J12': -13234.0, 'J13': -66189.5, 'cluster3106249630_3106249631_J60_J61_#5more': -492709.5}, {'J10': 13, 'J11': 32, 'J12': 19, 'J13': 24, 'cluster3106249630_3106249631_J60_J61_#5more': 42}, {'J10': 20, 'J11': 49, 'J12': 42, 'J13': 39, 'cluster3106249630_3106249631_J60_J61_#5more': 102}, 
3415.0, {'J10': -84262.0, 'J11': -303201.5, 'J12': -13604.0, 'J13': -66579.5, 'cluster3106249630_3106249631_J60_J61_#5more': -493647.5}, {'J10': 13, 'J11': 32, 'J12': 19, 'J13': 24, 'cluster3106249630_3106249631_J60_J61_#5more': 42}, {'J10': 20, 'J11': 49, 'J12': 43, 'J13': 39, 'cluster3106249630_3106249631_J60_J61_#5more': 100}, 
3420.0, {'J10': -84462.0, 'J11': -303691.5, 'J12': -13734.0, 'J13': -66970.5, 'cluster3106249630_3106249631_J60_J61_#5more': -494648.0}, {'J10': 13, 'J11': 32, 'J12': 20, 'J13': 25, 'cluster3106249630_3106249631_J60_J61_#5more': 42}, {'J10': 20, 'J11': 49, 'J12': 42, 'J13': 40, 'cluster3106249630_3106249631_J60_J61_#5more': 101}, 
3425.0, {'J10': -84487.0, 'J11': -304152.5, 'J12': -11656.5, 'J13': -67380.5, 'cluster3106249630_3106249631_J60_J61_#5more': -495657.0}, {'J10': 13, 'J11': 32, 'J12': 18, 'J13': 28, 'cluster3106249630_3106249631_J60_J61_#5more': 42}, {'J10': 19, 'J11': 49, 'J12': 40, 'J13': 43, 'cluster3106249630_3106249631_J60_J61_#5more': 103}, 
3430.0, {'J10': -84556.0, 'J11': -304642.5, 'J12': -10478.5, 'J13': -67810.5, 'cluster3106249630_3106249631_J60_J61_#5more': -496687.0}, {'J10': 13, 'J11': 32, 'J12': 16, 'J13': 28, 'cluster3106249630_3106249631_J60_J61_#5more': 42}, {'J10': 19, 'J11': 49, 'J12': 40, 'J13': 43, 'cluster3106249630_3106249631_J60_J61_#5more': 103}, 
3435.0, {'J10': -84746.0, 'J11': -305112.5, 'J12': -10892.0, 'J13': -68240.5, 'cluster3106249630_3106249631_J60_J61_#5more': -497717.0}, {'J10': 13, 'J11': 32, 'J12': 16, 'J13': 28, 'cluster3106249630_3106249631_J60_J61_#5more': 42}, {'J10': 19, 'J11': 49, 'J12': 44, 'J13': 43, 'cluster3106249630_3106249631_J60_J61_#5more': 103}, 
3440.0, {'J10': -84936.0, 'J11': -305591.0, 'J12': -11267.0, 'J13': -68670.5, 'cluster3106249630_3106249631_J60_J61_#5more': -498749.0}, {'J10': 13, 'J11': 32, 'J12': 16, 'J13': 28, 'cluster3106249630_3106249631_J60_J61_#5more': 42}, {'J10': 19, 'J11': 48, 'J12': 45, 'J13': 43, 'cluster3106249630_3106249631_J60_J61_#5more': 104}, 
3445.0, {'J10': -85127.0, 'J11': -306072.0, 'J12': -11320.0, 'J13': -69100.5, 'cluster3106249630_3106249631_J60_J61_#5more': -499789.0}, {'J10': 13, 'J11': 32, 'J12': 20, 'J13': 28, 'cluster3106249630_3106249631_J60_J61_#5more': 42}, {'J10': 20, 'J11': 49, 'J12': 45, 'J13': 43, 'cluster3106249630_3106249631_J60_J61_#5more': 104}, 
3450.0, {'J10': -85327.0, 'J11': -306551.0, 'J12': -11627.0, 'J13': -69530.5, 'cluster3106249630_3106249631_J60_J61_#5more': -500829.0}, {'J10': 13, 'J11': 32, 'J12': 20, 'J13': 28, 'cluster3106249630_3106249631_J60_J61_#5more': 42}, {'J10': 20, 'J11': 48, 'J12': 46, 'J13': 43, 'cluster3106249630_3106249631_J60_J61_#5more': 104}, 
3455.0, {'J10': -85527.0, 'J11': -307031.0, 'J12': -10364.0, 'J13': -69960.5, 'cluster3106249630_3106249631_J60_J61_#5more': -501869.0}, {'J10': 13, 'J11': 32, 'J12': 18, 'J13': 28, 'cluster3106249630_3106249631_J60_J61_#5more': 42}, {'J10': 20, 'J11': 48, 'J12': 49, 'J13': 43, 'cluster3106249630_3106249631_J60_J61_#5more': 104}, 
3460.0, {'J10': -85727.0, 'J11': -307511.0, 'J12': -9875.5, 'J13': -70390.5, 'cluster3106249630_3106249631_J60_J61_#5more': -502909.0}, {'J10': 13, 'J11': 32, 'J12': 17, 'J13': 28, 'cluster3106249630_3106249631_J60_J61_#5more': 42}, {'J10': 20, 'J11': 48, 'J12': 48, 'J13': 43, 'cluster3106249630_3106249631_J60_J61_#5more': 104}, 
3465.0, {'J10': -85927.0, 'J11': -307994.5, 'J12': -10295.0, 'J13': -68702.5, 'cluster3106249630_3106249631_J60_J61_#5more': -503826.0}, {'J10': 13, 'J11': 32, 'J12': 17, 'J13': 26, 'cluster3106249630_3106249631_J60_J61_#5more': 42}, {'J10': 20, 'J11': 49, 'J12': 47, 'J13': 41, 'cluster3106249630_3106249631_J60_J61_#5more': 103}, 
3470.0, {'J10': -86127.0, 'J11': -308487.5, 'J12': -10782.0, 'J13': -68860.5, 'cluster3106249630_3106249631_J60_J61_#5more': -504856.0}, {'J10': 13, 'J11': 32, 'J12': 18, 'J13': 26, 'cluster3106249630_3106249631_J60_J61_#5more': 42}, {'J10': 20, 'J11': 50, 'J12': 55, 'J13': 40, 'cluster3106249630_3106249631_J60_J61_#5more': 103}, 
3475.0, {'J10': -86327.0, 'J11': -308951.0, 'J12': -11167.5, 'J13': -69261.5, 'cluster3106249630_3106249631_J60_J61_#5more': -505781.5}, {'J10': 13, 'J11': 32, 'J12': 20, 'J13': 26, 'cluster3106249630_3106249631_J60_J61_#5more': 42}, {'J10': 20, 'J11': 48, 'J12': 56, 'J13': 41, 'cluster3106249630_3106249631_J60_J61_#5more': 102}, 
3480.0, {'J10': -86527.0, 'J11': -309432.5, 'J12': -11531.5, 'J13': -69671.5, 'cluster3106249630_3106249631_J60_J61_#5more': -506688.5}, {'J10': 13, 'J11': 32, 'J12': 20, 'J13': 26, 'cluster3106249630_3106249631_J60_J61_#5more': 42}, {'J10': 20, 'J11': 49, 'J12': 55, 'J13': 41, 'cluster3106249630_3106249631_J60_J61_#5more': 101}, 
3485.0, {'J10': -86727.0, 'J11': -309911.5, 'J12': -11976.0, 'J13': -70084.5, 'cluster3106249630_3106249631_J60_J61_#5more': -507578.5}, {'J10': 13, 'J11': 32, 'J12': 20, 'J13': 27, 'cluster3106249630_3106249631_J60_J61_#5more': 42}, {'J10': 20, 'J11': 49, 'J12': 52, 'J13': 42, 'cluster3106249630_3106249631_J60_J61_#5more': 101}, 
3490.0, {'J10': -86805.0, 'J11': -310391.0, 'J12': -12439.5, 'J13': -70509.0, 'cluster3106249630_3106249631_J60_J61_#5more': -508579.5}, {'J10': 13, 'J11': 32, 'J12': 20, 'J13': 28, 'cluster3106249630_3106249631_J60_J61_#5more': 42}, {'J10': 19, 'J11': 48, 'J12': 53, 'J13': 43, 'cluster3106249630_3106249631_J60_J61_#5more': 102}, 
3495.0, {'J10': -86894.0, 'J11': -310871.5, 'J12': -12738.0, 'J13': -70939.0, 'cluster3106249630_3106249631_J60_J61_#5more': -509606.5}, {'J10': 13, 'J11': 32, 'J12': 20, 'J13': 28, 'cluster3106249630_3106249631_J60_J61_#5more': 42}, {'J10': 18, 'J11': 49, 'J12': 50, 'J13': 43, 'cluster3106249630_3106249631_J60_J61_#5more': 104}, 
3500.0, {'J10': -87074.0, 'J11': -311365.5, 'J12': -13238.0, 'J13': -71369.0, 'cluster3106249630_3106249631_J60_J61_#5more': -510646.5}, {'J10': 13, 'J11': 32, 'J12': 20, 'J13': 28, 'cluster3106249630_3106249631_J60_J61_#5more': 42}, {'J10': 18, 'J11': 50, 'J12': 50, 'J13': 43, 'cluster3106249630_3106249631_J60_J61_#5more': 104}, 
3505.0, {'J10': -87254.0, 'J11': -311851.5, 'J12': -13172.5, 'J13': -71799.0, 'cluster3106249630_3106249631_J60_J61_#5more': -511686.5}, {'J10': 13, 'J11': 32, 'J12': 20, 'J13': 28, 'cluster3106249630_3106249631_J60_J61_#5more': 42}, {'J10': 18, 'J11': 49, 'J12': 52, 'J13': 43, 'cluster3106249630_3106249631_J60_J61_#5more': 104}, 
3510.0, {'J10': -87434.0, 'J11': -312346.0, 'J12': -13434.5, 'J13': -72229.0, 'cluster3106249630_3106249631_J60_J61_#5more': -512726.5}, {'J10': 13, 'J11': 32, 'J12': 20, 'J13': 28, 'cluster3106249630_3106249631_J60_J61_#5more': 42}, {'J10': 18, 'J11': 50, 'J12': 51, 'J13': 43, 'cluster3106249630_3106249631_J60_J61_#5more': 104}, 
3515.0, {'J10': -87614.0, 'J11': -312846.0, 'J12': -13574.5, 'J13': -72659.0, 'cluster3106249630_3106249631_J60_J61_#5more': -513766.5}, {'J10': 13, 'J11': 32, 'J12': 20, 'J13': 28, 'cluster3106249630_3106249631_J60_J61_#5more': 42}, {'J10': 18, 'J11': 50, 'J12': 46, 'J13': 43, 'cluster3106249630_3106249631_J60_J61_#5more': 104}, 
3520.0, {'J10': -87794.0, 'J11': -313346.0, 'J12': -13841.5, 'J13': -73089.0, 'cluster3106249630_3106249631_J60_J61_#5more': -514744.0}, {'J10': 13, 'J11': 32, 'J12': 20, 'J13': 28, 'cluster3106249630_3106249631_J60_J61_#5more': 42}, {'J10': 18, 'J11': 50, 'J12': 46, 'J13': 43, 'cluster3106249630_3106249631_J60_J61_#5more': 103}, 
3525.0, {'J10': -87974.0, 'J11': -313846.0, 'J12': -14313.5, 'J13': -73519.0, 'cluster3106249630_3106249631_J60_J61_#5more': -515774.0}, {'J10': 13, 'J11': 32, 'J12': 20, 'J13': 28, 'cluster3106249630_3106249631_J60_J61_#5more': 42}, {'J10': 18, 'J11': 50, 'J12': 50, 'J13': 43, 'cluster3106249630_3106249631_J60_J61_#5more': 103}, 
3530.0, {'J10': -88154.0, 'J11': -314346.0, 'J12': -12974.5, 'J13': -71587.0, 'cluster3106249630_3106249631_J60_J61_#5more': -516804.0}, {'J10': 13, 'J11': 32, 'J12': 18, 'J13': 26, 'cluster3106249630_3106249631_J60_J61_#5more': 42}, {'J10': 18, 'J11': 50, 'J12': 47, 'J13': 40, 'cluster3106249630_3106249631_J60_J61_#5more': 103}, 
3535.0, {'J10': -88334.0, 'J11': -314846.0, 'J12': -13249.0, 'J13': -71987.0, 'cluster3106249630_3106249631_J60_J61_#5more': -517841.0}, {'J10': 13, 'J11': 32, 'J12': 18, 'J13': 26, 'cluster3106249630_3106249631_J60_J61_#5more': 42}, {'J10': 18, 'J11': 50, 'J12': 46, 'J13': 40, 'cluster3106249630_3106249631_J60_J61_#5more': 105}, 
3540.0, {'J10': -88514.0, 'J11': -315263.0, 'J12': -12855.5, 'J13': -72389.5, 'cluster3106249630_3106249631_J60_J61_#5more': -518894.5}, {'J10': 13, 'J11': 32, 'J12': 18, 'J13': 26, 'cluster3106249630_3106249631_J60_J61_#5more': 42}, {'J10': 18, 'J11': 52, 'J12': 50, 'J13': 41, 'cluster3106249630_3106249631_J60_J61_#5more': 107}, 
3545.0, {'J10': -88694.0, 'J11': -315681.5, 'J12': -13276.5, 'J13': -72799.5, 'cluster3106249630_3106249631_J60_J61_#5more': -519968.0}, {'J10': 13, 'J11': 32, 'J12': 19, 'J13': 26, 'cluster3106249630_3106249631_J60_J61_#5more': 42}, {'J10': 18, 'J11': 49, 'J12': 54, 'J13': 41, 'cluster3106249630_3106249631_J60_J61_#5more': 108}, 
3550.0, {'J10': -88874.0, 'J11': -316151.0, 'J12': -13474.5, 'J13': -73210.5, 'cluster3106249630_3106249631_J60_J61_#5more': -513016.0}, {'J10': 13, 'J11': 32, 'J12': 21, 'J13': 27, 'cluster3106249630_3106249631_J60_J61_#5more': 42}, {'J10': 18, 'J11': 48, 'J12': 51, 'J13': 42, 'cluster3106249630_3106249631_J60_J61_#5more': 107}, 
3555.0, {'J10': -89054.0, 'J11': -316631.0, 'J12': -13864.0, 'J13': -73635.0, 'cluster3106249630_3106249631_J60_J61_#5more': -514086.0}, {'J10': 13, 'J11': 32, 'J12': 21, 'J13': 28, 'cluster3106249630_3106249631_J60_J61_#5more': 42}, {'J10': 18, 'J11': 48, 'J12': 51, 'J13': 43, 'cluster3106249630_3106249631_J60_J61_#5more': 107}, 
3560.0, {'J10': -89234.0, 'J11': -317111.0, 'J12': -14293.5, 'J13': -74065.0, 'cluster3106249630_3106249631_J60_J61_#5more': -515161.5}, {'J10': 13, 'J11': 32, 'J12': 21, 'J13': 28, 'cluster3106249630_3106249631_J60_J61_#5more': 42}, {'J10': 18, 'J11': 48, 'J12': 51, 'J13': 43, 'cluster3106249630_3106249631_J60_J61_#5more': 109}, 
3565.0, {'J10': -89414.0, 'J11': -317591.0, 'J12': -14809.5, 'J13': -74495.0, 'cluster3106249630_3106249631_J60_J61_#5more': -516252.5}, {'J10': 13, 'J11': 32, 'J12': 21, 'J13': 28, 'cluster3106249630_3106249631_J60_J61_#5more': 42}, {'J10': 18, 'J11': 48, 'J12': 54, 'J13': 43, 'cluster3106249630_3106249631_J60_J61_#5more': 110}, 
3570.0, {'J10': -89594.0, 'J11': -318072.5, 'J12': -15311.0, 'J13': -74925.0, 'cluster3106249630_3106249631_J60_J61_#5more': -517193.5}, {'J10': 13, 'J11': 32, 'J12': 21, 'J13': 28, 'cluster3106249630_3106249631_J60_J61_#5more': 42}, {'J10': 18, 'J11': 49, 'J12': 54, 'J13': 43, 'cluster3106249630_3106249631_J60_J61_#5more': 110}, 
3575.0, {'J10': -89774.0, 'J11': -318551.0, 'J12': -15588.5, 'J13': -75355.0, 'cluster3106249630_3106249631_J60_J61_#5more': -518133.5}, {'J10': 13, 'J11': 32, 'J12': 21, 'J13': 28, 'cluster3106249630_3106249631_J60_J61_#5more': 42}, {'J10': 18, 'J11': 48, 'J12': 49, 'J13': 43, 'cluster3106249630_3106249631_J60_J61_#5more': 110}, 
3580.0, {'J10': -89954.0, 'J11': -319031.0, 'J12': -16025.5, 'J13': -75785.0, 'cluster3106249630_3106249631_J60_J61_#5more': -519044.0}, {'J10': 13, 'J11': 32, 'J12': 21, 'J13': 28, 'cluster3106249630_3106249631_J60_J61_#5more': 42}, {'J10': 18, 'J11': 48, 'J12': 49, 'J13': 43, 'cluster3106249630_3106249631_J60_J61_#5more': 110}, 
3585.0, {'J10': -90134.0, 'J11': -319511.0, 'J12': -16523.0, 'J13': -76215.0, 'cluster3106249630_3106249631_J60_J61_#5more': -519941.5}, {'J10': 13, 'J11': 32, 'J12': 21, 'J13': 28, 'cluster3106249630_3106249631_J60_J61_#5more': 42}, {'J10': 18, 'J11': 48, 'J12': 52, 'J13': 43, 'cluster3106249630_3106249631_J60_J61_#5more': 110}, 
3590.0, {'J10': -90314.0, 'J11': -319991.0, 'J12': -17055.5, 'J13': -76645.0, 'cluster3106249630_3106249631_J60_J61_#5more': -520576.0}, {'J10': 13, 'J11': 32, 'J12': 21, 'J13': 28, 'cluster3106249630_3106249631_J60_J61_#5more': 42}, {'J10': 18, 'J11': 48, 'J12': 56, 'J13': 43, 'cluster3106249630_3106249631_J60_J61_#5more': 104}, 
3595.0, {'J10': -90494.0, 'J11': -320471.0, 'J12': -17347.5, 'J13': -73326.5, 'cluster3106249630_3106249631_J60_J61_#5more': -521396.0}, {'J10': 13, 'J11': 32, 'J12': 21, 'J13': 25, 'cluster3106249630_3106249631_J60_J61_#5more': 42}, {'J10': 18, 'J11': 48, 'J12': 54, 'J13': 39, 'cluster3106249630_3106249631_J60_J61_#5more': 99}, 
3600.0, {'J10': -90674.0, 'J11': -320951.0, 'J12': -16732.5, 'J13': -72583.5, 'cluster3106249630_3106249631_J60_J61_#5more': -522388.5}, {'J10': 13, 'J11': 32, 'J12': 21, 'J13': 24, 'cluster3106249630_3106249631_J60_J61_#5more': 42}, {'J10': 18, 'J11': 48, 'J12': 49, 'J13': 38, 'cluster3106249630_3106249631_J60_J61_#5more': 100}, 
3605.0, {'J10': -90854.0, 'J11': -321431.0, 'J12': -15883.5, 'J13': -72965.5, 'cluster3106249630_3106249631_J60_J61_#5more': -523394.0}, {'J10': 13, 'J11': 32, 'J12': 21, 'J13': 24, 'cluster3106249630_3106249631_J60_J61_#5more': 42}, {'J10': 18, 'J11': 48, 'J12': 49, 'J13': 39, 'cluster3106249630_3106249631_J60_J61_#5more': 103}, 
3610.0, {'J10': -91034.0, 'J11': -321911.0, 'J12': -15842.0, 'J13': -73355.5, 'cluster3106249630_3106249631_J60_J61_#5more': -524424.0}, {'J10': 13, 'J11': 32, 'J12': 21, 'J13': 24, 'cluster3106249630_3106249631_J60_J61_#5more': 42}, {'J10': 18, 'J11': 48, 'J12': 45, 'J13': 39, 'cluster3106249630_3106249631_J60_J61_#5more': 103}, 
3615.0, {'J10': -91214.0, 'J11': -322391.0, 'J12': -12939.5, 'J13': -73745.5, 'cluster3106249630_3106249631_J60_J61_#5more': -517180.5}, {'J10': 13, 'J11': 32, 'J12': 18, 'J13': 24, 'cluster3106249630_3106249631_J60_J61_#5more': 42}, {'J10': 18, 'J11': 48, 'J12': 38, 'J13': 39, 'cluster3106249630_3106249631_J60_J61_#5more': 103}, 
3620.0, {'J10': -91394.0, 'J11': -322871.0, 'J12': -12255.5, 'J13': -74142.5, 'cluster3106249630_3106249631_J60_J61_#5more': -518177.5}, {'J10': 13, 'J11': 32, 'J12': 17, 'J13': 26, 'cluster3106249630_3106249631_J60_J61_#5more': 42}, {'J10': 18, 'J11': 48, 'J12': 36, 'J13': 41, 'cluster3106249630_3106249631_J60_J61_#5more': 102}, 
3625.0, {'J10': -91574.0, 'J11': -323351.0, 'J12': -12633.5, 'J13': -74560.0, 'cluster3106249630_3106249631_J60_J61_#5more': -519115.0}, {'J10': 13, 'J11': 32, 'J12': 17, 'J13': 28, 'cluster3106249630_3106249631_J60_J61_#5more': 42}, {'J10': 18, 'J11': 48, 'J12': 41, 'J13': 43, 'cluster3106249630_3106249631_J60_J61_#5more': 100}, 
3630.0, {'J10': -91754.0, 'J11': -323831.0, 'J12': -13056.0, 'J13': -74990.0, 'cluster3106249630_3106249631_J60_J61_#5more': -520052.5}, {'J10': 13, 'J11': 32, 'J12': 17, 'J13': 28, 'cluster3106249630_3106249631_J60_J61_#5more': 42}, {'J10': 18, 'J11': 48, 'J12': 46, 'J13': 43, 'cluster3106249630_3106249631_J60_J61_#5more': 98}, 
3635.0, {'J10': -91934.0, 'J11': -324311.0, 'J12': -11970.5, 'J13': -75420.0, 'cluster3106249630_3106249631_J60_J61_#5more': -521034.5}, {'J10': 13, 'J11': 32, 'J12': 21, 'J13': 28, 'cluster3106249630_3106249631_J60_J61_#5more': 42}, {'J10': 18, 'J11': 48, 'J12': 50, 'J13': 43, 'cluster3106249630_3106249631_J60_J61_#5more': 100}, 
3640.0, {'J10': -92114.0, 'J11': -324791.0, 'J12': -10972.0, 'J13': -75850.0, 'cluster3106249630_3106249631_J60_J61_#5more': -522023.0}, {'J10': 13, 'J11': 32, 'J12': 21, 'J13': 28, 'cluster3106249630_3106249631_J60_J61_#5more': 42}, {'J10': 18, 'J11': 48, 'J12': 46, 'J13': 43, 'cluster3106249630_3106249631_J60_J61_#5more': 99}, 
3645.0, {'J10': -92294.0, 'J11': -325271.0, 'J12': -9121.5, 'J13': -76280.0, 'cluster3106249630_3106249631_J60_J61_#5more': -522992.5}, {'J10': 13, 'J11': 32, 'J12': 19, 'J13': 28, 'cluster3106249630_3106249631_J60_J61_#5more': 42}, {'J10': 18, 'J11': 48, 'J12': 38, 'J13': 43, 'cluster3106249630_3106249631_J60_J61_#5more': 98}, 
3650.0, {'J10': -92474.0, 'J11': -325751.0, 'J12': -8084.5, 'J13': -76710.0, 'cluster3106249630_3106249631_J60_J61_#5more': -523972.5}, {'J10': 13, 'J11': 32, 'J12': 17, 'J13': 28, 'cluster3106249630_3106249631_J60_J61_#5more': 42}, {'J10': 18, 'J11': 48, 'J12': 34, 'J13': 43, 'cluster3106249630_3106249631_J60_J61_#5more': 98}, 
3655.0, {'J10': -92654.0, 'J11': -326231.0, 'J12': -7213.5, 'J13': -77140.0, 'cluster3106249630_3106249631_J60_J61_#5more': -524952.5}, {'J10': 13, 'J11': 32, 'J12': 15, 'J13': 28, 'cluster3106249630_3106249631_J60_J61_#5more': 42}, {'J10': 18, 'J11': 48, 'J12': 34, 'J13': 43, 'cluster3106249630_3106249631_J60_J61_#5more': 98}, 
3660.0, {'J10': -92834.0, 'J11': -326711.0, 'J12': -7470.5, 'J13': -72699.5, 'cluster3106249630_3106249631_J60_J61_#5more': -525933.5}, {'J10': 13, 'J11': 32, 'J12': 15, 'J13': 24, 'cluster3106249630_3106249631_J60_J61_#5more': 42}, {'J10': 18, 'J11': 48, 'J12': 34, 'J13': 38, 'cluster3106249630_3106249631_J60_J61_#5more': 99}, 
3665.0, {'J10': -93014.0, 'J11': -327191.0, 'J12': -5539.0, 'J13': -72827.0, 'cluster3106249630_3106249631_J60_J61_#5more': -526923.5}, {'J10': 13, 'J11': 32, 'J12': 16, 'J13': 24, 'cluster3106249630_3106249631_J60_J61_#5more': 42}, {'J10': 18, 'J11': 48, 'J12': 38, 'J13': 37, 'cluster3106249630_3106249631_J60_J61_#5more': 99}, 
3670.0, {'J10': -93194.0, 'J11': -327671.0, 'J12': -5755.0, 'J13': -73203.0, 'cluster3106249630_3106249631_J60_J61_#5more': -527914.0}, {'J10': 13, 'J11': 32, 'J12': 19, 'J13': 24, 'cluster3106249630_3106249631_J60_J61_#5more': 42}, {'J10': 18, 'J11': 48, 'J12': 43, 'J13': 39, 'cluster3106249630_3106249631_J60_J61_#5more': 100}, 
3675.0, {'J10': -93374.0, 'J11': -328151.0, 'J12': -6195.5, 'J13': -73593.0, 'cluster3106249630_3106249631_J60_J61_#5more': -528914.0}, {'J10': 13, 'J11': 32, 'J12': 20, 'J13': 24, 'cluster3106249630_3106249631_J60_J61_#5more': 42}, {'J10': 18, 'J11': 48, 'J12': 47, 'J13': 39, 'cluster3106249630_3106249631_J60_J61_#5more': 100}, 
3680.0, {'J10': -93554.0, 'J11': -328631.0, 'J12': -6665.5, 'J13': -73983.0, 'cluster3106249630_3106249631_J60_J61_#5more': -521525.5}, {'J10': 13, 'J11': 32, 'J12': 20, 'J13': 24, 'cluster3106249630_3106249631_J60_J61_#5more': 42}, {'J10': 18, 'J11': 48, 'J12': 47, 'J13': 39, 'cluster3106249630_3106249631_J60_J61_#5more': 98}, 
3685.0, {'J10': -93734.0, 'J11': -329111.0, 'J12': -7135.5, 'J13': -74381.5, 'cluster3106249630_3106249631_J60_J61_#5more': -522505.5}, {'J10': 13, 'J11': 32, 'J12': 20, 'J13': 26, 'cluster3106249630_3106249631_J60_J61_#5more': 42}, {'J10': 18, 'J11': 48, 'J12': 47, 'J13': 41, 'cluster3106249630_3106249631_J60_J61_#5more': 98}, 
3690.0, {'J10': -93914.0, 'J11': -329591.0, 'J12': -7605.5, 'J13': -74799.0, 'cluster3106249630_3106249631_J60_J61_#5more': -523485.5}, {'J10': 13, 'J11': 32, 'J12': 20, 'J13': 28, 'cluster3106249630_3106249631_J60_J61_#5more': 42}, {'J10': 18, 'J11': 48, 'J12': 47, 'J13': 43, 'cluster3106249630_3106249631_J60_J61_#5more': 98}, 
3695.0, {'J10': -94094.0, 'J11': -330071.0, 'J12': -8075.5, 'J13': -75229.0, 'cluster3106249630_3106249631_J60_J61_#5more': -524465.5}, {'J10': 13, 'J11': 32, 'J12': 20, 'J13': 28, 'cluster3106249630_3106249631_J60_J61_#5more': 42}, {'J10': 18, 'J11': 48, 'J12': 47, 'J13': 43, 'cluster3106249630_3106249631_J60_J61_#5more': 98}, 
3700.0, {'J10': -94274.0, 'J11': -330551.0, 'J12': -8545.5, 'J13': -75659.0, 'cluster3106249630_3106249631_J60_J61_#5more': -525445.5}, {'J10': 13, 'J11': 32, 'J12': 20, 'J13': 28, 'cluster3106249630_3106249631_J60_J61_#5more': 42}, {'J10': 18, 'J11': 48, 'J12': 47, 'J13': 43, 'cluster3106249630_3106249631_J60_J61_#5more': 98}, 
3705.0, {'J10': -94454.0, 'J11': -331031.0, 'J12': -9015.5, 'J13': -76089.0, 'cluster3106249630_3106249631_J60_J61_#5more': -526425.5}, {'J10': 13, 'J11': 32, 'J12': 20, 'J13': 28, 'cluster3106249630_3106249631_J60_J61_#5more': 42}, {'J10': 18, 'J11': 48, 'J12': 47, 'J13': 43, 'cluster3106249630_3106249631_J60_J61_#5more': 98}, 
3710.0, {'J10': -94634.0, 'J11': -331511.0, 'J12': -9485.5, 'J13': -76519.0, 'cluster3106249630_3106249631_J60_J61_#5more': -527405.5}, {'J10': 13, 'J11': 32, 'J12': 20, 'J13': 28, 'cluster3106249630_3106249631_J60_J61_#5more': 42}, {'J10': 18, 'J11': 48, 'J12': 47, 'J13': 43, 'cluster3106249630_3106249631_J60_J61_#5more': 98}, 
3715.0, {'J10': -94814.0, 'J11': -331991.0, 'J12': -9955.5, 'J13': -76949.0, 'cluster3106249630_3106249631_J60_J61_#5more': -528385.5}, {'J10': 13, 'J11': 32, 'J12': 20, 'J13': 28, 'cluster3106249630_3106249631_J60_J61_#5more': 42}, {'J10': 18, 'J11': 48, 'J12': 47, 'J13': 43, 'cluster3106249630_3106249631_J60_J61_#5more': 98}, 
3720.0, {'J10': -94994.0, 'J11': -332471.0, 'J12': -10425.5, 'J13': -77379.0, 'cluster3106249630_3106249631_J60_J61_#5more': -529365.5}, {'J10': 13, 'J11': 32, 'J12': 20, 'J13': 28, 'cluster3106249630_3106249631_J60_J61_#5more': 42}, {'J10': 18, 'J11': 48, 'J12': 47, 'J13': 43, 'cluster3106249630_3106249631_J60_J61_#5more': 98}, 
3725.0, {'J10': -95174.0, 'J11': -332951.0, 'J12': -8500.5, 'J13': -75078.0, 'cluster3106249630_3106249631_J60_J61_#5more': -530353.5}, {'J10': 13, 'J11': 32, 'J12': 17, 'J13': 26, 'cluster3106249630_3106249631_J60_J61_#5more': 42}, {'J10': 18, 'J11': 48, 'J12': 40, 'J13': 39, 'cluster3106249630_3106249631_J60_J61_#5more': 101}, 
3730.0, {'J10': -95354.0, 'J11': -333431.0, 'J12': -7761.5, 'J13': -74335.5, 'cluster3106249630_3106249631_J60_J61_#5more': -524049.0}, {'J10': 13, 'J11': 32, 'J12': 16, 'J13': 25, 'cluster3106249630_3106249631_J60_J61_#5more': 42}, {'J10': 18, 'J11': 48, 'J12': 35, 'J13': 38, 'cluster3106249630_3106249631_J60_J61_#5more': 99}, 
3735.0, {'J10': -95534.0, 'J11': -333911.0, 'J12': -7953.0, 'J13': -74721.5, 'cluster3106249630_3106249631_J60_J61_#5more': -525040.5}, {'J10': 13, 'J11': 32, 'J12': 16, 'J13': 25, 'cluster3106249630_3106249631_J60_J61_#5more': 42}, {'J10': 18, 'J11': 48, 'J12': 37, 'J13': 40, 'cluster3106249630_3106249631_J60_J61_#5more': 100}, 
3740.0, {'J10': -95714.0, 'J11': -334391.0, 'J12': -8324.5, 'J13': -75121.5, 'cluster3106249630_3106249631_J60_J61_#5more': -526040.5}, {'J10': 13, 'J11': 32, 'J12': 16, 'J13': 25, 'cluster3106249630_3106249631_J60_J61_#5more': 42}, {'J10': 18, 'J11': 48, 'J12': 38, 'J13': 40, 'cluster3106249630_3106249631_J60_J61_#5more': 100}, 
3745.0, {'J10': -95894.0, 'J11': -334871.0, 'J12': -8737.0, 'J13': -75521.5, 'cluster3106249630_3106249631_J60_J61_#5more': -527040.5}, {'J10': 13, 'J11': 32, 'J12': 20, 'J13': 25, 'cluster3106249630_3106249631_J60_J61_#5more': 42}, {'J10': 18, 'J11': 48, 'J12': 47, 'J13': 40, 'cluster3106249630_3106249631_J60_J61_#5more': 100}, 
3750.0, {'J10': -96074.0, 'J11': -335351.0, 'J12': -9207.0, 'J13': -75931.5, 'cluster3106249630_3106249631_J60_J61_#5more': -528040.5}, {'J10': 13, 'J11': 32, 'J12': 20, 'J13': 28, 'cluster3106249630_3106249631_J60_J61_#5more': 42}, {'J10': 18, 'J11': 48, 'J12': 47, 'J13': 43, 'cluster3106249630_3106249631_J60_J61_#5more': 100}, 
3755.0, {'J10': -96254.0, 'J11': -335831.0, 'J12': -9052.5, 'J13': -76361.5, 'cluster3106249630_3106249631_J60_J61_#5more': -529040.5}, {'J10': 13, 'J11': 32, 'J12': 20, 'J13': 28, 'cluster3106249630_3106249631_J60_J61_#5more': 42}, {'J10': 18, 'J11': 48, 'J12': 44, 'J13': 43, 'cluster3106249630_3106249631_J60_J61_#5more': 100}, 
3760.0, {'J10': -96434.0, 'J11': -336311.0, 'J12': -8752.5, 'J13': -76791.5, 'cluster3106249630_3106249631_J60_J61_#5more': -530040.5}, {'J10': 13, 'J11': 32, 'J12': 20, 'J13': 28, 'cluster3106249630_3106249631_J60_J61_#5more': 42}, {'J10': 18, 'J11': 48, 'J12': 41, 'J13': 43, 'cluster3106249630_3106249631_J60_J61_#5more': 100}, 
3765.0, {'J10': -96614.0, 'J11': -336791.0, 'J12': -7337.5, 'J13': -77221.5, 'cluster3106249630_3106249631_J60_J61_#5more': -531040.5}, {'J10': 13, 'J11': 32, 'J12': 18, 'J13': 28, 'cluster3106249630_3106249631_J60_J61_#5more': 42}, {'J10': 18, 'J11': 48, 'J12': 36, 'J13': 43, 'cluster3106249630_3106249631_J60_J61_#5more': 100}, 
3770.0, {'J10': -96794.0, 'J11': -337271.0, 'J12': -6230.5, 'J13': -77651.5, 'cluster3106249630_3106249631_J60_J61_#5more': -532040.5}, {'J10': 13, 'J11': 32, 'J12': 16, 'J13': 28, 'cluster3106249630_3106249631_J60_J61_#5more': 42}, {'J10': 18, 'J11': 48, 'J12': 37, 'J13': 43, 'cluster3106249630_3106249631_J60_J61_#5more': 100}, 
3775.0, {'J10': -96974.0, 'J11': -337751.0, 'J12': -6200.5, 'J13': -78081.5, 'cluster3106249630_3106249631_J60_J61_#5more': -533040.5}, {'J10': 13, 'J11': 32, 'J12': 16, 'J13': 28, 'cluster3106249630_3106249631_J60_J61_#5more': 42}, {'J10': 18, 'J11': 48, 'J12': 37, 'J13': 43, 'cluster3106249630_3106249631_J60_J61_#5more': 100}, 
3780.0, {'J10': -97154.0, 'J11': -338231.0, 'J12': -6502.5, 'J13': -78511.5, 'cluster3106249630_3106249631_J60_J61_#5more': -534040.5}, {'J10': 13, 'J11': 32, 'J12': 16, 'J13': 28, 'cluster3106249630_3106249631_J60_J61_#5more': 42}, {'J10': 18, 'J11': 48, 'J12': 38, 'J13': 43, 'cluster3106249630_3106249631_J60_J61_#5more': 100}, 
3785.0, {'J10': -97334.0, 'J11': -338711.0, 'J12': -6909.0, 'J13': -78941.5, 'cluster3106249630_3106249631_J60_J61_#5more': -535040.5}, {'J10': 13, 'J11': 32, 'J12': 20, 'J13': 28, 'cluster3106249630_3106249631_J60_J61_#5more': 42}, {'J10': 18, 'J11': 48, 'J12': 46, 'J13': 43, 'cluster3106249630_3106249631_J60_J61_#5more': 100}, 
3790.0, {'J10': -97514.0, 'J11': -339191.0, 'J12': -7380.0, 'J13': -75627.5, 'cluster3106249630_3106249631_J60_J61_#5more': -536040.5}, {'J10': 13, 'J11': 32, 'J12': 20, 'J13': 25, 'cluster3106249630_3106249631_J60_J61_#5more': 42}, {'J10': 18, 'J11': 48, 'J12': 49, 'J13': 39, 'cluster3106249630_3106249631_J60_J61_#5more': 100}, 
3795.0, {'J10': -97694.0, 'J11': -339671.0, 'J12': -7870.0, 'J13': -74760.5, 'cluster3106249630_3106249631_J60_J61_#5more': -537040.5}, {'J10': 13, 'J11': 32, 'J12': 20, 'J13': 24, 'cluster3106249630_3106249631_J60_J61_#5more': 42}, {'J10': 18, 'J11': 48, 'J12': 49, 'J13': 37, 'cluster3106249630_3106249631_J60_J61_#5more': 100}, 
3800.0, {'J10': -97874.0, 'J11': -340151.0, 'J12': -8360.0, 'J13': -75136.5, 'cluster3106249630_3106249631_J60_J61_#5more': -538040.5}, {'J10': 13, 'J11': 32, 'J12': 20, 'J13': 24, 'cluster3106249630_3106249631_J60_J61_#5more': 42}, {'J10': 18, 'J11': 48, 'J12': 49, 'J13': 39, 'cluster3106249630_3106249631_J60_J61_#5more': 100}, 
3805.0, {'J10': -98054.0, 'J11': -340631.0, 'J12': -8850.0, 'J13': -75526.5, 'cluster3106249630_3106249631_J60_J61_#5more': -539040.5}, {'J10': 13, 'J11': 32, 'J12': 20, 'J13': 24, 'cluster3106249630_3106249631_J60_J61_#5more': 42}, {'J10': 18, 'J11': 48, 'J12': 49, 'J13': 39, 'cluster3106249630_3106249631_J60_J61_#5more': 100}, 
3810.0, {'J10': -98234.0, 'J11': -341111.0, 'J12': -9340.0, 'J13': -75917.5, 'cluster3106249630_3106249631_J60_J61_#5more': -540040.5}, {'J10': 13, 'J11': 32, 'J12': 20, 'J13': 25, 'cluster3106249630_3106249631_J60_J61_#5more': 42}, {'J10': 18, 'J11': 48, 'J12': 49, 'J13': 40, 'cluster3106249630_3106249631_J60_J61_#5more': 100}, 
3815.0, {'J10': -98414.0, 'J11': -341591.0, 'J12': -9830.0, 'J13': -76327.5, 'cluster3106249630_3106249631_J60_J61_#5more': -541040.5}, {'J10': 13, 'J11': 32, 'J12': 20, 'J13': 28, 'cluster3106249630_3106249631_J60_J61_#5more': 42}, {'J10': 18, 'J11': 48, 'J12': 49, 'J13': 43, 'cluster3106249630_3106249631_J60_J61_#5more': 100}, 
3820.0, {'J10': -98594.0, 'J11': -342071.0, 'J12': -10320.0, 'J13': -76757.5, 'cluster3106249630_3106249631_J60_J61_#5more': -542040.5}, {'J10': 13, 'J11': 32, 'J12': 20, 'J13': 28, 'cluster3106249630_3106249631_J60_J61_#5more': 42}, {'J10': 18, 'J11': 48, 'J12': 49, 'J13': 43, 'cluster3106249630_3106249631_J60_J61_#5more': 100}, 
3825.0, {'J10': -98774.0, 'J11': -342551.0, 'J12': -10810.0, 'J13': -77187.5, 'cluster3106249630_3106249631_J60_J61_#5more': -543040.5}, {'J10': 13, 'J11': 32, 'J12': 20, 'J13': 28, 'cluster3106249630_3106249631_J60_J61_#5more': 42}, {'J10': 18, 'J11': 48, 'J12': 49, 'J13': 43, 'cluster3106249630_3106249631_J60_J61_#5more': 100}, 
3830.0, {'J10': -98954.0, 'J11': -343031.0, 'J12': -11300.0, 'J13': -77617.5, 'cluster3106249630_3106249631_J60_J61_#5more': -544040.5}, {'J10': 13, 'J11': 32, 'J12': 20, 'J13': 28, 'cluster3106249630_3106249631_J60_J61_#5more': 42}, {'J10': 18, 'J11': 48, 'J12': 49, 'J13': 43, 'cluster3106249630_3106249631_J60_J61_#5more': 100}, 
3835.0, {'J10': -99134.0, 'J11': -343511.0, 'J12': -11790.0, 'J13': -78047.5, 'cluster3106249630_3106249631_J60_J61_#5more': -545040.5}, {'J10': 13, 'J11': 32, 'J12': 20, 'J13': 28, 'cluster3106249630_3106249631_J60_J61_#5more': 42}, {'J10': 18, 'J11': 48, 'J12': 49, 'J13': 43, 'cluster3106249630_3106249631_J60_J61_#5more': 100}, 
3840.0, {'J10': -99314.0, 'J11': -343991.0, 'J12': -10002.5, 'J13': -78477.5, 'cluster3106249630_3106249631_J60_J61_#5more': -546040.5}, {'J10': 13, 'J11': 32, 'J12': 17, 'J13': 28, 'cluster3106249630_3106249631_J60_J61_#5more': 42}, {'J10': 18, 'J11': 48, 'J12': 43, 'J13': 43, 'cluster3106249630_3106249631_J60_J61_#5more': 100}, 
3845.0, {'J10': -99494.0, 'J11': -344471.0, 'J12': -9580.5, 'J13': -78907.5, 'cluster3106249630_3106249631_J60_J61_#5more': -547040.5}, {'J10': 13, 'J11': 32, 'J12': 16, 'J13': 28, 'cluster3106249630_3106249631_J60_J61_#5more': 42}, {'J10': 18, 'J11': 48, 'J12': 40, 'J13': 43, 'cluster3106249630_3106249631_J60_J61_#5more': 100}, 
3850.0, {'J10': -99674.0, 'J11': -344951.0, 'J12': -9982.0, 'J13': -79337.5, 'cluster3106249630_3106249631_J60_J61_#5more': -548040.5}, {'J10': 13, 'J11': 32, 'J12': 16, 'J13': 28, 'cluster3106249630_3106249631_J60_J61_#5more': 42}, {'J10': 18, 'J11': 48, 'J12': 41, 'J13': 43, 'cluster3106249630_3106249631_J60_J61_#5more': 100}, 
3855.0, {'J10': -99854.0, 'J11': -345431.0, 'J12': -10397.0, 'J13': -75016.0, 'cluster3106249630_3106249631_J60_J61_#5more': -549040.5}, {'J10': 13, 'J11': 32, 'J12': 16, 'J13': 24, 'cluster3106249630_3106249631_J60_J61_#5more': 42}, {'J10': 18, 'J11': 48, 'J12': 42, 'J13': 38, 'cluster3106249630_3106249631_J60_J61_#5more': 100}, 
3860.0, {'J10': -100034.0, 'J11': -345911.0, 'J12': -10835.5, 'J13': -75272.0, 'cluster3106249630_3106249631_J60_J61_#5more': -550040.5}, {'J10': 13, 'J11': 32, 'J12': 20, 'J13': 24, 'cluster3106249630_3106249631_J60_J61_#5more': 42}, {'J10': 18, 'J11': 48, 'J12': 47, 'J13': 37, 'cluster3106249630_3106249631_J60_J61_#5more': 100}, 
3865.0, {'J10': -100214.0, 'J11': -346391.0, 'J12': -11310.5, 'J13': -75647.5, 'cluster3106249630_3106249631_J60_J61_#5more': -551040.5}, {'J10': 13, 'J11': 32, 'J12': 20, 'J13': 24, 'cluster3106249630_3106249631_J60_J61_#5more': 42}, {'J10': 18, 'J11': 48, 'J12': 49, 'J13': 39, 'cluster3106249630_3106249631_J60_J61_#5more': 100}, 
3870.0, {'J10': -100394.0, 'J11': -346871.0, 'J12': -11800.5, 'J13': -76037.5, 'cluster3106249630_3106249631_J60_J61_#5more': -552040.5}, {'J10': 13, 'J11': 32, 'J12': 20, 'J13': 24, 'cluster3106249630_3106249631_J60_J61_#5more': 42}, {'J10': 18, 'J11': 48, 'J12': 49, 'J13': 39, 'cluster3106249630_3106249631_J60_J61_#5more': 100}, 
3875.0, {'J10': -100574.0, 'J11': -347351.0, 'J12': -12290.5, 'J13': -76427.5, 'cluster3106249630_3106249631_J60_J61_#5more': -553040.5}, {'J10': 13, 'J11': 32, 'J12': 20, 'J13': 24, 'cluster3106249630_3106249631_J60_J61_#5more': 42}, {'J10': 18, 'J11': 48, 'J12': 49, 'J13': 39, 'cluster3106249630_3106249631_J60_J61_#5more': 100}, 
3880.0, {'J10': -100754.0, 'J11': -347831.0, 'J12': -12780.5, 'J13': -76829.5, 'cluster3106249630_3106249631_J60_J61_#5more': -554040.5}, {'J10': 13, 'J11': 32, 'J12': 20, 'J13': 28, 'cluster3106249630_3106249631_J60_J61_#5more': 42}, {'J10': 18, 'J11': 48, 'J12': 49, 'J13': 43, 'cluster3106249630_3106249631_J60_J61_#5more': 100}, 
3885.0, {'J10': -100934.0, 'J11': -348311.0, 'J12': -13270.5, 'J13': -77259.5, 'cluster3106249630_3106249631_J60_J61_#5more': -555040.5}, {'J10': 13, 'J11': 32, 'J12': 20, 'J13': 28, 'cluster3106249630_3106249631_J60_J61_#5more': 42}, {'J10': 18, 'J11': 48, 'J12': 49, 'J13': 43, 'cluster3106249630_3106249631_J60_J61_#5more': 100}, 
3890.0, {'J10': -101114.0, 'J11': -348791.0, 'J12': -13760.5, 'J13': -77689.5, 'cluster3106249630_3106249631_J60_J61_#5more': -556040.5}, {'J10': 13, 'J11': 32, 'J12': 20, 'J13': 28, 'cluster3106249630_3106249631_J60_J61_#5more': 42}, {'J10': 18, 'J11': 48, 'J12': 49, 'J13': 43, 'cluster3106249630_3106249631_J60_J61_#5more': 100}, 
3895.0, {'J10': -101294.0, 'J11': -349271.0, 'J12': -14250.5, 'J13': -78119.5, 'cluster3106249630_3106249631_J60_J61_#5more': -557040.5}, {'J10': 13, 'J11': 32, 'J12': 20, 'J13': 28, 'cluster3106249630_3106249631_J60_J61_#5more': 42}, {'J10': 18, 'J11': 48, 'J12': 49, 'J13': 43, 'cluster3106249630_3106249631_J60_J61_#5more': 100}, 
3900.0, {'J10': -101474.0, 'J11': -349751.0, 'J12': -14740.5, 'J13': -78549.5, 'cluster3106249630_3106249631_J60_J61_#5more': -558040.5}, {'J10': 13, 'J11': 32, 'J12': 20, 'J13': 28, 'cluster3106249630_3106249631_J60_J61_#5more': 42}, {'J10': 18, 'J11': 48, 'J12': 49, 'J13': 43, 'cluster3106249630_3106249631_J60_J61_#5more': 100}, 
3905.0, {'J10': -101654.0, 'J11': -350231.0, 'J12': -12220.5, 'J13': -78979.5, 'cluster3106249630_3106249631_J60_J61_#5more': -559040.5}, {'J10': 13, 'J11': 32, 'J12': 17, 'J13': 28, 'cluster3106249630_3106249631_J60_J61_#5more': 42}, {'J10': 18, 'J11': 48, 'J12': 41, 'J13': 43, 'cluster3106249630_3106249631_J60_J61_#5more': 100}, 
3910.0, {'J10': -101834.0, 'J11': -350711.0, 'J12': -11785.0, 'J13': -79409.5, 'cluster3106249630_3106249631_J60_J61_#5more': -560040.5}, {'J10': 13, 'J11': 32, 'J12': 16, 'J13': 28, 'cluster3106249630_3106249631_J60_J61_#5more': 42}, {'J10': 18, 'J11': 48, 'J12': 38, 'J13': 43, 'cluster3106249630_3106249631_J60_J61_#5more': 100}, 
3915.0, {'J10': -102014.0, 'J11': -351191.0, 'J12': -11486.0, 'J13': -79839.5, 'cluster3106249630_3106249631_J60_J61_#5more': -561040.5}, {'J10': 13, 'J11': 32, 'J12': 16, 'J13': 28, 'cluster3106249630_3106249631_J60_J61_#5more': 42}, {'J10': 18, 'J11': 48, 'J12': 39, 'J13': 43, 'cluster3106249630_3106249631_J60_J61_#5more': 100}, 
3920.0, {'J10': -102194.0, 'J11': -351671.0, 'J12': -10443.5, 'J13': -76908.5, 'cluster3106249630_3106249631_J60_J61_#5more': -562040.5}, {'J10': 13, 'J11': 32, 'J12': 16, 'J13': 25, 'cluster3106249630_3106249631_J60_J61_#5more': 42}, {'J10': 18, 'J11': 48, 'J12': 36, 'J13': 39, 'cluster3106249630_3106249631_J60_J61_#5more': 100}, 
3925.0, {'J10': -102374.0, 'J11': -352151.0, 'J12': -8838.0, 'J13': -76171.5, 'cluster3106249630_3106249631_J60_J61_#5more': -563040.5}, {'J10': 13, 'J11': 32, 'J12': 20, 'J13': 24, 'cluster3106249630_3106249631_J60_J61_#5more': 42}, {'J10': 18, 'J11': 48, 'J12': 36, 'J13': 37, 'cluster3106249630_3106249631_J60_J61_#5more': 100}, 
3930.0, {'J10': -102554.0, 'J11': -352631.0, 'J12': -8600.5, 'J13': -76545.5, 'cluster3106249630_3106249631_J60_J61_#5more': -564040.5}, {'J10': 13, 'J11': 32, 'J12': 20, 'J13': 24, 'cluster3106249630_3106249631_J60_J61_#5more': 42}, {'J10': 18, 'J11': 48, 'J12': 33, 'J13': 38, 'cluster3106249630_3106249631_J60_J61_#5more': 100}, 
3935.0, {'J10': -102734.0, 'J11': -353111.0, 'J12': -7644.5, 'J13': -76925.5, 'cluster3106249630_3106249631_J60_J61_#5more': -565040.5}, {'J10': 13, 'J11': 32, 'J12': 18, 'J13': 24, 'cluster3106249630_3106249631_J60_J61_#5more': 42}, {'J10': 18, 'J11': 48, 'J12': 33, 'J13': 38, 'cluster3106249630_3106249631_J60_J61_#5more': 100}, 
3940.0, {'J10': -102914.0, 'J11': -353591.0, 'J12': -5817.5, 'J13': -77305.5, 'cluster3106249630_3106249631_J60_J61_#5more': -566040.5}, {'J10': 13, 'J11': 32, 'J12': 16, 'J13': 24, 'cluster3106249630_3106249631_J60_J61_#5more': 42}, {'J10': 18, 'J11': 48, 'J12': 33, 'J13': 38, 'cluster3106249630_3106249631_J60_J61_#5more': 100}, 
3945.0, {'J10': -103094.0, 'J11': -354071.0, 'J12': -5504.5, 'J13': -77694.0, 'cluster3106249630_3106249631_J60_J61_#5more': -567040.5}, {'J10': 13, 'J11': 32, 'J12': 16, 'J13': 27, 'cluster3106249630_3106249631_J60_J61_#5more': 42}, {'J10': 18, 'J11': 48, 'J12': 36, 'J13': 41, 'cluster3106249630_3106249631_J60_J61_#5more': 100}, 
3950.0, {'J10': -103274.0, 'J11': -354551.0, 'J12': -4822.5, 'J13': -78107.0, 'cluster3106249630_3106249631_J60_J61_#5more': -568040.5}, {'J10': 13, 'J11': 32, 'J12': 14, 'J13': 28, 'cluster3106249630_3106249631_J60_J61_#5more': 42}, {'J10': 18, 'J11': 48, 'J12': 29, 'J13': 42, 'cluster3106249630_3106249631_J60_J61_#5more': 100}, 
3955.0, {'J10': -103454.0, 'J11': -355031.0, 'J12': -4691.5, 'J13': -78527.0, 'cluster3106249630_3106249631_J60_J61_#5more': -569040.5}, {'J10': 13, 'J11': 32, 'J12': 13, 'J13': 28, 'cluster3106249630_3106249631_J60_J61_#5more': 42}, {'J10': 18, 'J11': 48, 'J12': 29, 'J13': 42, 'cluster3106249630_3106249631_J60_J61_#5more': 100}, 
3960.0, {'J10': -103634.0, 'J11': -355511.0, 'J12': -4894.5, 'J13': -78947.0, 'cluster3106249630_3106249631_J60_J61_#5more': -570040.5}, {'J10': 13, 'J11': 32, 'J12': 13, 'J13': 28, 'cluster3106249630_3106249631_J60_J61_#5more': 42}, {'J10': 18, 'J11': 48, 'J12': 31, 'J13': 42, 'cluster3106249630_3106249631_J60_J61_#5more': 100}, 
3965.0, {'J10': -103814.0, 'J11': -355991.0, 'J12': -4284.0, 'J13': -79367.0, 'cluster3106249630_3106249631_J60_J61_#5more': -571040.5}, {'J10': 13, 'J11': 32, 'J12': 15, 'J13': 28, 'cluster3106249630_3106249631_J60_J61_#5more': 42}, {'J10': 18, 'J11': 48, 'J12': 32, 'J13': 42, 'cluster3106249630_3106249631_J60_J61_#5more': 100}, 
3970.0, {'J10': -103994.0, 'J11': -356471.0, 'J12': -4547.0, 'J13': -79787.0, 'cluster3106249630_3106249631_J60_J61_#5more': -572040.5}, {'J10': 13, 'J11': 32, 'J12': 15, 'J13': 28, 'cluster3106249630_3106249631_J60_J61_#5more': 42}, {'J10': 18, 'J11': 48, 'J12': 34, 'J13': 42, 'cluster3106249630_3106249631_J60_J61_#5more': 100}, 
3975.0, {'J10': -104174.0, 'J11': -356951.0, 'J12': -4861.5, 'J13': -80207.0, 'cluster3106249630_3106249631_J60_J61_#5more': -573040.5}, {'J10': 13, 'J11': 32, 'J12': 15, 'J13': 28, 'cluster3106249630_3106249631_J60_J61_#5more': 42}, {'J10': 18, 'J11': 48, 'J12': 36, 'J13': 42, 'cluster3106249630_3106249631_J60_J61_#5more': 100}, 
3980.0, {'J10': -104354.0, 'J11': -357431.0, 'J12': -4257.0, 'J13': -80627.0, 'cluster3106249630_3106249631_J60_J61_#5more': -574040.5}, {'J10': 13, 'J11': 32, 'J12': 16, 'J13': 28, 'cluster3106249630_3106249631_J60_J61_#5more': 42}, {'J10': 18, 'J11': 48, 'J12': 34, 'J13': 42, 'cluster3106249630_3106249631_J60_J61_#5more': 100}, 
3985.0, {'J10': -104534.0, 'J11': -357911.0, 'J12': -4377.0, 'J13': -78807.5, 'cluster3106249630_3106249631_J60_J61_#5more': -575040.5}, {'J10': 13, 'J11': 32, 'J12': 20, 'J13': 26, 'cluster3106249630_3106249631_J60_J61_#5more': 42}, {'J10': 18, 'J11': 48, 'J12': 34, 'J13': 39, 'cluster3106249630_3106249631_J60_J61_#5more': 100}, 
3990.0, {'J10': -104714.0, 'J11': -358391.0, 'J12': -4568.5, 'J13': -77067.0, 'cluster3106249630_3106249631_J60_J61_#5more': -567747.5}, {'J10': 13, 'J11': 32, 'J12': 20, 'J13': 24, 'cluster3106249630_3106249631_J60_J61_#5more': 42}, {'J10': 18, 'J11': 48, 'J12': 35, 'J13': 36, 'cluster3106249630_3106249631_J60_J61_#5more': 98}, 
3995.0, {'J10': -104894.0, 'J11': -358871.0, 'J12': -3951.5, 'J13': -77427.0, 'cluster3106249630_3106249631_J60_J61_#5more': -568727.5}, {'J10': 13, 'J11': 32, 'J12': 18, 'J13': 24, 'cluster3106249630_3106249631_J60_J61_#5more': 42}, {'J10': 18, 'J11': 48, 'J12': 31, 'J13': 36, 'cluster3106249630_3106249631_J60_J61_#5more': 98}, 
4000.0, {'J10': -105074.0, 'J11': -359351.0, 'J12': -3562.0, 'J13': -77787.0, 'cluster3106249630_3106249631_J60_J61_#5more': -569707.5}, {'J10': 13, 'J11': 32, 'J12': 16, 'J13': 24, 'cluster3106249630_3106249631_J60_J61_#5more': 42}, {'J10': 18, 'J11': 48, 'J12': 30, 'J13': 36, 'cluster3106249630_3106249631_J60_J61_#5more': 98}, 
4005.0, {'J10': -105254.0, 'J11': -359831.0, 'J12': -3844.5, 'J13': -78147.0, 'cluster3106249630_3106249631_J60_J61_#5more': -570687.5}, {'J10': 13, 'J11': 32, 'J12': 16, 'J13': 24, 'cluster3106249630_3106249631_J60_J61_#5more': 42}, {'J10': 18, 'J11': 48, 'J12': 34, 'J13': 36, 'cluster3106249630_3106249631_J60_J61_#5more': 98}, 
4010.0, {'J10': -105434.0, 'J11': -360311.0, 'J12': -4194.0, 'J13': -78517.0, 'cluster3106249630_3106249631_J60_J61_#5more': -571667.5}, {'J10': 13, 'J11': 32, 'J12': 16, 'J13': 27, 'cluster3106249630_3106249631_J60_J61_#5more': 42}, {'J10': 18, 'J11': 48, 'J12': 38, 'J13': 39, 'cluster3106249630_3106249631_J60_J61_#5more': 98}, 
4015.0, {'J10': -105614.0, 'J11': -360791.0, 'J12': -4582.5, 'J13': -78911.5, 'cluster3106249630_3106249631_J60_J61_#5more': -572647.5}, {'J10': 13, 'J11': 32, 'J12': 18, 'J13': 28, 'cluster3106249630_3106249631_J60_J61_#5more': 42}, {'J10': 18, 'J11': 48, 'J12': 42, 'J13': 40, 'cluster3106249630_3106249631_J60_J61_#5more': 98}, 
4020.0, {'J10': -105794.0, 'J11': -361271.0, 'J12': -5017.5, 'J13': -79311.5, 'cluster3106249630_3106249631_J60_J61_#5more': -573627.5}, {'J10': 13, 'J11': 32, 'J12': 20, 'J13': 28, 'cluster3106249630_3106249631_J60_J61_#5more': 42}, {'J10': 18, 'J11': 48, 'J12': 45, 'J13': 40, 'cluster3106249630_3106249631_J60_J61_#5more': 98}, 
4025.0, {'J10': -105974.0, 'J11': -361751.0, 'J12': -5467.5, 'J13': -79711.5, 'cluster3106249630_3106249631_J60_J61_#5more': -574607.5}, {'J10': 13, 'J11': 32, 'J12': 20, 'J13': 28, 'cluster3106249630_3106249631_J60_J61_#5more': 42}, {'J10': 18, 'J11': 48, 'J12': 45, 'J13': 40, 'cluster3106249630_3106249631_J60_J61_#5more': 98}, 
4030.0, {'J10': -106154.0, 'J11': -362231.0, 'J12': -5917.5, 'J13': -80111.5, 'cluster3106249630_3106249631_J60_J61_#5more': -575587.5}, {'J10': 13, 'J11': 32, 'J12': 20, 'J13': 28, 'cluster3106249630_3106249631_J60_J61_#5more': 42}, {'J10': 18, 'J11': 48, 'J12': 45, 'J13': 40, 'cluster3106249630_3106249631_J60_J61_#5more': 98}, 
4035.0, {'J10': -106334.0, 'J11': -362711.0, 'J12': -6367.5, 'J13': -80511.5, 'cluster3106249630_3106249631_J60_J61_#5more': -576567.5}, {'J10': 13, 'J11': 32, 'J12': 20, 'J13': 28, 'cluster3106249630_3106249631_J60_J61_#5more': 42}, {'J10': 18, 'J11': 48, 'J12': 45, 'J13': 40, 'cluster3106249630_3106249631_J60_J61_#5more': 98}, 
4040.0, {'J10': -106514.0, 'J11': -363191.0, 'J12': -6817.5, 'J13': -80911.5, 'cluster3106249630_3106249631_J60_J61_#5more': -577547.5}, {'J10': 13, 'J11': 32, 'J12': 20, 'J13': 28, 'cluster3106249630_3106249631_J60_J61_#5more': 42}, {'J10': 18, 'J11': 48, 'J12': 45, 'J13': 40, 'cluster3106249630_3106249631_J60_J61_#5more': 98}, 
4045.0, {'J10': -106694.0, 'J11': -363671.0, 'J12': -7267.5, 'J13': -81311.5, 'cluster3106249630_3106249631_J60_J61_#5more': -578527.5}, {'J10': 13, 'J11': 32, 'J12': 20, 'J13': 28, 'cluster3106249630_3106249631_J60_J61_#5more': 42}, {'J10': 18, 'J11': 48, 'J12': 45, 'J13': 40, 'cluster3106249630_3106249631_J60_J61_#5more': 98}, 
4050.0, {'J10': -106874.0, 'J11': -364151.0, 'J12': -7717.5, 'J13': -78983.5, 'cluster3106249630_3106249631_J60_J61_#5more': -579507.5}, {'J10': 13, 'J11': 32, 'J12': 20, 'J13': 25, 'cluster3106249630_3106249631_J60_J61_#5more': 42}, {'J10': 18, 'J11': 48, 'J12': 45, 'J13': 37, 'cluster3106249630_3106249631_J60_J61_#5more': 98}, 
4055.0, {'J10': -107054.0, 'J11': -364631.0, 'J12': -8167.5, 'J13': -78488.5, 'cluster3106249630_3106249631_J60_J61_#5more': -572111.5}, {'J10': 13, 'J11': 32, 'J12': 20, 'J13': 24, 'cluster3106249630_3106249631_J60_J61_#5more': 42}, {'J10': 18, 'J11': 48, 'J12': 45, 'J13': 36, 'cluster3106249630_3106249631_J60_J61_#5more': 96}, 
4060.0, {'J10': -107234.0, 'J11': -365111.0, 'J12': -8617.5, 'J13': -78848.5, 'cluster3106249630_3106249631_J60_J61_#5more': -573071.5}, {'J10': 13, 'J11': 32, 'J12': 20, 'J13': 24, 'cluster3106249630_3106249631_J60_J61_#5more': 42}, {'J10': 18, 'J11': 48, 'J12': 45, 'J13': 36, 'cluster3106249630_3106249631_J60_J61_#5more': 96}, 
4065.0, {'J10': -107414.0, 'J11': -365591.0, 'J12': -7487.0, 'J13': -79208.5, 'cluster3106249630_3106249631_J60_J61_#5more': -574031.5}, {'J10': 13, 'J11': 32, 'J12': 17, 'J13': 24, 'cluster3106249630_3106249631_J60_J61_#5more': 42}, {'J10': 18, 'J11': 48, 'J12': 37, 'J13': 36, 'cluster3106249630_3106249631_J60_J61_#5more': 96}, 
4070.0, {'J10': -107594.0, 'J11': -366071.0, 'J12': -6756.5, 'J13': -79568.5, 'cluster3106249630_3106249631_J60_J61_#5more': -574991.5}, {'J10': 13, 'J11': 32, 'J12': 16, 'J13': 24, 'cluster3106249630_3106249631_J60_J61_#5more': 42}, {'J10': 18, 'J11': 48, 'J12': 31, 'J13': 36, 'cluster3106249630_3106249631_J60_J61_#5more': 96}, 
4075.0, {'J10': -107774.0, 'J11': -366551.0, 'J12': -6400.0, 'J13': -79938.0, 'cluster3106249630_3106249631_J60_J61_#5more': -575956.0}, {'J10': 13, 'J11': 32, 'J12': 16, 'J13': 27, 'cluster3106249630_3106249631_J60_J61_#5more': 42}, {'J10': 18, 'J11': 48, 'J12': 29, 'J13': 39, 'cluster3106249630_3106249631_J60_J61_#5more': 97}, 
4080.0, {'J10': -107954.0, 'J11': -367031.0, 'J12': -6291.5, 'J13': -80332.5, 'cluster3106249630_3106249631_J60_J61_#5more': -576926.0}, {'J10': 13, 'J11': 32, 'J12': 16, 'J13': 28, 'cluster3106249630_3106249631_J60_J61_#5more': 42}, {'J10': 18, 'J11': 48, 'J12': 29, 'J13': 40, 'cluster3106249630_3106249631_J60_J61_#5more': 97}, 
4085.0, {'J10': -108134.0, 'J11': -367511.0, 'J12': -5772.0, 'J13': -80732.5, 'cluster3106249630_3106249631_J60_J61_#5more': -577896.0}, {'J10': 13, 'J11': 32, 'J12': 19, 'J13': 28, 'cluster3106249630_3106249631_J60_J61_#5more': 42}, {'J10': 18, 'J11': 48, 'J12': 31, 'J13': 40, 'cluster3106249630_3106249631_J60_J61_#5more': 97}, 
4090.0, {'J10': -108314.0, 'J11': -367991.0, 'J12': -6085.5, 'J13': -81132.5, 'cluster3106249630_3106249631_J60_J61_#5more': -578866.0}, {'J10': 13, 'J11': 32, 'J12': 19, 'J13': 28, 'cluster3106249630_3106249631_J60_J61_#5more': 42}, {'J10': 18, 'J11': 48, 'J12': 34, 'J13': 40, 'cluster3106249630_3106249631_J60_J61_#5more': 97}, 
4095.0, {'J10': -108494.0, 'J11': -368471.0, 'J12': -6406.0, 'J13': -81532.5, 'cluster3106249630_3106249631_J60_J61_#5more': -579836.0}, {'J10': 13, 'J11': 32, 'J12': 19, 'J13': 28, 'cluster3106249630_3106249631_J60_J61_#5more': 42}, {'J10': 18, 'J11': 48, 'J12': 35, 'J13': 40, 'cluster3106249630_3106249631_J60_J61_#5more': 97}, 
4100.0, {'J10': -108674.0, 'J11': -368951.0, 'J12': -6768.0, 'J13': -81932.5, 'cluster3106249630_3106249631_J60_J61_#5more': -580813.5}, {'J10': 13, 'J11': 32, 'J12': 21, 'J13': 28, 'cluster3106249630_3106249631_J60_J61_#5more': 42}, {'J10': 18, 'J11': 48, 'J12': 40, 'J13': 40, 'cluster3106249630_3106249631_J60_J61_#5more': 99}, 
4105.0, {'J10': -108854.0, 'J11': -369431.0, 'J12': -6548.5, 'J13': -82332.5, 'cluster3106249630_3106249631_J60_J61_#5more': -581803.5}, {'J10': 13, 'J11': 32, 'J12': 21, 'J13': 28, 'cluster3106249630_3106249631_J60_J61_#5more': 42}, {'J10': 18, 'J11': 48, 'J12': 39, 'J13': 40, 'cluster3106249630_3106249631_J60_J61_#5more': 99}, 
4110.0, {'J10': -109034.0, 'J11': -369911.0, 'J12': -6631.0, 'J13': -82732.5, 'cluster3106249630_3106249631_J60_J61_#5more': -582797.5}, {'J10': 13, 'J11': 32, 'J12': 21, 'J13': 28, 'cluster3106249630_3106249631_J60_J61_#5more': 42}, {'J10': 18, 'J11': 48, 'J12': 36, 'J13': 40, 'cluster3106249630_3106249631_J60_J61_#5more': 100}, 
4115.0, {'J10': -109214.0, 'J11': -370391.0, 'J12': -6067.5, 'J13': -80421.5, 'cluster3106249630_3106249631_J60_J61_#5more': -583802.5}, {'J10': 13, 'J11': 32, 'J12': 19, 'J13': 25, 'cluster3106249630_3106249631_J60_J61_#5more': 42}, {'J10': 18, 'J11': 48, 'J12': 31, 'J13': 37, 'cluster3106249630_3106249631_J60_J61_#5more': 101}, 
4120.0, {'J10': -109394.0, 'J11': -370871.0, 'J12': -5656.5, 'J13': -80791.5, 'cluster3106249630_3106249631_J60_J61_#5more': -584812.5}, {'J10': 13, 'J11': 32, 'J12': 17, 'J13': 25, 'cluster3106249630_3106249631_J60_J61_#5more': 42}, {'J10': 18, 'J11': 48, 'J12': 30, 'J13': 37, 'cluster3106249630_3106249631_J60_J61_#5more': 101}, 
4125.0, {'J10': -109574.0, 'J11': -371351.0, 'J12': -5202.5, 'J13': -81161.5, 'cluster3106249630_3106249631_J60_J61_#5more': -585827.5}, {'J10': 13, 'J11': 32, 'J12': 15, 'J13': 25, 'cluster3106249630_3106249631_J60_J61_#5more': 42}, {'J10': 18, 'J11': 48, 'J12': 27, 'J13': 37, 'cluster3106249630_3106249631_J60_J61_#5more': 102}, 
4130.0, {'J10': -109754.0, 'J11': -371831.0, 'J12': -5333.5, 'J13': -81531.5, 'cluster3106249630_3106249631_J60_J61_#5more': -586852.0}, {'J10': 13, 'J11': 32, 'J12': 15, 'J13': 25, 'cluster3106249630_3106249631_J60_J61_#5more': 42}, {'J10': 18, 'J11': 48, 'J12': 24, 'J13': 37, 'cluster3106249630_3106249631_J60_J61_#5more': 104}, 
4135.0, {'J10': -109934.0, 'J11': -372311.0, 'J12': -5480.5, 'J13': -81901.5, 'cluster3106249630_3106249631_J60_J61_#5more': -587892.0}, {'J10': 13, 'J11': 32, 'J12': 16, 'J13': 25, 'cluster3106249630_3106249631_J60_J61_#5more': 42}, {'J10': 18, 'J11': 48, 'J12': 27, 'J13': 37, 'cluster3106249630_3106249631_J60_J61_#5more': 104}, 
4140.0, {'J10': -110114.0, 'J11': -372791.0, 'J12': -4949.5, 'J13': -82282.5, 'cluster3106249630_3106249631_J60_J61_#5more': -588933.5}, {'J10': 13, 'J11': 32, 'J12': 17, 'J13': 28, 'cluster3106249630_3106249631_J60_J61_#5more': 42}, {'J10': 18, 'J11': 48, 'J12': 29, 'J13': 40, 'cluster3106249630_3106249631_J60_J61_#5more': 105}, 
4145.0, {'J10': -110294.0, 'J11': -373271.0, 'J12': -5239.5, 'J13': -82682.5, 'cluster3106249630_3106249631_J60_J61_#5more': -589988.0}, {'J10': 13, 'J11': 32, 'J12': 17, 'J13': 28, 'cluster3106249630_3106249631_J60_J61_#5more': 42}, {'J10': 18, 'J11': 48, 'J12': 29, 'J13': 40, 'cluster3106249630_3106249631_J60_J61_#5more': 106}, 
4150.0, {'J10': -110474.0, 'J11': -373751.0, 'J12': -5510.5, 'J13': -83082.5, 'cluster3106249630_3106249631_J60_J61_#5more': -588076.5}, {'J10': 13, 'J11': 32, 'J12': 17, 'J13': 28, 'cluster3106249630_3106249631_J60_J61_#5more': 42}, {'J10': 18, 'J11': 48, 'J12': 30, 'J13': 40, 'cluster3106249630_3106249631_J60_J61_#5more': 106}, 
4155.0, {'J10': -110654.0, 'J11': -374231.0, 'J12': -5812.0, 'J13': -83482.5, 'cluster3106249630_3106249631_J60_J61_#5more': -584051.5}, {'J10': 13, 'J11': 32, 'J12': 17, 'J13': 28, 'cluster3106249630_3106249631_J60_J61_#5more': 42}, {'J10': 18, 'J11': 48, 'J12': 31, 'J13': 40, 'cluster3106249630_3106249631_J60_J61_#5more': 105}, 
4160.0, {'J10': -110834.0, 'J11': -374711.0, 'J12': -5320.5, 'J13': -83882.5, 'cluster3106249630_3106249631_J60_J61_#5more': -585103.0}, {'J10': 13, 'J11': 32, 'J12': 18, 'J13': 28, 'cluster3106249630_3106249631_J60_J61_#5more': 42}, {'J10': 18, 'J11': 48, 'J12': 31, 'J13': 40, 'cluster3106249630_3106249631_J60_J61_#5more': 106}, 
4165.0, {'J10': -111014.0, 'J11': -375191.0, 'J12': -5254.0, 'J13': -84282.5, 'cluster3106249630_3106249631_J60_J61_#5more': -586163.0}, {'J10': 13, 'J11': 32, 'J12': 17, 'J13': 28, 'cluster3106249630_3106249631_J60_J61_#5more': 42}, {'J10': 18, 'J11': 48, 'J12': 29, 'J13': 40, 'cluster3106249630_3106249631_J60_J61_#5more': 106}, 
4170.0, {'J10': -111194.0, 'J11': -375671.0, 'J12': -5547.5, 'J13': -84682.5, 'cluster3106249630_3106249631_J60_J61_#5more': -587223.0}, {'J10': 13, 'J11': 32, 'J12': 17, 'J13': 28, 'cluster3106249630_3106249631_J60_J61_#5more': 42}, {'J10': 18, 'J11': 48, 'J12': 31, 'J13': 40, 'cluster3106249630_3106249631_J60_J61_#5more': 106}, 
4175.0, {'J10': -111374.0, 'J11': -376151.0, 'J12': -5087.5, 'J13': -85082.5, 'cluster3106249630_3106249631_J60_J61_#5more': -588283.0}, {'J10': 13, 'J11': 32, 'J12': 15, 'J13': 28, 'cluster3106249630_3106249631_J60_J61_#5more': 42}, {'J10': 18, 'J11': 48, 'J12': 29, 'J13': 40, 'cluster3106249630_3106249631_J60_J61_#5more': 106}, 
4180.0, {'J10': -111554.0, 'J11': -376631.0, 'J12': -4624.0, 'J13': -82770.0, 'cluster3106249630_3106249631_J60_J61_#5more': -573271.0}, {'J10': 13, 'J11': 32, 'J12': 13, 'J13': 25, 'cluster3106249630_3106249631_J60_J61_#5more': 43}, {'J10': 18, 'J11': 48, 'J12': 28, 'J13': 37, 'cluster3106249630_3106249631_J60_J61_#5more': 105}, 
4185.0, {'J10': -111734.0, 'J11': -377111.0, 'J12': -4780.0, 'J13': -83140.0, 'cluster3106249630_3106249631_J60_J61_#5more': -574324.0}, {'J10': 13, 'J11': 32, 'J12': 13, 'J13': 25, 'cluster3106249630_3106249631_J60_J61_#5more': 44}, {'J10': 18, 'J11': 48, 'J12': 29, 'J13': 37, 'cluster3106249630_3106249631_J60_J61_#5more': 106}, 
4190.0, {'J10': -111914.0, 'J11': -377591.0, 'J12': -4702.0, 'J13': -83510.0, 'cluster3106249630_3106249631_J60_J61_#5more': -575388.5}, {'J10': 13, 'J11': 32, 'J12': 15, 'J13': 25, 'cluster3106249630_3106249631_J60_J61_#5more': 45}, {'J10': 18, 'J11': 48, 'J12': 31, 'J13': 37, 'cluster3106249630_3106249631_J60_J61_#5more': 107}, 
4195.0, {'J10': -112094.0, 'J11': -378071.0, 'J12': -4835.0, 'J13': -83880.0, 'cluster3106249630_3106249631_J60_J61_#5more': -576465.0}, {'J10': 13, 'J11': 32, 'J12': 20, 'J13': 25, 'cluster3106249630_3106249631_J60_J61_#5more': 45}, {'J10': 18, 'J11': 48, 'J12': 34, 'J13': 37, 'cluster3106249630_3106249631_J60_J61_#5more': 109}, 
4200.0, {'J10': -112274.0, 'J11': -378551.0, 'J12': -4567.5, 'J13': -84251.0, 'cluster3106249630_3106249631_J60_J61_#5more': -577555.0}, {'J10': 13, 'J11': 32, 'J12': 18, 'J13': 26, 'cluster3106249630_3106249631_J60_J61_#5more': 45}, {'J10': 18, 'J11': 48, 'J12': 31, 'J13': 38, 'cluster3106249630_3106249631_J60_J61_#5more': 109}, 
4205.0, {'J10': -112454.0, 'J11': -379031.0, 'J12': -4885.0, 'J13': -84639.0, 'cluster3106249630_3106249631_J60_J61_#5more': -578645.0}, {'J10': 13, 'J11': 32, 'J12': 18, 'J13': 28, 'cluster3106249630_3106249631_J60_J61_#5more': 45}, {'J10': 18, 'J11': 48, 'J12': 34, 'J13': 40, 'cluster3106249630_3106249631_J60_J61_#5more': 109}, 
4210.0, {'J10': -112634.0, 'J11': -379511.0, 'J12': -5070.0, 'J13': -85039.0, 'cluster3106249630_3106249631_J60_J61_#5more': -579735.0}, {'J10': 13, 'J11': 32, 'J12': 18, 'J13': 28, 'cluster3106249630_3106249631_J60_J61_#5more': 45}, {'J10': 18, 'J11': 48, 'J12': 35, 'J13': 40, 'cluster3106249630_3106249631_J60_J61_#5more': 109}, 
4215.0, {'J10': -112814.0, 'J11': -379991.0, 'J12': -5298.5, 'J13': -85439.0, 'cluster3106249630_3106249631_J60_J61_#5more': -580825.0}, {'J10': 13, 'J11': 32, 'J12': 20, 'J13': 28, 'cluster3106249630_3106249631_J60_J61_#5more': 45}, {'J10': 18, 'J11': 48, 'J12': 36, 'J13': 40, 'cluster3106249630_3106249631_J60_J61_#5more': 109}, 
4220.0, {'J10': -112994.0, 'J11': -380471.0, 'J12': -5438.5, 'J13': -85839.0, 'cluster3106249630_3106249631_J60_J61_#5more': -581915.0}, {'J10': 13, 'J11': 32, 'J12': 20, 'J13': 28, 'cluster3106249630_3106249631_J60_J61_#5more': 45}, {'J10': 18, 'J11': 48, 'J12': 32, 'J13': 40, 'cluster3106249630_3106249631_J60_J61_#5more': 109}, 
4225.0, {'J10': -113174.0, 'J11': -380951.0, 'J12': -5009.0, 'J13': -86239.0, 'cluster3106249630_3106249631_J60_J61_#5more': -583005.0}, {'J10': 13, 'J11': 32, 'J12': 18, 'J13': 28, 'cluster3106249630_3106249631_J60_J61_#5more': 45}, {'J10': 18, 'J11': 48, 'J12': 29, 'J13': 40, 'cluster3106249630_3106249631_J60_J61_#5more': 109}, 
4230.0, {'J10': -113354.0, 'J11': -381431.0, 'J12': -5213.0, 'J13': -86639.0, 'cluster3106249630_3106249631_J60_J61_#5more': -584095.0}, {'J10': 13, 'J11': 32, 'J12': 19, 'J13': 28, 'cluster3106249630_3106249631_J60_J61_#5more': 45}, {'J10': 18, 'J11': 48, 'J12': 28, 'J13': 40, 'cluster3106249630_3106249631_J60_J61_#5more': 109}, 
4235.0, {'J10': -113534.0, 'J11': -381911.0, 'J12': -4777.5, 'J13': -87039.0, 'cluster3106249630_3106249631_J60_J61_#5more': -585185.0}, {'J10': 13, 'J11': 32, 'J12': 17, 'J13': 28, 'cluster3106249630_3106249631_J60_J61_#5more': 45}, {'J10': 18, 'J11': 48, 'J12': 26, 'J13': 40, 'cluster3106249630_3106249631_J60_J61_#5more': 109}, 
4240.0, {'J10': -113714.0, 'J11': -382391.0, 'J12': -4779.0, 'J13': -87439.0, 'cluster3106249630_3106249631_J60_J61_#5more': -586275.0}, {'J10': 13, 'J11': 32, 'J12': 16, 'J13': 28, 'cluster3106249630_3106249631_J60_J61_#5more': 45}, {'J10': 18, 'J11': 48, 'J12': 25, 'J13': 40, 'cluster3106249630_3106249631_J60_J61_#5more': 109}, 
4245.0, {'J10': -113894.0, 'J11': -382871.0, 'J12': -4987.5, 'J13': -85734.0, 'cluster3106249630_3106249631_J60_J61_#5more': -579221.5}, {'J10': 13, 'J11': 32, 'J12': 16, 'J13': 26, 'cluster3106249630_3106249631_J60_J61_#5more': 45}, {'J10': 18, 'J11': 48, 'J12': 24, 'J13': 38, 'cluster3106249630_3106249631_J60_J61_#5more': 108}, 
4250.0, {'J10': -114074.0, 'J11': -383351.0, 'J12': -5133.0, 'J13': -84361.0, 'cluster3106249630_3106249631_J60_J61_#5more': -572150.5}, {'J10': 13, 'J11': 32, 'J12': 16, 'J13': 24, 'cluster3106249630_3106249631_J60_J61_#5more': 45}, {'J10': 18, 'J11': 48, 'J12': 22, 'J13': 36, 'cluster3106249630_3106249631_J60_J61_#5more': 107}, 
4255.0, {'J10': -114254.0, 'J11': -383831.0, 'J12': -5355.0, 'J13': -84721.0, 'cluster3106249630_3106249631_J60_J61_#5more': -573220.5}, {'J10': 13, 'J11': 32, 'J12': 16, 'J13': 24, 'cluster3106249630_3106249631_J60_J61_#5more': 45}, {'J10': 18, 'J11': 48, 'J12': 23, 'J13': 36, 'cluster3106249630_3106249631_J60_J61_#5more': 107}, 
4260.0, {'J10': -114434.0, 'J11': -384311.0, 'J12': -5600.0, 'J13': -85081.0, 'cluster3106249630_3106249631_J60_J61_#5more': -574296.5}, {'J10': 13, 'J11': 32, 'J12': 20, 'J13': 24, 'cluster3106249630_3106249631_J60_J61_#5more': 45}, {'J10': 18, 'J11': 48, 'J12': 30, 'J13': 36, 'cluster3106249630_3106249631_J60_J61_#5more': 109}, 
4265.0, {'J10': -114614.0, 'J11': -384791.0, 'J12': -5247.0, 'J13': -85441.0, 'cluster3106249630_3106249631_J60_J61_#5more': -575386.5}, {'J10': 13, 'J11': 32, 'J12': 20, 'J13': 24, 'cluster3106249630_3106249631_J60_J61_#5more': 45}, {'J10': 18, 'J11': 48, 'J12': 27, 'J13': 36, 'cluster3106249630_3106249631_J60_J61_#5more': 109}, 
4270.0, {'J10': -114794.0, 'J11': -385271.0, 'J12': -5004.5, 'J13': -85811.5, 'cluster3106249630_3106249631_J60_J61_#5more': -576476.5}, {'J10': 13, 'J11': 32, 'J12': 18, 'J13': 27, 'cluster3106249630_3106249631_J60_J61_#5more': 45}, {'J10': 18, 'J11': 48, 'J12': 24, 'J13': 39, 'cluster3106249630_3106249631_J60_J61_#5more': 109}, 
4275.0, {'J10': -114974.0, 'J11': -385751.0, 'J12': -4735.5, 'J13': -86206.0, 'cluster3106249630_3106249631_J60_J61_#5more': -577566.5}, {'J10': 13, 'J11': 32, 'J12': 16, 'J13': 28, 'cluster3106249630_3106249631_J60_J61_#5more': 45}, {'J10': 18, 'J11': 48, 'J12': 20, 'J13': 40, 'cluster3106249630_3106249631_J60_J61_#5more': 109}, 
4280.0, {'J10': -115154.0, 'J11': -386231.0, 'J12': -1936.0, 'J13': -86606.0, 'cluster3106249630_3106249631_J60_J61_#5more': -578656.5}, {'J10': 13, 'J11': 32, 'J12': 15, 'J13': 28, 'cluster3106249630_3106249631_J60_J61_#5more': 45}, {'J10': 18, 'J11': 48, 'J12': 17, 'J13': 40, 'cluster3106249630_3106249631_J60_J61_#5more': 109}, 
4285.0, {'J10': -115334.0, 'J11': -386711.0, 'J12': -1958.0, 'J13': -87006.0, 'cluster3106249630_3106249631_J60_J61_#5more': -579746.5}, {'J10': 13, 'J11': 32, 'J12': 15, 'J13': 28, 'cluster3106249630_3106249631_J60_J61_#5more': 45}, {'J10': 18, 'J11': 48, 'J12': 17, 'J13': 40, 'cluster3106249630_3106249631_J60_J61_#5more': 109}, 
4290.0, {'J10': -115514.0, 'J11': -387191.0, 'J12': -1978.0, 'J13': -87406.0, 'cluster3106249630_3106249631_J60_J61_#5more': -580836.5}, {'J10': 13, 'J11': 32, 'J12': 16, 'J13': 28, 'cluster3106249630_3106249631_J60_J61_#5more': 45}, {'J10': 18, 'J11': 48, 'J12': 17, 'J13': 40, 'cluster3106249630_3106249631_J60_J61_#5more': 109}, 
4295.0, {'J10': -115694.0, 'J11': -387671.0, 'J12': -2143.0, 'J13': -87806.0, 'cluster3106249630_3106249631_J60_J61_#5more': -581926.5}, {'J10': 13, 'J11': 32, 'J12': 21, 'J13': 28, 'cluster3106249630_3106249631_J60_J61_#5more': 45}, {'J10': 18, 'J11': 48, 'J12': 21, 'J13': 40, 'cluster3106249630_3106249631_J60_J61_#5more': 109}, 
4300.0, {'J10': -115874.0, 'J11': -388151.0, 'J12': -1489.5, 'J13': -88206.0, 'cluster3106249630_3106249631_J60_J61_#5more': -583016.5}, {'J10': 13, 'J11': 32, 'J12': 17, 'J13': 28, 'cluster3106249630_3106249631_J60_J61_#5more': 45}, {'J10': 18, 'J11': 48, 'J12': 17, 'J13': 40, 'cluster3106249630_3106249631_J60_J61_#5more': 109}, 
4305.0, {'J10': -116054.0, 'J11': -388631.0, 'J12': -1214.0, 'J13': -88606.0, 'cluster3106249630_3106249631_J60_J61_#5more': -584106.5}, {'J10': 13, 'J11': 32, 'J12': 15, 'J13': 28, 'cluster3106249630_3106249631_J60_J61_#5more': 45}, {'J10': 18, 'J11': 48, 'J12': 15, 'J13': 40, 'cluster3106249630_3106249631_J60_J61_#5more': 109}, 
4310.0, {'J10': -116234.0, 'J11': -389111.0, 'J12': -705.5, 'J13': -86283.5, 'cluster3106249630_3106249631_J60_J61_#5more': -585196.5}, {'J10': 13, 'J11': 32, 'J12': 11, 'J13': 25, 'cluster3106249630_3106249631_J60_J61_#5more': 45}, {'J10': 18, 'J11': 48, 'J12': 11, 'J13': 37, 'cluster3106249630_3106249631_J60_J61_#5more': 109}, 
4315.0, {'J10': -116414.0, 'J11': -389591.0, 'J12': -375.5, 'J13': -85650.0, 'cluster3106249630_3106249631_J60_J61_#5more': -586286.5}, {'J10': 13, 'J11': 32, 'J12': 7, 'J13': 24, 'cluster3106249630_3106249631_J60_J61_#5more': 45}, {'J10': 18, 'J11': 48, 'J12': 7, 'J13': 36, 'cluster3106249630_3106249631_J60_J61_#5more': 109}, 
4320.0, {'J10': -116594.0, 'J11': -390071.0, 'J12': -330.5, 'J13': -86010.0, 'cluster3106249630_3106249631_J60_J61_#5more': -587376.5}, {'J10': 13, 'J11': 32, 'J12': 6, 'J13': 24, 'cluster3106249630_3106249631_J60_J61_#5more': 45}, {'J10': 18, 'J11': 48, 'J12': 6, 'J13': 36, 'cluster3106249630_3106249631_J60_J61_#5more': 109}, 
4325.0, {'J10': -116774.0, 'J11': -390551.0, 'J12': -191.0, 'J13': -86370.0, 'cluster3106249630_3106249631_J60_J61_#5more': -588466.5}, {'J10': 13, 'J11': 32, 'J12': 3, 'J13': 24, 'cluster3106249630_3106249631_J60_J61_#5more': 45}, {'J10': 18, 'J11': 48, 'J12': 3, 'J13': 36, 'cluster3106249630_3106249631_J60_J61_#5more': 109}, 
4330.0, {'J10': -116954.0, 'J11': -391031.0, 'J12': -73.5, 'J13': -86730.0, 'cluster3106249630_3106249631_J60_J61_#5more': -589556.5}, {'J10': 13, 'J11': 32, 'J12': 1, 'J13': 24, 'cluster3106249630_3106249631_J60_J61_#5more': 45}, {'J10': 18, 'J11': 48, 'J12': 1, 'J13': 36, 'cluster3106249630_3106249631_J60_J61_#5more': 109}, 
4335.0, {'J10': -117134.0, 'J11': -391511.0, 'J12': 0, 'J13': -87099.5, 'cluster3106249630_3106249631_J60_J61_#5more': -590646.5}, {'J10': 13, 'J11': 32, 'J12': 0, 'J13': 27, 'cluster3106249630_3106249631_J60_J61_#5more': 45}, {'J10': 18, 'J11': 48, 'J12': 0, 'J13': 39, 'cluster3106249630_3106249631_J60_J61_#5more': 109}, 
4340.0, {'J10': -117314.0, 'J11': -391991.0, 'J12': 0, 'J13': -87492.0, 'cluster3106249630_3106249631_J60_J61_#5more': -583594.5}, {'J10': 13, 'J11': 32, 'J12': 0, 'J13': 28, 'cluster3106249630_3106249631_J60_J61_#5more': 43}, {'J10': 18, 'J11': 48, 'J12': 0, 'J13': 40, 'cluster3106249630_3106249631_J60_J61_#5more': 107}, 
4345.0, {'J10': -117494.0, 'J11': -392471.0, 'J12': 0, 'J13': -87892.0, 'cluster3106249630_3106249631_J60_J61_#5more': -584664.5}, {'J10': 13, 'J11': 32, 'J12': 0, 'J13': 28, 'cluster3106249630_3106249631_J60_J61_#5more': 43}, {'J10': 18, 'J11': 48, 'J12': 0, 'J13': 40, 'cluster3106249630_3106249631_J60_J61_#5more': 107}, 
4350.0, {'J10': -117674.0, 'J11': -392951.0, 'J12': -5.5, 'J13': -88292.0, 'cluster3106249630_3106249631_J60_J61_#5more': -585734.5}, {'J10': 13, 'J11': 32, 'J12': 2, 'J13': 28, 'cluster3106249630_3106249631_J60_J61_#5more': 43}, {'J10': 18, 'J11': 48, 'J12': 3, 'J13': 40, 'cluster3106249630_3106249631_J60_J61_#5more': 107}, 
4355.0, {'J10': -117854.0, 'J11': -393431.0, 'J12': 0, 'J13': -88692.0, 'cluster3106249630_3106249631_J60_J61_#5more': -586804.5}, {'J10': 13, 'J11': 32, 'J12': 0, 'J13': 28, 'cluster3106249630_3106249631_J60_J61_#5more': 43}, {'J10': 18, 'J11': 48, 'J12': 0, 'J13': 40, 'cluster3106249630_3106249631_J60_J61_#5more': 107}, 
4360.0, {'J10': -118034.0, 'J11': -393911.0, 'J12': -3.5, 'J13': -89092.0, 'cluster3106249630_3106249631_J60_J61_#5more': -587874.5}, {'J10': 13, 'J11': 32, 'J12': 2, 'J13': 28, 'cluster3106249630_3106249631_J60_J61_#5more': 43}, {'J10': 18, 'J11': 48, 'J12': 2, 'J13': 40, 'cluster3106249630_3106249631_J60_J61_#5more': 107}, 
4365.0, {'J10': -118214.0, 'J11': -394391.0, 'J12': -37.0, 'J13': -89492.0, 'cluster3106249630_3106249631_J60_J61_#5more': -588944.5}, {'J10': 13, 'J11': 32, 'J12': 8, 'J13': 28, 'cluster3106249630_3106249631_J60_J61_#5more': 43}, {'J10': 18, 'J11': 48, 'J12': 8, 'J13': 40, 'cluster3106249630_3106249631_J60_J61_#5more': 107}, 
4370.0, {'J10': -118394.0, 'J11': -394871.0, 'J12': -126.0, 'J13': -89892.0, 'cluster3106249630_3106249631_J60_J61_#5more': -590015.0}, {'J10': 13, 'J11': 32, 'J12': 12, 'J13': 28, 'cluster3106249630_3106249631_J60_J61_#5more': 44}, {'J10': 18, 'J11': 48, 'J12': 12, 'J13': 40, 'cluster3106249630_3106249631_J60_J61_#5more': 108}, 
4375.0, {'J10': -118574.0, 'J11': -395351.0, 'J12': -252.5, 'J13': -87571.0, 'cluster3106249630_3106249631_J60_J61_#5more': -574309.0}, {'J10': 13, 'J11': 32, 'J12': 15, 'J13': 25, 'cluster3106249630_3106249631_J60_J61_#5more': 45}, {'J10': 18, 'J11': 48, 'J12': 15, 'J13': 37, 'cluster3106249630_3106249631_J60_J61_#5more': 107}, 
4380.0, {'J10': -118754.0, 'J11': -395831.0, 'J12': -337.0, 'J13': -86940.0, 'cluster3106249630_3106249631_J60_J61_#5more': -575379.0}, {'J10': 13, 'J11': 32, 'J12': 17, 'J13': 24, 'cluster3106249630_3106249631_J60_J61_#5more': 45}, {'J10': 18, 'J11': 48, 'J12': 17, 'J13': 36, 'cluster3106249630_3106249631_J60_J61_#5more': 107}, 
4385.0, {'J10': -118934.0, 'J11': -396311.0, 'J12': -510.0, 'J13': -87300.0, 'cluster3106249630_3106249631_J60_J61_#5more': -576451.0}, {'J10': 13, 'J11': 32, 'J12': 18, 'J13': 24, 'cluster3106249630_3106249631_J60_J61_#5more': 46}, {'J10': 18, 'J11': 48, 'J12': 18, 'J13': 36, 'cluster3106249630_3106249631_J60_J61_#5more': 108}, 
4390.0, {'J10': -119114.0, 'J11': -396791.0, 'J12': -639.5, 'J13': -87660.0, 'cluster3106249630_3106249631_J60_J61_#5more': -577537.5}, {'J10': 13, 'J11': 32, 'J12': 17, 'J13': 24, 'cluster3106249630_3106249631_J60_J61_#5more': 46}, {'J10': 18, 'J11': 48, 'J12': 17, 'J13': 36, 'cluster3106249630_3106249631_J60_J61_#5more': 110}, 
4395.0, {'J10': -119294.0, 'J11': -397271.0, 'J12': -631.5, 'J13': -88020.0, 'cluster3106249630_3106249631_J60_J61_#5more': -578637.5}, {'J10': 13, 'J11': 32, 'J12': 14, 'J13': 24, 'cluster3106249630_3106249631_J60_J61_#5more': 46}, {'J10': 18, 'J11': 48, 'J12': 14, 'J13': 36, 'cluster3106249630_3106249631_J60_J61_#5more': 110}, 
4400.0, {'J10': -119474.0, 'J11': -397751.0, 'J12': -771.5, 'J13': -88390.0, 'cluster3106249630_3106249631_J60_J61_#5more': -579737.5}, {'J10': 13, 'J11': 32, 'J12': 14, 'J13': 27, 'cluster3106249630_3106249631_J60_J61_#5more': 46}, {'J10': 18, 'J11': 48, 'J12': 14, 'J13': 39, 'cluster3106249630_3106249631_J60_J61_#5more': 110}, 
4405.0, {'J10': -119654.0, 'J11': -398231.0, 'J12': -685.5, 'J13': -88782.5, 'cluster3106249630_3106249631_J60_J61_#5more': -580837.5}, {'J10': 13, 'J11': 32, 'J12': 11, 'J13': 28, 'cluster3106249630_3106249631_J60_J61_#5more': 46}, {'J10': 18, 'J11': 48, 'J12': 11, 'J13': 40, 'cluster3106249630_3106249631_J60_J61_#5more': 110}, 
4410.0, {'J10': -119834.0, 'J11': -398711.0, 'J12': -705.0, 'J13': -89182.5, 'cluster3106249630_3106249631_J60_J61_#5more': -581937.5}, {'J10': 13, 'J11': 32, 'J12': 10, 'J13': 28, 'cluster3106249630_3106249631_J60_J61_#5more': 46}, {'J10': 18, 'J11': 48, 'J12': 10, 'J13': 40, 'cluster3106249630_3106249631_J60_J61_#5more': 110}, 
4415.0, {'J10': -120014.0, 'J11': -399191.0, 'J12': -807.0, 'J13': -89582.5, 'cluster3106249630_3106249631_J60_J61_#5more': -583037.5}, {'J10': 13, 'J11': 32, 'J12': 10, 'J13': 28, 'cluster3106249630_3106249631_J60_J61_#5more': 46}, {'J10': 18, 'J11': 48, 'J12': 11, 'J13': 40, 'cluster3106249630_3106249631_J60_J61_#5more': 110}, 
4420.0, {'J10': -120194.0, 'J11': -399671.0, 'J12': -724.5, 'J13': -89982.5, 'cluster3106249630_3106249631_J60_J61_#5more': -584137.5}, {'J10': 13, 'J11': 32, 'J12': 12, 'J13': 28, 'cluster3106249630_3106249631_J60_J61_#5more': 46}, {'J10': 18, 'J11': 48, 'J12': 12, 'J13': 40, 'cluster3106249630_3106249631_J60_J61_#5more': 110}, 
4425.0, {'J10': -120374.0, 'J11': -400151.0, 'J12': -854.5, 'J13': -90382.5, 'cluster3106249630_3106249631_J60_J61_#5more': -585237.5}, {'J10': 13, 'J11': 32, 'J12': 16, 'J13': 28, 'cluster3106249630_3106249631_J60_J61_#5more': 46}, {'J10': 18, 'J11': 48, 'J12': 16, 'J13': 40, 'cluster3106249630_3106249631_J60_J61_#5more': 110}, 
4430.0, {'J10': -120554.0, 'J11': -400631.0, 'J12': -1014.5, 'J13': -90782.5, 'cluster3106249630_3106249631_J60_J61_#5more': -586337.5}, {'J10': 13, 'J11': 32, 'J12': 16, 'J13': 28, 'cluster3106249630_3106249631_J60_J61_#5more': 46}, {'J10': 18, 'J11': 48, 'J12': 16, 'J13': 40, 'cluster3106249630_3106249631_J60_J61_#5more': 110}, 
4435.0, {'J10': -120734.0, 'J11': -401111.0, 'J12': -1045.5, 'J13': -91182.5, 'cluster3106249630_3106249631_J60_J61_#5more': -587437.5}, {'J10': 13, 'J11': 32, 'J12': 17, 'J13': 28, 'cluster3106249630_3106249631_J60_J61_#5more': 46}, {'J10': 18, 'J11': 48, 'J12': 17, 'J13': 40, 'cluster3106249630_3106249631_J60_J61_#5more': 110}, 
4440.0, {'J10': -120914.0, 'J11': -401591.0, 'J12': -689.0, 'J13': -89727.0, 'cluster3106249630_3106249631_J60_J61_#5more': -588043.5}, {'J10': 13, 'J11': 32, 'J12': 13, 'J13': 26, 'cluster3106249630_3106249631_J60_J61_#5more': 46}, {'J10': 18, 'J11': 48, 'J12': 13, 'J13': 38, 'cluster3106249630_3106249631_J60_J61_#5more': 109}, 
4445.0, {'J10': -121094.0, 'J11': -402071.0, 'J12': -544.5, 'J13': -90107.0, 'cluster3106249630_3106249631_J60_J61_#5more': -588631.0}, {'J10': 13, 'J11': 32, 'J12': 11, 'J13': 26, 'cluster3106249630_3106249631_J60_J61_#5more': 46}, {'J10': 18, 'J11': 48, 'J12': 11, 'J13': 38, 'cluster3106249630_3106249631_J60_J61_#5more': 108}, 
4450.0, {'J10': -121274.0, 'J11': -402551.0, 'J12': -654.5, 'J13': -90487.0, 'cluster3106249630_3106249631_J60_J61_#5more': -589711.0}, {'J10': 13, 'J11': 32, 'J12': 11, 'J13': 26, 'cluster3106249630_3106249631_J60_J61_#5more': 46}, {'J10': 18, 'J11': 48, 'J12': 11, 'J13': 38, 'cluster3106249630_3106249631_J60_J61_#5more': 108}, 
4455.0, {'J10': -121454.0, 'J11': -403031.0, 'J12': -767.5, 'J13': -90867.0, 'cluster3106249630_3106249631_J60_J61_#5more': -590796.0}, {'J10': 13, 'J11': 32, 'J12': 12, 'J13': 26, 'cluster3106249630_3106249631_J60_J61_#5more': 46}, {'J10': 18, 'J11': 48, 'J12': 12, 'J13': 38, 'cluster3106249630_3106249631_J60_J61_#5more': 110}, 
4460.0, {'J10': -121634.0, 'J11': -403511.0, 'J12': -730.0, 'J13': -91247.0, 'cluster3106249630_3106249631_J60_J61_#5more': -591896.0}, {'J10': 13, 'J11': 32, 'J12': 14, 'J13': 26, 'cluster3106249630_3106249631_J60_J61_#5more': 46}, {'J10': 18, 'J11': 48, 'J12': 14, 'J13': 38, 'cluster3106249630_3106249631_J60_J61_#5more': 110}, 
4465.0, {'J10': -121814.0, 'J11': -403991.0, 'J12': -439.0, 'J13': -91636.0, 'cluster3106249630_3106249631_J60_J61_#5more': -592996.0}, {'J10': 13, 'J11': 32, 'J12': 9, 'J13': 28, 'cluster3106249630_3106249631_J60_J61_#5more': 46}, {'J10': 18, 'J11': 48, 'J12': 9, 'J13': 40, 'cluster3106249630_3106249631_J60_J61_#5more': 110}, 
4470.0, {'J10': -121994.0, 'J11': -404471.0, 'J12': -156.5, 'J13': -92036.0, 'cluster3106249630_3106249631_J60_J61_#5more': -594096.0}, {'J10': 13, 'J11': 32, 'J12': 4, 'J13': 28, 'cluster3106249630_3106249631_J60_J61_#5more': 46}, {'J10': 18, 'J11': 48, 'J12': 4, 'J13': 40, 'cluster3106249630_3106249631_J60_J61_#5more': 110}, 
4475.0, {'J10': -122174.0, 'J11': -404951.0, 'J12': 0, 'J13': -92436.0, 'cluster3106249630_3106249631_J60_J61_#5more': -595196.0}, {'J10': 13, 'J11': 32, 'J12': 0, 'J13': 28, 'cluster3106249630_3106249631_J60_J61_#5more': 46}, {'J10': 18, 'J11': 48, 'J12': 0, 'J13': 40, 'cluster3106249630_3106249631_J60_J61_#5more': 110}, 
4480.0, {'J10': -122354.0, 'J11': -405431.0, 'J12': -5.0, 'J13': -92836.0, 'cluster3106249630_3106249631_J60_J61_#5more': -596296.0}, {'J10': 13, 'J11': 32, 'J12': 3, 'J13': 28, 'cluster3106249630_3106249631_J60_J61_#5more': 46}, {'J10': 18, 'J11': 48, 'J12': 4, 'J13': 40, 'cluster3106249630_3106249631_J60_J61_#5more': 110}, 
4485.0, {'J10': -122534.0, 'J11': -405911.0, 'J12': -10.5, 'J13': -93236.0, 'cluster3106249630_3106249631_J60_J61_#5more': -597396.0}, {'J10': 13, 'J11': 32, 'J12': 1, 'J13': 28, 'cluster3106249630_3106249631_J60_J61_#5more': 46}, {'J10': 18, 'J11': 48, 'J12': 1, 'J13': 40, 'cluster3106249630_3106249631_J60_J61_#5more': 110}, 
4490.0, {'J10': -122714.0, 'J11': -406391.0, 'J12': 0, 'J13': -93636.0, 'cluster3106249630_3106249631_J60_J61_#5more': -598496.0}, {'J10': 13, 'J11': 32, 'J12': 0, 'J13': 28, 'cluster3106249630_3106249631_J60_J61_#5more': 46}, {'J10': 18, 'J11': 48, 'J12': 0, 'J13': 40, 'cluster3106249630_3106249631_J60_J61_#5more': 110}, 
4495.0, {'J10': -122894.0, 'J11': -406871.0, 'J12': -2.0, 'J13': -94036.0, 'cluster3106249630_3106249631_J60_J61_#5more': -599596.0}, {'J10': 13, 'J11': 32, 'J12': 2, 'J13': 28, 'cluster3106249630_3106249631_J60_J61_#5more': 46}, {'J10': 18, 'J11': 48, 'J12': 2, 'J13': 40, 'cluster3106249630_3106249631_J60_J61_#5more': 110}, 
4500.0, {'J10': -123074.0, 'J11': -407351.0, 'J12': -44.5, 'J13': -94436.0, 'cluster3106249630_3106249631_J60_J61_#5more': -600696.0}, {'J10': 13, 'J11': 32, 'J12': 10, 'J13': 28, 'cluster3106249630_3106249631_J60_J61_#5more': 46}, {'J10': 18, 'J11': 48, 'J12': 10, 'J13': 40, 'cluster3106249630_3106249631_J60_J61_#5more': 110}, 
4505.0, {'J10': -123254.0, 'J11': -407831.0, 'J12': -112.0, 'J13': -91738.0, 'cluster3106249630_3106249631_J60_J61_#5more': -601796.0}, {'J10': 13, 'J11': 32, 'J12': 13, 'J13': 25, 'cluster3106249630_3106249631_J60_J61_#5more': 46}, {'J10': 18, 'J11': 48, 'J12': 13, 'J13': 37, 'cluster3106249630_3106249631_J60_J61_#5more': 110}, 
4510.0, {'J10': -123434.0, 'J11': -408311.0, 'J12': -242.0, 'J13': -92108.0, 'cluster3106249630_3106249631_J60_J61_#5more': -594442.0}, {'J10': 13, 'J11': 32, 'J12': 13, 'J13': 25, 'cluster3106249630_3106249631_J60_J61_#5more': 44}, {'J10': 18, 'J11': 48, 'J12': 13, 'J13': 37, 'cluster3106249630_3106249631_J60_J61_#5more': 108}, 
4515.0, {'J10': -123614.0, 'J11': -408791.0, 'J12': -377.0, 'J13': -92478.0, 'cluster3106249630_3106249631_J60_J61_#5more': -595522.0}, {'J10': 13, 'J11': 32, 'J12': 15, 'J13': 25, 'cluster3106249630_3106249631_J60_J61_#5more': 44}, {'J10': 18, 'J11': 48, 'J12': 15, 'J13': 37, 'cluster3106249630_3106249631_J60_J61_#5more': 108}, 
4520.0, {'J10': -123794.0, 'J11': -409271.0, 'J12': -362.0, 'J13': -92848.0, 'cluster3106249630_3106249631_J60_J61_#5more': -596602.0}, {'J10': 13, 'J11': 32, 'J12': 16, 'J13': 25, 'cluster3106249630_3106249631_J60_J61_#5more': 44}, {'J10': 18, 'J11': 48, 'J12': 16, 'J13': 37, 'cluster3106249630_3106249631_J60_J61_#5more': 108}, 
4525.0, {'J10': -123974.0, 'J11': -409751.0, 'J12': -271.5, 'J13': -93220.5, 'cluster3106249630_3106249631_J60_J61_#5more': -597682.0}, {'J10': 13, 'J11': 32, 'J12': 10, 'J13': 27, 'cluster3106249630_3106249631_J60_J61_#5more': 44}, {'J10': 18, 'J11': 48, 'J12': 10, 'J13': 39, 'cluster3106249630_3106249631_J60_J61_#5more': 108}, 
4530.0, {'J10': -124154.0, 'J11': -410231.0, 'J12': -88.0, 'J13': -93615.0, 'cluster3106249630_3106249631_J60_J61_#5more': -598762.0}, {'J10': 13, 'J11': 32, 'J12': 4, 'J13': 28, 'cluster3106249630_3106249631_J60_J61_#5more': 44}, {'J10': 18, 'J11': 48, 'J12': 4, 'J13': 40, 'cluster3106249630_3106249631_J60_J61_#5more': 108}, 
4535.0, {'J10': -124334.0, 'J11': -410711.0, 'J12': 0, 'J13': -94015.0, 'cluster3106249630_3106249631_J60_J61_#5more': -599842.0}, {'J10': 13, 'J11': 32, 'J12': 0, 'J13': 28, 'cluster3106249630_3106249631_J60_J61_#5more': 44}, {'J10': 18, 'J11': 48, 'J12': 0, 'J13': 40, 'cluster3106249630_3106249631_J60_J61_#5more': 108}, 
4540.0, {'J10': -124514.0, 'J11': -411191.0, 'J12': 0, 'J13': -94415.0, 'cluster3106249630_3106249631_J60_J61_#5more': -600924.0}, {'J10': 13, 'J11': 32, 'J12': 0, 'J13': 28, 'cluster3106249630_3106249631_J60_J61_#5more': 45}, {'J10': 18, 'J11': 48, 'J12': 0, 'J13': 40, 'cluster3106249630_3106249631_J60_J61_#5more': 109}, 
4545.0, {'J10': -124694.0, 'J11': -411671.0, 'J12': -17.0, 'J13': -94815.0, 'cluster3106249630_3106249631_J60_J61_#5more': -602014.0}, {'J10': 13, 'J11': 32, 'J12': 5, 'J13': 28, 'cluster3106249630_3106249631_J60_J61_#5more': 45}, {'J10': 18, 'J11': 48, 'J12': 5, 'J13': 40, 'cluster3106249630_3106249631_J60_J61_#5more': 109}, 
4550.0, {'J10': -124874.0, 'J11': -412151.0, 'J12': -40.5, 'J13': -95215.0, 'cluster3106249630_3106249631_J60_J61_#5more': -603104.0}, {'J10': 13, 'J11': 32, 'J12': 5, 'J13': 28, 'cluster3106249630_3106249631_J60_J61_#5more': 45}, {'J10': 18, 'J11': 48, 'J12': 5, 'J13': 40, 'cluster3106249630_3106249631_J60_J61_#5more': 109}, 
4555.0, {'J10': -125054.0, 'J11': -412631.0, 'J12': -68.0, 'J13': -95615.0, 'cluster3106249630_3106249631_J60_J61_#5more': -604194.0}, {'J10': 13, 'J11': 32, 'J12': 5, 'J13': 28, 'cluster3106249630_3106249631_J60_J61_#5more': 45}, {'J10': 18, 'J11': 48, 'J12': 5, 'J13': 40, 'cluster3106249630_3106249631_J60_J61_#5more': 109}, 
4560.0, {'J10': -125234.0, 'J11': -413111.0, 'J12': -129.0, 'J13': -96015.0, 'cluster3106249630_3106249631_J60_J61_#5more': -605284.0}, {'J10': 13, 'J11': 32, 'J12': 9, 'J13': 28, 'cluster3106249630_3106249631_J60_J61_#5more': 45}, {'J10': 18, 'J11': 48, 'J12': 9, 'J13': 40, 'cluster3106249630_3106249631_J60_J61_#5more': 109}, 
4565.0, {'J10': -125414.0, 'J11': -413591.0, 'J12': -238.0, 'J13': -96415.0, 'cluster3106249630_3106249631_J60_J61_#5more': -606374.0}, {'J10': 13, 'J11': 32, 'J12': 16, 'J13': 28, 'cluster3106249630_3106249631_J60_J61_#5more': 45}, {'J10': 18, 'J11': 48, 'J12': 16, 'J13': 40, 'cluster3106249630_3106249631_J60_J61_#5more': 109}, 
4570.0, {'J10': -125594.0, 'J11': -414071.0, 'J12': -303.0, 'J13': -94706.0, 'cluster3106249630_3106249631_J60_J61_#5more': -606840.0}, {'J10': 13, 'J11': 32, 'J12': 17, 'J13': 26, 'cluster3106249630_3106249631_J60_J61_#5more': 45}, {'J10': 18, 'J11': 48, 'J12': 17, 'J13': 38, 'cluster3106249630_3106249631_J60_J61_#5more': 108}, 
4575.0, {'J10': -125774.0, 'J11': -414551.0, 'J12': -408.5, 'J13': -94083.0, 'cluster3106249630_3106249631_J60_J61_#5more': -607288.0}, {'J10': 13, 'J11': 32, 'J12': 15, 'J13': 25, 'cluster3106249630_3106249631_J60_J61_#5more': 45}, {'J10': 18, 'J11': 48, 'J12': 15, 'J13': 37, 'cluster3106249630_3106249631_J60_J61_#5more': 107}, 
4580.0, {'J10': -125954.0, 'J11': -415031.0, 'J12': -457.0, 'J13': -94453.0, 'cluster3106249630_3106249631_J60_J61_#5more': -608358.0}, {'J10': 13, 'J11': 32, 'J12': 12, 'J13': 25, 'cluster3106249630_3106249631_J60_J61_#5more': 45}, {'J10': 18, 'J11': 48, 'J12': 12, 'J13': 37, 'cluster3106249630_3106249631_J60_J61_#5more': 107}, 
4585.0, {'J10': -126134.0, 'J11': -415511.0, 'J12': -536.0, 'J13': -94823.0, 'cluster3106249630_3106249631_J60_J61_#5more': -609434.0}, {'J10': 13, 'J11': 32, 'J12': 11, 'J13': 25, 'cluster3106249630_3106249631_J60_J61_#5more': 45}, {'J10': 18, 'J11': 48, 'J12': 11, 'J13': 37, 'cluster3106249630_3106249631_J60_J61_#5more': 109}, 
4590.0, {'J10': -126314.0, 'J11': -415991.0, 'J12': -651.5, 'J13': -95193.0, 'cluster3106249630_3106249631_J60_J61_#5more': -610524.0}, {'J10': 13, 'J11': 32, 'J12': 14, 'J13': 25, 'cluster3106249630_3106249631_J60_J61_#5more': 45}, {'J10': 18, 'J11': 48, 'J12': 14, 'J13': 37, 'cluster3106249630_3106249631_J60_J61_#5more': 109}, 
4595.0, {'J10': -126494.0, 'J11': -416471.0, 'J12': -791.5, 'J13': -95571.5, 'cluster3106249630_3106249631_J60_J61_#5more': -611614.0}, {'J10': 13, 'J11': 32, 'J12': 14, 'J13': 28, 'cluster3106249630_3106249631_J60_J61_#5more': 45}, {'J10': 18, 'J11': 48, 'J12': 14, 'J13': 40, 'cluster3106249630_3106249631_J60_J61_#5more': 109}, 
4600.0, {'J10': -126674.0, 'J11': -416951.0, 'J12': -941.0, 'J13': -95971.5, 'cluster3106249630_3106249631_J60_J61_#5more': -612704.0}, {'J10': 13, 'J11': 32, 'J12': 18, 'J13': 28, 'cluster3106249630_3106249631_J60_J61_#5more': 45}, {'J10': 18, 'J11': 48, 'J12': 18, 'J13': 40, 'cluster3106249630_3106249631_J60_J61_#5more': 109}, 
4605.0, {'J10': -126854.0, 'J11': -417431.0, 'J12': -1121.0, 'J13': -96371.5, 'cluster3106249630_3106249631_J60_J61_#5more': -613794.0}, {'J10': 13, 'J11': 32, 'J12': 18, 'J13': 28, 'cluster3106249630_3106249631_J60_J61_#5more': 45}, {'J10': 18, 'J11': 48, 'J12': 18, 'J13': 40, 'cluster3106249630_3106249631_J60_J61_#5more': 109}, 
4610.0, {'J10': -127034.0, 'J11': -417911.0, 'J12': -1312.0, 'J13': -96771.5, 'cluster3106249630_3106249631_J60_J61_#5more': -611690.0}, {'J10': 13, 'J11': 32, 'J12': 20, 'J13': 28, 'cluster3106249630_3106249631_J60_J61_#5more': 44}, {'J10': 18, 'J11': 48, 'J12': 21, 'J13': 40, 'cluster3106249630_3106249631_J60_J61_#5more': 108}, 
4615.0, {'J10': -127214.0, 'J11': -418391.0, 'J12': -1510.0, 'J13': -97171.5, 'cluster3106249630_3106249631_J60_J61_#5more': -603951.5}, {'J10': 13, 'J11': 32, 'J12': 20, 'J13': 28, 'cluster3106249630_3106249631_J60_J61_#5more': 42}, {'J10': 18, 'J11': 48, 'J12': 20, 'J13': 40, 'cluster3106249630_3106249631_J60_J61_#5more': 106}, 
4620.0, {'J10': -127394.0, 'J11': -418871.0, 'J12': -1716.5, 'J13': -97571.5, 'cluster3106249630_3106249631_J60_J61_#5more': -605011.5}, {'J10': 13, 'J11': 32, 'J12': 20, 'J13': 28, 'cluster3106249630_3106249631_J60_J61_#5more': 42}, {'J10': 18, 'J11': 48, 'J12': 22, 'J13': 40, 'cluster3106249630_3106249631_J60_J61_#5more': 106}, 
4625.0, {'J10': -127574.0, 'J11': -419351.0, 'J12': -1937.5, 'J13': -97971.5, 'cluster3106249630_3106249631_J60_J61_#5more': -606071.5}, {'J10': 13, 'J11': 32, 'J12': 20, 'J13': 28, 'cluster3106249630_3106249631_J60_J61_#5more': 42}, {'J10': 18, 'J11': 48, 'J12': 23, 'J13': 40, 'cluster3106249630_3106249631_J60_J61_#5more': 106}, 
4630.0, {'J10': -127754.0, 'J11': -419831.0, 'J12': -2167.5, 'J13': -98371.5, 'cluster3106249630_3106249631_J60_J61_#5more': -607131.5}, {'J10': 13, 'J11': 32, 'J12': 20, 'J13': 28, 'cluster3106249630_3106249631_J60_J61_#5more': 42}, {'J10': 18, 'J11': 48, 'J12': 23, 'J13': 40, 'cluster3106249630_3106249631_J60_J61_#5more': 106}, 
4635.0, {'J10': -127934.0, 'J11': -420311.0, 'J12': -2403.0, 'J13': -96654.5, 'cluster3106249630_3106249631_J60_J61_#5more': -607697.5}, {'J10': 13, 'J11': 32, 'J12': 20, 'J13': 26, 'cluster3106249630_3106249631_J60_J61_#5more': 42}, {'J10': 18, 'J11': 48, 'J12': 25, 'J13': 38, 'cluster3106249630_3106249631_J60_J61_#5more': 105}, 
4640.0, {'J10': -128114.0, 'J11': -420791.0, 'J12': -2110.5, 'J13': -94906.0, 'cluster3106249630_3106249631_J60_J61_#5more': -608245.0}, {'J10': 13, 'J11': 32, 'J12': 17, 'J13': 24, 'cluster3106249630_3106249631_J60_J61_#5more': 42}, {'J10': 18, 'J11': 48, 'J12': 20, 'J13': 36, 'cluster3106249630_3106249631_J60_J61_#5more': 104}, 
4645.0, {'J10': -128294.0, 'J11': -421271.0, 'J12': -2292.5, 'J13': -95266.0, 'cluster3106249630_3106249631_J60_J61_#5more': -609287.0}, {'J10': 13, 'J11': 32, 'J12': 17, 'J13': 24, 'cluster3106249630_3106249631_J60_J61_#5more': 43}, {'J10': 18, 'J11': 48, 'J12': 21, 'J13': 36, 'cluster3106249630_3106249631_J60_J61_#5more': 105}, 
4650.0, {'J10': -128474.0, 'J11': -421751.0, 'J12': -2478.5, 'J13': -95626.0, 'cluster3106249630_3106249631_J60_J61_#5more': -610348.5}, {'J10': 13, 'J11': 32, 'J12': 17, 'J13': 24, 'cluster3106249630_3106249631_J60_J61_#5more': 44}, {'J10': 18, 'J11': 48, 'J12': 19, 'J13': 36, 'cluster3106249630_3106249631_J60_J61_#5more': 108}, 
4655.0, {'J10': -128654.0, 'J11': -422231.0, 'J12': -2673.0, 'J13': -95987.0, 'cluster3106249630_3106249631_J60_J61_#5more': -611428.5}, {'J10': 13, 'J11': 32, 'J12': 18, 'J13': 25, 'cluster3106249630_3106249631_J60_J61_#5more': 44}, {'J10': 18, 'J11': 48, 'J12': 22, 'J13': 37, 'cluster3106249630_3106249631_J60_J61_#5more': 108}, 
4660.0, {'J10': -128834.0, 'J11': -422711.0, 'J12': -2910.5, 'J13': -96366.5, 'cluster3106249630_3106249631_J60_J61_#5more': -612510.5}, {'J10': 13, 'J11': 32, 'J12': 22, 'J13': 28, 'cluster3106249630_3106249631_J60_J61_#5more': 45}, {'J10': 18, 'J11': 48, 'J12': 28, 'J13': 40, 'cluster3106249630_3106249631_J60_J61_#5more': 109}, 
4665.0, {'J10': -129014.0, 'J11': -423191.0, 'J12': -3140.5, 'J13': -96766.5, 'cluster3106249630_3106249631_J60_J61_#5more': -613600.5}, {'J10': 13, 'J11': 32, 'J12': 22, 'J13': 28, 'cluster3106249630_3106249631_J60_J61_#5more': 45}, {'J10': 18, 'J11': 48, 'J12': 25, 'J13': 40, 'cluster3106249630_3106249631_J60_J61_#5more': 109}, 
4670.0, {'J10': -129194.0, 'J11': -423671.0, 'J12': -3392.0, 'J13': -97166.5, 'cluster3106249630_3106249631_J60_J61_#5more': -614693.5}, {'J10': 13, 'J11': 32, 'J12': 22, 'J13': 28, 'cluster3106249630_3106249631_J60_J61_#5more': 46}, {'J10': 18, 'J11': 48, 'J12': 26, 'J13': 40, 'cluster3106249630_3106249631_J60_J61_#5more': 110}, 
4675.0, {'J10': -129374.0, 'J11': -424151.0, 'J12': -3432.5, 'J13': -97566.5, 'cluster3106249630_3106249631_J60_J61_#5more': -615793.5}, {'J10': 13, 'J11': 32, 'J12': 22, 'J13': 28, 'cluster3106249630_3106249631_J60_J61_#5more': 46}, {'J10': 18, 'J11': 48, 'J12': 26, 'J13': 40, 'cluster3106249630_3106249631_J60_J61_#5more': 110}, 
4680.0, {'J10': -129554.0, 'J11': -424631.0, 'J12': -3657.0, 'J13': -97966.5, 'cluster3106249630_3106249631_J60_J61_#5more': -616893.5}, {'J10': 13, 'J11': 32, 'J12': 22, 'J13': 28, 'cluster3106249630_3106249631_J60_J61_#5more': 46}, {'J10': 18, 'J11': 48, 'J12': 25, 'J13': 40, 'cluster3106249630_3106249631_J60_J61_#5more': 110}, 
4685.0, {'J10': -129734.0, 'J11': -425111.0, 'J12': -3814.5, 'J13': -98366.5, 'cluster3106249630_3106249631_J60_J61_#5more': -617993.5}, {'J10': 13, 'J11': 32, 'J12': 22, 'J13': 28, 'cluster3106249630_3106249631_J60_J61_#5more': 46}, {'J10': 18, 'J11': 48, 'J12': 23, 'J13': 40, 'cluster3106249630_3106249631_J60_J61_#5more': 110}, 
4690.0, {'J10': -129914.0, 'J11': -425591.0, 'J12': -3546.5, 'J13': -98766.5, 'cluster3106249630_3106249631_J60_J61_#5more': -619093.5}, {'J10': 13, 'J11': 32, 'J12': 20, 'J13': 28, 'cluster3106249630_3106249631_J60_J61_#5more': 46}, {'J10': 18, 'J11': 48, 'J12': 20, 'J13': 40, 'cluster3106249630_3106249631_J60_J61_#5more': 110}, 
4695.0, {'J10': -130094.0, 'J11': -426071.0, 'J12': -2770.5, 'J13': -99166.5, 'cluster3106249630_3106249631_J60_J61_#5more': -620193.5}, {'J10': 13, 'J11': 32, 'J12': 16, 'J13': 28, 'cluster3106249630_3106249631_J60_J61_#5more': 46}, {'J10': 18, 'J11': 48, 'J12': 16, 'J13': 40, 'cluster3106249630_3106249631_J60_J61_#5more': 110}, 
4700.0, {'J10': -130274.0, 'J11': -426551.0, 'J12': -1599.0, 'J13': -97443.5, 'cluster3106249630_3106249631_J60_J61_#5more': -620800.0}, {'J10': 13, 'J11': 32, 'J12': 11, 'J13': 26, 'cluster3106249630_3106249631_J60_J61_#5more': 46}, {'J10': 18, 'J11': 48, 'J12': 11, 'J13': 38, 'cluster3106249630_3106249631_J60_J61_#5more': 109}, 
4705.0, {'J10': -130454.0, 'J11': -427031.0, 'J12': -876.0, 'J13': -95815.5, 'cluster3106249630_3106249631_J60_J61_#5more': -621388.5}, {'J10': 13, 'J11': 32, 'J12': 7, 'J13': 24, 'cluster3106249630_3106249631_J60_J61_#5more': 46}, {'J10': 18, 'J11': 48, 'J12': 7, 'J13': 36, 'cluster3106249630_3106249631_J60_J61_#5more': 108}, 
4710.0, {'J10': -130634.0, 'J11': -427511.0, 'J12': -316.0, 'J13': -96175.5, 'cluster3106249630_3106249631_J60_J61_#5more': -622468.5}, {'J10': 13, 'J11': 32, 'J12': 3, 'J13': 24, 'cluster3106249630_3106249631_J60_J61_#5more': 46}, {'J10': 18, 'J11': 48, 'J12': 3, 'J13': 36, 'cluster3106249630_3106249631_J60_J61_#5more': 108}, 
4715.0, {'J10': -130814.0, 'J11': -427991.0, 'J12': -0.5, 'J13': -96535.5, 'cluster3106249630_3106249631_J60_J61_#5more': -623555.0}, {'J10': 13, 'J11': 32, 'J12': 1, 'J13': 24, 'cluster3106249630_3106249631_J60_J61_#5more': 46}, {'J10': 18, 'J11': 48, 'J12': 1, 'J13': 36, 'cluster3106249630_3106249631_J60_J61_#5more': 110}, 
4720.0, {'J10': -130994.0, 'J11': -428471.0, 'J12': -10.5, 'J13': -96895.5, 'cluster3106249630_3106249631_J60_J61_#5more': -624655.0}, {'J10': 13, 'J11': 32, 'J12': 1, 'J13': 24, 'cluster3106249630_3106249631_J60_J61_#5more': 46}, {'J10': 18, 'J11': 48, 'J12': 1, 'J13': 36, 'cluster3106249630_3106249631_J60_J61_#5more': 110}, 
4725.0, {'J10': -131174.0, 'J11': -428951.0, 'J12': 0, 'J13': -97270.0, 'cluster3106249630_3106249631_J60_J61_#5more': -625755.0}, {'J10': 13, 'J11': 32, 'J12': 0, 'J13': 28, 'cluster3106249630_3106249631_J60_J61_#5more': 46}, {'J10': 18, 'J11': 48, 'J12': 0, 'J13': 40, 'cluster3106249630_3106249631_J60_J61_#5more': 110}, 
4730.0, {'J10': -131354.0, 'J11': -429431.0, 'J12': 0, 'J13': -97670.0, 'cluster3106249630_3106249631_J60_J61_#5more': -626855.0}, {'J10': 13, 'J11': 32, 'J12': 0, 'J13': 28, 'cluster3106249630_3106249631_J60_J61_#5more': 46}, {'J10': 18, 'J11': 48, 'J12': 0, 'J13': 40, 'cluster3106249630_3106249631_J60_J61_#5more': 110}, 
4735.0, {'J10': -131534.0, 'J11': -429911.0, 'J12': 0, 'J13': -98070.0, 'cluster3106249630_3106249631_J60_J61_#5more': -627955.0}, {'J10': 13, 'J11': 32, 'J12': 0, 'J13': 28, 'cluster3106249630_3106249631_J60_J61_#5more': 46}, {'J10': 18, 'J11': 48, 'J12': 0, 'J13': 40, 'cluster3106249630_3106249631_J60_J61_#5more': 110}, 
4740.0, {'J10': -131714.0, 'J11': -430391.0, 'J12': 0, 'J13': -98470.0, 'cluster3106249630_3106249631_J60_J61_#5more': -629055.0}, {'J10': 13, 'J11': 32, 'J12': 0, 'J13': 28, 'cluster3106249630_3106249631_J60_J61_#5more': 46}, {'J10': 18, 'J11': 48, 'J12': 0, 'J13': 40, 'cluster3106249630_3106249631_J60_J61_#5more': 110}, 
4745.0, {'J10': -131894.0, 'J11': -430871.0, 'J12': 0, 'J13': -98870.0, 'cluster3106249630_3106249631_J60_J61_#5more': -630155.0}, {'J10': 13, 'J11': 32, 'J12': 0, 'J13': 28, 'cluster3106249630_3106249631_J60_J61_#5more': 46}, {'J10': 18, 'J11': 48, 'J12': 0, 'J13': 40, 'cluster3106249630_3106249631_J60_J61_#5more': 110}, 
4750.0, {'J10': -132074.0, 'J11': -431351.0, 'J12': -5.5, 'J13': -99270.0, 'cluster3106249630_3106249631_J60_J61_#5more': -631255.0}, {'J10': 13, 'J11': 32, 'J12': 3, 'J13': 28, 'cluster3106249630_3106249631_J60_J61_#5more': 46}, {'J10': 18, 'J11': 48, 'J12': 3, 'J13': 40, 'cluster3106249630_3106249631_J60_J61_#5more': 110}, 
4755.0, {'J10': -132254.0, 'J11': -431831.0, 'J12': -11.0, 'J13': -99670.0, 'cluster3106249630_3106249631_J60_J61_#5more': -632355.0}, {'J10': 13, 'J11': 32, 'J12': 1, 'J13': 28, 'cluster3106249630_3106249631_J60_J61_#5more': 46}, {'J10': 18, 'J11': 48, 'J12': 1, 'J13': 40, 'cluster3106249630_3106249631_J60_J61_#5more': 110}, 
4760.0, {'J10': -132434.0, 'J11': -432311.0, 'J12': 0, 'J13': -100070.0, 'cluster3106249630_3106249631_J60_J61_#5more': -633455.0}, {'J10': 13, 'J11': 32, 'J12': 0, 'J13': 28, 'cluster3106249630_3106249631_J60_J61_#5more': 46}, {'J10': 18, 'J11': 48, 'J12': 0, 'J13': 40, 'cluster3106249630_3106249631_J60_J61_#5more': 110}, 
4765.0, {'J10': -132614.0, 'J11': -432791.0, 'J12': 0, 'J13': -98483.0, 'cluster3106249630_3106249631_J60_J61_#5more': -634191.5}, {'J10': 13, 'J11': 32, 'J12': 0, 'J13': 26, 'cluster3106249630_3106249631_J60_J61_#5more': 46}, {'J10': 18, 'J11': 48, 'J12': 0, 'J13': 38, 'cluster3106249630_3106249631_J60_J61_#5more': 109}, 
4770.0, {'J10': -132794.0, 'J11': -433271.0, 'J12': 0, 'J13': -96865.0, 'cluster3106249630_3106249631_J60_J61_#5more': -634909.0}, {'J10': 13, 'J11': 32, 'J12': 0, 'J13': 24, 'cluster3106249630_3106249631_J60_J61_#5more': 46}, {'J10': 18, 'J11': 48, 'J12': 0, 'J13': 36, 'cluster3106249630_3106249631_J60_J61_#5more': 108}, 
4775.0, {'J10': -132974.0, 'J11': -433751.0, 'J12': 0, 'J13': -97225.0, 'cluster3106249630_3106249631_J60_J61_#5more': -635989.0}, {'J10': 13, 'J11': 32, 'J12': 0, 'J13': 24, 'cluster3106249630_3106249631_J60_J61_#5more': 46}, {'J10': 18, 'J11': 48, 'J12': 0, 'J13': 36, 'cluster3106249630_3106249631_J60_J61_#5more': 108}, 
4780.0, {'J10': -133154.0, 'J11': -434231.0, 'J12': 0, 'J13': -97585.0, 'cluster3106249630_3106249631_J60_J61_#5more': -637075.5}, {'J10': 13, 'J11': 32, 'J12': 0, 'J13': 24, 'cluster3106249630_3106249631_J60_J61_#5more': 46}, {'J10': 18, 'J11': 48, 'J12': 0, 'J13': 36, 'cluster3106249630_3106249631_J60_J61_#5more': 110}, 
4785.0, {'J10': -133334.0, 'J11': -434711.0, 'J12': -8.5, 'J13': -97945.0, 'cluster3106249630_3106249631_J60_J61_#5more': -638175.5}, {'J10': 13, 'J11': 32, 'J12': 5, 'J13': 24, 'cluster3106249630_3106249631_J60_J61_#5more': 46}, {'J10': 18, 'J11': 48, 'J12': 5, 'J13': 36, 'cluster3106249630_3106249631_J60_J61_#5more': 110}, 
4790.0, {'J10': -133514.0, 'J11': -435191.0, 'J12': -60.5, 'J13': -98320.0, 'cluster3106249630_3106249631_J60_J61_#5more': -639275.5}, {'J10': 13, 'J11': 32, 'J12': 7, 'J13': 28, 'cluster3106249630_3106249631_J60_J61_#5more': 46}, {'J10': 18, 'J11': 48, 'J12': 7, 'J13': 40, 'cluster3106249630_3106249631_J60_J61_#5more': 110}, 
4795.0, {'J10': -133694.0, 'J11': -435671.0, 'J12': -130.5, 'J13': -98720.0, 'cluster3106249630_3106249631_J60_J61_#5more': -640375.5}, {'J10': 13, 'J11': 32, 'J12': 7, 'J13': 28, 'cluster3106249630_3106249631_J60_J61_#5more': 46}, {'J10': 18, 'J11': 48, 'J12': 7, 'J13': 40, 'cluster3106249630_3106249631_J60_J61_#5more': 110}, 
4800.0, {'J10': -133874.0, 'J11': -436151.0, 'J12': -211.0, 'J13': -99120.0, 'cluster3106249630_3106249631_J60_J61_#5more': -641475.5}, {'J10': 13, 'J11': 32, 'J12': 11, 'J13': 28, 'cluster3106249630_3106249631_J60_J61_#5more': 46}, {'J10': 18, 'J11': 48, 'J12': 12, 'J13': 40, 'cluster3106249630_3106249631_J60_J61_#5more': 110}, 
4805.0, {'J10': -134054.0, 'J11': -436631.0, 'J12': -233.0, 'J13': -99520.0, 'cluster3106249630_3106249631_J60_J61_#5more': -642575.5}, {'J10': 13, 'J11': 32, 'J12': 11, 'J13': 28, 'cluster3106249630_3106249631_J60_J61_#5more': 46}, {'J10': 18, 'J11': 48, 'J12': 11, 'J13': 40, 'cluster3106249630_3106249631_J60_J61_#5more': 110}, 
4810.0, {'J10': -134234.0, 'J11': -437111.0, 'J12': -345.5, 'J13': -99920.0, 'cluster3106249630_3106249631_J60_J61_#5more': -643675.5}, {'J10': 13, 'J11': 32, 'J12': 11, 'J13': 28, 'cluster3106249630_3106249631_J60_J61_#5more': 46}, {'J10': 18, 'J11': 48, 'J12': 12, 'J13': 40, 'cluster3106249630_3106249631_J60_J61_#5more': 110}, 
4815.0, {'J10': -134414.0, 'J11': -437591.0, 'J12': -471.5, 'J13': -100320.0, 'cluster3106249630_3106249631_J60_J61_#5more': -644775.5}, {'J10': 13, 'J11': 32, 'J12': 12, 'J13': 28, 'cluster3106249630_3106249631_J60_J61_#5more': 46}, {'J10': 18, 'J11': 48, 'J12': 14, 'J13': 40, 'cluster3106249630_3106249631_J60_J61_#5more': 110}, 
4820.0, {'J10': -134594.0, 'J11': -438071.0, 'J12': -632.5, 'J13': -100720.0, 'cluster3106249630_3106249631_J60_J61_#5more': -645875.5}, {'J10': 13, 'J11': 32, 'J12': 19, 'J13': 28, 'cluster3106249630_3106249631_J60_J61_#5more': 46}, {'J10': 18, 'J11': 48, 'J12': 21, 'J13': 40, 'cluster3106249630_3106249631_J60_J61_#5more': 110}, 
4825.0, {'J10': -134774.0, 'J11': -438551.0, 'J12': -857.5, 'J13': -101120.0, 'cluster3106249630_3106249631_J60_J61_#5more': -646975.5}, {'J10': 13, 'J11': 32, 'J12': 22, 'J13': 28, 'cluster3106249630_3106249631_J60_J61_#5more': 46}, {'J10': 18, 'J11': 48, 'J12': 25, 'J13': 40, 'cluster3106249630_3106249631_J60_J61_#5more': 110}, 
4830.0, {'J10': -134954.0, 'J11': -439031.0, 'J12': -1107.5, 'J13': -99543.0, 'cluster3106249630_3106249631_J60_J61_#5more': -648075.5}, {'J10': 13, 'J11': 32, 'J12': 22, 'J13': 26, 'cluster3106249630_3106249631_J60_J61_#5more': 46}, {'J10': 18, 'J11': 48, 'J12': 25, 'J13': 38, 'cluster3106249630_3106249631_J60_J61_#5more': 110}, 
4835.0, {'J10': -135134.0, 'J11': -439511.0, 'J12': -1305.0, 'J13': -99923.0, 'cluster3106249630_3106249631_J60_J61_#5more': -640170.5}, {'J10': 13, 'J11': 32, 'J12': 22, 'J13': 26, 'cluster3106249630_3106249631_J60_J61_#5more': 44}, {'J10': 18, 'J11': 48, 'J12': 24, 'J13': 38, 'cluster3106249630_3106249631_J60_J61_#5more': 108}, 
4840.0, {'J10': -135314.0, 'J11': -439991.0, 'J12': -1460.0, 'J13': -100303.0, 'cluster3106249630_3106249631_J60_J61_#5more': -641250.5}, {'J10': 13, 'J11': 32, 'J12': 22, 'J13': 26, 'cluster3106249630_3106249631_J60_J61_#5more': 44}, {'J10': 18, 'J11': 48, 'J12': 22, 'J13': 38, 'cluster3106249630_3106249631_J60_J61_#5more': 108}, 
4845.0, {'J10': -135494.0, 'J11': -440471.0, 'J12': -1224.5, 'J13': -100683.0, 'cluster3106249630_3106249631_J60_J61_#5more': -642330.5}, {'J10': 13, 'J11': 32, 'J12': 18, 'J13': 26, 'cluster3106249630_3106249631_J60_J61_#5more': 44}, {'J10': 18, 'J11': 48, 'J12': 18, 'J13': 38, 'cluster3106249630_3106249631_J60_J61_#5more': 108}, 
4850.0, {'J10': -135674.0, 'J11': -440951.0, 'J12': -1029.0, 'J13': -101063.0, 'cluster3106249630_3106249631_J60_J61_#5more': -643410.5}, {'J10': 13, 'J11': 32, 'J12': 14, 'J13': 26, 'cluster3106249630_3106249631_J60_J61_#5more': 44}, {'J10': 18, 'J11': 48, 'J12': 14, 'J13': 38, 'cluster3106249630_3106249631_J60_J61_#5more': 108}, 
4855.0, {'J10': -135854.0, 'J11': -441431.0, 'J12': -683.0, 'J13': -101452.0, 'cluster3106249630_3106249631_J60_J61_#5more': -644490.5}, {'J10': 13, 'J11': 32, 'J12': 9, 'J13': 28, 'cluster3106249630_3106249631_J60_J61_#5more': 44}, {'J10': 18, 'J11': 48, 'J12': 9, 'J13': 40, 'cluster3106249630_3106249631_J60_J61_#5more': 108}, 
4860.0, {'J10': -136034.0, 'J11': -441911.0, 'J12': -311.0, 'J13': -101852.0, 'cluster3106249630_3106249631_J60_J61_#5more': -645570.5}, {'J10': 13, 'J11': 32, 'J12': 4, 'J13': 28, 'cluster3106249630_3106249631_J60_J61_#5more': 44}, {'J10': 18, 'J11': 48, 'J12': 4, 'J13': 40, 'cluster3106249630_3106249631_J60_J61_#5more': 108}, 
4865.0, {'J10': -136214.0, 'J11': -442391.0, 'J12': 0, 'J13': -102252.0, 'cluster3106249630_3106249631_J60_J61_#5more': -646652.0}, {'J10': 13, 'J11': 32, 'J12': 0, 'J13': 28, 'cluster3106249630_3106249631_J60_J61_#5more': 45}, {'J10': 18, 'J11': 48, 'J12': 0, 'J13': 40, 'cluster3106249630_3106249631_J60_J61_#5more': 109}, 
4870.0, {'J10': -136394.0, 'J11': -442871.0, 'J12': 0, 'J13': -102652.0, 'cluster3106249630_3106249631_J60_J61_#5more': -647742.0}, {'J10': 13, 'J11': 32, 'J12': 0, 'J13': 28, 'cluster3106249630_3106249631_J60_J61_#5more': 45}, {'J10': 18, 'J11': 48, 'J12': 0, 'J13': 40, 'cluster3106249630_3106249631_J60_J61_#5more': 109}, 
4875.0, {'J10': -136574.0, 'J11': -443351.0, 'J12': 0, 'J13': -103052.0, 'cluster3106249630_3106249631_J60_J61_#5more': -648832.0}, {'J10': 13, 'J11': 32, 'J12': 0, 'J13': 28, 'cluster3106249630_3106249631_J60_J61_#5more': 45}, {'J10': 18, 'J11': 48, 'J12': 0, 'J13': 40, 'cluster3106249630_3106249631_J60_J61_#5more': 109}, 
4880.0, {'J10': -136754.0, 'J11': -443831.0, 'J12': -0.5, 'J13': -103452.0, 'cluster3106249630_3106249631_J60_J61_#5more': -649922.0}, {'J10': 13, 'J11': 32, 'J12': 1, 'J13': 28, 'cluster3106249630_3106249631_J60_J61_#5more': 45}, {'J10': 18, 'J11': 48, 'J12': 1, 'J13': 40, 'cluster3106249630_3106249631_J60_J61_#5more': 109}, 
4885.0, {'J10': -136934.0, 'J11': -444311.0, 'J12': 0, 'J13': -103852.0, 'cluster3106249630_3106249631_J60_J61_#5more': -651012.0}, {'J10': 13, 'J11': 32, 'J12': 0, 'J13': 28, 'cluster3106249630_3106249631_J60_J61_#5more': 45}, {'J10': 18, 'J11': 48, 'J12': 0, 'J13': 40, 'cluster3106249630_3106249631_J60_J61_#5more': 109}, 
4890.0, {'J10': -137114.0, 'J11': -444791.0, 'J12': 0, 'J13': -104252.0, 'cluster3106249630_3106249631_J60_J61_#5more': -652102.0}, {'J10': 13, 'J11': 32, 'J12': 0, 'J13': 28, 'cluster3106249630_3106249631_J60_J61_#5more': 45}, {'J10': 18, 'J11': 48, 'J12': 0, 'J13': 40, 'cluster3106249630_3106249631_J60_J61_#5more': 109}, 
4895.0, {'J10': -137294.0, 'J11': -445271.0, 'J12': 0, 'J13': -102407.0, 'cluster3106249630_3106249631_J60_J61_#5more': -650169.0}, {'J10': 13, 'J11': 32, 'J12': 0, 'J13': 26, 'cluster3106249630_3106249631_J60_J61_#5more': 44}, {'J10': 18, 'J11': 48, 'J12': 0, 'J13': 38, 'cluster3106249630_3106249631_J60_J61_#5more': 108}, 
4900.0, {'J10': -137474.0, 'J11': -445751.0, 'J12': 0, 'J13': -102787.0, 'cluster3106249630_3106249631_J60_J61_#5more': -645638.5}, {'J10': 13, 'J11': 32, 'J12': 0, 'J13': 26, 'cluster3106249630_3106249631_J60_J61_#5more': 43}, {'J10': 18, 'J11': 48, 'J12': 0, 'J13': 38, 'cluster3106249630_3106249631_J60_J61_#5more': 107}, 
4905.0, {'J10': -137654.0, 'J11': -446231.0, 'J12': -2.5, 'J13': -103167.0, 'cluster3106249630_3106249631_J60_J61_#5more': -646708.5}, {'J10': 13, 'J11': 32, 'J12': 1, 'J13': 26, 'cluster3106249630_3106249631_J60_J61_#5more': 43}, {'J10': 18, 'J11': 48, 'J12': 1, 'J13': 38, 'cluster3106249630_3106249631_J60_J61_#5more': 107}, 
4910.0, {'J10': -137834.0, 'J11': -446711.0, 'J12': 0, 'J13': -103547.0, 'cluster3106249630_3106249631_J60_J61_#5more': -647778.5}, {'J10': 13, 'J11': 32, 'J12': 0, 'J13': 26, 'cluster3106249630_3106249631_J60_J61_#5more': 43}, {'J10': 18, 'J11': 48, 'J12': 0, 'J13': 38, 'cluster3106249630_3106249631_J60_J61_#5more': 107}, 
4915.0, {'J10': -138014.0, 'J11': -447191.0, 'J12': 0, 'J13': -103929.5, 'cluster3106249630_3106249631_J60_J61_#5more': -648848.5}, {'J10': 13, 'J11': 32, 'J12': 0, 'J13': 27, 'cluster3106249630_3106249631_J60_J61_#5more': 43}, {'J10': 18, 'J11': 48, 'J12': 0, 'J13': 39, 'cluster3106249630_3106249631_J60_J61_#5more': 107}, 
4920.0, {'J10': -138194.0, 'J11': -447671.0, 'J12': 0, 'J13': -104324.5, 'cluster3106249630_3106249631_J60_J61_#5more': -649918.5}, {'J10': 13, 'J11': 32, 'J12': 0, 'J13': 28, 'cluster3106249630_3106249631_J60_J61_#5more': 43}, {'J10': 18, 'J11': 48, 'J12': 0, 'J13': 40, 'cluster3106249630_3106249631_J60_J61_#5more': 107}, 
4925.0, {'J10': -138374.0, 'J11': -448151.0, 'J12': 0, 'J13': -104724.5, 'cluster3106249630_3106249631_J60_J61_#5more': -650989.5}, {'J10': 13, 'J11': 32, 'J12': 0, 'J13': 28, 'cluster3106249630_3106249631_J60_J61_#5more': 44}, {'J10': 18, 'J11': 48, 'J12': 0, 'J13': 40, 'cluster3106249630_3106249631_J60_J61_#5more': 108}, 
4930.0, {'J10': -138554.0, 'J11': -448631.0, 'J12': -15.0, 'J13': -105124.5, 'cluster3106249630_3106249631_J60_J61_#5more': -652074.0}, {'J10': 13, 'J11': 32, 'J12': 4, 'J13': 28, 'cluster3106249630_3106249631_J60_J61_#5more': 45}, {'J10': 18, 'J11': 48, 'J12': 4, 'J13': 40, 'cluster3106249630_3106249631_J60_J61_#5more': 109}, 
4935.0, {'J10': -138734.0, 'J11': -449111.0, 'J12': -66.5, 'J13': -105524.5, 'cluster3106249630_3106249631_J60_J61_#5more': -653164.0}, {'J10': 13, 'J11': 32, 'J12': 8, 'J13': 28, 'cluster3106249630_3106249631_J60_J61_#5more': 45}, {'J10': 18, 'J11': 48, 'J12': 8, 'J13': 40, 'cluster3106249630_3106249631_J60_J61_#5more': 109}, 
4940.0, {'J10': -138914.0, 'J11': -449591.0, 'J12': -146.5, 'J13': -105924.5, 'cluster3106249630_3106249631_J60_J61_#5more': -654254.0}, {'J10': 13, 'J11': 32, 'J12': 8, 'J13': 28, 'cluster3106249630_3106249631_J60_J61_#5more': 45}, {'J10': 18, 'J11': 48, 'J12': 8, 'J13': 40, 'cluster3106249630_3106249631_J60_J61_#5more': 109}, 
4945.0, {'J10': -139094.0, 'J11': -450071.0, 'J12': -226.5, 'J13': -106324.5, 'cluster3106249630_3106249631_J60_J61_#5more': -655347.5}, {'J10': 13, 'J11': 32, 'J12': 8, 'J13': 28, 'cluster3106249630_3106249631_J60_J61_#5more': 46}, {'J10': 18, 'J11': 48, 'J12': 8, 'J13': 40, 'cluster3106249630_3106249631_J60_J61_#5more': 110}, 
4950.0, {'J10': -139274.0, 'J11': -450551.0, 'J12': -311.0, 'J13': -106724.5, 'cluster3106249630_3106249631_J60_J61_#5more': -656447.5}, {'J10': 13, 'J11': 32, 'J12': 10, 'J13': 28, 'cluster3106249630_3106249631_J60_J61_#5more': 46}, {'J10': 18, 'J11': 48, 'J12': 10, 'J13': 40, 'cluster3106249630_3106249631_J60_J61_#5more': 110}, 
4955.0, {'J10': -139454.0, 'J11': -451031.0, 'J12': -411.0, 'J13': -107124.5, 'cluster3106249630_3106249631_J60_J61_#5more': -657547.5}, {'J10': 13, 'J11': 32, 'J12': 10, 'J13': 28, 'cluster3106249630_3106249631_J60_J61_#5more': 46}, {'J10': 18, 'J11': 48, 'J12': 10, 'J13': 40, 'cluster3106249630_3106249631_J60_J61_#5more': 110}, 
4960.0, {'J10': -139634.0, 'J11': -451511.0, 'J12': -511.0, 'J13': -104165.0, 'cluster3106249630_3106249631_J60_J61_#5more': -657401.0}, {'J10': 13, 'J11': 32, 'J12': 10, 'J13': 25, 'cluster3106249630_3106249631_J60_J61_#5more': 46}, {'J10': 18, 'J11': 48, 'J12': 10, 'J13': 37, 'cluster3106249630_3106249631_J60_J61_#5more': 108}, 
4965.0, {'J10': -139814.0, 'J11': -451991.0, 'J12': -611.0, 'J13': -104535.0, 'cluster3106249630_3106249631_J60_J61_#5more': -658481.0}, {'J10': 13, 'J11': 32, 'J12': 10, 'J13': 25, 'cluster3106249630_3106249631_J60_J61_#5more': 46}, {'J10': 18, 'J11': 48, 'J12': 10, 'J13': 37, 'cluster3106249630_3106249631_J60_J61_#5more': 108}, 
4970.0, {'J10': -139994.0, 'J11': -452471.0, 'J12': -711.0, 'J13': -104905.0, 'cluster3106249630_3106249631_J60_J61_#5more': -659561.0}, {'J10': 13, 'J11': 32, 'J12': 10, 'J13': 25, 'cluster3106249630_3106249631_J60_J61_#5more': 46}, {'J10': 18, 'J11': 48, 'J12': 10, 'J13': 37, 'cluster3106249630_3106249631_J60_J61_#5more': 108}, 
4975.0, {'J10': -140174.0, 'J11': -452951.0, 'J12': -811.0, 'J13': -105275.0, 'cluster3106249630_3106249631_J60_J61_#5more': -660646.5}, {'J10': 13, 'J11': 32, 'J12': 10, 'J13': 25, 'cluster3106249630_3106249631_J60_J61_#5more': 46}, {'J10': 18, 'J11': 48, 'J12': 10, 'J13': 37, 'cluster3106249630_3106249631_J60_J61_#5more': 110}, 
4980.0, {'J10': -140354.0, 'J11': -453431.0, 'J12': -911.0, 'J13': -105645.5, 'cluster3106249630_3106249631_J60_J61_#5more': -661746.5}, {'J10': 13, 'J11': 32, 'J12': 10, 'J13': 26, 'cluster3106249630_3106249631_J60_J61_#5more': 46}, {'J10': 18, 'J11': 48, 'J12': 10, 'J13': 38, 'cluster3106249630_3106249631_J60_J61_#5more': 110}, 
4985.0, {'J10': -140534.0, 'J11': -453911.0, 'J12': -1011.0, 'J13': -106025.5, 'cluster3106249630_3106249631_J60_J61_#5more': -662846.5}, {'J10': 13, 'J11': 32, 'J12': 10, 'J13': 26, 'cluster3106249630_3106249631_J60_J61_#5more': 46}, {'J10': 18, 'J11': 48, 'J12': 10, 'J13': 38, 'cluster3106249630_3106249631_J60_J61_#5more': 110}, 
4990.0, {'J10': -140714.0, 'J11': -454391.0, 'J12': -1111.0, 'J13': -106411.0, 'cluster3106249630_3106249631_J60_J61_#5more': -663946.5}, {'J10': 13, 'J11': 32, 'J12': 10, 'J13': 28, 'cluster3106249630_3106249631_J60_J61_#5more': 46}, {'J10': 18, 'J11': 48, 'J12': 10, 'J13': 40, 'cluster3106249630_3106249631_J60_J61_#5more': 110}, 
4995.0, {'J10': -140894.0, 'J11': -454871.0, 'J12': -1211.0, 'J13': -106811.0, 'cluster3106249630_3106249631_J60_J61_#5more': -665046.5}, {'J10': 13, 'J11': 32, 'J12': 10, 'J13': 28, 'cluster3106249630_3106249631_J60_J61_#5more': 46}, {'J10': 18, 'J11': 48, 'J12': 10, 'J13': 40, 'cluster3106249630_3106249631_J60_J61_#5more': 110}, 
5000.0, {'J10': -141074.0, 'J11': -455351.0, 'J12': -1311.0, 'J13': -107211.0, 'cluster3106249630_3106249631_J60_J61_#5more': -666146.5}, {'J10': 13, 'J11': 32, 'J12': 10, 'J13': 28, 'cluster3106249630_3106249631_J60_J61_#5more': 46}, {'J10': 18, 'J11': 48, 'J12': 10, 'J13': 40, 'cluster3106249630_3106249631_J60_J61_#5more': 110}, 
5005.0, {'J10': -141254.0, 'J11': -455831.0, 'J12': -1411.0, 'J13': -107611.0, 'cluster3106249630_3106249631_J60_J61_#5more': -667246.5}, {'J10': 13, 'J11': 32, 'J12': 10, 'J13': 28, 'cluster3106249630_3106249631_J60_J61_#5more': 46}, {'J10': 18, 'J11': 48, 'J12': 10, 'J13': 40, 'cluster3106249630_3106249631_J60_J61_#5more': 110}, 
5010.0, {'J10': -141434.0, 'J11': -456311.0, 'J12': -1511.0, 'J13': -108011.0, 'cluster3106249630_3106249631_J60_J61_#5more': -668346.5}, {'J10': 13, 'J11': 32, 'J12': 10, 'J13': 28, 'cluster3106249630_3106249631_J60_J61_#5more': 46}, {'J10': 18, 'J11': 48, 'J12': 10, 'J13': 40, 'cluster3106249630_3106249631_J60_J61_#5more': 110}, 
5015.0, {'J10': -141614.0, 'J11': -456791.0, 'J12': -1611.0, 'J13': -108411.0, 'cluster3106249630_3106249631_J60_J61_#5more': -669446.5}, {'J10': 13, 'J11': 32, 'J12': 10, 'J13': 28, 'cluster3106249630_3106249631_J60_J61_#5more': 46}, {'J10': 18, 'J11': 48, 'J12': 10, 'J13': 40, 'cluster3106249630_3106249631_J60_J61_#5more': 110}, 
5020.0, {'J10': -141794.0, 'J11': -457271.0, 'J12': -1711.0, 'J13': -108811.0, 'cluster3106249630_3106249631_J60_J61_#5more': -670546.5}, {'J10': 13, 'J11': 32, 'J12': 10, 'J13': 28, 'cluster3106249630_3106249631_J60_J61_#5more': 46}, {'J10': 18, 'J11': 48, 'J12': 10, 'J13': 40, 'cluster3106249630_3106249631_J60_J61_#5more': 110}, 
5025.0, {'J10': -141974.0, 'J11': -457751.0, 'J12': -1811.0, 'J13': -106956.0, 'cluster3106249630_3106249631_J60_J61_#5more': -671022.5}, {'J10': 13, 'J11': 32, 'J12': 10, 'J13': 26, 'cluster3106249630_3106249631_J60_J61_#5more': 46}, {'J10': 18, 'J11': 48, 'J12': 10, 'J13': 38, 'cluster3106249630_3106249631_J60_J61_#5more': 109}, 
5030.0, {'J10': -142154.0, 'J11': -458231.0, 'J12': -1911.0, 'J13': -105190.5, 'cluster3106249630_3106249631_J60_J61_#5more': -671480.0}, {'J10': 13, 'J11': 32, 'J12': 10, 'J13': 24, 'cluster3106249630_3106249631_J60_J61_#5more': 46}, {'J10': 18, 'J11': 48, 'J12': 10, 'J13': 36, 'cluster3106249630_3106249631_J60_J61_#5more': 108}, 
5035.0, {'J10': -142334.0, 'J11': -458711.0, 'J12': -2011.0, 'J13': -105550.5, 'cluster3106249630_3106249631_J60_J61_#5more': -672560.0}, {'J10': 13, 'J11': 32, 'J12': 10, 'J13': 24, 'cluster3106249630_3106249631_J60_J61_#5more': 46}, {'J10': 18, 'J11': 48, 'J12': 10, 'J13': 36, 'cluster3106249630_3106249631_J60_J61_#5more': 108}, 
5040.0, {'J10': -142514.0, 'J11': -459191.0, 'J12': -2111.0, 'J13': -105910.5, 'cluster3106249630_3106249631_J60_J61_#5more': -673646.0}, {'J10': 13, 'J11': 32, 'J12': 10, 'J13': 24, 'cluster3106249630_3106249631_J60_J61_#5more': 46}, {'J10': 18, 'J11': 48, 'J12': 10, 'J13': 36, 'cluster3106249630_3106249631_J60_J61_#5more': 110}, 
5045.0, {'J10': -142694.0, 'J11': -459671.0, 'J12': -2211.0, 'J13': -106270.5, 'cluster3106249630_3106249631_J60_J61_#5more': -674746.0}, {'J10': 13, 'J11': 32, 'J12': 10, 'J13': 24, 'cluster3106249630_3106249631_J60_J61_#5more': 46}, {'J10': 18, 'J11': 48, 'J12': 10, 'J13': 36, 'cluster3106249630_3106249631_J60_J61_#5more': 110}, 
5050.0, {'J10': -142874.0, 'J11': -460151.0, 'J12': -2311.0, 'J13': -106637.5, 'cluster3106249630_3106249631_J60_J61_#5more': -675846.0}, {'J10': 13, 'J11': 32, 'J12': 10, 'J13': 26, 'cluster3106249630_3106249631_J60_J61_#5more': 46}, {'J10': 18, 'J11': 48, 'J12': 10, 'J13': 38, 'cluster3106249630_3106249631_J60_J61_#5more': 110}, 
5055.0, {'J10': -143054.0, 'J11': -460631.0, 'J12': -2411.0, 'J13': -107022.0, 'cluster3106249630_3106249631_J60_J61_#5more': -676946.0}, {'J10': 13, 'J11': 32, 'J12': 10, 'J13': 28, 'cluster3106249630_3106249631_J60_J61_#5more': 46}, {'J10': 18, 'J11': 48, 'J12': 10, 'J13': 40, 'cluster3106249630_3106249631_J60_J61_#5more': 110}, 
5060.0, {'J10': -143234.0, 'J11': -461111.0, 'J12': -2511.0, 'J13': -107422.0, 'cluster3106249630_3106249631_J60_J61_#5more': -678046.0}, {'J10': 13, 'J11': 32, 'J12': 10, 'J13': 28, 'cluster3106249630_3106249631_J60_J61_#5more': 46}, {'J10': 18, 'J11': 48, 'J12': 10, 'J13': 40, 'cluster3106249630_3106249631_J60_J61_#5more': 110}, 
5065.0, {'J10': -143414.0, 'J11': -461591.0, 'J12': -2611.0, 'J13': -107822.0, 'cluster3106249630_3106249631_J60_J61_#5more': -679146.0}, {'J10': 13, 'J11': 32, 'J12': 10, 'J13': 28, 'cluster3106249630_3106249631_J60_J61_#5more': 46}, {'J10': 18, 'J11': 48, 'J12': 10, 'J13': 40, 'cluster3106249630_3106249631_J60_J61_#5more': 110}, 
5070.0, {'J10': -143594.0, 'J11': -462071.0, 'J12': -2711.0, 'J13': -108222.0, 'cluster3106249630_3106249631_J60_J61_#5more': -680246.0}, {'J10': 13, 'J11': 32, 'J12': 10, 'J13': 28, 'cluster3106249630_3106249631_J60_J61_#5more': 46}, {'J10': 18, 'J11': 48, 'J12': 10, 'J13': 40, 'cluster3106249630_3106249631_J60_J61_#5more': 110}, 
5075.0, {'J10': -143774.0, 'J11': -462551.0, 'J12': -2811.0, 'J13': -108622.0, 'cluster3106249630_3106249631_J60_J61_#5more': -681346.0}, {'J10': 13, 'J11': 32, 'J12': 10, 'J13': 28, 'cluster3106249630_3106249631_J60_J61_#5more': 46}, {'J10': 18, 'J11': 48, 'J12': 10, 'J13': 40, 'cluster3106249630_3106249631_J60_J61_#5more': 110}, 
5080.0, {'J10': -143954.0, 'J11': -463031.0, 'J12': -2911.0, 'J13': -109022.0, 'cluster3106249630_3106249631_J60_J61_#5more': -682446.0}, {'J10': 13, 'J11': 32, 'J12': 10, 'J13': 28, 'cluster3106249630_3106249631_J60_J61_#5more': 46}, {'J10': 18, 'J11': 48, 'J12': 10, 'J13': 40, 'cluster3106249630_3106249631_J60_J61_#5more': 110}, 
5085.0, {'J10': -144134.0, 'J11': -463511.0, 'J12': -3011.0, 'J13': -109422.0, 'cluster3106249630_3106249631_J60_J61_#5more': -683546.0}, {'J10': 13, 'J11': 32, 'J12': 10, 'J13': 28, 'cluster3106249630_3106249631_J60_J61_#5more': 46}, {'J10': 18, 'J11': 48, 'J12': 10, 'J13': 40, 'cluster3106249630_3106249631_J60_J61_#5more': 110}, 
5090.0, {'J10': -144314.0, 'J11': -463991.0, 'J12': -3111.0, 'J13': -107443.5, 'cluster3106249630_3106249631_J60_J61_#5more': -684022.0}, {'J10': 13, 'J11': 32, 'J12': 10, 'J13': 26, 'cluster3106249630_3106249631_J60_J61_#5more': 46}, {'J10': 18, 'J11': 48, 'J12': 10, 'J13': 38, 'cluster3106249630_3106249631_J60_J61_#5more': 109}, 
5095.0, {'J10': -144494.0, 'J11': -464471.0, 'J12': -3211.0, 'J13': -105938.0, 'cluster3106249630_3106249631_J60_J61_#5more': -684479.5}, {'J10': 13, 'J11': 32, 'J12': 10, 'J13': 24, 'cluster3106249630_3106249631_J60_J61_#5more': 46}, {'J10': 18, 'J11': 48, 'J12': 10, 'J13': 36, 'cluster3106249630_3106249631_J60_J61_#5more': 108}, 
5100.0, {'J10': -144674.0, 'J11': -464951.0, 'J12': -3311.0, 'J13': -106298.0, 'cluster3106249630_3106249631_J60_J61_#5more': -685559.5}, {'J10': 13, 'J11': 32, 'J12': 10, 'J13': 24, 'cluster3106249630_3106249631_J60_J61_#5more': 46}, {'J10': 18, 'J11': 48, 'J12': 10, 'J13': 36, 'cluster3106249630_3106249631_J60_J61_#5more': 108}, 
5105.0, {'J10': -144854.0, 'J11': -465431.0, 'J12': -3411.0, 'J13': -106658.0, 'cluster3106249630_3106249631_J60_J61_#5more': -686645.5}, {'J10': 13, 'J11': 32, 'J12': 10, 'J13': 24, 'cluster3106249630_3106249631_J60_J61_#5more': 46}, {'J10': 18, 'J11': 48, 'J12': 10, 'J13': 36, 'cluster3106249630_3106249631_J60_J61_#5more': 110}, 
5110.0, {'J10': -145034.0, 'J11': -465911.0, 'J12': -3511.0, 'J13': -107018.0, 'cluster3106249630_3106249631_J60_J61_#5more': -678382.5}, {'J10': 13, 'J11': 32, 'J12': 10, 'J13': 24, 'cluster3106249630_3106249631_J60_J61_#5more': 44}, {'J10': 18, 'J11': 48, 'J12': 10, 'J13': 36, 'cluster3106249630_3106249631_J60_J61_#5more': 108}, 
5115.0, {'J10': -145214.0, 'J11': -466391.0, 'J12': -3611.0, 'J13': -107387.5, 'cluster3106249630_3106249631_J60_J61_#5more': -679462.5}, {'J10': 13, 'J11': 32, 'J12': 10, 'J13': 27, 'cluster3106249630_3106249631_J60_J61_#5more': 44}, {'J10': 18, 'J11': 48, 'J12': 10, 'J13': 39, 'cluster3106249630_3106249631_J60_J61_#5more': 108}, 
5120.0, {'J10': -145394.0, 'J11': -466871.0, 'J12': -3711.0, 'J13': -107780.5, 'cluster3106249630_3106249631_J60_J61_#5more': -680542.5}, {'J10': 13, 'J11': 32, 'J12': 10, 'J13': 28, 'cluster3106249630_3106249631_J60_J61_#5more': 44}, {'J10': 18, 'J11': 48, 'J12': 10, 'J13': 40, 'cluster3106249630_3106249631_J60_J61_#5more': 108}, 
5125.0, {'J10': -145574.0, 'J11': -467351.0, 'J12': -3811.0, 'J13': -108180.5, 'cluster3106249630_3106249631_J60_J61_#5more': -681622.5}, {'J10': 13, 'J11': 32, 'J12': 10, 'J13': 28, 'cluster3106249630_3106249631_J60_J61_#5more': 44}, {'J10': 18, 'J11': 48, 'J12': 10, 'J13': 40, 'cluster3106249630_3106249631_J60_J61_#5more': 108}, 
5130.0, {'J10': -145754.0, 'J11': -467831.0, 'J12': -3911.0, 'J13': -108580.5, 'cluster3106249630_3106249631_J60_J61_#5more': -682702.5}, {'J10': 13, 'J11': 32, 'J12': 10, 'J13': 28, 'cluster3106249630_3106249631_J60_J61_#5more': 44}, {'J10': 18, 'J11': 48, 'J12': 10, 'J13': 40, 'cluster3106249630_3106249631_J60_J61_#5more': 108}, 
5135.0, {'J10': -145934.0, 'J11': -468311.0, 'J12': -4011.0, 'J13': -108980.5, 'cluster3106249630_3106249631_J60_J61_#5more': -683782.5}, {'J10': 13, 'J11': 32, 'J12': 10, 'J13': 28, 'cluster3106249630_3106249631_J60_J61_#5more': 44}, {'J10': 18, 'J11': 48, 'J12': 10, 'J13': 40, 'cluster3106249630_3106249631_J60_J61_#5more': 108}, 
5140.0, {'J10': -146114.0, 'J11': -468791.0, 'J12': -4111.0, 'J13': -109380.5, 'cluster3106249630_3106249631_J60_J61_#5more': -684868.5}, {'J10': 13, 'J11': 32, 'J12': 10, 'J13': 28, 'cluster3106249630_3106249631_J60_J61_#5more': 46}, {'J10': 18, 'J11': 48, 'J12': 10, 'J13': 40, 'cluster3106249630_3106249631_J60_J61_#5more': 110}, 
5145.0, {'J10': -146294.0, 'J11': -469271.0, 'J12': -4211.0, 'J13': -109780.5, 'cluster3106249630_3106249631_J60_J61_#5more': -685968.5}, {'J10': 13, 'J11': 32, 'J12': 10, 'J13': 28, 'cluster3106249630_3106249631_J60_J61_#5more': 46}, {'J10': 18, 'J11': 48, 'J12': 10, 'J13': 40, 'cluster3106249630_3106249631_J60_J61_#5more': 110}, 
5150.0, {'J10': -146474.0, 'J11': -469751.0, 'J12': -4311.0, 'J13': -110180.5, 'cluster3106249630_3106249631_J60_J61_#5more': -687068.5}, {'J10': 13, 'J11': 32, 'J12': 10, 'J13': 28, 'cluster3106249630_3106249631_J60_J61_#5more': 46}, {'J10': 18, 'J11': 48, 'J12': 10, 'J13': 40, 'cluster3106249630_3106249631_J60_J61_#5more': 110}, 
5155.0, {'J10': -146654.0, 'J11': -470231.0, 'J12': -4411.0, 'J13': -108463.5, 'cluster3106249630_3106249631_J60_J61_#5more': -687805.0}, {'J10': 13, 'J11': 32, 'J12': 10, 'J13': 26, 'cluster3106249630_3106249631_J60_J61_#5more': 46}, {'J10': 18, 'J11': 48, 'J12': 10, 'J13': 38, 'cluster3106249630_3106249631_J60_J61_#5more': 109}, 
5160.0, {'J10': -146834.0, 'J11': -470711.0, 'J12': -4511.0, 'J13': -106837.0, 'cluster3106249630_3106249631_J60_J61_#5more': -688895.0}, {'J10': 13, 'J11': 32, 'J12': 10, 'J13': 24, 'cluster3106249630_3106249631_J60_J61_#5more': 46}, {'J10': 18, 'J11': 48, 'J12': 10, 'J13': 36, 'cluster3106249630_3106249631_J60_J61_#5more': 109}, 
5165.0, {'J10': -147014.0, 'J11': -471191.0, 'J12': -4611.0, 'J13': -107197.0, 'cluster3106249630_3106249631_J60_J61_#5more': -689985.0}, {'J10': 13, 'J11': 32, 'J12': 10, 'J13': 24, 'cluster3106249630_3106249631_J60_J61_#5more': 46}, {'J10': 18, 'J11': 48, 'J12': 10, 'J13': 36, 'cluster3106249630_3106249631_J60_J61_#5more': 109}, 
5170.0, {'J10': -147194.0, 'J11': -471671.0, 'J12': -4711.0, 'J13': -107557.0, 'cluster3106249630_3106249631_J60_J61_#5more': -691075.0}, {'J10': 13, 'J11': 32, 'J12': 10, 'J13': 24, 'cluster3106249630_3106249631_J60_J61_#5more': 46}, {'J10': 18, 'J11': 48, 'J12': 10, 'J13': 36, 'cluster3106249630_3106249631_J60_J61_#5more': 109}, 
5175.0, {'J10': -147374.0, 'J11': -472151.0, 'J12': -4811.0, 'J13': -107917.0, 'cluster3106249630_3106249631_J60_J61_#5more': -682920.0}, {'J10': 13, 'J11': 32, 'J12': 10, 'J13': 24, 'cluster3106249630_3106249631_J60_J61_#5more': 44}, {'J10': 18, 'J11': 48, 'J12': 10, 'J13': 36, 'cluster3106249630_3106249631_J60_J61_#5more': 107}, 
5180.0, {'J10': -147554.0, 'J11': -472631.0, 'J12': -4911.0, 'J13': -108288.0, 'cluster3106249630_3106249631_J60_J61_#5more': -683990.0}, {'J10': 13, 'J11': 32, 'J12': 10, 'J13': 27, 'cluster3106249630_3106249631_J60_J61_#5more': 44}, {'J10': 18, 'J11': 48, 'J12': 10, 'J13': 39, 'cluster3106249630_3106249631_J60_J61_#5more': 107}, 
5185.0, {'J10': -147734.0, 'J11': -473111.0, 'J12': -5011.0, 'J13': -108682.5, 'cluster3106249630_3106249631_J60_J61_#5more': -685060.0}, {'J10': 13, 'J11': 32, 'J12': 10, 'J13': 28, 'cluster3106249630_3106249631_J60_J61_#5more': 44}, {'J10': 18, 'J11': 48, 'J12': 10, 'J13': 40, 'cluster3106249630_3106249631_J60_J61_#5more': 107}, 
5190.0, {'J10': -147914.0, 'J11': -473591.0, 'J12': -5111.0, 'J13': -109082.5, 'cluster3106249630_3106249631_J60_J61_#5more': -686130.0}, {'J10': 13, 'J11': 32, 'J12': 10, 'J13': 28, 'cluster3106249630_3106249631_J60_J61_#5more': 44}, {'J10': 18, 'J11': 48, 'J12': 10, 'J13': 40, 'cluster3106249630_3106249631_J60_J61_#5more': 107}, 
5195.0, {'J10': -148094.0, 'J11': -474071.0, 'J12': -5211.0, 'J13': -109482.5, 'cluster3106249630_3106249631_J60_J61_#5more': -687200.0}, {'J10': 13, 'J11': 32, 'J12': 10, 'J13': 28, 'cluster3106249630_3106249631_J60_J61_#5more': 44}, {'J10': 18, 'J11': 48, 'J12': 10, 'J13': 40, 'cluster3106249630_3106249631_J60_J61_#5more': 107}, 
5200.0, {'J10': -148274.0, 'J11': -474551.0, 'J12': -5311.0, 'J13': -109882.5, 'cluster3106249630_3106249631_J60_J61_#5more': -688273.5}, {'J10': 13, 'J11': 32, 'J12': 10, 'J13': 28, 'cluster3106249630_3106249631_J60_J61_#5more': 44}, {'J10': 18, 'J11': 48, 'J12': 10, 'J13': 40, 'cluster3106249630_3106249631_J60_J61_#5more': 108}, 
5205.0, {'J10': -148454.0, 'J11': -475031.0, 'J12': -5411.0, 'J13': -110282.5, 'cluster3106249630_3106249631_J60_J61_#5more': -689359.0}, {'J10': 13, 'J11': 32, 'J12': 10, 'J13': 28, 'cluster3106249630_3106249631_J60_J61_#5more': 46}, {'J10': 18, 'J11': 48, 'J12': 10, 'J13': 40, 'cluster3106249630_3106249631_J60_J61_#5more': 110}, 
5210.0, {'J10': -148634.0, 'J11': -475511.0, 'J12': -5511.0, 'J13': -110682.5, 'cluster3106249630_3106249631_J60_J61_#5more': -690459.0}, {'J10': 13, 'J11': 32, 'J12': 10, 'J13': 28, 'cluster3106249630_3106249631_J60_J61_#5more': 46}, {'J10': 18, 'J11': 48, 'J12': 10, 'J13': 40, 'cluster3106249630_3106249631_J60_J61_#5more': 110}, 
5215.0, {'J10': -148814.0, 'J11': -475991.0, 'J12': -5611.0, 'J13': -111082.5, 'cluster3106249630_3106249631_J60_J61_#5more': -691559.0}, {'J10': 13, 'J11': 32, 'J12': 10, 'J13': 28, 'cluster3106249630_3106249631_J60_J61_#5more': 46}, {'J10': 18, 'J11': 48, 'J12': 10, 'J13': 40, 'cluster3106249630_3106249631_J60_J61_#5more': 110}, 
5220.0, {'J10': -148994.0, 'J11': -476471.0, 'J12': -5711.0, 'J13': -108372.5, 'cluster3106249630_3106249631_J60_J61_#5more': -692659.0}, {'J10': 13, 'J11': 32, 'J12': 10, 'J13': 25, 'cluster3106249630_3106249631_J60_J61_#5more': 46}, {'J10': 18, 'J11': 48, 'J12': 10, 'J13': 37, 'cluster3106249630_3106249631_J60_J61_#5more': 110}, 
5225.0, {'J10': -149174.0, 'J11': -476951.0, 'J12': -5811.0, 'J13': -107610.5, 'cluster3106249630_3106249631_J60_J61_#5more': -693759.0}, {'J10': 13, 'J11': 32, 'J12': 10, 'J13': 24, 'cluster3106249630_3106249631_J60_J61_#5more': 46}, {'J10': 18, 'J11': 48, 'J12': 10, 'J13': 36, 'cluster3106249630_3106249631_J60_J61_#5more': 110}, 
5230.0, {'J10': -149354.0, 'J11': -477431.0, 'J12': -5911.0, 'J13': -107970.5, 'cluster3106249630_3106249631_J60_J61_#5more': -694859.0}, {'J10': 13, 'J11': 32, 'J12': 10, 'J13': 24, 'cluster3106249630_3106249631_J60_J61_#5more': 46}, {'J10': 18, 'J11': 48, 'J12': 10, 'J13': 36, 'cluster3106249630_3106249631_J60_J61_#5more': 110}, 
5235.0, {'J10': -149534.0, 'J11': -477911.0, 'J12': -6011.0, 'J13': -108330.5, 'cluster3106249630_3106249631_J60_J61_#5more': -695959.0}, {'J10': 13, 'J11': 32, 'J12': 10, 'J13': 24, 'cluster3106249630_3106249631_J60_J61_#5more': 46}, {'J10': 18, 'J11': 48, 'J12': 10, 'J13': 36, 'cluster3106249630_3106249631_J60_J61_#5more': 110}, 
5240.0, {'J10': -149714.0, 'J11': -478391.0, 'J12': -6111.0, 'J13': -108690.5, 'cluster3106249630_3106249631_J60_J61_#5more': -697059.0}, {'J10': 13, 'J11': 32, 'J12': 10, 'J13': 24, 'cluster3106249630_3106249631_J60_J61_#5more': 46}, {'J10': 18, 'J11': 48, 'J12': 10, 'J13': 36, 'cluster3106249630_3106249631_J60_J61_#5more': 110}, 
5245.0, {'J10': -149894.0, 'J11': -478871.0, 'J12': -6211.0, 'J13': -109057.5, 'cluster3106249630_3106249631_J60_J61_#5more': -698159.0}, {'J10': 13, 'J11': 32, 'J12': 10, 'J13': 26, 'cluster3106249630_3106249631_J60_J61_#5more': 46}, {'J10': 18, 'J11': 48, 'J12': 10, 'J13': 38, 'cluster3106249630_3106249631_J60_J61_#5more': 110}, 
5250.0, {'J10': -150074.0, 'J11': -479351.0, 'J12': -6311.0, 'J13': -109445.5, 'cluster3106249630_3106249631_J60_J61_#5more': -699259.0}, {'J10': 13, 'J11': 32, 'J12': 10, 'J13': 28, 'cluster3106249630_3106249631_J60_J61_#5more': 46}, {'J10': 18, 'J11': 48, 'J12': 10, 'J13': 40, 'cluster3106249630_3106249631_J60_J61_#5more': 110}, 
5255.0, {'J10': -150254.0, 'J11': -479831.0, 'J12': -6411.0, 'J13': -109845.5, 'cluster3106249630_3106249631_J60_J61_#5more': -700359.0}, {'J10': 13, 'J11': 32, 'J12': 10, 'J13': 28, 'cluster3106249630_3106249631_J60_J61_#5more': 46}, {'J10': 18, 'J11': 48, 'J12': 10, 'J13': 40, 'cluster3106249630_3106249631_J60_J61_#5more': 110}, 
5260.0, {'J10': -150434.0, 'J11': -480311.0, 'J12': -6511.0, 'J13': -110245.5, 'cluster3106249630_3106249631_J60_J61_#5more': -701459.0}, {'J10': 13, 'J11': 32, 'J12': 10, 'J13': 28, 'cluster3106249630_3106249631_J60_J61_#5more': 46}, {'J10': 18, 'J11': 48, 'J12': 10, 'J13': 40, 'cluster3106249630_3106249631_J60_J61_#5more': 110}, 
5265.0, {'J10': -150614.0, 'J11': -480791.0, 'J12': -6611.0, 'J13': -110645.5, 'cluster3106249630_3106249631_J60_J61_#5more': -702559.0}, {'J10': 13, 'J11': 32, 'J12': 10, 'J13': 28, 'cluster3106249630_3106249631_J60_J61_#5more': 46}, {'J10': 18, 'J11': 48, 'J12': 10, 'J13': 40, 'cluster3106249630_3106249631_J60_J61_#5more': 110}, 
5270.0, {'J10': -150794.0, 'J11': -481271.0, 'J12': -6711.0, 'J13': -111045.5, 'cluster3106249630_3106249631_J60_J61_#5more': -703659.0}, {'J10': 13, 'J11': 32, 'J12': 10, 'J13': 28, 'cluster3106249630_3106249631_J60_J61_#5more': 46}, {'J10': 18, 'J11': 48, 'J12': 10, 'J13': 40, 'cluster3106249630_3106249631_J60_J61_#5more': 110}, 
5275.0, {'J10': -150974.0, 'J11': -481751.0, 'J12': -6811.0, 'J13': -111445.5, 'cluster3106249630_3106249631_J60_J61_#5more': -704759.0}, {'J10': 13, 'J11': 32, 'J12': 10, 'J13': 28, 'cluster3106249630_3106249631_J60_J61_#5more': 46}, {'J10': 18, 'J11': 48, 'J12': 10, 'J13': 40, 'cluster3106249630_3106249631_J60_J61_#5more': 110}, 
5280.0, {'J10': -151154.0, 'J11': -482231.0, 'J12': -6911.0, 'J13': -111845.5, 'cluster3106249630_3106249631_J60_J61_#5more': -705859.0}, {'J10': 13, 'J11': 32, 'J12': 10, 'J13': 28, 'cluster3106249630_3106249631_J60_J61_#5more': 46}, {'J10': 18, 'J11': 48, 'J12': 10, 'J13': 40, 'cluster3106249630_3106249631_J60_J61_#5more': 110}, 
5285.0, {'J10': -151334.0, 'J11': -482711.0, 'J12': -7011.0, 'J13': -109136.5, 'cluster3106249630_3106249631_J60_J61_#5more': -705843.0}, {'J10': 13, 'J11': 32, 'J12': 10, 'J13': 25, 'cluster3106249630_3106249631_J60_J61_#5more': 46}, {'J10': 18, 'J11': 48, 'J12': 10, 'J13': 37, 'cluster3106249630_3106249631_J60_J61_#5more': 108}, 
5290.0, {'J10': -151514.0, 'J11': -483191.0, 'J12': -7111.0, 'J13': -109506.5, 'cluster3106249630_3106249631_J60_J61_#5more': -706923.0}, {'J10': 13, 'J11': 32, 'J12': 10, 'J13': 25, 'cluster3106249630_3106249631_J60_J61_#5more': 46}, {'J10': 18, 'J11': 48, 'J12': 10, 'J13': 37, 'cluster3106249630_3106249631_J60_J61_#5more': 108}, 
5295.0, {'J10': -151694.0, 'J11': -483671.0, 'J12': -7211.0, 'J13': -109876.5, 'cluster3106249630_3106249631_J60_J61_#5more': -708003.0}, {'J10': 13, 'J11': 32, 'J12': 10, 'J13': 25, 'cluster3106249630_3106249631_J60_J61_#5more': 46}, {'J10': 18, 'J11': 48, 'J12': 10, 'J13': 37, 'cluster3106249630_3106249631_J60_J61_#5more': 108}, 
5300.0, {'J10': -151874.0, 'J11': -484151.0, 'J12': -7311.0, 'J13': -110246.5, 'cluster3106249630_3106249631_J60_J61_#5more': -709089.5}, {'J10': 13, 'J11': 32, 'J12': 10, 'J13': 25, 'cluster3106249630_3106249631_J60_J61_#5more': 46}, {'J10': 18, 'J11': 48, 'J12': 10, 'J13': 37, 'cluster3106249630_3106249631_J60_J61_#5more': 110}, 
5305.0, {'J10': -152054.0, 'J11': -484631.0, 'J12': -7411.0, 'J13': -110616.5, 'cluster3106249630_3106249631_J60_J61_#5more': -710189.5}, {'J10': 13, 'J11': 32, 'J12': 10, 'J13': 25, 'cluster3106249630_3106249631_J60_J61_#5more': 46}, {'J10': 18, 'J11': 48, 'J12': 10, 'J13': 37, 'cluster3106249630_3106249631_J60_J61_#5more': 110}, 
5310.0, {'J10': -152234.0, 'J11': -485111.0, 'J12': -7511.0, 'J13': -110999.0, 'cluster3106249630_3106249631_J60_J61_#5more': -711289.5}, {'J10': 13, 'J11': 32, 'J12': 10, 'J13': 28, 'cluster3106249630_3106249631_J60_J61_#5more': 46}, {'J10': 18, 'J11': 48, 'J12': 10, 'J13': 40, 'cluster3106249630_3106249631_J60_J61_#5more': 110}, 
5315.0, {'J10': -152414.0, 'J11': -485591.0, 'J12': -7611.0, 'J13': -111399.0, 'cluster3106249630_3106249631_J60_J61_#5more': -712389.5}, {'J10': 13, 'J11': 32, 'J12': 10, 'J13': 28, 'cluster3106249630_3106249631_J60_J61_#5more': 46}, {'J10': 18, 'J11': 48, 'J12': 10, 'J13': 40, 'cluster3106249630_3106249631_J60_J61_#5more': 110}, 
5320.0, {'J10': -152594.0, 'J11': -486071.0, 'J12': -7711.0, 'J13': -111799.0, 'cluster3106249630_3106249631_J60_J61_#5more': -713489.5}, {'J10': 13, 'J11': 32, 'J12': 10, 'J13': 28, 'cluster3106249630_3106249631_J60_J61_#5more': 46}, {'J10': 18, 'J11': 48, 'J12': 10, 'J13': 40, 'cluster3106249630_3106249631_J60_J61_#5more': 110}, 
5325.0, {'J10': -152774.0, 'J11': -486551.0, 'J12': -7811.0, 'J13': -112199.0, 'cluster3106249630_3106249631_J60_J61_#5more': -714589.5}, {'J10': 13, 'J11': 32, 'J12': 10, 'J13': 28, 'cluster3106249630_3106249631_J60_J61_#5more': 46}, {'J10': 18, 'J11': 48, 'J12': 10, 'J13': 40, 'cluster3106249630_3106249631_J60_J61_#5more': 110}, 
5330.0, {'J10': -152954.0, 'J11': -487031.0, 'J12': -7911.0, 'J13': -112599.0, 'cluster3106249630_3106249631_J60_J61_#5more': -715689.5}, {'J10': 13, 'J11': 32, 'J12': 10, 'J13': 28, 'cluster3106249630_3106249631_J60_J61_#5more': 46}, {'J10': 18, 'J11': 48, 'J12': 10, 'J13': 40, 'cluster3106249630_3106249631_J60_J61_#5more': 110}, 
5335.0, {'J10': -153134.0, 'J11': -487511.0, 'J12': -8011.0, 'J13': -112999.0, 'cluster3106249630_3106249631_J60_J61_#5more': -716789.5}, {'J10': 13, 'J11': 32, 'J12': 10, 'J13': 28, 'cluster3106249630_3106249631_J60_J61_#5more': 46}, {'J10': 18, 'J11': 48, 'J12': 10, 'J13': 40, 'cluster3106249630_3106249631_J60_J61_#5more': 110}, 
5340.0, {'J10': -153314.0, 'J11': -487991.0, 'J12': -8111.0, 'J13': -113399.0, 'cluster3106249630_3106249631_J60_J61_#5more': -717889.5}, {'J10': 13, 'J11': 32, 'J12': 10, 'J13': 28, 'cluster3106249630_3106249631_J60_J61_#5more': 46}, {'J10': 18, 'J11': 48, 'J12': 10, 'J13': 40, 'cluster3106249630_3106249631_J60_J61_#5more': 110}, 
5345.0, {'J10': -153494.0, 'J11': -488471.0, 'J12': -8211.0, 'J13': -113799.0, 'cluster3106249630_3106249631_J60_J61_#5more': -718989.5}, {'J10': 13, 'J11': 32, 'J12': 10, 'J13': 28, 'cluster3106249630_3106249631_J60_J61_#5more': 46}, {'J10': 18, 'J11': 48, 'J12': 10, 'J13': 40, 'cluster3106249630_3106249631_J60_J61_#5more': 110}, 
5350.0, {'J10': -153674.0, 'J11': -488951.0, 'J12': -8311.0, 'J13': -111078.0, 'cluster3106249630_3106249631_J60_J61_#5more': -720089.5}, {'J10': 13, 'J11': 32, 'J12': 10, 'J13': 25, 'cluster3106249630_3106249631_J60_J61_#5more': 46}, {'J10': 18, 'J11': 48, 'J12': 10, 'J13': 37, 'cluster3106249630_3106249631_J60_J61_#5more': 110}, 
5355.0, {'J10': -153854.0, 'J11': -489431.0, 'J12': -8411.0, 'J13': -110444.0, 'cluster3106249630_3106249631_J60_J61_#5more': -721189.5}, {'J10': 13, 'J11': 32, 'J12': 10, 'J13': 24, 'cluster3106249630_3106249631_J60_J61_#5more': 46}, {'J10': 18, 'J11': 48, 'J12': 10, 'J13': 36, 'cluster3106249630_3106249631_J60_J61_#5more': 110}, 
5360.0, {'J10': -154034.0, 'J11': -489911.0, 'J12': -8511.0, 'J13': -110804.0, 'cluster3106249630_3106249631_J60_J61_#5more': -722289.5}, {'J10': 13, 'J11': 32, 'J12': 10, 'J13': 24, 'cluster3106249630_3106249631_J60_J61_#5more': 46}, {'J10': 18, 'J11': 48, 'J12': 10, 'J13': 36, 'cluster3106249630_3106249631_J60_J61_#5more': 110}, 
5365.0, {'J10': -154214.0, 'J11': -490391.0, 'J12': -8611.0, 'J13': -111164.0, 'cluster3106249630_3106249631_J60_J61_#5more': -723389.5}, {'J10': 13, 'J11': 32, 'J12': 10, 'J13': 24, 'cluster3106249630_3106249631_J60_J61_#5more': 46}, {'J10': 18, 'J11': 48, 'J12': 10, 'J13': 36, 'cluster3106249630_3106249631_J60_J61_#5more': 110}, 
5370.0, {'J10': -154394.0, 'J11': -490871.0, 'J12': -8711.0, 'J13': -111525.0, 'cluster3106249630_3106249631_J60_J61_#5more': -724489.5}, {'J10': 13, 'J11': 32, 'J12': 10, 'J13': 25, 'cluster3106249630_3106249631_J60_J61_#5more': 46}, {'J10': 18, 'J11': 48, 'J12': 10, 'J13': 37, 'cluster3106249630_3106249631_J60_J61_#5more': 110}, 
5375.0, {'J10': -154574.0, 'J11': -491351.0, 'J12': -8811.0, 'J13': -111905.0, 'cluster3106249630_3106249631_J60_J61_#5more': -725589.5}, {'J10': 13, 'J11': 32, 'J12': 10, 'J13': 28, 'cluster3106249630_3106249631_J60_J61_#5more': 46}, {'J10': 18, 'J11': 48, 'J12': 10, 'J13': 40, 'cluster3106249630_3106249631_J60_J61_#5more': 110}, 
5380.0, {'J10': -154754.0, 'J11': -491831.0, 'J12': -8911.0, 'J13': -112305.0, 'cluster3106249630_3106249631_J60_J61_#5more': -726689.5}, {'J10': 13, 'J11': 32, 'J12': 10, 'J13': 28, 'cluster3106249630_3106249631_J60_J61_#5more': 46}, {'J10': 18, 'J11': 48, 'J12': 10, 'J13': 40, 'cluster3106249630_3106249631_J60_J61_#5more': 110}, 
5385.0, {'J10': -154934.0, 'J11': -492311.0, 'J12': -9011.0, 'J13': -112705.0, 'cluster3106249630_3106249631_J60_J61_#5more': -727789.5}, {'J10': 13, 'J11': 32, 'J12': 10, 'J13': 28, 'cluster3106249630_3106249631_J60_J61_#5more': 46}, {'J10': 18, 'J11': 48, 'J12': 10, 'J13': 40, 'cluster3106249630_3106249631_J60_J61_#5more': 110}, 
5390.0, {'J10': -155114.0, 'J11': -492791.0, 'J12': -9111.0, 'J13': -113105.0, 'cluster3106249630_3106249631_J60_J61_#5more': -728889.5}, {'J10': 13, 'J11': 32, 'J12': 10, 'J13': 28, 'cluster3106249630_3106249631_J60_J61_#5more': 46}, {'J10': 18, 'J11': 48, 'J12': 10, 'J13': 40, 'cluster3106249630_3106249631_J60_J61_#5more': 110}, 
5395.0, {'J10': -155294.0, 'J11': -493271.0, 'J12': -9211.0, 'J13': -113505.0, 'cluster3106249630_3106249631_J60_J61_#5more': -729989.5}, {'J10': 13, 'J11': 32, 'J12': 10, 'J13': 28, 'cluster3106249630_3106249631_J60_J61_#5more': 46}, {'J10': 18, 'J11': 48, 'J12': 10, 'J13': 40, 'cluster3106249630_3106249631_J60_J61_#5more': 110}, 
5400.0, {'J10': -155474.0, 'J11': -493751.0, 'J12': -9311.0, 'J13': -113905.0, 'cluster3106249630_3106249631_J60_J61_#5more': -720986.5}, {'J10': 13, 'J11': 32, 'J12': 10, 'J13': 28, 'cluster3106249630_3106249631_J60_J61_#5more': 44}, {'J10': 18, 'J11': 48, 'J12': 10, 'J13': 40, 'cluster3106249630_3106249631_J60_J61_#5more': 108}, 
