episode,agent,decision,signal_id,reward
1,FMA2CFull,50,J01,-1072.6
1,FMA2CFull,50,top_mgr,1.0
1,FMA2CFull,100,J01,-1629.6
1,FMA2CFull,100,top_mgr,1.0
1,FMA2CFull,150,J01,-2527.8
1,FMA2CFull,150,top_mgr,2.0
1,FMA2CFull,200,J01,-2163.4
1,FMA2CFull,200,top_mgr,1.0
1,FMA2CFull,250,J01,-1286.6
1,FMA2CFull,250,top_mgr,0.0
1,FMA2CFull,300,J01,-1860.6
1,FMA2CFull,300,top_mgr,0.0
1,FMA2CFull,350,J01,-1524.2
1,FMA2CFull,350,top_mgr,0.0
1,FMA2CFull,400,J01,-1853.2
1,FMA2CFull,400,top_mgr,3.0
1,FMA2CFull,450,J01,-1402.8
1,FMA2CFull,450,top_mgr,1.0
1,FMA2CFull,500,J01,-1856.2
1,FMA2CFull,500,top_mgr,12.0
1,FMA2CFull,550,J01,-1145.0
1,FMA2CFull,550,top_mgr,2.0
1,FMA2CFull,600,J01,-1417.4
1,FMA2CFull,600,top_mgr,2.0
1,FMA2CFull,650,J01,-2415.2
1,FMA2CFull,650,top_mgr,4.0
1,FMA2CFull,700,J01,-2646.8
1,FMA2CFull,700,top_mgr,2.0
1,FMA2CFull,750,J01,-1166.6
1,FMA2CFull,750,top_mgr,0.0
1,FMA2CFull,800,J01,-1009.4
1,FMA2CFull,800,top_mgr,0.0
1,FMA2CFull,850,J01,-375.2
1,FMA2CFull,850,top_mgr,0.0
1,FMA2CFull,900,J01,-718.4
1,FMA2CFull,900,top_mgr,0.0
1,FMA2CFull,950,J01,-708.6
1,FMA2CFull,950,top_mgr,1.0
1,FMA2CFull,1000,J01,-992.8
1,FMA2CFull,1000,top_mgr,1.0
1,FMA2CFull,1050,J01,-248.0
1,FMA2CFull,1050,top_mgr,12.0
2,FMA2CFull,50,J01,-1111.6
2,FMA2CFull,50,top_mgr,2.0
2,FMA2CFull,100,J01,-1533.0
2,FMA2CFull,100,top_mgr,2.0
2,FMA2CFull,150,J01,-984.0
2,FMA2CFull,150,top_mgr,0.0
2,FMA2CFull,200,J01,-757.2
2,FMA2CFull,200,top_mgr,3.0
2,FMA2CFull,250,J01,-1032.4
2,FMA2CFull,250,top_mgr,6.0
2,FMA2CFull,300,J01,-1276.8
2,FMA2CFull,300,top_mgr,0.0
2,FMA2CFull,350,J01,-1147.2
2,FMA2CFull,350,top_mgr,4.0
2,FMA2CFull,400,J01,-881.6
2,FMA2CFull,400,top_mgr,6.0
2,FMA2CFull,450,J01,-1514.8
2,FMA2CFull,450,top_mgr,0.0
2,FMA2CFull,500,J01,-1139.8
2,FMA2CFull,500,top_mgr,1.0
2,FMA2CFull,550,J01,-1463.8
2,FMA2CFull,550,top_mgr,11.0
2,FMA2CFull,600,J01,-1705.6
2,FMA2CFull,600,top_mgr,1.0
2,FMA2CFull,650,J01,-1839.4
2,FMA2CFull,650,top_mgr,0.0
2,FMA2CFull,700,J01,-2878.6
2,FMA2CFull,700,top_mgr,0.0
2,FMA2CFull,750,J01,-1034.8
2,FMA2CFull,750,top_mgr,2.0
2,FMA2CFull,800,J01,-455.0
2,FMA2CFull,800,top_mgr,6.0
2,FMA2CFull,850,J01,-1122.6
2,FMA2CFull,850,top_mgr,0.0
2,FMA2CFull,900,J01,-278.8
2,FMA2CFull,900,top_mgr,7.0
2,FMA2CFull,950,J01,-594.6
2,FMA2CFull,950,top_mgr,6.0
2,FMA2CFull,1000,J01,-162.8
2,FMA2CFull,1000,top_mgr,0.0
2,FMA2CFull,1050,J01,-320.6
2,FMA2CFull,1050,top_mgr,3.0
3,FMA2CFull,50,J01,-563.2
3,FMA2CFull,50,top_mgr,3.0
3,FMA2CFull,100,J01,-1066.8
3,FMA2CFull,100,top_mgr,2.0
3,FMA2CFull,150,J01,-1452.4
3,FMA2CFull,150,top_mgr,2.0
3,FMA2CFull,200,J01,-1638.4
3,FMA2CFull,200,top_mgr,0.0
3,FMA2CFull,250,J01,-1866.2
3,FMA2CFull,250,top_mgr,1.0
3,FMA2CFull,300,J01,-2709.2
3,FMA2CFull,300,top_mgr,3.0
3,FMA2CFull,350,J01,-2679.0
3,FMA2CFull,350,top_mgr,4.0
3,FMA2CFull,400,J01,-2192.0
3,FMA2CFull,400,top_mgr,6.0
3,FMA2CFull,450,J01,-2116.6
3,FMA2CFull,450,top_mgr,15.0
3,FMA2CFull,500,J01,-1696.4
3,FMA2CFull,500,top_mgr,4.0
3,FMA2CFull,550,J01,-2033.8
3,FMA2CFull,550,top_mgr,2.0
3,FMA2CFull,600,J01,-1887.2
3,FMA2CFull,600,top_mgr,2.0
3,FMA2CFull,650,J01,-1508.6
3,FMA2CFull,650,top_mgr,6.0
3,FMA2CFull,700,J01,-1398.2
3,FMA2CFull,700,top_mgr,2.0
3,FMA2CFull,750,J01,-1738.2
3,FMA2CFull,750,top_mgr,0.0
3,FMA2CFull,800,J01,-282.8
3,FMA2CFull,800,top_mgr,0.0
3,FMA2CFull,850,J01,-335.0
3,FMA2CFull,850,top_mgr,0.0
3,FMA2CFull,900,J01,-557.2
3,FMA2CFull,900,top_mgr,0.0
3,FMA2CFull,950,J01,-145.4
3,FMA2CFull,950,top_mgr,6.0
3,FMA2CFull,1000,J01,-200.8
3,FMA2CFull,1000,top_mgr,0.0
3,FMA2CFull,1050,J01,-624.0
3,FMA2CFull,1050,top_mgr,0.0
4,FMA2CFull,50,J01,-1115.6
4,FMA2CFull,50,top_mgr,2.0
4,FMA2CFull,100,J01,-1653.6
4,FMA2CFull,100,top_mgr,3.0
4,FMA2CFull,150,J01,-1965.8
4,FMA2CFull,150,top_mgr,7.0
4,FMA2CFull,200,J01,-1234.2
4,FMA2CFull,200,top_mgr,5.0
4,FMA2CFull,250,J01,-1706.6
4,FMA2CFull,250,top_mgr,1.0
4,FMA2CFull,300,J01,-1854.0
4,FMA2CFull,300,top_mgr,1.0
4,FMA2CFull,350,J01,-2038.6
4,FMA2CFull,350,top_mgr,6.0
4,FMA2CFull,400,J01,-2453.0
4,FMA2CFull,400,top_mgr,3.0
4,FMA2CFull,450,J01,-1636.2
4,FMA2CFull,450,top_mgr,4.0
4,FMA2CFull,500,J01,-1697.4
4,FMA2CFull,500,top_mgr,1.0
4,FMA2CFull,550,J01,-1644.0
4,FMA2CFull,550,top_mgr,3.0
4,FMA2CFull,600,J01,-1719.8
4,FMA2CFull,600,top_mgr,8.0
4,FMA2CFull,650,J01,-2273.4
4,FMA2CFull,650,top_mgr,4.0
4,FMA2CFull,700,J01,-1402.2
4,FMA2CFull,700,top_mgr,0.0
4,FMA2CFull,750,J01,-1032.6
4,FMA2CFull,750,top_mgr,8.0
4,FMA2CFull,800,J01,-128.4
4,FMA2CFull,800,top_mgr,6.0
4,FMA2CFull,850,J01,-407.2
4,FMA2CFull,850,top_mgr,0.0
4,FMA2CFull,900,J01,-720.4
4,FMA2CFull,900,top_mgr,0.0
4,FMA2CFull,950,J01,-275.4
4,FMA2CFull,950,top_mgr,7.0
4,FMA2CFull,1000,J01,-591.6
4,FMA2CFull,1000,top_mgr,0.0
4,FMA2CFull,1050,J01,-161.2
4,FMA2CFull,1050,top_mgr,4.0
5,FMA2CFull,50,J01,-747.6
5,FMA2CFull,50,top_mgr,1.0
5,FMA2CFull,100,J01,-1188.4
5,FMA2CFull,100,top_mgr,2.0
5,FMA2CFull,150,J01,-1473.0
5,FMA2CFull,150,top_mgr,3.0
5,FMA2CFull,200,J01,-1751.6
5,FMA2CFull,200,top_mgr,5.0
5,FMA2CFull,250,J01,-1476.0
5,FMA2CFull,250,top_mgr,7.0
5,FMA2CFull,300,J01,-1399.6
5,FMA2CFull,300,top_mgr,0.0
5,FMA2CFull,350,J01,-1089.6
5,FMA2CFull,350,top_mgr,12.0
5,FMA2CFull,400,J01,-1688.6
5,FMA2CFull,400,top_mgr,3.0
5,FMA2CFull,450,J01,-2559.2
5,FMA2CFull,450,top_mgr,0.0
5,FMA2CFull,500,J01,-2212.8
5,FMA2CFull,500,top_mgr,14.0
5,FMA2CFull,550,J01,-1940.2
5,FMA2CFull,550,top_mgr,0.0
5,FMA2CFull,600,J01,-1167.4
5,FMA2CFull,600,top_mgr,15.0
5,FMA2CFull,650,J01,-1823.6
5,FMA2CFull,650,top_mgr,4.0
5,FMA2CFull,700,J01,-1497.6
5,FMA2CFull,700,top_mgr,2.0
5,FMA2CFull,750,J01,-1012.4
5,FMA2CFull,750,top_mgr,8.0
5,FMA2CFull,800,J01,-572.6
5,FMA2CFull,800,top_mgr,0.0
5,FMA2CFull,850,J01,-490.6
5,FMA2CFull,850,top_mgr,0.0
5,FMA2CFull,900,J01,-550.0
5,FMA2CFull,900,top_mgr,7.0
5,FMA2CFull,950,J01,-654.2
5,FMA2CFull,950,top_mgr,0.0
5,FMA2CFull,1000,J01,-502.6
5,FMA2CFull,1000,top_mgr,0.0
5,FMA2CFull,1050,J01,-287.6
5,FMA2CFull,1050,top_mgr,1.0
6,FMA2CFull,50,J01,-789.0
6,FMA2CFull,50,top_mgr,2.0
6,FMA2CFull,100,J01,-1593.6
6,FMA2CFull,100,top_mgr,0.0
6,FMA2CFull,150,J01,-1322.8
6,FMA2CFull,150,top_mgr,2.0
6,FMA2CFull,200,J01,-1679.4
6,FMA2CFull,200,top_mgr,3.0
6,FMA2CFull,250,J01,-1518.6
6,FMA2CFull,250,top_mgr,15.0
6,FMA2CFull,300,J01,-2098.8
6,FMA2CFull,300,top_mgr,2.0
6,FMA2CFull,350,J01,-2272.0
6,FMA2CFull,350,top_mgr,3.0
6,FMA2CFull,400,J01,-2223.2
6,FMA2CFull,400,top_mgr,2.0
6,FMA2CFull,450,J01,-2351.0
6,FMA2CFull,450,top_mgr,1.0
6,FMA2CFull,500,J01,-1706.6
6,FMA2CFull,500,top_mgr,2.0
6,FMA2CFull,550,J01,-1680.4
6,FMA2CFull,550,top_mgr,3.0
6,FMA2CFull,600,J01,-925.8
6,FMA2CFull,600,top_mgr,0.0
6,FMA2CFull,650,J01,-2032.2
6,FMA2CFull,650,top_mgr,4.0
6,FMA2CFull,700,J01,-1695.4
6,FMA2CFull,700,top_mgr,1.0
6,FMA2CFull,750,J01,-1387.6
6,FMA2CFull,750,top_mgr,0.0
6,FMA2CFull,800,J01,-1074.4
6,FMA2CFull,800,top_mgr,4.0
6,FMA2CFull,850,J01,-397.8
6,FMA2CFull,850,top_mgr,0.0
6,FMA2CFull,900,J01,-658.8
6,FMA2CFull,900,top_mgr,0.0
6,FMA2CFull,950,J01,-216.8
6,FMA2CFull,950,top_mgr,8.0
6,FMA2CFull,1000,J01,-102.8
6,FMA2CFull,1000,top_mgr,1.0
6,FMA2CFull,1050,J01,-74.8
6,FMA2CFull,1050,top_mgr,4.0
7,FMA2CFull,50,J01,-789.8
7,FMA2CFull,50,top_mgr,1.0
7,FMA2CFull,100,J01,-1345.0
7,FMA2CFull,100,top_mgr,1.0
7,FMA2CFull,150,J01,-1889.4
7,FMA2CFull,150,top_mgr,3.0
7,FMA2CFull,200,J01,-1807.8
7,FMA2CFull,200,top_mgr,15.0
7,FMA2CFull,250,J01,-2050.4
7,FMA2CFull,250,top_mgr,1.0
7,FMA2CFull,300,J01,-1070.4
7,FMA2CFull,300,top_mgr,1.0
7,FMA2CFull,350,J01,-790.0
7,FMA2CFull,350,top_mgr,7.0
7,FMA2CFull,400,J01,-1712.6
7,FMA2CFull,400,top_mgr,3.0
7,FMA2CFull,450,J01,-1450.6
7,FMA2CFull,450,top_mgr,13.0
7,FMA2CFull,500,J01,-1845.4
7,FMA2CFull,500,top_mgr,2.0
7,FMA2CFull,550,J01,-1989.6
7,FMA2CFull,550,top_mgr,2.0
7,FMA2CFull,600,J01,-1676.4
7,FMA2CFull,600,top_mgr,1.0
7,FMA2CFull,650,J01,-1571.2
7,FMA2CFull,650,top_mgr,2.0
7,FMA2CFull,700,J01,-2581.8
7,FMA2CFull,700,top_mgr,1.0
7,FMA2CFull,750,J01,-1564.4
7,FMA2CFull,750,top_mgr,0.0
7,FMA2CFull,800,J01,-430.8
7,FMA2CFull,800,top_mgr,0.0
7,FMA2CFull,850,J01,-339.4
7,FMA2CFull,850,top_mgr,0.0
7,FMA2CFull,900,J01,-506.2
7,FMA2CFull,900,top_mgr,7.0
7,FMA2CFull,950,J01,-385.6
7,FMA2CFull,950,top_mgr,6.0
7,FMA2CFull,1000,J01,-191.0
7,FMA2CFull,1000,top_mgr,1.0
7,FMA2CFull,1050,J01,-373.0
7,FMA2CFull,1050,top_mgr,0.0
8,FMA2CFull,50,J01,-596.4
8,FMA2CFull,50,top_mgr,0.0
8,FMA2CFull,100,J01,-753.4
8,FMA2CFull,100,top_mgr,2.0
8,FMA2CFull,150,J01,-1230.2
8,FMA2CFull,150,top_mgr,4.0
8,FMA2CFull,200,J01,-1662.8
8,FMA2CFull,200,top_mgr,2.0
8,FMA2CFull,250,J01,-2102.6
8,FMA2CFull,250,top_mgr,2.0
8,FMA2CFull,300,J01,-1320.0
8,FMA2CFull,300,top_mgr,1.0
8,FMA2CFull,350,J01,-913.0
8,FMA2CFull,350,top_mgr,3.0
8,FMA2CFull,400,J01,-1889.0
8,FMA2CFull,400,top_mgr,2.0
8,FMA2CFull,450,J01,-2289.6
8,FMA2CFull,450,top_mgr,0.0
8,FMA2CFull,500,J01,-2338.0
8,FMA2CFull,500,top_mgr,1.0
8,FMA2CFull,550,J01,-2518.2
8,FMA2CFull,550,top_mgr,2.0
8,FMA2CFull,600,J01,-2723.6
8,FMA2CFull,600,top_mgr,5.0
8,FMA2CFull,650,J01,-3331.0
8,FMA2CFull,650,top_mgr,5.0
8,FMA2CFull,700,J01,-4036.2
8,FMA2CFull,700,top_mgr,2.0
8,FMA2CFull,750,J01,-1881.2
8,FMA2CFull,750,top_mgr,8.0
8,FMA2CFull,800,J01,-1041.6
8,FMA2CFull,800,top_mgr,6.0
8,FMA2CFull,850,J01,-747.0
8,FMA2CFull,850,top_mgr,9.0
8,FMA2CFull,900,J01,-270.4
8,FMA2CFull,900,top_mgr,1.0
8,FMA2CFull,950,J01,-612.0
8,FMA2CFull,950,top_mgr,0.0
8,FMA2CFull,1000,J01,-486.4
8,FMA2CFull,1000,top_mgr,0.0
8,FMA2CFull,1050,J01,-62.2
8,FMA2CFull,1050,top_mgr,3.0
9,FMA2CFull,50,J01,-815.2
9,FMA2CFull,50,top_mgr,1.0
9,FMA2CFull,100,J01,-936.4
9,FMA2CFull,100,top_mgr,6.0
9,FMA2CFull,150,J01,-1331.0
9,FMA2CFull,150,top_mgr,0.0
9,FMA2CFull,200,J01,-2479.6
9,FMA2CFull,200,top_mgr,1.0
9,FMA2CFull,250,J01,-1820.6
9,FMA2CFull,250,top_mgr,3.0
9,FMA2CFull,300,J01,-1869.6
9,FMA2CFull,300,top_mgr,1.0
9,FMA2CFull,350,J01,-2498.6
9,FMA2CFull,350,top_mgr,2.0
9,FMA2CFull,400,J01,-2970.2
9,FMA2CFull,400,top_mgr,4.0
9,FMA2CFull,450,J01,-3311.8
9,FMA2CFull,450,top_mgr,0.0
9,FMA2CFull,500,J01,-2845.6
9,FMA2CFull,500,top_mgr,1.0
9,FMA2CFull,550,J01,-2937.0
9,FMA2CFull,550,top_mgr,1.0
9,FMA2CFull,600,J01,-2068.0
9,FMA2CFull,600,top_mgr,2.0
9,FMA2CFull,650,J01,-2994.4
9,FMA2CFull,650,top_mgr,5.0
9,FMA2CFull,700,J01,-2720.2
9,FMA2CFull,700,top_mgr,9.0
9,FMA2CFull,750,J01,-2656.4
9,FMA2CFull,750,top_mgr,13.0
9,FMA2CFull,800,J01,-810.4
9,FMA2CFull,800,top_mgr,12.0
9,FMA2CFull,850,J01,-214.4
9,FMA2CFull,850,top_mgr,3.0
9,FMA2CFull,900,J01,-832.8
9,FMA2CFull,900,top_mgr,0.0
9,FMA2CFull,950,J01,-745.4
9,FMA2CFull,950,top_mgr,0.0
9,FMA2CFull,1000,J01,-532.2
9,FMA2CFull,1000,top_mgr,7.0
9,FMA2CFull,1050,J01,-605.8
9,FMA2CFull,1050,top_mgr,0.0
10,FMA2CFull,50,J01,-750.6
10,FMA2CFull,50,top_mgr,5.0
10,FMA2CFull,100,J01,-1118.0
10,FMA2CFull,100,top_mgr,1.0
10,FMA2CFull,150,J01,-1600.6
10,FMA2CFull,150,top_mgr,2.0
10,FMA2CFull,200,J01,-1655.4
10,FMA2CFull,200,top_mgr,6.0
10,FMA2CFull,250,J01,-1853.2
10,FMA2CFull,250,top_mgr,4.0
10,FMA2CFull,300,J01,-1457.4
10,FMA2CFull,300,top_mgr,10.0
10,FMA2CFull,350,J01,-1039.4
10,FMA2CFull,350,top_mgr,6.0
10,FMA2CFull,400,J01,-1488.0
10,FMA2CFull,400,top_mgr,0.0
10,FMA2CFull,450,J01,-890.6
10,FMA2CFull,450,top_mgr,11.0
10,FMA2CFull,500,J01,-1197.8
10,FMA2CFull,500,top_mgr,1.0
10,FMA2CFull,550,J01,-2405.0
10,FMA2CFull,550,top_mgr,1.0
10,FMA2CFull,600,J01,-1905.8
10,FMA2CFull,600,top_mgr,10.0
10,FMA2CFull,650,J01,-1842.2
10,FMA2CFull,650,top_mgr,0.0
10,FMA2CFull,700,J01,-1622.8
10,FMA2CFull,700,top_mgr,1.0
10,FMA2CFull,750,J01,-1081.4
10,FMA2CFull,750,top_mgr,0.0
10,FMA2CFull,800,J01,-366.2
10,FMA2CFull,800,top_mgr,0.0
10,FMA2CFull,850,J01,-296.4
10,FMA2CFull,850,top_mgr,0.0
10,FMA2CFull,900,J01,-155.0
10,FMA2CFull,900,top_mgr,6.0
10,FMA2CFull,950,J01,-407.2
10,FMA2CFull,950,top_mgr,0.0
10,FMA2CFull,1000,J01,-112.8
10,FMA2CFull,1000,top_mgr,1.0
10,FMA2CFull,1050,J01,-150.2
10,FMA2CFull,1050,top_mgr,0.0
11,FMA2CFull,50,J01,-994.4
11,FMA2CFull,50,top_mgr,4.0
11,FMA2CFull,100,J01,-1205.4
11,FMA2CFull,100,top_mgr,1.0
11,FMA2CFull,150,J01,-2051.8
11,FMA2CFull,150,top_mgr,1.0
11,FMA2CFull,200,J01,-1903.2
11,FMA2CFull,200,top_mgr,4.0
11,FMA2CFull,250,J01,-1093.2
11,FMA2CFull,250,top_mgr,6.0
11,FMA2CFull,300,J01,-1831.8
11,FMA2CFull,300,top_mgr,2.0
11,FMA2CFull,350,J01,-1963.0
11,FMA2CFull,350,top_mgr,2.0
11,FMA2CFull,400,J01,-2101.2
11,FMA2CFull,400,top_mgr,2.0
11,FMA2CFull,450,J01,-2605.4
11,FMA2CFull,450,top_mgr,3.0
11,FMA2CFull,500,J01,-2685.4
11,FMA2CFull,500,top_mgr,4.0
11,FMA2CFull,550,J01,-2538.4
11,FMA2CFull,550,top_mgr,4.0
11,FMA2CFull,600,J01,-3090.0
11,FMA2CFull,600,top_mgr,0.0
11,FMA2CFull,650,J01,-1498.6
11,FMA2CFull,650,top_mgr,3.0
11,FMA2CFull,700,J01,-1701.6
11,FMA2CFull,700,top_mgr,2.0
11,FMA2CFull,750,J01,-1789.0
11,FMA2CFull,750,top_mgr,0.0
11,FMA2CFull,800,J01,-994.4
11,FMA2CFull,800,top_mgr,5.0
11,FMA2CFull,850,J01,-626.8
11,FMA2CFull,850,top_mgr,0.0
11,FMA2CFull,900,J01,-1203.0
11,FMA2CFull,900,top_mgr,0.0
11,FMA2CFull,950,J01,-449.0
11,FMA2CFull,950,top_mgr,4.0
11,FMA2CFull,1000,J01,-210.6
11,FMA2CFull,1000,top_mgr,5.0
11,FMA2CFull,1050,J01,-163.2
11,FMA2CFull,1050,top_mgr,1.0
12,FMA2CFull,50,J01,-1099.2
12,FMA2CFull,50,top_mgr,4.0
12,FMA2CFull,100,J01,-1613.0
12,FMA2CFull,100,top_mgr,2.0
12,FMA2CFull,150,J01,-1981.4
12,FMA2CFull,150,top_mgr,1.0
12,FMA2CFull,200,J01,-1836.2
12,FMA2CFull,200,top_mgr,9.0
12,FMA2CFull,250,J01,-2599.0
12,FMA2CFull,250,top_mgr,3.0
12,FMA2CFull,300,J01,-3039.8
12,FMA2CFull,300,top_mgr,2.0
12,FMA2CFull,350,J01,-2312.6
12,FMA2CFull,350,top_mgr,2.0
12,FMA2CFull,400,J01,-2014.4
12,FMA2CFull,400,top_mgr,3.0
12,FMA2CFull,450,J01,-1130.6
12,FMA2CFull,450,top_mgr,1.0
12,FMA2CFull,500,J01,-2209.6
12,FMA2CFull,500,top_mgr,3.0
12,FMA2CFull,550,J01,-2444.4
12,FMA2CFull,550,top_mgr,4.0
12,FMA2CFull,600,J01,-2757.2
12,FMA2CFull,600,top_mgr,0.0
12,FMA2CFull,650,J01,-1910.0
12,FMA2CFull,650,top_mgr,8.0
12,FMA2CFull,700,J01,-2192.2
12,FMA2CFull,700,top_mgr,9.0
12,FMA2CFull,750,J01,-998.4
12,FMA2CFull,750,top_mgr,9.0
12,FMA2CFull,800,J01,-570.8
12,FMA2CFull,800,top_mgr,0.0
12,FMA2CFull,850,J01,-293.8
12,FMA2CFull,850,top_mgr,1.0
12,FMA2CFull,900,J01,-242.8
12,FMA2CFull,900,top_mgr,6.0
12,FMA2CFull,950,J01,-458.4
12,FMA2CFull,950,top_mgr,7.0
12,FMA2CFull,1000,J01,-730.6
12,FMA2CFull,1000,top_mgr,0.0
12,FMA2CFull,1050,J01,-514.0
12,FMA2CFull,1050,top_mgr,0.0
13,FMA2CFull,50,J01,-798.2
13,FMA2CFull,50,top_mgr,2.0
13,FMA2CFull,100,J01,-1983.6
13,FMA2CFull,100,top_mgr,3.0
13,FMA2CFull,150,J01,-1540.4
13,FMA2CFull,150,top_mgr,2.0
13,FMA2CFull,200,J01,-1856.2
13,FMA2CFull,200,top_mgr,1.0
13,FMA2CFull,250,J01,-1949.4
13,FMA2CFull,250,top_mgr,1.0
13,FMA2CFull,300,J01,-1726.0
13,FMA2CFull,300,top_mgr,3.0
13,FMA2CFull,350,J01,-1780.0
13,FMA2CFull,350,top_mgr,6.0
13,FMA2CFull,400,J01,-1760.6
13,FMA2CFull,400,top_mgr,10.0
13,FMA2CFull,450,J01,-1530.6
13,FMA2CFull,450,top_mgr,8.0
13,FMA2CFull,500,J01,-1777.6
13,FMA2CFull,500,top_mgr,3.0
13,FMA2CFull,550,J01,-2998.2
13,FMA2CFull,550,top_mgr,0.0
13,FMA2CFull,600,J01,-3158.6
13,FMA2CFull,600,top_mgr,10.0
13,FMA2CFull,650,J01,-3209.4
13,FMA2CFull,650,top_mgr,0.0
13,FMA2CFull,700,J01,-2351.8
13,FMA2CFull,700,top_mgr,11.0
13,FMA2CFull,750,J01,-1600.6
13,FMA2CFull,750,top_mgr,0.0
13,FMA2CFull,800,J01,-755.0
13,FMA2CFull,800,top_mgr,0.0
13,FMA2CFull,850,J01,-391.2
13,FMA2CFull,850,top_mgr,0.0
13,FMA2CFull,900,J01,-625.0
13,FMA2CFull,900,top_mgr,2.0
13,FMA2CFull,950,J01,-217.6
13,FMA2CFull,950,top_mgr,4.0
13,FMA2CFull,1000,J01,-822.4
13,FMA2CFull,1000,top_mgr,0.0
13,FMA2CFull,1050,J01,-367.4
13,FMA2CFull,1050,top_mgr,0.0
14,FMA2CFull,50,J01,-689.0
14,FMA2CFull,50,top_mgr,3.0
14,FMA2CFull,100,J01,-1287.0
14,FMA2CFull,100,top_mgr,2.0
14,FMA2CFull,150,J01,-1945.4
14,FMA2CFull,150,top_mgr,0.0
14,FMA2CFull,200,J01,-2052.0
14,FMA2CFull,200,top_mgr,4.0
14,FMA2CFull,250,J01,-1798.6
14,FMA2CFull,250,top_mgr,7.0
14,FMA2CFull,300,J01,-1569.8
14,FMA2CFull,300,top_mgr,0.0
14,FMA2CFull,350,J01,-1946.6
14,FMA2CFull,350,top_mgr,3.0
14,FMA2CFull,400,J01,-2834.2
14,FMA2CFull,400,top_mgr,2.0
14,FMA2CFull,450,J01,-3540.6
14,FMA2CFull,450,top_mgr,1.0
14,FMA2CFull,500,J01,-1517.8
14,FMA2CFull,500,top_mgr,4.0
14,FMA2CFull,550,J01,-864.4
14,FMA2CFull,550,top_mgr,2.0
14,FMA2CFull,600,J01,-1091.2
14,FMA2CFull,600,top_mgr,3.0
14,FMA2CFull,650,J01,-2262.0
14,FMA2CFull,650,top_mgr,4.0
14,FMA2CFull,700,J01,-2216.0
14,FMA2CFull,700,top_mgr,2.0
14,FMA2CFull,750,J01,-2276.0
14,FMA2CFull,750,top_mgr,2.0
14,FMA2CFull,800,J01,-819.4
14,FMA2CFull,800,top_mgr,0.0
14,FMA2CFull,850,J01,-425.6
14,FMA2CFull,850,top_mgr,14.0
14,FMA2CFull,900,J01,-408.4
14,FMA2CFull,900,top_mgr,1.0
14,FMA2CFull,950,J01,-459.6
14,FMA2CFull,950,top_mgr,1.0
14,FMA2CFull,1000,J01,-365.4
14,FMA2CFull,1000,top_mgr,7.0
14,FMA2CFull,1050,J01,-250.2
14,FMA2CFull,1050,top_mgr,4.0
15,FMA2CFull,50,J01,-786.0
15,FMA2CFull,50,top_mgr,2.0
15,FMA2CFull,100,J01,-1182.0
15,FMA2CFull,100,top_mgr,0.0
15,FMA2CFull,150,J01,-1100.4
15,FMA2CFull,150,top_mgr,1.0
15,FMA2CFull,200,J01,-1137.2
15,FMA2CFull,200,top_mgr,1.0
15,FMA2CFull,250,J01,-1606.2
15,FMA2CFull,250,top_mgr,0.0
15,FMA2CFull,300,J01,-1241.4
15,FMA2CFull,300,top_mgr,3.0
15,FMA2CFull,350,J01,-1480.0
15,FMA2CFull,350,top_mgr,3.0
15,FMA2CFull,400,J01,-1958.2
15,FMA2CFull,400,top_mgr,1.0
15,FMA2CFull,450,J01,-1999.4
15,FMA2CFull,450,top_mgr,1.0
15,FMA2CFull,500,J01,-2656.6
15,FMA2CFull,500,top_mgr,1.0
15,FMA2CFull,550,J01,-1801.4
15,FMA2CFull,550,top_mgr,1.0
15,FMA2CFull,600,J01,-2426.2
15,FMA2CFull,600,top_mgr,0.0
15,FMA2CFull,650,J01,-2449.2
15,FMA2CFull,650,top_mgr,0.0
15,FMA2CFull,700,J01,-1732.6
15,FMA2CFull,700,top_mgr,4.0
15,FMA2CFull,750,J01,-405.4
15,FMA2CFull,750,top_mgr,6.0
15,FMA2CFull,800,J01,-400.8
15,FMA2CFull,800,top_mgr,8.0
15,FMA2CFull,850,J01,-301.8
15,FMA2CFull,850,top_mgr,0.0
15,FMA2CFull,900,J01,-265.2
15,FMA2CFull,900,top_mgr,0.0
15,FMA2CFull,950,J01,-120.6
15,FMA2CFull,950,top_mgr,3.0
15,FMA2CFull,1000,J01,-373.2
15,FMA2CFull,1000,top_mgr,0.0
15,FMA2CFull,1050,J01,-157.6
15,FMA2CFull,1050,top_mgr,3.0
16,FMA2CFull,50,J01,-507.2
16,FMA2CFull,50,top_mgr,3.0
16,FMA2CFull,100,J01,-987.0
16,FMA2CFull,100,top_mgr,1.0
16,FMA2CFull,150,J01,-838.0
16,FMA2CFull,150,top_mgr,4.0
16,FMA2CFull,200,J01,-1300.6
16,FMA2CFull,200,top_mgr,7.0
16,FMA2CFull,250,J01,-1549.2
16,FMA2CFull,250,top_mgr,10.0
16,FMA2CFull,300,J01,-1457.8
16,FMA2CFull,300,top_mgr,5.0
16,FMA2CFull,350,J01,-1441.0
16,FMA2CFull,350,top_mgr,1.0
16,FMA2CFull,400,J01,-1467.4
16,FMA2CFull,400,top_mgr,5.0
16,FMA2CFull,450,J01,-1797.8
16,FMA2CFull,450,top_mgr,3.0
16,FMA2CFull,500,J01,-1706.8
16,FMA2CFull,500,top_mgr,1.0
16,FMA2CFull,550,J01,-1626.6
16,FMA2CFull,550,top_mgr,2.0
16,FMA2CFull,600,J01,-1949.0
16,FMA2CFull,600,top_mgr,1.0
16,FMA2CFull,650,J01,-1971.2
16,FMA2CFull,650,top_mgr,3.0
16,FMA2CFull,700,J01,-2417.0
16,FMA2CFull,700,top_mgr,2.0
16,FMA2CFull,750,J01,-1024.4
16,FMA2CFull,750,top_mgr,0.0
16,FMA2CFull,800,J01,-354.6
16,FMA2CFull,800,top_mgr,2.0
16,FMA2CFull,850,J01,-313.0
16,FMA2CFull,850,top_mgr,15.0
16,FMA2CFull,900,J01,-269.4
16,FMA2CFull,900,top_mgr,0.0
16,FMA2CFull,950,J01,-160.6
16,FMA2CFull,950,top_mgr,1.0
16,FMA2CFull,1000,J01,-257.0
16,FMA2CFull,1000,top_mgr,1.0
16,FMA2CFull,1050,J01,-288.0
16,FMA2CFull,1050,top_mgr,4.0
17,FMA2CFull,50,J01,-661.2
17,FMA2CFull,50,top_mgr,10.0
17,FMA2CFull,100,J01,-552.0
17,FMA2CFull,100,top_mgr,6.0
17,FMA2CFull,150,J01,-1221.8
17,FMA2CFull,150,top_mgr,10.0
17,FMA2CFull,200,J01,-737.0
17,FMA2CFull,200,top_mgr,6.0
17,FMA2CFull,250,J01,-1094.4
17,FMA2CFull,250,top_mgr,3.0
17,FMA2CFull,300,J01,-1778.4
17,FMA2CFull,300,top_mgr,8.0
17,FMA2CFull,350,J01,-1206.4
17,FMA2CFull,350,top_mgr,1.0
17,FMA2CFull,400,J01,-1860.2
17,FMA2CFull,400,top_mgr,10.0
17,FMA2CFull,450,J01,-993.4
17,FMA2CFull,450,top_mgr,5.0
17,FMA2CFull,500,J01,-1554.0
17,FMA2CFull,500,top_mgr,2.0
17,FMA2CFull,550,J01,-1710.0
17,FMA2CFull,550,top_mgr,2.0
17,FMA2CFull,600,J01,-1878.6
17,FMA2CFull,600,top_mgr,2.0
17,FMA2CFull,650,J01,-2443.4
17,FMA2CFull,650,top_mgr,6.0
17,FMA2CFull,700,J01,-1540.4
17,FMA2CFull,700,top_mgr,4.0
17,FMA2CFull,750,J01,-325.0
17,FMA2CFull,750,top_mgr,14.0
17,FMA2CFull,800,J01,-527.6
17,FMA2CFull,800,top_mgr,0.0
17,FMA2CFull,850,J01,-314.2
17,FMA2CFull,850,top_mgr,3.0
17,FMA2CFull,900,J01,-310.2
17,FMA2CFull,900,top_mgr,0.0
17,FMA2CFull,950,J01,-601.0
17,FMA2CFull,950,top_mgr,0.0
17,FMA2CFull,1000,J01,-191.0
17,FMA2CFull,1000,top_mgr,3.0
17,FMA2CFull,1050,J01,-402.4
17,FMA2CFull,1050,top_mgr,0.0
18,FMA2CFull,50,J01,-693.8
18,FMA2CFull,50,top_mgr,5.0
18,FMA2CFull,100,J01,-518.6
18,FMA2CFull,100,top_mgr,0.0
18,FMA2CFull,150,J01,-1356.8
18,FMA2CFull,150,top_mgr,0.0
18,FMA2CFull,200,J01,-1432.2
18,FMA2CFull,200,top_mgr,7.0
18,FMA2CFull,250,J01,-1265.8
18,FMA2CFull,250,top_mgr,4.0
18,FMA2CFull,300,J01,-955.0
18,FMA2CFull,300,top_mgr,8.0
18,FMA2CFull,350,J01,-1390.2
18,FMA2CFull,350,top_mgr,0.0
18,FMA2CFull,400,J01,-1772.6
18,FMA2CFull,400,top_mgr,5.0
18,FMA2CFull,450,J01,-1789.6
18,FMA2CFull,450,top_mgr,0.0
18,FMA2CFull,500,J01,-2795.0
18,FMA2CFull,500,top_mgr,4.0
18,FMA2CFull,550,J01,-2478.8
18,FMA2CFull,550,top_mgr,12.0
18,FMA2CFull,600,J01,-907.8
18,FMA2CFull,600,top_mgr,2.0
18,FMA2CFull,650,J01,-1556.0
18,FMA2CFull,650,top_mgr,2.0
18,FMA2CFull,700,J01,-1999.4
18,FMA2CFull,700,top_mgr,2.0
18,FMA2CFull,750,J01,-1169.8
18,FMA2CFull,750,top_mgr,0.0
18,FMA2CFull,800,J01,-312.8
18,FMA2CFull,800,top_mgr,1.0
18,FMA2CFull,850,J01,-195.2
18,FMA2CFull,850,top_mgr,10.0
18,FMA2CFull,900,J01,-203.8
18,FMA2CFull,900,top_mgr,0.0
18,FMA2CFull,950,J01,-159.0
18,FMA2CFull,950,top_mgr,0.0
18,FMA2CFull,1000,J01,-398.0
18,FMA2CFull,1000,top_mgr,0.0
18,FMA2CFull,1050,J01,-136.6
18,FMA2CFull,1050,top_mgr,0.0
19,FMA2CFull,50,J01,-631.4
19,FMA2CFull,50,top_mgr,4.0
19,FMA2CFull,100,J01,-859.8
19,FMA2CFull,100,top_mgr,2.0
19,FMA2CFull,150,J01,-1279.8
19,FMA2CFull,150,top_mgr,3.0
19,FMA2CFull,200,J01,-858.8
19,FMA2CFull,200,top_mgr,1.0
19,FMA2CFull,250,J01,-1019.4
19,FMA2CFull,250,top_mgr,5.0
19,FMA2CFull,300,J01,-855.0
19,FMA2CFull,300,top_mgr,1.0
19,FMA2CFull,350,J01,-1675.6
19,FMA2CFull,350,top_mgr,2.0
19,FMA2CFull,400,J01,-956.6
19,FMA2CFull,400,top_mgr,0.0
19,FMA2CFull,450,J01,-1041.2
19,FMA2CFull,450,top_mgr,0.0
19,FMA2CFull,500,J01,-948.4
19,FMA2CFull,500,top_mgr,8.0
19,FMA2CFull,550,J01,-501.4
19,FMA2CFull,550,top_mgr,1.0
19,FMA2CFull,600,J01,-1044.6
19,FMA2CFull,600,top_mgr,2.0
19,FMA2CFull,650,J01,-1002.4
19,FMA2CFull,650,top_mgr,10.0
19,FMA2CFull,700,J01,-1082.0
19,FMA2CFull,700,top_mgr,4.0
19,FMA2CFull,750,J01,-392.0
19,FMA2CFull,750,top_mgr,1.0
19,FMA2CFull,800,J01,-612.6
19,FMA2CFull,800,top_mgr,2.0
19,FMA2CFull,850,J01,-94.8
19,FMA2CFull,850,top_mgr,4.0
19,FMA2CFull,900,J01,-62.8
19,FMA2CFull,900,top_mgr,9.0
19,FMA2CFull,950,J01,-191.6
19,FMA2CFull,950,top_mgr,0.0
19,FMA2CFull,1000,J01,-288.6
19,FMA2CFull,1000,top_mgr,0.0
19,FMA2CFull,1050,J01,-44.8
19,FMA2CFull,1050,top_mgr,7.0
20,FMA2CFull,50,J01,-621.0
20,FMA2CFull,50,top_mgr,2.0
20,FMA2CFull,100,J01,-629.0
20,FMA2CFull,100,top_mgr,10.0
20,FMA2CFull,150,J01,-1070.0
20,FMA2CFull,150,top_mgr,0.0
20,FMA2CFull,200,J01,-1089.4
20,FMA2CFull,200,top_mgr,12.0
20,FMA2CFull,250,J01,-1746.4
20,FMA2CFull,250,top_mgr,9.0
20,FMA2CFull,300,J01,-1641.8
20,FMA2CFull,300,top_mgr,2.0
20,FMA2CFull,350,J01,-1974.2
20,FMA2CFull,350,top_mgr,2.0
20,FMA2CFull,400,J01,-2333.8
20,FMA2CFull,400,top_mgr,8.0
20,FMA2CFull,450,J01,-2607.6
20,FMA2CFull,450,top_mgr,0.0
20,FMA2CFull,500,J01,-1436.2
20,FMA2CFull,500,top_mgr,1.0
20,FMA2CFull,550,J01,-796.0
20,FMA2CFull,550,top_mgr,6.0
20,FMA2CFull,600,J01,-530.4
20,FMA2CFull,600,top_mgr,3.0
20,FMA2CFull,650,J01,-889.8
20,FMA2CFull,650,top_mgr,2.0
20,FMA2CFull,700,J01,-1222.2
20,FMA2CFull,700,top_mgr,0.0
20,FMA2CFull,750,J01,-1284.6
20,FMA2CFull,750,top_mgr,8.0
20,FMA2CFull,800,J01,-364.2
20,FMA2CFull,800,top_mgr,8.0
20,FMA2CFull,850,J01,-286.0
20,FMA2CFull,850,top_mgr,8.0
20,FMA2CFull,900,J01,-136.0
20,FMA2CFull,900,top_mgr,0.0
20,FMA2CFull,950,J01,-208.6
20,FMA2CFull,950,top_mgr,3.0
20,FMA2CFull,1000,J01,-292.0
20,FMA2CFull,1000,top_mgr,0.0
20,FMA2CFull,1050,J01,-164.6
20,FMA2CFull,1050,top_mgr,4.0
21,FMA2CFull,50,J01,-894.8
21,FMA2CFull,50,top_mgr,5.0
21,FMA2CFull,100,J01,-1436.6
21,FMA2CFull,100,top_mgr,0.0
21,FMA2CFull,150,J01,-1007.4
21,FMA2CFull,150,top_mgr,1.0
21,FMA2CFull,200,J01,-584.4
21,FMA2CFull,200,top_mgr,7.0
21,FMA2CFull,250,J01,-1045.2
21,FMA2CFull,250,top_mgr,3.0
21,FMA2CFull,300,J01,-1169.8
21,FMA2CFull,300,top_mgr,4.0
21,FMA2CFull,350,J01,-845.8
21,FMA2CFull,350,top_mgr,7.0
21,FMA2CFull,400,J01,-1285.8
21,FMA2CFull,400,top_mgr,3.0
21,FMA2CFull,450,J01,-1319.8
21,FMA2CFull,450,top_mgr,0.0
21,FMA2CFull,500,J01,-749.0
21,FMA2CFull,500,top_mgr,0.0
21,FMA2CFull,550,J01,-1217.0
21,FMA2CFull,550,top_mgr,1.0
21,FMA2CFull,600,J01,-1316.6
21,FMA2CFull,600,top_mgr,2.0
21,FMA2CFull,650,J01,-712.0
21,FMA2CFull,650,top_mgr,7.0
21,FMA2CFull,700,J01,-1230.4
21,FMA2CFull,700,top_mgr,0.0
21,FMA2CFull,750,J01,-759.2
21,FMA2CFull,750,top_mgr,5.0
21,FMA2CFull,800,J01,-673.0
21,FMA2CFull,800,top_mgr,5.0
21,FMA2CFull,850,J01,-716.8
21,FMA2CFull,850,top_mgr,0.0
21,FMA2CFull,900,J01,-121.4
21,FMA2CFull,900,top_mgr,3.0
21,FMA2CFull,950,J01,-94.2
21,FMA2CFull,950,top_mgr,3.0
21,FMA2CFull,1000,J01,-66.8
21,FMA2CFull,1000,top_mgr,0.0
21,FMA2CFull,1050,J01,-320.6
21,FMA2CFull,1050,top_mgr,0.0
22,FMA2CFull,50,J01,-762.4
22,FMA2CFull,50,top_mgr,1.0
22,FMA2CFull,100,J01,-1080.2
22,FMA2CFull,100,top_mgr,3.0
22,FMA2CFull,150,J01,-683.6
22,FMA2CFull,150,top_mgr,5.0
22,FMA2CFull,200,J01,-827.2
22,FMA2CFull,200,top_mgr,9.0
22,FMA2CFull,250,J01,-850.6
22,FMA2CFull,250,top_mgr,6.0
22,FMA2CFull,300,J01,-1297.8
22,FMA2CFull,300,top_mgr,4.0
22,FMA2CFull,350,J01,-1497.4
22,FMA2CFull,350,top_mgr,8.0
22,FMA2CFull,400,J01,-1065.8
22,FMA2CFull,400,top_mgr,0.0
22,FMA2CFull,450,J01,-1743.4
22,FMA2CFull,450,top_mgr,10.0
22,FMA2CFull,500,J01,-1266.6
22,FMA2CFull,500,top_mgr,0.0
22,FMA2CFull,550,J01,-1234.4
22,FMA2CFull,550,top_mgr,0.0
22,FMA2CFull,600,J01,-824.2
22,FMA2CFull,600,top_mgr,0.0
22,FMA2CFull,650,J01,-792.4
22,FMA2CFull,650,top_mgr,4.0
22,FMA2CFull,700,J01,-2039.4
22,FMA2CFull,700,top_mgr,4.0
22,FMA2CFull,750,J01,-858.2
22,FMA2CFull,750,top_mgr,5.0
22,FMA2CFull,800,J01,-452.0
22,FMA2CFull,800,top_mgr,7.0
22,FMA2CFull,850,J01,-215.6
22,FMA2CFull,850,top_mgr,4.0
22,FMA2CFull,900,J01,-176.4
22,FMA2CFull,900,top_mgr,2.0
22,FMA2CFull,950,J01,-380.0
22,FMA2CFull,950,top_mgr,0.0
22,FMA2CFull,1000,J01,-278.0
22,FMA2CFull,1000,top_mgr,1.0
22,FMA2CFull,1050,J01,-43.2
22,FMA2CFull,1050,top_mgr,6.0
23,FMA2CFull,50,J01,-664.8
23,FMA2CFull,50,top_mgr,7.0
23,FMA2CFull,100,J01,-588.6
23,FMA2CFull,100,top_mgr,3.0
23,FMA2CFull,150,J01,-997.6
23,FMA2CFull,150,top_mgr,9.0
23,FMA2CFull,200,J01,-1411.0
23,FMA2CFull,200,top_mgr,5.0
23,FMA2CFull,250,J01,-1625.2
23,FMA2CFull,250,top_mgr,1.0
23,FMA2CFull,300,J01,-2145.6
23,FMA2CFull,300,top_mgr,1.0
23,FMA2CFull,350,J01,-1938.8
23,FMA2CFull,350,top_mgr,4.0
23,FMA2CFull,400,J01,-814.6
23,FMA2CFull,400,top_mgr,6.0
23,FMA2CFull,450,J01,-600.8
23,FMA2CFull,450,top_mgr,1.0
23,FMA2CFull,500,J01,-1253.6
23,FMA2CFull,500,top_mgr,1.0
23,FMA2CFull,550,J01,-1238.4
23,FMA2CFull,550,top_mgr,2.0
23,FMA2CFull,600,J01,-760.2
23,FMA2CFull,600,top_mgr,1.0
23,FMA2CFull,650,J01,-1139.8
23,FMA2CFull,650,top_mgr,2.0
23,FMA2CFull,700,J01,-975.0
23,FMA2CFull,700,top_mgr,1.0
23,FMA2CFull,750,J01,-328.6
23,FMA2CFull,750,top_mgr,11.0
23,FMA2CFull,800,J01,-457.6
23,FMA2CFull,800,top_mgr,7.0
23,FMA2CFull,850,J01,-231.4
23,FMA2CFull,850,top_mgr,7.0
23,FMA2CFull,900,J01,-211.6
23,FMA2CFull,900,top_mgr,0.0
23,FMA2CFull,950,J01,-301.2
23,FMA2CFull,950,top_mgr,0.0
23,FMA2CFull,1000,J01,-59.0
23,FMA2CFull,1000,top_mgr,9.0
23,FMA2CFull,1050,J01,-501.6
23,FMA2CFull,1050,top_mgr,0.0
24,FMA2CFull,50,J01,-881.2
24,FMA2CFull,50,top_mgr,4.0
24,FMA2CFull,100,J01,-577.8
24,FMA2CFull,100,top_mgr,10.0
24,FMA2CFull,150,J01,-1108.4
24,FMA2CFull,150,top_mgr,1.0
24,FMA2CFull,200,J01,-768.0
24,FMA2CFull,200,top_mgr,7.0
24,FMA2CFull,250,J01,-1062.0
24,FMA2CFull,250,top_mgr,3.0
24,FMA2CFull,300,J01,-630.6
24,FMA2CFull,300,top_mgr,3.0
24,FMA2CFull,350,J01,-844.6
24,FMA2CFull,350,top_mgr,1.0
24,FMA2CFull,400,J01,-966.0
24,FMA2CFull,400,top_mgr,3.0
24,FMA2CFull,450,J01,-919.4
24,FMA2CFull,450,top_mgr,7.0
24,FMA2CFull,500,J01,-852.2
24,FMA2CFull,500,top_mgr,5.0
24,FMA2CFull,550,J01,-869.4
24,FMA2CFull,550,top_mgr,1.0
24,FMA2CFull,600,J01,-506.4
24,FMA2CFull,600,top_mgr,8.0
24,FMA2CFull,650,J01,-1104.4
24,FMA2CFull,650,top_mgr,1.0
24,FMA2CFull,700,J01,-903.4
24,FMA2CFull,700,top_mgr,3.0
24,FMA2CFull,750,J01,-945.6
24,FMA2CFull,750,top_mgr,1.0
24,FMA2CFull,800,J01,-642.8
24,FMA2CFull,800,top_mgr,3.0
24,FMA2CFull,850,J01,-76.4
24,FMA2CFull,850,top_mgr,9.0
24,FMA2CFull,900,J01,-168.4
24,FMA2CFull,900,top_mgr,0.0
24,FMA2CFull,950,J01,-198.8
24,FMA2CFull,950,top_mgr,3.0
24,FMA2CFull,1000,J01,-170.2
24,FMA2CFull,1000,top_mgr,2.0
24,FMA2CFull,1050,J01,-196.4
24,FMA2CFull,1050,top_mgr,4.0
25,FMA2CFull,50,J01,-445.6
25,FMA2CFull,50,top_mgr,6.0
25,FMA2CFull,100,J01,-372.8
25,FMA2CFull,100,top_mgr,2.0
25,FMA2CFull,150,J01,-766.8
25,FMA2CFull,150,top_mgr,1.0
25,FMA2CFull,200,J01,-909.0
25,FMA2CFull,200,top_mgr,5.0
25,FMA2CFull,250,J01,-998.6
25,FMA2CFull,250,top_mgr,10.0
25,FMA2CFull,300,J01,-1100.8
25,FMA2CFull,300,top_mgr,4.0
25,FMA2CFull,350,J01,-1125.6
25,FMA2CFull,350,top_mgr,1.0
25,FMA2CFull,400,J01,-982.0
25,FMA2CFull,400,top_mgr,0.0
25,FMA2CFull,450,J01,-1078.6
25,FMA2CFull,450,top_mgr,0.0
25,FMA2CFull,500,J01,-968.8
25,FMA2CFull,500,top_mgr,3.0
25,FMA2CFull,550,J01,-545.4
25,FMA2CFull,550,top_mgr,5.0
25,FMA2CFull,600,J01,-912.4
25,FMA2CFull,600,top_mgr,4.0
25,FMA2CFull,650,J01,-918.8
25,FMA2CFull,650,top_mgr,1.0
25,FMA2CFull,700,J01,-1248.8
25,FMA2CFull,700,top_mgr,4.0
25,FMA2CFull,750,J01,-832.8
25,FMA2CFull,750,top_mgr,0.0
25,FMA2CFull,800,J01,-492.8
25,FMA2CFull,800,top_mgr,1.0
25,FMA2CFull,850,J01,-105.0
25,FMA2CFull,850,top_mgr,0.0
25,FMA2CFull,900,J01,-90.6
25,FMA2CFull,900,top_mgr,2.0
25,FMA2CFull,950,J01,-393.4
25,FMA2CFull,950,top_mgr,0.0
25,FMA2CFull,1000,J01,-368.6
25,FMA2CFull,1000,top_mgr,0.0
25,FMA2CFull,1050,J01,-308.2
25,FMA2CFull,1050,top_mgr,0.0
26,FMA2CFull,50,J01,-712.6
26,FMA2CFull,50,top_mgr,4.0
26,FMA2CFull,100,J01,-834.6
26,FMA2CFull,100,top_mgr,2.0
26,FMA2CFull,150,J01,-756.4
26,FMA2CFull,150,top_mgr,5.0
26,FMA2CFull,200,J01,-653.6
26,FMA2CFull,200,top_mgr,3.0
26,FMA2CFull,250,J01,-1470.2
26,FMA2CFull,250,top_mgr,7.0
26,FMA2CFull,300,J01,-1190.2
26,FMA2CFull,300,top_mgr,14.0
26,FMA2CFull,350,J01,-1193.6
26,FMA2CFull,350,top_mgr,14.0
26,FMA2CFull,400,J01,-1079.8
26,FMA2CFull,400,top_mgr,1.0
26,FMA2CFull,450,J01,-848.2
26,FMA2CFull,450,top_mgr,3.0
26,FMA2CFull,500,J01,-1253.6
26,FMA2CFull,500,top_mgr,2.0
26,FMA2CFull,550,J01,-1056.4
26,FMA2CFull,550,top_mgr,11.0
26,FMA2CFull,600,J01,-1087.4
26,FMA2CFull,600,top_mgr,10.0
26,FMA2CFull,650,J01,-922.4
26,FMA2CFull,650,top_mgr,3.0
26,FMA2CFull,700,J01,-582.4
26,FMA2CFull,700,top_mgr,3.0
26,FMA2CFull,750,J01,-1100.8
26,FMA2CFull,750,top_mgr,1.0
26,FMA2CFull,800,J01,-393.0
26,FMA2CFull,800,top_mgr,1.0
26,FMA2CFull,850,J01,-273.2
26,FMA2CFull,850,top_mgr,3.0
26,FMA2CFull,900,J01,-136.2
26,FMA2CFull,900,top_mgr,5.0
26,FMA2CFull,950,J01,-236.6
26,FMA2CFull,950,top_mgr,0.0
26,FMA2CFull,1000,J01,-137.2
26,FMA2CFull,1000,top_mgr,0.0
26,FMA2CFull,1050,J01,-210.0
26,FMA2CFull,1050,top_mgr,0.0
27,FMA2CFull,50,J01,-589.4
27,FMA2CFull,50,top_mgr,4.0
27,FMA2CFull,100,J01,-374.0
27,FMA2CFull,100,top_mgr,5.0
27,FMA2CFull,150,J01,-824.6
27,FMA2CFull,150,top_mgr,3.0
27,FMA2CFull,200,J01,-1030.0
27,FMA2CFull,200,top_mgr,1.0
27,FMA2CFull,250,J01,-803.2
27,FMA2CFull,250,top_mgr,0.0
27,FMA2CFull,300,J01,-1250.8
27,FMA2CFull,300,top_mgr,1.0
27,FMA2CFull,350,J01,-860.8
27,FMA2CFull,350,top_mgr,2.0
27,FMA2CFull,400,J01,-878.0
27,FMA2CFull,400,top_mgr,0.0
27,FMA2CFull,450,J01,-607.2
27,FMA2CFull,450,top_mgr,7.0
27,FMA2CFull,500,J01,-1137.2
27,FMA2CFull,500,top_mgr,0.0
27,FMA2CFull,550,J01,-1067.6
27,FMA2CFull,550,top_mgr,9.0
27,FMA2CFull,600,J01,-1208.8
27,FMA2CFull,600,top_mgr,1.0
27,FMA2CFull,650,J01,-1758.2
27,FMA2CFull,650,top_mgr,3.0
27,FMA2CFull,700,J01,-1023.0
27,FMA2CFull,700,top_mgr,7.0
27,FMA2CFull,750,J01,-1213.4
27,FMA2CFull,750,top_mgr,1.0
27,FMA2CFull,800,J01,-415.8
27,FMA2CFull,800,top_mgr,6.0
27,FMA2CFull,850,J01,-371.8
27,FMA2CFull,850,top_mgr,3.0
27,FMA2CFull,900,J01,-336.0
27,FMA2CFull,900,top_mgr,0.0
27,FMA2CFull,950,J01,-99.8
27,FMA2CFull,950,top_mgr,4.0
27,FMA2CFull,1000,J01,-232.2
27,FMA2CFull,1000,top_mgr,0.0
27,FMA2CFull,1050,J01,-138.8
27,FMA2CFull,1050,top_mgr,4.0
28,FMA2CFull,50,J01,-570.0
28,FMA2CFull,50,top_mgr,8.0
28,FMA2CFull,100,J01,-762.0
28,FMA2CFull,100,top_mgr,1.0
28,FMA2CFull,150,J01,-668.8
28,FMA2CFull,150,top_mgr,7.0
28,FMA2CFull,200,J01,-1051.0
28,FMA2CFull,200,top_mgr,3.0
28,FMA2CFull,250,J01,-953.6
28,FMA2CFull,250,top_mgr,3.0
28,FMA2CFull,300,J01,-883.6
28,FMA2CFull,300,top_mgr,0.0
28,FMA2CFull,350,J01,-1397.0
28,FMA2CFull,350,top_mgr,7.0
28,FMA2CFull,400,J01,-605.8
28,FMA2CFull,400,top_mgr,7.0
28,FMA2CFull,450,J01,-654.8
28,FMA2CFull,450,top_mgr,2.0
28,FMA2CFull,500,J01,-828.6
28,FMA2CFull,500,top_mgr,1.0
28,FMA2CFull,550,J01,-594.6
28,FMA2CFull,550,top_mgr,6.0
28,FMA2CFull,600,J01,-1017.8
28,FMA2CFull,600,top_mgr,3.0
28,FMA2CFull,650,J01,-1212.8
28,FMA2CFull,650,top_mgr,1.0
28,FMA2CFull,700,J01,-955.2
28,FMA2CFull,700,top_mgr,0.0
28,FMA2CFull,750,J01,-593.6
28,FMA2CFull,750,top_mgr,0.0
28,FMA2CFull,800,J01,-609.4
28,FMA2CFull,800,top_mgr,0.0
28,FMA2CFull,850,J01,-252.4
28,FMA2CFull,850,top_mgr,3.0
28,FMA2CFull,900,J01,-155.0
28,FMA2CFull,900,top_mgr,0.0
28,FMA2CFull,950,J01,-294.4
28,FMA2CFull,950,top_mgr,0.0
28,FMA2CFull,1000,J01,-27.0
28,FMA2CFull,1000,top_mgr,3.0
28,FMA2CFull,1050,J01,-144.6
28,FMA2CFull,1050,top_mgr,1.0
29,FMA2CFull,50,J01,-228.0
29,FMA2CFull,50,top_mgr,2.0
29,FMA2CFull,100,J01,-285.8
29,FMA2CFull,100,top_mgr,5.0
29,FMA2CFull,150,J01,-996.8
29,FMA2CFull,150,top_mgr,0.0
29,FMA2CFull,200,J01,-1010.6
29,FMA2CFull,200,top_mgr,0.0
29,FMA2CFull,250,J01,-785.2
29,FMA2CFull,250,top_mgr,3.0
29,FMA2CFull,300,J01,-1743.8
29,FMA2CFull,300,top_mgr,2.0
29,FMA2CFull,350,J01,-1045.2
29,FMA2CFull,350,top_mgr,14.0
29,FMA2CFull,400,J01,-922.8
29,FMA2CFull,400,top_mgr,1.0
29,FMA2CFull,450,J01,-1008.0
29,FMA2CFull,450,top_mgr,1.0
29,FMA2CFull,500,J01,-1418.0
29,FMA2CFull,500,top_mgr,9.0
29,FMA2CFull,550,J01,-1013.8
29,FMA2CFull,550,top_mgr,1.0
29,FMA2CFull,600,J01,-716.2
29,FMA2CFull,600,top_mgr,1.0
29,FMA2CFull,650,J01,-1070.0
29,FMA2CFull,650,top_mgr,3.0
29,FMA2CFull,700,J01,-554.6
29,FMA2CFull,700,top_mgr,8.0
29,FMA2CFull,750,J01,-681.6
29,FMA2CFull,750,top_mgr,4.0
29,FMA2CFull,800,J01,-249.6
29,FMA2CFull,800,top_mgr,0.0
29,FMA2CFull,850,J01,-187.8
29,FMA2CFull,850,top_mgr,6.0
29,FMA2CFull,900,J01,-132.6
29,FMA2CFull,900,top_mgr,0.0
29,FMA2CFull,950,J01,-111.6
29,FMA2CFull,950,top_mgr,2.0
29,FMA2CFull,1000,J01,-307.0
29,FMA2CFull,1000,top_mgr,0.0
29,FMA2CFull,1050,J01,-236.6
29,FMA2CFull,1050,top_mgr,10.0
30,FMA2CFull,50,J01,-535.2
30,FMA2CFull,50,top_mgr,2.0
30,FMA2CFull,100,J01,-929.0
30,FMA2CFull,100,top_mgr,5.0
30,FMA2CFull,150,J01,-812.8
30,FMA2CFull,150,top_mgr,3.0
30,FMA2CFull,200,J01,-660.4
30,FMA2CFull,200,top_mgr,5.0
30,FMA2CFull,250,J01,-803.6
30,FMA2CFull,250,top_mgr,2.0
30,FMA2CFull,300,J01,-948.6
30,FMA2CFull,300,top_mgr,1.0
30,FMA2CFull,350,J01,-773.2
30,FMA2CFull,350,top_mgr,1.0
30,FMA2CFull,400,J01,-668.0
30,FMA2CFull,400,top_mgr,2.0
30,FMA2CFull,450,J01,-1180.4
30,FMA2CFull,450,top_mgr,4.0
30,FMA2CFull,500,J01,-971.6
30,FMA2CFull,500,top_mgr,11.0
30,FMA2CFull,550,J01,-846.4
30,FMA2CFull,550,top_mgr,0.0
30,FMA2CFull,600,J01,-863.0
30,FMA2CFull,600,top_mgr,3.0
30,FMA2CFull,650,J01,-578.4
30,FMA2CFull,650,top_mgr,4.0
30,FMA2CFull,700,J01,-448.2
30,FMA2CFull,700,top_mgr,3.0
30,FMA2CFull,750,J01,-988.4
30,FMA2CFull,750,top_mgr,3.0
30,FMA2CFull,800,J01,-358.8
30,FMA2CFull,800,top_mgr,2.0
30,FMA2CFull,850,J01,-317.4
30,FMA2CFull,850,top_mgr,3.0
30,FMA2CFull,900,J01,-155.6
30,FMA2CFull,900,top_mgr,1.0
30,FMA2CFull,950,J01,-159.4
30,FMA2CFull,950,top_mgr,0.0
30,FMA2CFull,1000,J01,-220.4
30,FMA2CFull,1000,top_mgr,0.0
30,FMA2CFull,1050,J01,-148.2
30,FMA2CFull,1050,top_mgr,0.0
31,FMA2CFull,50,J01,-537.0
31,FMA2CFull,50,top_mgr,3.0
31,FMA2CFull,100,J01,-632.4
31,FMA2CFull,100,top_mgr,1.0
31,FMA2CFull,150,J01,-341.2
31,FMA2CFull,150,top_mgr,9.0
31,FMA2CFull,200,J01,-778.2
31,FMA2CFull,200,top_mgr,5.0
31,FMA2CFull,250,J01,-322.4
31,FMA2CFull,250,top_mgr,3.0
31,FMA2CFull,300,J01,-502.0
31,FMA2CFull,300,top_mgr,7.0
31,FMA2CFull,350,J01,-995.4
31,FMA2CFull,350,top_mgr,0.0
31,FMA2CFull,400,J01,-515.0
31,FMA2CFull,400,top_mgr,6.0
31,FMA2CFull,450,J01,-674.2
31,FMA2CFull,450,top_mgr,4.0
31,FMA2CFull,500,J01,-591.2
31,FMA2CFull,500,top_mgr,3.0
31,FMA2CFull,550,J01,-946.6
31,FMA2CFull,550,top_mgr,1.0
31,FMA2CFull,600,J01,-753.6
31,FMA2CFull,600,top_mgr,2.0
31,FMA2CFull,650,J01,-899.2
31,FMA2CFull,650,top_mgr,2.0
31,FMA2CFull,700,J01,-716.8
31,FMA2CFull,700,top_mgr,2.0
31,FMA2CFull,750,J01,-558.6
31,FMA2CFull,750,top_mgr,1.0
31,FMA2CFull,800,J01,-108.8
31,FMA2CFull,800,top_mgr,5.0
31,FMA2CFull,850,J01,-203.2
31,FMA2CFull,850,top_mgr,1.0
31,FMA2CFull,900,J01,-213.6
31,FMA2CFull,900,top_mgr,1.0
31,FMA2CFull,950,J01,-244.4
31,FMA2CFull,950,top_mgr,0.0
31,FMA2CFull,1000,J01,-221.2
31,FMA2CFull,1000,top_mgr,0.0
31,FMA2CFull,1050,J01,-192.8
31,FMA2CFull,1050,top_mgr,0.0
32,FMA2CFull,50,J01,-423.2
32,FMA2CFull,50,top_mgr,8.0
32,FMA2CFull,100,J01,-310.4
32,FMA2CFull,100,top_mgr,3.0
32,FMA2CFull,150,J01,-506.4
32,FMA2CFull,150,top_mgr,0.0
32,FMA2CFull,200,J01,-520.8
32,FMA2CFull,200,top_mgr,7.0
32,FMA2CFull,250,J01,-418.6
32,FMA2CFull,250,top_mgr,4.0
32,FMA2CFull,300,J01,-418.6
32,FMA2CFull,300,top_mgr,2.0
32,FMA2CFull,350,J01,-552.4
32,FMA2CFull,350,top_mgr,9.0
32,FMA2CFull,400,J01,-359.0
32,FMA2CFull,400,top_mgr,4.0
32,FMA2CFull,450,J01,-287.0
32,FMA2CFull,450,top_mgr,6.0
32,FMA2CFull,500,J01,-610.2
32,FMA2CFull,500,top_mgr,2.0
32,FMA2CFull,550,J01,-752.2
32,FMA2CFull,550,top_mgr,0.0
32,FMA2CFull,600,J01,-547.8
32,FMA2CFull,600,top_mgr,2.0
32,FMA2CFull,650,J01,-918.8
32,FMA2CFull,650,top_mgr,8.0
32,FMA2CFull,700,J01,-1022.2
32,FMA2CFull,700,top_mgr,1.0
32,FMA2CFull,750,J01,-535.6
32,FMA2CFull,750,top_mgr,9.0
32,FMA2CFull,800,J01,-254.0
32,FMA2CFull,800,top_mgr,1.0
32,FMA2CFull,850,J01,-73.8
32,FMA2CFull,850,top_mgr,3.0
32,FMA2CFull,900,J01,-100.2
32,FMA2CFull,900,top_mgr,1.0
32,FMA2CFull,950,J01,-212.4
32,FMA2CFull,950,top_mgr,5.0
32,FMA2CFull,1000,J01,-47.2
32,FMA2CFull,1000,top_mgr,3.0
32,FMA2CFull,1050,J01,-158.4
32,FMA2CFull,1050,top_mgr,0.0
33,FMA2CFull,50,J01,-539.2
33,FMA2CFull,50,top_mgr,10.0
33,FMA2CFull,100,J01,-417.8
33,FMA2CFull,100,top_mgr,8.0
33,FMA2CFull,150,J01,-753.8
33,FMA2CFull,150,top_mgr,4.0
33,FMA2CFull,200,J01,-987.4
33,FMA2CFull,200,top_mgr,0.0
33,FMA2CFull,250,J01,-547.0
33,FMA2CFull,250,top_mgr,1.0
33,FMA2CFull,300,J01,-1157.8
33,FMA2CFull,300,top_mgr,5.0
33,FMA2CFull,350,J01,-811.2
33,FMA2CFull,350,top_mgr,4.0
33,FMA2CFull,400,J01,-555.4
33,FMA2CFull,400,top_mgr,4.0
33,FMA2CFull,450,J01,-743.6
33,FMA2CFull,450,top_mgr,10.0
33,FMA2CFull,500,J01,-527.0
33,FMA2CFull,500,top_mgr,4.0
33,FMA2CFull,550,J01,-449.6
33,FMA2CFull,550,top_mgr,0.0
33,FMA2CFull,600,J01,-860.2
33,FMA2CFull,600,top_mgr,0.0
33,FMA2CFull,650,J01,-973.4
33,FMA2CFull,650,top_mgr,4.0
33,FMA2CFull,700,J01,-578.2
33,FMA2CFull,700,top_mgr,0.0
33,FMA2CFull,750,J01,-578.2
33,FMA2CFull,750,top_mgr,3.0
33,FMA2CFull,800,J01,-277.2
33,FMA2CFull,800,top_mgr,2.0
33,FMA2CFull,850,J01,-636.8
33,FMA2CFull,850,top_mgr,1.0
33,FMA2CFull,900,J01,-368.6
33,FMA2CFull,900,top_mgr,4.0
33,FMA2CFull,950,J01,-47.8
33,FMA2CFull,950,top_mgr,8.0
33,FMA2CFull,1000,J01,-0.0
33,FMA2CFull,1000,top_mgr,8.0
33,FMA2CFull,1050,J01,-45.8
33,FMA2CFull,1050,top_mgr,4.0
34,FMA2CFull,50,J01,-388.8
34,FMA2CFull,50,top_mgr,8.0
34,FMA2CFull,100,J01,-547.0
34,FMA2CFull,100,top_mgr,1.0
34,FMA2CFull,150,J01,-393.8
34,FMA2CFull,150,top_mgr,5.0
34,FMA2CFull,200,J01,-482.6
34,FMA2CFull,200,top_mgr,4.0
34,FMA2CFull,250,J01,-771.6
34,FMA2CFull,250,top_mgr,5.0
34,FMA2CFull,300,J01,-503.8
34,FMA2CFull,300,top_mgr,2.0
34,FMA2CFull,350,J01,-404.2
34,FMA2CFull,350,top_mgr,6.0
34,FMA2CFull,400,J01,-522.6
34,FMA2CFull,400,top_mgr,0.0
34,FMA2CFull,450,J01,-461.2
34,FMA2CFull,450,top_mgr,0.0
34,FMA2CFull,500,J01,-300.2
34,FMA2CFull,500,top_mgr,5.0
34,FMA2CFull,550,J01,-580.2
34,FMA2CFull,550,top_mgr,7.0
34,FMA2CFull,600,J01,-500.4
34,FMA2CFull,600,top_mgr,7.0
34,FMA2CFull,650,J01,-620.8
34,FMA2CFull,650,top_mgr,1.0
34,FMA2CFull,700,J01,-318.4
34,FMA2CFull,700,top_mgr,9.0
34,FMA2CFull,750,J01,-235.4
34,FMA2CFull,750,top_mgr,4.0
34,FMA2CFull,800,J01,-124.4
34,FMA2CFull,800,top_mgr,4.0
34,FMA2CFull,850,J01,-192.8
34,FMA2CFull,850,top_mgr,0.0
34,FMA2CFull,900,J01,-213.0
34,FMA2CFull,900,top_mgr,3.0
34,FMA2CFull,950,J01,-375.8
34,FMA2CFull,950,top_mgr,6.0
34,FMA2CFull,1000,J01,-164.0
34,FMA2CFull,1000,top_mgr,4.0
34,FMA2CFull,1050,J01,-346.6
34,FMA2CFull,1050,top_mgr,0.0
35,FMA2CFull,50,J01,-543.4
35,FMA2CFull,50,top_mgr,4.0
35,FMA2CFull,100,J01,-423.6
35,FMA2CFull,100,top_mgr,8.0
35,FMA2CFull,150,J01,-295.6
35,FMA2CFull,150,top_mgr,6.0
35,FMA2CFull,200,J01,-477.8
35,FMA2CFull,200,top_mgr,2.0
35,FMA2CFull,250,J01,-498.2
35,FMA2CFull,250,top_mgr,3.0
35,FMA2CFull,300,J01,-589.8
35,FMA2CFull,300,top_mgr,1.0
35,FMA2CFull,350,J01,-826.8
35,FMA2CFull,350,top_mgr,1.0
35,FMA2CFull,400,J01,-703.2
35,FMA2CFull,400,top_mgr,0.0
35,FMA2CFull,450,J01,-405.6
35,FMA2CFull,450,top_mgr,11.0
35,FMA2CFull,500,J01,-754.6
35,FMA2CFull,500,top_mgr,4.0
35,FMA2CFull,550,J01,-812.0
35,FMA2CFull,550,top_mgr,2.0
35,FMA2CFull,600,J01,-579.2
35,FMA2CFull,600,top_mgr,1.0
35,FMA2CFull,650,J01,-501.6
35,FMA2CFull,650,top_mgr,6.0
35,FMA2CFull,700,J01,-800.6
35,FMA2CFull,700,top_mgr,3.0
35,FMA2CFull,750,J01,-489.8
35,FMA2CFull,750,top_mgr,11.0
35,FMA2CFull,800,J01,-287.8
35,FMA2CFull,800,top_mgr,0.0
35,FMA2CFull,850,J01,-108.4
35,FMA2CFull,850,top_mgr,3.0
35,FMA2CFull,900,J01,-468.8
35,FMA2CFull,900,top_mgr,5.0
35,FMA2CFull,950,J01,-280.2
35,FMA2CFull,950,top_mgr,3.0
35,FMA2CFull,1000,J01,-270.8
35,FMA2CFull,1000,top_mgr,1.0
35,FMA2CFull,1050,J01,-107.0
35,FMA2CFull,1050,top_mgr,4.0
36,FMA2CFull,50,J01,-503.2
36,FMA2CFull,50,top_mgr,1.0
36,FMA2CFull,100,J01,-541.6
36,FMA2CFull,100,top_mgr,0.0
36,FMA2CFull,150,J01,-719.2
36,FMA2CFull,150,top_mgr,1.0
36,FMA2CFull,200,J01,-429.4
36,FMA2CFull,200,top_mgr,8.0
36,FMA2CFull,250,J01,-414.6
36,FMA2CFull,250,top_mgr,13.0
36,FMA2CFull,300,J01,-700.4
36,FMA2CFull,300,top_mgr,0.0
36,FMA2CFull,350,J01,-562.8
36,FMA2CFull,350,top_mgr,2.0
36,FMA2CFull,400,J01,-451.6
36,FMA2CFull,400,top_mgr,0.0
36,FMA2CFull,450,J01,-314.0
36,FMA2CFull,450,top_mgr,5.0
36,FMA2CFull,500,J01,-383.0
36,FMA2CFull,500,top_mgr,1.0
36,FMA2CFull,550,J01,-782.8
36,FMA2CFull,550,top_mgr,2.0
36,FMA2CFull,600,J01,-458.8
36,FMA2CFull,600,top_mgr,0.0
36,FMA2CFull,650,J01,-815.0
36,FMA2CFull,650,top_mgr,2.0
36,FMA2CFull,700,J01,-571.6
36,FMA2CFull,700,top_mgr,0.0
36,FMA2CFull,750,J01,-579.2
36,FMA2CFull,750,top_mgr,2.0
36,FMA2CFull,800,J01,-291.0
36,FMA2CFull,800,top_mgr,1.0
36,FMA2CFull,850,J01,-222.2
36,FMA2CFull,850,top_mgr,3.0
36,FMA2CFull,900,J01,-522.6
36,FMA2CFull,900,top_mgr,5.0
36,FMA2CFull,950,J01,-156.2
36,FMA2CFull,950,top_mgr,0.0
36,FMA2CFull,1000,J01,-133.2
36,FMA2CFull,1000,top_mgr,0.0
36,FMA2CFull,1050,J01,-45.8
36,FMA2CFull,1050,top_mgr,2.0
37,FMA2CFull,50,J01,-705.4
37,FMA2CFull,50,top_mgr,2.0
37,FMA2CFull,100,J01,-618.2
37,FMA2CFull,100,top_mgr,4.0
37,FMA2CFull,150,J01,-427.2
37,FMA2CFull,150,top_mgr,4.0
37,FMA2CFull,200,J01,-484.2
37,FMA2CFull,200,top_mgr,9.0
37,FMA2CFull,250,J01,-394.2
37,FMA2CFull,250,top_mgr,1.0
37,FMA2CFull,300,J01,-325.8
37,FMA2CFull,300,top_mgr,6.0
37,FMA2CFull,350,J01,-297.4
37,FMA2CFull,350,top_mgr,4.0
37,FMA2CFull,400,J01,-628.0
37,FMA2CFull,400,top_mgr,3.0
37,FMA2CFull,450,J01,-727.6
37,FMA2CFull,450,top_mgr,3.0
37,FMA2CFull,500,J01,-565.6
37,FMA2CFull,500,top_mgr,6.0
37,FMA2CFull,550,J01,-551.4
37,FMA2CFull,550,top_mgr,2.0
37,FMA2CFull,600,J01,-577.4
37,FMA2CFull,600,top_mgr,0.0
37,FMA2CFull,650,J01,-451.4
37,FMA2CFull,650,top_mgr,3.0
37,FMA2CFull,700,J01,-366.0
37,FMA2CFull,700,top_mgr,4.0
37,FMA2CFull,750,J01,-510.0
37,FMA2CFull,750,top_mgr,1.0
37,FMA2CFull,800,J01,-260.6
37,FMA2CFull,800,top_mgr,3.0
37,FMA2CFull,850,J01,-104.4
37,FMA2CFull,850,top_mgr,10.0
37,FMA2CFull,900,J01,-150.4
37,FMA2CFull,900,top_mgr,1.0
37,FMA2CFull,950,J01,-195.2
37,FMA2CFull,950,top_mgr,2.0
37,FMA2CFull,1000,J01,-398.6
37,FMA2CFull,1000,top_mgr,0.0
37,FMA2CFull,1050,J01,-58.8
37,FMA2CFull,1050,top_mgr,0.0
38,FMA2CFull,50,J01,-496.0
38,FMA2CFull,50,top_mgr,9.0
38,FMA2CFull,100,J01,-305.8
38,FMA2CFull,100,top_mgr,4.0
38,FMA2CFull,150,J01,-513.8
38,FMA2CFull,150,top_mgr,1.0
38,FMA2CFull,200,J01,-494.6
38,FMA2CFull,200,top_mgr,3.0
38,FMA2CFull,250,J01,-505.6
38,FMA2CFull,250,top_mgr,8.0
38,FMA2CFull,300,J01,-524.8
38,FMA2CFull,300,top_mgr,9.0
38,FMA2CFull,350,J01,-301.2
38,FMA2CFull,350,top_mgr,3.0
38,FMA2CFull,400,J01,-417.2
38,FMA2CFull,400,top_mgr,0.0
38,FMA2CFull,450,J01,-412.0
38,FMA2CFull,450,top_mgr,1.0
38,FMA2CFull,500,J01,-476.2
38,FMA2CFull,500,top_mgr,0.0
38,FMA2CFull,550,J01,-377.2
38,FMA2CFull,550,top_mgr,2.0
38,FMA2CFull,600,J01,-541.8
38,FMA2CFull,600,top_mgr,4.0
38,FMA2CFull,650,J01,-410.6
38,FMA2CFull,650,top_mgr,10.0
38,FMA2CFull,700,J01,-273.0
38,FMA2CFull,700,top_mgr,4.0
38,FMA2CFull,750,J01,-370.2
38,FMA2CFull,750,top_mgr,0.0
38,FMA2CFull,800,J01,-305.6
38,FMA2CFull,800,top_mgr,5.0
38,FMA2CFull,850,J01,-99.4
38,FMA2CFull,850,top_mgr,9.0
38,FMA2CFull,900,J01,-320.0
38,FMA2CFull,900,top_mgr,5.0
38,FMA2CFull,950,J01,-312.6
38,FMA2CFull,950,top_mgr,1.0
38,FMA2CFull,1000,J01,-186.0
38,FMA2CFull,1000,top_mgr,0.0
38,FMA2CFull,1050,J01,-109.0
38,FMA2CFull,1050,top_mgr,4.0
39,FMA2CFull,50,J01,-658.2
39,FMA2CFull,50,top_mgr,0.0
39,FMA2CFull,100,J01,-481.4
39,FMA2CFull,100,top_mgr,1.0
39,FMA2CFull,150,J01,-525.8
39,FMA2CFull,150,top_mgr,4.0
39,FMA2CFull,200,J01,-563.8
39,FMA2CFull,200,top_mgr,9.0
39,FMA2CFull,250,J01,-517.0
39,FMA2CFull,250,top_mgr,3.0
39,FMA2CFull,300,J01,-943.2
39,FMA2CFull,300,top_mgr,15.0
39,FMA2CFull,350,J01,-202.0
39,FMA2CFull,350,top_mgr,0.0
39,FMA2CFull,400,J01,-271.6
39,FMA2CFull,400,top_mgr,2.0
39,FMA2CFull,450,J01,-855.2
39,FMA2CFull,450,top_mgr,7.0
39,FMA2CFull,500,J01,-537.6
39,FMA2CFull,500,top_mgr,2.0
39,FMA2CFull,550,J01,-514.8
39,FMA2CFull,550,top_mgr,4.0
39,FMA2CFull,600,J01,-781.4
39,FMA2CFull,600,top_mgr,3.0
39,FMA2CFull,650,J01,-936.2
39,FMA2CFull,650,top_mgr,1.0
39,FMA2CFull,700,J01,-493.8
39,FMA2CFull,700,top_mgr,3.0
39,FMA2CFull,750,J01,-466.0
39,FMA2CFull,750,top_mgr,6.0
39,FMA2CFull,800,J01,-125.0
39,FMA2CFull,800,top_mgr,8.0
39,FMA2CFull,850,J01,-364.6
39,FMA2CFull,850,top_mgr,5.0
39,FMA2CFull,900,J01,-219.2
39,FMA2CFull,900,top_mgr,1.0
39,FMA2CFull,950,J01,-310.0
39,FMA2CFull,950,top_mgr,4.0
39,FMA2CFull,1000,J01,-268.2
39,FMA2CFull,1000,top_mgr,0.0
39,FMA2CFull,1050,J01,-159.8
39,FMA2CFull,1050,top_mgr,0.0
40,FMA2CFull,50,J01,-375.8
40,FMA2CFull,50,top_mgr,9.0
40,FMA2CFull,100,J01,-311.8
40,FMA2CFull,100,top_mgr,3.0
40,FMA2CFull,150,J01,-570.0
40,FMA2CFull,150,top_mgr,11.0
40,FMA2CFull,200,J01,-539.2
40,FMA2CFull,200,top_mgr,7.0
40,FMA2CFull,250,J01,-492.4
40,FMA2CFull,250,top_mgr,3.0
40,FMA2CFull,300,J01,-384.4
40,FMA2CFull,300,top_mgr,4.0
40,FMA2CFull,350,J01,-651.6
40,FMA2CFull,350,top_mgr,11.0
40,FMA2CFull,400,J01,-640.8
40,FMA2CFull,400,top_mgr,7.0
40,FMA2CFull,450,J01,-435.4
40,FMA2CFull,450,top_mgr,5.0
40,FMA2CFull,500,J01,-504.2
40,FMA2CFull,500,top_mgr,7.0
40,FMA2CFull,550,J01,-497.4
40,FMA2CFull,550,top_mgr,2.0
40,FMA2CFull,600,J01,-753.2
40,FMA2CFull,600,top_mgr,5.0
40,FMA2CFull,650,J01,-1043.2
40,FMA2CFull,650,top_mgr,1.0
40,FMA2CFull,700,J01,-270.2
40,FMA2CFull,700,top_mgr,5.0
40,FMA2CFull,750,J01,-524.6
40,FMA2CFull,750,top_mgr,1.0
40,FMA2CFull,800,J01,-317.0
40,FMA2CFull,800,top_mgr,10.0
40,FMA2CFull,850,J01,-144.4
40,FMA2CFull,850,top_mgr,1.0
40,FMA2CFull,900,J01,-287.2
40,FMA2CFull,900,top_mgr,1.0
40,FMA2CFull,950,J01,-145.6
40,FMA2CFull,950,top_mgr,5.0
40,FMA2CFull,1000,J01,-145.6
40,FMA2CFull,1000,top_mgr,2.0
40,FMA2CFull,1050,J01,-351.6
40,FMA2CFull,1050,top_mgr,0.0
41,FMA2CFull,50,J01,-301.0
41,FMA2CFull,50,top_mgr,7.0
41,FMA2CFull,100,J01,-440.6
41,FMA2CFull,100,top_mgr,0.0
41,FMA2CFull,150,J01,-703.0
41,FMA2CFull,150,top_mgr,9.0
41,FMA2CFull,200,J01,-598.8
41,FMA2CFull,200,top_mgr,2.0
41,FMA2CFull,250,J01,-426.8
41,FMA2CFull,250,top_mgr,6.0
41,FMA2CFull,300,J01,-693.2
41,FMA2CFull,300,top_mgr,3.0
41,FMA2CFull,350,J01,-903.8
41,FMA2CFull,350,top_mgr,3.0
41,FMA2CFull,400,J01,-602.0
41,FMA2CFull,400,top_mgr,6.0
41,FMA2CFull,450,J01,-434.8
41,FMA2CFull,450,top_mgr,0.0
41,FMA2CFull,500,J01,-584.2
41,FMA2CFull,500,top_mgr,3.0
41,FMA2CFull,550,J01,-703.4
41,FMA2CFull,550,top_mgr,0.0
41,FMA2CFull,600,J01,-452.8
41,FMA2CFull,600,top_mgr,4.0
41,FMA2CFull,650,J01,-608.4
41,FMA2CFull,650,top_mgr,0.0
41,FMA2CFull,700,J01,-554.6
41,FMA2CFull,700,top_mgr,5.0
41,FMA2CFull,750,J01,-476.4
41,FMA2CFull,750,top_mgr,2.0
41,FMA2CFull,800,J01,-269.2
41,FMA2CFull,800,top_mgr,4.0
41,FMA2CFull,850,J01,-449.2
41,FMA2CFull,850,top_mgr,0.0
41,FMA2CFull,900,J01,-132.4
41,FMA2CFull,900,top_mgr,1.0
41,FMA2CFull,950,J01,-158.4
41,FMA2CFull,950,top_mgr,7.0
41,FMA2CFull,1000,J01,-202.0
41,FMA2CFull,1000,top_mgr,4.0
41,FMA2CFull,1050,J01,-345.2
41,FMA2CFull,1050,top_mgr,3.0
42,FMA2CFull,50,J01,-485.6
42,FMA2CFull,50,top_mgr,0.0
42,FMA2CFull,100,J01,-394.8
42,FMA2CFull,100,top_mgr,11.0
42,FMA2CFull,150,J01,-598.2
42,FMA2CFull,150,top_mgr,5.0
42,FMA2CFull,200,J01,-473.4
42,FMA2CFull,200,top_mgr,3.0
42,FMA2CFull,250,J01,-291.4
42,FMA2CFull,250,top_mgr,3.0
42,FMA2CFull,300,J01,-860.4
42,FMA2CFull,300,top_mgr,0.0
42,FMA2CFull,350,J01,-300.6
42,FMA2CFull,350,top_mgr,8.0
42,FMA2CFull,400,J01,-135.4
42,FMA2CFull,400,top_mgr,2.0
42,FMA2CFull,450,J01,-434.8
42,FMA2CFull,450,top_mgr,9.0
42,FMA2CFull,500,J01,-577.4
42,FMA2CFull,500,top_mgr,6.0
42,FMA2CFull,550,J01,-481.0
42,FMA2CFull,550,top_mgr,11.0
42,FMA2CFull,600,J01,-462.0
42,FMA2CFull,600,top_mgr,11.0
42,FMA2CFull,650,J01,-755.8
42,FMA2CFull,650,top_mgr,0.0
42,FMA2CFull,700,J01,-515.2
42,FMA2CFull,700,top_mgr,4.0
42,FMA2CFull,750,J01,-860.2
42,FMA2CFull,750,top_mgr,1.0
42,FMA2CFull,800,J01,-162.8
42,FMA2CFull,800,top_mgr,6.0
42,FMA2CFull,850,J01,-50.0
42,FMA2CFull,850,top_mgr,4.0
42,FMA2CFull,900,J01,-157.8
42,FMA2CFull,900,top_mgr,4.0
42,FMA2CFull,950,J01,-152.2
42,FMA2CFull,950,top_mgr,5.0
42,FMA2CFull,1000,J01,-177.2
42,FMA2CFull,1000,top_mgr,6.0
42,FMA2CFull,1050,J01,-377.2
42,FMA2CFull,1050,top_mgr,2.0
43,FMA2CFull,50,J01,-384.6
43,FMA2CFull,50,top_mgr,2.0
43,FMA2CFull,100,J01,-623.2
43,FMA2CFull,100,top_mgr,6.0
43,FMA2CFull,150,J01,-647.8
43,FMA2CFull,150,top_mgr,0.0
43,FMA2CFull,200,J01,-711.4
43,FMA2CFull,200,top_mgr,1.0
43,FMA2CFull,250,J01,-343.0
43,FMA2CFull,250,top_mgr,3.0
43,FMA2CFull,300,J01,-287.2
43,FMA2CFull,300,top_mgr,2.0
43,FMA2CFull,350,J01,-364.8
43,FMA2CFull,350,top_mgr,9.0
43,FMA2CFull,400,J01,-420.8
43,FMA2CFull,400,top_mgr,1.0
43,FMA2CFull,450,J01,-575.2
43,FMA2CFull,450,top_mgr,0.0
43,FMA2CFull,500,J01,-451.4
43,FMA2CFull,500,top_mgr,0.0
43,FMA2CFull,550,J01,-587.0
43,FMA2CFull,550,top_mgr,2.0
43,FMA2CFull,600,J01,-698.0
43,FMA2CFull,600,top_mgr,2.0
43,FMA2CFull,650,J01,-635.2
43,FMA2CFull,650,top_mgr,3.0
43,FMA2CFull,700,J01,-456.6
43,FMA2CFull,700,top_mgr,0.0
43,FMA2CFull,750,J01,-311.0
43,FMA2CFull,750,top_mgr,2.0
43,FMA2CFull,800,J01,-200.6
43,FMA2CFull,800,top_mgr,2.0
43,FMA2CFull,850,J01,-243.2
43,FMA2CFull,850,top_mgr,3.0
43,FMA2CFull,900,J01,-112.4
43,FMA2CFull,900,top_mgr,5.0
43,FMA2CFull,950,J01,-157.4
43,FMA2CFull,950,top_mgr,3.0
43,FMA2CFull,1000,J01,-81.8
43,FMA2CFull,1000,top_mgr,5.0
43,FMA2CFull,1050,J01,-330.2
43,FMA2CFull,1050,top_mgr,1.0
44,FMA2CFull,50,J01,-397.4
44,FMA2CFull,50,top_mgr,3.0
44,FMA2CFull,100,J01,-338.0
44,FMA2CFull,100,top_mgr,1.0
44,FMA2CFull,150,J01,-293.2
44,FMA2CFull,150,top_mgr,3.0
44,FMA2CFull,200,J01,-442.4
44,FMA2CFull,200,top_mgr,3.0
44,FMA2CFull,250,J01,-764.2
44,FMA2CFull,250,top_mgr,6.0
44,FMA2CFull,300,J01,-236.2
44,FMA2CFull,300,top_mgr,2.0
44,FMA2CFull,350,J01,-518.4
44,FMA2CFull,350,top_mgr,3.0
44,FMA2CFull,400,J01,-219.4
44,FMA2CFull,400,top_mgr,7.0
44,FMA2CFull,450,J01,-467.6
44,FMA2CFull,450,top_mgr,1.0
44,FMA2CFull,500,J01,-420.4
44,FMA2CFull,500,top_mgr,0.0
44,FMA2CFull,550,J01,-465.8
44,FMA2CFull,550,top_mgr,11.0
44,FMA2CFull,600,J01,-427.0
44,FMA2CFull,600,top_mgr,1.0
44,FMA2CFull,650,J01,-498.4
44,FMA2CFull,650,top_mgr,2.0
44,FMA2CFull,700,J01,-261.4
44,FMA2CFull,700,top_mgr,1.0
44,FMA2CFull,750,J01,-392.0
44,FMA2CFull,750,top_mgr,2.0
44,FMA2CFull,800,J01,-217.6
44,FMA2CFull,800,top_mgr,4.0
44,FMA2CFull,850,J01,-230.0
44,FMA2CFull,850,top_mgr,3.0
44,FMA2CFull,900,J01,-95.8
44,FMA2CFull,900,top_mgr,5.0
44,FMA2CFull,950,J01,-143.6
44,FMA2CFull,950,top_mgr,1.0
44,FMA2CFull,1000,J01,-89.2
44,FMA2CFull,1000,top_mgr,5.0
44,FMA2CFull,1050,J01,-198.2
44,FMA2CFull,1050,top_mgr,5.0
45,FMA2CFull,50,J01,-539.2
45,FMA2CFull,50,top_mgr,0.0
45,FMA2CFull,100,J01,-217.6
45,FMA2CFull,100,top_mgr,10.0
45,FMA2CFull,150,J01,-590.4
45,FMA2CFull,150,top_mgr,8.0
45,FMA2CFull,200,J01,-286.2
45,FMA2CFull,200,top_mgr,7.0
45,FMA2CFull,250,J01,-340.8
45,FMA2CFull,250,top_mgr,9.0
45,FMA2CFull,300,J01,-358.0
45,FMA2CFull,300,top_mgr,6.0
45,FMA2CFull,350,J01,-638.6
45,FMA2CFull,350,top_mgr,2.0
45,FMA2CFull,400,J01,-418.8
45,FMA2CFull,400,top_mgr,3.0
45,FMA2CFull,450,J01,-572.0
45,FMA2CFull,450,top_mgr,0.0
45,FMA2CFull,500,J01,-430.6
45,FMA2CFull,500,top_mgr,0.0
45,FMA2CFull,550,J01,-439.0
45,FMA2CFull,550,top_mgr,7.0
45,FMA2CFull,600,J01,-540.6
45,FMA2CFull,600,top_mgr,1.0
45,FMA2CFull,650,J01,-379.4
45,FMA2CFull,650,top_mgr,0.0
45,FMA2CFull,700,J01,-608.2
45,FMA2CFull,700,top_mgr,3.0
45,FMA2CFull,750,J01,-288.0
45,FMA2CFull,750,top_mgr,3.0
45,FMA2CFull,800,J01,-322.4
45,FMA2CFull,800,top_mgr,0.0
45,FMA2CFull,850,J01,-176.6
45,FMA2CFull,850,top_mgr,5.0
45,FMA2CFull,900,J01,-104.4
45,FMA2CFull,900,top_mgr,5.0
45,FMA2CFull,950,J01,-99.8
45,FMA2CFull,950,top_mgr,4.0
45,FMA2CFull,1000,J01,-206.0
45,FMA2CFull,1000,top_mgr,2.0
45,FMA2CFull,1050,J01,-233.2
45,FMA2CFull,1050,top_mgr,3.0
46,FMA2CFull,50,J01,-423.0
46,FMA2CFull,50,top_mgr,3.0
46,FMA2CFull,100,J01,-333.0
46,FMA2CFull,100,top_mgr,7.0
46,FMA2CFull,150,J01,-544.8
46,FMA2CFull,150,top_mgr,3.0
46,FMA2CFull,200,J01,-366.0
46,FMA2CFull,200,top_mgr,1.0
46,FMA2CFull,250,J01,-364.8
46,FMA2CFull,250,top_mgr,9.0
46,FMA2CFull,300,J01,-764.4
46,FMA2CFull,300,top_mgr,6.0
46,FMA2CFull,350,J01,-518.8
46,FMA2CFull,350,top_mgr,1.0
46,FMA2CFull,400,J01,-395.8
46,FMA2CFull,400,top_mgr,6.0
46,FMA2CFull,450,J01,-227.8
46,FMA2CFull,450,top_mgr,3.0
46,FMA2CFull,500,J01,-599.0
46,FMA2CFull,500,top_mgr,5.0
46,FMA2CFull,550,J01,-621.8
46,FMA2CFull,550,top_mgr,1.0
46,FMA2CFull,600,J01,-421.6
46,FMA2CFull,600,top_mgr,4.0
46,FMA2CFull,650,J01,-543.6
46,FMA2CFull,650,top_mgr,4.0
46,FMA2CFull,700,J01,-631.4
46,FMA2CFull,700,top_mgr,6.0
46,FMA2CFull,750,J01,-123.6
46,FMA2CFull,750,top_mgr,4.0
46,FMA2CFull,800,J01,-130.6
46,FMA2CFull,800,top_mgr,4.0
46,FMA2CFull,850,J01,-285.4
46,FMA2CFull,850,top_mgr,1.0
46,FMA2CFull,900,J01,-80.6
46,FMA2CFull,900,top_mgr,11.0
46,FMA2CFull,950,J01,-176.4
46,FMA2CFull,950,top_mgr,0.0
46,FMA2CFull,1000,J01,-157.4
46,FMA2CFull,1000,top_mgr,2.0
46,FMA2CFull,1050,J01,-138.2
46,FMA2CFull,1050,top_mgr,5.0
47,FMA2CFull,50,J01,-356.6
47,FMA2CFull,50,top_mgr,3.0
47,FMA2CFull,100,J01,-318.2
47,FMA2CFull,100,top_mgr,1.0
47,FMA2CFull,150,J01,-365.4
47,FMA2CFull,150,top_mgr,9.0
47,FMA2CFull,200,J01,-448.4
47,FMA2CFull,200,top_mgr,5.0
47,FMA2CFull,250,J01,-526.4
47,FMA2CFull,250,top_mgr,2.0
47,FMA2CFull,300,J01,-685.6
47,FMA2CFull,300,top_mgr,4.0
47,FMA2CFull,350,J01,-342.8
47,FMA2CFull,350,top_mgr,2.0
47,FMA2CFull,400,J01,-270.0
47,FMA2CFull,400,top_mgr,12.0
47,FMA2CFull,450,J01,-253.2
47,FMA2CFull,450,top_mgr,3.0
47,FMA2CFull,500,J01,-243.8
47,FMA2CFull,500,top_mgr,7.0
47,FMA2CFull,550,J01,-506.8
47,FMA2CFull,550,top_mgr,0.0
47,FMA2CFull,600,J01,-337.0
47,FMA2CFull,600,top_mgr,0.0
47,FMA2CFull,650,J01,-518.8
47,FMA2CFull,650,top_mgr,7.0
47,FMA2CFull,700,J01,-635.6
47,FMA2CFull,700,top_mgr,0.0
47,FMA2CFull,750,J01,-307.0
47,FMA2CFull,750,top_mgr,3.0
47,FMA2CFull,800,J01,-150.2
47,FMA2CFull,800,top_mgr,5.0
47,FMA2CFull,850,J01,-94.0
47,FMA2CFull,850,top_mgr,1.0
47,FMA2CFull,900,J01,-61.6
47,FMA2CFull,900,top_mgr,5.0
47,FMA2CFull,950,J01,-206.6
47,FMA2CFull,950,top_mgr,5.0
47,FMA2CFull,1000,J01,-124.2
47,FMA2CFull,1000,top_mgr,2.0
47,FMA2CFull,1050,J01,-123.4
47,FMA2CFull,1050,top_mgr,2.0
48,FMA2CFull,50,J01,-398.8
48,FMA2CFull,50,top_mgr,5.0
48,FMA2CFull,100,J01,-235.4
48,FMA2CFull,100,top_mgr,10.0
48,FMA2CFull,150,J01,-600.2
48,FMA2CFull,150,top_mgr,0.0
48,FMA2CFull,200,J01,-512.4
48,FMA2CFull,200,top_mgr,4.0
48,FMA2CFull,250,J01,-148.4
48,FMA2CFull,250,top_mgr,6.0
48,FMA2CFull,300,J01,-663.4
48,FMA2CFull,300,top_mgr,2.0
48,FMA2CFull,350,J01,-326.0
48,FMA2CFull,350,top_mgr,3.0
48,FMA2CFull,400,J01,-267.8
48,FMA2CFull,400,top_mgr,7.0
48,FMA2CFull,450,J01,-777.4
48,FMA2CFull,450,top_mgr,2.0
48,FMA2CFull,500,J01,-644.4
48,FMA2CFull,500,top_mgr,3.0
48,FMA2CFull,550,J01,-557.8
48,FMA2CFull,550,top_mgr,3.0
48,FMA2CFull,600,J01,-663.8
48,FMA2CFull,600,top_mgr,0.0
48,FMA2CFull,650,J01,-953.0
48,FMA2CFull,650,top_mgr,1.0
48,FMA2CFull,700,J01,-524.8
48,FMA2CFull,700,top_mgr,3.0
48,FMA2CFull,750,J01,-185.4
48,FMA2CFull,750,top_mgr,0.0
48,FMA2CFull,800,J01,-167.0
48,FMA2CFull,800,top_mgr,8.0
48,FMA2CFull,850,J01,-80.4
48,FMA2CFull,850,top_mgr,4.0
48,FMA2CFull,900,J01,-122.4
48,FMA2CFull,900,top_mgr,4.0
48,FMA2CFull,950,J01,-72.0
48,FMA2CFull,950,top_mgr,4.0
48,FMA2CFull,1000,J01,-240.0
48,FMA2CFull,1000,top_mgr,6.0
48,FMA2CFull,1050,J01,-65.2
48,FMA2CFull,1050,top_mgr,2.0
49,FMA2CFull,50,J01,-496.0
49,FMA2CFull,50,top_mgr,2.0
49,FMA2CFull,100,J01,-382.4
49,FMA2CFull,100,top_mgr,10.0
49,FMA2CFull,150,J01,-836.4
49,FMA2CFull,150,top_mgr,7.0
49,FMA2CFull,200,J01,-745.0
49,FMA2CFull,200,top_mgr,5.0
49,FMA2CFull,250,J01,-432.4
49,FMA2CFull,250,top_mgr,0.0
49,FMA2CFull,300,J01,-519.4
49,FMA2CFull,300,top_mgr,5.0
49,FMA2CFull,350,J01,-370.6
49,FMA2CFull,350,top_mgr,5.0
49,FMA2CFull,400,J01,-536.2
49,FMA2CFull,400,top_mgr,0.0
49,FMA2CFull,450,J01,-306.4
49,FMA2CFull,450,top_mgr,0.0
49,FMA2CFull,500,J01,-424.2
49,FMA2CFull,500,top_mgr,2.0
49,FMA2CFull,550,J01,-555.0
49,FMA2CFull,550,top_mgr,1.0
49,FMA2CFull,600,J01,-301.2
49,FMA2CFull,600,top_mgr,10.0
49,FMA2CFull,650,J01,-459.4
49,FMA2CFull,650,top_mgr,4.0
49,FMA2CFull,700,J01,-498.0
49,FMA2CFull,700,top_mgr,2.0
49,FMA2CFull,750,J01,-458.4
49,FMA2CFull,750,top_mgr,7.0
49,FMA2CFull,800,J01,-173.4
49,FMA2CFull,800,top_mgr,2.0
49,FMA2CFull,850,J01,-169.8
49,FMA2CFull,850,top_mgr,6.0
49,FMA2CFull,900,J01,-235.2
49,FMA2CFull,900,top_mgr,6.0
49,FMA2CFull,950,J01,-259.4
49,FMA2CFull,950,top_mgr,0.0
49,FMA2CFull,1000,J01,-127.4
49,FMA2CFull,1000,top_mgr,3.0
49,FMA2CFull,1050,J01,-261.6
49,FMA2CFull,1050,top_mgr,2.0
50,FMA2CFull,50,J01,-409.2
50,FMA2CFull,50,top_mgr,2.0
50,FMA2CFull,100,J01,-553.4
50,FMA2CFull,100,top_mgr,2.0
50,FMA2CFull,150,J01,-699.8
50,FMA2CFull,150,top_mgr,13.0
50,FMA2CFull,200,J01,-603.6
50,FMA2CFull,200,top_mgr,5.0
50,FMA2CFull,250,J01,-402.8
50,FMA2CFull,250,top_mgr,5.0
50,FMA2CFull,300,J01,-775.4
50,FMA2CFull,300,top_mgr,0.0
50,FMA2CFull,350,J01,-394.8
50,FMA2CFull,350,top_mgr,2.0
50,FMA2CFull,400,J01,-399.0
50,FMA2CFull,400,top_mgr,8.0
50,FMA2CFull,450,J01,-217.0
50,FMA2CFull,450,top_mgr,2.0
50,FMA2CFull,500,J01,-580.2
50,FMA2CFull,500,top_mgr,7.0
50,FMA2CFull,550,J01,-350.8
50,FMA2CFull,550,top_mgr,0.0
50,FMA2CFull,600,J01,-405.6
50,FMA2CFull,600,top_mgr,4.0
50,FMA2CFull,650,J01,-499.0
50,FMA2CFull,650,top_mgr,12.0
50,FMA2CFull,700,J01,-438.2
50,FMA2CFull,700,top_mgr,5.0
50,FMA2CFull,750,J01,-130.4
50,FMA2CFull,750,top_mgr,1.0
50,FMA2CFull,800,J01,-187.0
50,FMA2CFull,800,top_mgr,6.0
50,FMA2CFull,850,J01,-209.4
50,FMA2CFull,850,top_mgr,5.0
50,FMA2CFull,900,J01,-184.0
50,FMA2CFull,900,top_mgr,4.0
50,FMA2CFull,950,J01,-163.8
50,FMA2CFull,950,top_mgr,6.0
50,FMA2CFull,1000,J01,-90.0
50,FMA2CFull,1000,top_mgr,5.0
50,FMA2CFull,1050,J01,-313.4
50,FMA2CFull,1050,top_mgr,5.0
51,FMA2CFull,50,J01,-331.4
51,FMA2CFull,50,top_mgr,6.0
51,FMA2CFull,100,J01,-439.0
51,FMA2CFull,100,top_mgr,9.0
51,FMA2CFull,150,J01,-301.6
51,FMA2CFull,150,top_mgr,6.0
51,FMA2CFull,200,J01,-717.0
51,FMA2CFull,200,top_mgr,7.0
51,FMA2CFull,250,J01,-594.4
51,FMA2CFull,250,top_mgr,5.0
51,FMA2CFull,300,J01,-457.6
51,FMA2CFull,300,top_mgr,5.0
51,FMA2CFull,350,J01,-332.4
51,FMA2CFull,350,top_mgr,3.0
51,FMA2CFull,400,J01,-472.6
51,FMA2CFull,400,top_mgr,2.0
51,FMA2CFull,450,J01,-751.4
51,FMA2CFull,450,top_mgr,2.0
51,FMA2CFull,500,J01,-534.6
51,FMA2CFull,500,top_mgr,3.0
51,FMA2CFull,550,J01,-435.4
51,FMA2CFull,550,top_mgr,0.0
51,FMA2CFull,600,J01,-514.2
51,FMA2CFull,600,top_mgr,2.0
51,FMA2CFull,650,J01,-579.4
51,FMA2CFull,650,top_mgr,10.0
51,FMA2CFull,700,J01,-439.6
51,FMA2CFull,700,top_mgr,11.0
51,FMA2CFull,750,J01,-388.6
51,FMA2CFull,750,top_mgr,2.0
51,FMA2CFull,800,J01,-184.0
51,FMA2CFull,800,top_mgr,6.0
51,FMA2CFull,850,J01,-143.0
51,FMA2CFull,850,top_mgr,4.0
51,FMA2CFull,900,J01,-115.2
51,FMA2CFull,900,top_mgr,4.0
51,FMA2CFull,950,J01,-89.4
51,FMA2CFull,950,top_mgr,1.0
51,FMA2CFull,1000,J01,-118.0
51,FMA2CFull,1000,top_mgr,5.0
51,FMA2CFull,1050,J01,-217.0
51,FMA2CFull,1050,top_mgr,0.0
52,FMA2CFull,50,J01,-370.6
52,FMA2CFull,50,top_mgr,6.0
52,FMA2CFull,100,J01,-303.8
52,FMA2CFull,100,top_mgr,1.0
52,FMA2CFull,150,J01,-462.0
52,FMA2CFull,150,top_mgr,0.0
52,FMA2CFull,200,J01,-495.2
52,FMA2CFull,200,top_mgr,2.0
52,FMA2CFull,250,J01,-498.6
52,FMA2CFull,250,top_mgr,3.0
52,FMA2CFull,300,J01,-284.8
52,FMA2CFull,300,top_mgr,5.0
52,FMA2CFull,350,J01,-373.0
52,FMA2CFull,350,top_mgr,0.0
52,FMA2CFull,400,J01,-470.0
52,FMA2CFull,400,top_mgr,0.0
52,FMA2CFull,450,J01,-239.6
52,FMA2CFull,450,top_mgr,12.0
52,FMA2CFull,500,J01,-272.4
52,FMA2CFull,500,top_mgr,7.0
52,FMA2CFull,550,J01,-416.4
52,FMA2CFull,550,top_mgr,4.0
52,FMA2CFull,600,J01,-346.4
52,FMA2CFull,600,top_mgr,3.0
52,FMA2CFull,650,J01,-587.2
52,FMA2CFull,650,top_mgr,12.0
52,FMA2CFull,700,J01,-349.4
52,FMA2CFull,700,top_mgr,5.0
52,FMA2CFull,750,J01,-378.0
52,FMA2CFull,750,top_mgr,4.0
52,FMA2CFull,800,J01,-52.8
52,FMA2CFull,800,top_mgr,6.0
52,FMA2CFull,850,J01,-127.0
52,FMA2CFull,850,top_mgr,6.0
52,FMA2CFull,900,J01,-224.4
52,FMA2CFull,900,top_mgr,3.0
52,FMA2CFull,950,J01,-182.0
52,FMA2CFull,950,top_mgr,1.0
52,FMA2CFull,1000,J01,-172.6
52,FMA2CFull,1000,top_mgr,5.0
52,FMA2CFull,1050,J01,-92.8
52,FMA2CFull,1050,top_mgr,2.0
53,FMA2CFull,50,J01,-471.6
53,FMA2CFull,50,top_mgr,3.0
53,FMA2CFull,100,J01,-190.8
53,FMA2CFull,100,top_mgr,1.0
53,FMA2CFull,150,J01,-803.6
53,FMA2CFull,150,top_mgr,6.0
53,FMA2CFull,200,J01,-646.4
53,FMA2CFull,200,top_mgr,1.0
53,FMA2CFull,250,J01,-393.8
53,FMA2CFull,250,top_mgr,1.0
53,FMA2CFull,300,J01,-584.4
53,FMA2CFull,300,top_mgr,4.0
53,FMA2CFull,350,J01,-309.6
53,FMA2CFull,350,top_mgr,4.0
53,FMA2CFull,400,J01,-482.2
53,FMA2CFull,400,top_mgr,9.0
53,FMA2CFull,450,J01,-277.8
53,FMA2CFull,450,top_mgr,4.0
53,FMA2CFull,500,J01,-314.4
53,FMA2CFull,500,top_mgr,1.0
53,FMA2CFull,550,J01,-561.4
53,FMA2CFull,550,top_mgr,1.0
53,FMA2CFull,600,J01,-684.4
53,FMA2CFull,600,top_mgr,2.0
53,FMA2CFull,650,J01,-455.2
53,FMA2CFull,650,top_mgr,3.0
53,FMA2CFull,700,J01,-318.2
53,FMA2CFull,700,top_mgr,4.0
53,FMA2CFull,750,J01,-178.0
53,FMA2CFull,750,top_mgr,9.0
53,FMA2CFull,800,J01,-455.4
53,FMA2CFull,800,top_mgr,5.0
53,FMA2CFull,850,J01,-203.4
53,FMA2CFull,850,top_mgr,5.0
53,FMA2CFull,900,J01,-50.0
53,FMA2CFull,900,top_mgr,5.0
53,FMA2CFull,950,J01,-159.4
53,FMA2CFull,950,top_mgr,1.0
53,FMA2CFull,1000,J01,-257.8
53,FMA2CFull,1000,top_mgr,4.0
53,FMA2CFull,1050,J01,-75.6
53,FMA2CFull,1050,top_mgr,5.0
54,FMA2CFull,50,J01,-364.0
54,FMA2CFull,50,top_mgr,6.0
54,FMA2CFull,100,J01,-222.8
54,FMA2CFull,100,top_mgr,5.0
54,FMA2CFull,150,J01,-612.0
54,FMA2CFull,150,top_mgr,8.0
54,FMA2CFull,200,J01,-286.4
54,FMA2CFull,200,top_mgr,3.0
54,FMA2CFull,250,J01,-392.8
54,FMA2CFull,250,top_mgr,0.0
54,FMA2CFull,300,J01,-764.8
54,FMA2CFull,300,top_mgr,6.0
54,FMA2CFull,350,J01,-382.0
54,FMA2CFull,350,top_mgr,8.0
54,FMA2CFull,400,J01,-284.2
54,FMA2CFull,400,top_mgr,7.0
54,FMA2CFull,450,J01,-599.2
54,FMA2CFull,450,top_mgr,0.0
54,FMA2CFull,500,J01,-276.2
54,FMA2CFull,500,top_mgr,9.0
54,FMA2CFull,550,J01,-782.6
54,FMA2CFull,550,top_mgr,2.0
54,FMA2CFull,600,J01,-545.8
54,FMA2CFull,600,top_mgr,3.0
54,FMA2CFull,650,J01,-279.8
54,FMA2CFull,650,top_mgr,9.0
54,FMA2CFull,700,J01,-257.2
54,FMA2CFull,700,top_mgr,2.0
54,FMA2CFull,750,J01,-157.6
54,FMA2CFull,750,top_mgr,6.0
54,FMA2CFull,800,J01,-130.4
54,FMA2CFull,800,top_mgr,7.0
54,FMA2CFull,850,J01,-183.2
54,FMA2CFull,850,top_mgr,2.0
54,FMA2CFull,900,J01,-106.8
54,FMA2CFull,900,top_mgr,6.0
54,FMA2CFull,950,J01,-88.2
54,FMA2CFull,950,top_mgr,4.0
54,FMA2CFull,1000,J01,-159.8
54,FMA2CFull,1000,top_mgr,3.0
54,FMA2CFull,1050,J01,-88.8
54,FMA2CFull,1050,top_mgr,0.0
55,FMA2CFull,50,J01,-369.6
55,FMA2CFull,50,top_mgr,7.0
55,FMA2CFull,100,J01,-239.8
55,FMA2CFull,100,top_mgr,11.0
55,FMA2CFull,150,J01,-418.8
55,FMA2CFull,150,top_mgr,1.0
55,FMA2CFull,200,J01,-344.6
55,FMA2CFull,200,top_mgr,10.0
55,FMA2CFull,250,J01,-455.6
55,FMA2CFull,250,top_mgr,8.0
55,FMA2CFull,300,J01,-538.6
55,FMA2CFull,300,top_mgr,1.0
55,FMA2CFull,350,J01,-479.2
55,FMA2CFull,350,top_mgr,0.0
55,FMA2CFull,400,J01,-431.6
55,FMA2CFull,400,top_mgr,0.0
55,FMA2CFull,450,J01,-417.8
55,FMA2CFull,450,top_mgr,0.0
55,FMA2CFull,500,J01,-476.2
55,FMA2CFull,500,top_mgr,3.0
55,FMA2CFull,550,J01,-658.4
55,FMA2CFull,550,top_mgr,2.0
55,FMA2CFull,600,J01,-756.4
55,FMA2CFull,600,top_mgr,0.0
55,FMA2CFull,650,J01,-546.2
55,FMA2CFull,650,top_mgr,3.0
55,FMA2CFull,700,J01,-484.2
55,FMA2CFull,700,top_mgr,2.0
55,FMA2CFull,750,J01,-200.8
55,FMA2CFull,750,top_mgr,2.0
55,FMA2CFull,800,J01,-224.8
55,FMA2CFull,800,top_mgr,2.0
55,FMA2CFull,850,J01,-146.0
55,FMA2CFull,850,top_mgr,4.0
55,FMA2CFull,900,J01,-234.0
55,FMA2CFull,900,top_mgr,1.0
55,FMA2CFull,950,J01,-523.8
55,FMA2CFull,950,top_mgr,2.0
55,FMA2CFull,1000,J01,-155.2
55,FMA2CFull,1000,top_mgr,1.0
55,FMA2CFull,1050,J01,-185.2
55,FMA2CFull,1050,top_mgr,1.0
56,FMA2CFull,50,J01,-635.8
56,FMA2CFull,50,top_mgr,2.0
56,FMA2CFull,100,J01,-398.0
56,FMA2CFull,100,top_mgr,0.0
56,FMA2CFull,150,J01,-415.8
56,FMA2CFull,150,top_mgr,4.0
56,FMA2CFull,200,J01,-605.4
56,FMA2CFull,200,top_mgr,4.0
56,FMA2CFull,250,J01,-431.8
56,FMA2CFull,250,top_mgr,3.0
56,FMA2CFull,300,J01,-258.4
56,FMA2CFull,300,top_mgr,13.0
56,FMA2CFull,350,J01,-750.4
56,FMA2CFull,350,top_mgr,1.0
56,FMA2CFull,400,J01,-631.8
56,FMA2CFull,400,top_mgr,3.0
56,FMA2CFull,450,J01,-553.6
56,FMA2CFull,450,top_mgr,6.0
56,FMA2CFull,500,J01,-551.2
56,FMA2CFull,500,top_mgr,0.0
56,FMA2CFull,550,J01,-390.2
56,FMA2CFull,550,top_mgr,4.0
56,FMA2CFull,600,J01,-672.4
56,FMA2CFull,600,top_mgr,2.0
56,FMA2CFull,650,J01,-438.4
56,FMA2CFull,650,top_mgr,15.0
56,FMA2CFull,700,J01,-327.6
56,FMA2CFull,700,top_mgr,2.0
56,FMA2CFull,750,J01,-342.0
56,FMA2CFull,750,top_mgr,0.0
56,FMA2CFull,800,J01,-272.6
56,FMA2CFull,800,top_mgr,4.0
56,FMA2CFull,850,J01,-124.0
56,FMA2CFull,850,top_mgr,10.0
56,FMA2CFull,900,J01,-106.8
56,FMA2CFull,900,top_mgr,4.0
56,FMA2CFull,950,J01,-261.0
56,FMA2CFull,950,top_mgr,6.0
56,FMA2CFull,1000,J01,-155.0
56,FMA2CFull,1000,top_mgr,5.0
56,FMA2CFull,1050,J01,-130.0
56,FMA2CFull,1050,top_mgr,0.0
57,FMA2CFull,50,J01,-359.8
57,FMA2CFull,50,top_mgr,1.0
57,FMA2CFull,100,J01,-472.0
57,FMA2CFull,100,top_mgr,2.0
57,FMA2CFull,150,J01,-339.0
57,FMA2CFull,150,top_mgr,0.0
57,FMA2CFull,200,J01,-321.2
57,FMA2CFull,200,top_mgr,2.0
57,FMA2CFull,250,J01,-276.6
57,FMA2CFull,250,top_mgr,9.0
57,FMA2CFull,300,J01,-662.4
57,FMA2CFull,300,top_mgr,4.0
57,FMA2CFull,350,J01,-629.2
57,FMA2CFull,350,top_mgr,3.0
57,FMA2CFull,400,J01,-384.6
57,FMA2CFull,400,top_mgr,4.0
57,FMA2CFull,450,J01,-265.6
57,FMA2CFull,450,top_mgr,0.0
57,FMA2CFull,500,J01,-261.8
57,FMA2CFull,500,top_mgr,1.0
57,FMA2CFull,550,J01,-469.4
57,FMA2CFull,550,top_mgr,5.0
57,FMA2CFull,600,J01,-440.6
57,FMA2CFull,600,top_mgr,4.0
57,FMA2CFull,650,J01,-649.8
57,FMA2CFull,650,top_mgr,8.0
57,FMA2CFull,700,J01,-363.2
57,FMA2CFull,700,top_mgr,4.0
57,FMA2CFull,750,J01,-216.0
57,FMA2CFull,750,top_mgr,2.0
57,FMA2CFull,800,J01,-263.8
57,FMA2CFull,800,top_mgr,6.0
57,FMA2CFull,850,J01,-124.2
57,FMA2CFull,850,top_mgr,3.0
57,FMA2CFull,900,J01,-134.0
57,FMA2CFull,900,top_mgr,4.0
57,FMA2CFull,950,J01,-45.0
57,FMA2CFull,950,top_mgr,8.0
57,FMA2CFull,1000,J01,-91.0
57,FMA2CFull,1000,top_mgr,1.0
57,FMA2CFull,1050,J01,-121.0
57,FMA2CFull,1050,top_mgr,2.0
58,FMA2CFull,50,J01,-422.2
58,FMA2CFull,50,top_mgr,7.0
58,FMA2CFull,100,J01,-220.0
58,FMA2CFull,100,top_mgr,4.0
58,FMA2CFull,150,J01,-525.0
58,FMA2CFull,150,top_mgr,7.0
58,FMA2CFull,200,J01,-256.0
58,FMA2CFull,200,top_mgr,3.0
58,FMA2CFull,250,J01,-294.2
58,FMA2CFull,250,top_mgr,9.0
58,FMA2CFull,300,J01,-353.2
58,FMA2CFull,300,top_mgr,9.0
58,FMA2CFull,350,J01,-470.0
58,FMA2CFull,350,top_mgr,2.0
58,FMA2CFull,400,J01,-468.6
58,FMA2CFull,400,top_mgr,2.0
58,FMA2CFull,450,J01,-311.4
58,FMA2CFull,450,top_mgr,5.0
58,FMA2CFull,500,J01,-531.0
58,FMA2CFull,500,top_mgr,3.0
58,FMA2CFull,550,J01,-534.6
58,FMA2CFull,550,top_mgr,4.0
58,FMA2CFull,600,J01,-517.6
58,FMA2CFull,600,top_mgr,0.0
58,FMA2CFull,650,J01,-647.2
58,FMA2CFull,650,top_mgr,0.0
58,FMA2CFull,700,J01,-192.6
58,FMA2CFull,700,top_mgr,1.0
58,FMA2CFull,750,J01,-286.0
58,FMA2CFull,750,top_mgr,4.0
58,FMA2CFull,800,J01,-380.4
58,FMA2CFull,800,top_mgr,3.0
58,FMA2CFull,850,J01,-180.4
58,FMA2CFull,850,top_mgr,5.0
58,FMA2CFull,900,J01,-163.0
58,FMA2CFull,900,top_mgr,8.0
58,FMA2CFull,950,J01,-88.8
58,FMA2CFull,950,top_mgr,2.0
58,FMA2CFull,1000,J01,-144.2
58,FMA2CFull,1000,top_mgr,0.0
58,FMA2CFull,1050,J01,-60.8
58,FMA2CFull,1050,top_mgr,3.0
59,FMA2CFull,50,J01,-364.8
59,FMA2CFull,50,top_mgr,3.0
59,FMA2CFull,100,J01,-575.6
59,FMA2CFull,100,top_mgr,3.0
59,FMA2CFull,150,J01,-540.8
59,FMA2CFull,150,top_mgr,7.0
59,FMA2CFull,200,J01,-423.6
59,FMA2CFull,200,top_mgr,1.0
59,FMA2CFull,250,J01,-337.6
59,FMA2CFull,250,top_mgr,6.0
59,FMA2CFull,300,J01,-381.2
59,FMA2CFull,300,top_mgr,7.0
59,FMA2CFull,350,J01,-237.0
59,FMA2CFull,350,top_mgr,4.0
59,FMA2CFull,400,J01,-563.4
59,FMA2CFull,400,top_mgr,6.0
59,FMA2CFull,450,J01,-797.2
59,FMA2CFull,450,top_mgr,0.0
59,FMA2CFull,500,J01,-249.4
59,FMA2CFull,500,top_mgr,4.0
59,FMA2CFull,550,J01,-499.6
59,FMA2CFull,550,top_mgr,5.0
59,FMA2CFull,600,J01,-464.0
59,FMA2CFull,600,top_mgr,2.0
59,FMA2CFull,650,J01,-501.6
59,FMA2CFull,650,top_mgr,2.0
59,FMA2CFull,700,J01,-200.4
59,FMA2CFull,700,top_mgr,5.0
59,FMA2CFull,750,J01,-214.6
59,FMA2CFull,750,top_mgr,4.0
59,FMA2CFull,800,J01,-197.2
59,FMA2CFull,800,top_mgr,4.0
59,FMA2CFull,850,J01,-278.4
59,FMA2CFull,850,top_mgr,0.0
59,FMA2CFull,900,J01,-252.0
59,FMA2CFull,900,top_mgr,1.0
59,FMA2CFull,950,J01,-85.6
59,FMA2CFull,950,top_mgr,2.0
59,FMA2CFull,1000,J01,-66.2
59,FMA2CFull,1000,top_mgr,3.0
59,FMA2CFull,1050,J01,-92.4
59,FMA2CFull,1050,top_mgr,0.0
60,FMA2CFull,50,J01,-630.2
60,FMA2CFull,50,top_mgr,1.0
60,FMA2CFull,100,J01,-341.2
60,FMA2CFull,100,top_mgr,4.0
60,FMA2CFull,150,J01,-172.4
60,FMA2CFull,150,top_mgr,4.0
60,FMA2CFull,200,J01,-562.8
60,FMA2CFull,200,top_mgr,10.0
60,FMA2CFull,250,J01,-535.6
60,FMA2CFull,250,top_mgr,1.0
60,FMA2CFull,300,J01,-321.4
60,FMA2CFull,300,top_mgr,3.0
60,FMA2CFull,350,J01,-509.6
60,FMA2CFull,350,top_mgr,2.0
60,FMA2CFull,400,J01,-441.8
60,FMA2CFull,400,top_mgr,8.0
60,FMA2CFull,450,J01,-522.6
60,FMA2CFull,450,top_mgr,0.0
60,FMA2CFull,500,J01,-175.4
60,FMA2CFull,500,top_mgr,11.0
60,FMA2CFull,550,J01,-576.4
60,FMA2CFull,550,top_mgr,2.0
60,FMA2CFull,600,J01,-624.4
60,FMA2CFull,600,top_mgr,0.0
60,FMA2CFull,650,J01,-317.4
60,FMA2CFull,650,top_mgr,2.0
60,FMA2CFull,700,J01,-724.0
60,FMA2CFull,700,top_mgr,4.0
60,FMA2CFull,750,J01,-390.8
60,FMA2CFull,750,top_mgr,2.0
60,FMA2CFull,800,J01,-173.4
60,FMA2CFull,800,top_mgr,2.0
60,FMA2CFull,850,J01,-149.6
60,FMA2CFull,850,top_mgr,6.0
60,FMA2CFull,900,J01,-317.4
60,FMA2CFull,900,top_mgr,6.0
60,FMA2CFull,950,J01,-158.2
60,FMA2CFull,950,top_mgr,6.0
60,FMA2CFull,1000,J01,-71.8
60,FMA2CFull,1000,top_mgr,4.0
60,FMA2CFull,1050,J01,-133.8
60,FMA2CFull,1050,top_mgr,1.0
61,FMA2CFull,50,J01,-393.6
61,FMA2CFull,50,top_mgr,2.0
61,FMA2CFull,100,J01,-714.4
61,FMA2CFull,100,top_mgr,3.0
61,FMA2CFull,150,J01,-571.6
61,FMA2CFull,150,top_mgr,9.0
61,FMA2CFull,200,J01,-417.0
61,FMA2CFull,200,top_mgr,14.0
61,FMA2CFull,250,J01,-258.6
61,FMA2CFull,250,top_mgr,9.0
61,FMA2CFull,300,J01,-510.8
61,FMA2CFull,300,top_mgr,3.0
61,FMA2CFull,350,J01,-616.6
61,FMA2CFull,350,top_mgr,0.0
61,FMA2CFull,400,J01,-689.0
61,FMA2CFull,400,top_mgr,0.0
61,FMA2CFull,450,J01,-298.0
61,FMA2CFull,450,top_mgr,6.0
61,FMA2CFull,500,J01,-673.0
61,FMA2CFull,500,top_mgr,5.0
61,FMA2CFull,550,J01,-296.6
61,FMA2CFull,550,top_mgr,9.0
61,FMA2CFull,600,J01,-253.6
61,FMA2CFull,600,top_mgr,5.0
61,FMA2CFull,650,J01,-303.6
61,FMA2CFull,650,top_mgr,13.0
61,FMA2CFull,700,J01,-433.0
61,FMA2CFull,700,top_mgr,1.0
61,FMA2CFull,750,J01,-285.2
61,FMA2CFull,750,top_mgr,6.0
61,FMA2CFull,800,J01,-245.8
61,FMA2CFull,800,top_mgr,3.0
61,FMA2CFull,850,J01,-144.2
61,FMA2CFull,850,top_mgr,2.0
61,FMA2CFull,900,J01,-188.8
61,FMA2CFull,900,top_mgr,1.0
61,FMA2CFull,950,J01,-148.0
61,FMA2CFull,950,top_mgr,2.0
61,FMA2CFull,1000,J01,-155.4
61,FMA2CFull,1000,top_mgr,1.0
61,FMA2CFull,1050,J01,-137.4
61,FMA2CFull,1050,top_mgr,3.0
62,FMA2CFull,50,J01,-309.2
62,FMA2CFull,50,top_mgr,1.0
62,FMA2CFull,100,J01,-415.8
62,FMA2CFull,100,top_mgr,1.0
62,FMA2CFull,150,J01,-171.4
62,FMA2CFull,150,top_mgr,9.0
62,FMA2CFull,200,J01,-325.6
62,FMA2CFull,200,top_mgr,1.0
62,FMA2CFull,250,J01,-401.0
62,FMA2CFull,250,top_mgr,1.0
62,FMA2CFull,300,J01,-392.0
62,FMA2CFull,300,top_mgr,7.0
62,FMA2CFull,350,J01,-331.4
62,FMA2CFull,350,top_mgr,1.0
62,FMA2CFull,400,J01,-370.2
62,FMA2CFull,400,top_mgr,8.0
62,FMA2CFull,450,J01,-562.6
62,FMA2CFull,450,top_mgr,6.0
62,FMA2CFull,500,J01,-346.2
62,FMA2CFull,500,top_mgr,2.0
62,FMA2CFull,550,J01,-558.6
62,FMA2CFull,550,top_mgr,4.0
62,FMA2CFull,600,J01,-607.6
62,FMA2CFull,600,top_mgr,3.0
62,FMA2CFull,650,J01,-499.8
62,FMA2CFull,650,top_mgr,2.0
62,FMA2CFull,700,J01,-310.0
62,FMA2CFull,700,top_mgr,1.0
62,FMA2CFull,750,J01,-164.6
62,FMA2CFull,750,top_mgr,7.0
62,FMA2CFull,800,J01,-331.2
62,FMA2CFull,800,top_mgr,3.0
62,FMA2CFull,850,J01,-227.8
62,FMA2CFull,850,top_mgr,2.0
62,FMA2CFull,900,J01,-236.2
62,FMA2CFull,900,top_mgr,9.0
62,FMA2CFull,950,J01,-129.2
62,FMA2CFull,950,top_mgr,2.0
62,FMA2CFull,1000,J01,-103.6
62,FMA2CFull,1000,top_mgr,1.0
62,FMA2CFull,1050,J01,-133.2
62,FMA2CFull,1050,top_mgr,3.0
63,FMA2CFull,50,J01,-393.2
63,FMA2CFull,50,top_mgr,4.0
63,FMA2CFull,100,J01,-654.6
63,FMA2CFull,100,top_mgr,9.0
63,FMA2CFull,150,J01,-363.8
63,FMA2CFull,150,top_mgr,5.0
63,FMA2CFull,200,J01,-482.2
63,FMA2CFull,200,top_mgr,1.0
63,FMA2CFull,250,J01,-426.6
63,FMA2CFull,250,top_mgr,7.0
63,FMA2CFull,300,J01,-551.6
63,FMA2CFull,300,top_mgr,7.0
63,FMA2CFull,350,J01,-1024.4
63,FMA2CFull,350,top_mgr,2.0
63,FMA2CFull,400,J01,-405.8
63,FMA2CFull,400,top_mgr,4.0
63,FMA2CFull,450,J01,-295.2
63,FMA2CFull,450,top_mgr,3.0
63,FMA2CFull,500,J01,-607.2
63,FMA2CFull,500,top_mgr,2.0
63,FMA2CFull,550,J01,-648.4
63,FMA2CFull,550,top_mgr,0.0
63,FMA2CFull,600,J01,-450.2
63,FMA2CFull,600,top_mgr,0.0
63,FMA2CFull,650,J01,-301.2
63,FMA2CFull,650,top_mgr,1.0
63,FMA2CFull,700,J01,-395.6
63,FMA2CFull,700,top_mgr,5.0
63,FMA2CFull,750,J01,-221.2
63,FMA2CFull,750,top_mgr,2.0
63,FMA2CFull,800,J01,-196.2
63,FMA2CFull,800,top_mgr,4.0
63,FMA2CFull,850,J01,-249.0
63,FMA2CFull,850,top_mgr,4.0
63,FMA2CFull,900,J01,-175.4
63,FMA2CFull,900,top_mgr,1.0
63,FMA2CFull,950,J01,-140.8
63,FMA2CFull,950,top_mgr,6.0
63,FMA2CFull,1000,J01,-116.6
63,FMA2CFull,1000,top_mgr,1.0
63,FMA2CFull,1050,J01,-35.0
63,FMA2CFull,1050,top_mgr,4.0
64,FMA2CFull,50,J01,-600.2
64,FMA2CFull,50,top_mgr,2.0
64,FMA2CFull,100,J01,-319.8
64,FMA2CFull,100,top_mgr,15.0
64,FMA2CFull,150,J01,-532.2
64,FMA2CFull,150,top_mgr,3.0
64,FMA2CFull,200,J01,-321.4
64,FMA2CFull,200,top_mgr,9.0
64,FMA2CFull,250,J01,-346.0
64,FMA2CFull,250,top_mgr,2.0
64,FMA2CFull,300,J01,-370.0
64,FMA2CFull,300,top_mgr,1.0
64,FMA2CFull,350,J01,-425.0
64,FMA2CFull,350,top_mgr,2.0
64,FMA2CFull,400,J01,-646.8
64,FMA2CFull,400,top_mgr,6.0
64,FMA2CFull,450,J01,-422.0
64,FMA2CFull,450,top_mgr,1.0
64,FMA2CFull,500,J01,-417.8
64,FMA2CFull,500,top_mgr,0.0
64,FMA2CFull,550,J01,-432.4
64,FMA2CFull,550,top_mgr,7.0
64,FMA2CFull,600,J01,-516.8
64,FMA2CFull,600,top_mgr,7.0
64,FMA2CFull,650,J01,-470.8
64,FMA2CFull,650,top_mgr,1.0
64,FMA2CFull,700,J01,-360.8
64,FMA2CFull,700,top_mgr,6.0
64,FMA2CFull,750,J01,-144.0
64,FMA2CFull,750,top_mgr,3.0
64,FMA2CFull,800,J01,-129.4
64,FMA2CFull,800,top_mgr,5.0
64,FMA2CFull,850,J01,-218.6
64,FMA2CFull,850,top_mgr,4.0
64,FMA2CFull,900,J01,-89.2
64,FMA2CFull,900,top_mgr,6.0
64,FMA2CFull,950,J01,-127.2
64,FMA2CFull,950,top_mgr,6.0
64,FMA2CFull,1000,J01,-174.0
64,FMA2CFull,1000,top_mgr,2.0
64,FMA2CFull,1050,J01,-47.0
64,FMA2CFull,1050,top_mgr,2.0
65,FMA2CFull,50,J01,-282.6
65,FMA2CFull,50,top_mgr,3.0
65,FMA2CFull,100,J01,-241.8
65,FMA2CFull,100,top_mgr,1.0
65,FMA2CFull,150,J01,-520.4
65,FMA2CFull,150,top_mgr,0.0
65,FMA2CFull,200,J01,-613.2
65,FMA2CFull,200,top_mgr,10.0
65,FMA2CFull,250,J01,-353.6
65,FMA2CFull,250,top_mgr,8.0
65,FMA2CFull,300,J01,-646.2
65,FMA2CFull,300,top_mgr,2.0
65,FMA2CFull,350,J01,-412.8
65,FMA2CFull,350,top_mgr,2.0
65,FMA2CFull,400,J01,-497.8
65,FMA2CFull,400,top_mgr,2.0
65,FMA2CFull,450,J01,-571.6
65,FMA2CFull,450,top_mgr,4.0
65,FMA2CFull,500,J01,-346.4
65,FMA2CFull,500,top_mgr,1.0
65,FMA2CFull,550,J01,-417.2
65,FMA2CFull,550,top_mgr,11.0
65,FMA2CFull,600,J01,-531.6
65,FMA2CFull,600,top_mgr,4.0
65,FMA2CFull,650,J01,-436.6
65,FMA2CFull,650,top_mgr,1.0
65,FMA2CFull,700,J01,-402.2
65,FMA2CFull,700,top_mgr,4.0
65,FMA2CFull,750,J01,-187.4
65,FMA2CFull,750,top_mgr,2.0
65,FMA2CFull,800,J01,-437.2
65,FMA2CFull,800,top_mgr,4.0
65,FMA2CFull,850,J01,-171.6
65,FMA2CFull,850,top_mgr,2.0
65,FMA2CFull,900,J01,-133.8
65,FMA2CFull,900,top_mgr,2.0
65,FMA2CFull,950,J01,-169.4
65,FMA2CFull,950,top_mgr,3.0
65,FMA2CFull,1000,J01,-121.2
65,FMA2CFull,1000,top_mgr,3.0
65,FMA2CFull,1050,J01,-73.0
65,FMA2CFull,1050,top_mgr,3.0
66,FMA2CFull,50,J01,-481.0
66,FMA2CFull,50,top_mgr,4.0
66,FMA2CFull,100,J01,-566.8
66,FMA2CFull,100,top_mgr,4.0
66,FMA2CFull,150,J01,-483.2
66,FMA2CFull,150,top_mgr,4.0
66,FMA2CFull,200,J01,-656.2
66,FMA2CFull,200,top_mgr,0.0
66,FMA2CFull,250,J01,-557.6
66,FMA2CFull,250,top_mgr,12.0
66,FMA2CFull,300,J01,-403.8
66,FMA2CFull,300,top_mgr,1.0
66,FMA2CFull,350,J01,-603.6
66,FMA2CFull,350,top_mgr,2.0
66,FMA2CFull,400,J01,-373.6
66,FMA2CFull,400,top_mgr,9.0
66,FMA2CFull,450,J01,-488.6
66,FMA2CFull,450,top_mgr,3.0
66,FMA2CFull,500,J01,-462.0
66,FMA2CFull,500,top_mgr,3.0
66,FMA2CFull,550,J01,-615.0
66,FMA2CFull,550,top_mgr,5.0
66,FMA2CFull,600,J01,-395.4
66,FMA2CFull,600,top_mgr,1.0
66,FMA2CFull,650,J01,-193.8
66,FMA2CFull,650,top_mgr,12.0
66,FMA2CFull,700,J01,-245.8
66,FMA2CFull,700,top_mgr,2.0
66,FMA2CFull,750,J01,-281.8
66,FMA2CFull,750,top_mgr,2.0
66,FMA2CFull,800,J01,-160.6
66,FMA2CFull,800,top_mgr,5.0
66,FMA2CFull,850,J01,-133.2
66,FMA2CFull,850,top_mgr,3.0
66,FMA2CFull,900,J01,-176.0
66,FMA2CFull,900,top_mgr,4.0
66,FMA2CFull,950,J01,-146.0
66,FMA2CFull,950,top_mgr,2.0
66,FMA2CFull,1000,J01,-80.2
66,FMA2CFull,1000,top_mgr,0.0
66,FMA2CFull,1050,J01,-105.8
66,FMA2CFull,1050,top_mgr,3.0
67,FMA2CFull,50,J01,-316.6
67,FMA2CFull,50,top_mgr,9.0
67,FMA2CFull,100,J01,-560.8
67,FMA2CFull,100,top_mgr,3.0
67,FMA2CFull,150,J01,-578.4
67,FMA2CFull,150,top_mgr,7.0
67,FMA2CFull,200,J01,-654.2
67,FMA2CFull,200,top_mgr,3.0
67,FMA2CFull,250,J01,-394.2
67,FMA2CFull,250,top_mgr,3.0
67,FMA2CFull,300,J01,-352.0
67,FMA2CFull,300,top_mgr,10.0
67,FMA2CFull,350,J01,-548.2
67,FMA2CFull,350,top_mgr,4.0
67,FMA2CFull,400,J01,-912.8
67,FMA2CFull,400,top_mgr,1.0
67,FMA2CFull,450,J01,-249.8
67,FMA2CFull,450,top_mgr,3.0
67,FMA2CFull,500,J01,-415.8
67,FMA2CFull,500,top_mgr,15.0
67,FMA2CFull,550,J01,-283.2
67,FMA2CFull,550,top_mgr,3.0
67,FMA2CFull,600,J01,-638.0
67,FMA2CFull,600,top_mgr,14.0
67,FMA2CFull,650,J01,-547.2
67,FMA2CFull,650,top_mgr,7.0
67,FMA2CFull,700,J01,-297.0
67,FMA2CFull,700,top_mgr,1.0
67,FMA2CFull,750,J01,-199.6
67,FMA2CFull,750,top_mgr,6.0
67,FMA2CFull,800,J01,-172.4
67,FMA2CFull,800,top_mgr,0.0
67,FMA2CFull,850,J01,-177.0
67,FMA2CFull,850,top_mgr,1.0
67,FMA2CFull,900,J01,-51.8
67,FMA2CFull,900,top_mgr,2.0
67,FMA2CFull,950,J01,-79.2
67,FMA2CFull,950,top_mgr,0.0
67,FMA2CFull,1000,J01,-100.0
67,FMA2CFull,1000,top_mgr,1.0
67,FMA2CFull,1050,J01,-97.6
67,FMA2CFull,1050,top_mgr,2.0
68,FMA2CFull,50,J01,-392.6
68,FMA2CFull,50,top_mgr,11.0
68,FMA2CFull,100,J01,-681.2
68,FMA2CFull,100,top_mgr,7.0
68,FMA2CFull,150,J01,-482.4
68,FMA2CFull,150,top_mgr,10.0
68,FMA2CFull,200,J01,-504.4
68,FMA2CFull,200,top_mgr,8.0
68,FMA2CFull,250,J01,-365.6
68,FMA2CFull,250,top_mgr,6.0
68,FMA2CFull,300,J01,-383.6
68,FMA2CFull,300,top_mgr,7.0
68,FMA2CFull,350,J01,-396.0
68,FMA2CFull,350,top_mgr,7.0
68,FMA2CFull,400,J01,-361.2
68,FMA2CFull,400,top_mgr,0.0
68,FMA2CFull,450,J01,-231.0
68,FMA2CFull,450,top_mgr,1.0
68,FMA2CFull,500,J01,-363.2
68,FMA2CFull,500,top_mgr,6.0
68,FMA2CFull,550,J01,-229.6
68,FMA2CFull,550,top_mgr,3.0
68,FMA2CFull,600,J01,-405.2
68,FMA2CFull,600,top_mgr,3.0
68,FMA2CFull,650,J01,-385.2
68,FMA2CFull,650,top_mgr,4.0
68,FMA2CFull,700,J01,-226.8
68,FMA2CFull,700,top_mgr,1.0
68,FMA2CFull,750,J01,-334.8
68,FMA2CFull,750,top_mgr,1.0
68,FMA2CFull,800,J01,-147.6
68,FMA2CFull,800,top_mgr,4.0
68,FMA2CFull,850,J01,-159.6
68,FMA2CFull,850,top_mgr,2.0
68,FMA2CFull,900,J01,-96.4
68,FMA2CFull,900,top_mgr,4.0
68,FMA2CFull,950,J01,-71.2
68,FMA2CFull,950,top_mgr,2.0
68,FMA2CFull,1000,J01,-66.2
68,FMA2CFull,1000,top_mgr,3.0
68,FMA2CFull,1050,J01,-77.0
68,FMA2CFull,1050,top_mgr,4.0
69,FMA2CFull,50,J01,-438.2
69,FMA2CFull,50,top_mgr,0.0
69,FMA2CFull,100,J01,-418.4
69,FMA2CFull,100,top_mgr,7.0
69,FMA2CFull,150,J01,-425.4
69,FMA2CFull,150,top_mgr,1.0
69,FMA2CFull,200,J01,-345.8
69,FMA2CFull,200,top_mgr,9.0
69,FMA2CFull,250,J01,-468.6
69,FMA2CFull,250,top_mgr,5.0
69,FMA2CFull,300,J01,-533.0
69,FMA2CFull,300,top_mgr,0.0
69,FMA2CFull,350,J01,-325.6
69,FMA2CFull,350,top_mgr,2.0
69,FMA2CFull,400,J01,-472.8
69,FMA2CFull,400,top_mgr,5.0
69,FMA2CFull,450,J01,-580.8
69,FMA2CFull,450,top_mgr,1.0
69,FMA2CFull,500,J01,-640.2
69,FMA2CFull,500,top_mgr,7.0
69,FMA2CFull,550,J01,-312.6
69,FMA2CFull,550,top_mgr,4.0
69,FMA2CFull,600,J01,-412.6
69,FMA2CFull,600,top_mgr,1.0
69,FMA2CFull,650,J01,-482.4
69,FMA2CFull,650,top_mgr,1.0
69,FMA2CFull,700,J01,-386.0
69,FMA2CFull,700,top_mgr,1.0
69,FMA2CFull,750,J01,-312.8
69,FMA2CFull,750,top_mgr,1.0
69,FMA2CFull,800,J01,-136.8
69,FMA2CFull,800,top_mgr,10.0
69,FMA2CFull,850,J01,-123.8
69,FMA2CFull,850,top_mgr,6.0
69,FMA2CFull,900,J01,-212.0
69,FMA2CFull,900,top_mgr,2.0
69,FMA2CFull,950,J01,-127.6
69,FMA2CFull,950,top_mgr,2.0
69,FMA2CFull,1000,J01,-126.8
69,FMA2CFull,1000,top_mgr,0.0
69,FMA2CFull,1050,J01,-55.2
69,FMA2CFull,1050,top_mgr,6.0
70,FMA2CFull,50,J01,-142.6
70,FMA2CFull,50,top_mgr,4.0
70,FMA2CFull,100,J01,-444.6
70,FMA2CFull,100,top_mgr,3.0
70,FMA2CFull,150,J01,-492.4
70,FMA2CFull,150,top_mgr,3.0
70,FMA2CFull,200,J01,-310.0
70,FMA2CFull,200,top_mgr,8.0
70,FMA2CFull,250,J01,-508.4
70,FMA2CFull,250,top_mgr,1.0
70,FMA2CFull,300,J01,-490.8
70,FMA2CFull,300,top_mgr,3.0
70,FMA2CFull,350,J01,-260.6
70,FMA2CFull,350,top_mgr,1.0
70,FMA2CFull,400,J01,-437.6
70,FMA2CFull,400,top_mgr,3.0
70,FMA2CFull,450,J01,-267.6
70,FMA2CFull,450,top_mgr,7.0
70,FMA2CFull,500,J01,-261.4
70,FMA2CFull,500,top_mgr,0.0
70,FMA2CFull,550,J01,-539.2
70,FMA2CFull,550,top_mgr,2.0
70,FMA2CFull,600,J01,-531.2
70,FMA2CFull,600,top_mgr,1.0
70,FMA2CFull,650,J01,-536.8
70,FMA2CFull,650,top_mgr,0.0
70,FMA2CFull,700,J01,-309.2
70,FMA2CFull,700,top_mgr,3.0
70,FMA2CFull,750,J01,-219.2
70,FMA2CFull,750,top_mgr,1.0
70,FMA2CFull,800,J01,-166.0
70,FMA2CFull,800,top_mgr,1.0
70,FMA2CFull,850,J01,-154.6
70,FMA2CFull,850,top_mgr,5.0
70,FMA2CFull,900,J01,-154.2
70,FMA2CFull,900,top_mgr,3.0
70,FMA2CFull,950,J01,-64.4
70,FMA2CFull,950,top_mgr,1.0
70,FMA2CFull,1000,J01,-129.2
70,FMA2CFull,1000,top_mgr,0.0
70,FMA2CFull,1050,J01,-109.8
70,FMA2CFull,1050,top_mgr,4.0
71,FMA2CFull,50,J01,-471.6
71,FMA2CFull,50,top_mgr,7.0
71,FMA2CFull,100,J01,-626.8
71,FMA2CFull,100,top_mgr,0.0
71,FMA2CFull,150,J01,-586.0
71,FMA2CFull,150,top_mgr,6.0
71,FMA2CFull,200,J01,-386.8
71,FMA2CFull,200,top_mgr,10.0
71,FMA2CFull,250,J01,-346.0
71,FMA2CFull,250,top_mgr,6.0
71,FMA2CFull,300,J01,-914.2
71,FMA2CFull,300,top_mgr,1.0
71,FMA2CFull,350,J01,-398.4
71,FMA2CFull,350,top_mgr,2.0
71,FMA2CFull,400,J01,-480.6
71,FMA2CFull,400,top_mgr,2.0
71,FMA2CFull,450,J01,-369.8
71,FMA2CFull,450,top_mgr,4.0
71,FMA2CFull,500,J01,-327.4
71,FMA2CFull,500,top_mgr,2.0
71,FMA2CFull,550,J01,-399.8
71,FMA2CFull,550,top_mgr,4.0
71,FMA2CFull,600,J01,-492.8
71,FMA2CFull,600,top_mgr,3.0
71,FMA2CFull,650,J01,-478.6
71,FMA2CFull,650,top_mgr,4.0
71,FMA2CFull,700,J01,-585.4
71,FMA2CFull,700,top_mgr,4.0
71,FMA2CFull,750,J01,-159.4
71,FMA2CFull,750,top_mgr,3.0
71,FMA2CFull,800,J01,-199.4
71,FMA2CFull,800,top_mgr,5.0
71,FMA2CFull,850,J01,-207.0
71,FMA2CFull,850,top_mgr,2.0
71,FMA2CFull,900,J01,-60.6
71,FMA2CFull,900,top_mgr,6.0
71,FMA2CFull,950,J01,-86.4
71,FMA2CFull,950,top_mgr,2.0
71,FMA2CFull,1000,J01,-46.4
71,FMA2CFull,1000,top_mgr,0.0
71,FMA2CFull,1050,J01,-58.8
71,FMA2CFull,1050,top_mgr,2.0
72,FMA2CFull,50,J01,-518.2
72,FMA2CFull,50,top_mgr,2.0
72,FMA2CFull,100,J01,-345.4
72,FMA2CFull,100,top_mgr,0.0
72,FMA2CFull,150,J01,-541.6
72,FMA2CFull,150,top_mgr,0.0
72,FMA2CFull,200,J01,-249.8
72,FMA2CFull,200,top_mgr,4.0
72,FMA2CFull,250,J01,-366.8
72,FMA2CFull,250,top_mgr,1.0
72,FMA2CFull,300,J01,-689.8
72,FMA2CFull,300,top_mgr,13.0
72,FMA2CFull,350,J01,-722.2
72,FMA2CFull,350,top_mgr,7.0
72,FMA2CFull,400,J01,-547.8
72,FMA2CFull,400,top_mgr,1.0
72,FMA2CFull,450,J01,-648.8
72,FMA2CFull,450,top_mgr,2.0
72,FMA2CFull,500,J01,-882.8
72,FMA2CFull,500,top_mgr,0.0
72,FMA2CFull,550,J01,-530.2
72,FMA2CFull,550,top_mgr,6.0
72,FMA2CFull,600,J01,-636.0
72,FMA2CFull,600,top_mgr,3.0
72,FMA2CFull,650,J01,-504.4
72,FMA2CFull,650,top_mgr,6.0
72,FMA2CFull,700,J01,-233.8
72,FMA2CFull,700,top_mgr,11.0
72,FMA2CFull,750,J01,-357.0
72,FMA2CFull,750,top_mgr,0.0
72,FMA2CFull,800,J01,-181.2
72,FMA2CFull,800,top_mgr,5.0
72,FMA2CFull,850,J01,-128.8
72,FMA2CFull,850,top_mgr,1.0
72,FMA2CFull,900,J01,-75.0
72,FMA2CFull,900,top_mgr,1.0
72,FMA2CFull,950,J01,-225.6
72,FMA2CFull,950,top_mgr,4.0
72,FMA2CFull,1000,J01,-150.6
72,FMA2CFull,1000,top_mgr,2.0
72,FMA2CFull,1050,J01,-175.8
72,FMA2CFull,1050,top_mgr,1.0
73,FMA2CFull,50,J01,-393.2
73,FMA2CFull,50,top_mgr,4.0
73,FMA2CFull,100,J01,-370.6
73,FMA2CFull,100,top_mgr,3.0
73,FMA2CFull,150,J01,-392.2
73,FMA2CFull,150,top_mgr,6.0
73,FMA2CFull,200,J01,-400.8
73,FMA2CFull,200,top_mgr,7.0
73,FMA2CFull,250,J01,-325.8
73,FMA2CFull,250,top_mgr,4.0
73,FMA2CFull,300,J01,-530.8
73,FMA2CFull,300,top_mgr,5.0
73,FMA2CFull,350,J01,-699.2
73,FMA2CFull,350,top_mgr,5.0
73,FMA2CFull,400,J01,-477.4
73,FMA2CFull,400,top_mgr,1.0
73,FMA2CFull,450,J01,-477.0
73,FMA2CFull,450,top_mgr,6.0
73,FMA2CFull,500,J01,-397.8
73,FMA2CFull,500,top_mgr,8.0
73,FMA2CFull,550,J01,-458.6
73,FMA2CFull,550,top_mgr,4.0
73,FMA2CFull,600,J01,-560.4
73,FMA2CFull,600,top_mgr,9.0
73,FMA2CFull,650,J01,-296.2
73,FMA2CFull,650,top_mgr,14.0
73,FMA2CFull,700,J01,-390.0
73,FMA2CFull,700,top_mgr,7.0
73,FMA2CFull,750,J01,-153.4
73,FMA2CFull,750,top_mgr,5.0
73,FMA2CFull,800,J01,-123.2
73,FMA2CFull,800,top_mgr,2.0
73,FMA2CFull,850,J01,-126.2
73,FMA2CFull,850,top_mgr,9.0
73,FMA2CFull,900,J01,-124.4
73,FMA2CFull,900,top_mgr,2.0
73,FMA2CFull,950,J01,-139.2
73,FMA2CFull,950,top_mgr,0.0
73,FMA2CFull,1000,J01,-107.8
73,FMA2CFull,1000,top_mgr,3.0
73,FMA2CFull,1050,J01,-98.6
73,FMA2CFull,1050,top_mgr,2.0
74,FMA2CFull,50,J01,-253.2
74,FMA2CFull,50,top_mgr,3.0
74,FMA2CFull,100,J01,-489.6
74,FMA2CFull,100,top_mgr,6.0
74,FMA2CFull,150,J01,-435.6
74,FMA2CFull,150,top_mgr,1.0
74,FMA2CFull,200,J01,-468.6
74,FMA2CFull,200,top_mgr,5.0
74,FMA2CFull,250,J01,-286.6
74,FMA2CFull,250,top_mgr,7.0
74,FMA2CFull,300,J01,-368.6
74,FMA2CFull,300,top_mgr,4.0
74,FMA2CFull,350,J01,-203.8
74,FMA2CFull,350,top_mgr,4.0
74,FMA2CFull,400,J01,-509.8
74,FMA2CFull,400,top_mgr,5.0
74,FMA2CFull,450,J01,-489.8
74,FMA2CFull,450,top_mgr,9.0
74,FMA2CFull,500,J01,-338.8
74,FMA2CFull,500,top_mgr,0.0
74,FMA2CFull,550,J01,-198.8
74,FMA2CFull,550,top_mgr,10.0
74,FMA2CFull,600,J01,-208.2
74,FMA2CFull,600,top_mgr,5.0
74,FMA2CFull,650,J01,-438.8
74,FMA2CFull,650,top_mgr,0.0
74,FMA2CFull,700,J01,-345.4
74,FMA2CFull,700,top_mgr,0.0
74,FMA2CFull,750,J01,-182.8
74,FMA2CFull,750,top_mgr,3.0
74,FMA2CFull,800,J01,-206.8
74,FMA2CFull,800,top_mgr,2.0
74,FMA2CFull,850,J01,-109.4
74,FMA2CFull,850,top_mgr,1.0
74,FMA2CFull,900,J01,-88.0
74,FMA2CFull,900,top_mgr,0.0
74,FMA2CFull,950,J01,-121.2
74,FMA2CFull,950,top_mgr,3.0
74,FMA2CFull,1000,J01,-173.4
74,FMA2CFull,1000,top_mgr,0.0
74,FMA2CFull,1050,J01,-77.6
74,FMA2CFull,1050,top_mgr,2.0
75,FMA2CFull,50,J01,-418.8
75,FMA2CFull,50,top_mgr,2.0
75,FMA2CFull,100,J01,-798.4
75,FMA2CFull,100,top_mgr,4.0
75,FMA2CFull,150,J01,-691.8
75,FMA2CFull,150,top_mgr,0.0
75,FMA2CFull,200,J01,-245.0
75,FMA2CFull,200,top_mgr,8.0
75,FMA2CFull,250,J01,-368.0
75,FMA2CFull,250,top_mgr,2.0
75,FMA2CFull,300,J01,-415.0
75,FMA2CFull,300,top_mgr,9.0
75,FMA2CFull,350,J01,-466.6
75,FMA2CFull,350,top_mgr,1.0
75,FMA2CFull,400,J01,-379.6
75,FMA2CFull,400,top_mgr,1.0
75,FMA2CFull,450,J01,-357.0
75,FMA2CFull,450,top_mgr,3.0
75,FMA2CFull,500,J01,-495.2
75,FMA2CFull,500,top_mgr,1.0
75,FMA2CFull,550,J01,-333.8
75,FMA2CFull,550,top_mgr,4.0
75,FMA2CFull,600,J01,-359.0
75,FMA2CFull,600,top_mgr,5.0
75,FMA2CFull,650,J01,-353.0
75,FMA2CFull,650,top_mgr,8.0
75,FMA2CFull,700,J01,-447.6
75,FMA2CFull,700,top_mgr,6.0
75,FMA2CFull,750,J01,-192.6
75,FMA2CFull,750,top_mgr,2.0
75,FMA2CFull,800,J01,-175.4
75,FMA2CFull,800,top_mgr,6.0
75,FMA2CFull,850,J01,-113.0
75,FMA2CFull,850,top_mgr,8.0
75,FMA2CFull,900,J01,-72.2
75,FMA2CFull,900,top_mgr,5.0
75,FMA2CFull,950,J01,-116.0
75,FMA2CFull,950,top_mgr,0.0
75,FMA2CFull,1000,J01,-238.8
75,FMA2CFull,1000,top_mgr,0.0
75,FMA2CFull,1050,J01,-78.0
75,FMA2CFull,1050,top_mgr,2.0
76,FMA2CFull,50,J01,-353.0
76,FMA2CFull,50,top_mgr,13.0
76,FMA2CFull,100,J01,-458.0
76,FMA2CFull,100,top_mgr,2.0
76,FMA2CFull,150,J01,-591.4
76,FMA2CFull,150,top_mgr,2.0
76,FMA2CFull,200,J01,-385.4
76,FMA2CFull,200,top_mgr,1.0
76,FMA2CFull,250,J01,-290.4
76,FMA2CFull,250,top_mgr,8.0
76,FMA2CFull,300,J01,-256.8
76,FMA2CFull,300,top_mgr,0.0
76,FMA2CFull,350,J01,-428.0
76,FMA2CFull,350,top_mgr,1.0
76,FMA2CFull,400,J01,-552.6
76,FMA2CFull,400,top_mgr,8.0
76,FMA2CFull,450,J01,-342.4
76,FMA2CFull,450,top_mgr,2.0
76,FMA2CFull,500,J01,-393.4
76,FMA2CFull,500,top_mgr,0.0
76,FMA2CFull,550,J01,-301.6
76,FMA2CFull,550,top_mgr,12.0
76,FMA2CFull,600,J01,-485.0
76,FMA2CFull,600,top_mgr,9.0
76,FMA2CFull,650,J01,-289.8
76,FMA2CFull,650,top_mgr,6.0
76,FMA2CFull,700,J01,-133.0
76,FMA2CFull,700,top_mgr,4.0
76,FMA2CFull,750,J01,-276.8
76,FMA2CFull,750,top_mgr,3.0
76,FMA2CFull,800,J01,-159.2
76,FMA2CFull,800,top_mgr,6.0
76,FMA2CFull,850,J01,-152.2
76,FMA2CFull,850,top_mgr,5.0
76,FMA2CFull,900,J01,-145.4
76,FMA2CFull,900,top_mgr,5.0
76,FMA2CFull,950,J01,-127.8
76,FMA2CFull,950,top_mgr,5.0
76,FMA2CFull,1000,J01,-115.8
76,FMA2CFull,1000,top_mgr,2.0
76,FMA2CFull,1050,J01,-90.2
76,FMA2CFull,1050,top_mgr,3.0
77,FMA2CFull,50,J01,-222.8
77,FMA2CFull,50,top_mgr,6.0
77,FMA2CFull,100,J01,-430.4
77,FMA2CFull,100,top_mgr,3.0
77,FMA2CFull,150,J01,-400.8
77,FMA2CFull,150,top_mgr,2.0
77,FMA2CFull,200,J01,-370.2
77,FMA2CFull,200,top_mgr,9.0
77,FMA2CFull,250,J01,-587.4
77,FMA2CFull,250,top_mgr,2.0
77,FMA2CFull,300,J01,-720.2
77,FMA2CFull,300,top_mgr,5.0
77,FMA2CFull,350,J01,-602.4
77,FMA2CFull,350,top_mgr,9.0
77,FMA2CFull,400,J01,-854.2
77,FMA2CFull,400,top_mgr,0.0
77,FMA2CFull,450,J01,-186.0
77,FMA2CFull,450,top_mgr,3.0
77,FMA2CFull,500,J01,-373.6
77,FMA2CFull,500,top_mgr,7.0
77,FMA2CFull,550,J01,-519.6
77,FMA2CFull,550,top_mgr,4.0
77,FMA2CFull,600,J01,-481.2
77,FMA2CFull,600,top_mgr,3.0
77,FMA2CFull,650,J01,-392.2
77,FMA2CFull,650,top_mgr,9.0
77,FMA2CFull,700,J01,-230.6
77,FMA2CFull,700,top_mgr,4.0
77,FMA2CFull,750,J01,-266.8
77,FMA2CFull,750,top_mgr,4.0
77,FMA2CFull,800,J01,-224.0
77,FMA2CFull,800,top_mgr,5.0
77,FMA2CFull,850,J01,-135.6
77,FMA2CFull,850,top_mgr,4.0
77,FMA2CFull,900,J01,-91.2
77,FMA2CFull,900,top_mgr,4.0
77,FMA2CFull,950,J01,-111.2
77,FMA2CFull,950,top_mgr,4.0
77,FMA2CFull,1000,J01,-157.8
77,FMA2CFull,1000,top_mgr,3.0
77,FMA2CFull,1050,J01,-115.0
77,FMA2CFull,1050,top_mgr,2.0
78,FMA2CFull,50,J01,-261.4
78,FMA2CFull,50,top_mgr,4.0
78,FMA2CFull,100,J01,-325.0
78,FMA2CFull,100,top_mgr,1.0
78,FMA2CFull,150,J01,-574.2
78,FMA2CFull,150,top_mgr,2.0
78,FMA2CFull,200,J01,-413.4
78,FMA2CFull,200,top_mgr,4.0
78,FMA2CFull,250,J01,-397.4
78,FMA2CFull,250,top_mgr,0.0
78,FMA2CFull,300,J01,-434.2
78,FMA2CFull,300,top_mgr,4.0
78,FMA2CFull,350,J01,-325.6
78,FMA2CFull,350,top_mgr,4.0
78,FMA2CFull,400,J01,-839.2
78,FMA2CFull,400,top_mgr,1.0
78,FMA2CFull,450,J01,-356.0
78,FMA2CFull,450,top_mgr,10.0
78,FMA2CFull,500,J01,-413.2
78,FMA2CFull,500,top_mgr,1.0
78,FMA2CFull,550,J01,-377.2
78,FMA2CFull,550,top_mgr,8.0
78,FMA2CFull,600,J01,-600.8
78,FMA2CFull,600,top_mgr,0.0
78,FMA2CFull,650,J01,-640.0
78,FMA2CFull,650,top_mgr,7.0
78,FMA2CFull,700,J01,-251.6
78,FMA2CFull,700,top_mgr,0.0
78,FMA2CFull,750,J01,-487.8
78,FMA2CFull,750,top_mgr,2.0
78,FMA2CFull,800,J01,-155.0
78,FMA2CFull,800,top_mgr,0.0
78,FMA2CFull,850,J01,-109.8
78,FMA2CFull,850,top_mgr,3.0
78,FMA2CFull,900,J01,-257.4
78,FMA2CFull,900,top_mgr,4.0
78,FMA2CFull,950,J01,-63.0
78,FMA2CFull,950,top_mgr,3.0
78,FMA2CFull,1000,J01,-152.4
78,FMA2CFull,1000,top_mgr,0.0
78,FMA2CFull,1050,J01,-93.6
78,FMA2CFull,1050,top_mgr,3.0
79,FMA2CFull,50,J01,-470.4
79,FMA2CFull,50,top_mgr,4.0
79,FMA2CFull,100,J01,-513.6
79,FMA2CFull,100,top_mgr,1.0
79,FMA2CFull,150,J01,-665.0
79,FMA2CFull,150,top_mgr,9.0
79,FMA2CFull,200,J01,-277.0
79,FMA2CFull,200,top_mgr,6.0
79,FMA2CFull,250,J01,-444.0
79,FMA2CFull,250,top_mgr,6.0
79,FMA2CFull,300,J01,-534.8
79,FMA2CFull,300,top_mgr,6.0
79,FMA2CFull,350,J01,-653.4
79,FMA2CFull,350,top_mgr,5.0
79,FMA2CFull,400,J01,-413.4
79,FMA2CFull,400,top_mgr,9.0
79,FMA2CFull,450,J01,-450.2
79,FMA2CFull,450,top_mgr,7.0
79,FMA2CFull,500,J01,-422.6
79,FMA2CFull,500,top_mgr,8.0
79,FMA2CFull,550,J01,-580.8
79,FMA2CFull,550,top_mgr,11.0
79,FMA2CFull,600,J01,-355.4
79,FMA2CFull,600,top_mgr,7.0
79,FMA2CFull,650,J01,-521.2
79,FMA2CFull,650,top_mgr,14.0
79,FMA2CFull,700,J01,-759.2
79,FMA2CFull,700,top_mgr,6.0
79,FMA2CFull,750,J01,-119.2
79,FMA2CFull,750,top_mgr,3.0
79,FMA2CFull,800,J01,-113.0
79,FMA2CFull,800,top_mgr,4.0
79,FMA2CFull,850,J01,-202.0
79,FMA2CFull,850,top_mgr,3.0
79,FMA2CFull,900,J01,-269.6
79,FMA2CFull,900,top_mgr,5.0
79,FMA2CFull,950,J01,-185.6
79,FMA2CFull,950,top_mgr,4.0
79,FMA2CFull,1000,J01,-115.2
79,FMA2CFull,1000,top_mgr,5.0
79,FMA2CFull,1050,J01,-150.6
79,FMA2CFull,1050,top_mgr,2.0
80,FMA2CFull,50,J01,-399.2
80,FMA2CFull,50,top_mgr,8.0
80,FMA2CFull,100,J01,-494.4
80,FMA2CFull,100,top_mgr,0.0
80,FMA2CFull,150,J01,-488.4
80,FMA2CFull,150,top_mgr,4.0
80,FMA2CFull,200,J01,-376.8
80,FMA2CFull,200,top_mgr,9.0
80,FMA2CFull,250,J01,-464.2
80,FMA2CFull,250,top_mgr,11.0
80,FMA2CFull,300,J01,-625.8
80,FMA2CFull,300,top_mgr,5.0
80,FMA2CFull,350,J01,-363.8
80,FMA2CFull,350,top_mgr,7.0
80,FMA2CFull,400,J01,-384.8
80,FMA2CFull,400,top_mgr,3.0
80,FMA2CFull,450,J01,-542.0
80,FMA2CFull,450,top_mgr,9.0
80,FMA2CFull,500,J01,-924.2
80,FMA2CFull,500,top_mgr,7.0
80,FMA2CFull,550,J01,-339.4
80,FMA2CFull,550,top_mgr,10.0
80,FMA2CFull,600,J01,-456.6
80,FMA2CFull,600,top_mgr,6.0
80,FMA2CFull,650,J01,-511.0
80,FMA2CFull,650,top_mgr,1.0
80,FMA2CFull,700,J01,-330.2
80,FMA2CFull,700,top_mgr,7.0
80,FMA2CFull,750,J01,-150.4
80,FMA2CFull,750,top_mgr,1.0
80,FMA2CFull,800,J01,-99.8
80,FMA2CFull,800,top_mgr,2.0
80,FMA2CFull,850,J01,-112.8
80,FMA2CFull,850,top_mgr,1.0
80,FMA2CFull,900,J01,-100.0
80,FMA2CFull,900,top_mgr,2.0
80,FMA2CFull,950,J01,-150.8
80,FMA2CFull,950,top_mgr,6.0
80,FMA2CFull,1000,J01,-69.8
80,FMA2CFull,1000,top_mgr,2.0
80,FMA2CFull,1050,J01,-127.0
80,FMA2CFull,1050,top_mgr,1.0
81,FMA2CFull,50,J01,-402.4
81,FMA2CFull,50,top_mgr,6.0
81,FMA2CFull,100,J01,-520.6
81,FMA2CFull,100,top_mgr,7.0
81,FMA2CFull,150,J01,-296.8
81,FMA2CFull,150,top_mgr,1.0
81,FMA2CFull,200,J01,-792.8
81,FMA2CFull,200,top_mgr,0.0
81,FMA2CFull,250,J01,-446.0
81,FMA2CFull,250,top_mgr,9.0
81,FMA2CFull,300,J01,-569.6
81,FMA2CFull,300,top_mgr,10.0
81,FMA2CFull,350,J01,-785.0
81,FMA2CFull,350,top_mgr,7.0
81,FMA2CFull,400,J01,-685.8
81,FMA2CFull,400,top_mgr,0.0
81,FMA2CFull,450,J01,-494.6
81,FMA2CFull,450,top_mgr,0.0
81,FMA2CFull,500,J01,-506.0
81,FMA2CFull,500,top_mgr,6.0
81,FMA2CFull,550,J01,-474.6
81,FMA2CFull,550,top_mgr,3.0
81,FMA2CFull,600,J01,-447.8
81,FMA2CFull,600,top_mgr,6.0
81,FMA2CFull,650,J01,-350.4
81,FMA2CFull,650,top_mgr,4.0
81,FMA2CFull,700,J01,-382.6
81,FMA2CFull,700,top_mgr,7.0
81,FMA2CFull,750,J01,-244.8
81,FMA2CFull,750,top_mgr,2.0
81,FMA2CFull,800,J01,-203.6
81,FMA2CFull,800,top_mgr,3.0
81,FMA2CFull,850,J01,-145.6
81,FMA2CFull,850,top_mgr,1.0
81,FMA2CFull,900,J01,-113.4
81,FMA2CFull,900,top_mgr,2.0
81,FMA2CFull,950,J01,-99.8
81,FMA2CFull,950,top_mgr,3.0
81,FMA2CFull,1000,J01,-158.4
81,FMA2CFull,1000,top_mgr,4.0
81,FMA2CFull,1050,J01,-121.6
81,FMA2CFull,1050,top_mgr,6.0
82,FMA2CFull,50,J01,-236.0
82,FMA2CFull,50,top_mgr,2.0
82,FMA2CFull,100,J01,-244.8
82,FMA2CFull,100,top_mgr,8.0
82,FMA2CFull,150,J01,-667.4
82,FMA2CFull,150,top_mgr,0.0
82,FMA2CFull,200,J01,-292.2
82,FMA2CFull,200,top_mgr,12.0
82,FMA2CFull,250,J01,-302.0
82,FMA2CFull,250,top_mgr,2.0
82,FMA2CFull,300,J01,-348.4
82,FMA2CFull,300,top_mgr,8.0
82,FMA2CFull,350,J01,-714.2
82,FMA2CFull,350,top_mgr,3.0
82,FMA2CFull,400,J01,-610.0
82,FMA2CFull,400,top_mgr,4.0
82,FMA2CFull,450,J01,-238.8
82,FMA2CFull,450,top_mgr,3.0
82,FMA2CFull,500,J01,-344.6
82,FMA2CFull,500,top_mgr,10.0
82,FMA2CFull,550,J01,-409.4
82,FMA2CFull,550,top_mgr,0.0
82,FMA2CFull,600,J01,-624.2
82,FMA2CFull,600,top_mgr,1.0
82,FMA2CFull,650,J01,-521.0
82,FMA2CFull,650,top_mgr,1.0
82,FMA2CFull,700,J01,-351.8
82,FMA2CFull,700,top_mgr,3.0
82,FMA2CFull,750,J01,-215.4
82,FMA2CFull,750,top_mgr,3.0
82,FMA2CFull,800,J01,-177.6
82,FMA2CFull,800,top_mgr,1.0
82,FMA2CFull,850,J01,-209.8
82,FMA2CFull,850,top_mgr,2.0
82,FMA2CFull,900,J01,-42.4
82,FMA2CFull,900,top_mgr,3.0
82,FMA2CFull,950,J01,-154.2
82,FMA2CFull,950,top_mgr,2.0
82,FMA2CFull,1000,J01,-136.2
82,FMA2CFull,1000,top_mgr,0.0
82,FMA2CFull,1050,J01,-109.2
82,FMA2CFull,1050,top_mgr,4.0
83,FMA2CFull,50,J01,-287.2
83,FMA2CFull,50,top_mgr,6.0
83,FMA2CFull,100,J01,-313.2
83,FMA2CFull,100,top_mgr,2.0
83,FMA2CFull,150,J01,-180.0
83,FMA2CFull,150,top_mgr,4.0
83,FMA2CFull,200,J01,-314.2
83,FMA2CFull,200,top_mgr,5.0
83,FMA2CFull,250,J01,-251.4
83,FMA2CFull,250,top_mgr,7.0
83,FMA2CFull,300,J01,-481.4
83,FMA2CFull,300,top_mgr,7.0
83,FMA2CFull,350,J01,-390.4
83,FMA2CFull,350,top_mgr,5.0
83,FMA2CFull,400,J01,-658.0
83,FMA2CFull,400,top_mgr,1.0
83,FMA2CFull,450,J01,-550.6
83,FMA2CFull,450,top_mgr,2.0
83,FMA2CFull,500,J01,-445.8
83,FMA2CFull,500,top_mgr,0.0
83,FMA2CFull,550,J01,-441.6
83,FMA2CFull,550,top_mgr,4.0
83,FMA2CFull,600,J01,-352.2
83,FMA2CFull,600,top_mgr,3.0
83,FMA2CFull,650,J01,-345.6
83,FMA2CFull,650,top_mgr,2.0
83,FMA2CFull,700,J01,-651.6
83,FMA2CFull,700,top_mgr,0.0
83,FMA2CFull,750,J01,-161.0
83,FMA2CFull,750,top_mgr,3.0
83,FMA2CFull,800,J01,-189.4
83,FMA2CFull,800,top_mgr,0.0
83,FMA2CFull,850,J01,-78.2
83,FMA2CFull,850,top_mgr,4.0
83,FMA2CFull,900,J01,-122.6
83,FMA2CFull,900,top_mgr,2.0
83,FMA2CFull,950,J01,-87.4
83,FMA2CFull,950,top_mgr,0.0
83,FMA2CFull,1000,J01,-109.6
83,FMA2CFull,1000,top_mgr,3.0
83,FMA2CFull,1050,J01,-55.2
83,FMA2CFull,1050,top_mgr,6.0
84,FMA2CFull,50,J01,-380.2
84,FMA2CFull,50,top_mgr,7.0
84,FMA2CFull,100,J01,-173.6
84,FMA2CFull,100,top_mgr,6.0
84,FMA2CFull,150,J01,-393.6
84,FMA2CFull,150,top_mgr,2.0
84,FMA2CFull,200,J01,-409.8
84,FMA2CFull,200,top_mgr,11.0
84,FMA2CFull,250,J01,-301.0
84,FMA2CFull,250,top_mgr,10.0
84,FMA2CFull,300,J01,-496.8
84,FMA2CFull,300,top_mgr,1.0
84,FMA2CFull,350,J01,-784.0
84,FMA2CFull,350,top_mgr,4.0
84,FMA2CFull,400,J01,-536.6
84,FMA2CFull,400,top_mgr,3.0
84,FMA2CFull,450,J01,-369.4
84,FMA2CFull,450,top_mgr,10.0
84,FMA2CFull,500,J01,-312.6
84,FMA2CFull,500,top_mgr,3.0
84,FMA2CFull,550,J01,-350.6
84,FMA2CFull,550,top_mgr,2.0
84,FMA2CFull,600,J01,-705.0
84,FMA2CFull,600,top_mgr,6.0
84,FMA2CFull,650,J01,-507.6
84,FMA2CFull,650,top_mgr,10.0
84,FMA2CFull,700,J01,-534.2
84,FMA2CFull,700,top_mgr,4.0
84,FMA2CFull,750,J01,-226.0
84,FMA2CFull,750,top_mgr,2.0
84,FMA2CFull,800,J01,-132.8
84,FMA2CFull,800,top_mgr,3.0
84,FMA2CFull,850,J01,-180.0
84,FMA2CFull,850,top_mgr,2.0
84,FMA2CFull,900,J01,-106.0
84,FMA2CFull,900,top_mgr,1.0
84,FMA2CFull,950,J01,-87.8
84,FMA2CFull,950,top_mgr,4.0
84,FMA2CFull,1000,J01,-197.4
84,FMA2CFull,1000,top_mgr,0.0
84,FMA2CFull,1050,J01,-134.2
84,FMA2CFull,1050,top_mgr,2.0
85,FMA2CFull,50,J01,-498.6
85,FMA2CFull,50,top_mgr,7.0
85,FMA2CFull,100,J01,-572.6
85,FMA2CFull,100,top_mgr,0.0
85,FMA2CFull,150,J01,-404.2
85,FMA2CFull,150,top_mgr,12.0
85,FMA2CFull,200,J01,-560.6
85,FMA2CFull,200,top_mgr,10.0
85,FMA2CFull,250,J01,-565.2
85,FMA2CFull,250,top_mgr,1.0
85,FMA2CFull,300,J01,-864.2
85,FMA2CFull,300,top_mgr,0.0
85,FMA2CFull,350,J01,-540.4
85,FMA2CFull,350,top_mgr,9.0
85,FMA2CFull,400,J01,-550.2
85,FMA2CFull,400,top_mgr,0.0
85,FMA2CFull,450,J01,-309.6
85,FMA2CFull,450,top_mgr,3.0
85,FMA2CFull,500,J01,-252.0
85,FMA2CFull,500,top_mgr,10.0
85,FMA2CFull,550,J01,-275.6
85,FMA2CFull,550,top_mgr,2.0
85,FMA2CFull,600,J01,-331.2
85,FMA2CFull,600,top_mgr,1.0
85,FMA2CFull,650,J01,-616.2
85,FMA2CFull,650,top_mgr,3.0
85,FMA2CFull,700,J01,-222.8
85,FMA2CFull,700,top_mgr,11.0
85,FMA2CFull,750,J01,-142.4
85,FMA2CFull,750,top_mgr,6.0
85,FMA2CFull,800,J01,-114.6
85,FMA2CFull,800,top_mgr,3.0
85,FMA2CFull,850,J01,-241.0
85,FMA2CFull,850,top_mgr,4.0
85,FMA2CFull,900,J01,-258.2
85,FMA2CFull,900,top_mgr,3.0
85,FMA2CFull,950,J01,-116.6
85,FMA2CFull,950,top_mgr,2.0
85,FMA2CFull,1000,J01,-51.0
85,FMA2CFull,1000,top_mgr,2.0
85,FMA2CFull,1050,J01,-84.0
85,FMA2CFull,1050,top_mgr,2.0
86,FMA2CFull,50,J01,-273.2
86,FMA2CFull,50,top_mgr,10.0
86,FMA2CFull,100,J01,-398.0
86,FMA2CFull,100,top_mgr,1.0
86,FMA2CFull,150,J01,-550.6
86,FMA2CFull,150,top_mgr,8.0
86,FMA2CFull,200,J01,-346.8
86,FMA2CFull,200,top_mgr,10.0
86,FMA2CFull,250,J01,-305.0
86,FMA2CFull,250,top_mgr,10.0
86,FMA2CFull,300,J01,-369.2
86,FMA2CFull,300,top_mgr,7.0
86,FMA2CFull,350,J01,-537.2
86,FMA2CFull,350,top_mgr,0.0
86,FMA2CFull,400,J01,-442.4
86,FMA2CFull,400,top_mgr,0.0
86,FMA2CFull,450,J01,-403.6
86,FMA2CFull,450,top_mgr,0.0
86,FMA2CFull,500,J01,-449.6
86,FMA2CFull,500,top_mgr,2.0
86,FMA2CFull,550,J01,-466.6
86,FMA2CFull,550,top_mgr,4.0
86,FMA2CFull,600,J01,-686.4
86,FMA2CFull,600,top_mgr,4.0
86,FMA2CFull,650,J01,-485.0
86,FMA2CFull,650,top_mgr,5.0
86,FMA2CFull,700,J01,-744.6
86,FMA2CFull,700,top_mgr,0.0
86,FMA2CFull,750,J01,-281.6
86,FMA2CFull,750,top_mgr,5.0
86,FMA2CFull,800,J01,-190.4
86,FMA2CFull,800,top_mgr,2.0
86,FMA2CFull,850,J01,-172.8
86,FMA2CFull,850,top_mgr,1.0
86,FMA2CFull,900,J01,-179.8
86,FMA2CFull,900,top_mgr,0.0
86,FMA2CFull,950,J01,-126.0
86,FMA2CFull,950,top_mgr,2.0
86,FMA2CFull,1000,J01,-120.0
86,FMA2CFull,1000,top_mgr,1.0
86,FMA2CFull,1050,J01,-117.8
86,FMA2CFull,1050,top_mgr,4.0
87,FMA2CFull,50,J01,-420.6
87,FMA2CFull,50,top_mgr,7.0
87,FMA2CFull,100,J01,-415.6
87,FMA2CFull,100,top_mgr,5.0
87,FMA2CFull,150,J01,-502.6
87,FMA2CFull,150,top_mgr,1.0
87,FMA2CFull,200,J01,-563.0
87,FMA2CFull,200,top_mgr,7.0
87,FMA2CFull,250,J01,-375.0
87,FMA2CFull,250,top_mgr,14.0
87,FMA2CFull,300,J01,-391.6
87,FMA2CFull,300,top_mgr,7.0
87,FMA2CFull,350,J01,-319.4
87,FMA2CFull,350,top_mgr,4.0
87,FMA2CFull,400,J01,-399.0
87,FMA2CFull,400,top_mgr,12.0
87,FMA2CFull,450,J01,-285.6
87,FMA2CFull,450,top_mgr,8.0
87,FMA2CFull,500,J01,-334.2
87,FMA2CFull,500,top_mgr,9.0
87,FMA2CFull,550,J01,-690.0
87,FMA2CFull,550,top_mgr,0.0
87,FMA2CFull,600,J01,-436.6
87,FMA2CFull,600,top_mgr,2.0
87,FMA2CFull,650,J01,-414.6
87,FMA2CFull,650,top_mgr,2.0
87,FMA2CFull,700,J01,-300.2
87,FMA2CFull,700,top_mgr,5.0
87,FMA2CFull,750,J01,-274.2
87,FMA2CFull,750,top_mgr,2.0
87,FMA2CFull,800,J01,-121.2
87,FMA2CFull,800,top_mgr,3.0
87,FMA2CFull,850,J01,-118.6
87,FMA2CFull,850,top_mgr,1.0
87,FMA2CFull,900,J01,-93.6
87,FMA2CFull,900,top_mgr,4.0
87,FMA2CFull,950,J01,-103.0
87,FMA2CFull,950,top_mgr,3.0
87,FMA2CFull,1000,J01,-85.4
87,FMA2CFull,1000,top_mgr,1.0
87,FMA2CFull,1050,J01,-69.0
87,FMA2CFull,1050,top_mgr,1.0
88,FMA2CFull,50,J01,-485.4
88,FMA2CFull,50,top_mgr,2.0
88,FMA2CFull,100,J01,-774.6
88,FMA2CFull,100,top_mgr,7.0
88,FMA2CFull,150,J01,-445.2
88,FMA2CFull,150,top_mgr,1.0
88,FMA2CFull,200,J01,-444.4
88,FMA2CFull,200,top_mgr,6.0
88,FMA2CFull,250,J01,-433.8
88,FMA2CFull,250,top_mgr,6.0
88,FMA2CFull,300,J01,-645.8
88,FMA2CFull,300,top_mgr,2.0
88,FMA2CFull,350,J01,-504.4
88,FMA2CFull,350,top_mgr,5.0
88,FMA2CFull,400,J01,-377.8
88,FMA2CFull,400,top_mgr,0.0
88,FMA2CFull,450,J01,-531.8
88,FMA2CFull,450,top_mgr,10.0
88,FMA2CFull,500,J01,-380.6
88,FMA2CFull,500,top_mgr,2.0
88,FMA2CFull,550,J01,-173.6
88,FMA2CFull,550,top_mgr,8.0
88,FMA2CFull,600,J01,-453.6
88,FMA2CFull,600,top_mgr,5.0
88,FMA2CFull,650,J01,-598.2
88,FMA2CFull,650,top_mgr,3.0
88,FMA2CFull,700,J01,-203.0
88,FMA2CFull,700,top_mgr,7.0
88,FMA2CFull,750,J01,-183.6
88,FMA2CFull,750,top_mgr,3.0
88,FMA2CFull,800,J01,-123.2
88,FMA2CFull,800,top_mgr,2.0
88,FMA2CFull,850,J01,-178.2
88,FMA2CFull,850,top_mgr,5.0
88,FMA2CFull,900,J01,-93.8
88,FMA2CFull,900,top_mgr,0.0
88,FMA2CFull,950,J01,-175.2
88,FMA2CFull,950,top_mgr,2.0
88,FMA2CFull,1000,J01,-89.6
88,FMA2CFull,1000,top_mgr,1.0
88,FMA2CFull,1050,J01,-83.8
88,FMA2CFull,1050,top_mgr,2.0
89,FMA2CFull,50,J01,-298.6
89,FMA2CFull,50,top_mgr,2.0
89,FMA2CFull,100,J01,-437.4
89,FMA2CFull,100,top_mgr,14.0
89,FMA2CFull,150,J01,-622.8
89,FMA2CFull,150,top_mgr,7.0
89,FMA2CFull,200,J01,-414.2
89,FMA2CFull,200,top_mgr,6.0
89,FMA2CFull,250,J01,-263.8
89,FMA2CFull,250,top_mgr,2.0
89,FMA2CFull,300,J01,-439.0
89,FMA2CFull,300,top_mgr,11.0
89,FMA2CFull,350,J01,-312.8
89,FMA2CFull,350,top_mgr,2.0
89,FMA2CFull,400,J01,-300.4
89,FMA2CFull,400,top_mgr,2.0
89,FMA2CFull,450,J01,-245.6
89,FMA2CFull,450,top_mgr,5.0
89,FMA2CFull,500,J01,-371.6
89,FMA2CFull,500,top_mgr,7.0
89,FMA2CFull,550,J01,-261.2
89,FMA2CFull,550,top_mgr,5.0
89,FMA2CFull,600,J01,-436.4
89,FMA2CFull,600,top_mgr,0.0
89,FMA2CFull,650,J01,-527.0
89,FMA2CFull,650,top_mgr,4.0
89,FMA2CFull,700,J01,-269.2
89,FMA2CFull,700,top_mgr,1.0
89,FMA2CFull,750,J01,-200.8
89,FMA2CFull,750,top_mgr,4.0
89,FMA2CFull,800,J01,-111.4
89,FMA2CFull,800,top_mgr,4.0
89,FMA2CFull,850,J01,-91.0
89,FMA2CFull,850,top_mgr,2.0
89,FMA2CFull,900,J01,-155.8
89,FMA2CFull,900,top_mgr,2.0
89,FMA2CFull,950,J01,-189.0
89,FMA2CFull,950,top_mgr,2.0
89,FMA2CFull,1000,J01,-94.4
89,FMA2CFull,1000,top_mgr,4.0
89,FMA2CFull,1050,J01,-115.0
89,FMA2CFull,1050,top_mgr,3.0
90,FMA2CFull,50,J01,-289.0
90,FMA2CFull,50,top_mgr,0.0
90,FMA2CFull,100,J01,-466.0
90,FMA2CFull,100,top_mgr,12.0
90,FMA2CFull,150,J01,-459.8
90,FMA2CFull,150,top_mgr,2.0
90,FMA2CFull,200,J01,-292.8
90,FMA2CFull,200,top_mgr,4.0
90,FMA2CFull,250,J01,-485.6
90,FMA2CFull,250,top_mgr,0.0
90,FMA2CFull,300,J01,-704.0
90,FMA2CFull,300,top_mgr,4.0
90,FMA2CFull,350,J01,-490.0
90,FMA2CFull,350,top_mgr,1.0
90,FMA2CFull,400,J01,-404.6
90,FMA2CFull,400,top_mgr,2.0
90,FMA2CFull,450,J01,-702.8
90,FMA2CFull,450,top_mgr,6.0
90,FMA2CFull,500,J01,-471.2
90,FMA2CFull,500,top_mgr,2.0
90,FMA2CFull,550,J01,-748.2
90,FMA2CFull,550,top_mgr,1.0
90,FMA2CFull,600,J01,-547.6
90,FMA2CFull,600,top_mgr,5.0
90,FMA2CFull,650,J01,-251.6
90,FMA2CFull,650,top_mgr,5.0
90,FMA2CFull,700,J01,-801.8
90,FMA2CFull,700,top_mgr,0.0
90,FMA2CFull,750,J01,-136.2
90,FMA2CFull,750,top_mgr,9.0
90,FMA2CFull,800,J01,-119.4
90,FMA2CFull,800,top_mgr,3.0
90,FMA2CFull,850,J01,-134.0
90,FMA2CFull,850,top_mgr,3.0
90,FMA2CFull,900,J01,-172.0
90,FMA2CFull,900,top_mgr,2.0
90,FMA2CFull,950,J01,-258.2
90,FMA2CFull,950,top_mgr,1.0
90,FMA2CFull,1000,J01,-94.8
90,FMA2CFull,1000,top_mgr,2.0
90,FMA2CFull,1050,J01,-159.2
90,FMA2CFull,1050,top_mgr,4.0
91,FMA2CFull,50,J01,-299.8
91,FMA2CFull,50,top_mgr,4.0
91,FMA2CFull,100,J01,-359.8
91,FMA2CFull,100,top_mgr,7.0
91,FMA2CFull,150,J01,-262.2
91,FMA2CFull,150,top_mgr,12.0
91,FMA2CFull,200,J01,-349.6
91,FMA2CFull,200,top_mgr,11.0
91,FMA2CFull,250,J01,-368.2
91,FMA2CFull,250,top_mgr,1.0
91,FMA2CFull,300,J01,-520.6
91,FMA2CFull,300,top_mgr,4.0
91,FMA2CFull,350,J01,-711.2
91,FMA2CFull,350,top_mgr,1.0
91,FMA2CFull,400,J01,-374.0
91,FMA2CFull,400,top_mgr,4.0
91,FMA2CFull,450,J01,-554.0
91,FMA2CFull,450,top_mgr,8.0
91,FMA2CFull,500,J01,-695.6
91,FMA2CFull,500,top_mgr,6.0
91,FMA2CFull,550,J01,-621.2
91,FMA2CFull,550,top_mgr,3.0
91,FMA2CFull,600,J01,-386.4
91,FMA2CFull,600,top_mgr,5.0
91,FMA2CFull,650,J01,-320.6
91,FMA2CFull,650,top_mgr,8.0
91,FMA2CFull,700,J01,-613.4
91,FMA2CFull,700,top_mgr,2.0
91,FMA2CFull,750,J01,-212.2
91,FMA2CFull,750,top_mgr,0.0
91,FMA2CFull,800,J01,-110.8
91,FMA2CFull,800,top_mgr,3.0
91,FMA2CFull,850,J01,-124.8
91,FMA2CFull,850,top_mgr,6.0
91,FMA2CFull,900,J01,-105.0
91,FMA2CFull,900,top_mgr,4.0
91,FMA2CFull,950,J01,-80.6
91,FMA2CFull,950,top_mgr,4.0
91,FMA2CFull,1000,J01,-54.4
91,FMA2CFull,1000,top_mgr,4.0
91,FMA2CFull,1050,J01,-111.6
91,FMA2CFull,1050,top_mgr,3.0
92,FMA2CFull,50,J01,-404.0
92,FMA2CFull,50,top_mgr,0.0
92,FMA2CFull,100,J01,-368.2
92,FMA2CFull,100,top_mgr,13.0
92,FMA2CFull,150,J01,-412.2
92,FMA2CFull,150,top_mgr,5.0
92,FMA2CFull,200,J01,-432.0
92,FMA2CFull,200,top_mgr,11.0
92,FMA2CFull,250,J01,-495.2
92,FMA2CFull,250,top_mgr,3.0
92,FMA2CFull,300,J01,-392.0
92,FMA2CFull,300,top_mgr,2.0
92,FMA2CFull,350,J01,-363.2
92,FMA2CFull,350,top_mgr,4.0
92,FMA2CFull,400,J01,-286.6
92,FMA2CFull,400,top_mgr,6.0
92,FMA2CFull,450,J01,-291.2
92,FMA2CFull,450,top_mgr,1.0
92,FMA2CFull,500,J01,-297.0
92,FMA2CFull,500,top_mgr,2.0
92,FMA2CFull,550,J01,-540.2
92,FMA2CFull,550,top_mgr,1.0
92,FMA2CFull,600,J01,-504.8
92,FMA2CFull,600,top_mgr,6.0
92,FMA2CFull,650,J01,-614.0
92,FMA2CFull,650,top_mgr,2.0
92,FMA2CFull,700,J01,-306.8
92,FMA2CFull,700,top_mgr,3.0
92,FMA2CFull,750,J01,-275.2
92,FMA2CFull,750,top_mgr,6.0
92,FMA2CFull,800,J01,-160.2
92,FMA2CFull,800,top_mgr,2.0
92,FMA2CFull,850,J01,-150.8
92,FMA2CFull,850,top_mgr,2.0
92,FMA2CFull,900,J01,-96.8
92,FMA2CFull,900,top_mgr,4.0
92,FMA2CFull,950,J01,-78.6
92,FMA2CFull,950,top_mgr,2.0
92,FMA2CFull,1000,J01,-158.6
92,FMA2CFull,1000,top_mgr,0.0
92,FMA2CFull,1050,J01,-160.4
92,FMA2CFull,1050,top_mgr,0.0
93,FMA2CFull,50,J01,-429.8
93,FMA2CFull,50,top_mgr,3.0
93,FMA2CFull,100,J01,-342.8
93,FMA2CFull,100,top_mgr,1.0
93,FMA2CFull,150,J01,-304.6
93,FMA2CFull,150,top_mgr,3.0
93,FMA2CFull,200,J01,-320.2
93,FMA2CFull,200,top_mgr,12.0
93,FMA2CFull,250,J01,-470.6
93,FMA2CFull,250,top_mgr,8.0
93,FMA2CFull,300,J01,-586.4
93,FMA2CFull,300,top_mgr,3.0
93,FMA2CFull,350,J01,-402.6
93,FMA2CFull,350,top_mgr,4.0
93,FMA2CFull,400,J01,-339.0
93,FMA2CFull,400,top_mgr,6.0
93,FMA2CFull,450,J01,-438.2
93,FMA2CFull,450,top_mgr,3.0
93,FMA2CFull,500,J01,-327.0
93,FMA2CFull,500,top_mgr,8.0
93,FMA2CFull,550,J01,-299.6
93,FMA2CFull,550,top_mgr,1.0
93,FMA2CFull,600,J01,-641.0
93,FMA2CFull,600,top_mgr,6.0
93,FMA2CFull,650,J01,-900.2
93,FMA2CFull,650,top_mgr,5.0
93,FMA2CFull,700,J01,-697.6
93,FMA2CFull,700,top_mgr,3.0
93,FMA2CFull,750,J01,-341.6
93,FMA2CFull,750,top_mgr,5.0
93,FMA2CFull,800,J01,-113.2
93,FMA2CFull,800,top_mgr,6.0
93,FMA2CFull,850,J01,-145.4
93,FMA2CFull,850,top_mgr,2.0
93,FMA2CFull,900,J01,-117.0
93,FMA2CFull,900,top_mgr,1.0
93,FMA2CFull,950,J01,-101.0
93,FMA2CFull,950,top_mgr,4.0
93,FMA2CFull,1000,J01,-57.0
93,FMA2CFull,1000,top_mgr,4.0
93,FMA2CFull,1050,J01,-126.0
93,FMA2CFull,1050,top_mgr,2.0
94,FMA2CFull,50,J01,-278.2
94,FMA2CFull,50,top_mgr,8.0
94,FMA2CFull,100,J01,-480.0
94,FMA2CFull,100,top_mgr,5.0
94,FMA2CFull,150,J01,-379.2
94,FMA2CFull,150,top_mgr,0.0
94,FMA2CFull,200,J01,-277.8
94,FMA2CFull,200,top_mgr,0.0
94,FMA2CFull,250,J01,-546.4
94,FMA2CFull,250,top_mgr,3.0
94,FMA2CFull,300,J01,-369.6
94,FMA2CFull,300,top_mgr,2.0
94,FMA2CFull,350,J01,-545.4
94,FMA2CFull,350,top_mgr,0.0
94,FMA2CFull,400,J01,-346.2
94,FMA2CFull,400,top_mgr,4.0
94,FMA2CFull,450,J01,-295.4
94,FMA2CFull,450,top_mgr,12.0
94,FMA2CFull,500,J01,-352.0
94,FMA2CFull,500,top_mgr,8.0
94,FMA2CFull,550,J01,-399.6
94,FMA2CFull,550,top_mgr,3.0
94,FMA2CFull,600,J01,-586.8
94,FMA2CFull,600,top_mgr,1.0
94,FMA2CFull,650,J01,-480.6
94,FMA2CFull,650,top_mgr,0.0
94,FMA2CFull,700,J01,-198.2
94,FMA2CFull,700,top_mgr,7.0
94,FMA2CFull,750,J01,-352.8
94,FMA2CFull,750,top_mgr,2.0
94,FMA2CFull,800,J01,-201.2
94,FMA2CFull,800,top_mgr,6.0
94,FMA2CFull,850,J01,-184.8
94,FMA2CFull,850,top_mgr,2.0
94,FMA2CFull,900,J01,-80.2
94,FMA2CFull,900,top_mgr,3.0
94,FMA2CFull,950,J01,-125.8
94,FMA2CFull,950,top_mgr,3.0
94,FMA2CFull,1000,J01,-132.4
94,FMA2CFull,1000,top_mgr,4.0
94,FMA2CFull,1050,J01,-83.2
94,FMA2CFull,1050,top_mgr,2.0
95,FMA2CFull,50,J01,-352.0
95,FMA2CFull,50,top_mgr,1.0
95,FMA2CFull,100,J01,-510.4
95,FMA2CFull,100,top_mgr,3.0
95,FMA2CFull,150,J01,-508.2
95,FMA2CFull,150,top_mgr,6.0
95,FMA2CFull,200,J01,-378.6
95,FMA2CFull,200,top_mgr,7.0
95,FMA2CFull,250,J01,-363.8
95,FMA2CFull,250,top_mgr,2.0
95,FMA2CFull,300,J01,-495.8
95,FMA2CFull,300,top_mgr,1.0
95,FMA2CFull,350,J01,-390.8
95,FMA2CFull,350,top_mgr,4.0
95,FMA2CFull,400,J01,-595.4
95,FMA2CFull,400,top_mgr,13.0
95,FMA2CFull,450,J01,-389.4
95,FMA2CFull,450,top_mgr,1.0
95,FMA2CFull,500,J01,-416.4
95,FMA2CFull,500,top_mgr,1.0
95,FMA2CFull,550,J01,-382.8
95,FMA2CFull,550,top_mgr,3.0
95,FMA2CFull,600,J01,-423.4
95,FMA2CFull,600,top_mgr,3.0
95,FMA2CFull,650,J01,-739.0
95,FMA2CFull,650,top_mgr,1.0
95,FMA2CFull,700,J01,-288.8
95,FMA2CFull,700,top_mgr,3.0
95,FMA2CFull,750,J01,-273.8
95,FMA2CFull,750,top_mgr,1.0
95,FMA2CFull,800,J01,-124.0
95,FMA2CFull,800,top_mgr,5.0
95,FMA2CFull,850,J01,-212.8
95,FMA2CFull,850,top_mgr,4.0
95,FMA2CFull,900,J01,-206.8
95,FMA2CFull,900,top_mgr,2.0
95,FMA2CFull,950,J01,-126.2
95,FMA2CFull,950,top_mgr,1.0
95,FMA2CFull,1000,J01,-146.6
95,FMA2CFull,1000,top_mgr,2.0
95,FMA2CFull,1050,J01,-109.2
95,FMA2CFull,1050,top_mgr,4.0
96,FMA2CFull,50,J01,-301.2
96,FMA2CFull,50,top_mgr,11.0
96,FMA2CFull,100,J01,-274.8
96,FMA2CFull,100,top_mgr,5.0
96,FMA2CFull,150,J01,-361.2
96,FMA2CFull,150,top_mgr,1.0
96,FMA2CFull,200,J01,-369.4
96,FMA2CFull,200,top_mgr,1.0
96,FMA2CFull,250,J01,-391.6
96,FMA2CFull,250,top_mgr,5.0
96,FMA2CFull,300,J01,-283.8
96,FMA2CFull,300,top_mgr,3.0
96,FMA2CFull,350,J01,-558.8
96,FMA2CFull,350,top_mgr,6.0
96,FMA2CFull,400,J01,-677.2
96,FMA2CFull,400,top_mgr,2.0
96,FMA2CFull,450,J01,-814.0
96,FMA2CFull,450,top_mgr,2.0
96,FMA2CFull,500,J01,-317.0
96,FMA2CFull,500,top_mgr,12.0
96,FMA2CFull,550,J01,-204.6
96,FMA2CFull,550,top_mgr,4.0
96,FMA2CFull,600,J01,-564.0
96,FMA2CFull,600,top_mgr,4.0
96,FMA2CFull,650,J01,-572.4
96,FMA2CFull,650,top_mgr,0.0
96,FMA2CFull,700,J01,-297.2
96,FMA2CFull,700,top_mgr,2.0
96,FMA2CFull,750,J01,-189.2
96,FMA2CFull,750,top_mgr,3.0
96,FMA2CFull,800,J01,-192.0
96,FMA2CFull,800,top_mgr,1.0
96,FMA2CFull,850,J01,-80.6
96,FMA2CFull,850,top_mgr,3.0
96,FMA2CFull,900,J01,-171.2
96,FMA2CFull,900,top_mgr,2.0
96,FMA2CFull,950,J01,-113.2
96,FMA2CFull,950,top_mgr,2.0
96,FMA2CFull,1000,J01,-65.8
96,FMA2CFull,1000,top_mgr,1.0
96,FMA2CFull,1050,J01,-103.2
96,FMA2CFull,1050,top_mgr,4.0
97,FMA2CFull,50,J01,-278.2
97,FMA2CFull,50,top_mgr,5.0
97,FMA2CFull,100,J01,-351.2
97,FMA2CFull,100,top_mgr,3.0
97,FMA2CFull,150,J01,-518.4
97,FMA2CFull,150,top_mgr,0.0
97,FMA2CFull,200,J01,-373.8
97,FMA2CFull,200,top_mgr,11.0
97,FMA2CFull,250,J01,-223.4
97,FMA2CFull,250,top_mgr,6.0
97,FMA2CFull,300,J01,-550.4
97,FMA2CFull,300,top_mgr,3.0
97,FMA2CFull,350,J01,-409.4
97,FMA2CFull,350,top_mgr,6.0
97,FMA2CFull,400,J01,-463.4
97,FMA2CFull,400,top_mgr,3.0
97,FMA2CFull,450,J01,-684.0
97,FMA2CFull,450,top_mgr,0.0
97,FMA2CFull,500,J01,-340.2
97,FMA2CFull,500,top_mgr,1.0
97,FMA2CFull,550,J01,-671.2
97,FMA2CFull,550,top_mgr,0.0
97,FMA2CFull,600,J01,-507.8
97,FMA2CFull,600,top_mgr,6.0
97,FMA2CFull,650,J01,-376.8
97,FMA2CFull,650,top_mgr,1.0
97,FMA2CFull,700,J01,-454.8
97,FMA2CFull,700,top_mgr,6.0
97,FMA2CFull,750,J01,-291.8
97,FMA2CFull,750,top_mgr,4.0
97,FMA2CFull,800,J01,-173.2
97,FMA2CFull,800,top_mgr,2.0
97,FMA2CFull,850,J01,-73.0
97,FMA2CFull,850,top_mgr,3.0
97,FMA2CFull,900,J01,-68.4
97,FMA2CFull,900,top_mgr,2.0
97,FMA2CFull,950,J01,-173.2
97,FMA2CFull,950,top_mgr,6.0
97,FMA2CFull,1000,J01,-113.0
97,FMA2CFull,1000,top_mgr,4.0
97,FMA2CFull,1050,J01,-108.2
97,FMA2CFull,1050,top_mgr,3.0
98,FMA2CFull,50,J01,-227.2
98,FMA2CFull,50,top_mgr,9.0
98,FMA2CFull,100,J01,-580.2
98,FMA2CFull,100,top_mgr,0.0
98,FMA2CFull,150,J01,-303.4
98,FMA2CFull,150,top_mgr,10.0
98,FMA2CFull,200,J01,-353.2
98,FMA2CFull,200,top_mgr,1.0
98,FMA2CFull,250,J01,-351.2
98,FMA2CFull,250,top_mgr,5.0
98,FMA2CFull,300,J01,-758.0
98,FMA2CFull,300,top_mgr,4.0
98,FMA2CFull,350,J01,-401.8
98,FMA2CFull,350,top_mgr,0.0
98,FMA2CFull,400,J01,-282.0
98,FMA2CFull,400,top_mgr,5.0
98,FMA2CFull,450,J01,-235.6
98,FMA2CFull,450,top_mgr,7.0
98,FMA2CFull,500,J01,-459.8
98,FMA2CFull,500,top_mgr,3.0
98,FMA2CFull,550,J01,-676.4
98,FMA2CFull,550,top_mgr,4.0
98,FMA2CFull,600,J01,-444.4
98,FMA2CFull,600,top_mgr,7.0
98,FMA2CFull,650,J01,-959.2
98,FMA2CFull,650,top_mgr,4.0
98,FMA2CFull,700,J01,-461.0
98,FMA2CFull,700,top_mgr,7.0
98,FMA2CFull,750,J01,-183.0
98,FMA2CFull,750,top_mgr,4.0
98,FMA2CFull,800,J01,-136.2
98,FMA2CFull,800,top_mgr,3.0
98,FMA2CFull,850,J01,-159.4
98,FMA2CFull,850,top_mgr,2.0
98,FMA2CFull,900,J01,-124.8
98,FMA2CFull,900,top_mgr,2.0
98,FMA2CFull,950,J01,-160.6
98,FMA2CFull,950,top_mgr,0.0
98,FMA2CFull,1000,J01,-120.8
98,FMA2CFull,1000,top_mgr,0.0
98,FMA2CFull,1050,J01,-169.2
98,FMA2CFull,1050,top_mgr,2.0
99,FMA2CFull,50,J01,-169.0
99,FMA2CFull,50,top_mgr,3.0
99,FMA2CFull,100,J01,-450.4
99,FMA2CFull,100,top_mgr,9.0
99,FMA2CFull,150,J01,-556.2
99,FMA2CFull,150,top_mgr,10.0
99,FMA2CFull,200,J01,-379.6
99,FMA2CFull,200,top_mgr,8.0
99,FMA2CFull,250,J01,-394.0
99,FMA2CFull,250,top_mgr,5.0
99,FMA2CFull,300,J01,-406.0
99,FMA2CFull,300,top_mgr,4.0
99,FMA2CFull,350,J01,-363.8
99,FMA2CFull,350,top_mgr,3.0
99,FMA2CFull,400,J01,-471.8
99,FMA2CFull,400,top_mgr,0.0
99,FMA2CFull,450,J01,-329.2
99,FMA2CFull,450,top_mgr,2.0
99,FMA2CFull,500,J01,-542.8
99,FMA2CFull,500,top_mgr,0.0
99,FMA2CFull,550,J01,-568.4
99,FMA2CFull,550,top_mgr,8.0
99,FMA2CFull,600,J01,-437.6
99,FMA2CFull,600,top_mgr,0.0
99,FMA2CFull,650,J01,-640.8
99,FMA2CFull,650,top_mgr,14.0
99,FMA2CFull,700,J01,-301.8
99,FMA2CFull,700,top_mgr,2.0
99,FMA2CFull,750,J01,-214.8
99,FMA2CFull,750,top_mgr,7.0
99,FMA2CFull,800,J01,-125.8
99,FMA2CFull,800,top_mgr,4.0
99,FMA2CFull,850,J01,-221.4
99,FMA2CFull,850,top_mgr,5.0
99,FMA2CFull,900,J01,-177.4
99,FMA2CFull,900,top_mgr,1.0
99,FMA2CFull,950,J01,-68.4
99,FMA2CFull,950,top_mgr,3.0
99,FMA2CFull,1000,J01,-132.6
99,FMA2CFull,1000,top_mgr,1.0
99,FMA2CFull,1050,J01,-101.8
99,FMA2CFull,1050,top_mgr,4.0
100,FMA2CFull,50,J01,-153.4
100,FMA2CFull,50,top_mgr,5.0
100,FMA2CFull,100,J01,-264.8
100,FMA2CFull,100,top_mgr,9.0
100,FMA2CFull,150,J01,-460.2
100,FMA2CFull,150,top_mgr,5.0
100,FMA2CFull,200,J01,-297.0
100,FMA2CFull,200,top_mgr,9.0
100,FMA2CFull,250,J01,-485.2
100,FMA2CFull,250,top_mgr,3.0
100,FMA2CFull,300,J01,-407.4
100,FMA2CFull,300,top_mgr,3.0
100,FMA2CFull,350,J01,-259.4
100,FMA2CFull,350,top_mgr,5.0
100,FMA2CFull,400,J01,-592.6
100,FMA2CFull,400,top_mgr,2.0
100,FMA2CFull,450,J01,-461.6
100,FMA2CFull,450,top_mgr,0.0
100,FMA2CFull,500,J01,-578.0
100,FMA2CFull,500,top_mgr,2.0
100,FMA2CFull,550,J01,-443.8
100,FMA2CFull,550,top_mgr,0.0
100,FMA2CFull,600,J01,-397.8
100,FMA2CFull,600,top_mgr,2.0
100,FMA2CFull,650,J01,-662.8
100,FMA2CFull,650,top_mgr,1.0
100,FMA2CFull,700,J01,-160.0
100,FMA2CFull,700,top_mgr,5.0
100,FMA2CFull,750,J01,-334.4
100,FMA2CFull,750,top_mgr,5.0
100,FMA2CFull,800,J01,-134.4
100,FMA2CFull,800,top_mgr,2.0
100,FMA2CFull,850,J01,-145.2
100,FMA2CFull,850,top_mgr,4.0
100,FMA2CFull,900,J01,-51.6
100,FMA2CFull,900,top_mgr,3.0
100,FMA2CFull,950,J01,-138.6
100,FMA2CFull,950,top_mgr,3.0
100,FMA2CFull,1000,J01,-82.4
100,FMA2CFull,1000,top_mgr,2.0
100,FMA2CFull,1050,J01,-136.6
100,FMA2CFull,1050,top_mgr,2.0
