5.0, {'cluster_2226036755_3627218951_6048884455_6048884458_#1more': np.float32(0.0)}, {'cluster_2226036755_3627218951_6048884455_6048884458_#1more': 0}, {'cluster_2226036755_3627218951_6048884455_6048884458_#1more': 0}, 
10.0, {'cluster_2226036755_3627218951_6048884455_6048884458_#1more': np.float32(0.0)}, {'cluster_2226036755_3627218951_6048884455_6048884458_#1more': 0}, {'cluster_2226036755_3627218951_6048884455_6048884458_#1more': 0}, 
15.0, {'cluster_2226036755_3627218951_6048884455_6048884458_#1more': np.float32(0.0)}, {'cluster_2226036755_3627218951_6048884455_6048884458_#1more': 0}, {'cluster_2226036755_3627218951_6048884455_6048884458_#1more': 0}, 
20.0, {'cluster_2226036755_3627218951_6048884455_6048884458_#1more': np.float32(0.0)}, {'cluster_2226036755_3627218951_6048884455_6048884458_#1more': 0}, {'cluster_2226036755_3627218951_6048884455_6048884458_#1more': 0}, 
25.0, {'cluster_2226036755_3627218951_6048884455_6048884458_#1more': np.float32(-0.004464286)}, {'cluster_2226036755_3627218951_6048884455_6048884458_#1more': 1}, {'cluster_2226036755_3627218951_6048884455_6048884458_#1more': 1}, 
30.0, {'cluster_2226036755_3627218951_6048884455_6048884458_#1more': np.float32(0.0)}, {'cluster_2226036755_3627218951_6048884455_6048884458_#1more': 0}, {'cluster_2226036755_3627218951_6048884455_6048884458_#1more': 0}, 
35.0, {'cluster_2226036755_3627218951_6048884455_6048884458_#1more': np.float32(0.0)}, {'cluster_2226036755_3627218951_6048884455_6048884458_#1more': 0}, {'cluster_2226036755_3627218951_6048884455_6048884458_#1more': 0}, 
40.0, {'cluster_2226036755_3627218951_6048884455_6048884458_#1more': np.float32(-0.002232143)}, {'cluster_2226036755_3627218951_6048884455_6048884458_#1more': 1}, {'cluster_2226036755_3627218951_6048884455_6048884458_#1more': 1}, 
45.0, {'cluster_2226036755_3627218951_6048884455_6048884458_#1more': np.float32(-0.04910714)}, {'cluster_2226036755_3627218951_6048884455_6048884458_#1more': 2}, {'cluster_2226036755_3627218951_6048884455_6048884458_#1more': 2}, 
50.0, {'cluster_2226036755_3627218951_6048884455_6048884458_#1more': np.float32(-0.04910714)}, {'cluster_2226036755_3627218951_6048884455_6048884458_#1more': 1}, {'cluster_2226036755_3627218951_6048884455_6048884458_#1more': 2}, 
55.0, {'cluster_2226036755_3627218951_6048884455_6048884458_#1more': np.float32(-0.008928572)}, {'cluster_2226036755_3627218951_6048884455_6048884458_#1more': 1}, {'cluster_2226036755_3627218951_6048884455_6048884458_#1more': 1}, 
60.0, {'cluster_2226036755_3627218951_6048884455_6048884458_#1more': np.float32(-0.002232143)}, {'cluster_2226036755_3627218951_6048884455_6048884458_#1more': 1}, {'cluster_2226036755_3627218951_6048884455_6048884458_#1more': 1}, 
65.0, {'cluster_2226036755_3627218951_6048884455_6048884458_#1more': np.float32(-0.013392857)}, {'cluster_2226036755_3627218951_6048884455_6048884458_#1more': 1}, {'cluster_2226036755_3627218951_6048884455_6048884458_#1more': 1}, 
70.0, {'cluster_2226036755_3627218951_6048884455_6048884458_#1more': np.float32(-0.002232143)}, {'cluster_2226036755_3627218951_6048884455_6048884458_#1more': 1}, {'cluster_2226036755_3627218951_6048884455_6048884458_#1more': 1}, 
75.0, {'cluster_2226036755_3627218951_6048884455_6048884458_#1more': np.float32(0.0)}, {'cluster_2226036755_3627218951_6048884455_6048884458_#1more': 0}, {'cluster_2226036755_3627218951_6048884455_6048884458_#1more': 0}, 
80.0, {'cluster_2226036755_3627218951_6048884455_6048884458_#1more': np.float32(-0.004464286)}, {'cluster_2226036755_3627218951_6048884455_6048884458_#1more': 1}, {'cluster_2226036755_3627218951_6048884455_6048884458_#1more': 1}, 
85.0, {'cluster_2226036755_3627218951_6048884455_6048884458_#1more': np.float32(-0.004464286)}, {'cluster_2226036755_3627218951_6048884455_6048884458_#1more': 1}, {'cluster_2226036755_3627218951_6048884455_6048884458_#1more': 1}, 
90.0, {'cluster_2226036755_3627218951_6048884455_6048884458_#1more': np.float32(-0.015625)}, {'cluster_2226036755_3627218951_6048884455_6048884458_#1more': 1}, {'cluster_2226036755_3627218951_6048884455_6048884458_#1more': 1}, 
95.0, {'cluster_2226036755_3627218951_6048884455_6048884458_#1more': np.float32(-0.008928572)}, {'cluster_2226036755_3627218951_6048884455_6048884458_#1more': 1}, {'cluster_2226036755_3627218951_6048884455_6048884458_#1more': 1}, 
100.0, {'cluster_2226036755_3627218951_6048884455_6048884458_#1more': np.float32(-0.004464286)}, {'cluster_2226036755_3627218951_6048884455_6048884458_#1more': 1}, {'cluster_2226036755_3627218951_6048884455_6048884458_#1more': 1}, 
105.0, {'cluster_2226036755_3627218951_6048884455_6048884458_#1more': np.float32(-0.0066964286)}, {'cluster_2226036755_3627218951_6048884455_6048884458_#1more': 1}, {'cluster_2226036755_3627218951_6048884455_6048884458_#1more': 1}, 
110.0, {'cluster_2226036755_3627218951_6048884455_6048884458_#1more': np.float32(0.0)}, {'cluster_2226036755_3627218951_6048884455_6048884458_#1more': 0}, {'cluster_2226036755_3627218951_6048884455_6048884458_#1more': 0}, 
115.0, {'cluster_2226036755_3627218951_6048884455_6048884458_#1more': np.float32(-0.002232143)}, {'cluster_2226036755_3627218951_6048884455_6048884458_#1more': 1}, {'cluster_2226036755_3627218951_6048884455_6048884458_#1more': 1}, 
120.0, {'cluster_2226036755_3627218951_6048884455_6048884458_#1more': np.float32(-0.0066964286)}, {'cluster_2226036755_3627218951_6048884455_6048884458_#1more': 1}, {'cluster_2226036755_3627218951_6048884455_6048884458_#1more': 1}, 
125.0, {'cluster_2226036755_3627218951_6048884455_6048884458_#1more': np.float32(0.0)}, {'cluster_2226036755_3627218951_6048884455_6048884458_#1more': 0}, {'cluster_2226036755_3627218951_6048884455_6048884458_#1more': 0}, 
130.0, {'cluster_2226036755_3627218951_6048884455_6048884458_#1more': np.float32(-0.004464286)}, {'cluster_2226036755_3627218951_6048884455_6048884458_#1more': 1}, {'cluster_2226036755_3627218951_6048884455_6048884458_#1more': 1}, 
135.0, {'cluster_2226036755_3627218951_6048884455_6048884458_#1more': np.float32(-0.008928572)}, {'cluster_2226036755_3627218951_6048884455_6048884458_#1more': 1}, {'cluster_2226036755_3627218951_6048884455_6048884458_#1more': 1}, 
140.0, {'cluster_2226036755_3627218951_6048884455_6048884458_#1more': np.float32(-0.0066964286)}, {'cluster_2226036755_3627218951_6048884455_6048884458_#1more': 1}, {'cluster_2226036755_3627218951_6048884455_6048884458_#1more': 1}, 
145.0, {'cluster_2226036755_3627218951_6048884455_6048884458_#1more': np.float32(0.0)}, {'cluster_2226036755_3627218951_6048884455_6048884458_#1more': 0}, {'cluster_2226036755_3627218951_6048884455_6048884458_#1more': 0}, 
150.0, {'cluster_2226036755_3627218951_6048884455_6048884458_#1more': np.float32(-0.0066964286)}, {'cluster_2226036755_3627218951_6048884455_6048884458_#1more': 1}, {'cluster_2226036755_3627218951_6048884455_6048884458_#1more': 1}, 
155.0, {'cluster_2226036755_3627218951_6048884455_6048884458_#1more': np.float32(0.0)}, {'cluster_2226036755_3627218951_6048884455_6048884458_#1more': 0}, {'cluster_2226036755_3627218951_6048884455_6048884458_#1more': 0}, 
160.0, {'cluster_2226036755_3627218951_6048884455_6048884458_#1more': np.float32(-0.008928572)}, {'cluster_2226036755_3627218951_6048884455_6048884458_#1more': 1}, {'cluster_2226036755_3627218951_6048884455_6048884458_#1more': 1}, 
165.0, {'cluster_2226036755_3627218951_6048884455_6048884458_#1more': np.float32(-0.07589286)}, {'cluster_2226036755_3627218951_6048884455_6048884458_#1more': 3}, {'cluster_2226036755_3627218951_6048884455_6048884458_#1more': 3}, 
170.0, {'cluster_2226036755_3627218951_6048884455_6048884458_#1more': np.float32(-0.118303575)}, {'cluster_2226036755_3627218951_6048884455_6048884458_#1more': 2}, {'cluster_2226036755_3627218951_6048884455_6048884458_#1more': 3}, 
175.0, {'cluster_2226036755_3627218951_6048884455_6048884458_#1more': np.float32(-0.051339287)}, {'cluster_2226036755_3627218951_6048884455_6048884458_#1more': 1}, {'cluster_2226036755_3627218951_6048884455_6048884458_#1more': 1}, 
180.0, {'cluster_2226036755_3627218951_6048884455_6048884458_#1more': np.float32(-0.002232143)}, {'cluster_2226036755_3627218951_6048884455_6048884458_#1more': 1}, {'cluster_2226036755_3627218951_6048884455_6048884458_#1more': 1}, 
185.0, {'cluster_2226036755_3627218951_6048884455_6048884458_#1more': np.float32(-0.008928572)}, {'cluster_2226036755_3627218951_6048884455_6048884458_#1more': 1}, {'cluster_2226036755_3627218951_6048884455_6048884458_#1more': 1}, 
190.0, {'cluster_2226036755_3627218951_6048884455_6048884458_#1more': np.float32(-0.004464286)}, {'cluster_2226036755_3627218951_6048884455_6048884458_#1more': 1}, {'cluster_2226036755_3627218951_6048884455_6048884458_#1more': 1}, 
195.0, {'cluster_2226036755_3627218951_6048884455_6048884458_#1more': np.float32(0.0)}, {'cluster_2226036755_3627218951_6048884455_6048884458_#1more': 0}, {'cluster_2226036755_3627218951_6048884455_6048884458_#1more': 0}, 
200.0, {'cluster_2226036755_3627218951_6048884455_6048884458_#1more': np.float32(-0.0066964286)}, {'cluster_2226036755_3627218951_6048884455_6048884458_#1more': 1}, {'cluster_2226036755_3627218951_6048884455_6048884458_#1more': 1}, 
205.0, {'cluster_2226036755_3627218951_6048884455_6048884458_#1more': np.float32(-0.09151786)}, {'cluster_2226036755_3627218951_6048884455_6048884458_#1more': 4}, {'cluster_2226036755_3627218951_6048884455_6048884458_#1more': 5}, 
210.0, {'cluster_2226036755_3627218951_6048884455_6048884458_#1more': np.float32(-0.21875)}, {'cluster_2226036755_3627218951_6048884455_6048884458_#1more': 3}, {'cluster_2226036755_3627218951_6048884455_6048884458_#1more': 4}, 
215.0, {'cluster_2226036755_3627218951_6048884455_6048884458_#1more': np.float32(-0.29910713)}, {'cluster_2226036755_3627218951_6048884455_6048884458_#1more': 2}, {'cluster_2226036755_3627218951_6048884455_6048884458_#1more': 4}, 
220.0, {'cluster_2226036755_3627218951_6048884455_6048884458_#1more': np.float32(-0.21875)}, {'cluster_2226036755_3627218951_6048884455_6048884458_#1more': 3}, {'cluster_2226036755_3627218951_6048884455_6048884458_#1more': 3}, 
225.0, {'cluster_2226036755_3627218951_6048884455_6048884458_#1more': np.float32(-0.359375)}, {'cluster_2226036755_3627218951_6048884455_6048884458_#1more': 4}, {'cluster_2226036755_3627218951_6048884455_6048884458_#1more': 4}, 
230.0, {'cluster_2226036755_3627218951_6048884455_6048884458_#1more': np.float32(-0.5379464)}, {'cluster_2226036755_3627218951_6048884455_6048884458_#1more': 4}, {'cluster_2226036755_3627218951_6048884455_6048884458_#1more': 4}, 
235.0, {'cluster_2226036755_3627218951_6048884455_6048884458_#1more': np.float32(-0.43973213)}, {'cluster_2226036755_3627218951_6048884455_6048884458_#1more': 3}, {'cluster_2226036755_3627218951_6048884455_6048884458_#1more': 4}, 
240.0, {'cluster_2226036755_3627218951_6048884455_6048884458_#1more': np.float32(-0.058035713)}, {'cluster_2226036755_3627218951_6048884455_6048884458_#1more': 3}, {'cluster_2226036755_3627218951_6048884455_6048884458_#1more': 3}, 
245.0, {'cluster_2226036755_3627218951_6048884455_6048884458_#1more': np.float32(-0.100446425)}, {'cluster_2226036755_3627218951_6048884455_6048884458_#1more': 2}, {'cluster_2226036755_3627218951_6048884455_6048884458_#1more': 2}, 
250.0, {'cluster_2226036755_3627218951_6048884455_6048884458_#1more': np.float32(-0.004464286)}, {'cluster_2226036755_3627218951_6048884455_6048884458_#1more': 1}, {'cluster_2226036755_3627218951_6048884455_6048884458_#1more': 1}, 
255.0, {'cluster_2226036755_3627218951_6048884455_6048884458_#1more': np.float32(-0.04910714)}, {'cluster_2226036755_3627218951_6048884455_6048884458_#1more': 1}, {'cluster_2226036755_3627218951_6048884455_6048884458_#1more': 1}, 
260.0, {'cluster_2226036755_3627218951_6048884455_6048884458_#1more': np.float32(-0.09598214)}, {'cluster_2226036755_3627218951_6048884455_6048884458_#1more': 1}, {'cluster_2226036755_3627218951_6048884455_6048884458_#1more': 2}, 
265.0, {'cluster_2226036755_3627218951_6048884455_6048884458_#1more': np.float32(0.0)}, {'cluster_2226036755_3627218951_6048884455_6048884458_#1more': 0}, {'cluster_2226036755_3627218951_6048884455_6048884458_#1more': 0}, 
270.0, {'cluster_2226036755_3627218951_6048884455_6048884458_#1more': np.float32(0.0)}, {'cluster_2226036755_3627218951_6048884455_6048884458_#1more': 0}, {'cluster_2226036755_3627218951_6048884455_6048884458_#1more': 0}, 
275.0, {'cluster_2226036755_3627218951_6048884455_6048884458_#1more': np.float32(0.0)}, {'cluster_2226036755_3627218951_6048884455_6048884458_#1more': 0}, {'cluster_2226036755_3627218951_6048884455_6048884458_#1more': 0}, 
280.0, {'cluster_2226036755_3627218951_6048884455_6048884458_#1more': np.float32(0.0)}, {'cluster_2226036755_3627218951_6048884455_6048884458_#1more': 0}, {'cluster_2226036755_3627218951_6048884455_6048884458_#1more': 0}, 
285.0, {'cluster_2226036755_3627218951_6048884455_6048884458_#1more': np.float32(-0.017857144)}, {'cluster_2226036755_3627218951_6048884455_6048884458_#1more': 1}, {'cluster_2226036755_3627218951_6048884455_6048884458_#1more': 2}, 
290.0, {'cluster_2226036755_3627218951_6048884455_6048884458_#1more': np.float32(-0.06026786)}, {'cluster_2226036755_3627218951_6048884455_6048884458_#1more': 1}, {'cluster_2226036755_3627218951_6048884455_6048884458_#1more': 1}, 
295.0, {'cluster_2226036755_3627218951_6048884455_6048884458_#1more': np.float32(-0.011160715)}, {'cluster_2226036755_3627218951_6048884455_6048884458_#1more': 1}, {'cluster_2226036755_3627218951_6048884455_6048884458_#1more': 1}, 
300.0, {'cluster_2226036755_3627218951_6048884455_6048884458_#1more': np.float32(-0.008928572)}, {'cluster_2226036755_3627218951_6048884455_6048884458_#1more': 1}, {'cluster_2226036755_3627218951_6048884455_6048884458_#1more': 1}, 
305.0, {'cluster_2226036755_3627218951_6048884455_6048884458_#1more': np.float32(-0.004464286)}, {'cluster_2226036755_3627218951_6048884455_6048884458_#1more': 1}, {'cluster_2226036755_3627218951_6048884455_6048884458_#1more': 1}, 
310.0, {'cluster_2226036755_3627218951_6048884455_6048884458_#1more': np.float32(-0.004464286)}, {'cluster_2226036755_3627218951_6048884455_6048884458_#1more': 1}, {'cluster_2226036755_3627218951_6048884455_6048884458_#1more': 1}, 
315.0, {'cluster_2226036755_3627218951_6048884455_6048884458_#1more': np.float32(-0.008928572)}, {'cluster_2226036755_3627218951_6048884455_6048884458_#1more': 1}, {'cluster_2226036755_3627218951_6048884455_6048884458_#1more': 1}, 
320.0, {'cluster_2226036755_3627218951_6048884455_6048884458_#1more': np.float32(0.0)}, {'cluster_2226036755_3627218951_6048884455_6048884458_#1more': 0}, {'cluster_2226036755_3627218951_6048884455_6048884458_#1more': 0}, 
325.0, {'cluster_2226036755_3627218951_6048884455_6048884458_#1more': np.float32(-0.011160715)}, {'cluster_2226036755_3627218951_6048884455_6048884458_#1more': 1}, {'cluster_2226036755_3627218951_6048884455_6048884458_#1more': 1}, 
330.0, {'cluster_2226036755_3627218951_6048884455_6048884458_#1more': np.float32(-0.08035714)}, {'cluster_2226036755_3627218951_6048884455_6048884458_#1more': 3}, {'cluster_2226036755_3627218951_6048884455_6048884458_#1more': 3}, 
335.0, {'cluster_2226036755_3627218951_6048884455_6048884458_#1more': np.float32(-0.11383928)}, {'cluster_2226036755_3627218951_6048884455_6048884458_#1more': 2}, {'cluster_2226036755_3627218951_6048884455_6048884458_#1more': 2}, 
340.0, {'cluster_2226036755_3627218951_6048884455_6048884458_#1more': np.float32(-0.008928572)}, {'cluster_2226036755_3627218951_6048884455_6048884458_#1more': 1}, {'cluster_2226036755_3627218951_6048884455_6048884458_#1more': 1}, 
345.0, {'cluster_2226036755_3627218951_6048884455_6048884458_#1more': np.float32(-0.004464286)}, {'cluster_2226036755_3627218951_6048884455_6048884458_#1more': 1}, {'cluster_2226036755_3627218951_6048884455_6048884458_#1more': 1}, 
350.0, {'cluster_2226036755_3627218951_6048884455_6048884458_#1more': np.float32(0.0)}, {'cluster_2226036755_3627218951_6048884455_6048884458_#1more': 0}, {'cluster_2226036755_3627218951_6048884455_6048884458_#1more': 0}, 
355.0, {'cluster_2226036755_3627218951_6048884455_6048884458_#1more': np.float32(-0.004464286)}, {'cluster_2226036755_3627218951_6048884455_6048884458_#1more': 1}, {'cluster_2226036755_3627218951_6048884455_6048884458_#1more': 1}, 
360.0, {'cluster_2226036755_3627218951_6048884455_6048884458_#1more': np.float32(-0.013392857)}, {'cluster_2226036755_3627218951_6048884455_6048884458_#1more': 1}, {'cluster_2226036755_3627218951_6048884455_6048884458_#1more': 1}, 
365.0, {'cluster_2226036755_3627218951_6048884455_6048884458_#1more': np.float32(-0.0066964286)}, {'cluster_2226036755_3627218951_6048884455_6048884458_#1more': 1}, {'cluster_2226036755_3627218951_6048884455_6048884458_#1more': 1}, 
370.0, {'cluster_2226036755_3627218951_6048884455_6048884458_#1more': np.float32(-0.06473214)}, {'cluster_2226036755_3627218951_6048884455_6048884458_#1more': 2}, {'cluster_2226036755_3627218951_6048884455_6048884458_#1more': 2}, 
375.0, {'cluster_2226036755_3627218951_6048884455_6048884458_#1more': np.float32(-0.19419643)}, {'cluster_2226036755_3627218951_6048884455_6048884458_#1more': 4}, {'cluster_2226036755_3627218951_6048884455_6048884458_#1more': 5}, 
380.0, {'cluster_2226036755_3627218951_6048884455_6048884458_#1more': np.float32(-0.2767857)}, {'cluster_2226036755_3627218951_6048884455_6048884458_#1more': 3}, {'cluster_2226036755_3627218951_6048884455_6048884458_#1more': 4}, 
385.0, {'cluster_2226036755_3627218951_6048884455_6048884458_#1more': np.float32(-0.3080357)}, {'cluster_2226036755_3627218951_6048884455_6048884458_#1more': 2}, {'cluster_2226036755_3627218951_6048884455_6048884458_#1more': 3}, 
390.0, {'cluster_2226036755_3627218951_6048884455_6048884458_#1more': np.float32(-0.3125)}, {'cluster_2226036755_3627218951_6048884455_6048884458_#1more': 3}, {'cluster_2226036755_3627218951_6048884455_6048884458_#1more': 3}, 
395.0, {'cluster_2226036755_3627218951_6048884455_6048884458_#1more': np.float32(-0.25)}, {'cluster_2226036755_3627218951_6048884455_6048884458_#1more': 2}, {'cluster_2226036755_3627218951_6048884455_6048884458_#1more': 3}, 
400.0, {'cluster_2226036755_3627218951_6048884455_6048884458_#1more': np.float32(-0.06696428)}, {'cluster_2226036755_3627218951_6048884455_6048884458_#1more': 3}, {'cluster_2226036755_3627218951_6048884455_6048884458_#1more': 3}, 
405.0, {'cluster_2226036755_3627218951_6048884455_6048884458_#1more': np.float32(-0.11160714)}, {'cluster_2226036755_3627218951_6048884455_6048884458_#1more': 2}, {'cluster_2226036755_3627218951_6048884455_6048884458_#1more': 3}, 
410.0, {'cluster_2226036755_3627218951_6048884455_6048884458_#1more': np.float32(-0.09375)}, {'cluster_2226036755_3627218951_6048884455_6048884458_#1more': 1}, {'cluster_2226036755_3627218951_6048884455_6048884458_#1more': 1}, 
415.0, {'cluster_2226036755_3627218951_6048884455_6048884458_#1more': np.float32(-0.004464286)}, {'cluster_2226036755_3627218951_6048884455_6048884458_#1more': 1}, {'cluster_2226036755_3627218951_6048884455_6048884458_#1more': 1}, 
420.0, {'cluster_2226036755_3627218951_6048884455_6048884458_#1more': np.float32(-0.06696428)}, {'cluster_2226036755_3627218951_6048884455_6048884458_#1more': 3}, {'cluster_2226036755_3627218951_6048884455_6048884458_#1more': 3}, 
425.0, {'cluster_2226036755_3627218951_6048884455_6048884458_#1more': np.float32(-0.125)}, {'cluster_2226036755_3627218951_6048884455_6048884458_#1more': 2}, {'cluster_2226036755_3627218951_6048884455_6048884458_#1more': 3}, 
430.0, {'cluster_2226036755_3627218951_6048884455_6048884458_#1more': np.float32(-0.087053575)}, {'cluster_2226036755_3627218951_6048884455_6048884458_#1more': 3}, {'cluster_2226036755_3627218951_6048884455_6048884458_#1more': 3}, 
435.0, {'cluster_2226036755_3627218951_6048884455_6048884458_#1more': np.float32(-0.12053572)}, {'cluster_2226036755_3627218951_6048884455_6048884458_#1more': 2}, {'cluster_2226036755_3627218951_6048884455_6048884458_#1more': 3}, 
440.0, {'cluster_2226036755_3627218951_6048884455_6048884458_#1more': np.float32(-0.16517857)}, {'cluster_2226036755_3627218951_6048884455_6048884458_#1more': 3}, {'cluster_2226036755_3627218951_6048884455_6048884458_#1more': 4}, 
445.0, {'cluster_2226036755_3627218951_6048884455_6048884458_#1more': np.float32(-0.22098215)}, {'cluster_2226036755_3627218951_6048884455_6048884458_#1more': 4}, {'cluster_2226036755_3627218951_6048884455_6048884458_#1more': 4}, 
450.0, {'cluster_2226036755_3627218951_6048884455_6048884458_#1more': np.float32(-0.2700893)}, {'cluster_2226036755_3627218951_6048884455_6048884458_#1more': 3}, {'cluster_2226036755_3627218951_6048884455_6048884458_#1more': 4}, 
455.0, {'cluster_2226036755_3627218951_6048884455_6048884458_#1more': np.float32(-0.084821425)}, {'cluster_2226036755_3627218951_6048884455_6048884458_#1more': 4}, {'cluster_2226036755_3627218951_6048884455_6048884458_#1more': 4}, 
460.0, {'cluster_2226036755_3627218951_6048884455_6048884458_#1more': np.float32(-0.16964285)}, {'cluster_2226036755_3627218951_6048884455_6048884458_#1more': 3}, {'cluster_2226036755_3627218951_6048884455_6048884458_#1more': 4}, 
465.0, {'cluster_2226036755_3627218951_6048884455_6048884458_#1more': np.float32(-0.18973215)}, {'cluster_2226036755_3627218951_6048884455_6048884458_#1more': 2}, {'cluster_2226036755_3627218951_6048884455_6048884458_#1more': 2}, 
470.0, {'cluster_2226036755_3627218951_6048884455_6048884458_#1more': np.float32(-0.011160715)}, {'cluster_2226036755_3627218951_6048884455_6048884458_#1more': 1}, {'cluster_2226036755_3627218951_6048884455_6048884458_#1more': 1}, 
475.0, {'cluster_2226036755_3627218951_6048884455_6048884458_#1more': np.float32(-0.011160715)}, {'cluster_2226036755_3627218951_6048884455_6048884458_#1more': 1}, {'cluster_2226036755_3627218951_6048884455_6048884458_#1more': 1}, 
480.0, {'cluster_2226036755_3627218951_6048884455_6048884458_#1more': np.float32(-0.05580357)}, {'cluster_2226036755_3627218951_6048884455_6048884458_#1more': 1}, {'cluster_2226036755_3627218951_6048884455_6048884458_#1more': 1}, 
485.0, {'cluster_2226036755_3627218951_6048884455_6048884458_#1more': np.float32(-0.004464286)}, {'cluster_2226036755_3627218951_6048884455_6048884458_#1more': 1}, {'cluster_2226036755_3627218951_6048884455_6048884458_#1more': 1}, 
490.0, {'cluster_2226036755_3627218951_6048884455_6048884458_#1more': np.float32(-0.008928572)}, {'cluster_2226036755_3627218951_6048884455_6048884458_#1more': 1}, {'cluster_2226036755_3627218951_6048884455_6048884458_#1more': 1}, 
495.0, {'cluster_2226036755_3627218951_6048884455_6048884458_#1more': np.float32(-0.084821425)}, {'cluster_2226036755_3627218951_6048884455_6048884458_#1more': 3}, {'cluster_2226036755_3627218951_6048884455_6048884458_#1more': 4}, 
500.0, {'cluster_2226036755_3627218951_6048884455_6048884458_#1more': np.float32(-0.19419643)}, {'cluster_2226036755_3627218951_6048884455_6048884458_#1more': 4}, {'cluster_2226036755_3627218951_6048884455_6048884458_#1more': 6}, 
505.0, {'cluster_2226036755_3627218951_6048884455_6048884458_#1more': np.float32(-0.25669643)}, {'cluster_2226036755_3627218951_6048884455_6048884458_#1more': 3}, {'cluster_2226036755_3627218951_6048884455_6048884458_#1more': 4}, 
510.0, {'cluster_2226036755_3627218951_6048884455_6048884458_#1more': np.float32(-0.18973215)}, {'cluster_2226036755_3627218951_6048884455_6048884458_#1more': 2}, {'cluster_2226036755_3627218951_6048884455_6048884458_#1more': 2}, 
515.0, {'cluster_2226036755_3627218951_6048884455_6048884458_#1more': np.float32(-0.0066964286)}, {'cluster_2226036755_3627218951_6048884455_6048884458_#1more': 1}, {'cluster_2226036755_3627218951_6048884455_6048884458_#1more': 1}, 
520.0, {'cluster_2226036755_3627218951_6048884455_6048884458_#1more': np.float32(-0.011160715)}, {'cluster_2226036755_3627218951_6048884455_6048884458_#1more': 1}, {'cluster_2226036755_3627218951_6048884455_6048884458_#1more': 1}, 
525.0, {'cluster_2226036755_3627218951_6048884455_6048884458_#1more': np.float32(0.0)}, {'cluster_2226036755_3627218951_6048884455_6048884458_#1more': 0}, {'cluster_2226036755_3627218951_6048884455_6048884458_#1more': 0}, 
530.0, {'cluster_2226036755_3627218951_6048884455_6048884458_#1more': np.float32(-0.011160715)}, {'cluster_2226036755_3627218951_6048884455_6048884458_#1more': 1}, {'cluster_2226036755_3627218951_6048884455_6048884458_#1more': 1}, 
535.0, {'cluster_2226036755_3627218951_6048884455_6048884458_#1more': np.float32(-0.004464286)}, {'cluster_2226036755_3627218951_6048884455_6048884458_#1more': 1}, {'cluster_2226036755_3627218951_6048884455_6048884458_#1more': 1}, 
540.0, {'cluster_2226036755_3627218951_6048884455_6048884458_#1more': np.float32(-0.0066964286)}, {'cluster_2226036755_3627218951_6048884455_6048884458_#1more': 1}, {'cluster_2226036755_3627218951_6048884455_6048884458_#1more': 1}, 
545.0, {'cluster_2226036755_3627218951_6048884455_6048884458_#1more': np.float32(0.0)}, {'cluster_2226036755_3627218951_6048884455_6048884458_#1more': 0}, {'cluster_2226036755_3627218951_6048884455_6048884458_#1more': 0}, 
550.0, {'cluster_2226036755_3627218951_6048884455_6048884458_#1more': np.float32(-0.011160715)}, {'cluster_2226036755_3627218951_6048884455_6048884458_#1more': 1}, {'cluster_2226036755_3627218951_6048884455_6048884458_#1more': 1}, 
555.0, {'cluster_2226036755_3627218951_6048884455_6048884458_#1more': np.float32(0.0)}, {'cluster_2226036755_3627218951_6048884455_6048884458_#1more': 0}, {'cluster_2226036755_3627218951_6048884455_6048884458_#1more': 0}, 
560.0, {'cluster_2226036755_3627218951_6048884455_6048884458_#1more': np.float32(-0.011160715)}, {'cluster_2226036755_3627218951_6048884455_6048884458_#1more': 1}, {'cluster_2226036755_3627218951_6048884455_6048884458_#1more': 1}, 
565.0, {'cluster_2226036755_3627218951_6048884455_6048884458_#1more': np.float32(-0.013392857)}, {'cluster_2226036755_3627218951_6048884455_6048884458_#1more': 1}, {'cluster_2226036755_3627218951_6048884455_6048884458_#1more': 1}, 
570.0, {'cluster_2226036755_3627218951_6048884455_6048884458_#1more': np.float32(-0.09598214)}, {'cluster_2226036755_3627218951_6048884455_6048884458_#1more': 4}, {'cluster_2226036755_3627218951_6048884455_6048884458_#1more': 5}, 
575.0, {'cluster_2226036755_3627218951_6048884455_6048884458_#1more': np.float32(-0.15178572)}, {'cluster_2226036755_3627218951_6048884455_6048884458_#1more': 2}, {'cluster_2226036755_3627218951_6048884455_6048884458_#1more': 3}, 
580.0, {'cluster_2226036755_3627218951_6048884455_6048884458_#1more': np.float32(-0.102678575)}, {'cluster_2226036755_3627218951_6048884455_6048884458_#1more': 2}, {'cluster_2226036755_3627218951_6048884455_6048884458_#1more': 2}, 
585.0, {'cluster_2226036755_3627218951_6048884455_6048884458_#1more': np.float32(-0.058035713)}, {'cluster_2226036755_3627218951_6048884455_6048884458_#1more': 1}, {'cluster_2226036755_3627218951_6048884455_6048884458_#1more': 2}, 
590.0, {'cluster_2226036755_3627218951_6048884455_6048884458_#1more': np.float32(-0.0066964286)}, {'cluster_2226036755_3627218951_6048884455_6048884458_#1more': 1}, {'cluster_2226036755_3627218951_6048884455_6048884458_#1more': 1}, 
595.0, {'cluster_2226036755_3627218951_6048884455_6048884458_#1more': np.float32(-0.0066964286)}, {'cluster_2226036755_3627218951_6048884455_6048884458_#1more': 1}, {'cluster_2226036755_3627218951_6048884455_6048884458_#1more': 1}, 
600.0, {'cluster_2226036755_3627218951_6048884455_6048884458_#1more': np.float32(-0.08035714)}, {'cluster_2226036755_3627218951_6048884455_6048884458_#1more': 3}, {'cluster_2226036755_3627218951_6048884455_6048884458_#1more': 4}, 
605.0, {'cluster_2226036755_3627218951_6048884455_6048884458_#1more': np.float32(-0.102678575)}, {'cluster_2226036755_3627218951_6048884455_6048884458_#1more': 1}, {'cluster_2226036755_3627218951_6048884455_6048884458_#1more': 2}, 
610.0, {'cluster_2226036755_3627218951_6048884455_6048884458_#1more': np.float32(-0.09598214)}, {'cluster_2226036755_3627218951_6048884455_6048884458_#1more': 1}, {'cluster_2226036755_3627218951_6048884455_6048884458_#1more': 1}, 
615.0, {'cluster_2226036755_3627218951_6048884455_6048884458_#1more': np.float32(-0.18080357)}, {'cluster_2226036755_3627218951_6048884455_6048884458_#1more': 4}, {'cluster_2226036755_3627218951_6048884455_6048884458_#1more': 5}, 
620.0, {'cluster_2226036755_3627218951_6048884455_6048884458_#1more': np.float32(-0.24330357)}, {'cluster_2226036755_3627218951_6048884455_6048884458_#1more': 3}, {'cluster_2226036755_3627218951_6048884455_6048884458_#1more': 6}, 
625.0, {'cluster_2226036755_3627218951_6048884455_6048884458_#1more': np.float32(-0.24330357)}, {'cluster_2226036755_3627218951_6048884455_6048884458_#1more': 2}, {'cluster_2226036755_3627218951_6048884455_6048884458_#1more': 3}, 
630.0, {'cluster_2226036755_3627218951_6048884455_6048884458_#1more': np.float32(-0.23214285)}, {'cluster_2226036755_3627218951_6048884455_6048884458_#1more': 1}, {'cluster_2226036755_3627218951_6048884455_6048884458_#1more': 2}, 
635.0, {'cluster_2226036755_3627218951_6048884455_6048884458_#1more': np.float32(-0.0066964286)}, {'cluster_2226036755_3627218951_6048884455_6048884458_#1more': 1}, {'cluster_2226036755_3627218951_6048884455_6048884458_#1more': 1}, 
640.0, {'cluster_2226036755_3627218951_6048884455_6048884458_#1more': np.float32(-0.008928572)}, {'cluster_2226036755_3627218951_6048884455_6048884458_#1more': 1}, {'cluster_2226036755_3627218951_6048884455_6048884458_#1more': 1}, 
645.0, {'cluster_2226036755_3627218951_6048884455_6048884458_#1more': np.float32(-0.008928572)}, {'cluster_2226036755_3627218951_6048884455_6048884458_#1more': 1}, {'cluster_2226036755_3627218951_6048884455_6048884458_#1more': 1}, 
650.0, {'cluster_2226036755_3627218951_6048884455_6048884458_#1more': np.float32(-0.011160715)}, {'cluster_2226036755_3627218951_6048884455_6048884458_#1more': 1}, {'cluster_2226036755_3627218951_6048884455_6048884458_#1more': 1}, 
655.0, {'cluster_2226036755_3627218951_6048884455_6048884458_#1more': np.float32(-0.011160715)}, {'cluster_2226036755_3627218951_6048884455_6048884458_#1more': 1}, {'cluster_2226036755_3627218951_6048884455_6048884458_#1more': 1}, 
660.0, {'cluster_2226036755_3627218951_6048884455_6048884458_#1more': np.float32(0.0)}, {'cluster_2226036755_3627218951_6048884455_6048884458_#1more': 0}, {'cluster_2226036755_3627218951_6048884455_6048884458_#1more': 0}, 
665.0, {'cluster_2226036755_3627218951_6048884455_6048884458_#1more': np.float32(-0.008928572)}, {'cluster_2226036755_3627218951_6048884455_6048884458_#1more': 1}, {'cluster_2226036755_3627218951_6048884455_6048884458_#1more': 1}, 
670.0, {'cluster_2226036755_3627218951_6048884455_6048884458_#1more': np.float32(-0.011160715)}, {'cluster_2226036755_3627218951_6048884455_6048884458_#1more': 1}, {'cluster_2226036755_3627218951_6048884455_6048884458_#1more': 1}, 
675.0, {'cluster_2226036755_3627218951_6048884455_6048884458_#1more': np.float32(-0.07589286)}, {'cluster_2226036755_3627218951_6048884455_6048884458_#1more': 2}, {'cluster_2226036755_3627218951_6048884455_6048884458_#1more': 3}, 
680.0, {'cluster_2226036755_3627218951_6048884455_6048884458_#1more': np.float32(-0.13616072)}, {'cluster_2226036755_3627218951_6048884455_6048884458_#1more': 4}, {'cluster_2226036755_3627218951_6048884455_6048884458_#1more': 5}, 
685.0, {'cluster_2226036755_3627218951_6048884455_6048884458_#1more': np.float32(-0.16964285)}, {'cluster_2226036755_3627218951_6048884455_6048884458_#1more': 3}, {'cluster_2226036755_3627218951_6048884455_6048884458_#1more': 4}, 
690.0, {'cluster_2226036755_3627218951_6048884455_6048884458_#1more': np.float32(-0.069196425)}, {'cluster_2226036755_3627218951_6048884455_6048884458_#1more': 3}, {'cluster_2226036755_3627218951_6048884455_6048884458_#1more': 3}, 
695.0, {'cluster_2226036755_3627218951_6048884455_6048884458_#1more': np.float32(-0.06026786)}, {'cluster_2226036755_3627218951_6048884455_6048884458_#1more': 1}, {'cluster_2226036755_3627218951_6048884455_6048884458_#1more': 2}, 
700.0, {'cluster_2226036755_3627218951_6048884455_6048884458_#1more': np.float32(-0.087053575)}, {'cluster_2226036755_3627218951_6048884455_6048884458_#1more': 4}, {'cluster_2226036755_3627218951_6048884455_6048884458_#1more': 4}, 
705.0, {'cluster_2226036755_3627218951_6048884455_6048884458_#1more': np.float32(-0.100446425)}, {'cluster_2226036755_3627218951_6048884455_6048884458_#1more': 2}, {'cluster_2226036755_3627218951_6048884455_6048884458_#1more': 2}, 
710.0, {'cluster_2226036755_3627218951_6048884455_6048884458_#1more': np.float32(-0.18973215)}, {'cluster_2226036755_3627218951_6048884455_6048884458_#1more': 2}, {'cluster_2226036755_3627218951_6048884455_6048884458_#1more': 2}, 
715.0, {'cluster_2226036755_3627218951_6048884455_6048884458_#1more': np.float32(-0.13616072)}, {'cluster_2226036755_3627218951_6048884455_6048884458_#1more': 1}, {'cluster_2226036755_3627218951_6048884455_6048884458_#1more': 1}, 
720.0, {'cluster_2226036755_3627218951_6048884455_6048884458_#1more': np.float32(0.0)}, {'cluster_2226036755_3627218951_6048884455_6048884458_#1more': 0}, {'cluster_2226036755_3627218951_6048884455_6048884458_#1more': 0}, 
725.0, {'cluster_2226036755_3627218951_6048884455_6048884458_#1more': np.float32(-0.004464286)}, {'cluster_2226036755_3627218951_6048884455_6048884458_#1more': 1}, {'cluster_2226036755_3627218951_6048884455_6048884458_#1more': 1}, 
730.0, {'cluster_2226036755_3627218951_6048884455_6048884458_#1more': np.float32(0.0)}, {'cluster_2226036755_3627218951_6048884455_6048884458_#1more': 0}, {'cluster_2226036755_3627218951_6048884455_6048884458_#1more': 0}, 
735.0, {'cluster_2226036755_3627218951_6048884455_6048884458_#1more': np.float32(-0.0066964286)}, {'cluster_2226036755_3627218951_6048884455_6048884458_#1more': 1}, {'cluster_2226036755_3627218951_6048884455_6048884458_#1more': 1}, 
740.0, {'cluster_2226036755_3627218951_6048884455_6048884458_#1more': np.float32(-0.008928572)}, {'cluster_2226036755_3627218951_6048884455_6048884458_#1more': 1}, {'cluster_2226036755_3627218951_6048884455_6048884458_#1more': 1}, 
745.0, {'cluster_2226036755_3627218951_6048884455_6048884458_#1more': np.float32(-0.008928572)}, {'cluster_2226036755_3627218951_6048884455_6048884458_#1more': 1}, {'cluster_2226036755_3627218951_6048884455_6048884458_#1more': 1}, 
750.0, {'cluster_2226036755_3627218951_6048884455_6048884458_#1more': np.float32(-0.08928572)}, {'cluster_2226036755_3627218951_6048884455_6048884458_#1more': 4}, {'cluster_2226036755_3627218951_6048884455_6048884458_#1more': 5}, 
755.0, {'cluster_2226036755_3627218951_6048884455_6048884458_#1more': np.float32(-0.2611607)}, {'cluster_2226036755_3627218951_6048884455_6048884458_#1more': 4}, {'cluster_2226036755_3627218951_6048884455_6048884458_#1more': 4}, 
760.0, {'cluster_2226036755_3627218951_6048884455_6048884458_#1more': np.float32(-0.30580357)}, {'cluster_2226036755_3627218951_6048884455_6048884458_#1more': 3}, {'cluster_2226036755_3627218951_6048884455_6048884458_#1more': 4}, 
765.0, {'cluster_2226036755_3627218951_6048884455_6048884458_#1more': np.float32(-0.08035714)}, {'cluster_2226036755_3627218951_6048884455_6048884458_#1more': 3}, {'cluster_2226036755_3627218951_6048884455_6048884458_#1more': 3}, 
770.0, {'cluster_2226036755_3627218951_6048884455_6048884458_#1more': np.float32(-0.12946428)}, {'cluster_2226036755_3627218951_6048884455_6048884458_#1more': 2}, {'cluster_2226036755_3627218951_6048884455_6048884458_#1more': 3}, 
775.0, {'cluster_2226036755_3627218951_6048884455_6048884458_#1more': np.float32(-0.09821428)}, {'cluster_2226036755_3627218951_6048884455_6048884458_#1more': 1}, {'cluster_2226036755_3627218951_6048884455_6048884458_#1more': 1}, 
780.0, {'cluster_2226036755_3627218951_6048884455_6048884458_#1more': np.float32(-0.004464286)}, {'cluster_2226036755_3627218951_6048884455_6048884458_#1more': 1}, {'cluster_2226036755_3627218951_6048884455_6048884458_#1more': 1}, 
785.0, {'cluster_2226036755_3627218951_6048884455_6048884458_#1more': np.float32(-0.0066964286)}, {'cluster_2226036755_3627218951_6048884455_6048884458_#1more': 1}, {'cluster_2226036755_3627218951_6048884455_6048884458_#1more': 1}, 
790.0, {'cluster_2226036755_3627218951_6048884455_6048884458_#1more': np.float32(-0.0066964286)}, {'cluster_2226036755_3627218951_6048884455_6048884458_#1more': 1}, {'cluster_2226036755_3627218951_6048884455_6048884458_#1more': 1}, 
795.0, {'cluster_2226036755_3627218951_6048884455_6048884458_#1more': np.float32(0.0)}, {'cluster_2226036755_3627218951_6048884455_6048884458_#1more': 0}, {'cluster_2226036755_3627218951_6048884455_6048884458_#1more': 0}, 
800.0, {'cluster_2226036755_3627218951_6048884455_6048884458_#1more': np.float32(-0.0066964286)}, {'cluster_2226036755_3627218951_6048884455_6048884458_#1more': 1}, {'cluster_2226036755_3627218951_6048884455_6048884458_#1more': 1}, 
805.0, {'cluster_2226036755_3627218951_6048884455_6048884458_#1more': np.float32(-0.069196425)}, {'cluster_2226036755_3627218951_6048884455_6048884458_#1more': 3}, {'cluster_2226036755_3627218951_6048884455_6048884458_#1more': 3}, 
810.0, {'cluster_2226036755_3627218951_6048884455_6048884458_#1more': np.float32(-0.109375)}, {'cluster_2226036755_3627218951_6048884455_6048884458_#1more': 2}, {'cluster_2226036755_3627218951_6048884455_6048884458_#1more': 3}, 
815.0, {'cluster_2226036755_3627218951_6048884455_6048884458_#1more': np.float32(-0.046875)}, {'cluster_2226036755_3627218951_6048884455_6048884458_#1more': 1}, {'cluster_2226036755_3627218951_6048884455_6048884458_#1more': 1}, 
820.0, {'cluster_2226036755_3627218951_6048884455_6048884458_#1more': np.float32(-0.013392857)}, {'cluster_2226036755_3627218951_6048884455_6048884458_#1more': 1}, {'cluster_2226036755_3627218951_6048884455_6048884458_#1more': 1}, 
825.0, {'cluster_2226036755_3627218951_6048884455_6048884458_#1more': np.float32(-0.09598214)}, {'cluster_2226036755_3627218951_6048884455_6048884458_#1more': 4}, {'cluster_2226036755_3627218951_6048884455_6048884458_#1more': 5}, 
830.0, {'cluster_2226036755_3627218951_6048884455_6048884458_#1more': np.float32(-0.3236607)}, {'cluster_2226036755_3627218951_6048884455_6048884458_#1more': 4}, {'cluster_2226036755_3627218951_6048884455_6048884458_#1more': 6}, 
835.0, {'cluster_2226036755_3627218951_6048884455_6048884458_#1more': np.float32(-0.35267857)}, {'cluster_2226036755_3627218951_6048884455_6048884458_#1more': 3}, {'cluster_2226036755_3627218951_6048884455_6048884458_#1more': 4}, 
840.0, {'cluster_2226036755_3627218951_6048884455_6048884458_#1more': np.float32(-0.390625)}, {'cluster_2226036755_3627218951_6048884455_6048884458_#1more': 3}, {'cluster_2226036755_3627218951_6048884455_6048884458_#1more': 5}, 
845.0, {'cluster_2226036755_3627218951_6048884455_6048884458_#1more': np.float32(-0.2857143)}, {'cluster_2226036755_3627218951_6048884455_6048884458_#1more': 2}, {'cluster_2226036755_3627218951_6048884455_6048884458_#1more': 3}, 
850.0, {'cluster_2226036755_3627218951_6048884455_6048884458_#1more': np.float32(-0.09151786)}, {'cluster_2226036755_3627218951_6048884455_6048884458_#1more': 1}, {'cluster_2226036755_3627218951_6048884455_6048884458_#1more': 1}, 
855.0, {'cluster_2226036755_3627218951_6048884455_6048884458_#1more': np.float32(-0.0066964286)}, {'cluster_2226036755_3627218951_6048884455_6048884458_#1more': 1}, {'cluster_2226036755_3627218951_6048884455_6048884458_#1more': 1}, 
860.0, {'cluster_2226036755_3627218951_6048884455_6048884458_#1more': np.float32(-0.008928572)}, {'cluster_2226036755_3627218951_6048884455_6048884458_#1more': 1}, {'cluster_2226036755_3627218951_6048884455_6048884458_#1more': 1}, 
865.0, {'cluster_2226036755_3627218951_6048884455_6048884458_#1more': np.float32(-0.0066964286)}, {'cluster_2226036755_3627218951_6048884455_6048884458_#1more': 1}, {'cluster_2226036755_3627218951_6048884455_6048884458_#1more': 1}, 
870.0, {'cluster_2226036755_3627218951_6048884455_6048884458_#1more': np.float32(-0.0066964286)}, {'cluster_2226036755_3627218951_6048884455_6048884458_#1more': 1}, {'cluster_2226036755_3627218951_6048884455_6048884458_#1more': 1}, 
875.0, {'cluster_2226036755_3627218951_6048884455_6048884458_#1more': np.float32(-0.0066964286)}, {'cluster_2226036755_3627218951_6048884455_6048884458_#1more': 1}, {'cluster_2226036755_3627218951_6048884455_6048884458_#1more': 1}, 
880.0, {'cluster_2226036755_3627218951_6048884455_6048884458_#1more': np.float32(0.0)}, {'cluster_2226036755_3627218951_6048884455_6048884458_#1more': 0}, {'cluster_2226036755_3627218951_6048884455_6048884458_#1more': 0}, 
885.0, {'cluster_2226036755_3627218951_6048884455_6048884458_#1more': np.float32(-0.004464286)}, {'cluster_2226036755_3627218951_6048884455_6048884458_#1more': 1}, {'cluster_2226036755_3627218951_6048884455_6048884458_#1more': 1}, 
890.0, {'cluster_2226036755_3627218951_6048884455_6048884458_#1more': np.float32(-0.069196425)}, {'cluster_2226036755_3627218951_6048884455_6048884458_#1more': 3}, {'cluster_2226036755_3627218951_6048884455_6048884458_#1more': 3}, 
895.0, {'cluster_2226036755_3627218951_6048884455_6048884458_#1more': np.float32(-0.22321428)}, {'cluster_2226036755_3627218951_6048884455_6048884458_#1more': 4}, {'cluster_2226036755_3627218951_6048884455_6048884458_#1more': 4}, 
900.0, {'cluster_2226036755_3627218951_6048884455_6048884458_#1more': np.float32(-0.16071428)}, {'cluster_2226036755_3627218951_6048884455_6048884458_#1more': 2}, {'cluster_2226036755_3627218951_6048884455_6048884458_#1more': 2}, 
905.0, {'cluster_2226036755_3627218951_6048884455_6048884458_#1more': np.float32(-0.011160715)}, {'cluster_2226036755_3627218951_6048884455_6048884458_#1more': 1}, {'cluster_2226036755_3627218951_6048884455_6048884458_#1more': 1}, 
910.0, {'cluster_2226036755_3627218951_6048884455_6048884458_#1more': np.float32(-0.004464286)}, {'cluster_2226036755_3627218951_6048884455_6048884458_#1more': 1}, {'cluster_2226036755_3627218951_6048884455_6048884458_#1more': 1}, 
915.0, {'cluster_2226036755_3627218951_6048884455_6048884458_#1more': np.float32(-0.07366072)}, {'cluster_2226036755_3627218951_6048884455_6048884458_#1more': 3}, {'cluster_2226036755_3627218951_6048884455_6048884458_#1more': 4}, 
920.0, {'cluster_2226036755_3627218951_6048884455_6048884458_#1more': np.float32(-0.21875)}, {'cluster_2226036755_3627218951_6048884455_6048884458_#1more': 4}, {'cluster_2226036755_3627218951_6048884455_6048884458_#1more': 4}, 
925.0, {'cluster_2226036755_3627218951_6048884455_6048884458_#1more': np.float32(-0.25892857)}, {'cluster_2226036755_3627218951_6048884455_6048884458_#1more': 3}, {'cluster_2226036755_3627218951_6048884455_6048884458_#1more': 3}, 
930.0, {'cluster_2226036755_3627218951_6048884455_6048884458_#1more': np.float32(-0.265625)}, {'cluster_2226036755_3627218951_6048884455_6048884458_#1more': 2}, {'cluster_2226036755_3627218951_6048884455_6048884458_#1more': 3}, 
935.0, {'cluster_2226036755_3627218951_6048884455_6048884458_#1more': np.float32(-0.09598214)}, {'cluster_2226036755_3627218951_6048884455_6048884458_#1more': 3}, {'cluster_2226036755_3627218951_6048884455_6048884458_#1more': 3}, 
940.0, {'cluster_2226036755_3627218951_6048884455_6048884458_#1more': np.float32(-0.12723215)}, {'cluster_2226036755_3627218951_6048884455_6048884458_#1more': 2}, {'cluster_2226036755_3627218951_6048884455_6048884458_#1more': 3}, 
945.0, {'cluster_2226036755_3627218951_6048884455_6048884458_#1more': np.float32(-0.09821428)}, {'cluster_2226036755_3627218951_6048884455_6048884458_#1more': 1}, {'cluster_2226036755_3627218951_6048884455_6048884458_#1more': 1}, 
950.0, {'cluster_2226036755_3627218951_6048884455_6048884458_#1more': np.float32(-0.008928572)}, {'cluster_2226036755_3627218951_6048884455_6048884458_#1more': 1}, {'cluster_2226036755_3627218951_6048884455_6048884458_#1more': 1}, 
955.0, {'cluster_2226036755_3627218951_6048884455_6048884458_#1more': np.float32(-0.008928572)}, {'cluster_2226036755_3627218951_6048884455_6048884458_#1more': 1}, {'cluster_2226036755_3627218951_6048884455_6048884458_#1more': 1}, 
960.0, {'cluster_2226036755_3627218951_6048884455_6048884458_#1more': np.float32(-0.0066964286)}, {'cluster_2226036755_3627218951_6048884455_6048884458_#1more': 1}, {'cluster_2226036755_3627218951_6048884455_6048884458_#1more': 1}, 
965.0, {'cluster_2226036755_3627218951_6048884455_6048884458_#1more': np.float32(0.0)}, {'cluster_2226036755_3627218951_6048884455_6048884458_#1more': 0}, {'cluster_2226036755_3627218951_6048884455_6048884458_#1more': 0}, 
970.0, {'cluster_2226036755_3627218951_6048884455_6048884458_#1more': np.float32(-0.008928572)}, {'cluster_2226036755_3627218951_6048884455_6048884458_#1more': 1}, {'cluster_2226036755_3627218951_6048884455_6048884458_#1more': 1}, 
975.0, {'cluster_2226036755_3627218951_6048884455_6048884458_#1more': np.float32(-0.0066964286)}, {'cluster_2226036755_3627218951_6048884455_6048884458_#1more': 1}, {'cluster_2226036755_3627218951_6048884455_6048884458_#1more': 1}, 
980.0, {'cluster_2226036755_3627218951_6048884455_6048884458_#1more': np.float32(0.0)}, {'cluster_2226036755_3627218951_6048884455_6048884458_#1more': 0}, {'cluster_2226036755_3627218951_6048884455_6048884458_#1more': 0}, 
985.0, {'cluster_2226036755_3627218951_6048884455_6048884458_#1more': np.float32(-0.008928572)}, {'cluster_2226036755_3627218951_6048884455_6048884458_#1more': 1}, {'cluster_2226036755_3627218951_6048884455_6048884458_#1more': 1}, 
990.0, {'cluster_2226036755_3627218951_6048884455_6048884458_#1more': np.float32(-0.05357143)}, {'cluster_2226036755_3627218951_6048884455_6048884458_#1more': 1}, {'cluster_2226036755_3627218951_6048884455_6048884458_#1more': 1}, 
995.0, {'cluster_2226036755_3627218951_6048884455_6048884458_#1more': np.float32(-0.09821428)}, {'cluster_2226036755_3627218951_6048884455_6048884458_#1more': 1}, {'cluster_2226036755_3627218951_6048884455_6048884458_#1more': 1}, 
1000.0, {'cluster_2226036755_3627218951_6048884455_6048884458_#1more': np.float32(-0.18080357)}, {'cluster_2226036755_3627218951_6048884455_6048884458_#1more': 3}, {'cluster_2226036755_3627218951_6048884455_6048884458_#1more': 4}, 
1005.0, {'cluster_2226036755_3627218951_6048884455_6048884458_#1more': np.float32(-0.12053572)}, {'cluster_2226036755_3627218951_6048884455_6048884458_#1more': 2}, {'cluster_2226036755_3627218951_6048884455_6048884458_#1more': 2}, 
1010.0, {'cluster_2226036755_3627218951_6048884455_6048884458_#1more': np.float32(-0.11160714)}, {'cluster_2226036755_3627218951_6048884455_6048884458_#1more': 1}, {'cluster_2226036755_3627218951_6048884455_6048884458_#1more': 2}, 
1015.0, {'cluster_2226036755_3627218951_6048884455_6048884458_#1more': np.float32(-0.008928572)}, {'cluster_2226036755_3627218951_6048884455_6048884458_#1more': 1}, {'cluster_2226036755_3627218951_6048884455_6048884458_#1more': 1}, 
1020.0, {'cluster_2226036755_3627218951_6048884455_6048884458_#1more': np.float32(-0.013392857)}, {'cluster_2226036755_3627218951_6048884455_6048884458_#1more': 1}, {'cluster_2226036755_3627218951_6048884455_6048884458_#1more': 1}, 
1025.0, {'cluster_2226036755_3627218951_6048884455_6048884458_#1more': np.float32(-0.0066964286)}, {'cluster_2226036755_3627218951_6048884455_6048884458_#1more': 1}, {'cluster_2226036755_3627218951_6048884455_6048884458_#1more': 1}, 
1030.0, {'cluster_2226036755_3627218951_6048884455_6048884458_#1more': np.float32(-0.08035714)}, {'cluster_2226036755_3627218951_6048884455_6048884458_#1more': 3}, {'cluster_2226036755_3627218951_6048884455_6048884458_#1more': 4}, 
1035.0, {'cluster_2226036755_3627218951_6048884455_6048884458_#1more': np.float32(-0.18526785)}, {'cluster_2226036755_3627218951_6048884455_6048884458_#1more': 3}, {'cluster_2226036755_3627218951_6048884455_6048884458_#1more': 5}, 
1040.0, {'cluster_2226036755_3627218951_6048884455_6048884458_#1more': np.float32(-0.20758928)}, {'cluster_2226036755_3627218951_6048884455_6048884458_#1more': 2}, {'cluster_2226036755_3627218951_6048884455_6048884458_#1more': 3}, 
1045.0, {'cluster_2226036755_3627218951_6048884455_6048884458_#1more': np.float32(-0.2611607)}, {'cluster_2226036755_3627218951_6048884455_6048884458_#1more': 3}, {'cluster_2226036755_3627218951_6048884455_6048884458_#1more': 4}, 
1050.0, {'cluster_2226036755_3627218951_6048884455_6048884458_#1more': np.float32(-0.28125)}, {'cluster_2226036755_3627218951_6048884455_6048884458_#1more': 3}, {'cluster_2226036755_3627218951_6048884455_6048884458_#1more': 5}, 
1055.0, {'cluster_2226036755_3627218951_6048884455_6048884458_#1more': np.float32(-0.21205357)}, {'cluster_2226036755_3627218951_6048884455_6048884458_#1more': 2}, {'cluster_2226036755_3627218951_6048884455_6048884458_#1more': 3}, 
1060.0, {'cluster_2226036755_3627218951_6048884455_6048884458_#1more': np.float32(-0.25669643)}, {'cluster_2226036755_3627218951_6048884455_6048884458_#1more': 2}, {'cluster_2226036755_3627218951_6048884455_6048884458_#1more': 3}, 
1065.0, {'cluster_2226036755_3627218951_6048884455_6048884458_#1more': np.float32(-0.0625)}, {'cluster_2226036755_3627218951_6048884455_6048884458_#1more': 1}, {'cluster_2226036755_3627218951_6048884455_6048884458_#1more': 1}, 
1070.0, {'cluster_2226036755_3627218951_6048884455_6048884458_#1more': np.float32(-0.011160715)}, {'cluster_2226036755_3627218951_6048884455_6048884458_#1more': 1}, {'cluster_2226036755_3627218951_6048884455_6048884458_#1more': 1}, 
1075.0, {'cluster_2226036755_3627218951_6048884455_6048884458_#1more': np.float32(-0.008928572)}, {'cluster_2226036755_3627218951_6048884455_6048884458_#1more': 1}, {'cluster_2226036755_3627218951_6048884455_6048884458_#1more': 1}, 
1080.0, {'cluster_2226036755_3627218951_6048884455_6048884458_#1more': np.float32(-0.004464286)}, {'cluster_2226036755_3627218951_6048884455_6048884458_#1more': 1}, {'cluster_2226036755_3627218951_6048884455_6048884458_#1more': 1}, 
1085.0, {'cluster_2226036755_3627218951_6048884455_6048884458_#1more': np.float32(0.0)}, {'cluster_2226036755_3627218951_6048884455_6048884458_#1more': 0}, {'cluster_2226036755_3627218951_6048884455_6048884458_#1more': 0}, 
1090.0, {'cluster_2226036755_3627218951_6048884455_6048884458_#1more': np.float32(0.0)}, {'cluster_2226036755_3627218951_6048884455_6048884458_#1more': 0}, {'cluster_2226036755_3627218951_6048884455_6048884458_#1more': 0}, 
1095.0, {'cluster_2226036755_3627218951_6048884455_6048884458_#1more': np.float32(0.0)}, {'cluster_2226036755_3627218951_6048884455_6048884458_#1more': 0}, {'cluster_2226036755_3627218951_6048884455_6048884458_#1more': 0}, 
1100.0, {'cluster_2226036755_3627218951_6048884455_6048884458_#1more': np.float32(0.0)}, {'cluster_2226036755_3627218951_6048884455_6048884458_#1more': 0}, {'cluster_2226036755_3627218951_6048884455_6048884458_#1more': 0}, 
1105.0, {'cluster_2226036755_3627218951_6048884455_6048884458_#1more': np.float32(0.0)}, {'cluster_2226036755_3627218951_6048884455_6048884458_#1more': 0}, {'cluster_2226036755_3627218951_6048884455_6048884458_#1more': 0}, 
1110.0, {'cluster_2226036755_3627218951_6048884455_6048884458_#1more': np.float32(-0.017857144)}, {'cluster_2226036755_3627218951_6048884455_6048884458_#1more': 1}, {'cluster_2226036755_3627218951_6048884455_6048884458_#1more': 1}, 
1115.0, {'cluster_2226036755_3627218951_6048884455_6048884458_#1more': np.float32(-0.002232143)}, {'cluster_2226036755_3627218951_6048884455_6048884458_#1more': 1}, {'cluster_2226036755_3627218951_6048884455_6048884458_#1more': 1}, 
1120.0, {'cluster_2226036755_3627218951_6048884455_6048884458_#1more': np.float32(-0.013392857)}, {'cluster_2226036755_3627218951_6048884455_6048884458_#1more': 1}, {'cluster_2226036755_3627218951_6048884455_6048884458_#1more': 1}, 
1125.0, {'cluster_2226036755_3627218951_6048884455_6048884458_#1more': np.float32(-0.08258928)}, {'cluster_2226036755_3627218951_6048884455_6048884458_#1more': 3}, {'cluster_2226036755_3627218951_6048884455_6048884458_#1more': 4}, 
1130.0, {'cluster_2226036755_3627218951_6048884455_6048884458_#1more': np.float32(-0.12053572)}, {'cluster_2226036755_3627218951_6048884455_6048884458_#1more': 3}, {'cluster_2226036755_3627218951_6048884455_6048884458_#1more': 4}, 
1135.0, {'cluster_2226036755_3627218951_6048884455_6048884458_#1more': np.float32(-0.203125)}, {'cluster_2226036755_3627218951_6048884455_6048884458_#1more': 2}, {'cluster_2226036755_3627218951_6048884455_6048884458_#1more': 3}, 
1140.0, {'cluster_2226036755_3627218951_6048884455_6048884458_#1more': np.float32(-0.09598214)}, {'cluster_2226036755_3627218951_6048884455_6048884458_#1more': 1}, {'cluster_2226036755_3627218951_6048884455_6048884458_#1more': 1}, 
1145.0, {'cluster_2226036755_3627218951_6048884455_6048884458_#1more': np.float32(-0.17633928)}, {'cluster_2226036755_3627218951_6048884455_6048884458_#1more': 3}, {'cluster_2226036755_3627218951_6048884455_6048884458_#1more': 4}, 
1150.0, {'cluster_2226036755_3627218951_6048884455_6048884458_#1more': np.float32(-0.20089285)}, {'cluster_2226036755_3627218951_6048884455_6048884458_#1more': 4}, {'cluster_2226036755_3627218951_6048884455_6048884458_#1more': 6}, 
1155.0, {'cluster_2226036755_3627218951_6048884455_6048884458_#1more': np.float32(-0.20089285)}, {'cluster_2226036755_3627218951_6048884455_6048884458_#1more': 2}, {'cluster_2226036755_3627218951_6048884455_6048884458_#1more': 3}, 
1160.0, {'cluster_2226036755_3627218951_6048884455_6048884458_#1more': np.float32(-0.19196428)}, {'cluster_2226036755_3627218951_6048884455_6048884458_#1more': 2}, {'cluster_2226036755_3627218951_6048884455_6048884458_#1more': 2}, 
1165.0, {'cluster_2226036755_3627218951_6048884455_6048884458_#1more': np.float32(-0.140625)}, {'cluster_2226036755_3627218951_6048884455_6048884458_#1more': 1}, {'cluster_2226036755_3627218951_6048884455_6048884458_#1more': 2}, 
1170.0, {'cluster_2226036755_3627218951_6048884455_6048884458_#1more': np.float32(-0.008928572)}, {'cluster_2226036755_3627218951_6048884455_6048884458_#1more': 1}, {'cluster_2226036755_3627218951_6048884455_6048884458_#1more': 1}, 
1175.0, {'cluster_2226036755_3627218951_6048884455_6048884458_#1more': np.float32(-0.004464286)}, {'cluster_2226036755_3627218951_6048884455_6048884458_#1more': 1}, {'cluster_2226036755_3627218951_6048884455_6048884458_#1more': 1}, 
1180.0, {'cluster_2226036755_3627218951_6048884455_6048884458_#1more': np.float32(-0.008928572)}, {'cluster_2226036755_3627218951_6048884455_6048884458_#1more': 1}, {'cluster_2226036755_3627218951_6048884455_6048884458_#1more': 1}, 
1185.0, {'cluster_2226036755_3627218951_6048884455_6048884458_#1more': np.float32(-0.0066964286)}, {'cluster_2226036755_3627218951_6048884455_6048884458_#1more': 1}, {'cluster_2226036755_3627218951_6048884455_6048884458_#1more': 1}, 
1190.0, {'cluster_2226036755_3627218951_6048884455_6048884458_#1more': np.float32(-0.07589286)}, {'cluster_2226036755_3627218951_6048884455_6048884458_#1more': 3}, {'cluster_2226036755_3627218951_6048884455_6048884458_#1more': 3}, 
1195.0, {'cluster_2226036755_3627218951_6048884455_6048884458_#1more': np.float32(-0.11383928)}, {'cluster_2226036755_3627218951_6048884455_6048884458_#1more': 2}, {'cluster_2226036755_3627218951_6048884455_6048884458_#1more': 2}, 
1200.0, {'cluster_2226036755_3627218951_6048884455_6048884458_#1more': np.float32(-0.015625)}, {'cluster_2226036755_3627218951_6048884455_6048884458_#1more': 1}, {'cluster_2226036755_3627218951_6048884455_6048884458_#1more': 1}, 
1205.0, {'cluster_2226036755_3627218951_6048884455_6048884458_#1more': np.float32(-0.013392857)}, {'cluster_2226036755_3627218951_6048884455_6048884458_#1more': 1}, {'cluster_2226036755_3627218951_6048884455_6048884458_#1more': 1}, 
1210.0, {'cluster_2226036755_3627218951_6048884455_6048884458_#1more': np.float32(-0.008928572)}, {'cluster_2226036755_3627218951_6048884455_6048884458_#1more': 1}, {'cluster_2226036755_3627218951_6048884455_6048884458_#1more': 1}, 
1215.0, {'cluster_2226036755_3627218951_6048884455_6048884458_#1more': np.float32(-0.004464286)}, {'cluster_2226036755_3627218951_6048884455_6048884458_#1more': 1}, {'cluster_2226036755_3627218951_6048884455_6048884458_#1more': 1}, 
1220.0, {'cluster_2226036755_3627218951_6048884455_6048884458_#1more': np.float32(-0.0066964286)}, {'cluster_2226036755_3627218951_6048884455_6048884458_#1more': 1}, {'cluster_2226036755_3627218951_6048884455_6048884458_#1more': 1}, 
1225.0, {'cluster_2226036755_3627218951_6048884455_6048884458_#1more': np.float32(-0.008928572)}, {'cluster_2226036755_3627218951_6048884455_6048884458_#1more': 1}, {'cluster_2226036755_3627218951_6048884455_6048884458_#1more': 1}, 
1230.0, {'cluster_2226036755_3627218951_6048884455_6048884458_#1more': np.float32(-0.008928572)}, {'cluster_2226036755_3627218951_6048884455_6048884458_#1more': 1}, {'cluster_2226036755_3627218951_6048884455_6048884458_#1more': 1}, 
1235.0, {'cluster_2226036755_3627218951_6048884455_6048884458_#1more': np.float32(-0.0066964286)}, {'cluster_2226036755_3627218951_6048884455_6048884458_#1more': 1}, {'cluster_2226036755_3627218951_6048884455_6048884458_#1more': 1}, 
1240.0, {'cluster_2226036755_3627218951_6048884455_6048884458_#1more': np.float32(0.0)}, {'cluster_2226036755_3627218951_6048884455_6048884458_#1more': 0}, {'cluster_2226036755_3627218951_6048884455_6048884458_#1more': 0}, 
1245.0, {'cluster_2226036755_3627218951_6048884455_6048884458_#1more': np.float32(-0.004464286)}, {'cluster_2226036755_3627218951_6048884455_6048884458_#1more': 1}, {'cluster_2226036755_3627218951_6048884455_6048884458_#1more': 1}, 
1250.0, {'cluster_2226036755_3627218951_6048884455_6048884458_#1more': np.float32(-0.0066964286)}, {'cluster_2226036755_3627218951_6048884455_6048884458_#1more': 1}, {'cluster_2226036755_3627218951_6048884455_6048884458_#1more': 1}, 
1255.0, {'cluster_2226036755_3627218951_6048884455_6048884458_#1more': np.float32(-0.008928572)}, {'cluster_2226036755_3627218951_6048884455_6048884458_#1more': 1}, {'cluster_2226036755_3627218951_6048884455_6048884458_#1more': 1}, 
1260.0, {'cluster_2226036755_3627218951_6048884455_6048884458_#1more': np.float32(0.0)}, {'cluster_2226036755_3627218951_6048884455_6048884458_#1more': 0}, {'cluster_2226036755_3627218951_6048884455_6048884458_#1more': 0}, 
1265.0, {'cluster_2226036755_3627218951_6048884455_6048884458_#1more': np.float32(-0.004464286)}, {'cluster_2226036755_3627218951_6048884455_6048884458_#1more': 1}, {'cluster_2226036755_3627218951_6048884455_6048884458_#1more': 1}, 
1270.0, {'cluster_2226036755_3627218951_6048884455_6048884458_#1more': np.float32(0.0)}, {'cluster_2226036755_3627218951_6048884455_6048884458_#1more': 0}, {'cluster_2226036755_3627218951_6048884455_6048884458_#1more': 0}, 
1275.0, {'cluster_2226036755_3627218951_6048884455_6048884458_#1more': np.float32(-0.008928572)}, {'cluster_2226036755_3627218951_6048884455_6048884458_#1more': 1}, {'cluster_2226036755_3627218951_6048884455_6048884458_#1more': 1}, 
1280.0, {'cluster_2226036755_3627218951_6048884455_6048884458_#1more': np.float32(0.0)}, {'cluster_2226036755_3627218951_6048884455_6048884458_#1more': 0}, {'cluster_2226036755_3627218951_6048884455_6048884458_#1more': 0}, 
1285.0, {'cluster_2226036755_3627218951_6048884455_6048884458_#1more': np.float32(-0.008928572)}, {'cluster_2226036755_3627218951_6048884455_6048884458_#1more': 1}, {'cluster_2226036755_3627218951_6048884455_6048884458_#1more': 1}, 
1290.0, {'cluster_2226036755_3627218951_6048884455_6048884458_#1more': np.float32(0.0)}, {'cluster_2226036755_3627218951_6048884455_6048884458_#1more': 0}, {'cluster_2226036755_3627218951_6048884455_6048884458_#1more': 0}, 
1295.0, {'cluster_2226036755_3627218951_6048884455_6048884458_#1more': np.float32(-0.017857144)}, {'cluster_2226036755_3627218951_6048884455_6048884458_#1more': 1}, {'cluster_2226036755_3627218951_6048884455_6048884458_#1more': 1}, 
1300.0, {'cluster_2226036755_3627218951_6048884455_6048884458_#1more': np.float32(-0.004464286)}, {'cluster_2226036755_3627218951_6048884455_6048884458_#1more': 1}, {'cluster_2226036755_3627218951_6048884455_6048884458_#1more': 1}, 
1305.0, {'cluster_2226036755_3627218951_6048884455_6048884458_#1more': np.float32(-0.07589286)}, {'cluster_2226036755_3627218951_6048884455_6048884458_#1more': 3}, {'cluster_2226036755_3627218951_6048884455_6048884458_#1more': 4}, 
1310.0, {'cluster_2226036755_3627218951_6048884455_6048884458_#1more': np.float32(-0.27455357)}, {'cluster_2226036755_3627218951_6048884455_6048884458_#1more': 4}, {'cluster_2226036755_3627218951_6048884455_6048884458_#1more': 5}, 
1315.0, {'cluster_2226036755_3627218951_6048884455_6048884458_#1more': np.float32(-0.359375)}, {'cluster_2226036755_3627218951_6048884455_6048884458_#1more': 3}, {'cluster_2226036755_3627218951_6048884455_6048884458_#1more': 4}, 
1320.0, {'cluster_2226036755_3627218951_6048884455_6048884458_#1more': np.float32(-0.14508928)}, {'cluster_2226036755_3627218951_6048884455_6048884458_#1more': 2}, {'cluster_2226036755_3627218951_6048884455_6048884458_#1more': 2}, 
1325.0, {'cluster_2226036755_3627218951_6048884455_6048884458_#1more': np.float32(-0.05357143)}, {'cluster_2226036755_3627218951_6048884455_6048884458_#1more': 1}, {'cluster_2226036755_3627218951_6048884455_6048884458_#1more': 2}, 
1330.0, {'cluster_2226036755_3627218951_6048884455_6048884458_#1more': np.float32(-0.008928572)}, {'cluster_2226036755_3627218951_6048884455_6048884458_#1more': 1}, {'cluster_2226036755_3627218951_6048884455_6048884458_#1more': 1}, 
1335.0, {'cluster_2226036755_3627218951_6048884455_6048884458_#1more': np.float32(-0.0066964286)}, {'cluster_2226036755_3627218951_6048884455_6048884458_#1more': 1}, {'cluster_2226036755_3627218951_6048884455_6048884458_#1more': 1}, 
1340.0, {'cluster_2226036755_3627218951_6048884455_6048884458_#1more': np.float32(-0.008928572)}, {'cluster_2226036755_3627218951_6048884455_6048884458_#1more': 1}, {'cluster_2226036755_3627218951_6048884455_6048884458_#1more': 1}, 
1345.0, {'cluster_2226036755_3627218951_6048884455_6048884458_#1more': np.float32(0.0)}, {'cluster_2226036755_3627218951_6048884455_6048884458_#1more': 0}, {'cluster_2226036755_3627218951_6048884455_6048884458_#1more': 0}, 
1350.0, {'cluster_2226036755_3627218951_6048884455_6048884458_#1more': np.float32(-0.02232143)}, {'cluster_2226036755_3627218951_6048884455_6048884458_#1more': 1}, {'cluster_2226036755_3627218951_6048884455_6048884458_#1more': 1}, 
1355.0, {'cluster_2226036755_3627218951_6048884455_6048884458_#1more': np.float32(-0.013392857)}, {'cluster_2226036755_3627218951_6048884455_6048884458_#1more': 1}, {'cluster_2226036755_3627218951_6048884455_6048884458_#1more': 1}, 
1360.0, {'cluster_2226036755_3627218951_6048884455_6048884458_#1more': np.float32(0.0)}, {'cluster_2226036755_3627218951_6048884455_6048884458_#1more': 0}, {'cluster_2226036755_3627218951_6048884455_6048884458_#1more': 0}, 
1365.0, {'cluster_2226036755_3627218951_6048884455_6048884458_#1more': np.float32(-0.008928572)}, {'cluster_2226036755_3627218951_6048884455_6048884458_#1more': 1}, {'cluster_2226036755_3627218951_6048884455_6048884458_#1more': 1}, 
1370.0, {'cluster_2226036755_3627218951_6048884455_6048884458_#1more': np.float32(-0.0066964286)}, {'cluster_2226036755_3627218951_6048884455_6048884458_#1more': 1}, {'cluster_2226036755_3627218951_6048884455_6048884458_#1more': 1}, 
1375.0, {'cluster_2226036755_3627218951_6048884455_6048884458_#1more': np.float32(0.0)}, {'cluster_2226036755_3627218951_6048884455_6048884458_#1more': 0}, {'cluster_2226036755_3627218951_6048884455_6048884458_#1more': 0}, 
1380.0, {'cluster_2226036755_3627218951_6048884455_6048884458_#1more': np.float32(0.0)}, {'cluster_2226036755_3627218951_6048884455_6048884458_#1more': 0}, {'cluster_2226036755_3627218951_6048884455_6048884458_#1more': 0}, 
1385.0, {'cluster_2226036755_3627218951_6048884455_6048884458_#1more': np.float32(0.0)}, {'cluster_2226036755_3627218951_6048884455_6048884458_#1more': 0}, {'cluster_2226036755_3627218951_6048884455_6048884458_#1more': 0}, 
1390.0, {'cluster_2226036755_3627218951_6048884455_6048884458_#1more': np.float32(-0.013392857)}, {'cluster_2226036755_3627218951_6048884455_6048884458_#1more': 1}, {'cluster_2226036755_3627218951_6048884455_6048884458_#1more': 1}, 
1395.0, {'cluster_2226036755_3627218951_6048884455_6048884458_#1more': np.float32(0.0)}, {'cluster_2226036755_3627218951_6048884455_6048884458_#1more': 0}, {'cluster_2226036755_3627218951_6048884455_6048884458_#1more': 0}, 
1400.0, {'cluster_2226036755_3627218951_6048884455_6048884458_#1more': np.float32(-0.002232143)}, {'cluster_2226036755_3627218951_6048884455_6048884458_#1more': 1}, {'cluster_2226036755_3627218951_6048884455_6048884458_#1more': 1}, 
1405.0, {'cluster_2226036755_3627218951_6048884455_6048884458_#1more': np.float32(0.0)}, {'cluster_2226036755_3627218951_6048884455_6048884458_#1more': 0}, {'cluster_2226036755_3627218951_6048884455_6048884458_#1more': 0}, 
1410.0, {'cluster_2226036755_3627218951_6048884455_6048884458_#1more': np.float32(-0.020089285)}, {'cluster_2226036755_3627218951_6048884455_6048884458_#1more': 1}, {'cluster_2226036755_3627218951_6048884455_6048884458_#1more': 1}, 
1415.0, {'cluster_2226036755_3627218951_6048884455_6048884458_#1more': np.float32(0.0)}, {'cluster_2226036755_3627218951_6048884455_6048884458_#1more': 0}, {'cluster_2226036755_3627218951_6048884455_6048884458_#1more': 0}, 
1420.0, {'cluster_2226036755_3627218951_6048884455_6048884458_#1more': np.float32(0.0)}, {'cluster_2226036755_3627218951_6048884455_6048884458_#1more': 0}, {'cluster_2226036755_3627218951_6048884455_6048884458_#1more': 0}, 
1425.0, {'cluster_2226036755_3627218951_6048884455_6048884458_#1more': np.float32(-0.011160715)}, {'cluster_2226036755_3627218951_6048884455_6048884458_#1more': 1}, {'cluster_2226036755_3627218951_6048884455_6048884458_#1more': 1}, 
1430.0, {'cluster_2226036755_3627218951_6048884455_6048884458_#1more': np.float32(0.0)}, {'cluster_2226036755_3627218951_6048884455_6048884458_#1more': 0}, {'cluster_2226036755_3627218951_6048884455_6048884458_#1more': 0}, 
1435.0, {'cluster_2226036755_3627218951_6048884455_6048884458_#1more': np.float32(0.0)}, {'cluster_2226036755_3627218951_6048884455_6048884458_#1more': 0}, {'cluster_2226036755_3627218951_6048884455_6048884458_#1more': 0}, 
1440.0, {'cluster_2226036755_3627218951_6048884455_6048884458_#1more': np.float32(0.0)}, {'cluster_2226036755_3627218951_6048884455_6048884458_#1more': 0}, {'cluster_2226036755_3627218951_6048884455_6048884458_#1more': 0}, 
1445.0, {'cluster_2226036755_3627218951_6048884455_6048884458_#1more': np.float32(-0.004464286)}, {'cluster_2226036755_3627218951_6048884455_6048884458_#1more': 1}, {'cluster_2226036755_3627218951_6048884455_6048884458_#1more': 1}, 
1450.0, {'cluster_2226036755_3627218951_6048884455_6048884458_#1more': np.float32(0.0)}, {'cluster_2226036755_3627218951_6048884455_6048884458_#1more': 0}, {'cluster_2226036755_3627218951_6048884455_6048884458_#1more': 0}, 
1455.0, {'cluster_2226036755_3627218951_6048884455_6048884458_#1more': np.float32(-0.008928572)}, {'cluster_2226036755_3627218951_6048884455_6048884458_#1more': 1}, {'cluster_2226036755_3627218951_6048884455_6048884458_#1more': 1}, 
1460.0, {'cluster_2226036755_3627218951_6048884455_6048884458_#1more': np.float32(0.0)}, {'cluster_2226036755_3627218951_6048884455_6048884458_#1more': 0}, {'cluster_2226036755_3627218951_6048884455_6048884458_#1more': 0}, 
1465.0, {'cluster_2226036755_3627218951_6048884455_6048884458_#1more': np.float32(-0.008928572)}, {'cluster_2226036755_3627218951_6048884455_6048884458_#1more': 1}, {'cluster_2226036755_3627218951_6048884455_6048884458_#1more': 1}, 
1470.0, {'cluster_2226036755_3627218951_6048884455_6048884458_#1more': np.float32(-0.0066964286)}, {'cluster_2226036755_3627218951_6048884455_6048884458_#1more': 1}, {'cluster_2226036755_3627218951_6048884455_6048884458_#1more': 1}, 
1475.0, {'cluster_2226036755_3627218951_6048884455_6048884458_#1more': np.float32(-0.06696428)}, {'cluster_2226036755_3627218951_6048884455_6048884458_#1more': 2}, {'cluster_2226036755_3627218951_6048884455_6048884458_#1more': 2}, 
1480.0, {'cluster_2226036755_3627218951_6048884455_6048884458_#1more': np.float32(-0.06026786)}, {'cluster_2226036755_3627218951_6048884455_6048884458_#1more': 1}, {'cluster_2226036755_3627218951_6048884455_6048884458_#1more': 1}, 
1485.0, {'cluster_2226036755_3627218951_6048884455_6048884458_#1more': np.float32(-0.008928572)}, {'cluster_2226036755_3627218951_6048884455_6048884458_#1more': 1}, {'cluster_2226036755_3627218951_6048884455_6048884458_#1more': 1}, 
1490.0, {'cluster_2226036755_3627218951_6048884455_6048884458_#1more': np.float32(-0.0066964286)}, {'cluster_2226036755_3627218951_6048884455_6048884458_#1more': 1}, {'cluster_2226036755_3627218951_6048884455_6048884458_#1more': 1}, 
1495.0, {'cluster_2226036755_3627218951_6048884455_6048884458_#1more': np.float32(-0.008928572)}, {'cluster_2226036755_3627218951_6048884455_6048884458_#1more': 1}, {'cluster_2226036755_3627218951_6048884455_6048884458_#1more': 1}, 
1500.0, {'cluster_2226036755_3627218951_6048884455_6048884458_#1more': np.float32(-0.0066964286)}, {'cluster_2226036755_3627218951_6048884455_6048884458_#1more': 1}, {'cluster_2226036755_3627218951_6048884455_6048884458_#1more': 1}, 
1505.0, {'cluster_2226036755_3627218951_6048884455_6048884458_#1more': np.float32(0.0)}, {'cluster_2226036755_3627218951_6048884455_6048884458_#1more': 0}, {'cluster_2226036755_3627218951_6048884455_6048884458_#1more': 0}, 
1510.0, {'cluster_2226036755_3627218951_6048884455_6048884458_#1more': np.float32(-0.008928572)}, {'cluster_2226036755_3627218951_6048884455_6048884458_#1more': 1}, {'cluster_2226036755_3627218951_6048884455_6048884458_#1more': 1}, 
1515.0, {'cluster_2226036755_3627218951_6048884455_6048884458_#1more': np.float32(-0.008928572)}, {'cluster_2226036755_3627218951_6048884455_6048884458_#1more': 1}, {'cluster_2226036755_3627218951_6048884455_6048884458_#1more': 1}, 
1520.0, {'cluster_2226036755_3627218951_6048884455_6048884458_#1more': np.float32(-0.004464286)}, {'cluster_2226036755_3627218951_6048884455_6048884458_#1more': 1}, {'cluster_2226036755_3627218951_6048884455_6048884458_#1more': 1}, 
1525.0, {'cluster_2226036755_3627218951_6048884455_6048884458_#1more': np.float32(-0.06473214)}, {'cluster_2226036755_3627218951_6048884455_6048884458_#1more': 3}, {'cluster_2226036755_3627218951_6048884455_6048884458_#1more': 3}, 
1530.0, {'cluster_2226036755_3627218951_6048884455_6048884458_#1more': np.float32(-0.10491072)}, {'cluster_2226036755_3627218951_6048884455_6048884458_#1more': 2}, {'cluster_2226036755_3627218951_6048884455_6048884458_#1more': 2}, 
1535.0, {'cluster_2226036755_3627218951_6048884455_6048884458_#1more': np.float32(0.0)}, {'cluster_2226036755_3627218951_6048884455_6048884458_#1more': 0}, {'cluster_2226036755_3627218951_6048884455_6048884458_#1more': 0}, 
1540.0, {'cluster_2226036755_3627218951_6048884455_6048884458_#1more': np.float32(0.0)}, {'cluster_2226036755_3627218951_6048884455_6048884458_#1more': 0}, {'cluster_2226036755_3627218951_6048884455_6048884458_#1more': 0}, 
1545.0, {'cluster_2226036755_3627218951_6048884455_6048884458_#1more': np.float32(0.0)}, {'cluster_2226036755_3627218951_6048884455_6048884458_#1more': 0}, {'cluster_2226036755_3627218951_6048884455_6048884458_#1more': 0}, 
1550.0, {'cluster_2226036755_3627218951_6048884455_6048884458_#1more': np.float32(0.0)}, {'cluster_2226036755_3627218951_6048884455_6048884458_#1more': 0}, {'cluster_2226036755_3627218951_6048884455_6048884458_#1more': 0}, 
1555.0, {'cluster_2226036755_3627218951_6048884455_6048884458_#1more': np.float32(0.0)}, {'cluster_2226036755_3627218951_6048884455_6048884458_#1more': 0}, {'cluster_2226036755_3627218951_6048884455_6048884458_#1more': 0}, 
1560.0, {'cluster_2226036755_3627218951_6048884455_6048884458_#1more': np.float32(-0.004464286)}, {'cluster_2226036755_3627218951_6048884455_6048884458_#1more': 1}, {'cluster_2226036755_3627218951_6048884455_6048884458_#1more': 1}, 
1565.0, {'cluster_2226036755_3627218951_6048884455_6048884458_#1more': np.float32(0.0)}, {'cluster_2226036755_3627218951_6048884455_6048884458_#1more': 0}, {'cluster_2226036755_3627218951_6048884455_6048884458_#1more': 0}, 
1570.0, {'cluster_2226036755_3627218951_6048884455_6048884458_#1more': np.float32(-0.0066964286)}, {'cluster_2226036755_3627218951_6048884455_6048884458_#1more': 1}, {'cluster_2226036755_3627218951_6048884455_6048884458_#1more': 1}, 
1575.0, {'cluster_2226036755_3627218951_6048884455_6048884458_#1more': np.float32(0.0)}, {'cluster_2226036755_3627218951_6048884455_6048884458_#1more': 0}, {'cluster_2226036755_3627218951_6048884455_6048884458_#1more': 0}, 
1580.0, {'cluster_2226036755_3627218951_6048884455_6048884458_#1more': np.float32(-0.013392857)}, {'cluster_2226036755_3627218951_6048884455_6048884458_#1more': 1}, {'cluster_2226036755_3627218951_6048884455_6048884458_#1more': 1}, 
1585.0, {'cluster_2226036755_3627218951_6048884455_6048884458_#1more': np.float32(-0.011160715)}, {'cluster_2226036755_3627218951_6048884455_6048884458_#1more': 1}, {'cluster_2226036755_3627218951_6048884455_6048884458_#1more': 1}, 
1590.0, {'cluster_2226036755_3627218951_6048884455_6048884458_#1more': np.float32(0.0)}, {'cluster_2226036755_3627218951_6048884455_6048884458_#1more': 0}, {'cluster_2226036755_3627218951_6048884455_6048884458_#1more': 0}, 
1595.0, {'cluster_2226036755_3627218951_6048884455_6048884458_#1more': np.float32(-0.004464286)}, {'cluster_2226036755_3627218951_6048884455_6048884458_#1more': 1}, {'cluster_2226036755_3627218951_6048884455_6048884458_#1more': 1}, 
1600.0, {'cluster_2226036755_3627218951_6048884455_6048884458_#1more': np.float32(0.0)}, {'cluster_2226036755_3627218951_6048884455_6048884458_#1more': 0}, {'cluster_2226036755_3627218951_6048884455_6048884458_#1more': 0}, 
1605.0, {'cluster_2226036755_3627218951_6048884455_6048884458_#1more': np.float32(-0.0066964286)}, {'cluster_2226036755_3627218951_6048884455_6048884458_#1more': 1}, {'cluster_2226036755_3627218951_6048884455_6048884458_#1more': 1}, 
1610.0, {'cluster_2226036755_3627218951_6048884455_6048884458_#1more': np.float32(0.0)}, {'cluster_2226036755_3627218951_6048884455_6048884458_#1more': 0}, {'cluster_2226036755_3627218951_6048884455_6048884458_#1more': 0}, 
1615.0, {'cluster_2226036755_3627218951_6048884455_6048884458_#1more': np.float32(0.0)}, {'cluster_2226036755_3627218951_6048884455_6048884458_#1more': 0}, {'cluster_2226036755_3627218951_6048884455_6048884458_#1more': 0}, 
1620.0, {'cluster_2226036755_3627218951_6048884455_6048884458_#1more': np.float32(0.0)}, {'cluster_2226036755_3627218951_6048884455_6048884458_#1more': 0}, {'cluster_2226036755_3627218951_6048884455_6048884458_#1more': 0}, 
1625.0, {'cluster_2226036755_3627218951_6048884455_6048884458_#1more': np.float32(-0.008928572)}, {'cluster_2226036755_3627218951_6048884455_6048884458_#1more': 1}, {'cluster_2226036755_3627218951_6048884455_6048884458_#1more': 1}, 
1630.0, {'cluster_2226036755_3627218951_6048884455_6048884458_#1more': np.float32(0.0)}, {'cluster_2226036755_3627218951_6048884455_6048884458_#1more': 0}, {'cluster_2226036755_3627218951_6048884455_6048884458_#1more': 0}, 
1635.0, {'cluster_2226036755_3627218951_6048884455_6048884458_#1more': np.float32(-0.004464286)}, {'cluster_2226036755_3627218951_6048884455_6048884458_#1more': 1}, {'cluster_2226036755_3627218951_6048884455_6048884458_#1more': 1}, 
1640.0, {'cluster_2226036755_3627218951_6048884455_6048884458_#1more': np.float32(-0.008928572)}, {'cluster_2226036755_3627218951_6048884455_6048884458_#1more': 1}, {'cluster_2226036755_3627218951_6048884455_6048884458_#1more': 1}, 
1645.0, {'cluster_2226036755_3627218951_6048884455_6048884458_#1more': np.float32(-0.008928572)}, {'cluster_2226036755_3627218951_6048884455_6048884458_#1more': 1}, {'cluster_2226036755_3627218951_6048884455_6048884458_#1more': 1}, 
1650.0, {'cluster_2226036755_3627218951_6048884455_6048884458_#1more': np.float32(-0.0066964286)}, {'cluster_2226036755_3627218951_6048884455_6048884458_#1more': 1}, {'cluster_2226036755_3627218951_6048884455_6048884458_#1more': 1}, 
1655.0, {'cluster_2226036755_3627218951_6048884455_6048884458_#1more': np.float32(-0.0066964286)}, {'cluster_2226036755_3627218951_6048884455_6048884458_#1more': 1}, {'cluster_2226036755_3627218951_6048884455_6048884458_#1more': 1}, 
1660.0, {'cluster_2226036755_3627218951_6048884455_6048884458_#1more': np.float32(-0.008928572)}, {'cluster_2226036755_3627218951_6048884455_6048884458_#1more': 1}, {'cluster_2226036755_3627218951_6048884455_6048884458_#1more': 1}, 
1665.0, {'cluster_2226036755_3627218951_6048884455_6048884458_#1more': np.float32(-0.004464286)}, {'cluster_2226036755_3627218951_6048884455_6048884458_#1more': 1}, {'cluster_2226036755_3627218951_6048884455_6048884458_#1more': 1}, 
1670.0, {'cluster_2226036755_3627218951_6048884455_6048884458_#1more': np.float32(-0.004464286)}, {'cluster_2226036755_3627218951_6048884455_6048884458_#1more': 1}, {'cluster_2226036755_3627218951_6048884455_6048884458_#1more': 1}, 
1675.0, {'cluster_2226036755_3627218951_6048884455_6048884458_#1more': np.float32(-0.008928572)}, {'cluster_2226036755_3627218951_6048884455_6048884458_#1more': 1}, {'cluster_2226036755_3627218951_6048884455_6048884458_#1more': 1}, 
1680.0, {'cluster_2226036755_3627218951_6048884455_6048884458_#1more': np.float32(-0.008928572)}, {'cluster_2226036755_3627218951_6048884455_6048884458_#1more': 1}, {'cluster_2226036755_3627218951_6048884455_6048884458_#1more': 1}, 
1685.0, {'cluster_2226036755_3627218951_6048884455_6048884458_#1more': np.float32(-0.004464286)}, {'cluster_2226036755_3627218951_6048884455_6048884458_#1more': 1}, {'cluster_2226036755_3627218951_6048884455_6048884458_#1more': 1}, 
1690.0, {'cluster_2226036755_3627218951_6048884455_6048884458_#1more': np.float32(-0.008928572)}, {'cluster_2226036755_3627218951_6048884455_6048884458_#1more': 1}, {'cluster_2226036755_3627218951_6048884455_6048884458_#1more': 1}, 
1695.0, {'cluster_2226036755_3627218951_6048884455_6048884458_#1more': np.float32(-0.0066964286)}, {'cluster_2226036755_3627218951_6048884455_6048884458_#1more': 1}, {'cluster_2226036755_3627218951_6048884455_6048884458_#1more': 1}, 
1700.0, {'cluster_2226036755_3627218951_6048884455_6048884458_#1more': np.float32(-0.008928572)}, {'cluster_2226036755_3627218951_6048884455_6048884458_#1more': 1}, {'cluster_2226036755_3627218951_6048884455_6048884458_#1more': 1}, 
1705.0, {'cluster_2226036755_3627218951_6048884455_6048884458_#1more': np.float32(-0.011160715)}, {'cluster_2226036755_3627218951_6048884455_6048884458_#1more': 1}, {'cluster_2226036755_3627218951_6048884455_6048884458_#1more': 1}, 
1710.0, {'cluster_2226036755_3627218951_6048884455_6048884458_#1more': np.float32(-0.011160715)}, {'cluster_2226036755_3627218951_6048884455_6048884458_#1more': 1}, {'cluster_2226036755_3627218951_6048884455_6048884458_#1more': 1}, 
1715.0, {'cluster_2226036755_3627218951_6048884455_6048884458_#1more': np.float32(-0.011160715)}, {'cluster_2226036755_3627218951_6048884455_6048884458_#1more': 1}, {'cluster_2226036755_3627218951_6048884455_6048884458_#1more': 1}, 
1720.0, {'cluster_2226036755_3627218951_6048884455_6048884458_#1more': np.float32(-0.008928572)}, {'cluster_2226036755_3627218951_6048884455_6048884458_#1more': 1}, {'cluster_2226036755_3627218951_6048884455_6048884458_#1more': 1}, 
1725.0, {'cluster_2226036755_3627218951_6048884455_6048884458_#1more': np.float32(-0.008928572)}, {'cluster_2226036755_3627218951_6048884455_6048884458_#1more': 1}, {'cluster_2226036755_3627218951_6048884455_6048884458_#1more': 1}, 
1730.0, {'cluster_2226036755_3627218951_6048884455_6048884458_#1more': np.float32(-0.008928572)}, {'cluster_2226036755_3627218951_6048884455_6048884458_#1more': 1}, {'cluster_2226036755_3627218951_6048884455_6048884458_#1more': 1}, 
1735.0, {'cluster_2226036755_3627218951_6048884455_6048884458_#1more': np.float32(-0.008928572)}, {'cluster_2226036755_3627218951_6048884455_6048884458_#1more': 1}, {'cluster_2226036755_3627218951_6048884455_6048884458_#1more': 1}, 
1740.0, {'cluster_2226036755_3627218951_6048884455_6048884458_#1more': np.float32(0.0)}, {'cluster_2226036755_3627218951_6048884455_6048884458_#1more': 0}, {'cluster_2226036755_3627218951_6048884455_6048884458_#1more': 0}, 
1745.0, {'cluster_2226036755_3627218951_6048884455_6048884458_#1more': np.float32(-0.0066964286)}, {'cluster_2226036755_3627218951_6048884455_6048884458_#1more': 1}, {'cluster_2226036755_3627218951_6048884455_6048884458_#1more': 1}, 
1750.0, {'cluster_2226036755_3627218951_6048884455_6048884458_#1more': np.float32(0.0)}, {'cluster_2226036755_3627218951_6048884455_6048884458_#1more': 0}, {'cluster_2226036755_3627218951_6048884455_6048884458_#1more': 0}, 
1755.0, {'cluster_2226036755_3627218951_6048884455_6048884458_#1more': np.float32(-0.0066964286)}, {'cluster_2226036755_3627218951_6048884455_6048884458_#1more': 1}, {'cluster_2226036755_3627218951_6048884455_6048884458_#1more': 1}, 
1760.0, {'cluster_2226036755_3627218951_6048884455_6048884458_#1more': np.float32(0.0)}, {'cluster_2226036755_3627218951_6048884455_6048884458_#1more': 0}, {'cluster_2226036755_3627218951_6048884455_6048884458_#1more': 0}, 
1765.0, {'cluster_2226036755_3627218951_6048884455_6048884458_#1more': np.float32(-0.0066964286)}, {'cluster_2226036755_3627218951_6048884455_6048884458_#1more': 1}, {'cluster_2226036755_3627218951_6048884455_6048884458_#1more': 1}, 
1770.0, {'cluster_2226036755_3627218951_6048884455_6048884458_#1more': np.float32(0.0)}, {'cluster_2226036755_3627218951_6048884455_6048884458_#1more': 0}, {'cluster_2226036755_3627218951_6048884455_6048884458_#1more': 0}, 
1775.0, {'cluster_2226036755_3627218951_6048884455_6048884458_#1more': np.float32(-0.008928572)}, {'cluster_2226036755_3627218951_6048884455_6048884458_#1more': 1}, {'cluster_2226036755_3627218951_6048884455_6048884458_#1more': 1}, 
1780.0, {'cluster_2226036755_3627218951_6048884455_6048884458_#1more': np.float32(0.0)}, {'cluster_2226036755_3627218951_6048884455_6048884458_#1more': 0}, {'cluster_2226036755_3627218951_6048884455_6048884458_#1more': 0}, 
1785.0, {'cluster_2226036755_3627218951_6048884455_6048884458_#1more': np.float32(0.0)}, {'cluster_2226036755_3627218951_6048884455_6048884458_#1more': 0}, {'cluster_2226036755_3627218951_6048884455_6048884458_#1more': 0}, 
1790.0, {'cluster_2226036755_3627218951_6048884455_6048884458_#1more': np.float32(-0.004464286)}, {'cluster_2226036755_3627218951_6048884455_6048884458_#1more': 1}, {'cluster_2226036755_3627218951_6048884455_6048884458_#1more': 1}, 
1795.0, {'cluster_2226036755_3627218951_6048884455_6048884458_#1more': np.float32(0.0)}, {'cluster_2226036755_3627218951_6048884455_6048884458_#1more': 0}, {'cluster_2226036755_3627218951_6048884455_6048884458_#1more': 0}, 
1800.0, {'cluster_2226036755_3627218951_6048884455_6048884458_#1more': np.float32(-0.020089285)}, {'cluster_2226036755_3627218951_6048884455_6048884458_#1more': 1}, {'cluster_2226036755_3627218951_6048884455_6048884458_#1more': 1}, 
1805.0, {'cluster_2226036755_3627218951_6048884455_6048884458_#1more': np.float32(-0.008928572)}, {'cluster_2226036755_3627218951_6048884455_6048884458_#1more': 1}, {'cluster_2226036755_3627218951_6048884455_6048884458_#1more': 1}, 
1810.0, {'cluster_2226036755_3627218951_6048884455_6048884458_#1more': np.float32(0.0)}, {'cluster_2226036755_3627218951_6048884455_6048884458_#1more': 0}, {'cluster_2226036755_3627218951_6048884455_6048884458_#1more': 0}, 
1815.0, {'cluster_2226036755_3627218951_6048884455_6048884458_#1more': np.float32(-0.004464286)}, {'cluster_2226036755_3627218951_6048884455_6048884458_#1more': 1}, {'cluster_2226036755_3627218951_6048884455_6048884458_#1more': 1}, 
1820.0, {'cluster_2226036755_3627218951_6048884455_6048884458_#1more': np.float32(0.0)}, {'cluster_2226036755_3627218951_6048884455_6048884458_#1more': 0}, {'cluster_2226036755_3627218951_6048884455_6048884458_#1more': 0}, 
1825.0, {'cluster_2226036755_3627218951_6048884455_6048884458_#1more': np.float32(-0.008928572)}, {'cluster_2226036755_3627218951_6048884455_6048884458_#1more': 1}, {'cluster_2226036755_3627218951_6048884455_6048884458_#1more': 1}, 
1830.0, {'cluster_2226036755_3627218951_6048884455_6048884458_#1more': np.float32(-0.078125)}, {'cluster_2226036755_3627218951_6048884455_6048884458_#1more': 3}, {'cluster_2226036755_3627218951_6048884455_6048884458_#1more': 3}, 
1835.0, {'cluster_2226036755_3627218951_6048884455_6048884458_#1more': np.float32(-0.12723215)}, {'cluster_2226036755_3627218951_6048884455_6048884458_#1more': 2}, {'cluster_2226036755_3627218951_6048884455_6048884458_#1more': 3}, 
1840.0, {'cluster_2226036755_3627218951_6048884455_6048884458_#1more': np.float32(-0.058035713)}, {'cluster_2226036755_3627218951_6048884455_6048884458_#1more': 1}, {'cluster_2226036755_3627218951_6048884455_6048884458_#1more': 1}, 
1845.0, {'cluster_2226036755_3627218951_6048884455_6048884458_#1more': np.float32(-0.102678575)}, {'cluster_2226036755_3627218951_6048884455_6048884458_#1more': 1}, {'cluster_2226036755_3627218951_6048884455_6048884458_#1more': 1}, 
1850.0, {'cluster_2226036755_3627218951_6048884455_6048884458_#1more': np.float32(-0.002232143)}, {'cluster_2226036755_3627218951_6048884455_6048884458_#1more': 1}, {'cluster_2226036755_3627218951_6048884455_6048884458_#1more': 1}, 
1855.0, {'cluster_2226036755_3627218951_6048884455_6048884458_#1more': np.float32(0.0)}, {'cluster_2226036755_3627218951_6048884455_6048884458_#1more': 0}, {'cluster_2226036755_3627218951_6048884455_6048884458_#1more': 0}, 
1860.0, {'cluster_2226036755_3627218951_6048884455_6048884458_#1more': np.float32(-0.0066964286)}, {'cluster_2226036755_3627218951_6048884455_6048884458_#1more': 1}, {'cluster_2226036755_3627218951_6048884455_6048884458_#1more': 1}, 
1865.0, {'cluster_2226036755_3627218951_6048884455_6048884458_#1more': np.float32(0.0)}, {'cluster_2226036755_3627218951_6048884455_6048884458_#1more': 0}, {'cluster_2226036755_3627218951_6048884455_6048884458_#1more': 0}, 
1870.0, {'cluster_2226036755_3627218951_6048884455_6048884458_#1more': np.float32(-0.011160715)}, {'cluster_2226036755_3627218951_6048884455_6048884458_#1more': 1}, {'cluster_2226036755_3627218951_6048884455_6048884458_#1more': 1}, 
1875.0, {'cluster_2226036755_3627218951_6048884455_6048884458_#1more': np.float32(0.0)}, {'cluster_2226036755_3627218951_6048884455_6048884458_#1more': 0}, {'cluster_2226036755_3627218951_6048884455_6048884458_#1more': 0}, 
1880.0, {'cluster_2226036755_3627218951_6048884455_6048884458_#1more': np.float32(-0.0066964286)}, {'cluster_2226036755_3627218951_6048884455_6048884458_#1more': 1}, {'cluster_2226036755_3627218951_6048884455_6048884458_#1more': 1}, 
1885.0, {'cluster_2226036755_3627218951_6048884455_6048884458_#1more': np.float32(0.0)}, {'cluster_2226036755_3627218951_6048884455_6048884458_#1more': 0}, {'cluster_2226036755_3627218951_6048884455_6048884458_#1more': 0}, 
1890.0, {'cluster_2226036755_3627218951_6048884455_6048884458_#1more': np.float32(-0.0066964286)}, {'cluster_2226036755_3627218951_6048884455_6048884458_#1more': 1}, {'cluster_2226036755_3627218951_6048884455_6048884458_#1more': 1}, 
1895.0, {'cluster_2226036755_3627218951_6048884455_6048884458_#1more': np.float32(-0.08035714)}, {'cluster_2226036755_3627218951_6048884455_6048884458_#1more': 4}, {'cluster_2226036755_3627218951_6048884455_6048884458_#1more': 4}, 
1900.0, {'cluster_2226036755_3627218951_6048884455_6048884458_#1more': np.float32(-0.16294643)}, {'cluster_2226036755_3627218951_6048884455_6048884458_#1more': 3}, {'cluster_2226036755_3627218951_6048884455_6048884458_#1more': 3}, 
1905.0, {'cluster_2226036755_3627218951_6048884455_6048884458_#1more': np.float32(-0.020089285)}, {'cluster_2226036755_3627218951_6048884455_6048884458_#1more': 1}, {'cluster_2226036755_3627218951_6048884455_6048884458_#1more': 1}, 
1910.0, {'cluster_2226036755_3627218951_6048884455_6048884458_#1more': np.float32(-0.0066964286)}, {'cluster_2226036755_3627218951_6048884455_6048884458_#1more': 1}, {'cluster_2226036755_3627218951_6048884455_6048884458_#1more': 1}, 
1915.0, {'cluster_2226036755_3627218951_6048884455_6048884458_#1more': np.float32(0.0)}, {'cluster_2226036755_3627218951_6048884455_6048884458_#1more': 0}, {'cluster_2226036755_3627218951_6048884455_6048884458_#1more': 0}, 
1920.0, {'cluster_2226036755_3627218951_6048884455_6048884458_#1more': np.float32(0.0)}, {'cluster_2226036755_3627218951_6048884455_6048884458_#1more': 0}, {'cluster_2226036755_3627218951_6048884455_6048884458_#1more': 0}, 
1925.0, {'cluster_2226036755_3627218951_6048884455_6048884458_#1more': np.float32(0.0)}, {'cluster_2226036755_3627218951_6048884455_6048884458_#1more': 0}, {'cluster_2226036755_3627218951_6048884455_6048884458_#1more': 0}, 
1930.0, {'cluster_2226036755_3627218951_6048884455_6048884458_#1more': np.float32(0.0)}, {'cluster_2226036755_3627218951_6048884455_6048884458_#1more': 0}, {'cluster_2226036755_3627218951_6048884455_6048884458_#1more': 0}, 
1935.0, {'cluster_2226036755_3627218951_6048884455_6048884458_#1more': np.float32(0.0)}, {'cluster_2226036755_3627218951_6048884455_6048884458_#1more': 0}, {'cluster_2226036755_3627218951_6048884455_6048884458_#1more': 0}, 
1940.0, {'cluster_2226036755_3627218951_6048884455_6048884458_#1more': np.float32(0.0)}, {'cluster_2226036755_3627218951_6048884455_6048884458_#1more': 0}, {'cluster_2226036755_3627218951_6048884455_6048884458_#1more': 0}, 
1945.0, {'cluster_2226036755_3627218951_6048884455_6048884458_#1more': np.float32(0.0)}, {'cluster_2226036755_3627218951_6048884455_6048884458_#1more': 0}, {'cluster_2226036755_3627218951_6048884455_6048884458_#1more': 0}, 
1950.0, {'cluster_2226036755_3627218951_6048884455_6048884458_#1more': np.float32(0.0)}, {'cluster_2226036755_3627218951_6048884455_6048884458_#1more': 0}, {'cluster_2226036755_3627218951_6048884455_6048884458_#1more': 0}, 
1955.0, {'cluster_2226036755_3627218951_6048884455_6048884458_#1more': np.float32(-0.0066964286)}, {'cluster_2226036755_3627218951_6048884455_6048884458_#1more': 1}, {'cluster_2226036755_3627218951_6048884455_6048884458_#1more': 1}, 
1960.0, {'cluster_2226036755_3627218951_6048884455_6048884458_#1more': np.float32(0.0)}, {'cluster_2226036755_3627218951_6048884455_6048884458_#1more': 0}, {'cluster_2226036755_3627218951_6048884455_6048884458_#1more': 0}, 
1965.0, {'cluster_2226036755_3627218951_6048884455_6048884458_#1more': np.float32(0.0)}, {'cluster_2226036755_3627218951_6048884455_6048884458_#1more': 0}, {'cluster_2226036755_3627218951_6048884455_6048884458_#1more': 0}, 
1970.0, {'cluster_2226036755_3627218951_6048884455_6048884458_#1more': np.float32(0.0)}, {'cluster_2226036755_3627218951_6048884455_6048884458_#1more': 0}, {'cluster_2226036755_3627218951_6048884455_6048884458_#1more': 0}, 
1975.0, {'cluster_2226036755_3627218951_6048884455_6048884458_#1more': np.float32(-0.011160715)}, {'cluster_2226036755_3627218951_6048884455_6048884458_#1more': 1}, {'cluster_2226036755_3627218951_6048884455_6048884458_#1more': 1}, 
1980.0, {'cluster_2226036755_3627218951_6048884455_6048884458_#1more': np.float32(-0.0066964286)}, {'cluster_2226036755_3627218951_6048884455_6048884458_#1more': 1}, {'cluster_2226036755_3627218951_6048884455_6048884458_#1more': 1}, 
1985.0, {'cluster_2226036755_3627218951_6048884455_6048884458_#1more': np.float32(-0.008928572)}, {'cluster_2226036755_3627218951_6048884455_6048884458_#1more': 1}, {'cluster_2226036755_3627218951_6048884455_6048884458_#1more': 1}, 
1990.0, {'cluster_2226036755_3627218951_6048884455_6048884458_#1more': np.float32(-0.004464286)}, {'cluster_2226036755_3627218951_6048884455_6048884458_#1more': 1}, {'cluster_2226036755_3627218951_6048884455_6048884458_#1more': 1}, 
1995.0, {'cluster_2226036755_3627218951_6048884455_6048884458_#1more': np.float32(-0.0066964286)}, {'cluster_2226036755_3627218951_6048884455_6048884458_#1more': 1}, {'cluster_2226036755_3627218951_6048884455_6048884458_#1more': 1}, 
2000.0, {'cluster_2226036755_3627218951_6048884455_6048884458_#1more': np.float32(-0.004464286)}, {'cluster_2226036755_3627218951_6048884455_6048884458_#1more': 1}, {'cluster_2226036755_3627218951_6048884455_6048884458_#1more': 1}, 
2005.0, {'cluster_2226036755_3627218951_6048884455_6048884458_#1more': np.float32(-0.069196425)}, {'cluster_2226036755_3627218951_6048884455_6048884458_#1more': 3}, {'cluster_2226036755_3627218951_6048884455_6048884458_#1more': 3}, 
2010.0, {'cluster_2226036755_3627218951_6048884455_6048884458_#1more': np.float32(-0.22321428)}, {'cluster_2226036755_3627218951_6048884455_6048884458_#1more': 4}, {'cluster_2226036755_3627218951_6048884455_6048884458_#1more': 4}, 
2015.0, {'cluster_2226036755_3627218951_6048884455_6048884458_#1more': np.float32(-0.2767857)}, {'cluster_2226036755_3627218951_6048884455_6048884458_#1more': 3}, {'cluster_2226036755_3627218951_6048884455_6048884458_#1more': 4}, 
2020.0, {'cluster_2226036755_3627218951_6048884455_6048884458_#1more': np.float32(-0.058035713)}, {'cluster_2226036755_3627218951_6048884455_6048884458_#1more': 1}, {'cluster_2226036755_3627218951_6048884455_6048884458_#1more': 1}, 
2025.0, {'cluster_2226036755_3627218951_6048884455_6048884458_#1more': np.float32(-0.13392857)}, {'cluster_2226036755_3627218951_6048884455_6048884458_#1more': 3}, {'cluster_2226036755_3627218951_6048884455_6048884458_#1more': 3}, 
2030.0, {'cluster_2226036755_3627218951_6048884455_6048884458_#1more': np.float32(-0.125)}, {'cluster_2226036755_3627218951_6048884455_6048884458_#1more': 2}, {'cluster_2226036755_3627218951_6048884455_6048884458_#1more': 3}, 
2035.0, {'cluster_2226036755_3627218951_6048884455_6048884458_#1more': np.float32(-0.09821428)}, {'cluster_2226036755_3627218951_6048884455_6048884458_#1more': 1}, {'cluster_2226036755_3627218951_6048884455_6048884458_#1more': 1}, 
2040.0, {'cluster_2226036755_3627218951_6048884455_6048884458_#1more': np.float32(-0.004464286)}, {'cluster_2226036755_3627218951_6048884455_6048884458_#1more': 1}, {'cluster_2226036755_3627218951_6048884455_6048884458_#1more': 1}, 
2045.0, {'cluster_2226036755_3627218951_6048884455_6048884458_#1more': np.float32(-0.008928572)}, {'cluster_2226036755_3627218951_6048884455_6048884458_#1more': 1}, {'cluster_2226036755_3627218951_6048884455_6048884458_#1more': 1}, 
2050.0, {'cluster_2226036755_3627218951_6048884455_6048884458_#1more': np.float32(-0.011160715)}, {'cluster_2226036755_3627218951_6048884455_6048884458_#1more': 1}, {'cluster_2226036755_3627218951_6048884455_6048884458_#1more': 1}, 
2055.0, {'cluster_2226036755_3627218951_6048884455_6048884458_#1more': np.float32(-0.087053575)}, {'cluster_2226036755_3627218951_6048884455_6048884458_#1more': 4}, {'cluster_2226036755_3627218951_6048884455_6048884458_#1more': 4}, 
2060.0, {'cluster_2226036755_3627218951_6048884455_6048884458_#1more': np.float32(-0.171875)}, {'cluster_2226036755_3627218951_6048884455_6048884458_#1more': 3}, {'cluster_2226036755_3627218951_6048884455_6048884458_#1more': 4}, 
2065.0, {'cluster_2226036755_3627218951_6048884455_6048884458_#1more': np.float32(-0.29910713)}, {'cluster_2226036755_3627218951_6048884455_6048884458_#1more': 3}, {'cluster_2226036755_3627218951_6048884455_6048884458_#1more': 3}, 
2070.0, {'cluster_2226036755_3627218951_6048884455_6048884458_#1more': np.float32(-0.28125)}, {'cluster_2226036755_3627218951_6048884455_6048884458_#1more': 2}, {'cluster_2226036755_3627218951_6048884455_6048884458_#1more': 2}, 
2075.0, {'cluster_2226036755_3627218951_6048884455_6048884458_#1more': np.float32(0.0)}, {'cluster_2226036755_3627218951_6048884455_6048884458_#1more': 0}, {'cluster_2226036755_3627218951_6048884455_6048884458_#1more': 0}, 
2080.0, {'cluster_2226036755_3627218951_6048884455_6048884458_#1more': np.float32(-0.004464286)}, {'cluster_2226036755_3627218951_6048884455_6048884458_#1more': 1}, {'cluster_2226036755_3627218951_6048884455_6048884458_#1more': 1}, 
2085.0, {'cluster_2226036755_3627218951_6048884455_6048884458_#1more': np.float32(-0.071428575)}, {'cluster_2226036755_3627218951_6048884455_6048884458_#1more': 3}, {'cluster_2226036755_3627218951_6048884455_6048884458_#1more': 3}, 
2090.0, {'cluster_2226036755_3627218951_6048884455_6048884458_#1more': np.float32(-0.12053572)}, {'cluster_2226036755_3627218951_6048884455_6048884458_#1more': 2}, {'cluster_2226036755_3627218951_6048884455_6048884458_#1more': 3}, 
2095.0, {'cluster_2226036755_3627218951_6048884455_6048884458_#1more': np.float32(-0.06026786)}, {'cluster_2226036755_3627218951_6048884455_6048884458_#1more': 2}, {'cluster_2226036755_3627218951_6048884455_6048884458_#1more': 2}, 
2100.0, {'cluster_2226036755_3627218951_6048884455_6048884458_#1more': np.float32(-0.058035713)}, {'cluster_2226036755_3627218951_6048884455_6048884458_#1more': 1}, {'cluster_2226036755_3627218951_6048884455_6048884458_#1more': 2}, 
2105.0, {'cluster_2226036755_3627218951_6048884455_6048884458_#1more': np.float32(-0.0066964286)}, {'cluster_2226036755_3627218951_6048884455_6048884458_#1more': 1}, {'cluster_2226036755_3627218951_6048884455_6048884458_#1more': 1}, 
2110.0, {'cluster_2226036755_3627218951_6048884455_6048884458_#1more': np.float32(-0.0066964286)}, {'cluster_2226036755_3627218951_6048884455_6048884458_#1more': 1}, {'cluster_2226036755_3627218951_6048884455_6048884458_#1more': 1}, 
2115.0, {'cluster_2226036755_3627218951_6048884455_6048884458_#1more': np.float32(0.0)}, {'cluster_2226036755_3627218951_6048884455_6048884458_#1more': 0}, {'cluster_2226036755_3627218951_6048884455_6048884458_#1more': 0}, 
2120.0, {'cluster_2226036755_3627218951_6048884455_6048884458_#1more': np.float32(0.0)}, {'cluster_2226036755_3627218951_6048884455_6048884458_#1more': 0}, {'cluster_2226036755_3627218951_6048884455_6048884458_#1more': 0}, 
2125.0, {'cluster_2226036755_3627218951_6048884455_6048884458_#1more': np.float32(0.0)}, {'cluster_2226036755_3627218951_6048884455_6048884458_#1more': 0}, {'cluster_2226036755_3627218951_6048884455_6048884458_#1more': 0}, 
2130.0, {'cluster_2226036755_3627218951_6048884455_6048884458_#1more': np.float32(0.0)}, {'cluster_2226036755_3627218951_6048884455_6048884458_#1more': 0}, {'cluster_2226036755_3627218951_6048884455_6048884458_#1more': 0}, 
2135.0, {'cluster_2226036755_3627218951_6048884455_6048884458_#1more': np.float32(0.0)}, {'cluster_2226036755_3627218951_6048884455_6048884458_#1more': 0}, {'cluster_2226036755_3627218951_6048884455_6048884458_#1more': 0}, 
2140.0, {'cluster_2226036755_3627218951_6048884455_6048884458_#1more': np.float32(0.0)}, {'cluster_2226036755_3627218951_6048884455_6048884458_#1more': 0}, {'cluster_2226036755_3627218951_6048884455_6048884458_#1more': 0}, 
2145.0, {'cluster_2226036755_3627218951_6048884455_6048884458_#1more': np.float32(-0.004464286)}, {'cluster_2226036755_3627218951_6048884455_6048884458_#1more': 1}, {'cluster_2226036755_3627218951_6048884455_6048884458_#1more': 1}, 
2150.0, {'cluster_2226036755_3627218951_6048884455_6048884458_#1more': np.float32(-0.002232143)}, {'cluster_2226036755_3627218951_6048884455_6048884458_#1more': 1}, {'cluster_2226036755_3627218951_6048884455_6048884458_#1more': 1}, 
2155.0, {'cluster_2226036755_3627218951_6048884455_6048884458_#1more': np.float32(0.0)}, {'cluster_2226036755_3627218951_6048884455_6048884458_#1more': 0}, {'cluster_2226036755_3627218951_6048884455_6048884458_#1more': 0}, 
2160.0, {'cluster_2226036755_3627218951_6048884455_6048884458_#1more': np.float32(0.0)}, {'cluster_2226036755_3627218951_6048884455_6048884458_#1more': 0}, {'cluster_2226036755_3627218951_6048884455_6048884458_#1more': 0}, 
2165.0, {'cluster_2226036755_3627218951_6048884455_6048884458_#1more': np.float32(-0.002232143)}, {'cluster_2226036755_3627218951_6048884455_6048884458_#1more': 1}, {'cluster_2226036755_3627218951_6048884455_6048884458_#1more': 1}, 
2170.0, {'cluster_2226036755_3627218951_6048884455_6048884458_#1more': np.float32(-0.002232143)}, {'cluster_2226036755_3627218951_6048884455_6048884458_#1more': 1}, {'cluster_2226036755_3627218951_6048884455_6048884458_#1more': 1}, 
2175.0, {'cluster_2226036755_3627218951_6048884455_6048884458_#1more': np.float32(-0.051339287)}, {'cluster_2226036755_3627218951_6048884455_6048884458_#1more': 2}, {'cluster_2226036755_3627218951_6048884455_6048884458_#1more': 2}, 
2180.0, {'cluster_2226036755_3627218951_6048884455_6048884458_#1more': np.float32(-0.15401785)}, {'cluster_2226036755_3627218951_6048884455_6048884458_#1more': 3}, {'cluster_2226036755_3627218951_6048884455_6048884458_#1more': 3}, 
2185.0, {'cluster_2226036755_3627218951_6048884455_6048884458_#1more': np.float32(-0.15848215)}, {'cluster_2226036755_3627218951_6048884455_6048884458_#1more': 2}, {'cluster_2226036755_3627218951_6048884455_6048884458_#1more': 3}, 
2190.0, {'cluster_2226036755_3627218951_6048884455_6048884458_#1more': np.float32(-0.06026786)}, {'cluster_2226036755_3627218951_6048884455_6048884458_#1more': 2}, {'cluster_2226036755_3627218951_6048884455_6048884458_#1more': 2}, 
2195.0, {'cluster_2226036755_3627218951_6048884455_6048884458_#1more': np.float32(-0.05357143)}, {'cluster_2226036755_3627218951_6048884455_6048884458_#1more': 1}, {'cluster_2226036755_3627218951_6048884455_6048884458_#1more': 1}, 
2200.0, {'cluster_2226036755_3627218951_6048884455_6048884458_#1more': np.float32(-0.02232143)}, {'cluster_2226036755_3627218951_6048884455_6048884458_#1more': 1}, {'cluster_2226036755_3627218951_6048884455_6048884458_#1more': 1}, 
2205.0, {'cluster_2226036755_3627218951_6048884455_6048884458_#1more': np.float32(-0.008928572)}, {'cluster_2226036755_3627218951_6048884455_6048884458_#1more': 1}, {'cluster_2226036755_3627218951_6048884455_6048884458_#1more': 1}, 
2210.0, {'cluster_2226036755_3627218951_6048884455_6048884458_#1more': np.float32(0.0)}, {'cluster_2226036755_3627218951_6048884455_6048884458_#1more': 0}, {'cluster_2226036755_3627218951_6048884455_6048884458_#1more': 0}, 
2215.0, {'cluster_2226036755_3627218951_6048884455_6048884458_#1more': np.float32(-0.004464286)}, {'cluster_2226036755_3627218951_6048884455_6048884458_#1more': 1}, {'cluster_2226036755_3627218951_6048884455_6048884458_#1more': 1}, 
2220.0, {'cluster_2226036755_3627218951_6048884455_6048884458_#1more': np.float32(0.0)}, {'cluster_2226036755_3627218951_6048884455_6048884458_#1more': 0}, {'cluster_2226036755_3627218951_6048884455_6048884458_#1more': 0}, 
2225.0, {'cluster_2226036755_3627218951_6048884455_6048884458_#1more': np.float32(-0.0066964286)}, {'cluster_2226036755_3627218951_6048884455_6048884458_#1more': 1}, {'cluster_2226036755_3627218951_6048884455_6048884458_#1more': 1}, 
2230.0, {'cluster_2226036755_3627218951_6048884455_6048884458_#1more': np.float32(0.0)}, {'cluster_2226036755_3627218951_6048884455_6048884458_#1more': 0}, {'cluster_2226036755_3627218951_6048884455_6048884458_#1more': 0}, 
2235.0, {'cluster_2226036755_3627218951_6048884455_6048884458_#1more': np.float32(0.0)}, {'cluster_2226036755_3627218951_6048884455_6048884458_#1more': 0}, {'cluster_2226036755_3627218951_6048884455_6048884458_#1more': 0}, 
2240.0, {'cluster_2226036755_3627218951_6048884455_6048884458_#1more': np.float32(-0.004464286)}, {'cluster_2226036755_3627218951_6048884455_6048884458_#1more': 1}, {'cluster_2226036755_3627218951_6048884455_6048884458_#1more': 1}, 
2245.0, {'cluster_2226036755_3627218951_6048884455_6048884458_#1more': np.float32(-0.008928572)}, {'cluster_2226036755_3627218951_6048884455_6048884458_#1more': 1}, {'cluster_2226036755_3627218951_6048884455_6048884458_#1more': 1}, 
2250.0, {'cluster_2226036755_3627218951_6048884455_6048884458_#1more': np.float32(-0.002232143)}, {'cluster_2226036755_3627218951_6048884455_6048884458_#1more': 1}, {'cluster_2226036755_3627218951_6048884455_6048884458_#1more': 1}, 
2255.0, {'cluster_2226036755_3627218951_6048884455_6048884458_#1more': np.float32(-0.046875)}, {'cluster_2226036755_3627218951_6048884455_6048884458_#1more': 1}, {'cluster_2226036755_3627218951_6048884455_6048884458_#1more': 1}, 
2260.0, {'cluster_2226036755_3627218951_6048884455_6048884458_#1more': np.float32(0.0)}, {'cluster_2226036755_3627218951_6048884455_6048884458_#1more': 0}, {'cluster_2226036755_3627218951_6048884455_6048884458_#1more': 0}, 
2265.0, {'cluster_2226036755_3627218951_6048884455_6048884458_#1more': np.float32(0.0)}, {'cluster_2226036755_3627218951_6048884455_6048884458_#1more': 0}, {'cluster_2226036755_3627218951_6048884455_6048884458_#1more': 0}, 
2270.0, {'cluster_2226036755_3627218951_6048884455_6048884458_#1more': np.float32(0.0)}, {'cluster_2226036755_3627218951_6048884455_6048884458_#1more': 0}, {'cluster_2226036755_3627218951_6048884455_6048884458_#1more': 0}, 
2275.0, {'cluster_2226036755_3627218951_6048884455_6048884458_#1more': np.float32(0.0)}, {'cluster_2226036755_3627218951_6048884455_6048884458_#1more': 0}, {'cluster_2226036755_3627218951_6048884455_6048884458_#1more': 0}, 
2280.0, {'cluster_2226036755_3627218951_6048884455_6048884458_#1more': np.float32(0.0)}, {'cluster_2226036755_3627218951_6048884455_6048884458_#1more': 0}, {'cluster_2226036755_3627218951_6048884455_6048884458_#1more': 0}, 
2285.0, {'cluster_2226036755_3627218951_6048884455_6048884458_#1more': np.float32(-0.008928572)}, {'cluster_2226036755_3627218951_6048884455_6048884458_#1more': 1}, {'cluster_2226036755_3627218951_6048884455_6048884458_#1more': 1}, 
2290.0, {'cluster_2226036755_3627218951_6048884455_6048884458_#1more': np.float32(-0.013392857)}, {'cluster_2226036755_3627218951_6048884455_6048884458_#1more': 1}, {'cluster_2226036755_3627218951_6048884455_6048884458_#1more': 1}, 
2295.0, {'cluster_2226036755_3627218951_6048884455_6048884458_#1more': np.float32(-0.0066964286)}, {'cluster_2226036755_3627218951_6048884455_6048884458_#1more': 1}, {'cluster_2226036755_3627218951_6048884455_6048884458_#1more': 1}, 
2300.0, {'cluster_2226036755_3627218951_6048884455_6048884458_#1more': np.float32(-0.0066964286)}, {'cluster_2226036755_3627218951_6048884455_6048884458_#1more': 1}, {'cluster_2226036755_3627218951_6048884455_6048884458_#1more': 1}, 
2305.0, {'cluster_2226036755_3627218951_6048884455_6048884458_#1more': np.float32(0.0)}, {'cluster_2226036755_3627218951_6048884455_6048884458_#1more': 0}, {'cluster_2226036755_3627218951_6048884455_6048884458_#1more': 0}, 
2310.0, {'cluster_2226036755_3627218951_6048884455_6048884458_#1more': np.float32(-0.011160715)}, {'cluster_2226036755_3627218951_6048884455_6048884458_#1more': 1}, {'cluster_2226036755_3627218951_6048884455_6048884458_#1more': 2}, 
2315.0, {'cluster_2226036755_3627218951_6048884455_6048884458_#1more': np.float32(-0.058035713)}, {'cluster_2226036755_3627218951_6048884455_6048884458_#1more': 2}, {'cluster_2226036755_3627218951_6048884455_6048884458_#1more': 2}, 
2320.0, {'cluster_2226036755_3627218951_6048884455_6048884458_#1more': np.float32(-0.06026786)}, {'cluster_2226036755_3627218951_6048884455_6048884458_#1more': 1}, {'cluster_2226036755_3627218951_6048884455_6048884458_#1more': 2}, 
2325.0, {'cluster_2226036755_3627218951_6048884455_6048884458_#1more': np.float32(0.0)}, {'cluster_2226036755_3627218951_6048884455_6048884458_#1more': 0}, {'cluster_2226036755_3627218951_6048884455_6048884458_#1more': 0}, 
2330.0, {'cluster_2226036755_3627218951_6048884455_6048884458_#1more': np.float32(-0.004464286)}, {'cluster_2226036755_3627218951_6048884455_6048884458_#1more': 1}, {'cluster_2226036755_3627218951_6048884455_6048884458_#1more': 1}, 
2335.0, {'cluster_2226036755_3627218951_6048884455_6048884458_#1more': np.float32(0.0)}, {'cluster_2226036755_3627218951_6048884455_6048884458_#1more': 0}, {'cluster_2226036755_3627218951_6048884455_6048884458_#1more': 0}, 
2340.0, {'cluster_2226036755_3627218951_6048884455_6048884458_#1more': np.float32(-0.0066964286)}, {'cluster_2226036755_3627218951_6048884455_6048884458_#1more': 1}, {'cluster_2226036755_3627218951_6048884455_6048884458_#1more': 1}, 
2345.0, {'cluster_2226036755_3627218951_6048884455_6048884458_#1more': np.float32(-0.0066964286)}, {'cluster_2226036755_3627218951_6048884455_6048884458_#1more': 1}, {'cluster_2226036755_3627218951_6048884455_6048884458_#1more': 1}, 
2350.0, {'cluster_2226036755_3627218951_6048884455_6048884458_#1more': np.float32(-0.0066964286)}, {'cluster_2226036755_3627218951_6048884455_6048884458_#1more': 1}, {'cluster_2226036755_3627218951_6048884455_6048884458_#1more': 1}, 
2355.0, {'cluster_2226036755_3627218951_6048884455_6048884458_#1more': np.float32(-0.011160715)}, {'cluster_2226036755_3627218951_6048884455_6048884458_#1more': 1}, {'cluster_2226036755_3627218951_6048884455_6048884458_#1more': 1}, 
2360.0, {'cluster_2226036755_3627218951_6048884455_6048884458_#1more': np.float32(-0.0066964286)}, {'cluster_2226036755_3627218951_6048884455_6048884458_#1more': 1}, {'cluster_2226036755_3627218951_6048884455_6048884458_#1more': 1}, 
2365.0, {'cluster_2226036755_3627218951_6048884455_6048884458_#1more': np.float32(-0.008928572)}, {'cluster_2226036755_3627218951_6048884455_6048884458_#1more': 1}, {'cluster_2226036755_3627218951_6048884455_6048884458_#1more': 1}, 
2370.0, {'cluster_2226036755_3627218951_6048884455_6048884458_#1more': np.float32(-0.004464286)}, {'cluster_2226036755_3627218951_6048884455_6048884458_#1more': 1}, {'cluster_2226036755_3627218951_6048884455_6048884458_#1more': 1}, 
2375.0, {'cluster_2226036755_3627218951_6048884455_6048884458_#1more': np.float32(-0.0066964286)}, {'cluster_2226036755_3627218951_6048884455_6048884458_#1more': 1}, {'cluster_2226036755_3627218951_6048884455_6048884458_#1more': 1}, 
2380.0, {'cluster_2226036755_3627218951_6048884455_6048884458_#1more': np.float32(-0.004464286)}, {'cluster_2226036755_3627218951_6048884455_6048884458_#1more': 1}, {'cluster_2226036755_3627218951_6048884455_6048884458_#1more': 1}, 
2385.0, {'cluster_2226036755_3627218951_6048884455_6048884458_#1more': np.float32(0.0)}, {'cluster_2226036755_3627218951_6048884455_6048884458_#1more': 0}, {'cluster_2226036755_3627218951_6048884455_6048884458_#1more': 0}, 
2390.0, {'cluster_2226036755_3627218951_6048884455_6048884458_#1more': np.float32(-0.029017856)}, {'cluster_2226036755_3627218951_6048884455_6048884458_#1more': 1}, {'cluster_2226036755_3627218951_6048884455_6048884458_#1more': 2}, 
2395.0, {'cluster_2226036755_3627218951_6048884455_6048884458_#1more': np.float32(-0.06696428)}, {'cluster_2226036755_3627218951_6048884455_6048884458_#1more': 1}, {'cluster_2226036755_3627218951_6048884455_6048884458_#1more': 1}, 
2400.0, {'cluster_2226036755_3627218951_6048884455_6048884458_#1more': np.float32(-0.008928572)}, {'cluster_2226036755_3627218951_6048884455_6048884458_#1more': 1}, {'cluster_2226036755_3627218951_6048884455_6048884458_#1more': 1}, 
2405.0, {'cluster_2226036755_3627218951_6048884455_6048884458_#1more': np.float32(0.0)}, {'cluster_2226036755_3627218951_6048884455_6048884458_#1more': 0}, {'cluster_2226036755_3627218951_6048884455_6048884458_#1more': 0}, 
2410.0, {'cluster_2226036755_3627218951_6048884455_6048884458_#1more': np.float32(-0.0066964286)}, {'cluster_2226036755_3627218951_6048884455_6048884458_#1more': 1}, {'cluster_2226036755_3627218951_6048884455_6048884458_#1more': 1}, 
2415.0, {'cluster_2226036755_3627218951_6048884455_6048884458_#1more': np.float32(-0.008928572)}, {'cluster_2226036755_3627218951_6048884455_6048884458_#1more': 1}, {'cluster_2226036755_3627218951_6048884455_6048884458_#1more': 1}, 
2420.0, {'cluster_2226036755_3627218951_6048884455_6048884458_#1more': np.float32(-0.008928572)}, {'cluster_2226036755_3627218951_6048884455_6048884458_#1more': 1}, {'cluster_2226036755_3627218951_6048884455_6048884458_#1more': 1}, 
2425.0, {'cluster_2226036755_3627218951_6048884455_6048884458_#1more': np.float32(0.0)}, {'cluster_2226036755_3627218951_6048884455_6048884458_#1more': 0}, {'cluster_2226036755_3627218951_6048884455_6048884458_#1more': 0}, 
2430.0, {'cluster_2226036755_3627218951_6048884455_6048884458_#1more': np.float32(-0.02232143)}, {'cluster_2226036755_3627218951_6048884455_6048884458_#1more': 1}, {'cluster_2226036755_3627218951_6048884455_6048884458_#1more': 1}, 
2435.0, {'cluster_2226036755_3627218951_6048884455_6048884458_#1more': np.float32(-0.004464286)}, {'cluster_2226036755_3627218951_6048884455_6048884458_#1more': 1}, {'cluster_2226036755_3627218951_6048884455_6048884458_#1more': 1}, 
2440.0, {'cluster_2226036755_3627218951_6048884455_6048884458_#1more': np.float32(0.0)}, {'cluster_2226036755_3627218951_6048884455_6048884458_#1more': 0}, {'cluster_2226036755_3627218951_6048884455_6048884458_#1more': 0}, 
2445.0, {'cluster_2226036755_3627218951_6048884455_6048884458_#1more': np.float32(-0.002232143)}, {'cluster_2226036755_3627218951_6048884455_6048884458_#1more': 1}, {'cluster_2226036755_3627218951_6048884455_6048884458_#1more': 1}, 
2450.0, {'cluster_2226036755_3627218951_6048884455_6048884458_#1more': np.float32(-0.013392857)}, {'cluster_2226036755_3627218951_6048884455_6048884458_#1more': 1}, {'cluster_2226036755_3627218951_6048884455_6048884458_#1more': 1}, 
2455.0, {'cluster_2226036755_3627218951_6048884455_6048884458_#1more': np.float32(0.0)}, {'cluster_2226036755_3627218951_6048884455_6048884458_#1more': 0}, {'cluster_2226036755_3627218951_6048884455_6048884458_#1more': 0}, 
2460.0, {'cluster_2226036755_3627218951_6048884455_6048884458_#1more': np.float32(-0.013392857)}, {'cluster_2226036755_3627218951_6048884455_6048884458_#1more': 1}, {'cluster_2226036755_3627218951_6048884455_6048884458_#1more': 1}, 
2465.0, {'cluster_2226036755_3627218951_6048884455_6048884458_#1more': np.float32(-0.100446425)}, {'cluster_2226036755_3627218951_6048884455_6048884458_#1more': 4}, {'cluster_2226036755_3627218951_6048884455_6048884458_#1more': 4}, 
2470.0, {'cluster_2226036755_3627218951_6048884455_6048884458_#1more': np.float32(-0.19419643)}, {'cluster_2226036755_3627218951_6048884455_6048884458_#1more': 3}, {'cluster_2226036755_3627218951_6048884455_6048884458_#1more': 4}, 
2475.0, {'cluster_2226036755_3627218951_6048884455_6048884458_#1more': np.float32(-0.08258928)}, {'cluster_2226036755_3627218951_6048884455_6048884458_#1more': 3}, {'cluster_2226036755_3627218951_6048884455_6048884458_#1more': 3}, 
2480.0, {'cluster_2226036755_3627218951_6048884455_6048884458_#1more': np.float32(-0.11383928)}, {'cluster_2226036755_3627218951_6048884455_6048884458_#1more': 2}, {'cluster_2226036755_3627218951_6048884455_6048884458_#1more': 3}, 
2485.0, {'cluster_2226036755_3627218951_6048884455_6048884458_#1more': np.float32(-0.09375)}, {'cluster_2226036755_3627218951_6048884455_6048884458_#1more': 1}, {'cluster_2226036755_3627218951_6048884455_6048884458_#1more': 1}, 
2490.0, {'cluster_2226036755_3627218951_6048884455_6048884458_#1more': np.float32(-0.0066964286)}, {'cluster_2226036755_3627218951_6048884455_6048884458_#1more': 1}, {'cluster_2226036755_3627218951_6048884455_6048884458_#1more': 1}, 
2495.0, {'cluster_2226036755_3627218951_6048884455_6048884458_#1more': np.float32(-0.0066964286)}, {'cluster_2226036755_3627218951_6048884455_6048884458_#1more': 1}, {'cluster_2226036755_3627218951_6048884455_6048884458_#1more': 1}, 
2500.0, {'cluster_2226036755_3627218951_6048884455_6048884458_#1more': np.float32(-0.004464286)}, {'cluster_2226036755_3627218951_6048884455_6048884458_#1more': 1}, {'cluster_2226036755_3627218951_6048884455_6048884458_#1more': 1}, 
2505.0, {'cluster_2226036755_3627218951_6048884455_6048884458_#1more': np.float32(0.0)}, {'cluster_2226036755_3627218951_6048884455_6048884458_#1more': 0}, {'cluster_2226036755_3627218951_6048884455_6048884458_#1more': 0}, 
2510.0, {'cluster_2226036755_3627218951_6048884455_6048884458_#1more': np.float32(0.0)}, {'cluster_2226036755_3627218951_6048884455_6048884458_#1more': 0}, {'cluster_2226036755_3627218951_6048884455_6048884458_#1more': 0}, 
2515.0, {'cluster_2226036755_3627218951_6048884455_6048884458_#1more': np.float32(0.0)}, {'cluster_2226036755_3627218951_6048884455_6048884458_#1more': 0}, {'cluster_2226036755_3627218951_6048884455_6048884458_#1more': 0}, 
2520.0, {'cluster_2226036755_3627218951_6048884455_6048884458_#1more': np.float32(-0.0066964286)}, {'cluster_2226036755_3627218951_6048884455_6048884458_#1more': 1}, {'cluster_2226036755_3627218951_6048884455_6048884458_#1more': 1}, 
2525.0, {'cluster_2226036755_3627218951_6048884455_6048884458_#1more': np.float32(-0.004464286)}, {'cluster_2226036755_3627218951_6048884455_6048884458_#1more': 1}, {'cluster_2226036755_3627218951_6048884455_6048884458_#1more': 1}, 
2530.0, {'cluster_2226036755_3627218951_6048884455_6048884458_#1more': np.float32(-0.0625)}, {'cluster_2226036755_3627218951_6048884455_6048884458_#1more': 3}, {'cluster_2226036755_3627218951_6048884455_6048884458_#1more': 3}, 
2535.0, {'cluster_2226036755_3627218951_6048884455_6048884458_#1more': np.float32(-0.10491072)}, {'cluster_2226036755_3627218951_6048884455_6048884458_#1more': 2}, {'cluster_2226036755_3627218951_6048884455_6048884458_#1more': 3}, 
2540.0, {'cluster_2226036755_3627218951_6048884455_6048884458_#1more': np.float32(-0.05580357)}, {'cluster_2226036755_3627218951_6048884455_6048884458_#1more': 2}, {'cluster_2226036755_3627218951_6048884455_6048884458_#1more': 2}, 
2545.0, {'cluster_2226036755_3627218951_6048884455_6048884458_#1more': np.float32(-0.06696428)}, {'cluster_2226036755_3627218951_6048884455_6048884458_#1more': 1}, {'cluster_2226036755_3627218951_6048884455_6048884458_#1more': 2}, 
2550.0, {'cluster_2226036755_3627218951_6048884455_6048884458_#1more': np.float32(-0.008928572)}, {'cluster_2226036755_3627218951_6048884455_6048884458_#1more': 1}, {'cluster_2226036755_3627218951_6048884455_6048884458_#1more': 1}, 
2555.0, {'cluster_2226036755_3627218951_6048884455_6048884458_#1more': np.float32(-0.011160715)}, {'cluster_2226036755_3627218951_6048884455_6048884458_#1more': 1}, {'cluster_2226036755_3627218951_6048884455_6048884458_#1more': 1}, 
2560.0, {'cluster_2226036755_3627218951_6048884455_6048884458_#1more': np.float32(-0.0066964286)}, {'cluster_2226036755_3627218951_6048884455_6048884458_#1more': 1}, {'cluster_2226036755_3627218951_6048884455_6048884458_#1more': 1}, 
2565.0, {'cluster_2226036755_3627218951_6048884455_6048884458_#1more': np.float32(0.0)}, {'cluster_2226036755_3627218951_6048884455_6048884458_#1more': 0}, {'cluster_2226036755_3627218951_6048884455_6048884458_#1more': 0}, 
2570.0, {'cluster_2226036755_3627218951_6048884455_6048884458_#1more': np.float32(-0.0066964286)}, {'cluster_2226036755_3627218951_6048884455_6048884458_#1more': 1}, {'cluster_2226036755_3627218951_6048884455_6048884458_#1more': 1}, 
2575.0, {'cluster_2226036755_3627218951_6048884455_6048884458_#1more': np.float32(0.0)}, {'cluster_2226036755_3627218951_6048884455_6048884458_#1more': 0}, {'cluster_2226036755_3627218951_6048884455_6048884458_#1more': 0}, 
2580.0, {'cluster_2226036755_3627218951_6048884455_6048884458_#1more': np.float32(-0.0066964286)}, {'cluster_2226036755_3627218951_6048884455_6048884458_#1more': 1}, {'cluster_2226036755_3627218951_6048884455_6048884458_#1more': 1}, 
2585.0, {'cluster_2226036755_3627218951_6048884455_6048884458_#1more': np.float32(-0.0066964286)}, {'cluster_2226036755_3627218951_6048884455_6048884458_#1more': 1}, {'cluster_2226036755_3627218951_6048884455_6048884458_#1more': 1}, 
2590.0, {'cluster_2226036755_3627218951_6048884455_6048884458_#1more': np.float32(-0.011160715)}, {'cluster_2226036755_3627218951_6048884455_6048884458_#1more': 1}, {'cluster_2226036755_3627218951_6048884455_6048884458_#1more': 1}, 
2595.0, {'cluster_2226036755_3627218951_6048884455_6048884458_#1more': np.float32(-0.084821425)}, {'cluster_2226036755_3627218951_6048884455_6048884458_#1more': 4}, {'cluster_2226036755_3627218951_6048884455_6048884458_#1more': 4}, 
2600.0, {'cluster_2226036755_3627218951_6048884455_6048884458_#1more': np.float32(-0.2767857)}, {'cluster_2226036755_3627218951_6048884455_6048884458_#1more': 5}, {'cluster_2226036755_3627218951_6048884455_6048884458_#1more': 5}, 
2605.0, {'cluster_2226036755_3627218951_6048884455_6048884458_#1more': np.float32(-0.24776785)}, {'cluster_2226036755_3627218951_6048884455_6048884458_#1more': 3}, {'cluster_2226036755_3627218951_6048884455_6048884458_#1more': 3}, 
2610.0, {'cluster_2226036755_3627218951_6048884455_6048884458_#1more': np.float32(-0.38169643)}, {'cluster_2226036755_3627218951_6048884455_6048884458_#1more': 3}, {'cluster_2226036755_3627218951_6048884455_6048884458_#1more': 3}, 
2615.0, {'cluster_2226036755_3627218951_6048884455_6048884458_#1more': np.float32(-0.33482143)}, {'cluster_2226036755_3627218951_6048884455_6048884458_#1more': 2}, {'cluster_2226036755_3627218951_6048884455_6048884458_#1more': 3}, 
2620.0, {'cluster_2226036755_3627218951_6048884455_6048884458_#1more': np.float32(-0.19196428)}, {'cluster_2226036755_3627218951_6048884455_6048884458_#1more': 1}, {'cluster_2226036755_3627218951_6048884455_6048884458_#1more': 1}, 
2625.0, {'cluster_2226036755_3627218951_6048884455_6048884458_#1more': np.float32(-0.008928572)}, {'cluster_2226036755_3627218951_6048884455_6048884458_#1more': 1}, {'cluster_2226036755_3627218951_6048884455_6048884458_#1more': 1}, 
2630.0, {'cluster_2226036755_3627218951_6048884455_6048884458_#1more': np.float32(-0.008928572)}, {'cluster_2226036755_3627218951_6048884455_6048884458_#1more': 1}, {'cluster_2226036755_3627218951_6048884455_6048884458_#1more': 1}, 
2635.0, {'cluster_2226036755_3627218951_6048884455_6048884458_#1more': np.float32(-0.008928572)}, {'cluster_2226036755_3627218951_6048884455_6048884458_#1more': 1}, {'cluster_2226036755_3627218951_6048884455_6048884458_#1more': 1}, 
2640.0, {'cluster_2226036755_3627218951_6048884455_6048884458_#1more': np.float32(-0.078125)}, {'cluster_2226036755_3627218951_6048884455_6048884458_#1more': 3}, {'cluster_2226036755_3627218951_6048884455_6048884458_#1more': 3}, 
2645.0, {'cluster_2226036755_3627218951_6048884455_6048884458_#1more': np.float32(-0.118303575)}, {'cluster_2226036755_3627218951_6048884455_6048884458_#1more': 2}, {'cluster_2226036755_3627218951_6048884455_6048884458_#1more': 3}, 
2650.0, {'cluster_2226036755_3627218951_6048884455_6048884458_#1more': np.float32(-0.09821428)}, {'cluster_2226036755_3627218951_6048884455_6048884458_#1more': 1}, {'cluster_2226036755_3627218951_6048884455_6048884458_#1more': 1}, 
2655.0, {'cluster_2226036755_3627218951_6048884455_6048884458_#1more': np.float32(-0.0066964286)}, {'cluster_2226036755_3627218951_6048884455_6048884458_#1more': 1}, {'cluster_2226036755_3627218951_6048884455_6048884458_#1more': 1}, 
2660.0, {'cluster_2226036755_3627218951_6048884455_6048884458_#1more': np.float32(-0.0066964286)}, {'cluster_2226036755_3627218951_6048884455_6048884458_#1more': 1}, {'cluster_2226036755_3627218951_6048884455_6048884458_#1more': 1}, 
2665.0, {'cluster_2226036755_3627218951_6048884455_6048884458_#1more': np.float32(-0.008928572)}, {'cluster_2226036755_3627218951_6048884455_6048884458_#1more': 1}, {'cluster_2226036755_3627218951_6048884455_6048884458_#1more': 1}, 
2670.0, {'cluster_2226036755_3627218951_6048884455_6048884458_#1more': np.float32(-0.0066964286)}, {'cluster_2226036755_3627218951_6048884455_6048884458_#1more': 1}, {'cluster_2226036755_3627218951_6048884455_6048884458_#1more': 1}, 
2675.0, {'cluster_2226036755_3627218951_6048884455_6048884458_#1more': np.float32(-0.008928572)}, {'cluster_2226036755_3627218951_6048884455_6048884458_#1more': 1}, {'cluster_2226036755_3627218951_6048884455_6048884458_#1more': 1}, 
2680.0, {'cluster_2226036755_3627218951_6048884455_6048884458_#1more': np.float32(-0.08258928)}, {'cluster_2226036755_3627218951_6048884455_6048884458_#1more': 4}, {'cluster_2226036755_3627218951_6048884455_6048884458_#1more': 4}, 
2685.0, {'cluster_2226036755_3627218951_6048884455_6048884458_#1more': np.float32(-0.11160714)}, {'cluster_2226036755_3627218951_6048884455_6048884458_#1more': 3}, {'cluster_2226036755_3627218951_6048884455_6048884458_#1more': 4}, 
2690.0, {'cluster_2226036755_3627218951_6048884455_6048884458_#1more': np.float32(-0.12276786)}, {'cluster_2226036755_3627218951_6048884455_6048884458_#1more': 3}, {'cluster_2226036755_3627218951_6048884455_6048884458_#1more': 4}, 
2695.0, {'cluster_2226036755_3627218951_6048884455_6048884458_#1more': np.float32(-0.22767857)}, {'cluster_2226036755_3627218951_6048884455_6048884458_#1more': 4}, {'cluster_2226036755_3627218951_6048884455_6048884458_#1more': 4}, 
2700.0, {'cluster_2226036755_3627218951_6048884455_6048884458_#1more': np.float32(-0.16517857)}, {'cluster_2226036755_3627218951_6048884455_6048884458_#1more': 2}, {'cluster_2226036755_3627218951_6048884455_6048884458_#1more': 3}, 
2705.0, {'cluster_2226036755_3627218951_6048884455_6048884458_#1more': np.float32(-0.0625)}, {'cluster_2226036755_3627218951_6048884455_6048884458_#1more': 3}, {'cluster_2226036755_3627218951_6048884455_6048884458_#1more': 3}, 
2710.0, {'cluster_2226036755_3627218951_6048884455_6048884458_#1more': np.float32(-0.109375)}, {'cluster_2226036755_3627218951_6048884455_6048884458_#1more': 2}, {'cluster_2226036755_3627218951_6048884455_6048884458_#1more': 3}, 
2715.0, {'cluster_2226036755_3627218951_6048884455_6048884458_#1more': np.float32(-0.16294643)}, {'cluster_2226036755_3627218951_6048884455_6048884458_#1more': 3}, {'cluster_2226036755_3627218951_6048884455_6048884458_#1more': 4}, 
2720.0, {'cluster_2226036755_3627218951_6048884455_6048884458_#1more': np.float32(-0.22544643)}, {'cluster_2226036755_3627218951_6048884455_6048884458_#1more': 4}, {'cluster_2226036755_3627218951_6048884455_6048884458_#1more': 4}, 
2725.0, {'cluster_2226036755_3627218951_6048884455_6048884458_#1more': np.float32(-0.27232143)}, {'cluster_2226036755_3627218951_6048884455_6048884458_#1more': 3}, {'cluster_2226036755_3627218951_6048884455_6048884458_#1more': 4}, 
2730.0, {'cluster_2226036755_3627218951_6048884455_6048884458_#1more': np.float32(-0.3325893)}, {'cluster_2226036755_3627218951_6048884455_6048884458_#1more': 4}, {'cluster_2226036755_3627218951_6048884455_6048884458_#1more': 6}, 
2735.0, {'cluster_2226036755_3627218951_6048884455_6048884458_#1more': np.float32(-0.3169643)}, {'cluster_2226036755_3627218951_6048884455_6048884458_#1more': 3}, {'cluster_2226036755_3627218951_6048884455_6048884458_#1more': 4}, 
2740.0, {'cluster_2226036755_3627218951_6048884455_6048884458_#1more': np.float32(-0.38839287)}, {'cluster_2226036755_3627218951_6048884455_6048884458_#1more': 2}, {'cluster_2226036755_3627218951_6048884455_6048884458_#1more': 3}, 
2745.0, {'cluster_2226036755_3627218951_6048884455_6048884458_#1more': np.float32(-0.13616072)}, {'cluster_2226036755_3627218951_6048884455_6048884458_#1more': 1}, {'cluster_2226036755_3627218951_6048884455_6048884458_#1more': 1}, 
2750.0, {'cluster_2226036755_3627218951_6048884455_6048884458_#1more': np.float32(-0.004464286)}, {'cluster_2226036755_3627218951_6048884455_6048884458_#1more': 1}, {'cluster_2226036755_3627218951_6048884455_6048884458_#1more': 1}, 
2755.0, {'cluster_2226036755_3627218951_6048884455_6048884458_#1more': np.float32(-0.0066964286)}, {'cluster_2226036755_3627218951_6048884455_6048884458_#1more': 1}, {'cluster_2226036755_3627218951_6048884455_6048884458_#1more': 1}, 
2760.0, {'cluster_2226036755_3627218951_6048884455_6048884458_#1more': np.float32(-0.0066964286)}, {'cluster_2226036755_3627218951_6048884455_6048884458_#1more': 1}, {'cluster_2226036755_3627218951_6048884455_6048884458_#1more': 1}, 
2765.0, {'cluster_2226036755_3627218951_6048884455_6048884458_#1more': np.float32(-0.008928572)}, {'cluster_2226036755_3627218951_6048884455_6048884458_#1more': 1}, {'cluster_2226036755_3627218951_6048884455_6048884458_#1more': 1}, 
2770.0, {'cluster_2226036755_3627218951_6048884455_6048884458_#1more': np.float32(-0.0066964286)}, {'cluster_2226036755_3627218951_6048884455_6048884458_#1more': 1}, {'cluster_2226036755_3627218951_6048884455_6048884458_#1more': 1}, 
2775.0, {'cluster_2226036755_3627218951_6048884455_6048884458_#1more': np.float32(-0.07366072)}, {'cluster_2226036755_3627218951_6048884455_6048884458_#1more': 3}, {'cluster_2226036755_3627218951_6048884455_6048884458_#1more': 3}, 
2780.0, {'cluster_2226036755_3627218951_6048884455_6048884458_#1more': np.float32(-0.118303575)}, {'cluster_2226036755_3627218951_6048884455_6048884458_#1more': 2}, {'cluster_2226036755_3627218951_6048884455_6048884458_#1more': 3}, 
2785.0, {'cluster_2226036755_3627218951_6048884455_6048884458_#1more': np.float32(-0.16071428)}, {'cluster_2226036755_3627218951_6048884455_6048884458_#1more': 2}, {'cluster_2226036755_3627218951_6048884455_6048884458_#1more': 3}, 
2790.0, {'cluster_2226036755_3627218951_6048884455_6048884458_#1more': np.float32(-0.16964285)}, {'cluster_2226036755_3627218951_6048884455_6048884458_#1more': 3}, {'cluster_2226036755_3627218951_6048884455_6048884458_#1more': 3}, 
2795.0, {'cluster_2226036755_3627218951_6048884455_6048884458_#1more': np.float32(-0.3125)}, {'cluster_2226036755_3627218951_6048884455_6048884458_#1more': 3}, {'cluster_2226036755_3627218951_6048884455_6048884458_#1more': 4}, 
2800.0, {'cluster_2226036755_3627218951_6048884455_6048884458_#1more': np.float32(-0.18080357)}, {'cluster_2226036755_3627218951_6048884455_6048884458_#1more': 3}, {'cluster_2226036755_3627218951_6048884455_6048884458_#1more': 4}, 
2805.0, {'cluster_2226036755_3627218951_6048884455_6048884458_#1more': np.float32(-0.2611607)}, {'cluster_2226036755_3627218951_6048884455_6048884458_#1more': 2}, {'cluster_2226036755_3627218951_6048884455_6048884458_#1more': 3}, 
2810.0, {'cluster_2226036755_3627218951_6048884455_6048884458_#1more': np.float32(-0.31919643)}, {'cluster_2226036755_3627218951_6048884455_6048884458_#1more': 4}, {'cluster_2226036755_3627218951_6048884455_6048884458_#1more': 5}, 
2815.0, {'cluster_2226036755_3627218951_6048884455_6048884458_#1more': np.float32(-0.33035713)}, {'cluster_2226036755_3627218951_6048884455_6048884458_#1more': 4}, {'cluster_2226036755_3627218951_6048884455_6048884458_#1more': 7}, 
2820.0, {'cluster_2226036755_3627218951_6048884455_6048884458_#1more': np.float32(-0.35044643)}, {'cluster_2226036755_3627218951_6048884455_6048884458_#1more': 3}, {'cluster_2226036755_3627218951_6048884455_6048884458_#1more': 5}, 
2825.0, {'cluster_2226036755_3627218951_6048884455_6048884458_#1more': np.float32(-0.328125)}, {'cluster_2226036755_3627218951_6048884455_6048884458_#1more': 2}, {'cluster_2226036755_3627218951_6048884455_6048884458_#1more': 3}, 
2830.0, {'cluster_2226036755_3627218951_6048884455_6048884458_#1more': np.float32(-0.15178572)}, {'cluster_2226036755_3627218951_6048884455_6048884458_#1more': 2}, {'cluster_2226036755_3627218951_6048884455_6048884458_#1more': 2}, 
2835.0, {'cluster_2226036755_3627218951_6048884455_6048884458_#1more': np.float32(-0.19419643)}, {'cluster_2226036755_3627218951_6048884455_6048884458_#1more': 1}, {'cluster_2226036755_3627218951_6048884455_6048884458_#1more': 2}, 
2840.0, {'cluster_2226036755_3627218951_6048884455_6048884458_#1more': np.float32(-0.08258928)}, {'cluster_2226036755_3627218951_6048884455_6048884458_#1more': 3}, {'cluster_2226036755_3627218951_6048884455_6048884458_#1more': 4}, 
2845.0, {'cluster_2226036755_3627218951_6048884455_6048884458_#1more': np.float32(-0.22991072)}, {'cluster_2226036755_3627218951_6048884455_6048884458_#1more': 4}, {'cluster_2226036755_3627218951_6048884455_6048884458_#1more': 4}, 
2850.0, {'cluster_2226036755_3627218951_6048884455_6048884458_#1more': np.float32(-0.27455357)}, {'cluster_2226036755_3627218951_6048884455_6048884458_#1more': 3}, {'cluster_2226036755_3627218951_6048884455_6048884458_#1more': 4}, 
2855.0, {'cluster_2226036755_3627218951_6048884455_6048884458_#1more': np.float32(-0.25223213)}, {'cluster_2226036755_3627218951_6048884455_6048884458_#1more': 2}, {'cluster_2226036755_3627218951_6048884455_6048884458_#1more': 2}, 
2860.0, {'cluster_2226036755_3627218951_6048884455_6048884458_#1more': np.float32(-0.16517857)}, {'cluster_2226036755_3627218951_6048884455_6048884458_#1more': 1}, {'cluster_2226036755_3627218951_6048884455_6048884458_#1more': 2}, 
2865.0, {'cluster_2226036755_3627218951_6048884455_6048884458_#1more': np.float32(-0.08258928)}, {'cluster_2226036755_3627218951_6048884455_6048884458_#1more': 4}, {'cluster_2226036755_3627218951_6048884455_6048884458_#1more': 4}, 
2870.0, {'cluster_2226036755_3627218951_6048884455_6048884458_#1more': np.float32(-0.16964285)}, {'cluster_2226036755_3627218951_6048884455_6048884458_#1more': 3}, {'cluster_2226036755_3627218951_6048884455_6048884458_#1more': 4}, 
2875.0, {'cluster_2226036755_3627218951_6048884455_6048884458_#1more': np.float32(-0.18973215)}, {'cluster_2226036755_3627218951_6048884455_6048884458_#1more': 2}, {'cluster_2226036755_3627218951_6048884455_6048884458_#1more': 2}, 
2880.0, {'cluster_2226036755_3627218951_6048884455_6048884458_#1more': np.float32(-0.2924107)}, {'cluster_2226036755_3627218951_6048884455_6048884458_#1more': 3}, {'cluster_2226036755_3627218951_6048884455_6048884458_#1more': 4}, 
2885.0, {'cluster_2226036755_3627218951_6048884455_6048884458_#1more': np.float32(-0.3013393)}, {'cluster_2226036755_3627218951_6048884455_6048884458_#1more': 3}, {'cluster_2226036755_3627218951_6048884455_6048884458_#1more': 5}, 
2890.0, {'cluster_2226036755_3627218951_6048884455_6048884458_#1more': np.float32(-0.20535715)}, {'cluster_2226036755_3627218951_6048884455_6048884458_#1more': 2}, {'cluster_2226036755_3627218951_6048884455_6048884458_#1more': 3}, 
2895.0, {'cluster_2226036755_3627218951_6048884455_6048884458_#1more': np.float32(-0.09375)}, {'cluster_2226036755_3627218951_6048884455_6048884458_#1more': 1}, {'cluster_2226036755_3627218951_6048884455_6048884458_#1more': 1}, 
2900.0, {'cluster_2226036755_3627218951_6048884455_6048884458_#1more': np.float32(-0.0066964286)}, {'cluster_2226036755_3627218951_6048884455_6048884458_#1more': 1}, {'cluster_2226036755_3627218951_6048884455_6048884458_#1more': 1}, 
2905.0, {'cluster_2226036755_3627218951_6048884455_6048884458_#1more': np.float32(-0.008928572)}, {'cluster_2226036755_3627218951_6048884455_6048884458_#1more': 1}, {'cluster_2226036755_3627218951_6048884455_6048884458_#1more': 1}, 
2910.0, {'cluster_2226036755_3627218951_6048884455_6048884458_#1more': np.float32(0.0)}, {'cluster_2226036755_3627218951_6048884455_6048884458_#1more': 0}, {'cluster_2226036755_3627218951_6048884455_6048884458_#1more': 0}, 
2915.0, {'cluster_2226036755_3627218951_6048884455_6048884458_#1more': np.float32(0.0)}, {'cluster_2226036755_3627218951_6048884455_6048884458_#1more': 0}, {'cluster_2226036755_3627218951_6048884455_6048884458_#1more': 0}, 
2920.0, {'cluster_2226036755_3627218951_6048884455_6048884458_#1more': np.float32(-0.013392857)}, {'cluster_2226036755_3627218951_6048884455_6048884458_#1more': 1}, {'cluster_2226036755_3627218951_6048884455_6048884458_#1more': 1}, 
2925.0, {'cluster_2226036755_3627218951_6048884455_6048884458_#1more': np.float32(-0.08035714)}, {'cluster_2226036755_3627218951_6048884455_6048884458_#1more': 2}, {'cluster_2226036755_3627218951_6048884455_6048884458_#1more': 3}, 
2930.0, {'cluster_2226036755_3627218951_6048884455_6048884458_#1more': np.float32(-0.18303572)}, {'cluster_2226036755_3627218951_6048884455_6048884458_#1more': 4}, {'cluster_2226036755_3627218951_6048884455_6048884458_#1more': 4}, 
2935.0, {'cluster_2226036755_3627218951_6048884455_6048884458_#1more': np.float32(-0.22321428)}, {'cluster_2226036755_3627218951_6048884455_6048884458_#1more': 3}, {'cluster_2226036755_3627218951_6048884455_6048884458_#1more': 4}, 
2940.0, {'cluster_2226036755_3627218951_6048884455_6048884458_#1more': np.float32(-0.203125)}, {'cluster_2226036755_3627218951_6048884455_6048884458_#1more': 2}, {'cluster_2226036755_3627218951_6048884455_6048884458_#1more': 2}, 
2945.0, {'cluster_2226036755_3627218951_6048884455_6048884458_#1more': np.float32(-0.140625)}, {'cluster_2226036755_3627218951_6048884455_6048884458_#1more': 1}, {'cluster_2226036755_3627218951_6048884455_6048884458_#1more': 2}, 
2950.0, {'cluster_2226036755_3627218951_6048884455_6048884458_#1more': np.float32(0.0)}, {'cluster_2226036755_3627218951_6048884455_6048884458_#1more': 0}, {'cluster_2226036755_3627218951_6048884455_6048884458_#1more': 0}, 
2955.0, {'cluster_2226036755_3627218951_6048884455_6048884458_#1more': np.float32(-0.008928572)}, {'cluster_2226036755_3627218951_6048884455_6048884458_#1more': 1}, {'cluster_2226036755_3627218951_6048884455_6048884458_#1more': 1}, 
2960.0, {'cluster_2226036755_3627218951_6048884455_6048884458_#1more': np.float32(0.0)}, {'cluster_2226036755_3627218951_6048884455_6048884458_#1more': 0}, {'cluster_2226036755_3627218951_6048884455_6048884458_#1more': 0}, 
2965.0, {'cluster_2226036755_3627218951_6048884455_6048884458_#1more': np.float32(-0.008928572)}, {'cluster_2226036755_3627218951_6048884455_6048884458_#1more': 1}, {'cluster_2226036755_3627218951_6048884455_6048884458_#1more': 1}, 
2970.0, {'cluster_2226036755_3627218951_6048884455_6048884458_#1more': np.float32(0.0)}, {'cluster_2226036755_3627218951_6048884455_6048884458_#1more': 0}, {'cluster_2226036755_3627218951_6048884455_6048884458_#1more': 0}, 
2975.0, {'cluster_2226036755_3627218951_6048884455_6048884458_#1more': np.float32(-0.0066964286)}, {'cluster_2226036755_3627218951_6048884455_6048884458_#1more': 1}, {'cluster_2226036755_3627218951_6048884455_6048884458_#1more': 1}, 
2980.0, {'cluster_2226036755_3627218951_6048884455_6048884458_#1more': np.float32(0.0)}, {'cluster_2226036755_3627218951_6048884455_6048884458_#1more': 0}, {'cluster_2226036755_3627218951_6048884455_6048884458_#1more': 0}, 
2985.0, {'cluster_2226036755_3627218951_6048884455_6048884458_#1more': np.float32(-0.002232143)}, {'cluster_2226036755_3627218951_6048884455_6048884458_#1more': 1}, {'cluster_2226036755_3627218951_6048884455_6048884458_#1more': 1}, 
2990.0, {'cluster_2226036755_3627218951_6048884455_6048884458_#1more': np.float32(-0.0066964286)}, {'cluster_2226036755_3627218951_6048884455_6048884458_#1more': 1}, {'cluster_2226036755_3627218951_6048884455_6048884458_#1more': 1}, 
2995.0, {'cluster_2226036755_3627218951_6048884455_6048884458_#1more': np.float32(-0.0066964286)}, {'cluster_2226036755_3627218951_6048884455_6048884458_#1more': 1}, {'cluster_2226036755_3627218951_6048884455_6048884458_#1more': 1}, 
3000.0, {'cluster_2226036755_3627218951_6048884455_6048884458_#1more': np.float32(-0.008928572)}, {'cluster_2226036755_3627218951_6048884455_6048884458_#1more': 1}, {'cluster_2226036755_3627218951_6048884455_6048884458_#1more': 1}, 
3005.0, {'cluster_2226036755_3627218951_6048884455_6048884458_#1more': np.float32(-0.004464286)}, {'cluster_2226036755_3627218951_6048884455_6048884458_#1more': 1}, {'cluster_2226036755_3627218951_6048884455_6048884458_#1more': 1}, 
3010.0, {'cluster_2226036755_3627218951_6048884455_6048884458_#1more': np.float32(0.0)}, {'cluster_2226036755_3627218951_6048884455_6048884458_#1more': 0}, {'cluster_2226036755_3627218951_6048884455_6048884458_#1more': 0}, 
3015.0, {'cluster_2226036755_3627218951_6048884455_6048884458_#1more': np.float32(-0.004464286)}, {'cluster_2226036755_3627218951_6048884455_6048884458_#1more': 1}, {'cluster_2226036755_3627218951_6048884455_6048884458_#1more': 1}, 
3020.0, {'cluster_2226036755_3627218951_6048884455_6048884458_#1more': np.float32(-0.02232143)}, {'cluster_2226036755_3627218951_6048884455_6048884458_#1more': 1}, {'cluster_2226036755_3627218951_6048884455_6048884458_#1more': 1}, 
3025.0, {'cluster_2226036755_3627218951_6048884455_6048884458_#1more': np.float32(-0.008928572)}, {'cluster_2226036755_3627218951_6048884455_6048884458_#1more': 1}, {'cluster_2226036755_3627218951_6048884455_6048884458_#1more': 1}, 
3030.0, {'cluster_2226036755_3627218951_6048884455_6048884458_#1more': np.float32(-0.008928572)}, {'cluster_2226036755_3627218951_6048884455_6048884458_#1more': 1}, {'cluster_2226036755_3627218951_6048884455_6048884458_#1more': 1}, 
3035.0, {'cluster_2226036755_3627218951_6048884455_6048884458_#1more': np.float32(-0.008928572)}, {'cluster_2226036755_3627218951_6048884455_6048884458_#1more': 1}, {'cluster_2226036755_3627218951_6048884455_6048884458_#1more': 1}, 
3040.0, {'cluster_2226036755_3627218951_6048884455_6048884458_#1more': np.float32(-0.008928572)}, {'cluster_2226036755_3627218951_6048884455_6048884458_#1more': 1}, {'cluster_2226036755_3627218951_6048884455_6048884458_#1more': 1}, 
3045.0, {'cluster_2226036755_3627218951_6048884455_6048884458_#1more': np.float32(-0.004464286)}, {'cluster_2226036755_3627218951_6048884455_6048884458_#1more': 1}, {'cluster_2226036755_3627218951_6048884455_6048884458_#1more': 1}, 
3050.0, {'cluster_2226036755_3627218951_6048884455_6048884458_#1more': np.float32(0.0)}, {'cluster_2226036755_3627218951_6048884455_6048884458_#1more': 0}, {'cluster_2226036755_3627218951_6048884455_6048884458_#1more': 0}, 
3055.0, {'cluster_2226036755_3627218951_6048884455_6048884458_#1more': np.float32(0.0)}, {'cluster_2226036755_3627218951_6048884455_6048884458_#1more': 0}, {'cluster_2226036755_3627218951_6048884455_6048884458_#1more': 0}, 
3060.0, {'cluster_2226036755_3627218951_6048884455_6048884458_#1more': np.float32(-0.015625)}, {'cluster_2226036755_3627218951_6048884455_6048884458_#1more': 1}, {'cluster_2226036755_3627218951_6048884455_6048884458_#1more': 1}, 
3065.0, {'cluster_2226036755_3627218951_6048884455_6048884458_#1more': np.float32(-0.008928572)}, {'cluster_2226036755_3627218951_6048884455_6048884458_#1more': 1}, {'cluster_2226036755_3627218951_6048884455_6048884458_#1more': 1}, 
3070.0, {'cluster_2226036755_3627218951_6048884455_6048884458_#1more': np.float32(0.0)}, {'cluster_2226036755_3627218951_6048884455_6048884458_#1more': 0}, {'cluster_2226036755_3627218951_6048884455_6048884458_#1more': 0}, 
3075.0, {'cluster_2226036755_3627218951_6048884455_6048884458_#1more': np.float32(0.0)}, {'cluster_2226036755_3627218951_6048884455_6048884458_#1more': 0}, {'cluster_2226036755_3627218951_6048884455_6048884458_#1more': 0}, 
3080.0, {'cluster_2226036755_3627218951_6048884455_6048884458_#1more': np.float32(-0.002232143)}, {'cluster_2226036755_3627218951_6048884455_6048884458_#1more': 1}, {'cluster_2226036755_3627218951_6048884455_6048884458_#1more': 1}, 
3085.0, {'cluster_2226036755_3627218951_6048884455_6048884458_#1more': np.float32(-0.002232143)}, {'cluster_2226036755_3627218951_6048884455_6048884458_#1more': 1}, {'cluster_2226036755_3627218951_6048884455_6048884458_#1more': 1}, 
3090.0, {'cluster_2226036755_3627218951_6048884455_6048884458_#1more': np.float32(-0.05580357)}, {'cluster_2226036755_3627218951_6048884455_6048884458_#1more': 1}, {'cluster_2226036755_3627218951_6048884455_6048884458_#1more': 2}, 
3095.0, {'cluster_2226036755_3627218951_6048884455_6048884458_#1more': np.float32(-0.09151786)}, {'cluster_2226036755_3627218951_6048884455_6048884458_#1more': 1}, {'cluster_2226036755_3627218951_6048884455_6048884458_#1more': 1}, 
3100.0, {'cluster_2226036755_3627218951_6048884455_6048884458_#1more': np.float32(-0.011160715)}, {'cluster_2226036755_3627218951_6048884455_6048884458_#1more': 1}, {'cluster_2226036755_3627218951_6048884455_6048884458_#1more': 1}, 
3105.0, {'cluster_2226036755_3627218951_6048884455_6048884458_#1more': np.float32(0.0)}, {'cluster_2226036755_3627218951_6048884455_6048884458_#1more': 0}, {'cluster_2226036755_3627218951_6048884455_6048884458_#1more': 0}, 
3110.0, {'cluster_2226036755_3627218951_6048884455_6048884458_#1more': np.float32(-0.008928572)}, {'cluster_2226036755_3627218951_6048884455_6048884458_#1more': 1}, {'cluster_2226036755_3627218951_6048884455_6048884458_#1more': 1}, 
3115.0, {'cluster_2226036755_3627218951_6048884455_6048884458_#1more': np.float32(-0.02232143)}, {'cluster_2226036755_3627218951_6048884455_6048884458_#1more': 1}, {'cluster_2226036755_3627218951_6048884455_6048884458_#1more': 1}, 
3120.0, {'cluster_2226036755_3627218951_6048884455_6048884458_#1more': np.float32(-0.008928572)}, {'cluster_2226036755_3627218951_6048884455_6048884458_#1more': 1}, {'cluster_2226036755_3627218951_6048884455_6048884458_#1more': 1}, 
3125.0, {'cluster_2226036755_3627218951_6048884455_6048884458_#1more': np.float32(0.0)}, {'cluster_2226036755_3627218951_6048884455_6048884458_#1more': 0}, {'cluster_2226036755_3627218951_6048884455_6048884458_#1more': 0}, 
3130.0, {'cluster_2226036755_3627218951_6048884455_6048884458_#1more': np.float32(-0.0066964286)}, {'cluster_2226036755_3627218951_6048884455_6048884458_#1more': 1}, {'cluster_2226036755_3627218951_6048884455_6048884458_#1more': 1}, 
3135.0, {'cluster_2226036755_3627218951_6048884455_6048884458_#1more': np.float32(-0.0066964286)}, {'cluster_2226036755_3627218951_6048884455_6048884458_#1more': 1}, {'cluster_2226036755_3627218951_6048884455_6048884458_#1more': 1}, 
3140.0, {'cluster_2226036755_3627218951_6048884455_6048884458_#1more': np.float32(-0.0066964286)}, {'cluster_2226036755_3627218951_6048884455_6048884458_#1more': 1}, {'cluster_2226036755_3627218951_6048884455_6048884458_#1more': 1}, 
3145.0, {'cluster_2226036755_3627218951_6048884455_6048884458_#1more': np.float32(0.0)}, {'cluster_2226036755_3627218951_6048884455_6048884458_#1more': 0}, {'cluster_2226036755_3627218951_6048884455_6048884458_#1more': 0}, 
3150.0, {'cluster_2226036755_3627218951_6048884455_6048884458_#1more': np.float32(-0.011160715)}, {'cluster_2226036755_3627218951_6048884455_6048884458_#1more': 1}, {'cluster_2226036755_3627218951_6048884455_6048884458_#1more': 2}, 
3155.0, {'cluster_2226036755_3627218951_6048884455_6048884458_#1more': np.float32(-0.046875)}, {'cluster_2226036755_3627218951_6048884455_6048884458_#1more': 1}, {'cluster_2226036755_3627218951_6048884455_6048884458_#1more': 1}, 
3160.0, {'cluster_2226036755_3627218951_6048884455_6048884458_#1more': np.float32(-0.0066964286)}, {'cluster_2226036755_3627218951_6048884455_6048884458_#1more': 1}, {'cluster_2226036755_3627218951_6048884455_6048884458_#1more': 1}, 
3165.0, {'cluster_2226036755_3627218951_6048884455_6048884458_#1more': np.float32(-0.0066964286)}, {'cluster_2226036755_3627218951_6048884455_6048884458_#1more': 1}, {'cluster_2226036755_3627218951_6048884455_6048884458_#1more': 1}, 
3170.0, {'cluster_2226036755_3627218951_6048884455_6048884458_#1more': np.float32(-0.004464286)}, {'cluster_2226036755_3627218951_6048884455_6048884458_#1more': 1}, {'cluster_2226036755_3627218951_6048884455_6048884458_#1more': 1}, 
3175.0, {'cluster_2226036755_3627218951_6048884455_6048884458_#1more': np.float32(0.0)}, {'cluster_2226036755_3627218951_6048884455_6048884458_#1more': 0}, {'cluster_2226036755_3627218951_6048884455_6048884458_#1more': 0}, 
3180.0, {'cluster_2226036755_3627218951_6048884455_6048884458_#1more': np.float32(-0.008928572)}, {'cluster_2226036755_3627218951_6048884455_6048884458_#1more': 1}, {'cluster_2226036755_3627218951_6048884455_6048884458_#1more': 1}, 
3185.0, {'cluster_2226036755_3627218951_6048884455_6048884458_#1more': np.float32(0.0)}, {'cluster_2226036755_3627218951_6048884455_6048884458_#1more': 0}, {'cluster_2226036755_3627218951_6048884455_6048884458_#1more': 0}, 
3190.0, {'cluster_2226036755_3627218951_6048884455_6048884458_#1more': np.float32(-0.0066964286)}, {'cluster_2226036755_3627218951_6048884455_6048884458_#1more': 1}, {'cluster_2226036755_3627218951_6048884455_6048884458_#1more': 1}, 
3195.0, {'cluster_2226036755_3627218951_6048884455_6048884458_#1more': np.float32(0.0)}, {'cluster_2226036755_3627218951_6048884455_6048884458_#1more': 0}, {'cluster_2226036755_3627218951_6048884455_6048884458_#1more': 0}, 
3200.0, {'cluster_2226036755_3627218951_6048884455_6048884458_#1more': np.float32(-0.0066964286)}, {'cluster_2226036755_3627218951_6048884455_6048884458_#1more': 1}, {'cluster_2226036755_3627218951_6048884455_6048884458_#1more': 1}, 
3205.0, {'cluster_2226036755_3627218951_6048884455_6048884458_#1more': np.float32(-0.07589286)}, {'cluster_2226036755_3627218951_6048884455_6048884458_#1more': 3}, {'cluster_2226036755_3627218951_6048884455_6048884458_#1more': 3}, 
3210.0, {'cluster_2226036755_3627218951_6048884455_6048884458_#1more': np.float32(-0.11383928)}, {'cluster_2226036755_3627218951_6048884455_6048884458_#1more': 2}, {'cluster_2226036755_3627218951_6048884455_6048884458_#1more': 2}, 
3215.0, {'cluster_2226036755_3627218951_6048884455_6048884458_#1more': np.float32(-0.029017856)}, {'cluster_2226036755_3627218951_6048884455_6048884458_#1more': 2}, {'cluster_2226036755_3627218951_6048884455_6048884458_#1more': 2}, 
3220.0, {'cluster_2226036755_3627218951_6048884455_6048884458_#1more': np.float32(-0.051339287)}, {'cluster_2226036755_3627218951_6048884455_6048884458_#1more': 1}, {'cluster_2226036755_3627218951_6048884455_6048884458_#1more': 1}, 
3225.0, {'cluster_2226036755_3627218951_6048884455_6048884458_#1more': np.float32(-0.0066964286)}, {'cluster_2226036755_3627218951_6048884455_6048884458_#1more': 1}, {'cluster_2226036755_3627218951_6048884455_6048884458_#1more': 1}, 
3230.0, {'cluster_2226036755_3627218951_6048884455_6048884458_#1more': np.float32(-0.06026786)}, {'cluster_2226036755_3627218951_6048884455_6048884458_#1more': 1}, {'cluster_2226036755_3627218951_6048884455_6048884458_#1more': 2}, 
3235.0, {'cluster_2226036755_3627218951_6048884455_6048884458_#1more': np.float32(0.0)}, {'cluster_2226036755_3627218951_6048884455_6048884458_#1more': 0}, {'cluster_2226036755_3627218951_6048884455_6048884458_#1more': 0}, 
3240.0, {'cluster_2226036755_3627218951_6048884455_6048884458_#1more': np.float32(-0.013392857)}, {'cluster_2226036755_3627218951_6048884455_6048884458_#1more': 1}, {'cluster_2226036755_3627218951_6048884455_6048884458_#1more': 1}, 
3245.0, {'cluster_2226036755_3627218951_6048884455_6048884458_#1more': np.float32(-0.004464286)}, {'cluster_2226036755_3627218951_6048884455_6048884458_#1more': 1}, {'cluster_2226036755_3627218951_6048884455_6048884458_#1more': 1}, 
3250.0, {'cluster_2226036755_3627218951_6048884455_6048884458_#1more': np.float32(-0.04910714)}, {'cluster_2226036755_3627218951_6048884455_6048884458_#1more': 1}, {'cluster_2226036755_3627218951_6048884455_6048884458_#1more': 1}, 
3255.0, {'cluster_2226036755_3627218951_6048884455_6048884458_#1more': np.float32(-0.09598214)}, {'cluster_2226036755_3627218951_6048884455_6048884458_#1more': 1}, {'cluster_2226036755_3627218951_6048884455_6048884458_#1more': 2}, 
3260.0, {'cluster_2226036755_3627218951_6048884455_6048884458_#1more': np.float32(-0.19866072)}, {'cluster_2226036755_3627218951_6048884455_6048884458_#1more': 2}, {'cluster_2226036755_3627218951_6048884455_6048884458_#1more': 3}, 
3265.0, {'cluster_2226036755_3627218951_6048884455_6048884458_#1more': np.float32(-0.19196428)}, {'cluster_2226036755_3627218951_6048884455_6048884458_#1more': 2}, {'cluster_2226036755_3627218951_6048884455_6048884458_#1more': 2}, 
3270.0, {'cluster_2226036755_3627218951_6048884455_6048884458_#1more': np.float32(-0.06473214)}, {'cluster_2226036755_3627218951_6048884455_6048884458_#1more': 1}, {'cluster_2226036755_3627218951_6048884455_6048884458_#1more': 2}, 
3275.0, {'cluster_2226036755_3627218951_6048884455_6048884458_#1more': np.float32(-0.008928572)}, {'cluster_2226036755_3627218951_6048884455_6048884458_#1more': 1}, {'cluster_2226036755_3627218951_6048884455_6048884458_#1more': 1}, 
3280.0, {'cluster_2226036755_3627218951_6048884455_6048884458_#1more': np.float32(-0.0066964286)}, {'cluster_2226036755_3627218951_6048884455_6048884458_#1more': 1}, {'cluster_2226036755_3627218951_6048884455_6048884458_#1more': 1}, 
3285.0, {'cluster_2226036755_3627218951_6048884455_6048884458_#1more': np.float32(-0.0066964286)}, {'cluster_2226036755_3627218951_6048884455_6048884458_#1more': 1}, {'cluster_2226036755_3627218951_6048884455_6048884458_#1more': 1}, 
3290.0, {'cluster_2226036755_3627218951_6048884455_6048884458_#1more': np.float32(-0.0066964286)}, {'cluster_2226036755_3627218951_6048884455_6048884458_#1more': 1}, {'cluster_2226036755_3627218951_6048884455_6048884458_#1more': 1}, 
3295.0, {'cluster_2226036755_3627218951_6048884455_6048884458_#1more': np.float32(-0.004464286)}, {'cluster_2226036755_3627218951_6048884455_6048884458_#1more': 1}, {'cluster_2226036755_3627218951_6048884455_6048884458_#1more': 1}, 
3300.0, {'cluster_2226036755_3627218951_6048884455_6048884458_#1more': np.float32(-0.0066964286)}, {'cluster_2226036755_3627218951_6048884455_6048884458_#1more': 1}, {'cluster_2226036755_3627218951_6048884455_6048884458_#1more': 1}, 
3305.0, {'cluster_2226036755_3627218951_6048884455_6048884458_#1more': np.float32(0.0)}, {'cluster_2226036755_3627218951_6048884455_6048884458_#1more': 0}, {'cluster_2226036755_3627218951_6048884455_6048884458_#1more': 0}, 
3310.0, {'cluster_2226036755_3627218951_6048884455_6048884458_#1more': np.float32(-0.004464286)}, {'cluster_2226036755_3627218951_6048884455_6048884458_#1more': 1}, {'cluster_2226036755_3627218951_6048884455_6048884458_#1more': 1}, 
3315.0, {'cluster_2226036755_3627218951_6048884455_6048884458_#1more': np.float32(0.0)}, {'cluster_2226036755_3627218951_6048884455_6048884458_#1more': 0}, {'cluster_2226036755_3627218951_6048884455_6048884458_#1more': 0}, 
3320.0, {'cluster_2226036755_3627218951_6048884455_6048884458_#1more': np.float32(0.0)}, {'cluster_2226036755_3627218951_6048884455_6048884458_#1more': 0}, {'cluster_2226036755_3627218951_6048884455_6048884458_#1more': 0}, 
3325.0, {'cluster_2226036755_3627218951_6048884455_6048884458_#1more': np.float32(0.0)}, {'cluster_2226036755_3627218951_6048884455_6048884458_#1more': 0}, {'cluster_2226036755_3627218951_6048884455_6048884458_#1more': 0}, 
3330.0, {'cluster_2226036755_3627218951_6048884455_6048884458_#1more': np.float32(-0.013392857)}, {'cluster_2226036755_3627218951_6048884455_6048884458_#1more': 1}, {'cluster_2226036755_3627218951_6048884455_6048884458_#1more': 1}, 
3335.0, {'cluster_2226036755_3627218951_6048884455_6048884458_#1more': np.float32(0.0)}, {'cluster_2226036755_3627218951_6048884455_6048884458_#1more': 0}, {'cluster_2226036755_3627218951_6048884455_6048884458_#1more': 0}, 
3340.0, {'cluster_2226036755_3627218951_6048884455_6048884458_#1more': np.float32(-0.002232143)}, {'cluster_2226036755_3627218951_6048884455_6048884458_#1more': 1}, {'cluster_2226036755_3627218951_6048884455_6048884458_#1more': 1}, 
3345.0, {'cluster_2226036755_3627218951_6048884455_6048884458_#1more': np.float32(-0.06026786)}, {'cluster_2226036755_3627218951_6048884455_6048884458_#1more': 3}, {'cluster_2226036755_3627218951_6048884455_6048884458_#1more': 3}, 
3350.0, {'cluster_2226036755_3627218951_6048884455_6048884458_#1more': np.float32(-0.102678575)}, {'cluster_2226036755_3627218951_6048884455_6048884458_#1more': 2}, {'cluster_2226036755_3627218951_6048884455_6048884458_#1more': 2}, 
3355.0, {'cluster_2226036755_3627218951_6048884455_6048884458_#1more': np.float32(-0.004464286)}, {'cluster_2226036755_3627218951_6048884455_6048884458_#1more': 1}, {'cluster_2226036755_3627218951_6048884455_6048884458_#1more': 1}, 
3360.0, {'cluster_2226036755_3627218951_6048884455_6048884458_#1more': np.float32(-0.008928572)}, {'cluster_2226036755_3627218951_6048884455_6048884458_#1more': 1}, {'cluster_2226036755_3627218951_6048884455_6048884458_#1more': 1}, 
3365.0, {'cluster_2226036755_3627218951_6048884455_6048884458_#1more': np.float32(-0.008928572)}, {'cluster_2226036755_3627218951_6048884455_6048884458_#1more': 1}, {'cluster_2226036755_3627218951_6048884455_6048884458_#1more': 1}, 
3370.0, {'cluster_2226036755_3627218951_6048884455_6048884458_#1more': np.float32(-0.0066964286)}, {'cluster_2226036755_3627218951_6048884455_6048884458_#1more': 1}, {'cluster_2226036755_3627218951_6048884455_6048884458_#1more': 1}, 
3375.0, {'cluster_2226036755_3627218951_6048884455_6048884458_#1more': np.float32(-0.08035714)}, {'cluster_2226036755_3627218951_6048884455_6048884458_#1more': 4}, {'cluster_2226036755_3627218951_6048884455_6048884458_#1more': 4}, 
3380.0, {'cluster_2226036755_3627218951_6048884455_6048884458_#1more': np.float32(-0.16294643)}, {'cluster_2226036755_3627218951_6048884455_6048884458_#1more': 3}, {'cluster_2226036755_3627218951_6048884455_6048884458_#1more': 3}, 
3385.0, {'cluster_2226036755_3627218951_6048884455_6048884458_#1more': np.float32(-0.09821428)}, {'cluster_2226036755_3627218951_6048884455_6048884458_#1more': 1}, {'cluster_2226036755_3627218951_6048884455_6048884458_#1more': 2}, 
3390.0, {'cluster_2226036755_3627218951_6048884455_6048884458_#1more': np.float32(-0.051339287)}, {'cluster_2226036755_3627218951_6048884455_6048884458_#1more': 1}, {'cluster_2226036755_3627218951_6048884455_6048884458_#1more': 1}, 
3395.0, {'cluster_2226036755_3627218951_6048884455_6048884458_#1more': np.float32(-0.004464286)}, {'cluster_2226036755_3627218951_6048884455_6048884458_#1more': 1}, {'cluster_2226036755_3627218951_6048884455_6048884458_#1more': 1}, 
3400.0, {'cluster_2226036755_3627218951_6048884455_6048884458_#1more': np.float32(-0.011160715)}, {'cluster_2226036755_3627218951_6048884455_6048884458_#1more': 1}, {'cluster_2226036755_3627218951_6048884455_6048884458_#1more': 1}, 
3405.0, {'cluster_2226036755_3627218951_6048884455_6048884458_#1more': np.float32(-0.011160715)}, {'cluster_2226036755_3627218951_6048884455_6048884458_#1more': 1}, {'cluster_2226036755_3627218951_6048884455_6048884458_#1more': 1}, 
3410.0, {'cluster_2226036755_3627218951_6048884455_6048884458_#1more': np.float32(0.0)}, {'cluster_2226036755_3627218951_6048884455_6048884458_#1more': 0}, {'cluster_2226036755_3627218951_6048884455_6048884458_#1more': 0}, 
3415.0, {'cluster_2226036755_3627218951_6048884455_6048884458_#1more': np.float32(0.0)}, {'cluster_2226036755_3627218951_6048884455_6048884458_#1more': 0}, {'cluster_2226036755_3627218951_6048884455_6048884458_#1more': 0}, 
3420.0, {'cluster_2226036755_3627218951_6048884455_6048884458_#1more': np.float32(0.0)}, {'cluster_2226036755_3627218951_6048884455_6048884458_#1more': 0}, {'cluster_2226036755_3627218951_6048884455_6048884458_#1more': 0}, 
3425.0, {'cluster_2226036755_3627218951_6048884455_6048884458_#1more': np.float32(0.0)}, {'cluster_2226036755_3627218951_6048884455_6048884458_#1more': 0}, {'cluster_2226036755_3627218951_6048884455_6048884458_#1more': 0}, 
3430.0, {'cluster_2226036755_3627218951_6048884455_6048884458_#1more': np.float32(-0.004464286)}, {'cluster_2226036755_3627218951_6048884455_6048884458_#1more': 1}, {'cluster_2226036755_3627218951_6048884455_6048884458_#1more': 1}, 
3435.0, {'cluster_2226036755_3627218951_6048884455_6048884458_#1more': np.float32(0.0)}, {'cluster_2226036755_3627218951_6048884455_6048884458_#1more': 0}, {'cluster_2226036755_3627218951_6048884455_6048884458_#1more': 0}, 
3440.0, {'cluster_2226036755_3627218951_6048884455_6048884458_#1more': np.float32(-0.0066964286)}, {'cluster_2226036755_3627218951_6048884455_6048884458_#1more': 1}, {'cluster_2226036755_3627218951_6048884455_6048884458_#1more': 1}, 
3445.0, {'cluster_2226036755_3627218951_6048884455_6048884458_#1more': np.float32(0.0)}, {'cluster_2226036755_3627218951_6048884455_6048884458_#1more': 0}, {'cluster_2226036755_3627218951_6048884455_6048884458_#1more': 0}, 
3450.0, {'cluster_2226036755_3627218951_6048884455_6048884458_#1more': np.float32(-0.004464286)}, {'cluster_2226036755_3627218951_6048884455_6048884458_#1more': 1}, {'cluster_2226036755_3627218951_6048884455_6048884458_#1more': 1}, 
3455.0, {'cluster_2226036755_3627218951_6048884455_6048884458_#1more': np.float32(-0.071428575)}, {'cluster_2226036755_3627218951_6048884455_6048884458_#1more': 3}, {'cluster_2226036755_3627218951_6048884455_6048884458_#1more': 3}, 
3460.0, {'cluster_2226036755_3627218951_6048884455_6048884458_#1more': np.float32(-0.11160714)}, {'cluster_2226036755_3627218951_6048884455_6048884458_#1more': 2}, {'cluster_2226036755_3627218951_6048884455_6048884458_#1more': 2}, 
3465.0, {'cluster_2226036755_3627218951_6048884455_6048884458_#1more': np.float32(0.0)}, {'cluster_2226036755_3627218951_6048884455_6048884458_#1more': 0}, {'cluster_2226036755_3627218951_6048884455_6048884458_#1more': 0}, 
3470.0, {'cluster_2226036755_3627218951_6048884455_6048884458_#1more': np.float32(0.0)}, {'cluster_2226036755_3627218951_6048884455_6048884458_#1more': 0}, {'cluster_2226036755_3627218951_6048884455_6048884458_#1more': 0}, 
3475.0, {'cluster_2226036755_3627218951_6048884455_6048884458_#1more': np.float32(0.0)}, {'cluster_2226036755_3627218951_6048884455_6048884458_#1more': 0}, {'cluster_2226036755_3627218951_6048884455_6048884458_#1more': 0}, 
3480.0, {'cluster_2226036755_3627218951_6048884455_6048884458_#1more': np.float32(-0.008928572)}, {'cluster_2226036755_3627218951_6048884455_6048884458_#1more': 1}, {'cluster_2226036755_3627218951_6048884455_6048884458_#1more': 1}, 
3485.0, {'cluster_2226036755_3627218951_6048884455_6048884458_#1more': np.float32(-0.07366072)}, {'cluster_2226036755_3627218951_6048884455_6048884458_#1more': 3}, {'cluster_2226036755_3627218951_6048884455_6048884458_#1more': 3}, 
3490.0, {'cluster_2226036755_3627218951_6048884455_6048884458_#1more': np.float32(-0.22321428)}, {'cluster_2226036755_3627218951_6048884455_6048884458_#1more': 4}, {'cluster_2226036755_3627218951_6048884455_6048884458_#1more': 4}, 
3495.0, {'cluster_2226036755_3627218951_6048884455_6048884458_#1more': np.float32(-0.4017857)}, {'cluster_2226036755_3627218951_6048884455_6048884458_#1more': 4}, {'cluster_2226036755_3627218951_6048884455_6048884458_#1more': 4}, 
3500.0, {'cluster_2226036755_3627218951_6048884455_6048884458_#1more': np.float32(-0.58035713)}, {'cluster_2226036755_3627218951_6048884455_6048884458_#1more': 4}, {'cluster_2226036755_3627218951_6048884455_6048884458_#1more': 4}, 
3505.0, {'cluster_2226036755_3627218951_6048884455_6048884458_#1more': np.float32(-0.52678573)}, {'cluster_2226036755_3627218951_6048884455_6048884458_#1more': 3}, {'cluster_2226036755_3627218951_6048884455_6048884458_#1more': 3}, 
3510.0, {'cluster_2226036755_3627218951_6048884455_6048884458_#1more': np.float32(-0.421875)}, {'cluster_2226036755_3627218951_6048884455_6048884458_#1more': 2}, {'cluster_2226036755_3627218951_6048884455_6048884458_#1more': 2}, 
3515.0, {'cluster_2226036755_3627218951_6048884455_6048884458_#1more': np.float32(-0.23883928)}, {'cluster_2226036755_3627218951_6048884455_6048884458_#1more': 1}, {'cluster_2226036755_3627218951_6048884455_6048884458_#1more': 1}, 
3520.0, {'cluster_2226036755_3627218951_6048884455_6048884458_#1more': np.float32(-0.0066964286)}, {'cluster_2226036755_3627218951_6048884455_6048884458_#1more': 1}, {'cluster_2226036755_3627218951_6048884455_6048884458_#1more': 1}, 
3525.0, {'cluster_2226036755_3627218951_6048884455_6048884458_#1more': np.float32(-0.004464286)}, {'cluster_2226036755_3627218951_6048884455_6048884458_#1more': 1}, {'cluster_2226036755_3627218951_6048884455_6048884458_#1more': 1}, 
3530.0, {'cluster_2226036755_3627218951_6048884455_6048884458_#1more': np.float32(-0.004464286)}, {'cluster_2226036755_3627218951_6048884455_6048884458_#1more': 1}, {'cluster_2226036755_3627218951_6048884455_6048884458_#1more': 1}, 
3535.0, {'cluster_2226036755_3627218951_6048884455_6048884458_#1more': np.float32(0.0)}, {'cluster_2226036755_3627218951_6048884455_6048884458_#1more': 0}, {'cluster_2226036755_3627218951_6048884455_6048884458_#1more': 0}, 
3540.0, {'cluster_2226036755_3627218951_6048884455_6048884458_#1more': np.float32(-0.015625)}, {'cluster_2226036755_3627218951_6048884455_6048884458_#1more': 1}, {'cluster_2226036755_3627218951_6048884455_6048884458_#1more': 1}, 
3545.0, {'cluster_2226036755_3627218951_6048884455_6048884458_#1more': np.float32(-0.0066964286)}, {'cluster_2226036755_3627218951_6048884455_6048884458_#1more': 1}, {'cluster_2226036755_3627218951_6048884455_6048884458_#1more': 1}, 
3550.0, {'cluster_2226036755_3627218951_6048884455_6048884458_#1more': np.float32(-0.0066964286)}, {'cluster_2226036755_3627218951_6048884455_6048884458_#1more': 1}, {'cluster_2226036755_3627218951_6048884455_6048884458_#1more': 1}, 
3555.0, {'cluster_2226036755_3627218951_6048884455_6048884458_#1more': np.float32(-0.004464286)}, {'cluster_2226036755_3627218951_6048884455_6048884458_#1more': 1}, {'cluster_2226036755_3627218951_6048884455_6048884458_#1more': 1}, 
3560.0, {'cluster_2226036755_3627218951_6048884455_6048884458_#1more': np.float32(-0.078125)}, {'cluster_2226036755_3627218951_6048884455_6048884458_#1more': 3}, {'cluster_2226036755_3627218951_6048884455_6048884458_#1more': 4}, 
3565.0, {'cluster_2226036755_3627218951_6048884455_6048884458_#1more': np.float32(-0.16294643)}, {'cluster_2226036755_3627218951_6048884455_6048884458_#1more': 2}, {'cluster_2226036755_3627218951_6048884455_6048884458_#1more': 3}, 
3570.0, {'cluster_2226036755_3627218951_6048884455_6048884458_#1more': np.float32(-0.09598214)}, {'cluster_2226036755_3627218951_6048884455_6048884458_#1more': 1}, {'cluster_2226036755_3627218951_6048884455_6048884458_#1more': 1}, 
3575.0, {'cluster_2226036755_3627218951_6048884455_6048884458_#1more': np.float32(0.0)}, {'cluster_2226036755_3627218951_6048884455_6048884458_#1more': 0}, {'cluster_2226036755_3627218951_6048884455_6048884458_#1more': 0}, 
3580.0, {'cluster_2226036755_3627218951_6048884455_6048884458_#1more': np.float32(-0.0066964286)}, {'cluster_2226036755_3627218951_6048884455_6048884458_#1more': 1}, {'cluster_2226036755_3627218951_6048884455_6048884458_#1more': 1}, 
3585.0, {'cluster_2226036755_3627218951_6048884455_6048884458_#1more': np.float32(0.0)}, {'cluster_2226036755_3627218951_6048884455_6048884458_#1more': 0}, {'cluster_2226036755_3627218951_6048884455_6048884458_#1more': 0}, 
3590.0, {'cluster_2226036755_3627218951_6048884455_6048884458_#1more': np.float32(-0.004464286)}, {'cluster_2226036755_3627218951_6048884455_6048884458_#1more': 1}, {'cluster_2226036755_3627218951_6048884455_6048884458_#1more': 1}, 
3595.0, {'cluster_2226036755_3627218951_6048884455_6048884458_#1more': np.float32(-0.0066964286)}, {'cluster_2226036755_3627218951_6048884455_6048884458_#1more': 1}, {'cluster_2226036755_3627218951_6048884455_6048884458_#1more': 1}, 
3600.0, {'cluster_2226036755_3627218951_6048884455_6048884458_#1more': np.float32(-0.004464286)}, {'cluster_2226036755_3627218951_6048884455_6048884458_#1more': 1}, {'cluster_2226036755_3627218951_6048884455_6048884458_#1more': 1}, 
