J8,0.0
J8,0.0
J8,-1.0
J8,-13.0
J8,-9.0
J8,-26.5
J8,-56.0
J8,-74.5
J8,-60.0
J8,-63.0
J8,-102.0
J8,-131.0
J8,-114.5
J8,-105.5
J8,-144.5
J8,-184.5
J8,-125.5
J8,-85.5
J8,-144.5
J8,-204.5
J8,-130.0
J8,-75.5
J8,-154.5
J8,-234.5
J8,-135.5
J8,145.0
J8,-140.0
J8,-140.0
J8,-140.0
J8,-146.0
J8,-160.0
J8,72.0
J8,307.5
J8,-134.0
J8,-147.0
J8,-150.0
J8,-123.0
J8,-140.0
J8,-167.0
J8,-150.0
J8,-103.0
J8,-140.0
J8,-187.0
J8,-150.0
J8,-83.0
J8,-140.0
J8,-207.0
J8,-150.0
J8,-63.0
J8,-140.0
J8,-227.0
J8,-150.0
J8,-43.0
J8,-140.0
J8,-247.0
J8,-150.0
J8,-23.0
J8,-140.0
J8,-267.0
J8,-150.0
J8,-3.0
J8,-140.0
J8,-287.0
J8,-150.0
J8,17.0
J8,-140.0
J8,-307.0
J8,-150.0
J8,37.0
J8,-140.0
J8,-327.0
J8,-150.0
J8,57.0
J8,-140.0
J8,-347.0
J8,-150.0
J8,77.0
J8,-140.0
J8,-367.0
J8,-150.0
J8,97.0
J8,-140.0
J8,-387.0
J8,-150.0
J8,117.0
J8,-140.0
J8,-407.0
J8,-150.0
J8,137.0
J8,-140.0
J8,-427.0
J8,-150.0
J8,157.0
J8,-140.0
J8,-447.0
J8,-150.0
J8,177.0
J8,-140.0
J8,-467.0
J8,-150.0
J8,197.0
J8,-140.0
J8,-487.0
J8,-150.0
J8,217.0
J8,-140.0
J8,-507.0
J8,-150.0
J8,237.0
J8,-140.0
J8,-527.0
J8,-150.0
J8,257.0
J8,-140.0
J8,-547.0
J8,-150.0
J8,277.0
J8,-140.0
J8,-567.0
J8,-150.0
J8,297.0
J8,-140.0
J8,-587.0
J8,-150.0
J8,317.0
J8,-140.0
J8,-607.0
J8,-150.0
J8,337.0
J8,-140.0
J8,-627.0
J8,-150.0
J8,357.0
J8,-140.0
J8,-647.0
J8,-150.0
J8,377.0
J8,-140.0
J8,-667.0
J8,-150.0
J8,397.0
J8,-140.0
J8,-687.0
J8,-150.0
J8,417.0
J8,-140.0
J8,-707.0
J8,-150.0
J8,437.0
J8,-140.0
J8,-727.0
J8,-150.0
J8,457.0
J8,-140.0
J8,-747.0
J8,-150.0
J8,477.0
J8,-140.0
J8,-767.0
J8,-150.0
J8,497.0
J8,-140.0
J8,-787.0
J8,-150.0
J8,517.0
J8,-140.0
J8,-807.0
J8,-150.0
J8,537.0
J8,-140.0
J8,-827.0
J8,1397.5
J8,1291.0
J8,-130.0
J8,-134.5
J8,-150.0
J8,-154.5
J8,-161.5
J8,-170.0
J8,-170.0
J8,-170.0
J8,-170.0
J8,-170.0
J8,-170.0
J8,-170.0
J8,-170.0
J8,-170.0
J8,-170.0
J8,-170.0
J8,-170.0
J8,-170.0
J8,-170.0
J8,-170.0
J8,-170.0
J8,-170.0
J8,-170.0
J8,-170.0
J8,-170.0
J8,-170.0
J8,-170.0
J8,-170.0
J8,-170.0
J8,-170.0
J8,-170.0
J8,-170.0
J8,-170.0
J8,-170.0
J8,1574.0
J8,907.0
J8,167.0
J8,-150.0
J8,-152.5
J8,-160.0
J8,-160.0
J8,-160.0
J8,-160.0
J8,-160.0
J8,-160.0
J8,-160.0
J8,-160.0
J8,-160.0
J8,-160.0
J8,-160.0
J8,-160.0
J8,-160.0
J8,-160.0
J8,-160.0
J8,-160.0
J8,-160.0
J8,-160.0
J8,-160.0
J8,-160.0
J8,-160.0
J8,-160.0
J8,-160.0
J8,-160.0
J8,-160.0
J8,-160.0
J8,-160.0
J8,-160.0
J8,-160.0
J8,-160.0
J8,-160.0
J8,-160.0
J8,-160.0
J8,-160.0
J8,2559.0
J8,-140.0
J8,230.5
J8,-144.0
J8,-151.0
J8,-160.0
J8,-160.0
J8,-160.0
J8,-160.0
J8,-160.0
J8,-160.0
J8,-160.0
J8,-160.0
J8,-160.0
J8,-160.0
J8,-160.0
J8,-160.0
J8,-160.0
J8,-160.0
J8,-160.0
J8,-160.0
J8,-160.0
J8,-160.0
J8,-160.0
J8,-160.0
J8,-160.0
J8,-160.0
J8,-160.0
J8,-160.0
J8,-160.0
J8,-160.0
J8,-160.0
J8,-160.0
J8,-160.0
J8,-160.0
J8,-160.0
J8,-160.0
J8,-160.0
J8,-160.0
J8,-160.0
J8,2415.0
J8,984.0
J8,241.0
J8,-135.5
J8,-155.0
J8,-140.5
J8,-160.0
J8,-182.0
J8,-170.0
J8,-128.0
J8,-160.0
J8,-202.0
J8,-170.0
J8,-108.0
J8,-160.0
J8,-222.0
J8,-170.0
J8,-88.0
J8,-160.0
J8,-242.0
J8,-170.0
J8,-68.0
J8,-160.0
J8,-262.0
J8,-170.0
J8,-48.0
J8,-160.0
J8,-282.0
J8,-170.0
J8,-28.0
J8,-160.0
J8,-302.0
J8,-170.0
J8,-8.0
J8,-160.0
J8,-322.0
J8,-170.0
J8,12.0
J8,-160.0
J8,-342.0
J8,-170.0
J8,32.0
J8,-160.0
J8,-362.0
J8,-170.0
J8,52.0
J8,-160.0
J8,-382.0
J8,-170.0
J8,944.0
J8,1468.5
J8,-150.0
J8,-154.0
J8,322.5
J8,-154.0
J8,-170.0
J8,-170.0
J8,-170.0
J8,-170.0
J8,-170.0
J8,-170.0
J8,-170.0
J8,-170.0
J8,-170.0
J8,-170.0
J8,-170.0
J8,-170.0
J8,-170.0
J8,-170.0
J8,-170.0
J8,-170.0
J8,-170.0
J8,-170.0
J8,-170.0
J8,-170.0
J8,-170.0
J8,-170.0
J8,-170.0
J8,-170.0
J8,-170.0
J8,-170.0
J8,-170.0
J8,-170.0
J8,-170.0
J8,-170.0
J8,-170.0
J8,1426.0
J8,-150.0
J8,-150.0
J8,-150.0
J8,-154.5
J8,-161.5
J8,-170.0
J8,-170.0
J8,-170.0
J8,-170.0
J8,-170.0
J8,-170.0
J8,-170.0
J8,-170.0
J8,-170.0
J8,-170.0
J8,-170.0
J8,-170.0
J8,-170.0
J8,1984.5
J8,1898.5
J8,-143.5
J8,-157.0
J8,-160.0
J8,-133.0
J8,-150.0
J8,-183.5
J8,-170.0
J8,-123.0
J8,-160.0
J8,-207.0
J8,-170.0
J8,-103.0
J8,-160.0
J8,-227.0
J8,-170.0
J8,-83.0
J8,-160.0
J8,-247.0
J8,-170.0
J8,-63.0
J8,-160.0
J8,-267.0
J8,-170.0
J8,-43.0
J8,-160.0
J8,-287.0
J8,-170.0
J8,-23.0
J8,-160.0
J8,-307.0
J8,-170.0
J8,-3.0
J8,-160.0
J8,-327.0
J8,-170.0
J8,17.0
J8,-160.0
J8,-347.0
J8,-170.0
J8,37.0
J8,-160.0
J8,-367.0
J8,-170.0
J8,57.0
J8,-160.0
J8,-387.0
J8,-170.0
J8,77.0
J8,-160.0
J8,-407.0
J8,884.0
J8,353.5
J8,-153.5
J8,326.5
J8,-150.0
J8,-150.0
J8,-153.5
J8,-161.5
J8,-170.0
J8,-170.0
J8,-170.0
J8,-170.0
J8,-170.0
J8,-170.0
J8,-170.0
J8,-170.0
J8,-170.0
J8,-170.0
J8,-170.0
J8,-170.0
J8,-170.0
J8,-170.0
J8,307.0
J8,1314.5
J8,-151.5
J8,-160.0
J8,-160.0
J8,-160.0
J8,-160.0
J8,-160.0
J8,-160.0
J8,-160.0
J8,-160.0
J8,-160.0
J8,-160.0
J8,-160.0
J8,-160.0
J8,-160.0
J8,-160.0
J8,-160.0
J8,-160.0
J8,-160.0
J8,-160.0
J8,-160.0
J8,253.5
J8,-140.0
J8,250.5
J8,-144.0
J8,-165.0
J8,-170.0
J8,-170.0
J8,-170.0
J8,-170.0
J8,1391.0
J8,1054.5
J8,-150.0
J8,-150.0
J8,-154.0
J8,-161.5
J8,-170.0
J8,-170.0
J8,-170.0
J8,-170.0
J8,-170.0
J8,-170.0
J8,-170.0
J8,-170.0
J8,-170.0
J8,-170.0
J8,-170.0
J8,-170.0
J8,-170.0
J8,-170.0
J8,-170.0
J8,-170.0
J8,-170.0
J8,-170.0
J8,-170.0
J8,-170.0
J8,-170.0
J8,-170.0
J8,-170.0
J8,1311.5
J8,211.0
J8,-150.0
J8,-150.0
J8,-154.5
J8,-161.5
J8,-170.0
J8,-170.0
J8,-170.0
J8,-170.0
J8,-170.0
J8,-170.0
J8,-170.0
J8,-170.0
J8,-170.0
J8,-170.0
J8,-170.0
J8,-170.0
J8,-170.0
J8,783.5
J8,393.0
J8,-150.0
J8,-150.0
J8,-153.5
J8,-160.5
J8,-170.0
J8,-170.0
J8,-170.0
J8,-170.0
J8,-170.0
J8,-170.0
J8,-170.0
J8,-170.0
J8,-170.0
J8,521.0
J8,535.0
J8,-150.0
J8,-150.0
J8,-154.5
J8,-162.0
J8,-170.0
J8,-170.0
J8,-170.0
J8,-170.0
J8,-170.0
J8,-170.0
J8,-170.0
J8,-170.0
J8,-170.0
J8,574.0
J8,581.5
J8,-150.0
J8,-150.0
J8,-154.5
J8,-161.0
J8,-170.0
J8,-170.0
J8,-170.0
J8,-170.0
J8,-170.0
J8,-170.0
J8,-170.0
J8,-170.0
J8,-170.0
J8,-170.0
J8,444.5
J8,-160.0
J8,-160.0
J8,-160.0
J8,-163.0
J8,-170.0
J8,975.0
J8,-150.0
J8,-107.0
J8,-140.5
J8,-150.0
J8,-154.5
J8,-160.0
J8,-160.0
J8,-160.0
J8,-160.0
J8,-160.0
J8,-160.0
J8,-160.0
J8,-160.0
J8,450.5
J8,-154.0
J8,-160.0
J8,-160.0
J8,-37.0
J8,-160.0
J8,-160.0
J8,-160.0
J8,-86.0
J8,414.5
J8,137.0
J8,-144.0
J8,-150.0
J8,-155.0
J8,-160.0
J8,-160.0
J8,-160.0
J8,-160.0
J8,-160.0
J8,492.0
J8,-45.5
J8,-55.5
J8,-142.5
J8,-160.0
J8,-161.5
J8,-170.0
J8,-170.0
J8,-170.0
J8,615.0
J8,-150.0
J8,-150.0
J8,-81.0
J8,-151.0
J8,-160.0
J8,-161.0
J8,-170.0
J8,-170.0
J8,-170.0
J8,521.0
J8,-160.0
J8,-160.0
J8,-160.0
J8,-160.0
J8,-160.0
J8,-160.0
J8,80.5
J8,-154.0
J8,-29.0
J8,-152.0
J8,258.0
J8,-140.0
J8,-111.5
J8,-147.0
J8,-145.5
J8,168.5
J8,214.0
J8,-121.0
J8,-144.0
J8,-150.5
J8,-160.0
J8,-161.0
J8,-170.0
J8,-170.0
J8,-57.5
J8,172.5
J8,-99.0
J8,-143.5
J8,-153.5
J8,-160.5
J8,333.0
J8,-150.5
J8,-160.0
J8,-160.0
J8,-160.0
J8,-59.0
J8,42.0
J8,-133.5
J8,-150.0
J8,92.5
J8,-105.5
J8,-130.0
J8,-136.0
J8,9.5
J8,-79.0
J8,-140.0
J8,130.5
J8,-75.0
J8,-122.5
J8,-144.0
J8,-160.0
J8,-165.0
J8,170.5
J8,-56.0
J8,-150.0
J8,-150.5
J8,-160.0
J8,-139.5
J8,-62.0
J8,-15.5
J8,-130.0
J8,-6.5
J8,10.5
J8,-112.0
J8,-125.5
J8,-148.5
J8,-148.0
J8,5.0
J8,-155.5
J8,29.5
J8,-142.0
J8,0.0
J8,0.0
J8,-0.5
J8,-12.5
J8,-9.5
J8,-27.0
J8,-40.0
J8,-41.5
J8,-50.5
J8,-60.0
J8,-60.0
J8,-70.0
J8,-104.5
J8,-123.5
J8,-134.0
J8,-115.0
J8,-140.5
J8,-179.0
J8,-160.0
J8,-111.0
J8,-154.5
J8,-209.0
J8,-170.0
J8,-101.0
J8,-160.0
J8,-229.0
J8,10.5
J8,3.0
J8,-150.0
J8,-150.5
J8,-160.0
J8,40.0
J8,9.5
J8,-140.0
J8,-141.5
J8,-153.0
J8,-160.0
J8,-165.0
J8,-170.0
J8,-170.0
J8,-170.0
J8,-170.0
J8,-170.0
J8,-170.0
J8,-170.0
J8,-170.0
J8,-170.0
J8,-170.0
J8,-170.0
J8,-170.0
J8,-170.0
J8,-170.0
J8,-170.0
J8,-170.0
J8,-170.0
J8,-170.0
J8,-170.0
J8,-170.0
J8,-170.0
J8,-170.0
J8,-170.0
J8,-170.0
J8,-170.0
J8,-170.0
J8,-170.0
J8,-170.0
J8,-170.0
J8,-170.0
J8,-170.0
J8,-170.0
J8,-170.0
J8,-170.0
J8,-170.0
J8,-170.0
J8,-170.0
J8,-170.0
J8,-170.0
J8,-170.0
J8,-170.0
J8,-170.0
J8,-170.0
J8,-170.0
J8,-170.0
J8,-170.0
J8,-170.0
J8,-170.0
J8,-170.0
J8,-170.0
J8,-170.0
J8,-170.0
J8,-170.0
J8,-170.0
J8,-170.0
J8,-170.0
J8,-170.0
J8,-170.0
J8,-170.0
J8,-170.0
J8,-170.0
J8,-170.0
J8,-170.0
J8,-170.0
J8,-170.0
J8,-170.0
J8,-170.0
J8,-170.0
J8,-170.0
J8,-170.0
J8,-170.0
J8,-170.0
J8,-170.0
J8,-170.0
J8,-170.0
J8,-170.0
J8,-170.0
J8,-170.0
J8,-170.0
J8,-170.0
J8,-170.0
J8,-170.0
J8,-170.0
J8,-170.0
J8,-170.0
J8,-170.0
J8,-170.0
J8,-170.0
J8,-170.0
J8,-170.0
J8,-170.0
J8,-170.0
J8,-170.0
J8,1014.5
J8,1024.0
J8,-150.0
J8,-150.0
J8,-153.0
J8,-160.0
J8,-165.0
J8,-170.0
J8,-170.0
J8,-170.0
J8,-170.0
J8,-170.0
J8,-170.0
J8,-170.0
J8,-170.0
J8,-170.0
J8,-170.0
J8,-170.0
J8,-170.0
J8,-170.0
J8,-170.0
J8,-170.0
J8,-170.0
J8,-170.0
J8,-170.0
J8,-170.0
J8,-170.0
J8,1264.0
J8,1270.5
J8,-150.0
J8,-150.0
J8,-152.0
J8,-160.0
J8,-164.0
J8,-170.0
J8,-170.0
J8,-170.0
J8,-170.0
J8,-170.0
J8,-170.0
J8,-170.0
J8,-170.0
J8,-170.0
J8,-170.0
J8,-170.0
J8,-170.0
J8,-170.0
J8,-170.0
J8,-170.0
J8,-170.0
J8,-170.0
J8,-170.0
J8,-170.0
J8,-170.0
J8,-170.0
J8,-170.0
J8,-170.0
J8,-170.0
J8,-170.0
J8,-170.0
J8,3002.5
J8,-150.0
J8,-150.0
J8,-150.0
J8,-154.0
J8,-161.5
J8,-170.0
J8,-170.0
J8,-170.0
J8,-170.0
J8,-170.0
J8,-170.0
J8,-170.0
J8,-170.0
J8,-170.0
J8,-170.0
J8,-170.0
J8,-170.0
J8,-170.0
J8,-170.0
J8,-170.0
J8,-170.0
J8,-170.0
J8,-170.0
J8,-170.0
J8,-170.0
J8,-170.0
J8,-170.0
J8,-170.0
J8,-170.0
J8,-170.0
J8,-170.0
J8,-170.0
J8,-170.0
J8,-170.0
J8,-170.0
J8,1753.0
J8,2688.0
J8,-144.5
J8,-150.0
J8,-150.5
J8,-164.5
J8,-170.0
J8,-170.0
J8,-170.0
J8,-170.0
J8,-170.0
J8,-170.0
J8,-170.0
J8,-170.0
J8,-170.0
J8,-170.0
J8,-170.0
J8,-170.0
J8,-170.0
J8,-170.0
J8,-170.0
J8,-170.0
J8,-170.0
J8,-170.0
J8,-170.0
J8,-170.0
J8,-170.0
J8,-170.0
J8,-170.0
J8,-170.0
J8,-170.0
J8,-170.0
J8,-170.0
J8,-170.0
J8,-170.0
J8,-170.0
J8,-170.0
J8,-170.0
J8,-170.0
J8,-170.0
J8,-170.0
J8,-170.0
J8,-170.0
J8,-170.0
J8,-170.0
J8,-170.0
J8,-170.0
J8,-170.0
J8,-170.0
J8,-170.0
J8,-170.0
J8,-170.0
J8,-170.0
J8,-170.0
J8,1799.5
J8,352.5
J8,-150.0
J8,-151.5
J8,-160.0
J8,-160.0
J8,-160.0
J8,-160.0
J8,-160.0
J8,-160.0
J8,-160.0
J8,-160.0
J8,-160.0
J8,-160.0
J8,-160.0
J8,-160.0
J8,-160.0
J8,-160.0
J8,-160.0
J8,-160.0
J8,-160.0
J8,-160.0
J8,-160.0
J8,-160.0
J8,-160.0
J8,-160.0
J8,-160.0
J8,-160.0
J8,-160.0
J8,-160.0
J8,-160.0
J8,-160.0
J8,1664.0
J8,-140.0
J8,1009.0
J8,-135.0
J8,-150.0
J8,-155.0
J8,-160.0
J8,-160.0
J8,-160.0
J8,-160.0
J8,-160.0
J8,-160.0
J8,-160.0
J8,-160.0
J8,-160.0
J8,-160.0
J8,-160.0
J8,-160.0
J8,-160.0
J8,-160.0
J8,-160.0
J8,-160.0
J8,-160.0
J8,-160.0
J8,-160.0
J8,-160.0
J8,-160.0
J8,-160.0
J8,-160.0
J8,-160.0
J8,-160.0
J8,-160.0
J8,-160.0
J8,-160.0
J8,-160.0
J8,-160.0
J8,-160.0
J8,-160.0
J8,1714.0
J8,1769.0
J8,-132.0
J8,-142.0
J8,-152.0
J8,-160.0
J8,-160.0
J8,-160.0
J8,-160.0
J8,-160.0
J8,-160.0
J8,-160.0
J8,-160.0
J8,-160.0
J8,-160.0
J8,-160.0
J8,-160.0
J8,-160.0
J8,-160.0
J8,-160.0
J8,-160.0
J8,-160.0
J8,-160.0
J8,-160.0
J8,-160.0
J8,-160.0
J8,-160.0
J8,-160.0
J8,-160.0
J8,-160.0
J8,-160.0
J8,-160.0
J8,-160.0
J8,-160.0
J8,-160.0
J8,-160.0
J8,-160.0
J8,-160.0
J8,-160.0
J8,-160.0
J8,-160.0
J8,-160.0
J8,-160.0
J8,-160.0
J8,-160.0
J8,-160.0
J8,-160.0
J8,-160.0
J8,683.0
J8,-150.0
J8,-150.0
J8,-150.0
J8,-150.0
J8,-154.5
J8,-160.0
J8,-160.0
J8,-161.5
J8,-170.0
J8,-170.0
J8,2543.5
J8,-152.0
J8,-108.5
J8,-151.0
J8,-160.0
J8,-160.0
J8,-160.0
J8,-160.0
J8,-160.0
J8,-160.0
J8,-160.0
J8,-160.0
J8,-160.0
J8,-160.0
J8,-160.0
J8,-160.0
J8,-160.0
J8,-160.0
J8,-160.0
J8,-160.0
J8,-160.0
J8,-160.0
J8,-160.0
J8,-160.0
J8,-160.0
J8,-160.0
J8,-160.0
J8,-160.0
J8,-160.0
J8,-160.0
J8,-160.0
J8,-160.0
J8,-160.0
J8,-160.0
J8,-160.0
J8,1475.5
J8,191.0
J8,-135.0
J8,-150.0
J8,-150.0
J8,-150.0
J8,-150.0
J8,-154.5
J8,-161.5
J8,-170.0
J8,-170.0
J8,-170.0
J8,-170.0
J8,-170.0
J8,-170.0
J8,-170.0
J8,-170.0
J8,-170.0
J8,-170.0
J8,-170.0
J8,-170.0
J8,-170.0
J8,-170.0
J8,-170.0
J8,1361.5
J8,74.0
J8,-150.5
J8,31.5
J8,-156.5
J8,-160.0
J8,-160.0
J8,-277.5
J8,-170.0
J8,-113.5
J8,-160.0
J8,-165.0
J8,-170.0
J8,-170.0
J8,-170.0
J8,-170.0
J8,-170.0
J8,-170.0
J8,-170.0
J8,-170.0
J8,1182.0
J8,271.0
J8,-150.5
J8,-35.0
J8,-151.0
J8,-160.0
J8,-160.0
J8,-164.0
J8,-170.0
J8,-170.0
J8,-170.0
J8,-170.0
J8,-170.0
J8,-170.0
J8,-170.0
J8,-170.0
J8,-170.0
J8,-170.0
J8,-170.0
J8,-170.0
J8,1372.0
J8,230.5
J8,-150.0
J8,-150.5
J8,-160.0
J8,-160.0
J8,-162.0
J8,-170.0
J8,-170.0
J8,-170.0
J8,-170.0
J8,-170.0
J8,-170.0
J8,-170.0
J8,-170.0
J8,-170.0
J8,-170.0
J8,-170.0
J8,-170.0
J8,-170.0
J8,1084.5
J8,-160.0
J8,-160.0
J8,-160.0
J8,-162.5
J8,-170.0
J8,-170.0
J8,-170.0
J8,-170.0
J8,-170.0
J8,-170.0
J8,-170.0
J8,-170.0
J8,340.5
J8,857.0
J8,178.0
J8,-150.0
J8,-166.5
J8,-180.0
J8,-131.0
J8,-162.0
J8,-170.0
J8,-170.0
J8,-170.0
J8,-170.0
J8,-170.0
J8,-170.0
J8,-170.0
J8,-170.0
J8,-170.0
J8,-170.0
J8,-170.0
J8,797.5
J8,-160.0
J8,-160.0
J8,-164.5
J8,-170.0
J8,-170.0
J8,-170.0
J8,22.0
J8,-163.0
J8,-170.0
J8,-170.0
J8,-170.0
J8,631.0
J8,142.0
J8,-87.0
J8,-144.0
J8,-151.5
J8,-160.0
J8,-163.0
J8,-170.0
J8,-170.0
J8,-170.0
J8,-170.0
J8,-170.0
J8,724.0
J8,247.5
J8,-150.0
J8,-150.0
J8,-153.5
J8,-160.0
J8,-161.5
J8,-170.0
J8,-170.0
J8,-170.0
J8,-170.0
J8,-170.0
J8,-170.0
J8,-170.0
J8,1026.5
J8,-152.0
J8,-160.0
J8,-160.0
J8,-160.0
J8,-160.0
J8,-161.5
J8,-170.0
J8,-170.0
J8,-170.0
J8,-170.0
J8,-170.0
J8,-170.0
J8,316.0
J8,-150.0
J8,-61.0
J8,-150.0
J8,-150.0
J8,-152.5
J8,992.0
J8,-117.5
J8,-132.5
J8,-140.0
J8,-140.0
J8,-145.5
J8,-170.0
J8,-170.0
J8,-170.0
J8,-170.0
J8,-170.0
J8,-170.0
J8,-170.0
J8,-170.0
J8,12.5
J8,383.0
J8,-41.5
J8,-150.0
J8,-161.0
J8,-170.0
J8,-159.0
J8,-170.0
J8,-170.0
J8,566.0
J8,-150.0
J8,124.5
J8,-135.0
J8,-143.5
J8,-154.5
J8,-162.5
J8,-170.0
J8,-170.0
J8,-170.0
J8,-170.0
J8,12.0
J8,9.0
J8,-48.5
J8,-150.0
J8,-162.0
J8,522.0
J8,-106.5
J8,-140.0
J8,-140.0
J8,-140.0
J8,-140.0
J8,-140.0
J8,-140.0
J8,-140.0
J8,-140.0
J8,301.5
J8,-130.0
J8,-134.5
J8,-152.0
J8,-160.0
J8,-160.0
J8,167.5
J8,-140.0
J8,93.0
J8,-133.0
J8,-147.5
J8,-160.5
J8,-170.0
J8,174.5
J8,-160.0
J8,-160.0
J8,-19.5
J8,-111.5
J8,-130.5
J8,375.5
J8,-17.0
J8,-114.5
J8,-127.5
J8,-145.5
J8,-160.0
J8,-160.0
J8,-160.5
J8,9.5
J8,14.5
J8,-160.0
J8,-160.0
J8,-160.0
J8,59.5
J8,28.0
J8,-126.0
J8,-143.5
J8,-150.0
J8,33.5
J8,-140.5
J8,-150.0
J8,-150.0
J8,-84.5
J8,315.5
J8,-112.0
J8,-89.0
J8,-131.0
J8,-143.0
J8,-154.0
J8,-160.0
J8,-160.0
J8,-24.0
J8,-142.0
J8,-84.0
J8,0.0
J8,0.0
J8,-1.0
J8,-10.0
J8,-12.5
J8,-25.0
J8,-40.0
J8,-41.0
J8,-50.0
J8,-50.0
J8,-50.0
J8,-55.5
J8,8.5
J8,14.0
J8,-62.5
J8,-80.0
J8,-80.0
J8,-80.0
J8,-80.0
J8,-80.0
J8,-84.5
J8,-90.0
J8,-90.0
J8,-90.0
J8,-90.0
J8,290.5
J8,-68.5
J8,-72.5
J8,-90.0
J8,-90.0
J8,-90.0
J8,-90.0
J8,-90.0
J8,-90.0
J8,-90.0
J8,-90.0
J8,-93.0
J8,-100.0
J8,-103.0
J8,-120.5
J8,-111.0
J8,-124.0
J8,-160.5
J8,-140.0
J8,-119.5
J8,-57.0
J8,-7.0
J8,-120.0
J8,33.0
J8,-100.0
J8,-107.0
J8,-47.5
J8,-53.0
J8,-92.5
J8,-87.5
J8,-90.0
J8,-90.0
J8,-90.0
J8,-90.0
J8,-90.0
J8,-90.0
J8,-90.0
J8,-90.0
J8,-90.0
J8,-90.0
J8,-90.0
J8,-90.0
J8,-90.0
J8,-90.0
J8,-90.0
J8,-90.0
J8,-90.0
J8,-90.0
J8,-90.0
J8,-90.0
J8,-90.0
J8,-90.0
J8,-90.0
J8,-90.0
J8,-90.0
J8,-90.0
J8,-90.0
J8,-90.0
J8,-90.0
J8,-90.0
J8,-90.0
J8,-90.0
J8,-90.0
J8,-90.0
J8,-90.0
J8,-90.0
J8,-90.0
J8,-90.0
J8,-90.0
J8,-90.0
J8,-90.0
J8,-90.0
J8,-90.0
J8,-90.0
J8,760.5
J8,782.0
J8,-72.5
J8,-90.0
J8,-90.0
J8,-90.0
J8,-90.0
J8,-90.0
J8,-90.0
J8,-90.0
J8,-90.0
J8,-90.0
J8,-90.0
J8,-90.0
J8,-90.0
J8,-90.0
J8,-90.0
J8,-90.0
J8,-90.0
J8,-90.0
J8,-90.0
J8,-90.0
J8,-90.0
J8,-90.0
J8,-90.0
J8,-90.0
J8,-90.0
J8,-90.0
J8,-90.0
J8,-90.0
J8,-90.0
J8,-90.0
J8,-90.0
J8,-90.0
J8,-90.0
J8,-90.0
J8,-90.0
J8,-90.0
J8,-90.0
J8,-90.0
J8,1032.0
J8,1050.5
J8,-75.0
J8,-100.0
J8,-103.0
J8,-115.5
J8,-54.5
J8,-100.0
J8,-64.5
J8,-92.0
J8,-88.0
J8,-90.0
J8,-90.0
J8,-90.0
J8,-90.0
J8,-90.0
J8,-90.0
J8,-90.0
J8,-90.0
J8,-90.0
J8,-90.0
J8,-90.0
J8,-90.0
J8,-90.0
J8,-90.0
J8,-90.0
J8,-90.0
J8,-90.0
J8,-90.0
J8,-90.0
J8,-90.0
J8,-90.0
J8,-90.0
J8,-90.0
J8,-90.0
J8,-90.0
J8,-90.0
J8,-90.0
J8,-90.0
J8,-90.0
J8,-90.0
J8,-90.0
J8,-90.0
J8,-90.0
J8,-90.0
J8,-90.0
J8,-90.0
J8,-90.0
J8,-90.0
J8,-90.0
J8,-90.0
J8,-90.0
J8,-90.0
J8,821.0
J8,-79.0
J8,-82.5
J8,-90.0
J8,-90.0
J8,-90.0
J8,-90.0
J8,-90.0
J8,-90.0
J8,-90.0
J8,-90.0
J8,-90.0
J8,-90.0
J8,-90.0
J8,-90.0
J8,-90.0
J8,-90.0
J8,-90.0
J8,-90.0
J8,-90.0
J8,-90.0
J8,-90.0
J8,1040.5
J8,-80.0
J8,-83.5
J8,-90.0
J8,-90.0
J8,-90.0
J8,-90.0
J8,-90.0
J8,-90.0
J8,-90.0
J8,-90.0
J8,-90.0
J8,-90.0
J8,-90.0
J8,-90.0
J8,-90.0
J8,-90.0
J8,-90.0
J8,-90.0
J8,-90.0
J8,-90.0
J8,-90.0
J8,-90.0
J8,-90.0
J8,-90.0
J8,-90.0
J8,-90.0
J8,911.0
J8,931.5
J8,-72.5
J8,-90.0
J8,-90.0
J8,-90.0
J8,-90.0
J8,-90.0
J8,-90.0
J8,-90.0
J8,-90.0
J8,-90.0
J8,-90.0
J8,-90.0
J8,-90.0
J8,-90.0
J8,-90.0
J8,-90.0
J8,-90.0
J8,-90.0
J8,-90.0
J8,-90.0
J8,-90.0
J8,-90.0
J8,-90.0
J8,-90.0
J8,-90.0
J8,-90.0
J8,-90.0
J8,-90.0
J8,-90.0
J8,-90.0
J8,-90.0
J8,-90.0
J8,-90.0
J8,-90.0
J8,-90.0
J8,-90.0
J8,-90.0
J8,-90.0
J8,-90.0
J8,-90.0
J8,-90.0
J8,-90.0
J8,-90.0
J8,-90.0
J8,-90.0
J8,849.5
J8,656.5
J8,-72.0
J8,-85.0
J8,-90.0
J8,-90.0
J8,-90.0
J8,-90.0
J8,-90.0
J8,-90.0
J8,-90.0
J8,-90.0
J8,-90.0
J8,-90.0
J8,-90.0
J8,-90.0
J8,-90.0
J8,-90.0
J8,-90.0
J8,-90.0
J8,-90.0
J8,-90.0
J8,-90.0
J8,-90.0
J8,-90.0
J8,-90.0
J8,-90.0
J8,-90.0
J8,-90.0
J8,-90.0
J8,-90.0
J8,-90.0
J8,-90.0
J8,-90.0
J8,-90.0
J8,-90.0
J8,-90.0
J8,-90.0
J8,-90.0
J8,-90.0
J8,762.0
J8,780.5
J8,-72.0
J8,-85.0
J8,-90.0
J8,-90.0
J8,-90.0
J8,-90.0
J8,-90.0
J8,-90.0
J8,-90.0
J8,-90.0
J8,-90.0
J8,-90.0
J8,-90.0
J8,-90.0
J8,-90.0
J8,-90.0
J8,-90.0
J8,-90.0
J8,-90.0
J8,-90.0
J8,-90.0
J8,-90.0
J8,-90.0
J8,-90.0
J8,-90.0
J8,-90.0
J8,-90.0
J8,-90.0
J8,-90.0
J8,-90.0
J8,-90.0
J8,-90.0
J8,-90.0
J8,-90.0
J8,-90.0
J8,-90.0
J8,-90.0
J8,-90.0
J8,-90.0
J8,702.0
J8,715.0
J8,-71.5
J8,-85.0
J8,-90.0
J8,-90.0
J8,-90.0
J8,-90.0
J8,-90.0
J8,-90.0
J8,-90.0
J8,-90.0
J8,-90.0
J8,-90.0
J8,-90.0
J8,-90.0
J8,-90.0
J8,-90.0
J8,-90.0
J8,-90.0
J8,-90.0
J8,-90.0
J8,-90.0
J8,-90.0
J8,-90.0
J8,-90.0
J8,-90.0
J8,-90.0
J8,-90.0
J8,-90.0
J8,-90.0
J8,-90.0
J8,-90.0
J8,-90.0
J8,-90.0
J8,-90.0
J8,-90.0
J8,-90.0
J8,1445.0
J8,-68.0
J8,-73.0
J8,-90.0
J8,-90.0
J8,-90.0
J8,-90.0
J8,-90.0
J8,-90.0
J8,-90.0
J8,-90.0
J8,-90.0
J8,-90.0
J8,-90.0
J8,-90.0
J8,-90.0
J8,-90.0
J8,-90.0
J8,-90.0
J8,-90.0
J8,-90.0
J8,-90.0
J8,-90.0
J8,-90.0
J8,-90.0
J8,-90.0
J8,-90.0
J8,-90.0
J8,-90.0
J8,-90.0
J8,-90.0
J8,-90.0
J8,-90.0
J8,-90.0
J8,-90.0
J8,-90.0
J8,1346.0
J8,-69.5
J8,-72.5
J8,-90.0
J8,-90.0
J8,-90.0
J8,-90.0
J8,-90.0
J8,-90.0
J8,-90.0
J8,-90.0
J8,-90.0
J8,-90.0
J8,-90.0
J8,-90.0
J8,-90.0
J8,-90.0
J8,-90.0
J8,-90.0
J8,-90.0
J8,-90.0
J8,-90.0
J8,-90.0
J8,-90.0
J8,-90.0
J8,-90.0
J8,-90.0
J8,-90.0
J8,-90.0
J8,-90.0
J8,-90.0
J8,-90.0
J8,-90.0
J8,-90.0
J8,-90.0
J8,602.5
J8,620.5
J8,-72.5
J8,-90.0
J8,-90.0
J8,-90.0
J8,-90.0
J8,-90.0
J8,-90.0
J8,-90.0
J8,-90.0
J8,-90.0
J8,-90.0
J8,-90.0
J8,-90.0
J8,-90.0
J8,-90.0
J8,-90.0
J8,-90.0
J8,-90.0
J8,-90.0
J8,-90.0
J8,-90.0
J8,-90.0
J8,-90.0
J8,-90.0
J8,-90.0
J8,-90.0
J8,-90.0
J8,-90.0
J8,-90.0
J8,-90.0
J8,-90.0
J8,572.0
J8,590.5
J8,-72.5
J8,-90.0
J8,-90.0
J8,-90.0
J8,-90.0
J8,-90.0
J8,-90.0
J8,-90.0
J8,-90.0
J8,-90.0
J8,-90.0
J8,-90.0
J8,-90.0
J8,-90.0
J8,-90.0
J8,-90.0
J8,-90.0
J8,-90.0
J8,-90.0
J8,-90.0
J8,-90.0
J8,-90.0
J8,-90.0
J8,-90.0
J8,-90.0
J8,-90.0
J8,-90.0
J8,-90.0
J8,-90.0
J8,-90.0
J8,540.0
J8,562.5
J8,-72.5
J8,-90.0
J8,-90.0
J8,-90.0
J8,-90.0
J8,-90.0
J8,-90.0
J8,-90.0
J8,-90.0
J8,-90.0
J8,-90.0
J8,-90.0
J8,-90.0
J8,-90.0
J8,-90.0
J8,-90.0
J8,-90.0
J8,-90.0
J8,-90.0
J8,-90.0
J8,-90.0
J8,-90.0
J8,-90.0
J8,-90.0
J8,-90.0
J8,-90.0
J8,-90.0
J8,-90.0
J8,512.0
J8,530.5
J8,-72.5
J8,-90.0
J8,-90.0
J8,-90.0
J8,-90.0
J8,-90.0
J8,-90.0
J8,-90.0
J8,-90.0
J8,-90.0
J8,-90.0
J8,-90.0
J8,-90.0
J8,-90.0
J8,-90.0
J8,-90.0
J8,-90.0
J8,-90.0
J8,-90.0
J8,-90.0
J8,-90.0
J8,-90.0
J8,-90.0
J8,-90.0
J8,-90.0
J8,-90.0
J8,-90.0
J8,480.0
J8,502.5
J8,-72.5
J8,-90.0
J8,-90.0
J8,-90.0
J8,-90.0
J8,-90.0
J8,-90.0
J8,-90.0
J8,-90.0
J8,-90.0
J8,-90.0
J8,-90.0
J8,-90.0
J8,-90.0
J8,-90.0
J8,-90.0
J8,-90.0
J8,-90.0
J8,-90.0
J8,-90.0
J8,-90.0
J8,-90.0
J8,-90.0
J8,-90.0
J8,440.5
J8,462.0
J8,-72.5
J8,-90.0
J8,-90.0
J8,-90.0
J8,-90.0
J8,-90.0
J8,-90.0
J8,-90.0
J8,-90.0
J8,-90.0
J8,-90.0
J8,-90.0
J8,-90.0
J8,-90.0
J8,-90.0
J8,-90.0
J8,-90.0
J8,-90.0
J8,-90.0
J8,-90.0
J8,-90.0
J8,-90.0
J8,-90.0
J8,-90.0
J8,911.5
J8,-69.0
J8,-72.5
J8,-90.0
J8,-90.0
J8,-90.0
J8,-90.0
J8,-90.0
J8,-90.0
J8,-90.0
J8,-90.0
J8,-90.0
J8,-90.0
J8,-90.0
J8,-90.0
J8,-90.0
J8,-90.0
J8,-90.0
J8,-90.0
J8,-90.0
J8,-90.0
J8,-90.0
J8,-90.0
J8,-90.0
J8,-90.0
J8,402.0
J8,-80.0
J8,-83.0
J8,-90.0
J8,-90.0
J8,-90.0
J8,-90.0
J8,-90.0
J8,-90.0
J8,-90.0
J8,-90.0
J8,-90.0
J8,-90.0
J8,530.5
J8,292.0
J8,-72.5
J8,-90.0
J8,-90.0
J8,-90.0
J8,-90.0
J8,-90.0
J8,-90.0
J8,-90.0
J8,-90.0
J8,-90.0
J8,-90.0
J8,-90.0
J8,-90.0
J8,-90.0
J8,-90.0
J8,-90.0
J8,-90.0
J8,-90.0
J8,-90.0
J8,-90.0
J8,-90.0
J8,499.5
J8,-79.0
J8,-83.0
J8,-90.0
J8,-90.0
J01,0.0
J01,0.0
J01,-5.0
J01,-1.5
J01,-20.5
J01,-37.0
J01,3.0
J01,-9.0
J01,-50.0
J01,-75.0
J01,-139.5
J01,-174.0
J01,-41.0
J01,-141.5
J01,65.0
J01,-17.5
J01,-215.0
J01,-221.5
J01,-278.5
J01,213.0
J01,85.5
J01,-136.5
J01,-106.5
J01,147.0
J01,-159.0
J01,245.0
J01,-21.0
J01,-192.0
J01,229.0
J01,192.0
J01,-81.5
J01,-22.0
J01,-142.0
J01,-254.0
J01,-95.0
J01,-242.0
J01,-72.5
J01,398.0
J01,205.0
J01,-57.5
J01,-146.0
J01,-223.5
J01,-274.0
J01,-280.0
J01,-280.0
J01,-280.0
J01,-280.0
J01,-280.0
J01,-280.0
J01,-280.0
J01,510.0
J01,632.0
J01,252.0
J01,-185.0
J01,-237.5
J01,-274.5
J01,-216.5
J01,-137.0
J01,-222.5
J01,-247.0
J01,-274.0
J01,-280.0
J01,1166.0
J01,317.5
J01,-212.5
J01,-252.0
J01,-93.0
J01,-13.0
J01,-146.0
J01,-220.5
J01,-240.0
J01,959.5
J01,670.5
J01,-210.0
J01,-146.5
J01,-147.0
J01,696.0
J01,579.0
J01,-210.0
J01,-241.5
J01,-270.5
J01,-64.0
J01,616.5
J01,-194.5
J01,501.0
J01,142.0
J01,-54.5
J01,-17.5
J01,-232.0
J01,-193.0
J01,-250.5
J01,-264.0
J01,-284.5
J01,775.5
J01,54.0
J01,-216.5
J01,693.5
J01,14.5
J01,-103.0
J01,-210.5
J01,-266.5
J01,-273.5
J01,310.5
J01,33.0
J01,-231.0
J01,-128.0
J01,-276.5
J01,93.5
J01,-261.0
J01,89.5
J01,-159.0
J01,-163.0
J01,598.5
J01,461.0
J01,-240.5
J01,-183.5
J01,-246.0
J01,-320.0
J01,-131.0
J01,-104.0
J01,848.0
J01,212.5
J01,-135.5
J01,-246.5
J01,971.0
J01,-78.5
J01,-184.0
J01,-153.0
J01,-224.0
J01,-280.0
J01,-280.0
J01,-280.0
J01,-280.0
J01,-280.0
J01,-280.0
J01,-280.0
J01,-280.0
J01,-98.0
J01,-272.5
J01,-281.5
J01,-290.0
J01,1374.0
J01,739.0
J01,78.5
J01,-30.5
J01,-47.5
J01,1072.0
J01,177.0
J01,-89.0
J01,-169.5
J01,420.0
J01,356.0
J01,-189.5
J01,-247.5
J01,-56.5
J01,-189.5
J01,487.0
J01,451.5
J01,330.0
J01,310.5
J01,-1.5
J01,38.5
J01,-25.5
J01,-174.0
J01,-214.0
J01,-279.0
J01,-290.0
J01,97.5
J01,-240.5
J01,53.0
J01,142.5
J01,15.0
J01,144.5
J01,244.0
J01,178.0
J01,520.0
J01,-102.5
J01,-142.5
J01,-127.5
J01,-14.0
J01,-126.0
J01,-26.5
J01,-199.5
J01,-161.0
J01,-259.5
J01,-83.0
J01,-262.5
J01,-250.5
J01,170.0
J01,-254.0
J01,-247.5
J01,268.0
J01,131.5
J01,-197.5
J01,-235.0
J01,-278.0
J01,143.5
J01,85.5
J01,-244.5
J01,-263.0
J01,577.0
J01,216.5
J01,634.0
J01,40.5
J01,263.0
J01,-185.0
J01,-290.0
J01,-310.0
J01,-269.0
J01,-300.0
J01,-22.0
J01,-95.5
J01,-252.0
J01,-149.5
J01,-164.5
J01,624.0
J01,431.0
J01,-194.5
J01,669.0
J01,506.0
J01,295.5
J01,-135.0
J01,-79.0
J01,314.5
J01,239.0
J01,334.0
J01,-101.0
J01,-204.5
J01,-71.5
J01,-247.0
J01,-283.0
J01,-113.5
J01,9.0
J01,59.0
J01,92.0
J01,16.5
J01,-165.5
J01,289.0
J01,-120.5
J01,-310.0
J01,-314.0
J01,-274.0
J01,-300.0
J01,-300.0
J01,-300.0
J01,-118.0
J01,-77.5
J01,833.5
J01,509.5
J01,345.0
J01,-164.0
J01,198.0
J01,-136.5
J01,-217.5
J01,203.5
J01,-211.5
J01,281.0
J01,-137.0
J01,-157.5
J01,42.0
J01,582.0
J01,539.5
J01,47.0
J01,3.0
J01,-26.0
J01,-41.5
J01,185.5
J01,-8.0
J01,-43.5
J01,126.5
J01,-165.5
J01,179.5
J01,-122.0
J01,78.0
J01,-206.5
J01,-261.0
J01,-290.0
J01,43.5
J01,513.5
J01,-50.0
J01,-158.0
J01,-210.5
J01,-290.5
J01,169.0
J01,-28.5
J01,-224.0
J01,-259.0
J01,36.5
J01,-137.0
J01,-274.0
J01,-290.0
J01,332.0
J01,204.5
J01,-210.0
J01,9.5
J01,-197.0
J01,475.0
J01,-216.5
J01,-108.5
J01,660.5
J01,466.0
J01,18.0
J01,-129.5
J01,252.5
J01,255.0
J01,218.5
J01,-0.5
J01,137.0
J01,-60.5
J01,14.5
J01,-75.0
J01,79.0
J01,-112.5
J01,-115.5
J01,-215.5
J01,-156.0
J01,-290.0
J01,-86.0
J01,-226.0
J01,167.5
J01,-97.0
J01,-177.5
J01,-140.0
J01,214.5
J01,321.0
J01,41.0
J01,79.0
J01,-32.5
J01,-81.0
J01,-201.0
J01,281.0
J01,475.0
J01,101.0
J01,146.0
J01,-40.0
J01,-211.5
J01,-187.5
J01,21.0
J01,41.5
J01,-150.0
J01,-213.5
J01,-276.5
J01,-176.5
J01,-245.5
J01,236.5
J01,213.0
J01,394.0
J01,353.0
J01,53.0
J01,-118.0
J01,-211.5
J01,-305.5
J01,-189.0
J01,-285.5
J01,-79.0
J01,-199.5
J01,-171.5
J01,-323.0
J01,328.5
J01,-1.5
J01,-198.5
J01,-219.0
J01,-276.0
J01,-290.0
J01,-290.0
J01,-290.0
J01,2.5
J01,-282.5
J01,503.5
J01,1115.5
J01,232.5
J01,-171.5
J01,383.0
J01,254.5
J01,202.0
J01,-109.0
J01,-129.0
J01,171.5
J01,-286.5
J01,463.0
J01,-58.0
J01,-210.5
J01,-293.0
J01,-328.5
J01,-340.0
J01,-150.0
J01,-196.5
J01,-256.5
J01,-290.0
J01,-290.0
J01,-290.0
J01,-290.0
J01,-290.0
J01,-290.0
J01,-290.0
J01,-290.0
J01,2.5
J01,193.0
J01,998.5
J01,1784.0
J01,734.5
J01,267.0
J01,387.5
J01,288.0
J01,-231.5
J01,-274.5
J01,-280.0
J01,25.5
J01,-117.5
J01,-256.0
J01,-275.0
J01,-152.5
J01,-177.5
J01,-196.0
J01,-185.0
J01,-222.0
J01,741.0
J01,-213.0
J01,-196.0
J01,-215.5
J01,-271.0
J01,-236.5
J01,-213.5
J01,574.0
J01,-260.0
J01,-270.0
J01,667.5
J01,547.0
J01,-60.0
J01,-142.5
J01,-161.0
J01,848.0
J01,201.0
J01,527.0
J01,442.0
J01,-72.0
J01,-143.0
J01,209.0
J01,-200.0
J01,198.0
J01,331.5
J01,1.5
J01,44.0
J01,56.0
J01,-112.0
J01,-175.5
J01,-200.5
J01,-259.5
J01,-290.0
J01,-290.0
J01,-290.0
J01,-138.5
J01,-280.0
J01,-216.5
J01,-106.0
J01,-270.0
J01,-274.0
J01,-239.5
J01,-247.5
J01,667.0
J01,-221.0
J01,486.0
J01,518.5
J01,151.5
J01,86.0
J01,494.5
J01,-96.5
J01,-121.0
J01,823.5
J01,802.5
J01,-78.0
J01,-100.5
J01,-20.5
J01,-256.5
J01,-280.0
J01,-280.0
J01,-280.0
J01,-178.5
J01,-168.5
J01,121.5
J01,-94.5
J01,-79.0
J01,-104.5
J01,343.0
J01,-206.5
J01,-223.0
J01,367.0
J01,194.5
J01,249.5
J01,-202.5
J01,-154.0
J01,161.0
J01,239.5
J01,-221.0
J01,269.0
J01,278.0
J01,26.0
J01,-239.5
J01,0.5
J01,395.0
J01,127.5
J01,-121.5
J01,-176.0
J01,-114.5
J01,-85.0
J01,-48.0
J01,-169.5
J01,239.0
J01,-188.5
J01,-247.5
J01,179.0
J01,238.5
J01,-210.0
J01,88.0
J01,70.5
J01,-191.5
J01,-239.5
J01,140.0
J01,125.0
J01,-216.0
J01,216.5
J01,86.0
J01,-209.0
J01,-252.0
J01,31.0
J01,-42.5
J01,47.5
J01,244.0
J01,-28.5
J01,-1.0
J01,-96.5
J01,-84.5
J01,137.0
J01,-122.0
J01,-40.5
J01,-258.0
J01,-11.5
J01,276.5
J01,4.5
J01,195.0
J01,-23.0
J01,97.5
J01,-219.5
J01,-20.0
J01,-58.0
J01,231.5
J01,-157.0
J01,-212.0
J01,-279.5
J01,-323.5
J01,123.0
J01,151.0
J01,210.0
J01,888.5
J01,11.5
J01,-26.0
J01,-199.5
J01,-206.5
J01,-338.5
J01,168.0
J01,167.5
J01,-273.5
J01,-280.0
J01,-340.5
J01,-243.0
J01,-227.5
J01,-337.5
J01,-289.0
J01,-269.0
J01,-77.0
J01,-313.5
J01,-334.0
J01,-246.0
J01,-227.5
J01,-145.5
J01,53.5
J01,337.5
J01,-270.5
J01,-284.0
J01,-290.0
J01,-290.0
J01,75.5
J01,-29.5
J01,-199.5
J01,-252.0
J01,869.0
J01,2026.0
J01,672.5
J01,366.5
J01,-131.0
J01,-193.5
J01,78.5
J01,-188.5
J01,198.0
J01,669.5
J01,11.0
J01,-23.5
J01,399.0
J01,-191.5
J01,292.0
J01,357.0
J01,89.0
J01,115.0
J01,-132.5
J01,133.5
J01,68.0
J01,127.5
J01,-127.0
J01,-201.5
J01,-259.0
J01,-168.5
J01,-324.5
J01,-227.5
J01,-149.0
J01,41.0
J01,61.0
J01,283.0
J01,178.5
J01,300.0
J01,-141.5
J01,-188.5
J01,-283.0
J01,-330.0
J01,-330.0
J01,-266.5
J01,-218.5
J01,-310.0
J01,-7.5
J01,-47.0
J01,-282.5
J01,-294.0
J01,580.0
J01,233.5
J01,240.0
J01,-235.0
J01,382.0
J01,14.0
J01,-253.0
J01,-285.5
J01,705.0
J01,-5.5
J01,-195.0
J01,-243.0
J01,-314.5
J01,237.5
J01,545.5
J01,136.5
J01,-136.5
J01,-87.0
J01,-219.0
J01,477.5
J01,1008.5
J01,38.5
J01,-115.5
J01,-263.0
J01,571.0
J01,340.0
J01,-22.5
J01,-93.5
J01,24.5
J01,-172.0
J01,-129.0
J01,205.5
J01,77.5
J01,-80.5
J01,-320.0
J01,-326.5
J01,45.5
J01,-269.0
J01,-314.0
J01,-264.0
J01,-330.0
J01,-330.0
J01,-167.0
J01,-310.0
J01,-310.0
J01,-310.0
J01,-175.5
J01,-134.5
J01,-292.0
J01,1120.0
J01,-18.0
J01,-227.5
J01,544.5
J01,1315.0
J01,670.5
J01,-62.0
J01,-96.0
J01,381.0
J01,-248.0
J01,-283.5
J01,-294.0
J01,102.0
J01,184.5
J01,371.5
J01,165.5
J01,194.5
J01,196.0
J01,-137.0
J01,-91.5
J01,-220.5
J01,168.5
J01,511.0
J01,-5.5
J01,-149.5
J01,-201.0
J01,-38.0
J01,-189.0
J01,106.5
J01,-118.5
J01,-207.0
J01,538.5
J01,142.5
J01,185.0
J01,-50.0
J01,-87.0
J01,-163.5
J01,33.5
J01,-240.0
J01,153.5
J01,0.0
J01,0.0
J01,-5.0
J01,-32.0
J01,-18.0
J01,-29.0
J01,-17.5
J01,-27.5
J01,-42.0
J01,36.0
J01,-37.5
J01,-28.0
J01,4.5
J01,-98.0
J01,-166.5
J01,-48.0
J01,-249.0
J01,-5.0
J01,0.0
J01,55.0
J01,-143.0
J01,-205.5
J01,42.0
J01,-225.0
J01,74.0
J01,254.5
J01,196.0
J01,-143.0
J01,-60.0
J01,-138.0
J01,144.0
J01,63.5
J01,-9.0
J01,118.5
J01,124.5
J01,-102.5
J01,188.5
J01,102.0
J01,-70.0
J01,-26.0
J01,-81.0
J01,-237.5
J01,143.5
J01,-13.0
J01,-77.0
J01,-221.0
J01,-153.0
J01,-177.5
J01,-207.0
J01,-233.5
J01,-260.0
J01,-285.0
J01,-290.0
J01,-290.0
J01,-186.5
J01,-70.0
J01,-240.0
J01,-244.5
J01,-203.0
J01,785.0
J01,1630.5
J01,266.5
J01,-129.0
J01,-142.5
J01,-230.5
J01,-310.0
J01,721.5
J01,483.5
J01,-36.0
J01,-156.5
J01,-14.0
J01,40.5
J01,-156.0
J01,2.5
J01,-157.5
J01,-45.0
J01,-236.0
J01,20.0
J01,39.0
J01,-201.0
J01,-68.0
J01,165.0
J01,-203.0
J01,-97.0
J01,49.5
J01,-194.0
J01,-262.5
J01,-291.0
J01,-324.5
J01,368.5
J01,41.0
J01,54.0
J01,-291.5
J01,84.5
J01,-15.5
J01,-198.5
J01,440.5
J01,386.0
J01,-70.0
J01,-233.5
J01,306.5
J01,274.0
J01,-190.5
J01,-241.0
J01,246.0
J01,342.5
J01,11.0
J01,-84.0
J01,-245.5
J01,-275.0
J01,42.0
J01,-242.5
J01,555.0
J01,447.0
J01,353.5
J01,-165.0
J01,304.5
J01,29.0
J01,-161.5
J01,-198.0
J01,-193.0
J01,-290.0
J01,-294.5
J01,-310.0
J01,-209.5
J01,-207.0
J01,-300.0
J01,856.5
J01,632.5
J01,151.5
J01,158.0
J01,-138.5
J01,-55.0
J01,-169.0
J01,-217.5
J01,-286.0
J01,-274.0
J01,-212.0
J01,528.5
J01,738.5
J01,-49.0
J01,-98.5
J01,-167.0
J01,-264.0
J01,330.0
J01,230.0
J01,18.0
J01,65.0
J01,390.5
J01,-121.5
J01,-217.5
J01,-318.5
J01,-65.5
J01,63.0
J01,-172.0
J01,-248.5
J01,-219.0
J01,-255.0
J01,62.5
J01,-152.0
J01,-156.5
J01,-310.0
J01,36.5
J01,186.5
J01,-141.0
J01,-167.0
J01,389.5
J01,382.0
J01,559.5
J01,-81.0
J01,-103.0
J01,-242.5
J01,-259.0
J01,537.5
J01,1066.5
J01,75.0
J01,145.5
J01,36.0
J01,-84.5
J01,-179.5
J01,-272.0
J01,3.5
J01,260.5
J01,-112.5
J01,46.0
J01,132.5
J01,94.5
J01,101.5
J01,-113.0
J01,-266.0
J01,-259.0
J01,-216.0
J01,-231.0
J01,398.0
J01,485.0
J01,186.5
J01,108.0
J01,98.0
J01,-25.5
J01,-74.5
J01,-48.0
J01,-64.0
J01,-95.0
J01,127.0
J01,-124.5
J01,-200.5
J01,-258.0
J01,-36.0
J01,-19.0
J01,-3.0
J01,302.0
J01,-12.0
J01,-120.5
J01,59.5
J01,67.5
J01,105.0
J01,204.5
J01,-9.0
J01,-16.5
J01,29.0
J01,-16.5
J01,-54.0
J01,-224.0
J01,173.5
J01,-242.5
J01,-3.5
J01,80.0
J01,-218.0
J01,41.0
J01,-75.0
J01,-110.5
J01,-140.5
J01,132.0
J01,-219.5
J01,74.0
J01,166.5
J01,-91.0
J01,-195.5
J01,474.0
J01,464.5
J01,-74.5
J01,-140.0
J01,-144.5
J01,-73.0
J01,-110.5
J01,-233.5
J01,-94.0
J01,-7.5
J01,181.5
J01,-17.0
J01,-312.5
J01,140.0
J01,325.0
J01,91.0
J01,104.5
J01,-71.5
J01,176.0
J01,-173.5
J01,-24.0
J01,-211.0
J01,-101.5
J01,84.5
J01,20.5
J01,-170.5
J01,-85.0
J01,-227.5
J01,-306.5
J01,-297.5
J01,-287.0
J01,-300.0
J01,-300.0
J01,-76.0
J01,-290.0
J01,-115.0
J01,-286.5
J01,571.0
J01,630.5
J01,146.0
J01,-212.5
J01,542.0
J01,664.5
J01,475.0
J01,10.0
J01,-20.0
J01,-156.5
J01,388.0
J01,-262.0
J01,-161.0
J01,-195.5
J01,-181.5
J01,-254.0
J01,-271.0
J01,68.0
J01,631.5
J01,90.5
J01,-150.0
J01,-200.0
J01,-271.5
J01,164.5
J01,-13.5
J01,426.5
J01,-203.5
J01,420.0
J01,169.0
J01,144.0
J01,217.5
J01,58.5
J01,-117.0
J01,-239.0
J01,-163.0
J01,-280.0
J01,-283.5
J01,596.0
J01,-243.5
J01,-247.5
J01,430.0
J01,212.5
J01,29.0
J01,-171.5
J01,-120.5
J01,-290.0
J01,-104.5
J01,-177.5
J01,377.0
J01,-45.5
J01,-83.0
J01,-230.5
J01,-145.5
J01,-249.5
J01,-28.0
J01,76.5
J01,-235.0
J01,-72.0
J01,-154.5
J01,-22.0
J01,47.0
J01,216.5
J01,933.5
J01,361.5
J01,8.5
J01,80.0
J01,142.5
J01,-247.5
J01,-272.5
J01,212.5
J01,537.0
J01,62.0
J01,-63.5
J01,46.5
J01,321.0
J01,-60.5
J01,-131.5
J01,-92.5
J01,-253.0
J01,41.0
J01,-210.0
J01,-98.0
J01,-154.5
J01,-136.0
J01,-248.0
J01,-252.5
J01,106.5
J01,-231.5
J01,-270.0
J01,-73.5
J01,47.0
J01,462.5
J01,-216.0
J01,333.5
J01,936.5
J01,387.0
J01,56.0
J01,81.0
J01,79.5
J01,-104.5
J01,7.0
J01,-14.5
J01,-128.5
J01,-13.0
J01,-165.5
J01,-101.5
J01,-236.5
J01,226.0
J01,34.0
J01,-215.5
J01,-242.0
J01,-285.0
J01,-45.5
J01,174.0
J01,-170.5
J01,-247.0
J01,183.5
J01,542.5
J01,-0.5
J01,12.0
J01,-24.5
J01,5.5
J01,-215.0
J01,-279.5
J01,-257.0
J01,-65.5
J01,-303.0
J01,-313.0
J01,-229.0
J01,-277.0
J01,-300.0
J01,-300.0
J01,-300.0
J01,-300.0
J01,-300.0
J01,-300.0
J01,-300.0
J01,-300.0
J01,-300.0
J01,-300.0
J01,167.0
J01,-283.0
J01,-82.5
J01,117.5
J01,-260.5
J01,-277.0
J01,-302.5
J01,1879.5
J01,282.5
J01,14.5
J01,-262.0
J01,-128.5
J01,137.5
J01,-89.0
J01,-149.0
J01,1229.0
J01,639.5
J01,707.5
J01,2093.5
J01,80.5
J01,111.0
J01,-67.5
J01,-122.5
J01,-206.5
J01,-161.0
J01,-166.0
J01,-148.5
J01,-253.5
J01,-274.5
J01,4.5
J01,-86.5
J01,328.5
J01,-17.5
J01,237.5
J01,239.0
J01,-47.0
J01,-194.5
J01,79.5
J01,258.0
J01,-148.5
J01,222.0
J01,312.0
J01,7.0
J01,30.0
J01,43.5
J01,27.0
J01,-149.5
J01,-204.0
J01,-124.5
J01,-241.5
J01,-137.0
J01,-124.5
J01,-275.5
J01,310.0
J01,-21.5
J01,-13.0
J01,-177.5
J01,187.5
J01,-214.0
J01,198.5
J01,501.0
J01,22.0
J01,118.5
J01,84.0
J01,-69.5
J01,-82.5
J01,134.0
J01,-25.5
J01,-88.5
J01,133.0
J01,-222.5
J01,-267.0
J01,-203.5
J01,-236.5
J01,-300.0
J01,-239.0
J01,-290.0
J01,-290.0
J01,-209.5
J01,151.0
J01,-155.5
J01,547.5
J01,319.5
J01,134.0
J01,-204.5
J01,181.5
J01,979.0
J01,378.5
J01,-66.0
J01,-78.0
J01,-136.0
J01,184.0
J01,-285.5
J01,-65.0
J01,-219.5
J01,-27.5
J01,40.0
J01,288.0
J01,123.5
J01,-194.0
J01,72.5
J01,296.0
J01,-41.5
J01,90.5
J01,388.5
J01,-107.5
J01,-69.0
J01,2.5
J01,-207.0
J01,-115.0
J01,-79.5
J01,-110.5
J01,-65.0
J01,-78.0
J01,-148.0
J01,11.5
J01,-251.0
J01,-79.0
J01,-96.5
J01,-231.0
J01,565.5
J01,438.5
J01,23.5
J01,-19.0
J01,-205.0
J01,43.5
J01,176.0
J01,-110.5
J01,-187.0
J01,-226.0
J01,-142.5
J01,-290.0
J01,103.0
J01,429.0
J01,32.5
J01,-167.5
J01,-225.5
J01,-304.0
J01,-305.0
J01,-320.0
J01,-320.0
J01,-320.0
J01,-25.5
J01,-120.5
J01,195.0
J01,-251.0
J01,260.0
J01,332.5
J01,187.0
J01,-188.5
J01,-106.0
J01,122.0
J01,-166.0
J01,991.5
J01,1024.0
J01,-86.0
J01,277.5
J01,302.5
J01,56.5
J01,-121.5
J01,-250.5
J01,-1.5
J01,-77.5
J01,-5.0
J01,-9.5
J01,-170.5
J01,-11.0
J01,30.0
J01,-155.5
J01,61.0
J01,63.5
J01,324.0
J01,-67.0
J01,-36.5
J01,-73.5
J01,-212.5
J01,133.5
J01,168.0
J01,100.0
J01,298.5
J01,-92.5
J01,-105.5
J01,-70.0
J01,166.0
J01,-46.0
J01,101.0
J01,-152.0
J01,64.0
J01,-3.5
J01,-131.0
J01,-189.0
J01,146.5
J01,228.0
J01,79.0
J01,-102.5
J01,-187.5
J01,-234.0
J01,-271.0
J01,-281.0
J01,-277.5
J01,-169.5
J01,-272.5
J01,-280.0
J01,-283.5
J01,546.0
J01,-76.0
J01,-26.5
J01,-244.0
J01,265.0
J01,-247.5
J01,-274.0
J01,-249.5
J01,-300.5
J01,-310.0
J01,-311.5
J01,-278.0
J01,-302.5
J01,-310.0
J01,-310.0
J01,-127.5
J01,-300.0
J01,-304.5
J01,-179.5
J01,-205.0
J01,348.0
J01,114.0
J01,-251.0
J01,-64.5
J01,-244.0
J01,-264.0
J01,-270.0
J01,2120.5
J01,116.0
J01,1132.0
J01,1251.5
J01,1600.5
J01,450.5
J01,-36.0
J01,-117.0
J01,-199.5
J01,-104.0
J01,-151.0
J01,-221.0
J01,-103.0
J01,-281.0
J01,232.0
J01,16.0
J01,-223.0
J01,-269.5
J01,-194.0
J01,-246.0
J01,-300.0
J01,-300.0
J01,-239.0
J01,186.0
J01,-273.0
J01,-263.0
J01,488.5
J01,249.5
J01,775.5
J01,-154.0
J01,203.5
J01,737.0
J01,-72.5
J01,-69.0
J01,-80.0
J01,-80.0
J01,247.5
J01,-71.5
J01,-166.0
J01,-207.0
J01,-235.5
J01,-256.5
J01,-280.0
J01,-87.0
J01,-76.5
J01,388.0
J01,125.5
J01,-196.0
J01,28.0
J01,448.5
J01,52.5
J01,-91.5
J01,-94.0
J01,-106.5
J01,-27.0
J01,-133.5
J01,-265.0
J01,250.5
J01,160.5
J01,486.5
J01,-250.0
J01,-259.0
J01,-280.0
J01,299.0
J01,204.5
J01,-217.0
J01,-117.0
J01,-212.5
J01,311.0
J01,395.5
J01,-137.5
J01,590.5
J01,195.0
J01,-68.5
J01,0.0
J01,0.0
J01,-2.5
J01,-4.0
J01,-21.5
J01,-13.0
J01,-12.0
J01,-41.5
J01,-39.0
J01,-77.0
J01,-38.0
J01,-129.5
J01,-81.5
J01,-19.0
J01,-191.0
J01,42.0
J01,108.0
J01,-185.5
J01,133.0
J01,229.0
J01,16.5
J01,-73.0
J01,-34.5
J01,-94.0
J01,-133.5
J01,-247.5
J01,-287.0
J01,-300.0
J01,-300.0
J01,-300.0
J01,-300.0
J01,335.0
J01,538.5
J01,248.5
J01,276.5
J01,114.5
J01,-107.0
J01,-148.5
J01,-246.5
J01,-310.0
J01,-310.0
J01,-310.0
J01,-310.0
J01,-310.0
J01,-310.0
J01,-310.0
J01,-310.0
J01,-310.0
J01,-208.0
J01,-300.0
J01,-300.0
J01,-300.0
J01,-300.0
J01,-300.0
J01,-300.0
J01,85.0
J01,546.0
J01,-261.5
J01,607.5
J01,1404.5
J01,-158.0
J01,133.0
J01,306.5
J01,163.5
J01,664.5
J01,717.5
J01,273.5
J01,454.0
J01,-144.5
J01,613.0
J01,27.0
J01,-231.5
J01,-222.0
J01,-287.5
J01,-354.0
J01,-360.0
J01,171.0
J01,-189.0
J01,-295.0
J01,-310.0
J01,-310.0
J01,-310.0
J01,-16.5
J01,-136.0
J01,158.5
J01,-250.0
J01,-76.5
J01,862.5
J01,242.0
J01,559.5
J01,282.5
J01,276.5
J01,-134.0
J01,-169.0
J01,-237.5
J01,-290.0
J01,-301.5
J01,-63.5
J01,-167.0
J01,-274.5
J01,463.0
J01,1661.0
J01,27.0
J01,77.0
J01,69.0
J01,390.5
J01,176.0
J01,-88.5
J01,-85.5
J01,-102.5
J01,-64.0
J01,-94.5
J01,-100.0
J01,-110.5
J01,-104.5
J01,-120.0
J01,-89.5
J01,-75.5
J01,-100.0
J01,204.0
J01,-141.0
J01,-196.0
J01,-251.5
J01,-1.5
J01,-248.5
J01,-298.5
J01,131.5
J01,-38.5
J01,65.0
J01,-251.5
J01,209.5
J01,345.0
J01,-101.0
J01,92.5
J01,60.5
J01,177.0
J01,-199.5
J01,-195.5
J01,128.5
J01,-44.0
J01,-231.5
J01,2.5
J01,76.5
J01,-159.0
J01,-225.5
J01,295.0
J01,560.0
J01,-204.5
J01,-214.5
J01,-241.5
J01,-280.5
J01,-294.0
J01,239.5
J01,777.5
J01,-174.5
J01,293.0
J01,40.5
J01,-33.0
J01,368.5
J01,276.0
J01,252.5
J01,-106.0
J01,365.5
J01,-22.0
J01,37.0
J01,0.0
J01,119.5
J01,-12.0
J01,-79.5
J01,-215.0
J01,-93.0
J01,-104.5
J01,-210.0
J01,-34.0
J01,254.0
J01,-29.0
J01,-197.5
J01,-63.5
J01,-96.0
J01,-242.0
J01,-274.5
J01,-2.0
J01,-223.5
J01,554.0
J01,-66.5
J01,459.0
J01,-10.0
J01,127.0
J01,209.0
J01,-135.5
J01,-14.5
J01,-52.0
J01,258.5
J01,-99.0
J01,231.0
J01,181.5
J01,84.5
J01,62.5
J01,-41.5
J01,55.0
J01,-20.5
J01,-62.0
J01,-47.5
J01,-92.0
J01,-151.5
J01,-105.5
J01,-282.5
J01,-41.5
J01,-111.0
J01,39.5
J01,212.0
J01,-192.0
J01,14.0
J01,235.0
J01,-150.5
J01,-141.5
J01,167.5
J01,103.0
J01,-206.0
J01,-207.5
J01,-259.5
J01,260.5
J01,278.0
J01,222.0
J01,-79.5
J01,8.5
J01,291.5
J01,-125.0
J01,-219.0
J01,-303.0
J01,-257.5
J01,-300.0
J01,-300.0
J01,98.0
J01,-18.0
J01,-217.5
J01,118.0
J01,518.0
J01,72.0
J01,108.0
J01,8.0
J01,-56.0
J01,-75.0
J01,109.0
J01,-163.5
J01,-248.5
J01,130.5
J01,306.5
J01,286.0
J01,209.0
J01,205.0
J01,11.0
J01,-163.0
J01,-187.0
J01,-151.0
J01,-51.5
J01,-306.0
J01,-330.0
J01,-330.0
J01,-251.0
J01,-156.5
J01,-179.5
J01,-216.5
J01,-89.5
J01,149.0
J01,484.0
J01,611.5
J01,462.5
J01,611.0
J01,447.0
J01,35.0
J01,123.0
J01,-49.5
J01,7.5
J01,-3.0
J01,-141.0
J01,-121.5
J01,-285.0
J01,-330.0
J01,-302.5
J01,11.5
J01,-105.5
J01,-250.0
J01,-185.5
J01,-311.0
J01,277.0
J01,256.5
J01,220.5
J01,78.5
J01,14.5
J01,-102.5
J01,-233.5
J01,-141.0
J01,-309.0
J01,-312.5
J01,-330.0
J01,72.5
J01,469.0
J01,-192.5
J01,279.5
J01,0.5
J01,-185.5
J01,278.0
J01,-108.5
J01,-114.0
J01,-166.5
J01,119.5
J01,-226.5
J01,-290.0
J01,143.0
J01,104.0
J01,4.0
J01,321.5
J01,599.5
J01,152.0
J01,222.0
J01,642.5
J01,26.5
J01,-77.5
J01,106.5
J01,-161.5
J01,68.5
J01,234.0
J01,-61.5
J01,-213.0
J01,-252.0
J01,-172.5
J01,-325.0
J01,-148.5
J01,-287.0
J01,-58.5
J01,512.5
J01,338.5
J01,-24.0
J01,27.0
J01,71.5
J01,159.5
J01,-182.5
J01,-98.5
J01,-245.5
J01,235.0
J01,-211.5
J01,-268.0
J01,-192.5
J01,69.0
J01,-71.0
J01,-240.0
J01,376.5
J01,827.5
J01,282.0
J01,279.0
J01,19.5
J01,66.0
J01,-40.5
J01,9.5
J01,145.0
J01,30.5
J01,-215.0
J01,-304.5
J01,-330.0
J01,-228.0
J01,-75.0
J01,-180.0
J01,125.5
J01,557.0
J01,31.0
J01,50.0
J01,29.5
J01,70.0
J01,-205.0
J01,-250.5
J01,-195.5
J01,-241.0
J01,298.5
J01,-257.0
J01,271.0
J01,91.0
J01,-146.0
J01,-198.5
J01,-254.5
J01,154.0
J01,599.5
J01,59.0
J01,-42.5
J01,88.5
J01,-86.5
J01,-81.5
J01,-104.5
J01,-114.0
J01,-120.0
J01,-120.0
J01,-42.0
J01,-99.5
J01,-104.5
J01,-132.0
J01,-147.5
J01,86.0
J01,-213.0
J01,-238.5
J01,-272.0
J01,225.5
J01,204.5
J01,7.0
J01,-78.0
J01,-142.5
J01,176.0
J01,-194.5
J01,151.5
J01,-21.0
J01,22.0
J01,-24.0
J01,-22.5
J01,-150.0
J01,205.0
J01,-230.0
J01,737.0
J01,188.5
J01,-71.0
J01,-19.5
J01,187.5
J01,101.5
J01,-211.0
J01,-255.0
J01,-305.0
J01,-326.5
J01,-344.0
J01,-238.5
J01,331.0
J01,-308.0
J01,-350.0
J01,-255.5
J01,-186.0
J01,-227.0
J01,-312.5
J01,1269.5
J01,831.0
J01,822.5
J01,221.0
J01,187.5
J01,-118.0
J01,-130.0
J01,-138.0
J01,-134.5
J01,97.0
J01,-162.0
J01,-114.5
J01,33.5
J01,-271.0
J01,-3.0
J01,189.5
J01,58.0
J01,94.0
J01,-252.5
J01,-53.0
J01,-255.0
J01,-268.5
J01,-11.0
J01,81.0
J01,-258.5
J01,-277.0
J01,-290.0
J01,-290.0
J01,-126.5
J01,-280.0
J01,-188.0
J01,51.0
J01,1396.5
J01,-67.5
J01,780.0
J01,-67.0
J01,-144.5
J01,-197.0
J01,864.0
J01,678.5
J01,279.5
J01,-147.0
J01,121.5
J01,113.0
J01,-61.5
J01,-21.5
J01,-105.0
J01,-236.5
J01,-18.0
J01,-115.5
J01,34.0
J01,241.0
J01,138.5
J01,47.5
J01,56.5
J01,96.0
J01,-105.0
J01,-181.5
J01,-267.5
J01,-335.0
J01,-258.0
J01,-287.0
J01,-315.0
J01,-62.5
J01,235.5
J01,-138.5
J01,-136.5
J01,-221.5
J01,-209.5
J01,261.0
J01,34.0
J01,-95.0
J01,409.0
J01,131.5
J01,217.5
J01,208.5
J01,-101.5
J01,-224.0
J01,224.5
J01,772.0
J01,-115.0
J01,-17.0
J01,69.0
J01,44.5
J01,-200.5
J01,108.0
J01,-173.5
J01,-255.0
J01,-66.0
J01,-46.5
J01,558.0
J01,-135.5
J01,-234.0
J01,257.5
J01,-4.0
J01,-75.5
J01,-172.5
J01,-269.0
J01,-105.0
J01,-262.0
J01,205.0
J01,-244.0
J01,423.5
J01,583.5
J01,34.0
J01,74.0
J01,99.0
J01,-70.0
J01,134.0
J01,-120.5
J01,-175.0
J01,16.0
J01,-21.5
J01,0.0
J01,122.5
J01,-186.5
J01,-92.5
J01,129.0
J01,76.5
J01,21.0
J01,384.0
J01,-62.0
J01,-68.0
J01,22.5
J01,-47.0
J01,48.0
J01,-50.0
J01,-217.0
J01,151.5
J01,123.0
J01,-26.5
J01,80.0
J01,13.5
J01,-48.0
J01,-33.5
J01,-229.0
J01,-168.5
J01,-236.0
J01,-250.0
J01,170.0
J01,729.5
J01,201.5
J01,112.5
J01,-4.0
J01,84.5
J01,-19.0
J01,-80.5
J01,-60.5
J01,-117.0
J01,-162.0
J01,-31.0
J01,-243.0
J01,-124.5
J01,-113.0
J01,22.0
J01,48.0
J01,-127.5
J01,-181.5
J01,-81.5
J01,160.0
J01,577.5
J01,73.5
J01,26.0
J01,-122.5
J01,-256.5
J01,-173.0
J01,143.5
J01,-88.0
J01,-221.5
J01,-226.0
J01,-286.0
J01,-300.0
J01,-84.0
J01,-103.0
J01,-168.5
J01,662.0
J01,916.5
J01,417.5
J01,318.5
J01,-51.5
J01,-187.0
J01,-240.5
J01,-178.5
J01,-177.0
J01,-124.0
J01,-230.5
J01,208.0
J01,378.5
J01,142.5
J01,272.0
J01,78.5
J01,-55.0
J01,-208.0
J01,-117.0
J01,-283.0
J01,-294.5
J01,-55.5
J01,126.0
J01,50.5
J01,-168.5
J01,-241.5
J01,-264.5
J01,132.5
J01,339.5
J01,70.0
J01,102.5
J01,359.5
J01,-83.5
J01,-64.0
J01,114.5
J01,-193.0
J01,-249.0
J01,-270.0
J01,-273.5
J01,-280.0
J01,-114.0
J01,185.5
J01,425.0
J01,172.0
J01,193.5
J01,248.5
J01,-122.0
J01,-136.0
J01,-111.0
J01,134.0
J01,-149.0
J01,-198.0
J01,-241.0
J01,238.0
J01,-233.0
J01,-62.5
J01,-239.5
J01,825.0
J01,520.5
J01,96.5
J01,132.5
J01,77.5
J01,70.5
J01,112.0
J01,-152.5
J01,-230.0
J01,-230.0
J01,-237.0
J01,383.0
J01,-219.5
J01,-171.5
J01,-211.5
J01,-148.0
J01,-199.0
J01,-172.0
J01,-197.0
J01,343.5
J01,-210.0
J01,305.0
J01,939.5
J01,370.0
J01,136.5
J01,-62.0
J01,-136.5
J01,-263.5
J01,-206.0
J01,-76.0
J01,-200.0
J01,-138.0
J01,-277.0
J01,-303.0
J01,213.5
J01,193.0
J01,155.5
J01,-88.5
J01,-136.0
J01,388.0
J01,588.5
J01,284.0
J01,20.5
J01,-128.5
J01,-88.0
J01,-180.5
J01,-183.5
J01,-93.0
J01,-230.0
J01,-234.5
J01,-250.0
J01,199.5
J01,265.0
J01,-119.5
J01,0.0
J01,0.0
J01,-0.5
J01,-17.0
J01,1.5
J01,-28.0
J01,-57.0
J01,-91.0
J01,-128.0
J01,-145.5
J01,-195.5
J01,-222.5
J01,176.5
J01,-53.0
J01,-181.5
J01,-221.5
J01,-71.5
J01,-245.5
J01,-244.5
J01,-262.5
J01,633.0
J01,431.5
J01,115.5
J01,128.0
J01,193.0
J01,-31.5
J01,-52.5
J01,16.0
J01,-126.0
J01,-179.5
J01,-30.0
J01,-75.0
J01,-201.5
J01,82.0
J01,49.0
J01,-46.0
J01,-113.0
J01,-206.5
J01,-264.5
J01,-189.0
J01,-177.5
J01,-274.0
J01,456.0
J01,832.0
J01,279.0
J01,61.5
J01,-95.0
J01,-220.5
J01,-228.0
J01,-205.0
J01,-248.5
J01,274.5
J01,293.5
J01,-90.5
J01,-157.0
J01,-226.0
J01,-242.5
J01,-31.5
J01,350.5
J01,-174.0
J01,-141.5
J01,177.5
J01,-161.5
J01,-157.0
J01,209.5
J01,1094.0
J01,-21.0
J01,-29.0
J01,-22.0
J01,-163.0
J01,-227.5
J01,-218.5
J01,-258.5
J01,-270.0
J01,-270.5
J01,-246.0
J01,364.0
J01,-241.5
J01,647.5
J01,42.0
J01,-202.0
J01,-259.5
J01,-319.0
J01,318.5
J01,115.5
J01,-227.5
J01,-252.0
J01,-36.0
J01,232.5
J01,344.5
J01,-215.5
J01,-130.0
J01,700.0
J01,645.5
J01,-18.0
J01,189.0
J01,165.0
J01,125.5
J01,-104.0
J01,-169.0
J01,-211.0
J01,-261.0
J01,-280.0
J01,-280.0
J01,-280.0
J01,-280.0
J01,-280.0
J01,-280.0
J01,-280.0
J01,115.5
J01,-55.5
J01,526.5
J01,886.5
J01,408.5
J01,719.5
J01,201.0
J01,90.0
J01,-21.5
J01,-67.0
J01,-154.0
J01,-302.0
J01,-214.5
J01,-266.0
J01,-63.0
J01,-290.0
J01,-293.0
J01,-305.0
J01,-310.0
J01,-310.0
J01,-310.0
J01,738.0
J01,-16.0
J01,-125.0
J01,336.5
J01,415.5
J01,-61.0
J01,-165.5
J01,-235.5
J01,-273.5
J01,-261.0
J01,-270.0
J01,-287.0
J01,-256.0
J01,-264.5
J01,443.0
J01,-217.0
J01,-236.5
J01,-286.0
J01,-300.0
J01,-300.0
J01,-302.5
J01,814.0
J01,1084.0
J01,359.0
J01,605.5
J01,-208.0
J01,265.5
J01,1042.5
J01,-120.0
J01,-63.0
J01,322.0
J01,-144.0
J01,-217.0
J01,-274.0
J01,181.5
J01,160.5
J01,49.5
J01,156.5
J01,-76.5
J01,-121.5
J01,-254.0
J01,-112.0
J01,-85.5
J01,-238.5
J01,-268.5
J01,-134.5
J01,250.5
J01,128.5
J01,-52.0
J01,385.5
J01,368.5
J01,-85.0
J01,211.5
J01,143.0
J01,-147.0
J01,382.0
J01,41.5
J01,-137.5
J01,-193.0
J01,-276.5
J01,93.0
J01,263.0
J01,225.5
J01,144.5
J01,-154.0
J01,-127.0
J01,-233.0
J01,-285.5
J01,-279.0
J01,-95.5
J01,-222.0
J01,151.5
J01,234.0
J01,305.5
J01,-198.5
J01,337.5
J01,372.5
J01,50.5
J01,83.0
J01,-107.5
J01,-109.5
J01,-239.5
J01,-258.5
J01,-234.0
J01,-300.0
J01,85.5
J01,261.0
J01,673.5
J01,-68.5
J01,-133.0
J01,-179.5
J01,-13.0
J01,409.0
J01,-83.0
J01,171.5
J01,26.5
J01,-137.5
J01,-194.5
J01,-275.0
J01,-208.0
J01,-246.5
J01,-229.5
J01,163.0
J01,806.0
J01,161.5
J01,-75.0
J01,-164.0
J01,-177.5
J01,-241.0
J01,-160.0
J01,158.5
J01,-250.0
J01,-267.0
J01,-221.5
J01,-238.5
J01,-185.0
J01,-69.0
J01,343.0
J01,642.0
J01,-153.0
J01,189.0
J01,119.0
J01,215.0
J01,79.0
J01,-175.0
J01,-185.0
J01,-264.5
J01,210.5
J01,39.5
J01,316.0
J01,-95.0
J01,-118.0
J01,-229.5
J01,332.0
J01,-214.0
J01,-206.0
J01,-244.0
J01,-264.5
J01,339.5
J01,20.5
J01,-217.0
J01,332.0
J01,705.5
J01,82.5
J01,-230.5
J01,-152.5
J01,-139.0
J01,-158.5
J01,-223.0
J01,659.5
J01,797.5
J01,113.5
J01,-30.5
J01,-94.5
J01,176.5
J01,-60.5
J01,-125.5
J01,-207.5
J01,-242.0
J01,207.0
J01,-198.0
J01,-234.0
J01,254.5
J01,-87.0
J01,-150.5
J01,-107.5
J01,-199.0
J01,293.0
J01,24.0
J01,168.0
J01,656.5
J01,120.0
J01,-111.0
J01,-200.0
J01,-258.5
J01,10.5
J01,158.0
J01,-85.5
J01,-218.5
J01,-276.5
J01,-63.5
J01,-123.0
J01,-154.5
J01,219.0
J01,197.5
J01,-158.5
J01,235.5
J01,276.5
J01,14.5
J01,-90.5
J01,-187.0
J01,358.0
J01,-34.0
J01,107.0
J01,-125.0
J01,-75.5
J01,-176.0
J01,-246.5
J01,-167.0
J01,-228.5
J01,605.0
J01,-133.0
J01,-191.0
J01,181.0
J01,98.5
J01,125.5
J01,141.5
J01,-155.0
J01,-221.5
J01,113.0
J01,127.5
J01,30.5
J01,96.5
J01,71.0
J01,-67.5
J01,46.0
J01,-20.0
J01,-87.5
J01,90.0
J01,-220.0
J01,-282.0
J01,-243.0
J01,-265.0
J01,-306.0
J01,-207.0
J01,-300.0
J01,-303.5
J01,-219.5
J01,207.0
J01,-215.5
J01,-193.0
J01,1121.5
J01,674.0
J01,159.0
J01,-153.0
J01,-183.5
J01,-192.0
J01,-158.0
J01,-35.0
J01,-227.0
J01,325.0
J01,978.5
J01,117.5
J01,-40.0
J01,-134.0
J01,-223.0
J01,-30.5
J01,-234.5
J01,-107.0
J01,177.5
J01,29.5
J01,-196.5
J01,-263.0
J01,-280.0
J01,310.5
J01,428.0
J01,15.5
J01,-184.0
J01,710.0
J01,223.5
J01,-112.5
J01,201.0
J01,322.0
J01,-99.0
J01,-195.5
J01,-274.0
J01,-236.0
J01,-183.0
J01,-216.5
J01,-252.0
J01,-205.0
J01,-256.5
J01,-269.0
J01,-276.5
J01,-104.0
J01,-245.5
J01,-274.5
J01,290.5
J01,-240.0
J01,-71.0
J01,-232.5
J01,-250.0
J01,670.0
J01,1367.0
J01,-137.0
J01,-171.0
J01,725.5
J01,-102.5
J01,218.5
J01,625.5
J01,96.5
J01,10.0
J01,104.0
J01,58.0
J01,-62.5
J01,-185.0
J01,-114.5
J01,-250.5
J01,-261.0
J01,-203.0
J01,223.5
J01,120.0
J01,-216.5
J01,-194.5
J01,-259.0
J01,238.0
J01,334.5
J01,-45.5
J01,-111.0
J01,-168.0
J01,388.0
J01,84.5
J01,291.5
J01,-117.0
J01,308.0
J01,100.5
J01,196.5
J01,-114.5
J01,-135.0
J01,-160.5
J01,-223.0
J01,-188.0
J01,-70.0
J01,-222.0
J01,257.0
J01,-192.0
J01,-211.0
J01,335.0
J01,459.0
J01,172.0
J01,-114.5
J01,-120.5
J01,-189.5
J01,-240.0
J01,-240.0
J01,-187.5
J01,254.5
J01,126.5
J01,-171.0
J01,710.5
J01,246.5
J01,163.0
J01,-30.0
J01,-142.0
J01,-186.5
J01,-216.5
J01,207.0
J01,-217.5
J01,-250.0
J01,-128.5
J01,-141.0
J01,-208.0
J01,280.0
J01,274.0
J01,93.0
J01,-103.0
J01,-124.5
J01,-228.5
J01,126.0
J01,852.5
J01,-12.5
J01,-99.5
J01,88.5
J01,-135.0
J01,-153.0
J01,-216.0
J01,50.5
J01,-297.0
J01,-218.0
J01,-268.0
J01,281.5
J01,-276.0
J01,209.5
J01,216.0
J01,-97.0
J01,-106.5
J01,217.0
J01,-157.5
J01,-146.5
J01,179.5
J01,-71.0
J01,249.0
J01,324.0
J01,-52.0
J01,-140.5
J01,288.0
J01,-215.0
J01,-248.0
J01,-296.5
J01,-217.5
J01,80.0
J01,368.0
J01,194.5
J01,-71.0
J01,297.5
J01,84.5
J01,-56.0
J01,230.5
J01,290.5
J01,16.5
J01,-28.0
J01,-69.5
J01,-188.5
J01,-199.5
J01,-240.0
J01,-245.5
J01,311.0
J01,95.5
J01,185.0
J01,-73.0
J01,-127.5
J01,-209.0
J01,-50.5
J01,-139.0
J01,-165.5
J01,-62.5
J01,-233.5
J01,-249.5
J01,432.0
J01,183.0
J01,-120.5
J01,-166.0
J01,402.0
J01,-145.0
J01,-197.0
J01,-205.5
J01,-195.0
J01,-261.0
J01,923.5
J01,990.0
J01,-31.5
J01,-18.5
J01,-77.5
J01,-228.5
J01,-240.0
J01,-192.5
J01,-209.5
J01,260.0
J01,-119.0
J01,-175.0
J01,-81.5
J01,-207.0
J01,-250.0
J01,-250.0
J01,381.0
J01,318.5
J01,-172.5
J01,-149.5
J01,-192.0
J01,299.0
J01,363.0
J01,-178.5
J01,-143.0
J01,-235.0
J01,-263.0
J01,597.0
J01,1003.0
J01,224.5
J01,14.0
J01,-127.0
J01,-50.5
J01,-249.0
J01,-23.0
J01,37.0
J01,84.5
J01,-29.5
J01,26.0
J01,-120.5
J01,58.0
J01,-136.0
J01,105.0
J01,-49.5
J01,-186.0
J01,-279.0
J01,129.0
J01,173.0
J01,-216.0
J01,-175.5
J01,-231.5
J01,-243.0
J01,341.0
J01,185.5
J01,-197.0
J01,-231.5
J01,558.5
J01,-4.0
J01,7.5
J01,-172.5
J01,218.5
J01,178.5
J01,-127.5
J01,-220.5
J01,-191.0
J01,366.5
J01,-209.0
J01,-157.0
J01,-150.0
J01,-229.0
J01,-295.0
J01,602.5
J01,861.5
J01,111.5
J01,-74.5
J01,-131.5
J01,-108.0
J01,-253.5
J01,120.5
J01,258.0
J01,72.5
J01,-137.0
J01,-207.0
J01,243.0
J01,-193.5
J01,-217.5
J01,-226.5
J01,-196.5
J01,-274.5
J01,195.5
J01,969.0
J01,125.0
J01,-68.5
J01,-15.0
J01,-157.0
J01,-229.0
J01,-264.5
J01,-197.0
J01,250.5
J01,-119.5
J01,-218.5
J01,361.5
J01,325.5
J01,-121.5
J01,-215.0
J01,-161.0
J01,-196.0
J01,245.5
J01,-146.5
J01,-82.5
J01,-210.5
J01,-215.5
J01,345.0
J01,387.5
J01,364.0
J01,-150.5
J01,-219.0
J01,-234.5
J01,-290.0
J01,407.0
J01,147.5
J01,-210.0
J01,-241.0
J01,460.0
J01,236.5
J01,205.0
J01,-193.0
J01,227.5
J01,-220.0
J01,-200.5
J01,-209.5
J01,-273.0
J01,252.5
J01,264.0
J01,-76.0
J01,-185.0
J01,-219.5
J01,396.5
J01,-164.5
J01,-236.5
J01,-256.0
J01,415.0
J01,325.0
J01,-6.0
J01,283.0
J01,-150.0
J01,-165.5
J01,330.5
J01,-178.5
J01,-185.5
J01,308.0
J01,-158.0
J01,229.0
J01,301.5
J01,-96.0
J01,-125.0
J01,-131.5
J01,-220.5
J01,333.0
J01,633.5
J01,9.5
J01,-129.5
J01,0.0
J01,0.0
J01,-4.5
J01,-13.0
J01,-20.0
J01,-40.0
J01,-42.0
J01,5.5
J01,-79.0
J01,-156.0
J01,-108.5
J01,-85.5
J01,-74.5
J01,-239.5
J01,7.5
J01,22.0
J01,-114.0
J01,-207.5
J01,102.5
J01,150.5
J01,12.0
J01,-18.5
J01,-89.5
J01,-233.0
J01,-144.5
J01,-240.0
J01,-211.0
J01,-242.0
J01,737.5
J01,558.0
J01,197.0
J01,-81.5
J01,-141.0
J01,-244.0
J01,-214.5
J01,-256.5
J01,338.5
J01,-196.5
J01,-157.0
J01,-182.5
J01,319.5
J01,274.0
J01,-165.5
J01,-185.5
J01,-195.5
J01,-232.5
J01,281.5
J01,985.5
J01,-113.5
J01,-60.0
J01,-133.5
J01,-229.0
J01,-245.0
J01,-181.0
J01,-259.0
J01,457.0
J01,150.5
J01,-157.0
J01,-189.0
J01,-256.5
J01,-205.5
J01,395.5
J01,-153.0
J01,-79.0
J01,314.0
J01,331.5
J01,-86.5
J01,259.5
J01,-183.5
J01,-166.0
J01,-183.5
J01,-217.0
J01,311.5
J01,719.5
J01,231.0
J01,-113.0
J01,-182.0
J01,-182.5
J01,-143.5
J01,-252.5
J01,-174.5
J01,-155.5
J01,-220.0
J01,286.5
J01,328.5
J01,361.5
J01,-126.0
J01,-151.0
J01,-218.0
J01,-219.0
J01,-247.0
J01,-230.5
J01,749.0
J01,-85.5
J01,-93.5
J01,-170.5
J01,-240.0
J01,-254.5
J01,811.5
J01,-138.0
J01,-194.5
J01,-137.0
J01,490.0
J01,840.0
J01,-54.5
J01,-50.0
J01,-71.0
J01,-250.0
J01,-206.5
J01,-170.0
J01,-193.5
J01,-190.5
J01,-240.5
J01,-87.0
J01,-187.5
J01,-179.0
J01,-46.0
J01,668.5
J01,211.0
J01,-147.5
J01,283.5
J01,196.5
J01,-199.0
J01,-168.0
J01,-224.5
J01,-227.0
J01,-218.0
J01,300.0
J01,418.5
J01,451.0
J01,572.0
J01,143.0
J01,52.0
J01,-83.5
J01,-192.0
J01,-221.5
J01,123.0
J01,408.5
J01,-41.5
J01,-42.5
J01,-116.5
J01,65.0
J01,35.5
J01,-58.0
J01,-91.5
J01,-186.0
J01,-256.5
J01,49.5
J01,12.5
J01,145.0
J01,-141.0
J01,-98.5
J01,-134.0
J01,163.5
J01,-173.0
J01,-256.5
J01,-279.5
J01,138.0
J01,865.5
J01,-19.0
J01,51.0
J01,101.5
J01,-204.0
J01,58.5
J01,84.5
J01,255.5
J01,-58.5
J01,-84.5
J01,-88.5
J01,-228.5
J01,-212.0
J01,105.0
J01,359.0
J01,-58.0
J01,51.0
J01,-102.0
J01,-26.5
J01,96.5
J01,115.0
J01,-3.0
J01,-40.5
J01,-127.0
J01,-140.0
J01,-140.0
J01,-140.0
J01,115.5
J01,119.5
J01,291.5
J01,107.0
J01,-17.5
J01,3.0
J01,143.0
J01,-47.5
J01,-139.0
J01,-153.5
J01,107.0
J01,-210.5
J01,-234.0
J01,-8.0
J01,-20.0
J01,-123.5
J01,80.0
J01,103.5
J01,59.5
J01,88.5
J01,-134.5
J01,-115.5
J01,-214.5
J01,-273.0
J01,477.0
J01,160.5
J01,-48.0
J01,-93.0
J01,-233.5
J01,-256.5
J01,427.0
J01,242.5
J01,-21.5
J01,-93.0
J01,-167.0
J01,-163.5
J01,-164.5
J01,487.5
J01,125.0
J01,-57.5
J01,-136.5
J01,-215.0
J01,-238.0
J01,-245.0
J01,-235.0
J01,256.0
J01,417.5
J01,130.5
J01,-156.0
J01,-195.5
J01,-264.5
J01,556.5
J01,-67.0
J01,167.0
J01,204.0
J01,-131.5
J01,-163.0
J01,-206.0
J01,182.0
J01,-248.5
J01,-287.0
J01,215.5
J01,135.5
J01,-148.0
J01,-60.5
J01,-272.5
J01,188.0
J01,135.0
J01,-46.0
J01,231.5
J01,212.0
J01,53.0
J01,178.5
J01,21.5
J01,-116.5
J01,-236.5
J01,113.5
J01,366.5
J01,157.5
J01,-135.0
J01,-177.5
J01,330.0
J01,65.0
J01,-35.0
J01,-208.0
J01,-180.5
J01,-173.5
J01,-248.5
J01,-284.5
J01,-294.5
J01,-113.0
J01,-203.5
J01,800.0
J01,455.5
J01,-152.5
J01,-88.5
J01,-75.5
J01,-230.5
J01,274.5
J01,250.5
J01,-160.5
J01,-179.5
J01,-188.0
J01,361.0
J01,271.0
J01,680.5
J01,174.5
J01,80.5
J01,-23.0
J01,-109.5
J01,-80.5
J01,-83.5
J01,-217.5
J01,-259.5
J01,-224.0
J01,50.0
J01,-176.0
J01,-247.0
J01,473.5
J01,258.0
J01,242.5
J01,41.5
J01,-117.5
J01,-131.0
J01,-193.5
J01,-149.0
J01,98.5
J01,-192.0
J01,-243.5
J01,-238.5
J01,240.5
J01,-251.5
J01,125.5
J01,597.5
J01,121.5
J01,-146.0
J01,-181.0
J01,25.0
J01,-287.0
J01,58.5
J01,4.0
J01,-251.0
J01,284.5
J01,-195.0
J01,225.5
J01,-99.5
J01,-143.5
J01,269.5
J01,605.5
J01,-8.0
J01,147.5
J01,118.0
J01,-90.0
J01,-21.0
J01,-31.5
J01,-76.0
J01,-64.0
J01,71.0
J01,-125.0
J01,-195.5
J01,-98.5
J01,44.0
J01,-137.0
J01,-66.0
J01,4.0
J01,-224.0
J01,-219.0
J01,-238.5
J01,169.0
J01,563.0
J01,112.0
J01,-68.0
J01,-144.5
J01,-182.5
J01,-201.5
J01,-219.5
J01,241.5
J01,697.0
J01,208.5
J01,-106.0
J01,-128.5
J01,-171.5
J01,-186.5
J01,-151.5
J01,-146.5
J01,-221.0
J01,326.5
J01,76.0
J01,-216.5
J01,-246.0
J01,376.0
J01,158.5
J01,119.5
J01,216.0
J01,-70.0
J01,-2.0
J01,0.0
J01,-192.0
J01,232.0
J01,746.5
J01,38.0
J01,-47.0
J01,-106.5
J01,34.5
J01,25.0
J01,-127.0
J01,-193.5
J01,-106.5
J01,-272.5
J01,-71.5
J01,105.0
J01,-216.5
J01,-128.0
J01,-110.0
J01,205.5
J01,238.5
J01,120.5
J01,-136.0
J01,-145.0
J01,-193.5
J01,174.5
J01,240.0
J01,159.0
J01,237.5
J01,-134.0
J01,-111.5
J01,-131.0
J01,-231.0
J01,-147.5
J01,166.0
J01,127.0
J01,-155.0
J01,-241.0
J01,581.5
J01,-106.5
J01,-150.5
J01,-215.5
J01,-234.0
J01,17.0
J01,-261.5
J01,586.0
J01,445.0
J01,170.5
J01,46.0
J01,57.0
J01,224.5
J01,-11.0
J01,110.5
J01,-6.5
J01,-68.5
J01,-167.0
J01,21.5
J01,-135.5
J01,-120.5
J01,25.0
J01,19.5
J01,-6.5
J01,-155.0
J01,-34.5
J01,-146.0
J01,22.0
J01,56.0
J01,305.5
J01,2.5
J01,48.0
J01,-127.0
J01,82.0
J01,-203.0
J01,275.0
J01,-5.0
J01,-111.5
J01,-113.5
J01,-187.5
J01,-273.5
J01,-292.0
J01,-300.0
J01,179.5
J01,116.5
J01,81.5
J01,272.5
J01,-166.0
J01,252.5
J01,497.5
J01,192.5
J01,-5.5
J01,-53.0
J01,-70.0
J01,11.0
J01,-75.0
J01,-93.0
J01,-270.0
J01,-179.0
J01,-260.5
J01,-200.0
J01,-280.0
J01,-281.0
J01,116.0
J01,234.0
J01,346.5
J01,-203.5
J01,-9.5
J01,-259.0
J01,-303.5
J01,-311.0
J01,-328.5
J01,166.5
J01,367.0
J01,-211.5
J01,-265.5
J01,-36.5
J01,907.0
J01,27.0
J01,343.0
J01,112.5
J01,253.0
J01,200.0
J01,-146.0
J01,148.5
J01,25.0
J01,-168.5
J01,-252.0
J01,-126.0
J01,-123.5
J01,-142.5
J01,245.5
J01,365.5
J01,90.0
J01,-123.0
J01,92.5
J01,80.0
J01,208.5
J01,49.0
J01,160.5
J01,224.0
J01,-94.5
J01,40.5
J01,-73.5
J01,-163.5
J01,-163.0
J01,-234.0
J01,142.0
J01,-207.0
J01,66.5
J01,538.5
J01,83.5
J01,-57.5
J01,81.5
J01,-125.5
J01,-126.5
J01,-247.5
J01,-45.0
J01,166.0
J01,-66.5
J01,-215.5
J01,-248.5
J01,-265.0
J01,-275.0
J01,-258.0
J01,-82.5
J01,-138.5
J01,-260.0
J01,659.0
J01,-106.5
J01,72.0
J01,-90.0
J01,771.0
J01,813.5
J01,-132.5
J01,-112.0
J01,-241.0
J01,-287.5
J01,-274.5
J01,-208.0
J01,-301.0
J01,263.0
J01,-76.5
J01,-178.5
J01,-94.5
J01,-35.5
J01,-124.0
J01,-146.5
J01,-272.0
J01,-293.5
J01,-303.5
J01,-310.0
J01,-310.0
J01,-310.0
J01,-310.0
J01,-310.0
J01,-310.0
J01,-310.0
J01,-310.0
J01,-310.0
J01,-310.0
J01,-310.0
J01,-310.0
J01,-310.0
J01,-310.0
J01,-310.0
J01,578.5
J01,-106.5
J01,-270.0
J01,-272.0
J01,-268.0
J01,-271.5
J01,15.5
J01,-10.0
J01,12.0
J01,19.5
J01,-262.0
J01,2879.5
J01,-208.0
J01,1759.0
J01,270.0
J01,-13.0
J01,-108.5
J01,-160.5
J01,-156.5
J01,-223.0
J01,-219.5
J01,-230.0
J01,-209.5
J01,-218.0
J01,-221.5
J01,1094.0
J01,1123.5
J01,-156.5
J01,-136.5
J01,-196.5
J01,1244.0
J01,-214.5
J01,-156.0
J01,1071.5
J01,-169.0
J01,651.0
J01,1109.5
J01,141.0
J01,-1.5
J01,123.5
J01,80.5
J01,-20.5
J01,-64.0
J01,-51.0
J01,42.0
J01,-84.5
J01,-34.0
J01,-156.5
J01,-174.0
J01,-202.0
J01,-237.5
J01,42.0
J01,80.5
J01,139.0
J01,-108.5
J01,304.5
J01,410.0
J01,114.0
J01,-19.0
J01,35.0
J01,25.0
J01,-158.0
J01,-101.5
J01,-155.5
J01,-48.0
J01,-23.5
J01,134.5
J01,-86.0
J01,56.5
J01,32.5
J01,-24.5
J01,-158.5
J01,-238.5
J01,70.0
J01,421.0
J01,71.5
J01,32.5
J01,-103.5
J01,-189.0
J01,22.0
J01,57.5
J01,267.5
J01,-21.0
J01,-79.0
J01,-128.5
J01,-129.0
J01,-238.5
J01,-154.5
J01,-232.5
J01,460.5
J01,191.0
J01,-171.0
J01,-163.0
J01,-189.0
J01,65.0
J01,-235.5
J01,-109.5
J01,-168.5
J01,563.0
J01,442.5
J01,57.0
J01,-49.5
J01,-84.0
J01,-233.5
J01,-281.0
J01,94.5
J01,148.0
J01,-128.0
J01,-226.5
J01,130.0
J01,-130.5
J01,-200.0
J01,-32.0
J01,-36.0
J01,-206.0
J01,349.5
J01,619.0
J01,63.0
J01,-121.5
J01,-44.5
J01,-205.5
J01,-287.5
J01,-204.5
J01,271.5
J01,-223.0
J01,242.0
J01,163.5
J01,-129.5
J01,-218.0
J01,-279.0
J01,-300.0
J01,-304.0
J01,-190.0
J01,-179.5
J01,-166.5
J01,774.0
J01,0.0
J01,0.0
J01,-5.0
J01,-33.0
J01,-45.0
J01,12.5
J01,-23.5
J01,-14.5
J01,-18.5
J01,-47.5
J01,34.0
J01,5.0
J01,-10.0
J01,-22.0
J01,19.5
J01,-67.5
J01,-8.0
J01,-91.0
J01,-120.5
J01,-182.5
J01,-125.5
J01,-235.0
J01,244.0
J01,-118.5
J01,110.5
J01,73.0
J01,-138.0
J01,-165.0
J01,-132.5
J01,-272.5
J01,-244.0
J01,-126.0
J01,-209.5
J01,164.0
J01,968.5
J01,151.0
J01,55.5
J01,-40.0
J01,18.0
J01,-44.0
J01,-187.5
J01,-240.0
J01,-233.5
J01,610.0
J01,199.0
J01,36.0
J01,-49.5
J01,-68.0
J01,-162.0
J01,-220.5
J01,237.0
J01,-19.5
J01,174.5
J01,-88.0
J01,-152.5
J01,-11.5
J01,-163.0
J01,-107.5
J01,-235.0
J01,116.0
J01,70.0
J01,166.0
J01,319.5
J01,92.0
J01,-4.5
J01,2.5
J01,124.0
J01,173.0
J01,-97.0
J01,-197.5
J01,105.0
J01,-110.0
J01,-103.0
J01,-140.5
J01,-114.0
J01,-186.0
J01,-244.0
J01,-251.5
J01,57.0
J01,83.5
J01,-231.5
J01,414.0
J01,376.0
J01,188.5
J01,-28.5
J01,-134.5
J01,-200.5
J01,-217.5
J01,-280.0
J01,-288.0
J01,-35.5
J01,-226.0
J01,344.5
J01,503.5
J01,13.5
J01,59.0
J01,87.0
J01,122.5
J01,471.5
J01,-114.5
J01,-96.0
J01,-174.0
J01,-208.5
J01,-5.5
J01,122.5
J01,-88.5
J01,-233.5
J01,-271.5
J01,-271.0
J01,132.0
J01,262.5
J01,402.0
J01,-161.0
J01,-172.5
J01,168.5
J01,273.0
J01,-186.0
J01,-260.0
J01,149.0
J01,-14.5
J01,48.0
J01,9.0
J01,-186.0
J01,115.0
J01,385.5
J01,-42.0
J01,-201.5
J01,-268.5
J01,94.0
J01,35.5
J01,-8.0
J01,-171.5
J01,-155.5
J01,-31.0
J01,227.5
J01,151.0
J01,51.0
J01,40.5
J01,219.0
J01,262.5
J01,112.0
J01,-201.0
J01,-182.0
J01,-198.5
J01,61.0
J01,180.0
J01,169.5
J01,72.0
J01,-36.5
J01,-78.0
J01,277.0
J01,277.0
J01,-6.0
J01,51.5
J01,-62.5
J01,-130.5
J01,-199.0
J01,-58.5
J01,-125.0
J01,-83.0
J01,163.0
J01,-95.5
J01,39.5
J01,59.0
J01,-129.0
J01,-212.5
J01,410.5
J01,138.5
J01,-108.0
J01,-192.5
J01,-24.0
J01,-235.5
J01,-150.5
J01,-196.0
J01,-209.0
J01,149.0
J01,425.0
J01,-31.0
J01,-169.0
J01,-212.5
J01,-273.0
J01,151.0
J01,240.5
J01,-180.0
J01,325.5
J01,15.5
J01,-161.5
J01,128.0
J01,13.5
J01,-86.0
J01,128.0
J01,-175.5
J01,135.0
J01,-109.5
J01,-174.5
J01,105.0
J01,-22.5
J01,-241.0
J01,208.5
J01,187.0
J01,23.5
J01,-181.5
J01,-203.5
J01,230.0
J01,727.0
J01,3.0
J01,-131.5
J01,-142.0
J01,66.0
J01,57.5
J01,-207.5
J01,-205.0
J01,56.5
J01,-160.5
J01,-231.0
J01,54.5
J01,384.0
J01,167.5
J01,28.0
J01,-84.5
J01,189.0
J01,-119.0
J01,-89.5
J01,-103.5
J01,-24.0
J01,-59.5
J01,-150.5
J01,-79.5
J01,61.0
J01,-27.5
J01,-49.0
J01,13.5
J01,-72.0
J01,-124.5
J01,-157.0
J01,-183.5
J01,-259.5
J01,-267.5
J01,-285.0
J01,116.0
J01,93.5
J01,226.5
J01,244.0
J01,282.5
J01,48.0
J01,193.5
J01,12.5
J01,172.5
J01,632.0
J01,-122.5
J01,-130.5
J01,-202.0
J01,145.0
J01,36.0
J01,-134.5
J01,-76.0
J01,-55.5
J01,-14.0
J01,1.0
J01,-167.5
J01,569.5
J01,226.0
J01,184.5
J01,-67.0
J01,-118.5
J01,-222.0
J01,307.5
J01,30.0
J01,-156.0
J01,-217.0
J01,-128.0
J01,-114.0
J01,287.5
J01,296.5
J01,-154.0
J01,-79.5
J01,75.0
J01,-70.0
J01,-49.0
J01,94.0
J01,-91.0
J01,-78.5
J01,1.0
J01,145.5
J01,133.0
J01,-72.0
J01,207.5
J01,14.5
J01,-54.5
J01,-166.0
J01,-265.0
J01,-210.5
J01,-290.0
J01,308.5
J01,-162.0
J01,219.0
J01,8.0
J01,74.0
J01,-117.0
J01,-116.5
J01,-270.0
J01,-84.0
J01,138.0
J01,323.0
J01,94.5
J01,148.5
J01,268.0
J01,-88.0
J01,3.0
J01,106.0
J01,-218.5
J01,152.5
J01,271.0
J01,-58.0
J01,-12.5
J01,12.5
J01,7.0
J01,97.5
J01,-86.5
J01,55.0
J01,39.0
J01,-94.5
J01,-145.5
J01,-290.0
J01,-39.5
J01,93.0
J01,-56.0
J01,-127.0
J01,42.5
J01,-140.0
J01,-122.5
J01,111.5
J01,132.5
J01,75.0
J01,-137.0
J01,-160.5
J01,-112.5
J01,-193.0
J01,-182.0
J01,-254.5
J01,371.5
J01,531.5
J01,121.5
J01,-45.0
J01,-131.0
J01,-257.0
J01,-271.0
J01,-236.5
J01,-270.5
J01,269.0
J01,62.0
J01,-221.0
J01,-262.0
J01,384.0
J01,479.0
J01,66.5
J01,216.5
J01,-163.0
J01,-61.0
J01,-272.0
J01,-280.0
J01,179.5
J01,136.5
J01,135.5
J01,202.0
J01,180.0
J01,-84.0
J01,48.0
J01,-87.0
J01,-73.5
J01,-52.5
J01,-85.0
J01,-94.0
J01,-100.0
J01,-98.0
J01,-107.0
J01,-12.0
J01,-19.5
J01,-177.5
J01,-65.0
J01,472.5
J01,-115.0
J01,-207.5
J01,-138.0
J01,250.5
J01,290.0
J01,335.5
J01,-80.0
J01,-150.0
J01,-249.0
J01,258.0
J01,-108.0
J01,-217.0
J01,-225.5
J01,-87.5
J01,-314.5
J01,95.0
J01,176.5
J01,34.0
J01,322.5
J01,-126.0
J01,247.0
J01,-96.5
J01,47.5
J01,43.5
J01,-145.0
J01,-278.5
J01,183.0
J01,234.0
J01,-225.5
J01,-262.5
J01,-190.0
J01,-209.0
J01,-292.0
J01,-288.0
J01,-291.5
J01,368.0
J01,1078.5
J01,712.5
J01,466.0
J01,180.5
J01,131.0
J01,-115.5
J01,78.5
J01,202.5
J01,-77.5
J01,-96.0
J01,26.0
J01,159.5
J01,-22.5
J01,-65.0
J01,-74.0
J01,3.5
J01,-67.0
J01,-135.0
J01,-281.5
J01,-169.5
J01,-95.0
J01,-24.0
J01,303.0
J01,78.0
J01,-152.0
J01,-167.0
J01,-202.5
J01,-195.0
J01,-165.5
J01,-21.0
J01,-215.5
J01,-201.5
J01,-270.5
J01,-221.5
J01,-290.0
J01,-294.0
J01,-300.0
J01,-304.5
J01,-310.0
J01,-310.0
J01,-175.0
J01,-177.5
J01,544.0
J01,655.0
J01,983.0
J01,819.0
J01,269.0
J01,96.0
J01,248.0
J01,-45.5
J01,264.0
J01,353.5
J01,-165.0
J01,-238.0
J01,-187.0
J01,-247.5
J01,-163.5
J01,-250.5
J01,-228.5
J01,-274.5
J01,233.0
J01,241.5
J01,-205.0
J01,-236.0
J01,-88.0
J01,-170.5
J01,447.5
J01,-204.0
J01,279.5
J01,437.5
J01,-181.0
J01,-214.5
J01,838.5
J01,75.0
J01,-119.0
J01,-210.0
J01,434.0
J01,-75.0
J01,-227.5
J01,372.5
J01,92.0
J01,1.5
J01,135.0
J01,-120.5
J01,-30.5
J01,-44.5
J01,-248.0
J01,54.0
J01,242.5
J01,22.5
J01,205.5
J01,314.0
J01,69.5
J01,50.0
J01,-43.0
J01,-84.5
J01,-227.0
J01,-283.5
J01,-220.0
J01,16.5
J01,61.0
J01,-75.5
J01,-260.0
J01,-276.5
J01,159.5
J01,60.0
J01,-100.5
J01,-75.5
J01,-159.5
J01,165.0
J01,319.5
J01,351.5
J01,167.5
J01,66.5
J01,-121.0
J01,200.5
J01,389.0
J01,-13.0
J01,-5.5
J01,-136.0
J01,-221.0
J01,-278.5
J01,-33.5
J01,385.5
J01,-15.5
J01,6.5
J01,-49.0
J01,243.5
J01,106.5
J01,17.5
J01,-129.5
J01,-27.0
J01,-177.0
J01,-86.0
J01,-147.0
J01,-164.5
J01,-280.5
J01,-1.5
J01,409.5
J01,146.0
J01,-129.5
J01,66.5
J01,76.0
J01,53.0
J01,49.5
J01,89.0
J01,-160.5
J01,100.0
J01,-58.0
J01,-61.0
J01,-141.0
J01,-194.0
J01,-174.5
J01,-269.0
J01,-286.0
J01,-301.0
J01,-310.0
J01,-199.5
J01,-256.0
J01,350.0
J01,-241.5
J01,-106.5
J01,-107.0
J01,-279.5
J01,-104.5
J01,-244.5
J01,651.0
J01,357.0
J01,-159.0
J01,-202.5
J01,-260.5
J01,-285.0
J01,-290.0
J01,-290.0
J01,-5.0
J01,216.0
J01,1331.0
J01,325.0
J01,-217.5
J01,30.0
J01,-198.5
J01,931.5
J01,417.0
J01,137.5
J01,183.0
J01,-120.0
J01,-275.0
J01,-300.0
J01,-126.0
J01,-146.5
J01,194.5
J01,-114.0
J01,-140.5
J01,230.0
J01,-118.5
J01,-216.5
J01,-245.5
J01,-282.5
J01,-267.0
J01,606.0
J01,-149.0
J01,-225.5
J01,-252.0
J01,-283.5
J01,-310.0
J01,-310.5
J01,-320.0
J01,-167.0
J01,-313.5
J01,166.5
J01,-156.5
J01,-256.5
J01,841.5
J01,323.5
J01,121.0
J01,-11.5
J01,99.0
J01,-188.5
J01,1244.5
J01,-174.5
J01,-205.0
J01,-223.0
J01,362.0
J01,949.5
J01,780.5
J01,437.5
J01,59.0
J01,-61.0
J01,75.5
J01,66.0
J01,-8.0
J01,-179.0
J01,-214.5
J01,0.0
J01,118.5
J01,-140.0
J01,-155.5
J01,80.0
J01,50.0
J01,-33.0
J01,70.0
J01,240.5
J01,128.0
J01,-47.0
J01,27.0
J01,120.0
J01,-107.5
J01,-190.0
J01,-212.5
J01,-177.5
J01,-241.0
J01,102.0
J01,483.5
J01,-4.0
J01,-69.5
J01,-168.0
J01,132.5
J01,309.0
J01,-75.5
J01,6.0
J01,-50.0
J01,31.0
J01,45.0
J01,-111.5
J01,61.5
J01,-148.0
J01,-47.0
J01,-231.5
J01,-2.0
J01,250.5
J01,8.5
J01,-116.0
J01,13.5
J01,-48.5
J01,-20.0
J01,117.0
J01,413.5
J01,77.0
J01,-8.0
J01,-138.0
J01,-91.0
J01,-127.5
J01,-32.0
J01,115.0
J01,23.0
J01,-30.5
J01,-73.5
J01,2.0
J01,282.5
J01,-111.5
J01,-130.5
J01,11.0
J01,-107.0
J01,40.5
J01,-26.0
J01,59.5
J01,126.5
J01,-112.0
J01,-162.0
J01,-223.5
J01,-284.5
J01,-290.0
J01,57.5
J01,0.0
J01,0.0
J01,-4.5
J01,-30.0
J01,-54.5
J01,-62.0
J01,2.0
J01,-36.5
J01,5.5
J01,-48.5
J01,-93.5
J01,-56.0
J01,-27.0
J01,-93.5
J01,-159.0
J01,-201.5
J01,-228.5
J01,-241.5
J01,-268.0
J01,-69.0
J01,154.5
J01,130.0
J01,466.5
J01,-99.5
J01,-45.5
J01,-220.5
J01,206.5
J01,-124.5
J01,-261.0
J01,-206.0
J01,-209.5
J01,-247.0
J01,-286.5
J01,79.0
J01,-261.0
J01,-280.0
J01,-287.5
J01,236.5
J01,109.5
J01,-241.0
J01,-120.5
J01,-245.0
J01,-222.5
J01,809.0
J01,901.0
J01,457.0
J01,61.5
J01,-112.5
J01,374.5
J01,-178.0
J01,-165.0
J01,277.0
J01,190.0
J01,159.5
J01,128.0
J01,-176.5
J01,-211.0
J01,-97.0
J01,-79.5
J01,108.5
J01,62.5
J01,175.0
J01,351.5
J01,211.0
J01,51.5
J01,85.0
J01,73.0
J01,6.0
J01,26.5
J01,-71.0
J01,14.5
J01,-85.5
J01,-115.0
J01,-229.5
J01,-321.0
J01,-10.5
J01,-170.0
J01,-179.5
J01,-270.0
J01,-291.5
J01,-7.0
J01,-82.5
J01,-69.0
J01,-250.0
J01,-283.0
J01,-266.0
J01,-247.5
J01,-94.5
J01,-198.0
J01,312.0
J01,443.0
J01,-203.0
J01,-201.5
J01,-249.5
J01,-280.0
J01,-182.0
J01,75.0
J01,-176.0
J01,-222.0
J01,993.0
J01,459.5
J01,562.5
J01,1465.0
J01,156.5
J01,-12.5
J01,-153.5
J01,128.0
J01,-191.5
J01,-63.0
J01,-108.5
J01,-64.5
J01,-106.0
J01,-13.5
J01,-52.0
J01,330.0
J01,-22.0
J01,-82.5
J01,-137.0
J01,-241.0
J01,-252.0
J01,-279.0
J01,9.5
J01,177.0
J01,47.5
J01,219.5
J01,247.0
J01,252.5
J01,168.5
J01,-33.0
J01,93.5
J01,169.5
J01,-41.0
J01,-104.0
J01,-240.0
J01,-219.5
J01,277.0
J01,-220.0
J01,-111.5
J01,-114.5
J01,-2.5
J01,184.5
J01,-23.0
J01,101.5
J01,381.0
J01,86.0
J01,34.5
J01,22.0
J01,100.5
J01,-55.0
J01,22.0
J01,18.0
J01,-15.0
J01,-29.0
J01,-38.5
J01,-111.0
J01,-146.5
J01,-160.0
J01,-38.5
J01,-93.0
J01,-137.0
J01,-163.0
J01,-40.0
J01,-93.5
J01,-171.5
J01,-185.0
J01,-63.0
J01,-9.5
J01,-158.0
J01,-123.0
J01,-160.0
J01,-160.0
J01,-160.0
J01,-160.0
J01,-160.0
J01,-160.0
J01,-160.0
J01,687.0
J01,590.0
J01,-34.5
J01,-166.0
J01,-190.0
J01,-227.5
J01,-255.0
J01,-276.0
J01,-332.5
J01,-348.5
J01,-360.0
J01,153.5
J01,-249.0
J01,-17.0
J01,99.5
J01,-277.5
J01,-283.0
J01,-315.0
J01,-320.0
J01,-320.0
J01,-320.0
J01,470.0
J01,442.0
J01,-260.0
J01,524.5
J01,147.0
J01,-240.5
J01,-281.0
J01,-329.0
J01,-340.0
J01,-340.0
J01,-340.0
J01,-340.0
J01,34.0
J01,-124.0
J01,-307.5
J01,-113.0
J01,-105.0
J01,992.0
J01,1961.5
J01,46.0
J01,-248.5
J01,-278.5
J01,-305.0
J01,-330.0
J01,-305.5
J01,-289.0
J01,-310.0
J01,-310.0
J01,-316.5
J01,1968.5
J01,-156.5
J01,-260.0
J01,-292.0
J01,-318.5
J01,-330.0
J01,100.0
J01,2.0
J01,-292.0
J01,-307.5
J01,1084.0
J01,2198.0
J01,898.0
J01,235.5
J01,-126.0
J01,-140.0
J01,-140.0
J01,-140.5
J01,-150.0
J01,-150.0
J01,1434.0
J01,241.0
J01,191.5
J01,-138.0
J01,58.0
J01,-106.0
J01,-213.0
J01,-246.0
J01,-181.0
J01,-165.0
J01,577.0
J01,840.5
J01,-250.0
J01,-260.0
J01,371.0
J01,538.0
J01,33.5
J01,48.5
J01,103.0
J01,-88.5
J01,-176.5
J01,-235.0
J01,-300.0
J01,-210.5
J01,-64.5
J01,-202.5
J01,-171.0
J01,692.5
J01,-23.0
J01,-11.0
J01,-227.0
J01,-110.0
J01,-205.0
J01,-177.5
J01,-135.0
J01,-233.0
J01,339.0
J01,325.5
J01,-162.5
J01,388.0
J01,1073.5
J01,311.0
J01,-2.0
J01,-55.0
J01,10.5
J01,-104.0
J01,-235.0
J01,-166.0
J01,-177.0
J01,19.0
J01,-5.0
J01,87.5
J01,45.0
J01,-41.0
J01,-150.0
J01,-154.5
J01,-160.0
J01,-161.0
J01,-170.0
J01,-170.0
J01,-170.0
J01,-21.0
J01,2.0
J01,-160.0
J01,-165.0
J01,-173.0
J01,8.0
J01,-25.5
J01,140.5
J01,-153.5
J01,-10.0
J01,266.5
J01,-243.5
J01,-279.5
J01,-27.0
J01,432.0
J01,203.0
J01,-229.0
J01,-333.0
J01,-118.0
J01,-104.5
J01,-297.5
J01,-324.0
J01,787.5
J01,643.5
J01,723.0
J01,414.5
J01,70.5
J01,68.5
J01,111.5
J01,-183.5
J01,-213.0
J01,-81.5
J01,-175.0
J01,-102.0
J01,196.5
J01,-173.0
J01,14.5
J01,82.5
J01,-170.5
J01,-242.0
J01,-206.5
J01,-147.0
J01,-281.5
J01,151.5
J01,957.0
J01,334.0
J01,38.0
J01,202.5
J01,-190.0
J01,-123.0
J01,-238.5
J01,88.5
J01,208.0
J01,193.0
J01,-114.5
J01,-188.5
J01,-198.0
J01,-210.5
J01,-282.0
J01,114.5
J01,554.0
J01,49.0
J01,10.5
J01,-112.0
J01,-183.0
J01,-325.0
J01,-284.5
J01,-308.5
J01,-316.0
J01,-236.5
J01,-218.5
J01,-205.5
J01,-193.0
J01,462.5
J01,450.0
J01,610.0
J01,432.5
J01,111.0
J01,-187.5
J01,-238.0
J01,289.0
J01,3.0
J01,-130.0
J01,-76.0
J01,122.5
J01,-157.0
J01,499.5
J01,544.5
J01,212.0
J01,-3.5
J01,34.0
J01,-34.0
J01,-70.5
J01,-108.0
J01,-161.0
J01,-69.0
J01,-200.0
J01,-84.0
J01,-307.0
J01,-331.5
J01,-360.0
J01,62.0
J01,127.0
J01,103.5
J01,20.5
J01,-23.5
J01,92.5
J01,-66.0
J01,-255.0
J01,-300.5
J01,133.0
J01,-158.5
J01,-271.0
J01,-254.0
J01,-290.0
J01,-293.5
J01,-300.0
J01,-106.0
J01,-256.5
J01,-280.0
J01,-280.0
J01,-280.0
J01,-280.0
J01,-280.0
J01,-280.0
J01,-280.0
J01,-118.5
J01,-272.0
J01,1174.5
J01,185.5
J01,1008.5
J01,26.0
J01,-164.0
J01,-204.0
J01,-240.0
J01,-240.0
J01,-240.0
J01,-240.0
J01,-240.0
J01,1241.0
J01,413.5
J01,-174.0
J01,-204.5
J01,-227.5
J01,-240.0
J01,-240.0
J01,-240.0
J01,-240.0
J01,-240.0
J01,1066.0
J01,1989.5
J01,1795.0
J01,336.0
J01,-113.0
J01,-120.0
J01,-71.5
J01,-165.0
J01,-83.5
J01,658.0
J01,-41.0
J01,-139.0
J01,-120.0
J01,-255.5
J01,-118.0
J01,-217.5
J01,-153.0
J01,-269.5
J01,-304.5
J01,-310.0
J01,-310.0
J01,-310.0
J01,-310.0
J01,-310.0
J01,-310.0
J01,-310.0
J01,-310.0
J01,-310.0
J01,-310.0
J01,-310.0
J01,-310.0
J01,-310.0
J01,-310.0
J01,205.0
J01,-280.0
J01,-280.0
J01,-280.0
J01,-280.0
J01,-280.0
J01,-280.0
J01,-280.0
J01,-280.0
J01,-280.0
J01,-280.0
J01,-280.0
J01,-280.0
J01,71.0
J01,-272.5
J01,2553.0
J01,172.0
J01,1420.5
J01,2386.0
J01,1504.5
J01,286.0
J01,-125.5
J01,560.0
J01,140.0
J01,-168.5
J01,205.5
J01,-203.0
J01,185.0
J01,240.0
J01,-6.0
J01,-170.5
J01,-134.5
J01,-45.0
J01,-303.0
J01,-222.0
J01,197.0
J01,373.5
J01,15.5
J01,47.0
J01,-160.0
J01,-160.0
J01,-86.5
J01,-116.5
J01,-146.0
J01,-67.0
J01,-77.5
J01,-221.0
J01,-234.5
J01,-282.0
J01,-301.5
J01,-318.5
J01,-284.0
J01,118.5
J01,438.5
J01,-60.5
J01,-280.0
J01,455.5
J01,857.5
J01,408.5
J01,402.5
J01,-60.0
J01,-64.0
J01,-57.5
J01,-79.0
J01,263.0
J01,-157.0
J01,-36.0
J01,11.0
J01,-158.5
J01,-86.5
J01,193.5
J01,-71.5
J01,-120.0
J01,-213.0
J01,114.0
J01,-49.5
J01,-243.0
J01,-268.0
J01,-251.0
J01,-297.5
J01,-137.5
J01,-191.5
J01,-269.5
J01,-156.0
J01,71.0
J01,-256.0
J01,-280.0
J01,-284.5
J01,-290.0
J01,-290.0
J01,-290.0
J01,-290.0
J01,-290.0
J01,982.5
J01,1049.5
J01,265.5
J01,-148.0
J01,-208.5
J01,-274.5
J01,-307.0
J01,-306.0
J01,-320.0
J01,-320.0
J01,-320.0
J01,840.0
J01,55.0
J01,-198.5
J01,-268.5
J01,-293.0
J01,-301.5
J01,-310.0
J01,-310.0
J01,714.5
J01,2143.0
J01,243.5
J01,-88.0
J01,-201.5
J01,-267.5
J01,-300.0
J01,-300.0
J01,-300.0
J01,-300.0
J01,1812.0
J01,-251.5
J01,-264.5
J01,1223.5
J01,934.0
J01,223.0
J01,65.0
J01,-141.5
J01,-150.0
J01,-154.0
J01,673.5
J01,11.0
J01,-14.5
J01,-169.0
J01,-110.0
J01,144.5
J01,-127.0
J01,-131.5
J01,-147.5
J01,-174.5
J01,-129.0
J01,-52.0
J01,139.0
J01,-185.0
J01,514.0
J01,-69.0
J01,240.0
J01,-164.5
J01,119.0
J01,375.5
J01,62.0
J01,477.5
J01,211.0
J01,157.0
J01,-84.5
J01,-101.0
J01,21.5
J01,-132.5
J01,-135.5
J01,-96.5
J01,-36.5
J01,16.5
J01,29.0
J01,-139.0
J01,-159.5
J01,-268.0
J01,-165.0
J01,77.5
J01,630.0
J01,-128.5
J01,69.5
J01,192.5
J01,-14.0
J01,45.5
J01,270.0
J01,157.5
J01,-101.5
J01,-45.5
J01,-69.5
J01,-36.5
J01,13.5
J01,-172.0
J01,-269.0
J01,-281.0
J01,-199.0
J01,-261.5
J01,7.5
J01,393.5
J01,-81.0
J01,19.5
J01,-133.5
J01,79.5
J01,108.0
J01,46.0
J01,-191.5
J01,123.0
J01,-260.0
J01,482.0
J01,-200.0
J01,-245.0
J01,-58.0
J01,-85.5
J01,456.5
J01,116.0
J01,48.5
J01,180.0
J01,-135.5
J01,-71.0
J01,-165.0
J01,136.5
J01,-71.0
J01,-189.0
J01,402.5
J01,70.5
J01,84.0
J01,-127.0
J01,-184.0
J01,-244.5
J01,-236.0
J01,-247.0
J01,-157.5
J01,-155.0
J01,343.5
J01,952.0
J01,153.0
J01,58.0
J01,-121.0
J01,51.5
J01,-227.0
J01,0.0
J01,0.0
J01,-5.5
J01,-35.5
J01,-71.5
J01,-22.0
J01,26.0
J01,-23.5
J01,-17.0
J01,30.0
J01,11.5
J01,-11.0
J01,-61.0
J01,-55.5
J01,-86.5
J01,-23.5
J01,26.0
J01,-117.0
J01,-59.0
J01,5.0
J01,-21.0
J01,-139.0
J01,2.5
J01,-27.5
J01,-20.0
J01,17.0
J01,-105.5
J01,-42.0
J01,-145.0
J01,41.0
J01,-61.0
J01,-64.5
J01,353.5
J01,286.0
J01,-89.0
J01,-214.0
J01,-149.0
J01,-280.0
J01,-280.0
J01,38.0
J01,-175.5
J01,-267.5
J01,-210.0
J01,-112.0
J01,-228.5
J01,-273.5
J01,523.0
J01,820.5
J01,431.0
J01,485.5
J01,-70.0
J01,110.5
J01,-14.5
J01,-93.5
J01,-200.0
J01,-102.5
J01,8.0
J01,-78.0
J01,-134.0
J01,-1.5
J01,207.5
J01,-113.0
J01,-136.5
J01,-202.5
J01,-44.0
J01,-252.5
J01,-260.0
J01,97.5
J01,-254.0
J01,85.0
J01,123.0
J01,100.0
J01,340.0
J01,401.0
J01,-111.5
J01,-150.5
J01,-134.0
J01,-270.0
J01,-277.5
J01,422.5
J01,-186.0
J01,-231.0
J01,-261.5
J01,-289.0
J01,-314.5
J01,-331.5
J01,-340.0
J01,-204.5
J01,13.5
J01,-266.5
J01,42.5
J01,-126.0
J01,189.0
J01,-132.5
J01,691.5
J01,364.0
J01,486.5
J01,404.0
J01,529.0
J01,234.0
J01,388.5
J01,445.0
J01,-25.0
J01,-75.0
J01,-255.5
J01,-130.0
J01,217.5
J01,-58.5
J01,-161.0
J01,-195.5
J01,18.5
J01,210.0
J01,-191.0
J01,52.0
J01,113.5
J01,-145.5
J01,-221.5
J01,-123.5
J01,208.0
J01,-229.5
J01,130.5
J01,182.0
J01,-116.0
J01,329.5
J01,1.5
J01,-163.0
J01,72.5
J01,134.0
J01,159.0
J01,19.0
J01,60.0
J01,1.5
J01,-68.0
J01,-1.5
J01,129.0
J01,-18.5
J01,153.5
J01,7.5
J01,-82.5
J01,26.0
J01,-121.0
J01,-97.5
J01,-7.0
J01,85.0
J01,79.5
J01,-63.5
J01,-144.0
J01,-201.5
J01,55.0
J01,-56.0
J01,-196.5
J01,-94.5
J01,-115.5
J01,82.0
J01,532.0
J01,126.5
J01,-49.5
J01,193.0
J01,-34.0
J01,120.5
J01,142.0
J01,-50.0
J01,-82.0
J01,-2.0
J01,-83.5
J01,-64.0
J01,38.0
J01,35.5
J01,-124.5
J01,-103.0
J01,-243.0
J01,-12.5
J01,230.0
J01,-119.0
J01,20.5
J01,-40.0
J01,-184.0
J01,-206.0
J01,-266.0
J01,-279.0
J01,-208.0
J01,42.0
J01,319.5
J01,-1.0
J01,-6.0
J01,-189.0
J01,136.0
J01,-165.0
J01,-166.0
J01,-239.5
J01,-222.0
J01,548.5
J01,-168.5
J01,-183.0
J01,-257.0
J01,431.0
J01,417.0
J01,59.0
J01,-130.0
J01,-131.0
J01,-142.0
J01,-151.0
J01,-91.5
J01,587.0
J01,340.5
J01,18.5
J01,-189.5
J01,-102.5
J01,-120.5
J01,-271.5
J01,23.0
J01,295.5
J01,-78.0
J01,221.0
J01,540.0
J01,-37.0
J01,182.0
J01,20.5
J01,-167.5
J01,69.0
J01,293.5
J01,-16.5
J01,-195.5
J01,-138.5
J01,-200.0
J01,-92.0
J01,211.5
J01,116.5
J01,-13.5
J01,-220.5
J01,-98.0
J01,-276.5
J01,-300.0
J01,-232.0
J01,-280.0
J01,-280.0
J01,-280.0
J01,-280.0
J01,-280.0
J01,-280.0
J01,-118.5
J01,375.5
J01,1078.0
J01,-176.0
J01,384.0
J01,8.0
J01,-143.5
J01,-190.0
J01,-281.0
J01,-340.0
J01,543.5
J01,81.5
J01,-13.0
J01,-159.5
J01,-115.0
J01,-165.5
J01,-221.5
J01,-304.0
J01,731.5
J01,373.5
J01,371.5
J01,78.0
J01,-133.5
J01,288.5
J01,59.5
J01,-62.5
J01,-140.0
J01,-73.5
J01,-29.5
J01,144.5
J01,13.5
J01,81.0
J01,-110.0
J01,-110.0
J01,-110.0
J01,-110.0
J01,15.5
J01,-90.0
J01,73.5
J01,-78.0
J01,-84.5
J01,-103.5
J01,-115.5
J01,-118.0
J01,-45.5
J01,518.0
J01,-118.5
J01,-146.0
J01,-179.5
J01,-228.5
J01,497.5
J01,339.5
J01,340.5
J01,-210.0
J01,-151.0
J01,-291.5
J01,-322.0
J01,-354.5
J01,-360.0
J01,-360.0
J01,-360.0
J01,-360.0
J01,-360.0
J01,-73.0
J01,-330.0
J01,-330.0
J01,-330.0
J01,-330.0
J01,-330.0
J01,-330.0
J01,-330.0
J01,-330.0
J01,-330.0
J01,-330.0
J01,-330.0
J01,-330.0
J01,-330.0
J01,-330.0
J01,-330.0
J01,-330.0
J01,-330.0
J01,-330.0
J01,-330.0
J01,-330.0
J01,-330.0
J01,-330.0
J01,-330.0
J01,-330.0
J01,-330.0
J01,-330.0
J01,-330.0
J01,-330.0
J01,-330.0
J01,-330.0
J01,2548.0
J01,1560.0
J01,-240.0
J01,-276.0
J01,-311.5
J01,-330.0
J01,-330.0
J01,-330.0
J01,-330.0
J01,-330.0
J01,-330.0
J01,-330.0
J01,-330.0
J01,2099.5
J01,1040.0
J01,-257.0
J01,-283.5
J01,-319.0
J01,-330.0
J01,-330.0
J01,-330.0
J01,-278.0
J01,-320.0
J01,-320.0
J01,-320.0
J01,-320.0
J01,-320.0
J01,-320.0
J01,-320.0
J01,-320.0
J01,-320.0
J01,-320.0
J01,-320.0
J01,-320.0
J01,-320.0
J01,-320.0
J01,-320.0
J01,-320.0
J01,-320.0
J01,-320.0
J01,-320.0
J01,-320.0
J01,-320.0
J01,-320.0
J01,-320.0
J01,-320.0
J01,-320.0
J01,-320.0
J01,-320.0
J01,-320.0
J01,-320.0
J01,-320.0
J01,-320.0
J01,-320.0
J01,-320.0
J01,-320.0
J01,-320.0
J01,-320.0
J01,-320.0
J01,2897.5
J01,2829.0
J01,750.0
J01,-282.5
J01,-319.5
J01,-344.5
J01,-350.0
J01,-350.0
J01,-264.5
J01,-330.0
J01,-330.0
J01,-330.0
J01,-330.0
J01,-330.0
J01,-330.0
J01,-330.0
J01,-330.0
J01,1956.0
J01,1001.5
J01,1015.5
J01,-270.0
J01,1334.5
J01,1234.5
J01,-257.0
J01,2232.5
J01,995.5
J01,-241.0
J01,-278.5
J01,-251.0
J01,-210.5
J01,-271.5
J01,-280.0
J01,-280.0
J01,-93.5
J01,-15.5
J01,-232.5
J01,-242.5
J01,-256.0
J01,-275.5
J01,-290.0
J01,-290.0
J01,-290.0
J01,-290.0
J01,-290.0
J01,-290.0
J01,-290.5
J01,-303.5
J01,-315.0
J01,-320.0
J01,-320.0
J01,-320.0
J01,4641.0
J01,3330.0
J01,-167.5
J01,-191.5
J01,2981.0
J01,2035.5
J01,656.0
J01,-100.5
J01,-260.0
J01,-280.0
J01,-280.0
J01,-284.5
J01,-290.0
J01,-291.0
J01,-300.0
J01,-300.0
J01,-300.0
J01,-300.0
J01,-300.0
J01,275.0
J01,226.0
J01,-267.5
J01,-295.0
J01,149.5
J01,-70.5
J01,-269.0
J01,-281.0
J01,-290.0
J01,-290.0
J01,-290.0
J01,-290.0
J01,-290.0
J01,-290.0
J01,-290.0
J01,-290.0
J01,-290.0
J01,-290.0
J01,-290.0
J01,165.5
J01,57.5
J01,-251.0
J01,-263.0
J01,-270.0
J01,-270.0
J01,-270.0
J01,-270.0
J01,-270.0
J01,-272.5
J01,-267.5
J01,-270.0
J01,-270.0
J01,-273.5
J01,-280.0
J01,165.5
J01,4503.5
J01,3266.5
J01,-182.0
J01,-224.0
J01,-269.0
J01,-259.0
J01,-270.0
J01,-270.0
J01,-270.0
J01,-270.0
J01,-270.0
J01,-270.0
J01,-270.0
J01,125.5
J01,23.5
J01,-242.0
J01,-259.0
J01,-270.0
J01,-270.0
J01,-272.5
J01,-272.0
J01,-280.0
J01,-283.0
J01,-304.5
J01,-326.5
J01,-344.5
J01,-219.0
J01,-235.0
J01,-290.0
J01,-290.0
J01,-290.0
J01,-290.0
J01,-290.0
J01,-291.5
J01,-300.0
J01,-300.0
J01,-300.0
J01,-300.0
J01,623.5
J01,171.5
J01,-264.5
J01,-283.5
J01,-290.0
J01,-296.0
J01,-284.0
J01,-292.5
J01,-312.5
J01,-350.0
J01,-350.0
J01,-350.0
J01,-350.0
J01,-350.0
J01,-351.5
J01,-360.0
J01,-360.0
J01,-69.0
J01,-26.0
J01,-300.0
J01,-300.0
J01,-300.0
J01,-300.0
J01,-300.0
J01,-300.0
J01,-300.0
J01,-300.0
J01,-300.0
J01,-300.0
J01,786.5
J01,695.5
J01,-265.0
J01,-288.0
J01,-300.0
J01,-300.0
J01,-300.0
J01,-300.0
J01,-300.0
J01,-306.0
J01,-320.0
J01,-320.0
J01,-320.0
J01,-320.0
J01,-320.0
J01,-320.0
J01,-320.0
J01,-320.0
J01,-320.0
J01,-320.0
J01,-205.0
J01,-191.0
J01,-298.0
J01,-300.0
J01,-300.0
J01,-300.0
J01,-300.0
J01,764.5
J01,1296.5
J01,-237.0
J01,-255.0
J01,-275.0
J01,-280.0
J01,-280.0
J01,-280.0
J01,-280.0
J01,-280.0
J01,-280.0
J01,-280.0
J01,-57.5
J01,155.0
J01,-222.0
J01,-230.0
J01,-230.0
J01,-230.0
J01,-230.5
J01,-240.5
J01,-261.0
J01,-208.0
J01,-280.0
J01,-280.0
J01,-280.0
J01,-280.0
J01,-280.0
J01,-280.0
J01,-280.0
J01,-280.0
J01,-280.0
J01,-280.0
J01,-280.0
J01,7804.5
J01,6875.5
J01,-210.0
J01,-241.0
J01,-269.0
J01,-284.5
J01,-290.0
J01,-290.0
J01,-290.0
J01,-290.0
J01,-290.0
J01,-290.0
J01,-290.0
J01,8183.5
J01,2486.5
J01,927.0
J01,-191.5
J01,-219.0
J01,-230.0
J01,-235.0
J01,-253.0
J01,-260.0
J01,-264.0
J01,-270.0
J01,-270.0
J01,-270.0
J01,-126.5
J01,-139.0
J01,4422.5
J01,-240.0
J01,-248.0
J01,-281.0
J01,-25.5
J01,-290.0
J01,-290.0
J01,-290.0
J01,-290.0
J01,-290.0
J01,-290.0
J01,-290.0
J01,-290.0
J01,-290.0
J01,-290.0
J01,-290.0
J01,-290.0
J01,-290.0
J01,-290.0
J01,327.0
J01,355.5
J01,-230.0
J01,-230.0
J01,-230.0
J01,-230.0
J01,-230.0
J01,-232.5
J01,-242.0
J01,-263.0
J01,-290.0
J01,-290.0
J01,-290.0
J01,-290.0
J01,-290.0
J01,-290.0
J01,-290.0
J01,-290.0
J01,-290.0
J01,5887.0
J01,4103.0
J01,4383.0
J01,1823.0
J01,138.0
J01,2342.5
J01,1182.0
J01,109.0
J01,-149.5
J01,828.5
J01,-56.5
J01,-101.5
J01,-33.0
J01,-15.0
J01,-106.5
J01,-83.0
J01,-146.0
J01,-244.5
J01,-269.0
J01,-346.5
J01,56.0
J01,-20.5
J01,-16.0
J01,-104.0
J01,-172.0
J01,-181.0
J01,-190.0
J01,-190.0
J01,252.0
J01,0.0
J01,0.0
J01,-4.0
J01,-26.0
J01,-14.0
J01,-2.5
J01,5.5
J01,-52.5
J01,-38.5
J01,-63.0
J01,-48.0
J01,9.5
J01,-93.5
J01,-158.0
J01,-71.0
J01,-58.0
J01,-151.0
J01,-186.0
J01,-258.0
J01,-293.0
J01,-325.0
J01,-153.0
J01,-174.0
J01,-320.0
J01,-218.0
J01,-310.0
J01,-310.0
J01,-155.0
J01,260.0
J01,-261.5
J01,-273.5
J01,-291.0
J01,-305.0
J01,152.5
J01,-292.0
J01,-304.5
J01,-314.0
J01,-320.0
J01,772.0
J01,1423.0
J01,378.0
J01,432.0
J01,885.0
J01,365.0
J01,697.0
J01,-69.0
J01,-172.5
J01,-207.0
J01,-165.5
J01,-227.0
J01,-218.5
J01,-281.5
J01,-294.5
J01,-209.5
J01,-43.0
J01,-260.0
J01,842.0
J01,619.0
J01,327.0
J01,61.0
J01,-117.5
J01,-222.0
J01,-251.0
J01,-276.0
J01,-296.0
J01,-313.0
J01,-320.0
J01,-320.0
J01,400.5
J01,524.0
J01,17.5
J01,633.0
J01,223.5
J01,543.5
J01,307.0
J01,125.5
J01,-10.0
J01,-15.0
J01,-73.0
J01,-100.0
J01,20.5
J01,-124.0
J01,-99.5
J01,-123.0
J01,56.5
J01,-27.0
J01,-29.0
J01,-248.0
J01,-304.0
J01,-310.0
J01,-127.0
J01,-199.5
J01,-290.0
J01,-226.5
J01,-280.0
J01,-280.0
J01,-280.0
J01,-280.0
J01,-280.0
J01,-280.0
J01,575.0
J01,-242.0
J01,-257.0
J01,-280.0
J01,-280.0
J01,-15.5
J01,88.5
J01,695.5
J01,813.0
J01,541.5
J01,-153.5
J01,317.0
J01,1439.0
J01,415.0
J01,93.5
J01,-80.0
J01,-145.5
J01,-131.0
J01,-11.5
J01,-46.5
J01,11.0
J01,-14.0
J01,-92.0
J01,-103.0
J01,-113.5
J01,-122.5
J01,-140.0
J01,-141.5
J01,-150.0
J01,29.5
J01,45.0
J01,-132.5
J01,-0.5
J01,88.5
J01,-66.0
J01,-9.5
J01,-28.5
J01,-110.0
J01,-116.0
J01,-134.5
J01,-140.0
J01,-142.0
J01,-150.0
J01,-150.0
J01,-153.5
J01,-160.0
J01,102.5
J01,93.0
J01,-140.0
J01,-143.5
J01,-150.0
J01,-150.0
J01,-152.5
J01,-160.0
J01,-160.0
J01,-160.0
J01,-160.0
J01,-160.0
J01,72.0
J01,103.0
J01,70.0
J01,-26.5
J01,-37.5
J01,-137.5
J01,-155.0
J01,-160.0
J01,-160.5
J01,-170.0
J01,-170.0
J01,-170.0
J01,-170.0
J01,364.0
J01,245.0
J01,-144.5
J01,-150.0
J01,-150.0
J01,-150.0
J01,-154.5
J01,-160.0
J01,-160.5
J01,-171.0
J01,-180.0
J01,-181.5
J01,277.5
J01,70.0
J01,-164.5
J01,263.5
J01,-150.0
J01,-161.5
J01,-180.0
J01,-184.5
J01,-194.5
J01,-200.0
J01,-200.0
J01,-200.0
J01,-200.0
J01,1087.5
J01,-5.5
J01,47.5
J01,-83.5
J01,2066.5
J01,929.5
J01,42.5
J01,-113.5
J01,-333.0
J01,-384.0
J01,-326.0
J01,-303.5
J01,-350.0
J01,-350.0
J01,-148.0
J01,-330.0
J01,-330.0
J01,-76.5
J01,-199.5
J01,410.0
J01,434.0
J01,-223.5
J01,-265.5
J01,-296.5
J01,-320.0
J01,-320.0
J01,1213.5
J01,2299.5
J01,-38.0
J01,-155.5
J01,791.5
J01,1202.5
J01,393.0
J01,-130.5
J01,921.5
J01,244.0
J01,-95.5
J01,-173.5
J01,-278.5
J01,-340.0
J01,-344.5
J01,-350.0
J01,-352.0
J01,-360.0
J01,-360.0
J01,-360.0
J01,-360.0
J01,-151.0
J01,24.5
J01,-25.5
J01,-138.0
J01,4.5
J01,-271.5
J01,-280.0
J01,-284.0
J01,1317.0
J01,1142.5
J01,645.0
J01,790.0
J01,405.0
J01,-77.5
J01,-110.0
J01,-120.0
J01,-123.5
J01,-130.5
J01,-98.0
J01,-55.5
J01,-86.5
J01,-201.0
J01,-233.0
J01,-268.5
J01,-260.5
J01,-259.0
J01,-321.0
J01,-331.5
J01,-356.5
J01,-375.0
J01,594.5
J01,812.5
J01,-297.5
J01,-327.0
J01,-358.5
J01,-328.5
J01,-275.0
J01,-292.0
J01,-280.5
J01,-332.5
J01,-340.0
J01,-347.5
J01,-370.0
J01,-370.0
J01,-370.0
J01,-370.0
J01,-370.0
J01,-370.0
J01,-370.0
J01,-370.0
J01,1459.5
J01,1373.5
J01,985.0
J01,31.5
J01,-279.5
J01,52.0
J01,360.0
J01,-232.5
J01,1984.5
J01,1565.0
J01,477.5
J01,-105.0
J01,-110.0
J01,-190.0
J01,-228.0
J01,-281.5
J01,-170.0
J01,-232.5
J01,658.5
J01,-217.0
J01,-227.5
J01,-235.5
J01,-241.5
J01,-248.0
J01,-285.0
J01,419.5
J01,692.0
J01,-229.5
J01,-267.0
J01,240.5
J01,32.5
J01,-242.5
J01,-268.5
J01,747.5
J01,787.5
J01,-52.5
J01,7.0
J01,-58.0
J01,-154.5
J01,-334.0
J01,-287.0
J01,-143.5
J01,-78.5
J01,-214.5
J01,-209.5
J01,-174.0
J01,-290.0
J01,-290.0
J01,-290.0
J01,-290.0
J01,-290.0
J01,-290.0
J01,-290.0
J01,-290.0
J01,-290.0
J01,804.0
J01,-116.0
J01,-252.0
J01,-266.0
J01,-282.0
J01,-290.0
J01,-290.0
J01,-290.0
J01,-290.0
J01,-290.0
J01,-290.0
J01,-290.0
J01,-290.0
J01,-290.0
J01,-290.0
J01,-169.0
J01,-160.0
J01,-284.0
J01,-268.0
J01,-256.5
J01,-280.0
J01,-284.5
J01,-290.0
J01,-290.0
J01,-290.0
J01,-290.0
J01,-290.0
J01,-290.0
J01,-290.0
J01,-290.0
J01,586.0
J01,274.5
J01,-265.5
J01,-280.0
J01,-281.5
J01,-290.0
J01,-290.0
J01,185.0
J01,258.0
J01,-240.0
J01,-245.0
J01,-257.0
J01,-275.0
J01,-280.0
J01,-280.0
J01,-280.0
J01,-280.0
J01,-280.0
J01,-280.0
J01,-280.0
J01,-280.0
J01,-280.0
J01,-280.0
J01,-280.0
J01,-280.0
J01,-280.0
J01,-280.0
J01,-280.0
J01,-280.0
J01,-280.0
J01,-280.0
J01,4767.0
J01,1397.0
J01,-209.5
J01,-242.0
J01,-269.5
J01,-290.0
J01,-290.0
J01,-290.0
J01,-290.0
J01,-290.0
J01,-290.0
J01,-290.0
J01,398.5
J01,423.0
J01,-265.5
J01,-285.0
J01,-290.0
J01,-290.0
J01,-290.0
J01,-290.0
J01,-290.0
J01,-290.0
J01,-290.0
J01,-290.0
J01,-290.0
J01,-79.5
J01,-280.0
J01,468.5
J01,223.0
J01,-256.0
J01,-279.5
J01,-300.5
J01,-52.5
J01,-18.0
J01,-255.5
J01,-273.0
J01,-280.0
J01,-280.0
J01,-280.0
J01,-280.0
J01,-280.0
J01,-280.0
J01,-280.0
J01,-280.0
J01,98.5
J01,-4.5
J01,-154.0
J01,-274.0
J01,-280.0
J01,-280.0
J01,-280.0
J01,-280.0
J01,-280.0
J01,-280.0
J01,-280.0
J01,-280.0
J01,-280.0
J01,-280.0
J01,-280.0
J01,-280.0
J01,-280.0
J01,-280.0
J01,-280.0
J01,-280.0
J01,-280.0
J01,-280.0
J01,-280.0
J01,-280.0
J01,-280.0
J01,-280.0
J01,-280.0
J01,255.0
J01,274.0
J01,34.5
J01,44.0
J01,-222.5
J01,-246.0
J01,-264.5
J01,-280.0
J01,-280.0
J01,-280.0
J01,-280.0
J01,-280.0
J01,-280.0
J01,-280.0
J01,-280.0
J01,-280.0
J01,-280.0
J01,105.5
J01,127.5
J01,-220.0
J01,-221.5
J01,-235.5
J01,-251.0
J01,-264.5
J01,-285.0
J01,-300.0
J01,-228.0
J01,-189.0
J01,-270.0
J01,-270.0
J01,-270.0
J01,-270.0
J01,-270.0
J01,-270.0
J01,-270.0
J01,-271.5
J01,-286.0
J01,-306.5
J01,-321.0
J01,-330.0
J01,-330.0
J01,238.0
J01,66.5
J01,-280.0
J01,-280.0
J01,-280.0
J01,-280.0
J01,-280.0
J01,-280.0
J01,-280.0
J01,-280.0
J01,-280.0
J01,-280.0
J01,9956.5
J01,4287.0
J01,-209.0
J01,-249.5
J01,-274.0
J01,-280.0
J01,-281.0
J01,-290.0
J01,-290.0
J01,-290.0
J01,-290.0
J01,-290.0
J01,306.0
J01,899.0
J01,-230.0
J01,-230.0
J01,-234.0
J01,-254.5
J01,-262.0
J01,-273.0
J01,-141.5
J01,-257.0
J01,-273.5
J01,-280.0
J01,-282.5
J01,-290.0
J01,-290.0
J01,-290.0
J01,-290.0
J01,-290.0
J01,-290.0
J01,-290.0
J01,7803.5
J01,4798.0
J01,-213.5
J01,-239.5
J01,-258.0
J01,-287.0
J01,-310.0
J01,-310.0
J01,-310.0
J01,-310.0
J01,-310.0
J01,-310.0
J01,408.5
J01,419.5
J01,-250.0
J01,-250.0
J01,-251.5
J01,-273.0
J01,-282.5
J01,-290.0
J01,-292.0
J01,-300.0
J01,-300.0
J01,188.0
J01,-132.0
J01,-98.5
J01,-300.0
J01,-300.0
J01,-300.0
J01,-300.0
J01,-300.0
J01,-300.0
J01,-300.0
J01,-300.0
J01,-300.0
J01,-300.0
J01,9148.5
J01,3793.5
J01,-223.0
J01,-246.5
J01,-278.5
J01,-290.0
J01,-290.0
J01,-290.0
J01,-290.0
J01,-290.0
J01,-290.0
J01,-290.0
J01,-290.0
J01,7174.5
J01,2795.5
J01,859.5
J01,-187.0
J01,-223.5
J01,-240.0
J01,-245.0
J01,-257.0
J01,-270.0
J01,-270.0
J01,-270.0
J01,-95.5
J01,-200.0
J01,-273.5
J01,-290.0
J01,-290.0
J01,-290.0
J01,-290.0
J01,-290.0
J01,-290.0
J01,-290.0
J01,-290.0
J01,-290.0
J01,-290.0
J01,-290.0
J01,-290.0
J01,-290.0
J01,-290.0
J01,40.0
J01,70.5
J01,-266.5
J01,-290.0
J01,-290.0
J01,-290.0
J01,-290.0
J01,-290.0
J01,-290.0
J01,-290.0
J01,-290.0
J01,-290.0
J01,-290.0
J01,-290.0
J01,-290.0
J01,-290.0
J01,-290.0
J01,-290.0
J01,-290.0
J01,-290.0
J01,-290.0
J01,-290.0
J01,-290.0
J01,-290.0
J01,-290.0
J01,-290.0
J01,-290.0
J01,-290.0
J01,-290.0
J01,4321.0
J01,3247.5
J01,850.0
J01,106.5
J01,-236.0
J01,-274.5
J01,-280.0
J01,-280.0
J01,-280.0
J01,-280.0
J01,-280.0
J01,-280.0
J01,-280.0
J01,-280.0
J01,-280.0
J01,3592.0
J01,2826.5
J01,-209.0
J01,-246.0
J01,-272.5
J01,-290.0
J01,-290.0
J01,-290.0
J01,-290.0
J01,133.0
J01,572.5
J01,-233.0
J01,-227.0
J01,-233.5
J01,-260.5
J01,-285.0
J01,-290.0
J01,-290.0
J01,-290.0
J01,-290.0
J01,-290.0
J01,-290.0
J01,-290.0
J01,-290.0
J01,-290.0
J01,2615.0
J01,2385.0
J01,67.0
J01,207.0
J01,-91.5
J01,-260.0
J01,-265.5
J01,-218.0
J01,-270.0
J01,0.0
J01,0.0
J01,-5.0
J01,-40.0
J01,-82.0
J01,-98.0
J01,-19.0
J01,-89.5
J01,-55.5
J01,-32.0
J01,-53.5
J01,76.0
J01,38.0
J01,-105.5
J01,-106.0
J01,-225.0
J01,4.0
J01,71.5
J01,-51.5
J01,-152.5
J01,-231.0
J01,-283.5
J01,229.5
J01,63.5
J01,-65.0
J01,-73.0
J01,404.0
J01,105.0
J01,-170.5
J01,216.0
J01,-7.5
J01,-34.5
J01,-98.0
J01,-112.5
J01,-235.5
J01,-161.0
J01,-179.0
J01,-245.5
J01,-290.0
J01,-290.0
J01,-290.0
J01,-290.0
J01,-290.0
J01,-290.0
J01,-290.0
J01,89.0
J01,702.0
J01,1190.0
J01,-171.0
J01,-51.0
J01,81.0
J01,255.5
J01,178.0
J01,-240.5
J01,-270.5
J01,-293.5
J01,-320.0
J01,-320.0
J01,-133.0
J01,-219.5
J01,-280.0
J01,-280.0
J01,-280.0
J01,629.0
J01,943.0
J01,886.0
J01,188.0
J01,678.0
J01,-106.5
J01,408.0
J01,46.0
J01,-46.0
J01,-58.5
J01,-228.0
J01,-236.0
J01,-243.0
J01,562.5
J01,77.0
J01,-109.0
J01,-183.0
J01,-216.5
J01,-242.5
J01,-253.0
J01,-261.0
J01,-270.0
J01,-206.5
J01,219.5
J01,755.5
J01,166.5
J01,-103.5
J01,-153.5
J01,-252.0
J01,-291.0
J01,-300.0
J01,-264.0
J01,-266.0
J01,-300.0
J01,-304.5
J01,-306.0
J01,-289.5
J01,-79.0
J01,-278.5
J01,-285.5
J01,-300.0
J01,-300.0
J01,-300.0
J01,-302.0
J01,-310.0
J01,-310.0
J01,-310.0
J01,-310.0
J01,-310.0
J01,1193.0
J01,1052.5
J01,-6.0
J01,988.5
J01,555.0
J01,-189.0
J01,-226.0
J01,-272.5
J01,-290.0
J01,-294.0
J01,-300.0
J01,-300.0
J01,-300.0
J01,-301.5
J01,-310.0
J01,-310.0
J01,398.5
J01,-268.5
J01,-270.0
J01,-270.0
J01,-273.5
J01,-280.0
J01,-280.0
J01,-280.0
J01,-280.0
J01,-282.0
J01,-290.0
J01,-291.5
J01,-300.0
J01,-20.5
J01,-173.5
J01,-271.5
J01,-280.0
J01,-287.0
J01,-303.0
J01,-311.0
J01,-320.0
J01,-320.0
J01,-320.0
J01,-320.0
J01,-320.0
J01,-320.5
J01,48.0
J01,-26.5
J01,-290.0
J01,-297.5
J01,-310.0
J01,-310.0
J01,-310.0
J01,-310.0
J01,-310.0
J01,-310.0
J01,-313.0
J01,-320.0
J01,-320.0
J01,168.5
J01,-280.0
J01,-286.0
J01,-305.0
J01,-310.5
J01,-324.5
J01,-343.5
J01,-351.0
J01,-102.5
J01,-71.5
J01,-310.0
J01,-310.0
J01,-310.0
J01,-310.0
J01,-313.5
J01,-320.0
J01,-320.0
J01,-238.5
J01,-269.5
J01,-310.0
J01,-310.0
J01,-312.5
J01,-320.0
J01,-320.0
J01,-320.0
J01,-320.0
J01,-320.0
J01,-320.0
J01,-320.0
J01,-237.5
J01,-310.0
J01,-314.0
J01,-320.0
J01,-320.0
J01,-320.0
J01,-323.0
J01,-330.0
J01,-330.0
J01,-330.0
J01,-330.0
J01,-330.0
J01,-330.0
J01,-332.0
J01,-340.0
J01,-341.0
J01,-350.0
J01,-350.0
J01,-350.0
J01,-350.0
J01,-350.0
J01,-350.0
J01,-187.0
J01,-333.5
J01,-340.0
J01,-340.0
J01,-340.0
J01,-340.0
J01,-340.0
J01,-340.0
J01,-340.0
J01,-340.0
J01,-340.0
J01,-340.0
J01,-341.0
J01,-339.0
J01,-340.0
J01,-340.0
J01,-340.0
J01,-340.0
J01,-340.0
J01,-340.0
J01,-340.0
J01,-345.0
J01,-353.5
J01,-360.0
J01,-360.0
J01,-360.0
J01,-360.0
J01,-360.0
J01,-360.0
J01,-360.0
J01,-360.0
J01,-360.0
J01,-360.0
J01,-360.0
J01,-360.0
J01,-360.0
J01,-360.0
J01,-360.0
J01,-360.0
J01,-360.0
J01,-165.0
J01,-158.5
J01,-354.0
J01,-360.0
J01,-360.0
J01,-360.0
J01,-360.0
J01,-360.0
J01,-360.0
J01,-360.0
J01,-360.0
J01,-360.0
J01,-144.0
J01,-340.0
J01,-340.0
J01,-340.0
J01,-340.0
J01,-340.0
J01,-340.0
J01,-340.0
J01,-340.0
J01,-340.0
J01,-340.0
J01,-340.0
J01,-340.0
J01,-340.0
J01,-340.0
J01,-340.0
J01,-340.0
J01,-340.0
J01,-340.0
J01,-340.0
J01,-340.0
J01,-340.0
J01,-340.0
J01,-340.0
J01,-340.0
J01,-340.0
J01,-340.0
J01,-340.0
J01,-340.0
J01,-340.0
J01,-340.0
J01,-340.0
J01,-340.0
J01,-340.0
J01,-340.0
J01,-340.0
J01,-340.0
J01,-340.0
J01,-340.0
J01,-340.0
J01,-340.0
J01,-340.0
J01,-340.0
J01,-340.0
J01,-340.0
J01,-340.0
J01,-340.0
J01,-340.0
J01,-340.0
J01,-340.0
J01,-340.0
J01,-340.0
J01,-340.0
J01,-340.0
J01,-340.0
J01,-340.0
J01,-340.0
J01,-340.0
J01,-340.0
J01,-340.0
J01,-340.0
J01,-340.0
J01,-340.0
J01,-340.0
J01,-340.0
J01,-340.0
J01,-340.0
J01,-340.0
J01,-340.0
J01,-340.0
J01,-340.0
J01,-340.0
J01,-340.0
J01,-340.0
J01,-340.0
J01,-340.0
J01,-340.0
J01,-340.0
J01,-340.0
J01,-340.0
J01,-340.0
J01,-340.0
J01,-340.0
J01,-340.0
J01,-340.0
J01,-340.0
J01,-340.0
J01,-340.0
J01,-340.0
J01,-340.0
J01,-340.0
J01,-340.0
J01,-340.0
J01,-340.0
J01,-340.0
J01,-340.0
J01,-340.0
J01,-340.0
J01,-340.0
J01,-340.0
J01,-340.0
J01,-340.0
J01,-340.0
J01,-340.0
J01,-340.0
J01,-340.0
J01,-340.0
J01,-340.0
J01,5333.0
J01,2751.5
J01,-310.0
J01,-310.0
J01,-310.0
J01,-310.0
J01,-310.0
J01,-310.0
J01,-310.0
J01,-310.0
J01,-310.0
J01,-310.0
J01,-310.0
J01,-310.0
J01,-310.0
J01,-310.0
J01,-310.0
J01,-310.0
J01,-310.0
J01,-310.0
J01,-310.0
J01,-310.0
J01,-310.0
J01,-310.0
J01,-310.0
J01,-310.0
J01,-310.0
J01,-310.0
J01,-310.0
J01,-310.0
J01,-310.0
J01,-310.0
J01,-310.0
J01,2983.0
J01,-300.0
J01,-300.0
J01,-300.0
J01,-300.0
J01,-300.0
J01,-300.0
J01,-300.0
J01,-300.0
J01,-300.0
J01,-300.0
J01,-300.0
J01,-300.0
J01,-300.0
J01,-300.0
J01,-300.0
J01,-300.0
J01,-300.0
J01,-300.0
J01,-300.0
J01,-300.0
J01,-300.0
J01,-300.0
J01,-300.0
J01,-300.0
J01,-300.0
J01,-300.0
J01,-300.0
J01,-300.0
J01,-300.0
J01,-300.0
J01,-300.0
J01,-300.0
J01,-300.0
J01,-300.0
J01,-300.0
J01,-300.0
J01,-300.0
J01,-300.0
J01,-300.0
J01,-300.0
J01,-300.0
J01,-300.0
J01,-300.0
J01,-300.0
J01,-300.0
J01,-300.0
J01,-300.0
J01,-300.0
J01,-300.0
J01,-300.0
J01,-300.0
J01,-300.0
J01,-300.0
J01,-300.0
J01,-300.0
J01,-300.0
J01,-300.0
J01,-300.0
J01,-300.0
J01,-300.0
J01,-300.0
J01,-300.0
J01,-300.0
J01,-300.0
J01,-300.0
J01,-300.0
J01,-300.0
J01,-300.0
J01,-300.0
J01,-300.0
J01,-300.0
J01,-300.0
J01,-300.0
J01,-300.0
J01,-300.0
J01,-300.0
J01,-300.0
J01,-300.0
J01,-300.0
J01,-300.0
J01,-300.0
J01,-300.0
J01,-300.0
J01,-300.0
J01,-300.0
J01,-300.0
J01,-300.0
J01,-300.0
J01,-300.0
J01,-300.0
J01,-300.0
J01,-300.0
J01,-300.0
J01,-300.0
J01,-300.0
J01,-300.0
J01,-300.0
J01,-300.0
J01,-300.0
J01,-300.0
J01,-300.0
J01,-300.0
J01,-300.0
J01,-300.0
J01,-300.0
J01,-300.0
J01,-300.0
J01,-300.0
J01,-300.0
J01,-300.0
J01,-300.0
J01,-300.0
J01,-300.0
J01,-300.0
J01,-300.0
J01,-300.0
J01,-300.0
J01,-300.0
J01,-300.0
J01,-300.0
J01,-300.0
J01,-300.0
J01,-300.0
J01,-300.0
J01,-300.0
J01,-300.0
J01,-300.0
J01,-300.0
J01,-300.0
J01,-300.0
J01,-300.0
J01,-300.0
J01,-300.0
J01,-300.0
J01,-300.0
J01,-300.0
J01,-300.0
J01,-300.0
J01,-300.0
J01,-300.0
J01,-300.0
J01,-300.0
J01,-300.0
J01,-300.0
J01,-300.0
J01,-300.0
J01,-300.0
J01,-300.0
J01,-300.0
J01,-300.0
J01,-300.0
J01,-300.0
J01,-300.0
J01,-300.0
J01,-300.0
J01,-300.0
J01,-300.0
J01,-300.0
J01,-300.0
J01,-300.0
J01,-300.0
J01,-300.0
J01,-300.0
J01,-300.0
J01,-300.0
J01,-300.0
J01,-300.0
J01,-300.0
J01,-300.0
J01,-300.0
J01,-300.0
J01,-300.0
J01,-300.0
J01,-300.0
J01,-300.0
J01,-300.0
J01,-300.0
J01,-300.0
J01,-300.0
J01,-300.0
J01,-300.0
J01,-300.0
J01,-300.0
J01,-300.0
J01,-300.0
J01,-300.0
J01,-300.0
J01,-300.0
J01,-300.0
J01,-300.0
J01,-300.0
J01,-300.0
J01,-300.0
J01,-300.0
J01,-300.0
J01,-300.0
J01,-300.0
J01,-300.0
J01,-300.0
J01,-300.0
J01,-300.0
J01,-300.0
J01,-300.0
J01,-300.0
J01,-300.0
J01,-300.0
J01,-300.0
J01,-300.0
J01,-300.0
J01,-300.0
J01,-300.0
J01,-300.0
J01,-300.0
J01,-300.0
J01,-300.0
J01,-300.0
J01,-300.0
J01,-300.0
J01,-300.0
J01,-300.0
J01,-300.0
J01,-300.0
J01,-300.0
J01,-300.0
J01,-300.0
J01,-300.0
J01,-300.0
J01,-300.0
J01,-300.0
J01,-300.0
J01,-300.0
J01,-300.0
J01,-300.0
J01,-300.0
J01,-300.0
J01,-300.0
J01,-300.0
J01,-300.0
J01,-300.0
J01,-300.0
J01,-300.0
J01,-300.0
J01,-300.0
J01,-300.0
J01,-300.0
J01,-300.0
J01,-300.0
J01,-300.0
J01,-300.0
J01,-300.0
J01,-300.0
J01,-300.0
J01,-300.0
J01,-300.0
J01,-300.0
J01,-300.0
J01,-300.0
J01,-300.0
J01,-300.0
J01,-300.0
J01,-300.0
J01,-300.0
J01,-300.0
J01,-300.0
J01,-300.0
J01,-300.0
J01,-300.0
J01,-300.0
J01,-300.0
J01,-300.0
J01,-300.0
J01,-300.0
J01,-300.0
J01,-300.0
J01,-300.0
J01,-300.0
J01,-300.0
J01,-300.0
J01,-300.0
J01,-300.0
J01,-300.0
J01,-300.0
J01,-300.0
J01,-300.0
J01,-300.0
J01,-300.0
J01,-300.0
J01,-300.0
J01,-300.0
J01,-300.0
J01,-300.0
J01,-300.0
J01,-300.0
J01,-300.0
J01,-300.0
J01,-300.0
J01,-300.0
J01,-300.0
J01,-300.0
J01,-300.0
J01,-300.0
J01,-300.0
J01,-300.0
J01,-300.0
J01,-300.0
J01,-300.0
J01,-300.0
J01,-300.0
J01,0.0
J01,0.0
J01,-5.0
J01,-40.0
J01,-81.5
J01,-99.0
J01,-134.0
J01,-162.0
J01,-212.5
J01,-257.5
J01,-276.0
J01,48.0
J01,223.5
J01,-0.5
J01,-152.0
J01,-241.5
J01,-266.0
J01,-290.0
J01,-292.0
J01,558.5
J01,378.5
J01,74.0
J01,-143.5
J01,221.0
J01,-19.0
J01,140.0
J01,-76.0
J01,-64.0
J01,173.0
J01,-140.0
J01,-4.5
J01,-289.5
J01,-98.5
J01,-192.5
J01,217.5
J01,91.5
J01,143.5
J01,16.5
J01,55.0
J01,-98.5
J01,-95.5
J01,272.0
J01,-153.5
J01,314.0
J01,-0.5
J01,-49.0
J01,156.5
J01,38.0
J01,-23.0
J01,58.5
J01,-280.5
J01,-58.0
J01,51.5
J01,-238.5
J01,-237.0
J01,-143.5
J01,-247.0
J01,-209.0
J01,-235.0
J01,-300.0
J01,-300.0
J01,-300.0
J01,-300.0
J01,-300.0
J01,-300.0
J01,-11.5
J01,-169.0
J01,-260.0
J01,-260.0
J01,-261.0
J01,-25.0
J01,-6.5
J01,161.5
J01,-258.5
J01,-280.0
J01,-206.0
J01,-280.0
J01,-280.0
J01,-280.0
J01,-280.0
J01,-280.0
J01,-280.0
J01,-280.0
J01,-280.0
J01,-280.0
J01,-280.0
J01,122.0
J01,159.5
J01,-223.5
J01,-247.5
J01,-213.0
J01,-200.5
J01,-230.0
J01,-232.5
J01,-251.5
J01,-267.5
J01,-280.0
J01,-280.0
J01,-280.0
J01,-280.0
J01,-280.0
J01,-280.0
J01,16.5
J01,-2.0
J01,-241.5
J01,-251.5
J01,-267.5
J01,-280.0
J01,-280.0
J01,-280.0
J01,-280.0
J01,-280.0
J01,-280.0
J01,-280.0
J01,3118.5
J01,2062.5
J01,157.5
J01,-78.0
J01,-208.5
J01,-220.5
J01,-230.0
J01,-231.0
J01,-246.0
J01,-238.0
J01,-280.0
J01,-285.0
J01,-290.0
J01,-290.0
J01,-290.0
J01,-290.0
J01,-290.0
J01,-290.0
J01,-290.0
J01,-290.0
J01,-290.0
J01,-16.5
J01,5.0
J01,-266.0
J01,-285.0
J01,-145.0
J01,-280.0
J01,-280.0
J01,-280.0
J01,-280.0
J01,-280.0
J01,-280.0
J01,63.0
J01,86.5
J01,-256.5
J01,-280.0
J01,-280.0
J01,-285.0
J01,-292.0
J01,-303.0
J01,-310.0
J01,-314.5
J01,-320.0
J01,-320.0
J01,-320.0
J01,-320.0
J01,-320.0
J01,63.5
J01,87.5
J01,-296.5
J01,-324.0
J01,-330.0
J01,-330.0
J01,-330.0
J01,-330.0
J01,81.0
J01,27.5
J01,-280.0
J01,-280.0
J01,-280.0
J01,-280.0
J01,-280.0
J01,-280.0
J01,-280.0
J01,-280.0
J01,-280.0
J01,-280.0
J01,243.5
J01,272.0
J01,-256.5
J01,-284.5
J01,-290.0
J01,-290.5
J01,-300.0
J01,-300.0
J01,-300.0
J01,-195.0
J01,-280.0
J01,-280.0
J01,-280.0
J01,-280.0
J01,-280.0
J01,-280.0
J01,-280.0
J01,-280.0
J01,-280.0
J01,-280.0
J01,-280.0
J01,-280.0
J01,-280.0
J01,-280.0
J01,-280.0
J01,-280.0
J01,-280.0
J01,-280.0
J01,-280.0
J01,-280.0
J01,-280.0
J01,-280.0
J01,-280.0
J01,-280.0
J01,-280.0
J01,-280.0
J01,614.5
J01,1347.0
J01,-220.0
J01,-221.0
J01,-234.0
J01,-247.0
J01,-284.0
J01,-290.0
J01,-290.0
J01,-290.0
J01,-294.5
J01,-303.0
J01,-313.0
J01,-320.0
J01,-320.0
J01,-320.0
J01,-320.0
J01,-320.0
J01,-320.0
J01,-320.0
J01,167.5
J01,463.0
J01,-240.0
J01,-242.5
J01,-254.5
J01,-262.0
J01,-270.0
J01,88.5
J01,-163.5
J01,-220.0
J01,-220.0
J01,-225.0
J01,-241.0
J01,-258.0
J01,-280.0
J01,-280.0
J01,-285.0
J01,-290.0
J01,-290.0
J01,-62.0
J01,-136.0
J01,-266.0
J01,-316.0
J01,-337.5
J01,-350.0
J01,-350.0
J01,-350.0
J01,-69.5
J01,-97.5
J01,-310.0
J01,-310.0
J01,-310.0
J01,-157.0
J01,-177.0
J01,-280.0
J01,-280.0
J01,-280.0
J01,-280.0
J01,-280.0
J01,-280.0
J01,-280.0
J01,-280.0
J01,146.0
J01,581.5
J01,-220.0
J01,-220.0
J01,-220.5
J01,-230.0
J01,-236.5
J01,-255.0
J01,-262.0
J01,-270.0
J01,-270.0
J01,-275.0
J01,-96.0
J01,-87.5
J01,-236.0
J01,-250.0
J01,-253.0
J01,-266.5
J01,-293.0
J01,-320.0
J01,-320.0
J01,-320.0
J01,-322.5
J01,-330.0
J01,-330.0
J01,-330.0
J01,-330.0
J01,-330.0
J01,171.0
J01,-168.0
J01,-280.0
J01,-280.0
J01,-280.0
J01,212.5
J01,238.0
J01,-220.0
J01,-223.0
J01,-233.5
J01,-250.0
J01,-253.0
J01,-260.0
J01,-260.0
J01,-268.0
J01,-90.0
J01,-187.0
J01,-274.5
J01,-282.5
J01,-290.0
J01,-290.0
J01,-290.0
J01,-290.0
J01,-290.0
J01,-290.0
J01,-290.0
J01,-290.0
J01,-290.0
J01,-290.0
J01,-290.0
J01,16.0
J01,343.0
J01,-90.0
J01,-246.0
J01,-273.5
J01,-280.0
J01,-280.0
J01,-280.0
J01,-280.0
J01,-280.0
J01,-280.0
J01,-280.0
J01,-280.0
J01,-57.5
J01,179.5
J01,-220.0
J01,-220.0
J01,-220.0
J01,-220.0
J01,-220.5
J01,-230.0
J01,-232.5
J01,-240.0
J01,-240.0
J01,-240.0
J01,-139.0
J01,-218.0
J01,-223.5
J01,-250.5
J01,-280.0
J01,-284.5
J01,-291.5
J01,-300.0
J01,-300.0
J01,-300.0
J01,-300.0
J01,-300.0
J01,-300.0
J01,-300.0
J01,58.0
J01,-148.0
J01,-277.0
J01,-304.5
J01,-32.5
J01,-280.0
J01,-280.0
J01,-280.0
J01,-280.0
J01,-280.0
J01,-280.0
J01,-280.0
J01,-280.0
J01,-280.0
J01,-280.0
J01,-280.0
J01,16794.5
J01,8759.0
J01,-209.5
J01,-243.5
J01,720.0
J01,126.0
J01,-230.0
J01,-230.0
J01,-235.5
J01,-258.5
J01,-274.5
J01,-280.0
J01,-280.0
J01,-280.0
J01,-286.0
J01,-300.0
J01,-116.0
J01,-150.0
J01,-260.0
J01,-101.0
J01,-275.5
J01,-297.0
J01,-310.0
J01,-310.0
J01,-310.0
J01,-310.0
J01,-310.0
J01,-24.0
J01,-105.5
J01,-280.0
J01,-280.0
J01,-280.0
J01,-280.0
J01,-280.0
J01,-280.0
J01,-280.0
J01,-280.0
J01,-280.0
J01,286.5
J01,309.0
J01,-220.0
J01,-220.0
J01,-220.0
J01,-220.0
J01,-220.0
J01,-220.0
J01,-220.0
J01,-220.0
J01,-220.0
J01,-220.0
J01,-222.0
J01,-236.5
J01,-264.5
J01,-280.0
J01,-280.0
J01,-280.0
J01,-280.0
J01,-280.0
J01,-280.0
J01,-280.0
J01,-280.0
J01,-280.0
J01,-43.5
J01,-19.5
J01,-256.0
J01,-280.0
J01,-280.5
J01,-290.0
J01,-292.0
J01,-300.0
J01,-300.0
J01,-300.0
J01,-300.0
J01,-300.0
J01,-300.0
J01,286.0
J01,-148.0
J01,-276.0
J01,-295.0
J01,-303.0
J01,-310.0
J01,-310.0
J01,-310.0
J01,-310.0
J01,248.0
J01,-113.0
J01,-252.5
J01,-260.5
J01,-273.5
J01,-280.0
J01,-280.0
J01,-282.0
J01,-290.0
J01,-290.0
J01,-290.0
J01,-294.0
J01,555.0
J01,-136.5
J01,-264.5
J01,-113.0
J01,-139.5
J01,-252.5
J01,-268.0
J01,-280.0
J01,-280.0
J01,-280.0
J01,-280.0
J01,-280.0
J01,-280.0
J01,-280.0
J01,-280.0
J01,16543.5
J01,11054.5
J01,-212.0
J01,-251.5
J01,-278.5
J01,-290.0
J01,-290.0
J01,-290.0
J01,-290.0
J01,198.0
J01,349.0
J01,-27.0
J01,-220.0
J01,-220.5
J01,-230.0
J01,-234.0
J01,-242.0
J01,-238.0
J01,-240.0
J01,-243.0
J01,-115.5
J01,-242.5
J01,-280.0
J01,-280.0
J01,-280.0
J01,-280.0
J01,-280.0
J01,-280.0
J01,-280.0
J01,-280.0
J01,-280.0
J01,-280.0
J01,-280.0
J01,-280.0
J01,-2.5
J01,308.0
J01,-220.0
J01,-220.0
J01,-222.5
J01,-234.5
J01,-218.5
J01,-217.5
J01,-247.0
J01,-261.5
J01,-273.0
J01,-280.0
J01,-280.0
J01,-280.0
J01,-281.5
J01,-290.0
J01,-290.0
J01,-290.0
J01,-290.0
J01,-57.5
J01,212.0
J01,-230.0
J01,-230.0
J01,-233.0
J01,-250.0
J01,-255.0
J01,-260.0
J01,-260.0
J01,-264.0
J01,-270.0
J01,-274.0
J01,5.5
J01,-81.0
J01,-274.0
J01,-294.0
J01,-300.0
J01,-304.5
J01,-310.0
J01,-310.0
J01,-310.0
J01,-310.0
J01,-310.0
J01,-310.0
J01,-310.0
J01,0.0
J01,-280.0
J01,-280.0
J01,-280.0
J01,-280.0
J01,-280.0
J01,-280.0
J01,-280.0
J01,-280.0
J01,-280.0
J01,-280.0
J01,-280.0
J01,19854.5
J01,6950.0
J01,-212.5
J01,-257.0
J01,-308.5
J01,-320.0
J01,-320.0
J01,-320.0
J01,-320.0
J01,-320.0
J01,-320.0
J01,-320.0
J01,-320.0
J01,-320.0
J01,964.5
J01,108.5
J01,-285.5
J01,270.5
J01,338.0
J01,-230.0
J01,-235.0
J01,-253.5
J01,-278.5
J01,-290.0
J01,-290.0
J01,-290.0
J01,-290.0
J01,-290.0
J01,-290.0
J01,131.5
J01,-180.5
J01,-308.5
J01,-325.0
J01,-330.0
J01,-330.0
J01,-330.0
J01,-330.0
J01,-330.0
J01,-330.0
J01,-146.0
J01,-131.0
J01,-290.0
J01,-290.0
J01,119.5
J01,157.0
J01,-230.0
J01,-230.0
J01,-233.0
J01,-241.5
J01,-254.5
J01,-261.5
J01,-272.5
J01,-292.5
J01,-320.0
J01,-320.0
J01,-320.0
J01,-320.0
J01,-320.0
J01,-320.0
J01,-320.0
J01,-320.0
J01,-320.0
J01,18.0
J01,-180.5
J01,-296.5
J01,-320.0
J01,54.5
J01,-115.5
J01,-290.0
J01,-290.0
J01,-290.0
J01,-290.0
J01,-290.0
J01,26.5
J01,259.0
J01,-230.0
J01,-230.0
J01,-230.0
J01,-233.0
J01,-240.0
J01,-240.0
J01,-240.0
J01,-240.0
J01,-240.0
J01,-240.0
J01,-172.5
J01,-255.0
J01,-278.0
J01,-290.0
J01,-290.0
J01,-290.0
J01,-290.0
J01,-290.0
J01,20.5
J01,-102.0
J01,-230.0
J01,-230.0
J01,-239.0
J01,-254.0
J01,-260.0
J01,-260.0
J01,-265.0
J01,-277.0
J01,-303.0
J01,-323.0
J01,-334.0
J01,-340.0
J01,-340.0
J01,-340.0
J01,-340.0
J01,-103.5
J01,-92.5
J01,-280.0
J01,-282.0
J01,-295.0
J01,-300.0
J01,-300.0
J01,-300.0
J01,-300.0
J01,-300.0
J01,-300.0
J01,-300.0
J01,-304.5
J01,-314.5
J01,-320.0
J01,-320.0
J01,-320.0
J01,0.0
J01,0.0
J01,-6.5
J01,-33.0
J01,-55.0
J01,-67.5
J01,-30.5
J01,-64.5
J01,-74.0
J01,-116.5
J01,9.5
J01,109.5
J01,-162.5
J01,-217.0
J01,-250.5
J01,-279.0
J01,170.0
J01,123.5
J01,-109.0
J01,-238.0
J01,160.5
J01,117.0
J01,-210.0
J01,-241.0
J01,119.5
J01,94.0
J01,-209.5
J01,138.5
J01,69.0
J01,74.5
J01,281.5
J01,116.0
J01,-216.5
J01,110.0
J01,358.0
J01,-55.0
J01,-6.5
J01,-103.0
J01,-209.5
J01,268.5
J01,90.5
J01,-10.5
J01,-32.0
J01,-90.5
J01,-194.0
J01,-248.0
J01,225.0
J01,263.0
J01,-131.5
J01,68.0
J01,22.5
J01,285.5
J01,-84.5
J01,-186.5
J01,-141.0
J01,-188.0
J01,382.0
J01,124.0
J01,-34.5
J01,-119.0
J01,-205.5
J01,35.5
J01,-50.0
J01,105.0
J01,-110.0
J01,-174.0
J01,-232.0
J01,-313.5
J01,-95.5
J01,33.0
J01,45.0
J01,-170.0
J01,38.0
J01,-170.5
J01,-202.0
J01,101.5
J01,-74.0
J01,105.0
J01,82.5
J01,-114.0
J01,-69.5
J01,-133.5
J01,-192.5
J01,-52.0
J01,-153.5
J01,-236.0
J01,-58.5
J01,-135.5
J01,-40.5
J01,-28.5
J01,-160.0
J01,34.0
J01,24.5
J01,-164.0
J01,-21.0
J01,-165.5
J01,-39.5
J01,-152.0
J01,-6.5
J01,-28.5
J01,14.5
J01,-96.0
J01,-131.0
J01,-194.5
J01,-282.0
J01,-300.0
J01,-300.0
J01,-16.0
J01,-84.0
J01,-220.0
J01,-229.5
J01,-282.0
J01,-300.0
J01,-300.0
J01,-300.0
J01,-300.0
J01,172.0
J01,178.5
J01,160.5
J01,129.0
J01,176.5
J01,627.0
J01,-100.0
J01,-100.0
J01,-100.0
J01,-101.5
J01,-110.0
J01,-110.0
J01,-110.0
J01,-110.0
J01,-112.5
J01,-120.0
J01,-11.5
J01,-25.5
J01,-100.0
J01,-104.5
J01,-110.0
J01,-110.0
J01,-110.0
J01,-110.0
J01,-110.0
J01,-110.0
J01,-110.0
J01,-110.0
J01,-110.0
J01,145.5
J01,-88.5
J01,-90.0
J01,-90.0
J01,-90.0
J01,-92.5
J01,-105.0
J01,-117.5
J01,-146.5
J01,-182.0
J01,-7.5
J01,21.0
J01,-90.0
J01,-90.0
J01,-90.0
J01,-90.5
J01,-100.0
J01,-100.0
J01,-100.0
J01,-100.0
J01,-100.0
J01,-100.0
J01,-32.0
J01,-87.5
J01,-90.0
J01,-90.0
J01,-90.0
J01,-90.0
J01,-90.0
J01,-90.0
J01,-94.0
J01,-100.0
J01,-100.0
J01,-100.0
J01,-100.0
J01,-48.0
J01,-88.0
J01,-90.0
J01,-90.0
J01,-90.0
J01,-90.0
J01,-90.5
J01,-100.0
J01,-100.0
J01,-100.0
J01,-101.5
J01,-110.0
J01,-110.0
J01,-41.0
J01,-57.0
J01,-90.0
J01,-90.0
J01,-90.0
J01,-90.0
J01,-90.0
J01,-95.0
J01,-100.0
J01,-100.0
J01,-100.0
J01,-100.0
J01,-100.0
J01,-38.0
J01,-87.0
J01,-90.0
J01,-95.0
J01,-100.0
J01,-100.0
J01,-100.0
J01,-100.0
J01,-102.5
J01,-110.0
J01,-110.0
J01,-116.5
J01,-130.5
J01,-35.0
J01,-67.5
J01,-120.0
J01,-124.0
J01,-130.0
J01,-130.0
J01,-130.0
J01,-131.5
J01,-140.0
J01,-140.0
J01,-140.0
J01,-142.5
J01,-150.0
J01,4.0
J01,22.5
J01,-130.0
J01,-130.0
J01,-132.5
J01,-140.0
J01,-140.0
J01,-140.0
J01,-140.0
J01,-140.0
J01,-140.0
J01,-140.0
J01,-140.0
J01,130.5
J01,114.0
J01,-120.0
J01,-124.5
J01,-130.0
J01,-130.0
J01,-130.0
J01,-130.0
J01,-130.0
J01,-130.0
J01,-130.0
J01,-130.0
J01,-130.0
J01,191.5
J01,172.5
J01,-112.0
J01,-120.0
J01,-123.5
J01,-130.0
J01,-130.0
J01,-130.0
J01,-130.5
J01,-140.0
J01,-140.0
J01,-140.0
J01,-140.0
J01,209.5
J01,117.5
J01,-120.0
J01,-120.0
J01,-120.0
J01,-120.0
J01,-120.0
J01,-120.0
J01,-120.0
J01,-122.0
J01,-130.0
J01,-132.5
J01,-140.0
J01,101.0
J01,104.5
J01,-120.0
J01,-120.0
J01,-120.0
J01,-120.0
J01,-120.0
J01,-120.0
J01,-123.0
J01,-130.0
J01,-130.0
J01,-130.0
J01,-130.0
J01,180.5
J01,62.0
J01,-110.0
J01,-110.0
J01,-110.0
J01,-110.0
J01,-111.0
J01,-120.0
J01,-120.0
J01,-120.0
J01,-120.0
J01,-120.0
J01,-120.0
J01,344.5
J01,-99.0
J01,-100.0
J01,-100.0
J01,-100.0
J01,-100.0
J01,-100.0
J01,-100.0
J01,-100.0
J01,-100.0
J01,-104.5
J01,-110.0
J01,-110.0
J01,91.0
J01,-57.0
J01,-100.0
J01,-100.0
J01,-100.0
J01,-100.0
J01,-100.0
J01,-100.0
J01,-100.0
J01,-100.0
J01,-100.0
J01,-100.0
J01,-100.0
J01,20.0
J01,-88.5
J01,-90.0
J01,-90.0
J01,-91.5
J01,-100.0
J01,-105.0
J01,-120.0
J01,-120.0
J01,-120.0
J01,-120.0
J01,-120.0
J01,-120.0
J01,-30.0
J01,-25.0
J01,-100.0
J01,-100.0
J01,-100.0
J01,-100.0
J01,-100.0
J01,-100.0
J01,-100.0
J01,-100.0
J01,-100.0
J01,-104.5
J01,-110.0
J01,91.5
J01,-65.5
J01,-90.0
J01,-90.0
J01,-90.0
J01,-90.0
J01,-90.0
J01,-90.0
J01,-90.0
J01,-90.5
J01,-100.0
J01,-100.0
J01,-100.0
J01,-59.5
J01,-90.0
J01,-90.0
J01,-90.0
J01,-90.0
J01,-90.0
J01,-90.0
J01,-90.0
J01,-90.0
J01,-90.0
J01,-90.0
J01,-90.5
J01,-100.0
J01,-79.5
J01,-90.0
J01,-94.5
J01,-100.0
J01,-100.0
J01,-100.0
J01,-104.5
J01,-110.0
J01,-110.0
J01,-110.0
J01,-110.0
J01,-110.0
J01,-110.0
J01,4.5
J01,-15.5
J01,-90.0
J01,-90.0
J01,-90.0
J01,-90.0
J01,-90.0
J01,-90.0
J01,-92.5
J01,-102.5
J01,-120.0
J01,-127.5
J01,-153.5
J01,-25.0
J01,-9.0
J01,-90.0
J01,-91.5
J01,-100.0
J01,-100.0
J01,-100.0
J01,-100.0
J01,-104.0
J01,-34.5
J01,-97.5
J01,3609.5
J01,3607.0
J01,7280.5
J01,-133.0
J01,3587.5
J01,3491.5
J01,-165.5
J01,-194.5
J01,-200.0
J01,3584.0
J01,3547.5
J01,-209.5
J01,-232.0
J01,-231.5
J01,3463.0
J01,208.0
J01,713.5
J01,400.5
J01,285.5
J01,167.5
J01,-91.0
J01,-166.0
J01,-229.5
J01,-300.5
J01,-320.0
J01,-320.0
J01,-320.0
J01,-320.0
J01,-320.0
J01,-320.0
J01,-320.0
J01,-320.0
J01,-199.5
J01,-310.0
J01,-310.0
J01,-312.0
J01,-324.0
J01,-330.0
J01,-330.0
J01,-330.0
J01,-330.0
J01,-330.0
J01,-330.0
J01,-330.0
J01,-330.0
J01,-48.0
J01,-29.5
J01,292.5
J01,258.0
J01,-316.5
J01,-330.0
J01,-331.5
J01,-340.0
J01,1341.5
J01,2769.5
J01,1148.5
J01,1190.5
J01,-125.5
J01,-91.0
J01,-91.0
J01,-282.5
J01,-206.5
J01,-310.0
J01,-312.5
J01,-320.0
J01,-320.0
J01,-248.0
J01,247.0
J01,1005.0
J01,1173.0
J01,-152.0
J01,73.5
J01,80.5
J01,386.0
J01,-30.5
J01,931.0
J01,-106.5
J01,-88.5
J01,-123.0
J01,442.0
J01,-125.5
J01,142.5
J01,58.0
J01,-7.5
J01,-172.5
J01,-38.0
J01,70.0
J01,-143.5
J01,-186.5
J01,122.0
J01,204.5
J01,71.0
J01,45.0
J01,-64.0
J01,98.0
J01,-100.0
J01,-40.5
J01,-50.0
J01,14.0
J01,-166.0
J01,-208.5
J01,-333.5
J01,-384.5
J01,-390.0
J01,-390.0
J01,-151.5
J01,-196.0
J01,-366.5
J01,-380.0
J01,-380.0
J01,-380.0
J01,-380.0
J01,-380.0
J01,-380.0
J01,-380.0
J01,-380.0
J01,-380.0
J01,-380.0
J01,15.0
J01,-178.5
J01,-350.0
J01,15.0
J01,323.0
J01,3.0
J01,280.5
J01,-290.0
J01,542.5
J01,-186.5
J01,-250.0
J01,-265.5
J01,-231.5
J01,-285.5
J01,1705.5
J01,2732.0
J01,1152.5
J01,575.0
J01,-72.5
J01,-189.0
J01,-302.5
J01,-43.0
J01,-187.5
J01,-219.5
J01,-253.5
J01,-299.0
J01,3.0
J01,255.5
J01,226.5
J01,28.5
J01,211.5
J01,14.0
J01,-100.0
J01,-100.0
J01,-102.5
J01,-114.5
J01,-134.5
J01,-140.0
J01,-143.0
J01,-150.0
J01,-150.0
J01,-154.5
J01,-9.5
J01,-187.0
J01,61.5
J01,82.0
J01,-238.0
J01,149.5
J01,-118.0
J01,-321.0
J01,-365.5
J01,-392.5
J01,-400.0
J01,-400.0
J01,-400.0
J01,-400.0
J01,-300.5
J01,-318.5
J01,-392.0
J01,218.5
J01,-25.5
J01,-238.0
J01,-366.5
J01,-384.0
J01,-390.0
J01,-395.0
J01,-400.0
J01,-227.5
J01,-288.0
J01,-339.0
J01,-380.0
J01,-380.0
J01,79.0
J01,42.5
J01,-344.5
J01,-370.0
J01,-370.0
J01,-374.0
J01,-380.0
J01,-380.0
J01,-380.0
J01,-380.0
J01,-380.0
J01,-380.0
J01,-380.0
J01,104.5
J01,136.0
J01,-347.5
J01,-375.0
J01,-380.0
J01,-380.0
J01,-380.0
J01,-380.0
J01,-380.0
J01,-380.0
J01,97.5
J01,-57.0
J01,-348.0
J01,1890.5
J01,4000.0
J01,-42.0
J01,-35.5
J01,-293.5
J01,-358.0
J01,-390.0
J01,-390.0
J01,-390.0
J01,-390.0
J01,-390.0
J01,-390.0
J01,-390.0
J01,-390.0
J01,2864.0
J01,-177.0
J01,-299.5
J01,142.5
J01,-20.5
J01,-38.5
J01,-310.0
J01,-317.5
J01,-315.5
J01,-320.0
J01,-289.5
J01,-322.0
J01,-342.0
J01,-346.0
J01,-350.0
J01,-297.5
J01,-340.0
J01,-341.5
J01,-360.0
J01,1912.5
J01,1898.0
J01,2808.0
J01,801.0
J01,217.5
J01,-160.0
J01,-160.0
J01,-160.0
J01,-160.0
J01,-160.0
J01,-164.5
J01,-180.0
J01,2971.0
J01,2680.0
J01,-1.0
J01,-82.0
J01,-229.0
J01,-250.0
J01,465.0
J01,-158.5
J01,-290.0
J01,-324.0
J01,-330.0
J01,-334.5
J01,35.5
J01,-36.0
J01,-302.0
J01,-315.0
J01,-320.0
J01,-320.0
J01,538.5
J01,225.5
J01,-250.0
J01,-286.0
J01,-321.5
J01,-340.0
J01,-340.0
J01,-340.0
J01,-340.0
J01,-340.0
J01,-340.0
J01,-340.0
J01,727.5
J01,449.0
J01,-270.0
J01,61.5
J01,0.0
J01,0.0
J01,0.0
J01,-7.5
J01,-10.5
J01,-42.5
J01,-78.5
J01,-131.0
J01,-188.5
J01,-154.0
J01,-102.5
J01,-153.5
J01,-126.0
J01,303.0
J01,77.0
J01,-142.5
J01,-93.0
J01,29.0
J01,427.0
J01,-9.0
J01,-146.5
J01,-191.0
J01,-258.5
J01,-281.0
J01,192.0
J01,242.5
J01,-10.0
J01,58.0
J01,27.0
J01,163.0
J01,-44.0
J01,-174.5
J01,-133.0
J01,-226.0
J01,-168.5
J01,-210.5
J01,48.5
J01,416.5
J01,-134.0
J01,-132.0
J01,-227.5
J01,-298.0
J01,-310.0
J01,-310.0
J01,-154.0
J01,-156.0
J01,-270.0
J01,208.0
J01,1062.0
J01,-50.0
J01,75.5
J01,188.5
J01,19.0
J01,34.0
J01,-118.0
J01,169.0
J01,-155.5
J01,-269.5
J01,-280.0
J01,-280.0
J01,-284.0
J01,-290.0
J01,-290.0
J01,-184.0
J01,-270.0
J01,-270.0
J01,-270.0
J01,-270.0
J01,-270.0
J01,535.5
J01,1302.5
J01,471.0
J01,227.0
J01,-117.0
J01,-200.5
J01,-298.5
J01,-340.0
J01,-306.5
J01,-330.0
J01,-276.0
J01,-114.5
J01,-136.0
J01,-216.5
J01,-280.0
J01,-280.0
J01,-280.0
J01,-280.0
J01,-282.0
J01,-290.0
J01,-294.0
J01,-300.0
J01,-300.0
J01,-304.5
J01,-84.5
J01,-254.5
J01,-283.5
J01,-290.0
J01,-294.0
J01,-305.0
J01,-310.0
J01,-310.0
J01,-310.0
J01,-310.0
J01,-310.0
J01,-313.0
J01,-320.0
J01,-178.5
J01,-297.0
J01,-300.0
J01,-300.0
J01,-300.0
J01,7.5
J01,-280.0
J01,-280.0
J01,-280.0
J01,-280.0
J01,-280.0
J01,-280.0
J01,-280.0
J01,-280.0
J01,-280.0
J01,-282.5
J01,-290.0
J01,-290.0
J01,7.0
J01,-269.5
J01,-270.0
J01,-270.0
J01,-270.0
J01,-270.0
J01,-270.0
J01,-272.5
J01,-280.0
J01,-280.0
J01,-280.0
J01,-280.0
J01,-280.0
J01,-217.5
J01,-270.0
J01,-270.0
J01,4097.5
J01,5193.5
J01,2589.0
J01,1269.5
J01,-95.0
J01,-172.5
J01,-259.5
J01,-319.5
J01,-350.0
J01,-350.0
J01,-350.0
J01,-350.0
J01,-350.0
J01,-350.0
J01,-352.0
J01,-11.5
J01,-86.5
J01,-336.5
J01,-350.0
J01,-350.0
J01,-350.0
J01,-350.0
J01,-350.0
J01,-350.0
J01,-352.5
J01,-360.0
J01,-360.0
J01,-363.5
J01,-5.0
J01,-95.0
J01,-332.0
J01,-340.0
J01,-340.0
J01,-340.0
J01,-344.0
J01,-354.0
J01,-360.0
J01,-362.5
J01,-370.0
J01,-370.0
J01,-370.0
J01,-2.0
J01,-137.5
J01,-342.0
J01,-355.0
J01,-361.5
J01,-370.0
J01,-370.0
J01,-370.0
J01,-370.0
J01,-370.0
J01,-370.0
J01,-370.0
J01,-370.0
J01,115.5
J01,202.5
J01,3148.0
J01,4400.0
J01,2425.0
J01,1926.5
J01,-80.0
J01,-121.0
J01,-218.5
J01,-320.5
J01,-340.0
J01,-340.0
J01,-340.0
J01,-340.0
J01,-340.0
J01,-340.0
J01,-342.0
J01,-350.0
J01,215.5
J01,-309.5
J01,-310.0
J01,-310.0
J01,-310.0
J01,-310.5
J01,-324.0
J01,-330.0
J01,-330.0
J01,-330.0
J01,-330.0
J01,-335.0
J01,-340.0
J01,-82.5
J01,-226.0
J01,-300.0
J01,-300.0
J01,-301.5
J01,-311.5
J01,-320.0
J01,-320.0
J01,-321.5
J01,-335.0
J01,-343.5
J01,-350.0
J01,-350.0
J01,-175.5
J01,-226.5
J01,-310.0
J01,-310.0
J01,-310.0
J01,-310.0
J01,-312.5
J01,-320.0
J01,-325.0
J01,-330.0
J01,-330.0
J01,-330.0
J01,-332.5
J01,-97.5
J01,-227.5
J01,-300.0
J01,-302.5
J01,-314.0
J01,-320.0
J01,-321.5
J01,-330.0
J01,-330.0
J01,-330.0
J01,-330.0
J01,-330.0
J01,-330.0
J01,-138.0
J01,-224.0
J01,-300.0
J01,-301.5
J01,-311.0
J01,-320.0
J01,-320.0
J01,-320.0
J01,-323.0
J01,-330.0
J01,-330.0
J01,-330.0
J01,-330.0
J01,-138.0
J01,-261.0
J01,-339.5
J01,-307.0
J01,-239.0
J01,-300.0
J01,-300.0
J01,-300.0
J01,-300.0
J01,-300.0
J01,-303.5
J01,-310.0
J01,-316.5
J01,-330.0
J01,-330.0
J01,-241.5
J01,-270.5
J01,-310.0
J01,-310.0
J01,-310.0
J01,-310.0
J01,-310.0
J01,-310.0
J01,-315.0
J01,-325.0
J01,-330.0
J01,-330.0
J01,-330.0
J01,-153.0
J01,-310.0
J01,-310.0
J01,-310.0
J01,-310.0
J01,-310.0
J01,-205.0
J01,-307.0
J01,-322.0
J01,-332.5
J01,-345.0
J01,-355.0
J01,-360.0
J01,-360.0
J01,-213.0
J01,-105.5
J01,-302.0
J01,-310.0
J01,-316.5
J01,-284.0
J01,-300.5
J01,-328.0
J01,-340.5
J01,-350.0
J01,-350.0
J01,-350.0
J01,-350.5
J01,-360.0
J01,-187.0
J01,-71.0
J01,-300.0
J01,-300.0
J01,-300.0
J01,-300.0
J01,-300.0
J01,-300.5
J01,-302.5
J01,-311.5
J01,-320.0
J01,-320.0
J01,-320.0
J01,-320.0
J01,-321.5
J01,-330.0
J01,-330.0
J01,-336.5
J01,-354.0
J01,-360.0
J01,5767.0
J01,14983.5
J01,5909.5
J01,5961.5
J01,-47.5
J01,-23.0
J01,-108.0
J01,-333.0
J01,-360.0
J01,-360.0
J01,-363.0
J01,-370.0
J01,-370.0
J01,-307.0
J01,-363.0
J01,170.5
J01,-82.5
J01,-277.5
J01,-311.5
J01,-320.0
J01,-320.0
J01,-320.0
J01,-320.0
J01,-320.0
J01,-320.0
J01,-323.5
J01,-330.0
J01,-330.0
J01,-330.0
J01,-53.0
J01,-300.0
J01,-300.0
J01,-300.0
J01,-304.0
J01,-310.0
J01,-314.0
J01,-320.0
J01,-320.0
J01,-320.0
J01,-320.0
J01,-320.0
J01,-323.0
J01,-162.0
J01,-310.0
J01,-310.0
J01,-310.0
J01,-310.0
J01,-310.0
J01,-315.0
J01,-325.0
J01,-330.0
J01,-330.0
J01,-330.5
J01,-343.0
J01,-350.0
J01,-102.0
J01,-211.5
J01,-300.0
J01,-300.0
J01,-300.0
J01,-300.0
J01,-300.0
J01,-300.0
J01,-300.0
J01,-300.0
J01,-300.0
J01,-300.0
J01,-300.0
J01,-300.5
J01,-299.5
J01,-300.0
J01,-300.0
J01,-300.0
J01,-300.0
J01,-300.0
J01,-300.0
J01,-300.0
J01,-300.0
J01,-300.0
J01,-300.0
J01,-303.0
J01,-297.0
J01,-300.0
J01,-300.0
J01,-300.0
J01,-304.5
J01,-310.0
J01,-310.0
J01,-310.0
J01,-313.0
J01,-320.0
J01,-320.0
J01,-320.0
J01,-320.0
J01,-172.5
J01,-300.0
J01,-300.0
J01,-300.0
J01,-300.0
J01,-300.0
J01,-303.0
J01,-310.0
J01,-314.0
J01,-320.0
J01,-322.0
J01,-330.0
J01,-332.5
J01,-181.0
J01,-287.5
J01,-300.0
J01,-300.0
J01,-300.0
J01,-300.0
J01,-303.0
J01,-310.0
J01,-313.0
J01,-320.0
J01,-320.0
J01,-325.0
J01,-209.0
J01,-300.0
J01,-300.0
J01,-300.0
J01,-300.0
J01,-305.0
J01,-310.0
J01,-313.0
J01,-320.0
J01,-324.0
J01,-330.0
J01,-330.5
J01,-340.0
J01,-149.5
J01,-278.0
J01,-305.0
J01,-310.0
J01,-310.0
J01,-312.5
J01,-320.0
J01,-322.0
J01,-330.0
J01,-330.0
J01,-331.5
J01,-340.0
J01,-141.0
J01,-254.0
J01,-323.5
J01,-335.5
J01,-354.0
J01,-360.0
J01,-254.0
J01,-167.0
J01,-300.0
J01,-300.0
J01,-300.0
J01,-300.0
J01,-300.0
J01,-300.0
J01,-300.0
J01,-300.0
J01,-301.0
J01,-310.0
J01,-292.0
J01,-297.0
J01,-303.5
J01,-310.0
J01,-310.0
J01,-310.0
J01,-310.0
J01,-310.5
J01,-320.0
J01,-320.0
J01,-320.0
J01,-320.0
J01,-320.0
J01,-146.0
J01,-300.0
J01,-300.0
J01,-300.0
J01,-300.0
J01,-302.5
J01,-310.0
J01,-314.0
J01,-333.0
J01,-344.5
J01,-353.5
J01,-360.0
J01,-360.0
J01,-360.0
J01,-360.0
J01,-360.0
J01,-360.0
J01,9039.5
J01,5571.5
J01,-43.0
J01,-150.5
J01,-166.5
J01,-271.5
J01,-292.5
J01,-320.0
J01,-320.0
J01,-326.0
J01,-344.0
J01,-249.5
J01,-306.0
J01,-324.0
J01,-346.5
J01,-370.0
J01,-370.0
J01,-370.0
J01,-370.0
J01,-370.0
J01,-370.0
J01,-370.0
J01,-370.0
J01,8021.5
J01,4333.0
J01,-303.5
J01,-340.5
J01,-350.0
J01,-350.0
J01,-357.5
J01,-380.0
J01,-380.0
J01,-380.0
J01,-380.0
J01,-380.0
J01,-380.0
J01,4976.5
J01,4260.5
J01,465.5
J01,213.5
J01,-28.5
J01,-281.0
J01,-301.5
J01,-344.5
J01,-355.0
J01,-363.0
J01,-370.0
J01,-370.0
J01,-373.5
J01,-380.0
J01,-124.5
J01,-232.0
J01,-332.0
J01,-248.0
J01,-236.0
J01,-344.0
J01,-360.5
J01,-370.0
J01,-370.0
J01,-370.0
J01,-370.0
J01,-370.0
J01,-370.0
J01,-370.0
J01,-370.0
J01,3537.5
J01,-46.5
J01,-328.0
J01,-351.0
J01,-360.0
J01,-360.0
J01,-360.0
J01,-360.0
J01,-360.0
J01,-360.0
J01,-360.0
J01,-360.0
J01,-360.0
J01,1920.0
J01,2002.0
J01,730.5
J01,-270.0
J01,-280.0
J01,-305.0
J01,-312.0
J01,-320.0
J01,-320.0
J01,-320.0
J01,-320.0
J01,-320.0
J01,-321.5
J01,-144.0
J01,-301.0
J01,-337.0
J01,-360.0
J01,-360.0
J01,-360.0
J01,-360.0
J01,-360.0
J01,-360.0
J01,-360.0
J01,-167.5
J01,37.5
J01,-300.0
J01,-300.0
J01,-300.0
J01,-300.0
J01,-300.0
J01,-300.0
J01,-300.0
J01,-300.0
J01,-300.0
J01,-300.0
J01,-300.5
J01,-299.5
J01,-300.0
J01,-300.0
J01,-300.0
J01,-301.5
J01,-318.0
J01,-335.0
J01,-343.5
J01,-350.0
J01,-352.5
J01,-360.0
J01,-360.0
J01,-360.0
J01,-360.0
J01,-163.5
J01,4.0
J01,-300.0
J01,-300.0
J01,-300.0
J01,-300.0
J01,-300.0
J01,-300.0
J01,-300.0
J01,-300.0
J01,-300.0
J01,-302.5
J01,-299.0
J01,-298.5
J01,-300.0
J01,-304.5
J01,-310.0
J01,-285.5
J01,-303.0
J01,-311.5
J01,-320.0
J01,-320.0
J01,-328.0
J01,-350.0
J01,-350.0
J01,-354.0
J01,-360.0
J01,-360.0
J01,-360.0
J01,-176.5
J01,-7.0
J01,-302.0
J01,-312.5
J01,-320.0
J01,-320.0
J01,-320.0
J01,-320.0
J01,-322.0
J01,-330.0
J01,-330.0
J01,-332.5
J01,-238.0
J01,-227.5
J01,-260.0
J01,-287.5
J01,-320.0
J01,-320.0
J01,0.0
J01,0.0
J01,0.0
J01,-7.5
J01,-20.5
J01,-34.5
J01,-67.5
J01,-100.0
J01,5.5
J01,68.0
J01,-62.5
J01,-73.5
J01,-94.0
J01,-71.0
J01,67.5
J01,-17.5
J01,-37.0
J01,-68.0
J01,-70.0
J01,-28.5
J01,-27.0
J01,-30.0
J01,-75.5
J01,-113.0
J01,-121.5
J01,-16.0
J01,-92.5
J01,-117.0
J01,-104.0
J01,-58.0
J01,-114.5
J01,41.5
J01,72.0
J01,-100.5
J01,-79.5
J01,-150.0
J01,-150.0
J01,-150.0
J01,-150.0
J01,-150.0
J01,-150.0
J01,-150.0
J01,206.5
J01,-139.0
J01,-114.5
J01,-143.0
J01,233.0
J01,-163.0
J01,56.5
J01,-209.0
J01,-51.0
J01,-30.5
J01,-182.0
J01,-274.5
J01,-299.5
J01,-324.0
J01,-336.0
J01,-353.5
J01,-338.0
J01,-326.5
J01,-340.0
J01,-340.0
J01,-73.0
J01,-236.5
J01,-310.0
J01,-310.0
J01,-310.0
J01,-127.5
J01,-295.0
J01,-307.5
J01,-320.5
J01,-330.0
J01,-333.5
J01,-340.0
J01,-343.5
J01,-350.0
J01,-350.0
J01,-350.0
J01,-350.0
J01,2172.0
J01,-270.0
J01,-281.0
J01,-318.0
J01,-364.5
J01,-405.0
J01,-410.0
J01,-410.0
J01,-410.0
J01,-410.0
J01,-410.0
J01,255.0
J01,169.0
J01,-119.5
J01,-333.0
J01,-363.0
J01,-221.5
J01,-336.5
J01,-284.5
J01,-330.5
J01,-288.5
J01,-346.0
J01,-360.0
J01,-360.0
J01,-360.0
J01,-363.0
J01,-370.0
J01,-371.5
J01,-165.0
J01,-339.0
J01,-342.0
J01,-354.5
J01,-360.0
J01,-360.0
J01,-360.0
J01,-360.0
J01,-360.0
J01,-360.0
J01,-360.0
J01,-360.0
J01,-360.0
J01,-157.0
J01,-139.0
J01,-350.0
J01,-187.5
J01,-199.5
J01,-354.0
J01,-360.0
J01,-365.0
J01,-380.0
J01,-380.0
J01,-380.0
J01,-380.0
J01,-380.0
J01,-380.0
J01,-380.0
J01,3627.5
J01,1937.5
J01,-300.5
J01,-315.0
J01,-352.5
J01,-377.5
J01,-406.0
J01,-420.0
J01,-420.0
J01,-420.0
J01,-420.0
J01,-420.0
J01,-420.0
J01,3958.5
J01,944.5
J01,-321.5
J01,302.0
J01,306.5
J01,234.5
J01,-321.0
J01,-278.5
J01,-330.5
J01,-363.5
J01,-385.0
J01,-407.0
J01,-423.0
J01,-430.0
J01,-222.5
J01,-177.0
J01,-380.0
J01,-380.0
J01,-380.0
J01,-380.0
J01,-380.0
J01,-380.0
J01,-380.0
J01,-288.0
J01,8.5
J01,-53.0
J01,-323.5
J01,-333.0
J01,-303.5
J01,-320.0
J01,-320.0
J01,-327.5
J01,-324.0
J01,-320.0
J01,-342.0
J01,-350.0
J01,-353.5
J01,-360.0
J01,-363.0
J01,-370.0
J01,-196.5
J01,-225.5
J01,-345.5
J01,-362.5
J01,-371.0
J01,-380.0
J01,-380.0
J01,-380.0
J01,-380.0
J01,-380.0
J01,-380.0
J01,-380.0
J01,-166.5
J01,77.5
J01,-323.5
J01,-330.0
J01,-330.0
J01,-330.0
J01,-330.0
J01,-330.0
J01,-330.0
J01,-256.5
J01,-329.0
J01,-356.0
J01,-374.5
J01,-380.0
J01,-380.0
J01,-380.0
J01,-380.0
J01,-380.0
J01,-212.0
J01,-28.5
J01,-320.0
J01,-322.0
J01,-333.0
J01,-340.0
J01,-340.0
J01,-340.0
J01,-344.0
J01,-350.0
J01,-350.0
J01,-350.0
J01,-131.0
J01,-321.5
J01,-330.0
J01,-309.5
J01,-330.0
J01,-332.0
J01,-340.0
J01,-342.5
J01,-357.0
J01,-373.5
J01,-224.5
J01,-259.5
J01,-320.0
J01,-320.0
J01,-320.0
J01,-320.0
J01,-323.0
J01,-332.5
J01,-340.0
J01,-344.5
J01,-362.0
J01,-373.0
J01,-380.0
J01,-380.0
J01,-380.0
J01,-380.0
J01,6013.5
J01,6057.0
J01,39.5
J01,-291.0
J01,-318.5
J01,-330.0
J01,-330.0
J01,-330.0
J01,-330.0
J01,-330.0
J01,-330.0
J01,-227.0
J01,-320.0
J01,-320.0
J01,-322.0
J01,-331.5
J01,-342.0
J01,-306.0
J01,-299.0
J01,-330.0
J01,-330.0
J01,-330.0
J01,-330.0
J01,-330.0
J01,-330.0
J01,-330.0
J01,-330.0
J01,-330.0
J01,-229.5
J01,-326.0
J01,-344.5
J01,-361.5
J01,-370.0
J01,-370.5
J01,-380.0
J01,-380.0
J01,-380.0
J01,-380.0
J01,-380.0
J01,-380.0
J01,6737.5
J01,4726.5
J01,-311.5
J01,-351.0
J01,-388.5
J01,-400.0
J01,-400.0
J01,-400.0
J01,-400.0
J01,-400.0
J01,89.0
J01,330.0
J01,-110.5
J01,-319.0
J01,-337.5
J01,-353.5
J01,-371.5
J01,-390.0
J01,-390.0
J01,-390.0
J01,-390.0
J01,-234.0
J01,-214.0
J01,-202.0
J01,4553.5
J01,7660.5
J01,1473.5
J01,-235.5
J01,3428.0
J01,745.0
J01,-178.5
J01,-284.0
J01,-338.5
J01,-352.0
J01,-6.5
J01,-276.0
J01,-370.0
J01,-370.0
J01,-370.0
J01,-370.0
J01,-370.0
J01,-149.5
J01,-115.0
J01,-310.0
J01,-313.0
J01,-322.5
J01,-333.0
J01,-340.0
J01,-340.0
J01,-340.0
J01,-340.0
J01,-340.0
J01,-340.0
J01,-248.5
J01,-236.0
J01,-320.0
J01,-320.0
J01,-320.0
J01,-320.0
J01,-320.0
J01,-320.0
J01,-324.0
J01,-331.0
J01,-340.0
J01,-340.0
J01,-343.0
J01,-93.0
J01,-256.0
J01,-310.0
J01,-310.0
J01,-314.5
J01,-323.5
J01,-333.5
J01,-340.0
J01,-340.0
J01,-340.0
J01,-340.0
J01,-340.0
J01,-119.5
J01,-321.5
J01,-338.0
J01,-361.5
J01,-370.0
J01,-370.0
J01,-370.0
J01,-247.0
J01,-101.0
J01,-310.0
J01,-310.0
J01,-310.0
J01,-313.5
J01,-320.0
J01,-323.0
J01,-330.0
J01,-263.5
J01,-314.5
J01,-327.0
J01,-301.0
J01,-301.5
J01,-320.0
J01,-320.0
J01,-320.0
J01,-320.0
J01,-320.0
J01,-322.0
J01,-330.0
J01,-224.0
J01,-311.5
J01,-330.0
J01,-330.0
J01,-330.0
J01,-333.5
J01,-343.5
J01,-363.5
J01,-370.0
J01,-370.0
J01,-370.0
J01,-370.0
J01,3707.5
J01,8838.0
J01,3339.5
J01,983.0
J01,11.0
J01,-122.0
J01,-257.0
J01,-136.5
J01,-271.5
J01,-284.0
J01,-295.0
J01,-323.0
J01,-338.0
J01,-362.0
J01,-370.0
J01,-370.0
J01,-372.0
J01,-380.0
J01,-380.0
J01,-380.0
J01,-380.0
J01,-380.0
J01,-380.0
J01,25.5
J01,-143.5
J01,-69.0
J01,-320.0
J01,-320.0
J01,-320.0
J01,-321.0
J01,-319.0
J01,-320.0
J01,-320.0
J01,-320.0
J01,-320.0
J01,-217.5
J01,-310.0
J01,-310.0
J01,-310.0
J01,-314.5
J01,-305.5
J01,-310.0
J01,-314.0
J01,-322.0
J01,-330.0
J01,-330.0
J01,-333.0
J01,-340.0
J01,-340.0
J01,-340.0
J01,-340.0
J01,-340.0
J01,-144.0
J01,-249.5
J01,-320.0
J01,-320.0
J01,-320.0
J01,-325.0
J01,-262.5
J01,-311.5
J01,-320.0
J01,-321.0
J01,-334.0
J01,-344.0
J01,-356.5
J01,-370.0
J01,-370.0
J01,-370.0
J01,-207.5
J01,-105.5
J01,3255.0
J01,5047.0
J01,-203.0
J01,1157.0
J01,1126.0
J01,1145.5
J01,-156.5
J01,-224.0
J01,-286.0
J01,-317.5
J01,-330.0
J01,-333.5
J01,-353.0
J01,-370.0
J01,-370.0
J01,-73.5
J01,-216.0
J01,-318.5
J01,-296.5
J01,-320.0
J01,-320.0
J01,-320.0
J01,-320.0
J01,-320.0
J01,-323.0
J01,-334.5
J01,-345.0
J01,-357.5
J01,-370.0
J01,-370.0
J01,-370.0
J01,-375.0
J01,-380.0
J01,-202.5
J01,-92.5
J01,-320.0
J01,-320.0
J01,-320.0
J01,-325.0
J01,-330.0
J01,-305.5
J01,-332.0
J01,-341.0
J01,-350.0
J01,-350.0
J01,-350.0
J01,-350.0
J01,-356.0
J01,-372.5
J01,-218.5
J01,-179.5
J01,-322.0
J01,-330.0
J01,-331.5
J01,-340.0
J01,-340.0
J01,-340.0
J01,-340.0
J01,-340.0
J01,-340.0
J01,-340.0
J01,-238.0
J01,-242.0
J01,-332.5
J01,-345.5
J01,-365.0
J01,-380.0
J01,-380.0
J01,-380.0
J01,-380.0
J01,-380.0
J01,-380.0
J01,-380.0
J01,4321.0
J01,1713.0
J01,-309.0
J01,35.0
J01,76.5
J01,-300.0
J01,-300.0
J01,-300.0
J01,-303.5
J01,-320.0
J01,-324.5
J01,-330.0
J01,-330.0
J01,-330.0
J01,-332.0
J01,-196.5
J01,-255.5
J01,-310.0
J01,-310.0
J01,-310.0
J01,-310.0
J01,-310.0
J01,-314.5
J01,-320.0
J01,-320.0
J01,-323.0
J01,-332.0
J01,-340.0
J01,-111.5
J01,-267.0
J01,-303.5
J01,-296.5
J01,-302.0
J01,-311.5
J01,-326.5
J01,-340.0
J01,-340.0
J01,-340.0
J01,-343.0
J01,-354.5
J01,-360.0
J01,-360.0
J01,-84.0
J01,-138.5
J01,-300.0
J01,-300.0
J01,-300.0
J01,-300.0
J01,-300.0
J01,-300.0
J01,-300.0
J01,-300.0
J01,-300.0
J01,-301.5
J01,-298.5
J01,-300.0
J01,-300.0
J01,-300.0
J01,-305.0
J01,-326.5
J01,-353.0
J01,-295.0
J01,-220.5
J01,-300.0
J01,-300.0
J01,-303.5
J01,-310.0
J01,-286.5
J01,-304.0
J01,-315.0
J01,-320.0
J01,-325.0
J01,-330.0
J01,-330.0
J01,-333.5
J01,-340.0
J01,-340.0
J01,-340.0
J01,-161.5
J01,-171.5
J01,-310.0
J01,-315.0
J01,-320.0
J01,-321.5
J01,-330.0
J01,-215.5
J01,-288.5
J01,-310.0
J01,-312.0
J01,-323.5
J01,-333.5
J01,-343.0
J01,-355.0
J01,-360.0
J01,-360.0
J01,-360.0
J01,-360.0
J01,-155.5
J01,-16.5
J01,-300.0
J01,-300.0
J01,-300.0
J01,-300.0
J01,-300.0
J01,-300.0
J01,-300.0
J01,-300.0
J01,-300.0
J01,-300.0
J01,-300.0
J01,-300.0
J01,-300.0
J01,-300.0
J01,-300.0
J01,-300.0
J01,-300.0
J01,-300.0
J01,-300.0
J01,-300.0
J01,-300.0
J01,-300.0
J01,-300.0
J01,-300.0
J01,-300.0
J01,-300.0
J01,-300.0
J01,-300.0
J01,-302.5
J01,-299.0
J01,-310.5
J01,-323.0
J01,-334.5
J01,-350.0
J01,-350.0
J01,-350.0
J01,-350.0
J01,-350.0
J01,-350.0
J01,-350.0
J01,-354.0
J01,9981.0
J01,4781.0
J01,18.0
J01,-146.5
J01,-270.0
J01,-304.5
J01,-315.0
J01,-330.0
J01,-330.0
J01,-330.0
J01,-330.0
J01,-259.0
J01,-208.5
J01,-325.0
J01,-336.5
J01,-353.0
J01,-360.0
J01,-360.0
J01,-360.0
J01,-360.0
J01,-360.0
J01,-360.0
J01,-360.0
J01,0.0
J01,0.0
J01,-5.5
J01,-13.0
J01,-35.0
J01,-50.5
J01,0.5
J01,-52.0
J01,-100.0
J01,-46.5
J01,-55.5
J01,-96.0
J01,-129.5
J01,-144.5
J01,-151.0
J01,-76.0
J01,-114.0
J01,-165.5
J01,-121.0
J01,-163.0
J01,75.5
J01,268.5
J01,24.5
J01,16.5
J01,-46.5
J01,-146.5
J01,-192.0
J01,-161.0
J01,-7.0
J01,-242.0
J01,-300.0
J01,-300.0
J01,-300.0
J01,-216.0
J01,-295.5
J01,-260.0
J01,-290.0
J01,-290.0
J01,-256.5
J01,-280.0
J01,-280.0
J01,-281.0
J01,-279.0
J01,-280.0
J01,-282.5
J01,-277.5
J01,-283.0
J01,-292.5
J01,-300.0
J01,-304.5
J01,-325.0
J01,-340.0
J01,-340.0
J01,-340.0
J01,-340.0
J01,-101.0
J01,-118.5
J01,-290.0
J01,-290.0
J01,-290.0
J01,-290.5
J01,-238.0
J01,-293.0
J01,-316.5
J01,-330.0
J01,-334.5
J01,-340.0
J01,-233.0
J01,-110.0
J01,-282.0
J01,-290.0
J01,-293.5
J01,-304.5
J01,-310.0
J01,-224.5
J01,-260.5
J01,-297.0
J01,-311.5
J01,-330.0
J01,-330.0
J01,-330.0
J01,-331.0
J01,-340.0
J01,-340.0
J01,-340.0
J01,-154.0
J01,28.5
J01,-281.5
J01,-290.0
J01,-291.5
J01,-300.0
J01,-300.0
J01,-305.0
J01,-310.0
J01,-315.5
J01,-330.0
J01,-330.0
J01,-150.0
J01,-170.5
J01,-302.0
J01,-312.0
J01,-328.0
J01,-340.0
J01,-340.0
J01,-340.0
J01,-340.0
J01,-340.0
J01,-340.0
J01,-340.0
J01,3096.5
J01,3334.0
J01,202.0
J01,-241.5
J01,-269.0
J01,-280.0
J01,-280.0
J01,-280.0
J01,-280.0
J01,-280.0
J01,-280.0
J01,-280.0
J01,-283.5
J01,-278.5
J01,-278.0
J01,-281.0
J01,-283.0
J01,-303.5
J01,-324.5
J01,-330.0
J01,-334.5
J01,-340.0
J01,-340.0
J01,-340.0
J01,-104.5
J01,-99.0
J01,-282.5
J01,-290.0
J01,-290.0
J01,-295.0
J01,-300.5
J01,-310.0
J01,-227.0
J01,-247.0
J01,-297.5
J01,-311.0
J01,-323.5
J01,-254.0
J01,-214.0
J01,-290.0
J01,-291.5
J01,-300.0
J01,-300.0
J01,-302.0
J01,-310.0
J01,-315.0
J01,-320.0
J01,-320.5
J01,-333.5
J01,-29.5
J01,-300.0
J01,-300.0
J01,-300.0
J01,-189.0
J01,-290.0
J01,-290.0
J01,-292.0
J01,-306.0
J01,-320.0
J01,-320.0
J01,-320.0
J01,-320.0
J01,-227.0
J01,-112.0
J01,-280.0
J01,-284.0
J01,-294.5
J01,-303.5
J01,-316.0
J01,-330.0
J01,-333.0
J01,-189.5
J01,-205.0
J01,-303.0
J01,-316.5
J01,-330.0
J01,-333.0
J01,-340.0
J01,-204.5
J01,-122.5
J01,-290.0
J01,-290.0
J01,-290.0
J01,-290.0
J01,-290.0
J01,-290.0
J01,-215.5
J01,-295.5
J01,-310.0
J01,-315.5
J01,-330.0
J01,-333.0
J01,-225.0
J01,-155.5
J01,-290.0
J01,-290.0
J01,-290.0
J01,-290.0
J01,-235.0
J01,-280.0
J01,-286.5
J01,-305.0
J01,-324.5
J01,-330.0
J01,-330.0
J01,-331.5
J01,-160.5
J01,-172.0
J01,-280.5
J01,-292.5
J01,-300.0
J01,-300.0
J01,-300.0
J01,-207.0
J01,-280.5
J01,-291.0
J01,-302.0
J01,-310.0
J01,-238.5
J01,-258.0
J01,-281.5
J01,-290.0
J01,-294.5
J01,-300.0
J01,-303.5
J01,-320.0
J01,-322.5
J01,-330.0
J01,-330.0
J01,-155.0
J01,-170.0
J01,-303.5
J01,-314.0
J01,-331.0
J01,-340.0
J01,-340.0
J01,-340.0
J01,-340.0
J01,-26.5
J01,-168.0
J01,-280.5
J01,-290.0
J01,-290.0
J01,-290.0
J01,-294.0
J01,-300.5
J01,-310.0
J01,-310.0
J01,-185.5
J01,-253.5
J01,-292.5
J01,-300.5
J01,-310.0
J01,-311.0
J01,-326.0
J01,-340.0
J01,-340.0
J01,-340.0
J01,-340.0
J01,-340.0
J01,11825.5
J01,5346.5
J01,1595.0
J01,-31.0
J01,-297.5
J01,-169.0
J01,-159.5
J01,-291.0
J01,-258.5
J01,-300.0
J01,-300.0
J01,-300.0
J01,-302.5
J01,-310.0
J01,-287.5
J01,-300.0
J01,-300.0
J01,-187.5
J01,-305.0
J01,-334.0
J01,-341.0
J01,-350.0
J01,-350.0
J01,-350.0
J01,-350.0
J01,-350.0
J01,-350.0
J01,-350.0
J01,46.0
J01,-95.5
J01,-292.0
J01,-304.5
J01,-322.5
J01,-298.0
J01,-237.5
J01,-311.0
J01,-344.0
J01,-350.0
J01,-350.0
J01,-350.0
J01,-350.0
J01,-350.0
J01,-350.0
J01,-350.0
J01,-350.0
J01,7852.0
J01,6310.5
J01,-278.0
J01,-22.5
J01,113.0
J01,-139.5
J01,-281.0
J01,-290.0
J01,-298.0
J01,-313.5
J01,-336.0
J01,-243.0
J01,-289.0
J01,-334.0
J01,-340.0
J01,-340.0
J01,-217.5
J01,-78.0
J01,-280.0
J01,-281.0
J01,-290.0
J01,-290.0
J01,-290.0
J01,-290.0
J01,-290.0
J01,-290.0
J01,-220.0
J01,-290.0
J01,-295.0
J01,-300.0
J01,-300.0
J01,-249.0
J01,-245.0
J01,-280.0
J01,-280.0
J01,-280.0
J01,-280.0
J01,-280.0
J01,-280.0
J01,-280.0
J01,-280.0
J01,-280.0
J01,-281.5
J01,-278.5
J01,-280.0
J01,-281.5
J01,-290.0
J01,-294.5
J01,-300.0
J01,-303.5
J01,-314.0
J01,-334.0
J01,-340.0
J01,-216.5
J01,-137.5
J01,-292.0
J01,-300.0
J01,-300.0
J01,-300.0
J01,-300.0
J01,-300.0
J01,-300.0
J01,-300.0
J01,-300.0
J01,-300.0
J01,-76.5
J01,-280.0
J01,-280.0
J01,-280.0
J01,-280.0
J01,-280.0
J01,-280.0
J01,-280.5
J01,-293.0
J01,-304.5
J01,-310.5
J01,-322.5
J01,-334.5
J01,-340.0
J01,-340.0
J01,-340.0
J01,-340.0
J01,-340.0
J01,-340.0
J01,10732.0
J01,7947.5
J01,3.0
J01,190.5
J01,-268.5
J01,-286.0
J01,-305.0
J01,-310.5
J01,-322.5
J01,-330.0
J01,-330.0
J01,-330.0
J01,-330.0
J01,-330.0
J01,-73.5
J01,-132.5
J01,-280.0
J01,-280.0
J01,-280.0
J01,-280.0
J01,-280.0
J01,-280.0
J01,-280.0
J01,-280.0
J01,-280.0
J01,-280.0
J01,-280.0
J01,-280.0
J01,-280.0
J01,-280.0
J01,-280.0
J01,-280.0
J01,-284.0
J01,-290.0
J01,-290.0
J01,-300.5
J01,-322.5
J01,-330.0
J01,-330.0
J01,-211.0
J01,-162.0
J01,-282.5
J01,-290.0
J01,-290.0
J01,-290.0
J01,-290.0
J01,-290.0
J01,-290.0
J01,-290.0
J01,-290.0
J01,-290.0
J01,-187.5
J01,-280.0
J01,-280.0
J01,-280.0
J01,-283.5
J01,-290.0
J01,-293.5
J01,-300.0
J01,-303.5
J01,-310.0
J01,-312.0
J01,-320.0
J01,-320.0
J01,-99.5
J01,-248.0
J01,-280.0
J01,-280.0
J01,-283.0
J01,-290.0
J01,-294.0
J01,-300.0
J01,-300.0
J01,-305.0
J01,-188.0
J01,-280.0
J01,-280.0
J01,-282.5
J01,-300.0
J01,-307.0
J01,-326.0
J01,-340.0
J01,-340.0
J01,-340.0
J01,-340.0
J01,-177.5
J01,-47.0
J01,-280.0
J01,-281.5
J01,-298.5
J01,-327.0
J01,-340.0
J01,-340.0
J01,-340.0
J01,-340.0
J01,-203.5
J01,-49.5
J01,-282.0
J01,-292.5
J01,-303.0
J01,-310.0
J01,-310.0
J01,-310.0
J01,-310.0
J01,-176.5
J01,-239.0
J01,-305.0
J01,-320.0
J01,-320.0
J01,-320.0
J01,-320.0
J01,-324.5
J01,-234.5
J01,-83.0
J01,-280.0
J01,-280.0
J01,-283.5
J01,-290.0
J01,-290.0
J01,-290.0
J01,-294.5
J01,-300.0
J01,-300.0
J01,-300.0
J01,-175.0
J01,-277.0
J01,-280.0
J01,-280.0
J01,-280.0
J01,-280.0
J01,-280.0
J01,-280.5
J01,-291.5
J01,-307.5
J01,-322.0
J01,-235.0
J01,-243.5
J01,-282.5
J01,-290.0
J01,-291.0
J01,-300.0
J01,-300.0
J01,-247.5
J01,-253.5
J01,-292.0
J01,-303.0
J01,-310.0
J01,-265.5
J01,-225.0
J01,-280.0
J01,-280.0
J01,-280.0
J01,-280.5
J01,-290.0
J01,-290.0
J01,-259.5
J01,-284.0
J01,-292.0
J01,-302.0
J01,-317.0
J01,-254.0
J01,-231.0
J01,-280.0
J01,-280.0
J01,-280.0
J01,-280.0
J01,-281.0
J01,-290.0
J01,-290.0
J01,-297.5
J01,-310.0
J01,-310.0
J01,-181.5
J01,-282.5
J01,-290.0
J01,-290.0
J01,-290.0
J01,-290.0
J01,-290.0
J01,-290.0
J01,-291.0
J01,-300.0
J01,-300.0
J01,-300.0
J01,-303.0
J01,-136.5
J01,-267.0
J01,-280.0
J01,-280.0
J01,-284.5
J01,-290.0
J01,-290.0
J01,-290.0
J01,-247.0
J01,-290.0
J01,-290.0
J01,-290.5
J01,-304.5
J01,-314.0
J01,-234.0
J01,-235.5
J01,-280.0
J01,-280.0
J01,-280.0
J01,-280.0
J01,-280.0
J01,-280.0
J01,-280.0
J01,-280.0
J01,-280.0
J01,-280.0
J01,-285.0
J01,-295.0
J01,-304.0
J01,-310.0
J01,-310.0
J01,-310.0
J01,-314.5
J01,-332.0
J01,-232.5
J01,-112.0
J01,-290.0
J01,-290.0
J01,-290.0
J01,-292.0
J01,-300.0
J01,-300.0
J01,-300.0
J01,-301.5
J01,-310.0
J01,-310.0
J01,-123.0
J01,-250.5
J01,-290.0
J01,-290.0
J01,-258.0
J01,-285.0
J01,-293.5
J01,-303.5
J01,-313.0
J01,-330.0
J01,-330.0
J01,-330.5
J01,-340.0
J01,-340.0
J01,-340.0
J01,-340.0
J01,-121.5
J01,27.0
J01,-280.0
J01,-280.0
J01,-280.0
J01,-280.0
J01,-280.0
J01,-280.0
J01,-281.5
J01,-292.0
J01,-300.0
J01,-303.0
J01,-310.0
J01,-310.5
J01,-323.5
J01,-330.0
J01,-330.0
J01,17595.0
J01,15985.0
J01,-269.5
J01,-21.5
J01,-81.0
J01,-290.0
J01,-290.0
J01,-290.0
J01,-290.0
J01,-290.0
J01,-290.0
J01,-290.0
J01,-290.0
J01,-290.0
J01,-290.0
J01,-290.0
J01,-290.0
J01,-290.0
J01,-290.0
J01,-290.0
J01,-290.0
J01,-290.0
J01,-291.0
J01,-303.5
J01,-314.0
J01,-333.0
J01,-340.5
J01,-350.0
J01,-350.0
J01,-350.0
J01,-350.0
J01,-175.5
J01,-37.5
J01,-300.0
J01,-302.5
J01,-312.0
J01,-320.0
J01,-321.5
J01,-330.0
J01,-334.0
J01,-340.0
J01,-340.0
J01,-340.0
J01,-50.5
J01,-238.5
J01,-300.0
J01,-300.0
J01,-216.0
J01,-290.5
J01,-304.0
J01,-311.0
J01,-254.5
J01,-290.0
J01,-290.0
J01,-290.0
J01,-290.0
J01,-292.0
J01,-300.0
J01,0.0
J01,0.0
J01,-3.0
J01,-22.5
J01,-0.5
J01,-25.5
J01,-71.5
J01,-22.0
J01,-110.5
J01,-29.0
J01,59.5
J01,25.0
J01,-67.5
J01,-64.0
J01,23.0
J01,-170.0
J01,-85.5
J01,-188.5
J01,35.0
J01,-205.0
J01,-277.0
J01,-297.5
J01,-204.5
J01,-123.0
J01,-130.0
J01,629.0
J01,436.5
J01,459.0
J01,10.5
J01,36.0
J01,-136.5
J01,-179.0
J01,-282.0
J01,-265.5
J01,89.5
J01,107.5
J01,-43.5
J01,-92.0
J01,-215.0
J01,-286.5
J01,-315.5
J01,-216.0
J01,-74.0
J01,-280.0
J01,-280.0
J01,-284.5
J01,-290.0
J01,-290.0
J01,-290.0
J01,-290.0
J01,-291.0
J01,-300.0
J01,418.5
J01,-166.0
J01,-276.0
J01,-294.5
J01,-300.0
J01,-300.0
J01,-176.5
J01,-68.0
J01,-242.5
J01,-237.5
J01,-240.0
J01,-240.0
J01,-240.0
J01,-240.0
J01,-240.0
J01,-240.0
J01,-240.0
J01,-243.0
J01,-250.0
J01,-253.0
J01,-217.0
J01,-251.5
J01,-271.5
J01,-294.0
J01,-195.5
J01,-184.5
J01,-240.0
J01,-240.0
J01,-241.0
J01,-250.0
J01,-250.0
J01,-250.0
J01,-250.0
J01,-250.0
J01,-250.0
J01,-250.0
J01,-173.5
J01,-235.5
J01,-240.0
J01,-241.5
J01,-250.0
J01,-250.0
J01,-255.0
J01,-270.0
J01,-218.5
J01,-202.5
J01,-264.5
J01,-278.0
J01,-300.0
J01,-300.0
J01,-300.0
J01,-172.5
J01,-57.5
J01,-240.5
J01,-250.0
J01,-250.0
J01,-250.0
J01,-210.0
J01,-255.5
J01,-270.0
J01,-270.0
J01,-196.0
J01,-208.0
J01,-240.0
J01,-240.0
J01,-240.0
J01,-240.0
J01,-240.0
J01,-240.0
J01,-243.5
J01,-250.0
J01,-250.0
J01,-250.0
J01,-209.0
J01,-237.5
J01,-240.0
J01,-240.0
J01,-249.0
J01,-275.0
J01,-280.0
J01,-282.0
J01,-294.0
J01,-300.0
J01,-300.0
J01,-300.0
J01,-300.0
J01,-300.0
J01,-300.0
J01,7433.0
J01,1127.0
J01,139.5
J01,-112.5
J01,-239.0
J01,-256.0
J01,-276.5
J01,-293.0
J01,-284.0
J01,-287.0
J01,-300.0
J01,-69.0
J01,-123.0
J01,-255.0
J01,4541.5
J01,2454.0
J01,-159.5
J01,-215.0
J01,-248.5
J01,-260.0
J01,-260.0
J01,-260.0
J01,-260.0
J01,-260.0
J01,4044.5
J01,1154.5
J01,-198.5
J01,-236.0
J01,-268.5
J01,-284.0
J01,-290.0
J01,-290.0
J01,-290.0
J01,-290.0
J01,-291.0
J01,-300.0
J01,-305.0
J01,17.0
J01,-42.0
J01,-266.5
J01,-280.0
J01,-291.5
J01,-310.0
J01,-310.0
J01,-310.0
J01,-310.0
J01,-310.0
J01,-310.0
J01,-310.0
J01,-314.5
J01,151.5
J01,79.0
J01,-271.5
J01,-285.0
J01,-290.0
J01,-290.0
J01,-290.0
J01,-290.0
J01,-293.5
J01,-300.0
J01,-300.0
J01,-300.0
J01,-304.5
J01,107.0
J01,-21.0
J01,-262.0
J01,-275.0
J01,-280.0
J01,-280.0
J01,-280.0
J01,-280.0
J01,-285.0
J01,-73.5
J01,91.5
J01,-251.5
J01,-264.5
J01,-284.0
J01,-218.0
J01,-184.5
J01,-250.0
J01,-253.0
J01,-263.0
J01,-270.0
J01,-270.0
J01,-270.0
J01,-273.5
J01,-290.0
J01,-290.0
J01,-290.0
J01,-42.5
J01,-117.0
J01,-254.0
J01,-260.0
J01,-262.5
J01,-276.0
J01,-290.0
J01,-290.0
J01,-290.0
J01,-116.0
J01,-136.0
J01,-271.5
J01,-300.0
J01,-300.0
J01,-300.0
J01,-300.0
J01,-300.0
J01,-143.5
J01,11.5
J01,-240.0
J01,-243.5
J01,-260.0
J01,-260.0
J01,-260.0
J01,-263.0
J01,-270.5
J01,-280.0
J01,-280.0
J01,-280.0
J01,-43.5
J01,-201.5
J01,-250.0
J01,-250.0
J01,-218.5
J01,-252.5
J01,-271.0
J01,-284.5
J01,-218.0
J01,-178.0
J01,-251.0
J01,-260.0
J01,-260.0
J01,-260.0
J01,-263.5
J01,-270.0
J01,-270.0
J01,-270.0
J01,-270.0
J01,-270.0
J01,-60.5
J01,-172.5
J01,-250.0
J01,-250.0
J01,-250.0
J01,-250.0
J01,-250.0
J01,-250.0
J01,-250.0
J01,-253.5
J01,-154.5
J01,-240.0
J01,-240.0
J01,-240.0
J01,-246.0
J01,-260.0
J01,-260.0
J01,-260.0
J01,-260.0
J01,7732.0
J01,14901.0
J01,7088.5
J01,2578.0
J01,-108.0
J01,-178.5
J01,-263.5
J01,-266.0
J01,-280.0
J01,-280.0
J01,-280.0
J01,-280.0
J01,-280.0
J01,-280.0
J01,-280.0
J01,126.0
J01,-125.0
J01,-250.0
J01,-250.0
J01,-252.5
J01,-260.0
J01,-62.5
J01,-240.0
J01,-241.5
J01,-252.0
J01,-239.5
J01,-238.0
J01,-250.0
J01,-250.5
J01,-260.0
J01,-260.0
J01,-260.0
J01,-260.0
J01,-260.0
J01,-260.0
J01,-260.5
J01,-71.5
J01,-260.0
J01,-261.5
J01,-270.0
J01,-272.0
J01,-176.5
J01,-196.5
J01,-240.0
J01,-245.0
J01,-254.5
J01,-260.0
J01,-260.0
J01,-260.0
J01,-260.0
J01,-260.0
J01,-260.0
J01,-260.0
J01,-165.0
J01,-163.0
J01,-262.0
J01,-272.5
J01,-212.5
J01,-205.5
J01,-240.0
J01,-243.0
J01,-250.5
J01,-260.0
J01,-260.0
J01,-263.0
J01,-270.0
J01,-133.5
J01,-248.5
J01,-264.0
J01,-284.5
J01,-223.0
J01,-191.5
J01,-250.0
J01,-250.0
J01,-250.0
J01,-250.0
J01,-250.0
J01,-250.0
J01,-250.0
J01,-250.0
J01,-250.0
J01,-254.5
J01,-124.0
J01,-240.0
J01,-245.0
J01,-254.0
J01,-274.5
J01,-293.0
J01,-168.5
J01,-205.0
J01,-240.0
J01,-243.0
J01,-254.5
J01,-260.0
J01,-260.0
J01,-260.0
J01,-260.0
J01,-263.5
J01,-270.0
J01,-270.0
J01,-179.5
J01,-163.0
J01,-250.0
J01,-251.0
J01,-260.0
J01,-264.0
J01,-270.0
J01,-270.0
J01,-270.0
J01,-277.5
J01,-290.0
J01,-290.0
J01,20.5
J01,-179.5
J01,-262.0
J01,-273.5
J01,-280.0
J01,-185.0
J01,-184.5
J01,-240.0
J01,-240.0
J01,-240.0
J01,-240.0
J01,-240.0
J01,-240.0
J01,-251.5
J01,-270.0
J01,-220.0
J01,-218.5
J01,-240.0
J01,-240.0
J01,-241.5
J01,-250.0
J01,-253.0
J01,-260.0
J01,-262.5
J01,-275.0
J01,9055.0
J01,3894.0
J01,-101.5
J01,-183.0
J01,-238.0
J01,-250.0
J01,-250.0
J01,-250.0
J01,-250.0
J01,-252.0
J01,-176.0
J01,-250.0
J01,-253.0
J01,-260.0
J01,-264.5
J01,-170.0
J01,-240.0
J01,-240.0
J01,-240.0
J01,-244.0
J01,-250.0
J01,-254.0
J01,-260.0
J01,-264.0
J01,-270.0
J01,-273.0
J01,-280.0
J01,-88.0
J01,-217.5
J01,-250.0
J01,-250.0
J01,-250.0
J01,-250.0
J01,-257.0
J01,-194.5
J01,-228.0
J01,-240.0
J01,-244.5
J01,-250.0
J01,-250.0
J01,-250.0
J01,-250.0
J01,-195.5
J01,-247.5
J01,-269.0
J01,-290.0
J01,-290.0
J01,-290.5
J01,-300.0
J01,-300.0
J01,-152.5
J01,-20.5
J01,-242.0
J01,-251.0
J01,-260.0
J01,-260.0
J01,-260.0
J01,-263.0
J01,-272.0
J01,-280.0
J01,-280.0
J01,-108.5
J01,-185.0
J01,-260.0
J01,-262.5
J01,-275.0
J01,-156.0
J01,-225.0
J01,-240.0
J01,-240.0
J01,-240.0
J01,-240.0
J01,-240.0
J01,-240.0
J01,-240.0
J01,-240.0
J01,-240.0
J01,-240.0
J01,-242.5
J01,-238.5
J01,-250.0
J01,-250.0
J01,-250.0
J01,-250.0
J01,-253.0
J01,-260.0
J01,-260.0
J01,-260.0
J01,-262.0
J01,-270.0
J01,-270.0
J01,-76.0
J01,-208.0
J01,-240.0
J01,-240.0
J01,-240.0
J01,-242.5
J01,-262.5
J01,-272.5
J01,-280.5
J01,-207.5
J01,-174.5
J01,-240.0
J01,-242.0
J01,-250.0
J01,-250.0
J01,10343.0
J01,5679.5
J01,-184.5
J01,-237.0
J01,-285.5
J01,-310.0
J01,-212.5
J01,-111.5
J01,-253.0
J01,-247.0
J01,-250.5
J01,-260.0
J01,-260.0
J01,-261.0
J01,-272.5
J01,-284.5
J01,-290.0
J01,-290.0
J01,-125.5
J01,-220.0
J01,-273.5
J01,-294.0
J01,-310.0
J01,-310.0
J01,-310.0
J01,-310.0
J01,-95.5
J01,-83.0
J01,-250.0
J01,-253.0
J01,-265.0
J01,-272.0
J01,-280.0
J01,-280.0
J01,-280.0
J01,-280.0
J01,-280.0
J01,-280.0
J01,8450.0
J01,5785.5
J01,-20.0
J01,6098.0
J01,9775.5
J01,1325.5
J01,-82.0
J01,-163.5
J01,-272.5
J01,-222.5
J01,-304.5
J01,-310.0
J01,-310.0
J01,-269.0
J01,-302.5
J01,-310.0
J01,-245.5
J01,47.0
J01,-227.0
J01,-265.5
J01,-290.0
J01,-245.0
J01,-239.5
J01,-260.0
J01,-260.0
J01,-260.0
J01,-260.0
J01,-260.0
J01,-260.0
J01,-260.0
J01,-260.0
J01,-260.0
J01,-262.5
J01,-257.5
J01,-260.0
J01,-263.0
J01,-270.0
J01,-271.5
J01,-280.0
J01,-280.0
J01,-283.5
J01,-290.0
J01,-290.0
J01,-290.0
J01,-290.0
J01,-290.0
J01,-86.0
J01,-208.5
J01,-280.0
J01,-280.0
J01,-284.5
J01,-290.0
J01,-290.0
J01,-185.0
J01,-198.0
J01,-260.0
J01,-260.0
J01,-261.5
J01,-270.0
J01,-272.5
J01,-280.0
J01,-216.0
J01,-260.5
J01,-272.0
J01,-280.5
J01,-249.0
J01,-238.0
J01,-260.0
J01,-260.0
J01,-260.0
J01,-260.0
J01,-260.0
J01,-260.0
J01,-260.0
J01,-260.0
J01,-262.0
J01,-272.5
J01,-280.0
J01,-282.5
J01,-290.0
J01,-290.5
J01,-303.5
J01,-195.5
J01,-163.5
J01,-260.0
J01,-260.0
J01,-260.0
J01,-260.0
J01,-260.0
J01,-260.0
J01,-260.0
J01,-260.0
J01,-260.0
J01,-262.0
J01,-272.5
J01,-281.5
J01,-293.0
J01,-313.5
J01,-320.0
J01,-320.0
J01,-320.0
J01,-320.0
J01,-94.5
J01,-63.0
J01,-260.0
J01,-260.0
J01,-263.0
J01,-273.5
J01,-280.0
J01,-280.0
J01,-281.5
J01,-184.0
J01,-281.0
J01,-237.0
J01,-260.0
J01,-262.0
J01,-270.0
J01,-270.0
J01,-270.0
J01,-272.0
J01,-280.0
J01,-284.0
J01,-290.0
J01,-294.5
J01,-300.0
J01,-92.0
J01,-240.5
J01,-277.0
J01,-293.5
J01,-310.0
J01,-310.0
J01,-210.5
J01,-154.0
J01,-260.0
J01,-263.0
J01,-270.0
J01,-274.0
J01,-280.0
J01,-280.0
J01,-280.0
J01,-280.5
J01,-163.0
J01,0.0
J01,0.0
J01,0.0
J01,-6.5
J01,-20.0
J01,-32.5
J01,-69.0
J01,-4.5
J01,-16.5
J01,-1.0
J01,36.5
J01,-52.0
J01,-70.0
J01,-101.0
J01,-47.5
J01,-70.5
J01,-89.5
J01,-118.5
J01,-130.0
J01,0.5
J01,-47.0
J01,-24.5
J01,-137.5
J01,-185.5
J01,-211.5
J01,-235.5
J01,-264.0
J01,-24.0
J01,279.5
J01,-171.0
J01,-213.0
J01,-259.5
J01,-291.5
J01,455.5
J01,289.5
J01,-235.5
J01,-260.0
J01,-260.0
J01,-260.0
J01,-262.0
J01,-276.0
J01,-295.0
J01,-255.0
J01,-212.0
J01,-260.0
J01,-260.0
J01,-260.0
J01,-260.0
J01,-261.5
J01,-270.0
J01,-273.5
J01,-280.0
J01,-280.0
J01,-198.0
J01,-274.0
J01,-297.5
J01,-233.0
J01,-232.5
J01,-260.0
J01,-260.0
J01,-264.0
J01,-270.0
J01,-270.0
J01,-270.0
J01,-270.0
J01,-270.0
J01,-270.0
J01,-270.0
J01,-186.0
J01,-260.0
J01,-260.5
J01,-270.0
J01,-277.5
J01,-302.5
J01,-313.0
J01,2571.0
J01,3618.0
J01,1672.0
J01,939.5
J01,-3.5
J01,-38.5
J01,-246.0
J01,-270.0
J01,-270.0
J01,-270.0
J01,-270.0
J01,-270.0
J01,-270.0
J01,-272.0
J01,-281.5
J01,-156.5
J01,-261.5
J01,-270.0
J01,-270.0
J01,-274.5
J01,-290.0
J01,-237.0
J01,-246.5
J01,-273.5
J01,-290.0
J01,-290.0
J01,-290.0
J01,-290.0
J01,-290.0
J01,-290.0
J01,-294.5
J01,-301.5
J01,-310.0
J01,-310.0
J01,-85.5
J01,-47.5
J01,-280.0
J01,-280.5
J01,-290.5
J01,-300.0
J01,-300.0
J01,-166.5
J01,-189.0
J01,-260.0
J01,-260.0
J01,-260.0
J01,-262.5
J01,-270.0
J01,-270.0
J01,-239.0
J01,-273.0
J01,-297.5
J01,-320.0
J01,-248.0
J01,-160.0
J01,-260.0
J01,-262.5
J01,-270.0
J01,-270.0
J01,-270.0
J01,-227.5
J01,-262.5
J01,-271.5
J01,-282.5
J01,-296.5
J01,-314.0
J01,-320.0
J01,-163.5
J01,-174.0
J01,-271.0
J01,-284.0
J01,-290.0
J01,-293.5
J01,-300.0
J01,-300.0
J01,-131.0
J01,-210.5
J01,-276.5
J01,-292.5
J01,-303.5
J01,-320.0
J01,-320.0
J01,-320.0
J01,4596.5
J01,2296.5
J01,50.5
J01,-217.5
J01,-264.0
J01,-269.0
J01,-292.0
J01,-300.0
J01,-248.5
J01,-205.0
J01,-270.0
J01,-270.0
J01,-274.0
J01,-287.0
J01,-305.0
J01,-276.0
J01,-212.5
J01,-280.0
J01,-286.5
J01,-306.5
J01,-320.0
J01,-323.0
J01,-340.0
J01,-340.0
J01,-341.5
J01,-55.0
J01,-107.0
J01,-286.5
J01,-303.0
J01,-241.5
J01,-249.5
J01,-280.0
J01,-280.0
J01,-280.0
J01,-280.0
J01,-225.5
J01,-275.0
J01,-292.0
J01,-309.5
J01,-330.0
J01,-330.0
J01,-330.0
J01,-330.0
J01,-330.0
J01,-165.0
J01,-8.5
J01,-270.0
J01,-270.0
J01,-270.0
J01,-270.0
J01,-270.0
J01,-272.5
J01,-280.0
J01,-284.0
J01,-290.0
J01,-290.0
J01,-203.5
J01,-270.0
J01,-270.0
J01,-270.5
J01,-282.5
J01,-290.0
J01,-290.0
J01,-290.0
J01,-290.0
J01,-178.0
J01,-281.0
J01,-291.5
J01,-300.0
J01,-302.0
J01,-310.0
J01,-201.0
J01,-218.5
J01,-290.0
J01,-290.0
J01,-294.0
J01,-201.5
J01,-261.0
J01,-280.0
J01,-284.0
J01,-295.5
J01,6081.0
J01,4610.5
J01,-125.0
J01,-221.5
J01,-249.5
J01,-263.0
J01,-261.5
J01,-274.0
J01,-280.0
J01,-280.0
J01,-285.5
J01,-300.0
J01,-303.0
J01,-310.0
J01,-310.0
J01,-131.5
J01,-235.0
J01,-166.5
J01,-274.0
J01,-280.0
J01,-280.0
J01,-280.0
J01,-280.0
J01,-280.0
J01,-280.0
J01,-111.5
J01,-280.0
J01,-280.0
J01,-282.0
J01,-290.0
J01,-290.0
J01,-132.0
J01,-260.0
J01,-262.0
J01,-270.0
J01,-270.0
J01,-271.5
J01,-280.0
J01,-280.0
J01,-280.0
J01,6067.5
J01,-240.0
J01,-96.0
J01,-275.0
J01,-300.0
J01,-300.0
J01,-304.0
J01,-320.0
J01,-321.5
J01,-246.5
J01,-157.0
J01,-290.0
J01,-295.0
J01,-313.0
J01,-324.0
J01,-330.0
J01,-330.0
J01,-330.0
J01,-330.0
J01,-330.0
J01,-60.5
J01,-147.5
J01,-293.0
J01,-303.5
J01,-315.0
J01,-239.0
J01,-245.0
J01,-280.0
J01,-280.0
J01,-280.0
J01,-280.0
J01,-280.0
J01,-280.0
J01,-280.0
J01,-280.0
J01,-283.5
J01,-295.0
J01,-305.5
J01,-320.0
J01,-320.0
J01,-266.5
J01,-169.5
J01,-282.5
J01,-290.0
J01,-296.0
J01,-310.0
J01,-310.0
J01,-310.0
J01,-206.0
J01,-248.5
J01,-292.5
J01,-300.0
J01,-305.0
J01,-314.0
J01,-320.5
J01,-330.0
J01,-330.0
J01,-330.0
J01,-333.5
J01,-340.0
J01,7589.5
J01,6873.0
J01,-265.0
J01,-298.5
J01,-12.5
J01,72.0
J01,-196.5
J01,-270.0
J01,-274.5
J01,-280.0
J01,-280.0
J01,-280.0
J01,-280.0
J01,-225.5
J01,-270.0
J01,-270.0
J01,-270.5
J01,-271.5
J01,-280.0
J01,-258.0
J01,-272.0
J01,-280.0
J01,-285.0
J01,-290.0
J01,-294.5
J01,-304.5
J01,-324.5
J01,-330.0
J01,-173.0
J01,-158.0
J01,-282.0
J01,-290.0
J01,-290.0
J01,-290.0
J01,-290.0
J01,-290.0
J01,-290.0
J01,-290.0
J01,-106.5
J01,-275.5
J01,-290.0
J01,-290.0
J01,-293.5
J01,-303.0
J01,-322.5
J01,-330.0
J01,-330.0
J01,-330.0
J01,-330.0
J01,-330.0
J01,8002.0
J01,6473.5
J01,9.5
J01,54.5
J01,-157.0
J01,-271.0
J01,-283.0
J01,-297.5
J01,-297.5
J01,-300.0
J01,-300.0
J01,-300.0
J01,-307.0
J01,-320.0
J01,-210.5
J01,-201.0
J01,-294.0
J01,-300.0
J01,-305.0
J01,-310.0
J01,-310.0
J01,-310.0
J01,-310.0
J01,-310.0
J01,-310.0
J01,-310.0
J01,-310.0
J01,104.0
J01,-117.5
J01,-270.0
J01,-270.0
J01,-270.0
J01,-270.0
J01,-278.5
J01,-295.0
J01,-305.5
J01,-322.5
J01,-330.0
J01,-221.5
J01,-137.0
J01,-270.0
J01,-270.0
J01,-270.0
J01,-270.0
J01,-270.0
J01,-274.5
J01,-265.5
J01,-270.0
J01,-277.0
J01,-295.0
J01,-300.0
J01,-303.0
J01,-188.0
J01,-257.0
J01,-270.0
J01,-270.0
J01,-270.0
J01,-270.0
J01,-270.0
J01,-274.0
J01,-284.0
J01,-290.0
J01,-232.0
J01,-270.0
J01,-274.5
J01,-280.0
J01,-284.0
J01,-290.0
J01,-293.0
J01,-300.0
J01,-300.0
J01,-138.5
J01,-270.0
J01,-270.0
J01,-270.0
J01,-270.0
J01,-270.0
J01,-272.0
J01,-271.5
J01,-292.0
J01,-306.0
J01,-242.0
J01,-241.5
J01,-280.0
J01,-280.0
J01,-280.0
J01,-280.0
J01,-280.0
J01,-282.5
J01,-290.0
J01,-294.0
J01,-191.0
J01,-238.5
J01,-282.5
J01,-298.0
J01,-312.0
J01,-324.0
J01,-330.0
J01,-216.5
J01,-126.0
J01,-270.0
J01,-270.0
J01,-272.5
J01,-282.5
J01,-267.5
J01,-264.0
J01,-296.0
J01,-322.0
J01,-330.0
J01,-330.0
J01,-330.0
J01,-330.0
J01,-330.0
J01,-330.0
J01,-330.0
J01,-330.0
J01,-114.5
J01,139.0
J01,-270.0
J01,-270.0
J01,-270.0
J01,-270.0
J01,-270.0
J01,-270.0
J01,-270.0
J01,-275.0
J01,-280.0
J01,-280.0
J01,-245.0
J01,-273.0
J01,-285.0
J01,-300.0
J01,-300.0
J01,-304.0
J01,-310.5
J01,-323.0
J01,-330.0
J01,-330.0
J01,-330.0
J01,-330.0
J01,10783.5
J01,8749.5
J01,-6.5
J01,53.5
J01,-185.0
J01,-280.0
J01,-281.0
J01,-290.0
J01,-291.5
J01,-300.0
J01,-300.0
J01,-300.0
J01,-300.0
J01,-300.0
J01,-219.0
J01,-218.5
J01,-280.0
J01,-280.0
J01,-280.0
J01,-287.0
J01,-303.5
J01,-324.5
J01,-340.0
J01,-340.0
J01,-233.0
J01,-134.5
J01,-292.5
J01,-305.5
J01,-320.0
J01,-320.0
J01,-320.0
J01,-320.0
J01,-320.0
J01,-320.0
J01,-320.0
J01,-320.0
J01,-105.0
J01,-96.5
J01,-279.5
J01,-296.0
J01,-310.0
J01,-233.0
J01,-281.0
J01,-291.0
J01,-278.5
J01,-269.0
J01,-280.0
J01,-280.0
J01,-280.0
J01,-280.0
J01,-283.0
J01,-295.5
J01,-321.5
J01,-330.0
J01,-330.0
J01,-330.0
J01,-330.0
J01,-330.0
J01,-330.5
J01,-83.0
J01,-116.5
J01,-280.0
J01,-280.0
J01,-284.5
J01,-290.0
J01,-290.0
J01,-256.5
J01,-290.0
J01,-299.0
J01,-326.5
J01,-340.0
J01,-340.0
J01,-340.0
J01,-340.0
J01,-340.0
J01,-340.0
J01,-340.0
J01,-340.0
J01,11271.5
J01,8014.0
J01,224.5
J01,-233.0
J01,-269.0
J01,-290.0
J01,-304.0
J01,-315.0
J01,-281.0
J01,-310.0
J01,-310.0
J01,-310.0
J01,-310.0
J01,-133.0
J01,-228.0
J01,-300.0
J01,-300.0
J01,-300.0
J01,-303.5
J01,-310.0
J01,-310.0
J01,-310.0
J01,-310.0
J01,-310.0
J01,-310.0
J01,-310.0
J01,-68.0
J01,-206.5
J01,-293.5
J01,-303.5
J01,-312.5
J01,-245.5
J01,-234.0
J01,-283.5
J01,-290.0
J01,-291.5
J01,-300.0
J01,-300.0
J01,-300.0
J01,-300.0
J01,-300.0
J01,-300.0
J01,-135.0
J01,-280.0
J01,-280.0
J01,-280.0
J01,-282.0
J01,-292.0
J01,-278.0
J01,-268.0
J01,-280.0
J01,-280.0
J01,-280.0
J01,-280.0
J01,-280.0
J01,-280.0
J01,-281.5
J01,-293.0
J01,-303.5
J01,-312.5
J01,-320.0
J01,-322.5
J01,-330.0
J01,-334.5
J01,-340.0
J01,-165.5
J01,-77.0
J01,-280.0
J01,-280.0
J01,-280.0
J01,-280.0
J01,-280.0
J01,-280.0
J01,-282.0
J01,-294.5
J01,-312.5
J01,-320.0
J01,-328.0
J01,-340.0
J01,-340.0
J01,-340.0
J01,-340.0
J01,-340.0
J01,-53.5
J01,-69.5
J01,-280.0
J01,-285.0
J01,-300.0
J01,-300.0
J01,-300.0
J01,-218.5
J01,-301.5
J01,-319.0
J01,-333.5
J01,-200.5
J01,-242.0
J01,-280.0
J01,-280.0
J01,-280.0
J01,-280.0
J01,-280.0
J01,-280.0
J01,-280.0
J01,-284.0
J01,-276.0
J01,-283.5
J01,-290.0
J01,-293.5
J01,-305.5
J01,-326.5
J01,-230.0
J01,-233.0
J01,-290.0
J01,0.0
J01,0.0
J01,-4.0
J01,-26.0
J01,-55.0
J01,-60.0
J01,-63.0
J01,-74.0
J01,-62.5
J01,43.5
J01,-61.0
J01,-31.5
J01,8.0
J01,111.0
J01,-11.0
J01,11.0
J01,43.0
J01,-60.5
J01,-0.5
J01,-147.5
J01,-108.5
J01,-17.0
J01,53.0
J01,-137.0
J01,-230.0
J01,-283.0
J01,-187.0
J01,-74.0
J01,255.0
J01,538.5
J01,229.5
J01,124.0
J01,-67.5
J01,-114.5
J01,141.0
J01,23.0
J01,-76.0
J01,-22.0
J01,12.5
J01,-112.0
J01,-146.0
J01,-62.5
J01,-81.5
J01,23.5
J01,-38.5
J01,-91.5
J01,-145.0
J01,-246.5
J01,174.0
J01,-127.5
J01,165.0
J01,-48.0
J01,-220.5
J01,-123.5
J01,65.5
J01,244.5
J01,-159.0
J01,-169.5
J01,-233.0
J01,-294.0
J01,-321.5
J01,-330.0
J01,-289.5
J01,-279.5
J01,-310.0
J01,-310.0
J01,-310.0
J01,-314.0
J01,-306.0
J01,408.5
J01,1144.0
J01,470.0
J01,489.5
J01,-25.5
J01,-171.5
J01,-206.5
J01,-225.0
J01,-230.0
J01,-230.0
J01,-230.0
J01,496.5
J01,321.5
J01,-82.0
J01,7.5
J01,-135.5
J01,-156.5
J01,-185.0
J01,-208.0
J01,-341.5
J01,-315.5
J01,-330.0
J01,1151.0
J01,-139.0
J01,-159.5
J01,-151.5
J01,-318.0
J01,-297.5
J01,-340.0
J01,-278.0
J01,-330.0
J01,-330.0
J01,-330.0
J01,140.5
J01,-330.0
J01,-334.0
J01,-307.5
J01,-333.5
J01,-340.0
J01,-340.0
J01,-340.0
J01,-340.0
J01,-340.0
J01,-340.0
J01,-55.5
J01,206.5
J01,-292.0
J01,-301.5
J01,-317.5
J01,-298.0
J01,-241.0
J01,-290.0
J01,-294.0
J01,-300.0
J01,-300.0
J01,-300.0
J01,-303.0
J01,-246.5
J01,-313.5
J01,-329.0
J01,-263.0
J01,-251.0
J01,-290.0
J01,-292.5
J01,-300.0
J01,-300.0
J01,-300.0
J01,-260.5
J01,-303.0
J01,-322.5
J01,-345.0
J01,-350.0
J01,-214.0
J01,-202.5
J01,-291.0
J01,-300.0
J01,-306.0
J01,-323.0
J01,-333.5
J01,-340.0
J01,-211.0
J01,-220.5
J01,-308.0
J01,-333.0
J01,-345.0
J01,-350.0
J01,-262.0
J01,-137.0
J01,-290.0
J01,-291.5
J01,-304.0
J01,-320.0
J01,-320.0
J01,-320.0
J01,-268.5
J01,-206.0
J01,-293.5
J01,-306.0
J01,-320.0
J01,-320.0
J01,-320.0
J01,-323.0
J01,-266.5
J01,-171.0
J01,-290.0
J01,-294.5
J01,-303.5
J01,-312.5
J01,-249.5
J01,-295.0
J01,-303.5
J01,-320.0
J01,-326.0
J01,-342.0
J01,-350.0
J01,-233.5
J01,-154.0
J01,-302.0
J01,-310.0
J01,-255.5
J01,-300.0
J01,-300.0
J01,-304.0
J01,-325.0
J01,-340.0
J01,-340.5
J01,-236.0
J01,-173.0
J01,-292.0
J01,-300.0
J01,-300.0
J01,-300.0
J01,-300.0
J01,-302.5
J01,-310.0
J01,-215.5
J01,-298.5
J01,-321.0
J01,-332.0
J01,-273.0
J01,-228.5
J01,-300.0
J01,-305.0
J01,-310.0
J01,-310.0
J01,-310.0
J01,-310.0
J01,-310.0
J01,-310.0
J01,-315.0
J01,-330.0
J01,-103.0
J01,-264.0
J01,-293.0
J01,-300.0
J01,-300.0
J01,-267.0
J01,-290.0
J01,-294.0
J01,-300.0
J01,-302.0
J01,-312.0
J01,-330.0
J01,-332.0
J01,-344.0
J01,-350.0
J01,-350.0
J01,-350.0
J01,7444.0
J01,4658.0
J01,-100.5
J01,-170.5
J01,-285.0
J01,-313.5
J01,-325.0
J01,-337.0
J01,-180.0
J01,-314.0
J01,-333.0
J01,-340.0
J01,-345.0
J01,-355.0
J01,-264.0
J01,-306.0
J01,-305.0
J01,-330.0
J01,-302.0
J01,-332.0
J01,-344.5
J01,-350.0
J01,-351.0
J01,-360.0
J01,-360.0
J01,-360.0
J01,-360.0
J01,-360.0
J01,-360.0
J01,-360.0
J01,6870.5
J01,4326.5
J01,-39.0
J01,96.0
J01,-289.0
J01,-301.0
J01,-312.0
J01,-327.0
J01,-340.0
J01,-341.5
J01,-352.0
J01,-277.5
J01,-149.0
J01,-300.0
J01,-300.5
J01,-312.5
J01,-328.0
J01,-340.0
J01,-340.0
J01,-340.0
J01,-341.5
J01,-350.0
J01,-248.0
J01,-99.5
J01,-305.0
J01,-311.0
J01,-321.5
J01,-274.0
J01,-294.5
J01,-325.0
J01,-340.0
J01,-274.0
J01,-255.0
J01,-300.0
J01,-303.0
J01,-313.0
J01,-298.0
J01,-298.0
J01,-320.0
J01,-289.0
J01,-279.0
J01,-300.0
J01,-309.5
J01,-328.0
J01,-340.0
J01,-341.5
J01,-260.5
J01,-220.5
J01,-300.0
J01,-302.5
J01,-310.0
J01,-310.0
J01,-277.5
J01,-301.5
J01,-312.5
J01,-325.0
J01,-335.0
J01,-340.0
J01,-345.5
J01,-263.5
J01,-177.0
J01,-300.0
J01,-300.0
J01,-300.0
J01,-300.0
J01,-300.5
J01,-305.0
J01,-320.0
J01,-322.0
J01,-330.0
J01,-332.5
J01,-340.0
J01,-340.0
J01,-142.5
J01,-272.5
J01,-314.0
J01,-320.0
J01,-320.0
J01,-320.0
J01,-320.0
J01,-257.5
J01,-256.0
J01,-313.0
J01,-326.5
J01,-345.5
J01,-360.0
J01,-360.0
J01,-360.0
J01,-360.0
J01,-360.0
J01,-100.0
J01,-103.5
J01,-310.0
J01,-313.0
J01,-323.5
J01,-330.0
J01,-330.0
J01,-330.0
J01,-330.0
J01,-133.0
J01,-310.0
J01,-310.5
J01,-324.5
J01,-340.0
J01,-259.0
J01,-255.5
J01,-300.0
J01,-300.0
J01,-300.0
J01,-300.0
J01,-300.0
J01,-304.0
J01,-320.0
J01,-320.0
J01,-323.5
J01,-333.5
J01,-352.5
J01,-360.0
J01,-360.0
J01,-142.5
J01,-184.0
J01,-300.0
J01,-300.0
J01,-306.5
J01,-325.0
J01,-347.0
J01,-360.0
J01,-360.0
J01,-360.0
J01,-360.0
J01,-360.0
J01,-360.0
J01,-360.0
J01,-153.5
J01,51.0
J01,-310.0
J01,-312.5
J01,-323.0
J01,-330.0
J01,-337.0
J01,-350.0
J01,-204.5
J01,-259.5
J01,-347.0
J01,-360.0
J01,-360.0
J01,-360.0
J01,-360.0
J01,-360.0
J01,-197.0
J01,-28.5
J01,-300.0
J01,-300.0
J01,-300.0
J01,-302.5
J01,-321.0
J01,-336.0
J01,-352.5
J01,-360.0
J01,-360.0
J01,-360.0
J01,-156.5
J01,-151.5
J01,-300.0
J01,-300.0
J01,-300.0
J01,-304.5
J01,-310.0
J01,-310.0
J01,-276.5
J01,-311.0
J01,-325.0
J01,-330.0
J01,-333.0
J01,-340.0
J01,-340.0
J01,-344.0
J01,-198.0
J01,-178.0
J01,-300.5
J01,-310.0
J01,-310.0
J01,-310.0
J01,-313.0
J01,-327.0
J01,-345.0
J01,-351.5
J01,-236.5
J01,-200.5
J01,-310.0
J01,-315.0
J01,-320.0
J01,-251.0
J01,-304.5
J01,-310.0
J01,-310.0
J01,-313.0
J01,-275.5
J01,-287.0
J01,-302.0
J01,-311.0
J01,-320.0
J01,-320.0
J01,-247.0
J01,-304.0
J01,-324.5
J01,-330.0
J01,-330.0
J01,-211.5
J01,-300.0
J01,-304.5
J01,-310.0
J01,-314.0
J01,-320.0
J01,-323.0
J01,-228.5
J01,-304.5
J01,-317.0
J01,-331.5
J01,-347.0
J01,-360.0
J01,-218.5
J01,-221.5
J01,-300.0
J01,-301.0
J01,-311.5
J01,-320.0
J01,-289.0
J01,-283.0
J01,-320.5
J01,-344.5
J01,-354.0
J01,-360.0
J01,-228.0
J01,-188.5
J01,-300.0
J01,-300.0
J01,-300.0
J01,-300.0
J01,-300.0
J01,-300.0
J01,-302.5
J01,-315.0
J01,-330.0
J01,-337.5
J01,-350.0
J01,-253.0
J01,-215.5
J01,-310.0
J01,-310.0
J01,-310.0
J01,-266.5
J01,-300.5
J01,-314.5
J01,-330.0
J01,-333.5
J01,-221.5
J01,-300.0
J01,-300.0
J01,-300.0
J01,-300.0
J01,-300.0
J01,-300.0
J01,-303.5
J01,-323.5
J01,-332.0
J01,-340.5
J01,-352.0
J01,-256.5
J01,-192.0
J01,-300.0
J01,-305.0
J01,-310.0
J01,-310.0
J01,-275.0
J01,-304.0
J01,-312.0
J01,-320.0
J01,-320.0
J01,-322.5
J01,-334.5
J01,-276.0
J01,-211.0
J01,-300.5
J01,-310.0
J01,-310.0
J01,-311.5
J01,-268.0
J01,-304.0
J01,-314.0
J01,-323.5
J01,-333.0
J01,-354.5
J01,-360.0
J01,-360.0
J01,-360.0
J01,-360.0
J01,-360.0
J01,-162.0
J01,-9.0
J01,-300.0
J01,-301.5
J01,-313.0
J01,-320.0
J01,-290.0
J01,-288.0
J01,-325.0
J01,-343.5
J01,-353.5
J01,-360.0
J01,-360.0
J01,-360.0
J01,-225.0
J01,-60.5
J01,-300.0
J01,-300.5
J01,-314.0
J01,-320.0
J01,-320.0
J01,-320.0
J01,-320.5
J01,-209.5
J01,-322.0
J01,-334.5
J01,-350.0
J01,-360.0
J01,-360.0
J01,-360.0
J01,-360.0
J01,-123.5
J01,-125.5
J01,-300.0
J01,-300.0
J01,-300.0
J01,-301.0
J01,-310.0
J01,-310.0
J01,-312.5
J01,-320.0
J01,-321.5
J01,-336.5
J01,-350.0
J01,-354.5
J01,-206.5
J01,-177.5
J01,-303.0
J01,-310.0
J01,-310.0
J01,-280.5
J01,-322.0
J01,-342.5
J01,-350.5
J01,-360.0
J01,-360.0
J01,-185.0
J01,-180.5
J01,-310.0
J01,-310.0
J01,-310.0
J01,-310.0
J01,-256.0
J01,-304.5
J01,-313.0
J01,-324.0
J01,-272.5
J01,-286.0
J01,-300.0
J01,-300.0
J01,-303.5
J01,-310.0
J01,-313.5
J01,-273.0
J01,-300.0
J01,-300.0
J01,-306.5
J01,-320.5
J01,-330.0
J01,-274.5
J01,-268.5
J01,-300.0
J01,-300.0
J01,-300.0
J01,-300.0
J01,-300.0
J01,-300.0
J01,-300.0
J01,-300.0
J01,-300.0
J01,-300.0
J01,-300.0
J01,-300.0
J01,-300.0
J01,-300.0
J01,-300.0
J01,-300.0
J01,-300.0
J01,-300.0
J01,-302.0
J01,-310.0
J01,-311.5
J01,-320.0
J01,-324.0
J01,-330.0
J01,-334.5
J01,-350.0
J01,-350.0
J01,-350.5
J01,-360.0
J01,-82.5
J01,-175.0
J01,-300.0
J01,-300.0
J01,-300.0
J01,-301.5
J01,-314.0
J01,-325.5
J01,-341.0
J01,-354.5
J01,-360.0
J01,-244.5
J01,-159.5
J01,-311.5
J01,-320.0
J01,-320.0
J01,-322.5
J01,-240.5
J01,-298.5
J01,-324.0
J01,-340.0
J01,-345.0
J01,-350.0
J01,-262.5
J01,-165.0
J01,-300.0
J01,-305.5
J01,-320.0
J01,-320.0
J01,-320.0
J01,-275.5
J01,-263.5
J01,-317.5
J01,-332.0
J01,-342.0
J01,-350.0
J01,-353.0
J01,-208.5
J01,-307.0
J01,-250.0
J01,-248.5
J01,-320.0
J01,-320.0
J01,-320.0
J01,-325.0
J01,0.0
J01,0.0
J01,0.0
J01,-6.5
J01,-20.5
J01,2.0
J01,-19.0
J01,-24.0
J01,-31.5
J01,-92.0
J01,-114.0
J01,-196.5
J01,57.5
J01,-34.0
J01,-137.0
J01,-183.5
J01,103.5
J01,111.5
J01,-94.0
J01,-182.5
J01,-254.5
J01,93.5
J01,7.0
J01,-8.0
J01,-168.0
J01,-215.5
J01,-285.0
J01,-279.0
J01,-325.0
J01,-244.0
J01,-192.5
J01,193.5
J01,119.5
J01,146.0
J01,309.0
J01,196.5
J01,34.5
J01,55.5
J01,-185.5
J01,-28.0
J01,-112.0
J01,-129.0
J01,-69.0
J01,-1.0
J01,-92.0
J01,-102.5
J01,-80.5
J01,-142.5
J01,-173.0
J01,-56.5
J01,-75.5
J01,-125.5
J01,359.0
J01,-188.5
J01,-312.0
J01,-296.0
J01,-304.0
J01,-340.0
J01,-340.0
J01,-342.5
J01,-297.0
J01,-330.0
J01,-330.0
J01,-335.0
J01,-340.0
J01,10.5
J01,-233.0
J01,-350.0
J01,-350.0
J01,-350.0
J01,-350.0
J01,-350.0
J01,-350.0
J01,-350.0
J01,-350.0
J01,-350.0
J01,-350.0
J01,756.5
J01,1037.5
J01,153.0
J01,-114.0
J01,-288.0
J01,-295.0
J01,-300.0
J01,-300.0
J01,-300.0
J01,-248.5
J01,-309.0
J01,-333.5
J01,-345.0
J01,-350.0
J01,-350.0
J01,-350.0
J01,-350.0
J01,-204.0
J01,-180.0
J01,-126.0
J01,-291.0
J01,-301.5
J01,-317.0
J01,-330.0
J01,-330.0
J01,-279.0
J01,-268.5
J01,-258.0
J01,-248.5
J01,-276.5
J01,-290.0
J01,-290.0
J01,-291.0
J01,-289.0
J01,-290.0
J01,-290.0
J01,-290.0
J01,-290.0
J01,-290.0
J01,-290.0
J01,-293.0
J01,-302.5
J01,-320.5
J01,-340.0
J01,-340.0
J01,-343.5
J01,-350.0
J01,-138.5
J01,-184.0
J01,-300.0
J01,-300.0
J01,-300.0
J01,-300.0
J01,-300.0
J01,-239.0
J01,-302.5
J01,-313.5
J01,-326.5
J01,-345.0
J01,-350.0
J01,-350.0
J01,-350.0
J01,-196.5
J01,-194.0
J01,-325.5
J01,-345.0
J01,-350.0
J01,-350.0
J01,-145.0
J01,-120.0
J01,-310.0
J01,-256.0
J01,-301.0
J01,-314.5
J01,-330.0
J01,-332.5
J01,-340.0
J01,-340.5
J01,-350.0
J01,-350.0
J01,-350.0
J01,-350.0
J01,-167.0
J01,46.0
J01,-290.0
J01,-290.5
J01,-302.0
J01,-315.5
J01,-330.0
J01,-330.0
J01,-330.0
J01,-330.0
J01,-197.5
J01,-184.5
J01,-292.0
J01,-304.0
J01,-323.0
J01,-331.5
J01,-340.0
J01,-266.5
J01,-173.0
J01,-290.0
J01,-298.0
J01,-319.0
J01,-350.5
J01,-360.0
J01,-360.0
J01,-213.0
J01,-141.0
J01,-302.0
J01,-314.0
J01,-334.5
J01,-350.0
J01,-350.0
J01,-226.5
J01,-141.5
J01,-290.0
J01,-290.0
J01,-290.0
J01,-290.0
J01,-290.0
J01,-291.5
J01,-301.0
J01,-321.0
J01,-350.0
J01,-350.0
J01,-350.0
J01,-243.5
J01,-113.0
J01,-290.0
J01,-290.0
J01,-290.0
J01,-290.5
J01,-300.0
J01,-300.0
J01,-269.5
J01,-290.0
J01,-297.5
J01,-311.5
J01,-324.5
J01,-331.5
J01,-252.5
J01,-222.5
J01,-290.0
J01,-290.0
J01,-290.0
J01,-291.0
J01,-301.5
J01,-310.5
J01,-267.5
J01,-279.5
J01,-290.0
J01,-291.0
J01,-290.5
J01,-305.0
J01,-311.5
J01,-323.5
J01,-330.0
J01,-330.0
J01,-330.0
J01,-332.5
J01,-186.5
J01,-172.5
J01,-300.0
J01,-300.0
J01,-300.0
J01,-300.0
J01,-304.0
J01,-224.5
J01,-307.5
J01,-320.0
J01,-320.0
J01,-324.5
J01,-335.0
J01,-343.0
J01,-119.0
J01,-262.0
J01,-300.0
J01,-302.5
J01,-310.0
J01,-315.0
J01,-210.0
J01,-291.5
J01,-302.0
J01,-310.0
J01,-311.5
J01,-325.0
J01,-246.5
J01,-243.5
J01,-290.0
J01,-290.0
J01,-290.0
J01,-290.0
J01,-292.0
J01,-301.5
J01,-312.0
J01,-276.0
J01,-268.5
J01,-294.5
J01,-285.5
J01,-291.0
J01,-304.0
J01,-329.5
J01,-350.0
J01,-350.0
J01,-224.5
J01,-181.0
J01,-290.0
J01,-290.0
J01,-290.0
J01,-293.5
J01,-286.5
J01,-295.0
J01,-312.5
J01,-320.0
J01,-325.0
J01,-330.0
J01,-332.5
J01,-340.0
J01,-195.0
J01,-160.0
J01,-290.0
J01,-292.0
J01,-300.0
J01,-304.5
J01,-278.5
J01,-290.5
J01,-321.0
J01,-330.0
J01,-255.5
J01,-238.0
J01,-290.0
J01,-290.0
J01,-290.0
J01,-290.0
J01,-296.0
J01,-314.5
J01,-321.5
J01,-334.5
J01,-345.0
J01,-199.5
J01,-219.0
J01,-290.0
J01,-290.0
J01,-293.5
J01,-300.0
J01,-276.5
J01,-290.0
J01,-297.0
J01,-316.5
J01,-331.0
J01,-340.0
J01,-253.0
J01,-202.5
J01,-290.0
J01,-290.5
J01,-300.0
J01,-300.0
J01,-300.0
J01,-300.0
J01,-300.0
J01,-300.0
J01,-229.5
J01,-291.5
J01,-300.0
J01,-305.0
J01,-310.0
J01,-268.5
J01,-265.0
J01,-290.5
J01,-304.0
J01,-320.0
J01,-320.0
J01,-327.0
J01,-344.0
J01,-350.0
J01,-350.0
J01,-153.5
J01,-141.0
J01,-290.0
J01,-293.0
J01,-301.5
J01,-310.0
J01,-258.5
J01,-300.0
J01,-300.0
J01,-304.5
J01,-314.5
J01,-333.0
J01,-345.0
J01,-350.0
J01,-212.5
J01,-147.5
J01,-290.0
J01,-290.0
J01,-290.0
J01,-290.0
J01,-290.0
J01,-291.0
J01,-302.5
J01,-327.0
J01,-350.0
J01,-350.0
J01,-350.0
J01,-350.0
J01,-350.0
J01,-136.5
J01,-93.0
J01,-291.5
J01,-305.0
J01,-328.0
J01,-345.0
J01,-350.0
J01,-350.0
J01,-208.5
J01,-142.0
J01,-290.0
J01,-291.5
J01,-300.0
J01,-300.0
J01,-300.0
J01,-259.0
J01,-301.0
J01,-313.5
J01,-330.0
J01,-330.0
J01,-331.0
J01,-268.5
J01,-159.5
J01,-302.0
J01,-315.0
J01,-320.0
J01,-220.0
J01,-300.0
J01,-305.0
J01,-324.0
J01,-330.0
J01,-333.0
J01,-345.0
J01,-350.0
J01,-350.0
J01,-121.5
J01,-140.5
J01,-290.0
J01,-290.0
J01,-290.0
J01,-290.0
J01,-290.0
J01,-292.0
J01,-300.0
J01,-300.0
J01,-300.0
J01,-304.0
J01,-314.0
J01,-320.0
J01,-190.0
J01,-294.0
J01,-300.0
J01,-276.0
J01,-290.5
J01,-300.0
J01,-307.5
J01,-320.0
J01,-257.0
J01,-265.0
J01,-290.0
J01,-290.0
J01,-290.0
J01,-290.0
J01,-290.0
J01,-290.0
J01,-290.0
J01,-290.0
J01,-290.0
J01,-298.5
J01,-315.0
J01,-320.5
J01,-330.0
J01,-330.0
J01,-334.5
J01,-342.0
J01,-350.0
J01,-350.0
J01,-350.0
J01,-350.0
J01,16062.5
J01,15605.0
J01,-8.0
J01,64.5
J01,-184.5
J01,-315.5
J01,-316.5
J01,-334.5
J01,-383.5
J01,-332.5
J01,-356.0
J01,-380.0
J01,-139.0
J01,-340.0
J01,-345.0
J01,-352.5
J01,-360.0
J01,-224.5
J01,-308.0
J01,-340.0
J01,-340.0
J01,-53.5
J01,-176.5
J01,-310.0
J01,-314.5
J01,-246.0
J01,-294.0
J01,-316.0
J01,-339.0
J01,-350.0
J01,-350.0
J01,-350.0
J01,-187.0
J01,-213.5
J01,-312.0
J01,-321.5
J01,-268.0
J01,-299.0
J01,-329.5
J01,-350.0
J01,-355.0
J01,-275.0
J01,-179.5
J01,-300.0
J01,-300.0
J01,-300.0
J01,-300.0
J01,-310.5
J01,-335.0
J01,-350.0
J01,-350.0
J01,-260.5
J01,-196.5
J01,-310.0
J01,-310.0
J01,-310.0
J01,-311.0
J01,-320.0
J01,-320.0
J01,-217.5
J01,-311.0
J01,-322.5
J01,-337.5
J01,-350.0
J01,-350.5
J01,-248.0
J01,-179.5
J01,-300.0
J01,-300.0
J01,-300.0
J01,-300.0
J01,-300.0
J01,-300.0
J01,-305.5
J01,-320.0
J01,-321.5
J01,-339.0
J01,-360.0
J01,-360.0
J01,-220.5
J01,-173.5
J01,-300.0
J01,-300.0
J01,-300.0
J01,-300.0
J01,-300.0
J01,-300.0
J01,-300.0
J01,-310.0
J01,-330.5
J01,-340.0
J01,-340.0
J01,-342.0
J01,-241.0
J01,-199.5
J01,-311.0
J01,-320.0
J01,-320.0
J01,-320.0
J01,-226.0
J01,-305.0
J01,-330.5
J01,-303.0
J01,-263.5
J01,-312.0
J01,-321.5
J01,-330.0
J01,-330.0
J01,-236.0
J01,-270.0
J01,-311.0
J01,-320.0
J01,-323.5
J01,-335.0
J01,-275.0
J01,-256.5
J01,-326.0
J01,-343.0
J01,-350.0
J01,-354.0
J01,-360.0
J01,-360.0
J01,-197.5
J01,-87.0
J01,-300.0
J01,-308.0
J01,-320.0
J01,-320.0
J01,-320.0
J01,-233.5
J01,-313.0
J01,-320.0
J01,-320.0
J01,-324.0
J01,-333.5
J01,-345.5
J01,-254.5
J01,-188.0
J01,-300.0
J01,-300.0
J01,-300.0
J01,-300.0
J01,-300.0
J01,-300.0
J01,-303.5
J01,-316.0
J01,-335.5
J01,-350.0
J01,-287.5
J01,-220.0
J01,-310.0
J01,-315.0
J01,-320.0
J01,-323.5
J01,-219.0
J01,-303.5
J01,-310.0
J01,-314.5
J01,-325.0
J01,-286.5
J01,-265.5
J01,-310.0
J01,-310.0
J01,-312.5
J01,-320.0
J01,-320.0
J01,-222.5
J01,-303.0
J01,-310.5
J01,-320.0
J01,-320.0
J01,-320.0
J01,-226.5
J01,-302.5
J01,-310.0
J01,-313.5
J01,-320.0
J01,-320.0
J01,-234.0
J01,-307.0
J01,-320.5
J01,-330.0
J01,-333.0
J01,-209.5
J01,-300.0
J01,-300.0
J01,-300.0
J01,-300.0
J01,-300.0
J01,-300.0
J01,-300.0
J01,-300.0
J01,-300.0
J01,-300.0
J01,-302.5
J01,-310.0
J01,-310.5
J01,-327.5
J01,-283.5
J01,-266.0
J01,-300.0
J01,-300.0
J01,-300.0
J01,-300.0
J01,-300.0
J01,-300.0
J01,-304.0
J01,-310.0
J01,-314.5
J01,-326.0
J01,-271.5
J01,-274.0
J01,-300.0
J01,-300.0
J01,-300.0
J01,-300.0
J01,-300.0
J01,-300.0
J01,-300.0
J01,-301.0
J01,-311.5
J01,-323.5
J01,-343.5
J01,-355.0
J01,-276.0
J01,-189.5
J01,-304.5
J01,-310.0
J01,-311.0
J01,-274.5
J01,-304.5
J01,-323.0
J01,-331.0
J01,-340.5
J01,-295.5
J01,-209.5
J01,-310.0
J01,-286.0
J01,-304.0
J01,-310.0
J01,-312.0
J01,-320.0
J01,-323.5
J01,-276.0
J01,-254.5
J01,-300.0
J01,-300.0
J01,-300.0
J01,-303.5
J01,-296.5
J01,-303.0
J01,-310.0
J01,-314.0
J01,-325.5
J01,-346.5
J01,-360.0
J01,-253.0
J01,-188.0
J01,0.0
J01,0.0
J01,-3.5
J01,-27.5
J01,-66.0
J01,-86.0
J01,-120.0
J01,-156.0
J01,-20.0
J01,-134.0
J01,184.0
J01,81.0
J01,-18.5
J01,37.0
J01,-68.5
J01,-22.0
J01,11.0
J01,-28.5
J01,-99.5
J01,-110.5
J01,-213.0
J01,13.5
J01,305.5
J01,-109.0
J01,-156.5
J01,-209.0
J01,-284.0
J01,-330.0
J01,-330.0
J01,-330.0
J01,-330.0
J01,-330.0
J01,-330.0
J01,-330.5
J01,-340.0
J01,-340.0
J01,-85.5
J01,-320.0
J01,-320.0
J01,-320.0
J01,-320.0
J01,-320.0
J01,-320.0
J01,-320.0
J01,-320.0
J01,-320.0
J01,-320.0
J01,-320.0
J01,-320.0
J01,55.0
J01,-312.5
J01,-320.0
J01,-323.0
J01,-330.0
J01,-330.0
J01,-330.0
J01,-330.0
J01,-330.0
J01,-330.0
J01,-330.0
J01,-330.0
J01,424.5
J01,50.5
J01,626.0
J01,281.0
J01,267.0
J01,-250.0
J01,-251.5
J01,-265.0
J01,-285.0
J01,-290.0
J01,-290.0
J01,-290.0
J01,-290.0
J01,-290.0
J01,427.5
J01,374.5
J01,-268.0
J01,-290.0
J01,-290.0
J01,-290.0
J01,-290.0
J01,-290.0
J01,-290.0
J01,-290.0
J01,105.0
J01,90.5
J01,-287.5
J01,-307.5
J01,-320.0
J01,-181.0
J01,-167.5
J01,-260.0
J01,-263.0
J01,-278.0
J01,-290.0
J01,105.0
J01,-57.5
J01,-234.5
J01,-218.0
J01,-217.0
J01,-230.0
J01,-233.5
J01,-240.0
J01,-240.0
J01,-242.5
J01,-256.0
J01,-289.0
J01,-310.0
J01,-310.0
J01,-310.0
J01,-310.0
J01,-310.0
J01,-310.0
J01,-53.0
J01,187.0
J01,-144.0
J01,-128.5
J01,-220.0
J01,-220.0
J01,-220.0
J01,-223.0
J01,-230.0
J01,-230.0
J01,-230.0
J01,-231.5
J01,-248.5
J01,-276.0
J01,-293.5
J01,-300.0
J01,-300.0
J01,-300.0
J01,-300.0
J01,-95.5
J01,-112.0
J01,70.0
J01,-220.0
J01,-221.0
J01,-221.5
J01,-238.5
J01,-256.0
J01,-275.0
J01,-169.0
J01,-163.0
J01,-230.0
J01,-236.0
J01,-250.0
J01,-253.5
J01,-260.0
J01,-260.0
J01,-260.0
J01,-265.0
J01,-270.0
J01,-270.0
J01,43.5
J01,-129.0
J01,-241.5
J01,-252.5
J01,-260.0
J01,-260.0
J01,-260.0
J01,-260.0
J01,-260.0
J01,-24.5
J01,-164.0
J01,-242.5
J01,-257.0
J01,-270.0
J01,-270.0
J01,-273.0
J01,-280.0
J01,-280.0
J01,-280.0
J01,-280.0
J01,-282.5
J01,-300.0
J01,-158.0
J01,59.5
J01,-260.0
J01,-268.0
J01,-284.5
J01,-292.0
J01,-300.0
J01,124.5
J01,-14.5
J01,-240.0
J01,-242.5
J01,-251.0
J01,-263.5
J01,-280.0
J01,-280.0
J01,-105.0
J01,-83.5
J01,-220.0
J01,-220.0
J01,-220.0
J01,-220.0
J01,-220.0
J01,-221.0
J01,-230.0
J01,-230.0
J01,-230.0
J01,-232.5
J01,-255.0
J01,-265.0
J01,-274.0
J01,-286.5
J01,-300.0
J01,-300.0
J01,-300.0
J01,-300.0
J01,-53.0
J01,-79.5
J01,-250.0
J01,-255.0
J01,-260.0
J01,-260.0
J01,-260.0
J01,-264.0
J01,-270.0
J01,-270.0
J01,-270.0
J01,-270.0
J01,286.5
J01,-43.0
J01,-235.0
J01,-240.0
J01,-240.0
J01,-240.0
J01,-241.5
J01,-250.0
J01,-254.5
J01,-260.0
J01,-262.0
J01,-280.0
J01,-280.0
J01,28.5
J01,-146.5
J01,-243.5
J01,-268.0
J01,-283.5
J01,-295.5
J01,-310.0
J01,-310.0
J01,-310.0
J01,-313.5
J01,-320.0
J01,-320.0
J01,-320.0
J01,74.5
J01,-238.5
J01,-278.0
J01,-280.0
J01,-280.0
J01,37.0
J01,339.5
J01,-231.5
J01,-242.0
J01,-256.0
J01,-283.5
J01,-290.0
J01,-291.0
J01,-302.0
J01,-310.0
J01,-310.0
J01,-310.0
J01,-310.0
J01,-310.5
J01,-320.0
J01,-117.0
J01,139.0
J01,-260.0
J01,-260.0
J01,-264.0
J01,-270.0
J01,-270.0
J01,-270.0
J01,-270.0
J01,-270.0
J01,-270.0
J01,-270.0
J01,476.0
J01,1.0
J01,-240.0
J01,-240.0
J01,-240.0
J01,-240.0
J01,-242.5
J01,-250.0
J01,-254.0
J01,-270.0
J01,-270.0
J01,-270.0
J01,-274.5
J01,-286.5
J01,-300.0
J01,74.5
J01,-84.0
J01,-270.0
J01,-166.5
J01,-145.5
J01,-230.0
J01,-235.0
J01,-240.0
J01,-240.0
J01,-142.0
J01,-223.0
J01,-232.0
J01,-243.5
J01,-267.0
J01,-280.0
J01,-280.0
J01,-280.0
J01,-280.0
J01,-280.0
J01,-280.0
J01,-280.0
J01,-284.0
J01,-276.0
J01,-280.0
J01,-5.0
J01,248.5
J01,-230.0
J01,-235.0
J01,-250.0
J01,-250.0
J01,-250.0
J01,-146.5
J01,-191.0
J01,-246.5
J01,-260.0
J01,-265.5
J01,-280.0
J01,-280.0
J01,-280.0
J01,-280.0
J01,-280.0
J01,-280.0
J01,-280.0
J01,-280.0
J01,-280.0
J01,-280.0
J01,-280.0
J01,-280.0
J01,-280.0
J01,236.5
J01,230.0
J01,-220.0
J01,-220.5
J01,-237.0
J01,-256.0
J01,-274.0
J01,-280.0
J01,-280.0
J01,-280.0
J01,-280.0
J01,-280.0
J01,-280.0
J01,-280.0
J01,-280.0
J01,-280.0
J01,-280.0
J01,-280.0
J01,-280.0
J01,-280.0
J01,-280.0
J01,-280.0
J01,-280.0
J01,115.5
J01,512.0
J01,-220.0
J01,-227.5
J01,-259.5
J01,-296.0
J01,-323.5
J01,-330.0
J01,-333.0
J01,-340.0
J01,-340.0
J01,-340.0
J01,-340.0
J01,-340.0
J01,-340.0
J01,16.0
J01,-187.5
J01,-317.5
J01,-340.0
J01,-340.0
J01,-340.0
J01,-340.0
J01,66.0
J01,-122.5
J01,-280.0
J01,-280.0
J01,-285.0
J01,-300.0
J01,-300.0
J01,-300.0
J01,-300.0
J01,-300.0
J01,-300.0
J01,-300.0
J01,603.5
J01,607.5
J01,-262.0
J01,-112.5
J01,-102.0
J01,-249.5
J01,-280.0
J01,-280.0
J01,-280.0
J01,-280.0
J01,-280.0
J01,-280.0
J01,-120.0
J01,75.0
J01,-220.0
J01,-220.0
J01,-220.0
J01,-220.0
J01,-220.0
J01,-220.0
J01,-220.0
J01,-220.0
J01,-220.0
J01,-222.5
J01,-232.0
J01,-247.0
J01,-260.0
J01,-260.0
J01,-264.5
J01,-270.0
J01,-273.0
J01,-284.0
J01,-290.0
J01,-266.0
J01,-280.0
J01,-280.0
J01,-280.0
J01,-280.0
J01,-280.0
J01,-280.0
J01,-280.0
J01,-280.0
J01,-280.0
J01,-280.0
J01,-280.0
J01,-280.0
J01,-280.0
J01,-280.0
J01,-280.0
J01,-280.0
J01,-280.0
J01,-280.0
J01,539.0
J01,-19.0
J01,-257.0
J01,-280.0
J01,-280.0
J01,-280.0
J01,-280.0
J01,-280.0
J01,-280.0
J01,167.0
J01,359.0
J01,-220.0
J01,-221.5
J01,-230.0
J01,-239.0
J01,-250.0
J01,-250.0
J01,-130.5
J01,-234.5
J01,-260.5
J01,-280.0
J01,-280.0
J01,-280.0
J01,-121.0
J01,-83.0
J01,-220.0
J01,-223.0
J01,-230.0
J01,-233.5
J01,-241.0
J01,-252.0
J01,-265.0
J01,-289.5
J01,-315.0
J01,-323.0
J01,-98.5
J01,-219.0
J01,-280.0
J01,-280.0
J01,-280.0
J01,-280.0
J01,-280.5
J01,-290.0
J01,-290.0
J01,-290.0
J01,-290.0
J01,15.0
J01,96.0
J01,-256.0
J01,-275.0
J01,-280.0
J01,-280.0
J01,-280.0
J01,-6.0
J01,136.0
J01,-220.0
J01,-225.0
J01,-219.5
J01,-244.5
J01,-266.0
J01,-280.0
J01,-280.0
J01,-280.0
J01,-280.0
J01,-280.0
J01,-44.0
J01,-21.0
J01,-222.0
J01,-247.0
J01,-276.5
J01,-290.0
J01,-290.0
J01,-290.0
J01,-247.5
J01,-138.0
J01,21.0
J01,-220.0
J01,-220.0
J01,-220.0
J01,-220.0
J01,-223.5
J01,-216.5
J01,-225.5
J01,-243.5
J01,-267.0
J01,-280.0
J01,-280.0
J01,-280.0
J01,-280.0
J01,-280.0
J01,-280.0
J01,-280.0
J01,-280.0
J01,-280.0
J01,-280.0
J01,-280.0
J01,136.0
J01,-125.0
J01,-267.5
J01,-291.0
J01,-300.0
J01,-304.5
J01,-21.5
J01,8.0
J01,-260.0
J01,-114.5
J01,-158.5
J01,-229.5
J01,-196.0
J01,-220.0
J01,-221.0
J01,-234.5
J01,-246.0
J01,-267.5
J01,-284.0
J01,-303.0
J01,-234.5
J01,-245.5
J01,-280.0
J01,-280.0
J01,-280.0
J01,-96.0
J01,112.0
J01,-220.0
J01,-223.0
J01,-217.0
J01,-224.0
J01,-241.0
J01,-264.5
J01,-270.0
J01,-270.0
J01,-270.0
J01,-151.5
J01,-73.5
J01,-230.0
J01,-230.0
J01,-230.0
J01,-230.0
J01,-233.0
J01,-240.0
J01,-240.0
J01,-246.5
J01,-245.0
J01,-228.5
J01,-240.0
J01,-240.0
J01,-240.0
J01,-240.5
J01,1.0
J01,-255.5
J01,-270.0
J01,-270.0
J01,-270.0
J01,-270.0
J01,-270.0
J01,-275.0
J01,-105.0
J01,12.0
J01,-230.0
J01,-233.0
J01,-240.0
J01,-246.5
J01,-265.5
J01,-282.5
J01,-295.5
J01,-310.0
J01,-310.0
J01,-310.0
J01,-310.0
J01,-314.0
J01,-320.0
J01,-320.0
J01,-320.0
J01,8.5
J01,48.0
J01,-260.0
J01,112.5
J01,-5.0
J01,-248.0
J01,-260.0
J01,-262.0
J01,-207.0
J01,-109.5
J01,-225.5
J01,-248.5
J01,-274.0
J01,-280.0
J01,-285.0
J01,-293.5
J01,-184.5
J01,-86.5
J01,-255.5
J01,-275.0
J01,-280.0
J01,-280.0
J01,-280.0
J01,-280.0
J01,-280.0
J01,-280.0
J01,-280.0
J01,-280.0
J01,-280.0
J01,137.0
J01,171.0
J01,-220.0
J01,-220.0
J01,-220.5
J01,-231.5
J01,-246.0
J01,-266.0
J01,-280.0
J01,-280.0
J01,-280.0
J01,-280.0
J01,-280.0
J01,-280.0
J01,-280.0
J01,-84.5
J01,148.5
J01,-220.0
J01,-220.0
J01,-224.5
J01,-241.5
J01,-256.5
J01,-271.0
J01,-280.0
J01,-280.0
J01,-280.0
J01,-33.0
J01,-113.5
J01,-220.0
J01,-224.0
J01,-234.5
J01,-240.0
J01,-241.0
J01,-250.0
J01,-250.0
J01,-253.0
J01,-260.0
J01,-262.0
J01,-281.5
J01,-296.0
J01,-315.0
J01,-320.0
J01,-202.5
J01,-204.0
J01,219.0
J01,-129.0
J01,-242.5
J01,-250.0
J01,-250.0
J01,-250.0
J01,-250.0
J01,-76.5
J01,-232.0
J01,-249.5
J01,-270.0
J01,-273.5
J01,-280.0
J01,-280.0
J01,-280.0
J01,-62.0
J01,-50.5
J01,-222.0
J01,-240.0
J01,-245.5
J01,0.0
J01,0.0
J01,0.0
J01,-7.0
J01,-24.0
J01,-43.0
J01,-35.5
J01,-105.5
J01,-157.0
J01,-200.5
J01,-164.5
J01,-238.0
J01,-283.5
J01,-290.5
J01,-300.0
J01,-300.0
J01,-300.0
J01,-300.0
J01,-300.0
J01,-300.0
J01,452.5
J01,353.0
J01,-222.5
J01,-266.0
J01,554.5
J01,13.5
J01,-99.5
J01,-252.0
J01,-279.0
J01,-290.0
J01,-290.0
J01,-290.0
J01,-290.0
J01,-290.0
J01,-290.0
J01,-290.0
J01,-290.0
J01,-290.0
J01,-290.0
J01,503.0
J01,-261.5
J01,-273.0
J01,-280.0
J01,-280.0
J01,-284.5
J01,-290.0
J01,-290.0
J01,-290.0
J01,-290.0
J01,-290.0
J01,-290.0
J01,-290.0
J01,665.5
J01,593.0
J01,-107.0
J01,-230.5
J01,-240.5
J01,-252.5
J01,-268.5
J01,-290.0
J01,-290.0
J01,-290.0
J01,-290.0
J01,-290.0
J01,82.5
J01,-187.0
J01,-270.0
J01,-270.0
J01,-270.0
J01,-270.0
J01,-270.0
J01,-270.0
J01,-270.0
J01,-270.0
J01,-270.0
J01,-270.0
J01,-270.0
J01,314.0
J01,23.0
J01,-244.0
J01,-253.0
J01,-260.0
J01,-260.0
J01,-260.0
J01,-260.0
J01,-260.0
J01,-260.0
J01,-260.0
J01,-260.0
J01,-263.5
J01,-14.0
J01,-119.5
J01,-104.5
J01,-217.5
J01,-226.5
J01,-225.0
J01,-211.0
J01,-217.5
J01,-223.5
J01,-247.5
J01,-273.0
J01,-280.0
J01,-280.0
J01,-280.0
J01,-280.0
J01,-280.0
J01,-280.0
J01,-280.0
J01,-280.0
J01,-280.0
J01,3533.5
J01,2651.0
J01,65.0
J01,338.5
J01,-209.0
J01,-220.0
J01,-220.0
J01,-220.0
J01,-220.0
J01,-220.0
J01,-220.0
J01,-223.5
J01,-230.0
J01,-230.0
J01,-197.0
J01,-219.5
J01,-220.0
J01,-220.0
J01,-220.0
J01,-220.0
J01,-220.0
J01,-221.5
J01,-230.0
J01,-230.0
J01,-230.0
J01,-230.0
J01,-230.0
J01,-170.0
J01,-223.0
J01,-230.5
J01,-240.0
J01,-240.0
J01,-240.0
J01,-240.0
J01,-242.0
J01,-103.5
J01,-221.0
J01,-233.0
J01,-205.5
J01,-220.0
J01,-224.5
J01,-215.5
J01,-225.5
J01,-242.5
J01,-253.0
J01,-270.0
J01,-273.5
J01,-280.0
J01,-280.0
J01,-280.0
J01,-280.0
J01,-280.0
J01,-280.0
J01,7043.5
J01,3454.0
J01,-189.0
J01,-235.0
J01,-268.5
J01,-280.0
J01,-280.0
J01,-280.0
J01,-280.0
J01,-280.0
J01,-280.0
J01,-280.0
J01,-280.0
J01,-280.0
J01,4107.5
J01,2981.5
J01,-219.0
J01,-246.0
J01,-278.0
J01,-293.0
J01,-287.0
J01,-290.0
J01,-290.0
J01,-290.0
J01,-290.0
J01,-290.0
J01,-290.0
J01,-290.0
J01,-290.0
J01,-290.0
J01,-290.0
J01,-290.0
J01,-290.0
J01,-290.0
J01,583.5
J01,501.0
J01,183.0
J01,88.0
J01,-262.5
J01,-280.0
J01,-286.0
J01,-203.0
J01,-253.0
J01,-192.5
J01,-178.0
J01,-169.5
J01,-231.5
J01,-242.5
J01,-239.5
J01,-252.0
J01,-264.5
J01,-285.0
J01,-290.0
J01,-290.0
J01,-290.0
J01,-290.0
J01,-290.0
J01,-290.0
J01,-290.0
J01,5760.5
J01,3679.0
J01,51.0
J01,180.5
J01,-93.5
J01,-222.5
J01,-234.0
J01,-250.0
J01,-256.5
J01,-270.0
J01,-270.0
J01,-270.0
J01,-270.0
J01,-271.5
J01,-14.0
J01,-238.0
J01,-244.5
J01,-261.5
J01,-270.0
J01,-274.0
J01,-280.0
J01,-280.0
J01,-280.5
J01,-290.0
J01,-290.0
J01,-290.0
J01,-290.0
J01,117.0
J01,35.0
J01,-253.5
J01,-263.0
J01,-270.0
J01,-270.0
J01,-270.0
J01,15.0
J01,-45.0
J01,-233.5
J01,-240.0
J01,-240.0
J01,-240.0
J01,-240.0
J01,-126.0
J01,-219.0
J01,-220.0
J01,-220.0
J01,-223.5
J01,-230.0
J01,-230.0
J01,-230.5
J01,-242.5
J01,-251.0
J01,-261.5
J01,-274.0
J01,-280.0
J01,-280.0
J01,4967.5
J01,4577.5
J01,-16.5
J01,106.5
J01,-209.0
J01,-230.0
J01,-230.0
J01,-230.0
J01,-230.0
J01,-230.0
J01,-232.0
J01,-240.0
J01,-244.5
J01,-260.0
J01,-195.5
J01,-208.0
J01,-235.0
J01,-240.0
J01,-240.0
J01,-240.0
J01,-240.0
J01,-240.0
J01,-240.0
J01,-245.0
J01,-166.0
J01,-216.0
J01,-240.0
J01,-218.0
J01,-230.0
J01,-230.0
J01,-230.0
J01,-231.0
J01,-244.0
J01,-258.0
J01,-270.0
J01,-271.0
J01,-280.0
J01,-283.5
J01,-290.0
J01,-290.0
J01,-290.0
J01,-290.0
J01,-290.0
J01,4706.5
J01,1718.0
J01,-239.0
J01,-264.5
J01,-294.0
J01,-300.0
J01,-300.0
J01,-300.0
J01,-300.0
J01,-300.0
J01,-300.0
J01,-300.0
J01,-300.0
J01,6052.5
J01,1417.5
J01,2690.5
J01,4947.5
J01,871.0
J01,491.0
J01,-131.0
J01,-222.5
J01,-280.0
J01,-290.0
J01,-290.0
J01,-290.0
J01,-290.0
J01,-290.0
J01,-290.0
J01,-290.0
J01,-290.0
J01,659.5
J01,-261.5
J01,-273.0
J01,-280.0
J01,-280.0
J01,-280.0
J01,-280.0
J01,-280.0
J01,-280.0
J01,-280.0
J01,-280.0
J01,-280.0
J01,-280.0
J01,909.5
J01,269.0
J01,275.5
J01,-87.0
J01,-221.5
J01,-236.5
J01,-269.0
J01,-290.0
J01,-290.0
J01,-290.0
J01,-290.0
J01,-290.0
J01,-290.0
J01,-290.0
J01,-3.0
J01,-68.0
J01,-251.5
J01,-260.0
J01,-260.0
J01,-260.0
J01,-265.0
J01,-270.0
J01,-270.0
J01,-273.0
J01,-280.0
J01,-280.0
J01,-280.0
J01,130.0
J01,-27.0
J01,-241.5
J01,-250.0
J01,-253.0
J01,-260.0
J01,-260.0
J01,-260.0
J01,-260.0
J01,-260.0
J01,-261.0
J01,-270.0
J01,-270.0
J01,1.0
J01,-248.5
J01,-256.5
J01,-270.5
J01,-280.0
J01,-5.0
J01,-76.5
J01,-240.0
J01,-240.0
J01,-240.0
J01,-47.5
J01,-136.5
J01,-220.0
J01,-220.0
J01,-220.0
J01,-222.0
J01,-218.0
J01,-223.5
J01,-249.0
J01,-280.0
J01,-280.0
J01,-280.0
J01,-280.0
J01,-280.0
J01,-280.0
J01,-280.0
J01,-280.0
J01,-280.0
J01,-280.0
J01,3489.5
J01,3535.0
J01,-210.0
J01,-241.5
J01,-268.0
J01,-280.0
J01,-280.0
J01,-280.0
J01,-280.0
J01,-280.0
J01,-280.0
J01,-280.0
J01,-280.0
J01,3963.0
J01,1078.0
J01,-221.5
J01,-267.5
J01,-315.0
J01,-322.0
J01,-330.0
J01,-330.0
J01,-330.0
J01,-330.0
J01,-278.0
J01,-320.0
J01,-320.0
J01,-320.0
J01,-320.0
J01,-320.0
J01,-320.0
J01,-320.0
J01,-320.0
J01,-320.0
J01,-320.0
J01,-320.0
J01,826.5
J01,1128.5
J01,435.5
J01,-240.0
J01,-243.5
J01,-10.5
J01,-259.0
J01,-270.0
J01,-270.0
J01,-275.0
J01,-284.5
J01,-300.0
J01,-109.5
J01,-88.5
J01,-254.0
J01,-260.0
J01,-260.0
J01,-265.0
J01,-270.0
J01,-270.0
J01,-270.0
J01,-270.0
J01,-270.0
J01,-274.5
J01,152.0
J01,-219.0
J01,-254.0
J01,-260.0
J01,-199.0
J01,-237.0
J01,-203.5
J01,-234.0
J01,-226.5
J01,-233.5
J01,-218.5
J01,-236.5
J01,-263.0
J01,-290.0
J01,-290.0
J01,-290.0
J01,-290.0
J01,-290.0
J01,-290.0
J01,-290.0
J01,-290.0
J01,-290.0
J01,-290.0
J01,4809.0
J01,2188.0
J01,186.5
J01,204.5
J01,-224.0
J01,-230.0
J01,-230.0
J01,-230.0
J01,-230.0
J01,-235.0
J01,-240.0
J01,-240.0
J01,-240.0
J01,-240.0
J01,-74.5
J01,-220.0
J01,-220.0
J01,-220.0
J01,-220.0
J01,-220.0
J01,-221.5
J01,-230.0
J01,-230.0
J01,-231.5
J01,-240.0
J01,-240.0
J01,-240.0
J01,-168.5
J01,-178.5
J01,-220.0
J01,-220.0
J01,-220.0
J01,-220.0
J01,-220.0
J01,-220.0
J01,-220.0
J01,-222.0
J01,-220.5
J01,-230.0
J01,-230.0
J01,-234.0
J01,-241.5
J01,-252.0
J01,-263.5
J01,-272.0
J01,-280.0
J01,-280.0
J01,-280.0
J01,-280.0
J01,6511.5
J01,3163.0
J01,24.5
J01,63.0
J01,-152.0
J01,-240.5
J01,-254.0
J01,-249.5
J01,-262.0
J01,-270.0
J01,-270.0
J01,-128.5
J01,-185.5
J01,-240.0
J01,-240.0
J01,-240.0
J01,-244.5
J01,-143.5
J01,-230.0
J01,-235.5
J01,-224.5
J01,-230.0
J01,-230.0
J01,-230.0
J01,-233.5
J01,-240.0
J01,-244.5
J01,-260.0
J01,-268.5
J01,-280.0
J01,-280.0
J01,-280.0
J01,-283.0
J01,-290.0
J01,-290.0
J01,7195.0
J01,3510.0
J01,-227.0
J01,-258.0
J01,-285.5
J01,-302.0
J01,-310.0
J01,-310.0
J01,-310.0
J01,-310.0
J01,-310.0
J01,-310.0
J01,-310.0
J01,5881.0
J01,823.5
J01,645.5
J01,-213.0
J01,-239.5
J01,-246.0
J01,-254.5
J01,-267.5
J01,-280.0
J01,-280.0
J01,-280.0
J01,-280.0
J01,-283.5
J01,-129.5
J01,-202.5
J01,-259.5
J01,-272.5
J01,-280.0
J01,-280.0
J01,-280.0
J01,-280.0
J01,-280.0
J01,-280.0
J01,-280.0
J01,-280.0
J01,-282.5
J01,-15.0
J01,-149.0
J01,-270.0
J01,-271.5
J01,-280.0
J01,-280.0
J01,-280.0
J01,-280.0
J01,-280.0
J01,-280.0
J01,-280.0
J01,-280.0
J01,-280.0
J01,-36.5
J01,-150.5
J01,-260.0
J01,-260.0
J01,-260.0
J01,-260.0
J01,-260.0
J01,-260.0
J01,-260.0
J01,-260.0
J01,-260.0
J01,-260.0
J01,-260.0
J01,-139.0
J01,-249.0
J01,-250.0
J01,-250.0
J01,-250.0
J01,-250.0
J01,-250.0
J01,-250.0
J01,-250.0
J01,-250.0
J01,-252.5
J01,-264.5
J01,-284.0
J01,-304.0
J01,-310.0
J01,-310.0
J01,-310.0
J01,-310.0
J01,-310.0
J01,-310.0
J01,-310.0
J01,-310.0
J01,8630.5
J01,3703.5
J01,-240.5
J01,-281.0
J01,-294.5
J01,-300.0
J01,4830.0
J01,7260.0
J01,3132.5
J01,5.5
J01,-92.0
J01,-100.5
J01,-110.0
J01,-113.5
J01,-124.5
J01,-131.0
J01,-140.0
J01,-140.0
J01,951.0
J01,963.0
J01,-113.0
J01,-120.0
J01,-120.0
J01,-120.0
J01,-120.0
J01,-120.0
J01,-121.5
J01,-130.0
J01,-130.5
J01,-140.0
J01,-140.0
J01,1200.5
J01,-23.0
J01,-74.0
J01,-90.0
J01,0.0
J01,0.0
J01,0.0
J01,-10.0
J01,-32.0
J01,-48.5
J01,-14.5
J01,-103.0
J01,-138.5
J01,-182.0
J01,-9.5
J01,41.5
J01,-193.5
J01,-175.0
J01,-281.0
J01,-300.0
J01,-300.0
J01,-300.0
J01,-300.0
J01,-300.0
J01,-300.0
J01,-300.0
J01,-300.0
J01,-300.0
J01,462.5
J01,527.5
J01,-210.0
J01,-246.5
J01,-278.0
J01,-290.0
J01,-290.0
J01,-290.0
J01,-290.0
J01,-290.0
J01,-290.0
J01,-290.0
J01,-290.0
J01,428.0
J01,2.5
J01,-266.0
J01,-280.0
J01,-280.0
J01,119.5
J01,428.0
J01,-234.5
J01,-241.5
J01,-250.0
J01,-250.0
J01,-254.5
J01,-264.0
J01,-271.0
J01,-280.0
J01,-280.0
J01,-280.0
J01,41.0
J01,-190.5
J01,-263.5
J01,-270.0
J01,-270.0
J01,-270.0
J01,-270.0
J01,-270.0
J01,-270.0
J01,-270.0
J01,-270.0
J01,-270.0
J01,-270.0
J01,453.0
J01,-221.5
J01,-232.0
J01,-240.0
J01,-245.0
J01,-250.0
J01,-250.0
J01,-250.0
J01,-250.0
J01,-250.0
J01,-250.0
J01,-250.0
J01,-250.0
J01,-16.0
J01,-127.0
J01,-230.5
J01,-240.0
J01,-240.0
J01,-240.0
J01,-240.0
J01,-240.0
J01,-243.5
J01,-251.5
J01,-260.0
J01,-46.0
J01,-186.5
J01,-221.0
J01,-230.0
J01,-209.0
J01,-220.0
J01,-227.0
J01,-245.0
J01,-257.5
J01,-280.0
J01,-280.0
J01,-280.0
J01,-280.0
J01,-280.0
J01,-280.0
J01,-280.0
J01,5399.0
J01,1822.0
J01,132.5
J01,-81.0
J01,-208.0
J01,-220.0
J01,-220.0
J01,-220.0
J01,-220.0
J01,-220.0
J01,-220.0
J01,-220.0
J01,-220.0
J01,-220.0
J01,-222.5
J01,-230.0
J01,-230.0
J01,-230.0
J01,-188.5
J01,-219.0
J01,-220.0
J01,-220.0
J01,-230.5
J01,-260.0
J01,-260.0
J01,-261.5
J01,-274.5
J01,-280.0
J01,-280.0
J01,-280.0
J01,-280.0
J01,-280.0
J01,-280.0
J01,4570.5
J01,2974.5
J01,-209.0
J01,-241.5
J01,-268.0
J01,-280.0
J01,-280.0
J01,-280.0
J01,-280.0
J01,-280.0
J01,-280.0
J01,-280.0
J01,-280.0
J01,3397.5
J01,2813.5
J01,-211.5
J01,-260.0
J01,-308.0
J01,-320.0
J01,-320.0
J01,-320.0
J01,-320.0
J01,-320.0
J01,-320.0
J01,-320.0
J01,-320.0
J01,-320.0
J01,-320.0
J01,-320.0
J01,630.0
J01,1056.0
J01,134.5
J01,-240.0
J01,-248.0
J01,-84.0
J01,-275.5
J01,-290.0
J01,-294.5
J01,-310.0
J01,-310.0
J01,-310.0
J01,-7.0
J01,-192.5
J01,-283.0
J01,-304.5
J01,-310.0
J01,-310.0
J01,-310.0
J01,-310.0
J01,-310.0
J01,190.0
J01,-181.0
J01,-81.5
J01,-243.0
J01,-282.0
J01,-127.5
J01,-221.0
J01,-253.0
J01,-272.0
J01,-214.5
J01,-197.5
J01,-214.0
J01,-211.0
J01,-260.5
J01,-274.5
J01,-290.0
J01,-290.0
J01,-290.0
J01,-290.0
J01,-290.0
J01,-290.0
J01,-290.0
J01,-290.0
J01,4854.0
J01,4071.5
J01,61.5
J01,295.5
J01,-209.0
J01,-220.0
J01,-228.5
J01,-244.5
J01,-250.0
J01,-250.0
J01,-250.0
J01,-250.0
J01,-252.0
J01,-263.0
J01,-6.5
J01,-205.5
J01,-220.0
J01,-226.5
J01,-240.0
J01,-240.0
J01,-243.0
J01,-254.0
J01,-263.0
J01,-270.0
J01,-270.0
J01,-271.0
J01,-280.0
J01,-50.0
J01,-106.5
J01,-230.0
J01,-230.0
J01,-232.0
J01,-250.0
J01,-250.0
J01,-250.0
J01,-250.0
J01,-250.0
J01,-252.5
J01,-260.0
J01,-260.0
J01,148.5
J01,-221.5
J01,-233.0
J01,-240.0
J01,-241.5
J01,-250.0
J01,-250.0
J01,-250.0
J01,-250.0
J01,-250.0
J01,-250.0
J01,-250.0
J01,-250.0
J01,-15.5
J01,-130.5
J01,-231.5
J01,-240.0
J01,-240.0
J01,-240.0
J01,-148.0
J01,-218.5
J01,-222.0
J01,-236.5
J01,-250.0
J01,-250.0
J01,-257.5
J01,-275.0
J01,-280.0
J01,-280.0
J01,-280.0
J01,-280.0
J01,-280.0
J01,-280.0
J01,6580.5
J01,4876.5
J01,244.0
J01,-185.0
J01,-219.0
J01,-243.0
J01,-260.0
