5.0, {'J10': np.float32(-0.0), 'J11': np.float32(-0.0), 'J12': np.float32(-0.0), 'J13': np.float32(-0.0), 'cluster3106249630_3106249631_J60_J61_#5more': np.float32(-0.0)}, {'J10': 0, 'J11': 0, 'J12': 0, 'J13': 0, 'cluster3106249630_3106249631_J60_J61_#5more': 0}, {'J10': 0, 'J11': 0, 'J12': 0, 'J13': 0, 'cluster3106249630_3106249631_J60_J61_#5more': 0}, 
10.0, {'J10': np.float32(-0.0), 'J11': np.float32(-0.0018501388), 'J12': np.float32(-0.0), 'J13': np.float32(-0.0), 'cluster3106249630_3106249631_J60_J61_#5more': np.float32(-0.0)}, {'J10': 0, 'J11': 1, 'J12': 0, 'J13': 0, 'cluster3106249630_3106249631_J60_J61_#5more': 0}, {'J10': 0, 'J11': 1, 'J12': 0, 'J13': 0, 'cluster3106249630_3106249631_J60_J61_#5more': 0}, 
15.0, {'J10': np.float32(-0.0), 'J11': np.float32(0.0018501388), 'J12': np.float32(-0.0009250694), 'J13': np.float32(-0.0009250694), 'cluster3106249630_3106249631_J60_J61_#5more': np.float32(-0.0)}, {'J10': 0, 'J11': 0, 'J12': 1, 'J13': 1, 'cluster3106249630_3106249631_J60_J61_#5more': 0}, {'J10': 0, 'J11': 0, 'J12': 1, 'J13': 1, 'cluster3106249630_3106249631_J60_J61_#5more': 0}, 
20.0, {'J10': np.float32(-0.0), 'J11': np.float32(-0.0037002775), 'J12': np.float32(-0.023126734), 'J13': np.float32(-0.03052729), 'cluster3106249630_3106249631_J60_J61_#5more': np.float32(-0.004625347)}, {'J10': 0, 'J11': 0, 'J12': 1, 'J13': 2, 'cluster3106249630_3106249631_J60_J61_#5more': 1}, {'J10': 0, 'J11': 0, 'J12': 3, 'J13': 3, 'cluster3106249630_3106249631_J60_J61_#5more': 1}, 
25.0, {'J10': np.float32(-0.006475486), 'J11': np.float32(0.0037002775), 'J12': np.float32(0.021276595), 'J13': np.float32(-0.055504162), 'cluster3106249630_3106249631_J60_J61_#5more': np.float32(-0.02960222)}, {'J10': 1, 'J11': 0, 'J12': 1, 'J13': 2, 'cluster3106249630_3106249631_J60_J61_#5more': 3}, {'J10': 1, 'J11': 0, 'J12': 1, 'J13': 3, 'cluster3106249630_3106249631_J60_J61_#5more': 3}, 
30.0, {'J10': np.float32(-0.018501388), 'J11': np.float32(-0.0), 'J12': np.float32(-0.0018501388), 'J13': np.float32(0.07585569), 'cluster3106249630_3106249631_J60_J61_#5more': np.float32(-0.06012951)}, {'J10': 1, 'J11': 0, 'J12': 1, 'J13': 1, 'cluster3106249630_3106249631_J60_J61_#5more': 3}, {'J10': 1, 'J11': 0, 'J12': 1, 'J13': 2, 'cluster3106249630_3106249631_J60_J61_#5more': 4}, 
35.0, {'J10': np.float32(-0.026827011), 'J11': np.float32(-0.0), 'J12': np.float32(-0.018501388), 'J13': np.float32(0.007400555), 'cluster3106249630_3106249631_J60_J61_#5more': np.float32(-0.016651249)}, {'J10': 1, 'J11': 0, 'J12': 1, 'J13': 1, 'cluster3106249630_3106249631_J60_J61_#5more': 2}, {'J10': 2, 'J11': 0, 'J12': 1, 'J13': 1, 'cluster3106249630_3106249631_J60_J61_#5more': 3}, 
40.0, {'J10': np.float32(-0.037002776), 'J11': np.float32(-0.002775208), 'J12': np.float32(-0.018501388), 'J13': np.float32(-0.018501388), 'cluster3106249630_3106249631_J60_J61_#5more': np.float32(-0.07308048)}, {'J10': 1, 'J11': 0, 'J12': 1, 'J13': 1, 'cluster3106249630_3106249631_J60_J61_#5more': 4}, {'J10': 2, 'J11': 0, 'J12': 1, 'J13': 1, 'cluster3106249630_3106249631_J60_J61_#5more': 8}, 
45.0, {'J10': np.float32(-0.038852915), 'J11': np.float32(-0.0018501388), 'J12': np.float32(-0.037002776), 'J13': np.float32(-0.018501388), 'cluster3106249630_3106249631_J60_J61_#5more': np.float32(-0.1026827)}, {'J10': 1, 'J11': 1, 'J12': 2, 'J13': 1, 'cluster3106249630_3106249631_J60_J61_#5more': 7}, {'J10': 2, 'J11': 1, 'J12': 4, 'J13': 1, 'cluster3106249630_3106249631_J60_J61_#5more': 11}, 
50.0, {'J10': np.float32(-0.06567992), 'J11': np.float32(0.004625347), 'J12': np.float32(-0.07400555), 'J13': np.float32(-0.018501388), 'cluster3106249630_3106249631_J60_J61_#5more': np.float32(-0.025901943)}, {'J10': 3, 'J11': 0, 'J12': 2, 'J13': 1, 'cluster3106249630_3106249631_J60_J61_#5more': 4}, {'J10': 5, 'J11': 0, 'J12': 4, 'J13': 1, 'cluster3106249630_3106249631_J60_J61_#5more': 10}, 
55.0, {'J10': np.float32(-0.107308045), 'J11': np.float32(-0.004625347), 'J12': np.float32(-0.033302497), 'J13': np.float32(-0.024976874), 'cluster3106249630_3106249631_J60_J61_#5more': np.float32(0.026827011)}, {'J10': 4, 'J11': 0, 'J12': 2, 'J13': 1, 'cluster3106249630_3106249631_J60_J61_#5more': 4}, {'J10': 6, 'J11': 0, 'J12': 4, 'J13': 2, 'cluster3106249630_3106249631_J60_J61_#5more': 6}, 
60.0, {'J10': np.float32(0.1480111), 'J11': np.float32(0.0009250694), 'J12': np.float32(-0.078630894), 'J13': np.float32(0.08140611), 'cluster3106249630_3106249631_J60_J61_#5more': np.float32(0.066604994)}, {'J10': 3, 'J11': 1, 'J12': 5, 'J13': 1, 'cluster3106249630_3106249631_J60_J61_#5more': 4}, {'J10': 4, 'J11': 1, 'J12': 8, 'J13': 1, 'cluster3106249630_3106249631_J60_J61_#5more': 4}, 
65.0, {'J10': np.float32(-0.07400555), 'J11': np.float32(0.002775208), 'J12': np.float32(-0.09898242), 'J13': np.float32(-0.02867715), 'cluster3106249630_3106249631_J60_J61_#5more': np.float32(-0.10638298)}, {'J10': 3, 'J11': 0, 'J12': 5, 'J13': 1, 'cluster3106249630_3106249631_J60_J61_#5more': 4}, {'J10': 4, 'J11': 0, 'J12': 12, 'J13': 3, 'cluster3106249630_3106249631_J60_J61_#5more': 6}, 
70.0, {'J10': np.float32(-0.07400555), 'J11': np.float32(-0.007400555), 'J12': np.float32(-0.11933395), 'J13': np.float32(0.031452358), 'cluster3106249630_3106249631_J60_J61_#5more': np.float32(-0.038852915)}, {'J10': 3, 'J11': 1, 'J12': 6, 'J13': 0, 'cluster3106249630_3106249631_J60_J61_#5more': 4}, {'J10': 4, 'J11': 1, 'J12': 10, 'J13': 0, 'cluster3106249630_3106249631_J60_J61_#5more': 4}, 
75.0, {'J10': np.float32(-0.07400555), 'J11': np.float32(-0.006475486), 'J12': np.float32(-0.20444034), 'J13': np.float32(-0.008325624), 'cluster3106249630_3106249631_J60_J61_#5more': np.float32(-0.107308045)}, {'J10': 3, 'J11': 0, 'J12': 6, 'J13': 1, 'cluster3106249630_3106249631_J60_J61_#5more': 4}, {'J10': 4, 'J11': 0, 'J12': 12, 'J13': 2, 'cluster3106249630_3106249631_J60_J61_#5more': 5}, 
80.0, {'J10': np.float32(-0.07400555), 'J11': np.float32(-0.011100832), 'J12': np.float32(-0.18408881), 'J13': np.float32(-0.017576318), 'cluster3106249630_3106249631_J60_J61_#5more': np.float32(-0.06012951)}, {'J10': 3, 'J11': 0, 'J12': 6, 'J13': 1, 'cluster3106249630_3106249631_J60_J61_#5more': 4}, {'J10': 4, 'J11': 0, 'J12': 12, 'J13': 1, 'cluster3106249630_3106249631_J60_J61_#5more': 5}, 
85.0, {'J10': np.float32(-0.08233117), 'J11': np.float32(0.025901943), 'J12': np.float32(-0.23681776), 'J13': np.float32(-0.018501388), 'cluster3106249630_3106249631_J60_J61_#5more': np.float32(-0.11748381)}, {'J10': 4, 'J11': 0, 'J12': 6, 'J13': 1, 'cluster3106249630_3106249631_J60_J61_#5more': 4}, {'J10': 5, 'J11': 0, 'J12': 13, 'J13': 1, 'cluster3106249630_3106249631_J60_J61_#5more': 5}, 
90.0, {'J10': np.float32(-0.09250694), 'J11': np.float32(-0.0), 'J12': np.float32(-0.25254393), 'J13': np.float32(-0.019426458), 'cluster3106249630_3106249631_J60_J61_#5more': np.float32(-0.08510638)}, {'J10': 4, 'J11': 0, 'J12': 6, 'J13': 1, 'cluster3106249630_3106249631_J60_J61_#5more': 4}, {'J10': 5, 'J11': 0, 'J12': 14, 'J13': 1, 'cluster3106249630_3106249631_J60_J61_#5more': 5}, 
95.0, {'J10': np.float32(-0.09250694), 'J11': np.float32(-0.0), 'J12': np.float32(-0.1813136), 'J13': np.float32(-0.017576318), 'cluster3106249630_3106249631_J60_J61_#5more': np.float32(-0.10638298)}, {'J10': 4, 'J11': 0, 'J12': 9, 'J13': 1, 'cluster3106249630_3106249631_J60_J61_#5more': 4}, {'J10': 5, 'J11': 0, 'J12': 15, 'J13': 1, 'cluster3106249630_3106249631_J60_J61_#5more': 5}, 
100.0, {'J10': np.float32(-0.09713229), 'J11': np.float32(-0.0), 'J12': np.float32(-0.25439408), 'J13': np.float32(-0.022201665), 'cluster3106249630_3106249631_J60_J61_#5more': np.float32(-0.1026827)}, {'J10': 5, 'J11': 0, 'J12': 10, 'J13': 1, 'cluster3106249630_3106249631_J60_J61_#5more': 4}, {'J10': 6, 'J11': 0, 'J12': 16, 'J13': 2, 'cluster3106249630_3106249631_J60_J61_#5more': 6}, 
105.0, {'J10': np.float32(-0.111008324), 'J11': np.float32(-0.009250694), 'J12': np.float32(-0.31637374), 'J13': np.float32(-0.04440333), 'cluster3106249630_3106249631_J60_J61_#5more': np.float32(-0.15078631)}, {'J10': 5, 'J11': 1, 'J12': 10, 'J13': 2, 'cluster3106249630_3106249631_J60_J61_#5more': 4}, {'J10': 6, 'J11': 1, 'J12': 17, 'J13': 3, 'cluster3106249630_3106249631_J60_J61_#5more': 6}, 
110.0, {'J10': np.float32(-0.111008324), 'J11': np.float32(-0.02960222), 'J12': np.float32(-0.3348751), 'J13': np.float32(-0.055504162), 'cluster3106249630_3106249631_J60_J61_#5more': np.float32(0.09343201)}, {'J10': 5, 'J11': 1, 'J12': 10, 'J13': 2, 'cluster3106249630_3106249631_J60_J61_#5more': 4}, {'J10': 6, 'J11': 1, 'J12': 18, 'J13': 3, 'cluster3106249630_3106249631_J60_J61_#5more': 7}, 
115.0, {'J10': np.float32(-0.111008324), 'J11': np.float32(-0.036077704), 'J12': np.float32(-0.36077705), 'J13': np.float32(0.20074005), 'cluster3106249630_3106249631_J60_J61_#5more': np.float32(-0.0693802)}, {'J10': 5, 'J11': 1, 'J12': 10, 'J13': 1, 'cluster3106249630_3106249631_J60_J61_#5more': 4}, {'J10': 6, 'J11': 1, 'J12': 20, 'J13': 1, 'cluster3106249630_3106249631_J60_J61_#5more': 7}, 
120.0, {'J10': np.float32(-0.111008324), 'J11': np.float32(-0.058279373), 'J12': np.float32(-0.07493062), 'J13': np.float32(-0.024976874), 'cluster3106249630_3106249631_J60_J61_#5more': np.float32(0.1813136)}, {'J10': 5, 'J11': 1, 'J12': 11, 'J13': 1, 'cluster3106249630_3106249631_J60_J61_#5more': 3}, {'J10': 6, 'J11': 2, 'J12': 22, 'J13': 2, 'cluster3106249630_3106249631_J60_J61_#5more': 8}, 
125.0, {'J10': np.float32(0.74098057), 'J11': np.float32(-0.07308048), 'J12': np.float32(-0.4172063), 'J13': np.float32(0.020351527), 'cluster3106249630_3106249631_J60_J61_#5more': np.float32(-0.16836263)}, {'J10': 3, 'J11': 2, 'J12': 12, 'J13': 1, 'cluster3106249630_3106249631_J60_J61_#5more': 4}, {'J10': 3, 'J11': 3, 'J12': 24, 'J13': 1, 'cluster3106249630_3106249631_J60_J61_#5more': 11}, 
130.0, {'J10': np.float32(-0.055504162), 'J11': np.float32(0.20166512), 'J12': np.float32(-0.24884367), 'J13': np.float32(-0.024976874), 'cluster3106249630_3106249631_J60_J61_#5more': np.float32(0.07215541)}, {'J10': 3, 'J11': 1, 'J12': 12, 'J13': 2, 'cluster3106249630_3106249631_J60_J61_#5more': 5}, {'J10': 3, 'J11': 1, 'J12': 26, 'J13': 2, 'cluster3106249630_3106249631_J60_J61_#5more': 12}, 
135.0, {'J10': np.float32(-0.05920444), 'J11': np.float32(-0.0), 'J12': np.float32(0.4440333), 'J13': np.float32(-0.037002776), 'cluster3106249630_3106249631_J60_J61_#5more': np.float32(0.30157262)}, {'J10': 4, 'J11': 1, 'J12': 10, 'J13': 2, 'cluster3106249630_3106249631_J60_J61_#5more': 4}, {'J10': 4, 'J11': 1, 'J12': 26, 'J13': 2, 'cluster3106249630_3106249631_J60_J61_#5more': 9}, 
140.0, {'J10': np.float32(-0.083256245), 'J11': np.float32(-0.021276595), 'J12': np.float32(-0.3746531), 'J13': np.float32(0.06845514), 'cluster3106249630_3106249631_J60_J61_#5more': np.float32(0.30157262)}, {'J10': 5, 'J11': 1, 'J12': 10, 'J13': 1, 'cluster3106249630_3106249631_J60_J61_#5more': 3}, {'J10': 5, 'J11': 2, 'J12': 29, 'J13': 1, 'cluster3106249630_3106249631_J60_J61_#5more': 6}, 
145.0, {'J10': np.float32(-0.09250694), 'J11': np.float32(-0.038852915), 'J12': np.float32(-0.123959295), 'J13': np.float32(-0.0037002775), 'cluster3106249630_3106249631_J60_J61_#5more': np.float32(0.33765033)}, {'J10': 5, 'J11': 1, 'J12': 11, 'J13': 0, 'cluster3106249630_3106249631_J60_J61_#5more': 1}, {'J10': 5, 'J11': 3, 'J12': 28, 'J13': 0, 'cluster3106249630_3106249631_J60_J61_#5more': 2}, 
150.0, {'J10': np.float32(-0.09250694), 'J11': np.float32(-0.035152636), 'J12': np.float32(0.06845514), 'J13': np.float32(0.004625347), 'cluster3106249630_3106249631_J60_J61_#5more': np.float32(-0.03052729)}, {'J10': 5, 'J11': 1, 'J12': 11, 'J13': 0, 'cluster3106249630_3106249631_J60_J61_#5more': 3}, {'J10': 5, 'J11': 2, 'J12': 27, 'J13': 0, 'cluster3106249630_3106249631_J60_J61_#5more': 3}, 
155.0, {'J10': np.float32(-0.09250694), 'J11': np.float32(0.099907495), 'J12': np.float32(-0.33765033), 'J13': np.float32(-0.0), 'cluster3106249630_3106249631_J60_J61_#5more': np.float32(-0.06567992)}, {'J10': 5, 'J11': 0, 'J12': 10, 'J13': 0, 'cluster3106249630_3106249631_J60_J61_#5more': 3}, {'J10': 5, 'J11': 0, 'J12': 34, 'J13': 0, 'cluster3106249630_3106249631_J60_J61_#5more': 3}, 
160.0, {'J10': np.float32(-0.09250694), 'J11': np.float32(-0.0037002775), 'J12': np.float32(0.51156336), 'J13': np.float32(-0.01480111), 'cluster3106249630_3106249631_J60_J61_#5more': np.float32(-0.020351527)}, {'J10': 5, 'J11': 0, 'J12': 8, 'J13': 1, 'cluster3106249630_3106249631_J60_J61_#5more': 3}, {'J10': 5, 'J11': 0, 'J12': 36, 'J13': 2, 'cluster3106249630_3106249631_J60_J61_#5more': 6}, 
165.0, {'J10': np.float32(-0.09250694), 'J11': np.float32(-0.011100832), 'J12': np.float32(0.77613324), 'J13': np.float32(-0.051803887), 'cluster3106249630_3106249631_J60_J61_#5more': np.float32(-0.08510638)}, {'J10': 5, 'J11': 1, 'J12': 8, 'J13': 2, 'cluster3106249630_3106249631_J60_J61_#5more': 4}, {'J10': 5, 'J11': 1, 'J12': 31, 'J13': 4, 'cluster3106249630_3106249631_J60_J61_#5more': 5}, 
170.0, {'J10': np.float32(-0.09435707), 'J11': np.float32(-0.027752081), 'J12': np.float32(-0.25439408), 'J13': np.float32(-0.008325624), 'cluster3106249630_3106249631_J60_J61_#5more': np.float32(-0.051803887)}, {'J10': 5, 'J11': 1, 'J12': 10, 'J13': 2, 'cluster3106249630_3106249631_J60_J61_#5more': 4}, {'J10': 5, 'J11': 1, 'J12': 35, 'J13': 3, 'cluster3106249630_3106249631_J60_J61_#5more': 6}, 
175.0, {'J10': np.float32(-0.10175763), 'J11': np.float32(-0.03422757), 'J12': np.float32(-0.51803887), 'J13': np.float32(-0.038852915), 'cluster3106249630_3106249631_J60_J61_#5more': np.float32(-0.123959295)}, {'J10': 5, 'J11': 1, 'J12': 11, 'J13': 2, 'cluster3106249630_3106249631_J60_J61_#5more': 4}, {'J10': 5, 'J11': 2, 'J12': 39, 'J13': 4, 'cluster3106249630_3106249631_J60_J61_#5more': 6}, 
180.0, {'J10': np.float32(-0.10175763), 'J11': np.float32(-0.061979648), 'J12': np.float32(-0.8057354), 'J13': np.float32(-0.084181316), 'cluster3106249630_3106249631_J60_J61_#5more': np.float32(-0.09435707)}, {'J10': 5, 'J11': 1, 'J12': 12, 'J13': 3, 'cluster3106249630_3106249631_J60_J61_#5more': 4}, {'J10': 5, 'J11': 2, 'J12': 48, 'J13': 6, 'cluster3106249630_3106249631_J60_J61_#5more': 8}, 
185.0, {'J10': np.float32(-0.10175763), 'J11': np.float32(-0.07585569), 'J12': np.float32(-0.16373728), 'J13': np.float32(-0.06845514), 'cluster3106249630_3106249631_J60_J61_#5more': np.float32(-0.0906568)}, {'J10': 5, 'J11': 1, 'J12': 12, 'J13': 2, 'cluster3106249630_3106249631_J60_J61_#5more': 4}, {'J10': 5, 'J11': 2, 'J12': 46, 'J13': 5, 'cluster3106249630_3106249631_J60_J61_#5more': 9}, 
190.0, {'J10': np.float32(0.43848288), 'J11': np.float32(-0.09898242), 'J12': np.float32(0.14893617), 'J13': np.float32(-0.055504162), 'cluster3106249630_3106249631_J60_J61_#5more': np.float32(-0.018501388)}, {'J10': 4, 'J11': 2, 'J12': 13, 'J13': 3, 'cluster3106249630_3106249631_J60_J61_#5more': 4}, {'J10': 5, 'J11': 4, 'J12': 41, 'J13': 6, 'cluster3106249630_3106249631_J60_J61_#5more': 12}, 
195.0, {'J10': np.float32(-0.07215541), 'J11': np.float32(0.28307122), 'J12': np.float32(-0.5309898), 'J13': np.float32(-0.1147086), 'cluster3106249630_3106249631_J60_J61_#5more': np.float32(-0.19241443)}, {'J10': 4, 'J11': 1, 'J12': 13, 'J13': 4, 'cluster3106249630_3106249631_J60_J61_#5more': 5}, {'J10': 4, 'J11': 2, 'J12': 39, 'J13': 7, 'cluster3106249630_3106249631_J60_J61_#5more': 16}, 
200.0, {'J10': np.float32(-0.078630894), 'J11': np.float32(0.012950972), 'J12': np.float32(0.13413507), 'J13': np.float32(-0.1387604), 'cluster3106249630_3106249631_J60_J61_#5more': np.float32(-0.14246069)}, {'J10': 5, 'J11': 0, 'J12': 12, 'J13': 4, 'cluster3106249630_3106249631_J60_J61_#5more': 8}, {'J10': 5, 'J11': 0, 'J12': 36, 'J13': 7, 'cluster3106249630_3106249631_J60_J61_#5more': 21}, 
205.0, {'J10': np.float32(-0.09250694), 'J11': np.float32(-0.03422757), 'J12': np.float32(-0.27659574), 'J13': np.float32(-0.15541166), 'cluster3106249630_3106249631_J60_J61_#5more': np.float32(-0.44033304)}, {'J10': 5, 'J11': 0, 'J12': 12, 'J13': 6, 'cluster3106249630_3106249631_J60_J61_#5more': 10}, {'J10': 5, 'J11': 0, 'J12': 39, 'J13': 9, 'cluster3106249630_3106249631_J60_J61_#5more': 27}, 
210.0, {'J10': np.float32(-0.09250694), 'J11': np.float32(-0.037927844), 'J12': np.float32(-0.2025902), 'J13': np.float32(-0.19796485), 'cluster3106249630_3106249631_J60_J61_#5more': np.float32(-0.53654027)}, {'J10': 5, 'J11': 1, 'J12': 12, 'J13': 8, 'cluster3106249630_3106249631_J60_J61_#5more': 12}, {'J10': 5, 'J11': 1, 'J12': 38, 'J13': 11, 'cluster3106249630_3106249631_J60_J61_#5more': 29}, 
215.0, {'J10': np.float32(-0.09250694), 'J11': np.float32(0.049028676), 'J12': np.float32(-0.67160034), 'J13': np.float32(-0.22294173), 'cluster3106249630_3106249631_J60_J61_#5more': np.float32(0.38945422)}, {'J10': 5, 'J11': 0, 'J12': 13, 'J13': 8, 'cluster3106249630_3106249631_J60_J61_#5more': 11}, {'J10': 5, 'J11': 0, 'J12': 42, 'J13': 11, 'cluster3106249630_3106249631_J60_J61_#5more': 25}, 
220.0, {'J10': np.float32(-0.09250694), 'J11': np.float32(-0.009250694), 'J12': np.float32(-0.82608694), 'J13': np.float32(0.52358925), 'cluster3106249630_3106249631_J60_J61_#5more': np.float32(0.36817762)}, {'J10': 5, 'J11': 0, 'J12': 13, 'J13': 6, 'cluster3106249630_3106249631_J60_J61_#5more': 8}, {'J10': 5, 'J11': 0, 'J12': 49, 'J13': 7, 'cluster3106249630_3106249631_J60_J61_#5more': 15}, 
225.0, {'J10': np.float32(-0.09250694), 'J11': np.float32(-0.038852915), 'J12': np.float32(-0.39777982), 'J13': np.float32(0.10083256), 'cluster3106249630_3106249631_J60_J61_#5more': np.float32(0.34875116)}, {'J10': 5, 'J11': 1, 'J12': 14, 'J13': 6, 'cluster3106249630_3106249631_J60_J61_#5more': 5}, {'J10': 5, 'J11': 2, 'J12': 51, 'J13': 6, 'cluster3106249630_3106249631_J60_J61_#5more': 10}, 
230.0, {'J10': np.float32(-0.09713229), 'J11': np.float32(-0.03052729), 'J12': np.float32(0.36632746), 'J13': np.float32(-0.12950972), 'cluster3106249630_3106249631_J60_J61_#5more': np.float32(-0.0138760405)}, {'J10': 5, 'J11': 1, 'J12': 14, 'J13': 6, 'cluster3106249630_3106249631_J60_J61_#5more': 6}, {'J10': 5, 'J11': 1, 'J12': 49, 'J13': 6, 'cluster3106249630_3106249631_J60_J61_#5more': 12}, 
235.0, {'J10': np.float32(-0.10175763), 'J11': np.float32(0.07400555), 'J12': np.float32(-0.60592043), 'J13': np.float32(-0.14338575), 'cluster3106249630_3106249631_J60_J61_#5more': np.float32(0.10453284)}, {'J10': 5, 'J11': 1, 'J12': 14, 'J13': 6, 'cluster3106249630_3106249631_J60_J61_#5more': 4}, {'J10': 5, 'J11': 1, 'J12': 47, 'J13': 7, 'cluster3106249630_3106249631_J60_J61_#5more': 11}, 
240.0, {'J10': np.float32(-0.10915819), 'J11': np.float32(-0.035152636), 'J12': np.float32(-0.9093432), 'J13': np.float32(0.39315447), 'cluster3106249630_3106249631_J60_J61_#5more': np.float32(0.18316373)}, {'J10': 5, 'J11': 1, 'J12': 14, 'J13': 3, 'cluster3106249630_3106249631_J60_J61_#5more': 4}, {'J10': 6, 'J11': 2, 'J12': 53, 'J13': 5, 'cluster3106249630_3106249631_J60_J61_#5more': 5}, 
245.0, {'J10': np.float32(-0.12025902), 'J11': np.float32(-0.0009250694), 'J12': np.float32(-0.64292324), 'J13': np.float32(0.13043478), 'cluster3106249630_3106249631_J60_J61_#5more': np.float32(0.21461609)}, {'J10': 5, 'J11': 1, 'J12': 17, 'J13': 2, 'cluster3106249630_3106249631_J60_J61_#5more': 4}, {'J10': 6, 'J11': 1, 'J12': 59, 'J13': 2, 'cluster3106249630_3106249631_J60_J61_#5more': 6}, 
250.0, {'J10': np.float32(-0.12580943), 'J11': np.float32(-0.026827011), 'J12': np.float32(-0.84458834), 'J13': np.float32(0.27659574), 'cluster3106249630_3106249631_J60_J61_#5more': np.float32(-0.12025902)}, {'J10': 5, 'J11': 1, 'J12': 19, 'J13': 0, 'cluster3106249630_3106249631_J60_J61_#5more': 4}, {'J10': 6, 'J11': 2, 'J12': 62, 'J13': 0, 'cluster3106249630_3106249631_J60_J61_#5more': 13}, 
255.0, {'J10': np.float32(0.6364477), 'J11': np.float32(0.03052729), 'J12': np.float32(0.123034224), 'J13': np.float32(-0.011100832), 'cluster3106249630_3106249631_J60_J61_#5more': np.float32(-0.25439408)}, {'J10': 4, 'J11': 2, 'J12': 19, 'J13': 2, 'cluster3106249630_3106249631_J60_J61_#5more': 6}, {'J10': 4, 'J11': 2, 'J12': 61, 'J13': 2, 'cluster3106249630_3106249631_J60_J61_#5more': 19}, 
260.0, {'J10': np.float32(0.5226642), 'J11': np.float32(-0.083256245), 'J12': np.float32(-0.8704903), 'J13': np.float32(-0.024051804), 'cluster3106249630_3106249631_J60_J61_#5more': np.float32(-0.14893617)}, {'J10': 3, 'J11': 2, 'J12': 19, 'J13': 2, 'cluster3106249630_3106249631_J60_J61_#5more': 7}, {'J10': 3, 'J11': 2, 'J12': 60, 'J13': 2, 'cluster3106249630_3106249631_J60_J61_#5more': 23}, 
265.0, {'J10': np.float32(-0.066604994), 'J11': np.float32(0.15911193), 'J12': np.float32(-0.5615171), 'J13': np.float32(0.007400555), 'cluster3106249630_3106249631_J60_J61_#5more': np.float32(-0.3320999)}, {'J10': 4, 'J11': 1, 'J12': 20, 'J13': 2, 'cluster3106249630_3106249631_J60_J61_#5more': 11}, {'J10': 5, 'J11': 1, 'J12': 60, 'J13': 2, 'cluster3106249630_3106249631_J60_J61_#5more': 27}, 
270.0, {'J10': np.float32(-0.09250694), 'J11': np.float32(-0.0018501388), 'J12': np.float32(1.1396855), 'J13': np.float32(-0.023126734), 'cluster3106249630_3106249631_J60_J61_#5more': np.float32(-0.3922294)}, {'J10': 4, 'J11': 0, 'J12': 17, 'J13': 2, 'cluster3106249630_3106249631_J60_J61_#5more': 14}, {'J10': 5, 'J11': 0, 'J12': 51, 'J13': 2, 'cluster3106249630_3106249631_J60_J61_#5more': 30}, 
275.0, {'J10': np.float32(-0.09250694), 'J11': np.float32(-0.01480111), 'J12': np.float32(0.43663275), 'J13': np.float32(0.050878815), 'cluster3106249630_3106249631_J60_J61_#5more': np.float32(-0.38482887)}, {'J10': 4, 'J11': 1, 'J12': 13, 'J13': 0, 'cluster3106249630_3106249631_J60_J61_#5more': 16}, {'J10': 5, 'J11': 2, 'J12': 43, 'J13': 0, 'cluster3106249630_3106249631_J60_J61_#5more': 32}, 
280.0, {'J10': np.float32(-0.09250694), 'J11': np.float32(-0.058279373), 'J12': np.float32(-0.022201665), 'J13': np.float32(-0.0), 'cluster3106249630_3106249631_J60_J61_#5more': np.float32(-0.06105458)}, {'J10': 4, 'J11': 1, 'J12': 12, 'J13': 0, 'cluster3106249630_3106249631_J60_J61_#5more': 15}, {'J10': 5, 'J11': 2, 'J12': 40, 'J13': 0, 'cluster3106249630_3106249631_J60_J61_#5more': 30}, 
285.0, {'J10': np.float32(-0.09435707), 'J11': np.float32(-0.024976874), 'J12': np.float32(-0.3626272), 'J13': np.float32(-0.0138760405), 'cluster3106249630_3106249631_J60_J61_#5more': np.float32(-0.3774283)}, {'J10': 5, 'J11': 1, 'J12': 11, 'J13': 2, 'cluster3106249630_3106249631_J60_J61_#5more': 13}, {'J10': 6, 'J11': 1, 'J12': 46, 'J13': 3, 'cluster3106249630_3106249631_J60_J61_#5more': 28}, 
290.0, {'J10': np.float32(-0.111008324), 'J11': np.float32(-0.04625347), 'J12': np.float32(-0.38852915), 'J13': np.float32(-0.016651249), 'cluster3106249630_3106249631_J60_J61_#5more': np.float32(0.59851986)}, {'J10': 5, 'J11': 1, 'J12': 13, 'J13': 1, 'cluster3106249630_3106249631_J60_J61_#5more': 7}, {'J10': 6, 'J11': 1, 'J12': 51, 'J13': 1, 'cluster3106249630_3106249631_J60_J61_#5more': 18}, 
295.0, {'J10': np.float32(-0.111008324), 'J11': np.float32(-0.04625347), 'J12': np.float32(-0.4745606), 'J13': np.float32(-0.027752081), 'cluster3106249630_3106249631_J60_J61_#5more': np.float32(1.027752)}, {'J10': 5, 'J11': 1, 'J12': 15, 'J13': 1, 'cluster3106249630_3106249631_J60_J61_#5more': 6}, {'J10': 6, 'J11': 1, 'J12': 54, 'J13': 1, 'cluster3106249630_3106249631_J60_J61_#5more': 9}, 
300.0, {'J10': np.float32(-0.111008324), 'J11': np.float32(-0.053654023), 'J12': np.float32(-1.0037003), 'J13': np.float32(0.055504162), 'cluster3106249630_3106249631_J60_J61_#5more': np.float32(0.42090657)}, {'J10': 5, 'J11': 2, 'J12': 16, 'J13': 1, 'cluster3106249630_3106249631_J60_J61_#5more': 3}, {'J10': 6, 'J11': 3, 'J12': 57, 'J13': 1, 'cluster3106249630_3106249631_J60_J61_#5more': 3}, 
305.0, {'J10': np.float32(-0.115633674), 'J11': np.float32(-0.08880666), 'J12': np.float32(-0.12765957), 'J13': np.float32(-0.024051804), 'cluster3106249630_3106249631_J60_J61_#5more': np.float32(0.21461609)}, {'J10': 5, 'J11': 2, 'J12': 20, 'J13': 1, 'cluster3106249630_3106249631_J60_J61_#5more': 0}, {'J10': 6, 'J11': 3, 'J12': 63, 'J13': 2, 'cluster3106249630_3106249631_J60_J61_#5more': 0}, 
310.0, {'J10': np.float32(-0.12025902), 'J11': np.float32(-0.10175763), 'J12': np.float32(-0.6318224), 'J13': np.float32(-0.012950972), 'cluster3106249630_3106249631_J60_J61_#5more': np.float32(-0.04440333)}, {'J10': 5, 'J11': 2, 'J12': 20, 'J13': 1, 'cluster3106249630_3106249631_J60_J61_#5more': 1}, {'J10': 6, 'J11': 3, 'J12': 62, 'J13': 1, 'cluster3106249630_3106249631_J60_J61_#5more': 1}, 
315.0, {'J10': np.float32(-0.12025902), 'J11': np.float32(-0.107308045), 'J12': np.float32(0.27382055), 'J13': np.float32(0.033302497), 'cluster3106249630_3106249631_J60_J61_#5more': np.float32(-0.050878815)}, {'J10': 5, 'J11': 2, 'J12': 17, 'J13': 0, 'cluster3106249630_3106249631_J60_J61_#5more': 1}, {'J10': 6, 'J11': 4, 'J12': 54, 'J13': 0, 'cluster3106249630_3106249631_J60_J61_#5more': 1}, 
320.0, {'J10': np.float32(0.8038853), 'J11': np.float32(0.5430157), 'J12': np.float32(0.72710454), 'J13': np.float32(-0.015726179), 'cluster3106249630_3106249631_J60_J61_#5more': np.float32(0.20166512)}, {'J10': 4, 'J11': 1, 'J12': 15, 'J13': 1, 'cluster3106249630_3106249631_J60_J61_#5more': 4}, {'J10': 6, 'J11': 1, 'J12': 48, 'J13': 2, 'cluster3106249630_3106249631_J60_J61_#5more': 7}, 
325.0, {'J10': np.float32(-0.13783534), 'J11': np.float32(-0.005550416), 'J12': np.float32(-0.018501388), 'J13': np.float32(-0.002775208), 'cluster3106249630_3106249631_J60_J61_#5more': np.float32(-0.115633674)}, {'J10': 4, 'J11': 1, 'J12': 15, 'J13': 1, 'cluster3106249630_3106249631_J60_J61_#5more': 9}, {'J10': 11, 'J11': 1, 'J12': 47, 'J13': 2, 'cluster3106249630_3106249631_J60_J61_#5more': 12}, 
330.0, {'J10': np.float32(-0.22386679), 'J11': np.float32(0.005550416), 'J12': np.float32(-0.39870492), 'J13': np.float32(-0.052728955), 'cluster3106249630_3106249631_J60_J61_#5more': np.float32(-0.16836263)}, {'J10': 8, 'J11': 2, 'J12': 15, 'J13': 2, 'cluster3106249630_3106249631_J60_J61_#5more': 11}, {'J10': 17, 'J11': 2, 'J12': 45, 'J13': 3, 'cluster3106249630_3106249631_J60_J61_#5more': 13}, 
335.0, {'J10': np.float32(-0.21646623), 'J11': np.float32(-0.008325624), 'J12': np.float32(-0.5494912), 'J13': np.float32(0.019426458), 'cluster3106249630_3106249631_J60_J61_#5more': np.float32(-0.019426458)}, {'J10': 9, 'J11': 2, 'J12': 15, 'J13': 1, 'cluster3106249630_3106249631_J60_J61_#5more': 9}, {'J10': 19, 'J11': 2, 'J12': 45, 'J13': 1, 'cluster3106249630_3106249631_J60_J61_#5more': 11}, 
340.0, {'J10': np.float32(0.026827011), 'J11': np.float32(-0.039777983), 'J12': np.float32(-0.53006476), 'J13': np.float32(-0.027752081), 'cluster3106249630_3106249631_J60_J61_#5more': np.float32(-0.11378353)}, {'J10': 5, 'J11': 2, 'J12': 15, 'J13': 1, 'cluster3106249630_3106249631_J60_J61_#5more': 7}, {'J10': 12, 'J11': 3, 'J12': 46, 'J13': 1, 'cluster3106249630_3106249631_J60_J61_#5more': 11}, 
345.0, {'J10': np.float32(0.067530066), 'J11': np.float32(-0.07030527), 'J12': np.float32(-0.24791859), 'J13': np.float32(-0.024051804), 'cluster3106249630_3106249631_J60_J61_#5more': np.float32(-0.21184088)}, {'J10': 5, 'J11': 2, 'J12': 15, 'J13': 2, 'cluster3106249630_3106249631_J60_J61_#5more': 7}, {'J10': 6, 'J11': 4, 'J12': 49, 'J13': 3, 'cluster3106249630_3106249631_J60_J61_#5more': 12}, 
350.0, {'J10': np.float32(-0.12025902), 'J11': np.float32(-0.0138760405), 'J12': np.float32(-0.39500463), 'J13': np.float32(0.050878815), 'cluster3106249630_3106249631_J60_J61_#5more': np.float32(-0.16373728)}, {'J10': 5, 'J11': 2, 'J12': 15, 'J13': 2, 'cluster3106249630_3106249631_J60_J61_#5more': 11}, {'J10': 6, 'J11': 5, 'J12': 52, 'J13': 3, 'cluster3106249630_3106249631_J60_J61_#5more': 16}, 
355.0, {'J10': np.float32(-0.12025902), 'J11': np.float32(0.04347826), 'J12': np.float32(-0.86031455), 'J13': np.float32(-0.018501388), 'cluster3106249630_3106249631_J60_J61_#5more': np.float32(0.047178537)}, {'J10': 5, 'J11': 4, 'J12': 15, 'J13': 3, 'cluster3106249630_3106249631_J60_J61_#5more': 10}, {'J10': 6, 'J11': 7, 'J12': 52, 'J13': 4, 'cluster3106249630_3106249631_J60_J61_#5more': 14}, 
360.0, {'J10': np.float32(-0.12025902), 'J11': np.float32(-0.026827011), 'J12': np.float32(-0.38482887), 'J13': np.float32(-0.08233117), 'cluster3106249630_3106249631_J60_J61_#5more': np.float32(0.16651249)}, {'J10': 5, 'J11': 3, 'J12': 15, 'J13': 3, 'cluster3106249630_3106249631_J60_J61_#5more': 5}, {'J10': 6, 'J11': 5, 'J12': 51, 'J13': 4, 'cluster3106249630_3106249631_J60_J61_#5more': 9}, 
365.0, {'J10': np.float32(-0.12025902), 'J11': np.float32(-0.024976874), 'J12': np.float32(-0.5078631), 'J13': np.float32(-0.095282145), 'cluster3106249630_3106249631_J60_J61_#5more': np.float32(-0.04255319)}, {'J10': 5, 'J11': 2, 'J12': 15, 'J13': 3, 'cluster3106249630_3106249631_J60_J61_#5more': 4}, {'J10': 6, 'J11': 4, 'J12': 54, 'J13': 6, 'cluster3106249630_3106249631_J60_J61_#5more': 7}, 
370.0, {'J10': np.float32(-0.12025902), 'J11': np.float32(-0.007400555), 'J12': np.float32(-1.0333025), 'J13': np.float32(-0.033302497), 'cluster3106249630_3106249631_J60_J61_#5more': np.float32(-0.19241443)}, {'J10': 5, 'J11': 2, 'J12': 17, 'J13': 3, 'cluster3106249630_3106249631_J60_J61_#5more': 4}, {'J10': 6, 'J11': 5, 'J12': 59, 'J13': 4, 'cluster3106249630_3106249631_J60_J61_#5more': 8}, 
375.0, {'J10': np.float32(-0.12025902), 'J11': np.float32(0.07585569), 'J12': np.float32(-0.60777056), 'J13': np.float32(-0.083256245), 'cluster3106249630_3106249631_J60_J61_#5more': np.float32(-0.004625347)}, {'J10': 5, 'J11': 2, 'J12': 17, 'J13': 3, 'cluster3106249630_3106249631_J60_J61_#5more': 6}, {'J10': 6, 'J11': 4, 'J12': 58, 'J13': 4, 'cluster3106249630_3106249631_J60_J61_#5more': 11}, 
380.0, {'J10': np.float32(-0.12025902), 'J11': np.float32(-0.0906568), 'J12': np.float32(0.025901943), 'J13': np.float32(-0.09620722), 'cluster3106249630_3106249631_J60_J61_#5more': np.float32(-0.13691027)}, {'J10': 5, 'J11': 2, 'J12': 15, 'J13': 3, 'cluster3106249630_3106249631_J60_J61_#5more': 8}, {'J10': 6, 'J11': 6, 'J12': 55, 'J13': 7, 'cluster3106249630_3106249631_J60_J61_#5more': 12}, 
385.0, {'J10': np.float32(1.7641073), 'J11': np.float32(-0.111008324), 'J12': np.float32(-1.026827), 'J13': np.float32(-0.15448658), 'cluster3106249630_3106249631_J60_J61_#5more': np.float32(0.13691027)}, {'J10': 3, 'J11': 2, 'J12': 15, 'J13': 3, 'cluster3106249630_3106249631_J60_J61_#5more': 5}, {'J10': 4, 'J11': 6, 'J12': 57, 'J13': 8, 'cluster3106249630_3106249631_J60_J61_#5more': 9}, 
390.0, {'J10': np.float32(-0.056429233), 'J11': np.float32(0.024051804), 'J12': np.float32(-1.0518038), 'J13': np.float32(-0.17576317), 'cluster3106249630_3106249631_J60_J61_#5more': np.float32(-0.015726179)}, {'J10': 3, 'J11': 3, 'J12': 15, 'J13': 4, 'cluster3106249630_3106249631_J60_J61_#5more': 4}, {'J10': 4, 'J11': 5, 'J12': 59, 'J13': 9, 'cluster3106249630_3106249631_J60_J61_#5more': 8}, 
395.0, {'J10': np.float32(-0.078630894), 'J11': np.float32(0.06105458), 'J12': np.float32(1.2830713), 'J13': np.float32(0.34690103), 'cluster3106249630_3106249631_J60_J61_#5more': np.float32(-0.15633672)}, {'J10': 5, 'J11': 3, 'J12': 17, 'J13': 3, 'cluster3106249630_3106249631_J60_J61_#5more': 6}, {'J10': 6, 'J11': 5, 'J12': 62, 'J13': 5, 'cluster3106249630_3106249631_J60_J61_#5more': 11}, 
400.0, {'J10': np.float32(-0.11840888), 'J11': np.float32(-0.08973173), 'J12': np.float32(-0.4708603), 'J13': np.float32(0.16651249), 'cluster3106249630_3106249631_J60_J61_#5more': np.float32(-0.24606845)}, {'J10': 5, 'J11': 3, 'J12': 17, 'J13': 2, 'cluster3106249630_3106249631_J60_J61_#5more': 10}, {'J10': 7, 'J11': 5, 'J12': 63, 'J13': 4, 'cluster3106249630_3106249631_J60_J61_#5more': 16}, 
405.0, {'J10': np.float32(-0.12950972), 'J11': np.float32(-0.07030527), 'J12': np.float32(-0.75115633), 'J13': np.float32(-0.099907495), 'cluster3106249630_3106249631_J60_J61_#5more': np.float32(0.35245144)}, {'J10': 5, 'J11': 4, 'J12': 18, 'J13': 4, 'cluster3106249630_3106249631_J60_J61_#5more': 9}, {'J10': 7, 'J11': 6, 'J12': 65, 'J13': 6, 'cluster3106249630_3106249631_J60_J61_#5more': 12}, 
410.0, {'J10': np.float32(-0.12950972), 'J11': np.float32(-0.111008324), 'J12': np.float32(-0.5476411), 'J13': np.float32(-0.1359852), 'cluster3106249630_3106249631_J60_J61_#5more': np.float32(-0.038852915)}, {'J10': 5, 'J11': 4, 'J12': 16, 'J13': 5, 'cluster3106249630_3106249631_J60_J61_#5more': 6}, {'J10': 7, 'J11': 5, 'J12': 64, 'J13': 7, 'cluster3106249630_3106249631_J60_J61_#5more': 9}, 
415.0, {'J10': np.float32(-0.12950972), 'J11': np.float32(-0.12210916), 'J12': np.float32(-0.60499537), 'J13': np.float32(-0.1480111), 'cluster3106249630_3106249631_J60_J61_#5more': np.float32(0.15356152)}, {'J10': 5, 'J11': 4, 'J12': 15, 'J13': 5, 'cluster3106249630_3106249631_J60_J61_#5more': 5}, {'J10': 7, 'J11': 7, 'J12': 61, 'J13': 7, 'cluster3106249630_3106249631_J60_J61_#5more': 7}, 
420.0, {'J10': np.float32(-0.1480111), 'J11': np.float32(0.22294173), 'J12': np.float32(-1.1480111), 'J13': np.float32(-0.16188714), 'cluster3106249630_3106249631_J60_J61_#5more': np.float32(0.11378353)}, {'J10': 5, 'J11': 2, 'J12': 15, 'J13': 5, 'cluster3106249630_3106249631_J60_J61_#5more': 8}, {'J10': 7, 'J11': 6, 'J12': 63, 'J13': 8, 'cluster3106249630_3106249631_J60_J61_#5more': 9}, 
425.0, {'J10': np.float32(-0.1480111), 'J11': np.float32(-0.058279373), 'J12': np.float32(-1.2099907), 'J13': np.float32(0.44773358), 'cluster3106249630_3106249631_J60_J61_#5more': np.float32(0.062904716)}, {'J10': 5, 'J11': 2, 'J12': 15, 'J13': 3, 'cluster3106249630_3106249631_J60_J61_#5more': 7}, {'J10': 7, 'J11': 4, 'J12': 69, 'J13': 5, 'cluster3106249630_3106249631_J60_J61_#5more': 8}, 
430.0, {'J10': np.float32(-0.1480111), 'J11': np.float32(0.027752081), 'J12': np.float32(-0.5291397), 'J13': np.float32(0.25439408), 'cluster3106249630_3106249631_J60_J61_#5more': np.float32(-0.0906568)}, {'J10': 5, 'J11': 4, 'J12': 15, 'J13': 2, 'cluster3106249630_3106249631_J60_J61_#5more': 5}, {'J10': 7, 'J11': 5, 'J12': 68, 'J13': 3, 'cluster3106249630_3106249631_J60_J61_#5more': 10}, 
435.0, {'J10': np.float32(-0.1480111), 'J11': np.float32(0.33024976), 'J12': np.float32(-0.53746533), 'J13': np.float32(-0.06475486), 'cluster3106249630_3106249631_J60_J61_#5more': np.float32(-0.058279373)}, {'J10': 5, 'J11': 3, 'J12': 15, 'J13': 2, 'cluster3106249630_3106249631_J60_J61_#5more': 4}, {'J10': 7, 'J11': 4, 'J12': 66, 'J13': 3, 'cluster3106249630_3106249631_J60_J61_#5more': 7}, 
440.0, {'J10': np.float32(-0.1480111), 'J11': np.float32(0.039777983), 'J12': np.float32(-0.07585569), 'J13': np.float32(-0.07678076), 'cluster3106249630_3106249631_J60_J61_#5more': np.float32(-0.039777983)}, {'J10': 5, 'J11': 1, 'J12': 15, 'J13': 4, 'cluster3106249630_3106249631_J60_J61_#5more': 4}, {'J10': 7, 'J11': 1, 'J12': 59, 'J13': 5, 'cluster3106249630_3106249631_J60_J61_#5more': 7}, 
445.0, {'J10': np.float32(-0.1480111), 'J11': np.float32(0.012950972), 'J12': np.float32(0.43293247), 'J13': np.float32(-0.10175763), 'cluster3106249630_3106249631_J60_J61_#5more': np.float32(-0.22016652)}, {'J10': 5, 'J11': 1, 'J12': 15, 'J13': 4, 'cluster3106249630_3106249631_J60_J61_#5more': 6}, {'J10': 7, 'J11': 2, 'J12': 54, 'J13': 5, 'cluster3106249630_3106249631_J60_J61_#5more': 12}, 
450.0, {'J10': np.float32(0.8963922), 'J11': np.float32(-0.038852915), 'J12': np.float32(-0.33672526), 'J13': np.float32(-0.10638298), 'cluster3106249630_3106249631_J60_J61_#5more': np.float32(-0.07493062)}, {'J10': 4, 'J11': 2, 'J12': 15, 'J13': 5, 'cluster3106249630_3106249631_J60_J61_#5more': 4}, {'J10': 5, 'J11': 3, 'J12': 50, 'J13': 6, 'cluster3106249630_3106249631_J60_J61_#5more': 8}, 
455.0, {'J10': np.float32(0.11840888), 'J11': np.float32(0.027752081), 'J12': np.float32(-0.84643847), 'J13': np.float32(-0.15078631), 'cluster3106249630_3106249631_J60_J61_#5more': np.float32(0.32562444)}, {'J10': 4, 'J11': 1, 'J12': 15, 'J13': 7, 'cluster3106249630_3106249631_J60_J61_#5more': 3}, {'J10': 4, 'J11': 1, 'J12': 51, 'J13': 9, 'cluster3106249630_3106249631_J60_J61_#5more': 3}, 
460.0, {'J10': np.float32(-0.09805735), 'J11': np.float32(0.0138760405), 'J12': np.float32(-0.9694727), 'J13': np.float32(0.35152635), 'cluster3106249630_3106249631_J60_J61_#5more': np.float32(0.002775208)}, {'J10': 5, 'J11': 1, 'J12': 15, 'J13': 5, 'cluster3106249630_3106249631_J60_J61_#5more': 2}, {'J10': 8, 'J11': 2, 'J12': 52, 'J13': 6, 'cluster3106249630_3106249631_J60_J61_#5more': 3}, 
465.0, {'J10': np.float32(-0.123959295), 'J11': np.float32(-0.04625347), 'J12': np.float32(-0.98057353), 'J13': np.float32(0.09250694), 'cluster3106249630_3106249631_J60_J61_#5more': np.float32(0.506013)}, {'J10': 5, 'J11': 1, 'J12': 15, 'J13': 3, 'cluster3106249630_3106249631_J60_J61_#5more': 2}, {'J10': 7, 'J11': 2, 'J12': 52, 'J13': 3, 'cluster3106249630_3106249631_J60_J61_#5more': 5}, 
470.0, {'J10': np.float32(-0.12950972), 'J11': np.float32(0.052728955), 'J12': np.float32(-0.98057353), 'J13': np.float32(0.11933395), 'cluster3106249630_3106249631_J60_J61_#5more': np.float32(-0.15171137)}, {'J10': 5, 'J11': 0, 'J12': 15, 'J13': 1, 'cluster3106249630_3106249631_J60_J61_#5more': 4}, {'J10': 7, 'J11': 0, 'J12': 52, 'J13': 1, 'cluster3106249630_3106249631_J60_J61_#5more': 14}, 
475.0, {'J10': np.float32(-0.12950972), 'J11': np.float32(-0.0009250694), 'J12': np.float32(-0.9879741), 'J13': np.float32(0.051803887), 'cluster3106249630_3106249631_J60_J61_#5more': np.float32(0.053654023)}, {'J10': 5, 'J11': 0, 'J12': 15, 'J13': 0, 'cluster3106249630_3106249631_J60_J61_#5more': 7}, {'J10': 7, 'J11': 0, 'J12': 53, 'J13': 0, 'cluster3106249630_3106249631_J60_J61_#5more': 11}, 
480.0, {'J10': np.float32(-0.12950972), 'J11': np.float32(-0.010175764), 'J12': np.float32(-0.17391305), 'J13': np.float32(-0.016651249), 'cluster3106249630_3106249631_J60_J61_#5more': np.float32(-0.0138760405)}, {'J10': 5, 'J11': 1, 'J12': 15, 'J13': 1, 'cluster3106249630_3106249631_J60_J61_#5more': 4}, {'J10': 7, 'J11': 2, 'J12': 52, 'J13': 1, 'cluster3106249630_3106249631_J60_J61_#5more': 8}, 
485.0, {'J10': np.float32(-0.12950972), 'J11': np.float32(0.011100832), 'J12': np.float32(-0.9787234), 'J13': np.float32(-0.0037002775), 'cluster3106249630_3106249631_J60_J61_#5more': np.float32(-0.038852915)}, {'J10': 5, 'J11': 0, 'J12': 15, 'J13': 1, 'cluster3106249630_3106249631_J60_J61_#5more': 3}, {'J10': 7, 'J11': 0, 'J12': 54, 'J13': 2, 'cluster3106249630_3106249631_J60_J61_#5more': 7}, 
490.0, {'J10': np.float32(-0.12950972), 'J11': np.float32(-0.0), 'J12': np.float32(-1.0157262), 'J13': np.float32(0.03422757), 'cluster3106249630_3106249631_J60_J61_#5more': np.float32(0.2358927)}, {'J10': 5, 'J11': 0, 'J12': 15, 'J13': 0, 'cluster3106249630_3106249631_J60_J61_#5more': 3}, {'J10': 7, 'J11': 0, 'J12': 56, 'J13': 0, 'cluster3106249630_3106249631_J60_J61_#5more': 4}, 
495.0, {'J10': np.float32(-0.13506013), 'J11': np.float32(-0.0037002775), 'J12': np.float32(-1.0647548), 'J13': np.float32(-0.0), 'cluster3106249630_3106249631_J60_J61_#5more': np.float32(-0.07308048)}, {'J10': 5, 'J11': 1, 'J12': 15, 'J13': 0, 'cluster3106249630_3106249631_J60_J61_#5more': 3}, {'J10': 7, 'J11': 2, 'J12': 58, 'J13': 0, 'cluster3106249630_3106249631_J60_J61_#5more': 4}, 
500.0, {'J10': np.float32(-0.1387604), 'J11': np.float32(-0.04440333), 'J12': np.float32(-0.89361703), 'J13': np.float32(-0.009250694), 'cluster3106249630_3106249631_J60_J61_#5more': np.float32(0.033302497)}, {'J10': 5, 'J11': 1, 'J12': 15, 'J13': 1, 'cluster3106249630_3106249631_J60_J61_#5more': 2}, {'J10': 7, 'J11': 3, 'J12': 55, 'J13': 1, 'cluster3106249630_3106249631_J60_J61_#5more': 3}, 
505.0, {'J10': np.float32(-0.1387604), 'J11': np.float32(0.018501388), 'J12': np.float32(-0.9250694), 'J13': np.float32(-0.026827011), 'cluster3106249630_3106249631_J60_J61_#5more': np.float32(0.0573543)}, {'J10': 5, 'J11': 1, 'J12': 15, 'J13': 1, 'cluster3106249630_3106249631_J60_J61_#5more': 1}, {'J10': 7, 'J11': 2, 'J12': 53, 'J13': 3, 'cluster3106249630_3106249631_J60_J61_#5more': 2}, 
510.0, {'J10': np.float32(-0.1387604), 'J11': np.float32(-0.07770583), 'J12': np.float32(-0.98982424), 'J13': np.float32(0.036077704), 'cluster3106249630_3106249631_J60_J61_#5more': np.float32(-0.055504162)}, {'J10': 5, 'J11': 1, 'J12': 15, 'J13': 0, 'cluster3106249630_3106249631_J60_J61_#5more': 1}, {'J10': 7, 'J11': 2, 'J12': 53, 'J13': 0, 'cluster3106249630_3106249631_J60_J61_#5more': 2}, 
515.0, {'J10': np.float32(0.9639223), 'J11': np.float32(0.07493062), 'J12': np.float32(-0.99907494), 'J13': np.float32(-0.008325624), 'cluster3106249630_3106249631_J60_J61_#5more': np.float32(-0.0693802)}, {'J10': 4, 'J11': 1, 'J12': 15, 'J13': 1, 'cluster3106249630_3106249631_J60_J61_#5more': 2}, {'J10': 6, 'J11': 1, 'J12': 54, 'J13': 1, 'cluster3106249630_3106249631_J60_J61_#5more': 3}, 
520.0, {'J10': np.float32(0.10453284), 'J11': np.float32(0.021276595), 'J12': np.float32(-1.0083256), 'J13': np.float32(-0.02867715), 'cluster3106249630_3106249631_J60_J61_#5more': np.float32(-0.10175763)}, {'J10': 4, 'J11': 1, 'J12': 15, 'J13': 1, 'cluster3106249630_3106249631_J60_J61_#5more': 4}, {'J10': 8, 'J11': 1, 'J12': 54, 'J13': 1, 'cluster3106249630_3106249631_J60_J61_#5more': 5}, 
525.0, {'J10': np.float32(-0.07308048), 'J11': np.float32(-0.016651249), 'J12': np.float32(-1.0083256), 'J13': np.float32(-0.050878815), 'cluster3106249630_3106249631_J60_J61_#5more': np.float32(-0.10545791)}, {'J10': 5, 'J11': 1, 'J12': 15, 'J13': 2, 'cluster3106249630_3106249631_J60_J61_#5more': 4}, {'J10': 7, 'J11': 1, 'J12': 54, 'J13': 4, 'cluster3106249630_3106249631_J60_J61_#5more': 5}, 
530.0, {'J10': np.float32(-0.12950972), 'J11': np.float32(-0.027752081), 'J12': np.float32(-1.0138761), 'J13': np.float32(-0.10545791), 'cluster3106249630_3106249631_J60_J61_#5more': np.float32(0.20166512)}, {'J10': 5, 'J11': 1, 'J12': 15, 'J13': 3, 'cluster3106249630_3106249631_J60_J61_#5more': 4}, {'J10': 7, 'J11': 3, 'J12': 55, 'J13': 6, 'cluster3106249630_3106249631_J60_J61_#5more': 6}, 
535.0, {'J10': np.float32(-0.12950972), 'J11': np.float32(0.017576318), 'J12': np.float32(-1.0416281), 'J13': np.float32(-0.12950972), 'cluster3106249630_3106249631_J60_J61_#5more': np.float32(0.052728955)}, {'J10': 5, 'J11': 1, 'J12': 15, 'J13': 3, 'cluster3106249630_3106249631_J60_J61_#5more': 3}, {'J10': 7, 'J11': 1, 'J12': 56, 'J13': 6, 'cluster3106249630_3106249631_J60_J61_#5more': 6}, 
540.0, {'J10': np.float32(-0.13043478), 'J11': np.float32(-0.027752081), 'J12': np.float32(-1.0545791), 'J13': np.float32(-0.14616096), 'cluster3106249630_3106249631_J60_J61_#5more': np.float32(-0.13968548)}, {'J10': 5, 'J11': 1, 'J12': 15, 'J13': 6, 'cluster3106249630_3106249631_J60_J61_#5more': 4}, {'J10': 7, 'J11': 1, 'J12': 56, 'J13': 9, 'cluster3106249630_3106249631_J60_J61_#5more': 11}, 
545.0, {'J10': np.float32(-0.1387604), 'J11': np.float32(-0.047178537), 'J12': np.float32(-1.0157262), 'J13': np.float32(0.26456985), 'cluster3106249630_3106249631_J60_J61_#5more': np.float32(-0.22201665)}, {'J10': 5, 'J11': 1, 'J12': 15, 'J13': 4, 'cluster3106249630_3106249631_J60_J61_#5more': 7}, {'J10': 7, 'J11': 1, 'J12': 56, 'J13': 5, 'cluster3106249630_3106249631_J60_J61_#5more': 16}, 
550.0, {'J10': np.float32(-0.14431082), 'J11': np.float32(-0.06105458), 'J12': np.float32(-1.0638298), 'J13': np.float32(0.18778908), 'cluster3106249630_3106249631_J60_J61_#5more': np.float32(-0.18778908)}, {'J10': 5, 'J11': 2, 'J12': 15, 'J13': 0, 'cluster3106249630_3106249631_J60_J61_#5more': 8}, {'J10': 7, 'J11': 4, 'J12': 58, 'J13': 0, 'cluster3106249630_3106249631_J60_J61_#5more': 20}, 
555.0, {'J10': np.float32(-0.1480111), 'J11': np.float32(-0.12025902), 'J12': np.float32(0.13320999), 'J13': np.float32(-0.024051804), 'cluster3106249630_3106249631_J60_J61_#5more': np.float32(0.1387604)}, {'J10': 5, 'J11': 2, 'J12': 15, 'J13': 1, 'cluster3106249630_3106249631_J60_J61_#5more': 11}, {'J10': 7, 'J11': 4, 'J12': 57, 'J13': 1, 'cluster3106249630_3106249631_J60_J61_#5more': 16}, 
560.0, {'J10': np.float32(-0.15726179), 'J11': np.float32(0.25439408), 'J12': np.float32(-0.17761332), 'J13': np.float32(0.012025902), 'cluster3106249630_3106249631_J60_J61_#5more': np.float32(0.37187788)}, {'J10': 5, 'J11': 1, 'J12': 15, 'J13': 2, 'cluster3106249630_3106249631_J60_J61_#5more': 7}, {'J10': 7, 'J11': 1, 'J12': 56, 'J13': 3, 'cluster3106249630_3106249631_J60_J61_#5more': 7}, 
565.0, {'J10': np.float32(-0.15726179), 'J11': np.float32(0.03237743), 'J12': np.float32(1.2442183), 'J13': np.float32(-0.055504162), 'cluster3106249630_3106249631_J60_J61_#5more': np.float32(0.091581866)}, {'J10': 5, 'J11': 0, 'J12': 15, 'J13': 2, 'cluster3106249630_3106249631_J60_J61_#5more': 4}, {'J10': 7, 'J11': 0, 'J12': 59, 'J13': 3, 'cluster3106249630_3106249631_J60_J61_#5more': 5}, 
570.0, {'J10': np.float32(-0.15726179), 'J11': np.float32(-0.04347826), 'J12': np.float32(-0.18871415), 'J13': np.float32(-0.06475486), 'cluster3106249630_3106249631_J60_J61_#5more': np.float32(-0.049028676)}, {'J10': 5, 'J11': 2, 'J12': 15, 'J13': 3, 'cluster3106249630_3106249631_J60_J61_#5more': 4}, {'J10': 7, 'J11': 2, 'J12': 60, 'J13': 4, 'cluster3106249630_3106249631_J60_J61_#5more': 7}, 
575.0, {'J10': np.float32(-0.15726179), 'J11': np.float32(-0.06012951), 'J12': np.float32(-0.7705828), 'J13': np.float32(0.12118409), 'cluster3106249630_3106249631_J60_J61_#5more': np.float32(-0.035152636)}, {'J10': 5, 'J11': 1, 'J12': 15, 'J13': 1, 'cluster3106249630_3106249631_J60_J61_#5more': 4}, {'J10': 7, 'J11': 2, 'J12': 58, 'J13': 1, 'cluster3106249630_3106249631_J60_J61_#5more': 8}, 
580.0, {'J10': np.float32(1.8677151), 'J11': np.float32(-0.08140611), 'J12': np.float32(0.21091582), 'J13': np.float32(0.012950972), 'cluster3106249630_3106249631_J60_J61_#5more': np.float32(-0.061979648)}, {'J10': 3, 'J11': 2, 'J12': 15, 'J13': 2, 'cluster3106249630_3106249631_J60_J61_#5more': 4}, {'J10': 5, 'J11': 3, 'J12': 56, 'J13': 2, 'cluster3106249630_3106249631_J60_J61_#5more': 7}, 
585.0, {'J10': np.float32(0.15171137), 'J11': np.float32(-0.10638298), 'J12': np.float32(3.0), 'J13': np.float32(-0.06475486), 'cluster3106249630_3106249631_J60_J61_#5more': np.float32(0.01480111)}, {'J10': 3, 'J11': 3, 'J12': 13, 'J13': 4, 'cluster3106249630_3106249631_J60_J61_#5more': 4}, {'J10': 4, 'J11': 5, 'J12': 54, 'J13': 5, 'cluster3106249630_3106249631_J60_J61_#5more': 6}, 
590.0, {'J10': np.float32(-0.084181316), 'J11': np.float32(-0.14616096), 'J12': np.float32(1.1933395), 'J13': np.float32(-0.103607774), 'cluster3106249630_3106249631_J60_J61_#5more': np.float32(-0.09343201)}, {'J10': 4, 'J11': 3, 'J12': 13, 'J13': 4, 'cluster3106249630_3106249631_J60_J61_#5more': 4}, {'J10': 6, 'J11': 6, 'J12': 51, 'J13': 5, 'cluster3106249630_3106249631_J60_J61_#5more': 6}, 
595.0, {'J10': np.float32(-0.12025902), 'J11': np.float32(0.40333024), 'J12': np.float32(2.1470861), 'J13': np.float32(-0.111008324), 'cluster3106249630_3106249631_J60_J61_#5more': np.float32(-0.13968548)}, {'J10': 5, 'J11': 1, 'J12': 11, 'J13': 4, 'cluster3106249630_3106249631_J60_J61_#5more': 4}, {'J10': 7, 'J11': 1, 'J12': 54, 'J13': 5, 'cluster3106249630_3106249631_J60_J61_#5more': 6}, 
600.0, {'J10': np.float32(-0.12950972), 'J11': np.float32(0.037002776), 'J12': np.float32(-0.26364478), 'J13': np.float32(-0.111008324), 'cluster3106249630_3106249631_J60_J61_#5more': np.float32(-0.16558743)}, {'J10': 5, 'J11': 1, 'J12': 11, 'J13': 4, 'cluster3106249630_3106249631_J60_J61_#5more': 4}, {'J10': 7, 'J11': 2, 'J12': 59, 'J13': 5, 'cluster3106249630_3106249631_J60_J61_#5more': 6}, 
605.0, {'J10': np.float32(-0.13135985), 'J11': np.float32(-0.038852915), 'J12': np.float32(-0.2719704), 'J13': np.float32(-0.12118409), 'cluster3106249630_3106249631_J60_J61_#5more': np.float32(-0.010175764)}, {'J10': 5, 'J11': 3, 'J12': 13, 'J13': 5, 'cluster3106249630_3106249631_J60_J61_#5more': 4}, {'J10': 7, 'J11': 6, 'J12': 61, 'J13': 7, 'cluster3106249630_3106249631_J60_J61_#5more': 5}, 
610.0, {'J10': np.float32(-0.1387604), 'J11': np.float32(-0.12673451), 'J12': np.float32(0.41813135), 'J13': np.float32(-0.16558743), 'cluster3106249630_3106249631_J60_J61_#5more': np.float32(0.111933395)}, {'J10': 5, 'J11': 4, 'J12': 13, 'J13': 8, 'cluster3106249630_3106249631_J60_J61_#5more': 4}, {'J10': 7, 'J11': 8, 'J12': 65, 'J13': 10, 'cluster3106249630_3106249631_J60_J61_#5more': 5}, 
615.0, {'J10': np.float32(-0.1387604), 'J11': np.float32(-0.025901943), 'J12': np.float32(0.3626272), 'J13': np.float32(0.38575393), 'cluster3106249630_3106249631_J60_J61_#5more': np.float32(-0.14061055)}, {'J10': 5, 'J11': 5, 'J12': 12, 'J13': 5, 'cluster3106249630_3106249631_J60_J61_#5more': 4}, {'J10': 7, 'J11': 7, 'J12': 62, 'J13': 5, 'cluster3106249630_3106249631_J60_J61_#5more': 11}, 
620.0, {'J10': np.float32(-0.14246069), 'J11': np.float32(-0.0018501388), 'J12': np.float32(-1.1831638), 'J13': np.float32(0.039777983), 'cluster3106249630_3106249631_J60_J61_#5more': np.float32(0.0037002775)}, {'J10': 5, 'J11': 3, 'J12': 12, 'J13': 4, 'cluster3106249630_3106249631_J60_J61_#5more': 6}, {'J10': 7, 'J11': 8, 'J12': 68, 'J13': 4, 'cluster3106249630_3106249631_J60_J61_#5more': 15}, 
625.0, {'J10': np.float32(-0.1480111), 'J11': np.float32(-0.053654023), 'J12': np.float32(-0.008325624), 'J13': np.float32(-0.099907495), 'cluster3106249630_3106249631_J60_J61_#5more': np.float32(0.25254393)}, {'J10': 5, 'J11': 2, 'J12': 12, 'J13': 5, 'cluster3106249630_3106249631_J60_J61_#5more': 4}, {'J10': 7, 'J11': 6, 'J12': 67, 'J13': 6, 'cluster3106249630_3106249631_J60_J61_#5more': 6}, 
630.0, {'J10': np.float32(-0.15263645), 'J11': np.float32(0.08048104), 'J12': np.float32(-1.2090657), 'J13': np.float32(-0.14338575), 'cluster3106249630_3106249631_J60_J61_#5more': np.float32(0.25346902)}, {'J10': 5, 'J11': 1, 'J12': 12, 'J13': 6, 'cluster3106249630_3106249631_J60_J61_#5more': 1}, {'J10': 7, 'J11': 2, 'J12': 69, 'J13': 7, 'cluster3106249630_3106249631_J60_J61_#5more': 2}, 
635.0, {'J10': np.float32(-0.15726179), 'J11': np.float32(-0.02867715), 'J12': np.float32(-1.2904718), 'J13': np.float32(-0.16836263), 'cluster3106249630_3106249631_J60_J61_#5more': np.float32(-0.09713229)}, {'J10': 5, 'J11': 1, 'J12': 12, 'J13': 8, 'cluster3106249630_3106249631_J60_J61_#5more': 3}, {'J10': 7, 'J11': 1, 'J12': 70, 'J13': 9, 'cluster3106249630_3106249631_J60_J61_#5more': 7}, 
640.0, {'J10': np.float32(-0.15726179), 'J11': np.float32(-0.103607774), 'J12': np.float32(-0.11840888), 'J13': np.float32(0.28214616), 'cluster3106249630_3106249631_J60_J61_#5more': np.float32(0.022201665)}, {'J10': 5, 'J11': 1, 'J12': 15, 'J13': 7, 'cluster3106249630_3106249631_J60_J61_#5more': 8}, {'J10': 7, 'J11': 1, 'J12': 69, 'J13': 8, 'cluster3106249630_3106249631_J60_J61_#5more': 17}, 
645.0, {'J10': np.float32(1.8381128), 'J11': np.float32(0.12025902), 'J12': np.float32(-1.2312673), 'J13': np.float32(0.12025902), 'cluster3106249630_3106249631_J60_J61_#5more': np.float32(-0.26364478)}, {'J10': 3, 'J11': 0, 'J12': 15, 'J13': 5, 'cluster3106249630_3106249631_J60_J61_#5more': 8}, {'J10': 5, 'J11': 0, 'J12': 70, 'J13': 6, 'cluster3106249630_3106249631_J60_J61_#5more': 21}, 
650.0, {'J10': np.float32(0.123959295), 'J11': np.float32(0.17113784), 'J12': np.float32(-1.239593), 'J13': np.float32(0.071230344), 'cluster3106249630_3106249631_J60_J61_#5more': np.float32(-0.36632746)}, {'J10': 3, 'J11': 1, 'J12': 15, 'J13': 3, 'cluster3106249630_3106249631_J60_J61_#5more': 9}, {'J10': 6, 'J11': 1, 'J12': 69, 'J13': 4, 'cluster3106249630_3106249631_J60_J61_#5more': 23}, 
655.0, {'J10': np.float32(-0.06012951), 'J11': np.float32(-0.047178537), 'J12': np.float32(-0.8492137), 'J13': np.float32(0.08510638), 'cluster3106249630_3106249631_J60_J61_#5more': np.float32(-0.42460686)}, {'J10': 5, 'J11': 1, 'J12': 15, 'J13': 1, 'cluster3106249630_3106249631_J60_J61_#5more': 11}, {'J10': 6, 'J11': 2, 'J12': 68, 'J13': 2, 'cluster3106249630_3106249631_J60_J61_#5more': 27}, 
660.0, {'J10': np.float32(-0.12118409), 'J11': np.float32(-0.07493062), 'J12': np.float32(1.6512488), 'J13': np.float32(0.037002776), 'cluster3106249630_3106249631_J60_J61_#5more': np.float32(-0.5901943)}, {'J10': 5, 'J11': 2, 'J12': 15, 'J13': 1, 'cluster3106249630_3106249631_J60_J61_#5more': 13}, {'J10': 6, 'J11': 3, 'J12': 66, 'J13': 2, 'cluster3106249630_3106249631_J60_J61_#5more': 33}, 
665.0, {'J10': np.float32(-0.12580943), 'J11': np.float32(-0.10638298), 'J12': np.float32(1.4098058), 'J13': np.float32(-0.015726179), 'cluster3106249630_3106249631_J60_J61_#5more': np.float32(-0.07215541)}, {'J10': 5, 'J11': 2, 'J12': 15, 'J13': 1, 'cluster3106249630_3106249631_J60_J61_#5more': 14}, {'J10': 6, 'J11': 4, 'J12': 60, 'J13': 2, 'cluster3106249630_3106249631_J60_J61_#5more': 35}, 
670.0, {'J10': np.float32(-0.13135985), 'J11': np.float32(0.19796485), 'J12': np.float32(-0.8760407), 'J13': np.float32(-0.038852915), 'cluster3106249630_3106249631_J60_J61_#5more': np.float32(-0.4745606)}, {'J10': 5, 'J11': 1, 'J12': 15, 'J13': 2, 'cluster3106249630_3106249631_J60_J61_#5more': 15}, {'J10': 7, 'J11': 2, 'J12': 59, 'J13': 3, 'cluster3106249630_3106249631_J60_J61_#5more': 36}, 
675.0, {'J10': np.float32(-0.1480111), 'J11': np.float32(0.007400555), 'J12': np.float32(0.3320999), 'J13': np.float32(-0.055504162), 'cluster3106249630_3106249631_J60_J61_#5more': np.float32(-0.68732655)}, {'J10': 5, 'J11': 1, 'J12': 15, 'J13': 2, 'cluster3106249630_3106249631_J60_J61_#5more': 16}, {'J10': 7, 'J11': 2, 'J12': 56, 'J13': 3, 'cluster3106249630_3106249631_J60_J61_#5more': 39}, 
680.0, {'J10': np.float32(-0.1480111), 'J11': np.float32(-0.036077704), 'J12': np.float32(-0.88344127), 'J13': np.float32(-0.067530066), 'cluster3106249630_3106249631_J60_J61_#5more': np.float32(-0.7705828)}, {'J10': 5, 'J11': 2, 'J12': 15, 'J13': 4, 'cluster3106249630_3106249631_J60_J61_#5more': 18}, {'J10': 7, 'J11': 2, 'J12': 58, 'J13': 5, 'cluster3106249630_3106249631_J60_J61_#5more': 46}, 
685.0, {'J10': np.float32(-0.15726179), 'J11': np.float32(-0.08695652), 'J12': np.float32(-0.3043478), 'J13': np.float32(0.07678076), 'cluster3106249630_3106249631_J60_J61_#5more': np.float32(0.8251619)}, {'J10': 5, 'J11': 2, 'J12': 14, 'J13': 4, 'cluster3106249630_3106249631_J60_J61_#5more': 16}, {'J10': 7, 'J11': 2, 'J12': 62, 'J13': 4, 'cluster3106249630_3106249631_J60_J61_#5more': 39}, 
690.0, {'J10': np.float32(-0.15726179), 'J11': np.float32(0.07493062), 'J12': np.float32(-0.7345051), 'J13': np.float32(-0.08510638), 'cluster3106249630_3106249631_J60_J61_#5more': np.float32(-0.7400555)}, {'J10': 5, 'J11': 1, 'J12': 14, 'J13': 4, 'cluster3106249630_3106249631_J60_J61_#5more': 16}, {'J10': 7, 'J11': 2, 'J12': 59, 'J13': 5, 'cluster3106249630_3106249631_J60_J61_#5more': 39}, 
695.0, {'J10': np.float32(-0.15726179), 'J11': np.float32(0.054579094), 'J12': np.float32(-0.4921369), 'J13': np.float32(0.031452358), 'cluster3106249630_3106249631_J60_J61_#5more': np.float32(-0.7613321)}, {'J10': 5, 'J11': 2, 'J12': 14, 'J13': 3, 'cluster3106249630_3106249631_J60_J61_#5more': 16}, {'J10': 7, 'J11': 3, 'J12': 62, 'J13': 3, 'cluster3106249630_3106249631_J60_J61_#5more': 41}, 
700.0, {'J10': np.float32(-0.15726179), 'J11': np.float32(-0.012950972), 'J12': np.float32(-0.839963), 'J13': np.float32(0.15356152), 'cluster3106249630_3106249631_J60_J61_#5more': np.float32(-0.24051803)}, {'J10': 5, 'J11': 1, 'J12': 14, 'J13': 1, 'cluster3106249630_3106249631_J60_J61_#5more': 18}, {'J10': 7, 'J11': 1, 'J12': 60, 'J13': 2, 'cluster3106249630_3106249631_J60_J61_#5more': 46}, 
705.0, {'J10': np.float32(-0.15726179), 'J11': np.float32(-0.051803887), 'J12': np.float32(0.44310823), 'J13': np.float32(0.07493062), 'cluster3106249630_3106249631_J60_J61_#5more': np.float32(-0.533765)}, {'J10': 5, 'J11': 1, 'J12': 14, 'J13': 1, 'cluster3106249630_3106249631_J60_J61_#5more': 20}, {'J10': 7, 'J11': 1, 'J12': 58, 'J13': 1, 'cluster3106249630_3106249631_J60_J61_#5more': 45}, 
710.0, {'J10': np.float32(1.0166513), 'J11': np.float32(-0.06475486), 'J12': np.float32(-0.7659575), 'J13': np.float32(0.008325624), 'cluster3106249630_3106249631_J60_J61_#5more': np.float32(0.42923218)}, {'J10': 4, 'J11': 1, 'J12': 14, 'J13': 0, 'cluster3106249630_3106249631_J60_J61_#5more': 21}, {'J10': 6, 'J11': 2, 'J12': 59, 'J13': 0, 'cluster3106249630_3106249631_J60_J61_#5more': 43}, 
715.0, {'J10': np.float32(-0.111933395), 'J11': np.float32(-0.08603145), 'J12': np.float32(-1.0915818), 'J13': np.float32(-0.012025902), 'cluster3106249630_3106249631_J60_J61_#5more': np.float32(1.2321924)}, {'J10': 4, 'J11': 1, 'J12': 14, 'J13': 1, 'cluster3106249630_3106249631_J60_J61_#5more': 20}, {'J10': 6, 'J11': 2, 'J12': 59, 'J13': 2, 'cluster3106249630_3106249631_J60_J61_#5more': 39}, 
720.0, {'J10': np.float32(-0.160037), 'J11': np.float32(-0.09435707), 'J12': np.float32(-1.1165588), 'J13': np.float32(-0.0453284), 'cluster3106249630_3106249631_J60_J61_#5more': np.float32(1.4625347)}, {'J10': 5, 'J11': 1, 'J12': 15, 'J13': 1, 'cluster3106249630_3106249631_J60_J61_#5more': 15}, {'J10': 13, 'J11': 2, 'J12': 64, 'J13': 3, 'cluster3106249630_3106249631_J60_J61_#5more': 28}, 
725.0, {'J10': np.float32(-0.091581866), 'J11': np.float32(-0.10915819), 'J12': np.float32(-1.1914893), 'J13': np.float32(0.03052729), 'cluster3106249630_3106249631_J60_J61_#5more': np.float32(0.5106383)}, {'J10': 5, 'J11': 2, 'J12': 15, 'J13': 1, 'cluster3106249630_3106249631_J60_J61_#5more': 9}, {'J10': 8, 'J11': 3, 'J12': 66, 'J13': 1, 'cluster3106249630_3106249631_J60_J61_#5more': 20}, 
730.0, {'J10': np.float32(-0.116558746), 'J11': np.float32(0.42090657), 'J12': np.float32(-1.2210916), 'J13': np.float32(-0.038852915), 'cluster3106249630_3106249631_J60_J61_#5more': np.float32(-0.04625347)}, {'J10': 5, 'J11': 1, 'J12': 15, 'J13': 3, 'cluster3106249630_3106249631_J60_J61_#5more': 7}, {'J10': 7, 'J11': 2, 'J12': 66, 'J13': 4, 'cluster3106249630_3106249631_J60_J61_#5more': 20}, 
735.0, {'J10': np.float32(-0.1387604), 'J11': np.float32(0.019426458), 'J12': np.float32(-1.2451434), 'J13': np.float32(-0.040703055), 'cluster3106249630_3106249631_J60_J61_#5more': np.float32(0.056429233)}, {'J10': 5, 'J11': 0, 'J12': 15, 'J13': 2, 'cluster3106249630_3106249631_J60_J61_#5more': 5}, {'J10': 7, 'J11': 0, 'J12': 70, 'J13': 3, 'cluster3106249630_3106249631_J60_J61_#5more': 12}, 
740.0, {'J10': np.float32(-0.1387604), 'J11': np.float32(-0.019426458), 'J12': np.float32(-0.061979648), 'J13': np.float32(0.07400555), 'cluster3106249630_3106249631_J60_J61_#5more': np.float32(0.7345051)}, {'J10': 5, 'J11': 0, 'J12': 15, 'J13': 1, 'cluster3106249630_3106249631_J60_J61_#5more': 5}, {'J10': 7, 'J11': 0, 'J12': 71, 'J13': 2, 'cluster3106249630_3106249631_J60_J61_#5more': 15}, 
745.0, {'J10': np.float32(-0.14061055), 'J11': np.float32(-0.03052729), 'J12': np.float32(3.0), 'J13': np.float32(-0.06845514), 'cluster3106249630_3106249631_J60_J61_#5more': np.float32(-0.29694727)}, {'J10': 5, 'J11': 1, 'J12': 13, 'J13': 1, 'cluster3106249630_3106249631_J60_J61_#5more': 5}, {'J10': 7, 'J11': 1, 'J12': 67, 'J13': 3, 'cluster3106249630_3106249631_J60_J61_#5more': 22}, 
750.0, {'J10': np.float32(-0.1480111), 'J11': np.float32(-0.04810361), 'J12': np.float32(3.0), 'J13': np.float32(-0.041628122), 'cluster3106249630_3106249631_J60_J61_#5more': np.float32(-0.43385753)}, {'J10': 5, 'J11': 1, 'J12': 12, 'J13': 1, 'cluster3106249630_3106249631_J60_J61_#5more': 7}, {'J10': 7, 'J11': 1, 'J12': 60, 'J13': 3, 'cluster3106249630_3106249631_J60_J61_#5more': 30}, 
755.0, {'J10': np.float32(-0.1480111), 'J11': np.float32(-0.079555966), 'J12': np.float32(0.6456984), 'J13': np.float32(0.11840888), 'cluster3106249630_3106249631_J60_J61_#5more': np.float32(-0.3209991)}, {'J10': 5, 'J11': 1, 'J12': 12, 'J13': 1, 'cluster3106249630_3106249631_J60_J61_#5more': 10}, {'J10': 7, 'J11': 1, 'J12': 55, 'J13': 1, 'cluster3106249630_3106249631_J60_J61_#5more': 32}, 
760.0, {'J10': np.float32(-0.1480111), 'J11': np.float32(-0.10823312), 'J12': np.float32(0.31822386), 'J13': np.float32(-0.022201665), 'cluster3106249630_3106249631_J60_J61_#5more': np.float32(-0.47826087)}, {'J10': 5, 'J11': 1, 'J12': 12, 'J13': 1, 'cluster3106249630_3106249631_J60_J61_#5more': 13}, {'J10': 7, 'J11': 1, 'J12': 53, 'J13': 2, 'cluster3106249630_3106249631_J60_J61_#5more': 38}, 
765.0, {'J10': np.float32(-0.1480111), 'J11': np.float32(0.29139686), 'J12': np.float32(3.0), 'J13': np.float32(-0.049028676), 'cluster3106249630_3106249631_J60_J61_#5more': np.float32(0.17483811)}, {'J10': 5, 'J11': 1, 'J12': 11, 'J13': 2, 'cluster3106249630_3106249631_J60_J61_#5more': 12}, {'J10': 7, 'J11': 1, 'J12': 50, 'J13': 4, 'cluster3106249630_3106249631_J60_J61_#5more': 30}, 
770.0, {'J10': np.float32(-0.1480111), 'J11': np.float32(-0.027752081), 'J12': np.float32(0.41905642), 'J13': np.float32(-0.019426458), 'cluster3106249630_3106249631_J60_J61_#5more': np.float32(0.6743756)}, {'J10': 5, 'J11': 1, 'J12': 12, 'J13': 2, 'cluster3106249630_3106249631_J60_J61_#5more': 12}, {'J10': 7, 'J11': 2, 'J12': 52, 'J13': 3, 'cluster3106249630_3106249631_J60_J61_#5more': 21}, 
775.0, {'J10': np.float32(1.093432), 'J11': np.float32(-0.051803887), 'J12': np.float32(0.2867715), 'J13': np.float32(-0.06382979), 'cluster3106249630_3106249631_J60_J61_#5more': np.float32(0.2053654)}, {'J10': 4, 'J11': 2, 'J12': 14, 'J13': 2, 'cluster3106249630_3106249631_J60_J61_#5more': 10}, {'J10': 7, 'J11': 2, 'J12': 58, 'J13': 4, 'cluster3106249630_3106249631_J60_J61_#5more': 16}, 
780.0, {'J10': np.float32(0.091581866), 'J11': np.float32(0.07770583), 'J12': np.float32(-0.35800186), 'J13': np.float32(-0.08973173), 'cluster3106249630_3106249631_J60_J61_#5more': np.float32(0.04440333)}, {'J10': 4, 'J11': 1, 'J12': 14, 'J13': 3, 'cluster3106249630_3106249631_J60_J61_#5more': 7}, {'J10': 9, 'J11': 1, 'J12': 55, 'J13': 6, 'cluster3106249630_3106249631_J60_J61_#5more': 12}, 
785.0, {'J10': np.float32(-0.11008326), 'J11': np.float32(-0.012950972), 'J12': np.float32(1.507863), 'J13': np.float32(-0.12580943), 'cluster3106249630_3106249631_J60_J61_#5more': np.float32(0.08233117)}, {'J10': 5, 'J11': 1, 'J12': 14, 'J13': 3, 'cluster3106249630_3106249631_J60_J61_#5more': 4}, {'J10': 8, 'J11': 1, 'J12': 52, 'J13': 7, 'cluster3106249630_3106249631_J60_J61_#5more': 9}, 
790.0, {'J10': np.float32(-0.049953748), 'J11': np.float32(0.01480111), 'J12': np.float32(-0.6114709), 'J13': np.float32(-0.15263645), 'cluster3106249630_3106249631_J60_J61_#5more': np.float32(-0.20629047)}, {'J10': 5, 'J11': 0, 'J12': 14, 'J13': 5, 'cluster3106249630_3106249631_J60_J61_#5more': 4}, {'J10': 6, 'J11': 0, 'J12': 53, 'J13': 10, 'cluster3106249630_3106249631_J60_J61_#5more': 10}, 
795.0, {'J10': np.float32(-0.111008324), 'J11': np.float32(-0.015726179), 'J12': np.float32(0.02867715), 'J13': np.float32(-0.14153561), 'cluster3106249630_3106249631_J60_J61_#5more': np.float32(0.051803887)}, {'J10': 5, 'J11': 1, 'J12': 14, 'J13': 5, 'cluster3106249630_3106249631_J60_J61_#5more': 4}, {'J10': 6, 'J11': 1, 'J12': 50, 'J13': 11, 'cluster3106249630_3106249631_J60_J61_#5more': 7}, 
800.0, {'J10': np.float32(-0.111008324), 'J11': np.float32(-0.040703055), 'J12': np.float32(1.0906568), 'J13': np.float32(-0.23034227), 'cluster3106249630_3106249631_J60_J61_#5more': np.float32(0.11748381)}, {'J10': 5, 'J11': 1, 'J12': 14, 'J13': 7, 'cluster3106249630_3106249631_J60_J61_#5more': 3}, {'J10': 6, 'J11': 1, 'J12': 45, 'J13': 13, 'cluster3106249630_3106249631_J60_J61_#5more': 9}, 
805.0, {'J10': np.float32(-0.111008324), 'J11': np.float32(-0.0037002775), 'J12': np.float32(1.3515264), 'J13': np.float32(-0.26086956), 'cluster3106249630_3106249631_J60_J61_#5more': np.float32(0.07030527)}, {'J10': 5, 'J11': 1, 'J12': 14, 'J13': 7, 'cluster3106249630_3106249631_J60_J61_#5more': 3}, {'J10': 6, 'J11': 2, 'J12': 41, 'J13': 13, 'cluster3106249630_3106249631_J60_J61_#5more': 5}, 
810.0, {'J10': np.float32(-0.111008324), 'J11': np.float32(-0.015726179), 'J12': np.float32(-0.111933395), 'J13': np.float32(-0.27104533), 'cluster3106249630_3106249631_J60_J61_#5more': np.float32(1.0249768)}, {'J10': 5, 'J11': 1, 'J12': 14, 'J13': 8, 'cluster3106249630_3106249631_J60_J61_#5more': 2}, {'J10': 6, 'J11': 1, 'J12': 40, 'J13': 14, 'cluster3106249630_3106249631_J60_J61_#5more': 4}, 
815.0, {'J10': np.float32(-0.111008324), 'J11': np.float32(-0.0138760405), 'J12': np.float32(-0.746531), 'J13': np.float32(0.506013), 'cluster3106249630_3106249631_J60_J61_#5more': np.float32(0.27012026)}, {'J10': 5, 'J11': 1, 'J12': 14, 'J13': 6, 'cluster3106249630_3106249631_J60_J61_#5more': 4}, {'J10': 6, 'J11': 1, 'J12': 41, 'J13': 10, 'cluster3106249630_3106249631_J60_J61_#5more': 10}, 
820.0, {'J10': np.float32(-0.11378353), 'J11': np.float32(0.091581866), 'J12': np.float32(-0.800185), 'J13': np.float32(0.27844587), 'cluster3106249630_3106249631_J60_J61_#5more': np.float32(-0.20444034)}, {'J10': 5, 'J11': 0, 'J12': 14, 'J13': 4, 'cluster3106249630_3106249631_J60_J61_#5more': 6}, {'J10': 6, 'J11': 0, 'J12': 50, 'J13': 7, 'cluster3106249630_3106249631_J60_J61_#5more': 15}, 
825.0, {'J10': np.float32(-0.12025902), 'J11': np.float32(-0.004625347), 'J12': np.float32(0.13413507), 'J13': np.float32(-0.13043478), 'cluster3106249630_3106249631_J60_J61_#5more': np.float32(-0.26086956)}, {'J10': 5, 'J11': 1, 'J12': 15, 'J13': 5, 'cluster3106249630_3106249631_J60_J61_#5more': 7}, {'J10': 6, 'J11': 3, 'J12': 58, 'J13': 8, 'cluster3106249630_3106249631_J60_J61_#5more': 19}, 
830.0, {'J10': np.float32(-0.12025902), 'J11': np.float32(-0.022201665), 'J12': np.float32(1.2691952), 'J13': np.float32(-0.18408881), 'cluster3106249630_3106249631_J60_J61_#5more': np.float32(-0.35800186)}, {'J10': 5, 'J11': 1, 'J12': 14, 'J13': 10, 'cluster3106249630_3106249631_J60_J61_#5more': 8}, {'J10': 6, 'J11': 3, 'J12': 57, 'J13': 13, 'cluster3106249630_3106249631_J60_J61_#5more': 20}, 
835.0, {'J10': np.float32(-0.12025902), 'J11': np.float32(0.002775208), 'J12': np.float32(-1.0814061), 'J13': np.float32(0.21276596), 'cluster3106249630_3106249631_J60_J61_#5more': np.float32(-0.39685476)}, {'J10': 5, 'J11': 1, 'J12': 14, 'J13': 10, 'cluster3106249630_3106249631_J60_J61_#5more': 9}, {'J10': 6, 'J11': 2, 'J12': 61, 'J13': 12, 'cluster3106249630_3106249631_J60_J61_#5more': 23}, 
840.0, {'J10': np.float32(1.7474561), 'J11': np.float32(0.020351527), 'J12': np.float32(-1.1489362), 'J13': np.float32(0.4347826), 'cluster3106249630_3106249631_J60_J61_#5more': np.float32(-0.45975947)}, {'J10': 3, 'J11': 0, 'J12': 14, 'J13': 6, 'cluster3106249630_3106249631_J60_J61_#5more': 10}, {'J10': 3, 'J11': 0, 'J12': 65, 'J13': 6, 'cluster3106249630_3106249631_J60_J61_#5more': 26}, 
845.0, {'J10': np.float32(-0.055504162), 'J11': np.float32(-0.022201665), 'J12': np.float32(-0.27567068), 'J13': np.float32(0.115633674), 'cluster3106249630_3106249631_J60_J61_#5more': np.float32(0.68455136)}, {'J10': 3, 'J11': 1, 'J12': 15, 'J13': 4, 'cluster3106249630_3106249631_J60_J61_#5more': 9}, {'J10': 3, 'J11': 1, 'J12': 70, 'J13': 5, 'cluster3106249630_3106249631_J60_J61_#5more': 18}, 
850.0, {'J10': np.float32(-0.06105458), 'J11': np.float32(-0.037002776), 'J12': np.float32(0.63552266), 'J13': np.float32(-0.11378353), 'cluster3106249630_3106249631_J60_J61_#5more': np.float32(0.5457909)}, {'J10': 5, 'J11': 1, 'J12': 15, 'J13': 4, 'cluster3106249630_3106249631_J60_J61_#5more': 4}, {'J10': 5, 'J11': 1, 'J12': 65, 'J13': 5, 'cluster3106249630_3106249631_J60_J61_#5more': 7}, 
855.0, {'J10': np.float32(-0.09250694), 'J11': np.float32(0.050878815), 'J12': np.float32(-0.97317296), 'J13': np.float32(-0.13043478), 'cluster3106249630_3106249631_J60_J61_#5more': np.float32(0.07678076)}, {'J10': 5, 'J11': 1, 'J12': 15, 'J13': 6, 'cluster3106249630_3106249631_J60_J61_#5more': 2}, {'J10': 5, 'J11': 2, 'J12': 63, 'J13': 7, 'cluster3106249630_3106249631_J60_J61_#5more': 6}, 
860.0, {'J10': np.float32(-0.09250694), 'J11': np.float32(-0.012950972), 'J12': np.float32(-1.173913), 'J13': np.float32(-0.16466235), 'cluster3106249630_3106249631_J60_J61_#5more': np.float32(-0.05920444)}, {'J10': 5, 'J11': 2, 'J12': 15, 'J13': 6, 'cluster3106249630_3106249631_J60_J61_#5more': 3}, {'J10': 5, 'J11': 2, 'J12': 65, 'J13': 8, 'cluster3106249630_3106249631_J60_J61_#5more': 8}, 
865.0, {'J10': np.float32(-0.09250694), 'J11': np.float32(0.005550416), 'J12': np.float32(-1.0111009), 'J13': np.float32(-0.17668825), 'cluster3106249630_3106249631_J60_J61_#5more': np.float32(0.06567992)}, {'J10': 5, 'J11': 1, 'J12': 15, 'J13': 7, 'cluster3106249630_3106249631_J60_J61_#5more': 2}, {'J10': 5, 'J11': 1, 'J12': 69, 'J13': 9, 'cluster3106249630_3106249631_J60_J61_#5more': 5}, 
870.0, {'J10': np.float32(-0.09250694), 'J11': np.float32(0.006475486), 'J12': np.float32(-0.95929694), 'J13': np.float32(0.3709528), 'cluster3106249630_3106249631_J60_J61_#5more': np.float32(0.111008324)}, {'J10': 5, 'J11': 1, 'J12': 15, 'J13': 5, 'cluster3106249630_3106249631_J60_J61_#5more': 4}, {'J10': 5, 'J11': 1, 'J12': 69, 'J13': 5, 'cluster3106249630_3106249631_J60_J61_#5more': 5}, 
875.0, {'J10': np.float32(-0.09435707), 'J11': np.float32(0.012950972), 'J12': np.float32(-0.8501388), 'J13': np.float32(-0.103607774), 'cluster3106249630_3106249631_J60_J61_#5more': np.float32(0.19981499)}, {'J10': 5, 'J11': 0, 'J12': 15, 'J13': 5, 'cluster3106249630_3106249631_J60_J61_#5more': 4}, {'J10': 5, 'J11': 0, 'J12': 67, 'J13': 5, 'cluster3106249630_3106249631_J60_J61_#5more': 6}, 
880.0, {'J10': np.float32(-0.1026827), 'J11': np.float32(-0.006475486), 'J12': np.float32(-1.253469), 'J13': np.float32(0.43940794), 'cluster3106249630_3106249631_J60_J61_#5more': np.float32(-0.11008326)}, {'J10': 5, 'J11': 1, 'J12': 15, 'J13': 1, 'cluster3106249630_3106249631_J60_J61_#5more': 4}, {'J10': 5, 'J11': 1, 'J12': 69, 'J13': 1, 'cluster3106249630_3106249631_J60_J61_#5more': 11}, 
885.0, {'J10': np.float32(-0.111008324), 'J11': np.float32(-0.040703055), 'J12': np.float32(-1.3006475), 'J13': np.float32(-0.024976874), 'cluster3106249630_3106249631_J60_J61_#5more': np.float32(-0.15171137)}, {'J10': 5, 'J11': 2, 'J12': 16, 'J13': 4, 'cluster3106249630_3106249631_J60_J61_#5more': 6}, {'J10': 5, 'J11': 4, 'J12': 71, 'J13': 4, 'cluster3106249630_3106249631_J60_J61_#5more': 18}, 
890.0, {'J10': np.float32(1.439408), 'J11': np.float32(-0.07308048), 'J12': np.float32(0.359852), 'J13': np.float32(-0.09620722), 'cluster3106249630_3106249631_J60_J61_#5more': np.float32(-0.37650323)}, {'J10': 3, 'J11': 3, 'J12': 15, 'J13': 8, 'cluster3106249630_3106249631_J60_J61_#5more': 8}, {'J10': 4, 'J11': 5, 'J12': 67, 'J13': 8, 'cluster3106249630_3106249631_J60_J61_#5more': 27}, 
895.0, {'J10': np.float32(-0.053654023), 'J11': np.float32(-0.041628122), 'J12': np.float32(0.33950046), 'J13': np.float32(0.035152636), 'cluster3106249630_3106249631_J60_J61_#5more': np.float32(-0.2812211)}, {'J10': 3, 'J11': 2, 'J12': 15, 'J13': 8, 'cluster3106249630_3106249631_J60_J61_#5more': 8}, {'J10': 3, 'J11': 4, 'J12': 64, 'J13': 8, 'cluster3106249630_3106249631_J60_J61_#5more': 26}, 
900.0, {'J10': np.float32(-0.06012951), 'J11': np.float32(0.0453284), 'J12': np.float32(-0.010175764), 'J13': np.float32(-0.035152636), 'cluster3106249630_3106249631_J60_J61_#5more': np.float32(0.12210916)}, {'J10': 5, 'J11': 3, 'J12': 15, 'J13': 6, 'cluster3106249630_3106249631_J60_J61_#5more': 8}, {'J10': 5, 'J11': 4, 'J12': 58, 'J13': 6, 'cluster3106249630_3106249631_J60_J61_#5more': 18}, 
905.0, {'J10': np.float32(-0.09250694), 'J11': np.float32(-0.06845514), 'J12': np.float32(-0.906568), 'J13': np.float32(-0.054579094), 'cluster3106249630_3106249631_J60_J61_#5more': np.float32(-0.1387604)}, {'J10': 5, 'J11': 3, 'J12': 15, 'J13': 5, 'cluster3106249630_3106249631_J60_J61_#5more': 7}, {'J10': 5, 'J11': 5, 'J12': 58, 'J13': 5, 'cluster3106249630_3106249631_J60_J61_#5more': 15}, 
910.0, {'J10': np.float32(-0.10175763), 'J11': np.float32(-0.04255319), 'J12': np.float32(-1.0814061), 'J13': np.float32(-0.116558746), 'cluster3106249630_3106249631_J60_J61_#5more': np.float32(-0.061979648)}, {'J10': 5, 'J11': 3, 'J12': 15, 'J13': 8, 'cluster3106249630_3106249631_J60_J61_#5more': 7}, {'J10': 6, 'J11': 4, 'J12': 60, 'J13': 8, 'cluster3106249630_3106249631_J60_J61_#5more': 16}, 
915.0, {'J10': np.float32(-0.111008324), 'J11': np.float32(-0.056429233), 'J12': np.float32(2.5115633), 'J13': np.float32(0.06105458), 'cluster3106249630_3106249631_J60_J61_#5more': np.float32(0.041628122)}, {'J10': 5, 'J11': 3, 'J12': 13, 'J13': 6, 'cluster3106249630_3106249631_J60_J61_#5more': 6}, {'J10': 6, 'J11': 3, 'J12': 59, 'J13': 7, 'cluster3106249630_3106249631_J60_J61_#5more': 16}, 
920.0, {'J10': np.float32(-0.116558746), 'J11': np.float32(0.17761332), 'J12': np.float32(3.0), 'J13': np.float32(0.01480111), 'cluster3106249630_3106249631_J60_J61_#5more': np.float32(0.2506938)}, {'J10': 5, 'J11': 1, 'J12': 12, 'J13': 4, 'cluster3106249630_3106249631_J60_J61_#5more': 4}, {'J10': 7, 'J11': 3, 'J12': 58, 'J13': 5, 'cluster3106249630_3106249631_J60_J61_#5more': 11}, 
925.0, {'J10': np.float32(-0.12950972), 'J11': np.float32(0.02960222), 'J12': np.float32(-0.30619797), 'J13': np.float32(0.27012026), 'cluster3106249630_3106249631_J60_J61_#5more': np.float32(0.19426458)}, {'J10': 5, 'J11': 1, 'J12': 12, 'J13': 1, 'cluster3106249630_3106249631_J60_J61_#5more': 4}, {'J10': 7, 'J11': 2, 'J12': 57, 'J13': 1, 'cluster3106249630_3106249631_J60_J61_#5more': 7}, 
930.0, {'J10': np.float32(-0.12950972), 'J11': np.float32(-0.058279373), 'J12': np.float32(-1.066605), 'J13': np.float32(-0.03422757), 'cluster3106249630_3106249631_J60_J61_#5more': np.float32(0.09250694)}, {'J10': 5, 'J11': 2, 'J12': 12, 'J13': 1, 'cluster3106249630_3106249631_J60_J61_#5more': 3}, {'J10': 7, 'J11': 3, 'J12': 59, 'J13': 1, 'cluster3106249630_3106249631_J60_J61_#5more': 6}, 
935.0, {'J10': np.float32(-0.12950972), 'J11': np.float32(0.13135985), 'J12': np.float32(-1.1443108), 'J13': np.float32(0.066604994), 'cluster3106249630_3106249631_J60_J61_#5more': np.float32(0.22294173)}, {'J10': 5, 'J11': 0, 'J12': 12, 'J13': 2, 'cluster3106249630_3106249631_J60_J61_#5more': 2}, {'J10': 7, 'J11': 0, 'J12': 65, 'J13': 4, 'cluster3106249630_3106249631_J60_J61_#5more': 2}, 
940.0, {'J10': np.float32(-0.12950972), 'J11': np.float32(0.0037002775), 'J12': np.float32(-1.1905643), 'J13': np.float32(-0.083256245), 'cluster3106249630_3106249631_J60_J61_#5more': np.float32(-0.07030527)}, {'J10': 5, 'J11': 0, 'J12': 13, 'J13': 4, 'cluster3106249630_3106249631_J60_J61_#5more': 2}, {'J10': 7, 'J11': 0, 'J12': 67, 'J13': 6, 'cluster3106249630_3106249631_J60_J61_#5more': 4}, 
945.0, {'J10': np.float32(-0.12950972), 'J11': np.float32(-0.035152636), 'J12': np.float32(3.0), 'J13': np.float32(-0.083256245), 'cluster3106249630_3106249631_J60_J61_#5more': np.float32(-0.08788159)}, {'J10': 5, 'J11': 1, 'J12': 13, 'J13': 6, 'cluster3106249630_3106249631_J60_J61_#5more': 5}, {'J10': 7, 'J11': 1, 'J12': 66, 'J13': 8, 'cluster3106249630_3106249631_J60_J61_#5more': 7}, 
950.0, {'J10': np.float32(-0.12950972), 'J11': np.float32(-0.055504162), 'J12': np.float32(-0.19518964), 'J13': np.float32(-0.012025902), 'cluster3106249630_3106249631_J60_J61_#5more': np.float32(0.1387604)}, {'J10': 5, 'J11': 1, 'J12': 13, 'J13': 3, 'cluster3106249630_3106249631_J60_J61_#5more': 2}, {'J10': 7, 'J11': 1, 'J12': 65, 'J13': 6, 'cluster3106249630_3106249631_J60_J61_#5more': 3}, 
955.0, {'J10': np.float32(1.0712303), 'J11': np.float32(0.08880666), 'J12': np.float32(0.8038853), 'J13': np.float32(-0.038852915), 'cluster3106249630_3106249631_J60_J61_#5more': np.float32(0.008325624)}, {'J10': 3, 'J11': 1, 'J12': 14, 'J13': 3, 'cluster3106249630_3106249631_J60_J61_#5more': 1}, {'J10': 4, 'J11': 1, 'J12': 62, 'J13': 5, 'cluster3106249630_3106249631_J60_J61_#5more': 3}, 
960.0, {'J10': np.float32(0.07770583), 'J11': np.float32(-0.005550416), 'J12': np.float32(-0.32839963), 'J13': np.float32(0.047178537), 'cluster3106249630_3106249631_J60_J61_#5more': np.float32(0.09620722)}, {'J10': 3, 'J11': 1, 'J12': 14, 'J13': 3, 'cluster3106249630_3106249631_J60_J61_#5more': 4}, {'J10': 4, 'J11': 1, 'J12': 62, 'J13': 5, 'cluster3106249630_3106249631_J60_J61_#5more': 10}, 
965.0, {'J10': np.float32(-0.083256245), 'J11': np.float32(-0.01480111), 'J12': np.float32(-1.1748381), 'J13': np.float32(-0.10545791), 'cluster3106249630_3106249631_J60_J61_#5more': np.float32(-0.1480111)}, {'J10': 5, 'J11': 1, 'J12': 14, 'J13': 3, 'cluster3106249630_3106249631_J60_J61_#5more': 8}, {'J10': 7, 'J11': 1, 'J12': 65, 'J13': 6, 'cluster3106249630_3106249631_J60_J61_#5more': 13}, 
970.0, {'J10': np.float32(-0.12950972), 'J11': np.float32(-0.031452358), 'J12': np.float32(0.12210916), 'J13': np.float32(-0.1387604), 'cluster3106249630_3106249631_J60_J61_#5more': np.float32(0.007400555)}, {'J10': 5, 'J11': 2, 'J12': 14, 'J13': 5, 'cluster3106249630_3106249631_J60_J61_#5more': 4}, {'J10': 7, 'J11': 3, 'J12': 63, 'J13': 8, 'cluster3106249630_3106249631_J60_J61_#5more': 7}, 
975.0, {'J10': np.float32(-0.12950972), 'J11': np.float32(0.0138760405), 'J12': np.float32(0.53561515), 'J13': np.float32(-0.16836263), 'cluster3106249630_3106249631_J60_J61_#5more': np.float32(-0.0009250694)}, {'J10': 5, 'J11': 1, 'J12': 14, 'J13': 5, 'cluster3106249630_3106249631_J60_J61_#5more': 4}, {'J10': 7, 'J11': 3, 'J12': 55, 'J13': 9, 'cluster3106249630_3106249631_J60_J61_#5more': 5}, 
980.0, {'J10': np.float32(-0.12950972), 'J11': np.float32(0.039777983), 'J12': np.float32(-0.7289547), 'J13': np.float32(-0.19241443), 'cluster3106249630_3106249631_J60_J61_#5more': np.float32(-0.1026827)}, {'J10': 5, 'J11': 0, 'J12': 14, 'J13': 6, 'cluster3106249630_3106249631_J60_J61_#5more': 4}, {'J10': 7, 'J11': 0, 'J12': 54, 'J13': 11, 'cluster3106249630_3106249631_J60_J61_#5more': 5}, 
985.0, {'J10': np.float32(-0.12950972), 'J11': np.float32(-0.0), 'J12': np.float32(-1.0231267), 'J13': np.float32(-0.2358927), 'cluster3106249630_3106249631_J60_J61_#5more': np.float32(-0.08140611)}, {'J10': 5, 'J11': 0, 'J12': 14, 'J13': 8, 'cluster3106249630_3106249631_J60_J61_#5more': 4}, {'J10': 7, 'J11': 0, 'J12': 56, 'J13': 13, 'cluster3106249630_3106249631_J60_J61_#5more': 6}, 
990.0, {'J10': np.float32(-0.12950972), 'J11': np.float32(-0.008325624), 'J12': np.float32(-0.5291397), 'J13': np.float32(0.4227567), 'cluster3106249630_3106249631_J60_J61_#5more': np.float32(0.16836263)}, {'J10': 5, 'J11': 1, 'J12': 14, 'J13': 4, 'cluster3106249630_3106249631_J60_J61_#5more': 3}, {'J10': 7, 'J11': 1, 'J12': 59, 'J13': 8, 'cluster3106249630_3106249631_J60_J61_#5more': 4}, 
995.0, {'J10': np.float32(-0.12950972), 'J11': np.float32(0.0037002775), 'J12': np.float32(-0.5975948), 'J13': np.float32(-0.015726179), 'cluster3106249630_3106249631_J60_J61_#5more': np.float32(-0.13228492)}, {'J10': 5, 'J11': 1, 'J12': 14, 'J13': 4, 'cluster3106249630_3106249631_J60_J61_#5more': 4}, {'J10': 7, 'J11': 2, 'J12': 56, 'J13': 8, 'cluster3106249630_3106249631_J60_J61_#5more': 5}, 
1000.0, {'J10': np.float32(-0.12950972), 'J11': np.float32(-0.04440333), 'J12': np.float32(-0.82331175), 'J13': np.float32(0.031452358), 'cluster3106249630_3106249631_J60_J61_#5more': np.float32(-0.10545791)}, {'J10': 5, 'J11': 2, 'J12': 14, 'J13': 5, 'cluster3106249630_3106249631_J60_J61_#5more': 4}, {'J10': 7, 'J11': 4, 'J12': 54, 'J13': 11, 'cluster3106249630_3106249631_J60_J61_#5more': 5}, 
1005.0, {'J10': np.float32(-0.12950972), 'J11': np.float32(-0.08233117), 'J12': np.float32(-0.6679001), 'J13': np.float32(0.025901943), 'cluster3106249630_3106249631_J60_J61_#5more': np.float32(-0.10083256)}, {'J10': 5, 'J11': 3, 'J12': 14, 'J13': 6, 'cluster3106249630_3106249631_J60_J61_#5more': 4}, {'J10': 7, 'J11': 5, 'J12': 54, 'J13': 10, 'cluster3106249630_3106249631_J60_J61_#5more': 5}, 
1010.0, {'J10': np.float32(-0.12950972), 'J11': np.float32(-0.038852915), 'J12': np.float32(-1.0490286), 'J13': np.float32(-0.20166512), 'cluster3106249630_3106249631_J60_J61_#5more': np.float32(-0.037927844)}, {'J10': 5, 'J11': 2, 'J12': 14, 'J13': 6, 'cluster3106249630_3106249631_J60_J61_#5more': 4}, {'J10': 7, 'J11': 5, 'J12': 62, 'J13': 11, 'cluster3106249630_3106249631_J60_J61_#5more': 6}, 
1015.0, {'J10': np.float32(-0.13691027), 'J11': np.float32(-0.071230344), 'J12': np.float32(-0.480111), 'J13': np.float32(-0.22756706), 'cluster3106249630_3106249631_J60_J61_#5more': np.float32(-0.13320999)}, {'J10': 5, 'J11': 2, 'J12': 14, 'J13': 8, 'cluster3106249630_3106249631_J60_J61_#5more': 4}, {'J10': 7, 'J11': 5, 'J12': 67, 'J13': 13, 'cluster3106249630_3106249631_J60_J61_#5more': 5}, 
1020.0, {'J10': np.float32(0.72432935), 'J11': np.float32(0.14061055), 'J12': np.float32(1.3182238), 'J13': np.float32(-0.25346902), 'cluster3106249630_3106249631_J60_J61_#5more': np.float32(-0.08973173)}, {'J10': 4, 'J11': 1, 'J12': 14, 'J13': 10, 'cluster3106249630_3106249631_J60_J61_#5more': 4}, {'J10': 7, 'J11': 4, 'J12': 65, 'J13': 15, 'cluster3106249630_3106249631_J60_J61_#5more': 6}, 
1025.0, {'J10': np.float32(0.6012951), 'J11': np.float32(0.0573543), 'J12': np.float32(-1.039778), 'J13': np.float32(-0.29509714), 'cluster3106249630_3106249631_J60_J61_#5more': np.float32(0.36077705)}, {'J10': 3, 'J11': 1, 'J12': 14, 'J13': 10, 'cluster3106249630_3106249631_J60_J61_#5more': 3}, {'J10': 5, 'J11': 1, 'J12': 64, 'J13': 16, 'cluster3106249630_3106249631_J60_J61_#5more': 6}, 
1030.0, {'J10': np.float32(-0.07585569), 'J11': np.float32(-0.037002776), 'J12': np.float32(-1.0471785), 'J13': np.float32(0.22479185), 'cluster3106249630_3106249631_J60_J61_#5more': np.float32(-0.13968548)}, {'J10': 5, 'J11': 1, 'J12': 15, 'J13': 10, 'cluster3106249630_3106249631_J60_J61_#5more': 3}, {'J10': 6, 'J11': 1, 'J12': 68, 'J13': 15, 'cluster3106249630_3106249631_J60_J61_#5more': 10}, 
1035.0, {'J10': np.float32(-0.1147086), 'J11': np.float32(0.07400555), 'J12': np.float32(-1.2793709), 'J13': np.float32(0.47826087), 'cluster3106249630_3106249631_J60_J61_#5more': np.float32(0.091581866)}, {'J10': 5, 'J11': 1, 'J12': 15, 'J13': 8, 'cluster3106249630_3106249631_J60_J61_#5more': 5}, {'J10': 6, 'J11': 1, 'J12': 73, 'J13': 10, 'cluster3106249630_3106249631_J60_J61_#5more': 12}, 
1040.0, {'J10': np.float32(-0.12210916), 'J11': np.float32(-0.018501388), 'J12': np.float32(-1.1979649), 'J13': np.float32(0.053654023), 'cluster3106249630_3106249631_J60_J61_#5more': np.float32(0.06012951)}, {'J10': 5, 'J11': 1, 'J12': 15, 'J13': 8, 'cluster3106249630_3106249631_J60_J61_#5more': 4}, {'J10': 6, 'J11': 1, 'J12': 70, 'J13': 9, 'cluster3106249630_3106249631_J60_J61_#5more': 7}, 
1045.0, {'J10': np.float32(-0.13228492), 'J11': np.float32(-0.008325624), 'J12': np.float32(-0.8223867), 'J13': np.float32(0.23774283), 'cluster3106249630_3106249631_J60_J61_#5more': np.float32(0.06012951)}, {'J10': 5, 'J11': 1, 'J12': 14, 'J13': 5, 'cluster3106249630_3106249631_J60_J61_#5more': 3}, {'J10': 7, 'J11': 2, 'J12': 66, 'J13': 6, 'cluster3106249630_3106249631_J60_J61_#5more': 4}, 
1050.0, {'J10': np.float32(-0.1480111), 'J11': np.float32(-0.051803887), 'J12': np.float32(-0.91951895), 'J13': np.float32(0.053654023), 'cluster3106249630_3106249631_J60_J61_#5more': np.float32(-0.0906568)}, {'J10': 5, 'J11': 2, 'J12': 13, 'J13': 4, 'cluster3106249630_3106249631_J60_J61_#5more': 4}, {'J10': 7, 'J11': 2, 'J12': 64, 'J13': 6, 'cluster3106249630_3106249631_J60_J61_#5more': 5}, 
1055.0, {'J10': np.float32(-0.15171137), 'J11': np.float32(-0.06105458), 'J12': np.float32(-0.37002775), 'J13': np.float32(-0.13228492), 'cluster3106249630_3106249631_J60_J61_#5more': np.float32(-0.15448658)}, {'J10': 5, 'J11': 2, 'J12': 13, 'J13': 9, 'cluster3106249630_3106249631_J60_J61_#5more': 4}, {'J10': 8, 'J11': 2, 'J12': 59, 'J13': 11, 'cluster3106249630_3106249631_J60_J61_#5more': 10}, 
1060.0, {'J10': np.float32(-0.16651249), 'J11': np.float32(0.033302497), 'J12': np.float32(-0.42830712), 'J13': np.float32(-0.23959297), 'cluster3106249630_3106249631_J60_J61_#5more': np.float32(0.13320999)}, {'J10': 5, 'J11': 1, 'J12': 13, 'J13': 16, 'cluster3106249630_3106249631_J60_J61_#5more': 4}, {'J10': 8, 'J11': 1, 'J12': 55, 'J13': 18, 'cluster3106249630_3106249631_J60_J61_#5more': 12}, 
1065.0, {'J10': np.float32(-0.12580943), 'J11': np.float32(-0.066604994), 'J12': np.float32(-0.89269197), 'J13': np.float32(-0.36077705), 'cluster3106249630_3106249631_J60_J61_#5more': np.float32(0.25439408)}, {'J10': 5, 'J11': 1, 'J12': 13, 'J13': 20, 'cluster3106249630_3106249631_J60_J61_#5more': 2}, {'J10': 7, 'J11': 1, 'J12': 54, 'J13': 22, 'cluster3106249630_3106249631_J60_J61_#5more': 5}, 
1070.0, {'J10': np.float32(-0.1480111), 'J11': np.float32(-0.040703055), 'J12': np.float32(-0.75948197), 'J13': np.float32(-0.2506938), 'cluster3106249630_3106249631_J60_J61_#5more': np.float32(-0.0453284)}, {'J10': 5, 'J11': 2, 'J12': 13, 'J13': 22, 'cluster3106249630_3106249631_J60_J61_#5more': 3}, {'J10': 7, 'J11': 3, 'J12': 53, 'J13': 23, 'cluster3106249630_3106249631_J60_J61_#5more': 3}, 
1075.0, {'J10': np.float32(-0.1480111), 'J11': np.float32(-0.066604994), 'J12': np.float32(-0.98982424), 'J13': np.float32(0.050878815), 'cluster3106249630_3106249631_J60_J61_#5more': np.float32(-0.14708602)}, {'J10': 5, 'J11': 1, 'J12': 13, 'J13': 22, 'cluster3106249630_3106249631_J60_J61_#5more': 3}, {'J10': 7, 'J11': 1, 'J12': 53, 'J13': 22, 'cluster3106249630_3106249631_J60_J61_#5more': 4}, 
1080.0, {'J10': np.float32(-0.1480111), 'J11': np.float32(-0.078630894), 'J12': np.float32(-0.9907493), 'J13': np.float32(-0.10638298), 'cluster3106249630_3106249631_J60_J61_#5more': np.float32(-0.047178537)}, {'J10': 5, 'J11': 1, 'J12': 13, 'J13': 21, 'cluster3106249630_3106249631_J60_J61_#5more': 3}, {'J10': 7, 'J11': 3, 'J12': 54, 'J13': 24, 'cluster3106249630_3106249631_J60_J61_#5more': 7}, 
1085.0, {'J10': np.float32(1.3894542), 'J11': np.float32(0.31822386), 'J12': np.float32(-0.99629974), 'J13': np.float32(0.1933395), 'cluster3106249630_3106249631_J60_J61_#5more': np.float32(-0.24421832)}, {'J10': 3, 'J11': 1, 'J12': 13, 'J13': 16, 'cluster3106249630_3106249631_J60_J61_#5more': 3}, {'J10': 5, 'J11': 2, 'J12': 54, 'J13': 19, 'cluster3106249630_3106249631_J60_J61_#5more': 8}, 
1090.0, {'J10': np.float32(0.07308048), 'J11': np.float32(-0.031452358), 'J12': np.float32(-1.0092506), 'J13': np.float32(0.019426458), 'cluster3106249630_3106249631_J60_J61_#5more': np.float32(-0.1147086)}, {'J10': 3, 'J11': 1, 'J12': 13, 'J13': 13, 'cluster3106249630_3106249631_J60_J61_#5more': 3}, {'J10': 5, 'J11': 2, 'J12': 55, 'J13': 18, 'cluster3106249630_3106249631_J60_J61_#5more': 5}, 
1095.0, {'J10': np.float32(-0.056429233), 'J11': np.float32(0.017576318), 'J12': np.float32(-1.026827), 'J13': np.float32(0.053654023), 'cluster3106249630_3106249631_J60_J61_#5more': np.float32(-0.10175763)}, {'J10': 4, 'J11': 1, 'J12': 13, 'J13': 10, 'cluster3106249630_3106249631_J60_J61_#5more': 3}, {'J10': 5, 'J11': 2, 'J12': 55, 'J13': 15, 'cluster3106249630_3106249631_J60_J61_#5more': 4}, 
1100.0, {'J10': np.float32(-0.10175763), 'J11': np.float32(0.027752081), 'J12': np.float32(-0.7400555), 'J13': np.float32(-0.020351527), 'cluster3106249630_3106249631_J60_J61_#5more': np.float32(-0.007400555)}, {'J10': 5, 'J11': 2, 'J12': 13, 'J13': 9, 'cluster3106249630_3106249631_J60_J61_#5more': 2}, {'J10': 6, 'J11': 3, 'J12': 53, 'J13': 12, 'cluster3106249630_3106249631_J60_J61_#5more': 7}, 
1105.0, {'J10': np.float32(-0.12210916), 'J11': np.float32(-0.06475486), 'J12': np.float32(-0.039777983), 'J13': np.float32(-0.23681776), 'cluster3106249630_3106249631_J60_J61_#5more': np.float32(-0.17391305)}, {'J10': 5, 'J11': 2, 'J12': 13, 'J13': 10, 'cluster3106249630_3106249631_J60_J61_#5more': 5}, {'J10': 6, 'J11': 3, 'J12': 57, 'J13': 14, 'cluster3106249630_3106249631_J60_J61_#5more': 14}, 
1110.0, {'J10': np.float32(-0.12950972), 'J11': np.float32(0.049953748), 'J12': np.float32(0.827012), 'J13': np.float32(-0.17113784), 'cluster3106249630_3106249631_J60_J61_#5more': np.float32(-0.3080481)}, {'J10': 5, 'J11': 1, 'J12': 14, 'J13': 13, 'cluster3106249630_3106249631_J60_J61_#5more': 7}, {'J10': 6, 'J11': 2, 'J12': 56, 'J13': 16, 'cluster3106249630_3106249631_J60_J61_#5more': 17}, 
1115.0, {'J10': np.float32(-0.12950972), 'J11': np.float32(0.0453284), 'J12': np.float32(0.7002775), 'J13': np.float32(0.7002775), 'cluster3106249630_3106249631_J60_J61_#5more': np.float32(-0.50693804)}, {'J10': 5, 'J11': 1, 'J12': 14, 'J13': 10, 'cluster3106249630_3106249631_J60_J61_#5more': 9}, {'J10': 6, 'J11': 1, 'J12': 55, 'J13': 11, 'cluster3106249630_3106249631_J60_J61_#5more': 25}, 
1120.0, {'J10': np.float32(-0.12950972), 'J11': np.float32(-0.02867715), 'J12': np.float32(1.4634597), 'J13': np.float32(0.426457), 'cluster3106249630_3106249631_J60_J61_#5more': np.float32(-0.64477336)}, {'J10': 5, 'J11': 1, 'J12': 14, 'J13': 7, 'cluster3106249630_3106249631_J60_J61_#5more': 12}, {'J10': 6, 'J11': 2, 'J12': 57, 'J13': 7, 'cluster3106249630_3106249631_J60_J61_#5more': 30}, 
1125.0, {'J10': np.float32(-0.12950972), 'J11': np.float32(0.016651249), 'J12': np.float32(-0.15263645), 'J13': np.float32(-0.07215541), 'cluster3106249630_3106249631_J60_J61_#5more': np.float32(0.34875116)}, {'J10': 5, 'J11': 0, 'J12': 14, 'J13': 6, 'cluster3106249630_3106249631_J60_J61_#5more': 8}, {'J10': 6, 'J11': 0, 'J12': 53, 'J13': 6, 'cluster3106249630_3106249631_J60_J61_#5more': 18}, 
1130.0, {'J10': np.float32(-0.13228492), 'J11': np.float32(0.010175764), 'J12': np.float32(-0.7382054), 'J13': np.float32(-0.09250694), 'cluster3106249630_3106249631_J60_J61_#5more': np.float32(0.30897316)}, {'J10': 5, 'J11': 1, 'J12': 14, 'J13': 8, 'cluster3106249630_3106249631_J60_J61_#5more': 3}, {'J10': 6, 'J11': 1, 'J12': 51, 'J13': 9, 'cluster3106249630_3106249631_J60_J61_#5more': 5}, 
1135.0, {'J10': np.float32(-0.1387604), 'J11': np.float32(-0.018501388), 'J12': np.float32(-0.7354302), 'J13': np.float32(0.18593894), 'cluster3106249630_3106249631_J60_J61_#5more': np.float32(-0.13320999)}, {'J10': 5, 'J11': 1, 'J12': 14, 'J13': 7, 'cluster3106249630_3106249631_J60_J61_#5more': 2}, {'J10': 6, 'J11': 1, 'J12': 52, 'J13': 7, 'cluster3106249630_3106249631_J60_J61_#5more': 5}, 
1140.0, {'J10': np.float32(-0.1387604), 'J11': np.float32(-0.024051804), 'J12': np.float32(-0.98704904), 'J13': np.float32(0.22294173), 'cluster3106249630_3106249631_J60_J61_#5more': np.float32(-0.31082332)}, {'J10': 5, 'J11': 1, 'J12': 14, 'J13': 5, 'cluster3106249630_3106249631_J60_J61_#5more': 5}, {'J10': 6, 'J11': 1, 'J12': 57, 'J13': 5, 'cluster3106249630_3106249631_J60_J61_#5more': 12}, 
1145.0, {'J10': np.float32(-0.1387604), 'J11': np.float32(-0.01480111), 'J12': np.float32(-1.079556), 'J13': np.float32(0.25716928), 'cluster3106249630_3106249631_J60_J61_#5more': np.float32(1.6901017)}, {'J10': 5, 'J11': 2, 'J12': 14, 'J13': 1, 'cluster3106249630_3106249631_J60_J61_#5more': 11}, {'J10': 6, 'J11': 2, 'J12': 59, 'J13': 2, 'cluster3106249630_3106249631_J60_J61_#5more': 18}, 
1150.0, {'J10': np.float32(1.4338576), 'J11': np.float32(-0.037927844), 'J12': np.float32(-0.84736353), 'J13': np.float32(0.049953748), 'cluster3106249630_3106249631_J60_J61_#5more': np.float32(-0.39037928)}, {'J10': 3, 'J11': 2, 'J12': 14, 'J13': 1, 'cluster3106249630_3106249631_J60_J61_#5more': 17}, {'J10': 4, 'J11': 2, 'J12': 56, 'J13': 1, 'cluster3106249630_3106249631_J60_J61_#5more': 24}, 
1155.0, {'J10': np.float32(-0.049953748), 'J11': np.float32(0.039777983), 'J12': np.float32(-1.0453284), 'J13': np.float32(-0.022201665), 'cluster3106249630_3106249631_J60_J61_#5more': np.float32(-0.26641998)}, {'J10': 3, 'J11': 1, 'J12': 14, 'J13': 1, 'cluster3106249630_3106249631_J60_J61_#5more': 20}, {'J10': 3, 'J11': 2, 'J12': 56, 'J13': 2, 'cluster3106249630_3106249631_J60_J61_#5more': 24}, 
1160.0, {'J10': np.float32(-0.066604994), 'J11': np.float32(-0.007400555), 'J12': np.float32(-0.9972248), 'J13': np.float32(-0.040703055), 'cluster3106249630_3106249631_J60_J61_#5more': np.float32(0.13783534)}, {'J10': 5, 'J11': 1, 'J12': 14, 'J13': 1, 'cluster3106249630_3106249631_J60_J61_#5more': 16}, {'J10': 5, 'J11': 1, 'J12': 58, 'J13': 3, 'cluster3106249630_3106249631_J60_J61_#5more': 18}, 
1165.0, {'J10': np.float32(-0.10175763), 'J11': np.float32(-0.049028676), 'J12': np.float32(-0.79925996), 'J13': np.float32(-0.055504162), 'cluster3106249630_3106249631_J60_J61_#5more': np.float32(-0.116558746)}, {'J10': 5, 'J11': 2, 'J12': 14, 'J13': 1, 'cluster3106249630_3106249631_J60_J61_#5more': 13}, {'J10': 5, 'J11': 2, 'J12': 56, 'J13': 3, 'cluster3106249630_3106249631_J60_J61_#5more': 17}, 
1170.0, {'J10': np.float32(-0.10175763), 'J11': np.float32(0.058279373), 'J12': np.float32(-0.9093432), 'J13': np.float32(-0.0573543), 'cluster3106249630_3106249631_J60_J61_#5more': np.float32(-0.21276596)}, {'J10': 5, 'J11': 1, 'J12': 14, 'J13': 2, 'cluster3106249630_3106249631_J60_J61_#5more': 11}, {'J10': 5, 'J11': 2, 'J12': 56, 'J13': 4, 'cluster3106249630_3106249631_J60_J61_#5more': 16}, 
1175.0, {'J10': np.float32(-0.11840888), 'J11': np.float32(-0.0), 'J12': np.float32(0.22386679), 'J13': np.float32(-0.07400555), 'cluster3106249630_3106249631_J60_J61_#5more': np.float32(-0.050878815)}, {'J10': 5, 'J11': 1, 'J12': 14, 'J13': 2, 'cluster3106249630_3106249631_J60_J61_#5more': 8}, {'J10': 5, 'J11': 2, 'J12': 58, 'J13': 4, 'cluster3106249630_3106249631_J60_J61_#5more': 12}, 
1180.0, {'J10': np.float32(-0.12025902), 'J11': np.float32(-0.056429233), 'J12': np.float32(-0.5522664), 'J13': np.float32(-0.004625347), 'cluster3106249630_3106249631_J60_J61_#5more': np.float32(0.41905642)}, {'J10': 5, 'J11': 2, 'J12': 14, 'J13': 3, 'cluster3106249630_3106249631_J60_J61_#5more': 3}, {'J10': 5, 'J11': 2, 'J12': 60, 'J13': 4, 'cluster3106249630_3106249631_J60_J61_#5more': 5}, 
1185.0, {'J10': np.float32(-0.12025902), 'J11': np.float32(0.025901943), 'J12': np.float32(-0.91396856), 'J13': np.float32(-0.07215541), 'cluster3106249630_3106249631_J60_J61_#5more': np.float32(0.24236818)}, {'J10': 5, 'J11': 1, 'J12': 14, 'J13': 3, 'cluster3106249630_3106249631_J60_J61_#5more': 1}, {'J10': 5, 'J11': 1, 'J12': 61, 'J13': 4, 'cluster3106249630_3106249631_J60_J61_#5more': 1}, 
1190.0, {'J10': np.float32(-0.12025902), 'J11': np.float32(0.004625347), 'J12': np.float32(-1.1406106), 'J13': np.float32(-0.078630894), 'cluster3106249630_3106249631_J60_J61_#5more': np.float32(-0.13043478)}, {'J10': 5, 'J11': 1, 'J12': 14, 'J13': 3, 'cluster3106249630_3106249631_J60_J61_#5more': 2}, {'J10': 5, 'J11': 1, 'J12': 64, 'J13': 4, 'cluster3106249630_3106249631_J60_J61_#5more': 3}, 
1195.0, {'J10': np.float32(-0.12025902), 'J11': np.float32(-0.023126734), 'J12': np.float32(3.0), 'J13': np.float32(0.2386679), 'cluster3106249630_3106249631_J60_J61_#5more': np.float32(-0.17761332)}, {'J10': 5, 'J11': 0, 'J12': 14, 'J13': 2, 'cluster3106249630_3106249631_J60_J61_#5more': 2}, {'J10': 5, 'J11': 0, 'J12': 65, 'J13': 3, 'cluster3106249630_3106249631_J60_J61_#5more': 2}, 
1200.0, {'J10': np.float32(-0.12025902), 'J11': np.float32(-0.02867715), 'J12': np.float32(-0.91951895), 'J13': np.float32(0.12858464), 'cluster3106249630_3106249631_J60_J61_#5more': np.float32(-0.17576317)}, {'J10': 5, 'J11': 1, 'J12': 16, 'J13': 1, 'cluster3106249630_3106249631_J60_J61_#5more': 4}, {'J10': 5, 'J11': 1, 'J12': 68, 'J13': 1, 'cluster3106249630_3106249631_J60_J61_#5more': 7}, 
1205.0, {'J10': np.float32(-0.12025902), 'J11': np.float32(-0.036077704), 'J12': np.float32(0.7918594), 'J13': np.float32(-0.036077704), 'cluster3106249630_3106249631_J60_J61_#5more': np.float32(-0.018501388)}, {'J10': 5, 'J11': 0, 'J12': 14, 'J13': 2, 'cluster3106249630_3106249631_J60_J61_#5more': 3}, {'J10': 5, 'J11': 0, 'J12': 65, 'J13': 2, 'cluster3106249630_3106249631_J60_J61_#5more': 3}, 
1210.0, {'J10': np.float32(-0.12488437), 'J11': np.float32(-0.04440333), 'J12': np.float32(-0.9398705), 'J13': np.float32(-0.049028676), 'cluster3106249630_3106249631_J60_J61_#5more': np.float32(-0.13968548)}, {'J10': 5, 'J11': 2, 'J12': 14, 'J13': 3, 'cluster3106249630_3106249631_J60_J61_#5more': 4}, {'J10': 5, 'J11': 3, 'J12': 63, 'J13': 3, 'cluster3106249630_3106249631_J60_J61_#5more': 9}, 
1215.0, {'J10': np.float32(0.8427382), 'J11': np.float32(-0.071230344), 'J12': np.float32(0.49953747), 'J13': np.float32(-0.07308048), 'cluster3106249630_3106249631_J60_J61_#5more': np.float32(-0.26827013)}, {'J10': 4, 'J11': 2, 'J12': 14, 'J13': 4, 'cluster3106249630_3106249631_J60_J61_#5more': 8}, {'J10': 4, 'J11': 2, 'J12': 62, 'J13': 4, 'cluster3106249630_3106249631_J60_J61_#5more': 12}, 
1220.0, {'J10': np.float32(-0.07493062), 'J11': np.float32(-0.038852915), 'J12': np.float32(-0.83811283), 'J13': np.float32(-0.0906568), 'cluster3106249630_3106249631_J60_J61_#5more': np.float32(-0.1813136)}, {'J10': 4, 'J11': 2, 'J12': 14, 'J13': 5, 'cluster3106249630_3106249631_J60_J61_#5more': 9}, {'J10': 5, 'J11': 3, 'J12': 62, 'J13': 5, 'cluster3106249630_3106249631_J60_J61_#5more': 12}, 
1225.0, {'J10': np.float32(-0.11378353), 'J11': np.float32(0.3265495), 'J12': np.float32(-1.1887141), 'J13': np.float32(-0.09898242), 'cluster3106249630_3106249631_J60_J61_#5more': np.float32(-0.22849214)}, {'J10': 5, 'J11': 0, 'J12': 17, 'J13': 5, 'cluster3106249630_3106249631_J60_J61_#5more': 6}, {'J10': 8, 'J11': 0, 'J12': 67, 'J13': 5, 'cluster3106249630_3106249631_J60_J61_#5more': 9}, 
1230.0, {'J10': np.float32(-0.0573543), 'J11': np.float32(-0.010175764), 'J12': np.float32(-1.2562442), 'J13': np.float32(-0.10175763), 'cluster3106249630_3106249631_J60_J61_#5more': np.float32(-0.31082332)}, {'J10': 5, 'J11': 1, 'J12': 17, 'J13': 5, 'cluster3106249630_3106249631_J60_J61_#5more': 5}, {'J10': 6, 'J11': 1, 'J12': 69, 'J13': 5, 'cluster3106249630_3106249631_J60_J61_#5more': 10}, 
1235.0, {'J10': np.float32(-0.091581866), 'J11': np.float32(-0.0037002775), 'J12': np.float32(-1.3367252), 'J13': np.float32(-0.047178537), 'cluster3106249630_3106249631_J60_J61_#5more': np.float32(-0.42368177)}, {'J10': 5, 'J11': 3, 'J12': 17, 'J13': 9, 'cluster3106249630_3106249631_J60_J61_#5more': 7}, {'J10': 5, 'J11': 3, 'J12': 75, 'J13': 10, 'cluster3106249630_3106249631_J60_J61_#5more': 13}, 
1240.0, {'J10': np.float32(-0.10175763), 'J11': np.float32(-0.07308048), 'J12': np.float32(-0.3654024), 'J13': np.float32(0.2775208), 'cluster3106249630_3106249631_J60_J61_#5more': np.float32(-0.42183164)}, {'J10': 5, 'J11': 5, 'J12': 14, 'J13': 6, 'cluster3106249630_3106249631_J60_J61_#5more': 11}, {'J10': 5, 'J11': 5, 'J12': 68, 'J13': 9, 'cluster3106249630_3106249631_J60_J61_#5more': 19}, 
1245.0, {'J10': np.float32(-0.111008324), 'J11': np.float32(-0.05920444), 'J12': np.float32(-0.27567068), 'J13': np.float32(0.0573543), 'cluster3106249630_3106249631_J60_J61_#5more': np.float32(-0.5929695)}, {'J10': 5, 'J11': 4, 'J12': 14, 'J13': 2, 'cluster3106249630_3106249631_J60_J61_#5more': 12}, {'J10': 5, 'J11': 5, 'J12': 63, 'J13': 6, 'cluster3106249630_3106249631_J60_J61_#5more': 22}, 
1250.0, {'J10': np.float32(-0.11378353), 'J11': np.float32(-0.06845514), 'J12': np.float32(-0.5670675), 'J13': np.float32(0.13413507), 'cluster3106249630_3106249631_J60_J61_#5more': np.float32(-0.6114709)}, {'J10': 5, 'J11': 4, 'J12': 14, 'J13': 2, 'cluster3106249630_3106249631_J60_J61_#5more': 13}, {'J10': 6, 'J11': 5, 'J12': 60, 'J13': 3, 'cluster3106249630_3106249631_J60_J61_#5more': 25}, 
1255.0, {'J10': np.float32(-0.12950972), 'J11': np.float32(0.06382979), 'J12': np.float32(-0.55134135), 'J13': np.float32(-0.017576318), 'cluster3106249630_3106249631_J60_J61_#5more': np.float32(-0.48751158)}, {'J10': 5, 'J11': 4, 'J12': 14, 'J13': 2, 'cluster3106249630_3106249631_J60_J61_#5more': 15}, {'J10': 6, 'J11': 5, 'J12': 57, 'J13': 2, 'cluster3106249630_3106249631_J60_J61_#5more': 27}, 
1260.0, {'J10': np.float32(-0.13413507), 'J11': np.float32(-0.02960222), 'J12': np.float32(-0.7234042), 'J13': np.float32(-0.049953748), 'cluster3106249630_3106249631_J60_J61_#5more': np.float32(1.0037003)}, {'J10': 5, 'J11': 3, 'J12': 14, 'J13': 3, 'cluster3106249630_3106249631_J60_J61_#5more': 18}, {'J10': 6, 'J11': 4, 'J12': 55, 'J13': 3, 'cluster3106249630_3106249631_J60_J61_#5more': 31}, 
1265.0, {'J10': np.float32(-0.1387604), 'J11': np.float32(-0.0), 'J12': np.float32(-1.0582794), 'J13': np.float32(-0.084181316), 'cluster3106249630_3106249631_J60_J61_#5more': np.float32(0.27012026)}, {'J10': 5, 'J11': 2, 'J12': 14, 'J13': 7, 'cluster3106249630_3106249631_J60_J61_#5more': 16}, {'J10': 6, 'J11': 4, 'J12': 56, 'J13': 7, 'cluster3106249630_3106249631_J60_J61_#5more': 26}, 
1270.0, {'J10': np.float32(-0.1452359), 'J11': np.float32(0.022201665), 'J12': np.float32(-0.906568), 'J13': np.float32(0.08788159), 'cluster3106249630_3106249631_J60_J61_#5more': np.float32(0.7400555)}, {'J10': 5, 'J11': 2, 'J12': 14, 'J13': 5, 'cluster3106249630_3106249631_J60_J61_#5more': 11}, {'J10': 6, 'J11': 2, 'J12': 58, 'J13': 5, 'cluster3106249630_3106249631_J60_J61_#5more': 15}, 
1275.0, {'J10': np.float32(-0.1480111), 'J11': np.float32(-0.055504162), 'J12': np.float32(-1.0906568), 'J13': np.float32(0.08140611), 'cluster3106249630_3106249631_J60_J61_#5more': np.float32(0.21924144)}, {'J10': 5, 'J11': 2, 'J12': 14, 'J13': 1, 'cluster3106249630_3106249631_J60_J61_#5more': 7}, {'J10': 6, 'J11': 2, 'J12': 60, 'J13': 2, 'cluster3106249630_3106249631_J60_J61_#5more': 9}, 
1280.0, {'J10': np.float32(0.8714154), 'J11': np.float32(0.15356152), 'J12': np.float32(-0.5716929), 'J13': np.float32(0.012025902), 'cluster3106249630_3106249631_J60_J61_#5more': np.float32(0.111933395)}, {'J10': 4, 'J11': 1, 'J12': 14, 'J13': 1, 'cluster3106249630_3106249631_J60_J61_#5more': 8}, {'J10': 6, 'J11': 1, 'J12': 59, 'J13': 1, 'cluster3106249630_3106249631_J60_J61_#5more': 13}, 
1285.0, {'J10': np.float32(-0.13043478), 'J11': np.float32(-0.019426458), 'J12': np.float32(-0.55134135), 'J13': np.float32(-0.035152636), 'cluster3106249630_3106249631_J60_J61_#5more': np.float32(-0.40703052)}, {'J10': 4, 'J11': 1, 'J12': 14, 'J13': 1, 'cluster3106249630_3106249631_J60_J61_#5more': 10}, {'J10': 9, 'J11': 1, 'J12': 59, 'J13': 1, 'cluster3106249630_3106249631_J60_J61_#5more': 14}, 
1290.0, {'J10': np.float32(-0.17761332), 'J11': np.float32(-0.04440333), 'J12': np.float32(3.0), 'J13': np.float32(0.08048104), 'cluster3106249630_3106249631_J60_J61_#5more': np.float32(-0.413506)}, {'J10': 4, 'J11': 1, 'J12': 12, 'J13': 0, 'cluster3106249630_3106249631_J60_J61_#5more': 14}, {'J10': 10, 'J11': 1, 'J12': 57, 'J13': 0, 'cluster3106249630_3106249631_J60_J61_#5more': 20}, 
1295.0, {'J10': np.float32(-0.0), 'J11': np.float32(-0.06012951), 'J12': np.float32(-0.50693804), 'J13': np.float32(-0.0138760405), 'cluster3106249630_3106249631_J60_J61_#5more': np.float32(-0.59389454)}, {'J10': 5, 'J11': 2, 'J12': 12, 'J13': 2, 'cluster3106249630_3106249631_J60_J61_#5more': 16}, {'J10': 8, 'J11': 2, 'J12': 58, 'J13': 2, 'cluster3106249630_3106249631_J60_J61_#5more': 23}, 
1300.0, {'J10': np.float32(-0.037927844), 'J11': np.float32(0.15633672), 'J12': np.float32(0.08880666), 'J13': np.float32(-0.04440333), 'cluster3106249630_3106249631_J60_J61_#5more': np.float32(0.020351527)}, {'J10': 5, 'J11': 1, 'J12': 12, 'J13': 3, 'cluster3106249630_3106249631_J60_J61_#5more': 15}, {'J10': 5, 'J11': 2, 'J12': 56, 'J13': 3, 'cluster3106249630_3106249631_J60_J61_#5more': 17}, 
1305.0, {'J10': np.float32(-0.10175763), 'J11': np.float32(-0.031452358), 'J12': np.float32(-0.7909343), 'J13': np.float32(0.035152636), 'cluster3106249630_3106249631_J60_J61_#5more': np.float32(-0.019426458)}, {'J10': 5, 'J11': 2, 'J12': 13, 'J13': 1, 'cluster3106249630_3106249631_J60_J61_#5more': 12}, {'J10': 5, 'J11': 2, 'J12': 58, 'J13': 1, 'cluster3106249630_3106249631_J60_J61_#5more': 13}, 
1310.0, {'J10': np.float32(-0.10175763), 'J11': np.float32(-0.024976874), 'J12': np.float32(-0.91674376), 'J13': np.float32(0.017576318), 'cluster3106249630_3106249631_J60_J61_#5more': np.float32(2.0508788)}, {'J10': 5, 'J11': 2, 'J12': 13, 'J13': 1, 'cluster3106249630_3106249631_J60_J61_#5more': 10}, {'J10': 5, 'J11': 4, 'J12': 57, 'J13': 2, 'cluster3106249630_3106249631_J60_J61_#5more': 12}, 
1315.0, {'J10': np.float32(-0.10175763), 'J11': np.float32(-0.038852915), 'J12': np.float32(-0.9972248), 'J13': np.float32(-0.022201665), 'cluster3106249630_3106249631_J60_J61_#5more': np.float32(1.0814061)}, {'J10': 5, 'J11': 2, 'J12': 13, 'J13': 1, 'cluster3106249630_3106249631_J60_J61_#5more': 10}, {'J10': 5, 'J11': 2, 'J12': 59, 'J13': 1, 'cluster3106249630_3106249631_J60_J61_#5more': 16}, 
1320.0, {'J10': np.float32(-0.10175763), 'J11': np.float32(-0.051803887), 'J12': np.float32(-0.960222), 'J13': np.float32(-0.027752081), 'cluster3106249630_3106249631_J60_J61_#5more': np.float32(-0.15633672)}, {'J10': 5, 'J11': 2, 'J12': 13, 'J13': 1, 'cluster3106249630_3106249631_J60_J61_#5more': 11}, {'J10': 5, 'J11': 3, 'J12': 57, 'J13': 1, 'cluster3106249630_3106249631_J60_J61_#5more': 22}, 
1325.0, {'J10': np.float32(-0.10915819), 'J11': np.float32(-0.018501388), 'J12': np.float32(1.1905643), 'J13': np.float32(-0.03237743), 'cluster3106249630_3106249631_J60_J61_#5more': np.float32(-0.36725256)}, {'J10': 5, 'J11': 2, 'J12': 12, 'J13': 2, 'cluster3106249630_3106249631_J60_J61_#5more': 14}, {'J10': 5, 'J11': 2, 'J12': 59, 'J13': 2, 'cluster3106249630_3106249631_J60_J61_#5more': 28}, 
1330.0, {'J10': np.float32(-0.111008324), 'J11': np.float32(-0.04255319), 'J12': np.float32(-1.0999075), 'J13': np.float32(-0.06105458), 'cluster3106249630_3106249631_J60_J61_#5more': np.float32(-0.4773358)}, {'J10': 5, 'J11': 2, 'J12': 12, 'J13': 3, 'cluster3106249630_3106249631_J60_J61_#5more': 17}, {'J10': 5, 'J11': 2, 'J12': 60, 'J13': 3, 'cluster3106249630_3106249631_J60_J61_#5more': 32}, 
1335.0, {'J10': np.float32(-0.111008324), 'J11': np.float32(-0.052728955), 'J12': np.float32(-0.067530066), 'J13': np.float32(-0.078630894), 'cluster3106249630_3106249631_J60_J61_#5more': np.float32(0.8575393)}, {'J10': 5, 'J11': 2, 'J12': 13, 'J13': 4, 'cluster3106249630_3106249631_J60_J61_#5more': 13}, {'J10': 5, 'J11': 3, 'J12': 59, 'J13': 4, 'cluster3106249630_3106249631_J60_J61_#5more': 18}, 
1340.0, {'J10': np.float32(-0.111008324), 'J11': np.float32(-0.078630894), 'J12': np.float32(0.31822386), 'J13': np.float32(0.13320999), 'cluster3106249630_3106249631_J60_J61_#5more': np.float32(0.48843664)}, {'J10': 5, 'J11': 2, 'J12': 14, 'J13': 2, 'cluster3106249630_3106249631_J60_J61_#5more': 9}, {'J10': 5, 'J11': 4, 'J12': 59, 'J13': 2, 'cluster3106249630_3106249631_J60_J61_#5more': 9}, 
1345.0, {'J10': np.float32(0.95929694), 'J11': np.float32(0.016651249), 'J12': np.float32(-0.27289546), 'J13': np.float32(0.054579094), 'cluster3106249630_3106249631_J60_J61_#5more': np.float32(0.19241443)}, {'J10': 4, 'J11': 2, 'J12': 14, 'J13': 0, 'cluster3106249630_3106249631_J60_J61_#5more': 7}, {'J10': 6, 'J11': 4, 'J12': 58, 'J13': 0, 'cluster3106249630_3106249631_J60_J61_#5more': 7}, 
1350.0, {'J10': np.float32(1.7446809), 'J11': np.float32(-0.03237743), 'J12': np.float32(-0.6558742), 'J13': np.float32(-0.018501388), 'cluster3106249630_3106249631_J60_J61_#5more': np.float32(0.52821463)}, {'J10': 3, 'J11': 2, 'J12': 14, 'J13': 0, 'cluster3106249630_3106249631_J60_J61_#5more': 2}, {'J10': 6, 'J11': 2, 'J12': 58, 'J13': 0, 'cluster3106249630_3106249631_J60_J61_#5more': 2}, 
1355.0, {'J10': np.float32(0.11285847), 'J11': np.float32(-0.058279373), 'J12': np.float32(-1.0730805), 'J13': np.float32(-0.026827011), 'cluster3106249630_3106249631_J60_J61_#5more': np.float32(0.066604994)}, {'J10': 4, 'J11': 2, 'J12': 14, 'J13': 0, 'cluster3106249630_3106249631_J60_J61_#5more': 4}, {'J10': 8, 'J11': 2, 'J12': 58, 'J13': 0, 'cluster3106249630_3106249631_J60_J61_#5more': 8}, 
1360.0, {'J10': np.float32(-0.071230344), 'J11': np.float32(-0.06567992), 'J12': np.float32(-1.1008326), 'J13': np.float32(-0.039777983), 'cluster3106249630_3106249631_J60_J61_#5more': np.float32(-0.123959295)}, {'J10': 5, 'J11': 2, 'J12': 14, 'J13': 1, 'cluster3106249630_3106249631_J60_J61_#5more': 7}, {'J10': 12, 'J11': 4, 'J12': 63, 'J13': 1, 'cluster3106249630_3106249631_J60_J61_#5more': 11}, 
1365.0, {'J10': np.float32(0.02867715), 'J11': np.float32(-0.11748381), 'J12': np.float32(-1.0018501), 'J13': np.float32(-0.058279373), 'cluster3106249630_3106249631_J60_J61_#5more': np.float32(-0.0906568)}, {'J10': 5, 'J11': 2, 'J12': 14, 'J13': 1, 'cluster3106249630_3106249631_J60_J61_#5more': 6}, {'J10': 10, 'J11': 4, 'J12': 68, 'J13': 2, 'cluster3106249630_3106249631_J60_J61_#5more': 10}, 
1370.0, {'J10': np.float32(-0.020351527), 'J11': np.float32(0.33672526), 'J12': np.float32(-1.0703052), 'J13': np.float32(-0.079555966), 'cluster3106249630_3106249631_J60_J61_#5more': np.float32(-0.031452358)}, {'J10': 5, 'J11': 2, 'J12': 14, 'J13': 2, 'cluster3106249630_3106249631_J60_J61_#5more': 4}, {'J10': 6, 'J11': 4, 'J12': 70, 'J13': 3, 'cluster3106249630_3106249631_J60_J61_#5more': 6}, 
1375.0, {'J10': np.float32(-0.11748381), 'J11': np.float32(0.012025902), 'J12': np.float32(-0.35800186), 'J13': np.float32(-0.09620722), 'cluster3106249630_3106249631_J60_J61_#5more': np.float32(-0.08233117)}, {'J10': 5, 'J11': 2, 'J12': 14, 'J13': 2, 'cluster3106249630_3106249631_J60_J61_#5more': 4}, {'J10': 6, 'J11': 2, 'J12': 68, 'J13': 4, 'cluster3106249630_3106249631_J60_J61_#5more': 5}, 
1380.0, {'J10': np.float32(-0.123959295), 'J11': np.float32(-0.0693802), 'J12': np.float32(0.44773358), 'J13': np.float32(0.1692877), 'cluster3106249630_3106249631_J60_J61_#5more': np.float32(-0.09620722)}, {'J10': 5, 'J11': 2, 'J12': 14, 'J13': 5, 'cluster3106249630_3106249631_J60_J61_#5more': 5}, {'J10': 6, 'J11': 3, 'J12': 60, 'J13': 6, 'cluster3106249630_3106249631_J60_J61_#5more': 11}, 
1385.0, {'J10': np.float32(-0.12950972), 'J11': np.float32(-0.09250694), 'J12': np.float32(-0.4199815), 'J13': np.float32(0.06012951), 'cluster3106249630_3106249631_J60_J61_#5more': np.float32(0.054579094)}, {'J10': 5, 'J11': 2, 'J12': 14, 'J13': 4, 'cluster3106249630_3106249631_J60_J61_#5more': 7}, {'J10': 6, 'J11': 3, 'J12': 56, 'J13': 5, 'cluster3106249630_3106249631_J60_J61_#5more': 10}, 
1390.0, {'J10': np.float32(-0.12950972), 'J11': np.float32(-0.099907495), 'J12': np.float32(-0.97317296), 'J13': np.float32(0.08695652), 'cluster3106249630_3106249631_J60_J61_#5more': np.float32(-0.06845514)}, {'J10': 5, 'J11': 2, 'J12': 14, 'J13': 1, 'cluster3106249630_3106249631_J60_J61_#5more': 3}, {'J10': 6, 'J11': 3, 'J12': 56, 'J13': 1, 'cluster3106249630_3106249631_J60_J61_#5more': 6}, 
1395.0, {'J10': np.float32(-0.12950972), 'J11': np.float32(-0.11840888), 'J12': np.float32(-1.0610546), 'J13': np.float32(0.04255319), 'cluster3106249630_3106249631_J60_J61_#5more': np.float32(0.047178537)}, {'J10': 5, 'J11': 2, 'J12': 14, 'J13': 0, 'cluster3106249630_3106249631_J60_J61_#5more': 3}, {'J10': 6, 'J11': 4, 'J12': 61, 'J13': 0, 'cluster3106249630_3106249631_J60_J61_#5more': 3}, 
1400.0, {'J10': np.float32(-0.12950972), 'J11': np.float32(-0.14431082), 'J12': np.float32(-1.160037), 'J13': np.float32(-0.0009250694), 'cluster3106249630_3106249631_J60_J61_#5more': np.float32(-0.067530066)}, {'J10': 5, 'J11': 3, 'J12': 14, 'J13': 1, 'cluster3106249630_3106249631_J60_J61_#5more': 3}, {'J10': 6, 'J11': 5, 'J12': 66, 'J13': 1, 'cluster3106249630_3106249631_J60_J61_#5more': 3}, 
1405.0, {'J10': np.float32(-0.12950972), 'J11': np.float32(0.2904718), 'J12': np.float32(-1.2414432), 'J13': np.float32(0.0009250694), 'cluster3106249630_3106249631_J60_J61_#5more': np.float32(-0.009250694)}, {'J10': 5, 'J11': 2, 'J12': 15, 'J13': 0, 'cluster3106249630_3106249631_J60_J61_#5more': 3}, {'J10': 6, 'J11': 3, 'J12': 70, 'J13': 0, 'cluster3106249630_3106249631_J60_J61_#5more': 6}, 
1410.0, {'J10': np.float32(-0.12950972), 'J11': np.float32(-0.07585569), 'J12': np.float32(-1.3098983), 'J13': np.float32(-0.002775208), 'cluster3106249630_3106249631_J60_J61_#5more': np.float32(0.31267345)}, {'J10': 5, 'J11': 2, 'J12': 15, 'J13': 0, 'cluster3106249630_3106249631_J60_J61_#5more': 2}, {'J10': 6, 'J11': 5, 'J12': 71, 'J13': 0, 'cluster3106249630_3106249631_J60_J61_#5more': 5}, 
1415.0, {'J10': np.float32(0.43755782), 'J11': np.float32(-0.09713229), 'J12': np.float32(-1.33395), 'J13': np.float32(-0.0), 'cluster3106249630_3106249631_J60_J61_#5more': np.float32(0.0573543)}, {'J10': 4, 'J11': 2, 'J12': 16, 'J13': 1, 'cluster3106249630_3106249631_J60_J61_#5more': 4}, {'J10': 5, 'J11': 4, 'J12': 74, 'J13': 1, 'cluster3106249630_3106249631_J60_J61_#5more': 9}, 
1420.0, {'J10': np.float32(-0.08140611), 'J11': np.float32(-0.084181316), 'J12': np.float32(-0.7631822), 'J13': np.float32(-0.025901943), 'cluster3106249630_3106249631_J60_J61_#5more': np.float32(-0.20166512)}, {'J10': 4, 'J11': 2, 'J12': 17, 'J13': 1, 'cluster3106249630_3106249631_J60_J61_#5more': 6}, {'J10': 7, 'J11': 3, 'J12': 71, 'J13': 1, 'cluster3106249630_3106249631_J60_J61_#5more': 15}, 
1425.0, {'J10': np.float32(-0.08880666), 'J11': np.float32(-0.123034224), 'J12': np.float32(-0.9574468), 'J13': np.float32(-0.026827011), 'cluster3106249630_3106249631_J60_J61_#5more': np.float32(-0.049953748)}, {'J10': 5, 'J11': 2, 'J12': 15, 'J13': 1, 'cluster3106249630_3106249631_J60_J61_#5more': 6}, {'J10': 6, 'J11': 3, 'J12': 70, 'J13': 2, 'cluster3106249630_3106249631_J60_J61_#5more': 11}, 
1430.0, {'J10': np.float32(-0.07308048), 'J11': np.float32(-0.15078631), 'J12': np.float32(-0.9953747), 'J13': np.float32(-0.026827011), 'cluster3106249630_3106249631_J60_J61_#5more': np.float32(-0.07308048)}, {'J10': 5, 'J11': 2, 'J12': 14, 'J13': 1, 'cluster3106249630_3106249631_J60_J61_#5more': 7}, {'J10': 5, 'J11': 4, 'J12': 66, 'J13': 1, 'cluster3106249630_3106249631_J60_J61_#5more': 12}, 
1435.0, {'J10': np.float32(-0.09250694), 'J11': np.float32(-0.17668825), 'J12': np.float32(-0.95004624), 'J13': np.float32(-0.024051804), 'cluster3106249630_3106249631_J60_J61_#5more': np.float32(-0.19518964)}, {'J10': 5, 'J11': 2, 'J12': 14, 'J13': 1, 'cluster3106249630_3106249631_J60_J61_#5more': 9}, {'J10': 5, 'J11': 4, 'J12': 64, 'J13': 1, 'cluster3106249630_3106249631_J60_J61_#5more': 15}, 
1440.0, {'J10': np.float32(-0.09250694), 'J11': np.float32(0.32562444), 'J12': np.float32(-0.9111933), 'J13': np.float32(-0.027752081), 'cluster3106249630_3106249631_J60_J61_#5more': np.float32(-0.3043478)}, {'J10': 5, 'J11': 2, 'J12': 14, 'J13': 1, 'cluster3106249630_3106249631_J60_J61_#5more': 11}, {'J10': 5, 'J11': 2, 'J12': 62, 'J13': 1, 'cluster3106249630_3106249631_J60_J61_#5more': 17}, 
1445.0, {'J10': np.float32(-0.09250694), 'J11': np.float32(0.10453284), 'J12': np.float32(-0.8732655), 'J13': np.float32(-0.049953748), 'cluster3106249630_3106249631_J60_J61_#5more': np.float32(-0.35152635)}, {'J10': 5, 'J11': 2, 'J12': 14, 'J13': 2, 'cluster3106249630_3106249631_J60_J61_#5more': 13}, {'J10': 5, 'J11': 2, 'J12': 60, 'J13': 4, 'cluster3106249630_3106249631_J60_J61_#5more': 20}, 
1450.0, {'J10': np.float32(-0.09250694), 'J11': np.float32(-0.049953748), 'J12': np.float32(-0.800185), 'J13': np.float32(-0.09805735), 'cluster3106249630_3106249631_J60_J61_#5more': np.float32(-0.413506)}, {'J10': 5, 'J11': 2, 'J12': 14, 'J13': 2, 'cluster3106249630_3106249631_J60_J61_#5more': 16}, {'J10': 5, 'J11': 2, 'J12': 59, 'J13': 6, 'cluster3106249630_3106249631_J60_J61_#5more': 25}, 
1455.0, {'J10': np.float32(-0.09250694), 'J11': np.float32(-0.071230344), 'J12': np.float32(-1.0925069), 'J13': np.float32(0.15911193), 'cluster3106249630_3106249631_J60_J61_#5more': np.float32(-0.5013876)}, {'J10': 5, 'J11': 2, 'J12': 14, 'J13': 2, 'cluster3106249630_3106249631_J60_J61_#5more': 19}, {'J10': 5, 'J11': 2, 'J12': 61, 'J13': 5, 'cluster3106249630_3106249631_J60_J61_#5more': 29}, 
1460.0, {'J10': np.float32(-0.09250694), 'J11': np.float32(-0.08510638), 'J12': np.float32(-0.60777056), 'J13': np.float32(-0.007400555), 'cluster3106249630_3106249631_J60_J61_#5more': np.float32(-0.53746533)}, {'J10': 5, 'J11': 2, 'J12': 14, 'J13': 2, 'cluster3106249630_3106249631_J60_J61_#5more': 19}, {'J10': 5, 'J11': 2, 'J12': 62, 'J13': 3, 'cluster3106249630_3106249631_J60_J61_#5more': 30}, 
1465.0, {'J10': np.float32(-0.09250694), 'J11': np.float32(-0.0), 'J12': np.float32(-0.6225717), 'J13': np.float32(-0.06382979), 'cluster3106249630_3106249631_J60_J61_#5more': np.float32(-0.59389454)}, {'J10': 5, 'J11': 2, 'J12': 14, 'J13': 2, 'cluster3106249630_3106249631_J60_J61_#5more': 20}, {'J10': 5, 'J11': 3, 'J12': 62, 'J13': 4, 'cluster3106249630_3106249631_J60_J61_#5more': 34}, 
1470.0, {'J10': np.float32(-0.09435707), 'J11': np.float32(-0.007400555), 'J12': np.float32(-0.27382055), 'J13': np.float32(-0.08510638), 'cluster3106249630_3106249631_J60_J61_#5more': np.float32(-0.692877)}, {'J10': 5, 'J11': 2, 'J12': 14, 'J13': 3, 'cluster3106249630_3106249631_J60_J61_#5more': 22}, {'J10': 5, 'J11': 4, 'J12': 58, 'J13': 5, 'cluster3106249630_3106249631_J60_J61_#5more': 39}, 
1475.0, {'J10': np.float32(-0.10175763), 'J11': np.float32(-0.071230344), 'J12': np.float32(-0.49398705), 'J13': np.float32(0.25346902), 'cluster3106249630_3106249631_J60_J61_#5more': np.float32(0.94079554)}, {'J10': 5, 'J11': 2, 'J12': 14, 'J13': 1, 'cluster3106249630_3106249631_J60_J61_#5more': 21}, {'J10': 5, 'J11': 5, 'J12': 53, 'J13': 2, 'cluster3106249630_3106249631_J60_J61_#5more': 32}, 
1480.0, {'J10': np.float32(0.36355227), 'J11': np.float32(-0.08140611), 'J12': np.float32(-0.8917669), 'J13': np.float32(0.01480111), 'cluster3106249630_3106249631_J60_J61_#5more': np.float32(0.839963)}, {'J10': 4, 'J11': 2, 'J12': 14, 'J13': 1, 'cluster3106249630_3106249631_J60_J61_#5more': 17}, {'J10': 5, 'J11': 5, 'J12': 56, 'J13': 1, 'cluster3106249630_3106249631_J60_J61_#5more': 22}, 
1485.0, {'J10': np.float32(0.39777982), 'J11': np.float32(-0.010175764), 'J12': np.float32(-1.0481036), 'J13': np.float32(-0.011100832), 'cluster3106249630_3106249631_J60_J61_#5more': np.float32(0.7548566)}, {'J10': 3, 'J11': 2, 'J12': 14, 'J13': 0, 'cluster3106249630_3106249631_J60_J61_#5more': 11}, {'J10': 3, 'J11': 5, 'J12': 58, 'J13': 0, 'cluster3106249630_3106249631_J60_J61_#5more': 15}, 
1490.0, {'J10': np.float32(-0.06012951), 'J11': np.float32(0.011100832), 'J12': np.float32(3.0), 'J13': np.float32(0.022201665), 'cluster3106249630_3106249631_J60_J61_#5more': np.float32(0.3293247)}, {'J10': 5, 'J11': 3, 'J12': 12, 'J13': 0, 'cluster3106249630_3106249631_J60_J61_#5more': 6}, {'J10': 5, 'J11': 5, 'J12': 58, 'J13': 0, 'cluster3106249630_3106249631_J60_J61_#5more': 8}, 
1495.0, {'J10': np.float32(-0.09713229), 'J11': np.float32(-0.09435707), 'J12': np.float32(-1.0823312), 'J13': np.float32(-0.0009250694), 'cluster3106249630_3106249631_J60_J61_#5more': np.float32(0.42553192)}, {'J10': 5, 'J11': 3, 'J12': 12, 'J13': 0, 'cluster3106249630_3106249631_J60_J61_#5more': 1}, {'J10': 5, 'J11': 6, 'J12': 60, 'J13': 0, 'cluster3106249630_3106249631_J60_J61_#5more': 2}, 
1500.0, {'J10': np.float32(-0.10175763), 'J11': np.float32(-0.08880666), 'J12': np.float32(3.0), 'J13': np.float32(-0.025901943), 'cluster3106249630_3106249631_J60_J61_#5more': np.float32(-0.04347826)}, {'J10': 5, 'J11': 3, 'J12': 12, 'J13': 1, 'cluster3106249630_3106249631_J60_J61_#5more': 1}, {'J10': 5, 'J11': 5, 'J12': 58, 'J13': 2, 'cluster3106249630_3106249631_J60_J61_#5more': 2}, 
1505.0, {'J10': np.float32(-0.10175763), 'J11': np.float32(-0.111008324), 'J12': np.float32(1.0009251), 'J13': np.float32(0.0037002775), 'cluster3106249630_3106249631_J60_J61_#5more': np.float32(0.7918594)}, {'J10': 5, 'J11': 4, 'J12': 13, 'J13': 1, 'cluster3106249630_3106249631_J60_J61_#5more': 4}, {'J10': 5, 'J11': 8, 'J12': 64, 'J13': 1, 'cluster3106249630_3106249631_J60_J61_#5more': 7}, 
1510.0, {'J10': np.float32(-0.10175763), 'J11': np.float32(-0.12858464), 'J12': np.float32(3.0), 'J13': np.float32(-0.025901943), 'cluster3106249630_3106249631_J60_J61_#5more': np.float32(-0.14431082)}, {'J10': 5, 'J11': 5, 'J12': 13, 'J13': 1, 'cluster3106249630_3106249631_J60_J61_#5more': 4}, {'J10': 5, 'J11': 9, 'J12': 63, 'J13': 2, 'cluster3106249630_3106249631_J60_J61_#5more': 12}, 
1515.0, {'J10': np.float32(-0.10175763), 'J11': np.float32(-0.11748381), 'J12': np.float32(-1.1711378), 'J13': np.float32(-0.01480111), 'cluster3106249630_3106249631_J60_J61_#5more': np.float32(-0.27382055)}, {'J10': 5, 'J11': 6, 'J12': 14, 'J13': 1, 'cluster3106249630_3106249631_J60_J61_#5more': 5}, {'J10': 5, 'J11': 10, 'J12': 66, 'J13': 1, 'cluster3106249630_3106249631_J60_J61_#5more': 18}, 
1520.0, {'J10': np.float32(-0.10175763), 'J11': np.float32(-0.18778908), 'J12': np.float32(-1.2645699), 'J13': np.float32(-0.03422757), 'cluster3106249630_3106249631_J60_J61_#5more': np.float32(-0.071230344)}, {'J10': 5, 'J11': 6, 'J12': 14, 'J13': 2, 'cluster3106249630_3106249631_J60_J61_#5more': 5}, {'J10': 5, 'J11': 10, 'J12': 74, 'J13': 2, 'cluster3106249630_3106249631_J60_J61_#5more': 14}, 
1525.0, {'J10': np.float32(-0.11748381), 'J11': np.float32(-0.17946346), 'J12': np.float32(1.9287697), 'J13': np.float32(-0.04625347), 'cluster3106249630_3106249631_J60_J61_#5more': np.float32(0.06567992)}, {'J10': 5, 'J11': 6, 'J12': 14, 'J13': 2, 'cluster3106249630_3106249631_J60_J61_#5more': 4}, {'J10': 5, 'J11': 10, 'J12': 73, 'J13': 2, 'cluster3106249630_3106249631_J60_J61_#5more': 8}, 
1530.0, {'J10': np.float32(1.2201666), 'J11': np.float32(-0.07030527), 'J12': np.float32(-0.6207216), 'J13': np.float32(-0.04625347), 'cluster3106249630_3106249631_J60_J61_#5more': np.float32(0.07030527)}, {'J10': 3, 'J11': 6, 'J12': 15, 'J13': 2, 'cluster3106249630_3106249631_J60_J61_#5more': 4}, {'J10': 3, 'J11': 8, 'J12': 72, 'J13': 2, 'cluster3106249630_3106249631_J60_J61_#5more': 4}, 
1535.0, {'J10': np.float32(-0.055504162), 'J11': np.float32(-0.15356152), 'J12': np.float32(-0.57909346), 'J13': np.float32(0.11933395), 'cluster3106249630_3106249631_J60_J61_#5more': np.float32(0.052728955)}, {'J10': 3, 'J11': 6, 'J12': 16, 'J13': 1, 'cluster3106249630_3106249631_J60_J61_#5more': 3}, {'J10': 3, 'J11': 9, 'J12': 71, 'J13': 2, 'cluster3106249630_3106249631_J60_J61_#5more': 3}, 
1540.0, {'J10': np.float32(-0.06567992), 'J11': np.float32(-0.15078631), 'J12': np.float32(0.6410731), 'J13': np.float32(0.03237743), 'cluster3106249630_3106249631_J60_J61_#5more': np.float32(0.06845514)}, {'J10': 5, 'J11': 7, 'J12': 16, 'J13': 2, 'cluster3106249630_3106249631_J60_J61_#5more': 2}, {'J10': 5, 'J11': 9, 'J12': 68, 'J13': 3, 'cluster3106249630_3106249631_J60_J61_#5more': 2}, 
1545.0, {'J10': np.float32(-0.10175763), 'J11': np.float32(-0.17113784), 'J12': np.float32(-0.5901943), 'J13': np.float32(-0.007400555), 'cluster3106249630_3106249631_J60_J61_#5more': np.float32(-0.053654023)}, {'J10': 5, 'J11': 8, 'J12': 16, 'J13': 1, 'cluster3106249630_3106249631_J60_J61_#5more': 2}, {'J10': 5, 'J11': 10, 'J12': 69, 'J13': 1, 'cluster3106249630_3106249631_J60_J61_#5more': 2}, 
1550.0, {'J10': np.float32(-0.10638298), 'J11': np.float32(0.44218317), 'J12': np.float32(-1.2839963), 'J13': np.float32(-0.023126734), 'cluster3106249630_3106249631_J60_J61_#5more': np.float32(-0.037927844)}, {'J10': 5, 'J11': 5, 'J12': 17, 'J13': 1, 'cluster3106249630_3106249631_J60_J61_#5more': 3}, {'J10': 5, 'J11': 7, 'J12': 72, 'J13': 2, 'cluster3106249630_3106249631_J60_J61_#5more': 3}, 
1555.0, {'J10': np.float32(-0.111008324), 'J11': np.float32(0.111933395), 'J12': np.float32(0.02867715), 'J13': np.float32(-0.037002776), 'cluster3106249630_3106249631_J60_J61_#5more': np.float32(-0.078630894)}, {'J10': 5, 'J11': 4, 'J12': 18, 'J13': 1, 'cluster3106249630_3106249631_J60_J61_#5more': 4}, {'J10': 5, 'J11': 6, 'J12': 71, 'J13': 2, 'cluster3106249630_3106249631_J60_J61_#5more': 4}, 
1560.0, {'J10': np.float32(-0.111008324), 'J11': np.float32(-0.11748381), 'J12': np.float32(-0.28492138), 'J13': np.float32(0.002775208), 'cluster3106249630_3106249631_J60_J61_#5more': np.float32(-0.079555966)}, {'J10': 5, 'J11': 4, 'J12': 18, 'J13': 1, 'cluster3106249630_3106249631_J60_J61_#5more': 4}, {'J10': 5, 'J11': 8, 'J12': 67, 'J13': 1, 'cluster3106249630_3106249631_J60_J61_#5more': 4}, 
1565.0, {'J10': np.float32(-0.111008324), 'J11': np.float32(1.0286771), 'J12': np.float32(-0.9306198), 'J13': np.float32(-0.040703055), 'cluster3106249630_3106249631_J60_J61_#5more': np.float32(0.14338575)}, {'J10': 5, 'J11': 3, 'J12': 18, 'J13': 3, 'cluster3106249630_3106249631_J60_J61_#5more': 3}, {'J10': 5, 'J11': 5, 'J12': 67, 'J13': 4, 'cluster3106249630_3106249631_J60_J61_#5more': 5}, 
1570.0, {'J10': np.float32(-0.111008324), 'J11': np.float32(-0.09805735), 'J12': np.float32(0.42830712), 'J13': np.float32(-0.0138760405), 'cluster3106249630_3106249631_J60_J61_#5more': np.float32(0.15448658)}, {'J10': 5, 'J11': 5, 'J12': 17, 'J13': 1, 'cluster3106249630_3106249631_J60_J61_#5more': 2}, {'J10': 5, 'J11': 8, 'J12': 64, 'J13': 2, 'cluster3106249630_3106249631_J60_J61_#5more': 2}, 
1575.0, {'J10': np.float32(-0.111008324), 'J11': np.float32(-0.10545791), 'J12': np.float32(-0.96207213), 'J13': np.float32(-0.005550416), 'cluster3106249630_3106249631_J60_J61_#5more': np.float32(-0.08880666)}, {'J10': 5, 'J11': 6, 'J12': 17, 'J13': 2, 'cluster3106249630_3106249631_J60_J61_#5more': 3}, {'J10': 5, 'J11': 9, 'J12': 66, 'J13': 3, 'cluster3106249630_3106249631_J60_J61_#5more': 3}, 
1580.0, {'J10': np.float32(-0.111008324), 'J11': np.float32(-0.15726179), 'J12': np.float32(-0.5615171), 'J13': np.float32(-0.012025902), 'cluster3106249630_3106249631_J60_J61_#5more': np.float32(-0.07770583)}, {'J10': 5, 'J11': 9, 'J12': 15, 'J13': 1, 'cluster3106249630_3106249631_J60_J61_#5more': 3}, {'J10': 5, 'J11': 13, 'J12': 69, 'J13': 1, 'cluster3106249630_3106249631_J60_J61_#5more': 3}, 
1585.0, {'J10': np.float32(-0.111008324), 'J11': np.float32(0.09805735), 'J12': np.float32(0.86308974), 'J13': np.float32(-0.018501388), 'cluster3106249630_3106249631_J60_J61_#5more': np.float32(-0.10638298)}, {'J10': 5, 'J11': 8, 'J12': 13, 'J13': 1, 'cluster3106249630_3106249631_J60_J61_#5more': 3}, {'J10': 5, 'J11': 10, 'J12': 63, 'J13': 1, 'cluster3106249630_3106249631_J60_J61_#5more': 5}, 
1590.0, {'J10': np.float32(-0.111008324), 'J11': np.float32(-0.18686402), 'J12': np.float32(-0.84458834), 'J13': np.float32(-0.020351527), 'cluster3106249630_3106249631_J60_J61_#5more': np.float32(-0.17391305)}, {'J10': 5, 'J11': 8, 'J12': 13, 'J13': 1, 'cluster3106249630_3106249631_J60_J61_#5more': 4}, {'J10': 5, 'J11': 10, 'J12': 61, 'J13': 2, 'cluster3106249630_3106249631_J60_J61_#5more': 8}, 
1595.0, {'J10': np.float32(0.7104533), 'J11': np.float32(-0.1720629), 'J12': np.float32(0.011100832), 'J13': np.float32(-0.041628122), 'cluster3106249630_3106249631_J60_J61_#5more': np.float32(-0.24884367)}, {'J10': 4, 'J11': 9, 'J12': 13, 'J13': 2, 'cluster3106249630_3106249631_J60_J61_#5more': 6}, {'J10': 7, 'J11': 12, 'J12': 57, 'J13': 3, 'cluster3106249630_3106249631_J60_J61_#5more': 10}, 
1600.0, {'J10': np.float32(0.25716928), 'J11': np.float32(0.1359852), 'J12': np.float32(2.174838), 'J13': np.float32(-0.055504162), 'cluster3106249630_3106249631_J60_J61_#5more': np.float32(-0.11933395)}, {'J10': 4, 'J11': 7, 'J12': 12, 'J13': 2, 'cluster3106249630_3106249631_J60_J61_#5more': 4}, {'J10': 9, 'J11': 9, 'J12': 53, 'J13': 3, 'cluster3106249630_3106249631_J60_J61_#5more': 7}, 
1605.0, {'J10': np.float32(-0.083256245), 'J11': np.float32(0.37927845), 'J12': np.float32(0.33117485), 'J13': np.float32(0.21276596), 'cluster3106249630_3106249631_J60_J61_#5more': np.float32(0.41535616)}, {'J10': 3, 'J11': 3, 'J12': 12, 'J13': 1, 'cluster3106249630_3106249631_J60_J61_#5more': 4}, {'J10': 8, 'J11': 5, 'J12': 54, 'J13': 2, 'cluster3106249630_3106249631_J60_J61_#5more': 8}, 
1610.0, {'J10': np.float32(0.051803887), 'J11': np.float32(0.07493062), 'J12': np.float32(-1.040703), 'J13': np.float32(0.0906568), 'cluster3106249630_3106249631_J60_J61_#5more': np.float32(-0.15448658)}, {'J10': 5, 'J11': 2, 'J12': 12, 'J13': 1, 'cluster3106249630_3106249631_J60_J61_#5more': 6}, {'J10': 5, 'J11': 3, 'J12': 61, 'J13': 1, 'cluster3106249630_3106249631_J60_J61_#5more': 10}, 
1615.0, {'J10': np.float32(-0.09250694), 'J11': np.float32(0.036077704), 'J12': np.float32(-0.7557817), 'J13': np.float32(-0.024051804), 'cluster3106249630_3106249631_J60_J61_#5more': np.float32(-0.050878815)}, {'J10': 5, 'J11': 2, 'J12': 13, 'J13': 1, 'cluster3106249630_3106249631_J60_J61_#5more': 6}, {'J10': 5, 'J11': 6, 'J12': 67, 'J13': 1, 'cluster3106249630_3106249631_J60_J61_#5more': 10}, 
1620.0, {'J10': np.float32(-0.09250694), 'J11': np.float32(-0.123959295), 'J12': np.float32(-0.89824235), 'J13': np.float32(0.03237743), 'cluster3106249630_3106249631_J60_J61_#5more': np.float32(-0.11748381)}, {'J10': 5, 'J11': 2, 'J12': 13, 'J13': 0, 'cluster3106249630_3106249631_J60_J61_#5more': 5}, {'J10': 5, 'J11': 8, 'J12': 64, 'J13': 0, 'cluster3106249630_3106249631_J60_J61_#5more': 9}, 
1625.0, {'J10': np.float32(-0.09805735), 'J11': np.float32(-0.18038853), 'J12': np.float32(-0.7613321), 'J13': np.float32(-0.0), 'cluster3106249630_3106249631_J60_J61_#5more': np.float32(-0.08788159)}, {'J10': 5, 'J11': 4, 'J12': 13, 'J13': 0, 'cluster3106249630_3106249631_J60_J61_#5more': 4}, {'J10': 6, 'J11': 12, 'J12': 62, 'J13': 0, 'cluster3106249630_3106249631_J60_J61_#5more': 8}, 
1630.0, {'J10': np.float32(-0.116558746), 'J11': np.float32(0.16281222), 'J12': np.float32(-0.426457), 'J13': np.float32(-0.0009250694), 'cluster3106249630_3106249631_J60_J61_#5more': np.float32(-0.19148937)}, {'J10': 5, 'J11': 3, 'J12': 13, 'J13': 0, 'cluster3106249630_3106249631_J60_J61_#5more': 6}, {'J10': 7, 'J11': 6, 'J12': 59, 'J13': 0, 'cluster3106249630_3106249631_J60_J61_#5more': 10}, 
1635.0, {'J10': np.float32(-0.12950972), 'J11': np.float32(0.06845514), 'J12': np.float32(-0.6817761), 'J13': np.float32(-0.011100832), 'cluster3106249630_3106249631_J60_J61_#5more': np.float32(-0.19518964)}, {'J10': 5, 'J11': 2, 'J12': 13, 'J13': 1, 'cluster3106249630_3106249631_J60_J61_#5more': 8}, {'J10': 7, 'J11': 2, 'J12': 54, 'J13': 1, 'cluster3106249630_3106249631_J60_J61_#5more': 12}, 
1640.0, {'J10': np.float32(-0.12950972), 'J11': np.float32(-0.071230344), 'J12': np.float32(-0.80851066), 'J13': np.float32(-0.03237743), 'cluster3106249630_3106249631_J60_J61_#5more': np.float32(-0.04810361)}, {'J10': 5, 'J11': 2, 'J12': 13, 'J13': 1, 'cluster3106249630_3106249631_J60_J61_#5more': 6}, {'J10': 7, 'J11': 4, 'J12': 52, 'J13': 2, 'cluster3106249630_3106249631_J60_J61_#5more': 10}, 
1645.0, {'J10': np.float32(-0.13135985), 'J11': np.float32(-0.0138760405), 'J12': np.float32(-0.6854764), 'J13': np.float32(-0.0573543), 'cluster3106249630_3106249631_J60_J61_#5more': np.float32(0.12210916)}, {'J10': 5, 'J11': 2, 'J12': 13, 'J13': 4, 'cluster3106249630_3106249631_J60_J61_#5more': 7}, {'J10': 7, 'J11': 3, 'J12': 52, 'J13': 5, 'cluster3106249630_3106249631_J60_J61_#5more': 12}, 
1650.0, {'J10': np.float32(-0.06105458), 'J11': np.float32(-0.0693802), 'J12': np.float32(-0.9000925), 'J13': np.float32(-0.12580943), 'cluster3106249630_3106249631_J60_J61_#5more': np.float32(-0.2747456)}, {'J10': 5, 'J11': 2, 'J12': 13, 'J13': 7, 'cluster3106249630_3106249631_J60_J61_#5more': 9}, {'J10': 6, 'J11': 4, 'J12': 52, 'J13': 9, 'cluster3106249630_3106249631_J60_J61_#5more': 16}, 
1655.0, {'J10': np.float32(-0.12950972), 'J11': np.float32(-0.09250694), 'J12': np.float32(0.34875116), 'J13': np.float32(0.002775208), 'cluster3106249630_3106249631_J60_J61_#5more': np.float32(-0.3691027)}, {'J10': 5, 'J11': 2, 'J12': 12, 'J13': 5, 'cluster3106249630_3106249631_J60_J61_#5more': 11}, {'J10': 6, 'J11': 7, 'J12': 51, 'J13': 7, 'cluster3106249630_3106249631_J60_J61_#5more': 22}, 
1660.0, {'J10': np.float32(-0.12950972), 'J11': np.float32(-0.038852915), 'J12': np.float32(0.079555966), 'J13': np.float32(0.024051804), 'cluster3106249630_3106249631_J60_J61_#5more': np.float32(0.020351527)}, {'J10': 5, 'J11': 2, 'J12': 12, 'J13': 2, 'cluster3106249630_3106249631_J60_J61_#5more': 11}, {'J10': 6, 'J11': 5, 'J12': 51, 'J13': 5, 'cluster3106249630_3106249631_J60_J61_#5more': 22}, 
1665.0, {'J10': np.float32(0.7400555), 'J11': np.float32(-0.116558746), 'J12': np.float32(-0.26456985), 'J13': np.float32(0.018501388), 'cluster3106249630_3106249631_J60_J61_#5more': np.float32(0.17021276)}, {'J10': 4, 'J11': 3, 'J12': 12, 'J13': 2, 'cluster3106249630_3106249631_J60_J61_#5more': 12}, {'J10': 5, 'J11': 8, 'J12': 50, 'J13': 4, 'cluster3106249630_3106249631_J60_J61_#5more': 19}, 
1670.0, {'J10': np.float32(-0.09250694), 'J11': np.float32(-0.011100832), 'J12': np.float32(-0.3839038), 'J13': np.float32(-0.07400555), 'cluster3106249630_3106249631_J60_J61_#5more': np.float32(0.10083256)}, {'J10': 4, 'J11': 4, 'J12': 12, 'J13': 2, 'cluster3106249630_3106249631_J60_J61_#5more': 10}, {'J10': 5, 'J11': 10, 'J12': 50, 'J13': 4, 'cluster3106249630_3106249631_J60_J61_#5more': 14}, 
1675.0, {'J10': np.float32(-0.099907495), 'J11': np.float32(-0.015726179), 'J12': np.float32(-0.95004624), 'J13': np.float32(0.04255319), 'cluster3106249630_3106249631_J60_J61_#5more': np.float32(0.15356152)}, {'J10': 5, 'J11': 3, 'J12': 12, 'J13': 1, 'cluster3106249630_3106249631_J60_J61_#5more': 7}, {'J10': 7, 'J11': 5, 'J12': 53, 'J13': 3, 'cluster3106249630_3106249631_J60_J61_#5more': 11}, 
1680.0, {'J10': np.float32(-0.050878815), 'J11': np.float32(-0.09620722), 'J12': np.float32(-1.0240518), 'J13': np.float32(0.041628122), 'cluster3106249630_3106249631_J60_J61_#5more': np.float32(0.75763184)}, {'J10': 5, 'J11': 5, 'J12': 13, 'J13': 1, 'cluster3106249630_3106249631_J60_J61_#5more': 4}, {'J10': 5, 'J11': 9, 'J12': 56, 'J13': 2, 'cluster3106249630_3106249631_J60_J61_#5more': 6}, 
1685.0, {'J10': np.float32(-0.09250694), 'J11': np.float32(-0.16188714), 'J12': np.float32(-0.96577245), 'J13': np.float32(-0.049028676), 'cluster3106249630_3106249631_J60_J61_#5more': np.float32(0.08973173)}, {'J10': 5, 'J11': 5, 'J12': 13, 'J13': 1, 'cluster3106249630_3106249631_J60_J61_#5more': 2}, {'J10': 5, 'J11': 9, 'J12': 56, 'J13': 3, 'cluster3106249630_3106249631_J60_J61_#5more': 4}, 
1690.0, {'J10': np.float32(-0.10083256), 'J11': np.float32(-0.17298797), 'J12': np.float32(-0.9454209), 'J13': np.float32(-0.02867715), 'cluster3106249630_3106249631_J60_J61_#5more': np.float32(0.46345976)}, {'J10': 5, 'J11': 5, 'J12': 13, 'J13': 1, 'cluster3106249630_3106249631_J60_J61_#5more': 4}, {'J10': 5, 'J11': 10, 'J12': 54, 'J13': 3, 'cluster3106249630_3106249631_J60_J61_#5more': 6}, 
1695.0, {'J10': np.float32(-0.10175763), 'J11': np.float32(-0.06105458), 'J12': np.float32(-0.89269197), 'J13': np.float32(0.16281222), 'cluster3106249630_3106249631_J60_J61_#5more': np.float32(-0.13320999)}, {'J10': 5, 'J11': 5, 'J12': 13, 'J13': 1, 'cluster3106249630_3106249631_J60_J61_#5more': 7}, {'J10': 5, 'J11': 8, 'J12': 53, 'J13': 2, 'cluster3106249630_3106249631_J60_J61_#5more': 13}, 
1700.0, {'J10': np.float32(-0.10175763), 'J11': np.float32(-0.14893617), 'J12': np.float32(-0.39500463), 'J13': np.float32(0.0037002775), 'cluster3106249630_3106249631_J60_J61_#5more': np.float32(-0.2599445)}, {'J10': 5, 'J11': 6, 'J12': 12, 'J13': 1, 'cluster3106249630_3106249631_J60_J61_#5more': 10}, {'J10': 5, 'J11': 9, 'J12': 51, 'J13': 1, 'cluster3106249630_3106249631_J60_J61_#5more': 17}, 
1705.0, {'J10': np.float32(-0.10175763), 'J11': np.float32(-0.115633674), 'J12': np.float32(-0.96114707), 'J13': np.float32(0.06567992), 'cluster3106249630_3106249631_J60_J61_#5more': np.float32(-0.15726179)}, {'J10': 5, 'J11': 7, 'J12': 12, 'J13': 0, 'cluster3106249630_3106249631_J60_J61_#5more': 11}, {'J10': 5, 'J11': 10, 'J12': 52, 'J13': 0, 'cluster3106249630_3106249631_J60_J61_#5more': 22}, 
1710.0, {'J10': np.float32(-0.10175763), 'J11': np.float32(1.0823312), 'J12': np.float32(-0.42738205), 'J13': np.float32(0.017576318), 'cluster3106249630_3106249631_J60_J61_#5more': np.float32(0.14246069)}, {'J10': 5, 'J11': 7, 'J12': 12, 'J13': 0, 'cluster3106249630_3106249631_J60_J61_#5more': 12}, {'J10': 5, 'J11': 8, 'J12': 51, 'J13': 0, 'cluster3106249630_3106249631_J60_J61_#5more': 19}, 
1715.0, {'J10': np.float32(-0.10638298), 'J11': np.float32(-0.16188714), 'J12': np.float32(-0.43940794), 'J13': np.float32(-0.0037002775), 'cluster3106249630_3106249631_J60_J61_#5more': np.float32(0.18593894)}, {'J10': 5, 'J11': 7, 'J12': 14, 'J13': 1, 'cluster3106249630_3106249631_J60_J61_#5more': 8}, {'J10': 6, 'J11': 11, 'J12': 55, 'J13': 1, 'cluster3106249630_3106249631_J60_J61_#5more': 10}, 
1720.0, {'J10': np.float32(-0.12025902), 'J11': np.float32(0.27289546), 'J12': np.float32(3.0), 'J13': np.float32(-0.040703055), 'cluster3106249630_3106249631_J60_J61_#5more': np.float32(-0.04625347)}, {'J10': 5, 'J11': 5, 'J12': 13, 'J13': 3, 'cluster3106249630_3106249631_J60_J61_#5more': 6}, {'J10': 6, 'J11': 7, 'J12': 55, 'J13': 5, 'cluster3106249630_3106249631_J60_J61_#5more': 10}, 
1725.0, {'J10': np.float32(-0.12025902), 'J11': np.float32(-0.15726179), 'J12': np.float32(1.519889), 'J13': np.float32(-0.06567992), 'cluster3106249630_3106249631_J60_J61_#5more': np.float32(0.16743755)}, {'J10': 5, 'J11': 6, 'J12': 12, 'J13': 3, 'cluster3106249630_3106249631_J60_J61_#5more': 4}, {'J10': 6, 'J11': 9, 'J12': 54, 'J13': 4, 'cluster3106249630_3106249631_J60_J61_#5more': 7}, 
1730.0, {'J10': np.float32(0.7289547), 'J11': np.float32(-0.12673451), 'J12': np.float32(3.0), 'J13': np.float32(0.020351527), 'cluster3106249630_3106249631_J60_J61_#5more': np.float32(0.107308045)}, {'J10': 4, 'J11': 7, 'J12': 12, 'J13': 3, 'cluster3106249630_3106249631_J60_J61_#5more': 4}, {'J10': 4, 'J11': 10, 'J12': 51, 'J13': 3, 'cluster3106249630_3106249631_J60_J61_#5more': 6}, 
1735.0, {'J10': np.float32(0.6484736), 'J11': np.float32(-0.1692877), 'J12': np.float32(2.6364477), 'J13': np.float32(-0.071230344), 'cluster3106249630_3106249631_J60_J61_#5more': np.float32(-0.20629047)}, {'J10': 3, 'J11': 7, 'J12': 12, 'J13': 5, 'cluster3106249630_3106249631_J60_J61_#5more': 5}, {'J10': 3, 'J11': 9, 'J12': 49, 'J13': 5, 'cluster3106249630_3106249631_J60_J61_#5more': 12}, 
1740.0, {'J10': np.float32(-0.06012951), 'J11': np.float32(-0.17021276), 'J12': np.float32(3.0), 'J13': np.float32(-0.09250694), 'cluster3106249630_3106249631_J60_J61_#5more': np.float32(-0.3209991)}, {'J10': 5, 'J11': 9, 'J12': 12, 'J13': 5, 'cluster3106249630_3106249631_J60_J61_#5more': 10}, {'J10': 5, 'J11': 11, 'J12': 52, 'J13': 5, 'cluster3106249630_3106249631_J60_J61_#5more': 18}, 
1745.0, {'J10': np.float32(-0.09250694), 'J11': np.float32(-0.20351526), 'J12': np.float32(0.26456985), 'J13': np.float32(-0.09713229), 'cluster3106249630_3106249631_J60_J61_#5more': np.float32(-0.021276595)}, {'J10': 5, 'J11': 9, 'J12': 14, 'J13': 6, 'cluster3106249630_3106249631_J60_J61_#5more': 8}, {'J10': 5, 'J11': 11, 'J12': 57, 'J13': 6, 'cluster3106249630_3106249631_J60_J61_#5more': 14}, 
1750.0, {'J10': np.float32(-0.09250694), 'J11': np.float32(-0.20629047), 'J12': np.float32(-1.1100832), 'J13': np.float32(0.26364478), 'cluster3106249630_3106249631_J60_J61_#5more': np.float32(0.06567992)}, {'J10': 5, 'J11': 9, 'J12': 15, 'J13': 2, 'cluster3106249630_3106249631_J60_J61_#5more': 4}, {'J10': 5, 'J11': 12, 'J12': 67, 'J13': 3, 'cluster3106249630_3106249631_J60_J61_#5more': 7}, 
1755.0, {'J10': np.float32(-0.09435707), 'J11': np.float32(-0.20906568), 'J12': np.float32(3.0), 'J13': np.float32(-0.040703055), 'cluster3106249630_3106249631_J60_J61_#5more': np.float32(-0.06382979)}, {'J10': 5, 'J11': 9, 'J12': 15, 'J13': 3, 'cluster3106249630_3106249631_J60_J61_#5more': 3}, {'J10': 5, 'J11': 11, 'J12': 64, 'J13': 3, 'cluster3106249630_3106249631_J60_J61_#5more': 6}, 
1760.0, {'J10': np.float32(-0.10175763), 'J11': np.float32(-0.21369103), 'J12': np.float32(3.0), 'J13': np.float32(-0.066604994), 'cluster3106249630_3106249631_J60_J61_#5more': np.float32(-0.20166512)}, {'J10': 5, 'J11': 11, 'J12': 15, 'J13': 5, 'cluster3106249630_3106249631_J60_J61_#5more': 4}, {'J10': 5, 'J11': 14, 'J12': 60, 'J13': 5, 'cluster3106249630_3106249631_J60_J61_#5more': 11}, 
1765.0, {'J10': np.float32(-0.10175763), 'J11': np.float32(-0.2654949), 'J12': np.float32(0.0037002775), 'J13': np.float32(0.09250694), 'cluster3106249630_3106249631_J60_J61_#5more': np.float32(-0.08973173)}, {'J10': 5, 'J11': 11, 'J12': 15, 'J13': 2, 'cluster3106249630_3106249631_J60_J61_#5more': 5}, {'J10': 5, 'J11': 15, 'J12': 60, 'J13': 3, 'cluster3106249630_3106249631_J60_J61_#5more': 13}, 
1770.0, {'J10': np.float32(-0.1026827), 'J11': np.float32(-0.22016652), 'J12': np.float32(0.26456985), 'J13': np.float32(0.079555966), 'cluster3106249630_3106249631_J60_J61_#5more': np.float32(0.031452358)}, {'J10': 5, 'J11': 13, 'J12': 15, 'J13': 1, 'cluster3106249630_3106249631_J60_J61_#5more': 5}, {'J10': 6, 'J11': 16, 'J12': 58, 'J13': 2, 'cluster3106249630_3106249631_J60_J61_#5more': 11}, 
1775.0, {'J10': np.float32(-0.12025902), 'J11': np.float32(-0.2775208), 'J12': np.float32(2.1655874), 'J13': np.float32(-0.002775208), 'cluster3106249630_3106249631_J60_J61_#5more': np.float32(0.42738205)}, {'J10': 5, 'J11': 13, 'J12': 15, 'J13': 2, 'cluster3106249630_3106249631_J60_J61_#5more': 1}, {'J10': 6, 'J11': 16, 'J12': 56, 'J13': 3, 'cluster3106249630_3106249631_J60_J61_#5more': 1}, 
1780.0, {'J10': np.float32(-0.12118409), 'J11': np.float32(-0.2960222), 'J12': np.float32(2.0286772), 'J13': np.float32(-0.027752081), 'cluster3106249630_3106249631_J60_J61_#5more': np.float32(0.613321)}, {'J10': 5, 'J11': 15, 'J12': 15, 'J13': 4, 'cluster3106249630_3106249631_J60_J61_#5more': 2}, {'J10': 7, 'J11': 17, 'J12': 58, 'J13': 4, 'cluster3106249630_3106249631_J60_J61_#5more': 3}, 
1785.0, {'J10': np.float32(-0.1387604), 'J11': np.float32(-0.33765033), 'J12': np.float32(-0.2562442), 'J13': np.float32(-0.08140611), 'cluster3106249630_3106249631_J60_J61_#5more': np.float32(-0.06105458)}, {'J10': 5, 'J11': 16, 'J12': 15, 'J13': 4, 'cluster3106249630_3106249631_J60_J61_#5more': 4}, {'J10': 7, 'J11': 18, 'J12': 58, 'J13': 6, 'cluster3106249630_3106249631_J60_J61_#5more': 5}, 
1790.0, {'J10': np.float32(-0.1387604), 'J11': np.float32(0.45050877), 'J12': np.float32(-0.7372803), 'J13': np.float32(-0.111008324), 'cluster3106249630_3106249631_J60_J61_#5more': np.float32(-0.107308045)}, {'J10': 5, 'J11': 17, 'J12': 15, 'J13': 4, 'cluster3106249630_3106249631_J60_J61_#5more': 7}, {'J10': 7, 'J11': 18, 'J12': 59, 'J13': 6, 'cluster3106249630_3106249631_J60_J61_#5more': 9}, 
1795.0, {'J10': np.float32(1.4061054), 'J11': np.float32(-0.29324698), 'J12': np.float32(-1.0360777), 'J13': np.float32(0.08048104), 'cluster3106249630_3106249631_J60_J61_#5more': np.float32(-0.016651249)}, {'J10': 3, 'J11': 18, 'J12': 15, 'J13': 2, 'cluster3106249630_3106249631_J60_J61_#5more': 5}, {'J10': 4, 'J11': 19, 'J12': 63, 'J13': 3, 'cluster3106249630_3106249631_J60_J61_#5more': 8}, 
1800.0, {'J10': np.float32(0.0009250694), 'J11': np.float32(-0.031452358), 'J12': np.float32(-0.946346), 'J13': np.float32(0.10083256), 'cluster3106249630_3106249631_J60_J61_#5more': np.float32(-0.020351527)}, {'J10': 3, 'J11': 18, 'J12': 15, 'J13': 1, 'cluster3106249630_3106249631_J60_J61_#5more': 4}, {'J10': 3, 'J11': 18, 'J12': 64, 'J13': 2, 'cluster3106249630_3106249631_J60_J61_#5more': 7}, 
1805.0, {'J10': np.float32(-0.05920444), 'J11': np.float32(1.0971323), 'J12': np.float32(-0.91951895), 'J13': np.float32(-0.019426458), 'cluster3106249630_3106249631_J60_J61_#5more': np.float32(-0.016651249)}, {'J10': 5, 'J11': 16, 'J12': 15, 'J13': 1, 'cluster3106249630_3106249631_J60_J61_#5more': 4}, {'J10': 5, 'J11': 18, 'J12': 65, 'J13': 2, 'cluster3106249630_3106249631_J60_J61_#5more': 6}, 
1810.0, {'J10': np.float32(-0.09805735), 'J11': np.float32(1.2506938), 'J12': np.float32(-1.2368177), 'J13': np.float32(-0.054579094), 'cluster3106249630_3106249631_J60_J61_#5more': np.float32(-0.11933395)}, {'J10': 5, 'J11': 11, 'J12': 15, 'J13': 1, 'cluster3106249630_3106249631_J60_J61_#5more': 8}, {'J10': 6, 'J11': 13, 'J12': 67, 'J13': 3, 'cluster3106249630_3106249631_J60_J61_#5more': 10}, 
1815.0, {'J10': np.float32(-0.111008324), 'J11': np.float32(-0.29139686), 'J12': np.float32(0.24144311), 'J13': np.float32(0.020351527), 'cluster3106249630_3106249631_J60_J61_#5more': np.float32(-0.22201665)}, {'J10': 5, 'J11': 11, 'J12': 15, 'J13': 1, 'cluster3106249630_3106249631_J60_J61_#5more': 8}, {'J10': 6, 'J11': 13, 'J12': 67, 'J13': 1, 'cluster3106249630_3106249631_J60_J61_#5more': 13}, 
1820.0, {'J10': np.float32(-0.111008324), 'J11': np.float32(-0.13783534), 'J12': np.float32(-0.39130434), 'J13': np.float32(-0.027752081), 'cluster3106249630_3106249631_J60_J61_#5more': np.float32(-0.033302497)}, {'J10': 5, 'J11': 11, 'J12': 15, 'J13': 1, 'cluster3106249630_3106249631_J60_J61_#5more': 6}, {'J10': 6, 'J11': 13, 'J12': 67, 'J13': 2, 'cluster3106249630_3106249631_J60_J61_#5more': 12}, 
1825.0, {'J10': np.float32(-0.111008324), 'J11': np.float32(-0.26827013), 'J12': np.float32(-0.48473635), 'J13': np.float32(-0.037002776), 'cluster3106249630_3106249631_J60_J61_#5more': np.float32(-0.026827011)}, {'J10': 5, 'J11': 12, 'J12': 15, 'J13': 1, 'cluster3106249630_3106249631_J60_J61_#5more': 4}, {'J10': 6, 'J11': 14, 'J12': 62, 'J13': 2, 'cluster3106249630_3106249631_J60_J61_#5more': 10}, 
1830.0, {'J10': np.float32(-0.111008324), 'J11': np.float32(0.30342275), 'J12': np.float32(-0.27104533), 'J13': np.float32(0.009250694), 'cluster3106249630_3106249631_J60_J61_#5more': np.float32(0.14431082)}, {'J10': 5, 'J11': 10, 'J12': 15, 'J13': 1, 'cluster3106249630_3106249631_J60_J61_#5more': 3}, {'J10': 6, 'J11': 15, 'J12': 58, 'J13': 1, 'cluster3106249630_3106249631_J60_J61_#5more': 6}, 
1835.0, {'J10': np.float32(-0.111008324), 'J11': np.float32(0.45513412), 'J12': np.float32(-1.0148011), 'J13': np.float32(-0.018501388), 'cluster3106249630_3106249631_J60_J61_#5more': np.float32(0.12950972)}, {'J10': 5, 'J11': 8, 'J12': 15, 'J13': 1, 'cluster3106249630_3106249631_J60_J61_#5more': 2}, {'J10': 6, 'J11': 11, 'J12': 57, 'J13': 1, 'cluster3106249630_3106249631_J60_J61_#5more': 6}, 
1840.0, {'J10': np.float32(-0.111008324), 'J11': np.float32(-0.17391305), 'J12': np.float32(-1.0730805), 'J13': np.float32(-0.027752081), 'cluster3106249630_3106249631_J60_J61_#5more': np.float32(0.036077704)}, {'J10': 5, 'J11': 8, 'J12': 15, 'J13': 1, 'cluster3106249630_3106249631_J60_J61_#5more': 1}, {'J10': 6, 'J11': 11, 'J12': 57, 'J13': 2, 'cluster3106249630_3106249631_J60_J61_#5more': 2}, 
1845.0, {'J10': np.float32(-0.111008324), 'J11': np.float32(-0.027752081), 'J12': np.float32(-1.0749307), 'J13': np.float32(-0.037002776), 'cluster3106249630_3106249631_J60_J61_#5more': np.float32(0.006475486)}, {'J10': 5, 'J11': 8, 'J12': 15, 'J13': 1, 'cluster3106249630_3106249631_J60_J61_#5more': 2}, {'J10': 6, 'J11': 10, 'J12': 57, 'J13': 2, 'cluster3106249630_3106249631_J60_J61_#5more': 4}, 
1850.0, {'J10': np.float32(-0.111933395), 'J11': np.float32(-0.18501388), 'J12': np.float32(-1.0841813), 'J13': np.float32(-0.049028676), 'cluster3106249630_3106249631_J60_J61_#5more': np.float32(-0.13691027)}, {'J10': 5, 'J11': 10, 'J12': 15, 'J13': 3, 'cluster3106249630_3106249631_J60_J61_#5more': 5}, {'J10': 6, 'J11': 12, 'J12': 57, 'J13': 4, 'cluster3106249630_3106249631_J60_J61_#5more': 9}, 
1855.0, {'J10': np.float32(-0.12118409), 'J11': np.float32(-0.22386679), 'J12': np.float32(1.3145236), 'J13': np.float32(-0.083256245), 'cluster3106249630_3106249631_J60_J61_#5more': np.float32(-0.07400555)}, {'J10': 5, 'J11': 10, 'J12': 13, 'J13': 4, 'cluster3106249630_3106249631_J60_J61_#5more': 3}, {'J10': 7, 'J11': 13, 'J12': 53, 'J13': 5, 'cluster3106249630_3106249631_J60_J61_#5more': 6}, 
1860.0, {'J10': np.float32(1.199815), 'J11': np.float32(0.41905642), 'J12': np.float32(-0.9879741), 'J13': np.float32(0.10453284), 'cluster3106249630_3106249631_J60_J61_#5more': np.float32(-0.020351527)}, {'J10': 3, 'J11': 8, 'J12': 13, 'J13': 1, 'cluster3106249630_3106249631_J60_J61_#5more': 3}, {'J10': 5, 'J11': 10, 'J12': 56, 'J13': 1, 'cluster3106249630_3106249631_J60_J61_#5more': 5}, 
1865.0, {'J10': np.float32(-0.03237743), 'J11': np.float32(-0.18593894), 'J12': np.float32(-0.44033304), 'J13': np.float32(-0.023126734), 'cluster3106249630_3106249631_J60_J61_#5more': np.float32(-0.14893617)}, {'J10': 3, 'J11': 8, 'J12': 14, 'J13': 1, 'cluster3106249630_3106249631_J60_J61_#5more': 4}, {'J10': 4, 'J11': 10, 'J12': 56, 'J13': 2, 'cluster3106249630_3106249631_J60_J61_#5more': 9}, 
1870.0, {'J10': np.float32(0.42368177), 'J11': np.float32(-0.18316373), 'J12': np.float32(-0.96207213), 'J13': np.float32(-0.047178537), 'cluster3106249630_3106249631_J60_J61_#5more': np.float32(-0.24329324)}, {'J10': 2, 'J11': 8, 'J12': 14, 'J13': 2, 'cluster3106249630_3106249631_J60_J61_#5more': 7}, {'J10': 3, 'J11': 10, 'J12': 54, 'J13': 4, 'cluster3106249630_3106249631_J60_J61_#5more': 14}, 
1875.0, {'J10': np.float32(0.20629047), 'J11': np.float32(1.1174839), 'J12': np.float32(-0.33302498), 'J13': np.float32(-0.08695652), 'cluster3106249630_3106249631_J60_J61_#5more': np.float32(-0.06475486)}, {'J10': 2, 'J11': 4, 'J12': 14, 'J13': 5, 'cluster3106249630_3106249631_J60_J61_#5more': 7}, {'J10': 3, 'J11': 6, 'J12': 52, 'J13': 7, 'cluster3106249630_3106249631_J60_J61_#5more': 12}, 
1880.0, {'J10': np.float32(-0.011100832), 'J11': np.float32(0.40610546), 'J12': np.float32(1.8316374), 'J13': np.float32(-0.021276595), 'cluster3106249630_3106249631_J60_J61_#5more': np.float32(0.12118409)}, {'J10': 4, 'J11': 2, 'J12': 12, 'J13': 2, 'cluster3106249630_3106249631_J60_J61_#5more': 4}, {'J10': 4, 'J11': 4, 'J12': 50, 'J13': 4, 'cluster3106249630_3106249631_J60_J61_#5more': 5}, 
1885.0, {'J10': np.float32(-0.083256245), 'J11': np.float32(0.0453284), 'J12': np.float32(3.0), 'J13': np.float32(-0.07678076), 'cluster3106249630_3106249631_J60_J61_#5more': np.float32(0.022201665)}, {'J10': 5, 'J11': 2, 'J12': 12, 'J13': 4, 'cluster3106249630_3106249631_J60_J61_#5more': 1}, {'J10': 5, 'J11': 3, 'J12': 48, 'J13': 6, 'cluster3106249630_3106249631_J60_J61_#5more': 2}, 
1890.0, {'J10': np.float32(-0.09343201), 'J11': np.float32(-0.03052729), 'J12': np.float32(2.5180387), 'J13': np.float32(-0.13506013), 'cluster3106249630_3106249631_J60_J61_#5more': np.float32(-0.04347826)}, {'J10': 5, 'J11': 2, 'J12': 12, 'J13': 6, 'cluster3106249630_3106249631_J60_J61_#5more': 1}, {'J10': 5, 'J11': 3, 'J12': 53, 'J13': 10, 'cluster3106249630_3106249631_J60_J61_#5more': 1}, 
1895.0, {'J10': np.float32(-0.10175763), 'J11': np.float32(-0.055504162), 'J12': np.float32(-0.9935245), 'J13': np.float32(-0.0693802), 'cluster3106249630_3106249631_J60_J61_#5more': np.float32(0.8991674)}, {'J10': 5, 'J11': 2, 'J12': 15, 'J13': 6, 'cluster3106249630_3106249631_J60_J61_#5more': 1}, {'J10': 5, 'J11': 3, 'J12': 59, 'J13': 9, 'cluster3106249630_3106249631_J60_J61_#5more': 2}, 
1900.0, {'J10': np.float32(-0.10175763), 'J11': np.float32(0.12858464), 'J12': np.float32(2.5652175), 'J13': np.float32(-0.16743755), 'cluster3106249630_3106249631_J60_J61_#5more': np.float32(-0.061979648)}, {'J10': 5, 'J11': 2, 'J12': 15, 'J13': 7, 'cluster3106249630_3106249631_J60_J61_#5more': 3}, {'J10': 5, 'J11': 3, 'J12': 54, 'J13': 10, 'cluster3106249630_3106249631_J60_J61_#5more': 7}, 
1905.0, {'J10': np.float32(-0.10175763), 'J11': np.float32(-0.0453284), 'J12': np.float32(-1.0323775), 'J13': np.float32(0.18686402), 'cluster3106249630_3106249631_J60_J61_#5more': np.float32(-0.1452359)}, {'J10': 5, 'J11': 2, 'J12': 15, 'J13': 3, 'cluster3106249630_3106249631_J60_J61_#5more': 6}, {'J10': 5, 'J11': 2, 'J12': 57, 'J13': 7, 'cluster3106249630_3106249631_J60_J61_#5more': 10}, 
1910.0, {'J10': np.float32(-0.10175763), 'J11': np.float32(-0.0573543), 'J12': np.float32(-1.0379279), 'J13': np.float32(0.22756706), 'cluster3106249630_3106249631_J60_J61_#5more': np.float32(-0.21091582)}, {'J10': 5, 'J11': 2, 'J12': 15, 'J13': 1, 'cluster3106249630_3106249631_J60_J61_#5more': 7}, {'J10': 5, 'J11': 3, 'J12': 55, 'J13': 3, 'cluster3106249630_3106249631_J60_J61_#5more': 15}, 
1915.0, {'J10': np.float32(-0.10175763), 'J11': np.float32(0.0009250694), 'J12': np.float32(-1.0471785), 'J13': np.float32(0.004625347), 'cluster3106249630_3106249631_J60_J61_#5more': np.float32(-0.29509714)}, {'J10': 5, 'J11': 2, 'J12': 15, 'J13': 1, 'cluster3106249630_3106249631_J60_J61_#5more': 8}, {'J10': 5, 'J11': 3, 'J12': 56, 'J13': 3, 'cluster3106249630_3106249631_J60_J61_#5more': 19}, 
1920.0, {'J10': np.float32(-0.10175763), 'J11': np.float32(-0.040703055), 'J12': np.float32(1.0009251), 'J13': np.float32(-0.06845514), 'cluster3106249630_3106249631_J60_J61_#5more': np.float32(0.28769657)}, {'J10': 5, 'J11': 2, 'J12': 13, 'J13': 3, 'cluster3106249630_3106249631_J60_J61_#5more': 5}, {'J10': 5, 'J11': 4, 'J12': 57, 'J13': 5, 'cluster3106249630_3106249631_J60_J61_#5more': 9}, 
1925.0, {'J10': np.float32(-0.10453284), 'J11': np.float32(-0.07770583), 'J12': np.float32(0.14338575), 'J13': np.float32(0.012950972), 'cluster3106249630_3106249631_J60_J61_#5more': np.float32(-0.067530066)}, {'J10': 5, 'J11': 3, 'J12': 12, 'J13': 1, 'cluster3106249630_3106249631_J60_J61_#5more': 5}, {'J10': 5, 'J11': 5, 'J12': 55, 'J13': 2, 'cluster3106249630_3106249631_J60_J61_#5more': 8}, 
1930.0, {'J10': np.float32(-0.111008324), 'J11': np.float32(0.27659574), 'J12': np.float32(-0.5124884), 'J13': np.float32(-0.0009250694), 'cluster3106249630_3106249631_J60_J61_#5more': np.float32(-0.17298797)}, {'J10': 5, 'J11': 5, 'J12': 12, 'J13': 1, 'cluster3106249630_3106249631_J60_J61_#5more': 8}, {'J10': 5, 'J11': 6, 'J12': 54, 'J13': 2, 'cluster3106249630_3106249631_J60_J61_#5more': 13}, 
1935.0, {'J10': np.float32(0.47641072), 'J11': np.float32(-0.022201665), 'J12': np.float32(0.023126734), 'J13': np.float32(-0.04255319), 'cluster3106249630_3106249631_J60_J61_#5more': np.float32(0.10638298)}, {'J10': 4, 'J11': 5, 'J12': 14, 'J13': 1, 'cluster3106249630_3106249631_J60_J61_#5more': 8}, {'J10': 4, 'J11': 7, 'J12': 56, 'J13': 3, 'cluster3106249630_3106249631_J60_J61_#5more': 11}, 
1940.0, {'J10': np.float32(-0.078630894), 'J11': np.float32(-0.0), 'J12': np.float32(3.0), 'J13': np.float32(-0.06475486), 'cluster3106249630_3106249631_J60_J61_#5more': np.float32(0.24884367)}, {'J10': 4, 'J11': 2, 'J12': 14, 'J13': 2, 'cluster3106249630_3106249631_J60_J61_#5more': 4}, {'J10': 5, 'J11': 4, 'J12': 55, 'J13': 4, 'cluster3106249630_3106249631_J60_J61_#5more': 9}, 
1945.0, {'J10': np.float32(-0.115633674), 'J11': np.float32(-0.07770583), 'J12': np.float32(-0.18778908), 'J13': np.float32(-0.0906568), 'cluster3106249630_3106249631_J60_J61_#5more': np.float32(-0.067530066)}, {'J10': 5, 'J11': 2, 'J12': 14, 'J13': 2, 'cluster3106249630_3106249631_J60_J61_#5more': 5}, {'J10': 9, 'J11': 4, 'J12': 51, 'J13': 5, 'cluster3106249630_3106249631_J60_J61_#5more': 10}, 
1950.0, {'J10': np.float32(-0.050878815), 'J11': np.float32(0.08233117), 'J12': np.float32(-0.8501388), 'J13': np.float32(0.084181316), 'cluster3106249630_3106249631_J60_J61_#5more': np.float32(-0.005550416)}, {'J10': 5, 'J11': 2, 'J12': 14, 'J13': 2, 'cluster3106249630_3106249631_J60_J61_#5more': 4}, {'J10': 5, 'J11': 2, 'J12': 50, 'J13': 3, 'cluster3106249630_3106249631_J60_J61_#5more': 6}, 
1955.0, {'J10': np.float32(-0.09250694), 'J11': np.float32(-0.039777983), 'J12': np.float32(3.0), 'J13': np.float32(-0.06382979), 'cluster3106249630_3106249631_J60_J61_#5more': np.float32(0.12950972)}, {'J10': 5, 'J11': 2, 'J12': 14, 'J13': 2, 'cluster3106249630_3106249631_J60_J61_#5more': 3}, {'J10': 5, 'J11': 3, 'J12': 51, 'J13': 4, 'cluster3106249630_3106249631_J60_J61_#5more': 6}, 
1960.0, {'J10': np.float32(-0.09250694), 'J11': np.float32(-0.03422757), 'J12': np.float32(-0.42830712), 'J13': np.float32(-0.07770583), 'cluster3106249630_3106249631_J60_J61_#5more': np.float32(-0.037002776)}, {'J10': 5, 'J11': 2, 'J12': 14, 'J13': 2, 'cluster3106249630_3106249631_J60_J61_#5more': 8}, {'J10': 5, 'J11': 2, 'J12': 52, 'J13': 5, 'cluster3106249630_3106249631_J60_J61_#5more': 10}, 
1965.0, {'J10': np.float32(-0.09250694), 'J11': np.float32(-0.04255319), 'J12': np.float32(-0.6512489), 'J13': np.float32(-0.10453284), 'cluster3106249630_3106249631_J60_J61_#5more': np.float32(0.06105458)}, {'J10': 5, 'J11': 2, 'J12': 14, 'J13': 5, 'cluster3106249630_3106249631_J60_J61_#5more': 6}, {'J10': 5, 'J11': 3, 'J12': 50, 'J13': 8, 'cluster3106249630_3106249631_J60_J61_#5more': 8}, 
1970.0, {'J10': np.float32(-0.09250694), 'J11': np.float32(-0.08048104), 'J12': np.float32(-0.65679926), 'J13': np.float32(0.026827011), 'cluster3106249630_3106249631_J60_J61_#5more': np.float32(-0.17576317)}, {'J10': 5, 'J11': 3, 'J12': 14, 'J13': 3, 'cluster3106249630_3106249631_J60_J61_#5more': 8}, {'J10': 5, 'J11': 5, 'J12': 54, 'J13': 6, 'cluster3106249630_3106249631_J60_J61_#5more': 12}, 
1975.0, {'J10': np.float32(-0.09250694), 'J11': np.float32(-0.019426458), 'J12': np.float32(-0.34597594), 'J13': np.float32(-0.08510638), 'cluster3106249630_3106249631_J60_J61_#5more': np.float32(-0.2747456)}, {'J10': 5, 'J11': 2, 'J12': 14, 'J13': 4, 'cluster3106249630_3106249631_J60_J61_#5more': 9}, {'J10': 5, 'J11': 3, 'J12': 55, 'J13': 7, 'cluster3106249630_3106249631_J60_J61_#5more': 16}, 
1980.0, {'J10': np.float32(-0.09250694), 'J11': np.float32(-0.01480111), 'J12': np.float32(-0.85846436), 'J13': np.float32(-0.14338575), 'cluster3106249630_3106249631_J60_J61_#5more': np.float32(0.07215541)}, {'J10': 5, 'J11': 2, 'J12': 14, 'J13': 5, 'cluster3106249630_3106249631_J60_J61_#5more': 7}, {'J10': 5, 'J11': 4, 'J12': 53, 'J13': 8, 'cluster3106249630_3106249631_J60_J61_#5more': 13}, 
1985.0, {'J10': np.float32(-0.09250694), 'J11': np.float32(-0.107308045), 'J12': np.float32(-0.8149861), 'J13': np.float32(-0.1692877), 'cluster3106249630_3106249631_J60_J61_#5more': np.float32(-0.024051804)}, {'J10': 5, 'J11': 7, 'J12': 14, 'J13': 6, 'cluster3106249630_3106249631_J60_J61_#5more': 6}, {'J10': 5, 'J11': 9, 'J12': 52, 'J13': 9, 'cluster3106249630_3106249631_J60_J61_#5more': 12}, 
1990.0, {'J10': np.float32(-0.09250694), 'J11': np.float32(-0.14153561), 'J12': np.float32(0.8223867), 'J13': np.float32(-0.18501388), 'cluster3106249630_3106249631_J60_J61_#5more': np.float32(-0.23126735)}, {'J10': 5, 'J11': 7, 'J12': 13, 'J13': 6, 'cluster3106249630_3106249631_J60_J61_#5more': 8}, {'J10': 5, 'J11': 9, 'J12': 53, 'J13': 9, 'cluster3106249630_3106249631_J60_J61_#5more': 16}, 
1995.0, {'J10': np.float32(-0.09250694), 'J11': np.float32(-0.06012951), 'J12': np.float32(-0.08695652), 'J13': np.float32(0.079555966), 'cluster3106249630_3106249631_J60_J61_#5more': np.float32(0.09805735)}, {'J10': 5, 'J11': 5, 'J12': 12, 'J13': 4, 'cluster3106249630_3106249631_J60_J61_#5more': 5}, {'J10': 5, 'J11': 7, 'J12': 57, 'J13': 7, 'cluster3106249630_3106249631_J60_J61_#5more': 14}, 
2000.0, {'J10': np.float32(0.35892692), 'J11': np.float32(-0.12025902), 'J12': np.float32(-0.95929694), 'J13': np.float32(0.08510638), 'cluster3106249630_3106249631_J60_J61_#5more': np.float32(-0.020351527)}, {'J10': 4, 'J11': 5, 'J12': 12, 'J13': 4, 'cluster3106249630_3106249631_J60_J61_#5more': 5}, {'J10': 5, 'J11': 7, 'J12': 60, 'J13': 7, 'cluster3106249630_3106249631_J60_J61_#5more': 13}, 
2005.0, {'J10': np.float32(0.3922294), 'J11': np.float32(-0.04440333), 'J12': np.float32(-0.92876965), 'J13': np.float32(-0.16743755), 'cluster3106249630_3106249631_J60_J61_#5more': np.float32(-0.022201665)}, {'J10': 3, 'J11': 4, 'J12': 14, 'J13': 8, 'cluster3106249630_3106249631_J60_J61_#5more': 6}, {'J10': 4, 'J11': 6, 'J12': 60, 'J13': 12, 'cluster3106249630_3106249631_J60_J61_#5more': 14}, 
2010.0, {'J10': np.float32(-0.053654023), 'J11': np.float32(0.084181316), 'J12': np.float32(2.7650323), 'J13': np.float32(-0.25161886), 'cluster3106249630_3106249631_J60_J61_#5more': np.float32(-0.30897316)}, {'J10': 4, 'J11': 2, 'J12': 15, 'J13': 11, 'cluster3106249630_3106249631_J60_J61_#5more': 7}, {'J10': 4, 'J11': 4, 'J12': 58, 'J13': 15, 'cluster3106249630_3106249631_J60_J61_#5more': 18}, 
2015.0, {'J10': np.float32(-0.083256245), 'J11': np.float32(0.13506013), 'J12': np.float32(-0.90286773), 'J13': np.float32(-0.015726179), 'cluster3106249630_3106249631_J60_J61_#5more': np.float32(-0.004625347)}, {'J10': 5, 'J11': 2, 'J12': 15, 'J13': 10, 'cluster3106249630_3106249631_J60_J61_#5more': 8}, {'J10': 5, 'J11': 3, 'J12': 57, 'J13': 13, 'cluster3106249630_3106249631_J60_J61_#5more': 21}, 
2020.0, {'J10': np.float32(-0.09713229), 'J11': np.float32(-0.067530066), 'J12': np.float32(2.8186865), 'J13': np.float32(0.08233117), 'cluster3106249630_3106249631_J60_J61_#5more': np.float32(-0.09343201)}, {'J10': 5, 'J11': 2, 'J12': 15, 'J13': 6, 'cluster3106249630_3106249631_J60_J61_#5more': 9}, {'J10': 6, 'J11': 3, 'J12': 56, 'J13': 10, 'cluster3106249630_3106249631_J60_J61_#5more': 27}, 
2025.0, {'J10': np.float32(-0.111008324), 'J11': np.float32(-0.010175764), 'J12': np.float32(-1.0416281), 'J13': np.float32(-0.17483811), 'cluster3106249630_3106249631_J60_J61_#5more': np.float32(-0.5217391)}, {'J10': 5, 'J11': 2, 'J12': 15, 'J13': 6, 'cluster3106249630_3106249631_J60_J61_#5more': 9}, {'J10': 6, 'J11': 5, 'J12': 58, 'J13': 10, 'cluster3106249630_3106249631_J60_J61_#5more': 31}, 
2030.0, {'J10': np.float32(-0.111008324), 'J11': np.float32(-0.02867715), 'J12': np.float32(1.9000925), 'J13': np.float32(0.72710454), 'cluster3106249630_3106249631_J60_J61_#5more': np.float32(-0.6040703)}, {'J10': 5, 'J11': 2, 'J12': 15, 'J13': 7, 'cluster3106249630_3106249631_J60_J61_#5more': 13}, {'J10': 6, 'J11': 2, 'J12': 57, 'J13': 10, 'cluster3106249630_3106249631_J60_J61_#5more': 36}, 
2035.0, {'J10': np.float32(-0.111008324), 'J11': np.float32(-0.04255319), 'J12': np.float32(0.4893617), 'J13': np.float32(0.28214616), 'cluster3106249630_3106249631_J60_J61_#5more': np.float32(0.68085104)}, {'J10': 5, 'J11': 2, 'J12': 14, 'J13': 6, 'cluster3106249630_3106249631_J60_J61_#5more': 10}, {'J10': 6, 'J11': 4, 'J12': 61, 'J13': 9, 'cluster3106249630_3106249631_J60_J61_#5more': 26}, 
2040.0, {'J10': np.float32(-0.111008324), 'J11': np.float32(-0.07678076), 'J12': np.float32(-0.49583718), 'J13': np.float32(-0.16836263), 'cluster3106249630_3106249631_J60_J61_#5more': np.float32(0.9481961)}, {'J10': 5, 'J11': 4, 'J12': 15, 'J13': 7, 'cluster3106249630_3106249631_J60_J61_#5more': 5}, {'J10': 6, 'J11': 7, 'J12': 65, 'J13': 10, 'cluster3106249630_3106249631_J60_J61_#5more': 10}, 
2045.0, {'J10': np.float32(-0.111008324), 'J11': np.float32(-0.002775208), 'J12': np.float32(-1.2368177), 'J13': np.float32(-0.004625347), 'cluster3106249630_3106249631_J60_J61_#5more': np.float32(0.36355227)}, {'J10': 5, 'J11': 2, 'J12': 16, 'J13': 6, 'cluster3106249630_3106249631_J60_J61_#5more': 3}, {'J10': 6, 'J11': 2, 'J12': 70, 'J13': 8, 'cluster3106249630_3106249631_J60_J61_#5more': 5}, 
2050.0, {'J10': np.float32(-0.111008324), 'J11': np.float32(-0.02960222), 'J12': np.float32(3.0), 'J13': np.float32(0.09713229), 'cluster3106249630_3106249631_J60_J61_#5more': np.float32(0.02960222)}, {'J10': 5, 'J11': 2, 'J12': 17, 'J13': 4, 'cluster3106249630_3106249631_J60_J61_#5more': 4}, {'J10': 6, 'J11': 4, 'J12': 76, 'J13': 6, 'cluster3106249630_3106249631_J60_J61_#5more': 6}, 
2055.0, {'J10': np.float32(-0.12210916), 'J11': np.float32(-0.040703055), 'J12': np.float32(0.8621647), 'J13': np.float32(-0.13413507), 'cluster3106249630_3106249631_J60_J61_#5more': np.float32(0.20166512)}, {'J10': 5, 'J11': 2, 'J12': 17, 'J13': 8, 'cluster3106249630_3106249631_J60_J61_#5more': 1}, {'J10': 7, 'J11': 3, 'J12': 76, 'J13': 10, 'cluster3106249630_3106249631_J60_J61_#5more': 1}, 
2060.0, {'J10': np.float32(-0.14246069), 'J11': np.float32(-0.037002776), 'J12': np.float32(1.5975949), 'J13': np.float32(0.10915819), 'cluster3106249630_3106249631_J60_J61_#5more': np.float32(-0.07308048)}, {'J10': 5, 'J11': 2, 'J12': 19, 'J13': 5, 'cluster3106249630_3106249631_J60_J61_#5more': 3}, {'J10': 7, 'J11': 4, 'J12': 77, 'J13': 7, 'cluster3106249630_3106249631_J60_J61_#5more': 5}, 
2065.0, {'J10': np.float32(0.74560595), 'J11': np.float32(-0.08048104), 'J12': np.float32(1.2978723), 'J13': np.float32(0.07585569), 'cluster3106249630_3106249631_J60_J61_#5more': np.float32(-0.17761332)}, {'J10': 4, 'J11': 3, 'J12': 18, 'J13': 4, 'cluster3106249630_3106249631_J60_J61_#5more': 6}, {'J10': 6, 'J11': 6, 'J12': 73, 'J13': 6, 'cluster3106249630_3106249631_J60_J61_#5more': 11}, 
2070.0, {'J10': np.float32(0.6641998), 'J11': np.float32(-0.04440333), 'J12': np.float32(-1.3561517), 'J13': np.float32(-0.12858464), 'cluster3106249630_3106249631_J60_J61_#5more': np.float32(-0.111008324)}, {'J10': 3, 'J11': 4, 'J12': 18, 'J13': 7, 'cluster3106249630_3106249631_J60_J61_#5more': 4}, {'J10': 3, 'J11': 8, 'J12': 74, 'J13': 10, 'cluster3106249630_3106249631_J60_J61_#5more': 7}, 
2075.0, {'J10': np.float32(-0.06012951), 'J11': np.float32(-0.12950972), 'J12': np.float32(-1.4236817), 'J13': np.float32(0.22386679), 'cluster3106249630_3106249631_J60_J61_#5more': np.float32(-0.035152636)}, {'J10': 5, 'J11': 3, 'J12': 18, 'J13': 5, 'cluster3106249630_3106249631_J60_J61_#5more': 4}, {'J10': 5, 'J11': 8, 'J12': 82, 'J13': 7, 'cluster3106249630_3106249631_J60_J61_#5more': 4}, 
2080.0, {'J10': np.float32(-0.09250694), 'J11': np.float32(0.018501388), 'J12': np.float32(0.7816836), 'J13': np.float32(-0.033302497), 'cluster3106249630_3106249631_J60_J61_#5more': np.float32(-0.1387604)}, {'J10': 5, 'J11': 2, 'J12': 18, 'J13': 4, 'cluster3106249630_3106249631_J60_J61_#5more': 4}, {'J10': 5, 'J11': 6, 'J12': 80, 'J13': 6, 'cluster3106249630_3106249631_J60_J61_#5more': 6}, 
2085.0, {'J10': np.float32(-0.10175763), 'J11': np.float32(-0.06475486), 'J12': np.float32(-0.038852915), 'J13': np.float32(-0.12858464), 'cluster3106249630_3106249631_J60_J61_#5more': np.float32(-0.18223867)}, {'J10': 5, 'J11': 3, 'J12': 18, 'J13': 7, 'cluster3106249630_3106249631_J60_J61_#5more': 5}, {'J10': 5, 'J11': 6, 'J12': 78, 'J13': 9, 'cluster3106249630_3106249631_J60_J61_#5more': 10}, 
2090.0, {'J10': np.float32(-0.10175763), 'J11': np.float32(-0.021276595), 'J12': np.float32(2.3894541), 'J13': np.float32(-0.08603145), 'cluster3106249630_3106249631_J60_J61_#5more': np.float32(-0.15171137)}, {'J10': 5, 'J11': 2, 'J12': 19, 'J13': 6, 'cluster3106249630_3106249631_J60_J61_#5more': 4}, {'J10': 5, 'J11': 3, 'J12': 70, 'J13': 8, 'cluster3106249630_3106249631_J60_J61_#5more': 7}, 
2095.0, {'J10': np.float32(-0.10175763), 'J11': np.float32(0.038852915), 'J12': np.float32(-1.1572618), 'J13': np.float32(-0.006475486), 'cluster3106249630_3106249631_J60_J61_#5more': np.float32(0.41905642)}, {'J10': 5, 'J11': 2, 'J12': 20, 'J13': 4, 'cluster3106249630_3106249631_J60_J61_#5more': 4}, {'J10': 5, 'J11': 4, 'J12': 72, 'J13': 6, 'cluster3106249630_3106249631_J60_J61_#5more': 7}, 
2100.0, {'J10': np.float32(-0.10175763), 'J11': np.float32(-0.084181316), 'J12': np.float32(2.8149862), 'J13': np.float32(-0.123034224), 'cluster3106249630_3106249631_J60_J61_#5more': np.float32(-0.15633672)}, {'J10': 5, 'J11': 2, 'J12': 20, 'J13': 7, 'cluster3106249630_3106249631_J60_J61_#5more': 8}, {'J10': 5, 'J11': 4, 'J12': 66, 'J13': 9, 'cluster3106249630_3106249631_J60_J61_#5more': 14}, 
2105.0, {'J10': np.float32(-0.10175763), 'J11': np.float32(-0.012950972), 'J12': np.float32(0.8436633), 'J13': np.float32(0.041628122), 'cluster3106249630_3106249631_J60_J61_#5more': np.float32(-0.08973173)}, {'J10': 5, 'J11': 3, 'J12': 20, 'J13': 5, 'cluster3106249630_3106249631_J60_J61_#5more': 7}, {'J10': 5, 'J11': 7, 'J12': 64, 'J13': 7, 'cluster3106249630_3106249631_J60_J61_#5more': 11}, 
2110.0, {'J10': np.float32(-0.1026827), 'J11': np.float32(-0.099907495), 'J12': np.float32(0.8455134), 'J13': np.float32(0.099907495), 'cluster3106249630_3106249631_J60_J61_#5more': np.float32(0.024976874)}, {'J10': 5, 'J11': 4, 'J12': 20, 'J13': 4, 'cluster3106249630_3106249631_J60_J61_#5more': 4}, {'J10': 5, 'J11': 6, 'J12': 60, 'J13': 6, 'cluster3106249630_3106249631_J60_J61_#5more': 6}, 
2115.0, {'J10': np.float32(-0.11748381), 'J11': np.float32(-0.11840888), 'J12': np.float32(-1.080481), 'J13': np.float32(0.022201665), 'cluster3106249630_3106249631_J60_J61_#5more': np.float32(-0.041628122)}, {'J10': 5, 'J11': 4, 'J12': 20, 'J13': 2, 'cluster3106249630_3106249631_J60_J61_#5more': 4}, {'J10': 5, 'J11': 8, 'J12': 64, 'J13': 5, 'cluster3106249630_3106249631_J60_J61_#5more': 4}, 
2120.0, {'J10': np.float32(-0.12025902), 'J11': np.float32(-0.12858464), 'J12': np.float32(-0.39870492), 'J13': np.float32(0.018501388), 'cluster3106249630_3106249631_J60_J61_#5more': np.float32(-0.056429233)}, {'J10': 5, 'J11': 4, 'J12': 20, 'J13': 2, 'cluster3106249630_3106249631_J60_J61_#5more': 4}, {'J10': 5, 'J11': 8, 'J12': 59, 'J13': 3, 'cluster3106249630_3106249631_J60_J61_#5more': 4}, 
2125.0, {'J10': np.float32(-0.12210916), 'J11': np.float32(-0.08695652), 'J12': np.float32(-0.86308974), 'J13': np.float32(-0.08140611), 'cluster3106249630_3106249631_J60_J61_#5more': np.float32(0.14616096)}, {'J10': 5, 'J11': 5, 'J12': 21, 'J13': 2, 'cluster3106249630_3106249631_J60_J61_#5more': 3}, {'J10': 5, 'J11': 9, 'J12': 58, 'J13': 4, 'cluster3106249630_3106249631_J60_J61_#5more': 3}, 
2130.0, {'J10': np.float32(0.7354302), 'J11': np.float32(-0.14061055), 'J12': np.float32(-1.0971323), 'J13': np.float32(-0.09898242), 'cluster3106249630_3106249631_J60_J61_#5more': np.float32(-0.099907495)}, {'J10': 4, 'J11': 7, 'J12': 22, 'J13': 2, 'cluster3106249630_3106249631_J60_J61_#5more': 4}, {'J10': 4, 'J11': 11, 'J12': 64, 'J13': 6, 'cluster3106249630_3106249631_J60_J61_#5more': 4}, 
2135.0, {'J10': np.float32(0.38482887), 'J11': np.float32(-0.15541166), 'J12': np.float32(-0.7049029), 'J13': np.float32(-0.14246069), 'cluster3106249630_3106249631_J60_J61_#5more': np.float32(0.20629047)}, {'J10': 3, 'J11': 7, 'J12': 22, 'J13': 4, 'cluster3106249630_3106249631_J60_J61_#5more': 3}, {'J10': 4, 'J11': 9, 'J12': 73, 'J13': 8, 'cluster3106249630_3106249631_J60_J61_#5more': 4}, 
2140.0, {'J10': np.float32(-0.054579094), 'J11': np.float32(-0.17298797), 'J12': np.float32(-0.9481961), 'J13': np.float32(-0.18686402), 'cluster3106249630_3106249631_J60_J61_#5more': np.float32(-0.13228492)}, {'J10': 5, 'J11': 8, 'J12': 22, 'J13': 6, 'cluster3106249630_3106249631_J60_J61_#5more': 3}, {'J10': 5, 'J11': 11, 'J12': 75, 'J13': 10, 'cluster3106249630_3106249631_J60_J61_#5more': 8}, 
2145.0, {'J10': np.float32(-0.10175763), 'J11': np.float32(-0.19796485), 'J12': np.float32(-1.2950971), 'J13': np.float32(0.19518964), 'cluster3106249630_3106249631_J60_J61_#5more': np.float32(-0.08880666)}, {'J10': 5, 'J11': 11, 'J12': 22, 'J13': 4, 'cluster3106249630_3106249631_J60_J61_#5more': 3}, {'J10': 5, 'J11': 13, 'J12': 78, 'J13': 6, 'cluster3106249630_3106249631_J60_J61_#5more': 4}, 
2150.0, {'J10': np.float32(-0.103607774), 'J11': np.float32(-0.24051803), 'J12': np.float32(2.771508), 'J13': np.float32(-0.06475486), 'cluster3106249630_3106249631_J60_J61_#5more': np.float32(-0.066604994)}, {'J10': 5, 'J11': 11, 'J12': 22, 'J13': 4, 'cluster3106249630_3106249631_J60_J61_#5more': 4}, {'J10': 5, 'J11': 13, 'J12': 75, 'J13': 7, 'cluster3106249630_3106249631_J60_J61_#5more': 5}, 
2155.0, {'J10': np.float32(-0.10823312), 'J11': np.float32(-0.26086956), 'J12': np.float32(-0.9037928), 'J13': np.float32(-0.16651249), 'cluster3106249630_3106249631_J60_J61_#5more': np.float32(-0.1692877)}, {'J10': 5, 'J11': 12, 'J12': 22, 'J13': 5, 'cluster3106249630_3106249631_J60_J61_#5more': 4}, {'J10': 5, 'J11': 14, 'J12': 75, 'J13': 8, 'cluster3106249630_3106249631_J60_J61_#5more': 7}, 
2160.0, {'J10': np.float32(-0.111008324), 'J11': np.float32(-0.25161886), 'J12': np.float32(3.0), 'J13': np.float32(-0.19148937), 'cluster3106249630_3106249631_J60_J61_#5more': np.float32(-0.19796485)}, {'J10': 5, 'J11': 12, 'J12': 22, 'J13': 7, 'cluster3106249630_3106249631_J60_J61_#5more': 4}, {'J10': 5, 'J11': 14, 'J12': 72, 'J13': 10, 'cluster3106249630_3106249631_J60_J61_#5more': 8}, 
2165.0, {'J10': np.float32(-0.11378353), 'J11': np.float32(0.9130435), 'J12': np.float32(-0.91396856), 'J13': np.float32(0.16096207), 'cluster3106249630_3106249631_J60_J61_#5more': np.float32(0.14616096)}, {'J10': 5, 'J11': 12, 'J12': 22, 'J13': 4, 'cluster3106249630_3106249631_J60_J61_#5more': 4}, {'J10': 5, 'J11': 13, 'J12': 74, 'J13': 6, 'cluster3106249630_3106249631_J60_J61_#5more': 13}, 
2170.0, {'J10': np.float32(-0.115633674), 'J11': np.float32(-0.25809437), 'J12': np.float32(0.95282143), 'J13': np.float32(-0.002775208), 'cluster3106249630_3106249631_J60_J61_#5more': np.float32(-0.16373728)}, {'J10': 5, 'J11': 14, 'J12': 22, 'J13': 5, 'cluster3106249630_3106249631_J60_J61_#5more': 5}, {'J10': 5, 'J11': 17, 'J12': 72, 'J13': 7, 'cluster3106249630_3106249631_J60_J61_#5more': 12}, 
2175.0, {'J10': np.float32(-0.12025902), 'J11': np.float32(-0.2904718), 'J12': np.float32(0.95189637), 'J13': np.float32(-0.15448658), 'cluster3106249630_3106249631_J60_J61_#5more': np.float32(0.10823312)}, {'J10': 5, 'J11': 15, 'J12': 22, 'J13': 6, 'cluster3106249630_3106249631_J60_J61_#5more': 4}, {'J10': 5, 'J11': 16, 'J12': 70, 'J13': 9, 'cluster3106249630_3106249631_J60_J61_#5more': 6}, 
2180.0, {'J10': np.float32(-0.12210916), 'J11': np.float32(-0.3080481), 'J12': np.float32(-1.3135985), 'J13': np.float32(0.11285847), 'cluster3106249630_3106249631_J60_J61_#5more': np.float32(0.026827011)}, {'J10': 5, 'J11': 15, 'J12': 22, 'J13': 4, 'cluster3106249630_3106249631_J60_J61_#5more': 4}, {'J10': 5, 'J11': 16, 'J12': 72, 'J13': 6, 'cluster3106249630_3106249631_J60_J61_#5more': 6}, 
2185.0, {'J10': np.float32(-0.12580943), 'J11': np.float32(-0.2747456), 'J12': np.float32(-1.3718779), 'J13': np.float32(0.6836263), 'cluster3106249630_3106249631_J60_J61_#5more': np.float32(-0.0693802)}, {'J10': 5, 'J11': 15, 'J12': 22, 'J13': 4, 'cluster3106249630_3106249631_J60_J61_#5more': 4}, {'J10': 5, 'J11': 16, 'J12': 76, 'J13': 6, 'cluster3106249630_3106249631_J60_J61_#5more': 4}, 
2190.0, {'J10': np.float32(-0.1387604), 'J11': np.float32(-0.29139686), 'J12': np.float32(3.0), 'J13': np.float32(0.51433855), 'cluster3106249630_3106249631_J60_J61_#5more': np.float32(-0.09435707)}, {'J10': 5, 'J11': 15, 'J12': 20, 'J13': 4, 'cluster3106249630_3106249631_J60_J61_#5more': 4}, {'J10': 5, 'J11': 17, 'J12': 76, 'J13': 5, 'cluster3106249630_3106249631_J60_J61_#5more': 4}, 
2195.0, {'J10': np.float32(0.81776136), 'J11': np.float32(2.0222018), 'J12': np.float32(3.0), 'J13': np.float32(-0.116558746), 'cluster3106249630_3106249631_J60_J61_#5more': np.float32(0.43015727)}, {'J10': 4, 'J11': 12, 'J12': 18, 'J13': 7, 'cluster3106249630_3106249631_J60_J61_#5more': 3}, {'J10': 5, 'J11': 13, 'J12': 65, 'J13': 8, 'cluster3106249630_3106249631_J60_J61_#5more': 5}, 
2200.0, {'J10': np.float32(0.39315447), 'J11': np.float32(-0.226642), 'J12': np.float32(1.1905643), 'J13': np.float32(0.31082332), 'cluster3106249630_3106249631_J60_J61_#5more': np.float32(0.40333024)}, {'J10': 3, 'J11': 12, 'J12': 17, 'J13': 5, 'cluster3106249630_3106249631_J60_J61_#5more': 3}, {'J10': 3, 'J11': 12, 'J12': 62, 'J13': 5, 'cluster3106249630_3106249631_J60_J61_#5more': 6}, 
2205.0, {'J10': np.float32(-0.06012951), 'J11': np.float32(0.8427382), 'J12': np.float32(-1.1877891), 'J13': np.float32(-0.09435707), 'cluster3106249630_3106249631_J60_J61_#5more': np.float32(-0.019426458)}, {'J10': 5, 'J11': 8, 'J12': 17, 'J13': 5, 'cluster3106249630_3106249631_J60_J61_#5more': 2}, {'J10': 5, 'J11': 9, 'J12': 65, 'J13': 6, 'cluster3106249630_3106249631_J60_J61_#5more': 3}, 
2210.0, {'J10': np.float32(-0.09250694), 'J11': np.float32(0.52358925), 'J12': np.float32(-0.5652174), 'J13': np.float32(0.1692877), 'cluster3106249630_3106249631_J60_J61_#5more': np.float32(0.28214616)}, {'J10': 5, 'J11': 5, 'J12': 17, 'J13': 2, 'cluster3106249630_3106249631_J60_J61_#5more': 1}, {'J10': 5, 'J11': 7, 'J12': 67, 'J13': 2, 'cluster3106249630_3106249631_J60_J61_#5more': 2}, 
2215.0, {'J10': np.float32(-0.09250694), 'J11': np.float32(0.123959295), 'J12': np.float32(-0.28029603), 'J13': np.float32(-0.047178537), 'cluster3106249630_3106249631_J60_J61_#5more': np.float32(0.19056429)}, {'J10': 5, 'J11': 4, 'J12': 22, 'J13': 3, 'cluster3106249630_3106249631_J60_J61_#5more': 2}, {'J10': 5, 'J11': 8, 'J12': 69, 'J13': 3, 'cluster3106249630_3106249631_J60_J61_#5more': 3}, 
2220.0, {'J10': np.float32(-0.09250694), 'J11': np.float32(-0.14431082), 'J12': np.float32(-1.1267345), 'J13': np.float32(-0.08048104), 'cluster3106249630_3106249631_J60_J61_#5more': np.float32(-0.03052729)}, {'J10': 5, 'J11': 7, 'J12': 22, 'J13': 5, 'cluster3106249630_3106249631_J60_J61_#5more': 1}, {'J10': 5, 'J11': 10, 'J12': 68, 'J13': 5, 'cluster3106249630_3106249631_J60_J61_#5more': 1}, 
2225.0, {'J10': np.float32(-0.09250694), 'J11': np.float32(-0.07308048), 'J12': np.float32(-1.0897317), 'J13': np.float32(0.07678076), 'cluster3106249630_3106249631_J60_J61_#5more': np.float32(-0.040703055)}, {'J10': 5, 'J11': 9, 'J12': 22, 'J13': 3, 'cluster3106249630_3106249631_J60_J61_#5more': 1}, {'J10': 5, 'J11': 10, 'J12': 66, 'J13': 3, 'cluster3106249630_3106249631_J60_J61_#5more': 3}, 
2230.0, {'J10': np.float32(-0.09250694), 'J11': np.float32(0.11748381), 'J12': np.float32(-1.1313598), 'J13': np.float32(0.13506013), 'cluster3106249630_3106249631_J60_J61_#5more': np.float32(-0.06012951)}, {'J10': 5, 'J11': 8, 'J12': 22, 'J13': 1, 'cluster3106249630_3106249631_J60_J61_#5more': 1}, {'J10': 5, 'J11': 9, 'J12': 67, 'J13': 3, 'cluster3106249630_3106249631_J60_J61_#5more': 3}, 
2235.0, {'J10': np.float32(-0.09250694), 'J11': np.float32(0.103607774), 'J12': np.float32(-1.2867715), 'J13': np.float32(-0.007400555), 'cluster3106249630_3106249631_J60_J61_#5more': np.float32(-0.07493062)}, {'J10': 5, 'J11': 8, 'J12': 22, 'J13': 1, 'cluster3106249630_3106249631_J60_J61_#5more': 2}, {'J10': 5, 'J11': 11, 'J12': 70, 'J13': 1, 'cluster3106249630_3106249631_J60_J61_#5more': 4}, 
2240.0, {'J10': np.float32(-0.09250694), 'J11': np.float32(-0.2025902), 'J12': np.float32(-1.0943571), 'J13': np.float32(-0.018501388), 'cluster3106249630_3106249631_J60_J61_#5more': np.float32(0.2025902)}, {'J10': 5, 'J11': 8, 'J12': 22, 'J13': 1, 'cluster3106249630_3106249631_J60_J61_#5more': 2}, {'J10': 5, 'J11': 11, 'J12': 71, 'J13': 1, 'cluster3106249630_3106249631_J60_J61_#5more': 5}, 
2245.0, {'J10': np.float32(-0.09250694), 'J11': np.float32(-0.04625347), 'J12': np.float32(2.508788), 'J13': np.float32(-0.022201665), 'cluster3106249630_3106249631_J60_J61_#5more': np.float32(-0.011100832)}, {'J10': 5, 'J11': 8, 'J12': 18, 'J13': 1, 'cluster3106249630_3106249631_J60_J61_#5more': 2}, {'J10': 5, 'J11': 8, 'J12': 66, 'J13': 2, 'cluster3106249630_3106249631_J60_J61_#5more': 6}, 
2250.0, {'J10': np.float32(-0.09250694), 'J11': np.float32(0.22479185), 'J12': np.float32(1.4292322), 'J13': np.float32(-0.01480111), 'cluster3106249630_3106249631_J60_J61_#5more': np.float32(-0.08603145)}, {'J10': 5, 'J11': 6, 'J12': 18, 'J13': 1, 'cluster3106249630_3106249631_J60_J61_#5more': 4}, {'J10': 5, 'J11': 8, 'J12': 63, 'J13': 1, 'cluster3106249630_3106249631_J60_J61_#5more': 11}, 
2255.0, {'J10': np.float32(-0.09250694), 'J11': np.float32(0.18871415), 'J12': np.float32(-0.7964847), 'J13': np.float32(-0.024976874), 'cluster3106249630_3106249631_J60_J61_#5more': np.float32(-0.24606845)}, {'J10': 5, 'J11': 4, 'J12': 18, 'J13': 1, 'cluster3106249630_3106249631_J60_J61_#5more': 5}, {'J10': 5, 'J11': 7, 'J12': 69, 'J13': 2, 'cluster3106249630_3106249631_J60_J61_#5more': 16}, 
2260.0, {'J10': np.float32(0.5837188), 'J11': np.float32(-0.21184088), 'J12': np.float32(-0.3228492), 'J13': np.float32(0.099907495), 'cluster3106249630_3106249631_J60_J61_#5more': np.float32(-0.3506013)}, {'J10': 4, 'J11': 4, 'J12': 18, 'J13': 0, 'cluster3106249630_3106249631_J60_J61_#5more': 8}, {'J10': 6, 'J11': 9, 'J12': 73, 'J13': 0, 'cluster3106249630_3106249631_J60_J61_#5more': 22}, 
2265.0, {'J10': np.float32(1.0444033), 'J11': np.float32(0.1961147), 'J12': np.float32(0.21276596), 'J13': np.float32(-0.0), 'cluster3106249630_3106249631_J60_J61_#5more': np.float32(-0.43385753)}, {'J10': 1, 'J11': 4, 'J12': 21, 'J13': 0, 'cluster3106249630_3106249631_J60_J61_#5more': 8}, {'J10': 3, 'J11': 7, 'J12': 76, 'J13': 0, 'cluster3106249630_3106249631_J60_J61_#5more': 22}, 
2270.0, {'J10': np.float32(-0.055504162), 'J11': np.float32(-0.0693802), 'J12': np.float32(0.51433855), 'J13': np.float32(-0.007400555), 'cluster3106249630_3106249631_J60_J61_#5more': np.float32(0.067530066)}, {'J10': 1, 'J11': 4, 'J12': 19, 'J13': 1, 'cluster3106249630_3106249631_J60_J61_#5more': 6}, {'J10': 3, 'J11': 7, 'J12': 71, 'J13': 1, 'cluster3106249630_3106249631_J60_J61_#5more': 16}, 
2275.0, {'J10': np.float32(0.04440333), 'J11': np.float32(0.022201665), 'J12': np.float32(1.0582794), 'J13': np.float32(-0.03237743), 'cluster3106249630_3106249631_J60_J61_#5more': np.float32(0.48103607)}, {'J10': 5, 'J11': 3, 'J12': 17, 'J13': 1, 'cluster3106249630_3106249631_J60_J61_#5more': 3}, {'J10': 5, 'J11': 6, 'J12': 68, 'J13': 2, 'cluster3106249630_3106249631_J60_J61_#5more': 6}, 
2280.0, {'J10': np.float32(-0.09343201), 'J11': np.float32(-0.12025902), 'J12': np.float32(1.0777059), 'J13': np.float32(-0.055504162), 'cluster3106249630_3106249631_J60_J61_#5more': np.float32(0.20351526)}, {'J10': 5, 'J11': 3, 'J12': 17, 'J13': 1, 'cluster3106249630_3106249631_J60_J61_#5more': 1}, {'J10': 5, 'J11': 6, 'J12': 67, 'J13': 2, 'cluster3106249630_3106249631_J60_J61_#5more': 2}, 
2285.0, {'J10': np.float32(-0.10175763), 'J11': np.float32(-0.031452358), 'J12': np.float32(1.5726179), 'J13': np.float32(0.095282145), 'cluster3106249630_3106249631_J60_J61_#5more': np.float32(-0.0)}, {'J10': 5, 'J11': 4, 'J12': 17, 'J13': 0, 'cluster3106249630_3106249631_J60_J61_#5more': 1}, {'J10': 5, 'J11': 6, 'J12': 64, 'J13': 0, 'cluster3106249630_3106249631_J60_J61_#5more': 1}, 
2290.0, {'J10': np.float32(-0.10175763), 'J11': np.float32(0.12118409), 'J12': np.float32(-0.6179463), 'J13': np.float32(-0.0), 'cluster3106249630_3106249631_J60_J61_#5more': np.float32(-0.09620722)}, {'J10': 5, 'J11': 5, 'J12': 20, 'J13': 0, 'cluster3106249630_3106249631_J60_J61_#5more': 1}, {'J10': 5, 'J11': 7, 'J12': 66, 'J13': 0, 'cluster3106249630_3106249631_J60_J61_#5more': 2}, 
2295.0, {'J10': np.float32(-0.10175763), 'J11': np.float32(0.24421832), 'J12': np.float32(-1.26642), 'J13': np.float32(-0.006475486), 'cluster3106249630_3106249631_J60_J61_#5more': np.float32(-0.14246069)}, {'J10': 5, 'J11': 4, 'J12': 20, 'J13': 0, 'cluster3106249630_3106249631_J60_J61_#5more': 2}, {'J10': 5, 'J11': 6, 'J12': 75, 'J13': 0, 'cluster3106249630_3106249631_J60_J61_#5more': 6}, 
2300.0, {'J10': np.float32(-0.10175763), 'J11': np.float32(0.12673451), 'J12': np.float32(-0.9935245), 'J13': np.float32(-0.009250694), 'cluster3106249630_3106249631_J60_J61_#5more': np.float32(0.5411656)}, {'J10': 5, 'J11': 2, 'J12': 20, 'J13': 0, 'cluster3106249630_3106249631_J60_J61_#5more': 4}, {'J10': 5, 'J11': 3, 'J12': 76, 'J13': 0, 'cluster3106249630_3106249631_J60_J61_#5more': 7}, 
2305.0, {'J10': np.float32(-0.10175763), 'J11': np.float32(-0.024051804), 'J12': np.float32(0.79278445), 'J13': np.float32(0.009250694), 'cluster3106249630_3106249631_J60_J61_#5more': np.float32(-0.14893617)}, {'J10': 5, 'J11': 2, 'J12': 18, 'J13': 0, 'cluster3106249630_3106249631_J60_J61_#5more': 6}, {'J10': 5, 'J11': 2, 'J12': 73, 'J13': 0, 'cluster3106249630_3106249631_J60_J61_#5more': 11}, 
2310.0, {'J10': np.float32(-0.10175763), 'J11': np.float32(-0.07585569), 'J12': np.float32(2.5411656), 'J13': np.float32(0.002775208), 'cluster3106249630_3106249631_J60_J61_#5more': np.float32(-0.2173913)}, {'J10': 5, 'J11': 2, 'J12': 16, 'J13': 1, 'cluster3106249630_3106249631_J60_J61_#5more': 7}, {'J10': 5, 'J11': 3, 'J12': 69, 'J13': 1, 'cluster3106249630_3106249631_J60_J61_#5more': 15}, 
2315.0, {'J10': np.float32(-0.10175763), 'J11': np.float32(-0.107308045), 'J12': np.float32(-0.33395004), 'J13': np.float32(-0.023126734), 'cluster3106249630_3106249631_J60_J61_#5more': np.float32(-0.3570768)}, {'J10': 5, 'J11': 2, 'J12': 16, 'J13': 1, 'cluster3106249630_3106249631_J60_J61_#5more': 11}, {'J10': 5, 'J11': 4, 'J12': 67, 'J13': 2, 'cluster3106249630_3106249631_J60_J61_#5more': 25}, 
2320.0, {'J10': np.float32(-0.111008324), 'J11': np.float32(-0.12858464), 'J12': np.float32(-1.2469935), 'J13': np.float32(-0.049028676), 'cluster3106249630_3106249631_J60_J61_#5more': np.float32(-0.4893617)}, {'J10': 5, 'J11': 3, 'J12': 16, 'J13': 3, 'cluster3106249630_3106249631_J60_J61_#5more': 13}, {'J10': 5, 'J11': 5, 'J12': 69, 'J13': 4, 'cluster3106249630_3106249631_J60_J61_#5more': 29}, 
2325.0, {'J10': np.float32(-0.111008324), 'J11': np.float32(-0.1480111), 'J12': np.float32(0.20074005), 'J13': np.float32(-0.0906568), 'cluster3106249630_3106249631_J60_J61_#5more': np.float32(-0.5504163)}, {'J10': 5, 'J11': 3, 'J12': 16, 'J13': 6, 'cluster3106249630_3106249631_J60_J61_#5more': 13}, {'J10': 5, 'J11': 5, 'J12': 66, 'J13': 7, 'cluster3106249630_3106249631_J60_J61_#5more': 32}, 
2330.0, {'J10': np.float32(0.4680851), 'J11': np.float32(-0.16373728), 'J12': np.float32(1.9537466), 'J13': np.float32(-0.06475486), 'cluster3106249630_3106249631_J60_J61_#5more': np.float32(0.03237743)}, {'J10': 4, 'J11': 3, 'J12': 19, 'J13': 8, 'cluster3106249630_3106249631_J60_J61_#5more': 12}, {'J10': 5, 'J11': 5, 'J12': 66, 'J13': 8, 'cluster3106249630_3106249631_J60_J61_#5more': 28}, 
2335.0, {'J10': np.float32(0.13135985), 'J11': np.float32(0.28492138), 'J12': np.float32(-0.9158187), 'J13': np.float32(-0.0693802), 'cluster3106249630_3106249631_J60_J61_#5more': np.float32(0.42923218)}, {'J10': 3, 'J11': 2, 'J12': 19, 'J13': 7, 'cluster3106249630_3106249631_J60_J61_#5more': 12}, {'J10': 5, 'J11': 3, 'J12': 66, 'J13': 7, 'cluster3106249630_3106249631_J60_J61_#5more': 21}, 
2340.0, {'J10': np.float32(-0.036077704), 'J11': np.float32(-0.021276595), 'J12': np.float32(-1.2599444), 'J13': np.float32(0.017576318), 'cluster3106249630_3106249631_J60_J61_#5more': np.float32(0.599445)}, {'J10': 5, 'J11': 2, 'J12': 19, 'J13': 5, 'cluster3106249630_3106249631_J60_J61_#5more': 9}, {'J10': 6, 'J11': 3, 'J12': 68, 'J13': 5, 'cluster3106249630_3106249631_J60_J61_#5more': 11}, 
2345.0, {'J10': np.float32(-0.12025902), 'J11': np.float32(-0.1147086), 'J12': np.float32(-1.225717), 'J13': np.float32(-0.103607774), 'cluster3106249630_3106249631_J60_J61_#5more': np.float32(0.19056429)}, {'J10': 5, 'J11': 2, 'J12': 19, 'J13': 6, 'cluster3106249630_3106249631_J60_J61_#5more': 5}, {'J10': 6, 'J11': 3, 'J12': 68, 'J13': 6, 'cluster3106249630_3106249631_J60_J61_#5more': 7}, 
2350.0, {'J10': np.float32(-0.12025902), 'J11': np.float32(-0.13320999), 'J12': np.float32(1.2229418), 'J13': np.float32(0.09898242), 'cluster3106249630_3106249631_J60_J61_#5more': np.float32(0.04347826)}, {'J10': 5, 'J11': 2, 'J12': 18, 'J13': 4, 'cluster3106249630_3106249631_J60_J61_#5more': 6}, {'J10': 6, 'J11': 4, 'J12': 66, 'J13': 5, 'cluster3106249630_3106249631_J60_J61_#5more': 12}, 
2355.0, {'J10': np.float32(-0.12025902), 'J11': np.float32(-0.091581866), 'J12': np.float32(2.0194263), 'J13': np.float32(0.056429233), 'cluster3106249630_3106249631_J60_J61_#5more': np.float32(-0.21554117)}, {'J10': 5, 'J11': 2, 'J12': 16, 'J13': 2, 'cluster3106249630_3106249631_J60_J61_#5more': 10}, {'J10': 6, 'J11': 3, 'J12': 65, 'J13': 4, 'cluster3106249630_3106249631_J60_J61_#5more': 18}, 
2360.0, {'J10': np.float32(-0.12025902), 'J11': np.float32(-0.14431082), 'J12': np.float32(-0.38482887), 'J13': np.float32(-0.012950972), 'cluster3106249630_3106249631_J60_J61_#5more': np.float32(-0.33302498)}, {'J10': 5, 'J11': 2, 'J12': 16, 'J13': 5, 'cluster3106249630_3106249631_J60_J61_#5more': 11}, {'J10': 6, 'J11': 3, 'J12': 67, 'J13': 5, 'cluster3106249630_3106249631_J60_J61_#5more': 22}, 
2365.0, {'J10': np.float32(-0.12025902), 'J11': np.float32(0.44218317), 'J12': np.float32(-1.254394), 'J13': np.float32(0.04347826), 'cluster3106249630_3106249631_J60_J61_#5more': np.float32(-0.0037002775)}, {'J10': 5, 'J11': 2, 'J12': 16, 'J13': 5, 'cluster3106249630_3106249631_J60_J61_#5more': 11}, {'J10': 6, 'J11': 3, 'J12': 72, 'J13': 5, 'cluster3106249630_3106249631_J60_J61_#5more': 20}, 
2370.0, {'J10': np.float32(-0.12025902), 'J11': np.float32(0.6604995), 'J12': np.float32(-1.3802035), 'J13': np.float32(-0.066604994), 'cluster3106249630_3106249631_J60_J61_#5more': np.float32(0.3135985)}, {'J10': 5, 'J11': 1, 'J12': 18, 'J13': 7, 'cluster3106249630_3106249631_J60_J61_#5more': 6}, {'J10': 6, 'J11': 1, 'J12': 77, 'J13': 7, 'cluster3106249630_3106249631_J60_J61_#5more': 12}, 
2375.0, {'J10': np.float32(-0.12025902), 'J11': np.float32(-0.067530066), 'J12': np.float32(0.2506938), 'J13': np.float32(0.11748381), 'cluster3106249630_3106249631_J60_J61_#5more': np.float32(0.041628122)}, {'J10': 5, 'J11': 2, 'J12': 18, 'J13': 5, 'cluster3106249630_3106249631_J60_J61_#5more': 4}, {'J10': 6, 'J11': 2, 'J12': 74, 'J13': 5, 'cluster3106249630_3106249631_J60_J61_#5more': 8}, 
2380.0, {'J10': np.float32(-0.12025902), 'J11': np.float32(-0.10915819), 'J12': np.float32(-0.66882515), 'J13': np.float32(0.078630894), 'cluster3106249630_3106249631_J60_J61_#5more': np.float32(-0.052728955)}, {'J10': 5, 'J11': 2, 'J12': 16, 'J13': 2, 'cluster3106249630_3106249631_J60_J61_#5more': 4}, {'J10': 6, 'J11': 3, 'J12': 71, 'J13': 2, 'cluster3106249630_3106249631_J60_J61_#5more': 7}, 
2385.0, {'J10': np.float32(-0.12025902), 'J11': np.float32(0.103607774), 'J12': np.float32(0.16651249), 'J13': np.float32(-0.051803887), 'cluster3106249630_3106249631_J60_J61_#5more': np.float32(0.11748381)}, {'J10': 5, 'J11': 1, 'J12': 16, 'J13': 4, 'cluster3106249630_3106249631_J60_J61_#5more': 4}, {'J10': 6, 'J11': 4, 'J12': 70, 'J13': 4, 'cluster3106249630_3106249631_J60_J61_#5more': 4}, 
2390.0, {'J10': np.float32(-0.12025902), 'J11': np.float32(-0.08788159), 'J12': np.float32(-0.426457), 'J13': np.float32(-0.09620722), 'cluster3106249630_3106249631_J60_J61_#5more': np.float32(-0.10638298)}, {'J10': 5, 'J11': 2, 'J12': 16, 'J13': 6, 'cluster3106249630_3106249631_J60_J61_#5more': 4}, {'J10': 6, 'J11': 4, 'J12': 71, 'J13': 6, 'cluster3106249630_3106249631_J60_J61_#5more': 4}, 
2395.0, {'J10': np.float32(0.6345976), 'J11': np.float32(-0.079555966), 'J12': np.float32(-0.546716), 'J13': np.float32(-0.12118409), 'cluster3106249630_3106249631_J60_J61_#5more': np.float32(-0.0453284)}, {'J10': 4, 'J11': 2, 'J12': 20, 'J13': 7, 'cluster3106249630_3106249631_J60_J61_#5more': 4}, {'J10': 6, 'J11': 6, 'J12': 74, 'J13': 7, 'cluster3106249630_3106249631_J60_J61_#5more': 4}, 
2400.0, {'J10': np.float32(-0.11285847), 'J11': np.float32(0.09435707), 'J12': np.float32(1.0777059), 'J13': np.float32(-0.1387604), 'cluster3106249630_3106249631_J60_J61_#5more': np.float32(-0.11933395)}, {'J10': 4, 'J11': 2, 'J12': 22, 'J13': 7, 'cluster3106249630_3106249631_J60_J61_#5more': 4}, {'J10': 7, 'J11': 3, 'J12': 76, 'J13': 7, 'cluster3106249630_3106249631_J60_J61_#5more': 4}, 
2405.0, {'J10': np.float32(-0.13691027), 'J11': np.float32(-0.027752081), 'J12': np.float32(1.6170213), 'J13': np.float32(-0.1387604), 'cluster3106249630_3106249631_J60_J61_#5more': np.float32(-0.06012951)}, {'J10': 5, 'J11': 2, 'J12': 18, 'J13': 7, 'cluster3106249630_3106249631_J60_J61_#5more': 4}, {'J10': 9, 'J11': 3, 'J12': 67, 'J13': 7, 'cluster3106249630_3106249631_J60_J61_#5more': 4}, 
2410.0, {'J10': np.float32(-0.14986125), 'J11': np.float32(-0.03052729), 'J12': np.float32(-0.49121183), 'J13': np.float32(-0.14153561), 'cluster3106249630_3106249631_J60_J61_#5more': np.float32(0.22386679)}, {'J10': 5, 'J11': 2, 'J12': 16, 'J13': 7, 'cluster3106249630_3106249631_J60_J61_#5more': 3}, {'J10': 9, 'J11': 5, 'J12': 65, 'J13': 8, 'cluster3106249630_3106249631_J60_J61_#5more': 3}, 
2415.0, {'J10': np.float32(0.06567992), 'J11': np.float32(-0.07400555), 'J12': np.float32(-0.6651249), 'J13': np.float32(-0.15726179), 'cluster3106249630_3106249631_J60_J61_#5more': np.float32(-0.049028676)}, {'J10': 5, 'J11': 3, 'J12': 14, 'J13': 7, 'cluster3106249630_3106249631_J60_J61_#5more': 3}, {'J10': 5, 'J11': 6, 'J12': 63, 'J13': 8, 'cluster3106249630_3106249631_J60_J61_#5more': 4}, 
2420.0, {'J10': np.float32(-0.10175763), 'J11': np.float32(-0.099907495), 'J12': np.float32(-0.7076781), 'J13': np.float32(0.2812211), 'cluster3106249630_3106249631_J60_J61_#5more': np.float32(-0.002775208)}, {'J10': 5, 'J11': 4, 'J12': 13, 'J13': 5, 'cluster3106249630_3106249631_J60_J61_#5more': 3}, {'J10': 5, 'J11': 6, 'J12': 64, 'J13': 5, 'cluster3106249630_3106249631_J60_J61_#5more': 6}, 
2425.0, {'J10': np.float32(-0.10175763), 'J11': np.float32(-0.123034224), 'J12': np.float32(-0.35152635), 'J13': np.float32(-0.09898242), 'cluster3106249630_3106249631_J60_J61_#5more': np.float32(-0.08140611)}, {'J10': 5, 'J11': 6, 'J12': 13, 'J13': 5, 'cluster3106249630_3106249631_J60_J61_#5more': 3}, {'J10': 5, 'J11': 9, 'J12': 63, 'J13': 5, 'cluster3106249630_3106249631_J60_J61_#5more': 6}, 
2430.0, {'J10': np.float32(-0.107308045), 'J11': np.float32(0.037927844), 'J12': np.float32(-0.57724327), 'J13': np.float32(0.42553192), 'cluster3106249630_3106249631_J60_J61_#5more': np.float32(0.25531915)}, {'J10': 5, 'J11': 3, 'J12': 13, 'J13': 2, 'cluster3106249630_3106249631_J60_J61_#5more': 5}, {'J10': 5, 'J11': 5, 'J12': 60, 'J13': 2, 'cluster3106249630_3106249631_J60_J61_#5more': 8}, 
2435.0, {'J10': np.float32(-0.11285847), 'J11': np.float32(0.040703055), 'J12': np.float32(-0.85106385), 'J13': np.float32(0.12580943), 'cluster3106249630_3106249631_J60_J61_#5more': np.float32(-0.009250694)}, {'J10': 5, 'J11': 2, 'J12': 13, 'J13': 2, 'cluster3106249630_3106249631_J60_J61_#5more': 3}, {'J10': 5, 'J11': 3, 'J12': 58, 'J13': 3, 'cluster3106249630_3106249631_J60_J61_#5more': 5}, 
2440.0, {'J10': np.float32(-0.12025902), 'J11': np.float32(-0.083256245), 'J12': np.float32(0.9768733), 'J13': np.float32(-0.08695652), 'cluster3106249630_3106249631_J60_J61_#5more': np.float32(-0.035152636)}, {'J10': 5, 'J11': 2, 'J12': 12, 'J13': 6, 'cluster3106249630_3106249631_J60_J61_#5more': 4}, {'J10': 5, 'J11': 3, 'J12': 56, 'J13': 7, 'cluster3106249630_3106249631_J60_J61_#5more': 4}, 
2445.0, {'J10': np.float32(-0.12025902), 'J11': np.float32(0.32377428), 'J12': np.float32(-0.52728957), 'J13': np.float32(0.1480111), 'cluster3106249630_3106249631_J60_J61_#5more': np.float32(-0.11008326)}, {'J10': 5, 'J11': 1, 'J12': 12, 'J13': 3, 'cluster3106249630_3106249631_J60_J61_#5more': 4}, {'J10': 5, 'J11': 2, 'J12': 63, 'J13': 5, 'cluster3106249630_3106249631_J60_J61_#5more': 4}, 
2450.0, {'J10': np.float32(-0.123959295), 'J11': np.float32(-0.047178537), 'J12': np.float32(-1.2090657), 'J13': np.float32(-0.017576318), 'cluster3106249630_3106249631_J60_J61_#5more': np.float32(-0.103607774)}, {'J10': 5, 'J11': 2, 'J12': 12, 'J13': 2, 'cluster3106249630_3106249631_J60_J61_#5more': 4}, {'J10': 6, 'J11': 3, 'J12': 70, 'J13': 4, 'cluster3106249630_3106249631_J60_J61_#5more': 4}, 
2455.0, {'J10': np.float32(-0.1387604), 'J11': np.float32(-0.06012951), 'J12': np.float32(-1.333025), 'J13': np.float32(-0.035152636), 'cluster3106249630_3106249631_J60_J61_#5more': np.float32(-0.15078631)}, {'J10': 5, 'J11': 2, 'J12': 14, 'J13': 2, 'cluster3106249630_3106249631_J60_J61_#5more': 4}, {'J10': 6, 'J11': 3, 'J12': 77, 'J13': 3, 'cluster3106249630_3106249631_J60_J61_#5more': 8}, 
2460.0, {'J10': np.float32(1.4717854), 'J11': np.float32(-0.12210916), 'J12': np.float32(-1.4440333), 'J13': np.float32(0.071230344), 'cluster3106249630_3106249631_J60_J61_#5more': np.float32(-0.18686402)}, {'J10': 3, 'J11': 2, 'J12': 17, 'J13': 1, 'cluster3106249630_3106249631_J60_J61_#5more': 4}, {'J10': 3, 'J11': 3, 'J12': 81, 'J13': 2, 'cluster3106249630_3106249631_J60_J61_#5more': 12}, 
2465.0, {'J10': np.float32(0.86679), 'J11': np.float32(0.34135062), 'J12': np.float32(-1.5356152), 'J13': np.float32(-0.01480111), 'cluster3106249630_3106249631_J60_J61_#5more': np.float32(0.11285847)}, {'J10': 1, 'J11': 1, 'J12': 19, 'J13': 1, 'cluster3106249630_3106249631_J60_J61_#5more': 9}, {'J10': 2, 'J11': 1, 'J12': 83, 'J13': 1, 'cluster3106249630_3106249631_J60_J61_#5more': 17}, 
2470.0, {'J10': np.float32(0.226642), 'J11': np.float32(0.015726179), 'J12': np.float32(-1.119334), 'J13': np.float32(0.11285847), 'cluster3106249630_3106249631_J60_J61_#5more': np.float32(0.5689177)}, {'J10': 2, 'J11': 2, 'J12': 19, 'J13': 1, 'cluster3106249630_3106249631_J60_J61_#5more': 6}, {'J10': 3, 'J11': 2, 'J12': 78, 'J13': 1, 'cluster3106249630_3106249631_J60_J61_#5more': 7}, 
2475.0, {'J10': np.float32(-0.02960222), 'J11': np.float32(-0.049028676), 'J12': np.float32(-0.5106383), 'J13': np.float32(-0.017576318), 'cluster3106249630_3106249631_J60_J61_#5more': np.float32(-0.13320999)}, {'J10': 4, 'J11': 2, 'J12': 17, 'J13': 1, 'cluster3106249630_3106249631_J60_J61_#5more': 4}, {'J10': 4, 'J11': 3, 'J12': 72, 'J13': 2, 'cluster3106249630_3106249631_J60_J61_#5more': 5}, 
2480.0, {'J10': np.float32(-0.0906568), 'J11': np.float32(-0.078630894), 'J12': np.float32(0.02960222), 'J13': np.float32(-0.051803887), 'cluster3106249630_3106249631_J60_J61_#5more': np.float32(0.37187788)}, {'J10': 5, 'J11': 2, 'J12': 15, 'J13': 1, 'cluster3106249630_3106249631_J60_J61_#5more': 6}, {'J10': 5, 'J11': 3, 'J12': 70, 'J13': 3, 'cluster3106249630_3106249631_J60_J61_#5more': 11}, 
2485.0, {'J10': np.float32(-0.10453284), 'J11': np.float32(0.021276595), 'J12': np.float32(-0.47826087), 'J13': np.float32(-0.066604994), 'cluster3106249630_3106249631_J60_J61_#5more': np.float32(-0.19518964)}, {'J10': 5, 'J11': 2, 'J12': 15, 'J13': 2, 'cluster3106249630_3106249631_J60_J61_#5more': 8}, {'J10': 5, 'J11': 2, 'J12': 72, 'J13': 4, 'cluster3106249630_3106249631_J60_J61_#5more': 14}, 
2490.0, {'J10': np.float32(-0.107308045), 'J11': np.float32(-0.050878815), 'J12': np.float32(-1.3524514), 'J13': np.float32(-0.08510638), 'cluster3106249630_3106249631_J60_J61_#5more': np.float32(-0.22201665)}, {'J10': 5, 'J11': 2, 'J12': 17, 'J13': 3, 'cluster3106249630_3106249631_J60_J61_#5more': 11}, {'J10': 5, 'J11': 5, 'J12': 76, 'J13': 5, 'cluster3106249630_3106249631_J60_J61_#5more': 16}, 
2495.0, {'J10': np.float32(-0.111008324), 'J11': np.float32(-0.07770583), 'J12': np.float32(-1.4486587), 'J13': np.float32(-0.111008324), 'cluster3106249630_3106249631_J60_J61_#5more': np.float32(0.019426458)}, {'J10': 5, 'J11': 2, 'J12': 18, 'J13': 5, 'cluster3106249630_3106249631_J60_J61_#5more': 9}, {'J10': 5, 'J11': 3, 'J12': 81, 'J13': 8, 'cluster3106249630_3106249631_J60_J61_#5more': 13}, 
2500.0, {'J10': np.float32(-0.111008324), 'J11': np.float32(0.006475486), 'J12': np.float32(-1.2349676), 'J13': np.float32(-0.16096207), 'cluster3106249630_3106249631_J60_J61_#5more': np.float32(0.18963923)}, {'J10': 5, 'J11': 2, 'J12': 18, 'J13': 6, 'cluster3106249630_3106249631_J60_J61_#5more': 4}, {'J10': 5, 'J11': 4, 'J12': 77, 'J13': 9, 'cluster3106249630_3106249631_J60_J61_#5more': 8}, 
2505.0, {'J10': np.float32(-0.111008324), 'J11': np.float32(-0.08510638), 'J12': np.float32(-1.2210916), 'J13': np.float32(0.20721555), 'cluster3106249630_3106249631_J60_J61_#5more': np.float32(0.09620722)}, {'J10': 5, 'J11': 2, 'J12': 18, 'J13': 4, 'cluster3106249630_3106249631_J60_J61_#5more': 4}, {'J10': 5, 'J11': 7, 'J12': 75, 'J13': 5, 'cluster3106249630_3106249631_J60_J61_#5more': 4}, 
2510.0, {'J10': np.float32(-0.111008324), 'J11': np.float32(0.084181316), 'J12': np.float32(-0.38020352), 'J13': np.float32(0.14061055), 'cluster3106249630_3106249631_J60_J61_#5more': np.float32(-0.08880666)}, {'J10': 5, 'J11': 4, 'J12': 14, 'J13': 1, 'cluster3106249630_3106249631_J60_J61_#5more': 4}, {'J10': 5, 'J11': 8, 'J12': 71, 'J13': 1, 'cluster3106249630_3106249631_J60_J61_#5more': 4}, 
2515.0, {'J10': np.float32(-0.111008324), 'J11': np.float32(-0.115633674), 'J12': np.float32(-0.8334875), 'J13': np.float32(-0.018501388), 'cluster3106249630_3106249631_J60_J61_#5more': np.float32(0.2173913)}, {'J10': 5, 'J11': 6, 'J12': 13, 'J13': 1, 'cluster3106249630_3106249631_J60_J61_#5more': 3}, {'J10': 5, 'J11': 11, 'J12': 69, 'J13': 1, 'cluster3106249630_3106249631_J60_J61_#5more': 3}, 
2520.0, {'J10': np.float32(-0.111008324), 'J11': np.float32(-0.13135985), 'J12': np.float32(0.8344126), 'J13': np.float32(-0.021276595), 'cluster3106249630_3106249631_J60_J61_#5more': np.float32(0.0693802)}, {'J10': 5, 'J11': 6, 'J12': 12, 'J13': 1, 'cluster3106249630_3106249631_J60_J61_#5more': 2}, {'J10': 5, 'J11': 10, 'J12': 67, 'J13': 2, 'cluster3106249630_3106249631_J60_J61_#5more': 2}, 
2525.0, {'J10': np.float32(-0.111008324), 'J11': np.float32(0.06567992), 'J12': np.float32(0.062904716), 'J13': np.float32(-0.04625347), 'cluster3106249630_3106249631_J60_J61_#5more': np.float32(-0.078630894)}, {'J10': 5, 'J11': 4, 'J12': 13, 'J13': 3, 'cluster3106249630_3106249631_J60_J61_#5more': 2}, {'J10': 5, 'J11': 7, 'J12': 68, 'J13': 4, 'cluster3106249630_3106249631_J60_J61_#5more': 3}, 
2530.0, {'J10': np.float32(0.30157262), 'J11': np.float32(-0.078630894), 'J12': np.float32(-1.2432933), 'J13': np.float32(-0.04440333), 'cluster3106249630_3106249631_J60_J61_#5more': np.float32(-0.008325624)}, {'J10': 4, 'J11': 5, 'J12': 14, 'J13': 3, 'cluster3106249630_3106249631_J60_J61_#5more': 4}, {'J10': 5, 'J11': 7, 'J12': 69, 'J13': 5, 'cluster3106249630_3106249631_J60_J61_#5more': 10}, 
2535.0, {'J10': np.float32(0.15633672), 'J11': np.float32(-0.12950972), 'J12': np.float32(-0.9555967), 'J13': np.float32(-0.009250694), 'cluster3106249630_3106249631_J60_J61_#5more': np.float32(-0.004625347)}, {'J10': 3, 'J11': 5, 'J12': 13, 'J13': 1, 'cluster3106249630_3106249631_J60_J61_#5more': 4}, {'J10': 3, 'J11': 8, 'J12': 71, 'J13': 3, 'cluster3106249630_3106249631_J60_J61_#5more': 12}, 
2540.0, {'J10': np.float32(-0.06105458), 'J11': np.float32(-0.12580943), 'J12': np.float32(-0.95929694), 'J13': np.float32(0.20074005), 'cluster3106249630_3106249631_J60_J61_#5more': np.float32(-0.040703055)}, {'J10': 5, 'J11': 5, 'J12': 12, 'J13': 2, 'cluster3106249630_3106249631_J60_J61_#5more': 6}, {'J10': 5, 'J11': 7, 'J12': 69, 'J13': 3, 'cluster3106249630_3106249631_J60_J61_#5more': 14}, 
2545.0, {'J10': np.float32(0.1692877), 'J11': np.float32(-0.13043478), 'J12': np.float32(-1.2627198), 'J13': np.float32(-0.016651249), 'cluster3106249630_3106249631_J60_J61_#5more': np.float32(0.226642)}, {'J10': 4, 'J11': 5, 'J12': 14, 'J13': 2, 'cluster3106249630_3106249631_J60_J61_#5more': 2}, {'J10': 5, 'J11': 7, 'J12': 70, 'J13': 2, 'cluster3106249630_3106249631_J60_J61_#5more': 5}, 
2550.0, {'J10': np.float32(0.20629047), 'J11': np.float32(-0.13320999), 'J12': np.float32(-1.3108233), 'J13': np.float32(-0.06567992), 'cluster3106249630_3106249631_J60_J61_#5more': np.float32(0.02960222)}, {'J10': 3, 'J11': 6, 'J12': 16, 'J13': 3, 'cluster3106249630_3106249631_J60_J61_#5more': 4}, {'J10': 3, 'J11': 8, 'J12': 72, 'J13': 3, 'cluster3106249630_3106249631_J60_J61_#5more': 4}, 
2555.0, {'J10': np.float32(-0.06105458), 'J11': np.float32(0.12488437), 'J12': np.float32(0.4588344), 'J13': np.float32(-0.09620722), 'cluster3106249630_3106249631_J60_J61_#5more': np.float32(0.033302497)}, {'J10': 5, 'J11': 4, 'J12': 12, 'J13': 5, 'cluster3106249630_3106249631_J60_J61_#5more': 3}, {'J10': 5, 'J11': 6, 'J12': 67, 'J13': 5, 'cluster3106249630_3106249631_J60_J61_#5more': 3}, 
2560.0, {'J10': np.float32(-0.10175763), 'J11': np.float32(0.2173913), 'J12': np.float32(0.63552266), 'J13': np.float32(-0.12858464), 'cluster3106249630_3106249631_J60_J61_#5more': np.float32(-0.07030527)}, {'J10': 5, 'J11': 5, 'J12': 12, 'J13': 5, 'cluster3106249630_3106249631_J60_J61_#5more': 3}, {'J10': 5, 'J11': 7, 'J12': 64, 'J13': 6, 'cluster3106249630_3106249631_J60_J61_#5more': 3}, 
2565.0, {'J10': np.float32(-0.10545791), 'J11': np.float32(0.28584644), 'J12': np.float32(0.4440333), 'J13': np.float32(-0.123959295), 'cluster3106249630_3106249631_J60_J61_#5more': np.float32(-0.11378353)}, {'J10': 5, 'J11': 3, 'J12': 12, 'J13': 7, 'cluster3106249630_3106249631_J60_J61_#5more': 3}, {'J10': 5, 'J11': 5, 'J12': 62, 'J13': 8, 'cluster3106249630_3106249631_J60_J61_#5more': 3}, 
2570.0, {'J10': np.float32(-0.111008324), 'J11': np.float32(0.22756706), 'J12': np.float32(-0.53283995), 'J13': np.float32(-0.18408881), 'cluster3106249630_3106249631_J60_J61_#5more': np.float32(-0.13506013)}, {'J10': 5, 'J11': 2, 'J12': 14, 'J13': 8, 'cluster3106249630_3106249631_J60_J61_#5more': 3}, {'J10': 5, 'J11': 2, 'J12': 65, 'J13': 9, 'cluster3106249630_3106249631_J60_J61_#5more': 5}, 
2575.0, {'J10': np.float32(-0.111008324), 'J11': np.float32(-0.036077704), 'J12': np.float32(-1.2516189), 'J13': np.float32(0.37927845), 'cluster3106249630_3106249631_J60_J61_#5more': np.float32(0.025901943)}, {'J10': 5, 'J11': 2, 'J12': 14, 'J13': 5, 'cluster3106249630_3106249631_J60_J61_#5more': 3}, {'J10': 5, 'J11': 3, 'J12': 67, 'J13': 6, 'cluster3106249630_3106249631_J60_J61_#5more': 3}, 
2580.0, {'J10': np.float32(-0.111008324), 'J11': np.float32(-0.03422757), 'J12': np.float32(-1.2673451), 'J13': np.float32(0.20906568), 'cluster3106249630_3106249631_J60_J61_#5more': np.float32(-0.11285847)}, {'J10': 5, 'J11': 2, 'J12': 14, 'J13': 1, 'cluster3106249630_3106249631_J60_J61_#5more': 4}, {'J10': 5, 'J11': 2, 'J12': 68, 'J13': 2, 'cluster3106249630_3106249631_J60_J61_#5more': 4}, 
2585.0, {'J10': np.float32(-0.111008324), 'J11': np.float32(-0.038852915), 'J12': np.float32(-1.2886217), 'J13': np.float32(0.11285847), 'cluster3106249630_3106249631_J60_J61_#5more': np.float32(-0.0693802)}, {'J10': 5, 'J11': 2, 'J12': 17, 'J13': 1, 'cluster3106249630_3106249631_J60_J61_#5more': 4}, {'J10': 5, 'J11': 3, 'J12': 70, 'J13': 1, 'cluster3106249630_3106249631_J60_J61_#5more': 4}, 
2590.0, {'J10': np.float32(-0.111008324), 'J11': np.float32(-0.041628122), 'J12': np.float32(-1.0999075), 'J13': np.float32(-0.005550416), 'cluster3106249630_3106249631_J60_J61_#5more': np.float32(-0.11378353)}, {'J10': 5, 'J11': 2, 'J12': 18, 'J13': 0, 'cluster3106249630_3106249631_J60_J61_#5more': 4}, {'J10': 5, 'J11': 3, 'J12': 70, 'J13': 0, 'cluster3106249630_3106249631_J60_J61_#5more': 4}, 
2595.0, {'J10': np.float32(-0.111008324), 'J11': np.float32(-0.08140611), 'J12': np.float32(0.20999075), 'J13': np.float32(-0.009250694), 'cluster3106249630_3106249631_J60_J61_#5more': np.float32(-0.06105458)}, {'J10': 5, 'J11': 2, 'J12': 19, 'J13': 0, 'cluster3106249630_3106249631_J60_J61_#5more': 4}, {'J10': 5, 'J11': 3, 'J12': 70, 'J13': 0, 'cluster3106249630_3106249631_J60_J61_#5more': 4}, 
2600.0, {'J10': np.float32(-0.111008324), 'J11': np.float32(0.33024976), 'J12': np.float32(-1.2876966), 'J13': np.float32(-0.009250694), 'cluster3106249630_3106249631_J60_J61_#5more': np.float32(0.15633672)}, {'J10': 5, 'J11': 1, 'J12': 19, 'J13': 0, 'cluster3106249630_3106249631_J60_J61_#5more': 3}, {'J10': 5, 'J11': 1, 'J12': 69, 'J13': 0, 'cluster3106249630_3106249631_J60_J61_#5more': 3}, 
2605.0, {'J10': np.float32(-0.111008324), 'J11': np.float32(0.13228492), 'J12': np.float32(-1.2913969), 'J13': np.float32(0.027752081), 'cluster3106249630_3106249631_J60_J61_#5more': np.float32(0.107308045)}, {'J10': 5, 'J11': 1, 'J12': 19, 'J13': 0, 'cluster3106249630_3106249631_J60_J61_#5more': 2}, {'J10': 5, 'J11': 1, 'J12': 69, 'J13': 0, 'cluster3106249630_3106249631_J60_J61_#5more': 2}, 
2610.0, {'J10': np.float32(0.56059206), 'J11': np.float32(-0.025901943), 'J12': np.float32(-0.35430157), 'J13': np.float32(-0.0009250694), 'cluster3106249630_3106249631_J60_J61_#5more': np.float32(-0.10175763)}, {'J10': 4, 'J11': 2, 'J12': 19, 'J13': 1, 'cluster3106249630_3106249631_J60_J61_#5more': 2}, {'J10': 5, 'J11': 2, 'J12': 71, 'J13': 1, 'cluster3106249630_3106249631_J60_J61_#5more': 2}, 
2615.0, {'J10': np.float32(0.21276596), 'J11': np.float32(-0.037002776), 'J12': np.float32(0.9768733), 'J13': np.float32(-0.04255319), 'cluster3106249630_3106249631_J60_J61_#5more': np.float32(-0.16558743)}, {'J10': 3, 'J11': 2, 'J12': 20, 'J13': 2, 'cluster3106249630_3106249631_J60_J61_#5more': 4}, {'J10': 3, 'J11': 2, 'J12': 70, 'J13': 4, 'cluster3106249630_3106249631_J60_J61_#5more': 5}, 
2620.0, {'J10': np.float32(-0.05920444), 'J11': np.float32(-0.058279373), 'J12': np.float32(3.0), 'J13': np.float32(-0.083256245), 'cluster3106249630_3106249631_J60_J61_#5more': np.float32(0.26456985)}, {'J10': 5, 'J11': 2, 'J12': 20, 'J13': 2, 'cluster3106249630_3106249631_J60_J61_#5more': 4}, {'J10': 5, 'J11': 2, 'J12': 64, 'J13': 6, 'cluster3106249630_3106249631_J60_J61_#5more': 8}, 
2625.0, {'J10': np.float32(-0.09250694), 'J11': np.float32(0.020351527), 'J12': np.float32(-0.67807585), 'J13': np.float32(-0.12765957), 'cluster3106249630_3106249631_J60_J61_#5more': np.float32(-0.15818687)}, {'J10': 5, 'J11': 2, 'J12': 19, 'J13': 4, 'cluster3106249630_3106249631_J60_J61_#5more': 4}, {'J10': 5, 'J11': 4, 'J12': 65, 'J13': 8, 'cluster3106249630_3106249631_J60_J61_#5more': 10}, 
2630.0, {'J10': np.float32(-0.09713229), 'J11': np.float32(0.040703055), 'J12': np.float32(-0.86771506), 'J13': np.float32(-0.15726179), 'cluster3106249630_3106249631_J60_J61_#5more': np.float32(-0.06845514)}, {'J10': 5, 'J11': 1, 'J12': 18, 'J13': 4, 'cluster3106249630_3106249631_J60_J61_#5more': 4}, {'J10': 6, 'J11': 1, 'J12': 74, 'J13': 8, 'cluster3106249630_3106249631_J60_J61_#5more': 9}, 
2635.0, {'J10': np.float32(-0.11840888), 'J11': np.float32(-0.0693802), 'J12': np.float32(1.7798334), 'J13': np.float32(-0.16651249), 'cluster3106249630_3106249631_J60_J61_#5more': np.float32(0.07308048)}, {'J10': 5, 'J11': 2, 'J12': 18, 'J13': 5, 'cluster3106249630_3106249631_J60_J61_#5more': 4}, {'J10': 6, 'J11': 2, 'J12': 73, 'J13': 9, 'cluster3106249630_3106249631_J60_J61_#5more': 4}, 
2640.0, {'J10': np.float32(-0.12025902), 'J11': np.float32(-0.0906568), 'J12': np.float32(3.0), 'J13': np.float32(-0.17576317), 'cluster3106249630_3106249631_J60_J61_#5more': np.float32(-0.0906568)}, {'J10': 5, 'J11': 2, 'J12': 19, 'J13': 5, 'cluster3106249630_3106249631_J60_J61_#5more': 4}, {'J10': 6, 'J11': 3, 'J12': 70, 'J13': 9, 'cluster3106249630_3106249631_J60_J61_#5more': 4}, 
2645.0, {'J10': np.float32(-0.12025902), 'J11': np.float32(-0.12580943), 'J12': np.float32(2.4801111), 'J13': np.float32(-0.022201665), 'cluster3106249630_3106249631_J60_J61_#5more': np.float32(-0.095282145)}, {'J10': 5, 'J11': 2, 'J12': 19, 'J13': 7, 'cluster3106249630_3106249631_J60_J61_#5more': 4}, {'J10': 6, 'J11': 3, 'J12': 67, 'J13': 12, 'cluster3106249630_3106249631_J60_J61_#5more': 4}, 
2650.0, {'J10': np.float32(-0.12858464), 'J11': np.float32(-0.14431082), 'J12': np.float32(-0.8492137), 'J13': np.float32(-0.22571693), 'cluster3106249630_3106249631_J60_J61_#5more': np.float32(-0.04255319)}, {'J10': 5, 'J11': 2, 'J12': 18, 'J13': 7, 'cluster3106249630_3106249631_J60_J61_#5more': 4}, {'J10': 7, 'J11': 3, 'J12': 65, 'J13': 13, 'cluster3106249630_3106249631_J60_J61_#5more': 4}, 
2655.0, {'J10': np.float32(-0.1387604), 'J11': np.float32(-0.15726179), 'J12': np.float32(-1.239593), 'J13': np.float32(-0.21831638), 'cluster3106249630_3106249631_J60_J61_#5more': np.float32(-0.091581866)}, {'J10': 5, 'J11': 2, 'J12': 18, 'J13': 7, 'cluster3106249630_3106249631_J60_J61_#5more': 4}, {'J10': 7, 'J11': 3, 'J12': 65, 'J13': 12, 'cluster3106249630_3106249631_J60_J61_#5more': 4}, 
2660.0, {'J10': np.float32(-0.14708602), 'J11': np.float32(0.07030527), 'J12': np.float32(0.57909346), 'J13': np.float32(-0.22201665), 'cluster3106249630_3106249631_J60_J61_#5more': np.float32(-0.062904716)}, {'J10': 5, 'J11': 2, 'J12': 17, 'J13': 7, 'cluster3106249630_3106249631_J60_J61_#5more': 4}, {'J10': 7, 'J11': 5, 'J12': 69, 'J13': 12, 'cluster3106249630_3106249631_J60_J61_#5more': 4}, 
2665.0, {'J10': np.float32(-0.1480111), 'J11': np.float32(0.39685476), 'J12': np.float32(1.0508788), 'J13': np.float32(-0.23034227), 'cluster3106249630_3106249631_J60_J61_#5more': np.float32(0.33580017)}, {'J10': 5, 'J11': 3, 'J12': 18, 'J13': 8, 'cluster3106249630_3106249631_J60_J61_#5more': 3}, {'J10': 7, 'J11': 4, 'J12': 66, 'J13': 13, 'cluster3106249630_3106249631_J60_J61_#5more': 3}, 
2670.0, {'J10': np.float32(-0.1480111), 'J11': np.float32(-0.12025902), 'J12': np.float32(-1.2173913), 'J13': np.float32(-0.24051803), 'cluster3106249630_3106249631_J60_J61_#5more': np.float32(-0.08510638)}, {'J10': 5, 'J11': 3, 'J12': 18, 'J13': 8, 'cluster3106249630_3106249631_J60_J61_#5more': 3}, {'J10': 7, 'J11': 5, 'J12': 66, 'J13': 13, 'cluster3106249630_3106249631_J60_J61_#5more': 3}, 
2675.0, {'J10': np.float32(0.6410731), 'J11': np.float32(0.111933395), 'J12': np.float32(0.02867715), 'J13': np.float32(-0.25531915), 'cluster3106249630_3106249631_J60_J61_#5more': np.float32(0.29694727)}, {'J10': 4, 'J11': 3, 'J12': 21, 'J13': 10, 'cluster3106249630_3106249631_J60_J61_#5more': 3}, {'J10': 5, 'J11': 4, 'J12': 69, 'J13': 16, 'cluster3106249630_3106249631_J60_J61_#5more': 3}, 
2680.0, {'J10': np.float32(0.49121183), 'J11': np.float32(0.04255319), 'J12': np.float32(-1.306198), 'J13': np.float32(-0.3080481), 'cluster3106249630_3106249631_J60_J61_#5more': np.float32(-0.084181316)}, {'J10': 3, 'J11': 2, 'J12': 22, 'J13': 13, 'cluster3106249630_3106249631_J60_J61_#5more': 3}, {'J10': 4, 'J11': 3, 'J12': 72, 'J13': 19, 'cluster3106249630_3106249631_J60_J61_#5more': 3}, 
2685.0, {'J10': np.float32(-0.078630894), 'J11': np.float32(0.11933395), 'J12': np.float32(0.3626272), 'J13': np.float32(-0.3617021), 'cluster3106249630_3106249631_J60_J61_#5more': np.float32(0.16466235)}, {'J10': 5, 'J11': 2, 'J12': 21, 'J13': 15, 'cluster3106249630_3106249631_J60_J61_#5more': 2}, {'J10': 6, 'J11': 2, 'J12': 70, 'J13': 21, 'cluster3106249630_3106249631_J60_J61_#5more': 5}, 
2690.0, {'J10': np.float32(-0.111008324), 'J11': np.float32(-0.04625347), 'J12': np.float32(-0.040703055), 'J13': np.float32(-0.41258094), 'cluster3106249630_3106249631_J60_J61_#5more': np.float32(0.26734504)}, {'J10': 5, 'J11': 2, 'J12': 21, 'J13': 19, 'cluster3106249630_3106249631_J60_J61_#5more': 0}, {'J10': 6, 'J11': 2, 'J12': 68, 'J13': 25, 'cluster3106249630_3106249631_J60_J61_#5more': 0}, 
2695.0, {'J10': np.float32(-0.116558746), 'J11': np.float32(-0.04625347), 'J12': np.float32(-1.2775208), 'J13': np.float32(-0.4680851), 'cluster3106249630_3106249631_J60_J61_#5more': np.float32(-0.06475486)}, {'J10': 5, 'J11': 2, 'J12': 21, 'J13': 19, 'cluster3106249630_3106249631_J60_J61_#5more': 0}, {'J10': 7, 'J11': 2, 'J12': 69, 'J13': 26, 'cluster3106249630_3106249631_J60_J61_#5more': 0}, 
2700.0, {'J10': np.float32(-0.12950972), 'J11': np.float32(-0.053654023), 'J12': np.float32(-0.12580943), 'J13': np.float32(0.7724329), 'cluster3106249630_3106249631_J60_J61_#5more': np.float32(-0.066604994)}, {'J10': 5, 'J11': 2, 'J12': 19, 'J13': 19, 'cluster3106249630_3106249631_J60_J61_#5more': 1}, {'J10': 7, 'J11': 2, 'J12': 67, 'J13': 24, 'cluster3106249630_3106249631_J60_J61_#5more': 1}, 
2705.0, {'J10': np.float32(-0.12950972), 'J11': np.float32(-0.079555966), 'J12': np.float32(2.5430157), 'J13': np.float32(1.9185939), 'cluster3106249630_3106249631_J60_J61_#5more': np.float32(-0.07215541)}, {'J10': 5, 'J11': 2, 'J12': 17, 'J13': 13, 'cluster3106249630_3106249631_J60_J61_#5more': 1}, {'J10': 7, 'J11': 2, 'J12': 66, 'J13': 15, 'cluster3106249630_3106249631_J60_J61_#5more': 1}, 
2710.0, {'J10': np.float32(-0.13691027), 'J11': np.float32(0.12488437), 'J12': np.float32(-0.1452359), 'J13': np.float32(0.27104533), 'cluster3106249630_3106249631_J60_J61_#5more': np.float32(-0.11378353)}, {'J10': 5, 'J11': 1, 'J12': 17, 'J13': 9, 'cluster3106249630_3106249631_J60_J61_#5more': 3}, {'J10': 7, 'J11': 4, 'J12': 66, 'J13': 11, 'cluster3106249630_3106249631_J60_J61_#5more': 4}, 
2715.0, {'J10': np.float32(-0.13968548), 'J11': np.float32(0.095282145), 'J12': np.float32(-0.18038853), 'J13': np.float32(-0.019426458), 'cluster3106249630_3106249631_J60_J61_#5more': np.float32(0.36632746)}, {'J10': 5, 'J11': 1, 'J12': 17, 'J13': 8, 'cluster3106249630_3106249631_J60_J61_#5more': 3}, {'J10': 7, 'J11': 1, 'J12': 65, 'J13': 10, 'cluster3106249630_3106249631_J60_J61_#5more': 6}, 
2720.0, {'J10': np.float32(-0.15171137), 'J11': np.float32(-0.0009250694), 'J12': np.float32(1.4070306), 'J13': np.float32(-0.08695652), 'cluster3106249630_3106249631_J60_J61_#5more': np.float32(-0.13413507)}, {'J10': 5, 'J11': 0, 'J12': 19, 'J13': 10, 'cluster3106249630_3106249631_J60_J61_#5more': 7}, {'J10': 7, 'J11': 0, 'J12': 65, 'J13': 13, 'cluster3106249630_3106249631_J60_J61_#5more': 11}, 
2725.0, {'J10': np.float32(-0.15726179), 'J11': np.float32(-0.022201665), 'J12': np.float32(-1.2183163), 'J13': np.float32(0.22109158), 'cluster3106249630_3106249631_J60_J61_#5more': np.float32(-0.033302497)}, {'J10': 5, 'J11': 2, 'J12': 19, 'J13': 8, 'cluster3106249630_3106249631_J60_J61_#5more': 5}, {'J10': 7, 'J11': 2, 'J12': 69, 'J13': 9, 'cluster3106249630_3106249631_J60_J61_#5more': 8}, 
2730.0, {'J10': np.float32(-0.15726179), 'J11': np.float32(-0.026827011), 'J12': np.float32(-1.3006475), 'J13': np.float32(0.33580017), 'cluster3106249630_3106249631_J60_J61_#5more': np.float32(0.047178537)}, {'J10': 5, 'J11': 1, 'J12': 19, 'J13': 5, 'cluster3106249630_3106249631_J60_J61_#5more': 3}, {'J10': 7, 'J11': 2, 'J12': 73, 'J13': 5, 'cluster3106249630_3106249631_J60_J61_#5more': 4}, 
2735.0, {'J10': np.float32(-0.15726179), 'J11': np.float32(-0.050878815), 'J12': np.float32(0.6984274), 'J13': np.float32(0.12488437), 'cluster3106249630_3106249631_J60_J61_#5more': np.float32(-0.04440333)}, {'J10': 5, 'J11': 2, 'J12': 20, 'J13': 3, 'cluster3106249630_3106249631_J60_J61_#5more': 4}, {'J10': 7, 'J11': 2, 'J12': 73, 'J13': 5, 'cluster3106249630_3106249631_J60_J61_#5more': 4}, 
2740.0, {'J10': np.float32(0.8963922), 'J11': np.float32(-0.06105458), 'J12': np.float32(-1.2747456), 'J13': np.float32(-0.022201665), 'cluster3106249630_3106249631_J60_J61_#5more': np.float32(-0.123034224)}, {'J10': 4, 'J11': 2, 'J12': 20, 'J13': 2, 'cluster3106249630_3106249631_J60_J61_#5more': 4}, {'J10': 7, 'J11': 3, 'J12': 76, 'J13': 4, 'cluster3106249630_3106249631_J60_J61_#5more': 4}, 
2745.0, {'J10': np.float32(0.056429233), 'J11': np.float32(0.08233117), 'J12': np.float32(-1.4079556), 'J13': np.float32(0.15911193), 'cluster3106249630_3106249631_J60_J61_#5more': np.float32(-0.10453284)}, {'J10': 4, 'J11': 2, 'J12': 20, 'J13': 1, 'cluster3106249630_3106249631_J60_J61_#5more': 4}, {'J10': 8, 'J11': 2, 'J12': 77, 'J13': 1, 'cluster3106249630_3106249631_J60_J61_#5more': 4}, 
2750.0, {'J10': np.float32(-0.14708602), 'J11': np.float32(-0.039777983), 'J12': np.float32(0.59389454), 'J13': np.float32(-0.020351527), 'cluster3106249630_3106249631_J60_J61_#5more': np.float32(-0.09343201)}, {'J10': 5, 'J11': 2, 'J12': 20, 'J13': 1, 'cluster3106249630_3106249631_J60_J61_#5more': 4}, {'J10': 9, 'J11': 3, 'J12': 73, 'J13': 1, 'cluster3106249630_3106249631_J60_J61_#5more': 4}, 
2755.0, {'J10': np.float32(-0.06105458), 'J11': np.float32(-0.079555966), 'J12': np.float32(3.0), 'J13': np.float32(-0.027752081), 'cluster3106249630_3106249631_J60_J61_#5more': np.float32(-0.12210916)}, {'J10': 5, 'J11': 4, 'J12': 18, 'J13': 1, 'cluster3106249630_3106249631_J60_J61_#5more': 4}, {'J10': 7, 'J11': 8, 'J12': 68, 'J13': 1, 'cluster3106249630_3106249631_J60_J61_#5more': 4}, 
2760.0, {'J10': np.float32(-0.1387604), 'J11': np.float32(-0.12858464), 'J12': np.float32(-0.26086956), 'J13': np.float32(-0.027752081), 'cluster3106249630_3106249631_J60_J61_#5more': np.float32(-0.09620722)}, {'J10': 5, 'J11': 5, 'J12': 17, 'J13': 1, 'cluster3106249630_3106249631_J60_J61_#5more': 4}, {'J10': 7, 'J11': 9, 'J12': 65, 'J13': 1, 'cluster3106249630_3106249631_J60_J61_#5more': 4}, 
2765.0, {'J10': np.float32(-0.1387604), 'J11': np.float32(-0.027752081), 'J12': np.float32(-0.81683624), 'J13': np.float32(-0.027752081), 'cluster3106249630_3106249631_J60_J61_#5more': np.float32(-0.10453284)}, {'J10': 5, 'J11': 6, 'J12': 17, 'J13': 1, 'cluster3106249630_3106249631_J60_J61_#5more': 4}, {'J10': 7, 'J11': 8, 'J12': 64, 'J13': 1, 'cluster3106249630_3106249631_J60_J61_#5more': 4}, 
2770.0, {'J10': np.float32(-0.1387604), 'J11': np.float32(0.0009250694), 'J12': np.float32(-0.78815913), 'J13': np.float32(-0.027752081), 'cluster3106249630_3106249631_J60_J61_#5more': np.float32(0.11008326)}, {'J10': 5, 'J11': 3, 'J12': 17, 'J13': 1, 'cluster3106249630_3106249631_J60_J61_#5more': 3}, {'J10': 7, 'J11': 6, 'J12': 64, 'J13': 1, 'cluster3106249630_3106249631_J60_J61_#5more': 3}, 
2775.0, {'J10': np.float32(-0.1387604), 'J11': np.float32(-0.011100832), 'J12': np.float32(0.40888068), 'J13': np.float32(0.17576317), 'cluster3106249630_3106249631_J60_J61_#5more': np.float32(-0.099907495)}, {'J10': 5, 'J11': 2, 'J12': 19, 'J13': 0, 'cluster3106249630_3106249631_J60_J61_#5more': 3}, {'J10': 7, 'J11': 4, 'J12': 68, 'J13': 0, 'cluster3106249630_3106249631_J60_J61_#5more': 3}, 
2780.0, {'J10': np.float32(-0.1387604), 'J11': np.float32(-0.10083256), 'J12': np.float32(0.9222942), 'J13': np.float32(-0.0), 'cluster3106249630_3106249631_J60_J61_#5more': np.float32(-0.12025902)}, {'J10': 5, 'J11': 3, 'J12': 16, 'J13': 0, 'cluster3106249630_3106249631_J60_J61_#5more': 3}, {'J10': 7, 'J11': 7, 'J12': 63, 'J13': 0, 'cluster3106249630_3106249631_J60_J61_#5more': 3}, 
2785.0, {'J10': np.float32(-0.1387604), 'J11': np.float32(-0.13413507), 'J12': np.float32(-0.34320074), 'J13': np.float32(-0.002775208), 'cluster3106249630_3106249631_J60_J61_#5more': np.float32(0.16651249)}, {'J10': 5, 'J11': 4, 'J12': 15, 'J13': 1, 'cluster3106249630_3106249631_J60_J61_#5more': 2}, {'J10': 7, 'J11': 9, 'J12': 61, 'J13': 1, 'cluster3106249630_3106249631_J60_J61_#5more': 2}, 
2790.0, {'J10': np.float32(-0.1387604), 'J11': np.float32(0.008325624), 'J12': np.float32(0.16651249), 'J13': np.float32(0.002775208), 'cluster3106249630_3106249631_J60_J61_#5more': np.float32(-0.10823312)}, {'J10': 5, 'J11': 5, 'J12': 14, 'J13': 0, 'cluster3106249630_3106249631_J60_J61_#5more': 2}, {'J10': 7, 'J11': 7, 'J12': 58, 'J13': 0, 'cluster3106249630_3106249631_J60_J61_#5more': 2}, 
2795.0, {'J10': np.float32(0.7844588), 'J11': np.float32(-0.021276595), 'J12': np.float32(1.3552266), 'J13': np.float32(-0.0), 'cluster3106249630_3106249631_J60_J61_#5more': np.float32(0.46623498)}, {'J10': 4, 'J11': 5, 'J12': 12, 'J13': 0, 'cluster3106249630_3106249631_J60_J61_#5more': 4}, {'J10': 7, 'J11': 8, 'J12': 55, 'J13': 0, 'cluster3106249630_3106249631_J60_J61_#5more': 5}, 
2800.0, {'J10': np.float32(0.773358), 'J11': np.float32(-0.103607774), 'J12': np.float32(0.23034227), 'J13': np.float32(-0.0), 'cluster3106249630_3106249631_J60_J61_#5more': np.float32(-0.078630894)}, {'J10': 3, 'J11': 4, 'J12': 12, 'J13': 0, 'cluster3106249630_3106249631_J60_J61_#5more': 4}, {'J10': 4, 'J11': 6, 'J12': 57, 'J13': 0, 'cluster3106249630_3106249631_J60_J61_#5more': 5}, 
2805.0, {'J10': np.float32(-0.08695652), 'J11': np.float32(-0.0138760405), 'J12': np.float32(-1.1008326), 'J13': np.float32(-0.004625347), 'cluster3106249630_3106249631_J60_J61_#5more': np.float32(0.51618874)}, {'J10': 5, 'J11': 3, 'J12': 16, 'J13': 1, 'cluster3106249630_3106249631_J60_J61_#5more': 2}, {'J10': 7, 'J11': 5, 'J12': 67, 'J13': 1, 'cluster3106249630_3106249631_J60_J61_#5more': 2}, 
2810.0, {'J10': np.float32(-0.12950972), 'J11': np.float32(-0.005550416), 'J12': np.float32(-1.2590194), 'J13': np.float32(-0.015726179), 'cluster3106249630_3106249631_J60_J61_#5more': np.float32(0.08695652)}, {'J10': 5, 'J11': 2, 'J12': 17, 'J13': 1, 'cluster3106249630_3106249631_J60_J61_#5more': 0}, {'J10': 7, 'J11': 5, 'J12': 72, 'J13': 1, 'cluster3106249630_3106249631_J60_J61_#5more': 0}, 
2815.0, {'J10': np.float32(-0.12950972), 'J11': np.float32(0.095282145), 'J12': np.float32(-0.653099), 'J13': np.float32(-0.018501388), 'cluster3106249630_3106249631_J60_J61_#5more': np.float32(-0.0009250694)}, {'J10': 5, 'J11': 2, 'J12': 17, 'J13': 1, 'cluster3106249630_3106249631_J60_J61_#5more': 1}, {'J10': 7, 'J11': 3, 'J12': 72, 'J13': 1, 'cluster3106249630_3106249631_J60_J61_#5more': 1}, 
2820.0, {'J10': np.float32(-0.12950972), 'J11': np.float32(-0.06567992), 'J12': np.float32(-1.3404255), 'J13': np.float32(0.037002776), 'cluster3106249630_3106249631_J60_J61_#5more': np.float32(-0.021276595)}, {'J10': 5, 'J11': 2, 'J12': 19, 'J13': 1, 'cluster3106249630_3106249631_J60_J61_#5more': 2}, {'J10': 7, 'J11': 3, 'J12': 75, 'J13': 1, 'cluster3106249630_3106249631_J60_J61_#5more': 2}, 
2825.0, {'J10': np.float32(-0.12950972), 'J11': np.float32(0.69657725), 'J12': np.float32(0.78353375), 'J13': np.float32(-0.018501388), 'cluster3106249630_3106249631_J60_J61_#5more': np.float32(-0.06012951)}, {'J10': 5, 'J11': 1, 'J12': 19, 'J13': 1, 'cluster3106249630_3106249631_J60_J61_#5more': 3}, {'J10': 7, 'J11': 2, 'J12': 74, 'J13': 1, 'cluster3106249630_3106249631_J60_J61_#5more': 7}, 
2830.0, {'J10': np.float32(-0.12950972), 'J11': np.float32(-0.023126734), 'J12': np.float32(2.1137836), 'J13': np.float32(-0.018501388), 'cluster3106249630_3106249631_J60_J61_#5more': np.float32(-0.15263645)}, {'J10': 5, 'J11': 1, 'J12': 19, 'J13': 1, 'cluster3106249630_3106249631_J60_J61_#5more': 4}, {'J10': 7, 'J11': 3, 'J12': 69, 'J13': 1, 'cluster3106249630_3106249631_J60_J61_#5more': 11}, 
2835.0, {'J10': np.float32(-0.13413507), 'J11': np.float32(-0.09805735), 'J12': np.float32(1.9990749), 'J13': np.float32(-0.018501388), 'cluster3106249630_3106249631_J60_J61_#5more': np.float32(0.12025902)}, {'J10': 5, 'J11': 3, 'J12': 17, 'J13': 1, 'cluster3106249630_3106249631_J60_J61_#5more': 1}, {'J10': 7, 'J11': 6, 'J12': 62, 'J13': 1, 'cluster3106249630_3106249631_J60_J61_#5more': 3}, 
2840.0, {'J10': np.float32(-0.1387604), 'J11': np.float32(-0.03237743), 'J12': np.float32(2.2812212), 'J13': np.float32(-0.018501388), 'cluster3106249630_3106249631_J60_J61_#5more': np.float32(0.04347826)}, {'J10': 5, 'J11': 3, 'J12': 14, 'J13': 1, 'cluster3106249630_3106249631_J60_J61_#5more': 0}, {'J10': 7, 'J11': 5, 'J12': 55, 'J13': 1, 'cluster3106249630_3106249631_J60_J61_#5more': 0}, 
2845.0, {'J10': np.float32(-0.1387604), 'J11': np.float32(-0.058279373), 'J12': np.float32(1.4088807), 'J13': np.float32(0.07585569), 'cluster3106249630_3106249631_J60_J61_#5more': np.float32(-0.054579094)}, {'J10': 5, 'J11': 4, 'J12': 12, 'J13': 0, 'cluster3106249630_3106249631_J60_J61_#5more': 1}, {'J10': 7, 'J11': 5, 'J12': 53, 'J13': 0, 'cluster3106249630_3106249631_J60_J61_#5more': 3}, 
2850.0, {'J10': np.float32(-0.13968548), 'J11': np.float32(-0.11748381), 'J12': np.float32(-1.0009251), 'J13': np.float32(-0.0), 'cluster3106249630_3106249631_J60_J61_#5more': np.float32(-0.08880666)}, {'J10': 5, 'J11': 4, 'J12': 12, 'J13': 0, 'cluster3106249630_3106249631_J60_J61_#5more': 3}, {'J10': 7, 'J11': 8, 'J12': 55, 'J13': 0, 'cluster3106249630_3106249631_J60_J61_#5more': 3}, 
2855.0, {'J10': np.float32(-0.1480111), 'J11': np.float32(-0.15448658), 'J12': np.float32(-1.0814061), 'J13': np.float32(-0.010175764), 'cluster3106249630_3106249631_J60_J61_#5more': np.float32(-0.07678076)}, {'J10': 5, 'J11': 5, 'J12': 13, 'J13': 0, 'cluster3106249630_3106249631_J60_J61_#5more': 3}, {'J10': 7, 'J11': 9, 'J12': 62, 'J13': 0, 'cluster3106249630_3106249631_J60_J61_#5more': 5}, 
2860.0, {'J10': np.float32(0.7937095), 'J11': np.float32(0.23774283), 'J12': np.float32(0.12950972), 'J13': np.float32(0.010175764), 'cluster3106249630_3106249631_J60_J61_#5more': np.float32(-0.1147086)}, {'J10': 4, 'J11': 3, 'J12': 14, 'J13': 0, 'cluster3106249630_3106249631_J60_J61_#5more': 2}, {'J10': 7, 'J11': 5, 'J12': 64, 'J13': 0, 'cluster3106249630_3106249631_J60_J61_#5more': 6}, 
2865.0, {'J10': np.float32(0.09250694), 'J11': np.float32(0.051803887), 'J12': np.float32(-0.18316373), 'J13': np.float32(-0.0009250694), 'cluster3106249630_3106249631_J60_J61_#5more': np.float32(-0.20074005)}, {'J10': 4, 'J11': 2, 'J12': 12, 'J13': 1, 'cluster3106249630_3106249631_J60_J61_#5more': 5}, {'J10': 9, 'J11': 3, 'J12': 59, 'J13': 1, 'cluster3106249630_3106249631_J60_J61_#5more': 9}, 
2870.0, {'J10': np.float32(-0.115633674), 'J11': np.float32(0.006475486), 'J12': np.float32(0.36817762), 'J13': np.float32(-0.018501388), 'cluster3106249630_3106249631_J60_J61_#5more': np.float32(-0.050878815)}, {'J10': 5, 'J11': 2, 'J12': 12, 'J13': 1, 'cluster3106249630_3106249631_J60_J61_#5more': 4}, {'J10': 10, 'J11': 3, 'J12': 51, 'J13': 1, 'cluster3106249630_3106249631_J60_J61_#5more': 7}, 
2875.0, {'J10': np.float32(-0.0693802), 'J11': np.float32(-0.103607774), 'J12': np.float32(0.84458834), 'J13': np.float32(-0.024976874), 'cluster3106249630_3106249631_J60_J61_#5more': np.float32(-0.12210916)}, {'J10': 5, 'J11': 2, 'J12': 12, 'J13': 2, 'cluster3106249630_3106249631_J60_J61_#5more': 4}, {'J10': 7, 'J11': 3, 'J12': 50, 'J13': 3, 'cluster3106249630_3106249631_J60_J61_#5more': 8}, 
2880.0, {'J10': np.float32(-0.12950972), 'J11': np.float32(0.3052729), 'J12': np.float32(-0.33302498), 'J13': np.float32(0.024051804), 'cluster3106249630_3106249631_J60_J61_#5more': np.float32(0.09435707)}, {'J10': 5, 'J11': 1, 'J12': 12, 'J13': 1, 'cluster3106249630_3106249631_J60_J61_#5more': 2}, {'J10': 7, 'J11': 1, 'J12': 50, 'J13': 1, 'cluster3106249630_3106249631_J60_J61_#5more': 3}, 
2885.0, {'J10': np.float32(-0.12950972), 'J11': np.float32(0.0009250694), 'J12': np.float32(-0.36355227), 'J13': np.float32(-0.027752081), 'cluster3106249630_3106249631_J60_J61_#5more': np.float32(0.61702126)}, {'J10': 5, 'J11': 2, 'J12': 12, 'J13': 1, 'cluster3106249630_3106249631_J60_J61_#5more': 2}, {'J10': 7, 'J11': 3, 'J12': 53, 'J13': 2, 'cluster3106249630_3106249631_J60_J61_#5more': 4}, 
2890.0, {'J10': np.float32(-0.12950972), 'J11': np.float32(-0.024051804), 'J12': np.float32(-0.85661423), 'J13': np.float32(-0.009250694), 'cluster3106249630_3106249631_J60_J61_#5more': np.float32(-0.06845514)}, {'J10': 5, 'J11': 2, 'J12': 12, 'J13': 1, 'cluster3106249630_3106249631_J60_J61_#5more': 6}, {'J10': 7, 'J11': 2, 'J12': 53, 'J13': 1, 'cluster3106249630_3106249631_J60_J61_#5more': 8}, 
2895.0, {'J10': np.float32(-0.13783534), 'J11': np.float32(-0.07400555), 'J12': np.float32(-0.4893617), 'J13': np.float32(-0.018501388), 'cluster3106249630_3106249631_J60_J61_#5more': np.float32(0.07770583)}, {'J10': 5, 'J11': 2, 'J12': 12, 'J13': 1, 'cluster3106249630_3106249631_J60_J61_#5more': 2}, {'J10': 7, 'J11': 2, 'J12': 48, 'J13': 1, 'cluster3106249630_3106249631_J60_J61_#5more': 3}, 
2900.0, {'J10': np.float32(-0.1387604), 'J11': np.float32(-0.078630894), 'J12': np.float32(-0.33117485), 'J13': np.float32(-0.018501388), 'cluster3106249630_3106249631_J60_J61_#5more': np.float32(0.047178537)}, {'J10': 5, 'J11': 2, 'J12': 12, 'J13': 1, 'cluster3106249630_3106249631_J60_J61_#5more': 1}, {'J10': 7, 'J11': 3, 'J12': 47, 'J13': 1, 'cluster3106249630_3106249631_J60_J61_#5more': 2}, 
2905.0, {'J10': np.float32(-0.1387604), 'J11': np.float32(-0.09898242), 'J12': np.float32(-0.58649397), 'J13': np.float32(-0.018501388), 'cluster3106249630_3106249631_J60_J61_#5more': np.float32(-0.012950972)}, {'J10': 5, 'J11': 2, 'J12': 12, 'J13': 1, 'cluster3106249630_3106249631_J60_J61_#5more': 3}, {'J10': 7, 'J11': 3, 'J12': 48, 'J13': 1, 'cluster3106249630_3106249631_J60_J61_#5more': 3}, 
2910.0, {'J10': np.float32(-0.1387604), 'J11': np.float32(-0.115633674), 'J12': np.float32(0.7937095), 'J13': np.float32(-0.018501388), 'cluster3106249630_3106249631_J60_J61_#5more': np.float32(-0.058279373)}, {'J10': 5, 'J11': 2, 'J12': 12, 'J13': 1, 'cluster3106249630_3106249631_J60_J61_#5more': 4}, {'J10': 7, 'J11': 4, 'J12': 54, 'J13': 1, 'cluster3106249630_3106249631_J60_J61_#5more': 4}, 
2915.0, {'J10': np.float32(-0.1387604), 'J11': np.float32(-0.1480111), 'J12': np.float32(1.2173913), 'J13': np.float32(0.13043478), 'cluster3106249630_3106249631_J60_J61_#5more': np.float32(-0.08233117)}, {'J10': 5, 'J11': 2, 'J12': 12, 'J13': 1, 'cluster3106249630_3106249631_J60_J61_#5more': 4}, {'J10': 7, 'J11': 4, 'J12': 57, 'J13': 1, 'cluster3106249630_3106249631_J60_J61_#5more': 7}, 
2920.0, {'J10': np.float32(-0.1387604), 'J11': np.float32(0.45420906), 'J12': np.float32(-1.0767808), 'J13': np.float32(-0.038852915), 'cluster3106249630_3106249631_J60_J61_#5more': np.float32(-0.07493062)}, {'J10': 5, 'J11': 1, 'J12': 13, 'J13': 2, 'cluster3106249630_3106249631_J60_J61_#5more': 4}, {'J10': 7, 'J11': 1, 'J12': 65, 'J13': 4, 'cluster3106249630_3106249631_J60_J61_#5more': 4}, 
2925.0, {'J10': np.float32(1.0333025), 'J11': np.float32(-0.02960222), 'J12': np.float32(0.14061055), 'J13': np.float32(-0.09250694), 'cluster3106249630_3106249631_J60_J61_#5more': np.float32(-0.084181316)}, {'J10': 4, 'J11': 1, 'J12': 13, 'J13': 4, 'cluster3106249630_3106249631_J60_J61_#5more': 4}, {'J10': 7, 'J11': 2, 'J12': 63, 'J13': 6, 'cluster3106249630_3106249631_J60_J61_#5more': 4}, 
2930.0, {'J10': np.float32(0.8103608), 'J11': np.float32(-0.04625347), 'J12': np.float32(0.30897316), 'J13': np.float32(-0.13135985), 'cluster3106249630_3106249631_J60_J61_#5more': np.float32(-0.054579094)}, {'J10': 3, 'J11': 2, 'J12': 13, 'J13': 5, 'cluster3106249630_3106249631_J60_J61_#5more': 4}, {'J10': 3, 'J11': 3, 'J12': 62, 'J13': 7, 'cluster3106249630_3106249631_J60_J61_#5more': 4}, 
2935.0, {'J10': np.float32(-0.06012951), 'J11': np.float32(-0.083256245), 'J12': np.float32(-0.19241443), 'J13': np.float32(-0.17113784), 'cluster3106249630_3106249631_J60_J61_#5more': np.float32(-0.099907495)}, {'J10': 5, 'J11': 2, 'J12': 16, 'J13': 8, 'cluster3106249630_3106249631_J60_J61_#5more': 4}, {'J10': 5, 'J11': 3, 'J12': 64, 'J13': 11, 'cluster3106249630_3106249631_J60_J61_#5more': 6}, 
2940.0, {'J10': np.float32(-0.09250694), 'J11': np.float32(-0.091581866), 'J12': np.float32(-1.1091582), 'J13': np.float32(0.17483811), 'cluster3106249630_3106249631_J60_J61_#5more': np.float32(-0.08695652)}, {'J10': 5, 'J11': 2, 'J12': 18, 'J13': 6, 'cluster3106249630_3106249631_J60_J61_#5more': 4}, {'J10': 5, 'J11': 4, 'J12': 69, 'J13': 9, 'cluster3106249630_3106249631_J60_J61_#5more': 4}, 
2945.0, {'J10': np.float32(-0.09620722), 'J11': np.float32(0.27937096), 'J12': np.float32(0.054579094), 'J13': np.float32(0.123959295), 'cluster3106249630_3106249631_J60_J61_#5more': np.float32(-0.06105458)}, {'J10': 5, 'J11': 2, 'J12': 17, 'J13': 2, 'cluster3106249630_3106249631_J60_J61_#5more': 4}, {'J10': 5, 'J11': 2, 'J12': 67, 'J13': 3, 'cluster3106249630_3106249631_J60_J61_#5more': 5}, 
2950.0, {'J10': np.float32(-0.10175763), 'J11': np.float32(0.084181316), 'J12': np.float32(-0.87234044), 'J13': np.float32(0.12673451), 'cluster3106249630_3106249631_J60_J61_#5more': np.float32(-0.08973173)}, {'J10': 5, 'J11': 1, 'J12': 15, 'J13': 1, 'cluster3106249630_3106249631_J60_J61_#5more': 4}, {'J10': 5, 'J11': 1, 'J12': 66, 'J13': 1, 'cluster3106249630_3106249631_J60_J61_#5more': 4}, 
2955.0, {'J10': np.float32(-0.103607774), 'J11': np.float32(-0.040703055), 'J12': np.float32(-1.0416281), 'J13': np.float32(-0.021276595), 'cluster3106249630_3106249631_J60_J61_#5more': np.float32(-0.13135985)}, {'J10': 5, 'J11': 2, 'J12': 15, 'J13': 1, 'cluster3106249630_3106249631_J60_J61_#5more': 4}, {'J10': 5, 'J11': 3, 'J12': 65, 'J13': 2, 'cluster3106249630_3106249631_J60_J61_#5more': 6}, 
2960.0, {'J10': np.float32(-0.111008324), 'J11': np.float32(-0.0693802), 'J12': np.float32(-0.15078631), 'J13': np.float32(0.009250694), 'cluster3106249630_3106249631_J60_J61_#5more': np.float32(-0.12950972)}, {'J10': 5, 'J11': 2, 'J12': 12, 'J13': 1, 'cluster3106249630_3106249631_J60_J61_#5more': 4}, {'J10': 5, 'J11': 3, 'J12': 60, 'J13': 1, 'cluster3106249630_3106249631_J60_J61_#5more': 8}, 
2965.0, {'J10': np.float32(-0.111008324), 'J11': np.float32(0.06475486), 'J12': np.float32(-0.7234042), 'J13': np.float32(-0.02867715), 'cluster3106249630_3106249631_J60_J61_#5more': np.float32(-0.066604994)}, {'J10': 5, 'J11': 2, 'J12': 12, 'J13': 1, 'cluster3106249630_3106249631_J60_J61_#5more': 4}, {'J10': 5, 'J11': 3, 'J12': 61, 'J13': 2, 'cluster3106249630_3106249631_J60_J61_#5more': 5}, 
2970.0, {'J10': np.float32(-0.12025902), 'J11': np.float32(0.010175764), 'J12': np.float32(-0.49676225), 'J13': np.float32(-0.04625347), 'cluster3106249630_3106249631_J60_J61_#5more': np.float32(-0.11378353)}, {'J10': 5, 'J11': 2, 'J12': 12, 'J13': 1, 'cluster3106249630_3106249631_J60_J61_#5more': 4}, {'J10': 5, 'J11': 4, 'J12': 57, 'J13': 2, 'cluster3106249630_3106249631_J60_J61_#5more': 8}, 
2975.0, {'J10': np.float32(-0.12950972), 'J11': np.float32(-0.07215541), 'J12': np.float32(-0.73635525), 'J13': np.float32(-0.056429233), 'cluster3106249630_3106249631_J60_J61_#5more': np.float32(-0.18686402)}, {'J10': 5, 'J11': 2, 'J12': 12, 'J13': 2, 'cluster3106249630_3106249631_J60_J61_#5more': 5}, {'J10': 5, 'J11': 4, 'J12': 55, 'J13': 4, 'cluster3106249630_3106249631_J60_J61_#5more': 10}, 
2980.0, {'J10': np.float32(-0.13135985), 'J11': np.float32(-0.012950972), 'J12': np.float32(0.4495837), 'J13': np.float32(-0.09620722), 'cluster3106249630_3106249631_J60_J61_#5more': np.float32(-0.25254393)}, {'J10': 5, 'J11': 3, 'J12': 12, 'J13': 3, 'cluster3106249630_3106249631_J60_J61_#5more': 7}, {'J10': 5, 'J11': 4, 'J12': 55, 'J13': 5, 'cluster3106249630_3106249631_J60_J61_#5more': 14}, 
2985.0, {'J10': np.float32(-0.13043478), 'J11': np.float32(-0.04625347), 'J12': np.float32(1.4986124), 'J13': np.float32(-0.12025902), 'cluster3106249630_3106249631_J60_J61_#5more': np.float32(-0.08510638)}, {'J10': 5, 'J11': 3, 'J12': 12, 'J13': 4, 'cluster3106249630_3106249631_J60_J61_#5more': 5}, {'J10': 5, 'J11': 4, 'J12': 54, 'J13': 6, 'cluster3106249630_3106249631_J60_J61_#5more': 10}, 
2990.0, {'J10': np.float32(0.7983349), 'J11': np.float32(0.050878815), 'J12': np.float32(-0.14616096), 'J13': np.float32(-0.12950972), 'cluster3106249630_3106249631_J60_J61_#5more': np.float32(0.28307122)}, {'J10': 4, 'J11': 3, 'J12': 12, 'J13': 4, 'cluster3106249630_3106249631_J60_J61_#5more': 3}, {'J10': 4, 'J11': 6, 'J12': 52, 'J13': 6, 'cluster3106249630_3106249631_J60_J61_#5more': 7}, 
2995.0, {'J10': np.float32(-0.08048104), 'J11': np.float32(-0.09620722), 'J12': np.float32(0.09435707), 'J13': np.float32(-0.12950972), 'cluster3106249630_3106249631_J60_J61_#5more': np.float32(0.25439408)}, {'J10': 4, 'J11': 2, 'J12': 14, 'J13': 4, 'cluster3106249630_3106249631_J60_J61_#5more': 2}, {'J10': 6, 'J11': 5, 'J12': 59, 'J13': 6, 'cluster3106249630_3106249631_J60_J61_#5more': 4}, 
3000.0, {'J10': np.float32(-0.12580943), 'J11': np.float32(-0.08973173), 'J12': np.float32(-1.1248844), 'J13': np.float32(-0.13413507), 'cluster3106249630_3106249631_J60_J61_#5more': np.float32(0.35800186)}, {'J10': 4, 'J11': 2, 'J12': 19, 'J13': 5, 'cluster3106249630_3106249631_J60_J61_#5more': 2}, {'J10': 8, 'J11': 5, 'J12': 71, 'J13': 7, 'cluster3106249630_3106249631_J60_J61_#5more': 4}, 
3005.0, {'J10': np.float32(0.6697502), 'J11': np.float32(0.24421832), 'J12': np.float32(0.20629047), 'J13': np.float32(0.12118409), 'cluster3106249630_3106249631_J60_J61_#5more': np.float32(-0.08233117)}, {'J10': 3, 'J11': 1, 'J12': 19, 'J13': 3, 'cluster3106249630_3106249631_J60_J61_#5more': 1}, {'J10': 6, 'J11': 2, 'J12': 72, 'J13': 6, 'cluster3106249630_3106249631_J60_J61_#5more': 1}, 
3010.0, {'J10': np.float32(-0.0037002775), 'J11': np.float32(0.03237743), 'J12': np.float32(0.6512489), 'J13': np.float32(0.3774283), 'cluster3106249630_3106249631_J60_J61_#5more': np.float32(0.45975947)}, {'J10': 5, 'J11': 2, 'J12': 19, 'J13': 2, 'cluster3106249630_3106249631_J60_J61_#5more': 4}, {'J10': 5, 'J11': 2, 'J12': 66, 'J13': 4, 'cluster3106249630_3106249631_J60_J61_#5more': 8}, 
3015.0, {'J10': np.float32(-0.09250694), 'J11': np.float32(-0.0009250694), 'J12': np.float32(-0.8788159), 'J13': np.float32(0.18871415), 'cluster3106249630_3106249631_J60_J61_#5more': np.float32(-0.15633672)}, {'J10': 5, 'J11': 1, 'J12': 18, 'J13': 1, 'cluster3106249630_3106249631_J60_J61_#5more': 4}, {'J10': 5, 'J11': 2, 'J12': 70, 'J13': 3, 'cluster3106249630_3106249631_J60_J61_#5more': 9}, 
3020.0, {'J10': np.float32(-0.09250694), 'J11': np.float32(0.012025902), 'J12': np.float32(-1.3182238), 'J13': np.float32(-0.08510638), 'cluster3106249630_3106249631_J60_J61_#5more': np.float32(-0.15448658)}, {'J10': 5, 'J11': 1, 'J12': 19, 'J13': 1, 'cluster3106249630_3106249631_J60_J61_#5more': 6}, {'J10': 5, 'J11': 1, 'J12': 76, 'J13': 5, 'cluster3106249630_3106249631_J60_J61_#5more': 11}, 
3025.0, {'J10': np.float32(-0.10175763), 'J11': np.float32(0.01480111), 'J12': np.float32(-0.50693804), 'J13': np.float32(-0.008325624), 'cluster3106249630_3106249631_J60_J61_#5more': np.float32(0.047178537)}, {'J10': 5, 'J11': 1, 'J12': 19, 'J13': 1, 'cluster3106249630_3106249631_J60_J61_#5more': 4}, {'J10': 6, 'J11': 2, 'J12': 79, 'J13': 3, 'cluster3106249630_3106249631_J60_J61_#5more': 6}, 
3030.0, {'J10': np.float32(-0.111008324), 'J11': np.float32(-0.04440333), 'J12': np.float32(-1.4634597), 'J13': np.float32(-0.08048104), 'cluster3106249630_3106249631_J60_J61_#5more': np.float32(-0.09250694)}, {'J10': 5, 'J11': 2, 'J12': 19, 'J13': 2, 'cluster3106249630_3106249631_J60_J61_#5more': 4}, {'J10': 6, 'J11': 3, 'J12': 79, 'J13': 4, 'cluster3106249630_3106249631_J60_J61_#5more': 7}, 
3035.0, {'J10': np.float32(-0.111008324), 'J11': np.float32(-0.06105458), 'J12': np.float32(-0.87696576), 'J13': np.float32(-0.09805735), 'cluster3106249630_3106249631_J60_J61_#5more': np.float32(-0.111933395)}, {'J10': 5, 'J11': 2, 'J12': 19, 'J13': 3, 'cluster3106249630_3106249631_J60_J61_#5more': 4}, {'J10': 6, 'J11': 4, 'J12': 77, 'J13': 5, 'cluster3106249630_3106249631_J60_J61_#5more': 9}, 
3040.0, {'J10': np.float32(0.5837188), 'J11': np.float32(-0.07030527), 'J12': np.float32(-1.4301573), 'J13': np.float32(-0.11933395), 'cluster3106249630_3106249631_J60_J61_#5more': np.float32(-0.036077704)}, {'J10': 4, 'J11': 2, 'J12': 19, 'J13': 3, 'cluster3106249630_3106249631_J60_J61_#5more': 4}, {'J10': 5, 'J11': 4, 'J12': 78, 'J13': 6, 'cluster3106249630_3106249631_J60_J61_#5more': 6}, 
3045.0, {'J10': np.float32(-0.10545791), 'J11': np.float32(-0.040703055), 'J12': np.float32(-0.8066605), 'J13': np.float32(-0.15078631), 'cluster3106249630_3106249631_J60_J61_#5more': np.float32(-0.056429233)}, {'J10': 4, 'J11': 2, 'J12': 19, 'J13': 3, 'cluster3106249630_3106249631_J60_J61_#5more': 4}, {'J10': 7, 'J11': 3, 'J12': 76, 'J13': 6, 'cluster3106249630_3106249631_J60_J61_#5more': 6}, 
3050.0, {'J10': np.float32(-0.07030527), 'J11': np.float32(-0.06105458), 'J12': np.float32(-1.1230342), 'J13': np.float32(0.49953747), 'cluster3106249630_3106249631_J60_J61_#5more': np.float32(-0.051803887)}, {'J10': 5, 'J11': 2, 'J12': 20, 'J13': 1, 'cluster3106249630_3106249631_J60_J61_#5more': 4}, {'J10': 6, 'J11': 3, 'J12': 75, 'J13': 4, 'cluster3106249630_3106249631_J60_J61_#5more': 4}, 
3055.0, {'J10': np.float32(-0.06567992), 'J11': np.float32(0.06105458), 'J12': np.float32(-1.4014801), 'J13': np.float32(0.07030527), 'cluster3106249630_3106249631_J60_J61_#5more': np.float32(-0.07585569)}, {'J10': 5, 'J11': 2, 'J12': 21, 'J13': 1, 'cluster3106249630_3106249631_J60_J61_#5more': 4}, {'J10': 5, 'J11': 2, 'J12': 77, 'J13': 2, 'cluster3106249630_3106249631_J60_J61_#5more': 5}, 
3060.0, {'J10': np.float32(0.37372804), 'J11': np.float32(-0.071230344), 'J12': np.float32(-0.6012951), 'J13': np.float32(-0.07400555), 'cluster3106249630_3106249631_J60_J61_#5more': np.float32(-0.14061055)}, {'J10': 4, 'J11': 2, 'J12': 21, 'J13': 1, 'cluster3106249630_3106249631_J60_J61_#5more': 4}, {'J10': 4, 'J11': 2, 'J12': 77, 'J13': 2, 'cluster3106249630_3106249631_J60_J61_#5more': 6}, 
3065.0, {'J10': np.float32(0.40333024), 'J11': np.float32(-0.0018501388), 'J12': np.float32(-0.19241443), 'J13': np.float32(-0.079555966), 'cluster3106249630_3106249631_J60_J61_#5more': np.float32(-0.10823312)}, {'J10': 3, 'J11': 2, 'J12': 21, 'J13': 1, 'cluster3106249630_3106249631_J60_J61_#5more': 4}, {'J10': 4, 'J11': 3, 'J12': 74, 'J13': 3, 'cluster3106249630_3106249631_J60_J61_#5more': 6}, 
3070.0, {'J10': np.float32(-0.051803887), 'J11': np.float32(-0.055504162), 'J12': np.float32(3.0), 'J13': np.float32(-0.1026827), 'cluster3106249630_3106249631_J60_J61_#5more': np.float32(-0.17946346)}, {'J10': 4, 'J11': 2, 'J12': 21, 'J13': 2, 'cluster3106249630_3106249631_J60_J61_#5more': 4}, {'J10': 4, 'J11': 3, 'J12': 73, 'J13': 5, 'cluster3106249630_3106249631_J60_J61_#5more': 9}, 
3075.0, {'J10': np.float32(-0.08140611), 'J11': np.float32(-0.067530066), 'J12': np.float32(-0.95374656), 'J13': np.float32(-0.0573543), 'cluster3106249630_3106249631_J60_J61_#5more': np.float32(-0.061979648)}, {'J10': 5, 'J11': 2, 'J12': 21, 'J13': 5, 'cluster3106249630_3106249631_J60_J61_#5more': 4}, {'J10': 5, 'J11': 4, 'J12': 77, 'J13': 9, 'cluster3106249630_3106249631_J60_J61_#5more': 6}, 
3080.0, {'J10': np.float32(-0.09250694), 'J11': np.float32(-0.0), 'J12': np.float32(-0.800185), 'J13': np.float32(0.26734504), 'cluster3106249630_3106249631_J60_J61_#5more': np.float32(-0.053654023)}, {'J10': 5, 'J11': 2, 'J12': 22, 'J13': 2, 'cluster3106249630_3106249631_J60_J61_#5more': 4}, {'J10': 5, 'J11': 2, 'J12': 80, 'J13': 6, 'cluster3106249630_3106249631_J60_J61_#5more': 6}, 
3085.0, {'J10': np.float32(-0.09343201), 'J11': np.float32(0.160037), 'J12': np.float32(-0.9454209), 'J13': np.float32(-0.01480111), 'cluster3106249630_3106249631_J60_J61_#5more': np.float32(-0.18778908)}, {'J10': 5, 'J11': 2, 'J12': 22, 'J13': 2, 'cluster3106249630_3106249631_J60_J61_#5more': 4}, {'J10': 5, 'J11': 3, 'J12': 78, 'J13': 4, 'cluster3106249630_3106249631_J60_J61_#5more': 9}, 
3090.0, {'J10': np.float32(-0.10175763), 'J11': np.float32(-0.053654023), 'J12': np.float32(-1.4431082), 'J13': np.float32(0.01480111), 'cluster3106249630_3106249631_J60_J61_#5more': np.float32(-0.2358927)}, {'J10': 5, 'J11': 2, 'J12': 22, 'J13': 2, 'cluster3106249630_3106249631_J60_J61_#5more': 7}, {'J10': 5, 'J11': 2, 'J12': 78, 'J13': 3, 'cluster3106249630_3106249631_J60_J61_#5more': 14}, 
3095.0, {'J10': np.float32(-0.10175763), 'J11': np.float32(0.16466235), 'J12': np.float32(-1.4736356), 'J13': np.float32(-0.09713229), 'cluster3106249630_3106249631_J60_J61_#5more': np.float32(0.5319149)}, {'J10': 5, 'J11': 2, 'J12': 22, 'J13': 8, 'cluster3106249630_3106249631_J60_J61_#5more': 4}, {'J10': 5, 'J11': 4, 'J12': 83, 'J13': 9, 'cluster3106249630_3106249631_J60_J61_#5more': 9}, 
3100.0, {'J10': np.float32(-0.10175763), 'J11': np.float32(-0.07770583), 'J12': np.float32(-1.5300647), 'J13': np.float32(-0.08140611), 'cluster3106249630_3106249631_J60_J61_#5more': np.float32(0.020351527)}, {'J10': 5, 'J11': 2, 'J12': 22, 'J13': 7, 'cluster3106249630_3106249631_J60_J61_#5more': 4}, {'J10': 5, 'J11': 4, 'J12': 83, 'J13': 7, 'cluster3106249630_3106249631_J60_J61_#5more': 5}, 
3105.0, {'J10': np.float32(-0.10175763), 'J11': np.float32(-0.052728955), 'J12': np.float32(1.160037), 'J13': np.float32(-0.10638298), 'cluster3106249630_3106249631_J60_J61_#5more': np.float32(-0.15448658)}, {'J10': 5, 'J11': 2, 'J12': 22, 'J13': 6, 'cluster3106249630_3106249631_J60_J61_#5more': 4}, {'J10': 5, 'J11': 4, 'J12': 78, 'J13': 8, 'cluster3106249630_3106249631_J60_J61_#5more': 7}, 
3110.0, {'J10': np.float32(-0.10175763), 'J11': np.float32(-0.13691027), 'J12': np.float32(-1.2969472), 'J13': np.float32(-0.1452359), 'cluster3106249630_3106249631_J60_J61_#5more': np.float32(0.39037928)}, {'J10': 5, 'J11': 5, 'J12': 22, 'J13': 9, 'cluster3106249630_3106249631_J60_J61_#5more': 4}, {'J10': 5, 'J11': 8, 'J12': 77, 'J13': 10, 'cluster3106249630_3106249631_J60_J61_#5more': 11}, 
3115.0, {'J10': np.float32(-0.10175763), 'J11': np.float32(0.17668825), 'J12': np.float32(-1.4338576), 'J13': np.float32(-0.2173913), 'cluster3106249630_3106249631_J60_J61_#5more': np.float32(0.59574467)}, {'J10': 5, 'J11': 3, 'J12': 22, 'J13': 13, 'cluster3106249630_3106249631_J60_J61_#5more': 6}, {'J10': 5, 'J11': 5, 'J12': 77, 'J13': 14, 'cluster3106249630_3106249631_J60_J61_#5more': 15}, 
3120.0, {'J10': np.float32(-0.10175763), 'J11': np.float32(-0.07030527), 'J12': np.float32(0.37557817), 'J13': np.float32(0.11840888), 'cluster3106249630_3106249631_J60_J61_#5more': np.float32(-0.3052729)}, {'J10': 5, 'J11': 2, 'J12': 22, 'J13': 12, 'cluster3106249630_3106249631_J60_J61_#5more': 7}, {'J10': 5, 'J11': 4, 'J12': 74, 'J13': 12, 'cluster3106249630_3106249631_J60_J61_#5more': 18}, 
3125.0, {'J10': np.float32(0.4014801), 'J11': np.float32(0.08788159), 'J12': np.float32(1.1517113), 'J13': np.float32(0.115633674), 'cluster3106249630_3106249631_J60_J61_#5more': np.float32(0.053654023)}, {'J10': 4, 'J11': 3, 'J12': 22, 'J13': 8, 'cluster3106249630_3106249631_J60_J61_#5more': 8}, {'J10': 5, 'J11': 5, 'J12': 72, 'J13': 8, 'cluster3106249630_3106249631_J60_J61_#5more': 22}, 
3130.0, {'J10': np.float32(0.37187788), 'J11': np.float32(0.016651249), 'J12': np.float32(0.960222), 'J13': np.float32(0.10915819), 'cluster3106249630_3106249631_J60_J61_#5more': np.float32(0.52358925)}, {'J10': 3, 'J11': 3, 'J12': 20, 'J13': 5, 'cluster3106249630_3106249631_J60_J61_#5more': 5}, {'J10': 3, 'J11': 5, 'J12': 68, 'J13': 5, 'cluster3106249630_3106249631_J60_J61_#5more': 10}, 
3135.0, {'J10': np.float32(-0.06012951), 'J11': np.float32(0.031452358), 'J12': np.float32(-0.7613321), 'J13': np.float32(-0.078630894), 'cluster3106249630_3106249631_J60_J61_#5more': np.float32(0.30249768)}, {'J10': 5, 'J11': 2, 'J12': 20, 'J13': 7, 'cluster3106249630_3106249631_J60_J61_#5more': 1}, {'J10': 5, 'J11': 3, 'J12': 68, 'J13': 8, 'cluster3106249630_3106249631_J60_J61_#5more': 1}, 
3140.0, {'J10': np.float32(-0.09250694), 'J11': np.float32(0.038852915), 'J12': np.float32(-0.50508785), 'J13': np.float32(0.062904716), 'cluster3106249630_3106249631_J60_J61_#5more': np.float32(-0.07770583)}, {'J10': 5, 'J11': 2, 'J12': 20, 'J13': 5, 'cluster3106249630_3106249631_J60_J61_#5more': 3}, {'J10': 5, 'J11': 3, 'J12': 65, 'J13': 6, 'cluster3106249630_3106249631_J60_J61_#5more': 6}, 
3145.0, {'J10': np.float32(-0.09250694), 'J11': np.float32(-0.03237743), 'J12': np.float32(-0.6641998), 'J13': np.float32(-0.052728955), 'cluster3106249630_3106249631_J60_J61_#5more': np.float32(-0.18871415)}, {'J10': 5, 'J11': 4, 'J12': 20, 'J13': 4, 'cluster3106249630_3106249631_J60_J61_#5more': 7}, {'J10': 5, 'J11': 5, 'J12': 67, 'J13': 4, 'cluster3106249630_3106249631_J60_J61_#5more': 11}, 
3150.0, {'J10': np.float32(-0.09250694), 'J11': np.float32(0.06567992), 'J12': np.float32(-1.1674376), 'J13': np.float32(-0.079555966), 'cluster3106249630_3106249631_J60_J61_#5more': np.float32(-0.08510638)}, {'J10': 5, 'J11': 1, 'J12': 20, 'J13': 5, 'cluster3106249630_3106249631_J60_J61_#5more': 6}, {'J10': 5, 'J11': 2, 'J12': 70, 'J13': 5, 'cluster3106249630_3106249631_J60_J61_#5more': 9}, 
3155.0, {'J10': np.float32(-0.09250694), 'J11': np.float32(-0.037927844), 'J12': np.float32(-0.506013), 'J13': np.float32(-0.09805735), 'cluster3106249630_3106249631_J60_J61_#5more': np.float32(-0.049953748)}, {'J10': 5, 'J11': 3, 'J12': 19, 'J13': 6, 'cluster3106249630_3106249631_J60_J61_#5more': 4}, {'J10': 5, 'J11': 3, 'J12': 70, 'J13': 6, 'cluster3106249630_3106249631_J60_J61_#5more': 6}, 
3160.0, {'J10': np.float32(-0.09250694), 'J11': np.float32(0.0009250694), 'J12': np.float32(0.67252547), 'J13': np.float32(-0.14153561), 'cluster3106249630_3106249631_J60_J61_#5more': np.float32(-0.011100832)}, {'J10': 5, 'J11': 1, 'J12': 18, 'J13': 10, 'cluster3106249630_3106249631_J60_J61_#5more': 3}, {'J10': 5, 'J11': 2, 'J12': 69, 'J13': 10, 'cluster3106249630_3106249631_J60_J61_#5more': 5}, 
3165.0, {'J10': np.float32(-0.09250694), 'J11': np.float32(-0.047178537), 'J12': np.float32(-0.7548566), 'J13': np.float32(-0.21276596), 'cluster3106249630_3106249631_J60_J61_#5more': np.float32(-0.14616096)}, {'J10': 5, 'J11': 3, 'J12': 18, 'J13': 11, 'cluster3106249630_3106249631_J60_J61_#5more': 3}, {'J10': 5, 'J11': 3, 'J12': 72, 'J13': 12, 'cluster3106249630_3106249631_J60_J61_#5more': 4}, 
3170.0, {'J10': np.float32(-0.09250694), 'J11': np.float32(0.06567992), 'J12': np.float32(-1.3654025), 'J13': np.float32(-0.1785384), 'cluster3106249630_3106249631_J60_J61_#5more': np.float32(-0.09343201)}, {'J10': 5, 'J11': 4, 'J12': 19, 'J13': 11, 'cluster3106249630_3106249631_J60_J61_#5more': 3}, {'J10': 5, 'J11': 6, 'J12': 78, 'J13': 11, 'cluster3106249630_3106249631_J60_J61_#5more': 6}, 
3175.0, {'J10': np.float32(-0.09250694), 'J11': np.float32(0.005550416), 'J12': np.float32(-1.306198), 'J13': np.float32(-0.20444034), 'cluster3106249630_3106249631_J60_J61_#5more': np.float32(0.24699353)}, {'J10': 5, 'J11': 3, 'J12': 21, 'J13': 11, 'cluster3106249630_3106249631_J60_J61_#5more': 6}, {'J10': 5, 'J11': 4, 'J12': 86, 'J13': 11, 'cluster3106249630_3106249631_J60_J61_#5more': 11}, 
3180.0, {'J10': np.float32(-0.09250694), 'J11': np.float32(-0.09713229), 'J12': np.float32(-1.5087881), 'J13': np.float32(0.6410731), 'cluster3106249630_3106249631_J60_J61_#5more': np.float32(-0.24329324)}, {'J10': 5, 'J11': 7, 'J12': 21, 'J13': 7, 'cluster3106249630_3106249631_J60_J61_#5more': 8}, {'J10': 5, 'J11': 10, 'J12': 85, 'J13': 7, 'cluster3106249630_3106249631_J60_J61_#5more': 13}, 
3185.0, {'J10': np.float32(0.8334875), 'J11': np.float32(0.019426458), 'J12': np.float32(3.0), 'J13': np.float32(0.25716928), 'cluster3106249630_3106249631_J60_J61_#5more': np.float32(-0.11378353)}, {'J10': 3, 'J11': 4, 'J12': 21, 'J13': 5, 'cluster3106249630_3106249631_J60_J61_#5more': 10}, {'J10': 4, 'J11': 8, 'J12': 77, 'J13': 5, 'cluster3106249630_3106249631_J60_J61_#5more': 13}, 
3190.0, {'J10': np.float32(-0.050878815), 'J11': np.float32(-0.020351527), 'J12': np.float32(3.0), 'J13': np.float32(-0.08880666), 'cluster3106249630_3106249631_J60_J61_#5more': np.float32(-0.023126734)}, {'J10': 3, 'J11': 2, 'J12': 21, 'J13': 5, 'cluster3106249630_3106249631_J60_J61_#5more': 6}, {'J10': 3, 'J11': 4, 'J12': 66, 'J13': 5, 'cluster3106249630_3106249631_J60_J61_#5more': 9}, 
3195.0, {'J10': np.float32(-0.05920444), 'J11': np.float32(-0.12765957), 'J12': np.float32(1.4893616), 'J13': np.float32(-0.11748381), 'cluster3106249630_3106249631_J60_J61_#5more': np.float32(-0.03422757)}, {'J10': 4, 'J11': 2, 'J12': 21, 'J13': 7, 'cluster3106249630_3106249631_J60_J61_#5more': 3}, {'J10': 4, 'J11': 4, 'J12': 68, 'J13': 7, 'cluster3106249630_3106249631_J60_J61_#5more': 6}, 
3200.0, {'J10': np.float32(-0.084181316), 'J11': np.float32(0.3228492), 'J12': np.float32(0.413506), 'J13': np.float32(-0.15171137), 'cluster3106249630_3106249631_J60_J61_#5more': np.float32(-0.17021276)}, {'J10': 5, 'J11': 2, 'J12': 21, 'J13': 8, 'cluster3106249630_3106249631_J60_J61_#5more': 6}, {'J10': 5, 'J11': 4, 'J12': 63, 'J13': 8, 'cluster3106249630_3106249631_J60_J61_#5more': 11}, 
3205.0, {'J10': np.float32(-0.10175763), 'J11': np.float32(-0.08233117), 'J12': np.float32(-0.5402405), 'J13': np.float32(0.002775208), 'cluster3106249630_3106249631_J60_J61_#5more': np.float32(-0.07770583)}, {'J10': 5, 'J11': 5, 'J12': 21, 'J13': 7, 'cluster3106249630_3106249631_J60_J61_#5more': 3}, {'J10': 5, 'J11': 9, 'J12': 60, 'J13': 7, 'cluster3106249630_3106249631_J60_J61_#5more': 10}, 
3210.0, {'J10': np.float32(-0.10175763), 'J11': np.float32(-0.111008324), 'J12': np.float32(-1.1137835), 'J13': np.float32(0.49398705), 'cluster3106249630_3106249631_J60_J61_#5more': np.float32(-0.22386679)}, {'J10': 5, 'J11': 5, 'J12': 21, 'J13': 4, 'cluster3106249630_3106249631_J60_J61_#5more': 6}, {'J10': 5, 'J11': 8, 'J12': 63, 'J13': 4, 'cluster3106249630_3106249631_J60_J61_#5more': 15}, 
3215.0, {'J10': np.float32(-0.10175763), 'J11': np.float32(-0.021276595), 'J12': np.float32(-0.613321), 'J13': np.float32(0.19981499), 'cluster3106249630_3106249631_J60_J61_#5more': np.float32(-0.24144311)}, {'J10': 5, 'J11': 4, 'J12': 21, 'J13': 2, 'cluster3106249630_3106249631_J60_J61_#5more': 8}, {'J10': 5, 'J11': 7, 'J12': 60, 'J13': 2, 'cluster3106249630_3106249631_J60_J61_#5more': 17}, 
3220.0, {'J10': np.float32(-0.10175763), 'J11': np.float32(-0.037002776), 'J12': np.float32(-1.0777059), 'J13': np.float32(0.1026827), 'cluster3106249630_3106249631_J60_J61_#5more': np.float32(-0.30989826)}, {'J10': 5, 'J11': 2, 'J12': 21, 'J13': 1, 'cluster3106249630_3106249631_J60_J61_#5more': 10}, {'J10': 5, 'J11': 6, 'J12': 60, 'J13': 1, 'cluster3106249630_3106249631_J60_J61_#5more': 19}, 
3225.0, {'J10': np.float32(0.5078631), 'J11': np.float32(0.035152636), 'J12': np.float32(-0.91211843), 'J13': np.float32(0.03422757), 'cluster3106249630_3106249631_J60_J61_#5more': np.float32(-0.18038853)}, {'J10': 4, 'J11': 2, 'J12': 21, 'J13': 2, 'cluster3106249630_3106249631_J60_J61_#5more': 8}, {'J10': 4, 'J11': 5, 'J12': 69, 'J13': 2, 'cluster3106249630_3106249631_J60_J61_#5more': 19}, 
3230.0, {'J10': np.float32(0.28029603), 'J11': np.float32(0.025901943), 'J12': np.float32(-0.8242368), 'J13': np.float32(-0.037002776), 'cluster3106249630_3106249631_J60_J61_#5more': np.float32(-0.15818687)}, {'J10': 3, 'J11': 2, 'J12': 21, 'J13': 2, 'cluster3106249630_3106249631_J60_J61_#5more': 6}, {'J10': 3, 'J11': 4, 'J12': 76, 'J13': 2, 'cluster3106249630_3106249631_J60_J61_#5more': 13}, 
3235.0, {'J10': np.float32(-0.07493062), 'J11': np.float32(0.08788159), 'J12': np.float32(-1.1702127), 'J13': np.float32(-0.053654023), 'cluster3106249630_3106249631_J60_J61_#5more': np.float32(-0.14616096)}, {'J10': 4, 'J11': 1, 'J12': 21, 'J13': 5, 'cluster3106249630_3106249631_J60_J61_#5more': 4}, {'J10': 5, 'J11': 3, 'J12': 79, 'J13': 5, 'cluster3106249630_3106249631_J60_J61_#5more': 15}, 
3240.0, {'J10': np.float32(-0.11008326), 'J11': np.float32(0.111008324), 'J12': np.float32(2.2321925), 'J13': np.float32(-0.1026827), 'cluster3106249630_3106249631_J60_J61_#5more': np.float32(-0.42090657)}, {'J10': 5, 'J11': 2, 'J12': 21, 'J13': 6, 'cluster3106249630_3106249631_J60_J61_#5more': 9}, {'J10': 6, 'J11': 2, 'J12': 74, 'J13': 6, 'cluster3106249630_3106249631_J60_J61_#5more': 25}, 
3245.0, {'J10': np.float32(-0.12025902), 'J11': np.float32(-0.021276595), 'J12': np.float32(1.6151712), 'J13': np.float32(0.031452358), 'cluster3106249630_3106249631_J60_J61_#5more': np.float32(-0.058279373)}, {'J10': 5, 'J11': 1, 'J12': 21, 'J13': 4, 'cluster3106249630_3106249631_J60_J61_#5more': 9}, {'J10': 6, 'J11': 2, 'J12': 67, 'J13': 4, 'cluster3106249630_3106249631_J60_J61_#5more': 23}, 
3250.0, {'J10': np.float32(-0.12025902), 'J11': np.float32(-0.002775208), 'J12': np.float32(1.7483811), 'J13': np.float32(-0.06382979), 'cluster3106249630_3106249631_J60_J61_#5more': np.float32(0.26827013)}, {'J10': 5, 'J11': 1, 'J12': 20, 'J13': 5, 'cluster3106249630_3106249631_J60_J61_#5more': 5}, {'J10': 6, 'J11': 2, 'J12': 63, 'J13': 5, 'cluster3106249630_3106249631_J60_J61_#5more': 12}, 
3255.0, {'J10': np.float32(-0.12025902), 'J11': np.float32(-0.021276595), 'J12': np.float32(2.0712304), 'J13': np.float32(-0.08140611), 'cluster3106249630_3106249631_J60_J61_#5more': np.float32(-0.111008324)}, {'J10': 5, 'J11': 2, 'J12': 20, 'J13': 5, 'cluster3106249630_3106249631_J60_J61_#5more': 4}, {'J10': 6, 'J11': 3, 'J12': 61, 'J13': 5, 'cluster3106249630_3106249631_J60_J61_#5more': 13}, 
3260.0, {'J10': np.float32(-0.12025902), 'J11': np.float32(-0.037927844), 'J12': np.float32(-1.1692877), 'J13': np.float32(-0.099907495), 'cluster3106249630_3106249631_J60_J61_#5more': np.float32(-0.39315447)}, {'J10': 5, 'J11': 2, 'J12': 20, 'J13': 7, 'cluster3106249630_3106249631_J60_J61_#5more': 8}, {'J10': 6, 'J11': 3, 'J12': 65, 'J13': 7, 'cluster3106249630_3106249631_J60_J61_#5more': 22}, 
3265.0, {'J10': np.float32(-0.12025902), 'J11': np.float32(0.04625347), 'J12': np.float32(-1.2617947), 'J13': np.float32(-0.15171137), 'cluster3106249630_3106249631_J60_J61_#5more': np.float32(-0.6105458)}, {'J10': 5, 'J11': 1, 'J12': 21, 'J13': 9, 'cluster3106249630_3106249631_J60_J61_#5more': 13}, {'J10': 6, 'J11': 2, 'J12': 71, 'J13': 9, 'cluster3106249630_3106249631_J60_J61_#5more': 33}, 
3270.0, {'J10': np.float32(-0.12025902), 'J11': np.float32(-0.018501388), 'J12': np.float32(0.012025902), 'J13': np.float32(0.24144311), 'cluster3106249630_3106249631_J60_J61_#5more': np.float32(-0.7816836)}, {'J10': 5, 'J11': 2, 'J12': 21, 'J13': 6, 'cluster3106249630_3106249631_J60_J61_#5more': 14}, {'J10': 6, 'J11': 3, 'J12': 73, 'J13': 6, 'cluster3106249630_3106249631_J60_J61_#5more': 39}, 
3275.0, {'J10': np.float32(-0.12488437), 'J11': np.float32(-0.055504162), 'J12': np.float32(1.6762257), 'J13': np.float32(0.22201665), 'cluster3106249630_3106249631_J60_J61_#5more': np.float32(-0.9000925)}, {'J10': 5, 'J11': 5, 'J12': 20, 'J13': 2, 'cluster3106249630_3106249631_J60_J61_#5more': 16}, {'J10': 6, 'J11': 6, 'J12': 69, 'J13': 3, 'cluster3106249630_3106249631_J60_J61_#5more': 44}, 
3280.0, {'J10': np.float32(-0.13691027), 'J11': np.float32(-0.1026827), 'J12': np.float32(-0.23311749), 'J13': np.float32(0.03422757), 'cluster3106249630_3106249631_J60_J61_#5more': np.float32(-0.320074)}, {'J10': 5, 'J11': 7, 'J12': 19, 'J13': 3, 'cluster3106249630_3106249631_J60_J61_#5more': 15}, {'J10': 7, 'J11': 8, 'J12': 74, 'J13': 3, 'cluster3106249630_3106249631_J60_J61_#5more': 39}, 
3285.0, {'J10': np.float32(-0.15356152), 'J11': np.float32(-0.1480111), 'J12': np.float32(0.071230344), 'J13': np.float32(-0.067530066), 'cluster3106249630_3106249631_J60_J61_#5more': np.float32(0.93524516)}, {'J10': 5, 'J11': 11, 'J12': 18, 'J13': 4, 'cluster3106249630_3106249631_J60_J61_#5more': 9}, {'J10': 7, 'J11': 12, 'J12': 74, 'J13': 5, 'cluster3106249630_3106249631_J60_J61_#5more': 21}, 
3290.0, {'J10': np.float32(0.7853839), 'J11': np.float32(0.037002776), 'J12': np.float32(1.1757631), 'J13': np.float32(-0.052728955), 'cluster3106249630_3106249631_J60_J61_#5more': np.float32(-0.19888991)}, {'J10': 4, 'J11': 11, 'J12': 16, 'J13': 3, 'cluster3106249630_3106249631_J60_J61_#5more': 9}, {'J10': 6, 'J11': 12, 'J12': 76, 'J13': 4, 'cluster3106249630_3106249631_J60_J61_#5more': 19}, 
3295.0, {'J10': np.float32(-0.123959295), 'J11': np.float32(-0.12765957), 'J12': np.float32(2.3913043), 'J13': np.float32(0.17021276), 'cluster3106249630_3106249631_J60_J61_#5more': np.float32(-0.5439408)}, {'J10': 4, 'J11': 9, 'J12': 14, 'J13': 1, 'cluster3106249630_3106249631_J60_J61_#5more': 11}, {'J10': 8, 'J11': 11, 'J12': 70, 'J13': 2, 'cluster3106249630_3106249631_J60_J61_#5more': 27}, 
3300.0, {'J10': np.float32(-0.16743755), 'J11': np.float32(-0.16281222), 'J12': np.float32(-0.96577245), 'J13': np.float32(0.015726179), 'cluster3106249630_3106249631_J60_J61_#5more': np.float32(-0.72987974)}, {'J10': 5, 'J11': 9, 'J12': 14, 'J13': 1, 'cluster3106249630_3106249631_J60_J61_#5more': 17}, {'J10': 10, 'J11': 10, 'J12': 66, 'J13': 1, 'cluster3106249630_3106249631_J60_J61_#5more': 40}, 
3305.0, {'J10': np.float32(-0.095282145), 'J11': np.float32(-0.2294172), 'J12': np.float32(-1.2497687), 'J13': np.float32(-0.025901943), 'cluster3106249630_3106249631_J60_J61_#5more': np.float32(-0.95189637)}, {'J10': 5, 'J11': 10, 'J12': 14, 'J13': 2, 'cluster3106249630_3106249631_J60_J61_#5more': 20}, {'J10': 8, 'J11': 13, 'J12': 69, 'J13': 3, 'cluster3106249630_3106249631_J60_J61_#5more': 46}, 
3310.0, {'J10': np.float32(-0.04625347), 'J11': np.float32(-0.18223867), 'J12': np.float32(-0.3691027), 'J13': np.float32(-0.056429233), 'cluster3106249630_3106249631_J60_J61_#5more': np.float32(-1.0647548)}, {'J10': 5, 'J11': 11, 'J12': 16, 'J13': 2, 'cluster3106249630_3106249631_J60_J61_#5more': 25}, {'J10': 6, 'J11': 13, 'J12': 66, 'J13': 4, 'cluster3106249630_3106249631_J60_J61_#5more': 52}, 
3315.0, {'J10': np.float32(-0.12025902), 'J11': np.float32(0.12488437), 'J12': np.float32(-0.12673451), 'J13': np.float32(0.020351527), 'cluster3106249630_3106249631_J60_J61_#5more': np.float32(0.010175764)}, {'J10': 5, 'J11': 9, 'J12': 20, 'J13': 2, 'cluster3106249630_3106249631_J60_J61_#5more': 25}, {'J10': 6, 'J11': 11, 'J12': 71, 'J13': 3, 'cluster3106249630_3106249631_J60_J61_#5more': 46}, 
3320.0, {'J10': np.float32(0.5439408), 'J11': np.float32(0.20166512), 'J12': np.float32(1.0925069), 'J13': np.float32(-0.0573543), 'cluster3106249630_3106249631_J60_J61_#5more': np.float32(0.62442183)}, {'J10': 4, 'J11': 7, 'J12': 18, 'J13': 2, 'cluster3106249630_3106249631_J60_J61_#5more': 27}, {'J10': 4, 'J11': 10, 'J12': 72, 'J13': 4, 'cluster3106249630_3106249631_J60_J61_#5more': 39}, 
3325.0, {'J10': np.float32(0.39037928), 'J11': np.float32(0.36632746), 'J12': np.float32(-1.1840888), 'J13': np.float32(-0.079555966), 'cluster3106249630_3106249631_J60_J61_#5more': np.float32(0.24144311)}, {'J10': 3, 'J11': 3, 'J12': 18, 'J13': 2, 'cluster3106249630_3106249631_J60_J61_#5more': 27}, {'J10': 5, 'J11': 7, 'J12': 76, 'J13': 5, 'cluster3106249630_3106249631_J60_J61_#5more': 30}, 
3330.0, {'J10': np.float32(-0.051803887), 'J11': np.float32(0.13413507), 'J12': np.float32(-1.1313598), 'J13': np.float32(-0.10915819), 'cluster3106249630_3106249631_J60_J61_#5more': np.float32(-0.0138760405)}, {'J10': 4, 'J11': 2, 'J12': 18, 'J13': 3, 'cluster3106249630_3106249631_J60_J61_#5more': 22}, {'J10': 4, 'J11': 3, 'J12': 78, 'J13': 6, 'cluster3106249630_3106249631_J60_J61_#5more': 25}, 
3335.0, {'J10': np.float32(-0.0906568), 'J11': np.float32(-0.07030527), 'J12': np.float32(-0.9509713), 'J13': np.float32(-0.12765957), 'cluster3106249630_3106249631_J60_J61_#5more': np.float32(-0.29509714)}, {'J10': 5, 'J11': 2, 'J12': 18, 'J13': 4, 'cluster3106249630_3106249631_J60_J61_#5more': 19}, {'J10': 6, 'J11': 3, 'J12': 77, 'J13': 8, 'cluster3106249630_3106249631_J60_J61_#5more': 22}, 
3340.0, {'J10': np.float32(-0.111008324), 'J11': np.float32(0.2719704), 'J12': np.float32(2.2238667), 'J13': np.float32(-0.16743755), 'cluster3106249630_3106249631_J60_J61_#5more': np.float32(-0.3617021)}, {'J10': 5, 'J11': 1, 'J12': 18, 'J13': 6, 'cluster3106249630_3106249631_J60_J61_#5more': 17}, {'J10': 6, 'J11': 1, 'J12': 72, 'J13': 10, 'cluster3106249630_3106249631_J60_J61_#5more': 20}, 
3345.0, {'J10': np.float32(-0.111008324), 'J11': np.float32(-0.0037002775), 'J12': np.float32(3.0), 'J13': np.float32(-0.21646623), 'cluster3106249630_3106249631_J60_J61_#5more': np.float32(-0.17298797)}, {'J10': 5, 'J11': 1, 'J12': 15, 'J13': 10, 'cluster3106249630_3106249631_J60_J61_#5more': 14}, {'J10': 6, 'J11': 1, 'J12': 61, 'J13': 14, 'cluster3106249630_3106249631_J60_J61_#5more': 17}, 
3350.0, {'J10': np.float32(-0.111008324), 'J11': np.float32(-0.0573543), 'J12': np.float32(0.62904716), 'J13': np.float32(0.44218317), 'cluster3106249630_3106249631_J60_J61_#5more': np.float32(-0.5652174)}, {'J10': 5, 'J11': 2, 'J12': 15, 'J13': 8, 'cluster3106249630_3106249631_J60_J61_#5more': 14}, {'J10': 6, 'J11': 3, 'J12': 63, 'J13': 9, 'cluster3106249630_3106249631_J60_J61_#5more': 18}, 
3355.0, {'J10': np.float32(-0.111008324), 'J11': np.float32(0.03237743), 'J12': np.float32(-1.1480111), 'J13': np.float32(0.24976873), 'cluster3106249630_3106249631_J60_J61_#5more': np.float32(-0.59666973)}, {'J10': 5, 'J11': 1, 'J12': 15, 'J13': 3, 'cluster3106249630_3106249631_J60_J61_#5more': 16}, {'J10': 6, 'J11': 2, 'J12': 62, 'J13': 3, 'cluster3106249630_3106249631_J60_J61_#5more': 21}, 
3360.0, {'J10': np.float32(-0.111008324), 'J11': np.float32(0.022201665), 'J12': np.float32(-1.1655874), 'J13': np.float32(-0.07215541), 'cluster3106249630_3106249631_J60_J61_#5more': np.float32(-0.6762257)}, {'J10': 5, 'J11': 1, 'J12': 15, 'J13': 5, 'cluster3106249630_3106249631_J60_J61_#5more': 21}, {'J10': 6, 'J11': 1, 'J12': 69, 'J13': 5, 'cluster3106249630_3106249631_J60_J61_#5more': 27}, 
3365.0, {'J10': np.float32(-0.11748381), 'J11': np.float32(-0.024976874), 'J12': np.float32(0.31082332), 'J13': np.float32(-0.1026827), 'cluster3106249630_3106249631_J60_J61_#5more': np.float32(-0.77428305)}, {'J10': 5, 'J11': 2, 'J12': 19, 'J13': 6, 'cluster3106249630_3106249631_J60_J61_#5more': 23}, {'J10': 7, 'J11': 3, 'J12': 73, 'J13': 6, 'cluster3106249630_3106249631_J60_J61_#5more': 29}, 
3370.0, {'J10': np.float32(-0.12950972), 'J11': np.float32(-0.04440333), 'J12': np.float32(0.23681776), 'J13': np.float32(-0.12025902), 'cluster3106249630_3106249631_J60_J61_#5more': np.float32(-0.82053655)}, {'J10': 5, 'J11': 2, 'J12': 18, 'J13': 6, 'cluster3106249630_3106249631_J60_J61_#5more': 24}, {'J10': 7, 'J11': 4, 'J12': 70, 'J13': 6, 'cluster3106249630_3106249631_J60_J61_#5more': 30}, 
3375.0, {'J10': np.float32(-0.1387604), 'J11': np.float32(-0.054579094), 'J12': np.float32(0.30897316), 'J13': np.float32(-0.123959295), 'cluster3106249630_3106249631_J60_J61_#5more': np.float32(-0.86586493)}, {'J10': 5, 'J11': 2, 'J12': 16, 'J13': 7, 'cluster3106249630_3106249631_J60_J61_#5more': 26}, {'J10': 7, 'J11': 3, 'J12': 64, 'J13': 7, 'cluster3106249630_3106249631_J60_J61_#5more': 35}, 
3380.0, {'J10': np.float32(-0.1387604), 'J11': np.float32(0.0009250694), 'J12': np.float32(-0.5670675), 'J13': np.float32(-0.1387604), 'cluster3106249630_3106249631_J60_J61_#5more': np.float32(-0.946346)}, {'J10': 5, 'J11': 2, 'J12': 15, 'J13': 7, 'cluster3106249630_3106249631_J60_J61_#5more': 26}, {'J10': 7, 'J11': 2, 'J12': 60, 'J13': 7, 'cluster3106249630_3106249631_J60_J61_#5more': 38}, 
3385.0, {'J10': np.float32(-0.11378353), 'J11': np.float32(-0.049028676), 'J12': np.float32(-0.852914), 'J13': np.float32(-0.15911193), 'cluster3106249630_3106249631_J60_J61_#5more': np.float32(-0.3117484)}, {'J10': 5, 'J11': 2, 'J12': 15, 'J13': 8, 'cluster3106249630_3106249631_J60_J61_#5more': 25}, {'J10': 8, 'J11': 5, 'J12': 63, 'J13': 10, 'cluster3106249630_3106249631_J60_J61_#5more': 37}, 
3390.0, {'J10': np.float32(-0.13413507), 'J11': np.float32(-0.027752081), 'J12': np.float32(-0.2358927), 'J13': np.float32(-0.19056429), 'cluster3106249630_3106249631_J60_J61_#5more': np.float32(0.9759482)}, {'J10': 5, 'J11': 2, 'J12': 15, 'J13': 8, 'cluster3106249630_3106249631_J60_J61_#5more': 20}, {'J10': 8, 'J11': 3, 'J12': 63, 'J13': 10, 'cluster3106249630_3106249631_J60_J61_#5more': 29}, 
3395.0, {'J10': np.float32(-0.12580943), 'J11': np.float32(-0.03422757), 'J12': np.float32(-0.22294173), 'J13': np.float32(0.3478261), 'cluster3106249630_3106249631_J60_J61_#5more': np.float32(-0.3691027)}, {'J10': 5, 'J11': 2, 'J12': 17, 'J13': 6, 'cluster3106249630_3106249631_J60_J61_#5more': 19}, {'J10': 7, 'J11': 2, 'J12': 65, 'J13': 6, 'cluster3106249630_3106249631_J60_J61_#5more': 26}, 
3400.0, {'J10': np.float32(-0.13320999), 'J11': np.float32(0.103607774), 'J12': np.float32(-0.3265495), 'J13': np.float32(0.60314524), 'cluster3106249630_3106249631_J60_J61_#5more': np.float32(-0.78630894)}, {'J10': 5, 'J11': 1, 'J12': 20, 'J13': 1, 'cluster3106249630_3106249631_J60_J61_#5more': 19}, {'J10': 7, 'J11': 2, 'J12': 65, 'J13': 1, 'cluster3106249630_3106249631_J60_J61_#5more': 26}, 
3405.0, {'J10': np.float32(-0.1387604), 'J11': np.float32(-0.012025902), 'J12': np.float32(-1.0138761), 'J13': np.float32(0.03052729), 'cluster3106249630_3106249631_J60_J61_#5more': np.float32(-0.79555964)}, {'J10': 5, 'J11': 1, 'J12': 20, 'J13': 0, 'cluster3106249630_3106249631_J60_J61_#5more': 19}, {'J10': 7, 'J11': 2, 'J12': 67, 'J13': 0, 'cluster3106249630_3106249631_J60_J61_#5more': 29}, 
3410.0, {'J10': np.float32(-0.1387604), 'J11': np.float32(-0.07400555), 'J12': np.float32(-1.2451434), 'J13': np.float32(0.04440333), 'cluster3106249630_3106249631_J60_J61_#5more': np.float32(-0.8686401)}, {'J10': 5, 'J11': 3, 'J12': 20, 'J13': 3, 'cluster3106249630_3106249631_J60_J61_#5more': 20}, {'J10': 7, 'J11': 6, 'J12': 68, 'J13': 3, 'cluster3106249630_3106249631_J60_J61_#5more': 33}, 
3415.0, {'J10': np.float32(-0.1387604), 'J11': np.float32(0.08788159), 'J12': np.float32(-1.2617947), 'J13': np.float32(-0.061979648), 'cluster3106249630_3106249631_J60_J61_#5more': np.float32(-0.9639223)}, {'J10': 5, 'J11': 3, 'J12': 20, 'J13': 4, 'cluster3106249630_3106249631_J60_J61_#5more': 27}, {'J10': 7, 'J11': 5, 'J12': 68, 'J13': 4, 'cluster3106249630_3106249631_J60_J61_#5more': 40}, 
3420.0, {'J10': np.float32(-0.1387604), 'J11': np.float32(-0.023126734), 'J12': np.float32(-1.254394), 'J13': np.float32(-0.08233117), 'cluster3106249630_3106249631_J60_J61_#5more': np.float32(-1.1267345)}, {'J10': 5, 'J11': 4, 'J12': 20, 'J13': 5, 'cluster3106249630_3106249631_J60_J61_#5more': 33}, {'J10': 7, 'J11': 6, 'J12': 68, 'J13': 6, 'cluster3106249630_3106249631_J60_J61_#5more': 49}, 
3425.0, {'J10': np.float32(-0.1387604), 'J11': np.float32(-0.15263645), 'J12': np.float32(1.8575393), 'J13': np.float32(-0.10915819), 'cluster3106249630_3106249631_J60_J61_#5more': np.float32(-1.2599444)}, {'J10': 5, 'J11': 7, 'J12': 20, 'J13': 5, 'cluster3106249630_3106249631_J60_J61_#5more': 34}, {'J10': 7, 'J11': 10, 'J12': 66, 'J13': 5, 'cluster3106249630_3106249631_J60_J61_#5more': 50}, 
3430.0, {'J10': np.float32(-0.1387604), 'J11': np.float32(0.010175764), 'J12': np.float32(-0.71322846), 'J13': np.float32(-0.11285847), 'cluster3106249630_3106249631_J60_J61_#5more': np.float32(-1.2858465)}, {'J10': 5, 'J11': 6, 'J12': 19, 'J13': 6, 'cluster3106249630_3106249631_J60_J61_#5more': 35}, {'J10': 7, 'J11': 7, 'J12': 68, 'J13': 6, 'cluster3106249630_3106249631_J60_J61_#5more': 53}, 
3435.0, {'J10': np.float32(-0.1387604), 'J11': np.float32(-0.09343201), 'J12': np.float32(-0.8501388), 'J13': np.float32(-0.13135985), 'cluster3106249630_3106249631_J60_J61_#5more': np.float32(-1.3533765)}, {'J10': 5, 'J11': 7, 'J12': 18, 'J13': 6, 'cluster3106249630_3106249631_J60_J61_#5more': 37}, {'J10': 7, 'J11': 8, 'J12': 73, 'J13': 6, 'cluster3106249630_3106249631_J60_J61_#5more': 56}, 
3440.0, {'J10': np.float32(-0.1387604), 'J11': np.float32(0.07770583), 'J12': np.float32(-0.57909346), 'J13': np.float32(0.084181316), 'cluster3106249630_3106249631_J60_J61_#5more': np.float32(-1.4162812)}, {'J10': 5, 'J11': 5, 'J12': 18, 'J13': 7, 'cluster3106249630_3106249631_J60_J61_#5more': 40}, {'J10': 7, 'J11': 6, 'J12': 75, 'J13': 7, 'cluster3106249630_3106249631_J60_J61_#5more': 60}, 
3445.0, {'J10': np.float32(-0.1387604), 'J11': np.float32(0.11285847), 'J12': np.float32(-0.5837188), 'J13': np.float32(-0.15263645), 'cluster3106249630_3106249631_J60_J61_#5more': np.float32(0.6743756)}, {'J10': 5, 'J11': 3, 'J12': 19, 'J13': 8, 'cluster3106249630_3106249631_J60_J61_#5more': 36}, {'J10': 7, 'J11': 5, 'J12': 77, 'J13': 9, 'cluster3106249630_3106249631_J60_J61_#5more': 54}, 
3450.0, {'J10': np.float32(1.9750232), 'J11': np.float32(0.08140611), 'J12': np.float32(-1.4486587), 'J13': np.float32(-0.21369103), 'cluster3106249630_3106249631_J60_J61_#5more': np.float32(0.60962075)}, {'J10': 3, 'J11': 2, 'J12': 19, 'J13': 12, 'cluster3106249630_3106249631_J60_J61_#5more': 33}, {'J10': 5, 'J11': 3, 'J12': 78, 'J13': 14, 'cluster3106249630_3106249631_J60_J61_#5more': 49}, 
3455.0, {'J10': np.float32(0.26456985), 'J11': np.float32(-0.026827011), 'J12': np.float32(-1.4643848), 'J13': np.float32(0.20629047), 'cluster3106249630_3106249631_J60_J61_#5more': np.float32(0.5670675)}, {'J10': 3, 'J11': 2, 'J12': 21, 'J13': 13, 'cluster3106249630_3106249631_J60_J61_#5more': 34}, {'J10': 4, 'J11': 4, 'J12': 83, 'J13': 13, 'cluster3106249630_3106249631_J60_J61_#5more': 47}, 
3460.0, {'J10': np.float32(-0.08880666), 'J11': np.float32(-0.111008324), 'J12': np.float32(-1.4218316), 'J13': np.float32(0.17113784), 'cluster3106249630_3106249631_J60_J61_#5more': np.float32(2.79926)}, {'J10': 5, 'J11': 2, 'J12': 22, 'J13': 9, 'cluster3106249630_3106249631_J60_J61_#5more': 32}, {'J10': 7, 'J11': 4, 'J12': 83, 'J13': 9, 'cluster3106249630_3106249631_J60_J61_#5more': 43}, 
3465.0, {'J10': np.float32(-0.1387604), 'J11': np.float32(0.24606845), 'J12': np.float32(-0.933395), 'J13': np.float32(-0.07030527), 'cluster3106249630_3106249631_J60_J61_#5more': np.float32(3.0)}, {'J10': 5, 'J11': 4, 'J12': 22, 'J13': 8, 'cluster3106249630_3106249631_J60_J61_#5more': 29}, {'J10': 7, 'J11': 4, 'J12': 81, 'J13': 9, 'cluster3106249630_3106249631_J60_J61_#5more': 39}, 
3470.0, {'J10': np.float32(-0.1480111), 'J11': np.float32(-0.08510638), 'J12': np.float32(-0.32377428), 'J13': np.float32(0.04347826), 'cluster3106249630_3106249631_J60_J61_#5more': np.float32(0.0009250694)}, {'J10': 5, 'J11': 5, 'J12': 22, 'J13': 6, 'cluster3106249630_3106249631_J60_J61_#5more': 24}, {'J10': 7, 'J11': 6, 'J12': 81, 'J13': 6, 'cluster3106249630_3106249631_J60_J61_#5more': 34}, 
3475.0, {'J10': np.float32(-0.1480111), 'J11': np.float32(-0.15541166), 'J12': np.float32(1.2821462), 'J13': np.float32(0.099907495), 'cluster3106249630_3106249631_J60_J61_#5more': np.float32(-0.002775208)}, {'J10': 5, 'J11': 11, 'J12': 20, 'J13': 4, 'cluster3106249630_3106249631_J60_J61_#5more': 19}, {'J10': 7, 'J11': 13, 'J12': 78, 'J13': 4, 'cluster3106249630_3106249631_J60_J61_#5more': 29}, 
3480.0, {'J10': np.float32(-0.1480111), 'J11': np.float32(-0.19148937), 'J12': np.float32(3.0), 'J13': np.float32(0.03052729), 'cluster3106249630_3106249631_J60_J61_#5more': np.float32(-0.0)}, {'J10': 5, 'J11': 12, 'J12': 20, 'J13': 4, 'cluster3106249630_3106249631_J60_J61_#5more': 14}, {'J10': 7, 'J11': 13, 'J12': 70, 'J13': 7, 'cluster3106249630_3106249631_J60_J61_#5more': 25}, 
3485.0, {'J10': np.float32(-0.1480111), 'J11': np.float32(-0.036077704), 'J12': np.float32(-0.839963), 'J13': np.float32(0.037002776), 'cluster3106249630_3106249631_J60_J61_#5more': np.float32(-0.493062)}, {'J10': 5, 'J11': 10, 'J12': 19, 'J13': 2, 'cluster3106249630_3106249631_J60_J61_#5more': 12}, {'J10': 7, 'J11': 11, 'J12': 71, 'J13': 4, 'cluster3106249630_3106249631_J60_J61_#5more': 23}, 
3490.0, {'J10': np.float32(-0.1480111), 'J11': np.float32(0.08233117), 'J12': np.float32(-1.3395004), 'J13': np.float32(0.1026827), 'cluster3106249630_3106249631_J60_J61_#5more': np.float32(-0.3348751)}, {'J10': 5, 'J11': 6, 'J12': 19, 'J13': 1, 'cluster3106249630_3106249631_J60_J61_#5more': 9}, {'J10': 7, 'J11': 8, 'J12': 74, 'J13': 2, 'cluster3106249630_3106249631_J60_J61_#5more': 20}, 
3495.0, {'J10': np.float32(-0.15078631), 'J11': np.float32(0.2812211), 'J12': np.float32(-0.58649397), 'J13': np.float32(0.10453284), 'cluster3106249630_3106249631_J60_J61_#5more': np.float32(-0.8011101)}, {'J10': 5, 'J11': 2, 'J12': 19, 'J13': 1, 'cluster3106249630_3106249631_J60_J61_#5more': 9}, {'J10': 7, 'J11': 2, 'J12': 76, 'J13': 3, 'cluster3106249630_3106249631_J60_J61_#5more': 20}, 
3500.0, {'J10': np.float32(-0.15171137), 'J11': np.float32(-0.07400555), 'J12': np.float32(2.1304348), 'J13': np.float32(-0.07030527), 'cluster3106249630_3106249631_J60_J61_#5more': np.float32(-0.82978725)}, {'J10': 5, 'J11': 2, 'J12': 19, 'J13': 1, 'cluster3106249630_3106249631_J60_J61_#5more': 12}, {'J10': 7, 'J11': 2, 'J12': 70, 'J13': 4, 'cluster3106249630_3106249631_J60_J61_#5more': 23}, 
3505.0, {'J10': np.float32(-0.15911193), 'J11': np.float32(0.13506013), 'J12': np.float32(2.9019427), 'J13': np.float32(-0.010175764), 'cluster3106249630_3106249631_J60_J61_#5more': np.float32(-0.92321926)}, {'J10': 5, 'J11': 1, 'J12': 20, 'J13': 3, 'cluster3106249630_3106249631_J60_J61_#5more': 18}, {'J10': 7, 'J11': 2, 'J12': 65, 'J13': 4, 'cluster3106249630_3106249631_J60_J61_#5more': 30}, 
3510.0, {'J10': np.float32(-0.16373728), 'J11': np.float32(0.049953748), 'J12': np.float32(-1.2081406), 'J13': np.float32(0.0573543), 'cluster3106249630_3106249631_J60_J61_#5more': np.float32(-0.7724329)}, {'J10': 5, 'J11': 1, 'J12': 20, 'J13': 2, 'cluster3106249630_3106249631_J60_J61_#5more': 25}, {'J10': 7, 'J11': 2, 'J12': 67, 'J13': 3, 'cluster3106249630_3106249631_J60_J61_#5more': 38}, 
3515.0, {'J10': np.float32(1.7937095), 'J11': np.float32(-0.010175764), 'J12': np.float32(1.3413506), 'J13': np.float32(-0.06012951), 'cluster3106249630_3106249631_J60_J61_#5more': np.float32(1.8945421)}, {'J10': 3, 'J11': 1, 'J12': 19, 'J13': 3, 'cluster3106249630_3106249631_J60_J61_#5more': 24}, {'J10': 5, 'J11': 1, 'J12': 70, 'J13': 4, 'cluster3106249630_3106249631_J60_J61_#5more': 36}, 
3520.0, {'J10': np.float32(0.15633672), 'J11': np.float32(0.0018501388), 'J12': np.float32(1.9047178), 'J13': np.float32(-0.049028676), 'cluster3106249630_3106249631_J60_J61_#5more': np.float32(0.020351527)}, {'J10': 3, 'J11': 1, 'J12': 20, 'J13': 2, 'cluster3106249630_3106249631_J60_J61_#5more': 24}, {'J10': 3, 'J11': 2, 'J12': 74, 'J13': 3, 'cluster3106249630_3106249631_J60_J61_#5more': 35}, 
3525.0, {'J10': np.float32(-0.06012951), 'J11': np.float32(-0.037927844), 'J12': np.float32(-0.6604995), 'J13': np.float32(-0.07678076), 'cluster3106249630_3106249631_J60_J61_#5more': np.float32(-0.25161886)}, {'J10': 5, 'J11': 2, 'J12': 20, 'J13': 4, 'cluster3106249630_3106249631_J60_J61_#5more': 20}, {'J10': 5, 'J11': 3, 'J12': 77, 'J13': 6, 'cluster3106249630_3106249631_J60_J61_#5more': 31}, 
3530.0, {'J10': np.float32(-0.09250694), 'J11': np.float32(-0.062904716), 'J12': np.float32(0.746531), 'J13': np.float32(-0.13968548), 'cluster3106249630_3106249631_J60_J61_#5more': np.float32(-0.5522664)}, {'J10': 5, 'J11': 2, 'J12': 20, 'J13': 7, 'cluster3106249630_3106249631_J60_J61_#5more': 17}, {'J10': 5, 'J11': 4, 'J12': 77, 'J13': 10, 'cluster3106249630_3106249631_J60_J61_#5more': 28}, 
3535.0, {'J10': np.float32(-0.095282145), 'J11': np.float32(-0.07308048), 'J12': np.float32(0.2173913), 'J13': np.float32(-0.2053654), 'cluster3106249630_3106249631_J60_J61_#5more': np.float32(-0.84458834)}, {'J10': 5, 'J11': 2, 'J12': 21, 'J13': 8, 'cluster3106249630_3106249631_J60_J61_#5more': 16}, {'J10': 5, 'J11': 5, 'J12': 76, 'J13': 11, 'cluster3106249630_3106249631_J60_J61_#5more': 27}, 
3540.0, {'J10': np.float32(-0.10175763), 'J11': np.float32(-0.10915819), 'J12': np.float32(-1.2164662), 'J13': np.float32(0.38205364), 'cluster3106249630_3106249631_J60_J61_#5more': np.float32(-0.5615171)}, {'J10': 5, 'J11': 5, 'J12': 22, 'J13': 4, 'cluster3106249630_3106249631_J60_J61_#5more': 13}, {'J10': 5, 'J11': 10, 'J12': 78, 'J13': 5, 'cluster3106249630_3106249631_J60_J61_#5more': 24}, 
3545.0, {'J10': np.float32(-0.103607774), 'J11': np.float32(-0.16558743), 'J12': np.float32(0.50878817), 'J13': np.float32(0.015726179), 'cluster3106249630_3106249631_J60_J61_#5more': np.float32(-0.6373728)}, {'J10': 5, 'J11': 5, 'J12': 20, 'J13': 2, 'cluster3106249630_3106249631_J60_J61_#5more': 11}, {'J10': 5, 'J11': 9, 'J12': 79, 'J13': 4, 'cluster3106249630_3106249631_J60_J61_#5more': 23}, 
3550.0, {'J10': np.float32(-0.111008324), 'J11': np.float32(-0.17298797), 'J12': np.float32(1.2062905), 'J13': np.float32(0.0573543), 'cluster3106249630_3106249631_J60_J61_#5more': np.float32(-0.9306198)}, {'J10': 5, 'J11': 6, 'J12': 19, 'J13': 2, 'cluster3106249630_3106249631_J60_J61_#5more': 11}, {'J10': 5, 'J11': 10, 'J12': 75, 'J13': 4, 'cluster3106249630_3106249631_J60_J61_#5more': 24}, 
3555.0, {'J10': np.float32(-0.111008324), 'J11': np.float32(-0.058279373), 'J12': np.float32(3.0), 'J13': np.float32(-0.07585569), 'cluster3106249630_3106249631_J60_J61_#5more': np.float32(-0.960222)}, {'J10': 5, 'J11': 7, 'J12': 17, 'J13': 4, 'cluster3106249630_3106249631_J60_J61_#5more': 14}, {'J10': 5, 'J11': 10, 'J12': 69, 'J13': 8, 'cluster3106249630_3106249631_J60_J61_#5more': 27}, 
3560.0, {'J10': np.float32(-0.111008324), 'J11': np.float32(0.15726179), 'J12': np.float32(-0.3080481), 'J13': np.float32(-0.1813136), 'cluster3106249630_3106249631_J60_J61_#5more': np.float32(-1.039778)}, {'J10': 5, 'J11': 5, 'J12': 17, 'J13': 5, 'cluster3106249630_3106249631_J60_J61_#5more': 21}, {'J10': 5, 'J11': 8, 'J12': 70, 'J13': 9, 'cluster3106249630_3106249631_J60_J61_#5more': 34}, 
3565.0, {'J10': np.float32(-0.12025902), 'J11': np.float32(0.2053654), 'J12': np.float32(-1.3450509), 'J13': np.float32(-0.21276596), 'cluster3106249630_3106249631_J60_J61_#5more': np.float32(-0.6114709)}, {'J10': 5, 'J11': 2, 'J12': 17, 'J13': 8, 'cluster3106249630_3106249631_J60_J61_#5more': 29}, {'J10': 5, 'J11': 4, 'J12': 72, 'J13': 13, 'cluster3106249630_3106249631_J60_J61_#5more': 42}, 
3570.0, {'J10': np.float32(-0.12025902), 'J11': np.float32(0.11378353), 'J12': np.float32(-1.4070306), 'J13': np.float32(0.002775208), 'cluster3106249630_3106249631_J60_J61_#5more': np.float32(-1.3163737)}, {'J10': 5, 'J11': 2, 'J12': 18, 'J13': 7, 'cluster3106249630_3106249631_J60_J61_#5more': 33}, {'J10': 5, 'J11': 2, 'J12': 77, 'J13': 11, 'cluster3106249630_3106249631_J60_J61_#5more': 48}, 
3575.0, {'J10': np.float32(-0.12025902), 'J11': np.float32(-0.03052729), 'J12': np.float32(0.8760407), 'J13': np.float32(0.22016652), 'cluster3106249630_3106249631_J60_J61_#5more': np.float32(-0.5439408)}, {'J10': 5, 'J11': 2, 'J12': 20, 'J13': 5, 'cluster3106249630_3106249631_J60_J61_#5more': 32}, {'J10': 5, 'J11': 3, 'J12': 76, 'J13': 7, 'cluster3106249630_3106249631_J60_J61_#5more': 46}, 
3580.0, {'J10': np.float32(0.9842738), 'J11': np.float32(-0.055504162), 'J12': np.float32(0.9972248), 'J13': np.float32(0.007400555), 'cluster3106249630_3106249631_J60_J61_#5more': np.float32(-0.27382055)}, {'J10': 4, 'J11': 2, 'J12': 20, 'J13': 4, 'cluster3106249630_3106249631_J60_J61_#5more': 29}, {'J10': 5, 'J11': 3, 'J12': 72, 'J13': 6, 'cluster3106249630_3106249631_J60_J61_#5more': 40}, 
3585.0, {'J10': np.float32(0.39407957), 'J11': np.float32(-0.055504162), 'J12': np.float32(-0.24976873), 'J13': np.float32(-0.16558743), 'cluster3106249630_3106249631_J60_J61_#5more': np.float32(-0.011100832)}, {'J10': 3, 'J11': 2, 'J12': 20, 'J13': 8, 'cluster3106249630_3106249631_J60_J61_#5more': 27}, {'J10': 3, 'J11': 3, 'J12': 70, 'J13': 11, 'cluster3106249630_3106249631_J60_J61_#5more': 38}, 
3590.0, {'J10': np.float32(-0.05920444), 'J11': np.float32(0.23959297), 'J12': np.float32(-1.0767808), 'J13': np.float32(-0.20629047), 'cluster3106249630_3106249631_J60_J61_#5more': np.float32(-0.613321)}, {'J10': 5, 'J11': 1, 'J12': 20, 'J13': 9, 'cluster3106249630_3106249631_J60_J61_#5more': 23}, {'J10': 5, 'J11': 1, 'J12': 70, 'J13': 13, 'cluster3106249630_3106249631_J60_J61_#5more': 34}, 
3595.0, {'J10': np.float32(-0.09250694), 'J11': np.float32(0.123034224), 'J12': np.float32(-1.372803), 'J13': np.float32(0.3922294), 'cluster3106249630_3106249631_J60_J61_#5more': np.float32(-0.8806661)}, {'J10': 5, 'J11': 1, 'J12': 20, 'J13': 6, 'cluster3106249630_3106249631_J60_J61_#5more': 21}, {'J10': 5, 'J11': 1, 'J12': 75, 'J13': 10, 'cluster3106249630_3106249631_J60_J61_#5more': 32}, 
3600.0, {'J10': np.float32(-0.09898242), 'J11': np.float32(-0.049953748), 'J12': np.float32(0.65402406), 'J13': np.float32(0.07493062), 'cluster3106249630_3106249631_J60_J61_#5more': np.float32(-1.1322849)}, {'J10': 5, 'J11': 3, 'J12': 20, 'J13': 5, 'cluster3106249630_3106249631_J60_J61_#5more': 21}, {'J10': 5, 'J11': 5, 'J12': 73, 'J13': 7, 'cluster3106249630_3106249631_J60_J61_#5more': 34}, 
3605.0, {'J10': np.float32(-0.10175763), 'J11': np.float32(-0.035152636), 'J12': np.float32(-1.1887141), 'J13': np.float32(-0.14893617), 'cluster3106249630_3106249631_J60_J61_#5more': np.float32(-0.6734505)}, {'J10': 5, 'J11': 3, 'J12': 20, 'J13': 8, 'cluster3106249630_3106249631_J60_J61_#5more': 19}, {'J10': 5, 'J11': 3, 'J12': 76, 'J13': 10, 'cluster3106249630_3106249631_J60_J61_#5more': 32}, 
3610.0, {'J10': np.float32(-0.10638298), 'J11': np.float32(-0.058279373), 'J12': np.float32(-1.107308), 'J13': np.float32(-0.19703978), 'cluster3106249630_3106249631_J60_J61_#5more': np.float32(-0.23774283)}, {'J10': 5, 'J11': 3, 'J12': 20, 'J13': 10, 'cluster3106249630_3106249631_J60_J61_#5more': 14}, {'J10': 5, 'J11': 3, 'J12': 80, 'J13': 12, 'cluster3106249630_3106249631_J60_J61_#5more': 27}, 
3615.0, {'J10': np.float32(-0.111008324), 'J11': np.float32(-0.058279373), 'J12': np.float32(-0.24606845), 'J13': np.float32(0.14708602), 'cluster3106249630_3106249631_J60_J61_#5more': np.float32(-0.6947271)}, {'J10': 5, 'J11': 4, 'J12': 19, 'J13': 8, 'cluster3106249630_3106249631_J60_J61_#5more': 12}, {'J10': 5, 'J11': 5, 'J12': 80, 'J13': 8, 'cluster3106249630_3106249631_J60_J61_#5more': 25}, 
3620.0, {'J10': np.float32(-0.111008324), 'J11': np.float32(0.10175763), 'J12': np.float32(1.1322849), 'J13': np.float32(-0.15263645), 'cluster3106249630_3106249631_J60_J61_#5more': np.float32(-0.386679)}, {'J10': 5, 'J11': 2, 'J12': 19, 'J13': 9, 'cluster3106249630_3106249631_J60_J61_#5more': 10}, {'J10': 5, 'J11': 2, 'J12': 75, 'J13': 9, 'cluster3106249630_3106249631_J60_J61_#5more': 21}, 
3625.0, {'J10': np.float32(-0.111008324), 'J11': np.float32(0.04347826), 'J12': np.float32(2.0989823), 'J13': np.float32(-0.16651249), 'cluster3106249630_3106249631_J60_J61_#5more': np.float32(-0.2173913)}, {'J10': 5, 'J11': 1, 'J12': 17, 'J13': 9, 'cluster3106249630_3106249631_J60_J61_#5more': 10}, {'J10': 5, 'J11': 1, 'J12': 70, 'J13': 9, 'cluster3106249630_3106249631_J60_J61_#5more': 17}, 
3630.0, {'J10': np.float32(-0.111008324), 'J11': np.float32(-0.017576318), 'J12': np.float32(-0.58741903), 'J13': np.float32(0.3228492), 'cluster3106249630_3106249631_J60_J61_#5more': np.float32(-0.15356152)}, {'J10': 5, 'J11': 1, 'J12': 17, 'J13': 7, 'cluster3106249630_3106249631_J60_J61_#5more': 10}, {'J10': 5, 'J11': 2, 'J12': 69, 'J13': 7, 'cluster3106249630_3106249631_J60_J61_#5more': 13}, 
3635.0, {'J10': np.float32(-0.111008324), 'J11': np.float32(-0.02867715), 'J12': np.float32(-0.42090657), 'J13': np.float32(0.3052729), 'cluster3106249630_3106249631_J60_J61_#5more': np.float32(-0.80481035)}, {'J10': 5, 'J11': 1, 'J12': 17, 'J13': 3, 'cluster3106249630_3106249631_J60_J61_#5more': 10}, {'J10': 5, 'J11': 2, 'J12': 69, 'J13': 3, 'cluster3106249630_3106249631_J60_J61_#5more': 13}, 
3640.0, {'J10': np.float32(-0.111008324), 'J11': np.float32(-0.035152636), 'J12': np.float32(1.0138761), 'J13': np.float32(0.15448658), 'cluster3106249630_3106249631_J60_J61_#5more': np.float32(-0.81406105)}, {'J10': 5, 'J11': 1, 'J12': 20, 'J13': 1, 'cluster3106249630_3106249631_J60_J61_#5more': 10}, {'J10': 5, 'J11': 2, 'J12': 73, 'J13': 2, 'cluster3106249630_3106249631_J60_J61_#5more': 13}, 
3645.0, {'J10': np.float32(0.73358), 'J11': np.float32(0.07585569), 'J12': np.float32(0.99167436), 'J13': np.float32(0.024976874), 'cluster3106249630_3106249631_J60_J61_#5more': np.float32(-0.8159112)}, {'J10': 4, 'J11': 1, 'J12': 20, 'J13': 1, 'cluster3106249630_3106249631_J60_J61_#5more': 10}, {'J10': 4, 'J11': 1, 'J12': 70, 'J13': 1, 'cluster3106249630_3106249631_J60_J61_#5more': 14}, 
3650.0, {'J10': np.float32(0.3922294), 'J11': np.float32(-0.02960222), 'J12': np.float32(1.040703), 'J13': np.float32(-0.018501388), 'cluster3106249630_3106249631_J60_J61_#5more': np.float32(-0.8122109)}, {'J10': 3, 'J11': 1, 'J12': 20, 'J13': 1, 'cluster3106249630_3106249631_J60_J61_#5more': 10}, {'J10': 3, 'J11': 1, 'J12': 71, 'J13': 1, 'cluster3106249630_3106249631_J60_J61_#5more': 13}, 
3655.0, {'J10': np.float32(-0.06012951), 'J11': np.float32(-0.009250694), 'J12': np.float32(-0.67807585), 'J13': np.float32(-0.018501388), 'cluster3106249630_3106249631_J60_J61_#5more': np.float32(-0.81406105)}, {'J10': 5, 'J11': 1, 'J12': 20, 'J13': 1, 'cluster3106249630_3106249631_J60_J61_#5more': 10}, {'J10': 5, 'J11': 1, 'J12': 69, 'J13': 1, 'cluster3106249630_3106249631_J60_J61_#5more': 13}, 
3660.0, {'J10': np.float32(-0.09250694), 'J11': np.float32(-0.027752081), 'J12': np.float32(-1.2765957), 'J13': np.float32(-0.024051804), 'cluster3106249630_3106249631_J60_J61_#5more': np.float32(-0.81406105)}, {'J10': 5, 'J11': 1, 'J12': 20, 'J13': 1, 'cluster3106249630_3106249631_J60_J61_#5more': 10}, {'J10': 5, 'J11': 1, 'J12': 69, 'J13': 1, 'cluster3106249630_3106249631_J60_J61_#5more': 13}, 
3665.0, {'J10': np.float32(-0.09250694), 'J11': np.float32(-0.006475486), 'J12': np.float32(-1.2775208), 'J13': np.float32(-0.03422757), 'cluster3106249630_3106249631_J60_J61_#5more': np.float32(0.066604994)}, {'J10': 5, 'J11': 1, 'J12': 20, 'J13': 1, 'cluster3106249630_3106249631_J60_J61_#5more': 10}, {'J10': 5, 'J11': 1, 'J12': 69, 'J13': 1, 'cluster3106249630_3106249631_J60_J61_#5more': 13}, 
3670.0, {'J10': np.float32(-0.09713229), 'J11': np.float32(-0.018501388), 'J12': np.float32(0.90286773), 'J13': np.float32(0.002775208), 'cluster3106249630_3106249631_J60_J61_#5more': np.float32(-0.80481035)}, {'J10': 5, 'J11': 1, 'J12': 18, 'J13': 1, 'cluster3106249630_3106249631_J60_J61_#5more': 10}, {'J10': 5, 'J11': 1, 'J12': 66, 'J13': 1, 'cluster3106249630_3106249631_J60_J61_#5more': 13}, 
3675.0, {'J10': np.float32(-0.10175763), 'J11': np.float32(-0.018501388), 'J12': np.float32(-1.0536541), 'J13': np.float32(-0.026827011), 'cluster3106249630_3106249631_J60_J61_#5more': np.float32(-0.80481035)}, {'J10': 5, 'J11': 1, 'J12': 18, 'J13': 1, 'cluster3106249630_3106249631_J60_J61_#5more': 10}, {'J10': 5, 'J11': 1, 'J12': 64, 'J13': 1, 'cluster3106249630_3106249631_J60_J61_#5more': 13}, 
3680.0, {'J10': np.float32(-0.10175763), 'J11': np.float32(-0.022201665), 'J12': np.float32(0.99907494), 'J13': np.float32(-0.027752081), 'cluster3106249630_3106249631_J60_J61_#5more': np.float32(-0.80481035)}, {'J10': 5, 'J11': 1, 'J12': 16, 'J13': 1, 'cluster3106249630_3106249631_J60_J61_#5more': 10}, {'J10': 5, 'J11': 1, 'J12': 61, 'J13': 1, 'cluster3106249630_3106249631_J60_J61_#5more': 13}, 
3685.0, {'J10': np.float32(-0.10175763), 'J11': np.float32(-0.035152636), 'J12': np.float32(0.123034224), 'J13': np.float32(-0.027752081), 'cluster3106249630_3106249631_J60_J61_#5more': np.float32(-0.80481035)}, {'J10': 5, 'J11': 1, 'J12': 16, 'J13': 1, 'cluster3106249630_3106249631_J60_J61_#5more': 10}, {'J10': 5, 'J11': 1, 'J12': 61, 'J13': 1, 'cluster3106249630_3106249631_J60_J61_#5more': 13}, 
3690.0, {'J10': np.float32(-0.1026827), 'J11': np.float32(-0.037002776), 'J12': np.float32(0.78075856), 'J13': np.float32(-0.027752081), 'cluster3106249630_3106249631_J60_J61_#5more': np.float32(-0.80481035)}, {'J10': 5, 'J11': 1, 'J12': 16, 'J13': 1, 'cluster3106249630_3106249631_J60_J61_#5more': 10}, {'J10': 5, 'J11': 1, 'J12': 60, 'J13': 1, 'cluster3106249630_3106249631_J60_J61_#5more': 13}, 
3695.0, {'J10': np.float32(-0.107308045), 'J11': np.float32(-0.037002776), 'J12': np.float32(0.3922294), 'J13': np.float32(0.22294173), 'cluster3106249630_3106249631_J60_J61_#5more': np.float32(-0.81128585)}, {'J10': 5, 'J11': 1, 'J12': 16, 'J13': 0, 'cluster3106249630_3106249631_J60_J61_#5more': 11}, {'J10': 5, 'J11': 1, 'J12': 60, 'J13': 0, 'cluster3106249630_3106249631_J60_J61_#5more': 14}, 
3700.0, {'J10': np.float32(-0.1026827), 'J11': np.float32(0.30619797), 'J12': np.float32(-0.51803887), 'J13': np.float32(-0.0), 'cluster3106249630_3106249631_J60_J61_#5more': np.float32(-0.82331175)}, {'J10': 5, 'J11': 0, 'J12': 16, 'J13': 0, 'cluster3106249630_3106249631_J60_J61_#5more': 11}, {'J10': 5, 'J11': 0, 'J12': 58, 'J13': 0, 'cluster3106249630_3106249631_J60_J61_#5more': 14}, 
3705.0, {'J10': np.float32(-0.111008324), 'J11': np.float32(-0.0), 'J12': np.float32(2.5587418), 'J13': np.float32(-0.0), 'cluster3106249630_3106249631_J60_J61_#5more': np.float32(-0.8242368)}, {'J10': 5, 'J11': 0, 'J12': 13, 'J13': 0, 'cluster3106249630_3106249631_J60_J61_#5more': 11}, {'J10': 5, 'J11': 0, 'J12': 53, 'J13': 0, 'cluster3106249630_3106249631_J60_J61_#5more': 14}, 
3710.0, {'J10': np.float32(0.6790009), 'J11': np.float32(-0.0), 'J12': np.float32(-1.012951), 'J13': np.float32(-0.0037002775), 'cluster3106249630_3106249631_J60_J61_#5more': np.float32(-0.8251619)}, {'J10': 4, 'J11': 0, 'J12': 13, 'J13': 1, 'cluster3106249630_3106249631_J60_J61_#5more': 12}, {'J10': 4, 'J11': 0, 'J12': 60, 'J13': 1, 'cluster3106249630_3106249631_J60_J61_#5more': 15}, 
3715.0, {'J10': np.float32(0.39130434), 'J11': np.float32(-0.0), 'J12': np.float32(-1.0092506), 'J13': np.float32(-0.018501388), 'cluster3106249630_3106249631_J60_J61_#5more': np.float32(-0.84181315)}, {'J10': 3, 'J11': 0, 'J12': 16, 'J13': 1, 'cluster3106249630_3106249631_J60_J61_#5more': 12}, {'J10': 3, 'J11': 0, 'J12': 66, 'J13': 1, 'cluster3106249630_3106249631_J60_J61_#5more': 15}, 
3720.0, {'J10': np.float32(-0.05920444), 'J11': np.float32(-0.0), 'J12': np.float32(-0.84458834), 'J13': np.float32(-0.018501388), 'cluster3106249630_3106249631_J60_J61_#5more': np.float32(-0.84181315)}, {'J10': 5, 'J11': 0, 'J12': 19, 'J13': 1, 'cluster3106249630_3106249631_J60_J61_#5more': 12}, {'J10': 5, 'J11': 0, 'J12': 69, 'J13': 1, 'cluster3106249630_3106249631_J60_J61_#5more': 15}, 
3725.0, {'J10': np.float32(-0.09250694), 'J11': np.float32(-0.0), 'J12': np.float32(-1.2784458), 'J13': np.float32(-0.023126734), 'cluster3106249630_3106249631_J60_J61_#5more': np.float32(-0.84181315)}, {'J10': 5, 'J11': 0, 'J12': 19, 'J13': 1, 'cluster3106249630_3106249631_J60_J61_#5more': 12}, {'J10': 5, 'J11': 0, 'J12': 69, 'J13': 1, 'cluster3106249630_3106249631_J60_J61_#5more': 15}, 
3730.0, {'J10': np.float32(-0.09250694), 'J11': np.float32(-0.0), 'J12': np.float32(0.88621646), 'J13': np.float32(-0.0138760405), 'cluster3106249630_3106249631_J60_J61_#5more': np.float32(-0.28214616)}, {'J10': 5, 'J11': 0, 'J12': 19, 'J13': 1, 'cluster3106249630_3106249631_J60_J61_#5more': 12}, {'J10': 5, 'J11': 0, 'J12': 67, 'J13': 1, 'cluster3106249630_3106249631_J60_J61_#5more': 15}, 
3735.0, {'J10': np.float32(-0.09250694), 'J11': np.float32(-0.0), 'J12': np.float32(-1.239593), 'J13': np.float32(-0.018501388), 'cluster3106249630_3106249631_J60_J61_#5more': np.float32(-0.83256245)}, {'J10': 5, 'J11': 0, 'J12': 19, 'J13': 1, 'cluster3106249630_3106249631_J60_J61_#5more': 12}, {'J10': 5, 'J11': 0, 'J12': 67, 'J13': 1, 'cluster3106249630_3106249631_J60_J61_#5more': 15}, 
3740.0, {'J10': np.float32(-0.09250694), 'J11': np.float32(-0.0), 'J12': np.float32(1.4819611), 'J13': np.float32(-0.018501388), 'cluster3106249630_3106249631_J60_J61_#5more': np.float32(-0.83256245)}, {'J10': 5, 'J11': 0, 'J12': 19, 'J13': 1, 'cluster3106249630_3106249631_J60_J61_#5more': 12}, {'J10': 5, 'J11': 0, 'J12': 69, 'J13': 1, 'cluster3106249630_3106249631_J60_J61_#5more': 15}, 
3745.0, {'J10': np.float32(-0.09250694), 'J11': np.float32(-0.0), 'J12': np.float32(-1.281221), 'J13': np.float32(-0.018501388), 'cluster3106249630_3106249631_J60_J61_#5more': np.float32(-0.83256245)}, {'J10': 5, 'J11': 0, 'J12': 19, 'J13': 1, 'cluster3106249630_3106249631_J60_J61_#5more': 12}, {'J10': 5, 'J11': 0, 'J12': 72, 'J13': 1, 'cluster3106249630_3106249631_J60_J61_#5more': 15}, 
3750.0, {'J10': np.float32(-0.09250694), 'J11': np.float32(-0.0), 'J12': np.float32(0.43755782), 'J13': np.float32(-0.018501388), 'cluster3106249630_3106249631_J60_J61_#5more': np.float32(-0.83256245)}, {'J10': 5, 'J11': 0, 'J12': 19, 'J13': 1, 'cluster3106249630_3106249631_J60_J61_#5more': 12}, {'J10': 5, 'J11': 0, 'J12': 68, 'J13': 1, 'cluster3106249630_3106249631_J60_J61_#5more': 15}, 
3755.0, {'J10': np.float32(-0.09250694), 'J11': np.float32(-0.004625347), 'J12': np.float32(-0.69380206), 'J13': np.float32(-0.018501388), 'cluster3106249630_3106249631_J60_J61_#5more': np.float32(-0.83811283)}, {'J10': 5, 'J11': 0, 'J12': 19, 'J13': 1, 'cluster3106249630_3106249631_J60_J61_#5more': 13}, {'J10': 5, 'J11': 0, 'J12': 67, 'J13': 1, 'cluster3106249630_3106249631_J60_J61_#5more': 16}, 
3760.0, {'J10': np.float32(-0.09250694), 'J11': np.float32(-0.009250694), 'J12': np.float32(-0.39962998), 'J13': np.float32(-0.018501388), 'cluster3106249630_3106249631_J60_J61_#5more': np.float32(-0.85106385)}, {'J10': 5, 'J11': 0, 'J12': 19, 'J13': 1, 'cluster3106249630_3106249631_J60_J61_#5more': 13}, {'J10': 5, 'J11': 0, 'J12': 66, 'J13': 1, 'cluster3106249630_3106249631_J60_J61_#5more': 16}, 
3765.0, {'J10': np.float32(-0.09250694), 'J11': np.float32(0.0138760405), 'J12': np.float32(-0.94079554), 'J13': np.float32(-0.018501388), 'cluster3106249630_3106249631_J60_J61_#5more': np.float32(3.0)}, {'J10': 5, 'J11': 0, 'J12': 19, 'J13': 1, 'cluster3106249630_3106249631_J60_J61_#5more': 13}, {'J10': 5, 'J11': 0, 'J12': 65, 'J13': 1, 'cluster3106249630_3106249631_J60_J61_#5more': 16}, 
3770.0, {'J10': np.float32(-0.09250694), 'J11': np.float32(-0.0), 'J12': np.float32(3.0), 'J13': np.float32(-0.018501388), 'cluster3106249630_3106249631_J60_J61_#5more': np.float32(-0.2506938)}, {'J10': 5, 'J11': 0, 'J12': 19, 'J13': 1, 'cluster3106249630_3106249631_J60_J61_#5more': 13}, {'J10': 5, 'J11': 0, 'J12': 59, 'J13': 1, 'cluster3106249630_3106249631_J60_J61_#5more': 16}, 
3775.0, {'J10': np.float32(0.5929695), 'J11': np.float32(-0.0), 'J12': np.float32(1.5966698), 'J13': np.float32(-0.018501388), 'cluster3106249630_3106249631_J60_J61_#5more': np.float32(1.653099)}, {'J10': 4, 'J11': 0, 'J12': 19, 'J13': 1, 'cluster3106249630_3106249631_J60_J61_#5more': 13}, {'J10': 4, 'J11': 0, 'J12': 59, 'J13': 1, 'cluster3106249630_3106249631_J60_J61_#5more': 16}, 
3780.0, {'J10': np.float32(0.3922294), 'J11': np.float32(-0.0), 'J12': np.float32(-0.77613324), 'J13': np.float32(-0.018501388), 'cluster3106249630_3106249631_J60_J61_#5more': np.float32(-0.8057354)}, {'J10': 3, 'J11': 0, 'J12': 19, 'J13': 1, 'cluster3106249630_3106249631_J60_J61_#5more': 14}, {'J10': 3, 'J11': 0, 'J12': 60, 'J13': 1, 'cluster3106249630_3106249631_J60_J61_#5more': 17}, 
3785.0, {'J10': np.float32(-0.06012951), 'J11': np.float32(-0.0), 'J12': np.float32(-1.1424607), 'J13': np.float32(-0.018501388), 'cluster3106249630_3106249631_J60_J61_#5more': np.float32(-0.827012)}, {'J10': 5, 'J11': 0, 'J12': 19, 'J13': 1, 'cluster3106249630_3106249631_J60_J61_#5more': 14}, {'J10': 5, 'J11': 0, 'J12': 63, 'J13': 1, 'cluster3106249630_3106249631_J60_J61_#5more': 17}, 
3790.0, {'J10': np.float32(-0.09250694), 'J11': np.float32(-0.0), 'J12': np.float32(-0.12765957), 'J13': np.float32(-0.025901943), 'cluster3106249630_3106249631_J60_J61_#5more': np.float32(-0.8316374)}, {'J10': 5, 'J11': 0, 'J12': 19, 'J13': 2, 'cluster3106249630_3106249631_J60_J61_#5more': 14}, {'J10': 5, 'J11': 0, 'J12': 65, 'J13': 2, 'cluster3106249630_3106249631_J60_J61_#5more': 17}, 
3795.0, {'J10': np.float32(-0.09250694), 'J11': np.float32(-0.0), 'J12': np.float32(-0.14338575), 'J13': np.float32(-0.037002776), 'cluster3106249630_3106249631_J60_J61_#5more': np.float32(-0.8334875)}, {'J10': 5, 'J11': 0, 'J12': 19, 'J13': 2, 'cluster3106249630_3106249631_J60_J61_#5more': 14}, {'J10': 5, 'J11': 0, 'J12': 64, 'J13': 2, 'cluster3106249630_3106249631_J60_J61_#5more': 17}, 
3800.0, {'J10': np.float32(-0.09250694), 'J11': np.float32(-0.011100832), 'J12': np.float32(-1.1924144), 'J13': np.float32(0.3441258), 'cluster3106249630_3106249631_J60_J61_#5more': np.float32(-0.8344126)}, {'J10': 5, 'J11': 2, 'J12': 19, 'J13': 0, 'cluster3106249630_3106249631_J60_J61_#5more': 14}, {'J10': 5, 'J11': 2, 'J12': 64, 'J13': 0, 'cluster3106249630_3106249631_J60_J61_#5more': 17}, 
3805.0, {'J10': np.float32(-0.09250694), 'J11': np.float32(-0.04625347), 'J12': np.float32(-0.9306198), 'J13': np.float32(-0.0), 'cluster3106249630_3106249631_J60_J61_#5more': np.float32(-0.28214616)}, {'J10': 5, 'J11': 3, 'J12': 19, 'J13': 0, 'cluster3106249630_3106249631_J60_J61_#5more': 14}, {'J10': 5, 'J11': 3, 'J12': 64, 'J13': 0, 'cluster3106249630_3106249631_J60_J61_#5more': 17}, 
3810.0, {'J10': np.float32(-0.09250694), 'J11': np.float32(-0.055504162), 'J12': np.float32(-0.9241443), 'J13': np.float32(-0.0), 'cluster3106249630_3106249631_J60_J61_#5more': np.float32(-0.83256245)}, {'J10': 5, 'J11': 3, 'J12': 19, 'J13': 0, 'cluster3106249630_3106249631_J60_J61_#5more': 14}, {'J10': 5, 'J11': 3, 'J12': 66, 'J13': 0, 'cluster3106249630_3106249631_J60_J61_#5more': 17}, 
3815.0, {'J10': np.float32(-0.09250694), 'J11': np.float32(0.066604994), 'J12': np.float32(1.0860314), 'J13': np.float32(-0.002775208), 'cluster3106249630_3106249631_J60_J61_#5more': np.float32(0.6438483)}, {'J10': 5, 'J11': 1, 'J12': 19, 'J13': 1, 'cluster3106249630_3106249631_J60_J61_#5more': 14}, {'J10': 5, 'J11': 1, 'J12': 63, 'J13': 1, 'cluster3106249630_3106249631_J60_J61_#5more': 17}, 
3820.0, {'J10': np.float32(-0.09250694), 'J11': np.float32(0.04625347), 'J12': np.float32(-0.08880666), 'J13': np.float32(-0.021276595), 'cluster3106249630_3106249631_J60_J61_#5more': np.float32(3.0)}, {'J10': 5, 'J11': 0, 'J12': 19, 'J13': 1, 'cluster3106249630_3106249631_J60_J61_#5more': 14}, {'J10': 5, 'J11': 0, 'J12': 63, 'J13': 1, 'cluster3106249630_3106249631_J60_J61_#5more': 17}, 
3825.0, {'J10': np.float32(-0.09250694), 'J11': np.float32(-0.004625347), 'J12': np.float32(-0.8492137), 'J13': np.float32(-0.015726179), 'cluster3106249630_3106249631_J60_J61_#5more': np.float32(1.5827937)}, {'J10': 5, 'J11': 1, 'J12': 19, 'J13': 1, 'cluster3106249630_3106249631_J60_J61_#5more': 14}, {'J10': 5, 'J11': 1, 'J12': 62, 'J13': 1, 'cluster3106249630_3106249631_J60_J61_#5more': 17}, 
3830.0, {'J10': np.float32(-0.09250694), 'J11': np.float32(-0.027752081), 'J12': np.float32(-1.1572618), 'J13': np.float32(-0.018501388), 'cluster3106249630_3106249631_J60_J61_#5more': np.float32(3.0)}, {'J10': 5, 'J11': 3, 'J12': 19, 'J13': 1, 'cluster3106249630_3106249631_J60_J61_#5more': 12}, {'J10': 5, 'J11': 3, 'J12': 64, 'J13': 1, 'cluster3106249630_3106249631_J60_J61_#5more': 15}, 
3835.0, {'J10': np.float32(-0.09250694), 'J11': np.float32(-0.055504162), 'J12': np.float32(-0.8362627), 'J13': np.float32(0.058279373), 'cluster3106249630_3106249631_J60_J61_#5more': np.float32(-0.6207216)}, {'J10': 5, 'J11': 3, 'J12': 19, 'J13': 0, 'cluster3106249630_3106249631_J60_J61_#5more': 12}, {'J10': 5, 'J11': 3, 'J12': 65, 'J13': 0, 'cluster3106249630_3106249631_J60_J61_#5more': 15}, 
3840.0, {'J10': np.float32(0.5929695), 'J11': np.float32(0.047178537), 'J12': np.float32(1.2007401), 'J13': np.float32(-0.004625347), 'cluster3106249630_3106249631_J60_J61_#5more': np.float32(2.651249)}, {'J10': 4, 'J11': 1, 'J12': 15, 'J13': 1, 'cluster3106249630_3106249631_J60_J61_#5more': 10}, {'J10': 4, 'J11': 1, 'J12': 62, 'J13': 1, 'cluster3106249630_3106249631_J60_J61_#5more': 13}, 
3845.0, {'J10': np.float32(0.39130434), 'J11': np.float32(0.040703055), 'J12': np.float32(3.0), 'J13': np.float32(-0.018501388), 'cluster3106249630_3106249631_J60_J61_#5more': np.float32(-0.58186865)}, {'J10': 3, 'J11': 0, 'J12': 15, 'J13': 1, 'cluster3106249630_3106249631_J60_J61_#5more': 10}, {'J10': 3, 'J11': 0, 'J12': 57, 'J13': 1, 'cluster3106249630_3106249631_J60_J61_#5more': 13}, 
3850.0, {'J10': np.float32(-0.06012951), 'J11': np.float32(-0.004625347), 'J12': np.float32(3.0), 'J13': np.float32(-0.027752081), 'cluster3106249630_3106249631_J60_J61_#5more': np.float32(-0.5809436)}, {'J10': 5, 'J11': 1, 'J12': 13, 'J13': 2, 'cluster3106249630_3106249631_J60_J61_#5more': 10}, {'J10': 5, 'J11': 1, 'J12': 53, 'J13': 2, 'cluster3106249630_3106249631_J60_J61_#5more': 13}, 
3855.0, {'J10': np.float32(-0.09250694), 'J11': np.float32(-0.018501388), 'J12': np.float32(0.13968548), 'J13': np.float32(-0.037002776), 'cluster3106249630_3106249631_J60_J61_#5more': np.float32(2.719704)}, {'J10': 5, 'J11': 1, 'J12': 13, 'J13': 2, 'cluster3106249630_3106249631_J60_J61_#5more': 8}, {'J10': 5, 'J11': 1, 'J12': 55, 'J13': 2, 'cluster3106249630_3106249631_J60_J61_#5more': 11}, 
3860.0, {'J10': np.float32(-0.09250694), 'J11': np.float32(-0.018501388), 'J12': np.float32(0.27382055), 'J13': np.float32(-0.037002776), 'cluster3106249630_3106249631_J60_J61_#5more': np.float32(-0.546716)}, {'J10': 5, 'J11': 1, 'J12': 13, 'J13': 2, 'cluster3106249630_3106249631_J60_J61_#5more': 8}, {'J10': 5, 'J11': 1, 'J12': 56, 'J13': 2, 'cluster3106249630_3106249631_J60_J61_#5more': 11}, 
3865.0, {'J10': np.float32(-0.09250694), 'J11': np.float32(-0.033302497), 'J12': np.float32(-1.040703), 'J13': np.float32(-0.037002776), 'cluster3106249630_3106249631_J60_J61_#5more': np.float32(-0.54486585)}, {'J10': 5, 'J11': 3, 'J12': 14, 'J13': 2, 'cluster3106249630_3106249631_J60_J61_#5more': 8}, {'J10': 5, 'J11': 3, 'J12': 58, 'J13': 2, 'cluster3106249630_3106249631_J60_J61_#5more': 11}, 
3870.0, {'J10': np.float32(-0.09250694), 'J11': np.float32(-0.055504162), 'J12': np.float32(0.10638298), 'J13': np.float32(0.15078631), 'cluster3106249630_3106249631_J60_J61_#5more': np.float32(-0.5457909)}, {'J10': 5, 'J11': 3, 'J12': 16, 'J13': 2, 'cluster3106249630_3106249631_J60_J61_#5more': 8}, {'J10': 5, 'J11': 3, 'J12': 63, 'J13': 2, 'cluster3106249630_3106249631_J60_J61_#5more': 11}, 
3875.0, {'J10': np.float32(-0.09250694), 'J11': np.float32(0.08788159), 'J12': np.float32(0.9639223), 'J13': np.float32(-0.037002776), 'cluster3106249630_3106249631_J60_J61_#5more': np.float32(-0.5679926)}, {'J10': 5, 'J11': 1, 'J12': 16, 'J13': 2, 'cluster3106249630_3106249631_J60_J61_#5more': 12}, {'J10': 5, 'J11': 1, 'J12': 64, 'J13': 2, 'cluster3106249630_3106249631_J60_J61_#5more': 15}, 
3880.0, {'J10': np.float32(-0.09250694), 'J11': np.float32(0.04255319), 'J12': np.float32(-0.33302498), 'J13': np.float32(-0.037002776), 'cluster3106249630_3106249631_J60_J61_#5more': np.float32(-0.640148)}, {'J10': 5, 'J11': 0, 'J12': 17, 'J13': 2, 'cluster3106249630_3106249631_J60_J61_#5more': 15}, {'J10': 5, 'J11': 0, 'J12': 64, 'J13': 2, 'cluster3106249630_3106249631_J60_J61_#5more': 18}, 
3885.0, {'J10': np.float32(0.89269197), 'J11': np.float32(-0.0), 'J12': np.float32(-0.06845514), 'J13': np.float32(-0.037002776), 'cluster3106249630_3106249631_J60_J61_#5more': np.float32(-0.67530066)}, {'J10': 3, 'J11': 0, 'J12': 17, 'J13': 2, 'cluster3106249630_3106249631_J60_J61_#5more': 15}, {'J10': 3, 'J11': 0, 'J12': 62, 'J13': 2, 'cluster3106249630_3106249631_J60_J61_#5more': 18}, 
3890.0, {'J10': np.float32(-0.055504162), 'J11': np.float32(-0.0), 'J12': np.float32(-0.8899167), 'J13': np.float32(-0.037002776), 'cluster3106249630_3106249631_J60_J61_#5more': np.float32(-0.67530066)}, {'J10': 3, 'J11': 0, 'J12': 19, 'J13': 2, 'cluster3106249630_3106249631_J60_J61_#5more': 15}, {'J10': 3, 'J11': 0, 'J12': 63, 'J13': 2, 'cluster3106249630_3106249631_J60_J61_#5more': 18}, 
3895.0, {'J10': np.float32(-0.06105458), 'J11': np.float32(-0.0), 'J12': np.float32(-0.9454209), 'J13': np.float32(-0.04347826), 'cluster3106249630_3106249631_J60_J61_#5more': np.float32(-0.67530066)}, {'J10': 5, 'J11': 0, 'J12': 20, 'J13': 3, 'cluster3106249630_3106249631_J60_J61_#5more': 15}, {'J10': 5, 'J11': 0, 'J12': 63, 'J13': 3, 'cluster3106249630_3106249631_J60_J61_#5more': 18}, 
3900.0, {'J10': np.float32(0.5226642), 'J11': np.float32(-0.0), 'J12': np.float32(-0.8455134), 'J13': np.float32(-0.055504162), 'cluster3106249630_3106249631_J60_J61_#5more': np.float32(-0.67530066)}, {'J10': 3, 'J11': 0, 'J12': 20, 'J13': 3, 'cluster3106249630_3106249631_J60_J61_#5more': 15}, {'J10': 3, 'J11': 0, 'J12': 66, 'J13': 3, 'cluster3106249630_3106249631_J60_J61_#5more': 18}, 
3905.0, {'J10': np.float32(-0.055504162), 'J11': np.float32(-0.0), 'J12': np.float32(-1.2294172), 'J13': np.float32(-0.055504162), 'cluster3106249630_3106249631_J60_J61_#5more': np.float32(-0.67530066)}, {'J10': 3, 'J11': 0, 'J12': 20, 'J13': 3, 'cluster3106249630_3106249631_J60_J61_#5more': 15}, {'J10': 3, 'J11': 0, 'J12': 67, 'J13': 3, 'cluster3106249630_3106249631_J60_J61_#5more': 18}, 
3910.0, {'J10': np.float32(-0.06012951), 'J11': np.float32(-0.005550416), 'J12': np.float32(-1.2460685), 'J13': np.float32(-0.06105458), 'cluster3106249630_3106249631_J60_J61_#5more': np.float32(-0.67530066)}, {'J10': 5, 'J11': 1, 'J12': 20, 'J13': 4, 'cluster3106249630_3106249631_J60_J61_#5more': 15}, {'J10': 5, 'J11': 1, 'J12': 69, 'J13': 4, 'cluster3106249630_3106249631_J60_J61_#5more': 18}, 
3915.0, {'J10': np.float32(-0.09250694), 'J11': np.float32(0.005550416), 'J12': np.float32(-1.2978723), 'J13': np.float32(-0.07400555), 'cluster3106249630_3106249631_J60_J61_#5more': np.float32(-0.67530066)}, {'J10': 5, 'J11': 0, 'J12': 20, 'J13': 4, 'cluster3106249630_3106249631_J60_J61_#5more': 15}, {'J10': 5, 'J11': 0, 'J12': 73, 'J13': 4, 'cluster3106249630_3106249631_J60_J61_#5more': 18}, 
3920.0, {'J10': np.float32(-0.09250694), 'J11': np.float32(-0.0), 'J12': np.float32(-1.3506013), 'J13': np.float32(0.2997225), 'cluster3106249630_3106249631_J60_J61_#5more': np.float32(-0.67530066)}, {'J10': 5, 'J11': 0, 'J12': 20, 'J13': 3, 'cluster3106249630_3106249631_J60_J61_#5more': 15}, {'J10': 5, 'J11': 0, 'J12': 73, 'J13': 3, 'cluster3106249630_3106249631_J60_J61_#5more': 18}, 
3925.0, {'J10': np.float32(-0.09250694), 'J11': np.float32(-0.007400555), 'J12': np.float32(-1.3506013), 'J13': np.float32(-0.055504162), 'cluster3106249630_3106249631_J60_J61_#5more': np.float32(-0.67530066)}, {'J10': 5, 'J11': 2, 'J12': 20, 'J13': 3, 'cluster3106249630_3106249631_J60_J61_#5more': 15}, {'J10': 5, 'J11': 2, 'J12': 73, 'J13': 3, 'cluster3106249630_3106249631_J60_J61_#5more': 18}, 
3930.0, {'J10': np.float32(-0.09250694), 'J11': np.float32(-0.037002776), 'J12': np.float32(-1.3506013), 'J13': np.float32(-0.055504162), 'cluster3106249630_3106249631_J60_J61_#5more': np.float32(-0.67530066)}, {'J10': 5, 'J11': 2, 'J12': 20, 'J13': 3, 'cluster3106249630_3106249631_J60_J61_#5more': 15}, {'J10': 5, 'J11': 2, 'J12': 73, 'J13': 3, 'cluster3106249630_3106249631_J60_J61_#5more': 18}, 
3935.0, {'J10': np.float32(-0.09250694), 'J11': np.float32(0.04440333), 'J12': np.float32(1.8362627), 'J13': np.float32(-0.055504162), 'cluster3106249630_3106249631_J60_J61_#5more': np.float32(-0.67530066)}, {'J10': 5, 'J11': 0, 'J12': 18, 'J13': 3, 'cluster3106249630_3106249631_J60_J61_#5more': 15}, {'J10': 5, 'J11': 0, 'J12': 68, 'J13': 3, 'cluster3106249630_3106249631_J60_J61_#5more': 18}, 
3940.0, {'J10': np.float32(-0.09250694), 'J11': np.float32(-0.0), 'J12': np.float32(-0.53561515), 'J13': np.float32(-0.055504162), 'cluster3106249630_3106249631_J60_J61_#5more': np.float32(-0.67530066)}, {'J10': 5, 'J11': 0, 'J12': 18, 'J13': 3, 'cluster3106249630_3106249631_J60_J61_#5more': 15}, {'J10': 5, 'J11': 0, 'J12': 67, 'J13': 3, 'cluster3106249630_3106249631_J60_J61_#5more': 18}, 
3945.0, {'J10': np.float32(-0.09250694), 'J11': np.float32(-0.0), 'J12': np.float32(1.4690102), 'J13': np.float32(-0.055504162), 'cluster3106249630_3106249631_J60_J61_#5more': np.float32(-0.67530066)}, {'J10': 5, 'J11': 0, 'J12': 18, 'J13': 3, 'cluster3106249630_3106249631_J60_J61_#5more': 15}, {'J10': 5, 'J11': 0, 'J12': 66, 'J13': 3, 'cluster3106249630_3106249631_J60_J61_#5more': 18}, 
3950.0, {'J10': np.float32(-0.09250694), 'J11': np.float32(-0.0), 'J12': np.float32(1.9121184), 'J13': np.float32(-0.058279373), 'cluster3106249630_3106249631_J60_J61_#5more': np.float32(-0.67530066)}, {'J10': 5, 'J11': 0, 'J12': 18, 'J13': 4, 'cluster3106249630_3106249631_J60_J61_#5more': 15}, {'J10': 5, 'J11': 0, 'J12': 62, 'J13': 4, 'cluster3106249630_3106249631_J60_J61_#5more': 18}, 
3955.0, {'J10': np.float32(-0.09250694), 'J11': np.float32(-0.0), 'J12': np.float32(-1.1480111), 'J13': np.float32(-0.07400555), 'cluster3106249630_3106249631_J60_J61_#5more': np.float32(-0.67530066)}, {'J10': 5, 'J11': 0, 'J12': 18, 'J13': 4, 'cluster3106249630_3106249631_J60_J61_#5more': 15}, {'J10': 5, 'J11': 0, 'J12': 63, 'J13': 4, 'cluster3106249630_3106249631_J60_J61_#5more': 18}, 
3960.0, {'J10': np.float32(-0.09250694), 'J11': np.float32(-0.0), 'J12': np.float32(-0.72247916), 'J13': np.float32(0.32839963), 'cluster3106249630_3106249631_J60_J61_#5more': np.float32(-0.67530066)}, {'J10': 5, 'J11': 0, 'J12': 18, 'J13': 2, 'cluster3106249630_3106249631_J60_J61_#5more': 15}, {'J10': 5, 'J11': 0, 'J12': 68, 'J13': 2, 'cluster3106249630_3106249631_J60_J61_#5more': 18}, 
3965.0, {'J10': np.float32(0.59666973), 'J11': np.float32(-0.0), 'J12': np.float32(1.4301573), 'J13': np.float32(-0.037002776), 'cluster3106249630_3106249631_J60_J61_#5more': np.float32(-0.67530066)}, {'J10': 3, 'J11': 0, 'J12': 18, 'J13': 2, 'cluster3106249630_3106249631_J60_J61_#5more': 15}, {'J10': 3, 'J11': 0, 'J12': 66, 'J13': 2, 'cluster3106249630_3106249631_J60_J61_#5more': 18}, 
3970.0, {'J10': np.float32(-0.055504162), 'J11': np.float32(-0.0), 'J12': np.float32(3.0), 'J13': np.float32(-0.037002776), 'cluster3106249630_3106249631_J60_J61_#5more': np.float32(-0.68455136)}, {'J10': 3, 'J11': 0, 'J12': 17, 'J13': 2, 'cluster3106249630_3106249631_J60_J61_#5more': 16}, {'J10': 3, 'J11': 0, 'J12': 59, 'J13': 2, 'cluster3106249630_3106249631_J60_J61_#5more': 19}, 
3975.0, {'J10': np.float32(-0.06105458), 'J11': np.float32(-0.0), 'J12': np.float32(1.452359), 'J13': np.float32(-0.037002776), 'cluster3106249630_3106249631_J60_J61_#5more': np.float32(-0.69380206)}, {'J10': 5, 'J11': 0, 'J12': 17, 'J13': 2, 'cluster3106249630_3106249631_J60_J61_#5more': 16}, {'J10': 5, 'J11': 0, 'J12': 56, 'J13': 2, 'cluster3106249630_3106249631_J60_J61_#5more': 19}, 
3980.0, {'J10': np.float32(-0.09250694), 'J11': np.float32(-0.0), 'J12': np.float32(1.2368177), 'J13': np.float32(-0.037002776), 'cluster3106249630_3106249631_J60_J61_#5more': np.float32(-0.69380206)}, {'J10': 5, 'J11': 0, 'J12': 17, 'J13': 2, 'cluster3106249630_3106249631_J60_J61_#5more': 16}, {'J10': 5, 'J11': 0, 'J12': 52, 'J13': 2, 'cluster3106249630_3106249631_J60_J61_#5more': 19}, 
3985.0, {'J10': np.float32(-0.09250694), 'J11': np.float32(-0.0), 'J12': np.float32(0.30989826), 'J13': np.float32(-0.037002776), 'cluster3106249630_3106249631_J60_J61_#5more': np.float32(-0.70212764)}, {'J10': 5, 'J11': 0, 'J12': 17, 'J13': 2, 'cluster3106249630_3106249631_J60_J61_#5more': 17}, {'J10': 5, 'J11': 0, 'J12': 50, 'J13': 2, 'cluster3106249630_3106249631_J60_J61_#5more': 20}, 
3990.0, {'J10': np.float32(-0.09250694), 'J11': np.float32(-0.0), 'J12': np.float32(0.72247916), 'J13': np.float32(-0.037002776), 'cluster3106249630_3106249631_J60_J61_#5more': np.float32(-0.7123034)}, {'J10': 5, 'J11': 0, 'J12': 15, 'J13': 2, 'cluster3106249630_3106249631_J60_J61_#5more': 17}, {'J10': 5, 'J11': 0, 'J12': 47, 'J13': 2, 'cluster3106249630_3106249631_J60_J61_#5more': 20}, 
3995.0, {'J10': np.float32(-0.09250694), 'J11': np.float32(-0.0), 'J12': np.float32(-0.89546716), 'J13': np.float32(-0.049953748), 'cluster3106249630_3106249631_J60_J61_#5more': np.float32(-0.7123034)}, {'J10': 5, 'J11': 0, 'J12': 15, 'J13': 4, 'cluster3106249630_3106249631_J60_J61_#5more': 17}, {'J10': 5, 'J11': 0, 'J12': 53, 'J13': 4, 'cluster3106249630_3106249631_J60_J61_#5more': 20}, 
4000.0, {'J10': np.float32(-0.09250694), 'J11': np.float32(-0.0), 'J12': np.float32(-0.7187789), 'J13': np.float32(-0.07400555), 'cluster3106249630_3106249631_J60_J61_#5more': np.float32(-0.719704)}, {'J10': 5, 'J11': 0, 'J12': 15, 'J13': 4, 'cluster3106249630_3106249631_J60_J61_#5more': 18}, {'J10': 5, 'J11': 0, 'J12': 66, 'J13': 4, 'cluster3106249630_3106249631_J60_J61_#5more': 21}, 
4005.0, {'J10': np.float32(-0.09250694), 'J11': np.float32(-0.0), 'J12': np.float32(-0.8945421), 'J13': np.float32(0.4893617), 'cluster3106249630_3106249631_J60_J61_#5more': np.float32(-0.7308048)}, {'J10': 5, 'J11': 0, 'J12': 17, 'J13': 2, 'cluster3106249630_3106249631_J60_J61_#5more': 18}, {'J10': 5, 'J11': 0, 'J12': 67, 'J13': 2, 'cluster3106249630_3106249631_J60_J61_#5more': 21}, 
4010.0, {'J10': np.float32(-0.09250694), 'J11': np.float32(-0.0), 'J12': np.float32(-1.2414432), 'J13': np.float32(-0.037002776), 'cluster3106249630_3106249631_J60_J61_#5more': np.float32(-0.7308048)}, {'J10': 5, 'J11': 0, 'J12': 17, 'J13': 2, 'cluster3106249630_3106249631_J60_J61_#5more': 18}, {'J10': 5, 'J11': 0, 'J12': 68, 'J13': 2, 'cluster3106249630_3106249631_J60_J61_#5more': 21}, 
4015.0, {'J10': np.float32(-0.09250694), 'J11': np.float32(-0.0), 'J12': np.float32(-0.46901017), 'J13': np.float32(-0.037002776), 'cluster3106249630_3106249631_J60_J61_#5more': np.float32(-0.7308048)}, {'J10': 5, 'J11': 0, 'J12': 18, 'J13': 2, 'cluster3106249630_3106249631_J60_J61_#5more': 18}, {'J10': 5, 'J11': 0, 'J12': 68, 'J13': 2, 'cluster3106249630_3106249631_J60_J61_#5more': 21}, 
4020.0, {'J10': np.float32(-0.09250694), 'J11': np.float32(-0.0), 'J12': np.float32(1.66605), 'J13': np.float32(-0.04810361), 'cluster3106249630_3106249631_J60_J61_#5more': np.float32(-0.7308048)}, {'J10': 5, 'J11': 0, 'J12': 17, 'J13': 4, 'cluster3106249630_3106249631_J60_J61_#5more': 18}, {'J10': 5, 'J11': 0, 'J12': 63, 'J13': 4, 'cluster3106249630_3106249631_J60_J61_#5more': 21}, 
4025.0, {'J10': np.float32(-0.09250694), 'J11': np.float32(-0.0), 'J12': np.float32(0.47271046), 'J13': np.float32(-0.07400555), 'cluster3106249630_3106249631_J60_J61_#5more': np.float32(-0.7308048)}, {'J10': 5, 'J11': 0, 'J12': 17, 'J13': 4, 'cluster3106249630_3106249631_J60_J61_#5more': 18}, {'J10': 5, 'J11': 0, 'J12': 61, 'J13': 4, 'cluster3106249630_3106249631_J60_J61_#5more': 21}, 
4030.0, {'J10': np.float32(0.85661423), 'J11': np.float32(-0.0), 'J12': np.float32(-0.08233117), 'J13': np.float32(0.19796485), 'cluster3106249630_3106249631_J60_J61_#5more': np.float32(-0.7308048)}, {'J10': 3, 'J11': 0, 'J12': 17, 'J13': 2, 'cluster3106249630_3106249631_J60_J61_#5more': 18}, {'J10': 3, 'J11': 0, 'J12': 58, 'J13': 2, 'cluster3106249630_3106249631_J60_J61_#5more': 21}, 
4035.0, {'J10': np.float32(-0.055504162), 'J11': np.float32(-0.0), 'J12': np.float32(0.25161886), 'J13': np.float32(-0.037002776), 'cluster3106249630_3106249631_J60_J61_#5more': np.float32(-0.73635525)}, {'J10': 3, 'J11': 0, 'J12': 17, 'J13': 2, 'cluster3106249630_3106249631_J60_J61_#5more': 19}, {'J10': 3, 'J11': 0, 'J12': 56, 'J13': 2, 'cluster3106249630_3106249631_J60_J61_#5more': 22}, 
4040.0, {'J10': np.float32(-0.06012951), 'J11': np.float32(-0.0), 'J12': np.float32(0.53006476), 'J13': np.float32(-0.037002776), 'cluster3106249630_3106249631_J60_J61_#5more': np.float32(-0.75300646)}, {'J10': 5, 'J11': 0, 'J12': 15, 'J13': 2, 'cluster3106249630_3106249631_J60_J61_#5more': 19}, {'J10': 5, 'J11': 0, 'J12': 53, 'J13': 2, 'cluster3106249630_3106249631_J60_J61_#5more': 22}, 
4045.0, {'J10': np.float32(-0.09250694), 'J11': np.float32(-0.0), 'J12': np.float32(-0.98704904), 'J13': np.float32(-0.037002776), 'cluster3106249630_3106249631_J60_J61_#5more': np.float32(-0.7585569)}, {'J10': 5, 'J11': 0, 'J12': 15, 'J13': 2, 'cluster3106249630_3106249631_J60_J61_#5more': 19}, {'J10': 5, 'J11': 0, 'J12': 55, 'J13': 2, 'cluster3106249630_3106249631_J60_J61_#5more': 22}, 
4050.0, {'J10': np.float32(-0.09250694), 'J11': np.float32(-0.0), 'J12': np.float32(-0.65402406), 'J13': np.float32(-0.037002776), 'cluster3106249630_3106249631_J60_J61_#5more': np.float32(-0.76688254)}, {'J10': 5, 'J11': 0, 'J12': 17, 'J13': 2, 'cluster3106249630_3106249631_J60_J61_#5more': 20}, {'J10': 5, 'J11': 0, 'J12': 63, 'J13': 2, 'cluster3106249630_3106249631_J60_J61_#5more': 23}, 
4055.0, {'J10': np.float32(-0.09250694), 'J11': np.float32(-0.0), 'J12': np.float32(-0.7585569), 'J13': np.float32(-0.04255319), 'cluster3106249630_3106249631_J60_J61_#5more': np.float32(-0.7770583)}, {'J10': 5, 'J11': 0, 'J12': 17, 'J13': 4, 'cluster3106249630_3106249631_J60_J61_#5more': 20}, {'J10': 5, 'J11': 0, 'J12': 64, 'J13': 4, 'cluster3106249630_3106249631_J60_J61_#5more': 23}, 
4060.0, {'J10': np.float32(-0.09250694), 'J11': np.float32(-0.0), 'J12': np.float32(0.7724329), 'J13': np.float32(-0.079555966), 'cluster3106249630_3106249631_J60_J61_#5more': np.float32(-0.7770583)}, {'J10': 5, 'J11': 0, 'J12': 15, 'J13': 6, 'cluster3106249630_3106249631_J60_J61_#5more': 20}, {'J10': 5, 'J11': 0, 'J12': 60, 'J13': 6, 'cluster3106249630_3106249631_J60_J61_#5more': 23}, 
4065.0, {'J10': np.float32(-0.09250694), 'J11': np.float32(-0.0), 'J12': np.float32(0.39315447), 'J13': np.float32(0.23311749), 'cluster3106249630_3106249631_J60_J61_#5more': np.float32(-0.7770583)}, {'J10': 5, 'J11': 0, 'J12': 15, 'J13': 4, 'cluster3106249630_3106249631_J60_J61_#5more': 20}, {'J10': 5, 'J11': 0, 'J12': 56, 'J13': 4, 'cluster3106249630_3106249631_J60_J61_#5more': 23}, 
4070.0, {'J10': np.float32(-0.09250694), 'J11': np.float32(-0.0), 'J12': np.float32(1.46716), 'J13': np.float32(-0.0138760405), 'cluster3106249630_3106249631_J60_J61_#5more': np.float32(-0.7770583)}, {'J10': 5, 'J11': 0, 'J12': 13, 'J13': 3, 'cluster3106249630_3106249631_J60_J61_#5more': 20}, {'J10': 5, 'J11': 0, 'J12': 52, 'J13': 3, 'cluster3106249630_3106249631_J60_J61_#5more': 23}, 
4075.0, {'J10': np.float32(-0.09250694), 'J11': np.float32(-0.0), 'J12': np.float32(0.5642923), 'J13': np.float32(-0.055504162), 'cluster3106249630_3106249631_J60_J61_#5more': np.float32(3.0)}, {'J10': 5, 'J11': 0, 'J12': 12, 'J13': 3, 'cluster3106249630_3106249631_J60_J61_#5more': 21}, {'J10': 5, 'J11': 0, 'J12': 54, 'J13': 3, 'cluster3106249630_3106249631_J60_J61_#5more': 24}, 
4080.0, {'J10': np.float32(-0.09250694), 'J11': np.float32(-0.0), 'J12': np.float32(2.7178538), 'J13': np.float32(0.116558746), 'cluster3106249630_3106249631_J60_J61_#5more': np.float32(3.0)}, {'J10': 5, 'J11': 0, 'J12': 14, 'J13': 1, 'cluster3106249630_3106249631_J60_J61_#5more': 21}, {'J10': 5, 'J11': 0, 'J12': 54, 'J13': 1, 'cluster3106249630_3106249631_J60_J61_#5more': 24}, 
4085.0, {'J10': np.float32(-0.09250694), 'J11': np.float32(-0.0), 'J12': np.float32(2.506938), 'J13': np.float32(0.0693802), 'cluster3106249630_3106249631_J60_J61_#5more': np.float32(3.0)}, {'J10': 5, 'J11': 0, 'J12': 17, 'J13': 1, 'cluster3106249630_3106249631_J60_J61_#5more': 19}, {'J10': 5, 'J11': 0, 'J12': 56, 'J13': 1, 'cluster3106249630_3106249631_J60_J61_#5more': 22}, 
4090.0, {'J10': np.float32(-0.09250694), 'J11': np.float32(-0.0), 'J12': np.float32(2.561517), 'J13': np.float32(-0.019426458), 'cluster3106249630_3106249631_J60_J61_#5more': np.float32(-0.6105458)}, {'J10': 5, 'J11': 0, 'J12': 17, 'J13': 2, 'cluster3106249630_3106249631_J60_J61_#5more': 19}, {'J10': 5, 'J11': 0, 'J12': 52, 'J13': 2, 'cluster3106249630_3106249631_J60_J61_#5more': 22}, 
4095.0, {'J10': np.float32(1.040703), 'J11': np.float32(-0.0), 'J12': np.float32(-0.60499537), 'J13': np.float32(-0.037002776), 'cluster3106249630_3106249631_J60_J61_#5more': np.float32(2.9907494)}, {'J10': 3, 'J11': 0, 'J12': 17, 'J13': 2, 'cluster3106249630_3106249631_J60_J61_#5more': 17}, {'J10': 3, 'J11': 0, 'J12': 56, 'J13': 2, 'cluster3106249630_3106249631_J60_J61_#5more': 20}, 
4100.0, {'J10': np.float32(-0.055504162), 'J11': np.float32(-0.0), 'J12': np.float32(-0.5346901), 'J13': np.float32(-0.037002776), 'cluster3106249630_3106249631_J60_J61_#5more': np.float32(-0.59389454)}, {'J10': 3, 'J11': 0, 'J12': 19, 'J13': 2, 'cluster3106249630_3106249631_J60_J61_#5more': 17}, {'J10': 3, 'J11': 0, 'J12': 64, 'J13': 2, 'cluster3106249630_3106249631_J60_J61_#5more': 20}, 
4105.0, {'J10': np.float32(-0.06105458), 'J11': np.float32(-0.0), 'J12': np.float32(-0.7918594), 'J13': np.float32(-0.037002776), 'cluster3106249630_3106249631_J60_J61_#5more': np.float32(2.398705)}, {'J10': 5, 'J11': 0, 'J12': 19, 'J13': 2, 'cluster3106249630_3106249631_J60_J61_#5more': 15}, {'J10': 5, 'J11': 0, 'J12': 63, 'J13': 2, 'cluster3106249630_3106249631_J60_J61_#5more': 18}, 
4110.0, {'J10': np.float32(-0.09250694), 'J11': np.float32(-0.0), 'J12': np.float32(-1.1655874), 'J13': np.float32(-0.037002776), 'cluster3106249630_3106249631_J60_J61_#5more': np.float32(-0.5550416)}, {'J10': 5, 'J11': 0, 'J12': 19, 'J13': 2, 'cluster3106249630_3106249631_J60_J61_#5more': 15}, {'J10': 5, 'J11': 0, 'J12': 63, 'J13': 2, 'cluster3106249630_3106249631_J60_J61_#5more': 18}, 
4115.0, {'J10': np.float32(-0.09250694), 'J11': np.float32(-0.0), 'J12': np.float32(-1.1655874), 'J13': np.float32(0.17298797), 'cluster3106249630_3106249631_J60_J61_#5more': np.float32(2.0296023)}, {'J10': 5, 'J11': 0, 'J12': 19, 'J13': 0, 'cluster3106249630_3106249631_J60_J61_#5more': 13}, {'J10': 5, 'J11': 0, 'J12': 63, 'J13': 0, 'cluster3106249630_3106249631_J60_J61_#5more': 16}, 
4120.0, {'J10': np.float32(-0.09250694), 'J11': np.float32(-0.0), 'J12': np.float32(-1.1877891), 'J13': np.float32(-0.0), 'cluster3106249630_3106249631_J60_J61_#5more': np.float32(1.2016652)}, {'J10': 5, 'J11': 0, 'J12': 19, 'J13': 0, 'cluster3106249630_3106249631_J60_J61_#5more': 13}, {'J10': 5, 'J11': 0, 'J12': 68, 'J13': 0, 'cluster3106249630_3106249631_J60_J61_#5more': 16}, 
4125.0, {'J10': np.float32(-0.09250694), 'J11': np.float32(-0.0), 'J12': np.float32(-1.2673451), 'J13': np.float32(-0.0), 'cluster3106249630_3106249631_J60_J61_#5more': np.float32(2.5985198)}, {'J10': 5, 'J11': 0, 'J12': 19, 'J13': 0, 'cluster3106249630_3106249631_J60_J61_#5more': 11}, {'J10': 5, 'J11': 0, 'J12': 69, 'J13': 0, 'cluster3106249630_3106249631_J60_J61_#5more': 14}, 
4130.0, {'J10': np.float32(-0.09250694), 'J11': np.float32(-0.0), 'J12': np.float32(-1.2765957), 'J13': np.float32(-0.011100832), 'cluster3106249630_3106249631_J60_J61_#5more': np.float32(-0.04255319)}, {'J10': 5, 'J11': 0, 'J12': 19, 'J13': 2, 'cluster3106249630_3106249631_J60_J61_#5more': 11}, {'J10': 5, 'J11': 0, 'J12': 69, 'J13': 2, 'cluster3106249630_3106249631_J60_J61_#5more': 14}, 
4135.0, {'J10': np.float32(0.85661423), 'J11': np.float32(-0.0), 'J12': np.float32(-1.2765957), 'J13': np.float32(-0.037002776), 'cluster3106249630_3106249631_J60_J61_#5more': np.float32(3.0)}, {'J10': 3, 'J11': 0, 'J12': 19, 'J13': 2, 'cluster3106249630_3106249631_J60_J61_#5more': 11}, {'J10': 3, 'J11': 0, 'J12': 69, 'J13': 2, 'cluster3106249630_3106249631_J60_J61_#5more': 13}, 
4140.0, {'J10': np.float32(-0.055504162), 'J11': np.float32(-0.0), 'J12': np.float32(-0.08048104), 'J13': np.float32(0.04810361), 'cluster3106249630_3106249631_J60_J61_#5more': np.float32(3.0)}, {'J10': 3, 'J11': 0, 'J12': 19, 'J13': 0, 'cluster3106249630_3106249631_J60_J61_#5more': 10}, {'J10': 3, 'J11': 0, 'J12': 66, 'J13': 0, 'cluster3106249630_3106249631_J60_J61_#5more': 10}, 
4145.0, {'J10': np.float32(-0.06012951), 'J11': np.float32(-0.0), 'J12': np.float32(1.0962073), 'J13': np.float32(-0.0), 'cluster3106249630_3106249631_J60_J61_#5more': np.float32(2.7937095)}, {'J10': 5, 'J11': 0, 'J12': 17, 'J13': 0, 'cluster3106249630_3106249631_J60_J61_#5more': 7}, {'J10': 5, 'J11': 0, 'J12': 61, 'J13': 0, 'cluster3106249630_3106249631_J60_J61_#5more': 7}, 
4150.0, {'J10': np.float32(-0.09250694), 'J11': np.float32(-0.0), 'J12': np.float32(1.8473636), 'J13': np.float32(-0.0), 'cluster3106249630_3106249631_J60_J61_#5more': np.float32(0.87419057)}, {'J10': 5, 'J11': 0, 'J12': 15, 'J13': 0, 'cluster3106249630_3106249631_J60_J61_#5more': 6}, {'J10': 5, 'J11': 0, 'J12': 56, 'J13': 0, 'cluster3106249630_3106249631_J60_J61_#5more': 6}, 
4155.0, {'J10': np.float32(-0.09250694), 'J11': np.float32(-0.0), 'J12': np.float32(0.06475486), 'J13': np.float32(-0.0), 'cluster3106249630_3106249631_J60_J61_#5more': np.float32(1.2201666)}, {'J10': 5, 'J11': 0, 'J12': 13, 'J13': 0, 'cluster3106249630_3106249631_J60_J61_#5more': 4}, {'J10': 5, 'J11': 0, 'J12': 54, 'J13': 0, 'cluster3106249630_3106249631_J60_J61_#5more': 4}, 
4160.0, {'J10': np.float32(-0.09250694), 'J11': np.float32(-0.0), 'J12': np.float32(-0.27012026), 'J13': np.float32(-0.0), 'cluster3106249630_3106249631_J60_J61_#5more': np.float32(0.9935245)}, {'J10': 5, 'J11': 0, 'J12': 13, 'J13': 0, 'cluster3106249630_3106249631_J60_J61_#5more': 2}, {'J10': 5, 'J11': 0, 'J12': 54, 'J13': 0, 'cluster3106249630_3106249631_J60_J61_#5more': 2}, 
4165.0, {'J10': np.float32(-0.09250694), 'J11': np.float32(-0.0), 'J12': np.float32(0.071230344), 'J13': np.float32(-0.0), 'cluster3106249630_3106249631_J60_J61_#5more': np.float32(0.39685476)}, {'J10': 5, 'J11': 0, 'J12': 13, 'J13': 0, 'cluster3106249630_3106249631_J60_J61_#5more': 1}, {'J10': 5, 'J11': 0, 'J12': 54, 'J13': 0, 'cluster3106249630_3106249631_J60_J61_#5more': 1}, 
4170.0, {'J10': np.float32(-0.09250694), 'J11': np.float32(-0.0), 'J12': np.float32(0.87234044), 'J13': np.float32(-0.0), 'cluster3106249630_3106249631_J60_J61_#5more': np.float32(-0.018501388)}, {'J10': 5, 'J11': 0, 'J12': 13, 'J13': 0, 'cluster3106249630_3106249631_J60_J61_#5more': 1}, {'J10': 5, 'J11': 0, 'J12': 53, 'J13': 0, 'cluster3106249630_3106249631_J60_J61_#5more': 1}, 
4175.0, {'J10': np.float32(-0.09250694), 'J11': np.float32(-0.0), 'J12': np.float32(0.9574468), 'J13': np.float32(-0.0), 'cluster3106249630_3106249631_J60_J61_#5more': np.float32(-0.018501388)}, {'J10': 5, 'J11': 0, 'J12': 13, 'J13': 0, 'cluster3106249630_3106249631_J60_J61_#5more': 1}, {'J10': 5, 'J11': 0, 'J12': 48, 'J13': 0, 'cluster3106249630_3106249631_J60_J61_#5more': 1}, 
4180.0, {'J10': np.float32(-0.09250694), 'J11': np.float32(-0.0), 'J12': np.float32(1.5282146), 'J13': np.float32(-0.0009250694), 'cluster3106249630_3106249631_J60_J61_#5more': np.float32(-0.025901943)}, {'J10': 5, 'J11': 0, 'J12': 12, 'J13': 1, 'cluster3106249630_3106249631_J60_J61_#5more': 2}, {'J10': 5, 'J11': 0, 'J12': 46, 'J13': 1, 'cluster3106249630_3106249631_J60_J61_#5more': 2}, 
4185.0, {'J10': np.float32(-0.09250694), 'J11': np.float32(-0.0), 'J12': np.float32(-0.86586493), 'J13': np.float32(0.0009250694), 'cluster3106249630_3106249631_J60_J61_#5more': np.float32(-0.037927844)}, {'J10': 5, 'J11': 0, 'J12': 12, 'J13': 0, 'cluster3106249630_3106249631_J60_J61_#5more': 3}, {'J10': 5, 'J11': 0, 'J12': 50, 'J13': 0, 'cluster3106249630_3106249631_J60_J61_#5more': 3}, 
4190.0, {'J10': np.float32(-0.09250694), 'J11': np.float32(-0.0), 'J12': np.float32(-0.9722479), 'J13': np.float32(-0.005550416), 'cluster3106249630_3106249631_J60_J61_#5more': np.float32(-0.055504162)}, {'J10': 5, 'J11': 0, 'J12': 15, 'J13': 1, 'cluster3106249630_3106249631_J60_J61_#5more': 3}, {'J10': 5, 'J11': 0, 'J12': 58, 'J13': 1, 'cluster3106249630_3106249631_J60_J61_#5more': 3}, 
4195.0, {'J10': np.float32(-0.09250694), 'J11': np.float32(-0.0), 'J12': np.float32(-1.1110083), 'J13': np.float32(-0.018501388), 'cluster3106249630_3106249631_J60_J61_#5more': np.float32(-0.055504162)}, {'J10': 5, 'J11': 0, 'J12': 17, 'J13': 1, 'cluster3106249630_3106249631_J60_J61_#5more': 3}, {'J10': 5, 'J11': 0, 'J12': 64, 'J13': 1, 'cluster3106249630_3106249631_J60_J61_#5more': 3}, 
4200.0, {'J10': np.float32(0.50046253), 'J11': np.float32(-0.0009250694), 'J12': np.float32(-1.1933395), 'J13': np.float32(-0.018501388), 'cluster3106249630_3106249631_J60_J61_#5more': np.float32(-0.055504162)}, {'J10': 4, 'J11': 1, 'J12': 17, 'J13': 1, 'cluster3106249630_3106249631_J60_J61_#5more': 3}, {'J10': 4, 'J11': 1, 'J12': 65, 'J13': 1, 'cluster3106249630_3106249631_J60_J61_#5more': 3}, 
4205.0, {'J10': np.float32(0.30064756), 'J11': np.float32(0.0009250694), 'J12': np.float32(-1.2025902), 'J13': np.float32(-0.018501388), 'cluster3106249630_3106249631_J60_J61_#5more': np.float32(-0.055504162)}, {'J10': 3, 'J11': 0, 'J12': 17, 'J13': 1, 'cluster3106249630_3106249631_J60_J61_#5more': 3}, {'J10': 3, 'J11': 0, 'J12': 65, 'J13': 1, 'cluster3106249630_3106249631_J60_J61_#5more': 3}, 
4210.0, {'J10': np.float32(-0.061979648), 'J11': np.float32(-0.0), 'J12': np.float32(-1.2025902), 'J13': np.float32(-0.018501388), 'cluster3106249630_3106249631_J60_J61_#5more': np.float32(-0.055504162)}, {'J10': 5, 'J11': 0, 'J12': 17, 'J13': 1, 'cluster3106249630_3106249631_J60_J61_#5more': 3}, {'J10': 5, 'J11': 0, 'J12': 65, 'J13': 1, 'cluster3106249630_3106249631_J60_J61_#5more': 3}, 
4215.0, {'J10': np.float32(-0.09250694), 'J11': np.float32(-0.0), 'J12': np.float32(-1.2025902), 'J13': np.float32(-0.024051804), 'cluster3106249630_3106249631_J60_J61_#5more': np.float32(-0.055504162)}, {'J10': 5, 'J11': 0, 'J12': 17, 'J13': 2, 'cluster3106249630_3106249631_J60_J61_#5more': 3}, {'J10': 5, 'J11': 0, 'J12': 65, 'J13': 2, 'cluster3106249630_3106249631_J60_J61_#5more': 3}, 
4220.0, {'J10': np.float32(-0.09250694), 'J11': np.float32(-0.0), 'J12': np.float32(-1.2025902), 'J13': np.float32(-0.037002776), 'cluster3106249630_3106249631_J60_J61_#5more': np.float32(-0.055504162)}, {'J10': 5, 'J11': 0, 'J12': 17, 'J13': 2, 'cluster3106249630_3106249631_J60_J61_#5more': 3}, {'J10': 5, 'J11': 0, 'J12': 65, 'J13': 2, 'cluster3106249630_3106249631_J60_J61_#5more': 3}, 
4225.0, {'J10': np.float32(-0.09250694), 'J11': np.float32(-0.0), 'J12': np.float32(2.4098058), 'J13': np.float32(-0.037002776), 'cluster3106249630_3106249631_J60_J61_#5more': np.float32(0.5041628)}, {'J10': 5, 'J11': 0, 'J12': 17, 'J13': 2, 'cluster3106249630_3106249631_J60_J61_#5more': 2}, {'J10': 5, 'J11': 0, 'J12': 61, 'J13': 2, 'cluster3106249630_3106249631_J60_J61_#5more': 2}, 
4230.0, {'J10': np.float32(0.3709528), 'J11': np.float32(-0.0), 'J12': np.float32(-0.627197), 'J13': np.float32(-0.037002776), 'cluster3106249630_3106249631_J60_J61_#5more': np.float32(0.15541166)}, {'J10': 4, 'J11': 0, 'J12': 17, 'J13': 2, 'cluster3106249630_3106249631_J60_J61_#5more': 1}, {'J10': 4, 'J11': 0, 'J12': 60, 'J13': 2, 'cluster3106249630_3106249631_J60_J61_#5more': 1}, 
4235.0, {'J10': np.float32(0.2627197), 'J11': np.float32(-0.0), 'J12': np.float32(-1.1304348), 'J13': np.float32(0.21461609), 'cluster3106249630_3106249631_J60_J61_#5more': np.float32(0.16743755)}, {'J10': 3, 'J11': 0, 'J12': 17, 'J13': 0, 'cluster3106249630_3106249631_J60_J61_#5more': 0}, {'J10': 3, 'J11': 0, 'J12': 64, 'J13': 0, 'cluster3106249630_3106249631_J60_J61_#5more': 0}, 
4240.0, {'J10': np.float32(-0.06012951), 'J11': np.float32(-0.0), 'J12': np.float32(-0.17761332), 'J13': np.float32(-0.0), 'cluster3106249630_3106249631_J60_J61_#5more': np.float32(-0.0)}, {'J10': 5, 'J11': 0, 'J12': 17, 'J13': 0, 'cluster3106249630_3106249631_J60_J61_#5more': 0}, {'J10': 5, 'J11': 0, 'J12': 66, 'J13': 0, 'cluster3106249630_3106249631_J60_J61_#5more': 0}, 
4245.0, {'J10': np.float32(-0.09250694), 'J11': np.float32(-0.0), 'J12': np.float32(1.440333), 'J13': np.float32(-0.004625347), 'cluster3106249630_3106249631_J60_J61_#5more': np.float32(-0.0)}, {'J10': 5, 'J11': 0, 'J12': 15, 'J13': 1, 'cluster3106249630_3106249631_J60_J61_#5more': 0}, {'J10': 5, 'J11': 0, 'J12': 61, 'J13': 1, 'cluster3106249630_3106249631_J60_J61_#5more': 0}, 
4250.0, {'J10': np.float32(0.29694727), 'J11': np.float32(-0.0), 'J12': np.float32(2.2812212), 'J13': np.float32(-0.018501388), 'cluster3106249630_3106249631_J60_J61_#5more': np.float32(-0.0)}, {'J10': 4, 'J11': 0, 'J12': 15, 'J13': 1, 'cluster3106249630_3106249631_J60_J61_#5more': 0}, {'J10': 4, 'J11': 0, 'J12': 54, 'J13': 1, 'cluster3106249630_3106249631_J60_J61_#5more': 0}, 
4255.0, {'J10': np.float32(0.09713229), 'J11': np.float32(-0.0), 'J12': np.float32(0.96854764), 'J13': np.float32(-0.022201665), 'cluster3106249630_3106249631_J60_J61_#5more': np.float32(-0.0)}, {'J10': 3, 'J11': 0, 'J12': 15, 'J13': 2, 'cluster3106249630_3106249631_J60_J61_#5more': 0}, {'J10': 3, 'J11': 0, 'J12': 50, 'J13': 2, 'cluster3106249630_3106249631_J60_J61_#5more': 0}, 
4260.0, {'J10': np.float32(-0.06012951), 'J11': np.float32(-0.0), 'J12': np.float32(0.47548565), 'J13': np.float32(0.0453284), 'cluster3106249630_3106249631_J60_J61_#5more': np.float32(-0.0)}, {'J10': 5, 'J11': 0, 'J12': 15, 'J13': 0, 'cluster3106249630_3106249631_J60_J61_#5more': 0}, {'J10': 5, 'J11': 0, 'J12': 47, 'J13': 0, 'cluster3106249630_3106249631_J60_J61_#5more': 0}, 
4265.0, {'J10': np.float32(-0.09250694), 'J11': np.float32(-0.0), 'J12': np.float32(0.6466235), 'J13': np.float32(-0.0), 'cluster3106249630_3106249631_J60_J61_#5more': np.float32(-0.0)}, {'J10': 5, 'J11': 0, 'J12': 13, 'J13': 0, 'cluster3106249630_3106249631_J60_J61_#5more': 0}, {'J10': 5, 'J11': 0, 'J12': 44, 'J13': 0, 'cluster3106249630_3106249631_J60_J61_#5more': 0}, 
4270.0, {'J10': np.float32(-0.09250694), 'J11': np.float32(-0.0), 'J12': np.float32(-0.8242368), 'J13': np.float32(-0.004625347), 'cluster3106249630_3106249631_J60_J61_#5more': np.float32(-0.0)}, {'J10': 5, 'J11': 0, 'J12': 13, 'J13': 1, 'cluster3106249630_3106249631_J60_J61_#5more': 0}, {'J10': 5, 'J11': 0, 'J12': 47, 'J13': 1, 'cluster3106249630_3106249631_J60_J61_#5more': 0}, 
4275.0, {'J10': np.float32(-0.09250694), 'J11': np.float32(-0.0), 'J12': np.float32(0.6234968), 'J13': np.float32(-0.018501388), 'cluster3106249630_3106249631_J60_J61_#5more': np.float32(-0.0)}, {'J10': 5, 'J11': 0, 'J12': 12, 'J13': 1, 'cluster3106249630_3106249631_J60_J61_#5more': 0}, {'J10': 5, 'J11': 0, 'J12': 52, 'J13': 1, 'cluster3106249630_3106249631_J60_J61_#5more': 0}, 
4280.0, {'J10': np.float32(-0.09250694), 'J11': np.float32(-0.002775208), 'J12': np.float32(0.5744681), 'J13': np.float32(-0.018501388), 'cluster3106249630_3106249631_J60_J61_#5more': np.float32(-0.0)}, {'J10': 5, 'J11': 1, 'J12': 16, 'J13': 1, 'cluster3106249630_3106249631_J60_J61_#5more': 0}, {'J10': 5, 'J11': 1, 'J12': 56, 'J13': 1, 'cluster3106249630_3106249631_J60_J61_#5more': 0}, 
4285.0, {'J10': np.float32(-0.09250694), 'J11': np.float32(0.002775208), 'J12': np.float32(-0.5883441), 'J13': np.float32(-0.018501388), 'cluster3106249630_3106249631_J60_J61_#5more': np.float32(-0.0)}, {'J10': 5, 'J11': 0, 'J12': 16, 'J13': 1, 'cluster3106249630_3106249631_J60_J61_#5more': 0}, {'J10': 5, 'J11': 0, 'J12': 57, 'J13': 1, 'cluster3106249630_3106249631_J60_J61_#5more': 0}, 
4290.0, {'J10': np.float32(-0.09250694), 'J11': np.float32(-0.0), 'J12': np.float32(-0.6771508), 'J13': np.float32(-0.018501388), 'cluster3106249630_3106249631_J60_J61_#5more': np.float32(-0.0)}, {'J10': 5, 'J11': 0, 'J12': 16, 'J13': 1, 'cluster3106249630_3106249631_J60_J61_#5more': 0}, {'J10': 5, 'J11': 0, 'J12': 56, 'J13': 1, 'cluster3106249630_3106249631_J60_J61_#5more': 0}, 
4295.0, {'J10': np.float32(-0.09250694), 'J11': np.float32(-0.0018501388), 'J12': np.float32(-0.116558746), 'J13': np.float32(-0.018501388), 'cluster3106249630_3106249631_J60_J61_#5more': np.float32(-0.0)}, {'J10': 5, 'J11': 1, 'J12': 16, 'J13': 1, 'cluster3106249630_3106249631_J60_J61_#5more': 0}, {'J10': 5, 'J11': 1, 'J12': 59, 'J13': 1, 'cluster3106249630_3106249631_J60_J61_#5more': 0}, 
4300.0, {'J10': np.float32(-0.09250694), 'J11': np.float32(-0.018501388), 'J12': np.float32(-0.5975948), 'J13': np.float32(-0.018501388), 'cluster3106249630_3106249631_J60_J61_#5more': np.float32(-0.0)}, {'J10': 5, 'J11': 1, 'J12': 16, 'J13': 1, 'cluster3106249630_3106249631_J60_J61_#5more': 0}, {'J10': 5, 'J11': 1, 'J12': 63, 'J13': 1, 'cluster3106249630_3106249631_J60_J61_#5more': 0}, 
4305.0, {'J10': np.float32(-0.09250694), 'J11': np.float32(-0.020351527), 'J12': np.float32(-0.7280296), 'J13': np.float32(-0.018501388), 'cluster3106249630_3106249631_J60_J61_#5more': np.float32(-0.0)}, {'J10': 5, 'J11': 2, 'J12': 16, 'J13': 1, 'cluster3106249630_3106249631_J60_J61_#5more': 0}, {'J10': 5, 'J11': 2, 'J12': 66, 'J13': 1, 'cluster3106249630_3106249631_J60_J61_#5more': 0}, 
4310.0, {'J10': np.float32(-0.09250694), 'J11': np.float32(-0.037002776), 'J12': np.float32(-1.2210916), 'J13': np.float32(-0.018501388), 'cluster3106249630_3106249631_J60_J61_#5more': np.float32(-0.0)}, {'J10': 5, 'J11': 2, 'J12': 16, 'J13': 1, 'cluster3106249630_3106249631_J60_J61_#5more': 0}, {'J10': 5, 'J11': 2, 'J12': 66, 'J13': 1, 'cluster3106249630_3106249631_J60_J61_#5more': 0}, 
4315.0, {'J10': np.float32(0.29787233), 'J11': np.float32(-0.037002776), 'J12': np.float32(-1.2210916), 'J13': np.float32(-0.024051804), 'cluster3106249630_3106249631_J60_J61_#5more': np.float32(-0.0)}, {'J10': 4, 'J11': 2, 'J12': 16, 'J13': 2, 'cluster3106249630_3106249631_J60_J61_#5more': 0}, {'J10': 4, 'J11': 2, 'J12': 66, 'J13': 2, 'cluster3106249630_3106249631_J60_J61_#5more': 0}, 
4320.0, {'J10': np.float32(0.22571693), 'J11': np.float32(-0.04810361), 'J12': np.float32(-1.225717), 'J13': np.float32(-0.038852915), 'cluster3106249630_3106249631_J60_J61_#5more': np.float32(-0.0)}, {'J10': 3, 'J11': 4, 'J12': 16, 'J13': 3, 'cluster3106249630_3106249631_J60_J61_#5more': 0}, {'J10': 3, 'J11': 4, 'J12': 68, 'J13': 3, 'cluster3106249630_3106249631_J60_J61_#5more': 0}, 
4325.0, {'J10': np.float32(-0.05920444), 'J11': np.float32(-0.07400555), 'J12': np.float32(-1.2580943), 'J13': np.float32(-0.055504162), 'cluster3106249630_3106249631_J60_J61_#5more': np.float32(-0.0009250694)}, {'J10': 5, 'J11': 4, 'J12': 16, 'J13': 3, 'cluster3106249630_3106249631_J60_J61_#5more': 1}, {'J10': 5, 'J11': 4, 'J12': 68, 'J13': 3, 'cluster3106249630_3106249631_J60_J61_#5more': 1}, 
4330.0, {'J10': np.float32(-0.09250694), 'J11': np.float32(0.19703978), 'J12': np.float32(-1.2580943), 'J13': np.float32(0.23219241), 'cluster3106249630_3106249631_J60_J61_#5more': np.float32(-0.018501388)}, {'J10': 5, 'J11': 1, 'J12': 16, 'J13': 1, 'cluster3106249630_3106249631_J60_J61_#5more': 1}, {'J10': 5, 'J11': 1, 'J12': 68, 'J13': 1, 'cluster3106249630_3106249631_J60_J61_#5more': 1}, 
4335.0, {'J10': np.float32(-0.09250694), 'J11': np.float32(0.039777983), 'J12': np.float32(-1.2580943), 'J13': np.float32(-0.018501388), 'cluster3106249630_3106249631_J60_J61_#5more': np.float32(0.019426458)}, {'J10': 5, 'J11': 0, 'J12': 16, 'J13': 1, 'cluster3106249630_3106249631_J60_J61_#5more': 0}, {'J10': 5, 'J11': 0, 'J12': 68, 'J13': 1, 'cluster3106249630_3106249631_J60_J61_#5more': 0}, 
4340.0, {'J10': np.float32(-0.09250694), 'J11': np.float32(-0.0), 'J12': np.float32(-1.2580943), 'J13': np.float32(-0.018501388), 'cluster3106249630_3106249631_J60_J61_#5more': np.float32(-0.0)}, {'J10': 5, 'J11': 0, 'J12': 16, 'J13': 1, 'cluster3106249630_3106249631_J60_J61_#5more': 0}, {'J10': 5, 'J11': 0, 'J12': 68, 'J13': 1, 'cluster3106249630_3106249631_J60_J61_#5more': 0}, 
4345.0, {'J10': np.float32(-0.09250694), 'J11': np.float32(-0.0), 'J12': np.float32(-1.2580943), 'J13': np.float32(-0.03052729), 'cluster3106249630_3106249631_J60_J61_#5more': np.float32(-0.0)}, {'J10': 5, 'J11': 0, 'J12': 16, 'J13': 3, 'cluster3106249630_3106249631_J60_J61_#5more': 0}, {'J10': 5, 'J11': 0, 'J12': 68, 'J13': 3, 'cluster3106249630_3106249631_J60_J61_#5more': 0}, 
4350.0, {'J10': np.float32(-0.09250694), 'J11': np.float32(-0.0), 'J12': np.float32(-1.2580943), 'J13': np.float32(-0.055504162), 'cluster3106249630_3106249631_J60_J61_#5more': np.float32(-0.0)}, {'J10': 5, 'J11': 0, 'J12': 16, 'J13': 3, 'cluster3106249630_3106249631_J60_J61_#5more': 0}, {'J10': 5, 'J11': 0, 'J12': 68, 'J13': 3, 'cluster3106249630_3106249631_J60_J61_#5more': 0}, 
4355.0, {'J10': np.float32(-0.09250694), 'J11': np.float32(-0.0), 'J12': np.float32(-1.2580943), 'J13': np.float32(0.16188714), 'cluster3106249630_3106249631_J60_J61_#5more': np.float32(-0.0)}, {'J10': 5, 'J11': 0, 'J12': 16, 'J13': 0, 'cluster3106249630_3106249631_J60_J61_#5more': 0}, {'J10': 5, 'J11': 0, 'J12': 68, 'J13': 0, 'cluster3106249630_3106249631_J60_J61_#5more': 0}, 
4360.0, {'J10': np.float32(-0.09250694), 'J11': np.float32(-0.009250694), 'J12': np.float32(-1.2580943), 'J13': np.float32(-0.0), 'cluster3106249630_3106249631_J60_J61_#5more': np.float32(-0.0)}, {'J10': 5, 'J11': 1, 'J12': 16, 'J13': 0, 'cluster3106249630_3106249631_J60_J61_#5more': 0}, {'J10': 5, 'J11': 1, 'J12': 68, 'J13': 0, 'cluster3106249630_3106249631_J60_J61_#5more': 0}, 
4365.0, {'J10': np.float32(-0.09250694), 'J11': np.float32(-0.018501388), 'J12': np.float32(1.0370028), 'J13': np.float32(-0.0), 'cluster3106249630_3106249631_J60_J61_#5more': np.float32(-0.0)}, {'J10': 5, 'J11': 1, 'J12': 15, 'J13': 0, 'cluster3106249630_3106249631_J60_J61_#5more': 0}, {'J10': 5, 'J11': 1, 'J12': 64, 'J13': 0, 'cluster3106249630_3106249631_J60_J61_#5more': 0}, 
4370.0, {'J10': np.float32(-0.09250694), 'J11': np.float32(-0.018501388), 'J12': np.float32(0.47363552), 'J13': np.float32(-0.0), 'cluster3106249630_3106249631_J60_J61_#5more': np.float32(-0.0)}, {'J10': 5, 'J11': 1, 'J12': 14, 'J13': 0, 'cluster3106249630_3106249631_J60_J61_#5more': 0}, {'J10': 5, 'J11': 1, 'J12': 62, 'J13': 0, 'cluster3106249630_3106249631_J60_J61_#5more': 0}, 
4375.0, {'J10': np.float32(0.4079556), 'J11': np.float32(-0.018501388), 'J12': np.float32(-0.3506013), 'J13': np.float32(-0.0), 'cluster3106249630_3106249631_J60_J61_#5more': np.float32(-0.0)}, {'J10': 4, 'J11': 1, 'J12': 13, 'J13': 0, 'cluster3106249630_3106249631_J60_J61_#5more': 0}, {'J10': 4, 'J11': 1, 'J12': 61, 'J13': 0, 'cluster3106249630_3106249631_J60_J61_#5more': 0}, 
4380.0, {'J10': np.float32(0.37372804), 'J11': np.float32(-0.018501388), 'J12': np.float32(-0.005550416), 'J13': np.float32(-0.0), 'cluster3106249630_3106249631_J60_J61_#5more': np.float32(-0.0)}, {'J10': 3, 'J11': 1, 'J12': 13, 'J13': 0, 'cluster3106249630_3106249631_J60_J61_#5more': 0}, {'J10': 3, 'J11': 1, 'J12': 59, 'J13': 0, 'cluster3106249630_3106249631_J60_J61_#5more': 0}, 
4385.0, {'J10': np.float32(-0.061979648), 'J11': np.float32(-0.018501388), 'J12': np.float32(0.8973173), 'J13': np.float32(-0.0), 'cluster3106249630_3106249631_J60_J61_#5more': np.float32(-0.006475486)}, {'J10': 5, 'J11': 1, 'J12': 14, 'J13': 0, 'cluster3106249630_3106249631_J60_J61_#5more': 1}, {'J10': 5, 'J11': 1, 'J12': 60, 'J13': 0, 'cluster3106249630_3106249631_J60_J61_#5more': 1}, 
4390.0, {'J10': np.float32(-0.09250694), 'J11': np.float32(0.10175763), 'J12': np.float32(1.33395), 'J13': np.float32(-0.0), 'cluster3106249630_3106249631_J60_J61_#5more': np.float32(0.006475486)}, {'J10': 5, 'J11': 0, 'J12': 13, 'J13': 0, 'cluster3106249630_3106249631_J60_J61_#5more': 0}, {'J10': 5, 'J11': 0, 'J12': 55, 'J13': 0, 'cluster3106249630_3106249631_J60_J61_#5more': 0}, 
4395.0, {'J10': np.float32(-0.09250694), 'J11': np.float32(-0.0), 'J12': np.float32(-0.08233117), 'J13': np.float32(-0.0), 'cluster3106249630_3106249631_J60_J61_#5more': np.float32(-0.0)}, {'J10': 5, 'J11': 0, 'J12': 13, 'J13': 0, 'cluster3106249630_3106249631_J60_J61_#5more': 0}, {'J10': 5, 'J11': 0, 'J12': 53, 'J13': 0, 'cluster3106249630_3106249631_J60_J61_#5more': 0}, 
4400.0, {'J10': np.float32(-0.09250694), 'J11': np.float32(-0.0), 'J12': np.float32(3.0), 'J13': np.float32(-0.0), 'cluster3106249630_3106249631_J60_J61_#5more': np.float32(-0.0)}, {'J10': 5, 'J11': 0, 'J12': 13, 'J13': 0, 'cluster3106249630_3106249631_J60_J61_#5more': 0}, {'J10': 5, 'J11': 0, 'J12': 47, 'J13': 0, 'cluster3106249630_3106249631_J60_J61_#5more': 0}, 
4405.0, {'J10': np.float32(-0.09250694), 'J11': np.float32(-0.0), 'J12': np.float32(-0.87696576), 'J13': np.float32(-0.0), 'cluster3106249630_3106249631_J60_J61_#5more': np.float32(-0.0)}, {'J10': 5, 'J11': 0, 'J12': 13, 'J13': 0, 'cluster3106249630_3106249631_J60_J61_#5more': 0}, {'J10': 5, 'J11': 0, 'J12': 50, 'J13': 0, 'cluster3106249630_3106249631_J60_J61_#5more': 0}, 
4410.0, {'J10': np.float32(0.46345976), 'J11': np.float32(-0.0), 'J12': np.float32(-0.53561515), 'J13': np.float32(-0.0), 'cluster3106249630_3106249631_J60_J61_#5more': np.float32(-0.0)}, {'J10': 4, 'J11': 0, 'J12': 13, 'J13': 0, 'cluster3106249630_3106249631_J60_J61_#5more': 0}, {'J10': 4, 'J11': 0, 'J12': 51, 'J13': 0, 'cluster3106249630_3106249631_J60_J61_#5more': 0}, 
4415.0, {'J10': np.float32(0.26179463), 'J11': np.float32(-0.0), 'J12': np.float32(0.8871415), 'J13': np.float32(-0.0), 'cluster3106249630_3106249631_J60_J61_#5more': np.float32(-0.0)}, {'J10': 3, 'J11': 0, 'J12': 13, 'J13': 0, 'cluster3106249630_3106249631_J60_J61_#5more': 0}, {'J10': 3, 'J11': 0, 'J12': 51, 'J13': 0, 'cluster3106249630_3106249631_J60_J61_#5more': 0}, 
4420.0, {'J10': np.float32(-0.06012951), 'J11': np.float32(-0.006475486), 'J12': np.float32(1.453284), 'J13': np.float32(-0.0), 'cluster3106249630_3106249631_J60_J61_#5more': np.float32(-0.0)}, {'J10': 5, 'J11': 1, 'J12': 14, 'J13': 0, 'cluster3106249630_3106249631_J60_J61_#5more': 0}, {'J10': 5, 'J11': 1, 'J12': 53, 'J13': 0, 'cluster3106249630_3106249631_J60_J61_#5more': 0}, 
4425.0, {'J10': np.float32(-0.09250694), 'J11': np.float32(-0.018501388), 'J12': np.float32(2.5494912), 'J13': np.float32(-0.0), 'cluster3106249630_3106249631_J60_J61_#5more': np.float32(-0.0)}, {'J10': 5, 'J11': 1, 'J12': 15, 'J13': 0, 'cluster3106249630_3106249631_J60_J61_#5more': 0}, {'J10': 5, 'J11': 1, 'J12': 54, 'J13': 0, 'cluster3106249630_3106249631_J60_J61_#5more': 0}, 
4430.0, {'J10': np.float32(-0.09250694), 'J11': np.float32(-0.018501388), 'J12': np.float32(-0.12580943), 'J13': np.float32(-0.0), 'cluster3106249630_3106249631_J60_J61_#5more': np.float32(-0.0)}, {'J10': 5, 'J11': 1, 'J12': 14, 'J13': 0, 'cluster3106249630_3106249631_J60_J61_#5more': 0}, {'J10': 5, 'J11': 1, 'J12': 55, 'J13': 0, 'cluster3106249630_3106249631_J60_J61_#5more': 0}, 
4435.0, {'J10': np.float32(-0.09250694), 'J11': np.float32(-0.018501388), 'J12': np.float32(-0.45143387), 'J13': np.float32(-0.0), 'cluster3106249630_3106249631_J60_J61_#5more': np.float32(-0.0009250694)}, {'J10': 5, 'J11': 1, 'J12': 14, 'J13': 0, 'cluster3106249630_3106249631_J60_J61_#5more': 1}, {'J10': 5, 'J11': 1, 'J12': 58, 'J13': 0, 'cluster3106249630_3106249631_J60_J61_#5more': 1}, 
4440.0, {'J10': np.float32(-0.09250694), 'J11': np.float32(-0.018501388), 'J12': np.float32(1.4190564), 'J13': np.float32(-0.0), 'cluster3106249630_3106249631_J60_J61_#5more': np.float32(-0.018501388)}, {'J10': 5, 'J11': 1, 'J12': 14, 'J13': 0, 'cluster3106249630_3106249631_J60_J61_#5more': 1}, {'J10': 5, 'J11': 1, 'J12': 55, 'J13': 0, 'cluster3106249630_3106249631_J60_J61_#5more': 1}, 
4445.0, {'J10': np.float32(-0.09250694), 'J11': np.float32(-0.018501388), 'J12': np.float32(0.24699353), 'J13': np.float32(-0.0), 'cluster3106249630_3106249631_J60_J61_#5more': np.float32(0.019426458)}, {'J10': 5, 'J11': 1, 'J12': 13, 'J13': 0, 'cluster3106249630_3106249631_J60_J61_#5more': 0}, {'J10': 5, 'J11': 1, 'J12': 53, 'J13': 0, 'cluster3106249630_3106249631_J60_J61_#5more': 0}, 
4450.0, {'J10': np.float32(-0.09250694), 'J11': np.float32(-0.018501388), 'J12': np.float32(-0.8223867), 'J13': np.float32(-0.0), 'cluster3106249630_3106249631_J60_J61_#5more': np.float32(-0.009250694)}, {'J10': 5, 'J11': 1, 'J12': 13, 'J13': 0, 'cluster3106249630_3106249631_J60_J61_#5more': 1}, {'J10': 5, 'J11': 1, 'J12': 55, 'J13': 0, 'cluster3106249630_3106249631_J60_J61_#5more': 1}, 
4455.0, {'J10': np.float32(-0.09250694), 'J11': np.float32(-0.02960222), 'J12': np.float32(-0.4773358), 'J13': np.float32(-0.0), 'cluster3106249630_3106249631_J60_J61_#5more': np.float32(-0.027752081)}, {'J10': 5, 'J11': 3, 'J12': 13, 'J13': 0, 'cluster3106249630_3106249631_J60_J61_#5more': 3}, {'J10': 5, 'J11': 3, 'J12': 59, 'J13': 0, 'cluster3106249630_3106249631_J60_J61_#5more': 3}, 
4460.0, {'J10': np.float32(-0.09250694), 'J11': np.float32(0.12580943), 'J12': np.float32(-0.49121183), 'J13': np.float32(-0.0), 'cluster3106249630_3106249631_J60_J61_#5more': np.float32(-0.055504162)}, {'J10': 5, 'J11': 1, 'J12': 15, 'J13': 0, 'cluster3106249630_3106249631_J60_J61_#5more': 3}, {'J10': 5, 'J11': 1, 'J12': 60, 'J13': 0, 'cluster3106249630_3106249631_J60_J61_#5more': 3}, 
4465.0, {'J10': np.float32(-0.09250694), 'J11': np.float32(0.021276595), 'J12': np.float32(-0.74838114), 'J13': np.float32(-0.0), 'cluster3106249630_3106249631_J60_J61_#5more': np.float32(-0.055504162)}, {'J10': 5, 'J11': 0, 'J12': 15, 'J13': 0, 'cluster3106249630_3106249631_J60_J61_#5more': 3}, {'J10': 5, 'J11': 0, 'J12': 60, 'J13': 0, 'cluster3106249630_3106249631_J60_J61_#5more': 3}, 
4470.0, {'J10': np.float32(-0.09250694), 'J11': np.float32(-0.0), 'J12': np.float32(-0.9417206), 'J13': np.float32(-0.0), 'cluster3106249630_3106249631_J60_J61_#5more': np.float32(-0.055504162)}, {'J10': 5, 'J11': 0, 'J12': 15, 'J13': 0, 'cluster3106249630_3106249631_J60_J61_#5more': 3}, {'J10': 5, 'J11': 0, 'J12': 59, 'J13': 0, 'cluster3106249630_3106249631_J60_J61_#5more': 3}, 
4475.0, {'J10': np.float32(0.46345976), 'J11': np.float32(-0.0), 'J12': np.float32(0.15633672), 'J13': np.float32(-0.0), 'cluster3106249630_3106249631_J60_J61_#5more': np.float32(-0.055504162)}, {'J10': 4, 'J11': 0, 'J12': 15, 'J13': 0, 'cluster3106249630_3106249631_J60_J61_#5more': 3}, {'J10': 4, 'J11': 0, 'J12': 59, 'J13': 0, 'cluster3106249630_3106249631_J60_J61_#5more': 3}, 
4480.0, {'J10': np.float32(0.28214616), 'J11': np.float32(-0.0), 'J12': np.float32(-0.5226642), 'J13': np.float32(-0.0), 'cluster3106249630_3106249631_J60_J61_#5more': np.float32(-0.055504162)}, {'J10': 3, 'J11': 0, 'J12': 15, 'J13': 0, 'cluster3106249630_3106249631_J60_J61_#5more': 3}, {'J10': 3, 'J11': 0, 'J12': 61, 'J13': 0, 'cluster3106249630_3106249631_J60_J61_#5more': 3}, 
4485.0, {'J10': np.float32(-0.05920444), 'J11': np.float32(-0.0), 'J12': np.float32(-0.49491212), 'J13': np.float32(-0.0), 'cluster3106249630_3106249631_J60_J61_#5more': np.float32(-0.055504162)}, {'J10': 5, 'J11': 0, 'J12': 15, 'J13': 0, 'cluster3106249630_3106249631_J60_J61_#5more': 3}, {'J10': 5, 'J11': 0, 'J12': 59, 'J13': 0, 'cluster3106249630_3106249631_J60_J61_#5more': 3}, 
4490.0, {'J10': np.float32(-0.09250694), 'J11': np.float32(-0.0), 'J12': np.float32(-0.79555964), 'J13': np.float32(-0.0), 'cluster3106249630_3106249631_J60_J61_#5more': np.float32(-0.055504162)}, {'J10': 5, 'J11': 0, 'J12': 15, 'J13': 0, 'cluster3106249630_3106249631_J60_J61_#5more': 3}, {'J10': 5, 'J11': 0, 'J12': 58, 'J13': 0, 'cluster3106249630_3106249631_J60_J61_#5more': 3}, 
4495.0, {'J10': np.float32(-0.09250694), 'J11': np.float32(-0.0), 'J12': np.float32(-0.61517113), 'J13': np.float32(-0.0), 'cluster3106249630_3106249631_J60_J61_#5more': np.float32(-0.055504162)}, {'J10': 5, 'J11': 0, 'J12': 15, 'J13': 0, 'cluster3106249630_3106249631_J60_J61_#5more': 3}, {'J10': 5, 'J11': 0, 'J12': 56, 'J13': 0, 'cluster3106249630_3106249631_J60_J61_#5more': 3}, 
4500.0, {'J10': np.float32(-0.09250694), 'J11': np.float32(-0.0), 'J12': np.float32(-0.67807585), 'J13': np.float32(-0.0), 'cluster3106249630_3106249631_J60_J61_#5more': np.float32(-0.055504162)}, {'J10': 5, 'J11': 0, 'J12': 15, 'J13': 0, 'cluster3106249630_3106249631_J60_J61_#5more': 3}, {'J10': 5, 'J11': 0, 'J12': 53, 'J13': 0, 'cluster3106249630_3106249631_J60_J61_#5more': 3}, 
4505.0, {'J10': np.float32(-0.09250694), 'J11': np.float32(-0.0), 'J12': np.float32(-0.98057353), 'J13': np.float32(-0.0), 'cluster3106249630_3106249631_J60_J61_#5more': np.float32(-0.06105458)}, {'J10': 5, 'J11': 0, 'J12': 15, 'J13': 0, 'cluster3106249630_3106249631_J60_J61_#5more': 4}, {'J10': 5, 'J11': 0, 'J12': 53, 'J13': 0, 'cluster3106249630_3106249631_J60_J61_#5more': 4}, 
4510.0, {'J10': np.float32(-0.09250694), 'J11': np.float32(-0.0), 'J12': np.float32(-0.98057353), 'J13': np.float32(-0.0), 'cluster3106249630_3106249631_J60_J61_#5more': np.float32(-0.07400555)}, {'J10': 5, 'J11': 0, 'J12': 15, 'J13': 0, 'cluster3106249630_3106249631_J60_J61_#5more': 4}, {'J10': 5, 'J11': 0, 'J12': 53, 'J13': 0, 'cluster3106249630_3106249631_J60_J61_#5more': 4}, 
4515.0, {'J10': np.float32(-0.09250694), 'J11': np.float32(-0.0), 'J12': np.float32(-0.9888992), 'J13': np.float32(-0.0), 'cluster3106249630_3106249631_J60_J61_#5more': np.float32(-0.07400555)}, {'J10': 5, 'J11': 0, 'J12': 16, 'J13': 0, 'cluster3106249630_3106249631_J60_J61_#5more': 4}, {'J10': 5, 'J11': 0, 'J12': 55, 'J13': 0, 'cluster3106249630_3106249631_J60_J61_#5more': 4}, 
4520.0, {'J10': np.float32(-0.09250694), 'J11': np.float32(-0.0), 'J12': np.float32(-1.027752), 'J13': np.float32(-0.0), 'cluster3106249630_3106249631_J60_J61_#5more': np.float32(0.19426458)}, {'J10': 5, 'J11': 0, 'J12': 16, 'J13': 0, 'cluster3106249630_3106249631_J60_J61_#5more': 3}, {'J10': 5, 'J11': 0, 'J12': 57, 'J13': 0, 'cluster3106249630_3106249631_J60_J61_#5more': 3}, 
4525.0, {'J10': np.float32(-0.09250694), 'J11': np.float32(-0.0), 'J12': np.float32(-1.0823312), 'J13': np.float32(-0.0), 'cluster3106249630_3106249631_J60_J61_#5more': np.float32(0.20999075)}, {'J10': 5, 'J11': 0, 'J12': 17, 'J13': 0, 'cluster3106249630_3106249631_J60_J61_#5more': 2}, {'J10': 5, 'J11': 0, 'J12': 61, 'J13': 0, 'cluster3106249630_3106249631_J60_J61_#5more': 2}, 
4530.0, {'J10': np.float32(-0.09250694), 'J11': np.float32(-0.0), 'J12': np.float32(3.0), 'J13': np.float32(-0.0), 'cluster3106249630_3106249631_J60_J61_#5more': np.float32(-0.037002776)}, {'J10': 5, 'J11': 0, 'J12': 18, 'J13': 0, 'cluster3106249630_3106249631_J60_J61_#5more': 2}, {'J10': 5, 'J11': 0, 'J12': 60, 'J13': 0, 'cluster3106249630_3106249631_J60_J61_#5more': 2}, 
4535.0, {'J10': np.float32(0.46438482), 'J11': np.float32(-0.0), 'J12': np.float32(-0.6975023), 'J13': np.float32(-0.0), 'cluster3106249630_3106249631_J60_J61_#5more': np.float32(-0.037002776)}, {'J10': 4, 'J11': 0, 'J12': 18, 'J13': 0, 'cluster3106249630_3106249631_J60_J61_#5more': 2}, {'J10': 4, 'J11': 0, 'J12': 61, 'J13': 0, 'cluster3106249630_3106249631_J60_J61_#5more': 2}, 
4540.0, {'J10': np.float32(0.37372804), 'J11': np.float32(-0.0), 'J12': np.float32(-1.1313598), 'J13': np.float32(-0.0), 'cluster3106249630_3106249631_J60_J61_#5more': np.float32(-0.04347826)}, {'J10': 3, 'J11': 0, 'J12': 18, 'J13': 0, 'cluster3106249630_3106249631_J60_J61_#5more': 3}, {'J10': 3, 'J11': 0, 'J12': 63, 'J13': 0, 'cluster3106249630_3106249631_J60_J61_#5more': 3}, 
4545.0, {'J10': np.float32(-0.06012951), 'J11': np.float32(-0.0), 'J12': np.float32(-0.3080481), 'J13': np.float32(-0.0), 'cluster3106249630_3106249631_J60_J61_#5more': np.float32(-0.055504162)}, {'J10': 5, 'J11': 0, 'J12': 18, 'J13': 0, 'cluster3106249630_3106249631_J60_J61_#5more': 3}, {'J10': 5, 'J11': 0, 'J12': 64, 'J13': 0, 'cluster3106249630_3106249631_J60_J61_#5more': 3}, 
4550.0, {'J10': np.float32(-0.09250694), 'J11': np.float32(-0.0), 'J12': np.float32(-1.1840888), 'J13': np.float32(-0.0), 'cluster3106249630_3106249631_J60_J61_#5more': np.float32(-0.055504162)}, {'J10': 5, 'J11': 0, 'J12': 18, 'J13': 0, 'cluster3106249630_3106249631_J60_J61_#5more': 3}, {'J10': 5, 'J11': 0, 'J12': 64, 'J13': 0, 'cluster3106249630_3106249631_J60_J61_#5more': 3}, 
4555.0, {'J10': np.float32(-0.09250694), 'J11': np.float32(-0.0), 'J12': np.float32(0.06845514), 'J13': np.float32(-0.0), 'cluster3106249630_3106249631_J60_J61_#5more': np.float32(-0.055504162)}, {'J10': 5, 'J11': 0, 'J12': 18, 'J13': 0, 'cluster3106249630_3106249631_J60_J61_#5more': 3}, {'J10': 5, 'J11': 0, 'J12': 62, 'J13': 0, 'cluster3106249630_3106249631_J60_J61_#5more': 3}, 
4560.0, {'J10': np.float32(-0.09250694), 'J11': np.float32(-0.0), 'J12': np.float32(-1.159112), 'J13': np.float32(-0.0), 'cluster3106249630_3106249631_J60_J61_#5more': np.float32(-0.055504162)}, {'J10': 5, 'J11': 0, 'J12': 18, 'J13': 0, 'cluster3106249630_3106249631_J60_J61_#5more': 3}, {'J10': 5, 'J11': 0, 'J12': 64, 'J13': 0, 'cluster3106249630_3106249631_J60_J61_#5more': 3}, 
4565.0, {'J10': np.float32(-0.09250694), 'J11': np.float32(-0.0), 'J12': np.float32(1.0416281), 'J13': np.float32(-0.0), 'cluster3106249630_3106249631_J60_J61_#5more': np.float32(-0.055504162)}, {'J10': 5, 'J11': 0, 'J12': 18, 'J13': 0, 'cluster3106249630_3106249631_J60_J61_#5more': 3}, {'J10': 5, 'J11': 0, 'J12': 61, 'J13': 0, 'cluster3106249630_3106249631_J60_J61_#5more': 3}, 
4570.0, {'J10': np.float32(-0.09250694), 'J11': np.float32(-0.0), 'J12': np.float32(-0.43385753), 'J13': np.float32(-0.0), 'cluster3106249630_3106249631_J60_J61_#5more': np.float32(-0.055504162)}, {'J10': 5, 'J11': 0, 'J12': 18, 'J13': 0, 'cluster3106249630_3106249631_J60_J61_#5more': 3}, {'J10': 5, 'J11': 0, 'J12': 59, 'J13': 0, 'cluster3106249630_3106249631_J60_J61_#5more': 3}, 
4575.0, {'J10': np.float32(-0.09250694), 'J11': np.float32(-0.0), 'J12': np.float32(2.720629), 'J13': np.float32(-0.0), 'cluster3106249630_3106249631_J60_J61_#5more': np.float32(-0.055504162)}, {'J10': 5, 'J11': 0, 'J12': 16, 'J13': 0, 'cluster3106249630_3106249631_J60_J61_#5more': 3}, {'J10': 5, 'J11': 0, 'J12': 57, 'J13': 0, 'cluster3106249630_3106249631_J60_J61_#5more': 3}, 
4580.0, {'J10': np.float32(-0.09250694), 'J11': np.float32(-0.0), 'J12': np.float32(-0.6392229), 'J13': np.float32(-0.0), 'cluster3106249630_3106249631_J60_J61_#5more': np.float32(-0.055504162)}, {'J10': 5, 'J11': 0, 'J12': 16, 'J13': 0, 'cluster3106249630_3106249631_J60_J61_#5more': 3}, {'J10': 5, 'J11': 0, 'J12': 56, 'J13': 0, 'cluster3106249630_3106249631_J60_J61_#5more': 3}, 
4585.0, {'J10': np.float32(-0.09250694), 'J11': np.float32(-0.0), 'J12': np.float32(0.43848288), 'J13': np.float32(-0.0), 'cluster3106249630_3106249631_J60_J61_#5more': np.float32(-0.055504162)}, {'J10': 5, 'J11': 0, 'J12': 16, 'J13': 0, 'cluster3106249630_3106249631_J60_J61_#5more': 3}, {'J10': 5, 'J11': 0, 'J12': 54, 'J13': 0, 'cluster3106249630_3106249631_J60_J61_#5more': 3}, 
4590.0, {'J10': np.float32(-0.09250694), 'J11': np.float32(-0.0), 'J12': np.float32(1.8630897), 'J13': np.float32(-0.0), 'cluster3106249630_3106249631_J60_J61_#5more': np.float32(-0.055504162)}, {'J10': 5, 'J11': 0, 'J12': 15, 'J13': 0, 'cluster3106249630_3106249631_J60_J61_#5more': 3}, {'J10': 5, 'J11': 0, 'J12': 52, 'J13': 0, 'cluster3106249630_3106249631_J60_J61_#5more': 3}, 
4595.0, {'J10': np.float32(-0.09250694), 'J11': np.float32(-0.0), 'J12': np.float32(-0.719704), 'J13': np.float32(-0.0), 'cluster3106249630_3106249631_J60_J61_#5more': np.float32(-0.055504162)}, {'J10': 5, 'J11': 0, 'J12': 15, 'J13': 0, 'cluster3106249630_3106249631_J60_J61_#5more': 3}, {'J10': 5, 'J11': 0, 'J12': 51, 'J13': 0, 'cluster3106249630_3106249631_J60_J61_#5more': 3}, 
4600.0, {'J10': np.float32(0.5744681), 'J11': np.float32(-0.0), 'J12': np.float32(-0.4717854), 'J13': np.float32(-0.0), 'cluster3106249630_3106249631_J60_J61_#5more': np.float32(-0.055504162)}, {'J10': 4, 'J11': 0, 'J12': 15, 'J13': 0, 'cluster3106249630_3106249631_J60_J61_#5more': 3}, {'J10': 4, 'J11': 0, 'J12': 54, 'J13': 0, 'cluster3106249630_3106249631_J60_J61_#5more': 3}, 
4605.0, {'J10': np.float32(0.37280297), 'J11': np.float32(-0.002775208), 'J12': np.float32(-1.012951), 'J13': np.float32(-0.0), 'cluster3106249630_3106249631_J60_J61_#5more': np.float32(-0.055504162)}, {'J10': 3, 'J11': 1, 'J12': 16, 'J13': 0, 'cluster3106249630_3106249631_J60_J61_#5more': 3}, {'J10': 3, 'J11': 1, 'J12': 56, 'J13': 0, 'cluster3106249630_3106249631_J60_J61_#5more': 3}, 
4610.0, {'J10': np.float32(-0.058279373), 'J11': np.float32(0.002775208), 'J12': np.float32(-1.039778), 'J13': np.float32(-0.0), 'cluster3106249630_3106249631_J60_J61_#5more': np.float32(0.52081406)}, {'J10': 4, 'J11': 0, 'J12': 16, 'J13': 0, 'cluster3106249630_3106249631_J60_J61_#5more': 2}, {'J10': 4, 'J11': 0, 'J12': 57, 'J13': 0, 'cluster3106249630_3106249631_J60_J61_#5more': 2}, 
4615.0, {'J10': np.float32(-0.083256245), 'J11': np.float32(-0.0), 'J12': np.float32(1.4542091), 'J13': np.float32(-0.0), 'cluster3106249630_3106249631_J60_J61_#5more': np.float32(-0.037002776)}, {'J10': 5, 'J11': 0, 'J12': 15, 'J13': 0, 'cluster3106249630_3106249631_J60_J61_#5more': 2}, {'J10': 5, 'J11': 0, 'J12': 58, 'J13': 0, 'cluster3106249630_3106249631_J60_J61_#5more': 2}, 
4620.0, {'J10': np.float32(-0.09250694), 'J11': np.float32(-0.0), 'J12': np.float32(-1.052729), 'J13': np.float32(-0.0), 'cluster3106249630_3106249631_J60_J61_#5more': np.float32(0.39407957)}, {'J10': 5, 'J11': 0, 'J12': 15, 'J13': 0, 'cluster3106249630_3106249631_J60_J61_#5more': 1}, {'J10': 5, 'J11': 0, 'J12': 61, 'J13': 0, 'cluster3106249630_3106249631_J60_J61_#5more': 1}, 
4625.0, {'J10': np.float32(-0.09250694), 'J11': np.float32(-0.0), 'J12': np.float32(-1.0037003), 'J13': np.float32(-0.0), 'cluster3106249630_3106249631_J60_J61_#5more': np.float32(-0.018501388)}, {'J10': 5, 'J11': 0, 'J12': 15, 'J13': 0, 'cluster3106249630_3106249631_J60_J61_#5more': 1}, {'J10': 5, 'J11': 0, 'J12': 58, 'J13': 0, 'cluster3106249630_3106249631_J60_J61_#5more': 1}, 
4630.0, {'J10': np.float32(-0.09250694), 'J11': np.float32(-0.0), 'J12': np.float32(1.560592), 'J13': np.float32(-0.0), 'cluster3106249630_3106249631_J60_J61_#5more': np.float32(-0.018501388)}, {'J10': 5, 'J11': 0, 'J12': 15, 'J13': 0, 'cluster3106249630_3106249631_J60_J61_#5more': 1}, {'J10': 5, 'J11': 0, 'J12': 56, 'J13': 0, 'cluster3106249630_3106249631_J60_J61_#5more': 1}, 
4635.0, {'J10': np.float32(-0.09250694), 'J11': np.float32(-0.0), 'J12': np.float32(1.7520814), 'J13': np.float32(-0.0), 'cluster3106249630_3106249631_J60_J61_#5more': np.float32(-0.018501388)}, {'J10': 5, 'J11': 0, 'J12': 15, 'J13': 0, 'cluster3106249630_3106249631_J60_J61_#5more': 1}, {'J10': 5, 'J11': 0, 'J12': 52, 'J13': 0, 'cluster3106249630_3106249631_J60_J61_#5more': 1}, 
4640.0, {'J10': np.float32(-0.09250694), 'J11': np.float32(-0.0), 'J12': np.float32(-0.97317296), 'J13': np.float32(-0.0), 'cluster3106249630_3106249631_J60_J61_#5more': np.float32(-0.018501388)}, {'J10': 5, 'J11': 0, 'J12': 15, 'J13': 0, 'cluster3106249630_3106249631_J60_J61_#5more': 1}, {'J10': 5, 'J11': 0, 'J12': 55, 'J13': 0, 'cluster3106249630_3106249631_J60_J61_#5more': 1}, 
4645.0, {'J10': np.float32(-0.09250694), 'J11': np.float32(-0.0), 'J12': np.float32(-0.9583719), 'J13': np.float32(-0.0), 'cluster3106249630_3106249631_J60_J61_#5more': np.float32(-0.018501388)}, {'J10': 5, 'J11': 0, 'J12': 15, 'J13': 0, 'cluster3106249630_3106249631_J60_J61_#5more': 1}, {'J10': 5, 'J11': 0, 'J12': 54, 'J13': 0, 'cluster3106249630_3106249631_J60_J61_#5more': 1}, 
4650.0, {'J10': np.float32(-0.09250694), 'J11': np.float32(-0.0), 'J12': np.float32(-0.9907493), 'J13': np.float32(-0.0), 'cluster3106249630_3106249631_J60_J61_#5more': np.float32(-0.018501388)}, {'J10': 5, 'J11': 0, 'J12': 15, 'J13': 0, 'cluster3106249630_3106249631_J60_J61_#5more': 1}, {'J10': 5, 'J11': 0, 'J12': 55, 'J13': 0, 'cluster3106249630_3106249631_J60_J61_#5more': 1}, 
4655.0, {'J10': np.float32(-0.09250694), 'J11': np.float32(-0.0), 'J12': np.float32(1.9824237), 'J13': np.float32(-0.0), 'cluster3106249630_3106249631_J60_J61_#5more': np.float32(-0.018501388)}, {'J10': 5, 'J11': 0, 'J12': 15, 'J13': 0, 'cluster3106249630_3106249631_J60_J61_#5more': 1}, {'J10': 5, 'J11': 0, 'J12': 52, 'J13': 0, 'cluster3106249630_3106249631_J60_J61_#5more': 1}, 
4660.0, {'J10': np.float32(-0.09250694), 'J11': np.float32(-0.004625347), 'J12': np.float32(2.437558), 'J13': np.float32(-0.0), 'cluster3106249630_3106249631_J60_J61_#5more': np.float32(-0.018501388)}, {'J10': 5, 'J11': 1, 'J12': 13, 'J13': 0, 'cluster3106249630_3106249631_J60_J61_#5more': 1}, {'J10': 5, 'J11': 1, 'J12': 47, 'J13': 0, 'cluster3106249630_3106249631_J60_J61_#5more': 1}, 
4665.0, {'J10': np.float32(1.0222017), 'J11': np.float32(0.004625347), 'J12': np.float32(0.72987974), 'J13': np.float32(-0.0), 'cluster3106249630_3106249631_J60_J61_#5more': np.float32(-0.019426458)}, {'J10': 3, 'J11': 0, 'J12': 12, 'J13': 0, 'cluster3106249630_3106249631_J60_J61_#5more': 2}, {'J10': 3, 'J11': 0, 'J12': 45, 'J13': 0, 'cluster3106249630_3106249631_J60_J61_#5more': 2}, 
4670.0, {'J10': np.float32(-0.055504162), 'J11': np.float32(-0.0), 'J12': np.float32(-0.8344126), 'J13': np.float32(-0.0), 'cluster3106249630_3106249631_J60_J61_#5more': np.float32(-0.037002776)}, {'J10': 3, 'J11': 0, 'J12': 12, 'J13': 0, 'cluster3106249630_3106249631_J60_J61_#5more': 2}, {'J10': 3, 'J11': 0, 'J12': 46, 'J13': 0, 'cluster3106249630_3106249631_J60_J61_#5more': 2}, 
4675.0, {'J10': np.float32(-0.06012951), 'J11': np.float32(-0.0), 'J12': np.float32(-0.76688254), 'J13': np.float32(-0.0), 'cluster3106249630_3106249631_J60_J61_#5more': np.float32(0.46901017)}, {'J10': 5, 'J11': 0, 'J12': 13, 'J13': 0, 'cluster3106249630_3106249631_J60_J61_#5more': 1}, {'J10': 5, 'J11': 0, 'J12': 47, 'J13': 0, 'cluster3106249630_3106249631_J60_J61_#5more': 1}, 
4680.0, {'J10': np.float32(-0.09250694), 'J11': np.float32(-0.0), 'J12': np.float32(0.53746533), 'J13': np.float32(-0.0), 'cluster3106249630_3106249631_J60_J61_#5more': np.float32(-0.018501388)}, {'J10': 5, 'J11': 0, 'J12': 13, 'J13': 0, 'cluster3106249630_3106249631_J60_J61_#5more': 1}, {'J10': 5, 'J11': 0, 'J12': 47, 'J13': 0, 'cluster3106249630_3106249631_J60_J61_#5more': 1}, 
4685.0, {'J10': np.float32(-0.09250694), 'J11': np.float32(-0.0), 'J12': np.float32(1.8741906), 'J13': np.float32(-0.0), 'cluster3106249630_3106249631_J60_J61_#5more': np.float32(-0.018501388)}, {'J10': 5, 'J11': 0, 'J12': 12, 'J13': 0, 'cluster3106249630_3106249631_J60_J61_#5more': 1}, {'J10': 5, 'J11': 0, 'J12': 43, 'J13': 0, 'cluster3106249630_3106249631_J60_J61_#5more': 1}, 
4690.0, {'J10': np.float32(-0.09250694), 'J11': np.float32(-0.0), 'J12': np.float32(3.0), 'J13': np.float32(-0.0), 'cluster3106249630_3106249631_J60_J61_#5more': np.float32(-0.02960222)}, {'J10': 5, 'J11': 0, 'J12': 12, 'J13': 0, 'cluster3106249630_3106249631_J60_J61_#5more': 3}, {'J10': 5, 'J11': 0, 'J12': 39, 'J13': 0, 'cluster3106249630_3106249631_J60_J61_#5more': 3}, 
4695.0, {'J10': np.float32(-0.09250694), 'J11': np.float32(-0.0), 'J12': np.float32(0.17576317), 'J13': np.float32(-0.0), 'cluster3106249630_3106249631_J60_J61_#5more': np.float32(-0.06475486)}, {'J10': 5, 'J11': 0, 'J12': 14, 'J13': 0, 'cluster3106249630_3106249631_J60_J61_#5more': 4}, {'J10': 5, 'J11': 0, 'J12': 40, 'J13': 0, 'cluster3106249630_3106249631_J60_J61_#5more': 4}, 
4700.0, {'J10': np.float32(-0.09250694), 'J11': np.float32(-0.0), 'J12': np.float32(0.8362627), 'J13': np.float32(-0.0), 'cluster3106249630_3106249631_J60_J61_#5more': np.float32(-0.07400555)}, {'J10': 5, 'J11': 0, 'J12': 14, 'J13': 0, 'cluster3106249630_3106249631_J60_J61_#5more': 4}, {'J10': 5, 'J11': 0, 'J12': 39, 'J13': 0, 'cluster3106249630_3106249631_J60_J61_#5more': 4}, 
4705.0, {'J10': np.float32(-0.09250694), 'J11': np.float32(-0.0), 'J12': np.float32(3.0), 'J13': np.float32(-0.0), 'cluster3106249630_3106249631_J60_J61_#5more': np.float32(-0.07400555)}, {'J10': 5, 'J11': 0, 'J12': 12, 'J13': 0, 'cluster3106249630_3106249631_J60_J61_#5more': 4}, {'J10': 5, 'J11': 0, 'J12': 37, 'J13': 0, 'cluster3106249630_3106249631_J60_J61_#5more': 4}, 
4710.0, {'J10': np.float32(-0.09250694), 'J11': np.float32(-0.0), 'J12': np.float32(-0.7234042), 'J13': np.float32(-0.0), 'cluster3106249630_3106249631_J60_J61_#5more': np.float32(0.09343201)}, {'J10': 5, 'J11': 0, 'J12': 12, 'J13': 0, 'cluster3106249630_3106249631_J60_J61_#5more': 3}, {'J10': 5, 'J11': 0, 'J12': 45, 'J13': 0, 'cluster3106249630_3106249631_J60_J61_#5more': 3}, 
4715.0, {'J10': np.float32(0.92876965), 'J11': np.float32(-0.0), 'J12': np.float32(-0.8547641), 'J13': np.float32(-0.0), 'cluster3106249630_3106249631_J60_J61_#5more': np.float32(-0.056429233)}, {'J10': 3, 'J11': 0, 'J12': 13, 'J13': 0, 'cluster3106249630_3106249631_J60_J61_#5more': 4}, {'J10': 3, 'J11': 0, 'J12': 48, 'J13': 0, 'cluster3106249630_3106249631_J60_J61_#5more': 4}, 
4720.0, {'J10': np.float32(-0.055504162), 'J11': np.float32(-0.0), 'J12': np.float32(-0.8880666), 'J13': np.float32(-0.0), 'cluster3106249630_3106249631_J60_J61_#5more': np.float32(-0.07400555)}, {'J10': 3, 'J11': 0, 'J12': 13, 'J13': 0, 'cluster3106249630_3106249631_J60_J61_#5more': 4}, {'J10': 3, 'J11': 0, 'J12': 48, 'J13': 0, 'cluster3106249630_3106249631_J60_J61_#5more': 4}, 
4725.0, {'J10': np.float32(-0.06012951), 'J11': np.float32(-0.0), 'J12': np.float32(-0.89269197), 'J13': np.float32(-0.0), 'cluster3106249630_3106249631_J60_J61_#5more': np.float32(-0.07400555)}, {'J10': 5, 'J11': 0, 'J12': 13, 'J13': 0, 'cluster3106249630_3106249631_J60_J61_#5more': 4}, {'J10': 5, 'J11': 0, 'J12': 49, 'J13': 0, 'cluster3106249630_3106249631_J60_J61_#5more': 4}, 
4730.0, {'J10': np.float32(-0.09250694), 'J11': np.float32(-0.0), 'J12': np.float32(-0.906568), 'J13': np.float32(-0.0), 'cluster3106249630_3106249631_J60_J61_#5more': np.float32(-0.07400555)}, {'J10': 5, 'J11': 0, 'J12': 13, 'J13': 0, 'cluster3106249630_3106249631_J60_J61_#5more': 4}, {'J10': 5, 'J11': 0, 'J12': 49, 'J13': 0, 'cluster3106249630_3106249631_J60_J61_#5more': 4}, 
4735.0, {'J10': np.float32(0.36077705), 'J11': np.float32(-0.0), 'J12': np.float32(1.1757631), 'J13': np.float32(-0.0), 'cluster3106249630_3106249631_J60_J61_#5more': np.float32(-0.07400555)}, {'J10': 4, 'J11': 0, 'J12': 13, 'J13': 0, 'cluster3106249630_3106249631_J60_J61_#5more': 4}, {'J10': 4, 'J11': 0, 'J12': 47, 'J13': 0, 'cluster3106249630_3106249631_J60_J61_#5more': 4}, 
4740.0, {'J10': np.float32(0.4708603), 'J11': np.float32(-0.0), 'J12': np.float32(2.6068456), 'J13': np.float32(-0.0), 'cluster3106249630_3106249631_J60_J61_#5more': np.float32(-0.07400555)}, {'J10': 1, 'J11': 0, 'J12': 12, 'J13': 0, 'cluster3106249630_3106249631_J60_J61_#5more': 4}, {'J10': 1, 'J11': 0, 'J12': 43, 'J13': 0, 'cluster3106249630_3106249631_J60_J61_#5more': 4}, 
4745.0, {'J10': np.float32(0.056429233), 'J11': np.float32(-0.0), 'J12': np.float32(-0.79555964), 'J13': np.float32(-0.0), 'cluster3106249630_3106249631_J60_J61_#5more': np.float32(-0.07400555)}, {'J10': 0, 'J11': 0, 'J12': 12, 'J13': 0, 'cluster3106249630_3106249631_J60_J61_#5more': 4}, {'J10': 0, 'J11': 0, 'J12': 43, 'J13': 0, 'cluster3106249630_3106249631_J60_J61_#5more': 4}, 
4750.0, {'J10': np.float32(-0.0009250694), 'J11': np.float32(-0.0), 'J12': np.float32(-0.8029602), 'J13': np.float32(-0.0), 'cluster3106249630_3106249631_J60_J61_#5more': np.float32(-0.08233117)}, {'J10': 1, 'J11': 0, 'J12': 12, 'J13': 0, 'cluster3106249630_3106249631_J60_J61_#5more': 6}, {'J10': 1, 'J11': 0, 'J12': 45, 'J13': 0, 'cluster3106249630_3106249631_J60_J61_#5more': 6}, 
4755.0, {'J10': np.float32(-0.019426458), 'J11': np.float32(-0.0), 'J12': np.float32(-0.85106385), 'J13': np.float32(-0.0), 'cluster3106249630_3106249631_J60_J61_#5more': np.float32(-0.111008324)}, {'J10': 2, 'J11': 0, 'J12': 14, 'J13': 0, 'cluster3106249630_3106249631_J60_J61_#5more': 6}, {'J10': 2, 'J11': 0, 'J12': 48, 'J13': 0, 'cluster3106249630_3106249631_J60_J61_#5more': 6}, 
4760.0, {'J10': np.float32(-0.051803887), 'J11': np.float32(-0.0), 'J12': np.float32(0.20721555), 'J13': np.float32(-0.0), 'cluster3106249630_3106249631_J60_J61_#5more': np.float32(-0.111008324)}, {'J10': 5, 'J11': 0, 'J12': 14, 'J13': 0, 'cluster3106249630_3106249631_J60_J61_#5more': 6}, {'J10': 5, 'J11': 0, 'J12': 48, 'J13': 0, 'cluster3106249630_3106249631_J60_J61_#5more': 6}, 
4765.0, {'J10': np.float32(-0.09250694), 'J11': np.float32(-0.0), 'J12': np.float32(1.8455135), 'J13': np.float32(-0.0), 'cluster3106249630_3106249631_J60_J61_#5more': np.float32(-0.111008324)}, {'J10': 5, 'J11': 0, 'J12': 14, 'J13': 0, 'cluster3106249630_3106249631_J60_J61_#5more': 6}, {'J10': 5, 'J11': 0, 'J12': 46, 'J13': 0, 'cluster3106249630_3106249631_J60_J61_#5more': 6}, 
4770.0, {'J10': np.float32(-0.09250694), 'J11': np.float32(-0.0), 'J12': np.float32(1.0490286), 'J13': np.float32(-0.0), 'cluster3106249630_3106249631_J60_J61_#5more': np.float32(-0.111008324)}, {'J10': 5, 'J11': 0, 'J12': 14, 'J13': 0, 'cluster3106249630_3106249631_J60_J61_#5more': 6}, {'J10': 5, 'J11': 0, 'J12': 43, 'J13': 0, 'cluster3106249630_3106249631_J60_J61_#5more': 6}, 
4775.0, {'J10': np.float32(-0.09250694), 'J11': np.float32(-0.0), 'J12': np.float32(0.32377428), 'J13': np.float32(-0.0), 'cluster3106249630_3106249631_J60_J61_#5more': np.float32(-0.111008324)}, {'J10': 5, 'J11': 0, 'J12': 14, 'J13': 0, 'cluster3106249630_3106249631_J60_J61_#5more': 6}, {'J10': 5, 'J11': 0, 'J12': 40, 'J13': 0, 'cluster3106249630_3106249631_J60_J61_#5more': 6}, 
4780.0, {'J10': np.float32(-0.09250694), 'J11': np.float32(-0.0), 'J12': np.float32(-0.5827937), 'J13': np.float32(-0.0), 'cluster3106249630_3106249631_J60_J61_#5more': np.float32(-0.111008324)}, {'J10': 5, 'J11': 0, 'J12': 14, 'J13': 0, 'cluster3106249630_3106249631_J60_J61_#5more': 6}, {'J10': 5, 'J11': 0, 'J12': 38, 'J13': 0, 'cluster3106249630_3106249631_J60_J61_#5more': 6}, 
4785.0, {'J10': np.float32(-0.09250694), 'J11': np.float32(-0.0), 'J12': np.float32(-0.7030527), 'J13': np.float32(-0.0), 'cluster3106249630_3106249631_J60_J61_#5more': np.float32(-0.111008324)}, {'J10': 5, 'J11': 0, 'J12': 14, 'J13': 0, 'cluster3106249630_3106249631_J60_J61_#5more': 6}, {'J10': 5, 'J11': 0, 'J12': 38, 'J13': 0, 'cluster3106249630_3106249631_J60_J61_#5more': 6}, 
4790.0, {'J10': np.float32(-0.09250694), 'J11': np.float32(-0.0), 'J12': np.float32(-0.7104533), 'J13': np.float32(-0.0), 'cluster3106249630_3106249631_J60_J61_#5more': np.float32(-0.111008324)}, {'J10': 5, 'J11': 0, 'J12': 14, 'J13': 0, 'cluster3106249630_3106249631_J60_J61_#5more': 6}, {'J10': 5, 'J11': 0, 'J12': 40, 'J13': 0, 'cluster3106249630_3106249631_J60_J61_#5more': 6}, 
4795.0, {'J10': np.float32(-0.09250694), 'J11': np.float32(-0.0), 'J12': np.float32(-0.7234042), 'J13': np.float32(-0.0), 'cluster3106249630_3106249631_J60_J61_#5more': np.float32(-0.111008324)}, {'J10': 5, 'J11': 0, 'J12': 14, 'J13': 0, 'cluster3106249630_3106249631_J60_J61_#5more': 6}, {'J10': 5, 'J11': 0, 'J12': 40, 'J13': 0, 'cluster3106249630_3106249631_J60_J61_#5more': 6}, 
4800.0, {'J10': np.float32(-0.09250694), 'J11': np.float32(-0.0), 'J12': np.float32(-0.7400555), 'J13': np.float32(-0.008325624), 'cluster3106249630_3106249631_J60_J61_#5more': np.float32(-0.111008324)}, {'J10': 5, 'J11': 0, 'J12': 14, 'J13': 1, 'cluster3106249630_3106249631_J60_J61_#5more': 6}, {'J10': 5, 'J11': 0, 'J12': 40, 'J13': 1, 'cluster3106249630_3106249631_J60_J61_#5more': 6}, 
4805.0, {'J10': np.float32(-0.09250694), 'J11': np.float32(-0.0), 'J12': np.float32(-0.75763184), 'J13': np.float32(0.008325624), 'cluster3106249630_3106249631_J60_J61_#5more': np.float32(-0.111008324)}, {'J10': 5, 'J11': 0, 'J12': 14, 'J13': 0, 'cluster3106249630_3106249631_J60_J61_#5more': 6}, {'J10': 5, 'J11': 0, 'J12': 44, 'J13': 0, 'cluster3106249630_3106249631_J60_J61_#5more': 6}, 
4810.0, {'J10': np.float32(0.13043478), 'J11': np.float32(-0.0), 'J12': np.float32(-0.8334875), 'J13': np.float32(-0.0), 'cluster3106249630_3106249631_J60_J61_#5more': np.float32(0.34135062)}, {'J10': 4, 'J11': 0, 'J12': 14, 'J13': 0, 'cluster3106249630_3106249631_J60_J61_#5more': 5}, {'J10': 4, 'J11': 0, 'J12': 48, 'J13': 0, 'cluster3106249630_3106249631_J60_J61_#5more': 5}, 
4815.0, {'J10': np.float32(0.14893617), 'J11': np.float32(-0.0), 'J12': np.float32(3.0), 'J13': np.float32(-0.0), 'cluster3106249630_3106249631_J60_J61_#5more': np.float32(-0.09250694)}, {'J10': 3, 'J11': 0, 'J12': 12, 'J13': 0, 'cluster3106249630_3106249631_J60_J61_#5more': 5}, {'J10': 3, 'J11': 0, 'J12': 46, 'J13': 0, 'cluster3106249630_3106249631_J60_J61_#5more': 5}, 
4820.0, {'J10': np.float32(-0.06012951), 'J11': np.float32(-0.0), 'J12': np.float32(1.2358927), 'J13': np.float32(-0.0), 'cluster3106249630_3106249631_J60_J61_#5more': np.float32(0.39130434)}, {'J10': 5, 'J11': 0, 'J12': 12, 'J13': 0, 'cluster3106249630_3106249631_J60_J61_#5more': 4}, {'J10': 5, 'J11': 0, 'J12': 41, 'J13': 0, 'cluster3106249630_3106249631_J60_J61_#5more': 4}, 
4825.0, {'J10': np.float32(-0.09250694), 'J11': np.float32(-0.0), 'J12': np.float32(-0.6281221), 'J13': np.float32(-0.0), 'cluster3106249630_3106249631_J60_J61_#5more': np.float32(-0.07400555)}, {'J10': 5, 'J11': 0, 'J12': 12, 'J13': 0, 'cluster3106249630_3106249631_J60_J61_#5more': 4}, {'J10': 5, 'J11': 0, 'J12': 40, 'J13': 0, 'cluster3106249630_3106249631_J60_J61_#5more': 4}, 
4830.0, {'J10': np.float32(-0.09250694), 'J11': np.float32(-0.0), 'J12': np.float32(-0.7557817), 'J13': np.float32(-0.0009250694), 'cluster3106249630_3106249631_J60_J61_#5more': np.float32(-0.07400555)}, {'J10': 5, 'J11': 0, 'J12': 14, 'J13': 1, 'cluster3106249630_3106249631_J60_J61_#5more': 4}, {'J10': 5, 'J11': 0, 'J12': 42, 'J13': 1, 'cluster3106249630_3106249631_J60_J61_#5more': 4}, 
4835.0, {'J10': np.float32(-0.09250694), 'J11': np.float32(-0.0), 'J12': np.float32(-0.6864015), 'J13': np.float32(-0.018501388), 'cluster3106249630_3106249631_J60_J61_#5more': np.float32(-0.07400555)}, {'J10': 5, 'J11': 0, 'J12': 14, 'J13': 1, 'cluster3106249630_3106249631_J60_J61_#5more': 4}, {'J10': 5, 'J11': 0, 'J12': 49, 'J13': 1, 'cluster3106249630_3106249631_J60_J61_#5more': 4}, 
4840.0, {'J10': np.float32(-0.09250694), 'J11': np.float32(-0.0), 'J12': np.float32(-0.32192415), 'J13': np.float32(-0.018501388), 'cluster3106249630_3106249631_J60_J61_#5more': np.float32(-0.079555966)}, {'J10': 5, 'J11': 0, 'J12': 15, 'J13': 1, 'cluster3106249630_3106249631_J60_J61_#5more': 5}, {'J10': 5, 'J11': 0, 'J12': 50, 'J13': 1, 'cluster3106249630_3106249631_J60_J61_#5more': 5}, 
4845.0, {'J10': np.float32(-0.09250694), 'J11': np.float32(-0.0), 'J12': np.float32(1.0962073), 'J13': np.float32(-0.018501388), 'cluster3106249630_3106249631_J60_J61_#5more': np.float32(-0.09250694)}, {'J10': 5, 'J11': 0, 'J12': 14, 'J13': 1, 'cluster3106249630_3106249631_J60_J61_#5more': 5}, {'J10': 5, 'J11': 0, 'J12': 50, 'J13': 1, 'cluster3106249630_3106249631_J60_J61_#5more': 5}, 
4850.0, {'J10': np.float32(-0.09250694), 'J11': np.float32(-0.0), 'J12': np.float32(0.11748381), 'J13': np.float32(-0.018501388), 'cluster3106249630_3106249631_J60_J61_#5more': np.float32(-0.09250694)}, {'J10': 5, 'J11': 0, 'J12': 14, 'J13': 1, 'cluster3106249630_3106249631_J60_J61_#5more': 5}, {'J10': 5, 'J11': 0, 'J12': 48, 'J13': 1, 'cluster3106249630_3106249631_J60_J61_#5more': 5}, 
4855.0, {'J10': np.float32(-0.09250694), 'J11': np.float32(-0.0), 'J12': np.float32(2.6790009), 'J13': np.float32(-0.018501388), 'cluster3106249630_3106249631_J60_J61_#5more': np.float32(-0.095282145)}, {'J10': 5, 'J11': 0, 'J12': 15, 'J13': 1, 'cluster3106249630_3106249631_J60_J61_#5more': 6}, {'J10': 5, 'J11': 0, 'J12': 44, 'J13': 1, 'cluster3106249630_3106249631_J60_J61_#5more': 6}, 
4860.0, {'J10': np.float32(-0.09250694), 'J11': np.float32(-0.0), 'J12': np.float32(-0.8159112), 'J13': np.float32(-0.018501388), 'cluster3106249630_3106249631_J60_J61_#5more': np.float32(-0.111008324)}, {'J10': 5, 'J11': 0, 'J12': 16, 'J13': 1, 'cluster3106249630_3106249631_J60_J61_#5more': 6}, {'J10': 5, 'J11': 0, 'J12': 45, 'J13': 1, 'cluster3106249630_3106249631_J60_J61_#5more': 6}, 
4865.0, {'J10': np.float32(-0.09250694), 'J11': np.float32(-0.0), 'J12': np.float32(1.9426457), 'J13': np.float32(-0.018501388), 'cluster3106249630_3106249631_J60_J61_#5more': np.float32(-0.111008324)}, {'J10': 5, 'J11': 0, 'J12': 17, 'J13': 1, 'cluster3106249630_3106249631_J60_J61_#5more': 6}, {'J10': 5, 'J11': 0, 'J12': 41, 'J13': 1, 'cluster3106249630_3106249631_J60_J61_#5more': 6}, 
4870.0, {'J10': np.float32(-0.09250694), 'J11': np.float32(-0.0), 'J12': np.float32(1.4791859), 'J13': np.float32(-0.018501388), 'cluster3106249630_3106249631_J60_J61_#5more': np.float32(-0.111008324)}, {'J10': 5, 'J11': 0, 'J12': 17, 'J13': 1, 'cluster3106249630_3106249631_J60_J61_#5more': 6}, {'J10': 5, 'J11': 0, 'J12': 36, 'J13': 1, 'cluster3106249630_3106249631_J60_J61_#5more': 6}, 
4875.0, {'J10': np.float32(0.34042552), 'J11': np.float32(-0.0), 'J12': np.float32(0.2691952), 'J13': np.float32(-0.018501388), 'cluster3106249630_3106249631_J60_J61_#5more': np.float32(-0.111008324)}, {'J10': 4, 'J11': 0, 'J12': 17, 'J13': 1, 'cluster3106249630_3106249631_J60_J61_#5more': 6}, {'J10': 4, 'J11': 0, 'J12': 32, 'J13': 1, 'cluster3106249630_3106249631_J60_J61_#5more': 6}, 
4880.0, {'J10': np.float32(0.3746531), 'J11': np.float32(-0.0), 'J12': np.float32(-0.5319149), 'J13': np.float32(-0.018501388), 'cluster3106249630_3106249631_J60_J61_#5more': np.float32(-0.111008324)}, {'J10': 3, 'J11': 0, 'J12': 17, 'J13': 1, 'cluster3106249630_3106249631_J60_J61_#5more': 6}, {'J10': 3, 'J11': 0, 'J12': 31, 'J13': 1, 'cluster3106249630_3106249631_J60_J61_#5more': 6}, 
4885.0, {'J10': np.float32(-0.06012951), 'J11': np.float32(-0.0), 'J12': np.float32(-0.30064756), 'J13': np.float32(-0.018501388), 'cluster3106249630_3106249631_J60_J61_#5more': np.float32(-0.111008324)}, {'J10': 5, 'J11': 0, 'J12': 17, 'J13': 1, 'cluster3106249630_3106249631_J60_J61_#5more': 6}, {'J10': 5, 'J11': 0, 'J12': 36, 'J13': 1, 'cluster3106249630_3106249631_J60_J61_#5more': 6}, 
4890.0, {'J10': np.float32(-0.09250694), 'J11': np.float32(-0.0), 'J12': np.float32(-0.41535616), 'J13': np.float32(-0.018501388), 'cluster3106249630_3106249631_J60_J61_#5more': np.float32(-0.111008324)}, {'J10': 5, 'J11': 0, 'J12': 17, 'J13': 1, 'cluster3106249630_3106249631_J60_J61_#5more': 6}, {'J10': 5, 'J11': 0, 'J12': 47, 'J13': 1, 'cluster3106249630_3106249631_J60_J61_#5more': 6}, 
4895.0, {'J10': np.float32(-0.09250694), 'J11': np.float32(-0.0), 'J12': np.float32(-0.32377428), 'J13': np.float32(-0.018501388), 'cluster3106249630_3106249631_J60_J61_#5more': np.float32(-0.111008324)}, {'J10': 5, 'J11': 0, 'J12': 17, 'J13': 1, 'cluster3106249630_3106249631_J60_J61_#5more': 6}, {'J10': 5, 'J11': 0, 'J12': 50, 'J13': 1, 'cluster3106249630_3106249631_J60_J61_#5more': 6}, 
4900.0, {'J10': np.float32(-0.09250694), 'J11': np.float32(-0.0), 'J12': np.float32(-0.480111), 'J13': np.float32(-0.018501388), 'cluster3106249630_3106249631_J60_J61_#5more': np.float32(0.65679926)}, {'J10': 5, 'J11': 0, 'J12': 17, 'J13': 1, 'cluster3106249630_3106249631_J60_J61_#5more': 5}, {'J10': 5, 'J11': 0, 'J12': 47, 'J13': 1, 'cluster3106249630_3106249631_J60_J61_#5more': 5}, 
4905.0, {'J10': np.float32(-0.09250694), 'J11': np.float32(-0.0), 'J12': np.float32(-0.5291397), 'J13': np.float32(-0.018501388), 'cluster3106249630_3106249631_J60_J61_#5more': np.float32(0.6114709)}, {'J10': 5, 'J11': 0, 'J12': 17, 'J13': 1, 'cluster3106249630_3106249631_J60_J61_#5more': 4}, {'J10': 5, 'J11': 0, 'J12': 49, 'J13': 1, 'cluster3106249630_3106249631_J60_J61_#5more': 4}, 
4910.0, {'J10': np.float32(-0.09250694), 'J11': np.float32(-0.0), 'J12': np.float32(-0.93524516), 'J13': np.float32(-0.018501388), 'cluster3106249630_3106249631_J60_J61_#5more': np.float32(-0.07400555)}, {'J10': 5, 'J11': 0, 'J12': 17, 'J13': 1, 'cluster3106249630_3106249631_J60_J61_#5more': 4}, {'J10': 5, 'J11': 0, 'J12': 53, 'J13': 1, 'cluster3106249630_3106249631_J60_J61_#5more': 4}, 
4915.0, {'J10': np.float32(-0.09250694), 'J11': np.float32(-0.0), 'J12': np.float32(-0.98057353), 'J13': np.float32(-0.018501388), 'cluster3106249630_3106249631_J60_J61_#5more': np.float32(-0.07400555)}, {'J10': 5, 'J11': 0, 'J12': 17, 'J13': 1, 'cluster3106249630_3106249631_J60_J61_#5more': 4}, {'J10': 5, 'J11': 0, 'J12': 53, 'J13': 1, 'cluster3106249630_3106249631_J60_J61_#5more': 4}, 
4920.0, {'J10': np.float32(-0.09250694), 'J11': np.float32(-0.0), 'J12': np.float32(-0.98057353), 'J13': np.float32(0.31544867), 'cluster3106249630_3106249631_J60_J61_#5more': np.float32(-0.07400555)}, {'J10': 5, 'J11': 0, 'J12': 17, 'J13': 0, 'cluster3106249630_3106249631_J60_J61_#5more': 4}, {'J10': 5, 'J11': 0, 'J12': 53, 'J13': 0, 'cluster3106249630_3106249631_J60_J61_#5more': 4}, 
4925.0, {'J10': np.float32(-0.09250694), 'J11': np.float32(-0.0), 'J12': np.float32(-0.9972248), 'J13': np.float32(-0.0), 'cluster3106249630_3106249631_J60_J61_#5more': np.float32(-0.07400555)}, {'J10': 5, 'J11': 0, 'J12': 17, 'J13': 0, 'cluster3106249630_3106249631_J60_J61_#5more': 4}, {'J10': 5, 'J11': 0, 'J12': 57, 'J13': 0, 'cluster3106249630_3106249631_J60_J61_#5more': 4}, 
4930.0, {'J10': np.float32(-0.09250694), 'J11': np.float32(-0.0), 'J12': np.float32(-1.0619797), 'J13': np.float32(-0.0), 'cluster3106249630_3106249631_J60_J61_#5more': np.float32(-0.07400555)}, {'J10': 5, 'J11': 0, 'J12': 17, 'J13': 0, 'cluster3106249630_3106249631_J60_J61_#5more': 4}, {'J10': 5, 'J11': 0, 'J12': 58, 'J13': 0, 'cluster3106249630_3106249631_J60_J61_#5more': 4}, 
4935.0, {'J10': np.float32(-0.09250694), 'J11': np.float32(-0.0), 'J12': np.float32(-1.0730805), 'J13': np.float32(-0.0), 'cluster3106249630_3106249631_J60_J61_#5more': np.float32(-0.07400555)}, {'J10': 5, 'J11': 0, 'J12': 17, 'J13': 0, 'cluster3106249630_3106249631_J60_J61_#5more': 4}, {'J10': 5, 'J11': 0, 'J12': 58, 'J13': 0, 'cluster3106249630_3106249631_J60_J61_#5more': 4}, 
4940.0, {'J10': np.float32(0.5763182), 'J11': np.float32(-0.0), 'J12': np.float32(-1.079556), 'J13': np.float32(-0.0), 'cluster3106249630_3106249631_J60_J61_#5more': np.float32(-0.07400555)}, {'J10': 4, 'J11': 0, 'J12': 17, 'J13': 0, 'cluster3106249630_3106249631_J60_J61_#5more': 4}, {'J10': 4, 'J11': 0, 'J12': 59, 'J13': 0, 'cluster3106249630_3106249631_J60_J61_#5more': 4}, 
4945.0, {'J10': np.float32(0.3922294), 'J11': np.float32(-0.0), 'J12': np.float32(-1.0915818), 'J13': np.float32(-0.0), 'cluster3106249630_3106249631_J60_J61_#5more': np.float32(-0.07400555)}, {'J10': 3, 'J11': 0, 'J12': 17, 'J13': 0, 'cluster3106249630_3106249631_J60_J61_#5more': 4}, {'J10': 3, 'J11': 0, 'J12': 59, 'J13': 0, 'cluster3106249630_3106249631_J60_J61_#5more': 4}, 
4950.0, {'J10': np.float32(-0.06012951), 'J11': np.float32(-0.0), 'J12': np.float32(2.8917668), 'J13': np.float32(-0.0), 'cluster3106249630_3106249631_J60_J61_#5more': np.float32(-0.07400555)}, {'J10': 5, 'J11': 0, 'J12': 15, 'J13': 0, 'cluster3106249630_3106249631_J60_J61_#5more': 4}, {'J10': 5, 'J11': 0, 'J12': 54, 'J13': 0, 'cluster3106249630_3106249631_J60_J61_#5more': 4}, 
4955.0, {'J10': np.float32(-0.09250694), 'J11': np.float32(-0.0), 'J12': np.float32(0.18223867), 'J13': np.float32(-0.0), 'cluster3106249630_3106249631_J60_J61_#5more': np.float32(-0.07400555)}, {'J10': 5, 'J11': 0, 'J12': 15, 'J13': 0, 'cluster3106249630_3106249631_J60_J61_#5more': 4}, {'J10': 5, 'J11': 0, 'J12': 50, 'J13': 0, 'cluster3106249630_3106249631_J60_J61_#5more': 4}, 
4960.0, {'J10': np.float32(-0.09250694), 'J11': np.float32(-0.0), 'J12': np.float32(-0.6577243), 'J13': np.float32(-0.0), 'cluster3106249630_3106249631_J60_J61_#5more': np.float32(-0.07400555)}, {'J10': 5, 'J11': 0, 'J12': 15, 'J13': 0, 'cluster3106249630_3106249631_J60_J61_#5more': 4}, {'J10': 5, 'J11': 0, 'J12': 49, 'J13': 0, 'cluster3106249630_3106249631_J60_J61_#5more': 4}, 
4965.0, {'J10': np.float32(-0.09250694), 'J11': np.float32(-0.0), 'J12': np.float32(-0.9176688), 'J13': np.float32(-0.0), 'cluster3106249630_3106249631_J60_J61_#5more': np.float32(-0.07400555)}, {'J10': 5, 'J11': 0, 'J12': 15, 'J13': 0, 'cluster3106249630_3106249631_J60_J61_#5more': 4}, {'J10': 5, 'J11': 0, 'J12': 51, 'J13': 0, 'cluster3106249630_3106249631_J60_J61_#5more': 4}, 
4970.0, {'J10': np.float32(-0.09250694), 'J11': np.float32(-0.0), 'J12': np.float32(-0.9648474), 'J13': np.float32(-0.0), 'cluster3106249630_3106249631_J60_J61_#5more': np.float32(-0.07400555)}, {'J10': 5, 'J11': 0, 'J12': 16, 'J13': 0, 'cluster3106249630_3106249631_J60_J61_#5more': 4}, {'J10': 5, 'J11': 0, 'J12': 55, 'J13': 0, 'cluster3106249630_3106249631_J60_J61_#5more': 4}, 
4975.0, {'J10': np.float32(-0.09250694), 'J11': np.float32(-0.0), 'J12': np.float32(-1.026827), 'J13': np.float32(-0.0), 'cluster3106249630_3106249631_J60_J61_#5more': np.float32(-0.083256245)}, {'J10': 5, 'J11': 0, 'J12': 16, 'J13': 0, 'cluster3106249630_3106249631_J60_J61_#5more': 5}, {'J10': 5, 'J11': 0, 'J12': 56, 'J13': 0, 'cluster3106249630_3106249631_J60_J61_#5more': 5}, 
4980.0, {'J10': np.float32(-0.09250694), 'J11': np.float32(-0.0), 'J12': np.float32(-1.0425532), 'J13': np.float32(-0.0), 'cluster3106249630_3106249631_J60_J61_#5more': np.float32(-0.09250694)}, {'J10': 5, 'J11': 0, 'J12': 16, 'J13': 0, 'cluster3106249630_3106249631_J60_J61_#5more': 5}, {'J10': 5, 'J11': 0, 'J12': 57, 'J13': 0, 'cluster3106249630_3106249631_J60_J61_#5more': 5}, 
4985.0, {'J10': np.float32(-0.09250694), 'J11': np.float32(-0.0), 'J12': np.float32(-1.0545791), 'J13': np.float32(-0.0), 'cluster3106249630_3106249631_J60_J61_#5more': np.float32(-0.09250694)}, {'J10': 5, 'J11': 0, 'J12': 16, 'J13': 0, 'cluster3106249630_3106249631_J60_J61_#5more': 5}, {'J10': 5, 'J11': 0, 'J12': 57, 'J13': 0, 'cluster3106249630_3106249631_J60_J61_#5more': 5}, 
4990.0, {'J10': np.float32(-0.09250694), 'J11': np.float32(-0.0), 'J12': np.float32(0.25439408), 'J13': np.float32(-0.0), 'cluster3106249630_3106249631_J60_J61_#5more': np.float32(-0.09250694)}, {'J10': 5, 'J11': 0, 'J12': 16, 'J13': 0, 'cluster3106249630_3106249631_J60_J61_#5more': 5}, {'J10': 5, 'J11': 0, 'J12': 55, 'J13': 0, 'cluster3106249630_3106249631_J60_J61_#5more': 5}, 
4995.0, {'J10': np.float32(-0.09250694), 'J11': np.float32(-0.0), 'J12': np.float32(0.16743755), 'J13': np.float32(-0.0), 'cluster3106249630_3106249631_J60_J61_#5more': np.float32(-0.09250694)}, {'J10': 5, 'J11': 0, 'J12': 17, 'J13': 0, 'cluster3106249630_3106249631_J60_J61_#5more': 5}, {'J10': 5, 'J11': 0, 'J12': 54, 'J13': 0, 'cluster3106249630_3106249631_J60_J61_#5more': 5}, 
5000.0, {'J10': np.float32(-0.09250694), 'J11': np.float32(-0.0), 'J12': np.float32(0.07770583), 'J13': np.float32(-0.0), 'cluster3106249630_3106249631_J60_J61_#5more': np.float32(-0.09250694)}, {'J10': 5, 'J11': 0, 'J12': 17, 'J13': 0, 'cluster3106249630_3106249631_J60_J61_#5more': 5}, {'J10': 5, 'J11': 0, 'J12': 52, 'J13': 0, 'cluster3106249630_3106249631_J60_J61_#5more': 5}, 
5005.0, {'J10': np.float32(1.040703), 'J11': np.float32(-0.0), 'J12': np.float32(-0.66327477), 'J13': np.float32(-0.0), 'cluster3106249630_3106249631_J60_J61_#5more': np.float32(-0.09250694)}, {'J10': 3, 'J11': 0, 'J12': 17, 'J13': 0, 'cluster3106249630_3106249631_J60_J61_#5more': 5}, {'J10': 3, 'J11': 0, 'J12': 52, 'J13': 0, 'cluster3106249630_3106249631_J60_J61_#5more': 5}, 
5010.0, {'J10': np.float32(-0.055504162), 'J11': np.float32(-0.0), 'J12': np.float32(-0.96207213), 'J13': np.float32(-0.0), 'cluster3106249630_3106249631_J60_J61_#5more': np.float32(-0.09250694)}, {'J10': 3, 'J11': 0, 'J12': 17, 'J13': 0, 'cluster3106249630_3106249631_J60_J61_#5more': 5}, {'J10': 3, 'J11': 0, 'J12': 52, 'J13': 0, 'cluster3106249630_3106249631_J60_J61_#5more': 5}, 
5015.0, {'J10': np.float32(-0.06105458), 'J11': np.float32(-0.0), 'J12': np.float32(0.386679), 'J13': np.float32(-0.0), 'cluster3106249630_3106249631_J60_J61_#5more': np.float32(-0.09250694)}, {'J10': 5, 'J11': 0, 'J12': 17, 'J13': 0, 'cluster3106249630_3106249631_J60_J61_#5more': 5}, {'J10': 5, 'J11': 0, 'J12': 50, 'J13': 0, 'cluster3106249630_3106249631_J60_J61_#5more': 5}, 
5020.0, {'J10': np.float32(-0.09250694), 'J11': np.float32(-0.0), 'J12': np.float32(2.06383), 'J13': np.float32(-0.0), 'cluster3106249630_3106249631_J60_J61_#5more': np.float32(-0.09250694)}, {'J10': 5, 'J11': 0, 'J12': 20, 'J13': 0, 'cluster3106249630_3106249631_J60_J61_#5more': 5}, {'J10': 5, 'J11': 0, 'J12': 50, 'J13': 0, 'cluster3106249630_3106249631_J60_J61_#5more': 5}, 
5025.0, {'J10': np.float32(-0.09250694), 'J11': np.float32(-0.0), 'J12': np.float32(-0.006475486), 'J13': np.float32(-0.0), 'cluster3106249630_3106249631_J60_J61_#5more': np.float32(-0.09250694)}, {'J10': 5, 'J11': 0, 'J12': 20, 'J13': 0, 'cluster3106249630_3106249631_J60_J61_#5more': 5}, {'J10': 5, 'J11': 0, 'J12': 50, 'J13': 0, 'cluster3106249630_3106249631_J60_J61_#5more': 5}, 
5030.0, {'J10': np.float32(-0.09250694), 'J11': np.float32(-0.0), 'J12': np.float32(-0.9306198), 'J13': np.float32(-0.0), 'cluster3106249630_3106249631_J60_J61_#5more': np.float32(-0.09250694)}, {'J10': 5, 'J11': 0, 'J12': 20, 'J13': 0, 'cluster3106249630_3106249631_J60_J61_#5more': 5}, {'J10': 5, 'J11': 0, 'J12': 52, 'J13': 0, 'cluster3106249630_3106249631_J60_J61_#5more': 5}, 
5035.0, {'J10': np.float32(-0.09250694), 'J11': np.float32(-0.0), 'J12': np.float32(0.052728955), 'J13': np.float32(-0.0), 'cluster3106249630_3106249631_J60_J61_#5more': np.float32(-0.09250694)}, {'J10': 5, 'J11': 0, 'J12': 20, 'J13': 0, 'cluster3106249630_3106249631_J60_J61_#5more': 5}, {'J10': 5, 'J11': 0, 'J12': 61, 'J13': 0, 'cluster3106249630_3106249631_J60_J61_#5more': 5}, 
5040.0, {'J10': np.float32(-0.09250694), 'J11': np.float32(-0.0), 'J12': np.float32(0.40703052), 'J13': np.float32(-0.0), 'cluster3106249630_3106249631_J60_J61_#5more': np.float32(-0.09250694)}, {'J10': 5, 'J11': 0, 'J12': 20, 'J13': 0, 'cluster3106249630_3106249631_J60_J61_#5more': 5}, {'J10': 5, 'J11': 0, 'J12': 58, 'J13': 0, 'cluster3106249630_3106249631_J60_J61_#5more': 5}, 
5045.0, {'J10': np.float32(-0.09250694), 'J11': np.float32(-0.0), 'J12': np.float32(2.320074), 'J13': np.float32(-0.0), 'cluster3106249630_3106249631_J60_J61_#5more': np.float32(-0.09250694)}, {'J10': 5, 'J11': 0, 'J12': 18, 'J13': 0, 'cluster3106249630_3106249631_J60_J61_#5more': 5}, {'J10': 5, 'J11': 0, 'J12': 56, 'J13': 0, 'cluster3106249630_3106249631_J60_J61_#5more': 5}, 
5050.0, {'J10': np.float32(-0.09250694), 'J11': np.float32(-0.0), 'J12': np.float32(0.38945422), 'J13': np.float32(-0.0), 'cluster3106249630_3106249631_J60_J61_#5more': np.float32(-0.09250694)}, {'J10': 5, 'J11': 0, 'J12': 18, 'J13': 0, 'cluster3106249630_3106249631_J60_J61_#5more': 5}, {'J10': 5, 'J11': 0, 'J12': 55, 'J13': 0, 'cluster3106249630_3106249631_J60_J61_#5more': 5}, 
5055.0, {'J10': np.float32(-0.09250694), 'J11': np.float32(-0.0), 'J12': np.float32(-0.083256245), 'J13': np.float32(-0.0), 'cluster3106249630_3106249631_J60_J61_#5more': np.float32(-0.09250694)}, {'J10': 5, 'J11': 0, 'J12': 18, 'J13': 0, 'cluster3106249630_3106249631_J60_J61_#5more': 5}, {'J10': 5, 'J11': 0, 'J12': 53, 'J13': 0, 'cluster3106249630_3106249631_J60_J61_#5more': 5}, 
5060.0, {'J10': np.float32(-0.09250694), 'J11': np.float32(-0.0), 'J12': np.float32(-0.9879741), 'J13': np.float32(-0.0), 'cluster3106249630_3106249631_J60_J61_#5more': np.float32(-0.09620722)}, {'J10': 5, 'J11': 0, 'J12': 20, 'J13': 0, 'cluster3106249630_3106249631_J60_J61_#5more': 6}, {'J10': 5, 'J11': 0, 'J12': 56, 'J13': 0, 'cluster3106249630_3106249631_J60_J61_#5more': 6}, 
5065.0, {'J10': np.float32(-0.09250694), 'J11': np.float32(-0.0), 'J12': np.float32(-1.0444033), 'J13': np.float32(-0.0), 'cluster3106249630_3106249631_J60_J61_#5more': np.float32(-0.111008324)}, {'J10': 5, 'J11': 0, 'J12': 20, 'J13': 0, 'cluster3106249630_3106249631_J60_J61_#5more': 6}, {'J10': 5, 'J11': 0, 'J12': 58, 'J13': 0, 'cluster3106249630_3106249631_J60_J61_#5more': 6}, 
5070.0, {'J10': np.float32(0.5929695), 'J11': np.float32(-0.0), 'J12': np.float32(-1.1248844), 'J13': np.float32(-0.0), 'cluster3106249630_3106249631_J60_J61_#5more': np.float32(-0.111008324)}, {'J10': 4, 'J11': 0, 'J12': 22, 'J13': 0, 'cluster3106249630_3106249631_J60_J61_#5more': 6}, {'J10': 4, 'J11': 0, 'J12': 62, 'J13': 0, 'cluster3106249630_3106249631_J60_J61_#5more': 6}, 
5075.0, {'J10': np.float32(0.3922294), 'J11': np.float32(-0.0), 'J12': np.float32(-1.147086), 'J13': np.float32(-0.0), 'cluster3106249630_3106249631_J60_J61_#5more': np.float32(-0.111008324)}, {'J10': 3, 'J11': 0, 'J12': 22, 'J13': 0, 'cluster3106249630_3106249631_J60_J61_#5more': 6}, {'J10': 3, 'J11': 0, 'J12': 62, 'J13': 0, 'cluster3106249630_3106249631_J60_J61_#5more': 6}, 
5080.0, {'J10': np.float32(-0.05920444), 'J11': np.float32(-0.0), 'J12': np.float32(-1.147086), 'J13': np.float32(-0.0), 'cluster3106249630_3106249631_J60_J61_#5more': np.float32(-0.116558746)}, {'J10': 5, 'J11': 0, 'J12': 22, 'J13': 0, 'cluster3106249630_3106249631_J60_J61_#5more': 7}, {'J10': 5, 'J11': 0, 'J12': 62, 'J13': 0, 'cluster3106249630_3106249631_J60_J61_#5more': 7}, 
5085.0, {'J10': np.float32(-0.09250694), 'J11': np.float32(-0.0), 'J12': np.float32(-1.147086), 'J13': np.float32(-0.0), 'cluster3106249630_3106249631_J60_J61_#5more': np.float32(-0.12950972)}, {'J10': 5, 'J11': 0, 'J12': 22, 'J13': 0, 'cluster3106249630_3106249631_J60_J61_#5more': 7}, {'J10': 5, 'J11': 0, 'J12': 62, 'J13': 0, 'cluster3106249630_3106249631_J60_J61_#5more': 7}, 
5090.0, {'J10': np.float32(-0.09250694), 'J11': np.float32(-0.0), 'J12': np.float32(-1.147086), 'J13': np.float32(-0.0), 'cluster3106249630_3106249631_J60_J61_#5more': np.float32(-0.1387604)}, {'J10': 5, 'J11': 0, 'J12': 22, 'J13': 0, 'cluster3106249630_3106249631_J60_J61_#5more': 8}, {'J10': 5, 'J11': 0, 'J12': 62, 'J13': 0, 'cluster3106249630_3106249631_J60_J61_#5more': 8}, 
5095.0, {'J10': np.float32(-0.09250694), 'J11': np.float32(-0.0), 'J12': np.float32(-1.147086), 'J13': np.float32(-0.0), 'cluster3106249630_3106249631_J60_J61_#5more': np.float32(-0.1480111)}, {'J10': 5, 'J11': 0, 'J12': 22, 'J13': 0, 'cluster3106249630_3106249631_J60_J61_#5more': 8}, {'J10': 5, 'J11': 0, 'J12': 62, 'J13': 0, 'cluster3106249630_3106249631_J60_J61_#5more': 8}, 
5100.0, {'J10': np.float32(-0.09250694), 'J11': np.float32(-0.0), 'J12': np.float32(-0.86771506), 'J13': np.float32(-0.0), 'cluster3106249630_3106249631_J60_J61_#5more': np.float32(-0.1480111)}, {'J10': 5, 'J11': 0, 'J12': 22, 'J13': 0, 'cluster3106249630_3106249631_J60_J61_#5more': 8}, {'J10': 5, 'J11': 0, 'J12': 63, 'J13': 0, 'cluster3106249630_3106249631_J60_J61_#5more': 8}, 
5105.0, {'J10': np.float32(-0.09250694), 'J11': np.float32(-0.0), 'J12': np.float32(-1.1748381), 'J13': np.float32(-0.0), 'cluster3106249630_3106249631_J60_J61_#5more': np.float32(-0.1480111)}, {'J10': 5, 'J11': 0, 'J12': 22, 'J13': 0, 'cluster3106249630_3106249631_J60_J61_#5more': 8}, {'J10': 5, 'J11': 0, 'J12': 65, 'J13': 0, 'cluster3106249630_3106249631_J60_J61_#5more': 8}, 
5110.0, {'J10': np.float32(-0.09250694), 'J11': np.float32(-0.0), 'J12': np.float32(-1.2025902), 'J13': np.float32(-0.0), 'cluster3106249630_3106249631_J60_J61_#5more': np.float32(-0.1480111)}, {'J10': 5, 'J11': 0, 'J12': 22, 'J13': 0, 'cluster3106249630_3106249631_J60_J61_#5more': 8}, {'J10': 5, 'J11': 0, 'J12': 65, 'J13': 0, 'cluster3106249630_3106249631_J60_J61_#5more': 8}, 
5115.0, {'J10': np.float32(-0.09250694), 'J11': np.float32(-0.0), 'J12': np.float32(-1.2025902), 'J13': np.float32(-0.0), 'cluster3106249630_3106249631_J60_J61_#5more': np.float32(-0.1480111)}, {'J10': 5, 'J11': 0, 'J12': 22, 'J13': 0, 'cluster3106249630_3106249631_J60_J61_#5more': 8}, {'J10': 5, 'J11': 0, 'J12': 65, 'J13': 0, 'cluster3106249630_3106249631_J60_J61_#5more': 8}, 
5120.0, {'J10': np.float32(-0.09250694), 'J11': np.float32(-0.0), 'J12': np.float32(3.0), 'J13': np.float32(-0.0), 'cluster3106249630_3106249631_J60_J61_#5more': np.float32(-0.1480111)}, {'J10': 5, 'J11': 0, 'J12': 20, 'J13': 0, 'cluster3106249630_3106249631_J60_J61_#5more': 8}, {'J10': 5, 'J11': 0, 'J12': 61, 'J13': 0, 'cluster3106249630_3106249631_J60_J61_#5more': 8}, 
5125.0, {'J10': np.float32(-0.09250694), 'J11': np.float32(-0.0), 'J12': np.float32(3.0), 'J13': np.float32(-0.0), 'cluster3106249630_3106249631_J60_J61_#5more': np.float32(-0.1480111)}, {'J10': 5, 'J11': 0, 'J12': 18, 'J13': 0, 'cluster3106249630_3106249631_J60_J61_#5more': 8}, {'J10': 5, 'J11': 0, 'J12': 58, 'J13': 0, 'cluster3106249630_3106249631_J60_J61_#5more': 8}, 
5130.0, {'J10': np.float32(-0.09250694), 'J11': np.float32(-0.0), 'J12': np.float32(-1.0730805), 'J13': np.float32(-0.0), 'cluster3106249630_3106249631_J60_J61_#5more': np.float32(1.2553191)}, {'J10': 5, 'J11': 0, 'J12': 18, 'J13': 0, 'cluster3106249630_3106249631_J60_J61_#5more': 8}, {'J10': 5, 'J11': 0, 'J12': 58, 'J13': 0, 'cluster3106249630_3106249631_J60_J61_#5more': 8}, 
5135.0, {'J10': np.float32(0.5929695), 'J11': np.float32(-0.0), 'J12': np.float32(-1.0730805), 'J13': np.float32(-0.0), 'cluster3106249630_3106249631_J60_J61_#5more': np.float32(1.2784458)}, {'J10': 4, 'J11': 0, 'J12': 18, 'J13': 0, 'cluster3106249630_3106249631_J60_J61_#5more': 7}, {'J10': 4, 'J11': 0, 'J12': 58, 'J13': 0, 'cluster3106249630_3106249631_J60_J61_#5more': 7}, 
5140.0, {'J10': np.float32(0.39315447), 'J11': np.float32(-0.0), 'J12': np.float32(-1.0878816), 'J13': np.float32(-0.0), 'cluster3106249630_3106249631_J60_J61_#5more': np.float32(-0.12950972)}, {'J10': 3, 'J11': 0, 'J12': 20, 'J13': 0, 'cluster3106249630_3106249631_J60_J61_#5more': 7}, {'J10': 3, 'J11': 0, 'J12': 62, 'J13': 0, 'cluster3106249630_3106249631_J60_J61_#5more': 7}, 
5145.0, {'J10': np.float32(-0.06012951), 'J11': np.float32(-0.0), 'J12': np.float32(-1.147086), 'J13': np.float32(-0.0), 'cluster3106249630_3106249631_J60_J61_#5more': np.float32(-0.12950972)}, {'J10': 5, 'J11': 0, 'J12': 20, 'J13': 0, 'cluster3106249630_3106249631_J60_J61_#5more': 7}, {'J10': 5, 'J11': 0, 'J12': 62, 'J13': 0, 'cluster3106249630_3106249631_J60_J61_#5more': 7}, 
5150.0, {'J10': np.float32(-0.09250694), 'J11': np.float32(-0.0), 'J12': np.float32(1.6049954), 'J13': np.float32(-0.0), 'cluster3106249630_3106249631_J60_J61_#5more': np.float32(-0.12950972)}, {'J10': 5, 'J11': 0, 'J12': 18, 'J13': 0, 'cluster3106249630_3106249631_J60_J61_#5more': 7}, {'J10': 5, 'J11': 0, 'J12': 59, 'J13': 0, 'cluster3106249630_3106249631_J60_J61_#5more': 7}, 
5155.0, {'J10': np.float32(-0.09250694), 'J11': np.float32(-0.0), 'J12': np.float32(1.4338576), 'J13': np.float32(-0.0), 'cluster3106249630_3106249631_J60_J61_#5more': np.float32(-0.12950972)}, {'J10': 5, 'J11': 0, 'J12': 16, 'J13': 0, 'cluster3106249630_3106249631_J60_J61_#5more': 7}, {'J10': 5, 'J11': 0, 'J12': 57, 'J13': 0, 'cluster3106249630_3106249631_J60_J61_#5more': 7}, 
5160.0, {'J10': np.float32(-0.09250694), 'J11': np.float32(-0.0), 'J12': np.float32(-1.0545791), 'J13': np.float32(-0.0), 'cluster3106249630_3106249631_J60_J61_#5more': np.float32(-0.12950972)}, {'J10': 5, 'J11': 0, 'J12': 16, 'J13': 0, 'cluster3106249630_3106249631_J60_J61_#5more': 7}, {'J10': 5, 'J11': 0, 'J12': 57, 'J13': 0, 'cluster3106249630_3106249631_J60_J61_#5more': 7}, 
5165.0, {'J10': np.float32(-0.09250694), 'J11': np.float32(-0.0), 'J12': np.float32(-1.0545791), 'J13': np.float32(-0.0), 'cluster3106249630_3106249631_J60_J61_#5more': np.float32(-0.12950972)}, {'J10': 5, 'J11': 0, 'J12': 16, 'J13': 0, 'cluster3106249630_3106249631_J60_J61_#5more': 7}, {'J10': 5, 'J11': 0, 'J12': 57, 'J13': 0, 'cluster3106249630_3106249631_J60_J61_#5more': 7}, 
5170.0, {'J10': np.float32(-0.09250694), 'J11': np.float32(-0.0), 'J12': np.float32(-1.0832562), 'J13': np.float32(-0.0), 'cluster3106249630_3106249631_J60_J61_#5more': np.float32(-0.12950972)}, {'J10': 5, 'J11': 0, 'J12': 20, 'J13': 0, 'cluster3106249630_3106249631_J60_J61_#5more': 7}, {'J10': 5, 'J11': 0, 'J12': 61, 'J13': 0, 'cluster3106249630_3106249631_J60_J61_#5more': 7}, 
5175.0, {'J10': np.float32(-0.09250694), 'J11': np.float32(-0.0), 'J12': np.float32(1.3052729), 'J13': np.float32(-0.0), 'cluster3106249630_3106249631_J60_J61_#5more': np.float32(-0.12950972)}, {'J10': 5, 'J11': 0, 'J12': 18, 'J13': 0, 'cluster3106249630_3106249631_J60_J61_#5more': 7}, {'J10': 5, 'J11': 0, 'J12': 59, 'J13': 0, 'cluster3106249630_3106249631_J60_J61_#5more': 7}, 
5180.0, {'J10': np.float32(-0.09250694), 'J11': np.float32(-0.0), 'J12': np.float32(1.3283997), 'J13': np.float32(-0.0), 'cluster3106249630_3106249631_J60_J61_#5more': np.float32(1.134135)}, {'J10': 5, 'J11': 0, 'J12': 16, 'J13': 0, 'cluster3106249630_3106249631_J60_J61_#5more': 6}, {'J10': 5, 'J11': 0, 'J12': 57, 'J13': 0, 'cluster3106249630_3106249631_J60_J61_#5more': 6}, 
5185.0, {'J10': np.float32(-0.09250694), 'J11': np.float32(-0.0), 'J12': np.float32(-1.0545791), 'J13': np.float32(-0.0), 'cluster3106249630_3106249631_J60_J61_#5more': np.float32(-0.111008324)}, {'J10': 5, 'J11': 0, 'J12': 16, 'J13': 0, 'cluster3106249630_3106249631_J60_J61_#5more': 6}, {'J10': 5, 'J11': 0, 'J12': 57, 'J13': 0, 'cluster3106249630_3106249631_J60_J61_#5more': 6}, 
5190.0, {'J10': np.float32(0.5559667), 'J11': np.float32(-0.0), 'J12': np.float32(0.8066605), 'J13': np.float32(-0.0), 'cluster3106249630_3106249631_J60_J61_#5more': np.float32(-0.111008324)}, {'J10': 4, 'J11': 0, 'J12': 14, 'J13': 0, 'cluster3106249630_3106249631_J60_J61_#5more': 6}, {'J10': 4, 'J11': 0, 'J12': 55, 'J13': 0, 'cluster3106249630_3106249631_J60_J61_#5more': 6}, 
5195.0, {'J10': np.float32(0.35430157), 'J11': np.float32(-0.0), 'J12': np.float32(0.5679926), 'J13': np.float32(-0.0), 'cluster3106249630_3106249631_J60_J61_#5more': np.float32(-0.115633674)}, {'J10': 3, 'J11': 0, 'J12': 14, 'J13': 0, 'cluster3106249630_3106249631_J60_J61_#5more': 7}, {'J10': 3, 'J11': 0, 'J12': 53, 'J13': 0, 'cluster3106249630_3106249631_J60_J61_#5more': 7}, 
5200.0, {'J10': np.float32(-0.06012951), 'J11': np.float32(-0.0), 'J12': np.float32(-0.98057353), 'J13': np.float32(-0.007400555), 'cluster3106249630_3106249631_J60_J61_#5more': np.float32(-0.12950972)}, {'J10': 5, 'J11': 0, 'J12': 14, 'J13': 1, 'cluster3106249630_3106249631_J60_J61_#5more': 7}, {'J10': 5, 'J11': 0, 'J12': 53, 'J13': 1, 'cluster3106249630_3106249631_J60_J61_#5more': 7}, 
5205.0, {'J10': np.float32(-0.09250694), 'J11': np.float32(-0.0), 'J12': np.float32(-0.9972248), 'J13': np.float32(-0.018501388), 'cluster3106249630_3106249631_J60_J61_#5more': np.float32(-0.13783534)}, {'J10': 5, 'J11': 0, 'J12': 16, 'J13': 1, 'cluster3106249630_3106249631_J60_J61_#5more': 8}, {'J10': 5, 'J11': 0, 'J12': 57, 'J13': 1, 'cluster3106249630_3106249631_J60_J61_#5more': 8}, 
5210.0, {'J10': np.float32(-0.09250694), 'J11': np.float32(-0.0), 'J12': np.float32(-1.0545791), 'J13': np.float32(-0.018501388), 'cluster3106249630_3106249631_J60_J61_#5more': np.float32(-0.1480111)}, {'J10': 5, 'J11': 0, 'J12': 16, 'J13': 1, 'cluster3106249630_3106249631_J60_J61_#5more': 8}, {'J10': 5, 'J11': 0, 'J12': 57, 'J13': 1, 'cluster3106249630_3106249631_J60_J61_#5more': 8}, 
5215.0, {'J10': np.float32(-0.09250694), 'J11': np.float32(-0.0), 'J12': np.float32(-1.0545791), 'J13': np.float32(-0.018501388), 'cluster3106249630_3106249631_J60_J61_#5more': np.float32(-0.1480111)}, {'J10': 5, 'J11': 0, 'J12': 16, 'J13': 1, 'cluster3106249630_3106249631_J60_J61_#5more': 8}, {'J10': 5, 'J11': 0, 'J12': 57, 'J13': 1, 'cluster3106249630_3106249631_J60_J61_#5more': 8}, 
5220.0, {'J10': np.float32(-0.09250694), 'J11': np.float32(-0.0), 'J12': np.float32(3.0), 'J13': np.float32(-0.018501388), 'cluster3106249630_3106249631_J60_J61_#5more': np.float32(-0.1480111)}, {'J10': 5, 'J11': 0, 'J12': 16, 'J13': 1, 'cluster3106249630_3106249631_J60_J61_#5more': 8}, {'J10': 5, 'J11': 0, 'J12': 52, 'J13': 1, 'cluster3106249630_3106249631_J60_J61_#5more': 8}, 
5225.0, {'J10': np.float32(-0.09250694), 'J11': np.float32(-0.0), 'J12': np.float32(-0.96207213), 'J13': np.float32(-0.018501388), 'cluster3106249630_3106249631_J60_J61_#5more': np.float32(-0.15448658)}, {'J10': 5, 'J11': 0, 'J12': 16, 'J13': 1, 'cluster3106249630_3106249631_J60_J61_#5more': 9}, {'J10': 5, 'J11': 0, 'J12': 52, 'J13': 1, 'cluster3106249630_3106249631_J60_J61_#5more': 9}, 
5230.0, {'J10': np.float32(-0.09250694), 'J11': np.float32(-0.0), 'J12': np.float32(-0.22109158), 'J13': np.float32(-0.018501388), 'cluster3106249630_3106249631_J60_J61_#5more': np.float32(1.2238668)}, {'J10': 5, 'J11': 0, 'J12': 16, 'J13': 1, 'cluster3106249630_3106249631_J60_J61_#5more': 8}, {'J10': 5, 'J11': 0, 'J12': 52, 'J13': 1, 'cluster3106249630_3106249631_J60_J61_#5more': 8}, 
5235.0, {'J10': np.float32(-0.09250694), 'J11': np.float32(-0.0), 'J12': np.float32(-0.9722479), 'J13': np.float32(-0.018501388), 'cluster3106249630_3106249631_J60_J61_#5more': np.float32(-0.1480111)}, {'J10': 5, 'J11': 0, 'J12': 16, 'J13': 1, 'cluster3106249630_3106249631_J60_J61_#5more': 8}, {'J10': 5, 'J11': 0, 'J12': 54, 'J13': 1, 'cluster3106249630_3106249631_J60_J61_#5more': 8}, 
5240.0, {'J10': np.float32(-0.09250694), 'J11': np.float32(-0.0), 'J12': np.float32(-1.012026), 'J13': np.float32(-0.018501388), 'cluster3106249630_3106249631_J60_J61_#5more': np.float32(-0.1480111)}, {'J10': 5, 'J11': 0, 'J12': 16, 'J13': 1, 'cluster3106249630_3106249631_J60_J61_#5more': 8}, {'J10': 5, 'J11': 0, 'J12': 56, 'J13': 1, 'cluster3106249630_3106249631_J60_J61_#5more': 8}, 
5245.0, {'J10': np.float32(-0.09250694), 'J11': np.float32(-0.0), 'J12': np.float32(-1.0379279), 'J13': np.float32(-0.018501388), 'cluster3106249630_3106249631_J60_J61_#5more': np.float32(-0.15171137)}, {'J10': 5, 'J11': 0, 'J12': 16, 'J13': 1, 'cluster3106249630_3106249631_J60_J61_#5more': 9}, {'J10': 5, 'J11': 0, 'J12': 57, 'J13': 1, 'cluster3106249630_3106249631_J60_J61_#5more': 9}, 
5250.0, {'J10': np.float32(-0.09250694), 'J11': np.float32(-0.0), 'J12': np.float32(1.8482887), 'J13': np.float32(-0.018501388), 'cluster3106249630_3106249631_J60_J61_#5more': np.float32(-0.16651249)}, {'J10': 5, 'J11': 0, 'J12': 14, 'J13': 1, 'cluster3106249630_3106249631_J60_J61_#5more': 9}, {'J10': 5, 'J11': 0, 'J12': 54, 'J13': 1, 'cluster3106249630_3106249631_J60_J61_#5more': 9}, 
5255.0, {'J10': np.float32(0.5559667), 'J11': np.float32(-0.0), 'J12': np.float32(1.5013876), 'J13': np.float32(-0.018501388), 'cluster3106249630_3106249631_J60_J61_#5more': np.float32(-0.16651249)}, {'J10': 4, 'J11': 0, 'J12': 14, 'J13': 1, 'cluster3106249630_3106249631_J60_J61_#5more': 9}, {'J10': 4, 'J11': 0, 'J12': 51, 'J13': 1, 'cluster3106249630_3106249631_J60_J61_#5more': 9}, 
5260.0, {'J10': np.float32(0.35522664), 'J11': np.float32(-0.0), 'J12': np.float32(1.5615171), 'J13': np.float32(-0.018501388), 'cluster3106249630_3106249631_J60_J61_#5more': np.float32(-0.16651249)}, {'J10': 3, 'J11': 0, 'J12': 14, 'J13': 1, 'cluster3106249630_3106249631_J60_J61_#5more': 9}, {'J10': 3, 'J11': 0, 'J12': 48, 'J13': 1, 'cluster3106249630_3106249631_J60_J61_#5more': 9}, 
5265.0, {'J10': np.float32(-0.06012951), 'J11': np.float32(-0.0), 'J12': np.float32(0.037927844), 'J13': np.float32(-0.018501388), 'cluster3106249630_3106249631_J60_J61_#5more': np.float32(-0.16651249)}, {'J10': 5, 'J11': 0, 'J12': 14, 'J13': 1, 'cluster3106249630_3106249631_J60_J61_#5more': 9}, {'J10': 5, 'J11': 0, 'J12': 47, 'J13': 1, 'cluster3106249630_3106249631_J60_J61_#5more': 9}, 
5270.0, {'J10': np.float32(-0.09250694), 'J11': np.float32(-0.0), 'J12': np.float32(-0.8695652), 'J13': np.float32(-0.018501388), 'cluster3106249630_3106249631_J60_J61_#5more': np.float32(-0.16651249)}, {'J10': 5, 'J11': 0, 'J12': 14, 'J13': 1, 'cluster3106249630_3106249631_J60_J61_#5more': 9}, {'J10': 5, 'J11': 0, 'J12': 47, 'J13': 1, 'cluster3106249630_3106249631_J60_J61_#5more': 9}, 
5275.0, {'J10': np.float32(-0.09250694), 'J11': np.float32(-0.0), 'J12': np.float32(0.08233117), 'J13': np.float32(-0.018501388), 'cluster3106249630_3106249631_J60_J61_#5more': np.float32(-0.16651249)}, {'J10': 5, 'J11': 0, 'J12': 14, 'J13': 1, 'cluster3106249630_3106249631_J60_J61_#5more': 9}, {'J10': 5, 'J11': 0, 'J12': 46, 'J13': 1, 'cluster3106249630_3106249631_J60_J61_#5more': 9}, 
5280.0, {'J10': np.float32(-0.09250694), 'J11': np.float32(-0.0), 'J12': np.float32(0.7160037), 'J13': np.float32(-0.018501388), 'cluster3106249630_3106249631_J60_J61_#5more': np.float32(-0.16651249)}, {'J10': 5, 'J11': 0, 'J12': 13, 'J13': 1, 'cluster3106249630_3106249631_J60_J61_#5more': 9}, {'J10': 5, 'J11': 0, 'J12': 44, 'J13': 1, 'cluster3106249630_3106249631_J60_J61_#5more': 9}, 
5285.0, {'J10': np.float32(-0.09250694), 'J11': np.float32(-0.0), 'J12': np.float32(-0.81406105), 'J13': np.float32(-0.018501388), 'cluster3106249630_3106249631_J60_J61_#5more': np.float32(-0.16651249)}, {'J10': 5, 'J11': 0, 'J12': 13, 'J13': 1, 'cluster3106249630_3106249631_J60_J61_#5more': 9}, {'J10': 5, 'J11': 0, 'J12': 44, 'J13': 1, 'cluster3106249630_3106249631_J60_J61_#5more': 9}, 
5290.0, {'J10': np.float32(-0.09250694), 'J11': np.float32(-0.0), 'J12': np.float32(-0.8251619), 'J13': np.float32(-0.018501388), 'cluster3106249630_3106249631_J60_J61_#5more': np.float32(-0.16651249)}, {'J10': 5, 'J11': 0, 'J12': 14, 'J13': 1, 'cluster3106249630_3106249631_J60_J61_#5more': 9}, {'J10': 5, 'J11': 0, 'J12': 47, 'J13': 1, 'cluster3106249630_3106249631_J60_J61_#5more': 9}, 
5295.0, {'J10': np.float32(-0.09250694), 'J11': np.float32(-0.0), 'J12': np.float32(0.14986125), 'J13': np.float32(-0.018501388), 'cluster3106249630_3106249631_J60_J61_#5more': np.float32(-0.16651249)}, {'J10': 5, 'J11': 0, 'J12': 14, 'J13': 1, 'cluster3106249630_3106249631_J60_J61_#5more': 9}, {'J10': 5, 'J11': 0, 'J12': 48, 'J13': 1, 'cluster3106249630_3106249631_J60_J61_#5more': 9}, 
5300.0, {'J10': np.float32(-0.09250694), 'J11': np.float32(-0.0), 'J12': np.float32(-0.88899165), 'J13': np.float32(-0.018501388), 'cluster3106249630_3106249631_J60_J61_#5more': np.float32(-0.16651249)}, {'J10': 5, 'J11': 0, 'J12': 14, 'J13': 1, 'cluster3106249630_3106249631_J60_J61_#5more': 9}, {'J10': 5, 'J11': 0, 'J12': 49, 'J13': 1, 'cluster3106249630_3106249631_J60_J61_#5more': 9}, 
5305.0, {'J10': np.float32(-0.09250694), 'J11': np.float32(-0.0), 'J12': np.float32(0.15078631), 'J13': np.float32(-0.018501388), 'cluster3106249630_3106249631_J60_J61_#5more': np.float32(-0.16651249)}, {'J10': 5, 'J11': 0, 'J12': 14, 'J13': 1, 'cluster3106249630_3106249631_J60_J61_#5more': 9}, {'J10': 5, 'J11': 0, 'J12': 48, 'J13': 1, 'cluster3106249630_3106249631_J60_J61_#5more': 9}, 
5310.0, {'J10': np.float32(-0.09250694), 'J11': np.float32(-0.0), 'J12': np.float32(-0.8880666), 'J13': np.float32(-0.018501388), 'cluster3106249630_3106249631_J60_J61_#5more': np.float32(-0.16651249)}, {'J10': 5, 'J11': 0, 'J12': 14, 'J13': 1, 'cluster3106249630_3106249631_J60_J61_#5more': 9}, {'J10': 5, 'J11': 0, 'J12': 48, 'J13': 1, 'cluster3106249630_3106249631_J60_J61_#5more': 9}, 
5315.0, {'J10': np.float32(-0.09250694), 'J11': np.float32(-0.0), 'J12': np.float32(-0.8880666), 'J13': np.float32(-0.018501388), 'cluster3106249630_3106249631_J60_J61_#5more': np.float32(-0.16651249)}, {'J10': 5, 'J11': 0, 'J12': 14, 'J13': 1, 'cluster3106249630_3106249631_J60_J61_#5more': 9}, {'J10': 5, 'J11': 0, 'J12': 48, 'J13': 1, 'cluster3106249630_3106249631_J60_J61_#5more': 9}, 
5320.0, {'J10': np.float32(0.5559667), 'J11': np.float32(-0.0), 'J12': np.float32(1.987974), 'J13': np.float32(-0.018501388), 'cluster3106249630_3106249631_J60_J61_#5more': np.float32(-0.16651249)}, {'J10': 4, 'J11': 0, 'J12': 14, 'J13': 1, 'cluster3106249630_3106249631_J60_J61_#5more': 9}, {'J10': 4, 'J11': 0, 'J12': 47, 'J13': 1, 'cluster3106249630_3106249631_J60_J61_#5more': 9}, 
5325.0, {'J10': np.float32(0.3922294), 'J11': np.float32(-0.0), 'J12': np.float32(1.9703978), 'J13': np.float32(-0.018501388), 'cluster3106249630_3106249631_J60_J61_#5more': np.float32(-0.16651249)}, {'J10': 3, 'J11': 0, 'J12': 14, 'J13': 1, 'cluster3106249630_3106249631_J60_J61_#5more': 9}, {'J10': 3, 'J11': 0, 'J12': 43, 'J13': 1, 'cluster3106249630_3106249631_J60_J61_#5more': 9}, 
5330.0, {'J10': np.float32(-0.055504162), 'J11': np.float32(-0.0), 'J12': np.float32(1.8020351), 'J13': np.float32(-0.018501388), 'cluster3106249630_3106249631_J60_J61_#5more': np.float32(-0.16651249)}, {'J10': 3, 'J11': 0, 'J12': 14, 'J13': 1, 'cluster3106249630_3106249631_J60_J61_#5more': 9}, {'J10': 3, 'J11': 0, 'J12': 38, 'J13': 1, 'cluster3106249630_3106249631_J60_J61_#5more': 9}, 
5335.0, {'J10': np.float32(0.44495836), 'J11': np.float32(-0.0), 'J12': np.float32(0.5827937), 'J13': np.float32(-0.018501388), 'cluster3106249630_3106249631_J60_J61_#5more': np.float32(-0.16651249)}, {'J10': 2, 'J11': 0, 'J12': 14, 'J13': 1, 'cluster3106249630_3106249631_J60_J61_#5more': 9}, {'J10': 2, 'J11': 0, 'J12': 36, 'J13': 1, 'cluster3106249630_3106249631_J60_J61_#5more': 9}, 
5340.0, {'J10': np.float32(0.24421832), 'J11': np.float32(-0.0), 'J12': np.float32(-0.13691027), 'J13': np.float32(-0.018501388), 'cluster3106249630_3106249631_J60_J61_#5more': np.float32(-0.16651249)}, {'J10': 1, 'J11': 0, 'J12': 14, 'J13': 1, 'cluster3106249630_3106249631_J60_J61_#5more': 9}, {'J10': 1, 'J11': 0, 'J12': 37, 'J13': 1, 'cluster3106249630_3106249631_J60_J61_#5more': 9}, 
5345.0, {'J10': np.float32(0.27844587), 'J11': np.float32(-0.0), 'J12': np.float32(-0.69380206), 'J13': np.float32(-0.018501388), 'cluster3106249630_3106249631_J60_J61_#5more': np.float32(-0.16651249)}, {'J10': 0, 'J11': 0, 'J12': 14, 'J13': 1, 'cluster3106249630_3106249631_J60_J61_#5more': 9}, {'J10': 0, 'J11': 0, 'J12': 38, 'J13': 1, 'cluster3106249630_3106249631_J60_J61_#5more': 9}, 
5350.0, {'J10': np.float32(-0.0), 'J11': np.float32(-0.0), 'J12': np.float32(-0.7030527), 'J13': np.float32(-0.018501388), 'cluster3106249630_3106249631_J60_J61_#5more': np.float32(-0.16651249)}, {'J10': 0, 'J11': 0, 'J12': 14, 'J13': 1, 'cluster3106249630_3106249631_J60_J61_#5more': 9}, {'J10': 0, 'J11': 0, 'J12': 38, 'J13': 1, 'cluster3106249630_3106249631_J60_J61_#5more': 9}, 
5355.0, {'J10': np.float32(-0.0), 'J11': np.float32(-0.0), 'J12': np.float32(-0.7030527), 'J13': np.float32(-0.018501388), 'cluster3106249630_3106249631_J60_J61_#5more': np.float32(-0.16651249)}, {'J10': 0, 'J11': 0, 'J12': 14, 'J13': 1, 'cluster3106249630_3106249631_J60_J61_#5more': 9}, {'J10': 0, 'J11': 0, 'J12': 38, 'J13': 1, 'cluster3106249630_3106249631_J60_J61_#5more': 9}, 
5360.0, {'J10': np.float32(-0.0), 'J11': np.float32(-0.0), 'J12': np.float32(0.11378353), 'J13': np.float32(-0.018501388), 'cluster3106249630_3106249631_J60_J61_#5more': np.float32(-0.16651249)}, {'J10': 0, 'J11': 0, 'J12': 14, 'J13': 1, 'cluster3106249630_3106249631_J60_J61_#5more': 9}, {'J10': 0, 'J11': 0, 'J12': 37, 'J13': 1, 'cluster3106249630_3106249631_J60_J61_#5more': 9}, 
5365.0, {'J10': np.float32(-0.0), 'J11': np.float32(-0.0), 'J12': np.float32(1.7696577), 'J13': np.float32(-0.018501388), 'cluster3106249630_3106249631_J60_J61_#5more': np.float32(1.2858465)}, {'J10': 0, 'J11': 0, 'J12': 12, 'J13': 1, 'cluster3106249630_3106249631_J60_J61_#5more': 8}, {'J10': 0, 'J11': 0, 'J12': 36, 'J13': 1, 'cluster3106249630_3106249631_J60_J61_#5more': 8}, 
5370.0, {'J10': np.float32(-0.0), 'J11': np.float32(-0.0), 'J12': np.float32(-0.66604996), 'J13': np.float32(-0.018501388), 'cluster3106249630_3106249631_J60_J61_#5more': np.float32(-0.1480111)}, {'J10': 0, 'J11': 0, 'J12': 12, 'J13': 1, 'cluster3106249630_3106249631_J60_J61_#5more': 8}, {'J10': 0, 'J11': 0, 'J12': 36, 'J13': 1, 'cluster3106249630_3106249631_J60_J61_#5more': 8}, 
5375.0, {'J10': np.float32(-0.0), 'J11': np.float32(-0.0), 'J12': np.float32(-0.66604996), 'J13': np.float32(-0.018501388), 'cluster3106249630_3106249631_J60_J61_#5more': np.float32(-0.1480111)}, {'J10': 0, 'J11': 0, 'J12': 12, 'J13': 1, 'cluster3106249630_3106249631_J60_J61_#5more': 8}, {'J10': 0, 'J11': 0, 'J12': 36, 'J13': 1, 'cluster3106249630_3106249631_J60_J61_#5more': 8}, 
5380.0, {'J10': np.float32(-0.0), 'J11': np.float32(-0.0), 'J12': np.float32(2.813136), 'J13': np.float32(-0.018501388), 'cluster3106249630_3106249631_J60_J61_#5more': np.float32(-0.1480111)}, {'J10': 0, 'J11': 0, 'J12': 14, 'J13': 1, 'cluster3106249630_3106249631_J60_J61_#5more': 8}, {'J10': 0, 'J11': 0, 'J12': 37, 'J13': 1, 'cluster3106249630_3106249631_J60_J61_#5more': 8}, 
5385.0, {'J10': np.float32(-0.0), 'J11': np.float32(-0.0), 'J12': np.float32(0.22294173), 'J13': np.float32(-0.018501388), 'cluster3106249630_3106249631_J60_J61_#5more': np.float32(-0.1480111)}, {'J10': 0, 'J11': 0, 'J12': 14, 'J13': 1, 'cluster3106249630_3106249631_J60_J61_#5more': 8}, {'J10': 0, 'J11': 0, 'J12': 36, 'J13': 1, 'cluster3106249630_3106249631_J60_J61_#5more': 8}, 
5390.0, {'J10': np.float32(-0.0), 'J11': np.float32(-0.0), 'J12': np.float32(-0.3080481), 'J13': np.float32(-0.018501388), 'cluster3106249630_3106249631_J60_J61_#5more': np.float32(-0.1480111)}, {'J10': 0, 'J11': 0, 'J12': 14, 'J13': 1, 'cluster3106249630_3106249631_J60_J61_#5more': 8}, {'J10': 0, 'J11': 0, 'J12': 37, 'J13': 1, 'cluster3106249630_3106249631_J60_J61_#5more': 8}, 
5395.0, {'J10': np.float32(-0.0), 'J11': np.float32(-0.0), 'J12': np.float32(-0.2987974), 'J13': np.float32(-0.018501388), 'cluster3106249630_3106249631_J60_J61_#5more': np.float32(-0.1480111)}, {'J10': 0, 'J11': 0, 'J12': 14, 'J13': 1, 'cluster3106249630_3106249631_J60_J61_#5more': 8}, {'J10': 0, 'J11': 0, 'J12': 37, 'J13': 1, 'cluster3106249630_3106249631_J60_J61_#5more': 8}, 
5400.0, {'J10': np.float32(-0.0), 'J11': np.float32(-0.0), 'J12': np.float32(-0.68455136), 'J13': np.float32(-0.018501388), 'cluster3106249630_3106249631_J60_J61_#5more': np.float32(-0.1480111)}, {'J10': 0, 'J11': 0, 'J12': 14, 'J13': 1, 'cluster3106249630_3106249631_J60_J61_#5more': 8}, {'J10': 0, 'J11': 0, 'J12': 37, 'J13': 1, 'cluster3106249630_3106249631_J60_J61_#5more': 8}, 
