5.0, {'J10': np.float32(-0.0), 'J11': np.float32(-0.0), 'J12': np.float32(-0.0), 'J13': np.float32(-0.0), 'cluster3106249630_3106249631_J60_J61_#5more': np.float32(-0.0)}, {'J10': 0, 'J11': 0, 'J12': 0, 'J13': 0, 'cluster3106249630_3106249631_J60_J61_#5more': 0}, {'J10': 0, 'J11': 0, 'J12': 0, 'J13': 0, 'cluster3106249630_3106249631_J60_J61_#5more': 0}, 
10.0, {'J10': np.float32(-0.0), 'J11': np.float32(-0.0009250694), 'J12': np.float32(-0.0), 'J13': np.float32(-0.0), 'cluster3106249630_3106249631_J60_J61_#5more': np.float32(-0.0)}, {'J10': 0, 'J11': 1, 'J12': 0, 'J13': 0, 'cluster3106249630_3106249631_J60_J61_#5more': 0}, {'J10': 0, 'J11': 1, 'J12': 0, 'J13': 0, 'cluster3106249630_3106249631_J60_J61_#5more': 0}, 
15.0, {'J10': np.float32(-0.0), 'J11': np.float32(0.0009250694), 'J12': np.float32(-0.0), 'J13': np.float32(-0.0018501388), 'cluster3106249630_3106249631_J60_J61_#5more': np.float32(-0.0018501388)}, {'J10': 0, 'J11': 0, 'J12': 0, 'J13': 1, 'cluster3106249630_3106249631_J60_J61_#5more': 1}, {'J10': 0, 'J11': 0, 'J12': 0, 'J13': 1, 'cluster3106249630_3106249631_J60_J61_#5more': 1}, 
20.0, {'J10': np.float32(-0.0), 'J11': np.float32(-0.006475486), 'J12': np.float32(-0.0), 'J13': np.float32(-0.004625347), 'cluster3106249630_3106249631_J60_J61_#5more': np.float32(-0.03422757)}, {'J10': 0, 'J11': 0, 'J12': 0, 'J13': 1, 'cluster3106249630_3106249631_J60_J61_#5more': 2}, {'J10': 0, 'J11': 0, 'J12': 0, 'J13': 2, 'cluster3106249630_3106249631_J60_J61_#5more': 3}, 
25.0, {'J10': np.float32(-0.007400555), 'J11': np.float32(-0.03052729), 'J12': np.float32(-0.0018501388), 'J13': np.float32(0.006475486), 'cluster3106249630_3106249631_J60_J61_#5more': np.float32(-0.004625347)}, {'J10': 1, 'J11': 1, 'J12': 1, 'J13': 0, 'cluster3106249630_3106249631_J60_J61_#5more': 3}, {'J10': 1, 'J11': 2, 'J12': 1, 'J13': 0, 'cluster3106249630_3106249631_J60_J61_#5more': 4}, 
30.0, {'J10': np.float32(-0.018501388), 'J11': np.float32(-0.055504162), 'J12': np.float32(-0.004625347), 'J13': np.float32(-0.0037002775), 'cluster3106249630_3106249631_J60_J61_#5more': np.float32(0.017576318)}, {'J10': 1, 'J11': 1, 'J12': 1, 'J13': 1, 'cluster3106249630_3106249631_J60_J61_#5more': 1}, {'J10': 1, 'J11': 2, 'J12': 1, 'J13': 1, 'cluster3106249630_3106249631_J60_J61_#5more': 1}, 
35.0, {'J10': np.float32(-0.026827011), 'J11': np.float32(-0.0573543), 'J12': np.float32(-0.018501388), 'J13': np.float32(-0.021276595), 'cluster3106249630_3106249631_J60_J61_#5more': np.float32(0.018501388)}, {'J10': 1, 'J11': 1, 'J12': 1, 'J13': 2, 'cluster3106249630_3106249631_J60_J61_#5more': 0}, {'J10': 2, 'J11': 2, 'J12': 1, 'J13': 4, 'cluster3106249630_3106249631_J60_J61_#5more': 0}, 
40.0, {'J10': np.float32(0.04810361), 'J11': np.float32(-0.06567992), 'J12': np.float32(-0.018501388), 'J13': np.float32(-0.07493062), 'cluster3106249630_3106249631_J60_J61_#5more': np.float32(-0.0138760405)}, {'J10': 1, 'J11': 1, 'J12': 1, 'J13': 2, 'cluster3106249630_3106249631_J60_J61_#5more': 1}, {'J10': 1, 'J11': 2, 'J12': 1, 'J13': 5, 'cluster3106249630_3106249631_J60_J61_#5more': 1}, 
45.0, {'J10': np.float32(-0.024051804), 'J11': np.float32(-0.07585569), 'J12': np.float32(-0.036077704), 'J13': np.float32(-0.09250694), 'cluster3106249630_3106249631_J60_J61_#5more': np.float32(-0.008325624)}, {'J10': 1, 'J11': 1, 'J12': 2, 'J13': 2, 'cluster3106249630_3106249631_J60_J61_#5more': 0}, {'J10': 2, 'J11': 2, 'J12': 4, 'J13': 5, 'cluster3106249630_3106249631_J60_J61_#5more': 0}, 
50.0, {'J10': np.float32(-0.008325624), 'J11': np.float32(-0.07215541), 'J12': np.float32(-0.07400555), 'J13': np.float32(-0.09250694), 'cluster3106249630_3106249631_J60_J61_#5more': np.float32(-0.018501388)}, {'J10': 2, 'J11': 1, 'J12': 2, 'J13': 2, 'cluster3106249630_3106249631_J60_J61_#5more': 0}, {'J10': 3, 'J11': 2, 'J12': 4, 'J13': 5, 'cluster3106249630_3106249631_J60_J61_#5more': 0}, 
55.0, {'J10': np.float32(-0.05920444), 'J11': np.float32(-0.07400555), 'J12': np.float32(-0.08880666), 'J13': np.float32(-0.09713229), 'cluster3106249630_3106249631_J60_J61_#5more': np.float32(-0.010175764)}, {'J10': 3, 'J11': 1, 'J12': 4, 'J13': 3, 'cluster3106249630_3106249631_J60_J61_#5more': 2}, {'J10': 4, 'J11': 2, 'J12': 8, 'J13': 6, 'cluster3106249630_3106249631_J60_J61_#5more': 2}, 
60.0, {'J10': np.float32(-0.08695652), 'J11': np.float32(-0.091581866), 'J12': np.float32(-0.16558743), 'J13': np.float32(0.1692877), 'cluster3106249630_3106249631_J60_J61_#5more': np.float32(-0.07308048)}, {'J10': 3, 'J11': 2, 'J12': 6, 'J13': 2, 'cluster3106249630_3106249631_J60_J61_#5more': 3}, {'J10': 4, 'J11': 3, 'J12': 11, 'J13': 4, 'cluster3106249630_3106249631_J60_J61_#5more': 3}, 
65.0, {'J10': np.float32(-0.09250694), 'J11': np.float32(-0.1359852), 'J12': np.float32(-0.22109158), 'J13': np.float32(0.17113784), 'cluster3106249630_3106249631_J60_J61_#5more': np.float32(-0.07770583)}, {'J10': 3, 'J11': 2, 'J12': 6, 'J13': 1, 'cluster3106249630_3106249631_J60_J61_#5more': 3}, {'J10': 4, 'J11': 3, 'J12': 13, 'J13': 1, 'cluster3106249630_3106249631_J60_J61_#5more': 3}, 
70.0, {'J10': np.float32(-0.09250694), 'J11': np.float32(-0.15726179), 'J12': np.float32(-0.11008326), 'J13': np.float32(-0.035152636), 'cluster3106249630_3106249631_J60_J61_#5more': np.float32(-0.024976874)}, {'J10': 3, 'J11': 2, 'J12': 6, 'J13': 3, 'cluster3106249630_3106249631_J60_J61_#5more': 2}, {'J10': 4, 'J11': 3, 'J12': 12, 'J13': 5, 'cluster3106249630_3106249631_J60_J61_#5more': 3}, 
75.0, {'J10': np.float32(-0.09250694), 'J11': np.float32(-0.09435707), 'J12': np.float32(0.040703055), 'J13': np.float32(-0.10545791), 'cluster3106249630_3106249631_J60_J61_#5more': np.float32(-0.09250694)}, {'J10': 3, 'J11': 3, 'J12': 4, 'J13': 3, 'cluster3106249630_3106249631_J60_J61_#5more': 2}, {'J10': 4, 'J11': 4, 'J12': 12, 'J13': 7, 'cluster3106249630_3106249631_J60_J61_#5more': 3}, 
80.0, {'J10': np.float32(-0.095282145), 'J11': np.float32(-0.15726179), 'J12': np.float32(-0.23034227), 'J13': np.float32(0.0453284), 'cluster3106249630_3106249631_J60_J61_#5more': np.float32(-0.111933395)}, {'J10': 4, 'J11': 3, 'J12': 5, 'J13': 2, 'cluster3106249630_3106249631_J60_J61_#5more': 4}, {'J10': 5, 'J11': 4, 'J12': 13, 'J13': 6, 'cluster3106249630_3106249631_J60_J61_#5more': 5}, 
85.0, {'J10': np.float32(-0.111008324), 'J11': np.float32(-0.16188714), 'J12': np.float32(-0.21831638), 'J13': np.float32(0.07493062), 'cluster3106249630_3106249631_J60_J61_#5more': np.float32(-0.15633672)}, {'J10': 4, 'J11': 4, 'J12': 5, 'J13': 1, 'cluster3106249630_3106249631_J60_J61_#5more': 4}, {'J10': 5, 'J11': 5, 'J12': 14, 'J13': 2, 'cluster3106249630_3106249631_J60_J61_#5more': 6}, 
90.0, {'J10': np.float32(-0.111008324), 'J11': np.float32(1.1535615), 'J12': np.float32(-0.26827013), 'J13': np.float32(-0.04440333), 'cluster3106249630_3106249631_J60_J61_#5more': np.float32(-0.13043478)}, {'J10': 4, 'J11': 2, 'J12': 5, 'J13': 2, 'cluster3106249630_3106249631_J60_J61_#5more': 4}, {'J10': 5, 'J11': 2, 'J12': 14, 'J13': 3, 'cluster3106249630_3106249631_J60_J61_#5more': 5}, 
95.0, {'J10': np.float32(-0.111008324), 'J11': np.float32(0.036077704), 'J12': np.float32(-0.26827013), 'J13': np.float32(-0.07400555), 'cluster3106249630_3106249631_J60_J61_#5more': np.float32(0.2904718)}, {'J10': 4, 'J11': 2, 'J12': 5, 'J13': 4, 'cluster3106249630_3106249631_J60_J61_#5more': 4}, {'J10': 5, 'J11': 2, 'J12': 14, 'J13': 6, 'cluster3106249630_3106249631_J60_J61_#5more': 7}, 
100.0, {'J10': np.float32(-0.111933395), 'J11': np.float32(-0.06382979), 'J12': np.float32(-0.27382055), 'J13': np.float32(0.08048104), 'cluster3106249630_3106249631_J60_J61_#5more': np.float32(0.027752081)}, {'J10': 5, 'J11': 2, 'J12': 6, 'J13': 3, 'cluster3106249630_3106249631_J60_J61_#5more': 4}, {'J10': 6, 'J11': 2, 'J12': 15, 'J13': 4, 'cluster3106249630_3106249631_J60_J61_#5more': 9}, 
105.0, {'J10': np.float32(0.6956522), 'J11': np.float32(0.11008326), 'J12': np.float32(-0.022201665), 'J13': np.float32(-0.08603145), 'cluster3106249630_3106249631_J60_J61_#5more': np.float32(-0.17483811)}, {'J10': 3, 'J11': 0, 'J12': 6, 'J13': 3, 'cluster3106249630_3106249631_J60_J61_#5more': 4}, {'J10': 4, 'J11': 0, 'J12': 16, 'J13': 5, 'cluster3106249630_3106249631_J60_J61_#5more': 13}, 
110.0, {'J10': np.float32(0.23496762), 'J11': np.float32(-0.002775208), 'J12': np.float32(-0.10453284), 'J13': np.float32(-0.10175763), 'cluster3106249630_3106249631_J60_J61_#5more': np.float32(-0.051803887)}, {'J10': 1, 'J11': 0, 'J12': 6, 'J13': 3, 'cluster3106249630_3106249631_J60_J61_#5more': 4}, {'J10': 4, 'J11': 0, 'J12': 15, 'J13': 5, 'cluster3106249630_3106249631_J60_J61_#5more': 10}, 
115.0, {'J10': np.float32(-0.025901943), 'J11': np.float32(-0.01480111), 'J12': np.float32(-0.28862163), 'J13': np.float32(0.06475486), 'cluster3106249630_3106249631_J60_J61_#5more': np.float32(0.0573543)}, {'J10': 2, 'J11': 0, 'J12': 6, 'J13': 2, 'cluster3106249630_3106249631_J60_J61_#5more': 4}, {'J10': 5, 'J11': 0, 'J12': 17, 'J13': 3, 'cluster3106249630_3106249631_J60_J61_#5more': 10}, 
120.0, {'J10': np.float32(-0.052728955), 'J11': np.float32(-0.02867715), 'J12': np.float32(-0.34967622), 'J13': np.float32(0.039777983), 'cluster3106249630_3106249631_J60_J61_#5more': np.float32(0.10545791)}, {'J10': 4, 'J11': 1, 'J12': 8, 'J13': 2, 'cluster3106249630_3106249631_J60_J61_#5more': 6}, {'J10': 7, 'J11': 1, 'J12': 22, 'J13': 3, 'cluster3106249630_3106249631_J60_J61_#5more': 10}, 
125.0, {'J10': np.float32(-0.14431082), 'J11': np.float32(-0.055504162), 'J12': np.float32(-0.41628122), 'J13': np.float32(0.06105458), 'cluster3106249630_3106249631_J60_J61_#5more': np.float32(0.079555966)}, {'J10': 5, 'J11': 2, 'J12': 8, 'J13': 2, 'cluster3106249630_3106249631_J60_J61_#5more': 5}, {'J10': 9, 'J11': 3, 'J12': 22, 'J13': 2, 'cluster3106249630_3106249631_J60_J61_#5more': 7}, 
130.0, {'J10': np.float32(0.20351526), 'J11': np.float32(-0.09250694), 'J12': np.float32(-0.42830712), 'J13': np.float32(-0.037002776), 'cluster3106249630_3106249631_J60_J61_#5more': np.float32(0.2839963)}, {'J10': 2, 'J11': 2, 'J12': 9, 'J13': 2, 'cluster3106249630_3106249631_J60_J61_#5more': 2}, {'J10': 3, 'J11': 4, 'J12': 25, 'J13': 2, 'cluster3106249630_3106249631_J60_J61_#5more': 2}, 
135.0, {'J10': np.float32(0.08788159), 'J11': np.float32(-0.1026827), 'J12': np.float32(-0.49028677), 'J13': np.float32(-0.051803887), 'cluster3106249630_3106249631_J60_J61_#5more': np.float32(0.009250694)}, {'J10': 1, 'J11': 2, 'J12': 10, 'J13': 2, 'cluster3106249630_3106249631_J60_J61_#5more': 1}, {'J10': 1, 'J11': 4, 'J12': 27, 'J13': 4, 'cluster3106249630_3106249631_J60_J61_#5more': 2}, 
140.0, {'J10': np.float32(-0.004625347), 'J11': np.float32(-0.10638298), 'J12': np.float32(-0.53283995), 'J13': np.float32(-0.07400555), 'cluster3106249630_3106249631_J60_J61_#5more': np.float32(0.039777983)}, {'J10': 2, 'J11': 2, 'J12': 12, 'J13': 2, 'cluster3106249630_3106249631_J60_J61_#5more': 1}, {'J10': 2, 'J11': 4, 'J12': 30, 'J13': 4, 'cluster3106249630_3106249631_J60_J61_#5more': 1}, 
145.0, {'J10': np.float32(0.006475486), 'J11': np.float32(-0.11840888), 'J12': np.float32(-0.5494912), 'J13': np.float32(-0.07770583), 'cluster3106249630_3106249631_J60_J61_#5more': np.float32(-0.022201665)}, {'J10': 0, 'J11': 3, 'J12': 12, 'J13': 2, 'cluster3106249630_3106249631_J60_J61_#5more': 0}, {'J10': 0, 'J11': 5, 'J12': 33, 'J13': 4, 'cluster3106249630_3106249631_J60_J61_#5more': 0}, 
150.0, {'J10': np.float32(-0.0), 'J11': np.float32(-0.12950972), 'J12': np.float32(-0.6068455), 'J13': np.float32(-0.0906568), 'cluster3106249630_3106249631_J60_J61_#5more': np.float32(-0.027752081)}, {'J10': 0, 'J11': 3, 'J12': 12, 'J13': 2, 'cluster3106249630_3106249631_J60_J61_#5more': 0}, {'J10': 0, 'J11': 5, 'J12': 33, 'J13': 4, 'cluster3106249630_3106249631_J60_J61_#5more': 0}, 
155.0, {'J10': np.float32(-0.0), 'J11': np.float32(0.46716005), 'J12': np.float32(-0.6327475), 'J13': np.float32(-0.09250694), 'cluster3106249630_3106249631_J60_J61_#5more': np.float32(-0.06105458)}, {'J10': 0, 'J11': 1, 'J12': 12, 'J13': 2, 'cluster3106249630_3106249631_J60_J61_#5more': 3}, {'J10': 0, 'J11': 2, 'J12': 36, 'J13': 4, 'cluster3106249630_3106249631_J60_J61_#5more': 4}, 
160.0, {'J10': np.float32(-0.0), 'J11': np.float32(0.107308045), 'J12': np.float32(0.10545791), 'J13': np.float32(0.38112858), 'cluster3106249630_3106249631_J60_J61_#5more': np.float32(-0.1359852)}, {'J10': 0, 'J11': 2, 'J12': 12, 'J13': 1, 'cluster3106249630_3106249631_J60_J61_#5more': 4}, {'J10': 0, 'J11': 3, 'J12': 37, 'J13': 2, 'cluster3106249630_3106249631_J60_J61_#5more': 7}, 
165.0, {'J10': np.float32(-0.0), 'J11': np.float32(-0.012025902), 'J12': np.float32(-0.30897316), 'J13': np.float32(-0.06382979), 'cluster3106249630_3106249631_J60_J61_#5more': np.float32(-0.12118409)}, {'J10': 0, 'J11': 1, 'J12': 12, 'J13': 2, 'cluster3106249630_3106249631_J60_J61_#5more': 4}, {'J10': 0, 'J11': 1, 'J12': 36, 'J13': 3, 'cluster3106249630_3106249631_J60_J61_#5more': 7}, 
170.0, {'J10': np.float32(-0.0), 'J11': np.float32(-0.058279373), 'J12': np.float32(0.024976874), 'J13': np.float32(-0.07400555), 'cluster3106249630_3106249631_J60_J61_#5more': np.float32(0.11285847)}, {'J10': 0, 'J11': 1, 'J12': 14, 'J13': 2, 'cluster3106249630_3106249631_J60_J61_#5more': 4}, {'J10': 0, 'J11': 1, 'J12': 42, 'J13': 3, 'cluster3106249630_3106249631_J60_J61_#5more': 6}, 
175.0, {'J10': np.float32(-0.012025902), 'J11': np.float32(-0.08510638), 'J12': np.float32(0.008325624), 'J13': np.float32(-0.07400555), 'cluster3106249630_3106249631_J60_J61_#5more': np.float32(-0.025901943)}, {'J10': 1, 'J11': 1, 'J12': 14, 'J13': 2, 'cluster3106249630_3106249631_J60_J61_#5more': 4}, {'J10': 1, 'J11': 2, 'J12': 40, 'J13': 3, 'cluster3106249630_3106249631_J60_J61_#5more': 9}, 
180.0, {'J10': np.float32(-0.027752081), 'J11': np.float32(-0.111008324), 'J12': np.float32(-0.3570768), 'J13': np.float32(-0.09435707), 'cluster3106249630_3106249631_J60_J61_#5more': np.float32(-0.07308048)}, {'J10': 1, 'J11': 1, 'J12': 14, 'J13': 3, 'cluster3106249630_3106249631_J60_J61_#5more': 5}, {'J10': 1, 'J11': 2, 'J12': 39, 'J13': 6, 'cluster3106249630_3106249631_J60_J61_#5more': 14}, 
185.0, {'J10': np.float32(-0.027752081), 'J11': np.float32(-0.11933395), 'J12': np.float32(-0.6410731), 'J13': np.float32(-0.13968548), 'cluster3106249630_3106249631_J60_J61_#5more': np.float32(-0.29417205)}, {'J10': 1, 'J11': 1, 'J12': 14, 'J13': 5, 'cluster3106249630_3106249631_J60_J61_#5more': 6}, {'J10': 1, 'J11': 2, 'J12': 42, 'J13': 8, 'cluster3106249630_3106249631_J60_J61_#5more': 19}, 
190.0, {'J10': np.float32(-0.037002776), 'J11': np.float32(0.18408881), 'J12': np.float32(-0.51803887), 'J13': np.float32(-0.16651249), 'cluster3106249630_3106249631_J60_J61_#5more': np.float32(-0.08510638)}, {'J10': 1, 'J11': 2, 'J12': 14, 'J13': 5, 'cluster3106249630_3106249631_J60_J61_#5more': 6}, {'J10': 1, 'J11': 4, 'J12': 41, 'J13': 8, 'cluster3106249630_3106249631_J60_J61_#5more': 19}, 
195.0, {'J10': np.float32(-0.037002776), 'J11': np.float32(-0.111933395), 'J12': np.float32(-0.7326549), 'J13': np.float32(-0.17483811), 'cluster3106249630_3106249631_J60_J61_#5more': np.float32(0.19148937)}, {'J10': 1, 'J11': 2, 'J12': 14, 'J13': 6, 'cluster3106249630_3106249631_J60_J61_#5more': 3}, {'J10': 1, 'J11': 4, 'J12': 48, 'J13': 9, 'cluster3106249630_3106249631_J60_J61_#5more': 10}, 
200.0, {'J10': np.float32(0.14153561), 'J11': np.float32(-0.13043478), 'J12': np.float32(-0.613321), 'J13': np.float32(-0.18501388), 'cluster3106249630_3106249631_J60_J61_#5more': np.float32(0.07308048)}, {'J10': 0, 'J11': 2, 'J12': 14, 'J13': 6, 'cluster3106249630_3106249631_J60_J61_#5more': 3}, {'J10': 0, 'J11': 4, 'J12': 52, 'J13': 9, 'cluster3106249630_3106249631_J60_J61_#5more': 5}, 
205.0, {'J10': np.float32(-0.0), 'J11': np.float32(0.44310823), 'J12': np.float32(-0.67252547), 'J13': np.float32(-0.19981499), 'cluster3106249630_3106249631_J60_J61_#5more': np.float32(-0.019426458)}, {'J10': 0, 'J11': 1, 'J12': 14, 'J13': 8, 'cluster3106249630_3106249631_J60_J61_#5more': 4}, {'J10': 0, 'J11': 1, 'J12': 51, 'J13': 11, 'cluster3106249630_3106249631_J60_J61_#5more': 4}, 
210.0, {'J10': np.float32(-0.0), 'J11': np.float32(0.02960222), 'J12': np.float32(-0.95282143), 'J13': np.float32(-0.24606845), 'cluster3106249630_3106249631_J60_J61_#5more': np.float32(-0.11748381)}, {'J10': 0, 'J11': 1, 'J12': 14, 'J13': 10, 'cluster3106249630_3106249631_J60_J61_#5more': 4}, {'J10': 0, 'J11': 2, 'J12': 51, 'J13': 13, 'cluster3106249630_3106249631_J60_J61_#5more': 4}, 
215.0, {'J10': np.float32(-0.0), 'J11': np.float32(-0.06382979), 'J12': np.float32(-0.36725256), 'J13': np.float32(-0.2812211), 'cluster3106249630_3106249631_J60_J61_#5more': np.float32(0.30712304)}, {'J10': 0, 'J11': 1, 'J12': 14, 'J13': 10, 'cluster3106249630_3106249631_J60_J61_#5more': 2}, {'J10': 0, 'J11': 2, 'J12': 49, 'J13': 13, 'cluster3106249630_3106249631_J60_J61_#5more': 2}, 
220.0, {'J10': np.float32(-0.0), 'J11': np.float32(-0.10545791), 'J12': np.float32(-0.8408881), 'J13': np.float32(-0.2997225), 'cluster3106249630_3106249631_J60_J61_#5more': np.float32(0.2867715)}, {'J10': 0, 'J11': 1, 'J12': 14, 'J13': 10, 'cluster3106249630_3106249631_J60_J61_#5more': 1}, {'J10': 0, 'J11': 2, 'J12': 52, 'J13': 15, 'cluster3106249630_3106249631_J60_J61_#5more': 3}, 
225.0, {'J10': np.float32(-0.0), 'J11': np.float32(-0.09713229), 'J12': np.float32(-0.9454209), 'J13': np.float32(-0.25161886), 'cluster3106249630_3106249631_J60_J61_#5more': np.float32(0.0018501388)}, {'J10': 0, 'J11': 1, 'J12': 14, 'J13': 10, 'cluster3106249630_3106249631_J60_J61_#5more': 3}, {'J10': 0, 'J11': 2, 'J12': 52, 'J13': 13, 'cluster3106249630_3106249631_J60_J61_#5more': 7}, 
230.0, {'J10': np.float32(-0.0), 'J11': np.float32(-0.123959295), 'J12': np.float32(-0.9768733), 'J13': np.float32(-0.30157262), 'cluster3106249630_3106249631_J60_J61_#5more': np.float32(-0.058279373)}, {'J10': 0, 'J11': 2, 'J12': 14, 'J13': 10, 'cluster3106249630_3106249631_J60_J61_#5more': 2}, {'J10': 0, 'J11': 3, 'J12': 51, 'J13': 14, 'cluster3106249630_3106249631_J60_J61_#5more': 6}, 
235.0, {'J10': np.float32(-0.0), 'J11': np.float32(-0.15263645), 'J12': np.float32(-1.0046253), 'J13': np.float32(1.2432933), 'cluster3106249630_3106249631_J60_J61_#5more': np.float32(0.08140611)}, {'J10': 0, 'J11': 3, 'J12': 14, 'J13': 8, 'cluster3106249630_3106249631_J60_J61_#5more': 1}, {'J10': 0, 'J11': 5, 'J12': 56, 'J13': 12, 'cluster3106249630_3106249631_J60_J61_#5more': 1}, 
240.0, {'J10': np.float32(-0.008325624), 'J11': np.float32(-0.18501388), 'J12': np.float32(-1.0823312), 'J13': np.float32(0.5476411), 'cluster3106249630_3106249631_J60_J61_#5more': np.float32(-0.052728955)}, {'J10': 1, 'J11': 3, 'J12': 14, 'J13': 4, 'cluster3106249630_3106249631_J60_J61_#5more': 2}, {'J10': 1, 'J11': 5, 'J12': 56, 'J13': 8, 'cluster3106249630_3106249631_J60_J61_#5more': 3}, 
245.0, {'J10': np.float32(-0.018501388), 'J11': np.float32(-0.19148937), 'J12': np.float32(-1.0823312), 'J13': np.float32(-0.052728955), 'cluster3106249630_3106249631_J60_J61_#5more': np.float32(-0.095282145)}, {'J10': 1, 'J11': 3, 'J12': 14, 'J13': 4, 'cluster3106249630_3106249631_J60_J61_#5more': 4}, {'J10': 1, 'J11': 5, 'J12': 56, 'J13': 5, 'cluster3106249630_3106249631_J60_J61_#5more': 5}, 
250.0, {'J10': np.float32(-0.021276595), 'J11': np.float32(-0.23126735), 'J12': np.float32(-1.0823312), 'J13': np.float32(-0.14986125), 'cluster3106249630_3106249631_J60_J61_#5more': np.float32(-0.08788159)}, {'J10': 1, 'J11': 4, 'J12': 14, 'J13': 6, 'cluster3106249630_3106249631_J60_J61_#5more': 3}, {'J10': 1, 'J11': 6, 'J12': 56, 'J13': 7, 'cluster3106249630_3106249631_J60_J61_#5more': 4}, 
255.0, {'J10': np.float32(-0.027752081), 'J11': np.float32(-0.2562442), 'J12': np.float32(-1.0823312), 'J13': np.float32(-0.18963923), 'cluster3106249630_3106249631_J60_J61_#5more': np.float32(-0.053654023)}, {'J10': 1, 'J11': 5, 'J12': 14, 'J13': 9, 'cluster3106249630_3106249631_J60_J61_#5more': 2}, {'J10': 1, 'J11': 7, 'J12': 56, 'J13': 10, 'cluster3106249630_3106249631_J60_J61_#5more': 3}, 
260.0, {'J10': np.float32(0.07493062), 'J11': np.float32(-0.26827013), 'J12': np.float32(-1.0823312), 'J13': np.float32(-0.25254393), 'cluster3106249630_3106249631_J60_J61_#5more': np.float32(-0.02960222)}, {'J10': 1, 'J11': 5, 'J12': 14, 'J13': 10, 'cluster3106249630_3106249631_J60_J61_#5more': 1}, {'J10': 1, 'J11': 7, 'J12': 56, 'J13': 12, 'cluster3106249630_3106249631_J60_J61_#5more': 2}, 
265.0, {'J10': np.float32(-0.021276595), 'J11': np.float32(0.0573543), 'J12': np.float32(-1.0823312), 'J13': np.float32(-0.28214616), 'cluster3106249630_3106249631_J60_J61_#5more': np.float32(-0.09620722)}, {'J10': 2, 'J11': 5, 'J12': 14, 'J13': 10, 'cluster3106249630_3106249631_J60_J61_#5more': 2}, {'J10': 2, 'J11': 7, 'J12': 56, 'J13': 13, 'cluster3106249630_3106249631_J60_J61_#5more': 3}, 
270.0, {'J10': np.float32(-0.0018501388), 'J11': np.float32(-0.22756706), 'J12': np.float32(-1.0962073), 'J13': np.float32(-0.30064756), 'cluster3106249630_3106249631_J60_J61_#5more': np.float32(-0.13320999)}, {'J10': 2, 'J11': 6, 'J12': 14, 'J13': 12, 'cluster3106249630_3106249631_J60_J61_#5more': 4}, {'J10': 2, 'J11': 8, 'J12': 58, 'J13': 15, 'cluster3106249630_3106249631_J60_J61_#5more': 5}, 
275.0, {'J10': np.float32(0.024051804), 'J11': np.float32(-0.24051803), 'J12': np.float32(-1.1119334), 'J13': np.float32(-0.34320074), 'cluster3106249630_3106249631_J60_J61_#5more': np.float32(-0.13783534)}, {'J10': 0, 'J11': 6, 'J12': 14, 'J13': 14, 'cluster3106249630_3106249631_J60_J61_#5more': 4}, {'J10': 0, 'J11': 8, 'J12': 57, 'J13': 17, 'cluster3106249630_3106249631_J60_J61_#5more': 5}, 
280.0, {'J10': np.float32(-0.0), 'J11': np.float32(-0.26827013), 'J12': np.float32(-1.0888066), 'J13': np.float32(1.1526364), 'cluster3106249630_3106249631_J60_J61_#5more': np.float32(0.5615171)}, {'J10': 0, 'J11': 6, 'J12': 14, 'J13': 14, 'cluster3106249630_3106249631_J60_J61_#5more': 3}, {'J10': 0, 'J11': 8, 'J12': 56, 'J13': 15, 'cluster3106249630_3106249631_J60_J61_#5more': 4}, 
285.0, {'J10': np.float32(-0.0), 'J11': np.float32(-0.2775208), 'J12': np.float32(0.28492138), 'J13': np.float32(-0.009250694), 'cluster3106249630_3106249631_J60_J61_#5more': np.float32(-0.017576318)}, {'J10': 0, 'J11': 6, 'J12': 14, 'J13': 13, 'cluster3106249630_3106249631_J60_J61_#5more': 3}, {'J10': 0, 'J11': 8, 'J12': 54, 'J13': 14, 'cluster3106249630_3106249631_J60_J61_#5more': 6}, 
290.0, {'J10': np.float32(-0.006475486), 'J11': np.float32(-0.2867715), 'J12': np.float32(-1.0055504), 'J13': np.float32(-0.28214616), 'cluster3106249630_3106249631_J60_J61_#5more': np.float32(-0.08233117)}, {'J10': 2, 'J11': 6, 'J12': 14, 'J13': 13, 'cluster3106249630_3106249631_J60_J61_#5more': 2}, {'J10': 2, 'J11': 8, 'J12': 55, 'J13': 14, 'cluster3106249630_3106249631_J60_J61_#5more': 4}, 
295.0, {'J10': np.float32(-0.01480111), 'J11': np.float32(-0.2867715), 'J12': np.float32(-1.0573543), 'J13': np.float32(-0.3043478), 'cluster3106249630_3106249631_J60_J61_#5more': np.float32(-0.14246069)}, {'J10': 1, 'J11': 6, 'J12': 14, 'J13': 16, 'cluster3106249630_3106249631_J60_J61_#5more': 6}, {'J10': 1, 'J11': 8, 'J12': 55, 'J13': 17, 'cluster3106249630_3106249631_J60_J61_#5more': 15}, 
300.0, {'J10': np.float32(0.017576318), 'J11': np.float32(-0.28862163), 'J12': np.float32(-1.0296022), 'J13': np.float32(-0.19796485), 'cluster3106249630_3106249631_J60_J61_#5more': np.float32(-0.31914893)}, {'J10': 1, 'J11': 6, 'J12': 14, 'J13': 18, 'cluster3106249630_3106249631_J60_J61_#5more': 8}, {'J10': 1, 'J11': 8, 'J12': 54, 'J13': 18, 'cluster3106249630_3106249631_J60_J61_#5more': 20}, 
305.0, {'J10': np.float32(-0.023126734), 'J11': np.float32(-0.31082332), 'J12': np.float32(3.0), 'J13': np.float32(-0.36447734), 'cluster3106249630_3106249631_J60_J61_#5more': np.float32(-0.33765033)}, {'J10': 2, 'J11': 7, 'J12': 12, 'J13': 18, 'cluster3106249630_3106249631_J60_J61_#5more': 10}, {'J10': 2, 'J11': 9, 'J12': 50, 'J13': 19, 'cluster3106249630_3106249631_J60_J61_#5more': 26}, 
310.0, {'J10': np.float32(-0.058279373), 'J11': np.float32(-0.3385754), 'J12': np.float32(-0.9370953), 'J13': np.float32(-0.39315447), 'cluster3106249630_3106249631_J60_J61_#5more': np.float32(0.17668825)}, {'J10': 3, 'J11': 7, 'J12': 12, 'J13': 18, 'cluster3106249630_3106249631_J60_J61_#5more': 12}, {'J10': 5, 'J11': 9, 'J12': 52, 'J13': 19, 'cluster3106249630_3106249631_J60_J61_#5more': 24}, 
315.0, {'J10': np.float32(0.06382979), 'J11': np.float32(-0.35800186), 'J12': np.float32(-0.5245143), 'J13': np.float32(-0.4051804), 'cluster3106249630_3106249631_J60_J61_#5more': np.float32(-0.025901943)}, {'J10': 1, 'J11': 8, 'J12': 12, 'J13': 19, 'cluster3106249630_3106249631_J60_J61_#5more': 10}, {'J10': 1, 'J11': 10, 'J12': 55, 'J13': 20, 'cluster3106249630_3106249631_J60_J61_#5more': 18}, 
320.0, {'J10': np.float32(0.01480111), 'J11': np.float32(-0.3783534), 'J12': np.float32(-0.5800185), 'J13': np.float32(1.0814061), 'cluster3106249630_3106249631_J60_J61_#5more': np.float32(0.31637374)}, {'J10': 1, 'J11': 8, 'J12': 12, 'J13': 17, 'cluster3106249630_3106249631_J60_J61_#5more': 6}, {'J10': 1, 'J11': 10, 'J12': 59, 'J13': 18, 'cluster3106249630_3106249631_J60_J61_#5more': 11}, 
325.0, {'J10': np.float32(-0.027752081), 'J11': np.float32(-0.39130434), 'J12': np.float32(-0.5245143), 'J13': np.float32(-0.32377428), 'cluster3106249630_3106249631_J60_J61_#5more': np.float32(0.09898242)}, {'J10': 1, 'J11': 9, 'J12': 12, 'J13': 17, 'cluster3106249630_3106249631_J60_J61_#5more': 4}, {'J10': 1, 'J11': 11, 'J12': 57, 'J13': 17, 'cluster3106249630_3106249631_J60_J61_#5more': 10}, 
330.0, {'J10': np.float32(-0.027752081), 'J11': np.float32(-0.40703052), 'J12': np.float32(-0.95374656), 'J13': np.float32(-0.33302498), 'cluster3106249630_3106249631_J60_J61_#5more': np.float32(0.005550416)}, {'J10': 1, 'J11': 9, 'J12': 12, 'J13': 17, 'cluster3106249630_3106249631_J60_J61_#5more': 4}, {'J10': 1, 'J11': 11, 'J12': 58, 'J13': 17, 'cluster3106249630_3106249631_J60_J61_#5more': 7}, 
335.0, {'J10': np.float32(-0.031452358), 'J11': np.float32(-0.40888068), 'J12': np.float32(-1.0499537), 'J13': np.float32(0.43940794), 'cluster3106249630_3106249631_J60_J61_#5more': np.float32(0.09620722)}, {'J10': 1, 'J11': 9, 'J12': 12, 'J13': 14, 'cluster3106249630_3106249631_J60_J61_#5more': 3}, {'J10': 2, 'J11': 11, 'J12': 59, 'J13': 15, 'cluster3106249630_3106249631_J60_J61_#5more': 5}, 
340.0, {'J10': np.float32(0.08788159), 'J11': np.float32(3.0), 'J12': np.float32(-0.5679926), 'J13': np.float32(-0.28862163), 'cluster3106249630_3106249631_J60_J61_#5more': np.float32(-0.04440333)}, {'J10': 1, 'J11': 9, 'J12': 12, 'J13': 14, 'cluster3106249630_3106249631_J60_J61_#5more': 2}, {'J10': 1, 'J11': 10, 'J12': 62, 'J13': 16, 'cluster3106249630_3106249631_J60_J61_#5more': 4}, 
345.0, {'J10': np.float32(0.005550416), 'J11': np.float32(0.99444956), 'J12': np.float32(-0.50231266), 'J13': np.float32(0.30157262), 'cluster3106249630_3106249631_J60_J61_#5more': np.float32(-0.12858464)}, {'J10': 0, 'J11': 7, 'J12': 12, 'J13': 12, 'cluster3106249630_3106249631_J60_J61_#5more': 4}, {'J10': 0, 'J11': 8, 'J12': 62, 'J13': 13, 'cluster3106249630_3106249631_J60_J61_#5more': 6}, 
350.0, {'J10': np.float32(-0.004625347), 'J11': np.float32(-0.21369103), 'J12': np.float32(-1.1480111), 'J13': np.float32(0.3561517), 'cluster3106249630_3106249631_J60_J61_#5more': np.float32(-0.15911193)}, {'J10': 1, 'J11': 8, 'J12': 12, 'J13': 10, 'cluster3106249630_3106249631_J60_J61_#5more': 4}, {'J10': 1, 'J11': 11, 'J12': 62, 'J13': 11, 'cluster3106249630_3106249631_J60_J61_#5more': 6}, 
355.0, {'J10': np.float32(-0.025901943), 'J11': np.float32(-0.2654949), 'J12': np.float32(-1.1433858), 'J13': np.float32(-0.16466235), 'cluster3106249630_3106249631_J60_J61_#5more': np.float32(-0.14061055)}, {'J10': 2, 'J11': 8, 'J12': 12, 'J13': 10, 'cluster3106249630_3106249631_J60_J61_#5more': 4}, {'J10': 2, 'J11': 11, 'J12': 63, 'J13': 11, 'cluster3106249630_3106249631_J60_J61_#5more': 6}, 
360.0, {'J10': np.float32(-0.037002776), 'J11': np.float32(-0.14338575), 'J12': np.float32(-0.85383904), 'J13': np.float32(-0.22294173), 'cluster3106249630_3106249631_J60_J61_#5more': np.float32(-0.15633672)}, {'J10': 2, 'J11': 8, 'J12': 12, 'J13': 11, 'cluster3106249630_3106249631_J60_J61_#5more': 4}, {'J10': 2, 'J11': 11, 'J12': 65, 'J13': 12, 'cluster3106249630_3106249631_J60_J61_#5more': 6}, 
365.0, {'J10': np.float32(0.055504162), 'J11': np.float32(-0.18501388), 'J12': np.float32(-0.9842738), 'J13': np.float32(0.41905642), 'cluster3106249630_3106249631_J60_J61_#5more': np.float32(-0.15911193)}, {'J10': 1, 'J11': 8, 'J12': 12, 'J13': 11, 'cluster3106249630_3106249631_J60_J61_#5more': 4}, {'J10': 2, 'J11': 10, 'J12': 63, 'J13': 11, 'cluster3106249630_3106249631_J60_J61_#5more': 6}, 
370.0, {'J10': np.float32(-0.0138760405), 'J11': np.float32(-0.23496762), 'J12': np.float32(-1.0592045), 'J13': np.float32(0.3959297), 'cluster3106249630_3106249631_J60_J61_#5more': np.float32(0.44495836)}, {'J10': 1, 'J11': 8, 'J12': 12, 'J13': 9, 'cluster3106249630_3106249631_J60_J61_#5more': 4}, {'J10': 1, 'J11': 10, 'J12': 62, 'J13': 9, 'cluster3106249630_3106249631_J60_J61_#5more': 6}, 
375.0, {'J10': np.float32(0.021276595), 'J11': np.float32(-0.26456985), 'J12': np.float32(-1.1822387), 'J13': np.float32(-0.20351526), 'cluster3106249630_3106249631_J60_J61_#5more': np.float32(0.07400555)}, {'J10': 1, 'J11': 9, 'J12': 12, 'J13': 9, 'cluster3106249630_3106249631_J60_J61_#5more': 4}, {'J10': 1, 'J11': 11, 'J12': 63, 'J13': 9, 'cluster3106249630_3106249631_J60_J61_#5more': 6}, 
380.0, {'J10': np.float32(0.004625347), 'J11': np.float32(-0.3043478), 'J12': np.float32(-1.213691), 'J13': np.float32(-0.21831638), 'cluster3106249630_3106249631_J60_J61_#5more': np.float32(0.091581866)}, {'J10': 0, 'J11': 10, 'J12': 12, 'J13': 11, 'cluster3106249630_3106249631_J60_J61_#5more': 5}, {'J10': 0, 'J11': 13, 'J12': 65, 'J13': 12, 'cluster3106249630_3106249631_J60_J61_#5more': 9}, 
385.0, {'J10': np.float32(-0.005550416), 'J11': np.float32(-0.359852), 'J12': np.float32(-0.43755782), 'J13': np.float32(-0.27382055), 'cluster3106249630_3106249631_J60_J61_#5more': np.float32(0.020351527)}, {'J10': 0, 'J11': 11, 'J12': 12, 'J13': 12, 'cluster3106249630_3106249631_J60_J61_#5more': 5}, {'J10': 0, 'J11': 14, 'J12': 65, 'J13': 14, 'cluster3106249630_3106249631_J60_J61_#5more': 12}, 
390.0, {'J10': np.float32(-0.012025902), 'J11': np.float32(-0.3709528), 'J12': np.float32(-0.6105458), 'J13': np.float32(-0.3052729), 'cluster3106249630_3106249631_J60_J61_#5more': np.float32(0.026827011)}, {'J10': 1, 'J11': 11, 'J12': 12, 'J13': 12, 'cluster3106249630_3106249631_J60_J61_#5more': 3}, {'J10': 1, 'J11': 15, 'J12': 63, 'J13': 14, 'cluster3106249630_3106249631_J60_J61_#5more': 6}, 
395.0, {'J10': np.float32(0.017576318), 'J11': np.float32(-0.38852915), 'J12': np.float32(-1.2099907), 'J13': np.float32(-0.3052729), 'cluster3106249630_3106249631_J60_J61_#5more': np.float32(0.008325624)}, {'J10': 0, 'J11': 11, 'J12': 12, 'J13': 12, 'cluster3106249630_3106249631_J60_J61_#5more': 5}, {'J10': 0, 'J11': 15, 'J12': 63, 'J13': 14, 'cluster3106249630_3106249631_J60_J61_#5more': 15}, 
400.0, {'J10': np.float32(-0.0), 'J11': np.float32(-0.40610546), 'J12': np.float32(-0.5226642), 'J13': np.float32(-0.31267345), 'cluster3106249630_3106249631_J60_J61_#5more': np.float32(-0.0009250694)}, {'J10': 0, 'J11': 11, 'J12': 12, 'J13': 14, 'cluster3106249630_3106249631_J60_J61_#5more': 7}, {'J10': 0, 'J11': 15, 'J12': 62, 'J13': 16, 'cluster3106249630_3106249631_J60_J61_#5more': 15}, 
405.0, {'J10': np.float32(-0.0), 'J11': np.float32(-0.41258094), 'J12': np.float32(-0.52358925), 'J13': np.float32(-0.3533765), 'cluster3106249630_3106249631_J60_J61_#5more': np.float32(-0.3265495)}, {'J10': 0, 'J11': 11, 'J12': 12, 'J13': 16, 'cluster3106249630_3106249631_J60_J61_#5more': 7}, {'J10': 0, 'J11': 15, 'J12': 61, 'J13': 19, 'cluster3106249630_3106249631_J60_J61_#5more': 18}, 
410.0, {'J10': np.float32(-0.012950972), 'J11': np.float32(-0.42460686), 'J12': np.float32(-1.160037), 'J13': np.float32(-0.39777982), 'cluster3106249630_3106249631_J60_J61_#5more': np.float32(0.04810361)}, {'J10': 0, 'J11': 11, 'J12': 12, 'J13': 16, 'cluster3106249630_3106249631_J60_J61_#5more': 5}, {'J10': 0, 'J11': 15, 'J12': 62, 'J13': 19, 'cluster3106249630_3106249631_J60_J61_#5more': 13}, 
415.0, {'J10': np.float32(-0.018501388), 'J11': np.float32(-0.4357077), 'J12': np.float32(-1.1961147), 'J13': np.float32(-0.40703052), 'cluster3106249630_3106249631_J60_J61_#5more': np.float32(0.13783534)}, {'J10': 0, 'J11': 11, 'J12': 14, 'J13': 16, 'cluster3106249630_3106249631_J60_J61_#5more': 3}, {'J10': 0, 'J11': 15, 'J12': 64, 'J13': 19, 'cluster3106249630_3106249631_J60_J61_#5more': 8}, 
420.0, {'J10': np.float32(-0.037002776), 'J11': np.float32(-0.45605922), 'J12': np.float32(-0.5106383), 'J13': np.float32(1.1535615), 'cluster3106249630_3106249631_J60_J61_#5more': np.float32(0.13228492)}, {'J10': 2, 'J11': 13, 'J12': 14, 'J13': 15, 'cluster3106249630_3106249631_J60_J61_#5more': 2}, {'J10': 3, 'J11': 17, 'J12': 67, 'J13': 16, 'cluster3106249630_3106249631_J60_J61_#5more': 4}, 
425.0, {'J10': np.float32(-0.078630894), 'J11': np.float32(2.759482), 'J12': np.float32(-0.65679926), 'J13': np.float32(1.5023127), 'cluster3106249630_3106249631_J60_J61_#5more': np.float32(0.19241443)}, {'J10': 2, 'J11': 11, 'J12': 15, 'J13': 10, 'cluster3106249630_3106249631_J60_J61_#5more': 1}, {'J10': 4, 'J11': 15, 'J12': 68, 'J13': 11, 'cluster3106249630_3106249631_J60_J61_#5more': 2}, 
430.0, {'J10': np.float32(-0.10175763), 'J11': np.float32(1.0157262), 'J12': np.float32(-1.2331175), 'J13': np.float32(0.4320074), 'cluster3106249630_3106249631_J60_J61_#5more': np.float32(-0.11840888)}, {'J10': 3, 'J11': 9, 'J12': 16, 'J13': 8, 'cluster3106249630_3106249631_J60_J61_#5more': 4}, {'J10': 5, 'J11': 12, 'J12': 68, 'J13': 9, 'cluster3106249630_3106249631_J60_J61_#5more': 7}, 
435.0, {'J10': np.float32(-0.111008324), 'J11': np.float32(-0.22386679), 'J12': np.float32(-1.2765957), 'J13': np.float32(-0.1933395), 'cluster3106249630_3106249631_J60_J61_#5more': np.float32(0.29509714)}, {'J10': 3, 'J11': 9, 'J12': 17, 'J13': 8, 'cluster3106249630_3106249631_J60_J61_#5more': 4}, {'J10': 5, 'J11': 12, 'J12': 69, 'J13': 10, 'cluster3106249630_3106249631_J60_J61_#5more': 7}, 
440.0, {'J10': np.float32(-0.111008324), 'J11': np.float32(0.6854764), 'J12': np.float32(-1.3108233), 'J13': np.float32(-0.22756706), 'cluster3106249630_3106249631_J60_J61_#5more': np.float32(-0.103607774)}, {'J10': 3, 'J11': 7, 'J12': 17, 'J13': 11, 'cluster3106249630_3106249631_J60_J61_#5more': 4}, {'J10': 5, 'J11': 11, 'J12': 71, 'J13': 14, 'cluster3106249630_3106249631_J60_J61_#5more': 9}, 
445.0, {'J10': np.float32(-0.111008324), 'J11': np.float32(0.53746533), 'J12': np.float32(2.0721555), 'J13': np.float32(-0.2987974), 'cluster3106249630_3106249631_J60_J61_#5more': np.float32(-0.18593894)}, {'J10': 3, 'J11': 5, 'J12': 18, 'J13': 12, 'cluster3106249630_3106249631_J60_J61_#5more': 4}, {'J10': 5, 'J11': 12, 'J12': 69, 'J13': 16, 'cluster3106249630_3106249631_J60_J61_#5more': 13}, 
450.0, {'J10': np.float32(-0.1147086), 'J11': np.float32(-0.23774283), 'J12': np.float32(-1.2858465), 'J13': np.float32(-0.33950046), 'cluster3106249630_3106249631_J60_J61_#5more': np.float32(-0.26827013)}, {'J10': 4, 'J11': 5, 'J12': 19, 'J13': 12, 'cluster3106249630_3106249631_J60_J61_#5more': 6}, {'J10': 6, 'J11': 13, 'J12': 71, 'J13': 17, 'cluster3106249630_3106249631_J60_J61_#5more': 18}, 
455.0, {'J10': np.float32(-0.12950972), 'J11': np.float32(0.004625347), 'J12': np.float32(-1.3524514), 'J13': np.float32(-0.359852), 'cluster3106249630_3106249631_J60_J61_#5more': np.float32(0.09250694)}, {'J10': 4, 'J11': 5, 'J12': 19, 'J13': 13, 'cluster3106249630_3106249631_J60_J61_#5more': 4}, {'J10': 6, 'J11': 11, 'J12': 77, 'J13': 18, 'cluster3106249630_3106249631_J60_J61_#5more': 10}, 
460.0, {'J10': np.float32(0.3746531), 'J11': np.float32(-0.123959295), 'J12': np.float32(-0.99444956), 'J13': np.float32(-0.38297874), 'cluster3106249630_3106249631_J60_J61_#5more': np.float32(0.2719704)}, {'J10': 3, 'J11': 5, 'J12': 18, 'J13': 13, 'cluster3106249630_3106249631_J60_J61_#5more': 3}, {'J10': 5, 'J11': 10, 'J12': 76, 'J13': 19, 'cluster3106249630_3106249631_J60_J61_#5more': 3}, 
465.0, {'J10': np.float32(0.22386679), 'J11': np.float32(-0.002775208), 'J12': np.float32(-0.31267345), 'J13': np.float32(0.41258094), 'cluster3106249630_3106249631_J60_J61_#5more': np.float32(-0.09805735)}, {'J10': 2, 'J11': 7, 'J12': 18, 'J13': 13, 'cluster3106249630_3106249631_J60_J61_#5more': 4}, {'J10': 6, 'J11': 9, 'J12': 79, 'J13': 16, 'cluster3106249630_3106249631_J60_J61_#5more': 4}, 
470.0, {'J10': np.float32(-0.12210916), 'J11': np.float32(-0.21646623), 'J12': np.float32(-0.2839963), 'J13': np.float32(-0.23219241), 'cluster3106249630_3106249631_J60_J61_#5more': np.float32(-0.103607774)}, {'J10': 3, 'J11': 7, 'J12': 18, 'J13': 15, 'cluster3106249630_3106249631_J60_J61_#5more': 4}, {'J10': 9, 'J11': 10, 'J12': 77, 'J13': 19, 'cluster3106249630_3106249631_J60_J61_#5more': 7}, 
475.0, {'J10': np.float32(0.111008324), 'J11': np.float32(-0.25531915), 'J12': np.float32(-1.2506938), 'J13': np.float32(-0.37927845), 'cluster3106249630_3106249631_J60_J61_#5more': np.float32(-0.08695652)}, {'J10': 3, 'J11': 7, 'J12': 18, 'J13': 15, 'cluster3106249630_3106249631_J60_J61_#5more': 4}, {'J10': 6, 'J11': 10, 'J12': 72, 'J13': 20, 'cluster3106249630_3106249631_J60_J61_#5more': 4}, 
480.0, {'J10': np.float32(0.07030527), 'J11': np.float32(-0.26827013), 'J12': np.float32(-0.6197965), 'J13': np.float32(-0.38852915), 'cluster3106249630_3106249631_J60_J61_#5more': np.float32(-0.12765957)}, {'J10': 3, 'J11': 7, 'J12': 20, 'J13': 15, 'cluster3106249630_3106249631_J60_J61_#5more': 4}, {'J10': 3, 'J11': 10, 'J12': 73, 'J13': 20, 'cluster3106249630_3106249631_J60_J61_#5more': 6}, 
485.0, {'J10': np.float32(-0.06475486), 'J11': np.float32(-0.27567068), 'J12': np.float32(2.6762257), 'J13': np.float32(-0.39500463), 'cluster3106249630_3106249631_J60_J61_#5more': np.float32(-0.15171137)}, {'J10': 3, 'J11': 8, 'J12': 18, 'J13': 15, 'cluster3106249630_3106249631_J60_J61_#5more': 4}, {'J10': 3, 'J11': 11, 'J12': 68, 'J13': 21, 'cluster3106249630_3106249631_J60_J61_#5more': 10}, 
490.0, {'J10': np.float32(0.11378353), 'J11': np.float32(-0.2960222), 'J12': np.float32(0.48658648), 'J13': np.float32(-0.42183164), 'cluster3106249630_3106249631_J60_J61_#5more': np.float32(-0.15541166)}, {'J10': 2, 'J11': 8, 'J12': 17, 'J13': 16, 'cluster3106249630_3106249631_J60_J61_#5more': 5}, {'J10': 2, 'J11': 11, 'J12': 66, 'J13': 23, 'cluster3106249630_3106249631_J60_J61_#5more': 15}, 
495.0, {'J10': np.float32(0.06105458), 'J11': np.float32(-0.30249768), 'J12': np.float32(-0.14986125), 'J13': np.float32(0.71322846), 'cluster3106249630_3106249631_J60_J61_#5more': np.float32(-0.0009250694)}, {'J10': 1, 'J11': 8, 'J12': 15, 'J13': 15, 'cluster3106249630_3106249631_J60_J61_#5more': 6}, {'J10': 1, 'J11': 12, 'J12': 64, 'J13': 21, 'cluster3106249630_3106249631_J60_J61_#5more': 17}, 
500.0, {'J10': np.float32(-0.018501388), 'J11': np.float32(-0.34042552), 'J12': np.float32(-1.19889), 'J13': np.float32(-0.18316373), 'cluster3106249630_3106249631_J60_J61_#5more': np.float32(-0.35245144)}, {'J10': 1, 'J11': 10, 'J12': 15, 'J13': 15, 'cluster3106249630_3106249631_J60_J61_#5more': 6}, {'J10': 1, 'J11': 15, 'J12': 66, 'J13': 19, 'cluster3106249630_3106249631_J60_J61_#5more': 19}, 
505.0, {'J10': np.float32(-0.018501388), 'J11': np.float32(-0.40703052), 'J12': np.float32(-1.2451434), 'J13': np.float32(-0.3783534), 'cluster3106249630_3106249631_J60_J61_#5more': np.float32(-0.40980574)}, {'J10': 1, 'J11': 11, 'J12': 15, 'J13': 15, 'cluster3106249630_3106249631_J60_J61_#5more': 9}, {'J10': 1, 'J11': 17, 'J12': 69, 'J13': 20, 'cluster3106249630_3106249631_J60_J61_#5more': 26}, 
510.0, {'J10': np.float32(-0.018501388), 'J11': np.float32(-0.46716005), 'J12': np.float32(-1.3098983), 'J13': np.float32(-0.4107308), 'cluster3106249630_3106249631_J60_J61_#5more': np.float32(-0.41905642)}, {'J10': 1, 'J11': 11, 'J12': 17, 'J13': 17, 'cluster3106249630_3106249631_J60_J61_#5more': 11}, {'J10': 1, 'J11': 19, 'J12': 72, 'J13': 24, 'cluster3106249630_3106249631_J60_J61_#5more': 31}, 
515.0, {'J10': np.float32(-0.018501388), 'J11': np.float32(-0.50231266), 'J12': np.float32(-0.052728955), 'J13': np.float32(-0.47641072), 'cluster3106249630_3106249631_J60_J61_#5more': np.float32(0.031452358)}, {'J10': 1, 'J11': 11, 'J12': 18, 'J13': 18, 'cluster3106249630_3106249631_J60_J61_#5more': 12}, {'J10': 1, 'J11': 19, 'J12': 72, 'J13': 26, 'cluster3106249630_3106249631_J60_J61_#5more': 33}, 
520.0, {'J10': np.float32(-0.018501388), 'J11': np.float32(2.1239593), 'J12': np.float32(-0.7659575), 'J13': np.float32(-0.50878817), 'cluster3106249630_3106249631_J60_J61_#5more': np.float32(-0.43293247)}, {'J10': 1, 'J11': 8, 'J12': 19, 'J13': 19, 'cluster3106249630_3106249631_J60_J61_#5more': 12}, {'J10': 1, 'J11': 16, 'J12': 72, 'J13': 27, 'cluster3106249630_3106249631_J60_J61_#5more': 32}, 
525.0, {'J10': np.float32(-0.025901943), 'J11': np.float32(0.46716005), 'J12': np.float32(-0.7076781), 'J13': np.float32(-0.021276595), 'cluster3106249630_3106249631_J60_J61_#5more': np.float32(0.89084184)}, {'J10': 1, 'J11': 7, 'J12': 19, 'J13': 20, 'cluster3106249630_3106249631_J60_J61_#5more': 8}, {'J10': 1, 'J11': 15, 'J12': 71, 'J13': 26, 'cluster3106249630_3106249631_J60_J61_#5more': 20}, 
530.0, {'J10': np.float32(-0.041628122), 'J11': np.float32(-0.33395004), 'J12': np.float32(-0.85383904), 'J13': np.float32(-0.3691027), 'cluster3106249630_3106249631_J60_J61_#5more': np.float32(0.37187788)}, {'J10': 2, 'J11': 7, 'J12': 20, 'J13': 21, 'cluster3106249630_3106249631_J60_J61_#5more': 6}, {'J10': 3, 'J11': 15, 'J12': 70, 'J13': 29, 'cluster3106249630_3106249631_J60_J61_#5more': 14}, 
535.0, {'J10': np.float32(0.1933395), 'J11': np.float32(-0.4079556), 'J12': np.float32(-0.8011101), 'J13': np.float32(-0.559667), 'cluster3106249630_3106249631_J60_J61_#5more': np.float32(0.56059206)}, {'J10': 1, 'J11': 7, 'J12': 21, 'J13': 22, 'cluster3106249630_3106249631_J60_J61_#5more': 4}, {'J10': 1, 'J11': 15, 'J12': 71, 'J13': 30, 'cluster3106249630_3106249631_J60_J61_#5more': 9}, 
540.0, {'J10': np.float32(-0.024051804), 'J11': np.float32(0.11378353), 'J12': np.float32(-1.2913969), 'J13': np.float32(-0.5827937), 'cluster3106249630_3106249631_J60_J61_#5more': np.float32(0.4051804)}, {'J10': 2, 'J11': 7, 'J12': 21, 'J13': 23, 'cluster3106249630_3106249631_J60_J61_#5more': 3}, {'J10': 3, 'J11': 15, 'J12': 70, 'J13': 31, 'cluster3106249630_3106249631_J60_J61_#5more': 7}, 
545.0, {'J10': np.float32(-0.055504162), 'J11': np.float32(0.062904716), 'J12': np.float32(-1.3117484), 'J13': np.float32(-0.6012951), 'cluster3106249630_3106249631_J60_J61_#5more': np.float32(-0.18038853)}, {'J10': 5, 'J11': 7, 'J12': 21, 'J13': 24, 'cluster3106249630_3106249631_J60_J61_#5more': 9}, {'J10': 6, 'J11': 13, 'J12': 72, 'J13': 32, 'cluster3106249630_3106249631_J60_J61_#5more': 20}, 
550.0, {'J10': np.float32(-0.08973173), 'J11': np.float32(0.062904716), 'J12': np.float32(-1.3700278), 'J13': np.float32(-0.6299722), 'cluster3106249630_3106249631_J60_J61_#5more': np.float32(-0.24236818)}, {'J10': 5, 'J11': 8, 'J12': 21, 'J13': 25, 'cluster3106249630_3106249631_J60_J61_#5more': 14}, {'J10': 5, 'J11': 12, 'J12': 76, 'J13': 34, 'cluster3106249630_3106249631_J60_J61_#5more': 30}, 
555.0, {'J10': np.float32(-0.10175763), 'J11': np.float32(-0.33580017), 'J12': np.float32(3.0), 'J13': np.float32(1.8029603), 'cluster3106249630_3106249631_J60_J61_#5more': np.float32(-0.5615171)}, {'J10': 5, 'J11': 9, 'J12': 21, 'J13': 25, 'cluster3106249630_3106249631_J60_J61_#5more': 14}, {'J10': 6, 'J11': 14, 'J12': 73, 'J13': 32, 'cluster3106249630_3106249631_J60_J61_#5more': 31}, 
560.0, {'J10': np.float32(-0.123959295), 'J11': np.float32(-0.34967622), 'J12': np.float32(1.6225717), 'J13': np.float32(-0.426457), 'cluster3106249630_3106249631_J60_J61_#5more': np.float32(0.07493062)}, {'J10': 5, 'J11': 9, 'J12': 21, 'J13': 25, 'cluster3106249630_3106249631_J60_J61_#5more': 14}, {'J10': 6, 'J11': 14, 'J12': 71, 'J13': 31, 'cluster3106249630_3106249631_J60_J61_#5more': 27}, 
565.0, {'J10': np.float32(-0.12950972), 'J11': np.float32(-0.40703052), 'J12': np.float32(-1.3246994), 'J13': np.float32(1.4727105), 'cluster3106249630_3106249631_J60_J61_#5more': np.float32(0.08788159)}, {'J10': 5, 'J11': 10, 'J12': 21, 'J13': 22, 'cluster3106249630_3106249631_J60_J61_#5more': 12}, {'J10': 6, 'J11': 17, 'J12': 73, 'J13': 27, 'cluster3106249630_3106249631_J60_J61_#5more': 21}, 
570.0, {'J10': np.float32(-0.12950972), 'J11': np.float32(1.8149861), 'J12': np.float32(-1.3626271), 'J13': np.float32(0.69657725), 'cluster3106249630_3106249631_J60_J61_#5more': np.float32(-0.23034227)}, {'J10': 5, 'J11': 7, 'J12': 21, 'J13': 20, 'cluster3106249630_3106249631_J60_J61_#5more': 12}, {'J10': 6, 'J11': 14, 'J12': 76, 'J13': 24, 'cluster3106249630_3106249631_J60_J61_#5more': 18}, 
575.0, {'J10': np.float32(-0.12950972), 'J11': np.float32(0.29324698), 'J12': np.float32(-0.546716), 'J13': np.float32(0.18038853), 'cluster3106249630_3106249631_J60_J61_#5more': np.float32(0.41258094)}, {'J10': 5, 'J11': 7, 'J12': 20, 'J13': 19, 'cluster3106249630_3106249631_J60_J61_#5more': 11}, {'J10': 6, 'J11': 16, 'J12': 76, 'J13': 23, 'cluster3106249630_3106249631_J60_J61_#5more': 16}, 
580.0, {'J10': np.float32(-0.12950972), 'J11': np.float32(-0.31822386), 'J12': np.float32(2.1258094), 'J13': np.float32(0.1026827), 'cluster3106249630_3106249631_J60_J61_#5more': np.float32(0.40980574)}, {'J10': 5, 'J11': 8, 'J12': 20, 'J13': 18, 'cluster3106249630_3106249631_J60_J61_#5more': 7}, {'J10': 6, 'J11': 19, 'J12': 73, 'J13': 21, 'cluster3106249630_3106249631_J60_J61_#5more': 10}, 
585.0, {'J10': np.float32(-0.12950972), 'J11': np.float32(0.020351527), 'J12': np.float32(2.9907494), 'J13': np.float32(-0.39777982), 'cluster3106249630_3106249631_J60_J61_#5more': np.float32(0.26734504)}, {'J10': 5, 'J11': 8, 'J12': 19, 'J13': 18, 'cluster3106249630_3106249631_J60_J61_#5more': 4}, {'J10': 6, 'J11': 17, 'J12': 69, 'J13': 22, 'cluster3106249630_3106249631_J60_J61_#5more': 7}, 
590.0, {'J10': np.float32(-0.12950972), 'J11': np.float32(0.47363552), 'J12': np.float32(-1.2765957), 'J13': np.float32(-0.426457), 'cluster3106249630_3106249631_J60_J61_#5more': np.float32(0.11840888)}, {'J10': 5, 'J11': 7, 'J12': 19, 'J13': 18, 'cluster3106249630_3106249631_J60_J61_#5more': 4}, {'J10': 6, 'J11': 14, 'J12': 69, 'J13': 22, 'cluster3106249630_3106249631_J60_J61_#5more': 7}, 
595.0, {'J10': np.float32(-0.12950972), 'J11': np.float32(0.25901943), 'J12': np.float32(-1.281221), 'J13': np.float32(-0.33302498), 'cluster3106249630_3106249631_J60_J61_#5more': np.float32(-0.111008324)}, {'J10': 5, 'J11': 8, 'J12': 19, 'J13': 21, 'cluster3106249630_3106249631_J60_J61_#5more': 5}, {'J10': 6, 'J11': 13, 'J12': 69, 'J13': 24, 'cluster3106249630_3106249631_J60_J61_#5more': 13}, 
600.0, {'J10': np.float32(0.46901017), 'J11': np.float32(0.60037005), 'J12': np.float32(0.80203515), 'J13': np.float32(-0.48843664), 'cluster3106249630_3106249631_J60_J61_#5more': np.float32(-0.08233117)}, {'J10': 4, 'J11': 6, 'J12': 20, 'J13': 25, 'cluster3106249630_3106249631_J60_J61_#5more': 6}, {'J10': 5, 'J11': 13, 'J12': 71, 'J13': 28, 'cluster3106249630_3106249631_J60_J61_#5more': 16}, 
605.0, {'J10': np.float32(0.60314524), 'J11': np.float32(-0.2747456), 'J12': np.float32(-0.7104533), 'J13': np.float32(-0.5531915), 'cluster3106249630_3106249631_J60_J61_#5more': np.float32(-0.2654949)}, {'J10': 1, 'J11': 6, 'J12': 20, 'J13': 27, 'cluster3106249630_3106249631_J60_J61_#5more': 7}, {'J10': 3, 'J11': 16, 'J12': 72, 'J13': 31, 'cluster3106249630_3106249631_J60_J61_#5more': 21}, 
610.0, {'J10': np.float32(0.1813136), 'J11': np.float32(-0.32192415), 'J12': np.float32(-1.3552266), 'J13': np.float32(-0.5920444), 'cluster3106249630_3106249631_J60_J61_#5more': np.float32(-0.39870492)}, {'J10': 2, 'J11': 9, 'J12': 20, 'J13': 27, 'cluster3106249630_3106249631_J60_J61_#5more': 11}, {'J10': 5, 'J11': 19, 'J12': 72, 'J13': 31, 'cluster3106249630_3106249631_J60_J61_#5more': 27}, 
615.0, {'J10': np.float32(-0.04810361), 'J11': np.float32(-0.39037928), 'J12': np.float32(-1.3626271), 'J13': np.float32(-0.59666973), 'cluster3106249630_3106249631_J60_J61_#5more': np.float32(-0.533765)}, {'J10': 3, 'J11': 10, 'J12': 20, 'J13': 28, 'cluster3106249630_3106249631_J60_J61_#5more': 15}, {'J10': 9, 'J11': 22, 'J12': 73, 'J13': 32, 'cluster3106249630_3106249631_J60_J61_#5more': 34}, 
620.0, {'J10': np.float32(-0.004625347), 'J11': np.float32(-0.28214616), 'J12': np.float32(-1.3903793), 'J13': np.float32(-0.6142461), 'cluster3106249630_3106249631_J60_J61_#5more': np.float32(-0.49583718)}, {'J10': 3, 'J11': 10, 'J12': 20, 'J13': 29, 'cluster3106249630_3106249631_J60_J61_#5more': 17}, {'J10': 5, 'J11': 20, 'J12': 76, 'J13': 33, 'cluster3106249630_3106249631_J60_J61_#5more': 36}, 
625.0, {'J10': np.float32(-0.024051804), 'J11': np.float32(-0.1961147), 'J12': np.float32(-1.4329325), 'J13': np.float32(-0.63829786), 'cluster3106249630_3106249631_J60_J61_#5more': np.float32(-0.42368177)}, {'J10': 3, 'J11': 10, 'J12': 20, 'J13': 29, 'cluster3106249630_3106249631_J60_J61_#5more': 20}, {'J10': 3, 'J11': 17, 'J12': 76, 'J13': 34, 'cluster3106249630_3106249631_J60_J61_#5more': 40}, 
630.0, {'J10': np.float32(-0.066604994), 'J11': np.float32(0.5411656), 'J12': np.float32(3.0), 'J13': np.float32(-0.66882515), 'cluster3106249630_3106249631_J60_J61_#5more': np.float32(-0.25716928)}, {'J10': 3, 'J11': 6, 'J12': 20, 'J13': 31, 'cluster3106249630_3106249631_J60_J61_#5more': 21}, {'J10': 3, 'J11': 12, 'J12': 73, 'J13': 36, 'cluster3106249630_3106249631_J60_J61_#5more': 39}, 
635.0, {'J10': np.float32(-0.067530066), 'J11': np.float32(-0.0138760405), 'J12': np.float32(2.841813), 'J13': np.float32(-0.7049029), 'cluster3106249630_3106249631_J60_J61_#5more': np.float32(0.72710454)}, {'J10': 3, 'J11': 4, 'J12': 20, 'J13': 31, 'cluster3106249630_3106249631_J60_J61_#5more': 17}, {'J10': 3, 'J11': 10, 'J12': 70, 'J13': 37, 'cluster3106249630_3106249631_J60_J61_#5more': 27}, 
640.0, {'J10': np.float32(-0.07400555), 'J11': np.float32(-0.2987974), 'J12': np.float32(-1.294172), 'J13': np.float32(-0.7252544), 'cluster3106249630_3106249631_J60_J61_#5more': np.float32(0.719704)}, {'J10': 3, 'J11': 5, 'J12': 20, 'J13': 32, 'cluster3106249630_3106249631_J60_J61_#5more': 12}, {'J10': 3, 'J11': 11, 'J12': 72, 'J13': 38, 'cluster3106249630_3106249631_J60_J61_#5more': 15}, 
645.0, {'J10': np.float32(-0.07400555), 'J11': np.float32(-0.35152635), 'J12': np.float32(-1.3552266), 'J13': np.float32(1.2784458), 'cluster3106249630_3106249631_J60_J61_#5more': np.float32(0.22201665)}, {'J10': 3, 'J11': 6, 'J12': 20, 'J13': 30, 'cluster3106249630_3106249631_J60_J61_#5more': 9}, {'J10': 3, 'J11': 12, 'J12': 75, 'J13': 34, 'cluster3106249630_3106249631_J60_J61_#5more': 9}, 
650.0, {'J10': np.float32(-0.07400555), 'J11': np.float32(-0.3626272), 'J12': np.float32(-1.3968548), 'J13': np.float32(2.533765), 'cluster3106249630_3106249631_J60_J61_#5more': np.float32(0.2904718)}, {'J10': 3, 'J11': 6, 'J12': 20, 'J13': 26, 'cluster3106249630_3106249631_J60_J61_#5more': 5}, {'J10': 3, 'J11': 12, 'J12': 75, 'J13': 29, 'cluster3106249630_3106249631_J60_J61_#5more': 6}, 
655.0, {'J10': np.float32(-0.07400555), 'J11': np.float32(0.1147086), 'J12': np.float32(2.2238667), 'J13': np.float32(-0.10453284), 'cluster3106249630_3106249631_J60_J61_#5more': np.float32(0.22571693)}, {'J10': 3, 'J11': 7, 'J12': 18, 'J13': 26, 'cluster3106249630_3106249631_J60_J61_#5more': 4}, {'J10': 3, 'J11': 13, 'J12': 72, 'J13': 29, 'cluster3106249630_3106249631_J60_J61_#5more': 6}, 
660.0, {'J10': np.float32(-0.07400555), 'J11': np.float32(-0.33950046), 'J12': np.float32(-1.3672526), 'J13': np.float32(-0.5809436), 'cluster3106249630_3106249631_J60_J61_#5more': np.float32(0.061979648)}, {'J10': 3, 'J11': 7, 'J12': 18, 'J13': 26, 'cluster3106249630_3106249631_J60_J61_#5more': 4}, {'J10': 3, 'J11': 14, 'J12': 72, 'J13': 30, 'cluster3106249630_3106249631_J60_J61_#5more': 4}, 
665.0, {'J10': np.float32(-0.07400555), 'J11': np.float32(-0.37372804), 'J12': np.float32(-1.3644773), 'J13': np.float32(-0.5920444), 'cluster3106249630_3106249631_J60_J61_#5more': np.float32(-0.16096207)}, {'J10': 3, 'J11': 8, 'J12': 18, 'J13': 26, 'cluster3106249630_3106249631_J60_J61_#5more': 4}, {'J10': 3, 'J11': 16, 'J12': 72, 'J13': 30, 'cluster3106249630_3106249631_J60_J61_#5more': 5}, 
670.0, {'J10': np.float32(0.30712304), 'J11': np.float32(-0.41165587), 'J12': np.float32(-1.3839037), 'J13': np.float32(-0.599445), 'cluster3106249630_3106249631_J60_J61_#5more': np.float32(-0.12950972)}, {'J10': 2, 'J11': 8, 'J12': 20, 'J13': 26, 'cluster3106249630_3106249631_J60_J61_#5more': 4}, {'J10': 3, 'J11': 16, 'J12': 74, 'J13': 31, 'cluster3106249630_3106249631_J60_J61_#5more': 4}, 
675.0, {'J10': np.float32(0.19518964), 'J11': np.float32(-0.36817762), 'J12': np.float32(-0.32562444), 'J13': np.float32(-0.6281221), 'cluster3106249630_3106249631_J60_J61_#5more': np.float32(0.48658648)}, {'J10': 1, 'J11': 8, 'J12': 19, 'J13': 29, 'cluster3106249630_3106249631_J60_J61_#5more': 4}, {'J10': 1, 'J11': 16, 'J12': 74, 'J13': 34, 'cluster3106249630_3106249631_J60_J61_#5more': 7}, 
680.0, {'J10': np.float32(-0.019426458), 'J11': np.float32(-0.43108234), 'J12': np.float32(-0.30157262), 'J13': np.float32(-0.6790009), 'cluster3106249630_3106249631_J60_J61_#5more': np.float32(-0.05920444)}, {'J10': 1, 'J11': 10, 'J12': 18, 'J13': 30, 'cluster3106249630_3106249631_J60_J61_#5more': 4}, {'J10': 1, 'J11': 18, 'J12': 73, 'J13': 35, 'cluster3106249630_3106249631_J60_J61_#5more': 8}, 
685.0, {'J10': np.float32(-0.027752081), 'J11': np.float32(1.560592), 'J12': np.float32(-0.2599445), 'J13': np.float32(-0.68732655), 'cluster3106249630_3106249631_J60_J61_#5more': np.float32(0.039777983)}, {'J10': 1, 'J11': 10, 'J12': 18, 'J13': 30, 'cluster3106249630_3106249631_J60_J61_#5more': 3}, {'J10': 1, 'J11': 15, 'J12': 74, 'J13': 35, 'cluster3106249630_3106249631_J60_J61_#5more': 5}, 
690.0, {'J10': np.float32(-0.027752081), 'J11': np.float32(0.99907494), 'J12': np.float32(-1.333025), 'J13': np.float32(1.2617947), 'cluster3106249630_3106249631_J60_J61_#5more': np.float32(0.007400555)}, {'J10': 1, 'J11': 11, 'J12': 18, 'J13': 28, 'cluster3106249630_3106249631_J60_J61_#5more': 3}, {'J10': 1, 'J11': 12, 'J12': 72, 'J13': 32, 'cluster3106249630_3106249631_J60_J61_#5more': 3}, 
695.0, {'J10': np.float32(-0.027752081), 'J11': np.float32(-0.22571693), 'J12': np.float32(0.3774283), 'J13': np.float32(0.23404256), 'cluster3106249630_3106249631_J60_J61_#5more': np.float32(0.09250694)}, {'J10': 1, 'J11': 12, 'J12': 20, 'J13': 27, 'cluster3106249630_3106249631_J60_J61_#5more': 2}, {'J10': 1, 'J11': 14, 'J12': 75, 'J13': 30, 'cluster3106249630_3106249631_J60_J61_#5more': 2}, 
700.0, {'J10': np.float32(-0.04625347), 'J11': np.float32(-0.29694727), 'J12': np.float32(0.18316373), 'J13': np.float32(-0.599445), 'cluster3106249630_3106249631_J60_J61_#5more': np.float32(-0.06382979)}, {'J10': 3, 'J11': 13, 'J12': 20, 'J13': 28, 'cluster3106249630_3106249631_J60_J61_#5more': 3}, {'J10': 3, 'J11': 15, 'J12': 73, 'J13': 31, 'cluster3106249630_3106249631_J60_J61_#5more': 3}, 
705.0, {'J10': np.float32(-0.07400555), 'J11': np.float32(-0.33765033), 'J12': np.float32(0.59851986), 'J13': np.float32(-0.6105458), 'cluster3106249630_3106249631_J60_J61_#5more': np.float32(-0.10823312)}, {'J10': 3, 'J11': 13, 'J12': 20, 'J13': 28, 'cluster3106249630_3106249631_J60_J61_#5more': 4}, {'J10': 3, 'J11': 16, 'J12': 71, 'J13': 31, 'cluster3106249630_3106249631_J60_J61_#5more': 4}, 
710.0, {'J10': np.float32(-0.07770583), 'J11': np.float32(-0.35430157), 'J12': np.float32(0.3617021), 'J13': np.float32(-0.6105458), 'cluster3106249630_3106249631_J60_J61_#5more': np.float32(-0.099907495)}, {'J10': 4, 'J11': 13, 'J12': 19, 'J13': 28, 'cluster3106249630_3106249631_J60_J61_#5more': 4}, {'J10': 4, 'J11': 16, 'J12': 68, 'J13': 31, 'cluster3106249630_3106249631_J60_J61_#5more': 4}, 
715.0, {'J10': np.float32(-0.09620722), 'J11': np.float32(-0.36632746), 'J12': np.float32(-0.7474561), 'J13': np.float32(0.116558746), 'cluster3106249630_3106249631_J60_J61_#5more': np.float32(-0.13968548)}, {'J10': 4, 'J11': 13, 'J12': 19, 'J13': 30, 'cluster3106249630_3106249631_J60_J61_#5more': 4}, {'J10': 5, 'J11': 16, 'J12': 67, 'J13': 30, 'cluster3106249630_3106249631_J60_J61_#5more': 4}, 
720.0, {'J10': np.float32(-0.12210916), 'J11': np.float32(0.49491212), 'J12': np.float32(0.46901017), 'J13': np.float32(-0.5892692), 'cluster3106249630_3106249631_J60_J61_#5more': np.float32(0.091581866)}, {'J10': 4, 'J11': 12, 'J12': 19, 'J13': 34, 'cluster3106249630_3106249631_J60_J61_#5more': 4}, {'J10': 5, 'J11': 15, 'J12': 68, 'J13': 34, 'cluster3106249630_3106249631_J60_J61_#5more': 7}, 
725.0, {'J10': np.float32(-0.13691027), 'J11': np.float32(1.0832562), 'J12': np.float32(0.20444034), 'J13': np.float32(1.5430157), 'cluster3106249630_3106249631_J60_J61_#5more': np.float32(-0.09713229)}, {'J10': 5, 'J11': 8, 'J12': 21, 'J13': 32, 'cluster3106249630_3106249631_J60_J61_#5more': 4}, {'J10': 6, 'J11': 12, 'J12': 69, 'J13': 32, 'cluster3106249630_3106249631_J60_J61_#5more': 5}, 
730.0, {'J10': np.float32(-0.1480111), 'J11': np.float32(0.7446808), 'J12': np.float32(-0.1147086), 'J13': np.float32(1.4449583), 'cluster3106249630_3106249631_J60_J61_#5more': np.float32(-0.038852915)}, {'J10': 5, 'J11': 6, 'J12': 20, 'J13': 29, 'cluster3106249630_3106249631_J60_J61_#5more': 4}, {'J10': 6, 'J11': 7, 'J12': 70, 'J13': 30, 'cluster3106249630_3106249631_J60_J61_#5more': 4}, 
735.0, {'J10': np.float32(0.6197965), 'J11': np.float32(-0.03422757), 'J12': np.float32(-1.2571692), 'J13': np.float32(2.052729), 'cluster3106249630_3106249631_J60_J61_#5more': np.float32(-0.08973173)}, {'J10': 4, 'J11': 6, 'J12': 20, 'J13': 25, 'cluster3106249630_3106249631_J60_J61_#5more': 4}, {'J10': 5, 'J11': 8, 'J12': 70, 'J13': 25, 'cluster3106249630_3106249631_J60_J61_#5more': 4}, 
740.0, {'J10': np.float32(0.058279373), 'J11': np.float32(0.07215541), 'J12': np.float32(-0.4440333), 'J13': np.float32(1.2460685), 'cluster3106249630_3106249631_J60_J61_#5more': np.float32(-0.095282145)}, {'J10': 3, 'J11': 6, 'J12': 20, 'J13': 22, 'cluster3106249630_3106249631_J60_J61_#5more': 4}, {'J10': 5, 'J11': 8, 'J12': 73, 'J13': 24, 'cluster3106249630_3106249631_J60_J61_#5more': 4}, 
745.0, {'J10': np.float32(-0.037002776), 'J11': np.float32(-0.24606845), 'J12': np.float32(-1.3506013), 'J13': np.float32(1.6281221), 'cluster3106249630_3106249631_J60_J61_#5more': np.float32(-0.078630894)}, {'J10': 5, 'J11': 8, 'J12': 20, 'J13': 18, 'cluster3106249630_3106249631_J60_J61_#5more': 4}, {'J10': 5, 'J11': 10, 'J12': 73, 'J13': 19, 'cluster3106249630_3106249631_J60_J61_#5more': 5}, 
750.0, {'J10': np.float32(-0.09250694), 'J11': np.float32(-0.06105458), 'J12': np.float32(1.039778), 'J13': np.float32(0.061979648), 'cluster3106249630_3106249631_J60_J61_#5more': np.float32(-0.08788159)}, {'J10': 5, 'J11': 8, 'J12': 18, 'J13': 17, 'cluster3106249630_3106249631_J60_J61_#5more': 4}, {'J10': 5, 'J11': 11, 'J12': 71, 'J13': 20, 'cluster3106249630_3106249631_J60_J61_#5more': 4}, 
755.0, {'J10': np.float32(0.10915819), 'J11': np.float32(-0.016651249), 'J12': np.float32(2.8177614), 'J13': np.float32(0.5383904), 'cluster3106249630_3106249631_J60_J61_#5more': np.float32(-0.03052729)}, {'J10': 4, 'J11': 8, 'J12': 15, 'J13': 15, 'cluster3106249630_3106249631_J60_J61_#5more': 4}, {'J10': 5, 'J11': 9, 'J12': 71, 'J13': 16, 'cluster3106249630_3106249631_J60_J61_#5more': 6}, 
760.0, {'J10': np.float32(0.11933395), 'J11': np.float32(0.24329324), 'J12': np.float32(-1.2960222), 'J13': np.float32(1.0), 'cluster3106249630_3106249631_J60_J61_#5more': np.float32(-0.15448658)}, {'J10': 3, 'J11': 6, 'J12': 15, 'J13': 12, 'cluster3106249630_3106249631_J60_J61_#5more': 4}, {'J10': 3, 'J11': 8, 'J12': 71, 'J13': 13, 'cluster3106249630_3106249631_J60_J61_#5more': 12}, 
765.0, {'J10': np.float32(0.099907495), 'J11': np.float32(-0.2654949), 'J12': np.float32(0.160037), 'J13': np.float32(0.06382979), 'cluster3106249630_3106249631_J60_J61_#5more': np.float32(-0.018501388)}, {'J10': 2, 'J11': 6, 'J12': 14, 'J13': 11, 'cluster3106249630_3106249631_J60_J61_#5more': 4}, {'J10': 2, 'J11': 8, 'J12': 69, 'J13': 12, 'cluster3106249630_3106249631_J60_J61_#5more': 5}, 
770.0, {'J10': np.float32(0.12950972), 'J11': np.float32(-0.31082332), 'J12': np.float32(-1.3237743), 'J13': np.float32(-0.27289546), 'cluster3106249630_3106249631_J60_J61_#5more': np.float32(-0.055504162)}, {'J10': 3, 'J11': 8, 'J12': 14, 'J13': 14, 'cluster3106249630_3106249631_J60_J61_#5more': 4}, {'J10': 4, 'J11': 10, 'J12': 70, 'J13': 15, 'cluster3106249630_3106249631_J60_J61_#5more': 8}, 
775.0, {'J10': np.float32(-0.09250694), 'J11': np.float32(1.1896392), 'J12': np.float32(-1.3672526), 'J13': np.float32(-0.31544867), 'cluster3106249630_3106249631_J60_J61_#5more': np.float32(-0.07770583)}, {'J10': 4, 'J11': 4, 'J12': 17, 'J13': 15, 'cluster3106249630_3106249631_J60_J61_#5more': 4}, {'J10': 8, 'J11': 6, 'J12': 73, 'J13': 16, 'cluster3106249630_3106249631_J60_J61_#5more': 4}, 
780.0, {'J10': np.float32(-0.0037002775), 'J11': np.float32(-0.21369103), 'J12': np.float32(0.51896393), 'J13': np.float32(-0.3478261), 'cluster3106249630_3106249631_J60_J61_#5more': np.float32(-0.107308045)}, {'J10': 4, 'J11': 4, 'J12': 19, 'J13': 16, 'cluster3106249630_3106249631_J60_J61_#5more': 4}, {'J10': 5, 'J11': 6, 'J12': 74, 'J13': 18, 'cluster3106249630_3106249631_J60_J61_#5more': 7}, 
785.0, {'J10': np.float32(0.031452358), 'J11': np.float32(-0.25254393), 'J12': np.float32(2.8029602), 'J13': np.float32(-0.38020352), 'cluster3106249630_3106249631_J60_J61_#5more': np.float32(-0.0693802)}, {'J10': 3, 'J11': 5, 'J12': 19, 'J13': 18, 'cluster3106249630_3106249631_J60_J61_#5more': 4}, {'J10': 4, 'J11': 8, 'J12': 71, 'J13': 20, 'cluster3106249630_3106249631_J60_J61_#5more': 4}, 
790.0, {'J10': np.float32(0.02960222), 'J11': np.float32(0.5652174), 'J12': np.float32(1.9102683), 'J13': np.float32(-0.4107308), 'cluster3106249630_3106249631_J60_J61_#5more': np.float32(-0.07030527)}, {'J10': 1, 'J11': 5, 'J12': 19, 'J13': 19, 'cluster3106249630_3106249631_J60_J61_#5more': 4}, {'J10': 1, 'J11': 5, 'J12': 68, 'J13': 22, 'cluster3106249630_3106249631_J60_J61_#5more': 8}, 
795.0, {'J10': np.float32(0.04810361), 'J11': np.float32(0.08048104), 'J12': np.float32(-1.3089732), 'J13': np.float32(-0.4653099), 'cluster3106249630_3106249631_J60_J61_#5more': np.float32(-0.09250694)}, {'J10': 0, 'J11': 4, 'J12': 19, 'J13': 19, 'cluster3106249630_3106249631_J60_J61_#5more': 4}, {'J10': 0, 'J11': 6, 'J12': 71, 'J13': 24, 'cluster3106249630_3106249631_J60_J61_#5more': 8}, 
800.0, {'J10': np.float32(-0.009250694), 'J11': np.float32(0.27567068), 'J12': np.float32(-0.64754856), 'J13': np.float32(-0.50508785), 'cluster3106249630_3106249631_J60_J61_#5more': np.float32(-0.02867715)}, {'J10': 0, 'J11': 2, 'J12': 19, 'J13': 20, 'cluster3106249630_3106249631_J60_J61_#5more': 4}, {'J10': 0, 'J11': 3, 'J12': 74, 'J13': 25, 'cluster3106249630_3106249631_J60_J61_#5more': 5}, 
805.0, {'J10': np.float32(-0.016651249), 'J11': np.float32(-0.13413507), 'J12': np.float32(-1.4431082), 'J13': np.float32(-0.5245143), 'cluster3106249630_3106249631_J60_J61_#5more': np.float32(-0.05920444)}, {'J10': 1, 'J11': 2, 'J12': 20, 'J13': 21, 'cluster3106249630_3106249631_J60_J61_#5more': 4}, {'J10': 1, 'J11': 3, 'J12': 75, 'J13': 26, 'cluster3106249630_3106249631_J60_J61_#5more': 5}, 
810.0, {'J10': np.float32(-0.027752081), 'J11': np.float32(-0.14893617), 'J12': np.float32(-1.452359), 'J13': np.float32(0.24236818), 'cluster3106249630_3106249631_J60_J61_#5more': np.float32(-0.10083256)}, {'J10': 1, 'J11': 2, 'J12': 20, 'J13': 23, 'cluster3106249630_3106249631_J60_J61_#5more': 4}, {'J10': 1, 'J11': 3, 'J12': 75, 'J13': 27, 'cluster3106249630_3106249631_J60_J61_#5more': 7}, 
815.0, {'J10': np.float32(0.061979648), 'J11': np.float32(-0.15541166), 'J12': np.float32(-0.058279373), 'J13': np.float32(0.2386679), 'cluster3106249630_3106249631_J60_J61_#5more': np.float32(-0.14616096)}, {'J10': 2, 'J11': 2, 'J12': 20, 'J13': 23, 'cluster3106249630_3106249631_J60_J61_#5more': 4}, {'J10': 2, 'J11': 4, 'J12': 77, 'J13': 24, 'cluster3106249630_3106249631_J60_J61_#5more': 9}, 
820.0, {'J10': np.float32(-0.002775208), 'J11': np.float32(-0.18223867), 'J12': np.float32(-1.4273821), 'J13': np.float32(-0.071230344), 'cluster3106249630_3106249631_J60_J61_#5more': np.float32(0.027752081)}, {'J10': 1, 'J11': 2, 'J12': 20, 'J13': 24, 'cluster3106249630_3106249631_J60_J61_#5more': 4}, {'J10': 1, 'J11': 4, 'J12': 76, 'J13': 25, 'cluster3106249630_3106249631_J60_J61_#5more': 4}, 
825.0, {'J10': np.float32(-0.033302497), 'J11': np.float32(0.38852915), 'J12': np.float32(-0.32839963), 'J13': np.float32(1.1729879), 'cluster3106249630_3106249631_J60_J61_#5more': np.float32(-0.07400555)}, {'J10': 3, 'J11': 3, 'J12': 20, 'J13': 22, 'cluster3106249630_3106249631_J60_J61_#5more': 4}, {'J10': 3, 'J11': 5, 'J12': 77, 'J13': 22, 'cluster3106249630_3106249631_J60_J61_#5more': 4}, 
830.0, {'J10': np.float32(-0.055504162), 'J11': np.float32(0.19888991), 'J12': np.float32(0.40980574), 'J13': np.float32(0.62164664), 'cluster3106249630_3106249631_J60_J61_#5more': np.float32(-0.08973173)}, {'J10': 3, 'J11': 1, 'J12': 19, 'J13': 19, 'cluster3106249630_3106249631_J60_J61_#5more': 4}, {'J10': 3, 'J11': 3, 'J12': 72, 'J13': 19, 'cluster3106249630_3106249631_J60_J61_#5more': 4}, 
835.0, {'J10': np.float32(0.038852915), 'J11': np.float32(-0.040703055), 'J12': np.float32(-0.8806661), 'J13': np.float32(-0.36077705), 'cluster3106249630_3106249631_J60_J61_#5more': np.float32(-0.07493062)}, {'J10': 2, 'J11': 2, 'J12': 17, 'J13': 19, 'cluster3106249630_3106249631_J60_J61_#5more': 4}, {'J10': 4, 'J11': 3, 'J12': 70, 'J13': 19, 'cluster3106249630_3106249631_J60_J61_#5more': 4}, 
840.0, {'J10': np.float32(-0.020351527), 'J11': np.float32(-0.1480111), 'J12': np.float32(-0.86031455), 'J13': np.float32(-0.3626272), 'cluster3106249630_3106249631_J60_J61_#5more': np.float32(-0.08788159)}, {'J10': 2, 'J11': 2, 'J12': 17, 'J13': 19, 'cluster3106249630_3106249631_J60_J61_#5more': 4}, {'J10': 4, 'J11': 5, 'J12': 69, 'J13': 19, 'cluster3106249630_3106249631_J60_J61_#5more': 4}, 
845.0, {'J10': np.float32(0.007400555), 'J11': np.float32(-0.19241443), 'J12': np.float32(-0.44773358), 'J13': np.float32(-0.37650323), 'cluster3106249630_3106249631_J60_J61_#5more': np.float32(-0.09250694)}, {'J10': 2, 'J11': 2, 'J12': 17, 'J13': 21, 'cluster3106249630_3106249631_J60_J61_#5more': 4}, {'J10': 2, 'J11': 6, 'J12': 70, 'J13': 21, 'cluster3106249630_3106249631_J60_J61_#5more': 4}, 
850.0, {'J10': np.float32(0.06567992), 'J11': np.float32(-0.20351526), 'J12': np.float32(-0.84181315), 'J13': np.float32(-0.40980574), 'cluster3106249630_3106249631_J60_J61_#5more': np.float32(-0.08048104)}, {'J10': 1, 'J11': 2, 'J12': 19, 'J13': 23, 'cluster3106249630_3106249631_J60_J61_#5more': 4}, {'J10': 1, 'J11': 6, 'J12': 75, 'J13': 23, 'cluster3106249630_3106249631_J60_J61_#5more': 4}, 
855.0, {'J10': np.float32(-0.018501388), 'J11': np.float32(-0.20629047), 'J12': np.float32(0.15911193), 'J13': np.float32(-0.46438482), 'cluster3106249630_3106249631_J60_J61_#5more': np.float32(-0.099907495)}, {'J10': 1, 'J11': 3, 'J12': 19, 'J13': 25, 'cluster3106249630_3106249631_J60_J61_#5more': 4}, {'J10': 1, 'J11': 7, 'J12': 73, 'J13': 25, 'cluster3106249630_3106249631_J60_J61_#5more': 6}, 
860.0, {'J10': np.float32(-0.023126734), 'J11': np.float32(-0.23311749), 'J12': np.float32(0.2627197), 'J13': np.float32(-0.5013876), 'cluster3106249630_3106249631_J60_J61_#5more': np.float32(-0.058279373)}, {'J10': 1, 'J11': 4, 'J12': 17, 'J13': 25, 'cluster3106249630_3106249631_J60_J61_#5more': 4}, {'J10': 1, 'J11': 8, 'J12': 71, 'J13': 26, 'cluster3106249630_3106249631_J60_J61_#5more': 4}, 
865.0, {'J10': np.float32(-0.027752081), 'J11': np.float32(-0.2562442), 'J12': np.float32(-1.33395), 'J13': np.float32(-0.52358925), 'cluster3106249630_3106249631_J60_J61_#5more': np.float32(-0.10083256)}, {'J10': 1, 'J11': 5, 'J12': 17, 'J13': 25, 'cluster3106249630_3106249631_J60_J61_#5more': 4}, {'J10': 1, 'J11': 9, 'J12': 73, 'J13': 26, 'cluster3106249630_3106249631_J60_J61_#5more': 4}, 
870.0, {'J10': np.float32(-0.031452358), 'J11': np.float32(-0.28584644), 'J12': np.float32(-1.3746531), 'J13': np.float32(-0.52821463), 'cluster3106249630_3106249631_J60_J61_#5more': np.float32(0.69657725)}, {'J10': 2, 'J11': 7, 'J12': 18, 'J13': 26, 'cluster3106249630_3106249631_J60_J61_#5more': 3}, {'J10': 2, 'J11': 11, 'J12': 74, 'J13': 27, 'cluster3106249630_3106249631_J60_J61_#5more': 3}, 
875.0, {'J10': np.float32(-0.04625347), 'J11': np.float32(-0.33580017), 'J12': np.float32(0.66882515), 'J13': np.float32(-0.54856616), 'cluster3106249630_3106249631_J60_J61_#5more': np.float32(0.7252544)}, {'J10': 2, 'J11': 7, 'J12': 17, 'J13': 27, 'cluster3106249630_3106249631_J60_J61_#5more': 3}, {'J10': 2, 'J11': 13, 'J12': 73, 'J13': 28, 'cluster3106249630_3106249631_J60_J61_#5more': 3}, 
880.0, {'J10': np.float32(-0.049953748), 'J11': np.float32(0.21091582), 'J12': np.float32(-1.0055504), 'J13': np.float32(-0.5763182), 'cluster3106249630_3106249631_J60_J61_#5more': np.float32(0.5383904)}, {'J10': 3, 'J11': 7, 'J12': 16, 'J13': 29, 'cluster3106249630_3106249631_J60_J61_#5more': 2}, {'J10': 3, 'J11': 13, 'J12': 72, 'J13': 30, 'cluster3106249630_3106249631_J60_J61_#5more': 5}, 
885.0, {'J10': np.float32(-0.06475486), 'J11': np.float32(1.0351527), 'J12': np.float32(-1.359852), 'J13': np.float32(-0.6281221), 'cluster3106249630_3106249631_J60_J61_#5more': np.float32(-0.14246069)}, {'J10': 3, 'J11': 7, 'J12': 16, 'J13': 31, 'cluster3106249630_3106249631_J60_J61_#5more': 4}, {'J10': 3, 'J11': 9, 'J12': 72, 'J13': 32, 'cluster3106249630_3106249631_J60_J61_#5more': 8}, 
890.0, {'J10': np.float32(-0.06845514), 'J11': np.float32(-0.12673451), 'J12': np.float32(-1.2830713), 'J13': np.float32(-0.4773358), 'cluster3106249630_3106249631_J60_J61_#5more': np.float32(0.49953747)}, {'J10': 4, 'J11': 7, 'J12': 18, 'J13': 34, 'cluster3106249630_3106249631_J60_J61_#5more': 6}, {'J10': 4, 'J11': 10, 'J12': 74, 'J13': 35, 'cluster3106249630_3106249631_J60_J61_#5more': 14}, 
895.0, {'J10': np.float32(-0.083256245), 'J11': np.float32(-0.2294172), 'J12': np.float32(-0.7289547), 'J13': np.float32(0.20166512), 'cluster3106249630_3106249631_J60_J61_#5more': np.float32(-0.34227568)}, {'J10': 4, 'J11': 7, 'J12': 20, 'J13': 33, 'cluster3106249630_3106249631_J60_J61_#5more': 6}, {'J10': 4, 'J11': 12, 'J12': 76, 'J13': 33, 'cluster3106249630_3106249631_J60_J61_#5more': 19}, 
900.0, {'J10': np.float32(0.18223867), 'J11': np.float32(-0.19703978), 'J12': np.float32(-0.800185), 'J13': np.float32(-0.14153561), 'cluster3106249630_3106249631_J60_J61_#5more': np.float32(-0.06475486)}, {'J10': 3, 'J11': 7, 'J12': 20, 'J13': 32, 'cluster3106249630_3106249631_J60_J61_#5more': 5}, {'J10': 3, 'J11': 12, 'J12': 75, 'J13': 32, 'cluster3106249630_3106249631_J60_J61_#5more': 15}, 
905.0, {'J10': np.float32(0.07678076), 'J11': np.float32(0.06475486), 'J12': np.float32(-1.3691027), 'J13': np.float32(-0.6392229), 'cluster3106249630_3106249631_J60_J61_#5more': np.float32(0.062904716)}, {'J10': 2, 'J11': 7, 'J12': 20, 'J13': 34, 'cluster3106249630_3106249631_J60_J61_#5more': 5}, {'J10': 3, 'J11': 8, 'J12': 74, 'J13': 35, 'cluster3106249630_3106249631_J60_J61_#5more': 10}, 
910.0, {'J10': np.float32(-0.061979648), 'J11': np.float32(-0.17668825), 'J12': np.float32(-1.3848288), 'J13': np.float32(-0.6975023), 'cluster3106249630_3106249631_J60_J61_#5more': np.float32(0.12210916)}, {'J10': 3, 'J11': 7, 'J12': 20, 'J13': 34, 'cluster3106249630_3106249631_J60_J61_#5more': 2}, {'J10': 4, 'J11': 10, 'J12': 74, 'J13': 35, 'cluster3106249630_3106249631_J60_J61_#5more': 4}, 
915.0, {'J10': np.float32(0.08880666), 'J11': np.float32(-0.24976873), 'J12': np.float32(-1.4014801), 'J13': np.float32(-0.67252547), 'cluster3106249630_3106249631_J60_J61_#5more': np.float32(0.15541166)}, {'J10': 2, 'J11': 8, 'J12': 20, 'J13': 34, 'cluster3106249630_3106249631_J60_J61_#5more': 2}, {'J10': 4, 'J11': 12, 'J12': 76, 'J13': 34, 'cluster3106249630_3106249631_J60_J61_#5more': 4}, 
920.0, {'J10': np.float32(0.08603145), 'J11': np.float32(-0.08788159), 'J12': np.float32(-1.4338576), 'J13': np.float32(-0.6947271), 'cluster3106249630_3106249631_J60_J61_#5more': np.float32(-0.1720629)}, {'J10': 1, 'J11': 8, 'J12': 20, 'J13': 35, 'cluster3106249630_3106249631_J60_J61_#5more': 4}, {'J10': 1, 'J11': 9, 'J12': 76, 'J13': 35, 'cluster3106249630_3106249631_J60_J61_#5more': 10}, 
925.0, {'J10': np.float32(-0.027752081), 'J11': np.float32(0.43385753), 'J12': np.float32(-1.4338576), 'J13': np.float32(-0.73635525), 'cluster3106249630_3106249631_J60_J61_#5more': np.float32(-0.27567068)}, {'J10': 2, 'J11': 6, 'J12': 20, 'J13': 41, 'cluster3106249630_3106249631_J60_J61_#5more': 7}, {'J10': 2, 'J11': 8, 'J12': 76, 'J13': 41, 'cluster3106249630_3106249631_J60_J61_#5more': 14}, 
930.0, {'J10': np.float32(0.04255319), 'J11': np.float32(0.03052729), 'J12': np.float32(-1.4338576), 'J13': np.float32(-0.8501388), 'cluster3106249630_3106249631_J60_J61_#5more': np.float32(-0.25439408)}, {'J10': 1, 'J11': 5, 'J12': 20, 'J13': 44, 'cluster3106249630_3106249631_J60_J61_#5more': 8}, {'J10': 2, 'J11': 9, 'J12': 76, 'J13': 46, 'cluster3106249630_3106249631_J60_J61_#5more': 15}, 
935.0, {'J10': np.float32(0.02867715), 'J11': np.float32(0.19426458), 'J12': np.float32(0.21091582), 'J13': np.float32(-0.9389454), 'cluster3106249630_3106249631_J60_J61_#5more': np.float32(-0.3691027)}, {'J10': 0, 'J11': 5, 'J12': 20, 'J13': 46, 'cluster3106249630_3106249631_J60_J61_#5more': 11}, {'J10': 0, 'J11': 9, 'J12': 74, 'J13': 49, 'cluster3106249630_3106249631_J60_J61_#5more': 20}, 
940.0, {'J10': np.float32(-0.0037002775), 'J11': np.float32(0.3617021), 'J12': np.float32(0.10453284), 'J13': np.float32(-0.90101755), 'cluster3106249630_3106249631_J60_J61_#5more': np.float32(-0.453284)}, {'J10': 1, 'J11': 3, 'J12': 20, 'J13': 46, 'cluster3106249630_3106249631_J60_J61_#5more': 13}, {'J10': 1, 'J11': 8, 'J12': 73, 'J13': 47, 'cluster3106249630_3106249631_J60_J61_#5more': 23}, 
945.0, {'J10': np.float32(0.0037002775), 'J11': np.float32(0.111008324), 'J12': np.float32(-0.78353375), 'J13': np.float32(-0.9639223), 'cluster3106249630_3106249631_J60_J61_#5more': np.float32(-0.5263645)}, {'J10': 0, 'J11': 3, 'J12': 20, 'J13': 48, 'cluster3106249630_3106249631_J60_J61_#5more': 18}, {'J10': 0, 'J11': 8, 'J12': 71, 'J13': 51, 'cluster3106249630_3106249631_J60_J61_#5more': 30}, 
950.0, {'J10': np.float32(-0.0), 'J11': np.float32(-0.091581866), 'J12': np.float32(-1.3246994), 'J13': np.float32(2.8862164), 'cluster3106249630_3106249631_J60_J61_#5more': np.float32(-0.37927845)}, {'J10': 0, 'J11': 3, 'J12': 20, 'J13': 44, 'cluster3106249630_3106249631_J60_J61_#5more': 19}, {'J10': 0, 'J11': 8, 'J12': 71, 'J13': 45, 'cluster3106249630_3106249631_J60_J61_#5more': 30}, 
955.0, {'J10': np.float32(-0.0), 'J11': np.float32(0.09713229), 'J12': np.float32(-1.320999), 'J13': np.float32(-0.800185), 'cluster3106249630_3106249631_J60_J61_#5more': np.float32(-0.58741903)}, {'J10': 0, 'J11': 2, 'J12': 20, 'J13': 45, 'cluster3106249630_3106249631_J60_J61_#5more': 20}, {'J10': 0, 'J11': 6, 'J12': 71, 'J13': 45, 'cluster3106249630_3106249631_J60_J61_#5more': 31}, 
960.0, {'J10': np.float32(-0.0037002775), 'J11': np.float32(0.13043478), 'J12': np.float32(-1.3108233), 'J13': np.float32(-0.30064756), 'cluster3106249630_3106249631_J60_J61_#5more': np.float32(-0.6281221)}, {'J10': 1, 'J11': 4, 'J12': 20, 'J13': 47, 'cluster3106249630_3106249631_J60_J61_#5more': 21}, {'J10': 1, 'J11': 5, 'J12': 75, 'J13': 48, 'cluster3106249630_3106249631_J60_J61_#5more': 34}, 
965.0, {'J10': np.float32(-0.022201665), 'J11': np.float32(0.4745606), 'J12': np.float32(-1.3959297), 'J13': np.float32(-0.9269195), 'cluster3106249630_3106249631_J60_J61_#5more': np.float32(-0.7289547)}, {'J10': 2, 'J11': 3, 'J12': 20, 'J13': 49, 'cluster3106249630_3106249631_J60_J61_#5more': 23}, {'J10': 2, 'J11': 4, 'J12': 76, 'J13': 50, 'cluster3106249630_3106249631_J60_J61_#5more': 38}, 
970.0, {'J10': np.float32(0.0037002775), 'J11': np.float32(-0.1026827), 'J12': np.float32(-1.4116559), 'J13': np.float32(-0.95929694), 'cluster3106249630_3106249631_J60_J61_#5more': np.float32(-0.813136)}, {'J10': 1, 'J11': 3, 'J12': 20, 'J13': 49, 'cluster3106249630_3106249631_J60_J61_#5more': 26}, {'J10': 1, 'J11': 6, 'J12': 76, 'J13': 50, 'cluster3106249630_3106249631_J60_J61_#5more': 42}, 
975.0, {'J10': np.float32(0.022201665), 'J11': np.float32(-0.14338575), 'J12': np.float32(-1.4246068), 'J13': np.float32(-0.96854764), 'cluster3106249630_3106249631_J60_J61_#5more': np.float32(-0.6364477)}, {'J10': 0, 'J11': 3, 'J12': 20, 'J13': 49, 'cluster3106249630_3106249631_J60_J61_#5more': 27}, {'J10': 0, 'J11': 6, 'J12': 76, 'J13': 51, 'cluster3106249630_3106249631_J60_J61_#5more': 44}, 
980.0, {'J10': np.float32(-0.0037002775), 'J11': np.float32(-0.16743755), 'J12': np.float32(-1.4246068), 'J13': np.float32(-0.9935245), 'cluster3106249630_3106249631_J60_J61_#5more': np.float32(-0.82978725)}, {'J10': 1, 'J11': 5, 'J12': 20, 'J13': 49, 'cluster3106249630_3106249631_J60_J61_#5more': 29}, {'J10': 1, 'J11': 8, 'J12': 76, 'J13': 53, 'cluster3106249630_3106249631_J60_J61_#5more': 45}, 
985.0, {'J10': np.float32(0.0018501388), 'J11': np.float32(-0.15541166), 'J12': np.float32(-1.4246068), 'J13': np.float32(2.4902868), 'cluster3106249630_3106249631_J60_J61_#5more': np.float32(0.73913044)}, {'J10': 1, 'J11': 7, 'J12': 20, 'J13': 45, 'cluster3106249630_3106249631_J60_J61_#5more': 31}, {'J10': 1, 'J11': 10, 'J12': 76, 'J13': 47, 'cluster3106249630_3106249631_J60_J61_#5more': 48}, 
990.0, {'J10': np.float32(-0.018501388), 'J11': np.float32(-0.22294173), 'J12': np.float32(-1.4246068), 'J13': np.float32(-0.7326549), 'cluster3106249630_3106249631_J60_J61_#5more': np.float32(-0.76225716)}, {'J10': 1, 'J11': 8, 'J12': 20, 'J13': 47, 'cluster3106249630_3106249631_J60_J61_#5more': 34}, {'J10': 1, 'J11': 11, 'J12': 76, 'J13': 49, 'cluster3106249630_3106249631_J60_J61_#5more': 55}, 
995.0, {'J10': np.float32(-0.022201665), 'J11': np.float32(-0.24699353), 'J12': np.float32(-1.4273821), 'J13': np.float32(1.0203515), 'cluster3106249630_3106249631_J60_J61_#5more': np.float32(-0.6299722)}, {'J10': 1, 'J11': 8, 'J12': 20, 'J13': 45, 'cluster3106249630_3106249631_J60_J61_#5more': 34}, {'J10': 1, 'J11': 14, 'J12': 76, 'J13': 47, 'cluster3106249630_3106249631_J60_J61_#5more': 50}, 
1000.0, {'J10': np.float32(-0.027752081), 'J11': np.float32(-0.29232192), 'J12': np.float32(-1.4301573), 'J13': np.float32(-0.19981499), 'cluster3106249630_3106249631_J60_J61_#5more': np.float32(0.827012)}, {'J10': 1, 'J11': 9, 'J12': 20, 'J13': 46, 'cluster3106249630_3106249631_J60_J61_#5more': 33}, {'J10': 1, 'J11': 15, 'J12': 76, 'J13': 48, 'cluster3106249630_3106249631_J60_J61_#5more': 47}, 
1005.0, {'J10': np.float32(-0.02960222), 'J11': np.float32(-0.3135985), 'J12': np.float32(-1.4366328), 'J13': np.float32(1.666975), 'cluster3106249630_3106249631_J60_J61_#5more': np.float32(-0.31914893)}, {'J10': 1, 'J11': 9, 'J12': 20, 'J13': 42, 'cluster3106249630_3106249631_J60_J61_#5more': 35}, {'J10': 2, 'J11': 15, 'J12': 76, 'J13': 44, 'cluster3106249630_3106249631_J60_J61_#5more': 48}, 
1010.0, {'J10': np.float32(-0.04625347), 'J11': np.float32(-0.3265495), 'J12': np.float32(-1.4375578), 'J13': np.float32(-0.011100832), 'cluster3106249630_3106249631_J60_J61_#5more': np.float32(-0.9555967)}, {'J10': 1, 'J11': 9, 'J12': 20, 'J13': 41, 'cluster3106249630_3106249631_J60_J61_#5more': 36}, {'J10': 2, 'J11': 15, 'J12': 76, 'J13': 44, 'cluster3106249630_3106249631_J60_J61_#5more': 49}, 
1015.0, {'J10': np.float32(-0.04625347), 'J11': np.float32(-0.35892692), 'J12': np.float32(-1.452359), 'J13': np.float32(0.99629974), 'cluster3106249630_3106249631_J60_J61_#5more': np.float32(-0.73172987)}, {'J10': 1, 'J11': 11, 'J12': 20, 'J13': 38, 'cluster3106249630_3106249631_J60_J61_#5more': 36}, {'J10': 2, 'J11': 17, 'J12': 76, 'J13': 42, 'cluster3106249630_3106249631_J60_J61_#5more': 48}, 
1020.0, {'J10': np.float32(-0.04625347), 'J11': np.float32(-0.4014801), 'J12': np.float32(-1.4542091), 'J13': np.float32(-0.040703055), 'cluster3106249630_3106249631_J60_J61_#5more': np.float32(0.7585569)}, {'J10': 1, 'J11': 11, 'J12': 20, 'J13': 37, 'cluster3106249630_3106249631_J60_J61_#5more': 33}, {'J10': 2, 'J11': 17, 'J12': 76, 'J13': 41, 'cluster3106249630_3106249631_J60_J61_#5more': 43}, 
1025.0, {'J10': np.float32(-0.04625347), 'J11': np.float32(-0.42460686), 'J12': np.float32(-0.28954673), 'J13': np.float32(-0.7678076), 'cluster3106249630_3106249631_J60_J61_#5more': np.float32(1.3413506)}, {'J10': 1, 'J11': 13, 'J12': 20, 'J13': 37, 'cluster3106249630_3106249631_J60_J61_#5more': 28}, {'J10': 2, 'J11': 19, 'J12': 75, 'J13': 41, 'cluster3106249630_3106249631_J60_J61_#5more': 37}, 
1030.0, {'J10': np.float32(-0.049953748), 'J11': np.float32(-0.45420906), 'J12': np.float32(3.0), 'J13': np.float32(-0.7678076), 'cluster3106249630_3106249631_J60_J61_#5more': np.float32(1.0055504)}, {'J10': 1, 'J11': 14, 'J12': 20, 'J13': 37, 'cluster3106249630_3106249631_J60_J61_#5more': 27}, {'J10': 3, 'J11': 20, 'J12': 69, 'J13': 41, 'cluster3106249630_3106249631_J60_J61_#5more': 34}, 
1035.0, {'J10': np.float32(-0.08048104), 'J11': np.float32(-0.3533765), 'J12': np.float32(2.078631), 'J13': np.float32(-0.7678076), 'cluster3106249630_3106249631_J60_J61_#5more': np.float32(0.8455134)}, {'J10': 1, 'J11': 14, 'J12': 20, 'J13': 37, 'cluster3106249630_3106249631_J60_J61_#5more': 23}, {'J10': 3, 'J11': 21, 'J12': 68, 'J13': 41, 'cluster3106249630_3106249631_J60_J61_#5more': 29}, 
1040.0, {'J10': np.float32(-0.04440333), 'J11': np.float32(-0.4717854), 'J12': np.float32(2.9935246), 'J13': np.float32(-0.7678076), 'cluster3106249630_3106249631_J60_J61_#5more': np.float32(1.1970397)}, {'J10': 1, 'J11': 14, 'J12': 20, 'J13': 37, 'cluster3106249630_3106249631_J60_J61_#5more': 19}, {'J10': 2, 'J11': 21, 'J12': 70, 'J13': 41, 'cluster3106249630_3106249631_J60_J61_#5more': 22}, 
1045.0, {'J10': np.float32(0.45235893), 'J11': np.float32(1.0656799), 'J12': np.float32(-1.3135985), 'J13': np.float32(-0.77428305), 'cluster3106249630_3106249631_J60_J61_#5more': np.float32(1.3320999)}, {'J10': 1, 'J11': 16, 'J12': 20, 'J13': 39, 'cluster3106249630_3106249631_J60_J61_#5more': 14}, {'J10': 3, 'J11': 20, 'J12': 74, 'J13': 43, 'cluster3106249630_3106249631_J60_J61_#5more': 15}, 
1050.0, {'J10': np.float32(-0.01480111), 'J11': np.float32(0.15818687), 'J12': np.float32(-1.2460685), 'J13': np.float32(-0.8427382), 'cluster3106249630_3106249631_J60_J61_#5more': np.float32(0.8427382)}, {'J10': 1, 'J11': 18, 'J12': 20, 'J13': 46, 'cluster3106249630_3106249631_J60_J61_#5more': 9}, {'J10': 2, 'J11': 22, 'J12': 76, 'J13': 50, 'cluster3106249630_3106249631_J60_J61_#5more': 9}, 
1055.0, {'J10': np.float32(-0.0037002775), 'J11': np.float32(-0.43663275), 'J12': np.float32(-0.44033304), 'J13': np.float32(-0.93524516), 'cluster3106249630_3106249631_J60_J61_#5more': np.float32(0.20444034)}, {'J10': 1, 'J11': 18, 'J12': 20, 'J13': 47, 'cluster3106249630_3106249631_J60_J61_#5more': 7}, {'J10': 2, 'J11': 22, 'J12': 76, 'J13': 51, 'cluster3106249630_3106249631_J60_J61_#5more': 8}, 
1060.0, {'J10': np.float32(-0.037002776), 'J11': np.float32(-0.4625347), 'J12': np.float32(2.357077), 'J13': np.float32(-0.16466235), 'cluster3106249630_3106249631_J60_J61_#5more': np.float32(0.46623498)}, {'J10': 1, 'J11': 18, 'J12': 19, 'J13': 50, 'cluster3106249630_3106249631_J60_J61_#5more': 3}, {'J10': 2, 'J11': 22, 'J12': 72, 'J13': 51, 'cluster3106249630_3106249631_J60_J61_#5more': 4}, 
1065.0, {'J10': np.float32(0.06105458), 'J11': np.float32(-0.46993524), 'J12': np.float32(-1.3422756), 'J13': np.float32(-0.7826087), 'cluster3106249630_3106249631_J60_J61_#5more': np.float32(0.23774283)}, {'J10': 1, 'J11': 18, 'J12': 19, 'J13': 53, 'cluster3106249630_3106249631_J60_J61_#5more': 1}, {'J10': 1, 'J11': 22, 'J12': 73, 'J13': 53, 'cluster3106249630_3106249631_J60_J61_#5more': 1}, 
1070.0, {'J10': np.float32(0.0018501388), 'J11': np.float32(1.0314524), 'J12': np.float32(1.6743755), 'J13': np.float32(-0.9925994), 'cluster3106249630_3106249631_J60_J61_#5more': np.float32(-0.22849214)}, {'J10': 0, 'J11': 17, 'J12': 17, 'J13': 53, 'cluster3106249630_3106249631_J60_J61_#5more': 4}, {'J10': 0, 'J11': 20, 'J12': 71, 'J13': 55, 'cluster3106249630_3106249631_J60_J61_#5more': 4}, 
1075.0, {'J10': np.float32(-0.0), 'J11': np.float32(-0.40333024), 'J12': np.float32(-1.33395), 'J13': np.float32(-1.026827), 'cluster3106249630_3106249631_J60_J61_#5more': np.float32(-0.021276595)}, {'J10': 0, 'J11': 17, 'J12': 18, 'J13': 53, 'cluster3106249630_3106249631_J60_J61_#5more': 4}, {'J10': 0, 'J11': 24, 'J12': 72, 'J13': 55, 'cluster3106249630_3106249631_J60_J61_#5more': 9}, 
1080.0, {'J10': np.float32(-0.002775208), 'J11': np.float32(-0.3293247), 'J12': np.float32(-1.3561517), 'J13': np.float32(-1.026827), 'cluster3106249630_3106249631_J60_J61_#5more': np.float32(-0.25346902)}, {'J10': 1, 'J11': 17, 'J12': 20, 'J13': 53, 'cluster3106249630_3106249631_J60_J61_#5more': 8}, {'J10': 1, 'J11': 22, 'J12': 75, 'J13': 55, 'cluster3106249630_3106249631_J60_J61_#5more': 13}, 
1085.0, {'J10': np.float32(-0.018501388), 'J11': np.float32(-0.21924144), 'J12': np.float32(-0.36077705), 'J13': np.float32(-1.0360777), 'cluster3106249630_3106249631_J60_J61_#5more': np.float32(-0.34135062)}, {'J10': 1, 'J11': 19, 'J12': 19, 'J13': 53, 'cluster3106249630_3106249631_J60_J61_#5more': 10}, {'J10': 1, 'J11': 23, 'J12': 74, 'J13': 55, 'cluster3106249630_3106249631_J60_J61_#5more': 15}, 
1090.0, {'J10': np.float32(-0.018501388), 'J11': np.float32(-0.37372804), 'J12': np.float32(-0.39962998), 'J13': np.float32(-1.0499537), 'cluster3106249630_3106249631_J60_J61_#5more': np.float32(0.9694727)}, {'J10': 1, 'J11': 19, 'J12': 18, 'J13': 53, 'cluster3106249630_3106249631_J60_J61_#5more': 13}, {'J10': 1, 'J11': 24, 'J12': 73, 'J13': 56, 'cluster3106249630_3106249631_J60_J61_#5more': 19}, 
1095.0, {'J10': np.float32(-0.018501388), 'J11': np.float32(-0.39130434), 'J12': np.float32(-1.3691027), 'J13': np.float32(-1.0730805), 'cluster3106249630_3106249631_J60_J61_#5more': np.float32(-0.30619797)}, {'J10': 1, 'J11': 20, 'J12': 18, 'J13': 53, 'cluster3106249630_3106249631_J60_J61_#5more': 13}, {'J10': 1, 'J11': 24, 'J12': 73, 'J13': 57, 'cluster3106249630_3106249631_J60_J61_#5more': 21}, 
1100.0, {'J10': np.float32(0.054579094), 'J11': np.float32(-0.3783534), 'J12': np.float32(-1.3691027), 'J13': np.float32(-1.0851064), 'cluster3106249630_3106249631_J60_J61_#5more': np.float32(-0.32469934)}, {'J10': 1, 'J11': 21, 'J12': 18, 'J13': 53, 'cluster3106249630_3106249631_J60_J61_#5more': 14}, {'J10': 1, 'J11': 25, 'J12': 73, 'J13': 57, 'cluster3106249630_3106249631_J60_J61_#5more': 22}, 
1105.0, {'J10': np.float32(0.0018501388), 'J11': np.float32(0.59666973), 'J12': np.float32(-1.3792784), 'J13': np.float32(-1.0832562), 'cluster3106249630_3106249631_J60_J61_#5more': np.float32(0.19703978)}, {'J10': 0, 'J11': 19, 'J12': 20, 'J13': 53, 'cluster3106249630_3106249631_J60_J61_#5more': 14}, {'J10': 0, 'J11': 23, 'J12': 75, 'J13': 58, 'cluster3106249630_3106249631_J60_J61_#5more': 20}, 
1110.0, {'J10': np.float32(-0.004625347), 'J11': np.float32(0.5078631), 'J12': np.float32(-0.33024976), 'J13': np.float32(3.0), 'cluster3106249630_3106249631_J60_J61_#5more': np.float32(0.386679)}, {'J10': 1, 'J11': 17, 'J12': 20, 'J13': 49, 'cluster3106249630_3106249631_J60_J61_#5more': 9}, {'J10': 1, 'J11': 22, 'J12': 74, 'J13': 53, 'cluster3106249630_3106249631_J60_J61_#5more': 12}, 
1115.0, {'J10': np.float32(-0.02867715), 'J11': np.float32(1.2849214), 'J12': np.float32(-0.4495837), 'J13': np.float32(1.4902868), 'cluster3106249630_3106249631_J60_J61_#5more': np.float32(0.18963923)}, {'J10': 2, 'J11': 13, 'J12': 20, 'J13': 46, 'cluster3106249630_3106249631_J60_J61_#5more': 4}, {'J10': 2, 'J11': 19, 'J12': 73, 'J13': 49, 'cluster3106249630_3106249631_J60_J61_#5more': 7}, 
1120.0, {'J10': np.float32(0.023126734), 'J11': np.float32(-0.24514338), 'J12': np.float32(-1.359852), 'J13': np.float32(-0.22109158), 'cluster3106249630_3106249631_J60_J61_#5more': np.float32(0.21554117)}, {'J10': 0, 'J11': 13, 'J12': 20, 'J13': 45, 'cluster3106249630_3106249631_J60_J61_#5more': 3}, {'J10': 0, 'J11': 18, 'J12': 73, 'J13': 50, 'cluster3106249630_3106249631_J60_J61_#5more': 3}, 
1125.0, {'J10': np.float32(0.008325624), 'J11': np.float32(-0.12765957), 'J12': np.float32(-1.359852), 'J13': np.float32(-0.95282143), 'cluster3106249630_3106249631_J60_J61_#5more': np.float32(0.1387604)}, {'J10': 1, 'J11': 13, 'J12': 20, 'J13': 45, 'cluster3106249630_3106249631_J60_J61_#5more': 2}, {'J10': 1, 'J11': 15, 'J12': 73, 'J13': 50, 'cluster3106249630_3106249631_J60_J61_#5more': 4}, 
1130.0, {'J10': np.float32(-0.022201665), 'J11': np.float32(-0.3691027), 'J12': np.float32(-1.3672526), 'J13': np.float32(-0.95282143), 'cluster3106249630_3106249631_J60_J61_#5more': np.float32(0.10175763)}, {'J10': 2, 'J11': 16, 'J12': 20, 'J13': 45, 'cluster3106249630_3106249631_J60_J61_#5more': 1}, {'J10': 2, 'J11': 19, 'J12': 75, 'J13': 50, 'cluster3106249630_3106249631_J60_J61_#5more': 1}, 
1135.0, {'J10': np.float32(-0.04347826), 'J11': np.float32(-0.4412581), 'J12': np.float32(-1.3968548), 'J13': np.float32(-0.96207213), 'cluster3106249630_3106249631_J60_J61_#5more': np.float32(-0.049028676)}, {'J10': 3, 'J11': 16, 'J12': 20, 'J13': 45, 'cluster3106249630_3106249631_J60_J61_#5more': 3}, {'J10': 4, 'J11': 19, 'J12': 75, 'J13': 51, 'cluster3106249630_3106249631_J60_J61_#5more': 6}, 
1140.0, {'J10': np.float32(0.036077704), 'J11': np.float32(-0.46623498), 'J12': np.float32(-1.4061054), 'J13': np.float32(-0.97132283), 'cluster3106249630_3106249631_J60_J61_#5more': np.float32(0.13135985)}, {'J10': 1, 'J11': 18, 'J12': 20, 'J13': 45, 'cluster3106249630_3106249631_J60_J61_#5more': 1}, {'J10': 2, 'J11': 21, 'J12': 75, 'J13': 51, 'cluster3106249630_3106249631_J60_J61_#5more': 1}, 
1145.0, {'J10': np.float32(-0.004625347), 'J11': np.float32(-0.5032377), 'J12': np.float32(3.0), 'J13': np.float32(-0.97132283), 'cluster3106249630_3106249631_J60_J61_#5more': np.float32(-0.002775208)}, {'J10': 1, 'J11': 18, 'J12': 20, 'J13': 45, 'cluster3106249630_3106249631_J60_J61_#5more': 1}, {'J10': 1, 'J11': 21, 'J12': 71, 'J13': 51, 'cluster3106249630_3106249631_J60_J61_#5more': 1}, 
1150.0, {'J10': np.float32(-0.027752081), 'J11': np.float32(-0.52081406), 'J12': np.float32(-1.3135985), 'J13': np.float32(2.3237743), 'cluster3106249630_3106249631_J60_J61_#5more': np.float32(-0.0693802)}, {'J10': 1, 'J11': 19, 'J12': 20, 'J13': 43, 'cluster3106249630_3106249631_J60_J61_#5more': 4}, {'J10': 1, 'J11': 22, 'J12': 71, 'J13': 47, 'cluster3106249630_3106249631_J60_J61_#5more': 7}, 
1155.0, {'J10': np.float32(0.06567992), 'J11': np.float32(-0.5476411), 'J12': np.float32(-1.2987974), 'J13': np.float32(0.2691952), 'cluster3106249630_3106249631_J60_J61_#5more': np.float32(-0.19518964)}, {'J10': 0, 'J11': 21, 'J12': 20, 'J13': 46, 'cluster3106249630_3106249631_J60_J61_#5more': 10}, {'J10': 0, 'J11': 24, 'J12': 75, 'J13': 50, 'cluster3106249630_3106249631_J60_J61_#5more': 15}, 
1160.0, {'J10': np.float32(-0.0138760405), 'J11': np.float32(-0.5827937), 'J12': np.float32(-1.3950046), 'J13': np.float32(-0.94727105), 'cluster3106249630_3106249631_J60_J61_#5more': np.float32(-0.34597594)}, {'J10': 1, 'J11': 21, 'J12': 20, 'J13': 47, 'cluster3106249630_3106249631_J60_J61_#5more': 14}, {'J10': 2, 'J11': 24, 'J12': 77, 'J13': 51, 'cluster3106249630_3106249631_J60_J61_#5more': 23}, 
1165.0, {'J10': np.float32(0.0138760405), 'J11': np.float32(-0.5920444), 'J12': np.float32(-1.4051803), 'J13': np.float32(-0.9842738), 'cluster3106249630_3106249631_J60_J61_#5more': np.float32(-0.46623498)}, {'J10': 0, 'J11': 22, 'J12': 20, 'J13': 51, 'cluster3106249630_3106249631_J60_J61_#5more': 17}, {'J10': 0, 'J11': 25, 'J12': 77, 'J13': 55, 'cluster3106249630_3106249631_J60_J61_#5more': 28}, 
1170.0, {'J10': np.float32(-0.0009250694), 'J11': np.float32(-0.62442183), 'J12': np.float32(-1.3237743), 'J13': np.float32(-1.052729), 'cluster3106249630_3106249631_J60_J61_#5more': np.float32(-0.5689177)}, {'J10': 0, 'J11': 22, 'J12': 20, 'J13': 51, 'cluster3106249630_3106249631_J60_J61_#5more': 20}, {'J10': 0, 'J11': 25, 'J12': 76, 'J13': 57, 'cluster3106249630_3106249631_J60_J61_#5more': 34}, 
1175.0, {'J10': np.float32(-0.0018501388), 'J11': np.float32(-0.6493987), 'J12': np.float32(1.6549491), 'J13': np.float32(-0.3922294), 'cluster3106249630_3106249631_J60_J61_#5more': np.float32(-0.53654027)}, {'J10': 1, 'J11': 23, 'J12': 18, 'J13': 51, 'cluster3106249630_3106249631_J60_J61_#5more': 23}, {'J10': 1, 'J11': 26, 'J12': 74, 'J13': 53, 'cluster3106249630_3106249631_J60_J61_#5more': 35}, 
1180.0, {'J10': np.float32(-0.03237743), 'J11': np.float32(-0.6679001), 'J12': np.float32(-1.3968548), 'J13': np.float32(-1.0027752), 'cluster3106249630_3106249631_J60_J61_#5more': np.float32(-0.6466235)}, {'J10': 3, 'J11': 23, 'J12': 18, 'J13': 51, 'cluster3106249630_3106249631_J60_J61_#5more': 27}, {'J10': 4, 'J11': 26, 'J12': 74, 'J13': 54, 'cluster3106249630_3106249631_J60_J61_#5more': 39}, 
1185.0, {'J10': np.float32(0.015726179), 'J11': np.float32(-0.6762257), 'J12': np.float32(-0.11285847), 'J13': np.float32(-1.0175763), 'cluster3106249630_3106249631_J60_J61_#5more': np.float32(-0.76688254)}, {'J10': 1, 'J11': 23, 'J12': 18, 'J13': 51, 'cluster3106249630_3106249631_J60_J61_#5more': 31}, {'J10': 1, 'J11': 26, 'J12': 74, 'J13': 54, 'cluster3106249630_3106249631_J60_J61_#5more': 44}, 
1190.0, {'J10': np.float32(0.009250694), 'J11': np.float32(1.6975023), 'J12': np.float32(-0.36447734), 'J13': np.float32(-0.98242366), 'cluster3106249630_3106249631_J60_J61_#5more': np.float32(-0.07215541)}, {'J10': 1, 'J11': 23, 'J12': 20, 'J13': 53, 'cluster3106249630_3106249631_J60_J61_#5more': 31}, {'J10': 2, 'J11': 25, 'J12': 76, 'J13': 55, 'cluster3106249630_3106249631_J60_J61_#5more': 42}, 
1195.0, {'J10': np.float32(0.010175764), 'J11': np.float32(-0.5106383), 'J12': np.float32(0.010175764), 'J13': np.float32(-1.0360777), 'cluster3106249630_3106249631_J60_J61_#5more': np.float32(-0.27937096)}, {'J10': 0, 'J11': 23, 'J12': 19, 'J13': 53, 'cluster3106249630_3106249631_J60_J61_#5more': 31}, {'J10': 0, 'J11': 26, 'J12': 73, 'J13': 55, 'cluster3106249630_3106249631_J60_J61_#5more': 40}, 
1200.0, {'J10': np.float32(-0.0), 'J11': np.float32(0.3228492), 'J12': np.float32(-1.3589269), 'J13': np.float32(-1.0360777), 'cluster3106249630_3106249631_J60_J61_#5more': np.float32(-0.111008324)}, {'J10': 0, 'J11': 23, 'J12': 19, 'J13': 53, 'cluster3106249630_3106249631_J60_J61_#5more': 31}, {'J10': 0, 'J11': 26, 'J12': 73, 'J13': 55, 'cluster3106249630_3106249631_J60_J61_#5more': 39}, 
1205.0, {'J10': np.float32(-0.004625347), 'J11': np.float32(-0.5652174), 'J12': np.float32(-0.071230344), 'J13': np.float32(-1.0360777), 'cluster3106249630_3106249631_J60_J61_#5more': np.float32(0.23034227)}, {'J10': 1, 'J11': 24, 'J12': 18, 'J13': 53, 'cluster3106249630_3106249631_J60_J61_#5more': 29}, {'J10': 1, 'J11': 27, 'J12': 75, 'J13': 55, 'cluster3106249630_3106249631_J60_J61_#5more': 34}, 
1210.0, {'J10': np.float32(-0.024976874), 'J11': np.float32(0.1480111), 'J12': np.float32(-0.28214616), 'J13': np.float32(1.7789084), 'cluster3106249630_3106249631_J60_J61_#5more': np.float32(-0.70582795)}, {'J10': 1, 'J11': 23, 'J12': 18, 'J13': 51, 'cluster3106249630_3106249631_J60_J61_#5more': 29}, {'J10': 2, 'J11': 26, 'J12': 74, 'J13': 52, 'cluster3106249630_3106249631_J60_J61_#5more': 40}, 
1215.0, {'J10': np.float32(-0.041628122), 'J11': np.float32(-0.5827937), 'J12': np.float32(-0.43385753), 'J13': np.float32(2.506013), 'cluster3106249630_3106249631_J60_J61_#5more': np.float32(-0.813136)}, {'J10': 2, 'J11': 25, 'J12': 20, 'J13': 48, 'cluster3106249630_3106249631_J60_J61_#5more': 29}, {'J10': 3, 'J11': 28, 'J12': 75, 'J13': 48, 'cluster3106249630_3106249631_J60_J61_#5more': 46}, 
1220.0, {'J10': np.float32(0.027752081), 'J11': np.float32(0.827012), 'J12': np.float32(-0.42368177), 'J13': np.float32(-0.90471786), 'cluster3106249630_3106249631_J60_J61_#5more': np.float32(-0.22386679)}, {'J10': 1, 'J11': 25, 'J12': 20, 'J13': 48, 'cluster3106249630_3106249631_J60_J61_#5more': 27}, {'J10': 1, 'J11': 29, 'J12': 74, 'J13': 48, 'cluster3106249630_3106249631_J60_J61_#5more': 42}, 
1225.0, {'J10': np.float32(-0.018501388), 'J11': np.float32(-0.64292324), 'J12': np.float32(-0.39407957), 'J13': np.float32(-0.906568), 'cluster3106249630_3106249631_J60_J61_#5more': np.float32(-0.052728955)}, {'J10': 1, 'J11': 25, 'J12': 20, 'J13': 48, 'cluster3106249630_3106249631_J60_J61_#5more': 28}, {'J10': 1, 'J11': 30, 'J12': 73, 'J13': 48, 'cluster3106249630_3106249631_J60_J61_#5more': 40}, 
1230.0, {'J10': np.float32(-0.018501388), 'J11': np.float32(-0.67252547), 'J12': np.float32(-1.3672526), 'J13': np.float32(-0.906568), 'cluster3106249630_3106249631_J60_J61_#5more': np.float32(-0.84181315)}, {'J10': 1, 'J11': 25, 'J12': 20, 'J13': 48, 'cluster3106249630_3106249631_J60_J61_#5more': 34}, {'J10': 1, 'J11': 30, 'J12': 73, 'J13': 48, 'cluster3106249630_3106249631_J60_J61_#5more': 47}, 
1235.0, {'J10': np.float32(0.07585569), 'J11': np.float32(-0.68732655), 'J12': np.float32(-1.3765032), 'J13': np.float32(-0.906568), 'cluster3106249630_3106249631_J60_J61_#5more': np.float32(-0.17668825)}, {'J10': 1, 'J11': 25, 'J12': 20, 'J13': 48, 'cluster3106249630_3106249631_J60_J61_#5more': 32}, {'J10': 2, 'J11': 30, 'J12': 73, 'J13': 48, 'cluster3106249630_3106249631_J60_J61_#5more': 45}, 
1240.0, {'J10': np.float32(0.0018501388), 'J11': np.float32(-0.6975023), 'J12': np.float32(-1.4014801), 'J13': np.float32(2.7668824), 'cluster3106249630_3106249631_J60_J61_#5more': np.float32(0.5494912)}, {'J10': 0, 'J11': 26, 'J12': 20, 'J13': 45, 'cluster3106249630_3106249631_J60_J61_#5more': 28}, {'J10': 0, 'J11': 31, 'J12': 77, 'J13': 46, 'cluster3106249630_3106249631_J60_J61_#5more': 38}, 
1245.0, {'J10': np.float32(-0.0138760405), 'J11': np.float32(-0.7354302), 'J12': np.float32(0.70860314), 'J13': np.float32(3.0), 'cluster3106249630_3106249631_J60_J61_#5more': np.float32(0.29232192)}, {'J10': 0, 'J11': 27, 'J12': 20, 'J13': 41, 'cluster3106249630_3106249631_J60_J61_#5more': 28}, {'J10': 0, 'J11': 33, 'J12': 75, 'J13': 42, 'cluster3106249630_3106249631_J60_J61_#5more': 37}, 
1250.0, {'J10': np.float32(-0.021276595), 'J11': np.float32(-0.7678076), 'J12': np.float32(-1.3968548), 'J13': np.float32(-0.7641073), 'cluster3106249630_3106249631_J60_J61_#5more': np.float32(-0.36355227)}, {'J10': 1, 'J11': 27, 'J12': 20, 'J13': 46, 'cluster3106249630_3106249631_J60_J61_#5more': 28}, {'J10': 1, 'J11': 33, 'J12': 75, 'J13': 46, 'cluster3106249630_3106249631_J60_J61_#5more': 38}, 
1255.0, {'J10': np.float32(-0.049028676), 'J11': np.float32(-0.77428305), 'J12': np.float32(-1.4181314), 'J13': np.float32(-0.8695652), 'cluster3106249630_3106249631_J60_J61_#5more': np.float32(-0.24329324)}, {'J10': 1, 'J11': 27, 'J12': 20, 'J13': 46, 'cluster3106249630_3106249631_J60_J61_#5more': 27}, {'J10': 2, 'J11': 33, 'J12': 75, 'J13': 46, 'cluster3106249630_3106249631_J60_J61_#5more': 40}, 
1260.0, {'J10': np.float32(-0.06475486), 'J11': np.float32(-0.7770583), 'J12': np.float32(-1.4338576), 'J13': np.float32(-0.8695652), 'cluster3106249630_3106249631_J60_J61_#5more': np.float32(-0.40980574)}, {'J10': 1, 'J11': 27, 'J12': 20, 'J13': 46, 'cluster3106249630_3106249631_J60_J61_#5more': 27}, {'J10': 2, 'J11': 33, 'J12': 75, 'J13': 46, 'cluster3106249630_3106249631_J60_J61_#5more': 44}, 
1265.0, {'J10': np.float32(-0.066604994), 'J11': np.float32(1.1276596), 'J12': np.float32(-0.9796485), 'J13': np.float32(-0.8695652), 'cluster3106249630_3106249631_J60_J61_#5more': np.float32(-0.8519889)}, {'J10': 2, 'J11': 27, 'J12': 20, 'J13': 46, 'cluster3106249630_3106249631_J60_J61_#5more': 31}, {'J10': 3, 'J11': 32, 'J12': 78, 'J13': 46, 'cluster3106249630_3106249631_J60_J61_#5more': 49}, 
1270.0, {'J10': np.float32(-0.09343201), 'J11': np.float32(-0.46901017), 'J12': np.float32(-1.2062905), 'J13': np.float32(-0.8695652), 'cluster3106249630_3106249631_J60_J61_#5more': np.float32(-0.95929694)}, {'J10': 3, 'J11': 28, 'J12': 20, 'J13': 46, 'cluster3106249630_3106249631_J60_J61_#5more': 35}, {'J10': 4, 'J11': 32, 'J12': 78, 'J13': 46, 'cluster3106249630_3106249631_J60_J61_#5more': 55}, 
1275.0, {'J10': np.float32(-0.11378353), 'J11': np.float32(1.0536541), 'J12': np.float32(-1.3700278), 'J13': np.float32(-0.8695652), 'cluster3106249630_3106249631_J60_J61_#5more': np.float32(-1.0647548)}, {'J10': 4, 'J11': 26, 'J12': 20, 'J13': 46, 'cluster3106249630_3106249631_J60_J61_#5more': 38}, {'J10': 5, 'J11': 30, 'J12': 75, 'J13': 46, 'cluster3106249630_3106249631_J60_J61_#5more': 60}, 
1280.0, {'J10': np.float32(-0.12950972), 'J11': np.float32(-0.5892692), 'J12': np.float32(-1.4310824), 'J13': np.float32(-0.8778908), 'cluster3106249630_3106249631_J60_J61_#5more': np.float32(-1.0305272)}, {'J10': 4, 'J11': 27, 'J12': 20, 'J13': 48, 'cluster3106249630_3106249631_J60_J61_#5more': 43}, {'J10': 5, 'J11': 30, 'J12': 75, 'J13': 48, 'cluster3106249630_3106249631_J60_J61_#5more': 66}, 
1285.0, {'J10': np.float32(-0.12950972), 'J11': np.float32(-0.67252547), 'J12': np.float32(-1.439408), 'J13': np.float32(-0.9241443), 'cluster3106249630_3106249631_J60_J61_#5more': np.float32(0.9583719)}, {'J10': 4, 'J11': 27, 'J12': 20, 'J13': 51, 'cluster3106249630_3106249631_J60_J61_#5more': 41}, {'J10': 5, 'J11': 30, 'J12': 75, 'J13': 51, 'cluster3106249630_3106249631_J60_J61_#5more': 57}, 
1290.0, {'J10': np.float32(-0.12950972), 'J11': np.float32(-0.70860314), 'J12': np.float32(-1.4431082), 'J13': np.float32(-0.9722479), 'cluster3106249630_3106249631_J60_J61_#5more': np.float32(0.49953747)}, {'J10': 4, 'J11': 28, 'J12': 20, 'J13': 52, 'cluster3106249630_3106249631_J60_J61_#5more': 40}, {'J10': 5, 'J11': 31, 'J12': 75, 'J13': 52, 'cluster3106249630_3106249631_J60_J61_#5more': 54}, 
1295.0, {'J10': np.float32(-0.1387604), 'J11': np.float32(-0.15541166), 'J12': np.float32(-0.2506938), 'J13': np.float32(-1.0148011), 'cluster3106249630_3106249631_J60_J61_#5more': np.float32(1.6077706)}, {'J10': 5, 'J11': 29, 'J12': 20, 'J13': 55, 'cluster3106249630_3106249631_J60_J61_#5more': 38}, {'J10': 6, 'J11': 32, 'J12': 75, 'J13': 55, 'cluster3106249630_3106249631_J60_J61_#5more': 49}, 
1300.0, {'J10': np.float32(0.5689177), 'J11': np.float32(-0.13413507), 'J12': np.float32(-0.44310823), 'J13': np.float32(-1.0545791), 'cluster3106249630_3106249631_J60_J61_#5more': np.float32(0.920444)}, {'J10': 4, 'J11': 29, 'J12': 20, 'J13': 55, 'cluster3106249630_3106249631_J60_J61_#5more': 37}, {'J10': 6, 'J11': 32, 'J12': 74, 'J13': 55, 'cluster3106249630_3106249631_J60_J61_#5more': 45}, 
1305.0, {'J10': np.float32(-0.12118409), 'J11': np.float32(1.2238668), 'J12': np.float32(-1.3644773), 'J13': np.float32(1.9019426), 'cluster3106249630_3106249631_J60_J61_#5more': np.float32(0.38852915)}, {'J10': 4, 'J11': 27, 'J12': 20, 'J13': 53, 'cluster3106249630_3106249631_J60_J61_#5more': 35}, {'J10': 9, 'J11': 31, 'J12': 73, 'J13': 53, 'cluster3106249630_3106249631_J60_J61_#5more': 42}, 
1310.0, {'J10': np.float32(-0.004625347), 'J11': np.float32(0.36725256), 'J12': np.float32(-1.4024051), 'J13': np.float32(0.42553192), 'cluster3106249630_3106249631_J60_J61_#5more': np.float32(-0.36447734)}, {'J10': 5, 'J11': 28, 'J12': 20, 'J13': 52, 'cluster3106249630_3106249631_J60_J61_#5more': 34}, {'J10': 9, 'J11': 31, 'J12': 73, 'J13': 53, 'cluster3106249630_3106249631_J60_J61_#5more': 43}, 
1315.0, {'J10': np.float32(0.07678076), 'J11': np.float32(0.22109158), 'J12': np.float32(-0.60499537), 'J13': np.float32(-0.9759482), 'cluster3106249630_3106249631_J60_J61_#5more': np.float32(0.10545791)}, {'J10': 3, 'J11': 27, 'J12': 20, 'J13': 52, 'cluster3106249630_3106249631_J60_J61_#5more': 32}, {'J10': 4, 'J11': 30, 'J12': 74, 'J13': 52, 'cluster3106249630_3106249631_J60_J61_#5more': 38}, 
1320.0, {'J10': np.float32(-0.03052729), 'J11': np.float32(-0.4079556), 'J12': np.float32(-0.67252547), 'J13': np.float32(-0.9851989), 'cluster3106249630_3106249631_J60_J61_#5more': np.float32(0.79000926)}, {'J10': 3, 'J11': 27, 'J12': 20, 'J13': 52, 'cluster3106249630_3106249631_J60_J61_#5more': 30}, {'J10': 3, 'J11': 30, 'J12': 73, 'J13': 53, 'cluster3106249630_3106249631_J60_J61_#5more': 37}, 
1325.0, {'J10': np.float32(-0.062904716), 'J11': np.float32(-0.5550416), 'J12': np.float32(-1.359852), 'J13': np.float32(-1.0157262), 'cluster3106249630_3106249631_J60_J61_#5more': np.float32(-0.7187789)}, {'J10': 4, 'J11': 27, 'J12': 20, 'J13': 52, 'cluster3106249630_3106249631_J60_J61_#5more': 30}, {'J10': 4, 'J11': 30, 'J12': 73, 'J13': 54, 'cluster3106249630_3106249631_J60_J61_#5more': 45}, 
1330.0, {'J10': np.float32(-0.08048104), 'J11': np.float32(0.38852915), 'J12': np.float32(3.0), 'J13': np.float32(-1.0425532), 'cluster3106249630_3106249631_J60_J61_#5more': np.float32(-0.31822386)}, {'J10': 4, 'J11': 26, 'J12': 20, 'J13': 52, 'cluster3106249630_3106249631_J60_J61_#5more': 29}, {'J10': 4, 'J11': 29, 'J12': 70, 'J13': 55, 'cluster3106249630_3106249631_J60_J61_#5more': 46}, 
1335.0, {'J10': np.float32(0.18038853), 'J11': np.float32(0.32192415), 'J12': np.float32(-1.2997224), 'J13': np.float32(-1.0545791), 'cluster3106249630_3106249631_J60_J61_#5more': np.float32(-0.7169288)}, {'J10': 3, 'J11': 27, 'J12': 20, 'J13': 52, 'cluster3106249630_3106249631_J60_J61_#5more': 29}, {'J10': 3, 'J11': 30, 'J12': 72, 'J13': 55, 'cluster3106249630_3106249631_J60_J61_#5more': 47}, 
1340.0, {'J10': np.float32(-0.055504162), 'J11': np.float32(-0.5837188), 'J12': np.float32(-1.3506013), 'J13': np.float32(-1.0610546), 'cluster3106249630_3106249631_J60_J61_#5more': np.float32(-0.6345976)}, {'J10': 3, 'J11': 27, 'J12': 20, 'J13': 52, 'cluster3106249630_3106249631_J60_J61_#5more': 31}, {'J10': 3, 'J11': 31, 'J12': 75, 'J13': 55, 'cluster3106249630_3106249631_J60_J61_#5more': 47}, 
1345.0, {'J10': np.float32(-0.062904716), 'J11': np.float32(-0.61239594), 'J12': np.float32(1.333025), 'J13': np.float32(-1.0786309), 'cluster3106249630_3106249631_J60_J61_#5more': np.float32(-0.5402405)}, {'J10': 3, 'J11': 27, 'J12': 20, 'J13': 54, 'cluster3106249630_3106249631_J60_J61_#5more': 32}, {'J10': 3, 'J11': 31, 'J12': 76, 'J13': 57, 'cluster3106249630_3106249631_J60_J61_#5more': 43}, 
1350.0, {'J10': np.float32(0.21924144), 'J11': np.float32(-0.42090657), 'J12': np.float32(-1.4320074), 'J13': np.float32(-1.1008326), 'cluster3106249630_3106249631_J60_J61_#5more': np.float32(-0.6114709)}, {'J10': 2, 'J11': 27, 'J12': 20, 'J13': 54, 'cluster3106249630_3106249631_J60_J61_#5more': 35}, {'J10': 5, 'J11': 30, 'J12': 77, 'J13': 57, 'cluster3106249630_3106249631_J60_J61_#5more': 44}, 
1355.0, {'J10': np.float32(0.20721555), 'J11': np.float32(1.2442183), 'J12': np.float32(3.0), 'J13': np.float32(-1.1008326), 'cluster3106249630_3106249631_J60_J61_#5more': np.float32(-0.8686401)}, {'J10': 1, 'J11': 27, 'J12': 17, 'J13': 54, 'cluster3106249630_3106249631_J60_J61_#5more': 39}, {'J10': 1, 'J11': 31, 'J12': 70, 'J13': 57, 'cluster3106249630_3106249631_J60_J61_#5more': 49}, 
1360.0, {'J10': np.float32(-0.021276595), 'J11': np.float32(-0.5430157), 'J12': np.float32(-1.2488437), 'J13': np.float32(3.0), 'cluster3106249630_3106249631_J60_J61_#5more': np.float32(0.8880666)}, {'J10': 2, 'J11': 27, 'J12': 17, 'J13': 52, 'cluster3106249630_3106249631_J60_J61_#5more': 41}, {'J10': 2, 'J11': 30, 'J12': 71, 'J13': 55, 'cluster3106249630_3106249631_J60_J61_#5more': 51}, 
1365.0, {'J10': np.float32(-0.04625347), 'J11': np.float32(-0.5883441), 'J12': np.float32(1.4662349), 'J13': np.float32(3.0), 'cluster3106249630_3106249631_J60_J61_#5more': np.float32(-0.8899167)}, {'J10': 2, 'J11': 27, 'J12': 17, 'J13': 49, 'cluster3106249630_3106249631_J60_J61_#5more': 46}, {'J10': 3, 'J11': 30, 'J12': 69, 'J13': 53, 'cluster3106249630_3106249631_J60_J61_#5more': 57}, 
1370.0, {'J10': np.float32(-0.055504162), 'J11': np.float32(2.8445883), 'J12': np.float32(3.0), 'J13': np.float32(0.7234042), 'cluster3106249630_3106249631_J60_J61_#5more': np.float32(0.35892692)}, {'J10': 2, 'J11': 23, 'J12': 17, 'J13': 48, 'cluster3106249630_3106249631_J60_J61_#5more': 46}, {'J10': 3, 'J11': 26, 'J12': 70, 'J13': 49, 'cluster3106249630_3106249631_J60_J61_#5more': 55}, 
1375.0, {'J10': np.float32(-0.055504162), 'J11': np.float32(1.1369103), 'J12': np.float32(3.0), 'J13': np.float32(0.6327475), 'cluster3106249630_3106249631_J60_J61_#5more': np.float32(1.2127659)}, {'J10': 2, 'J11': 21, 'J12': 13, 'J13': 47, 'cluster3106249630_3106249631_J60_J61_#5more': 43}, {'J10': 3, 'J11': 24, 'J12': 66, 'J13': 49, 'cluster3106249630_3106249631_J60_J61_#5more': 50}, 
1380.0, {'J10': np.float32(-0.055504162), 'J11': np.float32(-0.53746533), 'J12': np.float32(2.4172063), 'J13': np.float32(-0.88344127), 'cluster3106249630_3106249631_J60_J61_#5more': np.float32(0.9833487)}, {'J10': 2, 'J11': 21, 'J12': 13, 'J13': 47, 'cluster3106249630_3106249631_J60_J61_#5more': 38}, {'J10': 3, 'J11': 25, 'J12': 64, 'J13': 48, 'cluster3106249630_3106249631_J60_J61_#5more': 44}, 
1385.0, {'J10': np.float32(-0.058279373), 'J11': np.float32(-0.5642923), 'J12': np.float32(-1.2553191), 'J13': np.float32(2.0425532), 'cluster3106249630_3106249631_J60_J61_#5more': np.float32(-0.48843664)}, {'J10': 3, 'J11': 21, 'J12': 13, 'J13': 45, 'cluster3106249630_3106249631_J60_J61_#5more': 37}, {'J10': 4, 'J11': 25, 'J12': 66, 'J13': 47, 'cluster3106249630_3106249631_J60_J61_#5more': 43}, 
1390.0, {'J10': np.float32(-0.09713229), 'J11': np.float32(-0.09435707), 'J12': np.float32(-0.23959297), 'J13': np.float32(1.6697502), 'cluster3106249630_3106249631_J60_J61_#5more': np.float32(0.34690103)}, {'J10': 4, 'J11': 21, 'J12': 14, 'J13': 43, 'cluster3106249630_3106249631_J60_J61_#5more': 34}, {'J10': 5, 'J11': 25, 'J12': 69, 'J13': 44, 'cluster3106249630_3106249631_J60_J61_#5more': 42}, 
1395.0, {'J10': np.float32(0.30897316), 'J11': np.float32(-0.5254394), 'J12': np.float32(2.8205366), 'J13': np.float32(-0.82608694), 'cluster3106249630_3106249631_J60_J61_#5more': np.float32(0.083256245)}, {'J10': 3, 'J11': 22, 'J12': 13, 'J13': 43, 'cluster3106249630_3106249631_J60_J61_#5more': 32}, {'J10': 4, 'J11': 27, 'J12': 67, 'J13': 45, 'cluster3106249630_3106249631_J60_J61_#5more': 39}, 
1400.0, {'J10': np.float32(0.09620722), 'J11': np.float32(-0.5781684), 'J12': np.float32(0.15356152), 'J13': np.float32(-0.86031455), 'cluster3106249630_3106249631_J60_J61_#5more': np.float32(0.16096207)}, {'J10': 2, 'J11': 22, 'J12': 13, 'J13': 43, 'cluster3106249630_3106249631_J60_J61_#5more': 29}, {'J10': 3, 'J11': 28, 'J12': 65, 'J13': 47, 'cluster3106249630_3106249631_J60_J61_#5more': 36}, 
1405.0, {'J10': np.float32(0.012025902), 'J11': np.float32(-0.61517113), 'J12': np.float32(3.0), 'J13': np.float32(-0.89084184), 'cluster3106249630_3106249631_J60_J61_#5more': np.float32(0.21091582)}, {'J10': 2, 'J11': 22, 'J12': 12, 'J13': 44, 'cluster3106249630_3106249631_J60_J61_#5more': 27}, {'J10': 4, 'J11': 28, 'J12': 57, 'J13': 48, 'cluster3106249630_3106249631_J60_J61_#5more': 35}, 
1410.0, {'J10': np.float32(0.078630894), 'J11': np.float32(-0.62904716), 'J12': np.float32(-0.9093432), 'J13': np.float32(-0.9158187), 'cluster3106249630_3106249631_J60_J61_#5more': np.float32(0.18038853)}, {'J10': 2, 'J11': 22, 'J12': 12, 'J13': 44, 'cluster3106249630_3106249631_J60_J61_#5more': 24}, {'J10': 3, 'J11': 28, 'J12': 56, 'J13': 48, 'cluster3106249630_3106249631_J60_J61_#5more': 31}, 
1415.0, {'J10': np.float32(-0.03052729), 'J11': np.float32(-0.62904716), 'J12': np.float32(-1.012951), 'J13': np.float32(-0.9278446), 'cluster3106249630_3106249631_J60_J61_#5more': np.float32(0.17298797)}, {'J10': 2, 'J11': 22, 'J12': 13, 'J13': 45, 'cluster3106249630_3106249631_J60_J61_#5more': 23}, {'J10': 2, 'J11': 28, 'J12': 61, 'J13': 50, 'cluster3106249630_3106249631_J60_J61_#5more': 29}, 
1420.0, {'J10': np.float32(-0.04625347), 'J11': np.float32(-0.6327475), 'J12': np.float32(-1.2210916), 'J13': np.float32(1.9546716), 'cluster3106249630_3106249631_J60_J61_#5more': np.float32(0.6188714)}, {'J10': 2, 'J11': 22, 'J12': 14, 'J13': 44, 'cluster3106249630_3106249631_J60_J61_#5more': 19}, {'J10': 2, 'J11': 28, 'J12': 66, 'J13': 49, 'cluster3106249630_3106249631_J60_J61_#5more': 25}, 
1425.0, {'J10': np.float32(0.036077704), 'J11': np.float32(0.5346901), 'J12': np.float32(1.679926), 'J13': np.float32(2.2636447), 'cluster3106249630_3106249631_J60_J61_#5more': np.float32(-0.5652174)}, {'J10': 2, 'J11': 23, 'J12': 18, 'J13': 47, 'cluster3106249630_3106249631_J60_J61_#5more': 19}, {'J10': 3, 'J11': 27, 'J12': 69, 'J13': 49, 'cluster3106249630_3106249631_J60_J61_#5more': 27}, 
1430.0, {'J10': np.float32(-0.05920444), 'J11': np.float32(0.6142461), 'J12': np.float32(-1.3570768), 'J13': np.float32(0.4144311), 'cluster3106249630_3106249631_J60_J61_#5more': np.float32(1.6429232)}, {'J10': 3, 'J11': 23, 'J12': 20, 'J13': 50, 'cluster3106249630_3106249631_J60_J61_#5more': 19}, {'J10': 5, 'J11': 27, 'J12': 72, 'J13': 53, 'cluster3106249630_3106249631_J60_J61_#5more': 28}, 
1435.0, {'J10': np.float32(-0.095282145), 'J11': np.float32(-0.573543), 'J12': np.float32(-1.4024051), 'J13': np.float32(0.39870492), 'cluster3106249630_3106249631_J60_J61_#5more': np.float32(-0.51156336)}, {'J10': 4, 'J11': 23, 'J12': 20, 'J13': 49, 'cluster3106249630_3106249631_J60_J61_#5more': 19}, {'J10': 6, 'J11': 27, 'J12': 72, 'J13': 52, 'cluster3106249630_3106249631_J60_J61_#5more': 29}, 
1440.0, {'J10': np.float32(0.06567992), 'J11': np.float32(-0.5504163), 'J12': np.float32(-1.4061054), 'J13': np.float32(-0.98982424), 'cluster3106249630_3106249631_J60_J61_#5more': np.float32(-0.3293247)}, {'J10': 2, 'J11': 23, 'J12': 20, 'J13': 49, 'cluster3106249630_3106249631_J60_J61_#5more': 24}, {'J10': 2, 'J11': 27, 'J12': 72, 'J13': 52, 'cluster3106249630_3106249631_J60_J61_#5more': 36}, 
1445.0, {'J10': np.float32(0.1359852), 'J11': np.float32(-0.111008324), 'J12': np.float32(-1.4273821), 'J13': np.float32(-1.0046253), 'cluster3106249630_3106249631_J60_J61_#5more': np.float32(-0.64292324)}, {'J10': 1, 'J11': 24, 'J12': 20, 'J13': 49, 'cluster3106249630_3106249631_J60_J61_#5more': 32}, {'J10': 1, 'J11': 26, 'J12': 75, 'J13': 55, 'cluster3106249630_3106249631_J60_J61_#5more': 48}, 
1450.0, {'J10': np.float32(0.005550416), 'J11': np.float32(-0.4986124), 'J12': np.float32(-1.4708604), 'J13': np.float32(-1.0453284), 'cluster3106249630_3106249631_J60_J61_#5more': np.float32(-0.8640148)}, {'J10': 0, 'J11': 27, 'J12': 20, 'J13': 49, 'cluster3106249630_3106249631_J60_J61_#5more': 36}, {'J10': 0, 'J11': 29, 'J12': 75, 'J13': 55, 'cluster3106249630_3106249631_J60_J61_#5more': 55}, 
1455.0, {'J10': np.float32(-0.006475486), 'J11': np.float32(-0.5679926), 'J12': np.float32(-1.1517113), 'J13': np.float32(-1.0481036), 'cluster3106249630_3106249631_J60_J61_#5more': np.float32(-0.97132283)}, {'J10': 1, 'J11': 29, 'J12': 20, 'J13': 49, 'cluster3106249630_3106249631_J60_J61_#5more': 40}, {'J10': 1, 'J11': 32, 'J12': 75, 'J13': 56, 'cluster3106249630_3106249631_J60_J61_#5more': 60}, 
1460.0, {'J10': np.float32(-0.018501388), 'J11': np.float32(-0.61239594), 'J12': np.float32(-1.4375578), 'J13': np.float32(-1.0638298), 'cluster3106249630_3106249631_J60_J61_#5more': np.float32(-0.8621647)}, {'J10': 1, 'J11': 29, 'J12': 20, 'J13': 49, 'cluster3106249630_3106249631_J60_J61_#5more': 43}, {'J10': 1, 'J11': 32, 'J12': 76, 'J13': 56, 'cluster3106249630_3106249631_J60_J61_#5more': 63}, 
1465.0, {'J10': np.float32(-0.018501388), 'J11': np.float32(-0.55689174), 'J12': np.float32(-1.4320074), 'J13': np.float32(-1.0693802), 'cluster3106249630_3106249631_J60_J61_#5more': np.float32(0.62904716)}, {'J10': 1, 'J11': 29, 'J12': 20, 'J13': 52, 'cluster3106249630_3106249631_J60_J61_#5more': 39}, {'J10': 1, 'J11': 33, 'J12': 75, 'J13': 59, 'cluster3106249630_3106249631_J60_J61_#5more': 57}, 
1470.0, {'J10': np.float32(-0.018501388), 'J11': np.float32(-0.5504163), 'J12': np.float32(-1.4505088), 'J13': np.float32(2.2765958), 'cluster3106249630_3106249631_J60_J61_#5more': np.float32(-1.106383)}, {'J10': 1, 'J11': 29, 'J12': 20, 'J13': 52, 'cluster3106249630_3106249631_J60_J61_#5more': 40}, {'J10': 1, 'J11': 32, 'J12': 75, 'J13': 58, 'cluster3106249630_3106249631_J60_J61_#5more': 60}, 
1475.0, {'J10': np.float32(-0.018501388), 'J11': np.float32(0.4708603), 'J12': np.float32(-1.4347826), 'J13': np.float32(3.0), 'cluster3106249630_3106249631_J60_J61_#5more': np.float32(0.5346901)}, {'J10': 1, 'J11': 28, 'J12': 20, 'J13': 47, 'cluster3106249630_3106249631_J60_J61_#5more': 36}, {'J10': 1, 'J11': 31, 'J12': 76, 'J13': 52, 'cluster3106249630_3106249631_J60_J61_#5more': 60}, 
1480.0, {'J10': np.float32(-0.024051804), 'J11': np.float32(1.5430157), 'J12': np.float32(3.0), 'J13': np.float32(1.745606), 'cluster3106249630_3106249631_J60_J61_#5more': np.float32(-1.1831638)}, {'J10': 1, 'J11': 28, 'J12': 20, 'J13': 45, 'cluster3106249630_3106249631_J60_J61_#5more': 36}, {'J10': 2, 'J11': 32, 'J12': 73, 'J13': 51, 'cluster3106249630_3106249631_J60_J61_#5more': 67}, 
1485.0, {'J10': np.float32(-0.038852915), 'J11': np.float32(-0.66604996), 'J12': np.float32(-1.0841813), 'J13': np.float32(-0.9639223), 'cluster3106249630_3106249631_J60_J61_#5more': np.float32(-1.3154486)}, {'J10': 1, 'J11': 28, 'J12': 20, 'J13': 45, 'cluster3106249630_3106249631_J60_J61_#5more': 36}, {'J10': 2, 'J11': 33, 'J12': 72, 'J13': 51, 'cluster3106249630_3106249631_J60_J61_#5more': 69}, 
1490.0, {'J10': np.float32(-0.04625347), 'J11': np.float32(-0.6762257), 'J12': np.float32(-1.3487512), 'J13': np.float32(-0.9676226), 'cluster3106249630_3106249631_J60_J61_#5more': np.float32(-1.2247919)}, {'J10': 1, 'J11': 28, 'J12': 20, 'J13': 45, 'cluster3106249630_3106249631_J60_J61_#5more': 36}, {'J10': 2, 'J11': 33, 'J12': 74, 'J13': 51, 'cluster3106249630_3106249631_J60_J61_#5more': 70}, 
1495.0, {'J10': np.float32(0.1813136), 'J11': np.float32(-0.6882516), 'J12': np.float32(-1.265495), 'J13': np.float32(-0.9722479), 'cluster3106249630_3106249631_J60_J61_#5more': np.float32(-1.2451434)}, {'J10': 1, 'J11': 28, 'J12': 20, 'J13': 45, 'cluster3106249630_3106249631_J60_J61_#5more': 36}, {'J10': 2, 'J11': 34, 'J12': 77, 'J13': 51, 'cluster3106249630_3106249631_J60_J61_#5more': 69}, 
1500.0, {'J10': np.float32(0.008325624), 'J11': np.float32(-0.7141536), 'J12': np.float32(2.1961148), 'J13': np.float32(-0.9842738), 'cluster3106249630_3106249631_J60_J61_#5more': np.float32(-1.3524514)}, {'J10': 0, 'J11': 30, 'J12': 18, 'J13': 45, 'cluster3106249630_3106249631_J60_J61_#5more': 36}, {'J10': 0, 'J11': 36, 'J12': 74, 'J13': 52, 'cluster3106249630_3106249631_J60_J61_#5more': 69}, 
1505.0, {'J10': np.float32(-0.008325624), 'J11': np.float32(-0.76873267), 'J12': np.float32(3.0), 'J13': np.float32(-1.0148011), 'cluster3106249630_3106249631_J60_J61_#5more': np.float32(2.7548566)}, {'J10': 1, 'J11': 31, 'J12': 15, 'J13': 45, 'cluster3106249630_3106249631_J60_J61_#5more': 36}, {'J10': 1, 'J11': 37, 'J12': 69, 'J13': 53, 'cluster3106249630_3106249631_J60_J61_#5more': 60}, 
1510.0, {'J10': np.float32(-0.018501388), 'J11': np.float32(-0.7937095), 'J12': np.float32(-1.1036078), 'J13': np.float32(-1.0388529), 'cluster3106249630_3106249631_J60_J61_#5more': np.float32(3.0)}, {'J10': 1, 'J11': 31, 'J12': 15, 'J13': 45, 'cluster3106249630_3106249631_J60_J61_#5more': 36}, {'J10': 1, 'J11': 37, 'J12': 69, 'J13': 53, 'cluster3106249630_3106249631_J60_J61_#5more': 49}, 
1515.0, {'J10': np.float32(-0.024051804), 'J11': np.float32(0.19148937), 'J12': np.float32(-0.3691027), 'J13': np.float32(-1.0693802), 'cluster3106249630_3106249631_J60_J61_#5more': np.float32(1.5152637)}, {'J10': 2, 'J11': 31, 'J12': 14, 'J13': 48, 'cluster3106249630_3106249631_J60_J61_#5more': 34}, {'J10': 2, 'J11': 36, 'J12': 67, 'J13': 57, 'cluster3106249630_3106249631_J60_J61_#5more': 43}, 
1520.0, {'J10': np.float32(0.026827011), 'J11': np.float32(-0.5439408), 'J12': np.float32(1.6179464), 'J13': np.float32(-1.146161), 'cluster3106249630_3106249631_J60_J61_#5more': np.float32(1.2294172)}, {'J10': 1, 'J11': 31, 'J12': 14, 'J13': 53, 'cluster3106249630_3106249631_J60_J61_#5more': 32}, {'J10': 1, 'J11': 35, 'J12': 66, 'J13': 63, 'cluster3106249630_3106249631_J60_J61_#5more': 41}, 
1525.0, {'J10': np.float32(0.019426458), 'J11': np.float32(-0.6706753), 'J12': np.float32(-0.46993524), 'J13': np.float32(-1.239593), 'cluster3106249630_3106249631_J60_J61_#5more': np.float32(-0.7826087)}, {'J10': 1, 'J11': 32, 'J12': 14, 'J13': 54, 'cluster3106249630_3106249631_J60_J61_#5more': 32}, {'J10': 1, 'J11': 35, 'J12': 68, 'J13': 64, 'cluster3106249630_3106249631_J60_J61_#5more': 44}, 
1530.0, {'J10': np.float32(0.004625347), 'J11': np.float32(-0.71507865), 'J12': np.float32(-0.8482886), 'J13': np.float32(-1.2701203), 'cluster3106249630_3106249631_J60_J61_#5more': np.float32(-0.8223867)}, {'J10': 0, 'J11': 32, 'J12': 14, 'J13': 54, 'cluster3106249630_3106249631_J60_J61_#5more': 32}, {'J10': 0, 'J11': 35, 'J12': 67, 'J13': 65, 'cluster3106249630_3106249631_J60_J61_#5more': 48}, 
1535.0, {'J10': np.float32(-0.0), 'J11': np.float32(-0.7345051), 'J12': np.float32(-0.84458834), 'J13': np.float32(-1.2913969), 'cluster3106249630_3106249631_J60_J61_#5more': np.float32(-0.38945422)}, {'J10': 0, 'J11': 32, 'J12': 14, 'J13': 54, 'cluster3106249630_3106249631_J60_J61_#5more': 31}, {'J10': 0, 'J11': 35, 'J12': 66, 'J13': 66, 'cluster3106249630_3106249631_J60_J61_#5more': 48}, 
1540.0, {'J10': np.float32(-0.011100832), 'J11': np.float32(-0.73913044), 'J12': np.float32(0.06475486), 'J13': np.float32(0.31822386), 'cluster3106249630_3106249631_J60_J61_#5more': np.float32(-0.74838114)}, {'J10': 2, 'J11': 32, 'J12': 14, 'J13': 54, 'cluster3106249630_3106249631_J60_J61_#5more': 31}, {'J10': 2, 'J11': 35, 'J12': 71, 'J13': 63, 'cluster3106249630_3106249631_J60_J61_#5more': 48}, 
1545.0, {'J10': np.float32(0.0009250694), 'J11': np.float32(-0.75300646), 'J12': np.float32(0.8547641), 'J13': np.float32(-0.85568917), 'cluster3106249630_3106249631_J60_J61_#5more': np.float32(-0.61517113)}, {'J10': 1, 'J11': 32, 'J12': 14, 'J13': 54, 'cluster3106249630_3106249631_J60_J61_#5more': 33}, {'J10': 1, 'J11': 35, 'J12': 68, 'J13': 62, 'cluster3106249630_3106249631_J60_J61_#5more': 47}, 
1550.0, {'J10': np.float32(0.009250694), 'J11': np.float32(2.3681777), 'J12': np.float32(-0.46716005), 'J13': np.float32(-1.2173913), 'cluster3106249630_3106249631_J60_J61_#5more': np.float32(0.08048104)}, {'J10': 1, 'J11': 30, 'J12': 14, 'J13': 54, 'cluster3106249630_3106249631_J60_J61_#5more': 34}, {'J10': 1, 'J11': 32, 'J12': 69, 'J13': 62, 'cluster3106249630_3106249631_J60_J61_#5more': 46}, 
1555.0, {'J10': np.float32(-0.018501388), 'J11': np.float32(1.0203515), 'J12': np.float32(-1.2442183), 'J13': np.float32(-1.2210916), 'cluster3106249630_3106249631_J60_J61_#5more': np.float32(-0.8880666)}, {'J10': 1, 'J11': 30, 'J12': 14, 'J13': 54, 'cluster3106249630_3106249631_J60_J61_#5more': 38}, {'J10': 1, 'J11': 31, 'J12': 68, 'J13': 62, 'cluster3106249630_3106249631_J60_J61_#5more': 54}, 
1560.0, {'J10': np.float32(-0.022201665), 'J11': np.float32(-0.6614246), 'J12': np.float32(-0.27937096), 'J13': np.float32(-1.2275671), 'cluster3106249630_3106249631_J60_J61_#5more': np.float32(-0.89084184)}, {'J10': 2, 'J11': 30, 'J12': 17, 'J13': 54, 'cluster3106249630_3106249631_J60_J61_#5more': 46}, {'J10': 2, 'J11': 32, 'J12': 75, 'J13': 63, 'cluster3106249630_3106249631_J60_J61_#5more': 65}, 
1565.0, {'J10': np.float32(-0.037927844), 'J11': np.float32(-0.6882516), 'J12': np.float32(-1.2432933), 'J13': np.float32(-1.239593), 'cluster3106249630_3106249631_J60_J61_#5more': np.float32(-1.19889)}, {'J10': 3, 'J11': 30, 'J12': 18, 'J13': 54, 'cluster3106249630_3106249631_J60_J61_#5more': 50}, {'J10': 3, 'J11': 32, 'J12': 75, 'J13': 63, 'cluster3106249630_3106249631_J60_J61_#5more': 70}, 
1570.0, {'J10': np.float32(0.06012951), 'J11': np.float32(-0.71137834), 'J12': np.float32(-0.12118409), 'J13': np.float32(-1.2516189), 'cluster3106249630_3106249631_J60_J61_#5more': np.float32(-1.1452359)}, {'J10': 1, 'J11': 32, 'J12': 18, 'J13': 54, 'cluster3106249630_3106249631_J60_J61_#5more': 51}, {'J10': 1, 'J11': 34, 'J12': 74, 'J13': 65, 'cluster3106249630_3106249631_J60_J61_#5more': 73}, 
1575.0, {'J10': np.float32(0.019426458), 'J11': np.float32(-0.493062), 'J12': np.float32(3.0), 'J13': np.float32(-1.2775208), 'cluster3106249630_3106249631_J60_J61_#5more': np.float32(-1.3108233)}, {'J10': 0, 'J11': 32, 'J12': 17, 'J13': 54, 'cluster3106249630_3106249631_J60_J61_#5more': 54}, {'J10': 0, 'J11': 35, 'J12': 70, 'J13': 66, 'cluster3106249630_3106249631_J60_J61_#5more': 78}, 
1580.0, {'J10': np.float32(-0.0009250694), 'J11': np.float32(-0.7049029), 'J12': np.float32(3.0), 'J13': np.float32(-1.2969472), 'cluster3106249630_3106249631_J60_J61_#5more': np.float32(-1.386679)}, {'J10': 1, 'J11': 32, 'J12': 14, 'J13': 54, 'cluster3106249630_3106249631_J60_J61_#5more': 56}, {'J10': 1, 'J11': 36, 'J12': 62, 'J13': 66, 'cluster3106249630_3106249631_J60_J61_#5more': 84}, 
1585.0, {'J10': np.float32(-0.018501388), 'J11': np.float32(2.0980573), 'J12': np.float32(-0.82793707), 'J13': np.float32(-1.3126734), 'cluster3106249630_3106249631_J60_J61_#5more': np.float32(0.1026827)}, {'J10': 1, 'J11': 30, 'J12': 14, 'J13': 54, 'cluster3106249630_3106249631_J60_J61_#5more': 56}, {'J10': 1, 'J11': 32, 'J12': 60, 'J13': 67, 'cluster3106249630_3106249631_J60_J61_#5more': 82}, 
1590.0, {'J10': np.float32(-0.018501388), 'J11': np.float32(3.0), 'J12': np.float32(-0.5430157), 'J13': np.float32(3.0), 'cluster3106249630_3106249631_J60_J61_#5more': np.float32(3.0)}, {'J10': 1, 'J11': 27, 'J12': 14, 'J13': 51, 'cluster3106249630_3106249631_J60_J61_#5more': 50}, {'J10': 1, 'J11': 29, 'J12': 60, 'J13': 63, 'cluster3106249630_3106249631_J60_J61_#5more': 65}, 
1595.0, {'J10': np.float32(-0.018501388), 'J11': np.float32(-0.666975), 'J12': np.float32(1.5208141), 'J13': np.float32(3.0), 'cluster3106249630_3106249631_J60_J61_#5more': np.float32(3.0)}, {'J10': 1, 'J11': 27, 'J12': 14, 'J13': 47, 'cluster3106249630_3106249631_J60_J61_#5more': 45}, {'J10': 1, 'J11': 29, 'J12': 61, 'J13': 57, 'cluster3106249630_3106249631_J60_J61_#5more': 54}, 
1600.0, {'J10': np.float32(-0.020351527), 'J11': np.float32(-0.53931546), 'J12': np.float32(-0.8214616), 'J13': np.float32(1.2784458), 'cluster3106249630_3106249631_J60_J61_#5more': np.float32(0.4320074)}, {'J10': 2, 'J11': 27, 'J12': 14, 'J13': 45, 'cluster3106249630_3106249631_J60_J61_#5more': 43}, {'J10': 2, 'J11': 29, 'J12': 66, 'J13': 55, 'cluster3106249630_3106249631_J60_J61_#5more': 51}, 
1605.0, {'J10': np.float32(-0.037002776), 'J11': np.float32(1.8732655), 'J12': np.float32(-0.90471786), 'J13': np.float32(0.11748381), 'cluster3106249630_3106249631_J60_J61_#5more': np.float32(0.3626272)}, {'J10': 2, 'J11': 25, 'J12': 14, 'J13': 44, 'cluster3106249630_3106249631_J60_J61_#5more': 43}, {'J10': 2, 'J11': 27, 'J12': 64, 'J13': 54, 'cluster3106249630_3106249631_J60_J61_#5more': 48}, 
1610.0, {'J10': np.float32(-0.037002776), 'J11': np.float32(1.7400556), 'J12': np.float32(-0.6604995), 'J13': np.float32(-1.0323775), 'cluster3106249630_3106249631_J60_J61_#5more': np.float32(-0.56984276)}, {'J10': 2, 'J11': 23, 'J12': 14, 'J13': 44, 'cluster3106249630_3106249631_J60_J61_#5more': 42}, {'J10': 2, 'J11': 26, 'J12': 60, 'J13': 54, 'cluster3106249630_3106249631_J60_J61_#5more': 48}, 
1615.0, {'J10': np.float32(0.091581866), 'J11': np.float32(0.38852915), 'J12': np.float32(-1.0971323), 'J13': np.float32(0.96854764), 'cluster3106249630_3106249631_J60_J61_#5more': np.float32(-0.96207213)}, {'J10': 1, 'J11': 23, 'J12': 14, 'J13': 44, 'cluster3106249630_3106249631_J60_J61_#5more': 42}, {'J10': 2, 'J11': 26, 'J12': 63, 'J13': 50, 'cluster3106249630_3106249631_J60_J61_#5more': 52}, 
1620.0, {'J10': np.float32(0.025901943), 'J11': np.float32(-0.53654027), 'J12': np.float32(-1.1951896), 'J13': np.float32(-0.95282143), 'cluster3106249630_3106249631_J60_J61_#5more': np.float32(-0.9703978)}, {'J10': 3, 'J11': 23, 'J12': 14, 'J13': 44, 'cluster3106249630_3106249631_J60_J61_#5more': 42}, {'J10': 4, 'J11': 26, 'J12': 67, 'J13': 50, 'cluster3106249630_3106249631_J60_J61_#5more': 55}, 
1625.0, {'J10': np.float32(-0.09343201), 'J11': np.float32(-0.53654027), 'J12': np.float32(-1.1415356), 'J13': np.float32(-0.5457909), 'cluster3106249630_3106249631_J60_J61_#5more': np.float32(1.3256245)}, {'J10': 7, 'J11': 23, 'J12': 15, 'J13': 44, 'cluster3106249630_3106249631_J60_J61_#5more': 38}, {'J10': 8, 'J11': 26, 'J12': 72, 'J13': 50, 'cluster3106249630_3106249631_J60_J61_#5more': 47}, 
1630.0, {'J10': np.float32(0.021276595), 'J11': np.float32(-0.59574467), 'J12': np.float32(-1.1239593), 'J13': np.float32(0.22479185), 'cluster3106249630_3106249631_J60_J61_#5more': np.float32(-0.95189637)}, {'J10': 4, 'J11': 29, 'J12': 14, 'J13': 44, 'cluster3106249630_3106249631_J60_J61_#5more': 38}, {'J10': 4, 'J11': 33, 'J12': 71, 'J13': 47, 'cluster3106249630_3106249631_J60_J61_#5more': 47}, 
1635.0, {'J10': np.float32(0.09805735), 'J11': np.float32(-0.7215541), 'J12': np.float32(0.12765957), 'J13': np.float32(3.0), 'cluster3106249630_3106249631_J60_J61_#5more': np.float32(-0.4680851)}, {'J10': 1, 'J11': 32, 'J12': 14, 'J13': 44, 'cluster3106249630_3106249631_J60_J61_#5more': 38}, {'J10': 1, 'J11': 36, 'J12': 70, 'J13': 47, 'cluster3106249630_3106249631_J60_J61_#5more': 48}, 
1640.0, {'J10': np.float32(-0.018501388), 'J11': np.float32(-0.77150786), 'J12': np.float32(0.09343201), 'J13': np.float32(-0.6281221), 'cluster3106249630_3106249631_J60_J61_#5more': np.float32(-0.86771506)}, {'J10': 1, 'J11': 32, 'J12': 14, 'J13': 47, 'cluster3106249630_3106249631_J60_J61_#5more': 41}, {'J10': 1, 'J11': 37, 'J12': 69, 'J13': 48, 'cluster3106249630_3106249631_J60_J61_#5more': 53}, 
1645.0, {'J10': np.float32(-0.018501388), 'J11': np.float32(-0.79278445), 'J12': np.float32(-1.1507863), 'J13': np.float32(-0.9148936), 'cluster3106249630_3106249631_J60_J61_#5more': np.float32(-0.6281221)}, {'J10': 1, 'J11': 32, 'J12': 19, 'J13': 48, 'cluster3106249630_3106249631_J60_J61_#5more': 41}, {'J10': 1, 'J11': 39, 'J12': 74, 'J13': 49, 'cluster3106249630_3106249631_J60_J61_#5more': 51}, 
1650.0, {'J10': np.float32(0.039777983), 'J11': np.float32(-0.71322846), 'J12': np.float32(-1.0841813), 'J13': np.float32(-0.9648474), 'cluster3106249630_3106249631_J60_J61_#5more': np.float32(1.1378354)}, {'J10': 0, 'J11': 32, 'J12': 17, 'J13': 52, 'cluster3106249630_3106249631_J60_J61_#5more': 38}, {'J10': 0, 'J11': 39, 'J12': 72, 'J13': 54, 'cluster3106249630_3106249631_J60_J61_#5more': 43}, 
1655.0, {'J10': np.float32(-0.011100832), 'J11': np.float32(-0.81406105), 'J12': np.float32(-1.1480111), 'J13': np.float32(-1.0305272), 'cluster3106249630_3106249631_J60_J61_#5more': np.float32(0.4357077)}, {'J10': 0, 'J11': 32, 'J12': 16, 'J13': 52, 'cluster3106249630_3106249631_J60_J61_#5more': 37}, {'J10': 0, 'J11': 39, 'J12': 72, 'J13': 55, 'cluster3106249630_3106249631_J60_J61_#5more': 40}, 
1660.0, {'J10': np.float32(-0.022201665), 'J11': np.float32(-0.82331175), 'J12': np.float32(-1.3506013), 'J13': np.float32(-1.0453284), 'cluster3106249630_3106249631_J60_J61_#5more': np.float32(-0.81683624)}, {'J10': 1, 'J11': 32, 'J12': 16, 'J13': 52, 'cluster3106249630_3106249631_J60_J61_#5more': 42}, {'J10': 1, 'J11': 39, 'J12': 72, 'J13': 55, 'cluster3106249630_3106249631_J60_J61_#5more': 48}, 
1665.0, {'J10': np.float32(-0.037002776), 'J11': np.float32(-0.8408881), 'J12': np.float32(1.2442183), 'J13': np.float32(-1.0453284), 'cluster3106249630_3106249631_J60_J61_#5more': np.float32(-0.9084181)}, {'J10': 1, 'J11': 32, 'J12': 16, 'J13': 52, 'cluster3106249630_3106249631_J60_J61_#5more': 47}, {'J10': 1, 'J11': 40, 'J12': 70, 'J13': 55, 'cluster3106249630_3106249631_J60_J61_#5more': 52}, 
1670.0, {'J10': np.float32(-0.037002776), 'J11': np.float32(-0.8880666), 'J12': np.float32(-0.7918594), 'J13': np.float32(-0.8760407), 'cluster3106249630_3106249631_J60_J61_#5more': np.float32(-0.7446808)}, {'J10': 1, 'J11': 32, 'J12': 17, 'J13': 52, 'cluster3106249630_3106249631_J60_J61_#5more': 49}, {'J10': 1, 'J11': 40, 'J12': 71, 'J13': 55, 'cluster3106249630_3106249631_J60_J61_#5more': 54}, 
1675.0, {'J10': np.float32(0.10915819), 'J11': np.float32(-0.90101755), 'J12': np.float32(-0.38020352), 'J13': np.float32(-0.920444), 'cluster3106249630_3106249631_J60_J61_#5more': np.float32(-1.0721554)}, {'J10': 1, 'J11': 32, 'J12': 14, 'J13': 53, 'cluster3106249630_3106249631_J60_J61_#5more': 49}, {'J10': 1, 'J11': 40, 'J12': 66, 'J13': 55, 'cluster3106249630_3106249631_J60_J61_#5more': 59}, 
1680.0, {'J10': np.float32(-0.026827011), 'J11': np.float32(-0.9111933), 'J12': np.float32(-0.906568), 'J13': np.float32(3.0), 'cluster3106249630_3106249631_J60_J61_#5more': np.float32(-1.1544865)}, {'J10': 2, 'J11': 32, 'J12': 14, 'J13': 51, 'cluster3106249630_3106249631_J60_J61_#5more': 49}, {'J10': 2, 'J11': 41, 'J12': 64, 'J13': 52, 'cluster3106249630_3106249631_J60_J61_#5more': 64}, 
1685.0, {'J10': np.float32(0.02960222), 'J11': np.float32(-0.9250694), 'J12': np.float32(-1.239593), 'J13': np.float32(0.30064756), 'cluster3106249630_3106249631_J60_J61_#5more': np.float32(-1.2423682)}, {'J10': 0, 'J11': 32, 'J12': 14, 'J13': 50, 'cluster3106249630_3106249631_J60_J61_#5more': 49}, {'J10': 0, 'J11': 41, 'J12': 66, 'J13': 51, 'cluster3106249630_3106249631_J60_J61_#5more': 65}, 
1690.0, {'J10': np.float32(-0.004625347), 'J11': np.float32(-0.9370953), 'J12': np.float32(-1.107308), 'J13': np.float32(-0.95282143), 'cluster3106249630_3106249631_J60_J61_#5more': np.float32(-0.63829786)}, {'J10': 1, 'J11': 32, 'J12': 14, 'J13': 50, 'cluster3106249630_3106249631_J60_J61_#5more': 54}, {'J10': 1, 'J11': 42, 'J12': 69, 'J13': 51, 'cluster3106249630_3106249631_J60_J61_#5more': 70}, 
1695.0, {'J10': np.float32(0.004625347), 'J11': np.float32(-0.9343201), 'J12': np.float32(-0.7169288), 'J13': np.float32(-0.9574468), 'cluster3106249630_3106249631_J60_J61_#5more': np.float32(-1.2275671)}, {'J10': 0, 'J11': 32, 'J12': 14, 'J13': 51, 'cluster3106249630_3106249631_J60_J61_#5more': 60}, {'J10': 0, 'J11': 42, 'J12': 71, 'J13': 52, 'cluster3106249630_3106249631_J60_J61_#5more': 76}, 
1700.0, {'J10': np.float32(-0.0), 'J11': np.float32(-0.94727105), 'J12': np.float32(0.004625347), 'J13': np.float32(-0.9768733), 'cluster3106249630_3106249631_J60_J61_#5more': np.float32(0.51803887)}, {'J10': 0, 'J11': 32, 'J12': 14, 'J13': 52, 'cluster3106249630_3106249631_J60_J61_#5more': 59}, {'J10': 0, 'J11': 42, 'J12': 70, 'J13': 53, 'cluster3106249630_3106249631_J60_J61_#5more': 72}, 
1705.0, {'J10': np.float32(-0.0), 'J11': np.float32(-0.95929694), 'J12': np.float32(-1.2738205), 'J13': np.float32(-0.99629974), 'cluster3106249630_3106249631_J60_J61_#5more': np.float32(1.9509714)}, {'J10': 0, 'J11': 32, 'J12': 14, 'J13': 52, 'cluster3106249630_3106249631_J60_J61_#5more': 57}, {'J10': 0, 'J11': 42, 'J12': 69, 'J13': 53, 'cluster3106249630_3106249631_J60_J61_#5more': 65}, 
1710.0, {'J10': np.float32(-0.009250694), 'J11': np.float32(-0.97502315), 'J12': np.float32(-0.8159112), 'J13': np.float32(-0.99907494), 'cluster3106249630_3106249631_J60_J61_#5more': np.float32(1.4051803)}, {'J10': 0, 'J11': 32, 'J12': 14, 'J13': 52, 'cluster3106249630_3106249631_J60_J61_#5more': 53}, {'J10': 0, 'J11': 42, 'J12': 69, 'J13': 53, 'cluster3106249630_3106249631_J60_J61_#5more': 59}, 
1715.0, {'J10': np.float32(-0.015726179), 'J11': np.float32(-0.9888992), 'J12': np.float32(-0.083256245), 'J13': np.float32(1.333025), 'cluster3106249630_3106249631_J60_J61_#5more': np.float32(2.5402405)}, {'J10': 1, 'J11': 32, 'J12': 14, 'J13': 51, 'cluster3106249630_3106249631_J60_J61_#5more': 49}, {'J10': 2, 'J11': 42, 'J12': 68, 'J13': 52, 'cluster3106249630_3106249631_J60_J61_#5more': 55}, 
1720.0, {'J10': np.float32(-0.054579094), 'J11': np.float32(-0.99907494), 'J12': np.float32(0.18501388), 'J13': np.float32(0.9740981), 'cluster3106249630_3106249631_J60_J61_#5more': np.float32(0.34505087)}, {'J10': 1, 'J11': 32, 'J12': 14, 'J13': 51, 'cluster3106249630_3106249631_J60_J61_#5more': 53}, {'J10': 2, 'J11': 42, 'J12': 68, 'J13': 53, 'cluster3106249630_3106249631_J60_J61_#5more': 57}, 
1725.0, {'J10': np.float32(-0.055504162), 'J11': np.float32(-1.0037003), 'J12': np.float32(1.0453284), 'J13': np.float32(-0.9981499), 'cluster3106249630_3106249631_J60_J61_#5more': np.float32(0.827012)}, {'J10': 1, 'J11': 32, 'J12': 20, 'J13': 51, 'cluster3106249630_3106249631_J60_J61_#5more': 53}, {'J10': 2, 'J11': 43, 'J12': 74, 'J13': 53, 'cluster3106249630_3106249631_J60_J61_#5more': 57}, 
1730.0, {'J10': np.float32(-0.055504162), 'J11': np.float32(-1.040703), 'J12': np.float32(-0.7095282), 'J13': np.float32(-1.0037003), 'cluster3106249630_3106249631_J60_J61_#5more': np.float32(-1.0888066)}, {'J10': 1, 'J11': 32, 'J12': 20, 'J13': 51, 'cluster3106249630_3106249631_J60_J61_#5more': 53}, {'J10': 2, 'J11': 44, 'J12': 72, 'J13': 53, 'cluster3106249630_3106249631_J60_J61_#5more': 59}, 
1735.0, {'J10': np.float32(-0.055504162), 'J11': np.float32(-1.0638298), 'J12': np.float32(-0.38020352), 'J13': np.float32(-1.0083256), 'cluster3106249630_3106249631_J60_J61_#5more': np.float32(0.11840888)}, {'J10': 1, 'J11': 32, 'J12': 16, 'J13': 51, 'cluster3106249630_3106249631_J60_J61_#5more': 51}, {'J10': 2, 'J11': 44, 'J12': 71, 'J13': 53, 'cluster3106249630_3106249631_J60_J61_#5more': 58}, 
1740.0, {'J10': np.float32(-0.055504162), 'J11': np.float32(-1.0638298), 'J12': np.float32(0.23681776), 'J13': np.float32(-1.0083256), 'cluster3106249630_3106249631_J60_J61_#5more': np.float32(0.42183164)}, {'J10': 1, 'J11': 32, 'J12': 15, 'J13': 51, 'cluster3106249630_3106249631_J60_J61_#5more': 49}, {'J10': 2, 'J11': 44, 'J12': 70, 'J13': 53, 'cluster3106249630_3106249631_J60_J61_#5more': 55}, 
1745.0, {'J10': np.float32(-0.0573543), 'J11': np.float32(-1.0638298), 'J12': np.float32(0.75115633), 'J13': np.float32(2.3302498), 'cluster3106249630_3106249631_J60_J61_#5more': np.float32(-1.0157262)}, {'J10': 1, 'J11': 32, 'J12': 15, 'J13': 49, 'cluster3106249630_3106249631_J60_J61_#5more': 49}, {'J10': 2, 'J11': 44, 'J12': 68, 'J13': 50, 'cluster3106249630_3106249631_J60_J61_#5more': 58}, 
1750.0, {'J10': np.float32(0.3561517), 'J11': np.float32(3.0), 'J12': np.float32(-0.559667), 'J13': np.float32(2.2997224), 'cluster3106249630_3106249631_J60_J61_#5more': np.float32(-0.3320999)}, {'J10': 1, 'J11': 32, 'J12': 17, 'J13': 47, 'cluster3106249630_3106249631_J60_J61_#5more': 48}, {'J10': 1, 'J11': 42, 'J12': 69, 'J13': 47, 'cluster3106249630_3106249631_J60_J61_#5more': 58}, 
1755.0, {'J10': np.float32(-0.021276595), 'J11': np.float32(-0.81406105), 'J12': np.float32(-0.14061055), 'J13': np.float32(-0.88159114), 'cluster3106249630_3106249631_J60_J61_#5more': np.float32(-0.85846436)}, {'J10': 3, 'J11': 32, 'J12': 20, 'J13': 48, 'cluster3106249630_3106249631_J60_J61_#5more': 48}, {'J10': 3, 'J11': 42, 'J12': 71, 'J13': 49, 'cluster3106249630_3106249631_J60_J61_#5more': 54}, 
1760.0, {'J10': np.float32(-0.061979648), 'J11': np.float32(-0.91396856), 'J12': np.float32(-1.3135985), 'J13': np.float32(3.0), 'cluster3106249630_3106249631_J60_J61_#5more': np.float32(1.6827012)}, {'J10': 3, 'J11': 32, 'J12': 20, 'J13': 44, 'cluster3106249630_3106249631_J60_J61_#5more': 44}, {'J10': 4, 'J11': 42, 'J12': 71, 'J13': 45, 'cluster3106249630_3106249631_J60_J61_#5more': 48}, 
1765.0, {'J10': np.float32(0.08603145), 'J11': np.float32(0.64292324), 'J12': np.float32(-0.020351527), 'J13': np.float32(0.9389454), 'cluster3106249630_3106249631_J60_J61_#5more': np.float32(0.75948197)}, {'J10': 0, 'J11': 32, 'J12': 20, 'J13': 43, 'cluster3106249630_3106249631_J60_J61_#5more': 41}, {'J10': 0, 'J11': 39, 'J12': 72, 'J13': 44, 'cluster3106249630_3106249631_J60_J61_#5more': 42}, 
1770.0, {'J10': np.float32(-0.0009250694), 'J11': np.float32(-0.2812211), 'J12': np.float32(-0.40333024), 'J13': np.float32(-0.82331175), 'cluster3106249630_3106249631_J60_J61_#5more': np.float32(0.31452358)}, {'J10': 1, 'J11': 32, 'J12': 20, 'J13': 43, 'cluster3106249630_3106249631_J60_J61_#5more': 39}, {'J10': 1, 'J11': 38, 'J12': 70, 'J13': 44, 'cluster3106249630_3106249631_J60_J61_#5more': 40}, 
1775.0, {'J10': np.float32(-0.018501388), 'J11': np.float32(-0.7798335), 'J12': np.float32(-1.3172988), 'J13': np.float32(2.306198), 'cluster3106249630_3106249631_J60_J61_#5more': np.float32(0.28954673)}, {'J10': 1, 'J11': 32, 'J12': 20, 'J13': 41, 'cluster3106249630_3106249631_J60_J61_#5more': 37}, {'J10': 1, 'J11': 41, 'J12': 71, 'J13': 42, 'cluster3106249630_3106249631_J60_J61_#5more': 38}, 
1780.0, {'J10': np.float32(0.0138760405), 'J11': np.float32(-0.85383904), 'J12': np.float32(-1.346901), 'J13': np.float32(2.0878816), 'cluster3106249630_3106249631_J60_J61_#5more': np.float32(2.1692877)}, {'J10': 1, 'J11': 32, 'J12': 20, 'J13': 39, 'cluster3106249630_3106249631_J60_J61_#5more': 31}, {'J10': 1, 'J11': 42, 'J12': 71, 'J13': 40, 'cluster3106249630_3106249631_J60_J61_#5more': 32}, 
1785.0, {'J10': np.float32(0.0018501388), 'J11': np.float32(-0.87696576), 'J12': np.float32(-1.3635522), 'J13': np.float32(3.0), 'cluster3106249630_3106249631_J60_J61_#5more': np.float32(1.6632748)}, {'J10': 1, 'J11': 32, 'J12': 20, 'J13': 35, 'cluster3106249630_3106249631_J60_J61_#5more': 26}, {'J10': 1, 'J11': 42, 'J12': 75, 'J13': 37, 'cluster3106249630_3106249631_J60_J61_#5more': 27}, 
1790.0, {'J10': np.float32(-0.018501388), 'J11': np.float32(-0.06382979), 'J12': np.float32(-1.4310824), 'J13': np.float32(0.51618874), 'cluster3106249630_3106249631_J60_J61_#5more': np.float32(-0.08695652)}, {'J10': 1, 'J11': 32, 'J12': 20, 'J13': 34, 'cluster3106249630_3106249631_J60_J61_#5more': 25}, {'J10': 1, 'J11': 39, 'J12': 76, 'J13': 36, 'cluster3106249630_3106249631_J60_J61_#5more': 26}, 
1795.0, {'J10': np.float32(-0.018501388), 'J11': np.float32(-0.800185), 'J12': np.float32(-1.4458834), 'J13': np.float32(-0.68455136), 'cluster3106249630_3106249631_J60_J61_#5more': np.float32(0.3209991)}, {'J10': 1, 'J11': 32, 'J12': 20, 'J13': 34, 'cluster3106249630_3106249631_J60_J61_#5more': 23}, {'J10': 1, 'J11': 40, 'J12': 76, 'J13': 37, 'cluster3106249630_3106249631_J60_J61_#5more': 24}, 
1800.0, {'J10': np.float32(-0.018501388), 'J11': np.float32(-0.8307123), 'J12': np.float32(-1.4477335), 'J13': np.float32(-0.69380206), 'cluster3106249630_3106249631_J60_J61_#5more': np.float32(0.2812211)}, {'J10': 1, 'J11': 32, 'J12': 20, 'J13': 34, 'cluster3106249630_3106249631_J60_J61_#5more': 21}, {'J10': 1, 'J11': 40, 'J12': 76, 'J13': 37, 'cluster3106249630_3106249631_J60_J61_#5more': 25}, 
1805.0, {'J10': np.float32(-0.018501388), 'J11': np.float32(-0.8427382), 'J12': np.float32(3.0), 'J13': np.float32(-0.6956522), 'cluster3106249630_3106249631_J60_J61_#5more': np.float32(0.16743755)}, {'J10': 1, 'J11': 32, 'J12': 20, 'J13': 34, 'cluster3106249630_3106249631_J60_J61_#5more': 21}, {'J10': 1, 'J11': 40, 'J12': 67, 'J13': 38, 'cluster3106249630_3106249631_J60_J61_#5more': 27}, 
1810.0, {'J10': np.float32(-0.024051804), 'J11': np.float32(-0.7964847), 'J12': np.float32(-1.2405181), 'J13': np.float32(-0.7123034), 'cluster3106249630_3106249631_J60_J61_#5more': np.float32(-0.50693804)}, {'J10': 1, 'J11': 32, 'J12': 20, 'J13': 34, 'cluster3106249630_3106249631_J60_J61_#5more': 21}, {'J10': 2, 'J11': 39, 'J12': 67, 'J13': 38, 'cluster3106249630_3106249631_J60_J61_#5more': 30}, 
1815.0, {'J10': np.float32(-0.037002776), 'J11': np.float32(3.0), 'J12': np.float32(-1.2876966), 'J13': np.float32(-0.73913044), 'cluster3106249630_3106249631_J60_J61_#5more': np.float32(-0.59574467)}, {'J10': 1, 'J11': 30, 'J12': 20, 'J13': 38, 'cluster3106249630_3106249631_J60_J61_#5more': 24}, {'J10': 2, 'J11': 36, 'J12': 71, 'J13': 42, 'cluster3106249630_3106249631_J60_J61_#5more': 39}, 
1820.0, {'J10': np.float32(-0.037002776), 'J11': np.float32(2.8519888), 'J12': np.float32(-1.3968548), 'J13': np.float32(-0.599445), 'cluster3106249630_3106249631_J60_J61_#5more': np.float32(-0.7983349)}, {'J10': 1, 'J11': 28, 'J12': 20, 'J13': 46, 'cluster3106249630_3106249631_J60_J61_#5more': 32}, {'J10': 2, 'J11': 35, 'J12': 74, 'J13': 49, 'cluster3106249630_3106249631_J60_J61_#5more': 50}, 
1825.0, {'J10': np.float32(0.17113784), 'J11': np.float32(-0.17668825), 'J12': np.float32(-1.4338576), 'J13': np.float32(-0.946346), 'cluster3106249630_3106249631_J60_J61_#5more': np.float32(-0.85568917)}, {'J10': 1, 'J11': 28, 'J12': 20, 'J13': 49, 'cluster3106249630_3106249631_J60_J61_#5more': 39}, {'J10': 1, 'J11': 32, 'J12': 74, 'J13': 53, 'cluster3106249630_3106249631_J60_J61_#5more': 56}, 
1830.0, {'J10': np.float32(0.004625347), 'J11': np.float32(2.6392229), 'J12': np.float32(-1.3015726), 'J13': np.float32(2.2414432), 'cluster3106249630_3106249631_J60_J61_#5more': np.float32(-0.9019427)}, {'J10': 0, 'J11': 26, 'J12': 20, 'J13': 51, 'cluster3106249630_3106249631_J60_J61_#5more': 43}, {'J10': 0, 'J11': 32, 'J12': 74, 'J13': 53, 'cluster3106249630_3106249631_J60_J61_#5more': 60}, 
1835.0, {'J10': np.float32(-0.0), 'J11': np.float32(3.0), 'J12': np.float32(-1.4061054), 'J13': np.float32(3.0), 'cluster3106249630_3106249631_J60_J61_#5more': np.float32(1.7428308)}, {'J10': 0, 'J11': 22, 'J12': 20, 'J13': 46, 'cluster3106249630_3106249631_J60_J61_#5more': 39}, {'J10': 0, 'J11': 31, 'J12': 74, 'J13': 47, 'cluster3106249630_3106249631_J60_J61_#5more': 49}, 
1840.0, {'J10': np.float32(-0.0), 'J11': np.float32(3.0), 'J12': np.float32(-1.4061054), 'J13': np.float32(3.0), 'cluster3106249630_3106249631_J60_J61_#5more': np.float32(1.53284)}, {'J10': 0, 'J11': 18, 'J12': 20, 'J13': 42, 'cluster3106249630_3106249631_J60_J61_#5more': 37}, {'J10': 0, 'J11': 24, 'J12': 74, 'J13': 42, 'cluster3106249630_3106249631_J60_J61_#5more': 43}, 
1845.0, {'J10': np.float32(-0.0), 'J11': np.float32(-0.47363552), 'J12': np.float32(-1.4236817), 'J13': np.float32(1.6549491), 'cluster3106249630_3106249631_J60_J61_#5more': np.float32(0.0018501388)}, {'J10': 0, 'J11': 18, 'J12': 20, 'J13': 40, 'cluster3106249630_3106249631_J60_J61_#5more': 40}, {'J10': 0, 'J11': 22, 'J12': 74, 'J13': 41, 'cluster3106249630_3106249631_J60_J61_#5more': 44}, 
1850.0, {'J10': np.float32(-0.0), 'J11': np.float32(-0.5411656), 'J12': np.float32(-1.4255319), 'J13': np.float32(-0.7585569), 'cluster3106249630_3106249631_J60_J61_#5more': np.float32(-0.44218317)}, {'J10': 0, 'J11': 18, 'J12': 20, 'J13': 40, 'cluster3106249630_3106249631_J60_J61_#5more': 41}, {'J10': 0, 'J11': 22, 'J12': 74, 'J13': 41, 'cluster3106249630_3106249631_J60_J61_#5more': 46}, 
1855.0, {'J10': np.float32(-0.011100832), 'J11': np.float32(-0.5457909), 'J12': np.float32(3.0), 'J13': np.float32(1.719704), 'cluster3106249630_3106249631_J60_J61_#5more': np.float32(-0.82331175)}, {'J10': 1, 'J11': 18, 'J12': 20, 'J13': 38, 'cluster3106249630_3106249631_J60_J61_#5more': 41}, {'J10': 1, 'J11': 22, 'J12': 70, 'J13': 39, 'cluster3106249630_3106249631_J60_J61_#5more': 49}, 
1860.0, {'J10': np.float32(-0.035152636), 'J11': np.float32(1.2099907), 'J12': np.float32(3.0), 'J13': np.float32(-0.71785384), 'cluster3106249630_3106249631_J60_J61_#5more': np.float32(-0.93154484)}, {'J10': 2, 'J11': 24, 'J12': 20, 'J13': 38, 'cluster3106249630_3106249631_J60_J61_#5more': 41}, {'J10': 2, 'J11': 28, 'J12': 69, 'J13': 39, 'cluster3106249630_3106249631_J60_J61_#5more': 53}, 
1865.0, {'J10': np.float32(-0.055504162), 'J11': np.float32(-0.5883441), 'J12': np.float32(-1.320999), 'J13': np.float32(2.2331176), 'cluster3106249630_3106249631_J60_J61_#5more': np.float32(0.33765033)}, {'J10': 2, 'J11': 32, 'J12': 20, 'J13': 35, 'cluster3106249630_3106249631_J60_J61_#5more': 39}, {'J10': 2, 'J11': 36, 'J12': 74, 'J13': 36, 'cluster3106249630_3106249631_J60_J61_#5more': 52}, 
1870.0, {'J10': np.float32(-0.0037002775), 'J11': np.float32(-0.6975023), 'J12': np.float32(-1.3792784), 'J13': np.float32(1.0203515), 'cluster3106249630_3106249631_J60_J61_#5more': np.float32(0.97132283)}, {'J10': 2, 'J11': 32, 'J12': 20, 'J13': 33, 'cluster3106249630_3106249631_J60_J61_#5more': 36}, {'J10': 3, 'J11': 36, 'J12': 77, 'J13': 34, 'cluster3106249630_3106249631_J60_J61_#5more': 47}, 
1875.0, {'J10': np.float32(0.017576318), 'J11': np.float32(-0.7030527), 'J12': np.float32(-1.3071231), 'J13': np.float32(1.0888066), 'cluster3106249630_3106249631_J60_J61_#5more': np.float32(0.5411656)}, {'J10': 2, 'J11': 32, 'J12': 20, 'J13': 31, 'cluster3106249630_3106249631_J60_J61_#5more': 38}, {'J10': 3, 'J11': 36, 'J12': 75, 'J13': 32, 'cluster3106249630_3106249631_J60_J61_#5more': 45}, 
1880.0, {'J10': np.float32(0.058279373), 'J11': np.float32(-0.72987974), 'J12': np.float32(0.6253469), 'J13': np.float32(3.0), 'cluster3106249630_3106249631_J60_J61_#5more': np.float32(1.6595745)}, {'J10': 1, 'J11': 32, 'J12': 20, 'J13': 26, 'cluster3106249630_3106249631_J60_J61_#5more': 34}, {'J10': 2, 'J11': 36, 'J12': 73, 'J13': 28, 'cluster3106249630_3106249631_J60_J61_#5more': 40}, 
1885.0, {'J10': np.float32(0.02960222), 'J11': np.float32(-0.7345051), 'J12': np.float32(-1.3876041), 'J13': np.float32(-0.5291397), 'cluster3106249630_3106249631_J60_J61_#5more': np.float32(-0.08048104)}, {'J10': 0, 'J11': 32, 'J12': 20, 'J13': 26, 'cluster3106249630_3106249631_J60_J61_#5more': 33}, {'J10': 0, 'J11': 36, 'J12': 73, 'J13': 29, 'cluster3106249630_3106249631_J60_J61_#5more': 37}, 
1890.0, {'J10': np.float32(-0.0), 'J11': np.float32(-0.75763184), 'J12': np.float32(-1.3478261), 'J13': np.float32(-0.5457909), 'cluster3106249630_3106249631_J60_J61_#5more': np.float32(0.54486585)}, {'J10': 0, 'J11': 32, 'J12': 20, 'J13': 26, 'cluster3106249630_3106249631_J60_J61_#5more': 30}, {'J10': 0, 'J11': 36, 'J12': 72, 'J13': 29, 'cluster3106249630_3106249631_J60_J61_#5more': 33}, 
1895.0, {'J10': np.float32(-0.0018501388), 'J11': np.float32(-0.7585569), 'J12': np.float32(-0.6197965), 'J13': np.float32(-0.5457909), 'cluster3106249630_3106249631_J60_J61_#5more': np.float32(0.87974095)}, {'J10': 1, 'J11': 32, 'J12': 19, 'J13': 26, 'cluster3106249630_3106249631_J60_J61_#5more': 25}, {'J10': 1, 'J11': 36, 'J12': 71, 'J13': 29, 'cluster3106249630_3106249631_J60_J61_#5more': 26}, 
1900.0, {'J10': np.float32(0.0018501388), 'J11': np.float32(-0.7585569), 'J12': np.float32(0.111933395), 'J13': np.float32(1.6632748), 'cluster3106249630_3106249631_J60_J61_#5more': np.float32(0.89824235)}, {'J10': 0, 'J11': 32, 'J12': 17, 'J13': 23, 'cluster3106249630_3106249631_J60_J61_#5more': 20}, {'J10': 0, 'J11': 36, 'J12': 71, 'J13': 25, 'cluster3106249630_3106249631_J60_J61_#5more': 21}, 
1905.0, {'J10': np.float32(-0.011100832), 'J11': np.float32(-0.76688254), 'J12': np.float32(-0.31267345), 'J13': np.float32(1.9796485), 'cluster3106249630_3106249631_J60_J61_#5more': np.float32(-0.061979648)}, {'J10': 2, 'J11': 32, 'J12': 16, 'J13': 24, 'cluster3106249630_3106249631_J60_J61_#5more': 19}, {'J10': 2, 'J11': 36, 'J12': 70, 'J13': 26, 'cluster3106249630_3106249631_J60_J61_#5more': 20}, 
1910.0, {'J10': np.float32(-0.037002776), 'J11': np.float32(-0.76225716), 'J12': np.float32(-1.2950971), 'J13': np.float32(0.17298797), 'cluster3106249630_3106249631_J60_J61_#5more': np.float32(0.46438482)}, {'J10': 2, 'J11': 32, 'J12': 16, 'J13': 29, 'cluster3106249630_3106249631_J60_J61_#5more': 16}, {'J10': 2, 'J11': 36, 'J12': 70, 'J13': 32, 'cluster3106249630_3106249631_J60_J61_#5more': 16}, 
1915.0, {'J10': np.float32(-0.037002776), 'J11': np.float32(-0.7678076), 'J12': np.float32(-0.59666973), 'J13': np.float32(-0.6012951), 'cluster3106249630_3106249631_J60_J61_#5more': np.float32(0.6253469)}, {'J10': 2, 'J11': 32, 'J12': 16, 'J13': 29, 'cluster3106249630_3106249631_J60_J61_#5more': 13}, {'J10': 2, 'J11': 36, 'J12': 70, 'J13': 32, 'cluster3106249630_3106249631_J60_J61_#5more': 13}, 
1920.0, {'J10': np.float32(-0.038852915), 'J11': np.float32(-0.78630894), 'J12': np.float32(-0.58741903), 'J13': np.float32(-0.6012951), 'cluster3106249630_3106249631_J60_J61_#5more': np.float32(0.29417205)}, {'J10': 3, 'J11': 32, 'J12': 15, 'J13': 29, 'cluster3106249630_3106249631_J60_J61_#5more': 12}, {'J10': 3, 'J11': 38, 'J12': 69, 'J13': 32, 'cluster3106249630_3106249631_J60_J61_#5more': 15}, 
1925.0, {'J10': np.float32(-0.06012951), 'J11': np.float32(3.0), 'J12': np.float32(-1.2950971), 'J13': np.float32(-0.60777056), 'cluster3106249630_3106249631_J60_J61_#5more': np.float32(-0.29787233)}, {'J10': 4, 'J11': 32, 'J12': 15, 'J13': 29, 'cluster3106249630_3106249631_J60_J61_#5more': 12}, {'J10': 4, 'J11': 37, 'J12': 69, 'J13': 32, 'cluster3106249630_3106249631_J60_J61_#5more': 14}, 
1930.0, {'J10': np.float32(0.023126734), 'J11': np.float32(-0.71137834), 'J12': np.float32(-1.3015726), 'J13': np.float32(-0.6188714), 'cluster3106249630_3106249631_J60_J61_#5more': np.float32(0.3570768)}, {'J10': 3, 'J11': 32, 'J12': 17, 'J13': 31, 'cluster3106249630_3106249631_J60_J61_#5more': 15}, {'J10': 5, 'J11': 40, 'J12': 71, 'J13': 34, 'cluster3106249630_3106249631_J60_J61_#5more': 17}, 
1935.0, {'J10': np.float32(-0.07678076), 'J11': np.float32(-0.8057354), 'J12': np.float32(3.0), 'J13': np.float32(-0.679926), 'cluster3106249630_3106249631_J60_J61_#5more': np.float32(1.360777)}, {'J10': 3, 'J11': 32, 'J12': 20, 'J13': 37, 'cluster3106249630_3106249631_J60_J61_#5more': 12}, {'J10': 5, 'J11': 44, 'J12': 69, 'J13': 41, 'cluster3106249630_3106249631_J60_J61_#5more': 14}, 
1940.0, {'J10': np.float32(-0.09250694), 'J11': np.float32(-0.75023127), 'J12': np.float32(1.412581), 'J13': np.float32(-0.8122109), 'cluster3106249630_3106249631_J60_J61_#5more': np.float32(0.14061055)}, {'J10': 3, 'J11': 32, 'J12': 20, 'J13': 43, 'cluster3106249630_3106249631_J60_J61_#5more': 8}, {'J10': 5, 'J11': 44, 'J12': 68, 'J13': 47, 'cluster3106249630_3106249631_J60_J61_#5more': 12}, 
1945.0, {'J10': np.float32(0.006475486), 'J11': np.float32(-0.813136), 'J12': np.float32(3.0), 'J13': np.float32(-0.90749305), 'cluster3106249630_3106249631_J60_J61_#5more': np.float32(0.12673451)}, {'J10': 3, 'J11': 32, 'J12': 20, 'J13': 47, 'cluster3106249630_3106249631_J60_J61_#5more': 7}, {'J10': 3, 'J11': 44, 'J12': 66, 'J13': 51, 'cluster3106249630_3106249631_J60_J61_#5more': 12}, 
1950.0, {'J10': np.float32(-0.055504162), 'J11': np.float32(-0.82331175), 'J12': np.float32(-1.2321924), 'J13': np.float32(-0.9768733), 'cluster3106249630_3106249631_J60_J61_#5more': np.float32(0.009250694)}, {'J10': 3, 'J11': 32, 'J12': 20, 'J13': 48, 'cluster3106249630_3106249631_J60_J61_#5more': 5}, {'J10': 3, 'J11': 44, 'J12': 70, 'J13': 54, 'cluster3106249630_3106249631_J60_J61_#5more': 9}, 
1955.0, {'J10': np.float32(0.26086956), 'J11': np.float32(-0.6466235), 'J12': np.float32(-1.2728955), 'J13': np.float32(-1.0286771), 'cluster3106249630_3106249631_J60_J61_#5more': np.float32(0.13228492)}, {'J10': 1, 'J11': 32, 'J12': 20, 'J13': 51, 'cluster3106249630_3106249631_J60_J61_#5more': 4}, {'J10': 3, 'J11': 45, 'J12': 77, 'J13': 57, 'cluster3106249630_3106249631_J60_J61_#5more': 7}, 
1960.0, {'J10': np.float32(0.07770583), 'J11': np.float32(-0.7354302), 'J12': np.float32(0.22386679), 'J13': np.float32(-1.0962073), 'cluster3106249630_3106249631_J60_J61_#5more': np.float32(-0.0453284)}, {'J10': 2, 'J11': 32, 'J12': 20, 'J13': 54, 'cluster3106249630_3106249631_J60_J61_#5more': 4}, {'J10': 3, 'J11': 45, 'J12': 76, 'J13': 60, 'cluster3106249630_3106249631_J60_J61_#5more': 5}, 
1965.0, {'J10': np.float32(-0.017576318), 'J11': np.float32(-0.86308974), 'J12': np.float32(0.49768734), 'J13': np.float32(-0.09620722), 'cluster3106249630_3106249631_J60_J61_#5more': np.float32(0.016651249)}, {'J10': 2, 'J11': 32, 'J12': 18, 'J13': 54, 'cluster3106249630_3106249631_J60_J61_#5more': 4}, {'J10': 2, 'J11': 46, 'J12': 75, 'J13': 59, 'cluster3106249630_3106249631_J60_J61_#5more': 7}, 
1970.0, {'J10': np.float32(0.058279373), 'J11': np.float32(-0.90101755), 'J12': np.float32(1.2423682), 'J13': np.float32(0.92321926), 'cluster3106249630_3106249631_J60_J61_#5more': np.float32(-0.22109158)}, {'J10': 0, 'J11': 32, 'J12': 15, 'J13': 52, 'cluster3106249630_3106249631_J60_J61_#5more': 7}, {'J10': 0, 'J11': 49, 'J12': 72, 'J13': 55, 'cluster3106249630_3106249631_J60_J61_#5more': 12}, 
1975.0, {'J10': np.float32(-0.0), 'J11': np.float32(-0.95652175), 'J12': np.float32(-1.3413506), 'J13': np.float32(0.45790935), 'cluster3106249630_3106249631_J60_J61_#5more': np.float32(-0.29139686)}, {'J10': 0, 'J11': 32, 'J12': 15, 'J13': 50, 'cluster3106249630_3106249631_J60_J61_#5more': 8}, {'J10': 0, 'J11': 50, 'J12': 72, 'J13': 52, 'cluster3106249630_3106249631_J60_J61_#5more': 13}, 
1980.0, {'J10': np.float32(-0.0), 'J11': np.float32(-0.6345976), 'J12': np.float32(-1.3496763), 'J13': np.float32(-0.31452358), 'cluster3106249630_3106249631_J60_J61_#5more': np.float32(-0.38945422)}, {'J10': 0, 'J11': 32, 'J12': 15, 'J13': 49, 'cluster3106249630_3106249631_J60_J61_#5more': 9}, {'J10': 0, 'J11': 49, 'J12': 73, 'J13': 50, 'cluster3106249630_3106249631_J60_J61_#5more': 16}, 
1985.0, {'J10': np.float32(-0.0), 'J11': np.float32(2.9768732), 'J12': np.float32(-1.3663275), 'J13': np.float32(-0.9435708), 'cluster3106249630_3106249631_J60_J61_#5more': np.float32(-0.41258094)}, {'J10': 0, 'J11': 30, 'J12': 17, 'J13': 49, 'cluster3106249630_3106249631_J60_J61_#5more': 11}, {'J10': 0, 'J11': 46, 'J12': 75, 'J13': 50, 'cluster3106249630_3106249631_J60_J61_#5more': 20}, 
1990.0, {'J10': np.float32(-0.0), 'J11': np.float32(2.946346), 'J12': np.float32(-1.2368177), 'J13': np.float32(0.51618874), 'cluster3106249630_3106249631_J60_J61_#5more': np.float32(-0.5291397)}, {'J10': 0, 'J11': 28, 'J12': 19, 'J13': 47, 'cluster3106249630_3106249631_J60_J61_#5more': 12}, {'J10': 0, 'J11': 44, 'J12': 76, 'J13': 47, 'cluster3106249630_3106249631_J60_J61_#5more': 22}, 
1995.0, {'J10': np.float32(-0.0), 'J11': np.float32(3.0), 'J12': np.float32(0.72987974), 'J13': np.float32(1.3506013), 'cluster3106249630_3106249631_J60_J61_#5more': np.float32(-0.50878817)}, {'J10': 0, 'J11': 26, 'J12': 18, 'J13': 43, 'cluster3106249630_3106249631_J60_J61_#5more': 15}, {'J10': 0, 'J11': 41, 'J12': 74, 'J13': 43, 'cluster3106249630_3106249631_J60_J61_#5more': 26}, 
2000.0, {'J10': np.float32(-0.002775208), 'J11': np.float32(1.0684551), 'J12': np.float32(1.093432), 'J13': np.float32(-0.80851066), 'cluster3106249630_3106249631_J60_J61_#5more': np.float32(-0.6410731)}, {'J10': 1, 'J11': 25, 'J12': 15, 'J13': 43, 'cluster3106249630_3106249631_J60_J61_#5more': 16}, {'J10': 1, 'J11': 41, 'J12': 73, 'J13': 44, 'cluster3106249630_3106249631_J60_J61_#5more': 28}, 
2005.0, {'J10': np.float32(0.002775208), 'J11': np.float32(1.840888), 'J12': np.float32(1.1276596), 'J13': np.float32(-0.83256245), 'cluster3106249630_3106249631_J60_J61_#5more': np.float32(-0.64754856)}, {'J10': 0, 'J11': 24, 'J12': 14, 'J13': 43, 'cluster3106249630_3106249631_J60_J61_#5more': 16}, {'J10': 0, 'J11': 36, 'J12': 72, 'J13': 44, 'cluster3106249630_3106249631_J60_J61_#5more': 30}, 
2010.0, {'J10': np.float32(-0.0), 'J11': np.float32(0.15818687), 'J12': np.float32(1.0629047), 'J13': np.float32(-0.83256245), 'cluster3106249630_3106249631_J60_J61_#5more': np.float32(-0.70582795)}, {'J10': 0, 'J11': 24, 'J12': 14, 'J13': 43, 'cluster3106249630_3106249631_J60_J61_#5more': 16}, {'J10': 0, 'J11': 33, 'J12': 69, 'J13': 44, 'cluster3106249630_3106249631_J60_J61_#5more': 30}, 
2015.0, {'J10': np.float32(-0.012025902), 'J11': np.float32(-0.0), 'J12': np.float32(-1.294172), 'J13': np.float32(-0.8334875), 'cluster3106249630_3106249631_J60_J61_#5more': np.float32(-0.7169288)}, {'J10': 1, 'J11': 24, 'J12': 15, 'J13': 43, 'cluster3106249630_3106249631_J60_J61_#5more': 18}, {'J10': 1, 'J11': 30, 'J12': 71, 'J13': 45, 'cluster3106249630_3106249631_J60_J61_#5more': 35}, 
2020.0, {'J10': np.float32(0.011100832), 'J11': np.float32(-0.61239594), 'J12': np.float32(-1.3404255), 'J13': np.float32(-0.852914), 'cluster3106249630_3106249631_J60_J61_#5more': np.float32(-0.5134135)}, {'J10': 1, 'J11': 27, 'J12': 16, 'J13': 43, 'cluster3106249630_3106249631_J60_J61_#5more': 21}, {'J10': 1, 'J11': 34, 'J12': 72, 'J13': 45, 'cluster3106249630_3106249631_J60_J61_#5more': 41}, 
2025.0, {'J10': np.float32(0.0009250694), 'J11': np.float32(-0.7400555), 'J12': np.float32(3.0), 'J13': np.float32(-0.86308974), 'cluster3106249630_3106249631_J60_J61_#5more': np.float32(-0.8899167)}, {'J10': 0, 'J11': 31, 'J12': 20, 'J13': 44, 'cluster3106249630_3106249631_J60_J61_#5more': 24}, {'J10': 0, 'J11': 42, 'J12': 72, 'J13': 46, 'cluster3106249630_3106249631_J60_J61_#5more': 44}, 
2030.0, {'J10': np.float32(-0.0), 'J11': np.float32(-0.83718777), 'J12': np.float32(-1.3441259), 'J13': np.float32(-0.8973173), 'cluster3106249630_3106249631_J60_J61_#5more': np.float32(0.2562442)}, {'J10': 0, 'J11': 31, 'J12': 20, 'J13': 48, 'cluster3106249630_3106249631_J60_J61_#5more': 24}, {'J10': 0, 'J11': 42, 'J12': 73, 'J13': 50, 'cluster3106249630_3106249631_J60_J61_#5more': 41}, 
2035.0, {'J10': np.float32(-0.002775208), 'J11': np.float32(-0.3293247), 'J12': np.float32(-1.3691027), 'J13': np.float32(0.6281221), 'cluster3106249630_3106249631_J60_J61_#5more': np.float32(1.3395004)}, {'J10': 1, 'J11': 31, 'J12': 20, 'J13': 49, 'cluster3106249630_3106249631_J60_J61_#5more': 21}, {'J10': 1, 'J11': 41, 'J12': 75, 'J13': 50, 'cluster3106249630_3106249631_J60_J61_#5more': 32}, 
2040.0, {'J10': np.float32(-0.018501388), 'J11': np.float32(-0.77798337), 'J12': np.float32(-1.412581), 'J13': np.float32(0.90286773), 'cluster3106249630_3106249631_J60_J61_#5more': np.float32(-0.17946346)}, {'J10': 1, 'J11': 31, 'J12': 20, 'J13': 47, 'cluster3106249630_3106249631_J60_J61_#5more': 20}, {'J10': 1, 'J11': 43, 'J12': 77, 'J13': 47, 'cluster3106249630_3106249631_J60_J61_#5more': 31}, 
2045.0, {'J10': np.float32(-0.018501388), 'J11': np.float32(-0.8408881), 'J12': np.float32(1.8695652), 'J13': np.float32(-0.90471786), 'cluster3106249630_3106249631_J60_J61_#5more': np.float32(-0.13506013)}, {'J10': 1, 'J11': 31, 'J12': 20, 'J13': 50, 'cluster3106249630_3106249631_J60_J61_#5more': 20}, {'J10': 1, 'J11': 45, 'J12': 75, 'J13': 51, 'cluster3106249630_3106249631_J60_J61_#5more': 28}, 
2050.0, {'J10': np.float32(-0.024051804), 'J11': np.float32(-0.0037002775), 'J12': np.float32(1.6558741), 'J13': np.float32(-0.9435708), 'cluster3106249630_3106249631_J60_J61_#5more': np.float32(-0.43293247)}, {'J10': 1, 'J11': 31, 'J12': 18, 'J13': 50, 'cluster3106249630_3106249631_J60_J61_#5more': 20}, {'J10': 1, 'J11': 41, 'J12': 71, 'J13': 51, 'cluster3106249630_3106249631_J60_J61_#5more': 27}, 
2055.0, {'J10': np.float32(-0.033302497), 'J11': np.float32(-0.4653099), 'J12': np.float32(-1.3441259), 'J13': np.float32(-0.95282143), 'cluster3106249630_3106249631_J60_J61_#5more': np.float32(0.09620722)}, {'J10': 1, 'J11': 31, 'J12': 18, 'J13': 50, 'cluster3106249630_3106249631_J60_J61_#5more': 21}, {'J10': 2, 'J11': 38, 'J12': 71, 'J13': 51, 'cluster3106249630_3106249631_J60_J61_#5more': 28}, 
2060.0, {'J10': np.float32(-0.04625347), 'J11': np.float32(-0.19703978), 'J12': np.float32(0.5763182), 'J13': np.float32(-0.95282143), 'cluster3106249630_3106249631_J60_J61_#5more': np.float32(1.2238668)}, {'J10': 1, 'J11': 31, 'J12': 19, 'J13': 50, 'cluster3106249630_3106249631_J60_J61_#5more': 21}, {'J10': 2, 'J11': 36, 'J12': 71, 'J13': 51, 'cluster3106249630_3106249631_J60_J61_#5more': 25}, 
2065.0, {'J10': np.float32(-0.04625347), 'J11': np.float32(-0.6882516), 'J12': np.float32(-1.3718779), 'J13': np.float32(0.6641998), 'cluster3106249630_3106249631_J60_J61_#5more': np.float32(0.52821463)}, {'J10': 1, 'J11': 31, 'J12': 20, 'J13': 48, 'cluster3106249630_3106249631_J60_J61_#5more': 17}, {'J10': 2, 'J11': 36, 'J12': 76, 'J13': 48, 'cluster3106249630_3106249631_J60_J61_#5more': 20}, 
2070.0, {'J10': np.float32(-0.04625347), 'J11': np.float32(-0.7076781), 'J12': np.float32(-1.4431082), 'J13': np.float32(2.6299722), 'cluster3106249630_3106249631_J60_J61_#5more': np.float32(0.59851986)}, {'J10': 1, 'J11': 31, 'J12': 20, 'J13': 43, 'cluster3106249630_3106249631_J60_J61_#5more': 13}, {'J10': 2, 'J11': 37, 'J12': 76, 'J13': 43, 'cluster3106249630_3106249631_J60_J61_#5more': 15}, 
2075.0, {'J10': np.float32(-0.04625347), 'J11': np.float32(-0.7539315), 'J12': np.float32(-1.4431082), 'J13': np.float32(-0.79555964), 'cluster3106249630_3106249631_J60_J61_#5more': np.float32(0.22294173)}, {'J10': 1, 'J11': 32, 'J12': 20, 'J13': 43, 'cluster3106249630_3106249631_J60_J61_#5more': 8}, {'J10': 2, 'J11': 40, 'J12': 76, 'J13': 43, 'cluster3106249630_3106249631_J60_J61_#5more': 10}, 
2080.0, {'J10': np.float32(-0.049953748), 'J11': np.float32(-0.82331175), 'J12': np.float32(1.4292322), 'J13': np.float32(-0.8159112), 'cluster3106249630_3106249631_J60_J61_#5more': np.float32(-0.15356152)}, {'J10': 2, 'J11': 32, 'J12': 20, 'J13': 46, 'cluster3106249630_3106249631_J60_J61_#5more': 5}, {'J10': 3, 'J11': 40, 'J12': 75, 'J13': 46, 'cluster3106249630_3106249631_J60_J61_#5more': 9}, 
2085.0, {'J10': np.float32(-0.084181316), 'J11': np.float32(-0.83533764), 'J12': np.float32(-1.3968548), 'J13': np.float32(0.10083256), 'cluster3106249630_3106249631_J60_J61_#5more': np.float32(-0.0573543)}, {'J10': 4, 'J11': 32, 'J12': 20, 'J13': 45, 'cluster3106249630_3106249631_J60_J61_#5more': 5}, {'J10': 5, 'J11': 40, 'J12': 75, 'J13': 45, 'cluster3106249630_3106249631_J60_J61_#5more': 10}, 
2090.0, {'J10': np.float32(-0.111008324), 'J11': np.float32(-0.83718777), 'J12': np.float32(-1.4153562), 'J13': np.float32(-0.83256245), 'cluster3106249630_3106249631_J60_J61_#5more': np.float32(-0.3774283)}, {'J10': 4, 'J11': 32, 'J12': 20, 'J13': 45, 'cluster3106249630_3106249631_J60_J61_#5more': 11}, {'J10': 5, 'J11': 40, 'J12': 75, 'J13': 45, 'cluster3106249630_3106249631_J60_J61_#5more': 17}, 
2095.0, {'J10': np.float32(0.37927845), 'J11': np.float32(-0.8455134), 'J12': np.float32(-1.4246068), 'J13': np.float32(2.0471785), 'cluster3106249630_3106249631_J60_J61_#5more': np.float32(-0.31544867)}, {'J10': 3, 'J11': 32, 'J12': 20, 'J13': 41, 'cluster3106249630_3106249631_J60_J61_#5more': 17}, {'J10': 4, 'J11': 41, 'J12': 75, 'J13': 41, 'cluster3106249630_3106249631_J60_J61_#5more': 22}, 
2100.0, {'J10': np.float32(-0.07493062), 'J11': np.float32(-0.86031455), 'J12': np.float32(-1.4310824), 'J13': np.float32(-0.7585569), 'cluster3106249630_3106249631_J60_J61_#5more': np.float32(-0.24236818)}, {'J10': 3, 'J11': 32, 'J12': 20, 'J13': 41, 'cluster3106249630_3106249631_J60_J61_#5more': 17}, {'J10': 4, 'J11': 41, 'J12': 77, 'J13': 41, 'cluster3106249630_3106249631_J60_J61_#5more': 21}, 
2105.0, {'J10': np.float32(-0.050878815), 'J11': np.float32(-0.8640148), 'J12': np.float32(-1.4662349), 'J13': np.float32(1.2183163), 'cluster3106249630_3106249631_J60_J61_#5more': np.float32(-0.103607774)}, {'J10': 4, 'J11': 32, 'J12': 20, 'J13': 38, 'cluster3106249630_3106249631_J60_J61_#5more': 13}, {'J10': 4, 'J11': 41, 'J12': 77, 'J13': 38, 'cluster3106249630_3106249631_J60_J61_#5more': 17}, 
2110.0, {'J10': np.float32(-0.083256245), 'J11': np.float32(0.44218317), 'J12': np.float32(-1.4708604), 'J13': np.float32(0.6734505), 'cluster3106249630_3106249631_J60_J61_#5more': np.float32(-0.14616096)}, {'J10': 4, 'J11': 32, 'J12': 20, 'J13': 36, 'cluster3106249630_3106249631_J60_J61_#5more': 8}, {'J10': 4, 'J11': 39, 'J12': 77, 'J13': 36, 'cluster3106249630_3106249631_J60_J61_#5more': 12}, 
2115.0, {'J10': np.float32(0.07770583), 'J11': np.float32(-0.58741903), 'J12': np.float32(-1.4708604), 'J13': np.float32(-0.68455136), 'cluster3106249630_3106249631_J60_J61_#5more': np.float32(0.24236818)}, {'J10': 3, 'J11': 32, 'J12': 20, 'J13': 36, 'cluster3106249630_3106249631_J60_J61_#5more': 4}, {'J10': 3, 'J11': 40, 'J12': 77, 'J13': 39, 'cluster3106249630_3106249631_J60_J61_#5more': 7}, 
2120.0, {'J10': np.float32(0.08233117), 'J11': np.float32(-0.8011101), 'J12': np.float32(3.0), 'J13': np.float32(-0.6910268), 'cluster3106249630_3106249631_J60_J61_#5more': np.float32(0.037927844)}, {'J10': 2, 'J11': 32, 'J12': 20, 'J13': 36, 'cluster3106249630_3106249631_J60_J61_#5more': 3}, {'J10': 2, 'J11': 42, 'J12': 74, 'J13': 37, 'cluster3106249630_3106249631_J60_J61_#5more': 3}, 
2125.0, {'J10': np.float32(-0.04255319), 'J11': np.float32(-0.87234044), 'J12': np.float32(-0.90471786), 'J13': np.float32(0.12858464), 'cluster3106249630_3106249631_J60_J61_#5more': np.float32(0.0138760405)}, {'J10': 2, 'J11': 32, 'J12': 20, 'J13': 35, 'cluster3106249630_3106249631_J60_J61_#5more': 2}, {'J10': 2, 'J11': 46, 'J12': 73, 'J13': 36, 'cluster3106249630_3106249631_J60_J61_#5more': 2}, 
2130.0, {'J10': np.float32(-0.050878815), 'J11': np.float32(-0.8575393), 'J12': np.float32(-0.011100832), 'J13': np.float32(0.1387604), 'cluster3106249630_3106249631_J60_J61_#5more': np.float32(-0.24236818)}, {'J10': 2, 'J11': 32, 'J12': 20, 'J13': 34, 'cluster3106249630_3106249631_J60_J61_#5more': 2}, {'J10': 2, 'J11': 45, 'J12': 75, 'J13': 36, 'cluster3106249630_3106249631_J60_J61_#5more': 3}, 
2135.0, {'J10': np.float32(-0.06475486), 'J11': np.float32(-0.83718777), 'J12': np.float32(-1.3876041), 'J13': np.float32(-0.6947271), 'cluster3106249630_3106249631_J60_J61_#5more': np.float32(0.8186864)}, {'J10': 2, 'J11': 32, 'J12': 20, 'J13': 36, 'cluster3106249630_3106249631_J60_J61_#5more': 1}, {'J10': 2, 'J11': 44, 'J12': 75, 'J13': 39, 'cluster3106249630_3106249631_J60_J61_#5more': 1}, 
2140.0, {'J10': np.float32(-0.067530066), 'J11': np.float32(-0.93154484), 'J12': np.float32(-1.3894542), 'J13': np.float32(-0.75948197), 'cluster3106249630_3106249631_J60_J61_#5more': np.float32(3.0)}, {'J10': 3, 'J11': 32, 'J12': 20, 'J13': 42, 'cluster3106249630_3106249631_J60_J61_#5more': 1}, {'J10': 3, 'J11': 45, 'J12': 75, 'J13': 45, 'cluster3106249630_3106249631_J60_J61_#5more': 2}, 
2145.0, {'J10': np.float32(-0.09435707), 'J11': np.float32(-0.20444034), 'J12': np.float32(0.86493987), 'J13': np.float32(-0.852914), 'cluster3106249630_3106249631_J60_J61_#5more': np.float32(-0.049953748)}, {'J10': 3, 'J11': 32, 'J12': 18, 'J13': 43, 'cluster3106249630_3106249631_J60_J61_#5more': 4}, {'J10': 3, 'J11': 44, 'J12': 74, 'J13': 46, 'cluster3106249630_3106249631_J60_J61_#5more': 8}, 
2150.0, {'J10': np.float32(-0.091581866), 'J11': np.float32(3.0), 'J12': np.float32(0.679926), 'J13': np.float32(-0.89084184), 'cluster3106249630_3106249631_J60_J61_#5more': np.float32(-0.04625347)}, {'J10': 3, 'J11': 30, 'J12': 18, 'J13': 45, 'cluster3106249630_3106249631_J60_J61_#5more': 4}, {'J10': 3, 'J11': 42, 'J12': 73, 'J13': 49, 'cluster3106249630_3106249631_J60_J61_#5more': 6}, 
2155.0, {'J10': np.float32(-0.111008324), 'J11': np.float32(3.0), 'J12': np.float32(0.706753), 'J13': np.float32(-0.946346), 'cluster3106249630_3106249631_J60_J61_#5more': np.float32(-0.04255319)}, {'J10': 3, 'J11': 28, 'J12': 18, 'J13': 50, 'cluster3106249630_3106249631_J60_J61_#5more': 4}, {'J10': 3, 'J11': 40, 'J12': 72, 'J13': 54, 'cluster3106249630_3106249631_J60_J61_#5more': 4}, 
2160.0, {'J10': np.float32(-0.111008324), 'J11': np.float32(-0.53283995), 'J12': np.float32(0.16281222), 'J13': np.float32(-1.039778), 'cluster3106249630_3106249631_J60_J61_#5more': np.float32(-0.083256245)}, {'J10': 3, 'J11': 28, 'J12': 17, 'J13': 53, 'cluster3106249630_3106249631_J60_J61_#5more': 4}, {'J10': 3, 'J11': 39, 'J12': 71, 'J13': 57, 'cluster3106249630_3106249631_J60_J61_#5more': 4}, 
2165.0, {'J10': np.float32(-0.12025902), 'J11': np.float32(-0.8159112), 'J12': np.float32(-1.3811285), 'J13': np.float32(-1.0897317), 'cluster3106249630_3106249631_J60_J61_#5more': np.float32(-0.08603145)}, {'J10': 4, 'J11': 28, 'J12': 21, 'J13': 54, 'cluster3106249630_3106249631_J60_J61_#5more': 4}, {'J10': 4, 'J11': 39, 'J12': 75, 'J13': 58, 'cluster3106249630_3106249631_J60_J61_#5more': 6}, 
2170.0, {'J10': np.float32(-0.12950972), 'J11': np.float32(-0.827012), 'J12': np.float32(-0.5642923), 'J13': np.float32(-1.1054579), 'cluster3106249630_3106249631_J60_J61_#5more': np.float32(-0.078630894)}, {'J10': 4, 'J11': 28, 'J12': 20, 'J13': 55, 'cluster3106249630_3106249631_J60_J61_#5more': 4}, {'J10': 4, 'J11': 39, 'J12': 75, 'J13': 59, 'cluster3106249630_3106249631_J60_J61_#5more': 4}, 
2175.0, {'J10': np.float32(-0.13506013), 'J11': np.float32(-0.83811283), 'J12': np.float32(0.11748381), 'J13': np.float32(-1.1285846), 'cluster3106249630_3106249631_J60_J61_#5more': np.float32(-0.07308048)}, {'J10': 5, 'J11': 28, 'J12': 18, 'J13': 55, 'cluster3106249630_3106249631_J60_J61_#5more': 4}, {'J10': 5, 'J11': 39, 'J12': 74, 'J13': 59, 'cluster3106249630_3106249631_J60_J61_#5more': 4}, 
2180.0, {'J10': np.float32(0.6947271), 'J11': np.float32(-0.41628122), 'J12': np.float32(-0.3320999), 'J13': np.float32(-1.1285846), 'cluster3106249630_3106249631_J60_J61_#5more': np.float32(-0.10545791)}, {'J10': 4, 'J11': 32, 'J12': 18, 'J13': 55, 'cluster3106249630_3106249631_J60_J61_#5more': 4}, {'J10': 4, 'J11': 43, 'J12': 73, 'J13': 59, 'cluster3106249630_3106249631_J60_J61_#5more': 4}, 
2185.0, {'J10': np.float32(-0.07585569), 'J11': np.float32(-0.839963), 'J12': np.float32(-1.346901), 'J13': np.float32(-1.13321), 'cluster3106249630_3106249631_J60_J61_#5more': np.float32(-0.017576318)}, {'J10': 4, 'J11': 32, 'J12': 18, 'J13': 56, 'cluster3106249630_3106249631_J60_J61_#5more': 4}, {'J10': 5, 'J11': 44, 'J12': 73, 'J13': 61, 'cluster3106249630_3106249631_J60_J61_#5more': 4}, 
2190.0, {'J10': np.float32(0.22386679), 'J11': np.float32(3.0), 'J12': np.float32(-0.6142461), 'J13': np.float32(-1.1655874), 'cluster3106249630_3106249631_J60_J61_#5more': np.float32(-0.08140611)}, {'J10': 3, 'J11': 28, 'J12': 18, 'J13': 56, 'cluster3106249630_3106249631_J60_J61_#5more': 4}, {'J10': 5, 'J11': 40, 'J12': 73, 'J13': 61, 'cluster3106249630_3106249631_J60_J61_#5more': 4}, 
2195.0, {'J10': np.float32(0.13783534), 'J11': np.float32(-0.7918594), 'J12': np.float32(1.7622572), 'J13': np.float32(-1.1655874), 'cluster3106249630_3106249631_J60_J61_#5more': np.float32(-0.0906568)}, {'J10': 2, 'J11': 28, 'J12': 18, 'J13': 56, 'cluster3106249630_3106249631_J60_J61_#5more': 4}, {'J10': 3, 'J11': 40, 'J12': 72, 'J13': 61, 'cluster3106249630_3106249631_J60_J61_#5more': 4}, 
2200.0, {'J10': np.float32(-0.004625347), 'J11': np.float32(3.0), 'J12': np.float32(-1.3950046), 'J13': np.float32(-1.1702127), 'cluster3106249630_3106249631_J60_J61_#5more': np.float32(0.1452359)}, {'J10': 3, 'J11': 26, 'J12': 18, 'J13': 56, 'cluster3106249630_3106249631_J60_J61_#5more': 3}, {'J10': 3, 'J11': 38, 'J12': 73, 'J13': 62, 'cluster3106249630_3106249631_J60_J61_#5more': 3}, 
2205.0, {'J10': np.float32(-0.05920444), 'J11': np.float32(-0.7049029), 'J12': np.float32(1.9343201), 'J13': np.float32(3.0), 'cluster3106249630_3106249631_J60_J61_#5more': np.float32(-0.061979648)}, {'J10': 3, 'J11': 26, 'J12': 20, 'J13': 53, 'cluster3106249630_3106249631_J60_J61_#5more': 3}, {'J10': 3, 'J11': 38, 'J12': 73, 'J13': 56, 'cluster3106249630_3106249631_J60_J61_#5more': 4}, 
2210.0, {'J10': np.float32(-0.06567992), 'J11': np.float32(-0.7123034), 'J12': np.float32(-1.3580018), 'J13': np.float32(-0.9222942), 'cluster3106249630_3106249631_J60_J61_#5more': np.float32(-0.099907495)}, {'J10': 4, 'J11': 26, 'J12': 20, 'J13': 53, 'cluster3106249630_3106249631_J60_J61_#5more': 4}, {'J10': 4, 'J11': 38, 'J12': 73, 'J13': 55, 'cluster3106249630_3106249631_J60_J61_#5more': 7}, 
2215.0, {'J10': np.float32(-0.083256245), 'J11': np.float32(-0.72987974), 'J12': np.float32(0.19703978), 'J13': np.float32(-1.0712303), 'cluster3106249630_3106249631_J60_J61_#5more': np.float32(0.24051803)}, {'J10': 4, 'J11': 26, 'J12': 18, 'J13': 53, 'cluster3106249630_3106249631_J60_J61_#5more': 3}, {'J10': 4, 'J11': 39, 'J12': 72, 'J13': 57, 'cluster3106249630_3106249631_J60_J61_#5more': 4}, 
2220.0, {'J10': np.float32(-0.083256245), 'J11': np.float32(-0.76225716), 'J12': np.float32(0.28307122), 'J13': np.float32(2.4301572), 'cluster3106249630_3106249631_J60_J61_#5more': np.float32(-0.07030527)}, {'J10': 4, 'J11': 26, 'J12': 18, 'J13': 50, 'cluster3106249630_3106249631_J60_J61_#5more': 3}, {'J10': 4, 'J11': 39, 'J12': 71, 'J13': 52, 'cluster3106249630_3106249631_J60_J61_#5more': 3}, 
2225.0, {'J10': np.float32(-0.08880666), 'J11': np.float32(1.9352452), 'J12': np.float32(-0.11748381), 'J13': np.float32(0.16281222), 'cluster3106249630_3106249631_J60_J61_#5more': np.float32(-0.08603145)}, {'J10': 5, 'J11': 28, 'J12': 18, 'J13': 49, 'cluster3106249630_3106249631_J60_J61_#5more': 3}, {'J10': 5, 'J11': 41, 'J12': 71, 'J13': 50, 'cluster3106249630_3106249631_J60_J61_#5more': 3}, 
2230.0, {'J10': np.float32(-0.10175763), 'J11': np.float32(3.0), 'J12': np.float32(1.9814986), 'J13': np.float32(1.2784458), 'cluster3106249630_3106249631_J60_J61_#5more': np.float32(-0.103607774)}, {'J10': 5, 'J11': 26, 'J12': 14, 'J13': 47, 'cluster3106249630_3106249631_J60_J61_#5more': 4}, {'J10': 5, 'J11': 39, 'J12': 67, 'J13': 49, 'cluster3106249630_3106249631_J60_J61_#5more': 9}, 
2235.0, {'J10': np.float32(-0.10175763), 'J11': np.float32(-0.75300646), 'J12': np.float32(-0.49583718), 'J13': np.float32(3.0), 'cluster3106249630_3106249631_J60_J61_#5more': np.float32(0.24976873)}, {'J10': 5, 'J11': 26, 'J12': 13, 'J13': 43, 'cluster3106249630_3106249631_J60_J61_#5more': 5}, {'J10': 5, 'J11': 40, 'J12': 66, 'J13': 45, 'cluster3106249630_3106249631_J60_J61_#5more': 10}, 
2240.0, {'J10': np.float32(-0.10175763), 'J11': np.float32(-0.77890843), 'J12': np.float32(-1.2830713), 'J13': np.float32(1.2784458), 'cluster3106249630_3106249631_J60_J61_#5more': np.float32(-0.21184088)}, {'J10': 5, 'J11': 26, 'J12': 13, 'J13': 41, 'cluster3106249630_3106249631_J60_J61_#5more': 6}, {'J10': 5, 'J11': 40, 'J12': 69, 'J13': 44, 'cluster3106249630_3106249631_J60_J61_#5more': 12}, 
2245.0, {'J10': np.float32(-0.10175763), 'J11': np.float32(-0.7890842), 'J12': np.float32(-0.46993524), 'J13': np.float32(1.3681777), 'cluster3106249630_3106249631_J60_J61_#5more': np.float32(0.30619797)}, {'J10': 5, 'J11': 26, 'J12': 14, 'J13': 39, 'cluster3106249630_3106249631_J60_J61_#5more': 5}, {'J10': 5, 'J11': 40, 'J12': 70, 'J13': 41, 'cluster3106249630_3106249631_J60_J61_#5more': 14}, 
2250.0, {'J10': np.float32(-0.10175763), 'J11': np.float32(-0.8075856), 'J12': np.float32(0.1961147), 'J13': np.float32(-0.70212764), 'cluster3106249630_3106249631_J60_J61_#5more': np.float32(-0.3117484)}, {'J10': 5, 'J11': 26, 'J12': 18, 'J13': 39, 'cluster3106249630_3106249631_J60_J61_#5more': 7}, {'J10': 5, 'J11': 40, 'J12': 74, 'J13': 40, 'cluster3106249630_3106249631_J60_J61_#5more': 22}, 
2255.0, {'J10': np.float32(0.33672526), 'J11': np.float32(0.21554117), 'J12': np.float32(1.1914893), 'J13': np.float32(-0.75115633), 'cluster3106249630_3106249631_J60_J61_#5more': np.float32(0.29694727)}, {'J10': 4, 'J11': 30, 'J12': 17, 'J13': 39, 'cluster3106249630_3106249631_J60_J61_#5more': 5}, {'J10': 4, 'J11': 46, 'J12': 71, 'J13': 42, 'cluster3106249630_3106249631_J60_J61_#5more': 12}, 
2260.0, {'J10': np.float32(0.23774283), 'J11': np.float32(-0.87974095), 'J12': np.float32(0.38020352), 'J13': np.float32(-0.7770583), 'cluster3106249630_3106249631_J60_J61_#5more': np.float32(0.21924144)}, {'J10': 3, 'J11': 32, 'J12': 17, 'J13': 39, 'cluster3106249630_3106249631_J60_J61_#5more': 2}, {'J10': 5, 'J11': 49, 'J12': 69, 'J13': 42, 'cluster3106249630_3106249631_J60_J61_#5more': 4}, 
2265.0, {'J10': np.float32(-0.049953748), 'J11': np.float32(-0.9148936), 'J12': np.float32(-0.54486585), 'J13': np.float32(2.226642), 'cluster3106249630_3106249631_J60_J61_#5more': np.float32(0.1452359)}, {'J10': 3, 'J11': 32, 'J12': 17, 'J13': 36, 'cluster3106249630_3106249631_J60_J61_#5more': 0}, {'J10': 3, 'J11': 52, 'J12': 68, 'J13': 38, 'cluster3106249630_3106249631_J60_J61_#5more': 0}, 
2270.0, {'J10': np.float32(-0.055504162), 'J11': np.float32(-0.98242366), 'J12': np.float32(-0.88899165), 'J13': np.float32(1.400555), 'cluster3106249630_3106249631_J60_J61_#5more': np.float32(-0.049953748)}, {'J10': 3, 'J11': 32, 'J12': 19, 'J13': 34, 'cluster3106249630_3106249631_J60_J61_#5more': 1}, {'J10': 3, 'J11': 53, 'J12': 70, 'J13': 36, 'cluster3106249630_3106249631_J60_J61_#5more': 1}, 
2275.0, {'J10': np.float32(-0.055504162), 'J11': np.float32(2.3237743), 'J12': np.float32(-0.9888992), 'J13': np.float32(2.0185013), 'cluster3106249630_3106249631_J60_J61_#5more': np.float32(-0.10083256)}, {'J10': 3, 'J11': 30, 'J12': 18, 'J13': 35, 'cluster3106249630_3106249631_J60_J61_#5more': 3}, {'J10': 3, 'J11': 47, 'J12': 69, 'J13': 37, 'cluster3106249630_3106249631_J60_J61_#5more': 5}, 
2280.0, {'J10': np.float32(-0.055504162), 'J11': np.float32(2.2164662), 'J12': np.float32(-1.3071231), 'J13': np.float32(1.1406106), 'cluster3106249630_3106249631_J60_J61_#5more': np.float32(-0.09620722)}, {'J10': 3, 'J11': 28, 'J12': 18, 'J13': 38, 'cluster3106249630_3106249631_J60_J61_#5more': 4}, {'J10': 3, 'J11': 44, 'J12': 74, 'J13': 40, 'cluster3106249630_3106249631_J60_J61_#5more': 5}, 
2285.0, {'J10': np.float32(-0.062904716), 'J11': np.float32(-0.8760407), 'J12': np.float32(-1.3885292), 'J13': np.float32(-0.7705828), 'cluster3106249630_3106249631_J60_J61_#5more': np.float32(-0.116558746)}, {'J10': 3, 'J11': 28, 'J12': 18, 'J13': 38, 'cluster3106249630_3106249631_J60_J61_#5more': 4}, {'J10': 3, 'J11': 44, 'J12': 75, 'J13': 41, 'cluster3106249630_3106249631_J60_J61_#5more': 7}, 
2290.0, {'J10': np.float32(0.28862163), 'J11': np.float32(-0.9037928), 'J12': np.float32(-1.413506), 'J13': np.float32(-0.653099), 'cluster3106249630_3106249631_J60_J61_#5more': np.float32(-0.18038853)}, {'J10': 2, 'J11': 28, 'J12': 20, 'J13': 38, 'cluster3106249630_3106249631_J60_J61_#5more': 4}, {'J10': 3, 'J11': 44, 'J12': 77, 'J13': 39, 'cluster3106249630_3106249631_J60_J61_#5more': 7}, 
2295.0, {'J10': np.float32(0.27937096), 'J11': np.float32(-0.906568), 'J12': np.float32(-1.452359), 'J13': np.float32(0.33672526), 'cluster3106249630_3106249631_J60_J61_#5more': np.float32(0.28029603)}, {'J10': 2, 'J11': 28, 'J12': 20, 'J13': 37, 'cluster3106249630_3106249631_J60_J61_#5more': 4}, {'J10': 2, 'J11': 44, 'J12': 77, 'J13': 37, 'cluster3106249630_3106249631_J60_J61_#5more': 9}, 
2300.0, {'J10': np.float32(-0.04347826), 'J11': np.float32(-0.9130435), 'J12': np.float32(0.04440333), 'J13': np.float32(2.1813135), 'cluster3106249630_3106249631_J60_J61_#5more': np.float32(-0.15171137)}, {'J10': 3, 'J11': 28, 'J12': 20, 'J13': 34, 'cluster3106249630_3106249631_J60_J61_#5more': 8}, {'J10': 3, 'J11': 44, 'J12': 77, 'J13': 34, 'cluster3106249630_3106249631_J60_J61_#5more': 12}, 
2305.0, {'J10': np.float32(-0.055504162), 'J11': np.float32(-0.4412581), 'J12': np.float32(-0.2747456), 'J13': np.float32(-0.6577243), 'cluster3106249630_3106249631_J60_J61_#5more': np.float32(0.024976874)}, {'J10': 3, 'J11': 32, 'J12': 20, 'J13': 35, 'cluster3106249630_3106249631_J60_J61_#5more': 4}, {'J10': 3, 'J11': 49, 'J12': 75, 'J13': 35, 'cluster3106249630_3106249631_J60_J61_#5more': 8}, 
2310.0, {'J10': np.float32(0.26179463), 'J11': np.float32(2.3765032), 'J12': np.float32(-1.4024051), 'J13': np.float32(-0.6641998), 'cluster3106249630_3106249631_J60_J61_#5more': np.float32(0.15633672)}, {'J10': 2, 'J11': 30, 'J12': 20, 'J13': 39, 'cluster3106249630_3106249631_J60_J61_#5more': 3}, {'J10': 3, 'J11': 47, 'J12': 75, 'J13': 40, 'cluster3106249630_3106249631_J60_J61_#5more': 3}, 
2315.0, {'J10': np.float32(0.037927844), 'J11': np.float32(2.4606845), 'J12': np.float32(-1.4153562), 'J13': np.float32(-0.6864015), 'cluster3106249630_3106249631_J60_J61_#5more': np.float32(0.08973173)}, {'J10': 1, 'J11': 28, 'J12': 20, 'J13': 41, 'cluster3106249630_3106249631_J60_J61_#5more': 2}, {'J10': 1, 'J11': 47, 'J12': 75, 'J13': 41, 'cluster3106249630_3106249631_J60_J61_#5more': 4}, 
2320.0, {'J10': np.float32(-0.036077704), 'J11': np.float32(-0.93154484), 'J12': np.float32(-1.4162812), 'J13': np.float32(2.5957446), 'cluster3106249630_3106249631_J60_J61_#5more': np.float32(-0.08788159)}, {'J10': 2, 'J11': 28, 'J12': 20, 'J13': 37, 'cluster3106249630_3106249631_J60_J61_#5more': 2}, {'J10': 2, 'J11': 47, 'J12': 75, 'J13': 38, 'cluster3106249630_3106249631_J60_J61_#5more': 5}, 
2325.0, {'J10': np.float32(-0.053654023), 'J11': np.float32(-0.9491212), 'J12': np.float32(-1.4366328), 'J13': np.float32(0.008325624), 'cluster3106249630_3106249631_J60_J61_#5more': np.float32(0.07493062)}, {'J10': 3, 'J11': 28, 'J12': 20, 'J13': 36, 'cluster3106249630_3106249631_J60_J61_#5more': 3}, {'J10': 3, 'J11': 47, 'J12': 75, 'J13': 36, 'cluster3106249630_3106249631_J60_J61_#5more': 8}, 
2330.0, {'J10': np.float32(-0.06475486), 'J11': np.float32(-0.73635525), 'J12': np.float32(0.45050877), 'J13': np.float32(-0.6817761), 'cluster3106249630_3106249631_J60_J61_#5more': np.float32(0.0138760405)}, {'J10': 3, 'J11': 28, 'J12': 20, 'J13': 37, 'cluster3106249630_3106249631_J60_J61_#5more': 5}, {'J10': 3, 'J11': 47, 'J12': 73, 'J13': 37, 'cluster3106249630_3106249631_J60_J61_#5more': 12}, 
2335.0, {'J10': np.float32(-0.06475486), 'J11': np.float32(-0.89824235), 'J12': np.float32(-1.3506013), 'J13': np.float32(-0.69380206), 'cluster3106249630_3106249631_J60_J61_#5more': np.float32(-0.24329324)}, {'J10': 3, 'J11': 28, 'J12': 20, 'J13': 37, 'cluster3106249630_3106249631_J60_J61_#5more': 8}, {'J10': 3, 'J11': 47, 'J12': 73, 'J13': 37, 'cluster3106249630_3106249631_J60_J61_#5more': 19}, 
2340.0, {'J10': np.float32(-0.078630894), 'J11': np.float32(-0.9185939), 'J12': np.float32(-1.373728), 'J13': np.float32(-0.69380206), 'cluster3106249630_3106249631_J60_J61_#5more': np.float32(-0.36632746)}, {'J10': 4, 'J11': 32, 'J12': 20, 'J13': 37, 'cluster3106249630_3106249631_J60_J61_#5more': 11}, {'J10': 5, 'J11': 51, 'J12': 73, 'J13': 37, 'cluster3106249630_3106249631_J60_J61_#5more': 23}, 
2345.0, {'J10': np.float32(-0.1026827), 'J11': np.float32(-0.98057353), 'J12': np.float32(-1.386679), 'J13': np.float32(-0.6975023), 'cluster3106249630_3106249631_J60_J61_#5more': np.float32(-0.46345976)}, {'J10': 5, 'J11': 32, 'J12': 20, 'J13': 38, 'cluster3106249630_3106249631_J60_J61_#5more': 13}, {'J10': 6, 'J11': 51, 'J12': 73, 'J13': 38, 'cluster3106249630_3106249631_J60_J61_#5more': 27}, 
2350.0, {'J10': np.float32(-0.12025902), 'J11': np.float32(-1.0046253), 'J12': np.float32(-1.3959297), 'J13': np.float32(-0.6586494), 'cluster3106249630_3106249631_J60_J61_#5more': np.float32(-0.50231266)}, {'J10': 5, 'J11': 32, 'J12': 20, 'J13': 41, 'cluster3106249630_3106249631_J60_J61_#5more': 14}, {'J10': 6, 'J11': 51, 'J12': 74, 'J13': 41, 'cluster3106249630_3106249631_J60_J61_#5more': 31}, 
2355.0, {'J10': np.float32(-0.12025902), 'J11': np.float32(-1.026827), 'J12': np.float32(-1.4153562), 'J13': np.float32(-0.79278445), 'cluster3106249630_3106249631_J60_J61_#5more': np.float32(-0.59389454)}, {'J10': 5, 'J11': 32, 'J12': 20, 'J13': 47, 'cluster3106249630_3106249631_J60_J61_#5more': 16}, {'J10': 6, 'J11': 51, 'J12': 74, 'J13': 47, 'cluster3106249630_3106249631_J60_J61_#5more': 35}, 
2360.0, {'J10': np.float32(-0.12025902), 'J11': np.float32(-1.0296022), 'J12': np.float32(-1.265495), 'J13': np.float32(-0.9037928), 'cluster3106249630_3106249631_J60_J61_#5more': np.float32(-0.6651249)}, {'J10': 5, 'J11': 32, 'J12': 20, 'J13': 52, 'cluster3106249630_3106249631_J60_J61_#5more': 17}, {'J10': 6, 'J11': 51, 'J12': 75, 'J13': 52, 'cluster3106249630_3106249631_J60_J61_#5more': 37}, 
2365.0, {'J10': np.float32(-0.12950972), 'J11': np.float32(-1.0323775), 'J12': np.float32(-1.3774283), 'J13': np.float32(-0.97132283), 'cluster3106249630_3106249631_J60_J61_#5more': np.float32(-0.72987974)}, {'J10': 5, 'J11': 32, 'J12': 20, 'J13': 52, 'cluster3106249630_3106249631_J60_J61_#5more': 19}, {'J10': 6, 'J11': 51, 'J12': 74, 'J13': 52, 'cluster3106249630_3106249631_J60_J61_#5more': 44}, 
2370.0, {'J10': np.float32(-0.12950972), 'J11': np.float32(-0.90101755), 'J12': np.float32(-1.3913044), 'J13': np.float32(-0.99167436), 'cluster3106249630_3106249631_J60_J61_#5more': np.float32(1.0684551)}, {'J10': 5, 'J11': 32, 'J12': 20, 'J13': 55, 'cluster3106249630_3106249631_J60_J61_#5more': 17}, {'J10': 6, 'J11': 51, 'J12': 74, 'J13': 55, 'cluster3106249630_3106249631_J60_J61_#5more': 35}, 
2375.0, {'J10': np.float32(0.64292324), 'J11': np.float32(-1.0046253), 'J12': np.float32(-1.3968548), 'J13': np.float32(-1.027752), 'cluster3106249630_3106249631_J60_J61_#5more': np.float32(1.159112)}, {'J10': 3, 'J11': 32, 'J12': 20, 'J13': 55, 'cluster3106249630_3106249631_J60_J61_#5more': 12}, {'J10': 3, 'J11': 51, 'J12': 74, 'J13': 55, 'cluster3106249630_3106249631_J60_J61_#5more': 20}, 
2380.0, {'J10': np.float32(-0.055504162), 'J11': np.float32(-1.0323775), 'J12': np.float32(-1.4051803), 'J13': np.float32(0.83256245), 'cluster3106249630_3106249631_J60_J61_#5more': np.float32(0.053654023)}, {'J10': 3, 'J11': 32, 'J12': 20, 'J13': 53, 'cluster3106249630_3106249631_J60_J61_#5more': 11}, {'J10': 3, 'J11': 52, 'J12': 74, 'J13': 53, 'cluster3106249630_3106249631_J60_J61_#5more': 19}, 
2385.0, {'J10': np.float32(-0.06012951), 'J11': np.float32(-1.0619797), 'J12': np.float32(-1.4061054), 'J13': np.float32(-0.14338575), 'cluster3106249630_3106249631_J60_J61_#5more': np.float32(0.359852)}, {'J10': 5, 'J11': 32, 'J12': 20, 'J13': 52, 'cluster3106249630_3106249631_J60_J61_#5more': 9}, {'J10': 5, 'J11': 52, 'J12': 74, 'J13': 53, 'cluster3106249630_3106249631_J60_J61_#5more': 15}, 
2390.0, {'J10': np.float32(-0.09343201), 'J11': np.float32(-1.080481), 'J12': np.float32(-1.4098058), 'J13': np.float32(-1.0046253), 'cluster3106249630_3106249631_J60_J61_#5more': np.float32(0.23219241)}, {'J10': 5, 'J11': 32, 'J12': 20, 'J13': 52, 'cluster3106249630_3106249631_J60_J61_#5more': 7}, {'J10': 5, 'J11': 52, 'J12': 74, 'J13': 53, 'cluster3106249630_3106249631_J60_J61_#5more': 11}, 
2395.0, {'J10': np.float32(-0.099907495), 'J11': np.float32(-1.1165588), 'J12': np.float32(-1.4172063), 'J13': np.float32(-1.0083256), 'cluster3106249630_3106249631_J60_J61_#5more': np.float32(-0.22479185)}, {'J10': 5, 'J11': 32, 'J12': 20, 'J13': 52, 'cluster3106249630_3106249631_J60_J61_#5more': 7}, {'J10': 5, 'J11': 52, 'J12': 74, 'J13': 53, 'cluster3106249630_3106249631_J60_J61_#5more': 13}, 
2400.0, {'J10': np.float32(-0.10175763), 'J11': np.float32(-1.1295097), 'J12': np.float32(-1.4181314), 'J13': np.float32(-1.0083256), 'cluster3106249630_3106249631_J60_J61_#5more': np.float32(-0.28862163)}, {'J10': 5, 'J11': 32, 'J12': 20, 'J13': 52, 'cluster3106249630_3106249631_J60_J61_#5more': 10}, {'J10': 5, 'J11': 52, 'J12': 74, 'J13': 53, 'cluster3106249630_3106249631_J60_J61_#5more': 16}, 
2405.0, {'J10': np.float32(-0.10175763), 'J11': np.float32(-1.1156337), 'J12': np.float32(-1.4246068), 'J13': np.float32(-1.0083256), 'cluster3106249630_3106249631_J60_J61_#5more': np.float32(0.31544867)}, {'J10': 5, 'J11': 32, 'J12': 20, 'J13': 52, 'cluster3106249630_3106249631_J60_J61_#5more': 12}, {'J10': 5, 'J11': 53, 'J12': 74, 'J13': 53, 'cluster3106249630_3106249631_J60_J61_#5more': 16}, 
2410.0, {'J10': np.float32(-0.10175763), 'J11': np.float32(-1.1563368), 'J12': np.float32(-1.4246068), 'J13': np.float32(-1.012026), 'cluster3106249630_3106249631_J60_J61_#5more': np.float32(0.22201665)}, {'J10': 5, 'J11': 32, 'J12': 20, 'J13': 52, 'cluster3106249630_3106249631_J60_J61_#5more': 8}, {'J10': 5, 'J11': 53, 'J12': 74, 'J13': 54, 'cluster3106249630_3106249631_J60_J61_#5more': 12}, 
2415.0, {'J10': np.float32(-0.10175763), 'J11': np.float32(-1.1702127), 'J12': np.float32(-1.4310824), 'J13': np.float32(-1.0342276), 'cluster3106249630_3106249631_J60_J61_#5more': np.float32(0.24144311)}, {'J10': 5, 'J11': 32, 'J12': 20, 'J13': 52, 'cluster3106249630_3106249631_J60_J61_#5more': 4}, {'J10': 5, 'J11': 53, 'J12': 74, 'J13': 54, 'cluster3106249630_3106249631_J60_J61_#5more': 8}, 
2420.0, {'J10': np.float32(0.30712304), 'J11': np.float32(-1.1628122), 'J12': np.float32(-1.4338576), 'J13': np.float32(-1.0453284), 'cluster3106249630_3106249631_J60_J61_#5more': np.float32(-0.026827011)}, {'J10': 4, 'J11': 32, 'J12': 20, 'J13': 53, 'cluster3106249630_3106249631_J60_J61_#5more': 4}, {'J10': 5, 'J11': 53, 'J12': 74, 'J13': 56, 'cluster3106249630_3106249631_J60_J61_#5more': 6}, 
2425.0, {'J10': np.float32(0.67252547), 'J11': np.float32(-1.1748381), 'J12': np.float32(-0.02867715), 'J13': np.float32(-1.0730805), 'cluster3106249630_3106249631_J60_J61_#5more': np.float32(-0.08140611)}, {'J10': 2, 'J11': 32, 'J12': 20, 'J13': 53, 'cluster3106249630_3106249631_J60_J61_#5more': 4}, {'J10': 3, 'J11': 53, 'J12': 73, 'J13': 56, 'cluster3106249630_3106249631_J60_J61_#5more': 9}, 
2430.0, {'J10': np.float32(-0.055504162), 'J11': np.float32(-1.1776134), 'J12': np.float32(-0.666975), 'J13': np.float32(-1.0730805), 'cluster3106249630_3106249631_J60_J61_#5more': np.float32(-0.19148937)}, {'J10': 2, 'J11': 32, 'J12': 20, 'J13': 53, 'cluster3106249630_3106249631_J60_J61_#5more': 7}, {'J10': 3, 'J11': 53, 'J12': 72, 'J13': 56, 'cluster3106249630_3106249631_J60_J61_#5more': 11}, 
2435.0, {'J10': np.float32(0.03422757), 'J11': np.float32(-1.1914893), 'J12': np.float32(-1.3876041), 'J13': np.float32(-1.0814061), 'cluster3106249630_3106249631_J60_J61_#5more': np.float32(0.115633674)}, {'J10': 3, 'J11': 32, 'J12': 20, 'J13': 53, 'cluster3106249630_3106249631_J60_J61_#5more': 4}, {'J10': 3, 'J11': 53, 'J12': 72, 'J13': 57, 'cluster3106249630_3106249631_J60_J61_#5more': 8}, 
2440.0, {'J10': np.float32(-0.07308048), 'J11': np.float32(-1.2099907), 'J12': np.float32(-1.4051803), 'J13': np.float32(-0.8547641), 'cluster3106249630_3106249631_J60_J61_#5more': np.float32(-0.056429233)}, {'J10': 4, 'J11': 32, 'J12': 20, 'J13': 53, 'cluster3106249630_3106249631_J60_J61_#5more': 4}, {'J10': 4, 'J11': 53, 'J12': 72, 'J13': 55, 'cluster3106249630_3106249631_J60_J61_#5more': 4}, 
2445.0, {'J10': np.float32(-0.083256245), 'J11': np.float32(-1.2173913), 'J12': np.float32(-1.4218316), 'J13': np.float32(-1.0545791), 'cluster3106249630_3106249631_J60_J61_#5more': np.float32(-0.07308048)}, {'J10': 4, 'J11': 32, 'J12': 20, 'J13': 53, 'cluster3106249630_3106249631_J60_J61_#5more': 4}, {'J10': 4, 'J11': 53, 'J12': 74, 'J13': 55, 'cluster3106249630_3106249631_J60_J61_#5more': 4}, 
2450.0, {'J10': np.float32(-0.08788159), 'J11': np.float32(-1.2340425), 'J12': np.float32(-1.4588344), 'J13': np.float32(-1.0545791), 'cluster3106249630_3106249631_J60_J61_#5more': np.float32(-0.111008324)}, {'J10': 4, 'J11': 32, 'J12': 20, 'J13': 53, 'cluster3106249630_3106249631_J60_J61_#5more': 4}, {'J10': 5, 'J11': 53, 'J12': 74, 'J13': 55, 'cluster3106249630_3106249631_J60_J61_#5more': 6}, 
2455.0, {'J10': np.float32(-0.10638298), 'J11': np.float32(-1.2608696), 'J12': np.float32(-1.4643848), 'J13': np.float32(-1.0610546), 'cluster3106249630_3106249631_J60_J61_#5more': np.float32(-0.17021276)}, {'J10': 4, 'J11': 32, 'J12': 20, 'J13': 53, 'cluster3106249630_3106249631_J60_J61_#5more': 4}, {'J10': 5, 'J11': 53, 'J12': 74, 'J13': 56, 'cluster3106249630_3106249631_J60_J61_#5more': 5}, 
2460.0, {'J10': np.float32(-0.115633674), 'J11': np.float32(-1.2682701), 'J12': np.float32(-1.4708604), 'J13': np.float32(1.9611471), 'cluster3106249630_3106249631_J60_J61_#5more': np.float32(0.012950972)}, {'J10': 5, 'J11': 32, 'J12': 20, 'J13': 51, 'cluster3106249630_3106249631_J60_J61_#5more': 4}, {'J10': 6, 'J11': 53, 'J12': 74, 'J13': 52, 'cluster3106249630_3106249631_J60_J61_#5more': 4}, 
2465.0, {'J10': np.float32(-0.12950972), 'J11': np.float32(-1.1951896), 'J12': np.float32(-1.4708604), 'J13': np.float32(1.4347826), 'cluster3106249630_3106249631_J60_J61_#5more': np.float32(0.20814061)}, {'J10': 5, 'J11': 32, 'J12': 20, 'J13': 49, 'cluster3106249630_3106249631_J60_J61_#5more': 3}, {'J10': 6, 'J11': 53, 'J12': 74, 'J13': 51, 'cluster3106249630_3106249631_J60_J61_#5more': 5}, 
2470.0, {'J10': np.float32(-0.12950972), 'J11': np.float32(-1.2636448), 'J12': np.float32(-1.4708604), 'J13': np.float32(0.28769657), 'cluster3106249630_3106249631_J60_J61_#5more': np.float32(-0.116558746)}, {'J10': 5, 'J11': 32, 'J12': 20, 'J13': 48, 'cluster3106249630_3106249631_J60_J61_#5more': 3}, {'J10': 6, 'J11': 53, 'J12': 74, 'J13': 49, 'cluster3106249630_3106249631_J60_J61_#5more': 3}, 
2475.0, {'J10': np.float32(-0.12950972), 'J11': np.float32(-1.2691952), 'J12': np.float32(-0.6086956), 'J13': np.float32(-0.9250694), 'cluster3106249630_3106249631_J60_J61_#5more': np.float32(-0.11748381)}, {'J10': 5, 'J11': 32, 'J12': 20, 'J13': 48, 'cluster3106249630_3106249631_J60_J61_#5more': 3}, {'J10': 6, 'J11': 53, 'J12': 75, 'J13': 49, 'cluster3106249630_3106249631_J60_J61_#5more': 3}, 
2480.0, {'J10': np.float32(-0.12950972), 'J11': np.float32(-1.2839963), 'J12': np.float32(-1.3931545), 'J13': np.float32(-0.9481961), 'cluster3106249630_3106249631_J60_J61_#5more': np.float32(-0.15633672)}, {'J10': 5, 'J11': 32, 'J12': 20, 'J13': 48, 'cluster3106249630_3106249631_J60_J61_#5more': 3}, {'J10': 6, 'J11': 53, 'J12': 74, 'J13': 51, 'cluster3106249630_3106249631_J60_J61_#5more': 8}, 
2485.0, {'J10': np.float32(-0.12950972), 'J11': np.float32(-1.3265495), 'J12': np.float32(0.7446808), 'J13': np.float32(-0.98057353), 'cluster3106249630_3106249631_J60_J61_#5more': np.float32(0.22016652)}, {'J10': 5, 'J11': 32, 'J12': 20, 'J13': 48, 'cluster3106249630_3106249631_J60_J61_#5more': 3}, {'J10': 6, 'J11': 53, 'J12': 73, 'J13': 51, 'cluster3106249630_3106249631_J60_J61_#5more': 13}, 
2490.0, {'J10': np.float32(0.7937095), 'J11': np.float32(-1.3117484), 'J12': np.float32(-1.3274746), 'J13': np.float32(-0.98057353), 'cluster3106249630_3106249631_J60_J61_#5more': np.float32(0.12025902)}, {'J10': 3, 'J11': 32, 'J12': 20, 'J13': 48, 'cluster3106249630_3106249631_J60_J61_#5more': 6}, {'J10': 4, 'J11': 53, 'J12': 72, 'J13': 51, 'cluster3106249630_3106249631_J60_J61_#5more': 18}, 
2495.0, {'J10': np.float32(0.35800186), 'J11': np.float32(-1.3228492), 'J12': np.float32(-1.345976), 'J13': np.float32(-0.9833487), 'cluster3106249630_3106249631_J60_J61_#5more': np.float32(-0.12950972)}, {'J10': 1, 'J11': 32, 'J12': 20, 'J13': 48, 'cluster3106249630_3106249631_J60_J61_#5more': 6}, {'J10': 3, 'J11': 53, 'J12': 72, 'J13': 52, 'cluster3106249630_3106249631_J60_J61_#5more': 14}, 
2500.0, {'J10': np.float32(0.08788159), 'J11': np.float32(-1.3246994), 'J12': np.float32(-1.359852), 'J13': np.float32(-1.0064754), 'cluster3106249630_3106249631_J60_J61_#5more': np.float32(0.533765)}, {'J10': 2, 'J11': 32, 'J12': 20, 'J13': 49, 'cluster3106249630_3106249631_J60_J61_#5more': 4}, {'J10': 4, 'J11': 53, 'J12': 72, 'J13': 53, 'cluster3106249630_3106249631_J60_J61_#5more': 7}, 
2505.0, {'J10': np.float32(-0.019426458), 'J11': np.float32(-1.3367252), 'J12': np.float32(-1.3654025), 'J13': np.float32(-1.0379279), 'cluster3106249630_3106249631_J60_J61_#5more': np.float32(0.18501388)}, {'J10': 2, 'J11': 32, 'J12': 20, 'J13': 51, 'cluster3106249630_3106249631_J60_J61_#5more': 2}, {'J10': 2, 'J11': 53, 'J12': 74, 'J13': 55, 'cluster3106249630_3106249631_J60_J61_#5more': 3}, 
2510.0, {'J10': np.float32(0.07215541), 'J11': np.float32(-1.3413506), 'J12': np.float32(-1.3968548), 'J13': np.float32(3.0), 'cluster3106249630_3106249631_J60_J61_#5more': np.float32(-0.007400555)}, {'J10': 0, 'J11': 32, 'J12': 20, 'J13': 52, 'cluster3106249630_3106249631_J60_J61_#5more': 4}, {'J10': 0, 'J11': 53, 'J12': 74, 'J13': 54, 'cluster3106249630_3106249631_J60_J61_#5more': 4}, 
2515.0, {'J10': np.float32(-0.017576318), 'J11': np.float32(-1.3570768), 'J12': np.float32(-1.280296), 'J13': np.float32(3.0), 'cluster3106249630_3106249631_J60_J61_#5more': np.float32(0.4107308)}, {'J10': 1, 'J11': 32, 'J12': 20, 'J13': 48, 'cluster3106249630_3106249631_J60_J61_#5more': 2}, {'J10': 1, 'J11': 53, 'J12': 75, 'J13': 50, 'cluster3106249630_3106249631_J60_J61_#5more': 2}, 
2520.0, {'J10': np.float32(0.038852915), 'J11': np.float32(-1.3626271), 'J12': np.float32(-1.3746531), 'J13': np.float32(0.39315447), 'cluster3106249630_3106249631_J60_J61_#5more': np.float32(0.07770583)}, {'J10': 0, 'J11': 32, 'J12': 20, 'J13': 47, 'cluster3106249630_3106249631_J60_J61_#5more': 1}, {'J10': 0, 'J11': 53, 'J12': 74, 'J13': 50, 'cluster3106249630_3106249631_J60_J61_#5more': 5}, 
2525.0, {'J10': np.float32(-0.0), 'J11': np.float32(-1.3783534), 'J12': np.float32(3.0), 'J13': np.float32(-0.96207213), 'cluster3106249630_3106249631_J60_J61_#5more': np.float32(0.021276595)}, {'J10': 0, 'J11': 32, 'J12': 20, 'J13': 47, 'cluster3106249630_3106249631_J60_J61_#5more': 1}, {'J10': 0, 'J11': 53, 'J12': 70, 'J13': 50, 'cluster3106249630_3106249631_J60_J61_#5more': 2}, 
2530.0, {'J10': np.float32(-0.0), 'J11': np.float32(-1.3783534), 'J12': np.float32(-1.2960222), 'J13': np.float32(-0.96207213), 'cluster3106249630_3106249631_J60_J61_#5more': np.float32(-0.0018501388)}, {'J10': 0, 'J11': 32, 'J12': 20, 'J13': 47, 'cluster3106249630_3106249631_J60_J61_#5more': 0}, {'J10': 0, 'J11': 53, 'J12': 71, 'J13': 50, 'cluster3106249630_3106249631_J60_J61_#5more': 0}, 
2535.0, {'J10': np.float32(-0.0), 'J11': np.float32(-1.3783534), 'J12': np.float32(3.0), 'J13': np.float32(-0.97132283), 'cluster3106249630_3106249631_J60_J61_#5more': np.float32(0.012950972)}, {'J10': 0, 'J11': 32, 'J12': 20, 'J13': 47, 'cluster3106249630_3106249631_J60_J61_#5more': 2}, {'J10': 0, 'J11': 53, 'J12': 74, 'J13': 51, 'cluster3106249630_3106249631_J60_J61_#5more': 5}, 
2540.0, {'J10': np.float32(-0.0), 'J11': np.float32(3.0), 'J12': np.float32(1.1100832), 'J13': np.float32(-0.986124), 'cluster3106249630_3106249631_J60_J61_#5more': np.float32(-0.08048104)}, {'J10': 0, 'J11': 32, 'J12': 20, 'J13': 47, 'cluster3106249630_3106249631_J60_J61_#5more': 3}, {'J10': 0, 'J11': 53, 'J12': 74, 'J13': 51, 'cluster3106249630_3106249631_J60_J61_#5more': 6}, 
2545.0, {'J10': np.float32(-0.005550416), 'J11': np.float32(1.147086), 'J12': np.float32(-1.4061054), 'J13': np.float32(-0.45420906), 'cluster3106249630_3106249631_J60_J61_#5more': np.float32(-0.091581866)}, {'J10': 1, 'J11': 31, 'J12': 20, 'J13': 47, 'cluster3106249630_3106249631_J60_J61_#5more': 4}, {'J10': 1, 'J11': 52, 'J12': 79, 'J13': 48, 'cluster3106249630_3106249631_J60_J61_#5more': 8}, 
2550.0, {'J10': np.float32(0.005550416), 'J11': np.float32(0.9000925), 'J12': np.float32(3.0), 'J13': np.float32(-0.9084181), 'cluster3106249630_3106249631_J60_J61_#5more': np.float32(0.015726179)}, {'J10': 0, 'J11': 30, 'J12': 18, 'J13': 47, 'cluster3106249630_3106249631_J60_J61_#5more': 4}, {'J10': 0, 'J11': 51, 'J12': 74, 'J13': 48, 'cluster3106249630_3106249631_J60_J61_#5more': 4}, 
2555.0, {'J10': np.float32(-0.0), 'J11': np.float32(-1.106383), 'J12': np.float32(1.7715079), 'J13': np.float32(2.3034227), 'cluster3106249630_3106249631_J60_J61_#5more': np.float32(-0.08510638)}, {'J10': 0, 'J11': 30, 'J12': 18, 'J13': 48, 'cluster3106249630_3106249631_J60_J61_#5more': 4}, {'J10': 0, 'J11': 51, 'J12': 71, 'J13': 48, 'cluster3106249630_3106249631_J60_J61_#5more': 5}, 
2560.0, {'J10': np.float32(-0.006475486), 'J11': np.float32(-1.1304348), 'J12': np.float32(1.5485661), 'J13': np.float32(3.0), 'cluster3106249630_3106249631_J60_J61_#5more': np.float32(-0.06475486)}, {'J10': 2, 'J11': 30, 'J12': 19, 'J13': 46, 'cluster3106249630_3106249631_J60_J61_#5more': 4}, {'J10': 3, 'J11': 51, 'J12': 71, 'J13': 46, 'cluster3106249630_3106249631_J60_J61_#5more': 4}, 
2565.0, {'J10': np.float32(-0.035152636), 'J11': np.float32(-1.1517113), 'J12': np.float32(-1.3311749), 'J13': np.float32(-0.8880666), 'cluster3106249630_3106249631_J60_J61_#5more': np.float32(-0.08140611)}, {'J10': 2, 'J11': 30, 'J12': 20, 'J13': 49, 'cluster3106249630_3106249631_J60_J61_#5more': 4}, {'J10': 2, 'J11': 51, 'J12': 72, 'J13': 50, 'cluster3106249630_3106249631_J60_J61_#5more': 5}, 
2570.0, {'J10': np.float32(0.041628122), 'J11': np.float32(-1.159112), 'J12': np.float32(1.5661424), 'J13': np.float32(2.3681777), 'cluster3106249630_3106249631_J60_J61_#5more': np.float32(-0.08140611)}, {'J10': 0, 'J11': 31, 'J12': 20, 'J13': 47, 'cluster3106249630_3106249631_J60_J61_#5more': 4}, {'J10': 0, 'J11': 52, 'J12': 71, 'J13': 47, 'cluster3106249630_3106249631_J60_J61_#5more': 4}, 
2575.0, {'J10': np.float32(-0.016651249), 'J11': np.float32(-0.08140611), 'J12': np.float32(-1.3228492), 'J13': np.float32(2.4440334), 'cluster3106249630_3106249631_J60_J61_#5more': np.float32(-0.12210916)}, {'J10': 1, 'J11': 32, 'J12': 20, 'J13': 44, 'cluster3106249630_3106249631_J60_J61_#5more': 4}, {'J10': 1, 'J11': 53, 'J12': 71, 'J13': 44, 'cluster3106249630_3106249631_J60_J61_#5more': 4}, 
2580.0, {'J10': np.float32(-0.027752081), 'J11': np.float32(3.0), 'J12': np.float32(1.6577244), 'J13': np.float32(-0.82793707), 'cluster3106249630_3106249631_J60_J61_#5more': np.float32(-0.035152636)}, {'J10': 1, 'J11': 30, 'J12': 20, 'J13': 44, 'cluster3106249630_3106249631_J60_J61_#5more': 4}, {'J10': 1, 'J11': 51, 'J12': 70, 'J13': 44, 'cluster3106249630_3106249631_J60_J61_#5more': 8}, 
2585.0, {'J10': np.float32(-0.033302497), 'J11': np.float32(3.0), 'J12': np.float32(3.0), 'J13': np.float32(-0.839963), 'cluster3106249630_3106249631_J60_J61_#5more': np.float32(-0.14246069)}, {'J10': 2, 'J11': 28, 'J12': 20, 'J13': 44, 'cluster3106249630_3106249631_J60_J61_#5more': 4}, {'J10': 2, 'J11': 49, 'J12': 68, 'J13': 44, 'cluster3106249630_3106249631_J60_J61_#5more': 7}, 
2590.0, {'J10': np.float32(-0.052728955), 'J11': np.float32(-0.85568917), 'J12': np.float32(-1.2645699), 'J13': np.float32(-0.84181315), 'cluster3106249630_3106249631_J60_J61_#5more': np.float32(-0.0906568)}, {'J10': 3, 'J11': 28, 'J12': 20, 'J13': 44, 'cluster3106249630_3106249631_J60_J61_#5more': 4}, {'J10': 3, 'J11': 49, 'J12': 69, 'J13': 44, 'cluster3106249630_3106249631_J60_J61_#5more': 10}, 
2595.0, {'J10': np.float32(0.062904716), 'J11': np.float32(-0.9361702), 'J12': np.float32(0.9639223), 'J13': np.float32(-0.8159112), 'cluster3106249630_3106249631_J60_J61_#5more': np.float32(-0.09898242)}, {'J10': 2, 'J11': 28, 'J12': 20, 'J13': 44, 'cluster3106249630_3106249631_J60_J61_#5more': 4}, {'J10': 2, 'J11': 49, 'J12': 74, 'J13': 44, 'cluster3106249630_3106249631_J60_J61_#5more': 10}, 
2600.0, {'J10': np.float32(-0.037002776), 'J11': np.float32(-0.9555967), 'J12': np.float32(-1.4273821), 'J13': np.float32(-0.83256245), 'cluster3106249630_3106249631_J60_J61_#5more': np.float32(0.413506)}, {'J10': 2, 'J11': 28, 'J12': 20, 'J13': 44, 'cluster3106249630_3106249631_J60_J61_#5more': 3}, {'J10': 2, 'J11': 49, 'J12': 78, 'J13': 44, 'cluster3106249630_3106249631_J60_J61_#5more': 7}, 
2605.0, {'J10': np.float32(-0.050878815), 'J11': np.float32(-0.78723407), 'J12': np.float32(-1.4301573), 'J13': np.float32(-0.83256245), 'cluster3106249630_3106249631_J60_J61_#5more': np.float32(0.22109158)}, {'J10': 4, 'J11': 29, 'J12': 20, 'J13': 44, 'cluster3106249630_3106249631_J60_J61_#5more': 1}, {'J10': 4, 'J11': 50, 'J12': 77, 'J13': 44, 'cluster3106249630_3106249631_J60_J61_#5more': 3}, 
2610.0, {'J10': np.float32(-0.07493062), 'J11': np.float32(-1.0138761), 'J12': np.float32(-1.3506013), 'J13': np.float32(-0.8575393), 'cluster3106249630_3106249631_J60_J61_#5more': np.float32(0.26827013)}, {'J10': 5, 'J11': 32, 'J12': 20, 'J13': 49, 'cluster3106249630_3106249631_J60_J61_#5more': 0}, {'J10': 5, 'J11': 53, 'J12': 75, 'J13': 50, 'cluster3106249630_3106249631_J60_J61_#5more': 0}, 
2615.0, {'J10': np.float32(-0.09250694), 'J11': np.float32(-0.93802035), 'J12': np.float32(-1.4375578), 'J13': np.float32(-0.9509713), 'cluster3106249630_3106249631_J60_J61_#5more': np.float32(-0.0573543)}, {'J10': 5, 'J11': 32, 'J12': 20, 'J13': 51, 'cluster3106249630_3106249631_J60_J61_#5more': 2}, {'J10': 5, 'J11': 53, 'J12': 76, 'J13': 52, 'cluster3106249630_3106249631_J60_J61_#5more': 2}, 
2620.0, {'J10': np.float32(-0.09250694), 'J11': np.float32(-1.0360777), 'J12': np.float32(3.0), 'J13': np.float32(-1.0074005), 'cluster3106249630_3106249631_J60_J61_#5more': np.float32(-0.11748381)}, {'J10': 5, 'J11': 32, 'J12': 20, 'J13': 54, 'cluster3106249630_3106249631_J60_J61_#5more': 4}, {'J10': 5, 'J11': 53, 'J12': 69, 'J13': 57, 'cluster3106249630_3106249631_J60_J61_#5more': 5}, 
2625.0, {'J10': np.float32(-0.09250694), 'J11': np.float32(-1.0009251), 'J12': np.float32(0.14616096), 'J13': np.float32(-1.0730805), 'cluster3106249630_3106249631_J60_J61_#5more': np.float32(0.07308048)}, {'J10': 5, 'J11': 32, 'J12': 20, 'J13': 54, 'cluster3106249630_3106249631_J60_J61_#5more': 4}, {'J10': 5, 'J11': 54, 'J12': 69, 'J13': 57, 'cluster3106249630_3106249631_J60_J61_#5more': 9}, 
2630.0, {'J10': np.float32(-0.09620722), 'J11': np.float32(-1.0360777), 'J12': np.float32(0.0018501388), 'J13': np.float32(-1.0730805), 'cluster3106249630_3106249631_J60_J61_#5more': np.float32(-0.13228492)}, {'J10': 5, 'J11': 32, 'J12': 20, 'J13': 54, 'cluster3106249630_3106249631_J60_J61_#5more': 4}, {'J10': 6, 'J11': 54, 'J12': 70, 'J13': 57, 'cluster3106249630_3106249631_J60_J61_#5more': 13}, 
2635.0, {'J10': np.float32(-0.11840888), 'J11': np.float32(-1.0462534), 'J12': np.float32(-1.3219241), 'J13': np.float32(2.9093432), 'cluster3106249630_3106249631_J60_J61_#5more': np.float32(-0.21276596)}, {'J10': 5, 'J11': 32, 'J12': 20, 'J13': 51, 'cluster3106249630_3106249631_J60_J61_#5more': 7}, {'J10': 6, 'J11': 55, 'J12': 73, 'J13': 52, 'cluster3106249630_3106249631_J60_J61_#5more': 17}, 
2640.0, {'J10': np.float32(-0.12025902), 'J11': np.float32(-1.0777059), 'J12': np.float32(-1.2867715), 'J13': np.float32(1.6956521), 'cluster3106249630_3106249631_J60_J61_#5more': np.float32(0.024976874)}, {'J10': 5, 'J11': 32, 'J12': 20, 'J13': 49, 'cluster3106249630_3106249631_J60_J61_#5more': 6}, {'J10': 6, 'J11': 57, 'J12': 71, 'J13': 50, 'cluster3106249630_3106249631_J60_J61_#5more': 13}, 
2645.0, {'J10': np.float32(-0.12025902), 'J11': np.float32(-1.1239593), 'J12': np.float32(2.292322), 'J13': np.float32(0.3172988), 'cluster3106249630_3106249631_J60_J61_#5more': np.float32(0.24421832)}, {'J10': 5, 'J11': 32, 'J12': 18, 'J13': 48, 'cluster3106249630_3106249631_J60_J61_#5more': 2}, {'J10': 6, 'J11': 58, 'J12': 71, 'J13': 50, 'cluster3106249630_3106249631_J60_J61_#5more': 5}, 
2650.0, {'J10': np.float32(0.2358927), 'J11': np.float32(-1.1637373), 'J12': np.float32(-1.3432007), 'J13': np.float32(-0.92876965), 'cluster3106249630_3106249631_J60_J61_#5more': np.float32(0.10638298)}, {'J10': 4, 'J11': 32, 'J12': 18, 'J13': 48, 'cluster3106249630_3106249631_J60_J61_#5more': 3}, {'J10': 5, 'J11': 60, 'J12': 71, 'J13': 51, 'cluster3106249630_3106249631_J60_J61_#5more': 3}, 
2655.0, {'J10': np.float32(-0.08603145), 'J11': np.float32(3.0), 'J12': np.float32(0.17483811), 'J13': np.float32(2.79926), 'cluster3106249630_3106249631_J60_J61_#5more': np.float32(-0.08603145)}, {'J10': 4, 'J11': 32, 'J12': 18, 'J13': 45, 'cluster3106249630_3106249631_J60_J61_#5more': 4}, {'J10': 8, 'J11': 58, 'J12': 70, 'J13': 48, 'cluster3106249630_3106249631_J60_J61_#5more': 4}, 
2660.0, {'J10': np.float32(-0.084181316), 'J11': np.float32(-1.0999075), 'J12': np.float32(0.10175763), 'J13': np.float32(1.5494912), 'cluster3106249630_3106249631_J60_J61_#5more': np.float32(-0.091581866)}, {'J10': 5, 'J11': 32, 'J12': 20, 'J13': 43, 'cluster3106249630_3106249631_J60_J61_#5more': 4}, {'J10': 6, 'J11': 58, 'J12': 71, 'J13': 45, 'cluster3106249630_3106249631_J60_J61_#5more': 4}, 
2665.0, {'J10': np.float32(-0.111008324), 'J11': np.float32(-1.1406106), 'J12': np.float32(0.111933395), 'J13': np.float32(0.33395004), 'cluster3106249630_3106249631_J60_J61_#5more': np.float32(-0.08973173)}, {'J10': 5, 'J11': 32, 'J12': 20, 'J13': 42, 'cluster3106249630_3106249631_J60_J61_#5more': 4}, {'J10': 6, 'J11': 60, 'J12': 70, 'J13': 44, 'cluster3106249630_3106249631_J60_J61_#5more': 4}, 
2670.0, {'J10': np.float32(0.49491212), 'J11': np.float32(-0.9935245), 'J12': np.float32(1.7002776), 'J13': np.float32(-0.8186864), 'cluster3106249630_3106249631_J60_J61_#5more': np.float32(0.09713229)}, {'J10': 3, 'J11': 32, 'J12': 19, 'J13': 42, 'cluster3106249630_3106249631_J60_J61_#5more': 3}, {'J10': 4, 'J11': 58, 'J12': 68, 'J13': 45, 'cluster3106249630_3106249631_J60_J61_#5more': 3}, 
2675.0, {'J10': np.float32(-0.052728955), 'J11': np.float32(-0.9454209), 'J12': np.float32(3.0), 'J13': np.float32(1.7150786), 'cluster3106249630_3106249631_J60_J61_#5more': np.float32(0.015726179)}, {'J10': 3, 'J11': 32, 'J12': 19, 'J13': 40, 'cluster3106249630_3106249631_J60_J61_#5more': 2}, {'J10': 3, 'J11': 61, 'J12': 63, 'J13': 43, 'cluster3106249630_3106249631_J60_J61_#5more': 2}, 
2680.0, {'J10': np.float32(-0.055504162), 'J11': np.float32(-1.2238668), 'J12': np.float32(-0.9703978), 'J13': np.float32(3.0), 'cluster3106249630_3106249631_J60_J61_#5more': np.float32(0.14153561)}, {'J10': 3, 'J11': 32, 'J12': 19, 'J13': 35, 'cluster3106249630_3106249631_J60_J61_#5more': 1}, {'J10': 3, 'J11': 63, 'J12': 62, 'J13': 38, 'cluster3106249630_3106249631_J60_J61_#5more': 1}, 
2685.0, {'J10': np.float32(0.5217391), 'J11': np.float32(-1.2682701), 'J12': np.float32(-1.1850139), 'J13': np.float32(0.5615171), 'cluster3106249630_3106249631_J60_J61_#5more': np.float32(-0.07215541)}, {'J10': 1, 'J11': 32, 'J12': 19, 'J13': 34, 'cluster3106249630_3106249631_J60_J61_#5more': 3}, {'J10': 2, 'J11': 65, 'J12': 69, 'J13': 36, 'cluster3106249630_3106249631_J60_J61_#5more': 4}, 
2690.0, {'J10': np.float32(-0.015726179), 'J11': np.float32(-1.3006475), 'J12': np.float32(3.0), 'J13': np.float32(1.7918594), 'cluster3106249630_3106249631_J60_J61_#5more': np.float32(-0.12210916)}, {'J10': 1, 'J11': 32, 'J12': 19, 'J13': 33, 'cluster3106249630_3106249631_J60_J61_#5more': 6}, {'J10': 1, 'J11': 65, 'J12': 69, 'J13': 35, 'cluster3106249630_3106249631_J60_J61_#5more': 8}, 
2695.0, {'J10': np.float32(-0.03422757), 'J11': np.float32(-1.3098983), 'J12': np.float32(1.0416281), 'J13': np.float32(1.8085107), 'cluster3106249630_3106249631_J60_J61_#5more': np.float32(-0.07770583)}, {'J10': 1, 'J11': 32, 'J12': 20, 'J13': 31, 'cluster3106249630_3106249631_J60_J61_#5more': 5}, {'J10': 3, 'J11': 67, 'J12': 69, 'J13': 33, 'cluster3106249630_3106249631_J60_J61_#5more': 6}, 
2700.0, {'J10': np.float32(-0.037927844), 'J11': np.float32(-0.9481961), 'J12': np.float32(-0.6864015), 'J13': np.float32(-0.6160962), 'cluster3106249630_3106249631_J60_J61_#5more': np.float32(-0.02867715)}, {'J10': 3, 'J11': 32, 'J12': 20, 'J13': 31, 'cluster3106249630_3106249631_J60_J61_#5more': 4}, {'J10': 4, 'J11': 69, 'J12': 70, 'J13': 35, 'cluster3106249630_3106249631_J60_J61_#5more': 5}, 
2705.0, {'J10': np.float32(-0.08233117), 'J11': np.float32(-1.2303423), 'J12': np.float32(-1.2756706), 'J13': np.float32(1.8963922), 'cluster3106249630_3106249631_J60_J61_#5more': np.float32(0.004625347)}, {'J10': 3, 'J11': 32, 'J12': 20, 'J13': 29, 'cluster3106249630_3106249631_J60_J61_#5more': 1}, {'J10': 5, 'J11': 69, 'J12': 69, 'J13': 32, 'cluster3106249630_3106249631_J60_J61_#5more': 1}, 
2710.0, {'J10': np.float32(-0.09898242), 'J11': np.float32(-1.3385754), 'J12': np.float32(-1.2969472), 'J13': np.float32(3.0), 'cluster3106249630_3106249631_J60_J61_#5more': np.float32(-0.07585569)}, {'J10': 3, 'J11': 32, 'J12': 21, 'J13': 26, 'cluster3106249630_3106249631_J60_J61_#5more': 3}, {'J10': 6, 'J11': 70, 'J12': 74, 'J13': 29, 'cluster3106249630_3106249631_J60_J61_#5more': 3}, 
2715.0, {'J10': np.float32(-0.12580943), 'J11': np.float32(-1.3811285), 'J12': np.float32(-1.3811285), 'J13': np.float32(0.26456985), 'cluster3106249630_3106249631_J60_J61_#5more': np.float32(-0.12950972)}, {'J10': 4, 'J11': 32, 'J12': 21, 'J13': 25, 'cluster3106249630_3106249631_J60_J61_#5more': 6}, {'J10': 7, 'J11': 71, 'J12': 77, 'J13': 28, 'cluster3106249630_3106249631_J60_J61_#5more': 6}, 
2720.0, {'J10': np.float32(-0.1387604), 'J11': np.float32(-1.385754), 'J12': np.float32(2.3681777), 'J13': np.float32(1.0638298), 'cluster3106249630_3106249631_J60_J61_#5more': np.float32(0.40055504)}, {'J10': 4, 'J11': 32, 'J12': 19, 'J13': 23, 'cluster3106249630_3106249631_J60_J61_#5more': 8}, {'J10': 7, 'J11': 72, 'J12': 75, 'J13': 26, 'cluster3106249630_3106249631_J60_J61_#5more': 9}, 
2725.0, {'J10': np.float32(-0.15633672), 'J11': np.float32(-1.1230342), 'J12': np.float32(2.4643848), 'J13': np.float32(0.32747456), 'cluster3106249630_3106249631_J60_J61_#5more': np.float32(-0.18963923)}, {'J10': 5, 'J11': 32, 'J12': 17, 'J13': 22, 'cluster3106249630_3106249631_J60_J61_#5more': 9}, {'J10': 8, 'J11': 70, 'J12': 71, 'J13': 25, 'cluster3106249630_3106249631_J60_J61_#5more': 12}, 
2730.0, {'J10': np.float32(-0.16651249), 'J11': np.float32(-0.89269197), 'J12': np.float32(0.71785384), 'J13': np.float32(0.25161886), 'cluster3106249630_3106249631_J60_J61_#5more': np.float32(-0.24329324)}, {'J10': 5, 'J11': 32, 'J12': 16, 'J13': 22, 'cluster3106249630_3106249631_J60_J61_#5more': 11}, {'J10': 8, 'J11': 65, 'J12': 68, 'J13': 22, 'cluster3106249630_3106249631_J60_J61_#5more': 15}, 
2735.0, {'J10': np.float32(0.34042552), 'J11': np.float32(3.0), 'J12': np.float32(-1.2765957), 'J13': np.float32(0.4144311), 'cluster3106249630_3106249631_J60_J61_#5more': np.float32(-0.022201665)}, {'J10': 4, 'J11': 30, 'J12': 16, 'J13': 21, 'cluster3106249630_3106249631_J60_J61_#5more': 10}, {'J10': 7, 'J11': 59, 'J12': 68, 'J13': 23, 'cluster3106249630_3106249631_J60_J61_#5more': 14}, 
2740.0, {'J10': np.float32(-0.13691027), 'J11': np.float32(3.0), 'J12': np.float32(2.4440334), 'J13': np.float32(1.7909343), 'cluster3106249630_3106249631_J60_J61_#5more': np.float32(0.18871415)}, {'J10': 4, 'J11': 28, 'J12': 15, 'J13': 22, 'cluster3106249630_3106249631_J60_J61_#5more': 5}, {'J10': 9, 'J11': 54, 'J12': 67, 'J13': 24, 'cluster3106249630_3106249631_J60_J61_#5more': 9}, 
2745.0, {'J10': np.float32(-0.024976874), 'J11': np.float32(-0.87696576), 'J12': np.float32(-1.1748381), 'J13': np.float32(1.1785384), 'cluster3106249630_3106249631_J60_J61_#5more': np.float32(0.052728955)}, {'J10': 4, 'J11': 28, 'J12': 18, 'J13': 22, 'cluster3106249630_3106249631_J60_J61_#5more': 4}, {'J10': 9, 'J11': 53, 'J12': 71, 'J13': 23, 'cluster3106249630_3106249631_J60_J61_#5more': 6}, 
2750.0, {'J10': np.float32(-0.12488437), 'J11': np.float32(-1.1776134), 'J12': np.float32(-1.320074), 'J13': np.float32(-0.42553192), 'cluster3106249630_3106249631_J60_J61_#5more': np.float32(-0.07493062)}, {'J10': 5, 'J11': 28, 'J12': 19, 'J13': 22, 'cluster3106249630_3106249631_J60_J61_#5more': 4}, {'J10': 10, 'J11': 53, 'J12': 72, 'J13': 23, 'cluster3106249630_3106249631_J60_J61_#5more': 8}, 
2755.0, {'J10': np.float32(0.005550416), 'J11': np.float32(3.0), 'J12': np.float32(-1.3117484), 'J13': np.float32(1.0064754), 'cluster3106249630_3106249631_J60_J61_#5more': np.float32(0.079555966)}, {'J10': 6, 'J11': 28, 'J12': 19, 'J13': 20, 'cluster3106249630_3106249631_J60_J61_#5more': 4}, {'J10': 13, 'J11': 52, 'J12': 71, 'J13': 21, 'cluster3106249630_3106249631_J60_J61_#5more': 5}, 
2760.0, {'J10': np.float32(-0.17946346), 'J11': np.float32(1.4264569), 'J12': np.float32(-1.3089732), 'J13': np.float32(-0.2812211), 'cluster3106249630_3106249631_J60_J61_#5more': np.float32(-0.07678076)}, {'J10': 6, 'J11': 29, 'J12': 20, 'J13': 20, 'cluster3106249630_3106249631_J60_J61_#5more': 4}, {'J10': 11, 'J11': 53, 'J12': 72, 'J13': 20, 'cluster3106249630_3106249631_J60_J61_#5more': 6}, 
2765.0, {'J10': np.float32(-0.22294173), 'J11': np.float32(-1.1415356), 'J12': np.float32(-1.3219241), 'J13': np.float32(-0.37002775), 'cluster3106249630_3106249631_J60_J61_#5more': np.float32(0.07400555)}, {'J10': 6, 'J11': 32, 'J12': 20, 'J13': 20, 'cluster3106249630_3106249631_J60_J61_#5more': 3}, {'J10': 13, 'J11': 57, 'J12': 72, 'J13': 20, 'cluster3106249630_3106249631_J60_J61_#5more': 3}, 
2770.0, {'J10': np.float32(0.08695652), 'J11': np.float32(-1.2386678), 'J12': np.float32(-1.3626271), 'J13': np.float32(1.7261795), 'cluster3106249630_3106249631_J60_J61_#5more': np.float32(-0.1147086)}, {'J10': 7, 'J11': 32, 'J12': 22, 'J13': 21, 'cluster3106249630_3106249631_J60_J61_#5more': 3}, {'J10': 12, 'J11': 59, 'J12': 76, 'J13': 23, 'cluster3106249630_3106249631_J60_J61_#5more': 5}, 
2775.0, {'J10': np.float32(0.037002776), 'J11': np.float32(3.0), 'J12': np.float32(-1.4246068), 'J13': np.float32(-0.453284), 'cluster3106249630_3106249631_J60_J61_#5more': np.float32(-0.071230344)}, {'J10': 8, 'J11': 32, 'J12': 22, 'J13': 27, 'cluster3106249630_3106249631_J60_J61_#5more': 4}, {'J10': 12, 'J11': 59, 'J12': 76, 'J13': 30, 'cluster3106249630_3106249631_J60_J61_#5more': 7}, 
2780.0, {'J10': np.float32(-0.22201665), 'J11': np.float32(1.3561517), 'J12': np.float32(2.3765032), 'J13': np.float32(1.4773358), 'cluster3106249630_3106249631_J60_J61_#5more': np.float32(-0.1785384)}, {'J10': 8, 'J11': 32, 'J12': 20, 'J13': 28, 'cluster3106249630_3106249631_J60_J61_#5more': 5}, {'J10': 12, 'J11': 61, 'J12': 74, 'J13': 33, 'cluster3106249630_3106249631_J60_J61_#5more': 11}, 
2785.0, {'J10': np.float32(-0.17946346), 'J11': np.float32(-1.1581869), 'J12': np.float32(1.1877891), 'J13': np.float32(1.3570768), 'cluster3106249630_3106249631_J60_J61_#5more': np.float32(-0.19518964)}, {'J10': 8, 'J11': 32, 'J12': 20, 'J13': 28, 'cluster3106249630_3106249631_J60_J61_#5more': 6}, {'J10': 12, 'J11': 62, 'J12': 72, 'J13': 31, 'cluster3106249630_3106249631_J60_J61_#5more': 14}, 
2790.0, {'J10': np.float32(0.016651249), 'J11': np.float32(-1.19889), 'J12': np.float32(2.5106382), 'J13': np.float32(-0.34135062), 'cluster3106249630_3106249631_J60_J61_#5more': np.float32(0.12950972)}, {'J10': 8, 'J11': 32, 'J12': 18, 'J13': 27, 'cluster3106249630_3106249631_J60_J61_#5more': 9}, {'J10': 13, 'J11': 63, 'J12': 70, 'J13': 29, 'cluster3106249630_3106249631_J60_J61_#5more': 15}, 
2795.0, {'J10': np.float32(-0.025901943), 'J11': np.float32(-0.9435708), 'J12': np.float32(3.0), 'J13': np.float32(0.3441258), 'cluster3106249630_3106249631_J60_J61_#5more': np.float32(0.031452358)}, {'J10': 8, 'J11': 32, 'J12': 15, 'J13': 25, 'cluster3106249630_3106249631_J60_J61_#5more': 7}, {'J10': 10, 'J11': 62, 'J12': 67, 'J13': 27, 'cluster3106249630_3106249631_J60_J61_#5more': 11}, 
2800.0, {'J10': np.float32(-0.1961147), 'J11': np.float32(-0.83533764), 'J12': np.float32(-1.2035153), 'J13': np.float32(0.43015727), 'cluster3106249630_3106249631_J60_J61_#5more': np.float32(0.2053654)}, {'J10': 9, 'J11': 32, 'J12': 15, 'J13': 23, 'cluster3106249630_3106249631_J60_J61_#5more': 4}, {'J10': 13, 'J11': 61, 'J12': 67, 'J13': 25, 'cluster3106249630_3106249631_J60_J61_#5more': 6}, 
2805.0, {'J10': np.float32(0.52728957), 'J11': np.float32(-1.0416281), 'J12': np.float32(0.18963923), 'J13': np.float32(1.2784458), 'cluster3106249630_3106249631_J60_J61_#5more': np.float32(-0.026827011)}, {'J10': 7, 'J11': 32, 'J12': 14, 'J13': 19, 'cluster3106249630_3106249631_J60_J61_#5more': 4}, {'J10': 12, 'J11': 59, 'J12': 66, 'J13': 23, 'cluster3106249630_3106249631_J60_J61_#5more': 6}, 
2810.0, {'J10': np.float32(-0.08603145), 'J11': np.float32(-1.1933395), 'J12': np.float32(-0.17761332), 'J13': np.float32(-0.42553192), 'cluster3106249630_3106249631_J60_J61_#5more': np.float32(0.49398705)}, {'J10': 8, 'J11': 32, 'J12': 14, 'J13': 19, 'cluster3106249630_3106249631_J60_J61_#5more': 2}, {'J10': 10, 'J11': 59, 'J12': 64, 'J13': 23, 'cluster3106249630_3106249631_J60_J61_#5more': 5}, 
2815.0, {'J10': np.float32(-0.1359852), 'J11': np.float32(-1.2025902), 'J12': np.float32(-1.2210916), 'J13': np.float32(-0.426457), 'cluster3106249630_3106249631_J60_J61_#5more': np.float32(0.19518964)}, {'J10': 8, 'J11': 32, 'J12': 14, 'J13': 20, 'cluster3106249630_3106249631_J60_J61_#5more': 0}, {'J10': 11, 'J11': 59, 'J12': 64, 'J13': 24, 'cluster3106249630_3106249631_J60_J61_#5more': 0}, 
2820.0, {'J10': np.float32(-0.08603145), 'J11': np.float32(-1.0222017), 'J12': np.float32(-1.1045328), 'J13': np.float32(0.3691027), 'cluster3106249630_3106249631_J60_J61_#5more': np.float32(-0.005550416)}, {'J10': 9, 'J11': 32, 'J12': 15, 'J13': 19, 'cluster3106249630_3106249631_J60_J61_#5more': 1}, {'J10': 10, 'J11': 59, 'J12': 69, 'J13': 22, 'cluster3106249630_3106249631_J60_J61_#5more': 2}, 
2825.0, {'J10': np.float32(-0.2025902), 'J11': np.float32(-1.1813136), 'J12': np.float32(-0.57724327), 'J13': np.float32(0.6734505), 'cluster3106249630_3106249631_J60_J61_#5more': np.float32(-0.03052729)}, {'J10': 10, 'J11': 32, 'J12': 18, 'J13': 15, 'cluster3106249630_3106249631_J60_J61_#5more': 2}, {'J10': 11, 'J11': 59, 'J12': 72, 'J13': 18, 'cluster3106249630_3106249631_J60_J61_#5more': 4}, 
2830.0, {'J10': np.float32(-0.21276596), 'J11': np.float32(-1.1877891), 'J12': np.float32(-0.084181316), 'J13': np.float32(-0.28307122), 'cluster3106249630_3106249631_J60_J61_#5more': np.float32(-0.084181316)}, {'J10': 10, 'J11': 32, 'J12': 18, 'J13': 15, 'cluster3106249630_3106249631_J60_J61_#5more': 2}, {'J10': 11, 'J11': 59, 'J12': 70, 'J13': 18, 'cluster3106249630_3106249631_J60_J61_#5more': 5}, 
2835.0, {'J10': np.float32(-0.12673451), 'J11': np.float32(-1.1942645), 'J12': np.float32(-0.09343201), 'J13': np.float32(-0.34227568), 'cluster3106249630_3106249631_J60_J61_#5more': np.float32(0.011100832)}, {'J10': 10, 'J11': 32, 'J12': 19, 'J13': 15, 'cluster3106249630_3106249631_J60_J61_#5more': 1}, {'J10': 10, 'J11': 59, 'J12': 71, 'J13': 18, 'cluster3106249630_3106249631_J60_J61_#5more': 2}, 
2840.0, {'J10': np.float32(-0.19241443), 'J11': np.float32(-1.226642), 'J12': np.float32(-1.3219241), 'J13': np.float32(0.2997225), 'cluster3106249630_3106249631_J60_J61_#5more': np.float32(0.035152636)}, {'J10': 11, 'J11': 32, 'J12': 19, 'J13': 18, 'cluster3106249630_3106249631_J60_J61_#5more': 1}, {'J10': 11, 'J11': 59, 'J12': 71, 'J13': 19, 'cluster3106249630_3106249631_J60_J61_#5more': 1}, 
2845.0, {'J10': np.float32(-0.20351526), 'J11': np.float32(-1.239593), 'J12': np.float32(2.0499537), 'J13': np.float32(-0.37372804), 'cluster3106249630_3106249631_J60_J61_#5more': np.float32(0.037927844)}, {'J10': 11, 'J11': 32, 'J12': 21, 'J13': 22, 'cluster3106249630_3106249631_J60_J61_#5more': 3}, {'J10': 11, 'J11': 60, 'J12': 71, 'J13': 23, 'cluster3106249630_3106249631_J60_J61_#5more': 5}, 
2850.0, {'J10': np.float32(-0.20351526), 'J11': np.float32(-1.2590194), 'J12': np.float32(-1.3293247), 'J13': np.float32(-0.4708603), 'cluster3106249630_3106249631_J60_J61_#5more': np.float32(-0.13691027)}, {'J10': 11, 'J11': 32, 'J12': 21, 'J13': 30, 'cluster3106249630_3106249631_J60_J61_#5more': 4}, {'J10': 11, 'J11': 61, 'J12': 73, 'J13': 31, 'cluster3106249630_3106249631_J60_J61_#5more': 9}, 
2855.0, {'J10': np.float32(-0.20721555), 'J11': np.float32(-1.2784458), 'J12': np.float32(3.0), 'J13': np.float32(-0.6234968), 'cluster3106249630_3106249631_J60_J61_#5more': np.float32(-0.017576318)}, {'J10': 11, 'J11': 32, 'J12': 17, 'J13': 38, 'cluster3106249630_3106249631_J60_J61_#5more': 3}, {'J10': 12, 'J11': 61, 'J12': 68, 'J13': 39, 'cluster3106249630_3106249631_J60_J61_#5more': 7}, 
2860.0, {'J10': np.float32(-0.22201665), 'J11': np.float32(-1.2303423), 'J12': np.float32(2.6493988), 'J13': np.float32(-0.7641073), 'cluster3106249630_3106249631_J60_J61_#5more': np.float32(-0.031452358)}, {'J10': 11, 'J11': 32, 'J12': 13, 'J13': 44, 'cluster3106249630_3106249631_J60_J61_#5more': 3}, {'J10': 12, 'J11': 60, 'J12': 63, 'J13': 45, 'cluster3106249630_3106249631_J60_J61_#5more': 6}, 
2865.0, {'J10': np.float32(-0.19148937), 'J11': np.float32(3.0), 'J12': np.float32(-0.039777983), 'J13': np.float32(-0.8695652), 'cluster3106249630_3106249631_J60_J61_#5more': np.float32(-0.002775208)}, {'J10': 13, 'J11': 32, 'J12': 13, 'J13': 48, 'cluster3106249630_3106249631_J60_J61_#5more': 3}, {'J10': 13, 'J11': 58, 'J12': 59, 'J13': 49, 'cluster3106249630_3106249631_J60_J61_#5more': 4}, 
2870.0, {'J10': np.float32(-0.25531915), 'J11': np.float32(3.0), 'J12': np.float32(-0.41535616), 'J13': np.float32(-0.95374656), 'cluster3106249630_3106249631_J60_J61_#5more': np.float32(0.15541166)}, {'J10': 14, 'J11': 32, 'J12': 13, 'J13': 53, 'cluster3106249630_3106249631_J60_J61_#5more': 2}, {'J10': 16, 'J11': 60, 'J12': 55, 'J13': 54, 'cluster3106249630_3106249631_J60_J61_#5more': 4}, 
2875.0, {'J10': np.float32(-0.25346902), 'J11': np.float32(-1.1646624), 'J12': np.float32(3.0), 'J13': np.float32(-1.0351527), 'cluster3106249630_3106249631_J60_J61_#5more': np.float32(-0.022201665)}, {'J10': 15, 'J11': 32, 'J12': 13, 'J13': 54, 'cluster3106249630_3106249631_J60_J61_#5more': 1}, {'J10': 15, 'J11': 60, 'J12': 49, 'J13': 55, 'cluster3106249630_3106249631_J60_J61_#5more': 1}, 
2880.0, {'J10': np.float32(-0.2775208), 'J11': np.float32(3.0), 'J12': np.float32(-0.9019427), 'J13': np.float32(-1.0582794), 'cluster3106249630_3106249631_J60_J61_#5more': np.float32(0.08510638)}, {'J10': 15, 'J11': 30, 'J12': 13, 'J13': 55, 'cluster3106249630_3106249631_J60_J61_#5more': 1}, {'J10': 15, 'J11': 59, 'J12': 53, 'J13': 56, 'cluster3106249630_3106249631_J60_J61_#5more': 3}, 
2885.0, {'J10': np.float32(-0.2839963), 'J11': np.float32(-0.99907494), 'J12': np.float32(-1.0416281), 'J13': np.float32(-0.6975023), 'cluster3106249630_3106249631_J60_J61_#5more': np.float32(-0.047178537)}, {'J10': 16, 'J11': 30, 'J12': 13, 'J13': 54, 'cluster3106249630_3106249631_J60_J61_#5more': 4}, {'J10': 17, 'J11': 57, 'J12': 58, 'J13': 54, 'cluster3106249630_3106249631_J60_J61_#5more': 5}, 
2890.0, {'J10': np.float32(-0.29694727), 'J11': np.float32(-1.0490286), 'J12': np.float32(-1.0018501), 'J13': np.float32(0.1359852), 'cluster3106249630_3106249631_J60_J61_#5more': np.float32(0.012025902)}, {'J10': 17, 'J11': 30, 'J12': 13, 'J13': 51, 'cluster3106249630_3106249631_J60_J61_#5more': 2}, {'J10': 17, 'J11': 59, 'J12': 58, 'J13': 52, 'cluster3106249630_3106249631_J60_J61_#5more': 2}, 
2895.0, {'J10': np.float32(-0.31452358), 'J11': np.float32(3.0), 'J12': np.float32(-1.1452359), 'J13': np.float32(0.80481035), 'cluster3106249630_3106249631_J60_J61_#5more': np.float32(0.022201665)}, {'J10': 17, 'J11': 30, 'J12': 13, 'J13': 46, 'cluster3106249630_3106249631_J60_J61_#5more': 4}, {'J10': 17, 'J11': 58, 'J12': 61, 'J13': 47, 'cluster3106249630_3106249631_J60_J61_#5more': 4}, 
2900.0, {'J10': np.float32(-0.3172988), 'J11': np.float32(-1.1433858), 'J12': np.float32(-0.9722479), 'J13': np.float32(-0.8288622), 'cluster3106249630_3106249631_J60_J61_#5more': np.float32(-0.078630894)}, {'J10': 17, 'J11': 30, 'J12': 13, 'J13': 46, 'cluster3106249630_3106249631_J60_J61_#5more': 4}, {'J10': 18, 'J11': 60, 'J12': 58, 'J13': 46, 'cluster3106249630_3106249631_J60_J61_#5more': 4}, 
2905.0, {'J10': np.float32(-0.3441258), 'J11': np.float32(1.360777), 'J12': np.float32(-1.0481036), 'J13': np.float32(-0.85661423), 'cluster3106249630_3106249631_J60_J61_#5more': np.float32(-0.0693802)}, {'J10': 19, 'J11': 31, 'J12': 13, 'J13': 46, 'cluster3106249630_3106249631_J60_J61_#5more': 4}, {'J10': 20, 'J11': 61, 'J12': 57, 'J13': 47, 'cluster3106249630_3106249631_J60_J61_#5more': 4}, 
2910.0, {'J10': np.float32(-0.3709528), 'J11': np.float32(1.5208141), 'J12': np.float32(-0.72987974), 'J13': np.float32(-0.09250694), 'cluster3106249630_3106249631_J60_J61_#5more': np.float32(0.052728955)}, {'J10': 19, 'J11': 30, 'J12': 13, 'J13': 44, 'cluster3106249630_3106249631_J60_J61_#5more': 2}, {'J10': 20, 'J11': 59, 'J12': 61, 'J13': 45, 'cluster3106249630_3106249631_J60_J61_#5more': 2}, 
2915.0, {'J10': np.float32(-0.38020352), 'J11': np.float32(-1.0064754), 'J12': np.float32(-1.146161), 'J13': np.float32(0.4412581), 'cluster3106249630_3106249631_J60_J61_#5more': np.float32(0.039777983)}, {'J10': 20, 'J11': 30, 'J12': 13, 'J13': 41, 'cluster3106249630_3106249631_J60_J61_#5more': 1}, {'J10': 21, 'J11': 59, 'J12': 66, 'J13': 42, 'cluster3106249630_3106249631_J60_J61_#5more': 1}, 
2920.0, {'J10': np.float32(-0.39777982), 'J11': np.float32(-1.0952822), 'J12': np.float32(-0.9768733), 'J13': np.float32(-0.28214616), 'cluster3106249630_3106249631_J60_J61_#5more': np.float32(-0.03237743)}, {'J10': 20, 'J11': 30, 'J12': 15, 'J13': 40, 'cluster3106249630_3106249631_J60_J61_#5more': 2}, {'J10': 21, 'J11': 57, 'J12': 68, 'J13': 43, 'cluster3106249630_3106249631_J60_J61_#5more': 4}, 
2925.0, {'J10': np.float32(-0.39962998), 'J11': np.float32(-1.1877891), 'J12': np.float32(-0.9084181), 'J13': np.float32(-0.81683624), 'cluster3106249630_3106249631_J60_J61_#5more': np.float32(0.07030527)}, {'J10': 21, 'J11': 30, 'J12': 14, 'J13': 40, 'cluster3106249630_3106249631_J60_J61_#5more': 1}, {'J10': 22, 'J11': 58, 'J12': 64, 'J13': 43, 'cluster3106249630_3106249631_J60_J61_#5more': 1}, 
2930.0, {'J10': np.float32(-0.43663275), 'J11': np.float32(-1.1970397), 'J12': np.float32(-1.0194265), 'J13': np.float32(-0.82331175), 'cluster3106249630_3106249631_J60_J61_#5more': np.float32(-0.041628122)}, {'J10': 23, 'J11': 31, 'J12': 14, 'J13': 40, 'cluster3106249630_3106249631_J60_J61_#5more': 3}, {'J10': 26, 'J11': 58, 'J12': 62, 'J13': 43, 'cluster3106249630_3106249631_J60_J61_#5more': 5}, 
2935.0, {'J10': np.float32(-0.4986124), 'J11': np.float32(-1.2331175), 'J12': np.float32(-1.0342276), 'J13': np.float32(-0.83718777), 'cluster3106249630_3106249631_J60_J61_#5more': np.float32(-0.17483811)}, {'J10': 23, 'J11': 32, 'J12': 14, 'J13': 40, 'cluster3106249630_3106249631_J60_J61_#5more': 5}, {'J10': 27, 'J11': 59, 'J12': 60, 'J13': 44, 'cluster3106249630_3106249631_J60_J61_#5more': 10}, 
2940.0, {'J10': np.float32(-0.50878817), 'J11': np.float32(-1.2516189), 'J12': np.float32(-0.8695652), 'J13': np.float32(-0.86031455), 'cluster3106249630_3106249631_J60_J61_#5more': np.float32(-0.25716928)}, {'J10': 23, 'J11': 32, 'J12': 14, 'J13': 40, 'cluster3106249630_3106249631_J60_J61_#5more': 10}, {'J10': 27, 'J11': 59, 'J12': 57, 'J13': 44, 'cluster3106249630_3106249631_J60_J61_#5more': 17}, 
2945.0, {'J10': np.float32(-0.50878817), 'J11': np.float32(-1.2645699), 'J12': np.float32(-0.98982424), 'J13': np.float32(-0.63829786), 'cluster3106249630_3106249631_J60_J61_#5more': np.float32(-0.11008326)}, {'J10': 23, 'J11': 32, 'J12': 14, 'J13': 43, 'cluster3106249630_3106249631_J60_J61_#5more': 11}, {'J10': 27, 'J11': 60, 'J12': 58, 'J13': 46, 'cluster3106249630_3106249631_J60_J61_#5more': 16}, 
2950.0, {'J10': np.float32(-0.2506938), 'J11': np.float32(-1.2978723), 'J12': np.float32(-1.0471785), 'J13': np.float32(-0.9084181), 'cluster3106249630_3106249631_J60_J61_#5more': np.float32(-0.13691027)}, {'J10': 24, 'J11': 32, 'J12': 14, 'J13': 48, 'cluster3106249630_3106249631_J60_J61_#5more': 9}, {'J10': 27, 'J11': 63, 'J12': 62, 'J13': 51, 'cluster3106249630_3106249631_J60_J61_#5more': 14}, 
2955.0, {'J10': np.float32(-0.49953747), 'J11': np.float32(3.0), 'J12': np.float32(-1.027752), 'J13': np.float32(0.50693804), 'cluster3106249630_3106249631_J60_J61_#5more': np.float32(-0.02867715)}, {'J10': 24, 'J11': 32, 'J12': 14, 'J13': 51, 'cluster3106249630_3106249631_J60_J61_#5more': 6}, {'J10': 27, 'J11': 62, 'J12': 67, 'J13': 53, 'cluster3106249630_3106249631_J60_J61_#5more': 10}, 
2960.0, {'J10': np.float32(-0.38112858), 'J11': np.float32(3.0), 'J12': np.float32(-1.0712303), 'J13': np.float32(1.2701203), 'cluster3106249630_3106249631_J60_J61_#5more': np.float32(0.12950972)}, {'J10': 24, 'J11': 30, 'J12': 14, 'J13': 47, 'cluster3106249630_3106249631_J60_J61_#5more': 4}, {'J10': 26, 'J11': 60, 'J12': 66, 'J13': 49, 'cluster3106249630_3106249631_J60_J61_#5more': 5}, 
2965.0, {'J10': np.float32(-0.34875116), 'J11': np.float32(3.0), 'J12': np.float32(-1.0194265), 'J13': np.float32(1.0286771), 'cluster3106249630_3106249631_J60_J61_#5more': np.float32(-0.07215541)}, {'J10': 24, 'J11': 28, 'J12': 14, 'J13': 45, 'cluster3106249630_3106249631_J60_J61_#5more': 4}, {'J10': 25, 'J11': 59, 'J12': 64, 'J13': 47, 'cluster3106249630_3106249631_J60_J61_#5more': 4}, 
2970.0, {'J10': np.float32(-0.47641072), 'J11': np.float32(1.0749307), 'J12': np.float32(-1.2164662), 'J13': np.float32(-0.45050877), 'cluster3106249630_3106249631_J60_J61_#5more': np.float32(-0.13413507)}, {'J10': 24, 'J11': 28, 'J12': 14, 'J13': 44, 'cluster3106249630_3106249631_J60_J61_#5more': 4}, {'J10': 26, 'J11': 58, 'J12': 64, 'J13': 46, 'cluster3106249630_3106249631_J60_J61_#5more': 4}, 
2975.0, {'J10': np.float32(2.8751156), 'J11': np.float32(3.0), 'J12': np.float32(-0.9056429), 'J13': np.float32(-0.88899165), 'cluster3106249630_3106249631_J60_J61_#5more': np.float32(0.11840888)}, {'J10': 20, 'J11': 24, 'J12': 14, 'J13': 44, 'cluster3106249630_3106249631_J60_J61_#5more': 4}, {'J10': 22, 'J11': 52, 'J12': 62, 'J13': 47, 'cluster3106249630_3106249631_J60_J61_#5more': 7}, 
2980.0, {'J10': np.float32(3.0), 'J11': np.float32(-0.8288622), 'J12': np.float32(-0.9629972), 'J13': np.float32(-0.9222942), 'cluster3106249630_3106249631_J60_J61_#5more': np.float32(-0.116558746)}, {'J10': 14, 'J11': 24, 'J12': 14, 'J13': 44, 'cluster3106249630_3106249631_J60_J61_#5more': 4}, {'J10': 17, 'J11': 49, 'J12': 60, 'J13': 48, 'cluster3106249630_3106249631_J60_J61_#5more': 9}, 
2985.0, {'J10': np.float32(2.2238667), 'J11': np.float32(-0.89269197), 'J12': np.float32(-0.5689177), 'J13': np.float32(1.3561517), 'cluster3106249630_3106249631_J60_J61_#5more': np.float32(-0.084181316)}, {'J10': 8, 'J11': 24, 'J12': 14, 'J13': 40, 'cluster3106249630_3106249631_J60_J61_#5more': 4}, {'J10': 13, 'J11': 49, 'J12': 55, 'J13': 43, 'cluster3106249630_3106249631_J60_J61_#5more': 5}, 
2990.0, {'J10': np.float32(0.051803887), 'J11': np.float32(-0.93524516), 'J12': np.float32(-1.0730805), 'J13': np.float32(1.2913969), 'cluster3106249630_3106249631_J60_J61_#5more': np.float32(-0.015726179)}, {'J10': 8, 'J11': 28, 'J12': 14, 'J13': 36, 'cluster3106249630_3106249631_J60_J61_#5more': 4}, {'J10': 14, 'J11': 54, 'J12': 55, 'J13': 39, 'cluster3106249630_3106249631_J60_J61_#5more': 4}, 
2995.0, {'J10': np.float32(-0.16466235), 'J11': np.float32(-1.0009251), 'J12': np.float32(-0.92321926), 'J13': np.float32(0.3228492), 'cluster3106249630_3106249631_J60_J61_#5more': np.float32(-0.123959295)}, {'J10': 8, 'J11': 28, 'J12': 14, 'J13': 34, 'cluster3106249630_3106249631_J60_J61_#5more': 4}, {'J10': 14, 'J11': 56, 'J12': 54, 'J13': 37, 'cluster3106249630_3106249631_J60_J61_#5more': 4}, 
3000.0, {'J10': np.float32(-0.2775208), 'J11': np.float32(-1.066605), 'J12': np.float32(0.7937095), 'J13': np.float32(-0.69010174), 'cluster3106249630_3106249631_J60_J61_#5more': np.float32(-0.009250694)}, {'J10': 12, 'J11': 32, 'J12': 14, 'J13': 36, 'cluster3106249630_3106249631_J60_J61_#5more': 4}, {'J10': 18, 'J11': 62, 'J12': 57, 'J13': 39, 'cluster3106249630_3106249631_J60_J61_#5more': 7}, 
3005.0, {'J10': np.float32(0.63829786), 'J11': np.float32(-1.1618872), 'J12': np.float32(3.0), 'J13': np.float32(0.38205364), 'cluster3106249630_3106249631_J60_J61_#5more': np.float32(-0.12580943)}, {'J10': 11, 'J11': 32, 'J12': 13, 'J13': 34, 'cluster3106249630_3106249631_J60_J61_#5more': 4}, {'J10': 15, 'J11': 62, 'J12': 61, 'J13': 37, 'cluster3106249630_3106249631_J60_J61_#5more': 5}, 
3010.0, {'J10': np.float32(-0.16466235), 'J11': np.float32(3.0), 'J12': np.float32(0.54486585), 'J13': np.float32(0.45143387), 'cluster3106249630_3106249631_J60_J61_#5more': np.float32(-0.01480111)}, {'J10': 11, 'J11': 30, 'J12': 19, 'J13': 32, 'cluster3106249630_3106249631_J60_J61_#5more': 4}, {'J10': 14, 'J11': 60, 'J12': 69, 'J13': 35, 'cluster3106249630_3106249631_J60_J61_#5more': 4}, 
3015.0, {'J10': np.float32(-0.14431082), 'J11': np.float32(-1.1378354), 'J12': np.float32(-1.254394), 'J13': np.float32(0.49398705), 'cluster3106249630_3106249631_J60_J61_#5more': np.float32(-0.13043478)}, {'J10': 13, 'J11': 30, 'J12': 20, 'J13': 30, 'cluster3106249630_3106249631_J60_J61_#5more': 4}, {'J10': 15, 'J11': 60, 'J12': 71, 'J13': 33, 'cluster3106249630_3106249631_J60_J61_#5more': 4}, 
3020.0, {'J10': np.float32(0.5587419), 'J11': np.float32(-1.1387604), 'J12': np.float32(3.0), 'J13': np.float32(1.6679001), 'cluster3106249630_3106249631_J60_J61_#5more': np.float32(-0.111933395)}, {'J10': 11, 'J11': 30, 'J12': 20, 'J13': 26, 'cluster3106249630_3106249631_J60_J61_#5more': 4}, {'J10': 14, 'J11': 60, 'J12': 70, 'J13': 32, 'cluster3106249630_3106249631_J60_J61_#5more': 4}, 
3025.0, {'J10': np.float32(0.65957445), 'J11': np.float32(-1.1618872), 'J12': np.float32(-1.2978723), 'J13': np.float32(0.021276595), 'cluster3106249630_3106249631_J60_J61_#5more': np.float32(-0.036077704)}, {'J10': 9, 'J11': 30, 'J12': 20, 'J13': 25, 'cluster3106249630_3106249631_J60_J61_#5more': 4}, {'J10': 11, 'J11': 61, 'J12': 71, 'J13': 31, 'cluster3106249630_3106249631_J60_J61_#5more': 8}, 
3030.0, {'J10': np.float32(0.5652174), 'J11': np.float32(-1.1683626), 'J12': np.float32(-1.3478261), 'J13': np.float32(-0.57539314), 'cluster3106249630_3106249631_J60_J61_#5more': np.float32(-0.13413507)}, {'J10': 7, 'J11': 30, 'J12': 22, 'J13': 25, 'cluster3106249630_3106249631_J60_J61_#5more': 4}, {'J10': 8, 'J11': 60, 'J12': 76, 'J13': 31, 'cluster3106249630_3106249631_J60_J61_#5more': 5}, 
3035.0, {'J10': np.float32(0.37187788), 'J11': np.float32(3.0), 'J12': np.float32(-1.412581), 'J13': np.float32(-0.039777983), 'cluster3106249630_3106249631_J60_J61_#5more': np.float32(-0.0009250694)}, {'J10': 3, 'J11': 28, 'J12': 22, 'J13': 25, 'cluster3106249630_3106249631_J60_J61_#5more': 4}, {'J10': 4, 'J11': 58, 'J12': 77, 'J13': 28, 'cluster3106249630_3106249631_J60_J61_#5more': 4}, 
3040.0, {'J10': np.float32(0.2627197), 'J11': np.float32(3.0), 'J12': np.float32(3.0), 'J13': np.float32(0.14061055), 'cluster3106249630_3106249631_J60_J61_#5more': np.float32(-0.1387604)}, {'J10': 1, 'J11': 28, 'J12': 22, 'J13': 26, 'cluster3106249630_3106249631_J60_J61_#5more': 4}, {'J10': 1, 'J11': 54, 'J12': 73, 'J13': 30, 'cluster3106249630_3106249631_J60_J61_#5more': 4}, 
3045.0, {'J10': np.float32(-0.037002776), 'J11': np.float32(-1.1008326), 'J12': np.float32(-1.345976), 'J13': np.float32(1.519889), 'cluster3106249630_3106249631_J60_J61_#5more': np.float32(0.016651249)}, {'J10': 1, 'J11': 28, 'J12': 22, 'J13': 28, 'cluster3106249630_3106249631_J60_J61_#5more': 4}, {'J10': 1, 'J11': 54, 'J12': 73, 'J13': 31, 'cluster3106249630_3106249631_J60_J61_#5more': 7}, 
3050.0, {'J10': np.float32(-0.040703055), 'J11': np.float32(-1.1082331), 'J12': np.float32(-1.3552266), 'J13': np.float32(0.7354302), 'cluster3106249630_3106249631_J60_J61_#5more': np.float32(-0.16281222)}, {'J10': 2, 'J11': 28, 'J12': 22, 'J13': 33, 'cluster3106249630_3106249631_J60_J61_#5more': 4}, {'J10': 3, 'J11': 54, 'J12': 74, 'J13': 36, 'cluster3106249630_3106249631_J60_J61_#5more': 7}, 
3055.0, {'J10': np.float32(-0.054579094), 'J11': np.float32(-1.1322849), 'J12': np.float32(2.6725254), 'J13': np.float32(1.852914), 'cluster3106249630_3106249631_J60_J61_#5more': np.float32(0.022201665)}, {'J10': 1, 'J11': 28, 'J12': 22, 'J13': 31, 'cluster3106249630_3106249631_J60_J61_#5more': 4}, {'J10': 2, 'J11': 54, 'J12': 76, 'J13': 35, 'cluster3106249630_3106249631_J60_J61_#5more': 4}, 
3060.0, {'J10': np.float32(-0.024051804), 'J11': np.float32(-1.1387604), 'J12': np.float32(0.6179463), 'J13': np.float32(-0.359852), 'cluster3106249630_3106249631_J60_J61_#5more': np.float32(-0.12673451)}, {'J10': 2, 'J11': 28, 'J12': 22, 'J13': 32, 'cluster3106249630_3106249631_J60_J61_#5more': 4}, {'J10': 3, 'J11': 54, 'J12': 72, 'J13': 35, 'cluster3106249630_3106249631_J60_J61_#5more': 5}, 
3065.0, {'J10': np.float32(-0.02867715), 'J11': np.float32(-1.2072155), 'J12': np.float32(-0.43015727), 'J13': np.float32(-0.6947271), 'cluster3106249630_3106249631_J60_J61_#5more': np.float32(-0.079555966)}, {'J10': 1, 'J11': 31, 'J12': 19, 'J13': 34, 'cluster3106249630_3106249631_J60_J61_#5more': 4}, {'J10': 1, 'J11': 61, 'J12': 69, 'J13': 38, 'cluster3106249630_3106249631_J60_J61_#5more': 7}, 
3070.0, {'J10': np.float32(0.25531915), 'J11': np.float32(-0.55689174), 'J12': np.float32(-1.293247), 'J13': np.float32(0.21646623), 'cluster3106249630_3106249631_J60_J61_#5more': np.float32(-0.13506013)}, {'J10': 1, 'J11': 32, 'J12': 19, 'J13': 32, 'cluster3106249630_3106249631_J60_J61_#5more': 4}, {'J10': 2, 'J11': 62, 'J12': 72, 'J13': 36, 'cluster3106249630_3106249631_J60_J61_#5more': 5}, 
3075.0, {'J10': np.float32(-0.047178537), 'J11': np.float32(3.0), 'J12': np.float32(-0.7474561), 'J13': np.float32(-0.66882515), 'cluster3106249630_3106249631_J60_J61_#5more': np.float32(0.52821463)}, {'J10': 2, 'J11': 30, 'J12': 17, 'J13': 33, 'cluster3106249630_3106249631_J60_J61_#5more': 3}, {'J10': 4, 'J11': 60, 'J12': 68, 'J13': 38, 'cluster3106249630_3106249631_J60_J61_#5more': 6}, 
3080.0, {'J10': np.float32(-0.084181316), 'J11': np.float32(-1.1785384), 'J12': np.float32(0.16836263), 'J13': np.float32(-0.7326549), 'cluster3106249630_3106249631_J60_J61_#5more': np.float32(-0.10823312)}, {'J10': 3, 'J11': 30, 'J12': 12, 'J13': 35, 'cluster3106249630_3106249631_J60_J61_#5more': 3}, {'J10': 6, 'J11': 60, 'J12': 63, 'J13': 41, 'cluster3106249630_3106249631_J60_J61_#5more': 4}, 
3085.0, {'J10': np.float32(0.07585569), 'J11': np.float32(-1.1914893), 'J12': np.float32(-0.3293247), 'J13': np.float32(-0.8094357), 'cluster3106249630_3106249631_J60_J61_#5more': np.float32(-0.15726179)}, {'J10': 1, 'J11': 30, 'J12': 12, 'J13': 39, 'cluster3106249630_3106249631_J60_J61_#5more': 4}, {'J10': 2, 'J11': 61, 'J12': 60, 'J13': 47, 'cluster3106249630_3106249631_J60_J61_#5more': 6}, 
3090.0, {'J10': np.float32(0.002775208), 'J11': np.float32(-1.2183163), 'J12': np.float32(0.058279373), 'J13': np.float32(-0.90749305), 'cluster3106249630_3106249631_J60_J61_#5more': np.float32(0.42460686)}, {'J10': 1, 'J11': 30, 'J12': 12, 'J13': 43, 'cluster3106249630_3106249631_J60_J61_#5more': 3}, {'J10': 1, 'J11': 61, 'J12': 56, 'J13': 51, 'cluster3106249630_3106249631_J60_J61_#5more': 4}, 
3095.0, {'J10': np.float32(-0.018501388), 'J11': np.float32(-1.199815), 'J12': np.float32(-0.50508785), 'J13': np.float32(-0.5078631), 'cluster3106249630_3106249631_J60_J61_#5more': np.float32(0.4227567)}, {'J10': 1, 'J11': 30, 'J12': 12, 'J13': 44, 'cluster3106249630_3106249631_J60_J61_#5more': 2}, {'J10': 1, 'J11': 62, 'J12': 55, 'J13': 51, 'cluster3106249630_3106249631_J60_J61_#5more': 3}, 
3100.0, {'J10': np.float32(-0.018501388), 'J11': np.float32(-1.2673451), 'J12': np.float32(-0.7187789), 'J13': np.float32(-0.72987974), 'cluster3106249630_3106249631_J60_J61_#5more': np.float32(0.4625347)}, {'J10': 1, 'J11': 32, 'J12': 12, 'J13': 44, 'cluster3106249630_3106249631_J60_J61_#5more': 3}, {'J10': 1, 'J11': 66, 'J12': 54, 'J13': 49, 'cluster3106249630_3106249631_J60_J61_#5more': 4}, 
3105.0, {'J10': np.float32(-0.018501388), 'J11': np.float32(-1.320999), 'J12': np.float32(-0.6984274), 'J13': np.float32(0.5245143), 'cluster3106249630_3106249631_J60_J61_#5more': np.float32(-0.11285847)}, {'J10': 1, 'J11': 32, 'J12': 12, 'J13': 48, 'cluster3106249630_3106249631_J60_J61_#5more': 4}, {'J10': 1, 'J11': 66, 'J12': 53, 'J13': 52, 'cluster3106249630_3106249631_J60_J61_#5more': 8}, 
3110.0, {'J10': np.float32(-0.018501388), 'J11': np.float32(-1.3432007), 'J12': np.float32(-0.7234042), 'J13': np.float32(-0.8316374), 'cluster3106249630_3106249631_J60_J61_#5more': np.float32(0.5032377)}, {'J10': 1, 'J11': 32, 'J12': 12, 'J13': 52, 'cluster3106249630_3106249631_J60_J61_#5more': 3}, {'J10': 1, 'J11': 69, 'J12': 52, 'J13': 54, 'cluster3106249630_3106249631_J60_J61_#5more': 11}, 
3115.0, {'J10': np.float32(-0.018501388), 'J11': np.float32(-1.3987049), 'J12': np.float32(-1.0083256), 'J13': np.float32(0.3839038), 'cluster3106249630_3106249631_J60_J61_#5more': np.float32(0.19241443)}, {'J10': 1, 'J11': 32, 'J12': 12, 'J13': 51, 'cluster3106249630_3106249631_J60_J61_#5more': 2}, {'J10': 1, 'J11': 69, 'J12': 52, 'J13': 52, 'cluster3106249630_3106249631_J60_J61_#5more': 4}, 
3120.0, {'J10': np.float32(-0.018501388), 'J11': np.float32(-1.2451434), 'J12': np.float32(-1.0138761), 'J13': np.float32(2.4024053), 'cluster3106249630_3106249631_J60_J61_#5more': np.float32(0.08048104)}, {'J10': 1, 'J11': 32, 'J12': 12, 'J13': 45, 'cluster3106249630_3106249631_J60_J61_#5more': 0}, {'J10': 1, 'J11': 67, 'J12': 54, 'J13': 46, 'cluster3106249630_3106249631_J60_J61_#5more': 0}, 
3125.0, {'J10': np.float32(-0.025901943), 'J11': np.float32(-1.0425532), 'J12': np.float32(-1.0490286), 'J13': np.float32(0.5587419), 'cluster3106249630_3106249631_J60_J61_#5more': np.float32(-0.019426458)}, {'J10': 2, 'J11': 32, 'J12': 12, 'J13': 42, 'cluster3106249630_3106249631_J60_J61_#5more': 1}, {'J10': 2, 'J11': 66, 'J12': 56, 'J13': 43, 'cluster3106249630_3106249631_J60_J61_#5more': 1}, 
3130.0, {'J10': np.float32(-0.037002776), 'J11': np.float32(-1.3413506), 'J12': np.float32(1.7132285), 'J13': np.float32(-0.80481035), 'cluster3106249630_3106249631_J60_J61_#5more': np.float32(-0.0453284)}, {'J10': 2, 'J11': 32, 'J12': 12, 'J13': 42, 'cluster3106249630_3106249631_J60_J61_#5more': 3}, {'J10': 2, 'J11': 66, 'J12': 58, 'J13': 43, 'cluster3106249630_3106249631_J60_J61_#5more': 3}, 
3135.0, {'J10': np.float32(0.22849214), 'J11': np.float32(3.0), 'J12': np.float32(0.7548566), 'J13': np.float32(-0.81406105), 'cluster3106249630_3106249631_J60_J61_#5more': np.float32(-0.08880666)}, {'J10': 1, 'J11': 32, 'J12': 12, 'J13': 43, 'cluster3106249630_3106249631_J60_J61_#5more': 4}, {'J10': 2, 'J11': 64, 'J12': 64, 'J13': 45, 'cluster3106249630_3106249631_J60_J61_#5more': 6}, 
3140.0, {'J10': np.float32(-0.04625347), 'J11': np.float32(1.6207216), 'J12': np.float32(-1.2358927), 'J13': np.float32(-0.85383904), 'cluster3106249630_3106249631_J60_J61_#5more': np.float32(-0.13413507)}, {'J10': 3, 'J11': 32, 'J12': 17, 'J13': 43, 'cluster3106249630_3106249631_J60_J61_#5more': 5}, {'J10': 4, 'J11': 63, 'J12': 71, 'J13': 45, 'cluster3106249630_3106249631_J60_J61_#5more': 11}, 
3145.0, {'J10': np.float32(-0.011100832), 'J11': np.float32(-1.2229418), 'J12': np.float32(-1.3876041), 'J13': np.float32(-0.86031455), 'cluster3106249630_3106249631_J60_J61_#5more': np.float32(-0.16373728)}, {'J10': 1, 'J11': 32, 'J12': 21, 'J13': 43, 'cluster3106249630_3106249631_J60_J61_#5more': 10}, {'J10': 2, 'J11': 65, 'J12': 78, 'J13': 45, 'cluster3106249630_3106249631_J60_J61_#5more': 16}, 
3150.0, {'J10': np.float32(0.06475486), 'J11': np.float32(-1.2682701), 'J12': np.float32(-1.4458834), 'J13': np.float32(-0.8621647), 'cluster3106249630_3106249631_J60_J61_#5more': np.float32(-0.25531915)}, {'J10': 0, 'J11': 32, 'J12': 22, 'J13': 43, 'cluster3106249630_3106249631_J60_J61_#5more': 11}, {'J10': 0, 'J11': 65, 'J12': 79, 'J13': 45, 'cluster3106249630_3106249631_J60_J61_#5more': 16}, 
3155.0, {'J10': np.float32(-0.0009250694), 'J11': np.float32(3.0), 'J12': np.float32(-1.2081406), 'J13': np.float32(-0.8695652), 'cluster3106249630_3106249631_J60_J61_#5more': np.float32(0.04625347)}, {'J10': 1, 'J11': 30, 'J12': 20, 'J13': 43, 'cluster3106249630_3106249631_J60_J61_#5more': 7}, {'J10': 1, 'J11': 60, 'J12': 78, 'J13': 45, 'cluster3106249630_3106249631_J60_J61_#5more': 11}, 
3160.0, {'J10': np.float32(-0.0), 'J11': np.float32(3.0), 'J12': np.float32(-0.8011101), 'J13': np.float32(-0.8806661), 'cluster3106249630_3106249631_J60_J61_#5more': np.float32(-0.09713229)}, {'J10': 1, 'J11': 28, 'J12': 20, 'J13': 46, 'cluster3106249630_3106249631_J60_J61_#5more': 5}, {'J10': 1, 'J11': 58, 'J12': 79, 'J13': 48, 'cluster3106249630_3106249631_J60_J61_#5more': 10}, 
3165.0, {'J10': np.float32(-0.023126734), 'J11': np.float32(-1.0915818), 'J12': np.float32(0.7631822), 'J13': np.float32(-0.95282143), 'cluster3106249630_3106249631_J60_J61_#5more': np.float32(0.17483811)}, {'J10': 1, 'J11': 28, 'J12': 20, 'J13': 49, 'cluster3106249630_3106249631_J60_J61_#5more': 3}, {'J10': 2, 'J11': 57, 'J12': 76, 'J13': 52, 'cluster3106249630_3106249631_J60_J61_#5more': 5}, 
3170.0, {'J10': np.float32(-0.002775208), 'J11': np.float32(0.96854764), 'J12': np.float32(-1.3672526), 'J13': np.float32(-0.6586494), 'cluster3106249630_3106249631_J60_J61_#5more': np.float32(0.067530066)}, {'J10': 1, 'J11': 28, 'J12': 20, 'J13': 53, 'cluster3106249630_3106249631_J60_J61_#5more': 3}, {'J10': 2, 'J11': 56, 'J12': 77, 'J13': 55, 'cluster3106249630_3106249631_J60_J61_#5more': 7}, 
3175.0, {'J10': np.float32(0.004625347), 'J11': np.float32(3.0), 'J12': np.float32(-1.1554116), 'J13': np.float32(0.27567068), 'cluster3106249630_3106249631_J60_J61_#5more': np.float32(-0.14893617)}, {'J10': 1, 'J11': 26, 'J12': 21, 'J13': 51, 'cluster3106249630_3106249631_J60_J61_#5more': 3}, {'J10': 1, 'J11': 53, 'J12': 78, 'J13': 53, 'cluster3106249630_3106249631_J60_J61_#5more': 5}, 
3180.0, {'J10': np.float32(-0.024051804), 'J11': np.float32(2.0101757), 'J12': np.float32(2.9028678), 'J13': np.float32(1.2460685), 'cluster3106249630_3106249631_J60_J61_#5more': np.float32(-0.06012951)}, {'J10': 2, 'J11': 26, 'J12': 21, 'J13': 47, 'cluster3106249630_3106249631_J60_J61_#5more': 4}, {'J10': 2, 'J11': 54, 'J12': 77, 'J13': 47, 'cluster3106249630_3106249631_J60_J61_#5more': 8}, 
3185.0, {'J10': np.float32(-0.04347826), 'J11': np.float32(-0.6919519), 'J12': np.float32(-0.91674376), 'J13': np.float32(0.15356152), 'cluster3106249630_3106249631_J60_J61_#5more': np.float32(0.19518964)}, {'J10': 3, 'J11': 26, 'J12': 19, 'J13': 45, 'cluster3106249630_3106249631_J60_J61_#5more': 8}, {'J10': 3, 'J11': 53, 'J12': 74, 'J13': 45, 'cluster3106249630_3106249631_J60_J61_#5more': 12}, 
3190.0, {'J10': np.float32(0.022201665), 'J11': np.float32(-0.9296947), 'J12': np.float32(3.0), 'J13': np.float32(-0.8334875), 'cluster3106249630_3106249631_J60_J61_#5more': np.float32(-0.10823312)}, {'J10': 2, 'J11': 26, 'J12': 17, 'J13': 45, 'cluster3106249630_3106249631_J60_J61_#5more': 12}, {'J10': 2, 'J11': 54, 'J12': 69, 'J13': 45, 'cluster3106249630_3106249631_J60_J61_#5more': 21}, 
3195.0, {'J10': np.float32(0.021276595), 'J11': np.float32(1.1359853), 'J12': np.float32(3.0), 'J13': np.float32(-0.84736353), 'cluster3106249630_3106249631_J60_J61_#5more': np.float32(-0.48658648)}, {'J10': 1, 'J11': 28, 'J12': 17, 'J13': 45, 'cluster3106249630_3106249631_J60_J61_#5more': 14}, {'J10': 1, 'J11': 55, 'J12': 68, 'J13': 45, 'cluster3106249630_3106249631_J60_J61_#5more': 27}, 
3200.0, {'J10': np.float32(-0.036077704), 'J11': np.float32(-1.0370028), 'J12': np.float32(-0.8871415), 'J13': np.float32(-0.8316374), 'cluster3106249630_3106249631_J60_J61_#5more': np.float32(-0.5689177)}, {'J10': 2, 'J11': 28, 'J12': 16, 'J13': 45, 'cluster3106249630_3106249631_J60_J61_#5more': 14}, {'J10': 2, 'J11': 56, 'J12': 67, 'J13': 45, 'cluster3106249630_3106249631_J60_J61_#5more': 27}, 
3205.0, {'J10': np.float32(-0.049028676), 'J11': np.float32(-1.1036078), 'J12': np.float32(0.36632746), 'J13': np.float32(-0.84181315), 'cluster3106249630_3106249631_J60_J61_#5more': np.float32(-0.26641998)}, {'J10': 2, 'J11': 28, 'J12': 17, 'J13': 45, 'cluster3106249630_3106249631_J60_J61_#5more': 16}, {'J10': 2, 'J11': 58, 'J12': 67, 'J13': 45, 'cluster3106249630_3106249631_J60_J61_#5more': 24}, 
3210.0, {'J10': np.float32(0.08603145), 'J11': np.float32(-1.1406106), 'J12': np.float32(-1.2784458), 'J13': np.float32(-0.84643847), 'cluster3106249630_3106249631_J60_J61_#5more': np.float32(-0.43015727)}, {'J10': 1, 'J11': 28, 'J12': 17, 'J13': 45, 'cluster3106249630_3106249631_J60_J61_#5more': 20}, {'J10': 1, 'J11': 58, 'J12': 75, 'J13': 45, 'cluster3106249630_3106249631_J60_J61_#5more': 26}, 
3215.0, {'J10': np.float32(-0.019426458), 'J11': np.float32(-1.1535615), 'J12': np.float32(-1.1119334), 'J13': np.float32(-0.85568917), 'cluster3106249630_3106249631_J60_J61_#5more': np.float32(-0.42738205)}, {'J10': 1, 'J11': 30, 'J12': 20, 'J13': 45, 'cluster3106249630_3106249631_J60_J61_#5more': 22}, {'J10': 2, 'J11': 60, 'J12': 81, 'J13': 45, 'cluster3106249630_3106249631_J60_J61_#5more': 27}, 
3220.0, {'J10': np.float32(-0.056429233), 'J11': np.float32(-1.2368177), 'J12': np.float32(0.8196115), 'J13': np.float32(-0.88621646), 'cluster3106249630_3106249631_J60_J61_#5more': np.float32(0.22756706)}, {'J10': 3, 'J11': 32, 'J12': 20, 'J13': 51, 'cluster3106249630_3106249631_J60_J61_#5more': 23}, {'J10': 5, 'J11': 64, 'J12': 83, 'J13': 51, 'cluster3106249630_3106249631_J60_J61_#5more': 30}, 
3225.0, {'J10': np.float32(-0.010175764), 'J11': np.float32(-1.2886217), 'J12': np.float32(0.0453284), 'J13': np.float32(-0.97779834), 'cluster3106249630_3106249631_J60_J61_#5more': np.float32(-0.6299722)}, {'J10': 2, 'J11': 32, 'J12': 20, 'J13': 52, 'cluster3106249630_3106249631_J60_J61_#5more': 25}, {'J10': 3, 'J11': 64, 'J12': 81, 'J13': 52, 'cluster3106249630_3106249631_J60_J61_#5more': 36}, 
3230.0, {'J10': np.float32(-0.061979648), 'J11': np.float32(-1.3098983), 'J12': np.float32(0.08233117), 'J13': np.float32(-0.9907493), 'cluster3106249630_3106249631_J60_J61_#5more': np.float32(-0.5892692)}, {'J10': 3, 'J11': 32, 'J12': 21, 'J13': 53, 'cluster3106249630_3106249631_J60_J61_#5more': 28}, {'J10': 4, 'J11': 66, 'J12': 80, 'J13': 53, 'cluster3106249630_3106249631_J60_J61_#5more': 42}, 
3235.0, {'J10': np.float32(-0.08880666), 'J11': np.float32(-1.3570768), 'J12': np.float32(0.9574468), 'J13': np.float32(-1.027752), 'cluster3106249630_3106249631_J60_J61_#5more': np.float32(-0.48288622)}, {'J10': 3, 'J11': 32, 'J12': 22, 'J13': 55, 'cluster3106249630_3106249631_J60_J61_#5more': 31}, {'J10': 5, 'J11': 67, 'J12': 81, 'J13': 55, 'cluster3106249630_3106249631_J60_J61_#5more': 43}, 
3240.0, {'J10': np.float32(-0.10175763), 'J11': np.float32(-1.3765032), 'J12': np.float32(-1.1387604), 'J13': np.float32(-1.0582794), 'cluster3106249630_3106249631_J60_J61_#5more': np.float32(0.7104533)}, {'J10': 3, 'J11': 32, 'J12': 22, 'J13': 55, 'cluster3106249630_3106249631_J60_J61_#5more': 30}, {'J10': 5, 'J11': 68, 'J12': 79, 'J13': 55, 'cluster3106249630_3106249631_J60_J61_#5more': 36}, 
3245.0, {'J10': np.float32(-0.10915819), 'J11': np.float32(-1.3006475), 'J12': np.float32(0.4680851), 'J13': np.float32(-0.07215541), 'cluster3106249630_3106249631_J60_J61_#5more': np.float32(-0.2562442)}, {'J10': 4, 'J11': 32, 'J12': 18, 'J13': 54, 'cluster3106249630_3106249631_J60_J61_#5more': 33}, {'J10': 6, 'J11': 67, 'J12': 73, 'J13': 54, 'cluster3106249630_3106249631_J60_J61_#5more': 38}, 
3250.0, {'J10': np.float32(-0.12025902), 'J11': np.float32(-1.3876041), 'J12': np.float32(0.43663275), 'J13': np.float32(0.39777982), 'cluster3106249630_3106249631_J60_J61_#5more': np.float32(0.09713229)}, {'J10': 4, 'J11': 32, 'J12': 14, 'J13': 52, 'cluster3106249630_3106249631_J60_J61_#5more': 33}, {'J10': 6, 'J11': 67, 'J12': 70, 'J13': 52, 'cluster3106249630_3106249631_J60_J61_#5more': 36}, 
3255.0, {'J10': np.float32(-0.12025902), 'J11': np.float32(3.0), 'J12': np.float32(0.44680852), 'J13': np.float32(-0.96207213), 'cluster3106249630_3106249631_J60_J61_#5more': np.float32(-0.46068454)}, {'J10': 4, 'J11': 32, 'J12': 13, 'J13': 52, 'cluster3106249630_3106249631_J60_J61_#5more': 33}, {'J10': 6, 'J11': 66, 'J12': 65, 'J13': 52, 'cluster3106249630_3106249631_J60_J61_#5more': 41}, 
3260.0, {'J10': np.float32(-0.12580943), 'J11': np.float32(0.8899167), 'J12': np.float32(-0.14061055), 'J13': np.float32(1.1628122), 'cluster3106249630_3106249631_J60_J61_#5more': np.float32(-0.2747456)}, {'J10': 5, 'J11': 32, 'J12': 13, 'J13': 49, 'cluster3106249630_3106249631_J60_J61_#5more': 31}, {'J10': 7, 'J11': 66, 'J12': 62, 'J13': 49, 'cluster3106249630_3106249631_J60_J61_#5more': 40}, 
3265.0, {'J10': np.float32(0.3228492), 'J11': np.float32(-1.306198), 'J12': np.float32(-0.21831638), 'J13': np.float32(-0.116558746), 'cluster3106249630_3106249631_J60_J61_#5more': np.float32(0.43385753)}, {'J10': 4, 'J11': 32, 'J12': 13, 'J13': 48, 'cluster3106249630_3106249631_J60_J61_#5more': 27}, {'J10': 6, 'J11': 66, 'J12': 58, 'J13': 48, 'cluster3106249630_3106249631_J60_J61_#5more': 36}, 
3270.0, {'J10': np.float32(0.21091582), 'J11': np.float32(-1.1822387), 'J12': np.float32(-1.0888066), 'J13': np.float32(-0.90286773), 'cluster3106249630_3106249631_J60_J61_#5more': np.float32(0.031452358)}, {'J10': 3, 'J11': 32, 'J12': 13, 'J13': 48, 'cluster3106249630_3106249631_J60_J61_#5more': 24}, {'J10': 5, 'J11': 65, 'J12': 60, 'J13': 49, 'cluster3106249630_3106249631_J60_J61_#5more': 33}, 
3275.0, {'J10': np.float32(-0.10453284), 'J11': np.float32(-1.320999), 'J12': np.float32(-0.7280296), 'J13': np.float32(-0.8825162), 'cluster3106249630_3106249631_J60_J61_#5more': np.float32(-0.17946346)}, {'J10': 4, 'J11': 32, 'J12': 13, 'J13': 48, 'cluster3106249630_3106249631_J60_J61_#5more': 22}, {'J10': 8, 'J11': 67, 'J12': 60, 'J13': 49, 'cluster3106249630_3106249631_J60_J61_#5more': 33}, 
3280.0, {'J10': np.float32(-0.054579094), 'J11': np.float32(-1.3755782), 'J12': np.float32(-0.8640148), 'J13': np.float32(0.77890843), 'cluster3106249630_3106249631_J60_J61_#5more': np.float32(-0.13783534)}, {'J10': 3, 'J11': 32, 'J12': 13, 'J13': 46, 'cluster3106249630_3106249631_J60_J61_#5more': 20}, {'J10': 6, 'J11': 69, 'J12': 57, 'J13': 47, 'cluster3106249630_3106249631_J60_J61_#5more': 30}, 
3285.0, {'J10': np.float32(-0.050878815), 'J11': np.float32(-0.7613321), 'J12': np.float32(-1.0721554), 'J13': np.float32(2.3358002), 'cluster3106249630_3106249631_J60_J61_#5more': np.float32(0.025901943)}, {'J10': 3, 'J11': 32, 'J12': 13, 'J13': 42, 'cluster3106249630_3106249631_J60_J61_#5more': 18}, {'J10': 4, 'J11': 69, 'J12': 60, 'J13': 44, 'cluster3106249630_3106249631_J60_J61_#5more': 28}, 
3290.0, {'J10': np.float32(0.24329324), 'J11': np.float32(-1.3450509), 'J12': np.float32(-1.0915818), 'J13': np.float32(1.6373729), 'cluster3106249630_3106249631_J60_J61_#5more': np.float32(-0.32747456)}, {'J10': 2, 'J11': 32, 'J12': 13, 'J13': 39, 'cluster3106249630_3106249631_J60_J61_#5more': 18}, {'J10': 3, 'J11': 71, 'J12': 62, 'J13': 41, 'cluster3106249630_3106249631_J60_J61_#5more': 28}, 
3295.0, {'J10': np.float32(-0.06382979), 'J11': np.float32(-1.3903793), 'J12': np.float32(3.0), 'J13': np.float32(-0.7705828), 'cluster3106249630_3106249631_J60_J61_#5more': np.float32(0.24421832)}, {'J10': 2, 'J11': 32, 'J12': 13, 'J13': 40, 'cluster3106249630_3106249631_J60_J61_#5more': 17}, {'J10': 5, 'J11': 73, 'J12': 62, 'J13': 43, 'cluster3106249630_3106249631_J60_J61_#5more': 25}, 
3300.0, {'J10': np.float32(-0.11008326), 'J11': np.float32(-1.4190564), 'J12': np.float32(-0.9833487), 'J13': np.float32(-0.80481035), 'cluster3106249630_3106249631_J60_J61_#5more': np.float32(0.4199815)}, {'J10': 4, 'J11': 32, 'J12': 13, 'J13': 40, 'cluster3106249630_3106249631_J60_J61_#5more': 16}, {'J10': 7, 'J11': 73, 'J12': 60, 'J13': 43, 'cluster3106249630_3106249631_J60_J61_#5more': 26}, 
3305.0, {'J10': np.float32(0.06475486), 'J11': np.float32(3.0), 'J12': np.float32(-1.0490286), 'J13': np.float32(-0.80851066), 'cluster3106249630_3106249631_J60_J61_#5more': np.float32(-0.5124884)}, {'J10': 2, 'J11': 32, 'J12': 13, 'J13': 40, 'cluster3106249630_3106249631_J60_J61_#5more': 16}, {'J10': 2, 'J11': 71, 'J12': 58, 'J13': 44, 'cluster3106249630_3106249631_J60_J61_#5more': 34}, 
3310.0, {'J10': np.float32(0.20629047), 'J11': np.float32(2.5596669), 'J12': np.float32(-1.0342276), 'J13': np.float32(-0.8011101), 'cluster3106249630_3106249631_J60_J61_#5more': np.float32(-0.30249768)}, {'J10': 1, 'J11': 32, 'J12': 13, 'J13': 40, 'cluster3106249630_3106249631_J60_J61_#5more': 16}, {'J10': 2, 'J11': 69, 'J12': 59, 'J13': 43, 'cluster3106249630_3106249631_J60_J61_#5more': 36}, 
3315.0, {'J10': np.float32(0.16743755), 'J11': np.float32(-1.320999), 'J12': np.float32(-1.1563368), 'J13': np.float32(-0.8066605), 'cluster3106249630_3106249631_J60_J61_#5more': np.float32(-0.37650323)}, {'J10': 2, 'J11': 32, 'J12': 13, 'J13': 40, 'cluster3106249630_3106249631_J60_J61_#5more': 22}, {'J10': 2, 'J11': 69, 'J12': 66, 'J13': 44, 'cluster3106249630_3106249631_J60_J61_#5more': 44}, 
3320.0, {'J10': np.float32(0.024051804), 'J11': np.float32(-1.3552266), 'J12': np.float32(-1.134135), 'J13': np.float32(-0.8344126), 'cluster3106249630_3106249631_J60_J61_#5more': np.float32(-0.53006476)}, {'J10': 1, 'J11': 32, 'J12': 15, 'J13': 42, 'cluster3106249630_3106249631_J60_J61_#5more': 25}, {'J10': 1, 'J11': 69, 'J12': 71, 'J13': 47, 'cluster3106249630_3106249631_J60_J61_#5more': 44}, 
3325.0, {'J10': np.float32(-0.018501388), 'J11': np.float32(-1.3663275), 'J12': np.float32(-1.1618872), 'J13': np.float32(-0.92321926), 'cluster3106249630_3106249631_J60_J61_#5more': np.float32(-0.25254393)}, {'J10': 1, 'J11': 32, 'J12': 13, 'J13': 49, 'cluster3106249630_3106249631_J60_J61_#5more': 29}, {'J10': 1, 'J11': 71, 'J12': 69, 'J13': 54, 'cluster3106249630_3106249631_J60_J61_#5more': 51}, 
3330.0, {'J10': np.float32(0.022201665), 'J11': np.float32(-1.4107308), 'J12': np.float32(-1.1017576), 'J13': np.float32(-1.0249768), 'cluster3106249630_3106249631_J60_J61_#5more': np.float32(-0.9574468)}, {'J10': 0, 'J11': 32, 'J12': 13, 'J13': 49, 'cluster3106249630_3106249631_J60_J61_#5more': 33}, {'J10': 0, 'J11': 74, 'J12': 67, 'J13': 55, 'cluster3106249630_3106249631_J60_J61_#5more': 56}, 
3335.0, {'J10': np.float32(-0.010175764), 'J11': np.float32(-1.4856614), 'J12': np.float32(1.2451434), 'J13': np.float32(-1.0471785), 'cluster3106249630_3106249631_J60_J61_#5more': np.float32(-1.06753)}, {'J10': 3, 'J11': 32, 'J12': 13, 'J13': 51, 'cluster3106249630_3106249631_J60_J61_#5more': 39}, {'J10': 3, 'J11': 77, 'J12': 67, 'J13': 58, 'cluster3106249630_3106249631_J60_J61_#5more': 64}, 
3340.0, {'J10': np.float32(-0.010175764), 'J11': np.float32(-1.5245143), 'J12': np.float32(1.1637373), 'J13': np.float32(2.4431083), 'cluster3106249630_3106249631_J60_J61_#5more': np.float32(-1.1655874)}, {'J10': 1, 'J11': 32, 'J12': 13, 'J13': 51, 'cluster3106249630_3106249631_J60_J61_#5more': 44}, {'J10': 1, 'J11': 77, 'J12': 67, 'J13': 55, 'cluster3106249630_3106249631_J60_J61_#5more': 71}, 
3345.0, {'J10': np.float32(0.020351527), 'J11': np.float32(-0.42553192), 'J12': np.float32(-0.8094357), 'J13': np.float32(0.986124), 'cluster3106249630_3106249631_J60_J61_#5more': np.float32(-1.2849214)}, {'J10': 0, 'J11': 32, 'J12': 13, 'J13': 49, 'cluster3106249630_3106249631_J60_J61_#5more': 48}, {'J10': 0, 'J11': 74, 'J12': 63, 'J13': 53, 'cluster3106249630_3106249631_J60_J61_#5more': 76}, 
3350.0, {'J10': np.float32(-0.0), 'J11': np.float32(3.0), 'J12': np.float32(-0.7798335), 'J13': np.float32(-0.9907493), 'cluster3106249630_3106249631_J60_J61_#5more': np.float32(-1.3959297)}, {'J10': 0, 'J11': 28, 'J12': 13, 'J13': 49, 'cluster3106249630_3106249631_J60_J61_#5more': 52}, {'J10': 0, 'J11': 66, 'J12': 59, 'J13': 53, 'cluster3106249630_3106249631_J60_J61_#5more': 81}, 
3355.0, {'J10': np.float32(-0.0), 'J11': np.float32(-0.0037002775), 'J12': np.float32(-1.0009251), 'J13': np.float32(-1.0064754), 'cluster3106249630_3106249631_J60_J61_#5more': np.float32(-1.0259019)}, {'J10': 0, 'J11': 28, 'J12': 13, 'J13': 49, 'cluster3106249630_3106249631_J60_J61_#5more': 52}, {'J10': 0, 'J11': 61, 'J12': 60, 'J13': 53, 'cluster3106249630_3106249631_J60_J61_#5more': 77}, 
3360.0, {'J10': np.float32(-0.006475486), 'J11': np.float32(-0.45605922), 'J12': np.float32(-0.6179463), 'J13': np.float32(-0.9084181), 'cluster3106249630_3106249631_J60_J61_#5more': np.float32(1.3820536)}, {'J10': 1, 'J11': 28, 'J12': 13, 'J13': 49, 'cluster3106249630_3106249631_J60_J61_#5more': 50}, {'J10': 2, 'J11': 59, 'J12': 56, 'J13': 52, 'cluster3106249630_3106249631_J60_J61_#5more': 69}, 
3365.0, {'J10': np.float32(-0.04255319), 'J11': np.float32(-0.9158187), 'J12': np.float32(-0.42368177), 'J13': np.float32(-0.97132283), 'cluster3106249630_3106249631_J60_J61_#5more': np.float32(-0.69380206)}, {'J10': 2, 'J11': 28, 'J12': 13, 'J13': 49, 'cluster3106249630_3106249631_J60_J61_#5more': 53}, {'J10': 3, 'J11': 58, 'J12': 58, 'J13': 52, 'cluster3106249630_3106249631_J60_J61_#5more': 72}, 
3370.0, {'J10': np.float32(-0.07030527), 'J11': np.float32(-1.1794635), 'J12': np.float32(-0.61517113), 'J13': np.float32(-0.97132283), 'cluster3106249630_3106249631_J60_J61_#5more': np.float32(-0.9213691)}, {'J10': 3, 'J11': 28, 'J12': 13, 'J13': 49, 'cluster3106249630_3106249631_J60_J61_#5more': 53}, {'J10': 4, 'J11': 58, 'J12': 55, 'J13': 52, 'cluster3106249630_3106249631_J60_J61_#5more': 72}, 
3375.0, {'J10': np.float32(0.04810361), 'J11': np.float32(-1.2340425), 'J12': np.float32(-1.0111009), 'J13': np.float32(-0.97132283), 'cluster3106249630_3106249631_J60_J61_#5more': np.float32(-1.3589269)}, {'J10': 2, 'J11': 32, 'J12': 13, 'J13': 49, 'cluster3106249630_3106249631_J60_J61_#5more': 53}, {'J10': 3, 'J11': 62, 'J12': 55, 'J13': 52, 'cluster3106249630_3106249631_J60_J61_#5more': 77}, 
3380.0, {'J10': np.float32(-0.055504162), 'J11': np.float32(-1.2488437), 'J12': np.float32(-1.0351527), 'J13': np.float32(-0.98057353), 'cluster3106249630_3106249631_J60_J61_#5more': np.float32(-1.3977798)}, {'J10': 2, 'J11': 32, 'J12': 13, 'J13': 52, 'cluster3106249630_3106249631_J60_J61_#5more': 54}, {'J10': 3, 'J11': 62, 'J12': 54, 'J13': 55, 'cluster3106249630_3106249631_J60_J61_#5more': 77}, 
3385.0, {'J10': np.float32(-0.027752081), 'J11': np.float32(-1.2321924), 'J12': np.float32(-1.0684551), 'J13': np.float32(-1.0388529), 'cluster3106249630_3106249631_J60_J61_#5more': np.float32(0.42738205)}, {'J10': 4, 'J11': 32, 'J12': 13, 'J13': 53, 'cluster3106249630_3106249631_J60_J61_#5more': 52}, {'J10': 4, 'J11': 62, 'J12': 61, 'J13': 57, 'cluster3106249630_3106249631_J60_J61_#5more': 72}, 
3390.0, {'J10': np.float32(-0.079555966), 'J11': np.float32(-1.2858465), 'J12': np.float32(-1.1517113), 'J13': np.float32(-1.0786309), 'cluster3106249630_3106249631_J60_J61_#5more': np.float32(1.5124885)}, {'J10': 5, 'J11': 32, 'J12': 13, 'J13': 54, 'cluster3106249630_3106249631_J60_J61_#5more': 47}, {'J10': 5, 'J11': 62, 'J12': 63, 'J13': 59, 'cluster3106249630_3106249631_J60_J61_#5more': 67}, 
3395.0, {'J10': np.float32(0.022201665), 'J11': np.float32(-1.293247), 'J12': np.float32(-1.1239593), 'J13': np.float32(1.7261795), 'cluster3106249630_3106249631_J60_J61_#5more': np.float32(-0.73913044)}, {'J10': 4, 'J11': 32, 'J12': 13, 'J13': 52, 'cluster3106249630_3106249631_J60_J61_#5more': 46}, {'J10': 5, 'J11': 62, 'J12': 61, 'J13': 56, 'cluster3106249630_3106249631_J60_J61_#5more': 70}, 
3400.0, {'J10': np.float32(0.04347826), 'J11': np.float32(-1.3219241), 'J12': np.float32(-1.1840888), 'J13': np.float32(-0.69380206), 'cluster3106249630_3106249631_J60_J61_#5more': np.float32(-0.746531)}, {'J10': 3, 'J11': 32, 'J12': 13, 'J13': 52, 'cluster3106249630_3106249631_J60_J61_#5more': 48}, {'J10': 3, 'J11': 62, 'J12': 62, 'J13': 53, 'cluster3106249630_3106249631_J60_J61_#5more': 73}, 
3405.0, {'J10': np.float32(-0.06567992), 'J11': np.float32(-1.3228492), 'J12': np.float32(-1.1896392), 'J13': np.float32(0.11748381), 'cluster3106249630_3106249631_J60_J61_#5more': np.float32(-1.3496763)}, {'J10': 4, 'J11': 32, 'J12': 13, 'J13': 52, 'cluster3106249630_3106249631_J60_J61_#5more': 54}, {'J10': 4, 'J11': 62, 'J12': 65, 'J13': 55, 'cluster3106249630_3106249631_J60_J61_#5more': 79}, 
3410.0, {'J10': np.float32(-0.0906568), 'J11': np.float32(-1.3172988), 'J12': np.float32(-1.2627198), 'J13': np.float32(-1.0286771), 'cluster3106249630_3106249631_J60_J61_#5more': np.float32(-1.4172063)}, {'J10': 5, 'J11': 32, 'J12': 13, 'J13': 52, 'cluster3106249630_3106249631_J60_J61_#5more': 57}, {'J10': 5, 'J11': 62, 'J12': 67, 'J13': 55, 'cluster3106249630_3106249631_J60_J61_#5more': 82}, 
3415.0, {'J10': np.float32(-0.103607774), 'J11': np.float32(-1.3561517), 'J12': np.float32(-1.2950971), 'J13': np.float32(-1.0249768), 'cluster3106249630_3106249631_J60_J61_#5more': np.float32(-0.9907493)}, {'J10': 5, 'J11': 32, 'J12': 13, 'J13': 52, 'cluster3106249630_3106249631_J60_J61_#5more': 57}, {'J10': 6, 'J11': 62, 'J12': 68, 'J13': 55, 'cluster3106249630_3106249631_J60_J61_#5more': 79}, 
3420.0, {'J10': np.float32(0.056429233), 'J11': np.float32(-1.3681777), 'J12': np.float32(-1.3256245), 'J13': np.float32(-1.0360777), 'cluster3106249630_3106249631_J60_J61_#5more': np.float32(1.6373729)}, {'J10': 4, 'J11': 32, 'J12': 15, 'J13': 52, 'cluster3106249630_3106249631_J60_J61_#5more': 53}, {'J10': 5, 'J11': 62, 'J12': 70, 'J13': 55, 'cluster3106249630_3106249631_J60_J61_#5more': 71}, 
3425.0, {'J10': np.float32(0.06012951), 'J11': np.float32(-1.3820536), 'J12': np.float32(1.8556892), 'J13': np.float32(-1.0360777), 'cluster3106249630_3106249631_J60_J61_#5more': np.float32(-0.7613321)}, {'J10': 3, 'J11': 32, 'J12': 17, 'J13': 52, 'cluster3106249630_3106249631_J60_J61_#5more': 52}, {'J10': 4, 'J11': 62, 'J12': 72, 'J13': 55, 'cluster3106249630_3106249631_J60_J61_#5more': 69}, 
3430.0, {'J10': np.float32(-0.07678076), 'J11': np.float32(3.0), 'J12': np.float32(1.3265495), 'J13': np.float32(-1.0360777), 'cluster3106249630_3106249631_J60_J61_#5more': np.float32(0.30712304)}, {'J10': 4, 'J11': 32, 'J12': 17, 'J13': 52, 'cluster3106249630_3106249631_J60_J61_#5more': 50}, {'J10': 5, 'J11': 60, 'J12': 73, 'J13': 55, 'cluster3106249630_3106249631_J60_J61_#5more': 69}, 
3435.0, {'J10': np.float32(-0.10175763), 'J11': np.float32(3.0), 'J12': np.float32(-1.2571692), 'J13': np.float32(-1.0518038), 'cluster3106249630_3106249631_J60_J61_#5more': np.float32(1.531915)}, {'J10': 5, 'J11': 32, 'J12': 17, 'J13': 54, 'cluster3106249630_3106249631_J60_J61_#5more': 50}, {'J10': 6, 'J11': 58, 'J12': 73, 'J13': 57, 'cluster3106249630_3106249631_J60_J61_#5more': 66}, 
3440.0, {'J10': np.float32(0.1692877), 'J11': np.float32(1.2987974), 'J12': np.float32(-1.2969472), 'J13': np.float32(3.0), 'cluster3106249630_3106249631_J60_J61_#5more': np.float32(1.4773358)}, {'J10': 4, 'J11': 32, 'J12': 18, 'J13': 52, 'cluster3106249630_3106249631_J60_J61_#5more': 53}, {'J10': 7, 'J11': 58, 'J12': 72, 'J13': 53, 'cluster3106249630_3106249631_J60_J61_#5more': 65}, 
3445.0, {'J10': np.float32(-0.09620722), 'J11': np.float32(3.0), 'J12': np.float32(3.0), 'J13': np.float32(2.8140612), 'cluster3106249630_3106249631_J60_J61_#5more': np.float32(1.0286771)}, {'J10': 4, 'J11': 28, 'J12': 18, 'J13': 49, 'cluster3106249630_3106249631_J60_J61_#5more': 53}, {'J10': 7, 'J11': 55, 'J12': 73, 'J13': 50, 'cluster3106249630_3106249631_J60_J61_#5more': 63}, 
3450.0, {'J10': np.float32(-0.07030527), 'J11': np.float32(3.0), 'J12': np.float32(1.0333025), 'J13': np.float32(-0.9629972), 'cluster3106249630_3106249631_J60_J61_#5more': np.float32(1.5208141)}, {'J10': 4, 'J11': 24, 'J12': 18, 'J13': 49, 'cluster3106249630_3106249631_J60_J61_#5more': 48}, {'J10': 5, 'J11': 52, 'J12': 70, 'J13': 52, 'cluster3106249630_3106249631_J60_J61_#5more': 55}, 
3455.0, {'J10': np.float32(-0.09250694), 'J11': np.float32(-0.9241443), 'J12': np.float32(3.0), 'J13': np.float32(-0.9925994), 'cluster3106249630_3106249631_J60_J61_#5more': np.float32(1.3885292)}, {'J10': 4, 'J11': 25, 'J12': 18, 'J13': 49, 'cluster3106249630_3106249631_J60_J61_#5more': 43}, {'J10': 5, 'J11': 51, 'J12': 61, 'J13': 53, 'cluster3106249630_3106249631_J60_J61_#5more': 48}, 
3460.0, {'J10': np.float32(0.36447734), 'J11': np.float32(-1.0388529), 'J12': np.float32(2.3552268), 'J13': np.float32(-1.0231267), 'cluster3106249630_3106249631_J60_J61_#5more': np.float32(1.3191489)}, {'J10': 2, 'J11': 27, 'J12': 19, 'J13': 50, 'cluster3106249630_3106249631_J60_J61_#5more': 38}, {'J10': 2, 'J11': 53, 'J12': 60, 'J13': 55, 'cluster3106249630_3106249631_J60_J61_#5more': 42}, 
3465.0, {'J10': np.float32(-0.037002776), 'J11': np.float32(-1.0758557), 'J12': np.float32(-1.1618872), 'J13': np.float32(-0.99907494), 'cluster3106249630_3106249631_J60_J61_#5more': np.float32(1.0832562)}, {'J10': 2, 'J11': 27, 'J12': 20, 'J13': 50, 'cluster3106249630_3106249631_J60_J61_#5more': 33}, {'J10': 2, 'J11': 53, 'J12': 69, 'J13': 53, 'cluster3106249630_3106249631_J60_J61_#5more': 38}, 
3470.0, {'J10': np.float32(-0.04347826), 'J11': np.float32(-1.0841813), 'J12': np.float32(-1.3052729), 'J13': np.float32(2.093432), 'cluster3106249630_3106249631_J60_J61_#5more': np.float32(0.88621646)}, {'J10': 3, 'J11': 27, 'J12': 20, 'J13': 48, 'cluster3106249630_3106249631_J60_J61_#5more': 29}, {'J10': 3, 'J11': 53, 'J12': 74, 'J13': 51, 'cluster3106249630_3106249631_J60_J61_#5more': 34}, 
3475.0, {'J10': np.float32(-0.055504162), 'J11': np.float32(-1.119334), 'J12': np.float32(-1.3876041), 'J13': np.float32(2.8880665), 'cluster3106249630_3106249631_J60_J61_#5more': np.float32(0.38852915)}, {'J10': 3, 'J11': 30, 'J12': 20, 'J13': 45, 'cluster3106249630_3106249631_J60_J61_#5more': 26}, {'J10': 3, 'J11': 59, 'J12': 74, 'J13': 47, 'cluster3106249630_3106249631_J60_J61_#5more': 30}, 
3480.0, {'J10': np.float32(-0.07678076), 'J11': np.float32(-1.2405181), 'J12': np.float32(1.865865), 'J13': np.float32(-0.9019427), 'cluster3106249630_3106249631_J60_J61_#5more': np.float32(0.6956522)}, {'J10': 4, 'J11': 32, 'J12': 20, 'J13': 45, 'cluster3106249630_3106249631_J60_J61_#5more': 23}, {'J10': 4, 'J11': 61, 'J12': 74, 'J13': 47, 'cluster3106249630_3106249631_J60_J61_#5more': 25}, 
3485.0, {'J10': np.float32(-0.099907495), 'J11': np.float32(-1.2719704), 'J12': np.float32(-1.3320999), 'J13': np.float32(-0.9398705), 'cluster3106249630_3106249631_J60_J61_#5more': np.float32(1.160037)}, {'J10': 5, 'J11': 32, 'J12': 20, 'J13': 48, 'cluster3106249630_3106249631_J60_J61_#5more': 22}, {'J10': 5, 'J11': 61, 'J12': 73, 'J13': 53, 'cluster3106249630_3106249631_J60_J61_#5more': 23}, 
3490.0, {'J10': np.float32(0.16651249), 'J11': np.float32(-1.2765957), 'J12': np.float32(-1.4153562), 'J13': np.float32(-1.0175763), 'cluster3106249630_3106249631_J60_J61_#5more': np.float32(-0.4680851)}, {'J10': 4, 'J11': 32, 'J12': 20, 'J13': 48, 'cluster3106249630_3106249631_J60_J61_#5more': 22}, {'J10': 4, 'J11': 61, 'J12': 73, 'J13': 53, 'cluster3106249630_3106249631_J60_J61_#5more': 29}, 
3495.0, {'J10': np.float32(-0.083256245), 'J11': np.float32(-1.280296), 'J12': np.float32(-1.3617021), 'J13': np.float32(-1.0296022), 'cluster3106249630_3106249631_J60_J61_#5more': np.float32(-0.11285847)}, {'J10': 4, 'J11': 32, 'J12': 20, 'J13': 48, 'cluster3106249630_3106249631_J60_J61_#5more': 23}, {'J10': 6, 'J11': 61, 'J12': 73, 'J13': 53, 'cluster3106249630_3106249631_J60_J61_#5more': 30}, 
3500.0, {'J10': np.float32(0.13783534), 'J11': np.float32(-1.2858465), 'J12': np.float32(-1.3968548), 'J13': np.float32(3.0), 'cluster3106249630_3106249631_J60_J61_#5more': np.float32(-0.5781684)}, {'J10': 3, 'J11': 32, 'J12': 20, 'J13': 45, 'cluster3106249630_3106249631_J60_J61_#5more': 26}, {'J10': 6, 'J11': 61, 'J12': 73, 'J13': 49, 'cluster3106249630_3106249631_J60_J61_#5more': 35}, 
3505.0, {'J10': np.float32(0.056429233), 'J11': np.float32(-0.26086956), 'J12': np.float32(-1.400555), 'J13': np.float32(1.7493062), 'cluster3106249630_3106249631_J60_J61_#5more': np.float32(-0.64292324)}, {'J10': 4, 'J11': 32, 'J12': 20, 'J13': 43, 'cluster3106249630_3106249631_J60_J61_#5more': 31}, {'J10': 6, 'J11': 61, 'J12': 73, 'J13': 45, 'cluster3106249630_3106249631_J60_J61_#5more': 40}, 
3510.0, {'J10': np.float32(0.023126734), 'J11': np.float32(-1.1933395), 'J12': np.float32(-1.4116559), 'J13': np.float32(3.0), 'cluster3106249630_3106249631_J60_J61_#5more': np.float32(-0.20444034)}, {'J10': 3, 'J11': 32, 'J12': 20, 'J13': 41, 'cluster3106249630_3106249631_J60_J61_#5more': 38}, {'J10': 3, 'J11': 62, 'J12': 73, 'J13': 43, 'cluster3106249630_3106249631_J60_J61_#5more': 44}, 
3515.0, {'J10': np.float32(-0.06475486), 'J11': np.float32(2.0906568), 'J12': np.float32(-1.4246068), 'J13': np.float32(-0.85568917), 'cluster3106249630_3106249631_J60_J61_#5more': np.float32(0.6012951)}, {'J10': 3, 'J11': 30, 'J12': 20, 'J13': 44, 'cluster3106249630_3106249631_J60_J61_#5more': 42}, {'J10': 3, 'J11': 59, 'J12': 73, 'J13': 47, 'cluster3106249630_3106249631_J60_J61_#5more': 44}, 
3520.0, {'J10': np.float32(-0.071230344), 'J11': np.float32(-1.2627198), 'J12': np.float32(-1.4246068), 'J13': np.float32(1.5448658), 'cluster3106249630_3106249631_J60_J61_#5more': np.float32(-0.23311749)}, {'J10': 4, 'J11': 30, 'J12': 20, 'J13': 42, 'cluster3106249630_3106249631_J60_J61_#5more': 45}, {'J10': 4, 'J11': 59, 'J12': 73, 'J13': 45, 'cluster3106249630_3106249631_J60_J61_#5more': 47}, 
3525.0, {'J10': np.float32(0.11933395), 'J11': np.float32(-1.2950971), 'J12': np.float32(-1.4246068), 'J13': np.float32(2.640148), 'cluster3106249630_3106249631_J60_J61_#5more': np.float32(-0.3617021)}, {'J10': 3, 'J11': 30, 'J12': 20, 'J13': 39, 'cluster3106249630_3106249631_J60_J61_#5more': 47}, {'J10': 4, 'J11': 59, 'J12': 73, 'J13': 41, 'cluster3106249630_3106249631_J60_J61_#5more': 52}, 
3530.0, {'J10': np.float32(-0.07400555), 'J11': np.float32(-1.2867715), 'J12': np.float32(2.9296947), 'J13': np.float32(-0.8103608), 'cluster3106249630_3106249631_J60_J61_#5more': np.float32(0.20814061)}, {'J10': 3, 'J11': 30, 'J12': 20, 'J13': 39, 'cluster3106249630_3106249631_J60_J61_#5more': 46}, {'J10': 4, 'J11': 59, 'J12': 72, 'J13': 43, 'cluster3106249630_3106249631_J60_J61_#5more': 49}, 
3535.0, {'J10': np.float32(-0.07678076), 'J11': np.float32(3.0), 'J12': np.float32(-1.3441259), 'J13': np.float32(-0.83256245), 'cluster3106249630_3106249631_J60_J61_#5more': np.float32(-0.06105458)}, {'J10': 3, 'J11': 32, 'J12': 20, 'J13': 39, 'cluster3106249630_3106249631_J60_J61_#5more': 46}, {'J10': 5, 'J11': 60, 'J12': 72, 'J13': 43, 'cluster3106249630_3106249631_J60_J61_#5more': 48}, 
3540.0, {'J10': np.float32(-0.017576318), 'J11': np.float32(-0.38575393), 'J12': np.float32(-1.3561517), 'J13': np.float32(-0.839963), 'cluster3106249630_3106249631_J60_J61_#5more': np.float32(-0.89546716)}, {'J10': 4, 'J11': 32, 'J12': 20, 'J13': 39, 'cluster3106249630_3106249631_J60_J61_#5more': 46}, {'J10': 4, 'J11': 62, 'J12': 72, 'J13': 43, 'cluster3106249630_3106249631_J60_J61_#5more': 50}, 
3545.0, {'J10': np.float32(-0.083256245), 'J11': np.float32(-1.2469935), 'J12': np.float32(3.0), 'J13': np.float32(-0.08233117), 'cluster3106249630_3106249631_J60_J61_#5more': np.float32(-0.15448658)}, {'J10': 4, 'J11': 32, 'J12': 20, 'J13': 39, 'cluster3106249630_3106249631_J60_J61_#5more': 44}, {'J10': 4, 'J11': 64, 'J12': 67, 'J13': 41, 'cluster3106249630_3106249631_J60_J61_#5more': 47}, 
3550.0, {'J10': np.float32(-0.083256245), 'J11': np.float32(-1.2645699), 'J12': np.float32(-1.2442183), 'J13': np.float32(-0.6947271), 'cluster3106249630_3106249631_J60_J61_#5more': np.float32(0.14431082)}, {'J10': 4, 'J11': 32, 'J12': 20, 'J13': 39, 'cluster3106249630_3106249631_J60_J61_#5more': 41}, {'J10': 4, 'J11': 66, 'J12': 68, 'J13': 41, 'cluster3106249630_3106249631_J60_J61_#5more': 45}, 
3555.0, {'J10': np.float32(-0.055504162), 'J11': np.float32(-1.1646624), 'J12': np.float32(-1.2886217), 'J13': np.float32(-0.8159112), 'cluster3106249630_3106249631_J60_J61_#5more': np.float32(0.099907495)}, {'J10': 4, 'J11': 32, 'J12': 20, 'J13': 45, 'cluster3106249630_3106249631_J60_J61_#5more': 38}, {'J10': 4, 'J11': 66, 'J12': 73, 'J13': 49, 'cluster3106249630_3106249631_J60_J61_#5more': 41}, 
3560.0, {'J10': np.float32(-0.07770583), 'J11': np.float32(-1.1378354), 'J12': np.float32(3.0), 'J13': np.float32(-0.9694727), 'cluster3106249630_3106249631_J60_J61_#5more': np.float32(-0.09805735)}, {'J10': 4, 'J11': 32, 'J12': 20, 'J13': 49, 'cluster3106249630_3106249631_J60_J61_#5more': 37}, {'J10': 4, 'J11': 69, 'J12': 73, 'J13': 56, 'cluster3106249630_3106249631_J60_J61_#5more': 40}, 
3565.0, {'J10': np.float32(-0.084181316), 'J11': np.float32(3.0), 'J12': np.float32(3.0), 'J13': np.float32(-1.0878816), 'cluster3106249630_3106249631_J60_J61_#5more': np.float32(-0.76503235)}, {'J10': 4, 'J11': 32, 'J12': 20, 'J13': 53, 'cluster3106249630_3106249631_J60_J61_#5more': 37}, {'J10': 4, 'J11': 67, 'J12': 69, 'J13': 61, 'cluster3106249630_3106249631_J60_J61_#5more': 42}, 
3570.0, {'J10': np.float32(-0.09343201), 'J11': np.float32(2.4736354), 'J12': np.float32(1.0416281), 'J13': np.float32(-1.1794635), 'cluster3106249630_3106249631_J60_J61_#5more': np.float32(0.039777983)}, {'J10': 5, 'J11': 30, 'J12': 18, 'J13': 53, 'cluster3106249630_3106249631_J60_J61_#5more': 35}, {'J10': 5, 'J11': 68, 'J12': 64, 'J13': 61, 'cluster3106249630_3106249631_J60_J61_#5more': 41}, 
3575.0, {'J10': np.float32(-0.111008324), 'J11': np.float32(2.4597595), 'J12': np.float32(-1.2090657), 'J13': np.float32(-1.1951896), 'cluster3106249630_3106249631_J60_J61_#5more': np.float32(0.051803887)}, {'J10': 5, 'J11': 28, 'J12': 18, 'J13': 53, 'cluster3106249630_3106249631_J60_J61_#5more': 33}, {'J10': 5, 'J11': 67, 'J12': 65, 'J13': 62, 'cluster3106249630_3106249631_J60_J61_#5more': 37}, 
3580.0, {'J10': np.float32(-0.111008324), 'J11': np.float32(-0.5744681), 'J12': np.float32(-1.1970397), 'J13': np.float32(-1.0462534), 'cluster3106249630_3106249631_J60_J61_#5more': np.float32(-0.75300646)}, {'J10': 5, 'J11': 28, 'J12': 18, 'J13': 53, 'cluster3106249630_3106249631_J60_J61_#5more': 33}, {'J10': 5, 'J11': 61, 'J12': 64, 'J13': 62, 'cluster3106249630_3106249631_J60_J61_#5more': 39}, 
3585.0, {'J10': np.float32(-0.111008324), 'J11': np.float32(-0.7326549), 'J12': np.float32(-1.2516189), 'J13': np.float32(-1.0906568), 'cluster3106249630_3106249631_J60_J61_#5more': np.float32(0.15263645)}, {'J10': 5, 'J11': 28, 'J12': 20, 'J13': 53, 'cluster3106249630_3106249631_J60_J61_#5more': 31}, {'J10': 5, 'J11': 58, 'J12': 72, 'J13': 61, 'cluster3106249630_3106249631_J60_J61_#5more': 37}, 
3590.0, {'J10': np.float32(-0.111008324), 'J11': np.float32(-0.87511563), 'J12': np.float32(-1.385754), 'J13': np.float32(-1.1748381), 'cluster3106249630_3106249631_J60_J61_#5more': np.float32(0.17576317)}, {'J10': 5, 'J11': 28, 'J12': 20, 'J13': 53, 'cluster3106249630_3106249631_J60_J61_#5more': 29}, {'J10': 5, 'J11': 58, 'J12': 73, 'J13': 62, 'cluster3106249630_3106249631_J60_J61_#5more': 34}, 
3595.0, {'J10': np.float32(-0.111008324), 'J11': np.float32(-1.1554116), 'J12': np.float32(3.0), 'J13': np.float32(-1.1840888), 'cluster3106249630_3106249631_J60_J61_#5more': np.float32(0.5716929)}, {'J10': 5, 'J11': 28, 'J12': 20, 'J13': 53, 'cluster3106249630_3106249631_J60_J61_#5more': 26}, {'J10': 5, 'J11': 58, 'J12': 70, 'J13': 62, 'cluster3106249630_3106249631_J60_J61_#5more': 30}, 
3600.0, {'J10': np.float32(-0.115633674), 'J11': np.float32(-1.1979649), 'J12': np.float32(1.8297873), 'J13': np.float32(-1.1877891), 'cluster3106249630_3106249631_J60_J61_#5more': np.float32(1.3848288)}, {'J10': 5, 'J11': 32, 'J12': 20, 'J13': 53, 'cluster3106249630_3106249631_J60_J61_#5more': 22}, {'J10': 6, 'J11': 62, 'J12': 70, 'J13': 63, 'cluster3106249630_3106249631_J60_J61_#5more': 25}, 
3605.0, {'J10': np.float32(-0.1387604), 'J11': np.float32(-1.2497687), 'J12': np.float32(1.5189639), 'J13': np.float32(-1.2025902), 'cluster3106249630_3106249631_J60_J61_#5more': np.float32(1.2025902)}, {'J10': 5, 'J11': 32, 'J12': 20, 'J13': 53, 'cluster3106249630_3106249631_J60_J61_#5more': 17}, {'J10': 6, 'J11': 62, 'J12': 71, 'J13': 63, 'cluster3106249630_3106249631_J60_J61_#5more': 20}, 
3610.0, {'J10': np.float32(0.946346), 'J11': np.float32(-1.2728955), 'J12': np.float32(1.5522665), 'J13': np.float32(-1.2025902), 'cluster3106249630_3106249631_J60_J61_#5more': np.float32(0.95929694)}, {'J10': 3, 'J11': 32, 'J12': 20, 'J13': 53, 'cluster3106249630_3106249631_J60_J61_#5more': 13}, {'J10': 4, 'J11': 62, 'J12': 69, 'J13': 63, 'cluster3106249630_3106249631_J60_J61_#5more': 17}, 
3615.0, {'J10': np.float32(-0.053654023), 'J11': np.float32(-1.2858465), 'J12': np.float32(-1.2876966), 'J13': np.float32(-1.2025902), 'cluster3106249630_3106249631_J60_J61_#5more': np.float32(1.2738205)}, {'J10': 3, 'J11': 32, 'J12': 20, 'J13': 53, 'cluster3106249630_3106249631_J60_J61_#5more': 9}, {'J10': 3, 'J11': 62, 'J12': 71, 'J13': 63, 'cluster3106249630_3106249631_J60_J61_#5more': 12}, 
3620.0, {'J10': np.float32(-0.06382979), 'J11': np.float32(-1.2858465), 'J12': np.float32(1.4310824), 'J13': np.float32(-1.2081406), 'cluster3106249630_3106249631_J60_J61_#5more': np.float32(0.746531)}, {'J10': 5, 'J11': 32, 'J12': 20, 'J13': 53, 'cluster3106249630_3106249631_J60_J61_#5more': 6}, {'J10': 5, 'J11': 62, 'J12': 75, 'J13': 65, 'cluster3106249630_3106249631_J60_J61_#5more': 9}, 
3625.0, {'J10': np.float32(-0.10175763), 'J11': np.float32(-1.2858465), 'J12': np.float32(3.0), 'J13': np.float32(-1.239593), 'cluster3106249630_3106249631_J60_J61_#5more': np.float32(0.773358)}, {'J10': 5, 'J11': 32, 'J12': 20, 'J13': 53, 'cluster3106249630_3106249631_J60_J61_#5more': 4}, {'J10': 5, 'J11': 62, 'J12': 73, 'J13': 65, 'cluster3106249630_3106249631_J60_J61_#5more': 6}, 
3630.0, {'J10': np.float32(-0.10175763), 'J11': np.float32(-1.2858465), 'J12': np.float32(-0.5615171), 'J13': np.float32(-1.2516189), 'cluster3106249630_3106249631_J60_J61_#5more': np.float32(0.0573543)}, {'J10': 5, 'J11': 32, 'J12': 20, 'J13': 53, 'cluster3106249630_3106249631_J60_J61_#5more': 5}, {'J10': 5, 'J11': 62, 'J12': 72, 'J13': 67, 'cluster3106249630_3106249631_J60_J61_#5more': 5}, 
3635.0, {'J10': np.float32(-0.10175763), 'J11': np.float32(-1.2858465), 'J12': np.float32(-1.2321924), 'J13': np.float32(-1.2765957), 'cluster3106249630_3106249631_J60_J61_#5more': np.float32(0.68085104)}, {'J10': 5, 'J11': 32, 'J12': 20, 'J13': 53, 'cluster3106249630_3106249631_J60_J61_#5more': 2}, {'J10': 5, 'J11': 62, 'J12': 71, 'J13': 67, 'cluster3106249630_3106249631_J60_J61_#5more': 2}, 
3640.0, {'J10': np.float32(-0.10175763), 'J11': np.float32(-1.2950971), 'J12': np.float32(-0.8714154), 'J13': np.float32(-1.2886217), 'cluster3106249630_3106249631_J60_J61_#5more': np.float32(0.71137834)}, {'J10': 5, 'J11': 32, 'J12': 20, 'J13': 53, 'cluster3106249630_3106249631_J60_J61_#5more': 0}, {'J10': 5, 'J11': 62, 'J12': 67, 'J13': 69, 'cluster3106249630_3106249631_J60_J61_#5more': 0}, 
3645.0, {'J10': np.float32(-0.10175763), 'J11': np.float32(-1.3024977), 'J12': np.float32(0.69935244), 'J13': np.float32(-1.0148011), 'cluster3106249630_3106249631_J60_J61_#5more': np.float32(-0.099907495)}, {'J10': 5, 'J11': 32, 'J12': 18, 'J13': 53, 'cluster3106249630_3106249631_J60_J61_#5more': 3}, {'J10': 5, 'J11': 62, 'J12': 69, 'J13': 68, 'cluster3106249630_3106249631_J60_J61_#5more': 3}, 
3650.0, {'J10': np.float32(-0.10175763), 'J11': np.float32(3.0), 'J12': np.float32(0.1359852), 'J13': np.float32(2.8242369), 'cluster3106249630_3106249631_J60_J61_#5more': np.float32(-0.17113784)}, {'J10': 5, 'J11': 32, 'J12': 18, 'J13': 51, 'cluster3106249630_3106249631_J60_J61_#5more': 9}, {'J10': 5, 'J11': 60, 'J12': 67, 'J13': 64, 'cluster3106249630_3106249631_J60_J61_#5more': 9}, 
3655.0, {'J10': np.float32(-0.11008326), 'J11': np.float32(3.0), 'J12': np.float32(-0.49768734), 'J13': np.float32(3.0), 'cluster3106249630_3106249631_J60_J61_#5more': np.float32(-0.2867715)}, {'J10': 5, 'J11': 30, 'J12': 18, 'J13': 47, 'cluster3106249630_3106249631_J60_J61_#5more': 15}, {'J10': 5, 'J11': 58, 'J12': 65, 'J13': 56, 'cluster3106249630_3106249631_J60_J61_#5more': 15}, 
3660.0, {'J10': np.float32(-0.111008324), 'J11': np.float32(3.0), 'J12': np.float32(0.7539315), 'J13': np.float32(2.1859388), 'cluster3106249630_3106249631_J60_J61_#5more': np.float32(-0.40980574)}, {'J10': 5, 'J11': 28, 'J12': 16, 'J13': 45, 'cluster3106249630_3106249631_J60_J61_#5more': 23}, {'J10': 5, 'J11': 56, 'J12': 65, 'J13': 54, 'cluster3106249630_3106249631_J60_J61_#5more': 23}, 
3665.0, {'J10': np.float32(-0.111008324), 'J11': np.float32(-1.1017576), 'J12': np.float32(2.386679), 'J13': np.float32(-1.0157262), 'cluster3106249630_3106249631_J60_J61_#5more': np.float32(-0.54486585)}, {'J10': 5, 'J11': 28, 'J12': 16, 'J13': 45, 'cluster3106249630_3106249631_J60_J61_#5more': 27}, {'J10': 5, 'J11': 56, 'J12': 66, 'J13': 55, 'cluster3106249630_3106249631_J60_J61_#5more': 27}, 
3670.0, {'J10': np.float32(-0.111008324), 'J11': np.float32(3.0), 'J12': np.float32(1.026827), 'J13': np.float32(-0.64292324), 'cluster3106249630_3106249631_J60_J61_#5more': np.float32(-0.5920444)}, {'J10': 5, 'J11': 28, 'J12': 16, 'J13': 45, 'cluster3106249630_3106249631_J60_J61_#5more': 27}, {'J10': 5, 'J11': 56, 'J12': 64, 'J13': 52, 'cluster3106249630_3106249631_J60_J61_#5more': 27}, 
3675.0, {'J10': np.float32(1.1221092), 'J11': np.float32(-1.0841813), 'J12': np.float32(0.32469934), 'J13': np.float32(-0.800185), 'cluster3106249630_3106249631_J60_J61_#5more': np.float32(-0.5920444)}, {'J10': 3, 'J11': 28, 'J12': 19, 'J13': 45, 'cluster3106249630_3106249631_J60_J61_#5more': 27}, {'J10': 3, 'J11': 58, 'J12': 66, 'J13': 51, 'cluster3106249630_3106249631_J60_J61_#5more': 27}, 
3680.0, {'J10': np.float32(-0.055504162), 'J11': np.float32(-1.1211841), 'J12': np.float32(-0.15818687), 'J13': np.float32(-0.95282143), 'cluster3106249630_3106249631_J60_J61_#5more': np.float32(-0.5920444)}, {'J10': 3, 'J11': 31, 'J12': 19, 'J13': 45, 'cluster3106249630_3106249631_J60_J61_#5more': 27}, {'J10': 3, 'J11': 61, 'J12': 66, 'J13': 51, 'cluster3106249630_3106249631_J60_J61_#5more': 27}, 
3685.0, {'J10': np.float32(-0.055504162), 'J11': np.float32(-1.1924144), 'J12': np.float32(2.8732655), 'J13': np.float32(-0.95282143), 'cluster3106249630_3106249631_J60_J61_#5more': np.float32(-0.5920444)}, {'J10': 3, 'J11': 32, 'J12': 15, 'J13': 45, 'cluster3106249630_3106249631_J60_J61_#5more': 27}, {'J10': 3, 'J11': 62, 'J12': 63, 'J13': 51, 'cluster3106249630_3106249631_J60_J61_#5more': 27}, 
3690.0, {'J10': np.float32(-0.055504162), 'J11': np.float32(-1.2072155), 'J12': np.float32(0.8519889), 'J13': np.float32(-0.95282143), 'cluster3106249630_3106249631_J60_J61_#5more': np.float32(-0.5920444)}, {'J10': 3, 'J11': 32, 'J12': 14, 'J13': 45, 'cluster3106249630_3106249631_J60_J61_#5more': 27}, {'J10': 3, 'J11': 62, 'J12': 65, 'J13': 51, 'cluster3106249630_3106249631_J60_J61_#5more': 27}, 
3695.0, {'J10': np.float32(-0.055504162), 'J11': np.float32(-1.2118409), 'J12': np.float32(0.8482886), 'J13': np.float32(-0.9814986), 'cluster3106249630_3106249631_J60_J61_#5more': np.float32(-0.5920444)}, {'J10': 3, 'J11': 32, 'J12': 14, 'J13': 50, 'cluster3106249630_3106249631_J60_J61_#5more': 27}, {'J10': 3, 'J11': 62, 'J12': 64, 'J13': 56, 'cluster3106249630_3106249631_J60_J61_#5more': 27}, 
3700.0, {'J10': np.float32(-0.055504162), 'J11': np.float32(-1.2118409), 'J12': np.float32(-0.7169288), 'J13': np.float32(-1.0573543), 'cluster3106249630_3106249631_J60_J61_#5more': np.float32(-0.5920444)}, {'J10': 3, 'J11': 32, 'J12': 14, 'J13': 52, 'cluster3106249630_3106249631_J60_J61_#5more': 27}, {'J10': 3, 'J11': 62, 'J12': 63, 'J13': 58, 'cluster3106249630_3106249631_J60_J61_#5more': 27}, 
3705.0, {'J10': np.float32(-0.05920444), 'J11': np.float32(-1.2118409), 'J12': np.float32(0.3135985), 'J13': np.float32(3.0), 'cluster3106249630_3106249631_J60_J61_#5more': np.float32(-0.5920444)}, {'J10': 3, 'J11': 32, 'J12': 14, 'J13': 52, 'cluster3106249630_3106249631_J60_J61_#5more': 27}, {'J10': 3, 'J11': 62, 'J12': 65, 'J13': 56, 'cluster3106249630_3106249631_J60_J61_#5more': 27}, 
3710.0, {'J10': np.float32(-0.06475486), 'J11': np.float32(-1.2118409), 'J12': np.float32(-1.2025902), 'J13': np.float32(3.0), 'cluster3106249630_3106249631_J60_J61_#5more': np.float32(-0.5920444)}, {'J10': 3, 'J11': 32, 'J12': 14, 'J13': 48, 'cluster3106249630_3106249631_J60_J61_#5more': 27}, {'J10': 3, 'J11': 62, 'J12': 65, 'J13': 50, 'cluster3106249630_3106249631_J60_J61_#5more': 27}, 
3715.0, {'J10': np.float32(-0.06475486), 'J11': np.float32(-1.2118409), 'J12': np.float32(-0.04440333), 'J13': np.float32(-0.9250694), 'cluster3106249630_3106249631_J60_J61_#5more': np.float32(-0.5929695)}, {'J10': 3, 'J11': 32, 'J12': 15, 'J13': 48, 'cluster3106249630_3106249631_J60_J61_#5more': 27}, {'J10': 3, 'J11': 62, 'J12': 64, 'J13': 50, 'cluster3106249630_3106249631_J60_J61_#5more': 28}, 
3720.0, {'J10': np.float32(-0.06475486), 'J11': np.float32(-1.2118409), 'J12': np.float32(-0.44680852), 'J13': np.float32(3.0), 'cluster3106249630_3106249631_J60_J61_#5more': np.float32(-0.6105458)}, {'J10': 3, 'J11': 32, 'J12': 17, 'J13': 45, 'cluster3106249630_3106249631_J60_J61_#5more': 27}, {'J10': 3, 'J11': 62, 'J12': 66, 'J13': 48, 'cluster3106249630_3106249631_J60_J61_#5more': 28}, 
3725.0, {'J10': np.float32(0.94264567), 'J11': np.float32(-1.2118409), 'J12': np.float32(-1.2469935), 'J13': np.float32(1.0777059), 'cluster3106249630_3106249631_J60_J61_#5more': np.float32(-0.012025902)}, {'J10': 1, 'J11': 32, 'J12': 19, 'J13': 44, 'cluster3106249630_3106249631_J60_J61_#5more': 25}, {'J10': 1, 'J11': 62, 'J12': 68, 'J13': 46, 'cluster3106249630_3106249631_J60_J61_#5more': 26}, 
3730.0, {'J10': np.float32(-0.018501388), 'J11': np.float32(-1.2118409), 'J12': np.float32(-1.2765957), 'J13': np.float32(-0.85106385), 'cluster3106249630_3106249631_J60_J61_#5more': np.float32(0.04440333)}, {'J10': 1, 'J11': 32, 'J12': 19, 'J13': 44, 'cluster3106249630_3106249631_J60_J61_#5more': 23}, {'J10': 1, 'J11': 62, 'J12': 70, 'J13': 46, 'cluster3106249630_3106249631_J60_J61_#5more': 24}, 
3735.0, {'J10': np.float32(0.40888068), 'J11': np.float32(-1.2183163), 'J12': np.float32(-1.3126734), 'J13': np.float32(-0.7937095), 'cluster3106249630_3106249631_J60_J61_#5more': np.float32(-0.53654027)}, {'J10': 0, 'J11': 32, 'J12': 19, 'J13': 44, 'cluster3106249630_3106249631_J60_J61_#5more': 23}, {'J10': 0, 'J11': 62, 'J12': 70, 'J13': 45, 'cluster3106249630_3106249631_J60_J61_#5more': 24}, 
3740.0, {'J10': np.float32(-0.0), 'J11': np.float32(-1.2210916), 'J12': np.float32(3.0), 'J13': np.float32(3.0), 'cluster3106249630_3106249631_J60_J61_#5more': np.float32(-0.53746533)}, {'J10': 0, 'J11': 32, 'J12': 19, 'J13': 41, 'cluster3106249630_3106249631_J60_J61_#5more': 23}, {'J10': 0, 'J11': 62, 'J12': 68, 'J13': 41, 'cluster3106249630_3106249631_J60_J61_#5more': 25}, 
3745.0, {'J10': np.float32(-0.0), 'J11': np.float32(3.0), 'J12': np.float32(-1.2765957), 'J13': np.float32(3.0), 'cluster3106249630_3106249631_J60_J61_#5more': np.float32(-0.5550416)}, {'J10': 0, 'J11': 32, 'J12': 19, 'J13': 37, 'cluster3106249630_3106249631_J60_J61_#5more': 23}, {'J10': 0, 'J11': 59, 'J12': 68, 'J13': 37, 'cluster3106249630_3106249631_J60_J61_#5more': 25}, 
3750.0, {'J10': np.float32(-0.0), 'J11': np.float32(1.6577244), 'J12': np.float32(0.95374656), 'J13': np.float32(1.7696577), 'cluster3106249630_3106249631_J60_J61_#5more': np.float32(-0.5550416)}, {'J10': 0, 'J11': 32, 'J12': 17, 'J13': 35, 'cluster3106249630_3106249631_J60_J61_#5more': 23}, {'J10': 0, 'J11': 59, 'J12': 66, 'J13': 35, 'cluster3106249630_3106249631_J60_J61_#5more': 25}, 
3755.0, {'J10': np.float32(-0.0), 'J11': np.float32(-1.134135), 'J12': np.float32(1.7012026), 'J13': np.float32(-0.6549491), 'cluster3106249630_3106249631_J60_J61_#5more': np.float32(-0.5550416)}, {'J10': 0, 'J11': 32, 'J12': 12, 'J13': 39, 'cluster3106249630_3106249631_J60_J61_#5more': 23}, {'J10': 0, 'J11': 58, 'J12': 61, 'J13': 39, 'cluster3106249630_3106249631_J60_J61_#5more': 25}, 
3760.0, {'J10': np.float32(-0.0), 'J11': np.float32(3.0), 'J12': np.float32(-0.5522664), 'J13': np.float32(1.6734505), 'cluster3106249630_3106249631_J60_J61_#5more': np.float32(-0.5550416)}, {'J10': 0, 'J11': 32, 'J12': 12, 'J13': 37, 'cluster3106249630_3106249631_J60_J61_#5more': 23}, {'J10': 0, 'J11': 56, 'J12': 61, 'J13': 37, 'cluster3106249630_3106249631_J60_J61_#5more': 25}, 
3765.0, {'J10': np.float32(-0.0), 'J11': np.float32(-1.0915818), 'J12': np.float32(-1.1711378), 'J13': np.float32(2.437558), 'cluster3106249630_3106249631_J60_J61_#5more': np.float32(0.30064756)}, {'J10': 0, 'J11': 32, 'J12': 12, 'J13': 34, 'cluster3106249630_3106249631_J60_J61_#5more': 21}, {'J10': 0, 'J11': 56, 'J12': 61, 'J13': 34, 'cluster3106249630_3106249631_J60_J61_#5more': 24}, 
3770.0, {'J10': np.float32(-0.0), 'J11': np.float32(-1.0915818), 'J12': np.float32(-0.93246996), 'J13': np.float32(1.2858465), 'cluster3106249630_3106249631_J60_J61_#5more': np.float32(0.3506013)}, {'J10': 0, 'J11': 32, 'J12': 12, 'J13': 32, 'cluster3106249630_3106249631_J60_J61_#5more': 19}, {'J10': 0, 'J11': 56, 'J12': 61, 'J13': 32, 'cluster3106249630_3106249631_J60_J61_#5more': 23}, 
3775.0, {'J10': np.float32(-0.0), 'J11': np.float32(-1.0915818), 'J12': np.float32(-1.1424607), 'J13': np.float32(-0.599445), 'cluster3106249630_3106249631_J60_J61_#5more': np.float32(-0.51803887)}, {'J10': 0, 'J11': 32, 'J12': 12, 'J13': 32, 'cluster3106249630_3106249631_J60_J61_#5more': 19}, {'J10': 0, 'J11': 56, 'J12': 63, 'J13': 34, 'cluster3106249630_3106249631_J60_J61_#5more': 23}, 
3780.0, {'J10': np.float32(-0.0), 'J11': np.float32(-1.1156337), 'J12': np.float32(3.0), 'J13': np.float32(1.4477335), 'cluster3106249630_3106249631_J60_J61_#5more': np.float32(-0.5217391)}, {'J10': 0, 'J11': 32, 'J12': 12, 'J13': 30, 'cluster3106249630_3106249631_J60_J61_#5more': 19}, {'J10': 0, 'J11': 61, 'J12': 58, 'J13': 33, 'cluster3106249630_3106249631_J60_J61_#5more': 23}, 
3785.0, {'J10': np.float32(-0.0), 'J11': np.float32(0.111933395), 'J12': np.float32(-0.23681776), 'J13': np.float32(1.3617021), 'cluster3106249630_3106249631_J60_J61_#5more': np.float32(-0.52728957)}, {'J10': 0, 'J11': 32, 'J12': 15, 'J13': 28, 'cluster3106249630_3106249631_J60_J61_#5more': 19}, {'J10': 0, 'J11': 61, 'J12': 60, 'J13': 31, 'cluster3106249630_3106249631_J60_J61_#5more': 23}, 
3790.0, {'J10': np.float32(-0.0), 'J11': np.float32(-1.1378354), 'J12': np.float32(-1.1803886), 'J13': np.float32(-0.58464384), 'cluster3106249630_3106249631_J60_J61_#5more': np.float32(3.0)}, {'J10': 0, 'J11': 32, 'J12': 16, 'J13': 31, 'cluster3106249630_3106249631_J60_J61_#5more': 19}, {'J10': 0, 'J11': 61, 'J12': 67, 'J13': 34, 'cluster3106249630_3106249631_J60_J61_#5more': 24}, 
3795.0, {'J10': np.float32(-0.0), 'J11': np.float32(-1.1378354), 'J12': np.float32(1.2312673), 'J13': np.float32(1.3135985), 'cluster3106249630_3106249631_J60_J61_#5more': np.float32(-0.45050877)}, {'J10': 0, 'J11': 32, 'J12': 17, 'J13': 31, 'cluster3106249630_3106249631_J60_J61_#5more': 19}, {'J10': 0, 'J11': 61, 'J12': 69, 'J13': 34, 'cluster3106249630_3106249631_J60_J61_#5more': 25}, 
3800.0, {'J10': np.float32(-0.0), 'J11': np.float32(-1.1378354), 'J12': np.float32(1.1433858), 'J13': np.float32(2.239593), 'cluster3106249630_3106249631_J60_J61_#5more': np.float32(-0.46993524)}, {'J10': 0, 'J11': 32, 'J12': 16, 'J13': 28, 'cluster3106249630_3106249631_J60_J61_#5more': 19}, {'J10': 0, 'J11': 61, 'J12': 67, 'J13': 31, 'cluster3106249630_3106249631_J60_J61_#5more': 26}, 
3805.0, {'J10': np.float32(-0.0), 'J11': np.float32(-1.1378354), 'J12': np.float32(-1.2950971), 'J13': np.float32(1.2506938), 'cluster3106249630_3106249631_J60_J61_#5more': np.float32(1.2155411)}, {'J10': 0, 'J11': 32, 'J12': 16, 'J13': 26, 'cluster3106249630_3106249631_J60_J61_#5more': 16}, {'J10': 0, 'J11': 61, 'J12': 67, 'J13': 29, 'cluster3106249630_3106249631_J60_J61_#5more': 23}, 
3810.0, {'J10': np.float32(-0.0), 'J11': np.float32(-1.1378354), 'J12': np.float32(-0.7937095), 'J13': np.float32(-0.53654027), 'cluster3106249630_3106249631_J60_J61_#5more': np.float32(1.3089732)}, {'J10': 0, 'J11': 32, 'J12': 15, 'J13': 26, 'cluster3106249630_3106249631_J60_J61_#5more': 13}, {'J10': 0, 'J11': 61, 'J12': 66, 'J13': 29, 'cluster3106249630_3106249631_J60_J61_#5more': 20}, 
3815.0, {'J10': np.float32(-0.0), 'J11': np.float32(-1.1378354), 'J12': np.float32(-0.9343201), 'J13': np.float32(-0.53654027), 'cluster3106249630_3106249631_J60_J61_#5more': np.float32(0.22386679)}, {'J10': 0, 'J11': 32, 'J12': 14, 'J13': 26, 'cluster3106249630_3106249631_J60_J61_#5more': 12}, {'J10': 0, 'J11': 61, 'J12': 65, 'J13': 29, 'cluster3106249630_3106249631_J60_J61_#5more': 19}, 
3820.0, {'J10': np.float32(-0.0), 'J11': np.float32(-1.1378354), 'J12': np.float32(-1.2719704), 'J13': np.float32(-0.5457909), 'cluster3106249630_3106249631_J60_J61_#5more': np.float32(0.8408881)}, {'J10': 0, 'J11': 32, 'J12': 14, 'J13': 27, 'cluster3106249630_3106249631_J60_J61_#5more': 10}, {'J10': 0, 'J11': 61, 'J12': 67, 'J13': 31, 'cluster3106249630_3106249631_J60_J61_#5more': 18}, 
3825.0, {'J10': np.float32(-0.0), 'J11': np.float32(-1.1378354), 'J12': np.float32(-0.1933395), 'J13': np.float32(1.3876041), 'cluster3106249630_3106249631_J60_J61_#5more': np.float32(0.89269197)}, {'J10': 0, 'J11': 32, 'J12': 16, 'J13': 30, 'cluster3106249630_3106249631_J60_J61_#5more': 10}, {'J10': 0, 'J11': 61, 'J12': 68, 'J13': 34, 'cluster3106249630_3106249631_J60_J61_#5more': 18}, 
3830.0, {'J10': np.float32(-0.0), 'J11': np.float32(-1.1378354), 'J12': np.float32(-0.3783534), 'J13': np.float32(1.8325624), 'cluster3106249630_3106249631_J60_J61_#5more': np.float32(-0.3385754)}, {'J10': 0, 'J11': 32, 'J12': 16, 'J13': 35, 'cluster3106249630_3106249631_J60_J61_#5more': 11}, {'J10': 0, 'J11': 61, 'J12': 67, 'J13': 39, 'cluster3106249630_3106249631_J60_J61_#5more': 19}, 
3835.0, {'J10': np.float32(-0.0), 'J11': np.float32(-1.1378354), 'J12': np.float32(-1.2673451), 'J13': np.float32(-0.75948197), 'cluster3106249630_3106249631_J60_J61_#5more': np.float32(-0.35152635)}, {'J10': 0, 'J11': 32, 'J12': 16, 'J13': 40, 'cluster3106249630_3106249631_J60_J61_#5more': 11}, {'J10': 0, 'J11': 61, 'J12': 67, 'J13': 45, 'cluster3106249630_3106249631_J60_J61_#5more': 19}, 
3840.0, {'J10': np.float32(-0.0), 'J11': np.float32(-1.1378354), 'J12': np.float32(3.0), 'J13': np.float32(-0.33950046), 'cluster3106249630_3106249631_J60_J61_#5more': np.float32(-0.35152635)}, {'J10': 0, 'J11': 32, 'J12': 16, 'J13': 44, 'cluster3106249630_3106249631_J60_J61_#5more': 11}, {'J10': 0, 'J11': 61, 'J12': 66, 'J13': 47, 'cluster3106249630_3106249631_J60_J61_#5more': 19}, 
3845.0, {'J10': np.float32(-0.0), 'J11': np.float32(-1.1378354), 'J12': np.float32(-1.2275671), 'J13': np.float32(0.453284), 'cluster3106249630_3106249631_J60_J61_#5more': np.float32(-0.35152635)}, {'J10': 0, 'J11': 32, 'J12': 16, 'J13': 43, 'cluster3106249630_3106249631_J60_J61_#5more': 11}, {'J10': 0, 'J11': 61, 'J12': 68, 'J13': 45, 'cluster3106249630_3106249631_J60_J61_#5more': 19}, 
3850.0, {'J10': np.float32(-0.0), 'J11': np.float32(-1.1378354), 'J12': np.float32(-1.2636448), 'J13': np.float32(0.23126735), 'cluster3106249630_3106249631_J60_J61_#5more': np.float32(-0.35152635)}, {'J10': 0, 'J11': 32, 'J12': 16, 'J13': 42, 'cluster3106249630_3106249631_J60_J61_#5more': 11}, {'J10': 0, 'J11': 61, 'J12': 69, 'J13': 44, 'cluster3106249630_3106249631_J60_J61_#5more': 19}, 
3855.0, {'J10': np.float32(-0.0), 'J11': np.float32(-1.1378354), 'J12': np.float32(-0.28584644), 'J13': np.float32(-0.81406105), 'cluster3106249630_3106249631_J60_J61_#5more': np.float32(1.0989825)}, {'J10': 0, 'J11': 32, 'J12': 16, 'J13': 42, 'cluster3106249630_3106249631_J60_J61_#5more': 11}, {'J10': 0, 'J11': 61, 'J12': 68, 'J13': 44, 'cluster3106249630_3106249631_J60_J61_#5more': 17}, 
3860.0, {'J10': np.float32(-0.0), 'J11': np.float32(-1.1378354), 'J12': np.float32(-0.45790935), 'J13': np.float32(2.5985198), 'cluster3106249630_3106249631_J60_J61_#5more': np.float32(2.627197)}, {'J10': 0, 'J11': 32, 'J12': 16, 'J13': 40, 'cluster3106249630_3106249631_J60_J61_#5more': 11}, {'J10': 0, 'J11': 61, 'J12': 67, 'J13': 42, 'cluster3106249630_3106249631_J60_J61_#5more': 13}, 
3865.0, {'J10': np.float32(-0.0), 'J11': np.float32(-1.1378354), 'J12': np.float32(-1.239593), 'J13': np.float32(-0.17391305), 'cluster3106249630_3106249631_J60_J61_#5more': np.float32(1.2506938)}, {'J10': 0, 'J11': 32, 'J12': 16, 'J13': 43, 'cluster3106249630_3106249631_J60_J61_#5more': 11}, {'J10': 0, 'J11': 61, 'J12': 67, 'J13': 45, 'cluster3106249630_3106249631_J60_J61_#5more': 11}, 
3870.0, {'J10': np.float32(-0.0), 'J11': np.float32(-1.1378354), 'J12': np.float32(-1.239593), 'J13': np.float32(-0.5134135), 'cluster3106249630_3106249631_J60_J61_#5more': np.float32(-0.20351526)}, {'J10': 0, 'J11': 32, 'J12': 16, 'J13': 44, 'cluster3106249630_3106249631_J60_J61_#5more': 11}, {'J10': 0, 'J11': 61, 'J12': 67, 'J13': 44, 'cluster3106249630_3106249631_J60_J61_#5more': 11}, 
3875.0, {'J10': np.float32(-0.0), 'J11': np.float32(-1.1378354), 'J12': np.float32(-1.2451434), 'J13': np.float32(-0.36817762), 'cluster3106249630_3106249631_J60_J61_#5more': np.float32(-0.20351526)}, {'J10': 0, 'J11': 32, 'J12': 16, 'J13': 43, 'cluster3106249630_3106249631_J60_J61_#5more': 11}, {'J10': 0, 'J11': 61, 'J12': 69, 'J13': 43, 'cluster3106249630_3106249631_J60_J61_#5more': 11}, 
3880.0, {'J10': np.float32(-0.0), 'J11': np.float32(-1.1378354), 'J12': np.float32(-1.2765957), 'J13': np.float32(0.35892692), 'cluster3106249630_3106249631_J60_J61_#5more': np.float32(-0.20351526)}, {'J10': 0, 'J11': 32, 'J12': 16, 'J13': 41, 'cluster3106249630_3106249631_J60_J61_#5more': 11}, {'J10': 0, 'J11': 61, 'J12': 69, 'J13': 41, 'cluster3106249630_3106249631_J60_J61_#5more': 11}, 
3885.0, {'J10': np.float32(-0.0), 'J11': np.float32(3.0), 'J12': np.float32(-1.2765957), 'J13': np.float32(0.6364477), 'cluster3106249630_3106249631_J60_J61_#5more': np.float32(-0.20351526)}, {'J10': 0, 'J11': 32, 'J12': 16, 'J13': 39, 'cluster3106249630_3106249631_J60_J61_#5more': 11}, {'J10': 0, 'J11': 57, 'J12': 69, 'J13': 39, 'cluster3106249630_3106249631_J60_J61_#5more': 11}, 
3890.0, {'J10': np.float32(-0.0), 'J11': np.float32(-1.0592045), 'J12': np.float32(-1.2765957), 'J13': np.float32(-0.037002776), 'cluster3106249630_3106249631_J60_J61_#5more': np.float32(-0.20351526)}, {'J10': 0, 'J11': 32, 'J12': 16, 'J13': 38, 'cluster3106249630_3106249631_J60_J61_#5more': 11}, {'J10': 0, 'J11': 57, 'J12': 69, 'J13': 39, 'cluster3106249630_3106249631_J60_J61_#5more': 11}, 
3895.0, {'J10': np.float32(-0.0), 'J11': np.float32(-1.0638298), 'J12': np.float32(-1.2765957), 'J13': np.float32(0.5346901), 'cluster3106249630_3106249631_J60_J61_#5more': np.float32(-0.20351526)}, {'J10': 0, 'J11': 32, 'J12': 16, 'J13': 35, 'cluster3106249630_3106249631_J60_J61_#5more': 11}, {'J10': 0, 'J11': 57, 'J12': 69, 'J13': 36, 'cluster3106249630_3106249631_J60_J61_#5more': 11}, 
3900.0, {'J10': np.float32(-0.0), 'J11': np.float32(-1.0638298), 'J12': np.float32(-1.2765957), 'J13': np.float32(-0.12673451), 'cluster3106249630_3106249631_J60_J61_#5more': np.float32(-0.20351526)}, {'J10': 0, 'J11': 32, 'J12': 16, 'J13': 34, 'cluster3106249630_3106249631_J60_J61_#5more': 11}, {'J10': 0, 'J11': 57, 'J12': 69, 'J13': 35, 'cluster3106249630_3106249631_J60_J61_#5more': 11}, 
3905.0, {'J10': np.float32(-0.0), 'J11': np.float32(-1.0656799), 'J12': np.float32(-1.2765957), 'J13': np.float32(-0.6484736), 'cluster3106249630_3106249631_J60_J61_#5more': np.float32(-0.20351526)}, {'J10': 0, 'J11': 32, 'J12': 16, 'J13': 34, 'cluster3106249630_3106249631_J60_J61_#5more': 11}, {'J10': 0, 'J11': 58, 'J12': 69, 'J13': 36, 'cluster3106249630_3106249631_J60_J61_#5more': 11}, 
3910.0, {'J10': np.float32(-0.0), 'J11': np.float32(-1.0943571), 'J12': np.float32(-1.2765957), 'J13': np.float32(0.22849214), 'cluster3106249630_3106249631_J60_J61_#5more': np.float32(-0.20351526)}, {'J10': 0, 'J11': 32, 'J12': 16, 'J13': 32, 'cluster3106249630_3106249631_J60_J61_#5more': 11}, {'J10': 0, 'J11': 60, 'J12': 69, 'J13': 35, 'cluster3106249630_3106249631_J60_J61_#5more': 11}, 
3915.0, {'J10': np.float32(-0.0), 'J11': np.float32(3.0), 'J12': np.float32(-1.2765957), 'J13': np.float32(0.62442183), 'cluster3106249630_3106249631_J60_J61_#5more': np.float32(-0.20351526)}, {'J10': 0, 'J11': 30, 'J12': 16, 'J13': 29, 'cluster3106249630_3106249631_J60_J61_#5more': 11}, {'J10': 0, 'J11': 58, 'J12': 69, 'J13': 32, 'cluster3106249630_3106249631_J60_J61_#5more': 11}, 
3920.0, {'J10': np.float32(-0.0), 'J11': np.float32(3.0), 'J12': np.float32(2.1100833), 'J13': np.float32(-0.23959297), 'cluster3106249630_3106249631_J60_J61_#5more': np.float32(-0.20351526)}, {'J10': 0, 'J11': 30, 'J12': 16, 'J13': 28, 'cluster3106249630_3106249631_J60_J61_#5more': 11}, {'J10': 0, 'J11': 54, 'J12': 66, 'J13': 31, 'cluster3106249630_3106249631_J60_J61_#5more': 11}, 
3925.0, {'J10': np.float32(-0.0), 'J11': np.float32(3.0), 'J12': np.float32(-1.2210916), 'J13': np.float32(0.66327477), 'cluster3106249630_3106249631_J60_J61_#5more': np.float32(-0.20351526)}, {'J10': 0, 'J11': 28, 'J12': 16, 'J13': 25, 'cluster3106249630_3106249631_J60_J61_#5more': 11}, {'J10': 0, 'J11': 52, 'J12': 66, 'J13': 28, 'cluster3106249630_3106249631_J60_J61_#5more': 11}, 
3930.0, {'J10': np.float32(-0.0), 'J11': np.float32(3.0), 'J12': np.float32(-0.1720629), 'J13': np.float32(0.6012951), 'cluster3106249630_3106249631_J60_J61_#5more': np.float32(0.5929695)}, {'J10': 0, 'J11': 28, 'J12': 16, 'J13': 22, 'cluster3106249630_3106249631_J60_J61_#5more': 10}, {'J10': 0, 'J11': 50, 'J12': 66, 'J13': 25, 'cluster3106249630_3106249631_J60_J61_#5more': 10}, 
3935.0, {'J10': np.float32(-0.0), 'J11': np.float32(3.0), 'J12': np.float32(1.7317299), 'J13': np.float32(0.95929694), 'cluster3106249630_3106249631_J60_J61_#5more': np.float32(1.1729879)}, {'J10': 0, 'J11': 26, 'J12': 16, 'J13': 19, 'cluster3106249630_3106249631_J60_J61_#5more': 8}, {'J10': 0, 'J11': 46, 'J12': 63, 'J13': 22, 'cluster3106249630_3106249631_J60_J61_#5more': 8}, 
3940.0, {'J10': np.float32(-0.0), 'J11': np.float32(3.0), 'J12': np.float32(2.1914895), 'J13': np.float32(-0.012950972), 'cluster3106249630_3106249631_J60_J61_#5more': np.float32(-0.1480111)}, {'J10': 0, 'J11': 24, 'J12': 15, 'J13': 18, 'cluster3106249630_3106249631_J60_J61_#5more': 8}, {'J10': 0, 'J11': 44, 'J12': 61, 'J13': 21, 'cluster3106249630_3106249631_J60_J61_#5more': 8}, 
3945.0, {'J10': np.float32(-0.0), 'J11': np.float32(3.0), 'J12': np.float32(1.2183163), 'J13': np.float32(0.45605922), 'cluster3106249630_3106249631_J60_J61_#5more': np.float32(-0.1480111)}, {'J10': 0, 'J11': 20, 'J12': 14, 'J13': 16, 'cluster3106249630_3106249631_J60_J61_#5more': 8}, {'J10': 0, 'J11': 40, 'J12': 60, 'J13': 19, 'cluster3106249630_3106249631_J60_J61_#5more': 8}, 
3950.0, {'J10': np.float32(-0.0), 'J11': np.float32(2.9139686), 'J12': np.float32(-1.1359853), 'J13': np.float32(1.3182238), 'cluster3106249630_3106249631_J60_J61_#5more': np.float32(-0.1480111)}, {'J10': 0, 'J11': 20, 'J12': 14, 'J13': 12, 'cluster3106249630_3106249631_J60_J61_#5more': 8}, {'J10': 0, 'J11': 38, 'J12': 64, 'J13': 15, 'cluster3106249630_3106249631_J60_J61_#5more': 8}, 
3955.0, {'J10': np.float32(-0.0), 'J11': np.float32(3.0), 'J12': np.float32(1.1850139), 'J13': np.float32(0.15726179), 'cluster3106249630_3106249631_J60_J61_#5more': np.float32(-0.1480111)}, {'J10': 0, 'J11': 18, 'J12': 15, 'J13': 12, 'cluster3106249630_3106249631_J60_J61_#5more': 8}, {'J10': 0, 'J11': 34, 'J12': 63, 'J13': 13, 'cluster3106249630_3106249631_J60_J61_#5more': 8}, 
3960.0, {'J10': np.float32(-0.0), 'J11': np.float32(-0.62904716), 'J12': np.float32(0.73913044), 'J13': np.float32(0.71137834), 'cluster3106249630_3106249631_J60_J61_#5more': np.float32(-0.1480111)}, {'J10': 0, 'J11': 18, 'J12': 15, 'J13': 10, 'cluster3106249630_3106249631_J60_J61_#5more': 8}, {'J10': 0, 'J11': 34, 'J12': 63, 'J13': 11, 'cluster3106249630_3106249631_J60_J61_#5more': 8}, 
3965.0, {'J10': np.float32(-0.0), 'J11': np.float32(-0.62904716), 'J12': np.float32(-1.0897317), 'J13': np.float32(-0.20351526), 'cluster3106249630_3106249631_J60_J61_#5more': np.float32(-0.1480111)}, {'J10': 0, 'J11': 18, 'J12': 15, 'J13': 10, 'cluster3106249630_3106249631_J60_J61_#5more': 8}, {'J10': 0, 'J11': 34, 'J12': 62, 'J13': 11, 'cluster3106249630_3106249631_J60_J61_#5more': 8}, 
3970.0, {'J10': np.float32(-0.0), 'J11': np.float32(3.0), 'J12': np.float32(3.0), 'J13': np.float32(-0.22756706), 'cluster3106249630_3106249631_J60_J61_#5more': np.float32(-0.1480111)}, {'J10': 0, 'J11': 21, 'J12': 15, 'J13': 15, 'cluster3106249630_3106249631_J60_J61_#5more': 8}, {'J10': 0, 'J11': 37, 'J12': 57, 'J13': 16, 'cluster3106249630_3106249631_J60_J61_#5more': 8}, 
3975.0, {'J10': np.float32(-0.0), 'J11': np.float32(1.1581869), 'J12': np.float32(0.37650323), 'J13': np.float32(-0.33672526), 'cluster3106249630_3106249631_J60_J61_#5more': np.float32(-0.1480111)}, {'J10': 0, 'J11': 22, 'J12': 17, 'J13': 23, 'cluster3106249630_3106249631_J60_J61_#5more': 8}, {'J10': 0, 'J11': 38, 'J12': 62, 'J13': 24, 'cluster3106249630_3106249631_J60_J61_#5more': 8}, 
3980.0, {'J10': np.float32(-0.0), 'J11': np.float32(3.0), 'J12': np.float32(-0.0906568), 'J13': np.float32(-0.21184088), 'cluster3106249630_3106249631_J60_J61_#5more': np.float32(-0.1480111)}, {'J10': 0, 'J11': 19, 'J12': 17, 'J13': 28, 'cluster3106249630_3106249631_J60_J61_#5more': 8}, {'J10': 0, 'J11': 35, 'J12': 65, 'J13': 28, 'cluster3106249630_3106249631_J60_J61_#5more': 8}, 
3985.0, {'J10': np.float32(-0.0), 'J11': np.float32(1.2303423), 'J12': np.float32(1.146161), 'J13': np.float32(-0.5411656), 'cluster3106249630_3106249631_J60_J61_#5more': np.float32(-0.1480111)}, {'J10': 0, 'J11': 18, 'J12': 17, 'J13': 32, 'cluster3106249630_3106249631_J60_J61_#5more': 8}, {'J10': 0, 'J11': 34, 'J12': 63, 'J13': 33, 'cluster3106249630_3106249631_J60_J61_#5more': 8}, 
3990.0, {'J10': np.float32(-0.0), 'J11': np.float32(2.7400556), 'J12': np.float32(0.11008326), 'J13': np.float32(-0.6105458), 'cluster3106249630_3106249631_J60_J61_#5more': np.float32(-0.1480111)}, {'J10': 0, 'J11': 16, 'J12': 17, 'J13': 32, 'cluster3106249630_3106249631_J60_J61_#5more': 8}, {'J10': 0, 'J11': 32, 'J12': 63, 'J13': 33, 'cluster3106249630_3106249631_J60_J61_#5more': 8}, 
3995.0, {'J10': np.float32(-0.0), 'J11': np.float32(-0.5920444), 'J12': np.float32(1.2673451), 'J13': np.float32(-0.6105458), 'cluster3106249630_3106249631_J60_J61_#5more': np.float32(-0.1480111)}, {'J10': 0, 'J11': 16, 'J12': 18, 'J13': 32, 'cluster3106249630_3106249631_J60_J61_#5more': 8}, {'J10': 0, 'J11': 32, 'J12': 62, 'J13': 33, 'cluster3106249630_3106249631_J60_J61_#5more': 8}, 
4000.0, {'J10': np.float32(-0.0), 'J11': np.float32(0.9981499), 'J12': np.float32(0.8547641), 'J13': np.float32(-0.6105458), 'cluster3106249630_3106249631_J60_J61_#5more': np.float32(-0.1480111)}, {'J10': 0, 'J11': 16, 'J12': 18, 'J13': 32, 'cluster3106249630_3106249631_J60_J61_#5more': 8}, {'J10': 0, 'J11': 32, 'J12': 62, 'J13': 33, 'cluster3106249630_3106249631_J60_J61_#5more': 8}, 
4005.0, {'J10': np.float32(-0.0), 'J11': np.float32(-0.6188714), 'J12': np.float32(-1.147086), 'J13': np.float32(-0.6105458), 'cluster3106249630_3106249631_J60_J61_#5more': np.float32(-0.1480111)}, {'J10': 0, 'J11': 21, 'J12': 18, 'J13': 32, 'cluster3106249630_3106249631_J60_J61_#5more': 8}, {'J10': 0, 'J11': 37, 'J12': 62, 'J13': 33, 'cluster3106249630_3106249631_J60_J61_#5more': 8}, 
4010.0, {'J10': np.float32(-0.0), 'J11': np.float32(-0.73358), 'J12': np.float32(0.15541166), 'J13': np.float32(1.919519), 'cluster3106249630_3106249631_J60_J61_#5more': np.float32(-0.1480111)}, {'J10': 0, 'J11': 30, 'J12': 18, 'J13': 28, 'cluster3106249630_3106249631_J60_J61_#5more': 8}, {'J10': 0, 'J11': 46, 'J12': 68, 'J13': 29, 'cluster3106249630_3106249631_J60_J61_#5more': 8}, 
4015.0, {'J10': np.float32(-0.0), 'J11': np.float32(2.5041628), 'J12': np.float32(1.2701203), 'J13': np.float32(-0.36355227), 'cluster3106249630_3106249631_J60_J61_#5more': np.float32(-0.15541166)}, {'J10': 0, 'J11': 32, 'J12': 17, 'J13': 27, 'cluster3106249630_3106249631_J60_J61_#5more': 9}, {'J10': 0, 'J11': 46, 'J12': 65, 'J13': 28, 'cluster3106249630_3106249631_J60_J61_#5more': 9}, 
4020.0, {'J10': np.float32(-0.0), 'J11': np.float32(-0.8547641), 'J12': np.float32(-0.3617021), 'J13': np.float32(-0.51803887), 'cluster3106249630_3106249631_J60_J61_#5more': np.float32(-0.16651249)}, {'J10': 0, 'J11': 32, 'J12': 17, 'J13': 27, 'cluster3106249630_3106249631_J60_J61_#5more': 9}, {'J10': 0, 'J11': 47, 'J12': 64, 'J13': 28, 'cluster3106249630_3106249631_J60_J61_#5more': 9}, 
4025.0, {'J10': np.float32(-0.0), 'J11': np.float32(-0.8788159), 'J12': np.float32(-1.185939), 'J13': np.float32(0.08510638), 'cluster3106249630_3106249631_J60_J61_#5more': np.float32(-0.17113784)}, {'J10': 0, 'J11': 32, 'J12': 17, 'J13': 26, 'cluster3106249630_3106249631_J60_J61_#5more': 10}, {'J10': 0, 'J11': 48, 'J12': 65, 'J13': 28, 'cluster3106249630_3106249631_J60_J61_#5more': 10}, 
4030.0, {'J10': np.float32(-0.0), 'J11': np.float32(-0.8880666), 'J12': np.float32(-0.31544867), 'J13': np.float32(0.7141536), 'cluster3106249630_3106249631_J60_J61_#5more': np.float32(-0.18501388)}, {'J10': 0, 'J11': 32, 'J12': 16, 'J13': 24, 'cluster3106249630_3106249631_J60_J61_#5more': 10}, {'J10': 0, 'J11': 48, 'J12': 68, 'J13': 26, 'cluster3106249630_3106249631_J60_J61_#5more': 10}, 
4035.0, {'J10': np.float32(-0.0), 'J11': np.float32(-0.8880666), 'J12': np.float32(-1.2580943), 'J13': np.float32(-0.48751158), 'cluster3106249630_3106249631_J60_J61_#5more': np.float32(0.8011101)}, {'J10': 0, 'J11': 32, 'J12': 16, 'J13': 24, 'cluster3106249630_3106249631_J60_J61_#5more': 9}, {'J10': 0, 'J11': 48, 'J12': 68, 'J13': 27, 'cluster3106249630_3106249631_J60_J61_#5more': 9}, 
4040.0, {'J10': np.float32(-0.0), 'J11': np.float32(-0.8899167), 'J12': np.float32(-0.2747456), 'J13': np.float32(1.0721554), 'cluster3106249630_3106249631_J60_J61_#5more': np.float32(0.75948197)}, {'J10': 0, 'J11': 32, 'J12': 15, 'J13': 22, 'cluster3106249630_3106249631_J60_J61_#5more': 8}, {'J10': 0, 'J11': 49, 'J12': 68, 'J13': 23, 'cluster3106249630_3106249631_J60_J61_#5more': 8}, 
4045.0, {'J10': np.float32(-0.0), 'J11': np.float32(-0.63829786), 'J12': np.float32(-1.2580943), 'J13': np.float32(-0.42553192), 'cluster3106249630_3106249631_J60_J61_#5more': np.float32(-0.1480111)}, {'J10': 0, 'J11': 32, 'J12': 15, 'J13': 22, 'cluster3106249630_3106249631_J60_J61_#5more': 8}, {'J10': 0, 'J11': 47, 'J12': 68, 'J13': 23, 'cluster3106249630_3106249631_J60_J61_#5more': 8}, 
4050.0, {'J10': np.float32(-0.0), 'J11': np.float32(-0.8695652), 'J12': np.float32(-1.2580943), 'J13': np.float32(-0.36355227), 'cluster3106249630_3106249631_J60_J61_#5more': np.float32(-0.1480111)}, {'J10': 0, 'J11': 32, 'J12': 15, 'J13': 22, 'cluster3106249630_3106249631_J60_J61_#5more': 8}, {'J10': 0, 'J11': 47, 'J12': 68, 'J13': 22, 'cluster3106249630_3106249631_J60_J61_#5more': 8}, 
4055.0, {'J10': np.float32(-0.0), 'J11': np.float32(2.601295), 'J12': np.float32(1.0027752), 'J13': np.float32(-0.41165587), 'cluster3106249630_3106249631_J60_J61_#5more': np.float32(-0.1480111)}, {'J10': 0, 'J11': 32, 'J12': 15, 'J13': 22, 'cluster3106249630_3106249631_J60_J61_#5more': 8}, {'J10': 0, 'J11': 45, 'J12': 68, 'J13': 23, 'cluster3106249630_3106249631_J60_J61_#5more': 8}, 
4060.0, {'J10': np.float32(-0.0), 'J11': np.float32(-0.83256245), 'J12': np.float32(0.049028676), 'J13': np.float32(-0.40240517), 'cluster3106249630_3106249631_J60_J61_#5more': np.float32(-0.1480111)}, {'J10': 0, 'J11': 32, 'J12': 15, 'J13': 22, 'cluster3106249630_3106249631_J60_J61_#5more': 8}, {'J10': 0, 'J11': 45, 'J12': 68, 'J13': 22, 'cluster3106249630_3106249631_J60_J61_#5more': 8}, 
4065.0, {'J10': np.float32(-0.0), 'J11': np.float32(-0.83256245), 'J12': np.float32(1.1017576), 'J13': np.float32(-0.40703052), 'cluster3106249630_3106249631_J60_J61_#5more': np.float32(-0.1480111)}, {'J10': 0, 'J11': 32, 'J12': 13, 'J13': 22, 'cluster3106249630_3106249631_J60_J61_#5more': 8}, {'J10': 0, 'J11': 45, 'J12': 66, 'J13': 22, 'cluster3106249630_3106249631_J60_J61_#5more': 8}, 
4070.0, {'J10': np.float32(-0.0), 'J11': np.float32(-0.83256245), 'J12': np.float32(0.8788159), 'J13': np.float32(-0.40703052), 'cluster3106249630_3106249631_J60_J61_#5more': np.float32(-0.1480111)}, {'J10': 0, 'J11': 32, 'J12': 13, 'J13': 22, 'cluster3106249630_3106249631_J60_J61_#5more': 8}, {'J10': 0, 'J11': 45, 'J12': 64, 'J13': 22, 'cluster3106249630_3106249631_J60_J61_#5more': 8}, 
4075.0, {'J10': np.float32(-0.0), 'J11': np.float32(-0.83256245), 'J12': np.float32(2.5568917), 'J13': np.float32(-0.40703052), 'cluster3106249630_3106249631_J60_J61_#5more': np.float32(-0.1480111)}, {'J10': 0, 'J11': 32, 'J12': 13, 'J13': 22, 'cluster3106249630_3106249631_J60_J61_#5more': 8}, {'J10': 0, 'J11': 45, 'J12': 63, 'J13': 22, 'cluster3106249630_3106249631_J60_J61_#5more': 8}, 
4080.0, {'J10': np.float32(-0.0), 'J11': np.float32(-0.83256245), 'J12': np.float32(-1.1702127), 'J13': np.float32(0.7705828), 'cluster3106249630_3106249631_J60_J61_#5more': np.float32(-0.1480111)}, {'J10': 0, 'J11': 32, 'J12': 13, 'J13': 20, 'cluster3106249630_3106249631_J60_J61_#5more': 8}, {'J10': 0, 'J11': 45, 'J12': 65, 'J13': 21, 'cluster3106249630_3106249631_J60_J61_#5more': 8}, 
4085.0, {'J10': np.float32(-0.0), 'J11': np.float32(-0.83256245), 'J12': np.float32(-1.2229418), 'J13': np.float32(0.48196116), 'cluster3106249630_3106249631_J60_J61_#5more': np.float32(-0.1480111)}, {'J10': 0, 'J11': 32, 'J12': 15, 'J13': 18, 'cluster3106249630_3106249631_J60_J61_#5more': 8}, {'J10': 0, 'J11': 45, 'J12': 68, 'J13': 18, 'cluster3106249630_3106249631_J60_J61_#5more': 8}, 
4090.0, {'J10': np.float32(-0.0), 'J11': np.float32(-0.83256245), 'J12': np.float32(-1.2580943), 'J13': np.float32(0.5245143), 'cluster3106249630_3106249631_J60_J61_#5more': np.float32(-0.1480111)}, {'J10': 0, 'J11': 32, 'J12': 15, 'J13': 16, 'cluster3106249630_3106249631_J60_J61_#5more': 8}, {'J10': 0, 'J11': 45, 'J12': 68, 'J13': 16, 'cluster3106249630_3106249631_J60_J61_#5more': 8}, 
4095.0, {'J10': np.float32(-0.0), 'J11': np.float32(-0.5642923), 'J12': np.float32(-1.2784458), 'J13': np.float32(0.5707678), 'cluster3106249630_3106249631_J60_J61_#5more': np.float32(-0.1480111)}, {'J10': 0, 'J11': 32, 'J12': 18, 'J13': 14, 'cluster3106249630_3106249631_J60_J61_#5more': 8}, {'J10': 0, 'J11': 44, 'J12': 71, 'J13': 14, 'cluster3106249630_3106249631_J60_J61_#5more': 8}, 
4100.0, {'J10': np.float32(-0.0), 'J11': np.float32(-0.81406105), 'J12': np.float32(-1.3135985), 'J13': np.float32(-0.25901943), 'cluster3106249630_3106249631_J60_J61_#5more': np.float32(-0.1480111)}, {'J10': 0, 'J11': 32, 'J12': 18, 'J13': 14, 'cluster3106249630_3106249631_J60_J61_#5more': 8}, {'J10': 0, 'J11': 44, 'J12': 71, 'J13': 14, 'cluster3106249630_3106249631_J60_J61_#5more': 8}, 
4105.0, {'J10': np.float32(-0.0), 'J11': np.float32(2.3959298), 'J12': np.float32(-1.3135985), 'J13': np.float32(-0.25901943), 'cluster3106249630_3106249631_J60_J61_#5more': np.float32(-0.1480111)}, {'J10': 0, 'J11': 32, 'J12': 18, 'J13': 14, 'cluster3106249630_3106249631_J60_J61_#5more': 8}, {'J10': 0, 'J11': 42, 'J12': 71, 'J13': 14, 'cluster3106249630_3106249631_J60_J61_#5more': 8}, 
4110.0, {'J10': np.float32(-0.0), 'J11': np.float32(1.6780759), 'J12': np.float32(-1.3135985), 'J13': np.float32(-0.25901943), 'cluster3106249630_3106249631_J60_J61_#5more': np.float32(-0.1480111)}, {'J10': 0, 'J11': 32, 'J12': 18, 'J13': 14, 'cluster3106249630_3106249631_J60_J61_#5more': 8}, {'J10': 0, 'J11': 40, 'J12': 71, 'J13': 14, 'cluster3106249630_3106249631_J60_J61_#5more': 8}, 
4115.0, {'J10': np.float32(-0.0), 'J11': np.float32(-0.7400555), 'J12': np.float32(-1.320999), 'J13': np.float32(-0.25901943), 'cluster3106249630_3106249631_J60_J61_#5more': np.float32(-0.1480111)}, {'J10': 0, 'J11': 32, 'J12': 19, 'J13': 14, 'cluster3106249630_3106249631_J60_J61_#5more': 8}, {'J10': 0, 'J11': 40, 'J12': 72, 'J13': 14, 'cluster3106249630_3106249631_J60_J61_#5more': 8}, 
4120.0, {'J10': np.float32(-0.0), 'J11': np.float32(2.5827937), 'J12': np.float32(-1.3320999), 'J13': np.float32(-0.25901943), 'cluster3106249630_3106249631_J60_J61_#5more': np.float32(-0.1480111)}, {'J10': 0, 'J11': 32, 'J12': 19, 'J13': 14, 'cluster3106249630_3106249631_J60_J61_#5more': 8}, {'J10': 0, 'J11': 37, 'J12': 72, 'J13': 14, 'cluster3106249630_3106249631_J60_J61_#5more': 8}, 
4125.0, {'J10': np.float32(-0.0), 'J11': np.float32(0.59389454), 'J12': np.float32(-1.3320999), 'J13': np.float32(-0.25901943), 'cluster3106249630_3106249631_J60_J61_#5more': np.float32(-0.1480111)}, {'J10': 0, 'J11': 32, 'J12': 19, 'J13': 14, 'cluster3106249630_3106249631_J60_J61_#5more': 8}, {'J10': 0, 'J11': 36, 'J12': 72, 'J13': 14, 'cluster3106249630_3106249631_J60_J61_#5more': 8}, 
4130.0, {'J10': np.float32(-0.0), 'J11': np.float32(0.15078631), 'J12': np.float32(-1.3320999), 'J13': np.float32(-0.25901943), 'cluster3106249630_3106249631_J60_J61_#5more': np.float32(-0.1480111)}, {'J10': 0, 'J11': 32, 'J12': 19, 'J13': 14, 'cluster3106249630_3106249631_J60_J61_#5more': 8}, {'J10': 0, 'J11': 35, 'J12': 72, 'J13': 14, 'cluster3106249630_3106249631_J60_J61_#5more': 8}, 
4135.0, {'J10': np.float32(-0.0), 'J11': np.float32(-0.64754856), 'J12': np.float32(-1.3320999), 'J13': np.float32(-0.25901943), 'cluster3106249630_3106249631_J60_J61_#5more': np.float32(-0.1480111)}, {'J10': 0, 'J11': 32, 'J12': 19, 'J13': 14, 'cluster3106249630_3106249631_J60_J61_#5more': 8}, {'J10': 0, 'J11': 35, 'J12': 72, 'J13': 14, 'cluster3106249630_3106249631_J60_J61_#5more': 8}, 
4140.0, {'J10': np.float32(-0.0), 'J11': np.float32(3.0), 'J12': np.float32(-1.3320999), 'J13': np.float32(-0.25901943), 'cluster3106249630_3106249631_J60_J61_#5more': np.float32(-0.1480111)}, {'J10': 0, 'J11': 30, 'J12': 19, 'J13': 14, 'cluster3106249630_3106249631_J60_J61_#5more': 8}, {'J10': 0, 'J11': 33, 'J12': 72, 'J13': 14, 'cluster3106249630_3106249631_J60_J61_#5more': 8}, 
4145.0, {'J10': np.float32(-0.0), 'J11': np.float32(3.0), 'J12': np.float32(0.24421832), 'J13': np.float32(-0.25901943), 'cluster3106249630_3106249631_J60_J61_#5more': np.float32(-0.15356152)}, {'J10': 0, 'J11': 28, 'J12': 19, 'J13': 14, 'cluster3106249630_3106249631_J60_J61_#5more': 9}, {'J10': 0, 'J11': 31, 'J12': 71, 'J13': 14, 'cluster3106249630_3106249631_J60_J61_#5more': 9}, 
4150.0, {'J10': np.float32(-0.0), 'J11': np.float32(-0.573543), 'J12': np.float32(0.27844587), 'J13': np.float32(-0.25901943), 'cluster3106249630_3106249631_J60_J61_#5more': np.float32(-0.16651249)}, {'J10': 0, 'J11': 28, 'J12': 19, 'J13': 14, 'cluster3106249630_3106249631_J60_J61_#5more': 9}, {'J10': 0, 'J11': 31, 'J12': 70, 'J13': 14, 'cluster3106249630_3106249631_J60_J61_#5more': 9}, 
4155.0, {'J10': np.float32(-0.0), 'J11': np.float32(3.0), 'J12': np.float32(-1.2950971), 'J13': np.float32(-0.25901943), 'cluster3106249630_3106249631_J60_J61_#5more': np.float32(1.1720629)}, {'J10': 0, 'J11': 25, 'J12': 19, 'J13': 14, 'cluster3106249630_3106249631_J60_J61_#5more': 8}, {'J10': 0, 'J11': 28, 'J12': 70, 'J13': 14, 'cluster3106249630_3106249631_J60_J61_#5more': 8}, 
4160.0, {'J10': np.float32(-0.0), 'J11': np.float32(3.0), 'J12': np.float32(2.665125), 'J13': np.float32(-0.25901943), 'cluster3106249630_3106249631_J60_J61_#5more': np.float32(-0.1480111)}, {'J10': 0, 'J11': 20, 'J12': 19, 'J13': 14, 'cluster3106249630_3106249631_J60_J61_#5more': 8}, {'J10': 0, 'J11': 23, 'J12': 66, 'J13': 14, 'cluster3106249630_3106249631_J60_J61_#5more': 8}, 
4165.0, {'J10': np.float32(-0.0), 'J11': np.float32(-0.42553192), 'J12': np.float32(-0.34875116), 'J13': np.float32(-0.25901943), 'cluster3106249630_3106249631_J60_J61_#5more': np.float32(-0.15171137)}, {'J10': 0, 'J11': 20, 'J12': 19, 'J13': 14, 'cluster3106249630_3106249631_J60_J61_#5more': 9}, {'J10': 0, 'J11': 23, 'J12': 67, 'J13': 14, 'cluster3106249630_3106249631_J60_J61_#5more': 9}, 
4170.0, {'J10': np.float32(-0.0), 'J11': np.float32(2.294172), 'J12': np.float32(-0.04440333), 'J13': np.float32(-0.25901943), 'cluster3106249630_3106249631_J60_J61_#5more': np.float32(-0.17021276)}, {'J10': 0, 'J11': 16, 'J12': 19, 'J13': 14, 'cluster3106249630_3106249631_J60_J61_#5more': 10}, {'J10': 0, 'J11': 19, 'J12': 69, 'J13': 14, 'cluster3106249630_3106249631_J60_J61_#5more': 10}, 
4175.0, {'J10': np.float32(-0.0), 'J11': np.float32(-0.35152635), 'J12': np.float32(3.0), 'J13': np.float32(-0.25901943), 'cluster3106249630_3106249631_J60_J61_#5more': np.float32(-0.18593894)}, {'J10': 0, 'J11': 16, 'J12': 17, 'J13': 14, 'cluster3106249630_3106249631_J60_J61_#5more': 11}, {'J10': 0, 'J11': 19, 'J12': 66, 'J13': 14, 'cluster3106249630_3106249631_J60_J61_#5more': 11}, 
4180.0, {'J10': np.float32(-0.0), 'J11': np.float32(1.066605), 'J12': np.float32(2.4172063), 'J13': np.float32(1.2673451), 'cluster3106249630_3106249631_J60_J61_#5more': np.float32(-0.20351526)}, {'J10': 0, 'J11': 14, 'J12': 15, 'J13': 12, 'cluster3106249630_3106249631_J60_J61_#5more': 11}, {'J10': 0, 'J11': 17, 'J12': 63, 'J13': 12, 'cluster3106249630_3106249631_J60_J61_#5more': 11}, 
4185.0, {'J10': np.float32(-0.0), 'J11': np.float32(2.4597595), 'J12': np.float32(-0.01480111), 'J13': np.float32(-0.22201665), 'cluster3106249630_3106249631_J60_J61_#5more': np.float32(-0.20351526)}, {'J10': 0, 'J11': 10, 'J12': 15, 'J13': 12, 'cluster3106249630_3106249631_J60_J61_#5more': 11}, {'J10': 0, 'J11': 13, 'J12': 62, 'J13': 12, 'cluster3106249630_3106249631_J60_J61_#5more': 11}, 
4190.0, {'J10': np.float32(-0.0), 'J11': np.float32(-0.24236818), 'J12': np.float32(0.019426458), 'J13': np.float32(1.373728), 'cluster3106249630_3106249631_J60_J61_#5more': np.float32(-0.20351526)}, {'J10': 0, 'J11': 10, 'J12': 15, 'J13': 10, 'cluster3106249630_3106249631_J60_J61_#5more': 11}, {'J10': 0, 'J11': 14, 'J12': 62, 'J13': 10, 'cluster3106249630_3106249631_J60_J61_#5more': 11}, 
4195.0, {'J10': np.float32(-0.0), 'J11': np.float32(1.147086), 'J12': np.float32(0.46623498), 'J13': np.float32(0.6012951), 'cluster3106249630_3106249631_J60_J61_#5more': np.float32(-0.20351526)}, {'J10': 0, 'J11': 8, 'J12': 15, 'J13': 9, 'cluster3106249630_3106249631_J60_J61_#5more': 11}, {'J10': 0, 'J11': 11, 'J12': 61, 'J13': 9, 'cluster3106249630_3106249631_J60_J61_#5more': 11}, 
4200.0, {'J10': np.float32(-0.0), 'J11': np.float32(1.2081406), 'J12': np.float32(2.014801), 'J13': np.float32(2.3283997), 'cluster3106249630_3106249631_J60_J61_#5more': np.float32(-0.20351526)}, {'J10': 0, 'J11': 6, 'J12': 17, 'J13': 6, 'cluster3106249630_3106249631_J60_J61_#5more': 11}, {'J10': 0, 'J11': 10, 'J12': 62, 'J13': 6, 'cluster3106249630_3106249631_J60_J61_#5more': 11}, 
4205.0, {'J10': np.float32(-0.0), 'J11': np.float32(1.2904718), 'J12': np.float32(-1.1618872), 'J13': np.float32(0.70582795), 'cluster3106249630_3106249631_J60_J61_#5more': np.float32(1.3024977)}, {'J10': 0, 'J11': 4, 'J12': 17, 'J13': 5, 'cluster3106249630_3106249631_J60_J61_#5more': 10}, {'J10': 0, 'J11': 7, 'J12': 65, 'J13': 5, 'cluster3106249630_3106249631_J60_J61_#5more': 10}, 
4210.0, {'J10': np.float32(-0.0), 'J11': np.float32(1.3543016), 'J12': np.float32(-1.2025902), 'J13': np.float32(0.7816836), 'cluster3106249630_3106249631_J60_J61_#5more': np.float32(1.2673451)}, {'J10': 0, 'J11': 2, 'J12': 17, 'J13': 4, 'cluster3106249630_3106249631_J60_J61_#5more': 9}, {'J10': 0, 'J11': 5, 'J12': 65, 'J13': 4, 'cluster3106249630_3106249631_J60_J61_#5more': 9}, 
4215.0, {'J10': np.float32(-0.0), 'J11': np.float32(1.4033302), 'J12': np.float32(0.23681776), 'J13': np.float32(1.706753), 'cluster3106249630_3106249631_J60_J61_#5more': np.float32(-0.16651249)}, {'J10': 0, 'J11': 2, 'J12': 16, 'J13': 2, 'cluster3106249630_3106249631_J60_J61_#5more': 9}, {'J10': 0, 'J11': 3, 'J12': 66, 'J13': 2, 'cluster3106249630_3106249631_J60_J61_#5more': 9}, 
4220.0, {'J10': np.float32(-0.0), 'J11': np.float32(-0.06105458), 'J12': np.float32(-0.226642), 'J13': np.float32(-0.037002776), 'cluster3106249630_3106249631_J60_J61_#5more': np.float32(-0.16651249)}, {'J10': 0, 'J11': 2, 'J12': 16, 'J13': 2, 'cluster3106249630_3106249631_J60_J61_#5more': 9}, {'J10': 0, 'J11': 5, 'J12': 66, 'J13': 2, 'cluster3106249630_3106249631_J60_J61_#5more': 9}, 
4225.0, {'J10': np.float32(-0.0), 'J11': np.float32(-0.049953748), 'J12': np.float32(0.7252544), 'J13': np.float32(-0.037002776), 'cluster3106249630_3106249631_J60_J61_#5more': np.float32(-0.16651249)}, {'J10': 0, 'J11': 2, 'J12': 15, 'J13': 2, 'cluster3106249630_3106249631_J60_J61_#5more': 9}, {'J10': 0, 'J11': 3, 'J12': 64, 'J13': 2, 'cluster3106249630_3106249631_J60_J61_#5more': 9}, 
4230.0, {'J10': np.float32(-0.0), 'J11': np.float32(-0.06475486), 'J12': np.float32(-1.1840888), 'J13': np.float32(-0.037002776), 'cluster3106249630_3106249631_J60_J61_#5more': np.float32(-0.16651249)}, {'J10': 0, 'J11': 4, 'J12': 15, 'J13': 2, 'cluster3106249630_3106249631_J60_J61_#5more': 9}, {'J10': 0, 'J11': 7, 'J12': 64, 'J13': 2, 'cluster3106249630_3106249631_J60_J61_#5more': 9}, 
4235.0, {'J10': np.float32(-0.0), 'J11': np.float32(-0.16096207), 'J12': np.float32(-0.2867715), 'J13': np.float32(-0.037002776), 'cluster3106249630_3106249631_J60_J61_#5more': np.float32(-0.16651249)}, {'J10': 0, 'J11': 11, 'J12': 14, 'J13': 2, 'cluster3106249630_3106249631_J60_J61_#5more': 9}, {'J10': 0, 'J11': 14, 'J12': 63, 'J13': 2, 'cluster3106249630_3106249631_J60_J61_#5more': 9}, 
4240.0, {'J10': np.float32(-0.0), 'J11': np.float32(-0.29694727), 'J12': np.float32(-0.49583718), 'J13': np.float32(-0.037002776), 'cluster3106249630_3106249631_J60_J61_#5more': np.float32(-0.1720629)}, {'J10': 0, 'J11': 18, 'J12': 13, 'J13': 2, 'cluster3106249630_3106249631_J60_J61_#5more': 10}, {'J10': 0, 'J11': 21, 'J12': 64, 'J13': 2, 'cluster3106249630_3106249631_J60_J61_#5more': 10}, 
4245.0, {'J10': np.float32(-0.0), 'J11': np.float32(-0.4347826), 'J12': np.float32(-1.1840888), 'J13': np.float32(-0.037002776), 'cluster3106249630_3106249631_J60_J61_#5more': np.float32(-0.19056429)}, {'J10': 0, 'J11': 26, 'J12': 13, 'J13': 2, 'cluster3106249630_3106249631_J60_J61_#5more': 11}, {'J10': 0, 'J11': 29, 'J12': 64, 'J13': 2, 'cluster3106249630_3106249631_J60_J61_#5more': 11}, 
4250.0, {'J10': np.float32(-0.0), 'J11': np.float32(-0.5744681), 'J12': np.float32(-1.185939), 'J13': np.float32(-0.037002776), 'cluster3106249630_3106249631_J60_J61_#5more': np.float32(-0.20814061)}, {'J10': 0, 'J11': 32, 'J12': 14, 'J13': 2, 'cluster3106249630_3106249631_J60_J61_#5more': 12}, {'J10': 0, 'J11': 35, 'J12': 65, 'J13': 2, 'cluster3106249630_3106249631_J60_J61_#5more': 12}, 
4255.0, {'J10': np.float32(-0.0), 'J11': np.float32(0.63829786), 'J12': np.float32(-1.2210916), 'J13': np.float32(1.9888991), 'cluster3106249630_3106249631_J60_J61_#5more': np.float32(-0.22201665)}, {'J10': 0, 'J11': 32, 'J12': 18, 'J13': 0, 'cluster3106249630_3106249631_J60_J61_#5more': 12}, {'J10': 0, 'J11': 34, 'J12': 69, 'J13': 0, 'cluster3106249630_3106249631_J60_J61_#5more': 12}, 
4260.0, {'J10': np.float32(-0.0), 'J11': np.float32(-0.6299722), 'J12': np.float32(-1.2765957), 'J13': np.float32(-0.0), 'cluster3106249630_3106249631_J60_J61_#5more': np.float32(-0.22201665)}, {'J10': 0, 'J11': 32, 'J12': 18, 'J13': 0, 'cluster3106249630_3106249631_J60_J61_#5more': 12}, {'J10': 0, 'J11': 35, 'J12': 69, 'J13': 0, 'cluster3106249630_3106249631_J60_J61_#5more': 12}, 
4265.0, {'J10': np.float32(-0.0), 'J11': np.float32(-0.64754856), 'J12': np.float32(-1.2765957), 'J13': np.float32(-0.0), 'cluster3106249630_3106249631_J60_J61_#5more': np.float32(-0.22201665)}, {'J10': 0, 'J11': 32, 'J12': 18, 'J13': 0, 'cluster3106249630_3106249631_J60_J61_#5more': 12}, {'J10': 0, 'J11': 35, 'J12': 69, 'J13': 0, 'cluster3106249630_3106249631_J60_J61_#5more': 12}, 
4270.0, {'J10': np.float32(-0.0), 'J11': np.float32(-0.65402406), 'J12': np.float32(-1.2765957), 'J13': np.float32(-0.0), 'cluster3106249630_3106249631_J60_J61_#5more': np.float32(-0.22201665)}, {'J10': 0, 'J11': 32, 'J12': 18, 'J13': 0, 'cluster3106249630_3106249631_J60_J61_#5more': 12}, {'J10': 0, 'J11': 36, 'J12': 69, 'J13': 0, 'cluster3106249630_3106249631_J60_J61_#5more': 12}, 
4275.0, {'J10': np.float32(-0.0), 'J11': np.float32(-0.66604996), 'J12': np.float32(-1.2765957), 'J13': np.float32(-0.0), 'cluster3106249630_3106249631_J60_J61_#5more': np.float32(-0.22201665)}, {'J10': 0, 'J11': 32, 'J12': 18, 'J13': 0, 'cluster3106249630_3106249631_J60_J61_#5more': 12}, {'J10': 0, 'J11': 36, 'J12': 69, 'J13': 0, 'cluster3106249630_3106249631_J60_J61_#5more': 12}, 
4280.0, {'J10': np.float32(-0.0), 'J11': np.float32(-0.66604996), 'J12': np.float32(-1.2765957), 'J13': np.float32(-0.0), 'cluster3106249630_3106249631_J60_J61_#5more': np.float32(1.46716)}, {'J10': 0, 'J11': 32, 'J12': 18, 'J13': 0, 'cluster3106249630_3106249631_J60_J61_#5more': 11}, {'J10': 0, 'J11': 36, 'J12': 69, 'J13': 0, 'cluster3106249630_3106249631_J60_J61_#5more': 11}, 
4285.0, {'J10': np.float32(-0.0), 'J11': np.float32(-0.66604996), 'J12': np.float32(-1.2765957), 'J13': np.float32(-0.0), 'cluster3106249630_3106249631_J60_J61_#5more': np.float32(-0.20351526)}, {'J10': 0, 'J11': 32, 'J12': 18, 'J13': 0, 'cluster3106249630_3106249631_J60_J61_#5more': 11}, {'J10': 0, 'J11': 36, 'J12': 69, 'J13': 0, 'cluster3106249630_3106249631_J60_J61_#5more': 11}, 
4290.0, {'J10': np.float32(-0.0), 'J11': np.float32(-0.66604996), 'J12': np.float32(-1.2765957), 'J13': np.float32(-0.0), 'cluster3106249630_3106249631_J60_J61_#5more': np.float32(-0.20351526)}, {'J10': 0, 'J11': 32, 'J12': 18, 'J13': 0, 'cluster3106249630_3106249631_J60_J61_#5more': 11}, {'J10': 0, 'J11': 36, 'J12': 69, 'J13': 0, 'cluster3106249630_3106249631_J60_J61_#5more': 11}, 
4295.0, {'J10': np.float32(-0.0), 'J11': np.float32(-0.66604996), 'J12': np.float32(-1.2765957), 'J13': np.float32(-0.0), 'cluster3106249630_3106249631_J60_J61_#5more': np.float32(-0.20351526)}, {'J10': 0, 'J11': 32, 'J12': 18, 'J13': 0, 'cluster3106249630_3106249631_J60_J61_#5more': 11}, {'J10': 0, 'J11': 36, 'J12': 69, 'J13': 0, 'cluster3106249630_3106249631_J60_J61_#5more': 11}, 
4300.0, {'J10': np.float32(-0.0), 'J11': np.float32(-0.66604996), 'J12': np.float32(-1.2765957), 'J13': np.float32(-0.0), 'cluster3106249630_3106249631_J60_J61_#5more': np.float32(-0.20351526)}, {'J10': 0, 'J11': 32, 'J12': 18, 'J13': 0, 'cluster3106249630_3106249631_J60_J61_#5more': 11}, {'J10': 0, 'J11': 36, 'J12': 69, 'J13': 0, 'cluster3106249630_3106249631_J60_J61_#5more': 11}, 
4305.0, {'J10': np.float32(-0.0), 'J11': np.float32(-0.66604996), 'J12': np.float32(-1.2765957), 'J13': np.float32(-0.0), 'cluster3106249630_3106249631_J60_J61_#5more': np.float32(-0.20351526)}, {'J10': 0, 'J11': 32, 'J12': 18, 'J13': 0, 'cluster3106249630_3106249631_J60_J61_#5more': 11}, {'J10': 0, 'J11': 36, 'J12': 69, 'J13': 0, 'cluster3106249630_3106249631_J60_J61_#5more': 11}, 
4310.0, {'J10': np.float32(-0.0), 'J11': np.float32(-0.480111), 'J12': np.float32(1.2081406), 'J13': np.float32(-0.0), 'cluster3106249630_3106249631_J60_J61_#5more': np.float32(-0.20351526)}, {'J10': 0, 'J11': 32, 'J12': 18, 'J13': 0, 'cluster3106249630_3106249631_J60_J61_#5more': 11}, {'J10': 0, 'J11': 35, 'J12': 67, 'J13': 0, 'cluster3106249630_3106249631_J60_J61_#5more': 11}, 
4315.0, {'J10': np.float32(-0.0), 'J11': np.float32(-0.4745606), 'J12': np.float32(-1.239593), 'J13': np.float32(-0.0), 'cluster3106249630_3106249631_J60_J61_#5more': np.float32(-0.20351526)}, {'J10': 0, 'J11': 32, 'J12': 18, 'J13': 0, 'cluster3106249630_3106249631_J60_J61_#5more': 11}, {'J10': 0, 'J11': 34, 'J12': 67, 'J13': 0, 'cluster3106249630_3106249631_J60_J61_#5more': 11}, 
4320.0, {'J10': np.float32(-0.0), 'J11': np.float32(0.04440333), 'J12': np.float32(-1.239593), 'J13': np.float32(-0.0), 'cluster3106249630_3106249631_J60_J61_#5more': np.float32(-0.20351526)}, {'J10': 0, 'J11': 30, 'J12': 18, 'J13': 0, 'cluster3106249630_3106249631_J60_J61_#5more': 11}, {'J10': 0, 'J11': 32, 'J12': 67, 'J13': 0, 'cluster3106249630_3106249631_J60_J61_#5more': 11}, 
4325.0, {'J10': np.float32(-0.0), 'J11': np.float32(-0.5920444), 'J12': np.float32(-1.239593), 'J13': np.float32(-0.0), 'cluster3106249630_3106249631_J60_J61_#5more': np.float32(-0.20351526)}, {'J10': 0, 'J11': 30, 'J12': 18, 'J13': 0, 'cluster3106249630_3106249631_J60_J61_#5more': 11}, {'J10': 0, 'J11': 32, 'J12': 67, 'J13': 0, 'cluster3106249630_3106249631_J60_J61_#5more': 11}, 
4330.0, {'J10': np.float32(-0.0), 'J11': np.float32(0.14986125), 'J12': np.float32(-1.2451434), 'J13': np.float32(-0.0), 'cluster3106249630_3106249631_J60_J61_#5more': np.float32(-0.20351526)}, {'J10': 0, 'J11': 28, 'J12': 18, 'J13': 0, 'cluster3106249630_3106249631_J60_J61_#5more': 11}, {'J10': 0, 'J11': 30, 'J12': 69, 'J13': 0, 'cluster3106249630_3106249631_J60_J61_#5more': 11}, 
4335.0, {'J10': np.float32(-0.0), 'J11': np.float32(0.19981499), 'J12': np.float32(3.0), 'J13': np.float32(-0.0), 'cluster3106249630_3106249631_J60_J61_#5more': np.float32(-0.20351526)}, {'J10': 0, 'J11': 26, 'J12': 18, 'J13': 0, 'cluster3106249630_3106249631_J60_J61_#5more': 11}, {'J10': 0, 'J11': 28, 'J12': 64, 'J13': 0, 'cluster3106249630_3106249631_J60_J61_#5more': 11}, 
4340.0, {'J10': np.float32(-0.0), 'J11': np.float32(-0.51803887), 'J12': np.float32(-0.54856616), 'J13': np.float32(-0.0), 'cluster3106249630_3106249631_J60_J61_#5more': np.float32(1.7039778)}, {'J10': 0, 'J11': 26, 'J12': 18, 'J13': 0, 'cluster3106249630_3106249631_J60_J61_#5more': 10}, {'J10': 0, 'J11': 28, 'J12': 64, 'J13': 0, 'cluster3106249630_3106249631_J60_J61_#5more': 10}, 
4345.0, {'J10': np.float32(-0.0), 'J11': np.float32(-0.51803887), 'J12': np.float32(-1.2044404), 'J13': np.float32(-0.0), 'cluster3106249630_3106249631_J60_J61_#5more': np.float32(-0.18501388)}, {'J10': 0, 'J11': 26, 'J12': 18, 'J13': 0, 'cluster3106249630_3106249631_J60_J61_#5more': 10}, {'J10': 0, 'J11': 28, 'J12': 69, 'J13': 0, 'cluster3106249630_3106249631_J60_J61_#5more': 10}, 
4350.0, {'J10': np.float32(-0.0), 'J11': np.float32(0.77150786), 'J12': np.float32(0.69010174), 'J13': np.float32(-0.0), 'cluster3106249630_3106249631_J60_J61_#5more': np.float32(-0.18501388)}, {'J10': 0, 'J11': 23, 'J12': 18, 'J13': 0, 'cluster3106249630_3106249631_J60_J61_#5more': 10}, {'J10': 0, 'J11': 25, 'J12': 68, 'J13': 0, 'cluster3106249630_3106249631_J60_J61_#5more': 10}, 
4355.0, {'J10': np.float32(-0.0), 'J11': np.float32(-0.024051804), 'J12': np.float32(2.6947272), 'J13': np.float32(-0.0), 'cluster3106249630_3106249631_J60_J61_#5more': np.float32(-0.18501388)}, {'J10': 0, 'J11': 25, 'J12': 16, 'J13': 0, 'cluster3106249630_3106249631_J60_J61_#5more': 10}, {'J10': 0, 'J11': 27, 'J12': 65, 'J13': 0, 'cluster3106249630_3106249631_J60_J61_#5more': 10}, 
4360.0, {'J10': np.float32(-0.0), 'J11': np.float32(0.41628122), 'J12': np.float32(-1.2025902), 'J13': np.float32(-0.0), 'cluster3106249630_3106249631_J60_J61_#5more': np.float32(-0.18501388)}, {'J10': 0, 'J11': 23, 'J12': 16, 'J13': 0, 'cluster3106249630_3106249631_J60_J61_#5more': 10}, {'J10': 0, 'J11': 25, 'J12': 65, 'J13': 0, 'cluster3106249630_3106249631_J60_J61_#5more': 10}, 
4365.0, {'J10': np.float32(-0.0), 'J11': np.float32(0.4773358), 'J12': np.float32(-1.2053654), 'J13': np.float32(-0.0), 'cluster3106249630_3106249631_J60_J61_#5more': np.float32(-0.18501388)}, {'J10': 0, 'J11': 21, 'J12': 17, 'J13': 0, 'cluster3106249630_3106249631_J60_J61_#5more': 10}, {'J10': 0, 'J11': 23, 'J12': 66, 'J13': 0, 'cluster3106249630_3106249631_J60_J61_#5more': 10}, 
4370.0, {'J10': np.float32(-0.0), 'J11': np.float32(0.546716), 'J12': np.float32(3.0), 'J13': np.float32(-0.0), 'cluster3106249630_3106249631_J60_J61_#5more': np.float32(-0.18501388)}, {'J10': 0, 'J11': 19, 'J12': 17, 'J13': 0, 'cluster3106249630_3106249631_J60_J61_#5more': 10}, {'J10': 0, 'J11': 21, 'J12': 61, 'J13': 0, 'cluster3106249630_3106249631_J60_J61_#5more': 10}, 
4375.0, {'J10': np.float32(-0.0), 'J11': np.float32(2.5707679), 'J12': np.float32(0.34227568), 'J13': np.float32(-0.0), 'cluster3106249630_3106249631_J60_J61_#5more': np.float32(-0.18501388)}, {'J10': 0, 'J11': 13, 'J12': 17, 'J13': 0, 'cluster3106249630_3106249631_J60_J61_#5more': 10}, {'J10': 0, 'J11': 15, 'J12': 62, 'J13': 0, 'cluster3106249630_3106249631_J60_J61_#5more': 10}, 
4380.0, {'J10': np.float32(-0.0), 'J11': np.float32(0.73172987), 'J12': np.float32(0.22109158), 'J13': np.float32(-0.0), 'cluster3106249630_3106249631_J60_J61_#5more': np.float32(-0.18501388)}, {'J10': 0, 'J11': 11, 'J12': 17, 'J13': 0, 'cluster3106249630_3106249631_J60_J61_#5more': 10}, {'J10': 0, 'J11': 13, 'J12': 62, 'J13': 0, 'cluster3106249630_3106249631_J60_J61_#5more': 10}, 
4385.0, {'J10': np.float32(-0.0), 'J11': np.float32(-0.24051803), 'J12': np.float32(-1.1581869), 'J13': np.float32(-0.0), 'cluster3106249630_3106249631_J60_J61_#5more': np.float32(-0.18501388)}, {'J10': 0, 'J11': 11, 'J12': 17, 'J13': 0, 'cluster3106249630_3106249631_J60_J61_#5more': 10}, {'J10': 0, 'J11': 13, 'J12': 65, 'J13': 0, 'cluster3106249630_3106249631_J60_J61_#5more': 10}, 
4390.0, {'J10': np.float32(-0.0), 'J11': np.float32(0.83718777), 'J12': np.float32(0.3348751), 'J13': np.float32(-0.0), 'cluster3106249630_3106249631_J60_J61_#5more': np.float32(-0.19056429)}, {'J10': 0, 'J11': 9, 'J12': 17, 'J13': 0, 'cluster3106249630_3106249631_J60_J61_#5more': 11}, {'J10': 0, 'J11': 11, 'J12': 64, 'J13': 0, 'cluster3106249630_3106249631_J60_J61_#5more': 11}, 
4395.0, {'J10': np.float32(-0.0), 'J11': np.float32(0.8871415), 'J12': np.float32(-1.2007401), 'J13': np.float32(-0.0), 'cluster3106249630_3106249631_J60_J61_#5more': np.float32(-0.20351526)}, {'J10': 0, 'J11': 7, 'J12': 17, 'J13': 0, 'cluster3106249630_3106249631_J60_J61_#5more': 11}, {'J10': 0, 'J11': 9, 'J12': 66, 'J13': 0, 'cluster3106249630_3106249631_J60_J61_#5more': 11}, 
4400.0, {'J10': np.float32(-0.0), 'J11': np.float32(0.9555967), 'J12': np.float32(-1.2210916), 'J13': np.float32(-0.0), 'cluster3106249630_3106249631_J60_J61_#5more': np.float32(-0.20351526)}, {'J10': 0, 'J11': 5, 'J12': 17, 'J13': 0, 'cluster3106249630_3106249631_J60_J61_#5more': 11}, {'J10': 0, 'J11': 7, 'J12': 66, 'J13': 0, 'cluster3106249630_3106249631_J60_J61_#5more': 11}, 
4405.0, {'J10': np.float32(-0.0), 'J11': np.float32(-0.12950972), 'J12': np.float32(2.7030528), 'J13': np.float32(-0.0), 'cluster3106249630_3106249631_J60_J61_#5more': np.float32(-0.20351526)}, {'J10': 0, 'J11': 5, 'J12': 15, 'J13': 0, 'cluster3106249630_3106249631_J60_J61_#5more': 11}, {'J10': 0, 'J11': 7, 'J12': 63, 'J13': 0, 'cluster3106249630_3106249631_J60_J61_#5more': 11}, 
4410.0, {'J10': np.float32(-0.0), 'J11': np.float32(-0.16558743), 'J12': np.float32(-1.1655874), 'J13': np.float32(-0.0), 'cluster3106249630_3106249631_J60_J61_#5more': np.float32(-0.20351526)}, {'J10': 0, 'J11': 12, 'J12': 15, 'J13': 0, 'cluster3106249630_3106249631_J60_J61_#5more': 11}, {'J10': 0, 'J11': 14, 'J12': 63, 'J13': 0, 'cluster3106249630_3106249631_J60_J61_#5more': 11}, 
4415.0, {'J10': np.float32(-0.0), 'J11': np.float32(-0.29694727), 'J12': np.float32(3.0), 'J13': np.float32(-0.0), 'cluster3106249630_3106249631_J60_J61_#5more': np.float32(-0.20999075)}, {'J10': 0, 'J11': 19, 'J12': 14, 'J13': 0, 'cluster3106249630_3106249631_J60_J61_#5more': 12}, {'J10': 0, 'J11': 21, 'J12': 60, 'J13': 0, 'cluster3106249630_3106249631_J60_J61_#5more': 12}, 
4420.0, {'J10': np.float32(-0.0), 'J11': np.float32(-0.43385753), 'J12': np.float32(1.7770582), 'J13': np.float32(-0.0), 'cluster3106249630_3106249631_J60_J61_#5more': np.float32(-0.22201665)}, {'J10': 0, 'J11': 27, 'J12': 14, 'J13': 0, 'cluster3106249630_3106249631_J60_J61_#5more': 12}, {'J10': 0, 'J11': 29, 'J12': 61, 'J13': 0, 'cluster3106249630_3106249631_J60_J61_#5more': 12}, 
4425.0, {'J10': np.float32(-0.0), 'J11': np.float32(-0.5716929), 'J12': np.float32(0.08510638), 'J13': np.float32(-0.0), 'cluster3106249630_3106249631_J60_J61_#5more': np.float32(-0.22201665)}, {'J10': 0, 'J11': 32, 'J12': 15, 'J13': 0, 'cluster3106249630_3106249631_J60_J61_#5more': 12}, {'J10': 0, 'J11': 34, 'J12': 64, 'J13': 0, 'cluster3106249630_3106249631_J60_J61_#5more': 12}, 
4430.0, {'J10': np.float32(-0.0), 'J11': np.float32(-0.62904716), 'J12': np.float32(-0.026827011), 'J13': np.float32(-0.0), 'cluster3106249630_3106249631_J60_J61_#5more': np.float32(-0.22201665)}, {'J10': 0, 'J11': 32, 'J12': 14, 'J13': 0, 'cluster3106249630_3106249631_J60_J61_#5more': 12}, {'J10': 0, 'J11': 34, 'J12': 65, 'J13': 0, 'cluster3106249630_3106249631_J60_J61_#5more': 12}, 
4435.0, {'J10': np.float32(-0.0), 'J11': np.float32(-0.62904716), 'J12': np.float32(-1.2025902), 'J13': np.float32(-0.0), 'cluster3106249630_3106249631_J60_J61_#5more': np.float32(-0.22201665)}, {'J10': 0, 'J11': 32, 'J12': 14, 'J13': 0, 'cluster3106249630_3106249631_J60_J61_#5more': 12}, {'J10': 0, 'J11': 34, 'J12': 65, 'J13': 0, 'cluster3106249630_3106249631_J60_J61_#5more': 12}, 
4440.0, {'J10': np.float32(-0.0), 'J11': np.float32(-0.62904716), 'J12': np.float32(1.9750232), 'J13': np.float32(-0.0), 'cluster3106249630_3106249631_J60_J61_#5more': np.float32(-0.22201665)}, {'J10': 0, 'J11': 32, 'J12': 14, 'J13': 0, 'cluster3106249630_3106249631_J60_J61_#5more': 12}, {'J10': 0, 'J11': 34, 'J12': 61, 'J13': 0, 'cluster3106249630_3106249631_J60_J61_#5more': 12}, 
4445.0, {'J10': np.float32(-0.0), 'J11': np.float32(-0.62904716), 'J12': np.float32(-1.1285846), 'J13': np.float32(-0.0), 'cluster3106249630_3106249631_J60_J61_#5more': np.float32(-0.22479185)}, {'J10': 0, 'J11': 32, 'J12': 14, 'J13': 0, 'cluster3106249630_3106249631_J60_J61_#5more': 13}, {'J10': 0, 'J11': 34, 'J12': 61, 'J13': 0, 'cluster3106249630_3106249631_J60_J61_#5more': 13}, 
4450.0, {'J10': np.float32(-0.0), 'J11': np.float32(2.2423682), 'J12': np.float32(-1.1415356), 'J13': np.float32(-0.0), 'cluster3106249630_3106249631_J60_J61_#5more': np.float32(-0.24051803)}, {'J10': 0, 'J11': 32, 'J12': 15, 'J13': 0, 'cluster3106249630_3106249631_J60_J61_#5more': 13}, {'J10': 0, 'J11': 33, 'J12': 64, 'J13': 0, 'cluster3106249630_3106249631_J60_J61_#5more': 13}, 
4455.0, {'J10': np.float32(-0.0), 'J11': np.float32(-0.6105458), 'J12': np.float32(0.72247916), 'J13': np.float32(-0.0), 'cluster3106249630_3106249631_J60_J61_#5more': np.float32(-0.24051803)}, {'J10': 0, 'J11': 32, 'J12': 15, 'J13': 0, 'cluster3106249630_3106249631_J60_J61_#5more': 13}, {'J10': 0, 'J11': 33, 'J12': 65, 'J13': 0, 'cluster3106249630_3106249631_J60_J61_#5more': 13}, 
4460.0, {'J10': np.float32(-0.0), 'J11': np.float32(-0.61517113), 'J12': np.float32(0.97317296), 'J13': np.float32(-0.0), 'cluster3106249630_3106249631_J60_J61_#5more': np.float32(-0.24051803)}, {'J10': 0, 'J11': 32, 'J12': 13, 'J13': 0, 'cluster3106249630_3106249631_J60_J61_#5more': 13}, {'J10': 0, 'J11': 34, 'J12': 63, 'J13': 0, 'cluster3106249630_3106249631_J60_J61_#5more': 13}, 
4465.0, {'J10': np.float32(-0.0), 'J11': np.float32(-0.62904716), 'J12': np.float32(0.5457909), 'J13': np.float32(-0.0), 'cluster3106249630_3106249631_J60_J61_#5more': np.float32(-0.24051803)}, {'J10': 0, 'J11': 32, 'J12': 14, 'J13': 0, 'cluster3106249630_3106249631_J60_J61_#5more': 13}, {'J10': 0, 'J11': 34, 'J12': 64, 'J13': 0, 'cluster3106249630_3106249631_J60_J61_#5more': 13}, 
4470.0, {'J10': np.float32(-0.0), 'J11': np.float32(-0.62904716), 'J12': np.float32(0.5226642), 'J13': np.float32(-0.0), 'cluster3106249630_3106249631_J60_J61_#5more': np.float32(-0.24051803)}, {'J10': 0, 'J11': 32, 'J12': 17, 'J13': 0, 'cluster3106249630_3106249631_J60_J61_#5more': 13}, {'J10': 0, 'J11': 34, 'J12': 68, 'J13': 0, 'cluster3106249630_3106249631_J60_J61_#5more': 13}, 
4475.0, {'J10': np.float32(-0.0), 'J11': np.float32(-0.62904716), 'J12': np.float32(-0.7187789), 'J13': np.float32(-0.0), 'cluster3106249630_3106249631_J60_J61_#5more': np.float32(-0.24051803)}, {'J10': 0, 'J11': 32, 'J12': 15, 'J13': 0, 'cluster3106249630_3106249631_J60_J61_#5more': 13}, {'J10': 0, 'J11': 34, 'J12': 66, 'J13': 0, 'cluster3106249630_3106249631_J60_J61_#5more': 13}, 
4480.0, {'J10': np.float32(-0.0), 'J11': np.float32(-0.62904716), 'J12': np.float32(-1.2294172), 'J13': np.float32(-0.0), 'cluster3106249630_3106249631_J60_J61_#5more': np.float32(-0.24606845)}, {'J10': 0, 'J11': 32, 'J12': 17, 'J13': 0, 'cluster3106249630_3106249631_J60_J61_#5more': 14}, {'J10': 0, 'J11': 34, 'J12': 68, 'J13': 0, 'cluster3106249630_3106249631_J60_J61_#5more': 14}, 
4485.0, {'J10': np.float32(-0.0), 'J11': np.float32(-0.62904716), 'J12': np.float32(-1.2645699), 'J13': np.float32(-0.0), 'cluster3106249630_3106249631_J60_J61_#5more': np.float32(-0.25901943)}, {'J10': 0, 'J11': 32, 'J12': 17, 'J13': 0, 'cluster3106249630_3106249631_J60_J61_#5more': 14}, {'J10': 0, 'J11': 34, 'J12': 70, 'J13': 0, 'cluster3106249630_3106249631_J60_J61_#5more': 14}, 
4490.0, {'J10': np.float32(-0.0), 'J11': np.float32(-0.62904716), 'J12': np.float32(-1.3034228), 'J13': np.float32(-0.0), 'cluster3106249630_3106249631_J60_J61_#5more': np.float32(-0.26641998)}, {'J10': 0, 'J11': 32, 'J12': 17, 'J13': 0, 'cluster3106249630_3106249631_J60_J61_#5more': 15}, {'J10': 0, 'J11': 34, 'J12': 71, 'J13': 0, 'cluster3106249630_3106249631_J60_J61_#5more': 15}, 
4495.0, {'J10': np.float32(-0.0), 'J11': np.float32(-0.62904716), 'J12': np.float32(0.48751158), 'J13': np.float32(-0.0), 'cluster3106249630_3106249631_J60_J61_#5more': np.float32(-0.2775208)}, {'J10': 0, 'J11': 32, 'J12': 17, 'J13': 0, 'cluster3106249630_3106249631_J60_J61_#5more': 15}, {'J10': 0, 'J11': 34, 'J12': 70, 'J13': 0, 'cluster3106249630_3106249631_J60_J61_#5more': 15}, 
4500.0, {'J10': np.float32(-0.0), 'J11': np.float32(-0.62904716), 'J12': np.float32(-0.84181315), 'J13': np.float32(-0.0), 'cluster3106249630_3106249631_J60_J61_#5more': np.float32(-0.2775208)}, {'J10': 0, 'J11': 32, 'J12': 17, 'J13': 0, 'cluster3106249630_3106249631_J60_J61_#5more': 15}, {'J10': 0, 'J11': 34, 'J12': 68, 'J13': 0, 'cluster3106249630_3106249631_J60_J61_#5more': 15}, 
4505.0, {'J10': np.float32(-0.0), 'J11': np.float32(-0.62904716), 'J12': np.float32(-1.2580943), 'J13': np.float32(-0.0), 'cluster3106249630_3106249631_J60_J61_#5more': np.float32(-0.2775208)}, {'J10': 0, 'J11': 32, 'J12': 17, 'J13': 0, 'cluster3106249630_3106249631_J60_J61_#5more': 15}, {'J10': 0, 'J11': 34, 'J12': 68, 'J13': 0, 'cluster3106249630_3106249631_J60_J61_#5more': 15}, 
4510.0, {'J10': np.float32(-0.0), 'J11': np.float32(-0.62904716), 'J12': np.float32(-0.115633674), 'J13': np.float32(-0.0), 'cluster3106249630_3106249631_J60_J61_#5more': np.float32(-0.28307122)}, {'J10': 0, 'J11': 32, 'J12': 16, 'J13': 0, 'cluster3106249630_3106249631_J60_J61_#5more': 16}, {'J10': 0, 'J11': 34, 'J12': 70, 'J13': 0, 'cluster3106249630_3106249631_J60_J61_#5more': 16}, 
4515.0, {'J10': np.float32(-0.0), 'J11': np.float32(-0.62904716), 'J12': np.float32(0.57909346), 'J13': np.float32(-0.0), 'cluster3106249630_3106249631_J60_J61_#5more': np.float32(-0.2960222)}, {'J10': 0, 'J11': 32, 'J12': 16, 'J13': 0, 'cluster3106249630_3106249631_J60_J61_#5more': 16}, {'J10': 0, 'J11': 34, 'J12': 69, 'J13': 0, 'cluster3106249630_3106249631_J60_J61_#5more': 16}, 
4520.0, {'J10': np.float32(-0.0), 'J11': np.float32(-0.62904716), 'J12': np.float32(3.0), 'J13': np.float32(-0.0), 'cluster3106249630_3106249631_J60_J61_#5more': np.float32(-0.30342275)}, {'J10': 0, 'J11': 32, 'J12': 15, 'J13': 0, 'cluster3106249630_3106249631_J60_J61_#5more': 17}, {'J10': 0, 'J11': 34, 'J12': 64, 'J13': 0, 'cluster3106249630_3106249631_J60_J61_#5more': 17}, 
4525.0, {'J10': np.float32(-0.0), 'J11': np.float32(-0.62904716), 'J12': np.float32(-1.1840888), 'J13': np.float32(-0.0), 'cluster3106249630_3106249631_J60_J61_#5more': np.float32(-0.31452358)}, {'J10': 0, 'J11': 32, 'J12': 15, 'J13': 0, 'cluster3106249630_3106249631_J60_J61_#5more': 17}, {'J10': 0, 'J11': 34, 'J12': 64, 'J13': 0, 'cluster3106249630_3106249631_J60_J61_#5more': 17}, 
4530.0, {'J10': np.float32(-0.0), 'J11': np.float32(-0.62904716), 'J12': np.float32(2.8085105), 'J13': np.float32(-0.0), 'cluster3106249630_3106249631_J60_J61_#5more': np.float32(2.2747457)}, {'J10': 0, 'J11': 32, 'J12': 15, 'J13': 0, 'cluster3106249630_3106249631_J60_J61_#5more': 17}, {'J10': 0, 'J11': 34, 'J12': 61, 'J13': 0, 'cluster3106249630_3106249631_J60_J61_#5more': 17}, 
4535.0, {'J10': np.float32(-0.0), 'J11': np.float32(1.2044404), 'J12': np.float32(3.0), 'J13': np.float32(-0.0), 'cluster3106249630_3106249631_J60_J61_#5more': np.float32(-0.31452358)}, {'J10': 0, 'J11': 32, 'J12': 15, 'J13': 0, 'cluster3106249630_3106249631_J60_J61_#5more': 17}, {'J10': 0, 'J11': 33, 'J12': 57, 'J13': 0, 'cluster3106249630_3106249631_J60_J61_#5more': 17}, 
4540.0, {'J10': np.float32(-0.0), 'J11': np.float32(-0.30989826), 'J12': np.float32(0.47918594), 'J13': np.float32(-0.0), 'cluster3106249630_3106249631_J60_J61_#5more': np.float32(-0.31544867)}, {'J10': 0, 'J11': 32, 'J12': 15, 'J13': 0, 'cluster3106249630_3106249631_J60_J61_#5more': 18}, {'J10': 0, 'J11': 32, 'J12': 60, 'J13': 0, 'cluster3106249630_3106249631_J60_J61_#5more': 18}, 
4545.0, {'J10': np.float32(-0.0), 'J11': np.float32(1.5948197), 'J12': np.float32(-1.1100832), 'J13': np.float32(-0.0), 'cluster3106249630_3106249631_J60_J61_#5more': np.float32(-0.33302498)}, {'J10': 0, 'J11': 30, 'J12': 15, 'J13': 0, 'cluster3106249630_3106249631_J60_J61_#5more': 18}, {'J10': 0, 'J11': 31, 'J12': 60, 'J13': 0, 'cluster3106249630_3106249631_J60_J61_#5more': 18}, 
4550.0, {'J10': np.float32(-0.0), 'J11': np.float32(-0.5504163), 'J12': np.float32(-1.1110083), 'J13': np.float32(-0.0), 'cluster3106249630_3106249631_J60_J61_#5more': np.float32(-0.33302498)}, {'J10': 0, 'J11': 30, 'J12': 15, 'J13': 0, 'cluster3106249630_3106249631_J60_J61_#5more': 18}, {'J10': 0, 'J11': 30, 'J12': 61, 'J13': 0, 'cluster3106249630_3106249631_J60_J61_#5more': 18}, 
4555.0, {'J10': np.float32(-0.0), 'J11': np.float32(-0.5550416), 'J12': np.float32(-1.1757631), 'J13': np.float32(-0.0), 'cluster3106249630_3106249631_J60_J61_#5more': np.float32(-0.34320074)}, {'J10': 0, 'J11': 30, 'J12': 17, 'J13': 0, 'cluster3106249630_3106249631_J60_J61_#5more': 20}, {'J10': 0, 'J11': 30, 'J12': 70, 'J13': 0, 'cluster3106249630_3106249631_J60_J61_#5more': 20}, 
4560.0, {'J10': np.float32(-0.0), 'J11': np.float32(-0.5550416), 'J12': np.float32(-1.3098983), 'J13': np.float32(-0.0), 'cluster3106249630_3106249631_J60_J61_#5more': np.float32(-0.37002775)}, {'J10': 0, 'J11': 30, 'J12': 18, 'J13': 0, 'cluster3106249630_3106249631_J60_J61_#5more': 20}, {'J10': 0, 'J11': 30, 'J12': 72, 'J13': 0, 'cluster3106249630_3106249631_J60_J61_#5more': 20}, 
4565.0, {'J10': np.float32(-0.0), 'J11': np.float32(-0.5550416), 'J12': np.float32(-1.3320999), 'J13': np.float32(-0.0), 'cluster3106249630_3106249631_J60_J61_#5more': np.float32(-0.37002775)}, {'J10': 0, 'J11': 30, 'J12': 18, 'J13': 0, 'cluster3106249630_3106249631_J60_J61_#5more': 20}, {'J10': 0, 'J11': 30, 'J12': 72, 'J13': 0, 'cluster3106249630_3106249631_J60_J61_#5more': 20}, 
4570.0, {'J10': np.float32(-0.0), 'J11': np.float32(-0.57724327), 'J12': np.float32(0.0138760405), 'J13': np.float32(-0.0), 'cluster3106249630_3106249631_J60_J61_#5more': np.float32(-0.37002775)}, {'J10': 0, 'J11': 32, 'J12': 19, 'J13': 0, 'cluster3106249630_3106249631_J60_J61_#5more': 20}, {'J10': 0, 'J11': 33, 'J12': 72, 'J13': 0, 'cluster3106249630_3106249631_J60_J61_#5more': 20}, 
4575.0, {'J10': np.float32(-0.0), 'J11': np.float32(1.0425532), 'J12': np.float32(-0.08880666), 'J13': np.float32(-0.0), 'cluster3106249630_3106249631_J60_J61_#5more': np.float32(-0.37002775)}, {'J10': 0, 'J11': 30, 'J12': 19, 'J13': 0, 'cluster3106249630_3106249631_J60_J61_#5more': 20}, {'J10': 0, 'J11': 32, 'J12': 71, 'J13': 0, 'cluster3106249630_3106249631_J60_J61_#5more': 20}, 
4580.0, {'J10': np.float32(-0.0), 'J11': np.float32(-0.5920444), 'J12': np.float32(-1.3135985), 'J13': np.float32(-0.0), 'cluster3106249630_3106249631_J60_J61_#5more': np.float32(-0.37002775)}, {'J10': 0, 'J11': 30, 'J12': 19, 'J13': 0, 'cluster3106249630_3106249631_J60_J61_#5more': 20}, {'J10': 0, 'J11': 32, 'J12': 71, 'J13': 0, 'cluster3106249630_3106249631_J60_J61_#5more': 20}, 
4585.0, {'J10': np.float32(-0.0), 'J11': np.float32(-0.5920444), 'J12': np.float32(-1.3135985), 'J13': np.float32(-0.0), 'cluster3106249630_3106249631_J60_J61_#5more': np.float32(-0.37002775)}, {'J10': 0, 'J11': 30, 'J12': 19, 'J13': 0, 'cluster3106249630_3106249631_J60_J61_#5more': 20}, {'J10': 0, 'J11': 32, 'J12': 71, 'J13': 0, 'cluster3106249630_3106249631_J60_J61_#5more': 20}, 
4590.0, {'J10': np.float32(-0.0), 'J11': np.float32(0.95374656), 'J12': np.float32(3.0), 'J13': np.float32(-0.0), 'cluster3106249630_3106249631_J60_J61_#5more': np.float32(-0.37002775)}, {'J10': 0, 'J11': 28, 'J12': 19, 'J13': 0, 'cluster3106249630_3106249631_J60_J61_#5more': 20}, {'J10': 0, 'J11': 30, 'J12': 67, 'J13': 0, 'cluster3106249630_3106249631_J60_J61_#5more': 20}, 
4595.0, {'J10': np.float32(-0.0), 'J11': np.float32(0.82793707), 'J12': np.float32(-1.239593), 'J13': np.float32(-0.0), 'cluster3106249630_3106249631_J60_J61_#5more': np.float32(-0.37002775)}, {'J10': 0, 'J11': 26, 'J12': 19, 'J13': 0, 'cluster3106249630_3106249631_J60_J61_#5more': 20}, {'J10': 0, 'J11': 28, 'J12': 67, 'J13': 0, 'cluster3106249630_3106249631_J60_J61_#5more': 20}, 
4600.0, {'J10': np.float32(-0.0), 'J11': np.float32(-0.51803887), 'J12': np.float32(-1.2580943), 'J13': np.float32(-0.0), 'cluster3106249630_3106249631_J60_J61_#5more': np.float32(-0.37002775)}, {'J10': 0, 'J11': 26, 'J12': 19, 'J13': 0, 'cluster3106249630_3106249631_J60_J61_#5more': 20}, {'J10': 0, 'J11': 28, 'J12': 73, 'J13': 0, 'cluster3106249630_3106249631_J60_J61_#5more': 20}, 
4605.0, {'J10': np.float32(-0.0), 'J11': np.float32(1.6577244), 'J12': np.float32(-1.3580018), 'J13': np.float32(-0.0), 'cluster3106249630_3106249631_J60_J61_#5more': np.float32(1.8205365)}, {'J10': 0, 'J11': 23, 'J12': 19, 'J13': 0, 'cluster3106249630_3106249631_J60_J61_#5more': 19}, {'J10': 0, 'J11': 25, 'J12': 74, 'J13': 0, 'cluster3106249630_3106249631_J60_J61_#5more': 19}, 
4610.0, {'J10': np.float32(-0.0), 'J11': np.float32(0.27659574), 'J12': np.float32(0.74838114), 'J13': np.float32(-0.0), 'cluster3106249630_3106249631_J60_J61_#5more': np.float32(-0.35152635)}, {'J10': 0, 'J11': 22, 'J12': 17, 'J13': 0, 'cluster3106249630_3106249631_J60_J61_#5more': 19}, {'J10': 0, 'J11': 25, 'J12': 72, 'J13': 0, 'cluster3106249630_3106249631_J60_J61_#5more': 19}, 
4615.0, {'J10': np.float32(-0.0), 'J11': np.float32(1.0555042), 'J12': np.float32(0.20814061), 'J13': np.float32(-0.0), 'cluster3106249630_3106249631_J60_J61_#5more': np.float32(-0.35152635)}, {'J10': 0, 'J11': 20, 'J12': 17, 'J13': 0, 'cluster3106249630_3106249631_J60_J61_#5more': 19}, {'J10': 0, 'J11': 22, 'J12': 71, 'J13': 0, 'cluster3106249630_3106249631_J60_J61_#5more': 19}, 
4620.0, {'J10': np.float32(-0.0), 'J11': np.float32(1.1230342), 'J12': np.float32(-1.3135985), 'J13': np.float32(-0.0), 'cluster3106249630_3106249631_J60_J61_#5more': np.float32(-0.35152635)}, {'J10': 0, 'J11': 18, 'J12': 17, 'J13': 0, 'cluster3106249630_3106249631_J60_J61_#5more': 19}, {'J10': 0, 'J11': 20, 'J12': 71, 'J13': 0, 'cluster3106249630_3106249631_J60_J61_#5more': 19}, 
4625.0, {'J10': np.float32(-0.0), 'J11': np.float32(1.1914893), 'J12': np.float32(0.20444034), 'J13': np.float32(-0.0), 'cluster3106249630_3106249631_J60_J61_#5more': np.float32(-0.35152635)}, {'J10': 0, 'J11': 16, 'J12': 18, 'J13': 0, 'cluster3106249630_3106249631_J60_J61_#5more': 19}, {'J10': 0, 'J11': 18, 'J12': 71, 'J13': 0, 'cluster3106249630_3106249631_J60_J61_#5more': 19}, 
4630.0, {'J10': np.float32(-0.0), 'J11': np.float32(1.2497687), 'J12': np.float32(-1.3135985), 'J13': np.float32(-0.0), 'cluster3106249630_3106249631_J60_J61_#5more': np.float32(-0.35152635)}, {'J10': 0, 'J11': 14, 'J12': 18, 'J13': 0, 'cluster3106249630_3106249631_J60_J61_#5more': 19}, {'J10': 0, 'J11': 16, 'J12': 71, 'J13': 0, 'cluster3106249630_3106249631_J60_J61_#5more': 19}, 
4635.0, {'J10': np.float32(-0.0), 'J11': np.float32(1.3117484), 'J12': np.float32(-1.3135985), 'J13': np.float32(-0.0), 'cluster3106249630_3106249631_J60_J61_#5more': np.float32(-0.35152635)}, {'J10': 0, 'J11': 12, 'J12': 18, 'J13': 0, 'cluster3106249630_3106249631_J60_J61_#5more': 19}, {'J10': 0, 'J11': 14, 'J12': 71, 'J13': 0, 'cluster3106249630_3106249631_J60_J61_#5more': 19}, 
4640.0, {'J10': np.float32(-0.0), 'J11': np.float32(1.3802035), 'J12': np.float32(-1.3191489), 'J13': np.float32(-0.0), 'cluster3106249630_3106249631_J60_J61_#5more': np.float32(-0.35152635)}, {'J10': 0, 'J11': 10, 'J12': 18, 'J13': 0, 'cluster3106249630_3106249631_J60_J61_#5more': 19}, {'J10': 0, 'J11': 12, 'J12': 73, 'J13': 0, 'cluster3106249630_3106249631_J60_J61_#5more': 19}, 
4645.0, {'J10': np.float32(-0.0), 'J11': np.float32(1.4495838), 'J12': np.float32(-1.3506013), 'J13': np.float32(-0.0), 'cluster3106249630_3106249631_J60_J61_#5more': np.float32(-0.35800186)}, {'J10': 0, 'J11': 8, 'J12': 18, 'J13': 0, 'cluster3106249630_3106249631_J60_J61_#5more': 20}, {'J10': 0, 'J11': 10, 'J12': 73, 'J13': 0, 'cluster3106249630_3106249631_J60_J61_#5more': 20}, 
4650.0, {'J10': np.float32(-0.0), 'J11': np.float32(1.5097132), 'J12': np.float32(-1.3506013), 'J13': np.float32(-0.0), 'cluster3106249630_3106249631_J60_J61_#5more': np.float32(-0.37002775)}, {'J10': 0, 'J11': 6, 'J12': 18, 'J13': 0, 'cluster3106249630_3106249631_J60_J61_#5more': 20}, {'J10': 0, 'J11': 8, 'J12': 73, 'J13': 0, 'cluster3106249630_3106249631_J60_J61_#5more': 20}, 
4655.0, {'J10': np.float32(-0.0), 'J11': np.float32(1.5698427), 'J12': np.float32(-1.3506013), 'J13': np.float32(-0.0), 'cluster3106249630_3106249631_J60_J61_#5more': np.float32(-0.37002775)}, {'J10': 0, 'J11': 4, 'J12': 18, 'J13': 0, 'cluster3106249630_3106249631_J60_J61_#5more': 20}, {'J10': 0, 'J11': 6, 'J12': 73, 'J13': 0, 'cluster3106249630_3106249631_J60_J61_#5more': 20}, 
4660.0, {'J10': np.float32(-0.0), 'J11': np.float32(1.9574468), 'J12': np.float32(-1.3506013), 'J13': np.float32(-0.0), 'cluster3106249630_3106249631_J60_J61_#5more': np.float32(-0.37002775)}, {'J10': 0, 'J11': 3, 'J12': 18, 'J13': 0, 'cluster3106249630_3106249631_J60_J61_#5more': 20}, {'J10': 0, 'J11': 4, 'J12': 73, 'J13': 0, 'cluster3106249630_3106249631_J60_J61_#5more': 20}, 
4665.0, {'J10': np.float32(-0.0), 'J11': np.float32(0.97502315), 'J12': np.float32(-1.3506013), 'J13': np.float32(-0.0), 'cluster3106249630_3106249631_J60_J61_#5more': np.float32(-0.3774283)}, {'J10': 0, 'J11': 1, 'J12': 18, 'J13': 0, 'cluster3106249630_3106249631_J60_J61_#5more': 21}, {'J10': 0, 'J11': 2, 'J12': 73, 'J13': 0, 'cluster3106249630_3106249631_J60_J61_#5more': 21}, 
4670.0, {'J10': np.float32(-0.0), 'J11': np.float32(-0.007400555), 'J12': np.float32(-1.3506013), 'J13': np.float32(-0.0), 'cluster3106249630_3106249631_J60_J61_#5more': np.float32(-0.38852915)}, {'J10': 0, 'J11': 2, 'J12': 18, 'J13': 0, 'cluster3106249630_3106249631_J60_J61_#5more': 21}, {'J10': 0, 'J11': 2, 'J12': 73, 'J13': 0, 'cluster3106249630_3106249631_J60_J61_#5more': 21}, 
4675.0, {'J10': np.float32(-0.0), 'J11': np.float32(-0.037002776), 'J12': np.float32(-1.3506013), 'J13': np.float32(-0.0), 'cluster3106249630_3106249631_J60_J61_#5more': np.float32(-0.38852915)}, {'J10': 0, 'J11': 2, 'J12': 18, 'J13': 0, 'cluster3106249630_3106249631_J60_J61_#5more': 21}, {'J10': 0, 'J11': 2, 'J12': 73, 'J13': 0, 'cluster3106249630_3106249631_J60_J61_#5more': 21}, 
4680.0, {'J10': np.float32(-0.0), 'J11': np.float32(0.007400555), 'J12': np.float32(1.5772433), 'J13': np.float32(-0.0), 'cluster3106249630_3106249631_J60_J61_#5more': np.float32(-0.38852915)}, {'J10': 0, 'J11': 4, 'J12': 18, 'J13': 0, 'cluster3106249630_3106249631_J60_J61_#5more': 21}, {'J10': 0, 'J11': 5, 'J12': 71, 'J13': 0, 'cluster3106249630_3106249631_J60_J61_#5more': 21}, 
4685.0, {'J10': np.float32(-0.0), 'J11': np.float32(-0.049953748), 'J12': np.float32(1.5189639), 'J13': np.float32(-0.0), 'cluster3106249630_3106249631_J60_J61_#5more': np.float32(-0.38852915)}, {'J10': 0, 'J11': 2, 'J12': 18, 'J13': 0, 'cluster3106249630_3106249631_J60_J61_#5more': 21}, {'J10': 0, 'J11': 4, 'J12': 68, 'J13': 0, 'cluster3106249630_3106249631_J60_J61_#5more': 21}, 
4690.0, {'J10': np.float32(-0.0), 'J11': np.float32(0.08788159), 'J12': np.float32(0.43755782), 'J13': np.float32(-0.0), 'cluster3106249630_3106249631_J60_J61_#5more': np.float32(-0.38852915)}, {'J10': 0, 'J11': 1, 'J12': 18, 'J13': 0, 'cluster3106249630_3106249631_J60_J61_#5more': 21}, {'J10': 0, 'J11': 1, 'J12': 66, 'J13': 0, 'cluster3106249630_3106249631_J60_J61_#5more': 21}, 
4695.0, {'J10': np.float32(-0.0), 'J11': np.float32(-0.023126734), 'J12': np.float32(-1.2414432), 'J13': np.float32(-0.0), 'cluster3106249630_3106249631_J60_J61_#5more': np.float32(-0.38852915)}, {'J10': 0, 'J11': 2, 'J12': 18, 'J13': 0, 'cluster3106249630_3106249631_J60_J61_#5more': 21}, {'J10': 0, 'J11': 2, 'J12': 69, 'J13': 0, 'cluster3106249630_3106249631_J60_J61_#5more': 21}, 
4700.0, {'J10': np.float32(-0.0), 'J11': np.float32(0.023126734), 'J12': np.float32(1.2035153), 'J13': np.float32(-0.0), 'cluster3106249630_3106249631_J60_J61_#5more': np.float32(-0.38852915)}, {'J10': 0, 'J11': 1, 'J12': 16, 'J13': 0, 'cluster3106249630_3106249631_J60_J61_#5more': 21}, {'J10': 0, 'J11': 1, 'J12': 70, 'J13': 0, 'cluster3106249630_3106249631_J60_J61_#5more': 21}, 
4705.0, {'J10': np.float32(-0.0), 'J11': np.float32(-0.022201665), 'J12': np.float32(2.3857539), 'J13': np.float32(-0.0), 'cluster3106249630_3106249631_J60_J61_#5more': np.float32(2.2876966)}, {'J10': 0, 'J11': 2, 'J12': 15, 'J13': 0, 'cluster3106249630_3106249631_J60_J61_#5more': 19}, {'J10': 0, 'J11': 2, 'J12': 67, 'J13': 0, 'cluster3106249630_3106249631_J60_J61_#5more': 19}, 
4710.0, {'J10': np.float32(-0.0), 'J11': np.float32(-0.037002776), 'J12': np.float32(0.008325624), 'J13': np.float32(-0.0), 'cluster3106249630_3106249631_J60_J61_#5more': np.float32(-0.35152635)}, {'J10': 0, 'J11': 2, 'J12': 15, 'J13': 0, 'cluster3106249630_3106249631_J60_J61_#5more': 19}, {'J10': 0, 'J11': 2, 'J12': 66, 'J13': 0, 'cluster3106249630_3106249631_J60_J61_#5more': 19}, 
4715.0, {'J10': np.float32(-0.0), 'J11': np.float32(-0.037002776), 'J12': np.float32(-0.25254393), 'J13': np.float32(-0.0), 'cluster3106249630_3106249631_J60_J61_#5more': np.float32(-0.35152635)}, {'J10': 0, 'J11': 2, 'J12': 14, 'J13': 0, 'cluster3106249630_3106249631_J60_J61_#5more': 19}, {'J10': 0, 'J11': 2, 'J12': 65, 'J13': 0, 'cluster3106249630_3106249631_J60_J61_#5more': 19}, 
4720.0, {'J10': np.float32(-0.0), 'J11': np.float32(-0.037002776), 'J12': np.float32(-0.31544867), 'J13': np.float32(-0.0), 'cluster3106249630_3106249631_J60_J61_#5more': np.float32(1.7816837)}, {'J10': 0, 'J11': 2, 'J12': 16, 'J13': 0, 'cluster3106249630_3106249631_J60_J61_#5more': 18}, {'J10': 0, 'J11': 2, 'J12': 67, 'J13': 0, 'cluster3106249630_3106249631_J60_J61_#5more': 18}, 
4725.0, {'J10': np.float32(-0.0), 'J11': np.float32(-0.037002776), 'J12': np.float32(-1.2423682), 'J13': np.float32(-0.0), 'cluster3106249630_3106249631_J60_J61_#5more': np.float32(-0.33302498)}, {'J10': 0, 'J11': 2, 'J12': 17, 'J13': 0, 'cluster3106249630_3106249631_J60_J61_#5more': 18}, {'J10': 0, 'J11': 2, 'J12': 69, 'J13': 0, 'cluster3106249630_3106249631_J60_J61_#5more': 18}, 
4730.0, {'J10': np.float32(-0.0), 'J11': np.float32(-0.037002776), 'J12': np.float32(2.1415355), 'J13': np.float32(-0.0), 'cluster3106249630_3106249631_J60_J61_#5more': np.float32(-0.33302498)}, {'J10': 0, 'J11': 2, 'J12': 15, 'J13': 0, 'cluster3106249630_3106249631_J60_J61_#5more': 18}, {'J10': 0, 'J11': 2, 'J12': 68, 'J13': 0, 'cluster3106249630_3106249631_J60_J61_#5more': 18}, 
4735.0, {'J10': np.float32(-0.0), 'J11': np.float32(-0.037002776), 'J12': np.float32(-1.2580943), 'J13': np.float32(-0.0), 'cluster3106249630_3106249631_J60_J61_#5more': np.float32(-0.33302498)}, {'J10': 0, 'J11': 2, 'J12': 15, 'J13': 0, 'cluster3106249630_3106249631_J60_J61_#5more': 18}, {'J10': 0, 'J11': 2, 'J12': 68, 'J13': 0, 'cluster3106249630_3106249631_J60_J61_#5more': 18}, 
4740.0, {'J10': np.float32(-0.0), 'J11': np.float32(-0.037002776), 'J12': np.float32(-1.2580943), 'J13': np.float32(-0.0), 'cluster3106249630_3106249631_J60_J61_#5more': np.float32(-0.3385754)}, {'J10': 0, 'J11': 2, 'J12': 15, 'J13': 0, 'cluster3106249630_3106249631_J60_J61_#5more': 19}, {'J10': 0, 'J11': 2, 'J12': 68, 'J13': 0, 'cluster3106249630_3106249631_J60_J61_#5more': 19}, 
4745.0, {'J10': np.float32(-0.0), 'J11': np.float32(-0.037002776), 'J12': np.float32(2.4495838), 'J13': np.float32(-0.0), 'cluster3106249630_3106249631_J60_J61_#5more': np.float32(-0.35152635)}, {'J10': 0, 'J11': 2, 'J12': 17, 'J13': 0, 'cluster3106249630_3106249631_J60_J61_#5more': 19}, {'J10': 0, 'J11': 2, 'J12': 67, 'J13': 0, 'cluster3106249630_3106249631_J60_J61_#5more': 19}, 
4750.0, {'J10': np.float32(-0.0), 'J11': np.float32(-0.037002776), 'J12': np.float32(0.8880666), 'J13': np.float32(-0.0), 'cluster3106249630_3106249631_J60_J61_#5more': np.float32(-0.35152635)}, {'J10': 0, 'J11': 2, 'J12': 18, 'J13': 0, 'cluster3106249630_3106249631_J60_J61_#5more': 19}, {'J10': 0, 'J11': 2, 'J12': 66, 'J13': 0, 'cluster3106249630_3106249631_J60_J61_#5more': 19}, 
4755.0, {'J10': np.float32(-0.0), 'J11': np.float32(-0.037002776), 'J12': np.float32(1.7382053), 'J13': np.float32(-0.0), 'cluster3106249630_3106249631_J60_J61_#5more': np.float32(-0.35152635)}, {'J10': 0, 'J11': 2, 'J12': 18, 'J13': 0, 'cluster3106249630_3106249631_J60_J61_#5more': 19}, {'J10': 0, 'J11': 2, 'J12': 63, 'J13': 0, 'cluster3106249630_3106249631_J60_J61_#5more': 19}, 
4760.0, {'J10': np.float32(-0.0), 'J11': np.float32(-0.037002776), 'J12': np.float32(-0.09250694), 'J13': np.float32(-0.0), 'cluster3106249630_3106249631_J60_J61_#5more': np.float32(-0.35152635)}, {'J10': 0, 'J11': 2, 'J12': 18, 'J13': 0, 'cluster3106249630_3106249631_J60_J61_#5more': 19}, {'J10': 0, 'J11': 2, 'J12': 64, 'J13': 0, 'cluster3106249630_3106249631_J60_J61_#5more': 19}, 
4765.0, {'J10': np.float32(-0.0), 'J11': np.float32(0.226642), 'J12': np.float32(-1.1951896), 'J13': np.float32(-0.0), 'cluster3106249630_3106249631_J60_J61_#5more': np.float32(-0.35152635)}, {'J10': 0, 'J11': 1, 'J12': 18, 'J13': 0, 'cluster3106249630_3106249631_J60_J61_#5more': 19}, {'J10': 0, 'J11': 1, 'J12': 68, 'J13': 0, 'cluster3106249630_3106249631_J60_J61_#5more': 19}, 
4770.0, {'J10': np.float32(-0.0), 'J11': np.float32(-0.023126734), 'J12': np.float32(0.5716929), 'J13': np.float32(-0.0), 'cluster3106249630_3106249631_J60_J61_#5more': np.float32(-0.35152635)}, {'J10': 0, 'J11': 2, 'J12': 18, 'J13': 0, 'cluster3106249630_3106249631_J60_J61_#5more': 19}, {'J10': 0, 'J11': 2, 'J12': 70, 'J13': 0, 'cluster3106249630_3106249631_J60_J61_#5more': 19}, 
4775.0, {'J10': np.float32(-0.0), 'J11': np.float32(0.22571693), 'J12': np.float32(0.023126734), 'J13': np.float32(-0.008325624), 'cluster3106249630_3106249631_J60_J61_#5more': np.float32(-0.35152635)}, {'J10': 0, 'J11': 1, 'J12': 18, 'J13': 1, 'cluster3106249630_3106249631_J60_J61_#5more': 19}, {'J10': 0, 'J11': 1, 'J12': 69, 'J13': 1, 'cluster3106249630_3106249631_J60_J61_#5more': 19}, 
4780.0, {'J10': np.float32(-0.0), 'J11': np.float32(-0.023126734), 'J12': np.float32(0.0573543), 'J13': np.float32(-0.018501388), 'cluster3106249630_3106249631_J60_J61_#5more': np.float32(-0.35152635)}, {'J10': 0, 'J11': 2, 'J12': 18, 'J13': 1, 'cluster3106249630_3106249631_J60_J61_#5more': 19}, {'J10': 0, 'J11': 2, 'J12': 68, 'J13': 1, 'cluster3106249630_3106249631_J60_J61_#5more': 19}, 
4785.0, {'J10': np.float32(-0.0), 'J11': np.float32(0.023126734), 'J12': np.float32(0.79000926), 'J13': np.float32(-0.018501388), 'cluster3106249630_3106249631_J60_J61_#5more': np.float32(-0.35152635)}, {'J10': 0, 'J11': 1, 'J12': 16, 'J13': 1, 'cluster3106249630_3106249631_J60_J61_#5more': 19}, {'J10': 0, 'J11': 1, 'J12': 66, 'J13': 1, 'cluster3106249630_3106249631_J60_J61_#5more': 19}, 
4790.0, {'J10': np.float32(-0.0), 'J11': np.float32(-0.019426458), 'J12': np.float32(2.3931544), 'J13': np.float32(-0.018501388), 'cluster3106249630_3106249631_J60_J61_#5more': np.float32(-0.35152635)}, {'J10': 0, 'J11': 2, 'J12': 14, 'J13': 1, 'cluster3106249630_3106249631_J60_J61_#5more': 19}, {'J10': 0, 'J11': 2, 'J12': 63, 'J13': 1, 'cluster3106249630_3106249631_J60_J61_#5more': 19}, 
4795.0, {'J10': np.float32(-0.0), 'J11': np.float32(0.023126734), 'J12': np.float32(2.39963), 'J13': np.float32(-0.018501388), 'cluster3106249630_3106249631_J60_J61_#5more': np.float32(-0.3570768)}, {'J10': 0, 'J11': 1, 'J12': 14, 'J13': 1, 'cluster3106249630_3106249631_J60_J61_#5more': 20}, {'J10': 0, 'J11': 1, 'J12': 59, 'J13': 1, 'cluster3106249630_3106249631_J60_J61_#5more': 20}, 
4800.0, {'J10': np.float32(-0.0), 'J11': np.float32(-0.023126734), 'J12': np.float32(-0.19426458), 'J13': np.float32(-0.020351527), 'cluster3106249630_3106249631_J60_J61_#5more': np.float32(-0.37002775)}, {'J10': 0, 'J11': 2, 'J12': 14, 'J13': 2, 'cluster3106249630_3106249631_J60_J61_#5more': 20}, {'J10': 0, 'J11': 2, 'J12': 60, 'J13': 2, 'cluster3106249630_3106249631_J60_J61_#5more': 20}, 
4805.0, {'J10': np.float32(-0.0), 'J11': np.float32(-0.037002776), 'J12': np.float32(-0.18223867), 'J13': np.float32(-0.037002776), 'cluster3106249630_3106249631_J60_J61_#5more': np.float32(-0.3774283)}, {'J10': 0, 'J11': 2, 'J12': 14, 'J13': 2, 'cluster3106249630_3106249631_J60_J61_#5more': 21}, {'J10': 0, 'J11': 2, 'J12': 60, 'J13': 2, 'cluster3106249630_3106249631_J60_J61_#5more': 21}, 
4810.0, {'J10': np.float32(-0.0), 'J11': np.float32(-0.037002776), 'J12': np.float32(-1.1239593), 'J13': np.float32(-0.037002776), 'cluster3106249630_3106249631_J60_J61_#5more': np.float32(-0.38852915)}, {'J10': 0, 'J11': 2, 'J12': 14, 'J13': 2, 'cluster3106249630_3106249631_J60_J61_#5more': 21}, {'J10': 0, 'J11': 2, 'J12': 63, 'J13': 2, 'cluster3106249630_3106249631_J60_J61_#5more': 21}, 
4815.0, {'J10': np.float32(-0.0), 'J11': np.float32(0.056429233), 'J12': np.float32(-0.8122109), 'J13': np.float32(0.17668825), 'cluster3106249630_3106249631_J60_J61_#5more': np.float32(-0.38945422)}, {'J10': 0, 'J11': 1, 'J12': 14, 'J13': 0, 'cluster3106249630_3106249631_J60_J61_#5more': 22}, {'J10': 0, 'J11': 1, 'J12': 62, 'J13': 0, 'cluster3106249630_3106249631_J60_J61_#5more': 22}, 
4820.0, {'J10': np.float32(-0.0), 'J11': np.float32(0.06012951), 'J12': np.float32(-1.1526364), 'J13': np.float32(-0.0), 'cluster3106249630_3106249631_J60_J61_#5more': np.float32(-0.40703052)}, {'J10': 0, 'J11': 0, 'J12': 14, 'J13': 0, 'cluster3106249630_3106249631_J60_J61_#5more': 22}, {'J10': 0, 'J11': 0, 'J12': 64, 'J13': 0, 'cluster3106249630_3106249631_J60_J61_#5more': 22}, 
4825.0, {'J10': np.float32(-0.0), 'J11': np.float32(-0.002775208), 'J12': np.float32(-1.199815), 'J13': np.float32(-0.0), 'cluster3106249630_3106249631_J60_J61_#5more': np.float32(-0.41535616)}, {'J10': 0, 'J11': 1, 'J12': 14, 'J13': 0, 'cluster3106249630_3106249631_J60_J61_#5more': 23}, {'J10': 0, 'J11': 1, 'J12': 67, 'J13': 0, 'cluster3106249630_3106249631_J60_J61_#5more': 23}, 
4830.0, {'J10': np.float32(-0.0), 'J11': np.float32(0.002775208), 'J12': np.float32(-1.2599444), 'J13': np.float32(-0.0), 'cluster3106249630_3106249631_J60_J61_#5more': np.float32(-0.3691027)}, {'J10': 0, 'J11': 0, 'J12': 18, 'J13': 0, 'cluster3106249630_3106249631_J60_J61_#5more': 22}, {'J10': 0, 'J11': 0, 'J12': 71, 'J13': 0, 'cluster3106249630_3106249631_J60_J61_#5more': 22}, 
4835.0, {'J10': np.float32(-0.0), 'J11': np.float32(-0.0037002775), 'J12': np.float32(3.0), 'J13': np.float32(-0.0), 'cluster3106249630_3106249631_J60_J61_#5more': np.float32(2.0758557)}, {'J10': 0, 'J11': 1, 'J12': 18, 'J13': 0, 'cluster3106249630_3106249631_J60_J61_#5more': 21}, {'J10': 0, 'J11': 1, 'J12': 66, 'J13': 0, 'cluster3106249630_3106249631_J60_J61_#5more': 21}, 
4840.0, {'J10': np.float32(-0.0), 'J11': np.float32(-0.0), 'J12': np.float32(-1.2210916), 'J13': np.float32(-0.0), 'cluster3106249630_3106249631_J60_J61_#5more': np.float32(-0.38852915)}, {'J10': 0, 'J11': 1, 'J12': 18, 'J13': 0, 'cluster3106249630_3106249631_J60_J61_#5more': 21}, {'J10': 0, 'J11': 1, 'J12': 66, 'J13': 0, 'cluster3106249630_3106249631_J60_J61_#5more': 21}, 
4845.0, {'J10': np.float32(-0.0), 'J11': np.float32(-0.009250694), 'J12': np.float32(-1.2488437), 'J13': np.float32(-0.0), 'cluster3106249630_3106249631_J60_J61_#5more': np.float32(-0.38852915)}, {'J10': 0, 'J11': 2, 'J12': 18, 'J13': 0, 'cluster3106249630_3106249631_J60_J61_#5more': 21}, {'J10': 0, 'J11': 2, 'J12': 72, 'J13': 0, 'cluster3106249630_3106249631_J60_J61_#5more': 21}, 
4850.0, {'J10': np.float32(-0.0), 'J11': np.float32(-0.010175764), 'J12': np.float32(-1.3561517), 'J13': np.float32(-0.0), 'cluster3106249630_3106249631_J60_J61_#5more': np.float32(-0.38852915)}, {'J10': 0, 'J11': 1, 'J12': 18, 'J13': 0, 'cluster3106249630_3106249631_J60_J61_#5more': 21}, {'J10': 0, 'J11': 1, 'J12': 75, 'J13': 0, 'cluster3106249630_3106249631_J60_J61_#5more': 21}, 
4855.0, {'J10': np.float32(-0.0), 'J11': np.float32(-0.024051804), 'J12': np.float32(-0.107308045), 'J13': np.float32(-0.0), 'cluster3106249630_3106249631_J60_J61_#5more': np.float32(-0.38852915)}, {'J10': 0, 'J11': 2, 'J12': 18, 'J13': 0, 'cluster3106249630_3106249631_J60_J61_#5more': 21}, {'J10': 0, 'J11': 2, 'J12': 74, 'J13': 0, 'cluster3106249630_3106249631_J60_J61_#5more': 21}, 
4860.0, {'J10': np.float32(-0.0), 'J11': np.float32(-0.037002776), 'J12': np.float32(-1.3691027), 'J13': np.float32(-0.0), 'cluster3106249630_3106249631_J60_J61_#5more': np.float32(-0.38852915)}, {'J10': 0, 'J11': 2, 'J12': 18, 'J13': 0, 'cluster3106249630_3106249631_J60_J61_#5more': 21}, {'J10': 0, 'J11': 2, 'J12': 74, 'J13': 0, 'cluster3106249630_3106249631_J60_J61_#5more': 21}, 
4865.0, {'J10': np.float32(-0.0), 'J11': np.float32(-0.037002776), 'J12': np.float32(-1.3691027), 'J13': np.float32(-0.0), 'cluster3106249630_3106249631_J60_J61_#5more': np.float32(-0.38852915)}, {'J10': 0, 'J11': 2, 'J12': 18, 'J13': 0, 'cluster3106249630_3106249631_J60_J61_#5more': 21}, {'J10': 0, 'J11': 2, 'J12': 74, 'J13': 0, 'cluster3106249630_3106249631_J60_J61_#5more': 21}, 
4870.0, {'J10': np.float32(-0.0), 'J11': np.float32(-0.037002776), 'J12': np.float32(0.9833487), 'J13': np.float32(-0.0), 'cluster3106249630_3106249631_J60_J61_#5more': np.float32(-0.38852915)}, {'J10': 0, 'J11': 2, 'J12': 18, 'J13': 0, 'cluster3106249630_3106249631_J60_J61_#5more': 21}, {'J10': 0, 'J11': 2, 'J12': 72, 'J13': 0, 'cluster3106249630_3106249631_J60_J61_#5more': 21}, 
4875.0, {'J10': np.float32(-0.0), 'J11': np.float32(-0.037002776), 'J12': np.float32(1.5790935), 'J13': np.float32(-0.0), 'cluster3106249630_3106249631_J60_J61_#5more': np.float32(-0.38852915)}, {'J10': 0, 'J11': 2, 'J12': 18, 'J13': 0, 'cluster3106249630_3106249631_J60_J61_#5more': 21}, {'J10': 0, 'J11': 2, 'J12': 71, 'J13': 0, 'cluster3106249630_3106249631_J60_J61_#5more': 21}, 
4880.0, {'J10': np.float32(-0.0), 'J11': np.float32(-0.037002776), 'J12': np.float32(-0.28862163), 'J13': np.float32(-0.0), 'cluster3106249630_3106249631_J60_J61_#5more': np.float32(-0.38852915)}, {'J10': 0, 'J11': 2, 'J12': 17, 'J13': 0, 'cluster3106249630_3106249631_J60_J61_#5more': 21}, {'J10': 0, 'J11': 2, 'J12': 70, 'J13': 0, 'cluster3106249630_3106249631_J60_J61_#5more': 21}, 
4885.0, {'J10': np.float32(-0.0), 'J11': np.float32(-0.037002776), 'J12': np.float32(-0.23959297), 'J13': np.float32(-0.0), 'cluster3106249630_3106249631_J60_J61_#5more': np.float32(-0.38852915)}, {'J10': 0, 'J11': 2, 'J12': 16, 'J13': 0, 'cluster3106249630_3106249631_J60_J61_#5more': 21}, {'J10': 0, 'J11': 2, 'J12': 69, 'J13': 0, 'cluster3106249630_3106249631_J60_J61_#5more': 21}, 
4890.0, {'J10': np.float32(-0.0), 'J11': np.float32(-0.037002776), 'J12': np.float32(-0.16836263), 'J13': np.float32(-0.0), 'cluster3106249630_3106249631_J60_J61_#5more': np.float32(-0.38852915)}, {'J10': 0, 'J11': 2, 'J12': 16, 'J13': 0, 'cluster3106249630_3106249631_J60_J61_#5more': 21}, {'J10': 0, 'J11': 2, 'J12': 70, 'J13': 0, 'cluster3106249630_3106249631_J60_J61_#5more': 21}, 
4895.0, {'J10': np.float32(-0.0), 'J11': np.float32(-0.037002776), 'J12': np.float32(1.1526364), 'J13': np.float32(-0.0), 'cluster3106249630_3106249631_J60_J61_#5more': np.float32(-0.38852915)}, {'J10': 0, 'J11': 2, 'J12': 16, 'J13': 0, 'cluster3106249630_3106249631_J60_J61_#5more': 21}, {'J10': 0, 'J11': 2, 'J12': 68, 'J13': 0, 'cluster3106249630_3106249631_J60_J61_#5more': 21}, 
4900.0, {'J10': np.float32(-0.0), 'J11': np.float32(-0.037002776), 'J12': np.float32(0.024976874), 'J13': np.float32(-0.0), 'cluster3106249630_3106249631_J60_J61_#5more': np.float32(-0.38852915)}, {'J10': 0, 'J11': 2, 'J12': 16, 'J13': 0, 'cluster3106249630_3106249631_J60_J61_#5more': 21}, {'J10': 0, 'J11': 2, 'J12': 67, 'J13': 0, 'cluster3106249630_3106249631_J60_J61_#5more': 21}, 
4905.0, {'J10': np.float32(-0.0), 'J11': np.float32(0.18963923), 'J12': np.float32(-1.239593), 'J13': np.float32(-0.0), 'cluster3106249630_3106249631_J60_J61_#5more': np.float32(-0.38852915)}, {'J10': 0, 'J11': 1, 'J12': 16, 'J13': 0, 'cluster3106249630_3106249631_J60_J61_#5more': 21}, {'J10': 0, 'J11': 1, 'J12': 67, 'J13': 0, 'cluster3106249630_3106249631_J60_J61_#5more': 21}, 
4910.0, {'J10': np.float32(-0.0), 'J11': np.float32(-0.025901943), 'J12': np.float32(-1.2469935), 'J13': np.float32(-0.0), 'cluster3106249630_3106249631_J60_J61_#5more': np.float32(-0.38852915)}, {'J10': 0, 'J11': 2, 'J12': 16, 'J13': 0, 'cluster3106249630_3106249631_J60_J61_#5more': 21}, {'J10': 0, 'J11': 2, 'J12': 69, 'J13': 0, 'cluster3106249630_3106249631_J60_J61_#5more': 21}, 
4915.0, {'J10': np.float32(-0.0), 'J11': np.float32(0.19056429), 'J12': np.float32(-1.2858465), 'J13': np.float32(-0.0), 'cluster3106249630_3106249631_J60_J61_#5more': np.float32(-0.38852915)}, {'J10': 0, 'J11': 1, 'J12': 17, 'J13': 0, 'cluster3106249630_3106249631_J60_J61_#5more': 21}, {'J10': 0, 'J11': 1, 'J12': 70, 'J13': 0, 'cluster3106249630_3106249631_J60_J61_#5more': 21}, 
4920.0, {'J10': np.float32(-0.0), 'J11': np.float32(-0.023126734), 'J12': np.float32(-0.48843664), 'J13': np.float32(-0.0), 'cluster3106249630_3106249631_J60_J61_#5more': np.float32(-0.38852915)}, {'J10': 0, 'J11': 2, 'J12': 17, 'J13': 0, 'cluster3106249630_3106249631_J60_J61_#5more': 21}, {'J10': 0, 'J11': 2, 'J12': 71, 'J13': 0, 'cluster3106249630_3106249631_J60_J61_#5more': 21}, 
4925.0, {'J10': np.float32(-0.0), 'J11': np.float32(-0.037002776), 'J12': np.float32(-0.47918594), 'J13': np.float32(-0.0), 'cluster3106249630_3106249631_J60_J61_#5more': np.float32(-0.38852915)}, {'J10': 0, 'J11': 2, 'J12': 17, 'J13': 0, 'cluster3106249630_3106249631_J60_J61_#5more': 21}, {'J10': 0, 'J11': 2, 'J12': 70, 'J13': 0, 'cluster3106249630_3106249631_J60_J61_#5more': 21}, 
4930.0, {'J10': np.float32(-0.0), 'J11': np.float32(-0.037002776), 'J12': np.float32(-1.2950971), 'J13': np.float32(-0.0), 'cluster3106249630_3106249631_J60_J61_#5more': np.float32(-0.38945422)}, {'J10': 0, 'J11': 2, 'J12': 17, 'J13': 0, 'cluster3106249630_3106249631_J60_J61_#5more': 22}, {'J10': 0, 'J11': 2, 'J12': 70, 'J13': 0, 'cluster3106249630_3106249631_J60_J61_#5more': 22}, 
4935.0, {'J10': np.float32(-0.0), 'J11': np.float32(-0.037002776), 'J12': np.float32(-1.2950971), 'J13': np.float32(-0.0), 'cluster3106249630_3106249631_J60_J61_#5more': np.float32(-0.40703052)}, {'J10': 0, 'J11': 2, 'J12': 17, 'J13': 0, 'cluster3106249630_3106249631_J60_J61_#5more': 22}, {'J10': 0, 'J11': 2, 'J12': 70, 'J13': 0, 'cluster3106249630_3106249631_J60_J61_#5more': 22}, 
4940.0, {'J10': np.float32(-0.0), 'J11': np.float32(-0.037002776), 'J12': np.float32(-1.2997224), 'J13': np.float32(-0.0), 'cluster3106249630_3106249631_J60_J61_#5more': np.float32(-0.40703052)}, {'J10': 0, 'J11': 2, 'J12': 17, 'J13': 0, 'cluster3106249630_3106249631_J60_J61_#5more': 22}, {'J10': 0, 'J11': 2, 'J12': 72, 'J13': 0, 'cluster3106249630_3106249631_J60_J61_#5more': 22}, 
4945.0, {'J10': np.float32(-0.0), 'J11': np.float32(0.099907495), 'J12': np.float32(-1.3320999), 'J13': np.float32(-0.0), 'cluster3106249630_3106249631_J60_J61_#5more': np.float32(-0.40703052)}, {'J10': 0, 'J11': 1, 'J12': 17, 'J13': 0, 'cluster3106249630_3106249631_J60_J61_#5more': 22}, {'J10': 0, 'J11': 1, 'J12': 72, 'J13': 0, 'cluster3106249630_3106249631_J60_J61_#5more': 22}, 
4950.0, {'J10': np.float32(-0.0), 'J11': np.float32(-0.023126734), 'J12': np.float32(-1.3320999), 'J13': np.float32(-0.0), 'cluster3106249630_3106249631_J60_J61_#5more': np.float32(-0.40703052)}, {'J10': 0, 'J11': 2, 'J12': 17, 'J13': 0, 'cluster3106249630_3106249631_J60_J61_#5more': 22}, {'J10': 0, 'J11': 2, 'J12': 72, 'J13': 0, 'cluster3106249630_3106249631_J60_J61_#5more': 22}, 
4955.0, {'J10': np.float32(-0.0), 'J11': np.float32(-0.037002776), 'J12': np.float32(-1.3320999), 'J13': np.float32(-0.0), 'cluster3106249630_3106249631_J60_J61_#5more': np.float32(-0.40703052)}, {'J10': 0, 'J11': 2, 'J12': 17, 'J13': 0, 'cluster3106249630_3106249631_J60_J61_#5more': 22}, {'J10': 0, 'J11': 2, 'J12': 72, 'J13': 0, 'cluster3106249630_3106249631_J60_J61_#5more': 22}, 
4960.0, {'J10': np.float32(-0.0), 'J11': np.float32(0.115633674), 'J12': np.float32(2.945421), 'J13': np.float32(-0.0), 'cluster3106249630_3106249631_J60_J61_#5more': np.float32(-0.40703052)}, {'J10': 0, 'J11': 1, 'J12': 17, 'J13': 0, 'cluster3106249630_3106249631_J60_J61_#5more': 22}, {'J10': 0, 'J11': 1, 'J12': 68, 'J13': 0, 'cluster3106249630_3106249631_J60_J61_#5more': 22}, 
4965.0, {'J10': np.float32(-0.0), 'J11': np.float32(0.037927844), 'J12': np.float32(-1.2580943), 'J13': np.float32(-0.0), 'cluster3106249630_3106249631_J60_J61_#5more': np.float32(-0.40703052)}, {'J10': 0, 'J11': 1, 'J12': 17, 'J13': 0, 'cluster3106249630_3106249631_J60_J61_#5more': 22}, {'J10': 0, 'J11': 1, 'J12': 68, 'J13': 0, 'cluster3106249630_3106249631_J60_J61_#5more': 22}, 
4970.0, {'J10': np.float32(-0.0), 'J11': np.float32(0.0037002775), 'J12': np.float32(-0.23219241), 'J13': np.float32(-0.0), 'cluster3106249630_3106249631_J60_J61_#5more': np.float32(-0.40703052)}, {'J10': 0, 'J11': 0, 'J12': 17, 'J13': 0, 'cluster3106249630_3106249631_J60_J61_#5more': 22}, {'J10': 0, 'J11': 0, 'J12': 67, 'J13': 0, 'cluster3106249630_3106249631_J60_J61_#5more': 22}, 
4975.0, {'J10': np.float32(-0.0), 'J11': np.float32(-0.0138760405), 'J12': np.float32(1.1480111), 'J13': np.float32(-0.0), 'cluster3106249630_3106249631_J60_J61_#5more': np.float32(-0.40703052)}, {'J10': 0, 'J11': 2, 'J12': 17, 'J13': 0, 'cluster3106249630_3106249631_J60_J61_#5more': 22}, {'J10': 0, 'J11': 2, 'J12': 64, 'J13': 0, 'cluster3106249630_3106249631_J60_J61_#5more': 22}, 
4980.0, {'J10': np.float32(-0.0), 'J11': np.float32(-0.037002776), 'J12': np.float32(-1.1896392), 'J13': np.float32(-0.0), 'cluster3106249630_3106249631_J60_J61_#5more': np.float32(-0.40703052)}, {'J10': 0, 'J11': 2, 'J12': 17, 'J13': 0, 'cluster3106249630_3106249631_J60_J61_#5more': 22}, {'J10': 0, 'J11': 2, 'J12': 66, 'J13': 0, 'cluster3106249630_3106249631_J60_J61_#5more': 22}, 
4985.0, {'J10': np.float32(-0.0), 'J11': np.float32(-0.037002776), 'J12': np.float32(-1.2331175), 'J13': np.float32(-0.0), 'cluster3106249630_3106249631_J60_J61_#5more': np.float32(-0.40703052)}, {'J10': 0, 'J11': 2, 'J12': 17, 'J13': 0, 'cluster3106249630_3106249631_J60_J61_#5more': 22}, {'J10': 0, 'J11': 2, 'J12': 70, 'J13': 0, 'cluster3106249630_3106249631_J60_J61_#5more': 22}, 
4990.0, {'J10': np.float32(-0.0), 'J11': np.float32(-0.037002776), 'J12': np.float32(1.1757631), 'J13': np.float32(-0.0), 'cluster3106249630_3106249631_J60_J61_#5more': np.float32(-0.4144311)}, {'J10': 0, 'J11': 2, 'J12': 17, 'J13': 0, 'cluster3106249630_3106249631_J60_J61_#5more': 23}, {'J10': 0, 'J11': 2, 'J12': 68, 'J13': 0, 'cluster3106249630_3106249631_J60_J61_#5more': 23}, 
4995.0, {'J10': np.float32(-0.0), 'J11': np.float32(-0.037002776), 'J12': np.float32(0.05920444), 'J13': np.float32(-0.0), 'cluster3106249630_3106249631_J60_J61_#5more': np.float32(-0.42553192)}, {'J10': 0, 'J11': 2, 'J12': 17, 'J13': 0, 'cluster3106249630_3106249631_J60_J61_#5more': 23}, {'J10': 0, 'J11': 2, 'J12': 67, 'J13': 0, 'cluster3106249630_3106249631_J60_J61_#5more': 23}, 
5000.0, {'J10': np.float32(-0.0), 'J11': np.float32(-0.037002776), 'J12': np.float32(-1.2460685), 'J13': np.float32(-0.0), 'cluster3106249630_3106249631_J60_J61_#5more': np.float32(-0.42553192)}, {'J10': 0, 'J11': 2, 'J12': 17, 'J13': 0, 'cluster3106249630_3106249631_J60_J61_#5more': 23}, {'J10': 0, 'J11': 2, 'J12': 68, 'J13': 0, 'cluster3106249630_3106249631_J60_J61_#5more': 23}, 
5005.0, {'J10': np.float32(-0.0), 'J11': np.float32(-0.037002776), 'J12': np.float32(1.1794635), 'J13': np.float32(-0.0), 'cluster3106249630_3106249631_J60_J61_#5more': np.float32(-0.42553192)}, {'J10': 0, 'J11': 2, 'J12': 15, 'J13': 0, 'cluster3106249630_3106249631_J60_J61_#5more': 23}, {'J10': 0, 'J11': 2, 'J12': 67, 'J13': 0, 'cluster3106249630_3106249631_J60_J61_#5more': 23}, 
5010.0, {'J10': np.float32(-0.0), 'J11': np.float32(-0.037002776), 'J12': np.float32(0.5041628), 'J13': np.float32(-0.0), 'cluster3106249630_3106249631_J60_J61_#5more': np.float32(-0.42553192)}, {'J10': 0, 'J11': 2, 'J12': 14, 'J13': 0, 'cluster3106249630_3106249631_J60_J61_#5more': 23}, {'J10': 0, 'J11': 2, 'J12': 65, 'J13': 0, 'cluster3106249630_3106249631_J60_J61_#5more': 23}, 
5015.0, {'J10': np.float32(-0.0), 'J11': np.float32(-0.037002776), 'J12': np.float32(1.2599444), 'J13': np.float32(-0.0), 'cluster3106249630_3106249631_J60_J61_#5more': np.float32(-0.42553192)}, {'J10': 0, 'J11': 2, 'J12': 14, 'J13': 0, 'cluster3106249630_3106249631_J60_J61_#5more': 23}, {'J10': 0, 'J11': 2, 'J12': 64, 'J13': 0, 'cluster3106249630_3106249631_J60_J61_#5more': 23}, 
5020.0, {'J10': np.float32(-0.0), 'J11': np.float32(-0.037002776), 'J12': np.float32(2.8825161), 'J13': np.float32(-0.0), 'cluster3106249630_3106249631_J60_J61_#5more': np.float32(-0.42553192)}, {'J10': 0, 'J11': 2, 'J12': 14, 'J13': 0, 'cluster3106249630_3106249631_J60_J61_#5more': 23}, {'J10': 0, 'J11': 2, 'J12': 61, 'J13': 0, 'cluster3106249630_3106249631_J60_J61_#5more': 23}, 
5025.0, {'J10': np.float32(-0.0), 'J11': np.float32(-0.037002776), 'J12': np.float32(3.0), 'J13': np.float32(-0.0), 'cluster3106249630_3106249631_J60_J61_#5more': np.float32(-0.42553192)}, {'J10': 0, 'J11': 2, 'J12': 14, 'J13': 0, 'cluster3106249630_3106249631_J60_J61_#5more': 23}, {'J10': 0, 'J11': 2, 'J12': 55, 'J13': 0, 'cluster3106249630_3106249631_J60_J61_#5more': 23}, 
5030.0, {'J10': np.float32(-0.0), 'J11': np.float32(-0.037002776), 'J12': np.float32(2.4421833), 'J13': np.float32(-0.0), 'cluster3106249630_3106249631_J60_J61_#5more': np.float32(-0.42553192)}, {'J10': 0, 'J11': 2, 'J12': 14, 'J13': 0, 'cluster3106249630_3106249631_J60_J61_#5more': 23}, {'J10': 0, 'J11': 2, 'J12': 50, 'J13': 0, 'cluster3106249630_3106249631_J60_J61_#5more': 23}, 
5035.0, {'J10': np.float32(-0.0), 'J11': np.float32(0.19426458), 'J12': np.float32(-0.9250694), 'J13': np.float32(-0.0), 'cluster3106249630_3106249631_J60_J61_#5more': np.float32(-0.42553192)}, {'J10': 0, 'J11': 1, 'J12': 14, 'J13': 0, 'cluster3106249630_3106249631_J60_J61_#5more': 23}, {'J10': 0, 'J11': 1, 'J12': 50, 'J13': 0, 'cluster3106249630_3106249631_J60_J61_#5more': 23}, 
5040.0, {'J10': np.float32(-0.0), 'J11': np.float32(0.22294173), 'J12': np.float32(1.0740056), 'J13': np.float32(-0.0), 'cluster3106249630_3106249631_J60_J61_#5more': np.float32(-0.42553192)}, {'J10': 0, 'J11': 1, 'J12': 12, 'J13': 0, 'cluster3106249630_3106249631_J60_J61_#5more': 23}, {'J10': 0, 'J11': 1, 'J12': 52, 'J13': 0, 'cluster3106249630_3106249631_J60_J61_#5more': 23}, 
5045.0, {'J10': np.float32(-0.0), 'J11': np.float32(-0.026827011), 'J12': np.float32(1.4218316), 'J13': np.float32(-0.0), 'cluster3106249630_3106249631_J60_J61_#5more': np.float32(-0.42923218)}, {'J10': 0, 'J11': 2, 'J12': 12, 'J13': 0, 'cluster3106249630_3106249631_J60_J61_#5more': 24}, {'J10': 0, 'J11': 2, 'J12': 52, 'J13': 0, 'cluster3106249630_3106249631_J60_J61_#5more': 24}, 
5050.0, {'J10': np.float32(-0.0), 'J11': np.float32(-0.037002776), 'J12': np.float32(-0.9629972), 'J13': np.float32(-0.0), 'cluster3106249630_3106249631_J60_J61_#5more': np.float32(-0.4440333)}, {'J10': 0, 'J11': 2, 'J12': 12, 'J13': 0, 'cluster3106249630_3106249631_J60_J61_#5more': 24}, {'J10': 0, 'J11': 2, 'J12': 53, 'J13': 0, 'cluster3106249630_3106249631_J60_J61_#5more': 24}, 
5055.0, {'J10': np.float32(-0.0), 'J11': np.float32(0.022201665), 'J12': np.float32(0.44495836), 'J13': np.float32(-0.0), 'cluster3106249630_3106249631_J60_J61_#5more': np.float32(-0.4440333)}, {'J10': 0, 'J11': 1, 'J12': 12, 'J13': 0, 'cluster3106249630_3106249631_J60_J61_#5more': 24}, {'J10': 0, 'J11': 1, 'J12': 56, 'J13': 0, 'cluster3106249630_3106249631_J60_J61_#5more': 24}, 
5060.0, {'J10': np.float32(-0.0), 'J11': np.float32(0.041628122), 'J12': np.float32(0.65957445), 'J13': np.float32(-0.0), 'cluster3106249630_3106249631_J60_J61_#5more': np.float32(-0.4440333)}, {'J10': 0, 'J11': 1, 'J12': 14, 'J13': 0, 'cluster3106249630_3106249631_J60_J61_#5more': 24}, {'J10': 0, 'J11': 1, 'J12': 58, 'J13': 0, 'cluster3106249630_3106249631_J60_J61_#5more': 24}, 
5065.0, {'J10': np.float32(-0.0), 'J11': np.float32(-0.026827011), 'J12': np.float32(-1.0888066), 'J13': np.float32(-0.0), 'cluster3106249630_3106249631_J60_J61_#5more': np.float32(-0.4440333)}, {'J10': 0, 'J11': 2, 'J12': 14, 'J13': 0, 'cluster3106249630_3106249631_J60_J61_#5more': 24}, {'J10': 0, 'J11': 2, 'J12': 62, 'J13': 0, 'cluster3106249630_3106249631_J60_J61_#5more': 24}, 
5070.0, {'J10': np.float32(-0.0), 'J11': np.float32(0.0037002775), 'J12': np.float32(-0.026827011), 'J13': np.float32(-0.0), 'cluster3106249630_3106249631_J60_J61_#5more': np.float32(-0.4440333)}, {'J10': 0, 'J11': 1, 'J12': 14, 'J13': 0, 'cluster3106249630_3106249631_J60_J61_#5more': 24}, {'J10': 0, 'J11': 1, 'J12': 64, 'J13': 0, 'cluster3106249630_3106249631_J60_J61_#5more': 24}, 
5075.0, {'J10': np.float32(-0.0), 'J11': np.float32(0.023126734), 'J12': np.float32(-0.04255319), 'J13': np.float32(-0.0), 'cluster3106249630_3106249631_J60_J61_#5more': np.float32(-0.4440333)}, {'J10': 0, 'J11': 1, 'J12': 14, 'J13': 0, 'cluster3106249630_3106249631_J60_J61_#5more': 24}, {'J10': 0, 'J11': 1, 'J12': 64, 'J13': 0, 'cluster3106249630_3106249631_J60_J61_#5more': 24}, 
5080.0, {'J10': np.float32(-0.0), 'J11': np.float32(0.0037002775), 'J12': np.float32(-0.016651249), 'J13': np.float32(-0.0), 'cluster3106249630_3106249631_J60_J61_#5more': np.float32(3.0)}, {'J10': 0, 'J11': 0, 'J12': 14, 'J13': 0, 'cluster3106249630_3106249631_J60_J61_#5more': 22}, {'J10': 0, 'J11': 0, 'J12': 63, 'J13': 0, 'cluster3106249630_3106249631_J60_J61_#5more': 22}, 
5085.0, {'J10': np.float32(-0.0), 'J11': np.float32(-0.0037002775), 'J12': np.float32(-1.199815), 'J13': np.float32(-0.0), 'cluster3106249630_3106249631_J60_J61_#5more': np.float32(-0.04810361)}, {'J10': 0, 'J11': 1, 'J12': 18, 'J13': 0, 'cluster3106249630_3106249631_J60_J61_#5more': 21}, {'J10': 0, 'J11': 1, 'J12': 68, 'J13': 0, 'cluster3106249630_3106249631_J60_J61_#5more': 21}, 
5090.0, {'J10': np.float32(-0.0), 'J11': np.float32(-0.026827011), 'J12': np.float32(-0.29417205), 'J13': np.float32(-0.0), 'cluster3106249630_3106249631_J60_J61_#5more': np.float32(-0.38852915)}, {'J10': 0, 'J11': 2, 'J12': 17, 'J13': 0, 'cluster3106249630_3106249631_J60_J61_#5more': 21}, {'J10': 0, 'J11': 2, 'J12': 67, 'J13': 0, 'cluster3106249630_3106249631_J60_J61_#5more': 21}, 
5095.0, {'J10': np.float32(-0.0), 'J11': np.float32(0.0037002775), 'J12': np.float32(-1.040703), 'J13': np.float32(-0.0), 'cluster3106249630_3106249631_J60_J61_#5more': np.float32(-0.38852915)}, {'J10': 0, 'J11': 1, 'J12': 16, 'J13': 0, 'cluster3106249630_3106249631_J60_J61_#5more': 21}, {'J10': 0, 'J11': 1, 'J12': 68, 'J13': 0, 'cluster3106249630_3106249631_J60_J61_#5more': 21}, 
5100.0, {'J10': np.float32(-0.0), 'J11': np.float32(0.022201665), 'J12': np.float32(-1.2580943), 'J13': np.float32(-0.0), 'cluster3106249630_3106249631_J60_J61_#5more': np.float32(-0.38852915)}, {'J10': 0, 'J11': 1, 'J12': 16, 'J13': 0, 'cluster3106249630_3106249631_J60_J61_#5more': 21}, {'J10': 0, 'J11': 1, 'J12': 68, 'J13': 0, 'cluster3106249630_3106249631_J60_J61_#5more': 21}, 
5105.0, {'J10': np.float32(-0.0), 'J11': np.float32(0.004625347), 'J12': np.float32(-1.2580943), 'J13': np.float32(-0.0), 'cluster3106249630_3106249631_J60_J61_#5more': np.float32(3.0)}, {'J10': 0, 'J11': 0, 'J12': 16, 'J13': 0, 'cluster3106249630_3106249631_J60_J61_#5more': 20}, {'J10': 0, 'J11': 0, 'J12': 68, 'J13': 0, 'cluster3106249630_3106249631_J60_J61_#5more': 20}, 
5110.0, {'J10': np.float32(-0.0), 'J11': np.float32(-0.004625347), 'J12': np.float32(-1.2580943), 'J13': np.float32(-0.0), 'cluster3106249630_3106249631_J60_J61_#5more': np.float32(-0.37187788)}, {'J10': 0, 'J11': 1, 'J12': 16, 'J13': 0, 'cluster3106249630_3106249631_J60_J61_#5more': 21}, {'J10': 0, 'J11': 1, 'J12': 68, 'J13': 0, 'cluster3106249630_3106249631_J60_J61_#5more': 21}, 
5115.0, {'J10': np.float32(-0.0), 'J11': np.float32(0.0018501388), 'J12': np.float32(-1.2580943), 'J13': np.float32(-0.0), 'cluster3106249630_3106249631_J60_J61_#5more': np.float32(-0.38852915)}, {'J10': 0, 'J11': 1, 'J12': 16, 'J13': 0, 'cluster3106249630_3106249631_J60_J61_#5more': 21}, {'J10': 0, 'J11': 1, 'J12': 68, 'J13': 0, 'cluster3106249630_3106249631_J60_J61_#5more': 21}, 
5120.0, {'J10': np.float32(-0.0), 'J11': np.float32(-0.0009250694), 'J12': np.float32(-1.2580943), 'J13': np.float32(-0.0), 'cluster3106249630_3106249631_J60_J61_#5more': np.float32(-0.38852915)}, {'J10': 0, 'J11': 1, 'J12': 16, 'J13': 0, 'cluster3106249630_3106249631_J60_J61_#5more': 21}, {'J10': 0, 'J11': 1, 'J12': 68, 'J13': 0, 'cluster3106249630_3106249631_J60_J61_#5more': 21}, 
5125.0, {'J10': np.float32(-0.0), 'J11': np.float32(0.0037002775), 'J12': np.float32(-1.2673451), 'J13': np.float32(-0.0), 'cluster3106249630_3106249631_J60_J61_#5more': np.float32(-0.38852915)}, {'J10': 0, 'J11': 0, 'J12': 17, 'J13': 0, 'cluster3106249630_3106249631_J60_J61_#5more': 21}, {'J10': 0, 'J11': 0, 'J12': 69, 'J13': 0, 'cluster3106249630_3106249631_J60_J61_#5more': 21}, 
5130.0, {'J10': np.float32(-0.0), 'J11': np.float32(-0.0), 'J12': np.float32(-1.2765957), 'J13': np.float32(-0.0), 'cluster3106249630_3106249631_J60_J61_#5more': np.float32(-0.38852915)}, {'J10': 0, 'J11': 0, 'J12': 17, 'J13': 0, 'cluster3106249630_3106249631_J60_J61_#5more': 21}, {'J10': 0, 'J11': 0, 'J12': 69, 'J13': 0, 'cluster3106249630_3106249631_J60_J61_#5more': 21}, 
5135.0, {'J10': np.float32(-0.0), 'J11': np.float32(-0.0), 'J12': np.float32(-1.2821462), 'J13': np.float32(-0.0), 'cluster3106249630_3106249631_J60_J61_#5more': np.float32(-0.39685476)}, {'J10': 0, 'J11': 0, 'J12': 18, 'J13': 0, 'cluster3106249630_3106249631_J60_J61_#5more': 22}, {'J10': 0, 'J11': 0, 'J12': 70, 'J13': 0, 'cluster3106249630_3106249631_J60_J61_#5more': 22}, 
5140.0, {'J10': np.float32(-0.0), 'J11': np.float32(-0.002775208), 'J12': np.float32(0.095282145), 'J13': np.float32(-0.0), 'cluster3106249630_3106249631_J60_J61_#5more': np.float32(-0.40703052)}, {'J10': 0, 'J11': 1, 'J12': 18, 'J13': 0, 'cluster3106249630_3106249631_J60_J61_#5more': 22}, {'J10': 0, 'J11': 1, 'J12': 69, 'J13': 0, 'cluster3106249630_3106249631_J60_J61_#5more': 22}, 
5145.0, {'J10': np.float32(-0.0), 'J11': np.float32(-0.025901943), 'J12': np.float32(0.038852915), 'J13': np.float32(-0.0), 'cluster3106249630_3106249631_J60_J61_#5more': np.float32(-0.40703052)}, {'J10': 0, 'J11': 2, 'J12': 18, 'J13': 0, 'cluster3106249630_3106249631_J60_J61_#5more': 22}, {'J10': 0, 'J11': 2, 'J12': 68, 'J13': 0, 'cluster3106249630_3106249631_J60_J61_#5more': 22}, 
5150.0, {'J10': np.float32(-0.0), 'J11': np.float32(0.002775208), 'J12': np.float32(-1.2580943), 'J13': np.float32(-0.0), 'cluster3106249630_3106249631_J60_J61_#5more': np.float32(-0.41165587)}, {'J10': 0, 'J11': 1, 'J12': 18, 'J13': 0, 'cluster3106249630_3106249631_J60_J61_#5more': 23}, {'J10': 0, 'J11': 1, 'J12': 68, 'J13': 0, 'cluster3106249630_3106249631_J60_J61_#5more': 23}, 
5155.0, {'J10': np.float32(-0.0), 'J11': np.float32(-0.023126734), 'J12': np.float32(-1.2580943), 'J13': np.float32(-0.0), 'cluster3106249630_3106249631_J60_J61_#5more': np.float32(-0.42553192)}, {'J10': 0, 'J11': 2, 'J12': 18, 'J13': 0, 'cluster3106249630_3106249631_J60_J61_#5more': 23}, {'J10': 0, 'J11': 2, 'J12': 68, 'J13': 0, 'cluster3106249630_3106249631_J60_J61_#5more': 23}, 
5160.0, {'J10': np.float32(-0.0), 'J11': np.float32(-0.037002776), 'J12': np.float32(-1.2627198), 'J13': np.float32(-0.0), 'cluster3106249630_3106249631_J60_J61_#5more': np.float32(-0.42553192)}, {'J10': 0, 'J11': 2, 'J12': 18, 'J13': 0, 'cluster3106249630_3106249631_J60_J61_#5more': 23}, {'J10': 0, 'J11': 2, 'J12': 70, 'J13': 0, 'cluster3106249630_3106249631_J60_J61_#5more': 23}, 
5165.0, {'J10': np.float32(-0.0), 'J11': np.float32(0.04440333), 'J12': np.float32(-1.2950971), 'J13': np.float32(-0.0), 'cluster3106249630_3106249631_J60_J61_#5more': np.float32(-0.42553192)}, {'J10': 0, 'J11': 1, 'J12': 18, 'J13': 0, 'cluster3106249630_3106249631_J60_J61_#5more': 23}, {'J10': 0, 'J11': 1, 'J12': 70, 'J13': 0, 'cluster3106249630_3106249631_J60_J61_#5more': 23}, 
5170.0, {'J10': np.float32(-0.0), 'J11': np.float32(-0.023126734), 'J12': np.float32(-1.2950971), 'J13': np.float32(-0.0), 'cluster3106249630_3106249631_J60_J61_#5more': np.float32(-0.42553192)}, {'J10': 0, 'J11': 2, 'J12': 18, 'J13': 0, 'cluster3106249630_3106249631_J60_J61_#5more': 23}, {'J10': 0, 'J11': 2, 'J12': 70, 'J13': 0, 'cluster3106249630_3106249631_J60_J61_#5more': 23}, 
5175.0, {'J10': np.float32(-0.0), 'J11': np.float32(-0.037002776), 'J12': np.float32(-1.2950971), 'J13': np.float32(-0.0), 'cluster3106249630_3106249631_J60_J61_#5more': np.float32(-0.43108234)}, {'J10': 0, 'J11': 2, 'J12': 18, 'J13': 0, 'cluster3106249630_3106249631_J60_J61_#5more': 24}, {'J10': 0, 'J11': 2, 'J12': 70, 'J13': 0, 'cluster3106249630_3106249631_J60_J61_#5more': 24}, 
5180.0, {'J10': np.float32(-0.0), 'J11': np.float32(-0.037002776), 'J12': np.float32(-1.2950971), 'J13': np.float32(-0.0), 'cluster3106249630_3106249631_J60_J61_#5more': np.float32(-0.4440333)}, {'J10': 0, 'J11': 2, 'J12': 18, 'J13': 0, 'cluster3106249630_3106249631_J60_J61_#5more': 24}, {'J10': 0, 'J11': 2, 'J12': 70, 'J13': 0, 'cluster3106249630_3106249631_J60_J61_#5more': 24}, 
5185.0, {'J10': np.float32(-0.0), 'J11': np.float32(-0.037002776), 'J12': np.float32(-1.2950971), 'J13': np.float32(-0.0), 'cluster3106249630_3106249631_J60_J61_#5more': np.float32(-0.4440333)}, {'J10': 0, 'J11': 2, 'J12': 18, 'J13': 0, 'cluster3106249630_3106249631_J60_J61_#5more': 24}, {'J10': 0, 'J11': 2, 'J12': 70, 'J13': 0, 'cluster3106249630_3106249631_J60_J61_#5more': 24}, 
5190.0, {'J10': np.float32(-0.0), 'J11': np.float32(-0.037002776), 'J12': np.float32(-1.2950971), 'J13': np.float32(-0.0), 'cluster3106249630_3106249631_J60_J61_#5more': np.float32(-0.4440333)}, {'J10': 0, 'J11': 2, 'J12': 18, 'J13': 0, 'cluster3106249630_3106249631_J60_J61_#5more': 24}, {'J10': 0, 'J11': 2, 'J12': 70, 'J13': 0, 'cluster3106249630_3106249631_J60_J61_#5more': 24}, 
5195.0, {'J10': np.float32(-0.0), 'J11': np.float32(-0.037002776), 'J12': np.float32(0.09620722), 'J13': np.float32(-0.0), 'cluster3106249630_3106249631_J60_J61_#5more': np.float32(-0.4440333)}, {'J10': 0, 'J11': 2, 'J12': 18, 'J13': 0, 'cluster3106249630_3106249631_J60_J61_#5more': 24}, {'J10': 0, 'J11': 2, 'J12': 69, 'J13': 0, 'cluster3106249630_3106249631_J60_J61_#5more': 24}, 
5200.0, {'J10': np.float32(-0.0), 'J11': np.float32(-0.037002776), 'J12': np.float32(2.4310822), 'J13': np.float32(-0.0), 'cluster3106249630_3106249631_J60_J61_#5more': np.float32(-0.4440333)}, {'J10': 0, 'J11': 2, 'J12': 18, 'J13': 0, 'cluster3106249630_3106249631_J60_J61_#5more': 24}, {'J10': 0, 'J11': 2, 'J12': 66, 'J13': 0, 'cluster3106249630_3106249631_J60_J61_#5more': 24}, 
5205.0, {'J10': np.float32(-0.0), 'J11': np.float32(-0.037002776), 'J12': np.float32(1.9537466), 'J13': np.float32(-0.0), 'cluster3106249630_3106249631_J60_J61_#5more': np.float32(-0.45605922)}, {'J10': 0, 'J11': 2, 'J12': 18, 'J13': 0, 'cluster3106249630_3106249631_J60_J61_#5more': 26}, {'J10': 0, 'J11': 2, 'J12': 63, 'J13': 0, 'cluster3106249630_3106249631_J60_J61_#5more': 26}, 
5210.0, {'J10': np.float32(-0.0), 'J11': np.float32(-0.037002776), 'J12': np.float32(-0.16558743), 'J13': np.float32(-0.0), 'cluster3106249630_3106249631_J60_J61_#5more': np.float32(-0.48103607)}, {'J10': 0, 'J11': 2, 'J12': 18, 'J13': 0, 'cluster3106249630_3106249631_J60_J61_#5more': 26}, {'J10': 0, 'J11': 2, 'J12': 62, 'J13': 0, 'cluster3106249630_3106249631_J60_J61_#5more': 26}, 
5215.0, {'J10': np.float32(-0.0), 'J11': np.float32(-0.037002776), 'J12': np.float32(-1.147086), 'J13': np.float32(-0.0), 'cluster3106249630_3106249631_J60_J61_#5more': np.float32(-0.48103607)}, {'J10': 0, 'J11': 2, 'J12': 18, 'J13': 0, 'cluster3106249630_3106249631_J60_J61_#5more': 26}, {'J10': 0, 'J11': 2, 'J12': 62, 'J13': 0, 'cluster3106249630_3106249631_J60_J61_#5more': 26}, 
5220.0, {'J10': np.float32(-0.0), 'J11': np.float32(-0.037002776), 'J12': np.float32(3.0), 'J13': np.float32(-0.0), 'cluster3106249630_3106249631_J60_J61_#5more': np.float32(-0.48103607)}, {'J10': 0, 'J11': 2, 'J12': 18, 'J13': 0, 'cluster3106249630_3106249631_J60_J61_#5more': 26}, {'J10': 0, 'J11': 2, 'J12': 60, 'J13': 0, 'cluster3106249630_3106249631_J60_J61_#5more': 26}, 
5225.0, {'J10': np.float32(-0.0), 'J11': np.float32(-0.037002776), 'J12': np.float32(-1.1295097), 'J13': np.float32(-0.0), 'cluster3106249630_3106249631_J60_J61_#5more': np.float32(-0.49028677)}, {'J10': 0, 'J11': 2, 'J12': 18, 'J13': 0, 'cluster3106249630_3106249631_J60_J61_#5more': 27}, {'J10': 0, 'J11': 2, 'J12': 65, 'J13': 0, 'cluster3106249630_3106249631_J60_J61_#5more': 27}, 
5230.0, {'J10': np.float32(-0.0), 'J11': np.float32(-0.037002776), 'J12': np.float32(-1.2275671), 'J13': np.float32(-0.0), 'cluster3106249630_3106249631_J60_J61_#5more': np.float32(-0.49953747)}, {'J10': 0, 'J11': 2, 'J12': 18, 'J13': 0, 'cluster3106249630_3106249631_J60_J61_#5more': 27}, {'J10': 0, 'J11': 2, 'J12': 68, 'J13': 0, 'cluster3106249630_3106249631_J60_J61_#5more': 27}, 
5235.0, {'J10': np.float32(-0.0), 'J11': np.float32(-0.038852915), 'J12': np.float32(0.0693802), 'J13': np.float32(-0.0), 'cluster3106249630_3106249631_J60_J61_#5more': np.float32(-0.49953747)}, {'J10': 0, 'J11': 2, 'J12': 18, 'J13': 0, 'cluster3106249630_3106249631_J60_J61_#5more': 27}, {'J10': 0, 'J11': 3, 'J12': 68, 'J13': 0, 'cluster3106249630_3106249631_J60_J61_#5more': 27}, 
5240.0, {'J10': np.float32(-0.0), 'J11': np.float32(-0.035152636), 'J12': np.float32(-0.066604994), 'J13': np.float32(-0.0), 'cluster3106249630_3106249631_J60_J61_#5more': np.float32(-0.49953747)}, {'J10': 0, 'J11': 2, 'J12': 18, 'J13': 0, 'cluster3106249630_3106249631_J60_J61_#5more': 27}, {'J10': 0, 'J11': 2, 'J12': 67, 'J13': 0, 'cluster3106249630_3106249631_J60_J61_#5more': 27}, 
5245.0, {'J10': np.float32(-0.0), 'J11': np.float32(-0.037002776), 'J12': np.float32(-1.239593), 'J13': np.float32(-0.0), 'cluster3106249630_3106249631_J60_J61_#5more': np.float32(-0.49953747)}, {'J10': 0, 'J11': 2, 'J12': 18, 'J13': 0, 'cluster3106249630_3106249631_J60_J61_#5more': 27}, {'J10': 0, 'J11': 2, 'J12': 67, 'J13': 0, 'cluster3106249630_3106249631_J60_J61_#5more': 27}, 
5250.0, {'J10': np.float32(-0.0), 'J11': np.float32(-0.037002776), 'J12': np.float32(-1.239593), 'J13': np.float32(-0.0), 'cluster3106249630_3106249631_J60_J61_#5more': np.float32(-0.49953747)}, {'J10': 0, 'J11': 2, 'J12': 18, 'J13': 0, 'cluster3106249630_3106249631_J60_J61_#5more': 27}, {'J10': 0, 'J11': 2, 'J12': 67, 'J13': 0, 'cluster3106249630_3106249631_J60_J61_#5more': 27}, 
5255.0, {'J10': np.float32(-0.0), 'J11': np.float32(-0.037002776), 'J12': np.float32(-0.46160963), 'J13': np.float32(-0.0), 'cluster3106249630_3106249631_J60_J61_#5more': np.float32(3.0)}, {'J10': 0, 'J11': 2, 'J12': 17, 'J13': 0, 'cluster3106249630_3106249631_J60_J61_#5more': 25}, {'J10': 0, 'J11': 2, 'J12': 66, 'J13': 0, 'cluster3106249630_3106249631_J60_J61_#5more': 25}, 
5260.0, {'J10': np.float32(-0.0), 'J11': np.float32(-0.037002776), 'J12': np.float32(1.5772433), 'J13': np.float32(-0.0), 'cluster3106249630_3106249631_J60_J61_#5more': np.float32(-0.4625347)}, {'J10': 0, 'J11': 2, 'J12': 16, 'J13': 0, 'cluster3106249630_3106249631_J60_J61_#5more': 25}, {'J10': 0, 'J11': 2, 'J12': 65, 'J13': 0, 'cluster3106249630_3106249631_J60_J61_#5more': 25}, 
5265.0, {'J10': np.float32(-0.0), 'J11': np.float32(-0.037002776), 'J12': np.float32(-1.2072155), 'J13': np.float32(-0.0), 'cluster3106249630_3106249631_J60_J61_#5more': np.float32(-0.4625347)}, {'J10': 0, 'J11': 2, 'J12': 17, 'J13': 0, 'cluster3106249630_3106249631_J60_J61_#5more': 25}, {'J10': 0, 'J11': 2, 'J12': 66, 'J13': 0, 'cluster3106249630_3106249631_J60_J61_#5more': 25}, 
5270.0, {'J10': np.float32(-0.0), 'J11': np.float32(-0.037002776), 'J12': np.float32(-1.2238668), 'J13': np.float32(-0.0), 'cluster3106249630_3106249631_J60_J61_#5more': np.float32(-0.4625347)}, {'J10': 0, 'J11': 2, 'J12': 17, 'J13': 0, 'cluster3106249630_3106249631_J60_J61_#5more': 25}, {'J10': 0, 'J11': 2, 'J12': 68, 'J13': 0, 'cluster3106249630_3106249631_J60_J61_#5more': 25}, 
5275.0, {'J10': np.float32(-0.0), 'J11': np.float32(-0.037002776), 'J12': np.float32(1.7511563), 'J13': np.float32(-0.0), 'cluster3106249630_3106249631_J60_J61_#5more': np.float32(-0.4625347)}, {'J10': 0, 'J11': 2, 'J12': 15, 'J13': 0, 'cluster3106249630_3106249631_J60_J61_#5more': 25}, {'J10': 0, 'J11': 2, 'J12': 65, 'J13': 0, 'cluster3106249630_3106249631_J60_J61_#5more': 25}, 
5280.0, {'J10': np.float32(-0.0), 'J11': np.float32(-0.037002776), 'J12': np.float32(-0.22016652), 'J13': np.float32(-0.0), 'cluster3106249630_3106249631_J60_J61_#5more': np.float32(-0.4625347)}, {'J10': 0, 'J11': 2, 'J12': 15, 'J13': 0, 'cluster3106249630_3106249631_J60_J61_#5more': 25}, {'J10': 0, 'J11': 2, 'J12': 64, 'J13': 0, 'cluster3106249630_3106249631_J60_J61_#5more': 25}, 
5285.0, {'J10': np.float32(-0.0), 'J11': np.float32(-0.037002776), 'J12': np.float32(0.22849214), 'J13': np.float32(-0.0), 'cluster3106249630_3106249631_J60_J61_#5more': np.float32(-0.4680851)}, {'J10': 0, 'J11': 2, 'J12': 15, 'J13': 0, 'cluster3106249630_3106249631_J60_J61_#5more': 26}, {'J10': 0, 'J11': 2, 'J12': 62, 'J13': 0, 'cluster3106249630_3106249631_J60_J61_#5more': 26}, 
5290.0, {'J10': np.float32(-0.0), 'J11': np.float32(-0.037002776), 'J12': np.float32(-0.23681776), 'J13': np.float32(-0.0), 'cluster3106249630_3106249631_J60_J61_#5more': np.float32(-0.49028677)}, {'J10': 0, 'J11': 2, 'J12': 14, 'J13': 0, 'cluster3106249630_3106249631_J60_J61_#5more': 27}, {'J10': 0, 'J11': 2, 'J12': 61, 'J13': 0, 'cluster3106249630_3106249631_J60_J61_#5more': 27}, 
5295.0, {'J10': np.float32(-0.0), 'J11': np.float32(0.48566142), 'J12': np.float32(-1.1369103), 'J13': np.float32(-0.0), 'cluster3106249630_3106249631_J60_J61_#5more': np.float32(-0.50508785)}, {'J10': 0, 'J11': 1, 'J12': 15, 'J13': 0, 'cluster3106249630_3106249631_J60_J61_#5more': 28}, {'J10': 0, 'J11': 1, 'J12': 62, 'J13': 0, 'cluster3106249630_3106249631_J60_J61_#5more': 28}, 
5300.0, {'J10': np.float32(-0.0), 'J11': np.float32(-0.023126734), 'J12': np.float32(-0.116558746), 'J13': np.float32(-0.0), 'cluster3106249630_3106249631_J60_J61_#5more': np.float32(-0.52358925)}, {'J10': 0, 'J11': 2, 'J12': 16, 'J13': 0, 'cluster3106249630_3106249631_J60_J61_#5more': 29}, {'J10': 0, 'J11': 2, 'J12': 64, 'J13': 0, 'cluster3106249630_3106249631_J60_J61_#5more': 29}, 
5305.0, {'J10': np.float32(-0.0), 'J11': np.float32(0.46716005), 'J12': np.float32(-1.2044404), 'J13': np.float32(-0.0), 'cluster3106249630_3106249631_J60_J61_#5more': np.float32(-0.53654027)}, {'J10': 0, 'J11': 1, 'J12': 18, 'J13': 0, 'cluster3106249630_3106249631_J60_J61_#5more': 29}, {'J10': 0, 'J11': 1, 'J12': 68, 'J13': 0, 'cluster3106249630_3106249631_J60_J61_#5more': 29}, 
5310.0, {'J10': np.float32(-0.0), 'J11': np.float32(-0.021276595), 'J12': np.float32(-0.34690103), 'J13': np.float32(-0.0), 'cluster3106249630_3106249631_J60_J61_#5more': np.float32(-0.53654027)}, {'J10': 0, 'J11': 2, 'J12': 18, 'J13': 0, 'cluster3106249630_3106249631_J60_J61_#5more': 29}, {'J10': 0, 'J11': 2, 'J12': 67, 'J13': 0, 'cluster3106249630_3106249631_J60_J61_#5more': 29}, 
5315.0, {'J10': np.float32(-0.0), 'J11': np.float32(-0.037002776), 'J12': np.float32(0.9639223), 'J13': np.float32(-0.0), 'cluster3106249630_3106249631_J60_J61_#5more': np.float32(-0.53654027)}, {'J10': 0, 'J11': 2, 'J12': 18, 'J13': 0, 'cluster3106249630_3106249631_J60_J61_#5more': 29}, {'J10': 0, 'J11': 2, 'J12': 65, 'J13': 0, 'cluster3106249630_3106249631_J60_J61_#5more': 29}, 
5320.0, {'J10': np.float32(-0.0), 'J11': np.float32(-0.037002776), 'J12': np.float32(0.9583719), 'J13': np.float32(-0.0), 'cluster3106249630_3106249631_J60_J61_#5more': np.float32(-0.53654027)}, {'J10': 0, 'J11': 2, 'J12': 18, 'J13': 0, 'cluster3106249630_3106249631_J60_J61_#5more': 29}, {'J10': 0, 'J11': 2, 'J12': 63, 'J13': 0, 'cluster3106249630_3106249631_J60_J61_#5more': 29}, 
5325.0, {'J10': np.float32(-0.0), 'J11': np.float32(-0.041628122), 'J12': np.float32(-1.1683626), 'J13': np.float32(-0.0), 'cluster3106249630_3106249631_J60_J61_#5more': np.float32(-0.53654027)}, {'J10': 0, 'J11': 2, 'J12': 18, 'J13': 0, 'cluster3106249630_3106249631_J60_J61_#5more': 29}, {'J10': 0, 'J11': 3, 'J12': 64, 'J13': 0, 'cluster3106249630_3106249631_J60_J61_#5more': 29}, 
5330.0, {'J10': np.float32(-0.0), 'J11': np.float32(0.06012951), 'J12': np.float32(2.8760407), 'J13': np.float32(-0.0), 'cluster3106249630_3106249631_J60_J61_#5more': np.float32(-0.53654027)}, {'J10': 0, 'J11': 1, 'J12': 15, 'J13': 0, 'cluster3106249630_3106249631_J60_J61_#5more': 29}, {'J10': 0, 'J11': 2, 'J12': 65, 'J13': 0, 'cluster3106249630_3106249631_J60_J61_#5more': 29}, 
5335.0, {'J10': np.float32(-0.0), 'J11': np.float32(0.09620722), 'J12': np.float32(-1.2210916), 'J13': np.float32(-0.0), 'cluster3106249630_3106249631_J60_J61_#5more': np.float32(-0.53654027)}, {'J10': 0, 'J11': 1, 'J12': 15, 'J13': 0, 'cluster3106249630_3106249631_J60_J61_#5more': 29}, {'J10': 0, 'J11': 1, 'J12': 67, 'J13': 0, 'cluster3106249630_3106249631_J60_J61_#5more': 29}, 
5340.0, {'J10': np.float32(-0.0), 'J11': np.float32(-0.026827011), 'J12': np.float32(-1.239593), 'J13': np.float32(-0.0), 'cluster3106249630_3106249631_J60_J61_#5more': np.float32(-0.53654027)}, {'J10': 0, 'J11': 2, 'J12': 15, 'J13': 0, 'cluster3106249630_3106249631_J60_J61_#5more': 29}, {'J10': 0, 'J11': 2, 'J12': 67, 'J13': 0, 'cluster3106249630_3106249631_J60_J61_#5more': 29}, 
5345.0, {'J10': np.float32(-0.0), 'J11': np.float32(-0.037002776), 'J12': np.float32(0.87974095), 'J13': np.float32(-0.0), 'cluster3106249630_3106249631_J60_J61_#5more': np.float32(-0.53654027)}, {'J10': 0, 'J11': 2, 'J12': 14, 'J13': 0, 'cluster3106249630_3106249631_J60_J61_#5more': 29}, {'J10': 0, 'J11': 2, 'J12': 65, 'J13': 0, 'cluster3106249630_3106249631_J60_J61_#5more': 29}, 
5350.0, {'J10': np.float32(-0.0), 'J11': np.float32(0.022201665), 'J12': np.float32(-1.2081406), 'J13': np.float32(-0.0), 'cluster3106249630_3106249631_J60_J61_#5more': np.float32(-0.53654027)}, {'J10': 0, 'J11': 1, 'J12': 14, 'J13': 0, 'cluster3106249630_3106249631_J60_J61_#5more': 29}, {'J10': 0, 'J11': 1, 'J12': 66, 'J13': 0, 'cluster3106249630_3106249631_J60_J61_#5more': 29}, 
5355.0, {'J10': np.float32(-0.0), 'J11': np.float32(0.038852915), 'J12': np.float32(-1.2220167), 'J13': np.float32(-0.0), 'cluster3106249630_3106249631_J60_J61_#5more': np.float32(-0.53746533)}, {'J10': 0, 'J11': 2, 'J12': 14, 'J13': 0, 'cluster3106249630_3106249631_J60_J61_#5more': 30}, {'J10': 0, 'J11': 2, 'J12': 67, 'J13': 0, 'cluster3106249630_3106249631_J60_J61_#5more': 30}, 
5360.0, {'J10': np.float32(-0.0), 'J11': np.float32(-0.012950972), 'J12': np.float32(3.0), 'J13': np.float32(-0.0), 'cluster3106249630_3106249631_J60_J61_#5more': np.float32(-0.5550416)}, {'J10': 0, 'J11': 1, 'J12': 15, 'J13': 0, 'cluster3106249630_3106249631_J60_J61_#5more': 30}, {'J10': 0, 'J11': 1, 'J12': 62, 'J13': 0, 'cluster3106249630_3106249631_J60_J61_#5more': 30}, 
5365.0, {'J10': np.float32(-0.0), 'J11': np.float32(0.015726179), 'J12': np.float32(-1.147086), 'J13': np.float32(-0.0), 'cluster3106249630_3106249631_J60_J61_#5more': np.float32(-0.5550416)}, {'J10': 0, 'J11': 1, 'J12': 15, 'J13': 0, 'cluster3106249630_3106249631_J60_J61_#5more': 30}, {'J10': 0, 'J11': 1, 'J12': 62, 'J13': 0, 'cluster3106249630_3106249631_J60_J61_#5more': 30}, 
5370.0, {'J10': np.float32(-0.0), 'J11': np.float32(-0.026827011), 'J12': np.float32(-1.1655874), 'J13': np.float32(-0.0), 'cluster3106249630_3106249631_J60_J61_#5more': np.float32(-0.5550416)}, {'J10': 0, 'J11': 2, 'J12': 15, 'J13': 0, 'cluster3106249630_3106249631_J60_J61_#5more': 30}, {'J10': 0, 'J11': 2, 'J12': 66, 'J13': 0, 'cluster3106249630_3106249631_J60_J61_#5more': 30}, 
5375.0, {'J10': np.float32(-0.0), 'J11': np.float32(0.0037002775), 'J12': np.float32(-0.08233117), 'J13': np.float32(-0.0), 'cluster3106249630_3106249631_J60_J61_#5more': np.float32(-0.5550416)}, {'J10': 0, 'J11': 1, 'J12': 15, 'J13': 0, 'cluster3106249630_3106249631_J60_J61_#5more': 30}, {'J10': 0, 'J11': 1, 'J12': 66, 'J13': 0, 'cluster3106249630_3106249631_J60_J61_#5more': 30}, 
5380.0, {'J10': np.float32(-0.0), 'J11': np.float32(-0.023126734), 'J12': np.float32(-1.2340425), 'J13': np.float32(-0.0), 'cluster3106249630_3106249631_J60_J61_#5more': np.float32(-0.5550416)}, {'J10': 0, 'J11': 2, 'J12': 17, 'J13': 0, 'cluster3106249630_3106249631_J60_J61_#5more': 30}, {'J10': 0, 'J11': 2, 'J12': 69, 'J13': 0, 'cluster3106249630_3106249631_J60_J61_#5more': 30}, 
5385.0, {'J10': np.float32(-0.0), 'J11': np.float32(-0.037002776), 'J12': np.float32(-0.103607774), 'J13': np.float32(-0.0), 'cluster3106249630_3106249631_J60_J61_#5more': np.float32(-0.5550416)}, {'J10': 0, 'J11': 2, 'J12': 17, 'J13': 0, 'cluster3106249630_3106249631_J60_J61_#5more': 30}, {'J10': 0, 'J11': 2, 'J12': 68, 'J13': 0, 'cluster3106249630_3106249631_J60_J61_#5more': 30}, 
5390.0, {'J10': np.float32(-0.0), 'J11': np.float32(0.0453284), 'J12': np.float32(-1.2580943), 'J13': np.float32(-0.0), 'cluster3106249630_3106249631_J60_J61_#5more': np.float32(-0.5550416)}, {'J10': 0, 'J11': 1, 'J12': 17, 'J13': 0, 'cluster3106249630_3106249631_J60_J61_#5more': 30}, {'J10': 0, 'J11': 1, 'J12': 68, 'J13': 0, 'cluster3106249630_3106249631_J60_J61_#5more': 30}, 
5395.0, {'J10': np.float32(-0.0), 'J11': np.float32(0.037927844), 'J12': np.float32(-1.2590194), 'J13': np.float32(-0.0), 'cluster3106249630_3106249631_J60_J61_#5more': np.float32(-0.5550416)}, {'J10': 0, 'J11': 1, 'J12': 18, 'J13': 0, 'cluster3106249630_3106249631_J60_J61_#5more': 30}, {'J10': 0, 'J11': 1, 'J12': 69, 'J13': 0, 'cluster3106249630_3106249631_J60_J61_#5more': 30}, 
5400.0, {'J10': np.float32(-0.0), 'J11': np.float32(-0.026827011), 'J12': np.float32(-1.280296), 'J13': np.float32(-0.0), 'cluster3106249630_3106249631_J60_J61_#5more': np.float32(-0.559667)}, {'J10': 0, 'J11': 2, 'J12': 18, 'J13': 0, 'cluster3106249630_3106249631_J60_J61_#5more': 31}, {'J10': 0, 'J11': 2, 'J12': 71, 'J13': 0, 'cluster3106249630_3106249631_J60_J61_#5more': 31}, 
