5.0, {'J10': 0, 'J11': 0, 'J12': 0, 'J13': 0, 'cluster3106249630_3106249631_J60_J61_#5more': 0}, {'J10': 0, 'J11': 0, 'J12': 0, 'J13': 0, 'cluster3106249630_3106249631_J60_J61_#5more': 0}, {'J10': 0, 'J11': 0, 'J12': 0, 'J13': 0, 'cluster3106249630_3106249631_J60_J61_#5more': 0}, 
10.0, {'J10': 0, 'J11': 0, 'J12': 0, 'J13': 0, 'cluster3106249630_3106249631_J60_J61_#5more': 0}, {'J10': 0, 'J11': 0, 'J12': 0, 'J13': 0, 'cluster3106249630_3106249631_J60_J61_#5more': 0}, {'J10': 0, 'J11': 0, 'J12': 0, 'J13': 0, 'cluster3106249630_3106249631_J60_J61_#5more': 0}, 
15.0, {'J10': 0, 'J11': -4.0, 'J12': -0.5, 'J13': 0, 'cluster3106249630_3106249631_J60_J61_#5more': -5.5}, {'J10': 0, 'J11': 1, 'J12': 1, 'J13': 0, 'cluster3106249630_3106249631_J60_J61_#5more': 1}, {'J10': 0, 'J11': 1, 'J12': 1, 'J13': 0, 'cluster3106249630_3106249631_J60_J61_#5more': 2}, 
20.0, {'J10': 0, 'J11': -14.0, 'J12': -10.5, 'J13': 0, 'cluster3106249630_3106249631_J60_J61_#5more': 0}, {'J10': 0, 'J11': 1, 'J12': 1, 'J13': 0, 'cluster3106249630_3106249631_J60_J61_#5more': 0}, {'J10': 0, 'J11': 1, 'J12': 1, 'J13': 0, 'cluster3106249630_3106249631_J60_J61_#5more': 0}, 
25.0, {'J10': -1.5, 'J11': -27.5, 'J12': -1.0, 'J13': -10.0, 'cluster3106249630_3106249631_J60_J61_#5more': 0}, {'J10': 1, 'J11': 2, 'J12': 1, 'J13': 2, 'cluster3106249630_3106249631_J60_J61_#5more': 0}, {'J10': 1, 'J11': 3, 'J12': 1, 'J13': 3, 'cluster3106249630_3106249631_J60_J61_#5more': 0}, 
30.0, {'J10': -11.5, 'J11': -57.5, 'J12': 0, 'J13': -46.5, 'cluster3106249630_3106249631_J60_J61_#5more': 0}, {'J10': 1, 'J11': 2, 'J12': 0, 'J13': 3, 'cluster3106249630_3106249631_J60_J61_#5more': 0}, {'J10': 1, 'J11': 3, 'J12': 0, 'J13': 6, 'cluster3106249630_3106249631_J60_J61_#5more': 0}, 
35.0, {'J10': -23.5, 'J11': -87.5, 'J12': -3.0, 'J13': -117.5, 'cluster3106249630_3106249631_J60_J61_#5more': -8.5}, {'J10': 1, 'J11': 2, 'J12': 1, 'J13': 4, 'cluster3106249630_3106249631_J60_J61_#5more': 2}, {'J10': 2, 'J11': 3, 'J12': 1, 'J13': 9, 'cluster3106249630_3106249631_J60_J61_#5more': 4}, 
40.0, {'J10': -43.5, 'J11': -117.5, 'J12': -13.0, 'J13': -219.0, 'cluster3106249630_3106249631_J60_J61_#5more': -61.0}, {'J10': 1, 'J11': 2, 'J12': 1, 'J13': 6, 'cluster3106249630_3106249631_J60_J61_#5more': 3}, {'J10': 2, 'J11': 3, 'J12': 1, 'J13': 12, 'cluster3106249630_3106249631_J60_J61_#5more': 9}, 
45.0, {'J10': -63.5, 'J11': -147.5, 'J12': -27.5, 'J13': -342.5, 'cluster3106249630_3106249631_J60_J61_#5more': -167.0}, {'J10': 1, 'J11': 2, 'J12': 2, 'J13': 7, 'cluster3106249630_3106249631_J60_J61_#5more': 5}, {'J10': 2, 'J11': 3, 'J12': 3, 'J13': 13, 'cluster3106249630_3106249631_J60_J61_#5more': 15}, 
50.0, {'J10': -88.0, 'J11': -177.5, 'J12': -53.5, 'J13': -472.5, 'cluster3106249630_3106249631_J60_J61_#5more': -270.5}, {'J10': 2, 'J11': 2, 'J12': 2, 'J13': 7, 'cluster3106249630_3106249631_J60_J61_#5more': 5}, {'J10': 4, 'J11': 3, 'J12': 4, 'J13': 13, 'cluster3106249630_3106249631_J60_J61_#5more': 13}, 
55.0, {'J10': -132.5, 'J11': -207.5, 'J12': -84.0, 'J13': -606.5, 'cluster3106249630_3106249631_J60_J61_#5more': -411.5}, {'J10': 3, 'J11': 2, 'J12': 3, 'J13': 7, 'cluster3106249630_3106249631_J60_J61_#5more': 8}, {'J10': 5, 'J11': 3, 'J12': 6, 'J13': 14, 'cluster3106249630_3106249631_J60_J61_#5more': 17}, 
60.0, {'J10': -59.0, 'J11': -240.5, 'J12': -124.0, 'J13': -746.5, 'cluster3106249630_3106249631_J60_J61_#5more': -591.0}, {'J10': 2, 'J11': 2, 'J12': 4, 'J13': 7, 'cluster3106249630_3106249631_J60_J61_#5more': 9}, {'J10': 3, 'J11': 4, 'J12': 8, 'J13': 14, 'cluster3106249630_3106249631_J60_J61_#5more': 21}, 
65.0, {'J10': -24.5, 'J11': -280.5, 'J12': -73.0, 'J13': -891.5, 'cluster3106249630_3106249631_J60_J61_#5more': -815.0}, {'J10': 1, 'J11': 2, 'J12': 4, 'J13': 7, 'cluster3106249630_3106249631_J60_J61_#5more': 12}, {'J10': 1, 'J11': 4, 'J12': 8, 'J13': 15, 'cluster3106249630_3106249631_J60_J61_#5more': 27}, 
70.0, {'J10': -2.0, 'J11': -320.5, 'J12': -124.0, 'J13': -1055.5, 'cluster3106249630_3106249631_J60_J61_#5more': -1096.5}, {'J10': 1, 'J11': 2, 'J12': 5, 'J13': 9, 'cluster3106249630_3106249631_J60_J61_#5more': 14}, {'J10': 1, 'J11': 4, 'J12': 8, 'J13': 19, 'cluster3106249630_3106249631_J60_J61_#5more': 31}, 
75.0, {'J10': -18.0, 'J11': -101.5, 'J12': -199.5, 'J13': -842.5, 'cluster3106249630_3106249631_J60_J61_#5more': -1349.5}, {'J10': 2, 'J11': 1, 'J12': 7, 'J13': 7, 'cluster3106249630_3106249631_J60_J61_#5more': 15}, {'J10': 3, 'J11': 1, 'J12': 12, 'J13': 17, 'cluster3106249630_3106249631_J60_J61_#5more': 32}, 
80.0, {'J10': 0, 'J11': 0, 'J12': -269.5, 'J13': -694.0, 'cluster3106249630_3106249631_J60_J61_#5more': -1678.5}, {'J10': 0, 'J11': 0, 'J12': 7, 'J13': 6, 'cluster3106249630_3106249631_J60_J61_#5more': 18}, {'J10': 0, 'J11': 0, 'J12': 9, 'J13': 12, 'cluster3106249630_3106249631_J60_J61_#5more': 35}, 
85.0, {'J10': 0, 'J11': -3.5, 'J12': -372.0, 'J13': -823.0, 'cluster3106249630_3106249631_J60_J61_#5more': -2028.5}, {'J10': 0, 'J11': 1, 'J12': 9, 'J13': 8, 'cluster3106249630_3106249631_J60_J61_#5more': 18}, {'J10': 0, 'J11': 1, 'J12': 13, 'J13': 15, 'cluster3106249630_3106249631_J60_J61_#5more': 35}, 
90.0, {'J10': -5.0, 'J11': -13.5, 'J12': -483.0, 'J13': -975.5, 'cluster3106249630_3106249631_J60_J61_#5more': -2350.5}, {'J10': 1, 'J11': 1, 'J12': 10, 'J13': 8, 'cluster3106249630_3106249631_J60_J61_#5more': 20}, {'J10': 1, 'J11': 1, 'J12': 13, 'J13': 17, 'cluster3106249630_3106249631_J60_J61_#5more': 37}, 
95.0, {'J10': -15.0, 'J11': -27.0, 'J12': -613.5, 'J13': -1146.5, 'cluster3106249630_3106249631_J60_J61_#5more': -2727.5}, {'J10': 1, 'J11': 2, 'J12': 11, 'J13': 9, 'cluster3106249630_3106249631_J60_J61_#5more': 22}, {'J10': 1, 'J11': 2, 'J12': 14, 'J13': 18, 'cluster3106249630_3106249631_J60_J61_#5more': 41}, 
100.0, {'J10': -25.0, 'J11': -47.0, 'J12': -757.0, 'J13': -1330.5, 'cluster3106249630_3106249631_J60_J61_#5more': -3146.0}, {'J10': 1, 'J11': 2, 'J12': 12, 'J13': 11, 'cluster3106249630_3106249631_J60_J61_#5more': 23}, {'J10': 1, 'J11': 2, 'J12': 15, 'J13': 20, 'cluster3106249630_3106249631_J60_J61_#5more': 43}, 
105.0, {'J10': -2.5, 'J11': -67.0, 'J12': -920.5, 'J13': -1534.5, 'cluster3106249630_3106249631_J60_J61_#5more': -3404.5}, {'J10': 1, 'J11': 2, 'J12': 13, 'J13': 12, 'cluster3106249630_3106249631_J60_J61_#5more': 24}, {'J10': 1, 'J11': 2, 'J12': 18, 'J13': 22, 'cluster3106249630_3106249631_J60_J61_#5more': 41}, 
110.0, {'J10': -12.5, 'J11': -91.5, 'J12': -1100.5, 'J13': -1754.5, 'cluster3106249630_3106249631_J60_J61_#5more': -3814.5}, {'J10': 1, 'J11': 3, 'J12': 13, 'J13': 12, 'cluster3106249630_3106249631_J60_J61_#5more': 24}, {'J10': 1, 'J11': 3, 'J12': 18, 'J13': 22, 'cluster3106249630_3106249631_J60_J61_#5more': 41}, 
115.0, {'J10': 0, 'J11': -121.5, 'J12': -1282.0, 'J13': -1977.5, 'cluster3106249630_3106249631_J60_J61_#5more': -4228.5}, {'J10': 0, 'J11': 3, 'J12': 14, 'J13': 13, 'cluster3106249630_3106249631_J60_J61_#5more': 26}, {'J10': 0, 'J11': 3, 'J12': 20, 'J13': 23, 'cluster3106249630_3106249631_J60_J61_#5more': 43}, 
120.0, {'J10': -2.0, 'J11': -152.5, 'J12': -936.0, 'J13': -2209.0, 'cluster3106249630_3106249631_J60_J61_#5more': -4660.5}, {'J10': 1, 'J11': 3, 'J12': 11, 'J13': 14, 'cluster3106249630_3106249631_J60_J61_#5more': 27}, {'J10': 1, 'J11': 4, 'J12': 17, 'J13': 24, 'cluster3106249630_3106249631_J60_J61_#5more': 44}, 
125.0, {'J10': -12.0, 'J11': -193.5, 'J12': -868.0, 'J13': -2451.5, 'cluster3106249630_3106249631_J60_J61_#5more': -5100.5}, {'J10': 1, 'J11': 4, 'J12': 10, 'J13': 15, 'cluster3106249630_3106249631_J60_J61_#5more': 27}, {'J10': 1, 'J11': 5, 'J12': 17, 'J13': 25, 'cluster3106249630_3106249631_J60_J61_#5more': 44}, 
130.0, {'J10': -22.0, 'J11': -251.5, 'J12': -1047.5, 'J13': -2705.0, 'cluster3106249630_3106249631_J60_J61_#5more': -5540.5}, {'J10': 1, 'J11': 5, 'J12': 10, 'J13': 16, 'cluster3106249630_3106249631_J60_J61_#5more': 27}, {'J10': 1, 'J11': 7, 'J12': 20, 'J13': 26, 'cluster3106249630_3106249631_J60_J61_#5more': 44}, 
135.0, {'J10': -2.0, 'J11': -321.5, 'J12': -1228.5, 'J13': -2965.0, 'cluster3106249630_3106249631_J60_J61_#5more': -5982.0}, {'J10': 1, 'J11': 5, 'J12': 11, 'J13': 16, 'cluster3106249630_3106249631_J60_J61_#5more': 28}, {'J10': 1, 'J11': 7, 'J12': 24, 'J13': 26, 'cluster3106249630_3106249631_J60_J61_#5more': 45}, 
140.0, {'J10': 0, 'J11': -391.5, 'J12': -1442.0, 'J13': -2439.0, 'cluster3106249630_3106249631_J60_J61_#5more': -6286.5}, {'J10': 0, 'J11': 5, 'J12': 12, 'J13': 14, 'cluster3106249630_3106249631_J60_J61_#5more': 30}, {'J10': 0, 'J11': 7, 'J12': 25, 'J13': 22, 'cluster3106249630_3106249631_J60_J61_#5more': 46}, 
145.0, {'J10': 0, 'J11': -465.5, 'J12': -1684.5, 'J13': -1954.5, 'cluster3106249630_3106249631_J60_J61_#5more': -6747.5}, {'J10': 0, 'J11': 6, 'J12': 13, 'J13': 12, 'cluster3106249630_3106249631_J60_J61_#5more': 30}, {'J10': 0, 'J11': 8, 'J12': 32, 'J13': 18, 'cluster3106249630_3106249631_J60_J61_#5more': 47}, 
150.0, {'J10': 0, 'J11': -545.5, 'J12': -2005.5, 'J13': -2134.5, 'cluster3106249630_3106249631_J60_J61_#5more': -7221.5}, {'J10': 0, 'J11': 6, 'J12': 14, 'J13': 12, 'cluster3106249630_3106249631_J60_J61_#5more': 32}, {'J10': 0, 'J11': 8, 'J12': 35, 'J13': 18, 'cluster3106249630_3106249631_J60_J61_#5more': 49}, 
155.0, {'J10': 0, 'J11': -628.5, 'J12': -1830.5, 'J13': -2321.5, 'cluster3106249630_3106249631_J60_J61_#5more': -7599.5}, {'J10': 0, 'J11': 7, 'J12': 15, 'J13': 13, 'cluster3106249630_3106249631_J60_J61_#5more': 35}, {'J10': 0, 'J11': 9, 'J12': 33, 'J13': 21, 'cluster3106249630_3106249631_J60_J61_#5more': 52}, 
160.0, {'J10': 0, 'J11': -718.5, 'J12': -2165.0, 'J13': -2535.0, 'cluster3106249630_3106249631_J60_J61_#5more': -8124.5}, {'J10': 0, 'J11': 7, 'J12': 15, 'J13': 15, 'cluster3106249630_3106249631_J60_J61_#5more': 35}, {'J10': 0, 'J11': 9, 'J12': 35, 'J13': 23, 'cluster3106249630_3106249631_J60_J61_#5more': 54}, 
165.0, {'J10': 0, 'J11': -808.5, 'J12': -2529.5, 'J13': -2769.5, 'cluster3106249630_3106249631_J60_J61_#5more': -8468.0}, {'J10': 0, 'J11': 7, 'J12': 15, 'J13': 15, 'cluster3106249630_3106249631_J60_J61_#5more': 36}, {'J10': 0, 'J11': 9, 'J12': 40, 'J13': 25, 'cluster3106249630_3106249631_J60_J61_#5more': 57}, 
170.0, {'J10': 0, 'J11': -898.5, 'J12': -2554.0, 'J13': -3023.5, 'cluster3106249630_3106249631_J60_J61_#5more': -8992.0}, {'J10': 0, 'J11': 7, 'J12': 17, 'J13': 17, 'cluster3106249630_3106249631_J60_J61_#5more': 36}, {'J10': 0, 'J11': 9, 'J12': 40, 'J13': 27, 'cluster3106249630_3106249631_J60_J61_#5more': 58}, 
175.0, {'J10': -2.0, 'J11': -990.5, 'J12': -2772.0, 'J13': -3297.0, 'cluster3106249630_3106249631_J60_J61_#5more': -9515.5}, {'J10': 1, 'J11': 8, 'J12': 18, 'J13': 18, 'cluster3106249630_3106249631_J60_J61_#5more': 36}, {'J10': 1, 'J11': 10, 'J12': 40, 'J13': 28, 'cluster3106249630_3106249631_J60_J61_#5more': 55}, 
180.0, {'J10': -12.0, 'J11': -1090.5, 'J12': -3037.5, 'J13': -3582.5, 'cluster3106249630_3106249631_J60_J61_#5more': -10044.0}, {'J10': 1, 'J11': 8, 'J12': 18, 'J13': 20, 'cluster3106249630_3106249631_J60_J61_#5more': 36}, {'J10': 1, 'J11': 10, 'J12': 40, 'J13': 30, 'cluster3106249630_3106249631_J60_J61_#5more': 54}, 
185.0, {'J10': -22.0, 'J11': -1190.5, 'J12': -3401.5, 'J13': -3886.5, 'cluster3106249630_3106249631_J60_J61_#5more': -10584.5}, {'J10': 1, 'J11': 8, 'J12': 18, 'J13': 21, 'cluster3106249630_3106249631_J60_J61_#5more': 36}, {'J10': 1, 'J11': 10, 'J12': 41, 'J13': 31, 'cluster3106249630_3106249631_J60_J61_#5more': 55}, 
190.0, {'J10': -32.0, 'J11': -1293.5, 'J12': -3738.5, 'J13': -4197.0, 'cluster3106249630_3106249631_J60_J61_#5more': -10859.5}, {'J10': 1, 'J11': 9, 'J12': 18, 'J13': 22, 'cluster3106249630_3106249631_J60_J61_#5more': 36}, {'J10': 1, 'J11': 11, 'J12': 39, 'J13': 32, 'cluster3106249630_3106249631_J60_J61_#5more': 53}, 
195.0, {'J10': -42.0, 'J11': -1403.5, 'J12': -3958.0, 'J13': -4517.5, 'cluster3106249630_3106249631_J60_J61_#5more': -11389.5}, {'J10': 1, 'J11': 9, 'J12': 19, 'J13': 22, 'cluster3106249630_3106249631_J60_J61_#5more': 36}, {'J10': 1, 'J11': 11, 'J12': 39, 'J13': 33, 'cluster3106249630_3106249631_J60_J61_#5more': 53}, 
200.0, {'J10': 0, 'J11': -1517.0, 'J12': -4200.5, 'J13': -4851.0, 'cluster3106249630_3106249631_J60_J61_#5more': -11923.0}, {'J10': 0, 'J11': 9, 'J12': 19, 'J13': 24, 'cluster3106249630_3106249631_J60_J61_#5more': 36}, {'J10': 0, 'J11': 12, 'J12': 43, 'J13': 35, 'cluster3106249630_3106249631_J60_J61_#5more': 55}, 
205.0, {'J10': -6.5, 'J11': -1641.5, 'J12': -4600.5, 'J13': -4104.5, 'cluster3106249630_3106249631_J60_J61_#5more': -12473.0}, {'J10': 2, 'J11': 9, 'J12': 19, 'J13': 23, 'cluster3106249630_3106249631_J60_J61_#5more': 36}, {'J10': 2, 'J11': 14, 'J12': 44, 'J13': 33, 'cluster3106249630_3106249631_J60_J61_#5more': 55}, 
210.0, {'J10': 0, 'J11': -1781.5, 'J12': -4983.0, 'J13': -3649.5, 'cluster3106249630_3106249631_J60_J61_#5more': -13023.0}, {'J10': 0, 'J11': 9, 'J12': 21, 'J13': 22, 'cluster3106249630_3106249631_J60_J61_#5more': 36}, {'J10': 0, 'J11': 14, 'J12': 47, 'J13': 31, 'cluster3106249630_3106249631_J60_J61_#5more': 55}, 
215.0, {'J10': 0, 'J11': -1921.5, 'J12': -4803.0, 'J13': -3959.5, 'cluster3106249630_3106249631_J60_J61_#5more': -13573.0}, {'J10': 0, 'J11': 9, 'J12': 20, 'J13': 22, 'cluster3106249630_3106249631_J60_J61_#5more': 36}, {'J10': 0, 'J11': 14, 'J12': 43, 'J13': 31, 'cluster3106249630_3106249631_J60_J61_#5more': 55}, 
220.0, {'J10': 0, 'J11': -2065.5, 'J12': -5023.5, 'J13': -4272.0, 'cluster3106249630_3106249631_J60_J61_#5more': -14012.0}, {'J10': 0, 'J11': 10, 'J12': 20, 'J13': 22, 'cluster3106249630_3106249631_J60_J61_#5more': 36}, {'J10': 0, 'J11': 15, 'J12': 44, 'J13': 33, 'cluster3106249630_3106249631_J60_J61_#5more': 54}, 
225.0, {'J10': 0, 'J11': -2215.5, 'J12': -5326.0, 'J13': -4602.0, 'cluster3106249630_3106249631_J60_J61_#5more': -14308.5}, {'J10': 0, 'J11': 10, 'J12': 21, 'J13': 22, 'cluster3106249630_3106249631_J60_J61_#5more': 36}, {'J10': 0, 'J11': 15, 'J12': 49, 'J13': 33, 'cluster3106249630_3106249631_J60_J61_#5more': 53}, 
230.0, {'J10': 0, 'J11': -2368.0, 'J12': -5822.0, 'J13': -4932.0, 'cluster3106249630_3106249631_J60_J61_#5more': -14755.5}, {'J10': 0, 'J11': 10, 'J12': 22, 'J13': 22, 'cluster3106249630_3106249631_J60_J61_#5more': 36}, {'J10': 0, 'J11': 16, 'J12': 53, 'J13': 33, 'cluster3106249630_3106249631_J60_J61_#5more': 55}, 
235.0, {'J10': 0, 'J11': -2533.0, 'J12': -6243.0, 'J13': -5262.0, 'cluster3106249630_3106249631_J60_J61_#5more': -15236.0}, {'J10': 0, 'J11': 12, 'J12': 22, 'J13': 22, 'cluster3106249630_3106249631_J60_J61_#5more': 36}, {'J10': 0, 'J11': 18, 'J12': 51, 'J13': 33, 'cluster3106249630_3106249631_J60_J61_#5more': 55}, 
240.0, {'J10': -1.5, 'J11': -2713.0, 'J12': -6554.5, 'J13': -5592.0, 'cluster3106249630_3106249631_J60_J61_#5more': -15709.0}, {'J10': 1, 'J11': 12, 'J12': 22, 'J13': 22, 'cluster3106249630_3106249631_J60_J61_#5more': 36}, {'J10': 1, 'J11': 18, 'J12': 47, 'J13': 33, 'cluster3106249630_3106249631_J60_J61_#5more': 55}, 
245.0, {'J10': -11.5, 'J11': -2894.5, 'J12': -7032.0, 'J13': -5929.5, 'cluster3106249630_3106249631_J60_J61_#5more': -16152.5}, {'J10': 1, 'J11': 13, 'J12': 22, 'J13': 24, 'cluster3106249630_3106249631_J60_J61_#5more': 36}, {'J10': 1, 'J11': 19, 'J12': 51, 'J13': 35, 'cluster3106249630_3106249631_J60_J61_#5more': 52}, 
250.0, {'J10': -21.5, 'J11': -3086.5, 'J12': -7546.5, 'J13': -6287.0, 'cluster3106249630_3106249631_J60_J61_#5more': -16615.5}, {'J10': 1, 'J11': 13, 'J12': 22, 'J13': 26, 'cluster3106249630_3106249631_J60_J61_#5more': 36}, {'J10': 1, 'J11': 20, 'J12': 52, 'J13': 37, 'cluster3106249630_3106249631_J60_J61_#5more': 50}, 
255.0, {'J10': -31.5, 'J11': -3293.5, 'J12': -7995.5, 'J13': -6660.5, 'cluster3106249630_3106249631_J60_J61_#5more': -17120.0}, {'J10': 1, 'J11': 14, 'J12': 22, 'J13': 28, 'cluster3106249630_3106249631_J60_J61_#5more': 36}, {'J10': 1, 'J11': 22, 'J12': 52, 'J13': 39, 'cluster3106249630_3106249631_J60_J61_#5more': 53}, 
260.0, {'J10': -41.5, 'J11': -3513.5, 'J12': -8276.5, 'J13': -7050.5, 'cluster3106249630_3106249631_J60_J61_#5more': -17637.0}, {'J10': 1, 'J11': 14, 'J12': 22, 'J13': 28, 'cluster3106249630_3106249631_J60_J61_#5more': 36}, {'J10': 1, 'J11': 22, 'J12': 52, 'J13': 39, 'cluster3106249630_3106249631_J60_J61_#5more': 52}, 
265.0, {'J10': -1.0, 'J11': -3733.5, 'J12': -8603.0, 'J13': -7440.5, 'cluster3106249630_3106249631_J60_J61_#5more': -18157.0}, {'J10': 1, 'J11': 14, 'J12': 22, 'J13': 28, 'cluster3106249630_3106249631_J60_J61_#5more': 36}, {'J10': 1, 'J11': 22, 'J12': 50, 'J13': 39, 'cluster3106249630_3106249631_J60_J61_#5more': 52}, 
270.0, {'J10': -5.0, 'J11': -3953.5, 'J12': -9105.0, 'J13': -6550.0, 'cluster3106249630_3106249631_J60_J61_#5more': -18677.0}, {'J10': 2, 'J11': 14, 'J12': 22, 'J13': 26, 'cluster3106249630_3106249631_J60_J61_#5more': 36}, {'J10': 2, 'J11': 22, 'J12': 51, 'J13': 35, 'cluster3106249630_3106249631_J60_J61_#5more': 52}, 
275.0, {'J10': 0, 'J11': -4181.0, 'J12': -9625.5, 'J13': -5603.0, 'cluster3106249630_3106249631_J60_J61_#5more': -19156.0}, {'J10': 0, 'J11': 14, 'J12': 22, 'J13': 24, 'cluster3106249630_3106249631_J60_J61_#5more': 36}, {'J10': 0, 'J11': 25, 'J12': 54, 'J13': 31, 'cluster3106249630_3106249631_J60_J61_#5more': 51}, 
280.0, {'J10': 0, 'J11': -4431.0, 'J12': -9192.5, 'J13': -5913.0, 'cluster3106249630_3106249631_J60_J61_#5more': -19615.5}, {'J10': 0, 'J11': 14, 'J12': 22, 'J13': 24, 'cluster3106249630_3106249631_J60_J61_#5more': 36}, {'J10': 0, 'J11': 25, 'J12': 50, 'J13': 31, 'cluster3106249630_3106249631_J60_J61_#5more': 50}, 
285.0, {'J10': 0, 'J11': -4681.0, 'J12': -9517.5, 'J13': -6226.0, 'cluster3106249630_3106249631_J60_J61_#5more': -20003.0}, {'J10': 0, 'J11': 14, 'J12': 22, 'J13': 24, 'cluster3106249630_3106249631_J60_J61_#5more': 36}, {'J10': 0, 'J11': 25, 'J12': 48, 'J13': 33, 'cluster3106249630_3106249631_J60_J61_#5more': 49}, 
290.0, {'J10': -3.0, 'J11': -4931.0, 'J12': -8019.0, 'J13': -6559.5, 'cluster3106249630_3106249631_J60_J61_#5more': -20496.0}, {'J10': 1, 'J11': 14, 'J12': 20, 'J13': 24, 'cluster3106249630_3106249631_J60_J61_#5more': 36}, {'J10': 1, 'J11': 25, 'J12': 44, 'J13': 34, 'cluster3106249630_3106249631_J60_J61_#5more': 51}, 
295.0, {'J10': -2.5, 'J11': -5181.0, 'J12': -7403.5, 'J13': -6907.0, 'cluster3106249630_3106249631_J60_J61_#5more': -21006.5}, {'J10': 1, 'J11': 14, 'J12': 18, 'J13': 27, 'cluster3106249630_3106249631_J60_J61_#5more': 36}, {'J10': 1, 'J11': 25, 'J12': 41, 'J13': 37, 'cluster3106249630_3106249631_J60_J61_#5more': 52}, 
300.0, {'J10': 0, 'J11': -5431.0, 'J12': -7757.5, 'J13': -7281.5, 'cluster3106249630_3106249631_J60_J61_#5more': -21532.5}, {'J10': 0, 'J11': 14, 'J12': 18, 'J13': 28, 'cluster3106249630_3106249631_J60_J61_#5more': 36}, {'J10': 0, 'J11': 25, 'J12': 42, 'J13': 38, 'cluster3106249630_3106249631_J60_J61_#5more': 55}, 
305.0, {'J10': 0, 'J11': -5682.5, 'J12': -8192.0, 'J13': -7661.5, 'cluster3106249630_3106249631_J60_J61_#5more': -22087.5}, {'J10': 0, 'J11': 14, 'J12': 18, 'J13': 28, 'cluster3106249630_3106249631_J60_J61_#5more': 36}, {'J10': 0, 'J11': 26, 'J12': 48, 'J13': 38, 'cluster3106249630_3106249631_J60_J61_#5more': 57}, 
310.0, {'J10': 0, 'J11': -5942.5, 'J12': -8665.5, 'J13': -8041.5, 'cluster3106249630_3106249631_J60_J61_#5more': -22641.5}, {'J10': 0, 'J11': 14, 'J12': 20, 'J13': 28, 'cluster3106249630_3106249631_J60_J61_#5more': 36}, {'J10': 0, 'J11': 26, 'J12': 52, 'J13': 38, 'cluster3106249630_3106249631_J60_J61_#5more': 57}, 
315.0, {'J10': 0, 'J11': -6204.0, 'J12': -7866.0, 'J13': -8421.5, 'cluster3106249630_3106249631_J60_J61_#5more': -23033.5}, {'J10': 0, 'J11': 14, 'J12': 18, 'J13': 28, 'cluster3106249630_3106249631_J60_J61_#5more': 36}, {'J10': 0, 'J11': 27, 'J12': 46, 'J13': 38, 'cluster3106249630_3106249631_J60_J61_#5more': 53}, 
320.0, {'J10': 0, 'J11': -6474.0, 'J12': -7197.0, 'J13': -8801.5, 'cluster3106249630_3106249631_J60_J61_#5more': -23457.5}, {'J10': 0, 'J11': 14, 'J12': 16, 'J13': 28, 'cluster3106249630_3106249631_J60_J61_#5more': 36}, {'J10': 0, 'J11': 27, 'J12': 41, 'J13': 38, 'cluster3106249630_3106249631_J60_J61_#5more': 50}, 
325.0, {'J10': -2.5, 'J11': -6744.0, 'J12': -7568.0, 'J13': -9181.5, 'cluster3106249630_3106249631_J60_J61_#5more': -23930.0}, {'J10': 1, 'J11': 14, 'J12': 16, 'J13': 28, 'cluster3106249630_3106249631_J60_J61_#5more': 36}, {'J10': 1, 'J11': 27, 'J12': 42, 'J13': 38, 'cluster3106249630_3106249631_J60_J61_#5more': 52}, 
330.0, {'J10': -12.5, 'J11': -7015.0, 'J12': -8010.5, 'J13': -9561.5, 'cluster3106249630_3106249631_J60_J61_#5more': -24450.0}, {'J10': 1, 'J11': 14, 'J12': 16, 'J13': 28, 'cluster3106249630_3106249631_J60_J61_#5more': 36}, {'J10': 1, 'J11': 28, 'J12': 50, 'J13': 38, 'cluster3106249630_3106249631_J60_J61_#5more': 52}, 
335.0, {'J10': -22.5, 'J11': -7299.5, 'J12': -8525.0, 'J13': -8556.5, 'cluster3106249630_3106249631_J60_J61_#5more': -24946.5}, {'J10': 1, 'J11': 14, 'J12': 20, 'J13': 26, 'cluster3106249630_3106249631_J60_J61_#5more': 36}, {'J10': 1, 'J11': 30, 'J12': 54, 'J13': 35, 'cluster3106249630_3106249631_J60_J61_#5more': 51}, 
340.0, {'J10': -37.0, 'J11': -7599.5, 'J12': -7378.0, 'J13': -8099.5, 'cluster3106249630_3106249631_J60_J61_#5more': -25424.5}, {'J10': 2, 'J11': 14, 'J12': 20, 'J13': 24, 'cluster3106249630_3106249631_J60_J61_#5more': 36}, {'J10': 3, 'J11': 30, 'J12': 48, 'J13': 33, 'cluster3106249630_3106249631_J60_J61_#5more': 50}, 
345.0, {'J10': -11.5, 'J11': -7899.5, 'J12': -7747.5, 'J13': -8429.5, 'cluster3106249630_3106249631_J60_J61_#5more': -25924.5}, {'J10': 1, 'J11': 14, 'J12': 20, 'J13': 24, 'cluster3106249630_3106249631_J60_J61_#5more': 36}, {'J10': 2, 'J11': 30, 'J12': 48, 'J13': 33, 'cluster3106249630_3106249631_J60_J61_#5more': 50}, 
350.0, {'J10': -37.5, 'J11': -8199.5, 'J12': -8052.0, 'J13': -8763.0, 'cluster3106249630_3106249631_J60_J61_#5more': -26432.0}, {'J10': 2, 'J11': 14, 'J12': 20, 'J13': 24, 'cluster3106249630_3106249631_J60_J61_#5more': 36}, {'J10': 4, 'J11': 30, 'J12': 50, 'J13': 34, 'cluster3106249630_3106249631_J60_J61_#5more': 54}, 
355.0, {'J10': -45.0, 'J11': -8499.5, 'J12': -8180.5, 'J13': -9103.0, 'cluster3106249630_3106249631_J60_J61_#5more': -26961.0}, {'J10': 1, 'J11': 14, 'J12': 20, 'J13': 24, 'cluster3106249630_3106249631_J60_J61_#5more': 36}, {'J10': 2, 'J11': 30, 'J12': 46, 'J13': 34, 'cluster3106249630_3106249631_J60_J61_#5more': 53}, 
360.0, {'J10': -40.5, 'J11': -8802.0, 'J12': -8230.0, 'J13': -9449.5, 'cluster3106249630_3106249631_J60_J61_#5more': -27491.0}, {'J10': 1, 'J11': 15, 'J12': 20, 'J13': 26, 'cluster3106249630_3106249631_J60_J61_#5more': 36}, {'J10': 1, 'J11': 31, 'J12': 44, 'J13': 36, 'cluster3106249630_3106249631_J60_J61_#5more': 53}, 
365.0, {'J10': -54.5, 'J11': -9112.0, 'J12': -7639.5, 'J13': -9816.5, 'cluster3106249630_3106249631_J60_J61_#5more': -28021.0}, {'J10': 3, 'J11': 15, 'J12': 18, 'J13': 28, 'cluster3106249630_3106249631_J60_J61_#5more': 36}, {'J10': 3, 'J11': 31, 'J12': 41, 'J13': 38, 'cluster3106249630_3106249631_J60_J61_#5more': 53}, 
370.0, {'J10': -26.5, 'J11': -9422.0, 'J12': -7385.0, 'J13': -10201.5, 'cluster3106249630_3106249631_J60_J61_#5more': -28551.0}, {'J10': 2, 'J11': 15, 'J12': 17, 'J13': 28, 'cluster3106249630_3106249631_J60_J61_#5more': 36}, {'J10': 4, 'J11': 31, 'J12': 41, 'J13': 39, 'cluster3106249630_3106249631_J60_J61_#5more': 53}, 
375.0, {'J10': -67.0, 'J11': -9733.5, 'J12': -7468.0, 'J13': -10591.5, 'cluster3106249630_3106249631_J60_J61_#5more': -29081.0}, {'J10': 3, 'J11': 16, 'J12': 17, 'J13': 28, 'cluster3106249630_3106249631_J60_J61_#5more': 36}, {'J10': 5, 'J11': 32, 'J12': 43, 'J13': 39, 'cluster3106249630_3106249631_J60_J61_#5more': 53}, 
380.0, {'J10': -127.5, 'J11': -10056.0, 'J12': -7555.0, 'J13': -10981.5, 'cluster3106249630_3106249631_J60_J61_#5more': -29611.0}, {'J10': 5, 'J11': 17, 'J12': 17, 'J13': 28, 'cluster3106249630_3106249631_J60_J61_#5more': 36}, {'J10': 8, 'J11': 33, 'J12': 46, 'J13': 39, 'cluster3106249630_3106249631_J60_J61_#5more': 53}, 
385.0, {'J10': -130.0, 'J11': -10386.0, 'J12': -7919.0, 'J13': -11375.0, 'cluster3106249630_3106249631_J60_J61_#5more': -30141.0}, {'J10': 3, 'J11': 17, 'J12': 20, 'J13': 28, 'cluster3106249630_3106249631_J60_J61_#5more': 36}, {'J10': 5, 'J11': 33, 'J12': 47, 'J13': 40, 'cluster3106249630_3106249631_J60_J61_#5more': 53}, 
390.0, {'J10': -126.0, 'J11': -10718.0, 'J12': -8372.0, 'J13': -11775.0, 'cluster3106249630_3106249631_J60_J61_#5more': -30671.0}, {'J10': 2, 'J11': 18, 'J12': 20, 'J13': 28, 'cluster3106249630_3106249631_J60_J61_#5more': 36}, {'J10': 3, 'J11': 35, 'J12': 49, 'J13': 40, 'cluster3106249630_3106249631_J60_J61_#5more': 53}, 
395.0, {'J10': -128.0, 'J11': -11058.5, 'J12': -8742.5, 'J13': -12175.0, 'cluster3106249630_3106249631_J60_J61_#5more': -31201.0}, {'J10': 2, 'J11': 18, 'J12': 20, 'J13': 28, 'cluster3106249630_3106249631_J60_J61_#5more': 36}, {'J10': 3, 'J11': 35, 'J12': 49, 'J13': 40, 'cluster3106249630_3106249631_J60_J61_#5more': 53}, 
400.0, {'J10': -159.5, 'J11': -11412.5, 'J12': -8899.0, 'J13': -10528.5, 'cluster3106249630_3106249631_J60_J61_#5more': -31731.0}, {'J10': 2, 'J11': 18, 'J12': 20, 'J13': 25, 'cluster3106249630_3106249631_J60_J61_#5more': 36}, {'J10': 4, 'J11': 37, 'J12': 48, 'J13': 35, 'cluster3106249630_3106249631_J60_J61_#5more': 53}, 
405.0, {'J10': -11.5, 'J11': -11761.5, 'J12': -9193.0, 'J13': -10334.5, 'cluster3106249630_3106249631_J60_J61_#5more': -32261.0}, {'J10': 1, 'J11': 18, 'J12': 20, 'J13': 25, 'cluster3106249630_3106249631_J60_J61_#5more': 36}, {'J10': 1, 'J11': 36, 'J12': 47, 'J13': 33, 'cluster3106249630_3106249631_J60_J61_#5more': 53}, 
410.0, {'J10': 0, 'J11': -12098.5, 'J12': -9526.5, 'J13': -10664.5, 'cluster3106249630_3106249631_J60_J61_#5more': -32791.0}, {'J10': 0, 'J11': 18, 'J12': 20, 'J13': 25, 'cluster3106249630_3106249631_J60_J61_#5more': 36}, {'J10': 0, 'J11': 35, 'J12': 44, 'J13': 33, 'cluster3106249630_3106249631_J60_J61_#5more': 53}, 
415.0, {'J10': -1.0, 'J11': -12421.5, 'J12': -9982.5, 'J13': -10997.0, 'cluster3106249630_3106249631_J60_J61_#5more': -33321.5}, {'J10': 1, 'J11': 19, 'J12': 20, 'J13': 25, 'cluster3106249630_3106249631_J60_J61_#5more': 36}, {'J10': 1, 'J11': 35, 'J12': 49, 'J13': 35, 'cluster3106249630_3106249631_J60_J61_#5more': 54}, 
420.0, {'J10': -12.5, 'J11': -12771.5, 'J12': -10485.0, 'J13': -11347.0, 'cluster3106249630_3106249631_J60_J61_#5more': -33851.0}, {'J10': 2, 'J11': 19, 'J12': 20, 'J13': 25, 'cluster3106249630_3106249631_J60_J61_#5more': 36}, {'J10': 3, 'J11': 35, 'J12': 52, 'J13': 35, 'cluster3106249630_3106249631_J60_J61_#5more': 53}, 
425.0, {'J10': -43.0, 'J11': -13124.5, 'J12': -11007.0, 'J13': -11706.0, 'cluster3106249630_3106249631_J60_J61_#5more': -34381.0}, {'J10': 2, 'J11': 20, 'J12': 20, 'J13': 28, 'cluster3106249630_3106249631_J60_J61_#5more': 36}, {'J10': 4, 'J11': 36, 'J12': 53, 'J13': 38, 'cluster3106249630_3106249631_J60_J61_#5more': 53}, 
430.0, {'J10': -31.0, 'J11': -13484.5, 'J12': -11348.0, 'J13': -12089.5, 'cluster3106249630_3106249631_J60_J61_#5more': -34911.0}, {'J10': 1, 'J11': 20, 'J12': 20, 'J13': 28, 'cluster3106249630_3106249631_J60_J61_#5more': 36}, {'J10': 2, 'J11': 36, 'J12': 51, 'J13': 39, 'cluster3106249630_3106249631_J60_J61_#5more': 53}, 
435.0, {'J10': -36.5, 'J11': -13846.5, 'J12': -9371.5, 'J13': -12479.5, 'cluster3106249630_3106249631_J60_J61_#5more': -35443.5}, {'J10': 2, 'J11': 21, 'J12': 17, 'J13': 28, 'cluster3106249630_3106249631_J60_J61_#5more': 36}, {'J10': 4, 'J11': 37, 'J12': 41, 'J13': 39, 'cluster3106249630_3106249631_J60_J61_#5more': 54}, 
440.0, {'J10': -64.0, 'J11': -14216.5, 'J12': -9699.5, 'J13': -12869.5, 'cluster3106249630_3106249631_J60_J61_#5more': -35987.0}, {'J10': 2, 'J11': 21, 'J12': 17, 'J13': 28, 'cluster3106249630_3106249631_J60_J61_#5more': 36}, {'J10': 3, 'J11': 37, 'J12': 42, 'J13': 39, 'cluster3106249630_3106249631_J60_J61_#5more': 55}, 
445.0, {'J10': -94.0, 'J11': -14586.5, 'J12': -10135.5, 'J13': -13259.5, 'cluster3106249630_3106249631_J60_J61_#5more': -36537.0}, {'J10': 2, 'J11': 21, 'J12': 17, 'J13': 28, 'cluster3106249630_3106249631_J60_J61_#5more': 36}, {'J10': 3, 'J11': 37, 'J12': 48, 'J13': 39, 'cluster3106249630_3106249631_J60_J61_#5more': 55}, 
450.0, {'J10': -34.0, 'J11': -14963.0, 'J12': -10633.5, 'J13': -13649.5, 'cluster3106249630_3106249631_J60_J61_#5more': -36835.5}, {'J10': 1, 'J11': 23, 'J12': 18, 'J13': 28, 'cluster3106249630_3106249631_J60_J61_#5more': 36}, {'J10': 2, 'J11': 39, 'J12': 54, 'J13': 39, 'cluster3106249630_3106249631_J60_J61_#5more': 54}, 
455.0, {'J10': -3.0, 'J11': -15357.5, 'J12': -11189.0, 'J13': -14039.5, 'cluster3106249630_3106249631_J60_J61_#5more': -37376.0}, {'J10': 1, 'J11': 24, 'J12': 20, 'J13': 28, 'cluster3106249630_3106249631_J60_J61_#5more': 36}, {'J10': 1, 'J11': 40, 'J12': 59, 'J13': 39, 'cluster3106249630_3106249631_J60_J61_#5more': 55}, 
460.0, {'J10': -13.0, 'J11': -15757.5, 'J12': -11660.0, 'J13': -14429.5, 'cluster3106249630_3106249631_J60_J61_#5more': -37926.0}, {'J10': 1, 'J11': 24, 'J12': 20, 'J13': 28, 'cluster3106249630_3106249631_J60_J61_#5more': 36}, {'J10': 1, 'J11': 40, 'J12': 61, 'J13': 39, 'cluster3106249630_3106249631_J60_J61_#5more': 55}, 
465.0, {'J10': -23.0, 'J11': -16157.5, 'J12': -12132.0, 'J13': -13052.5, 'cluster3106249630_3106249631_J60_J61_#5more': -38242.5}, {'J10': 1, 'J11': 24, 'J12': 20, 'J13': 26, 'cluster3106249630_3106249631_J60_J61_#5more': 36}, {'J10': 1, 'J11': 40, 'J12': 58, 'J13': 35, 'cluster3106249630_3106249631_J60_J61_#5more': 54}, 
470.0, {'J10': -35.5, 'J11': -16561.0, 'J12': -12724.0, 'J13': -12225.0, 'cluster3106249630_3106249631_J60_J61_#5more': -38783.5}, {'J10': 2, 'J11': 25, 'J12': 20, 'J13': 24, 'cluster3106249630_3106249631_J60_J61_#5more': 36}, {'J10': 2, 'J11': 41, 'J12': 63, 'J13': 33, 'cluster3106249630_3106249631_J60_J61_#5more': 55}, 
475.0, {'J10': -55.5, 'J11': -16976.0, 'J12': -13366.0, 'J13': -12555.0, 'cluster3106249630_3106249631_J60_J61_#5more': -39333.5}, {'J10': 2, 'J11': 25, 'J12': 20, 'J13': 24, 'cluster3106249630_3106249631_J60_J61_#5more': 36}, {'J10': 2, 'J11': 42, 'J12': 67, 'J13': 33, 'cluster3106249630_3106249631_J60_J61_#5more': 55}, 
480.0, {'J10': -24.5, 'J11': -17402.5, 'J12': -13854.0, 'J13': -12888.0, 'cluster3106249630_3106249631_J60_J61_#5more': -39791.0}, {'J10': 1, 'J11': 25, 'J12': 20, 'J13': 24, 'cluster3106249630_3106249631_J60_J61_#5more': 36}, {'J10': 2, 'J11': 44, 'J12': 68, 'J13': 34, 'cluster3106249630_3106249631_J60_J61_#5more': 54}, 
485.0, {'J10': -15.5, 'J11': -17822.5, 'J12': -14475.0, 'J13': -13229.0, 'cluster3106249630_3106249631_J60_J61_#5more': -40237.5}, {'J10': 2, 'J11': 25, 'J12': 20, 'J13': 25, 'cluster3106249630_3106249631_J60_J61_#5more': 36}, {'J10': 2, 'J11': 44, 'J12': 69, 'J13': 35, 'cluster3106249630_3106249631_J60_J61_#5more': 53}, 
490.0, {'J10': -35.5, 'J11': -18268.0, 'J12': -15170.5, 'J13': -13591.0, 'cluster3106249630_3106249631_J60_J61_#5more': -40769.0}, {'J10': 2, 'J11': 27, 'J12': 20, 'J13': 28, 'cluster3106249630_3106249631_J60_J61_#5more': 36}, {'J10': 2, 'J11': 46, 'J12': 72, 'J13': 38, 'cluster3106249630_3106249631_J60_J61_#5more': 54}, 
495.0, {'J10': 0, 'J11': -18731.5, 'J12': -13996.5, 'J13': -13971.0, 'cluster3106249630_3106249631_J60_J61_#5more': -41309.0}, {'J10': 0, 'J11': 28, 'J12': 20, 'J13': 28, 'cluster3106249630_3106249631_J60_J61_#5more': 36}, {'J10': 0, 'J11': 47, 'J12': 64, 'J13': 38, 'cluster3106249630_3106249631_J60_J61_#5more': 54}, 
500.0, {'J10': -3.5, 'J11': -19115.0, 'J12': -13703.0, 'J13': -14351.0, 'cluster3106249630_3106249631_J60_J61_#5more': -41830.5}, {'J10': 1, 'J11': 28, 'J12': 20, 'J13': 28, 'cluster3106249630_3106249631_J60_J61_#5more': 36}, {'J10': 1, 'J11': 45, 'J12': 60, 'J13': 38, 'cluster3106249630_3106249631_J60_J61_#5more': 54}, 
505.0, {'J10': -13.5, 'J11': -19524.5, 'J12': -14245.5, 'J13': -14733.0, 'cluster3106249630_3106249631_J60_J61_#5more': -42060.5}, {'J10': 1, 'J11': 29, 'J12': 20, 'J13': 28, 'cluster3106249630_3106249631_J60_J61_#5more': 36}, {'J10': 1, 'J11': 45, 'J12': 61, 'J13': 39, 'cluster3106249630_3106249631_J60_J61_#5more': 54}, 
510.0, {'J10': -23.5, 'J11': -19978.0, 'J12': -14618.5, 'J13': -15123.0, 'cluster3106249630_3106249631_J60_J61_#5more': -42281.0}, {'J10': 1, 'J11': 30, 'J12': 20, 'J13': 28, 'cluster3106249630_3106249631_J60_J61_#5more': 36}, {'J10': 1, 'J11': 46, 'J12': 60, 'J13': 39, 'cluster3106249630_3106249631_J60_J61_#5more': 54}, 
515.0, {'J10': -33.5, 'J11': -20438.0, 'J12': -14724.0, 'J13': -15513.0, 'cluster3106249630_3106249631_J60_J61_#5more': -42703.0}, {'J10': 1, 'J11': 30, 'J12': 20, 'J13': 28, 'cluster3106249630_3106249631_J60_J61_#5more': 36}, {'J10': 1, 'J11': 46, 'J12': 54, 'J13': 39, 'cluster3106249630_3106249631_J60_J61_#5more': 54}, 
520.0, {'J10': -43.5, 'J11': -20898.0, 'J12': -14249.0, 'J13': -15903.0, 'cluster3106249630_3106249631_J60_J61_#5more': -43244.5}, {'J10': 1, 'J11': 30, 'J12': 20, 'J13': 28, 'cluster3106249630_3106249631_J60_J61_#5more': 36}, {'J10': 1, 'J11': 46, 'J12': 49, 'J13': 39, 'cluster3106249630_3106249631_J60_J61_#5more': 55}, 
525.0, {'J10': -53.5, 'J11': -21358.0, 'J12': -13985.0, 'J13': -16293.0, 'cluster3106249630_3106249631_J60_J61_#5more': -43798.5}, {'J10': 1, 'J11': 30, 'J12': 20, 'J13': 28, 'cluster3106249630_3106249631_J60_J61_#5more': 36}, {'J10': 1, 'J11': 46, 'J12': 46, 'J13': 39, 'cluster3106249630_3106249631_J60_J61_#5more': 57}, 
530.0, {'J10': -66.0, 'J11': -21818.0, 'J12': -14221.0, 'J13': -14628.5, 'cluster3106249630_3106249631_J60_J61_#5more': -44370.5}, {'J10': 1, 'J11': 30, 'J12': 20, 'J13': 26, 'cluster3106249630_3106249631_J60_J61_#5more': 36}, {'J10': 2, 'J11': 46, 'J12': 46, 'J13': 35, 'cluster3106249630_3106249631_J60_J61_#5more': 58}, 
535.0, {'J10': -88.5, 'J11': -22278.0, 'J12': -14574.5, 'J13': -13099.0, 'cluster3106249630_3106249631_J60_J61_#5more': -44957.5}, {'J10': 2, 'J11': 30, 'J12': 20, 'J13': 24, 'cluster3106249630_3106249631_J60_J61_#5more': 36}, {'J10': 3, 'J11': 46, 'J12': 46, 'J13': 32, 'cluster3106249630_3106249631_J60_J61_#5more': 60}, 
540.0, {'J10': -12.5, 'J11': -22738.0, 'J12': -14973.0, 'J13': -13419.0, 'cluster3106249630_3106249631_J60_J61_#5more': -45421.5}, {'J10': 1, 'J11': 30, 'J12': 20, 'J13': 24, 'cluster3106249630_3106249631_J60_J61_#5more': 36}, {'J10': 1, 'J11': 46, 'J12': 46, 'J13': 32, 'cluster3106249630_3106249631_J60_J61_#5more': 61}, 
545.0, {'J10': 0, 'J11': -23203.0, 'J12': -14909.5, 'J13': -13741.5, 'cluster3106249630_3106249631_J60_J61_#5more': -45834.0}, {'J10': 0, 'J11': 31, 'J12': 20, 'J13': 24, 'cluster3106249630_3106249631_J60_J61_#5more': 36}, {'J10': 0, 'J11': 47, 'J12': 49, 'J13': 34, 'cluster3106249630_3106249631_J60_J61_#5more': 59}, 
550.0, {'J10': -7.5, 'J11': -23673.0, 'J12': -14117.0, 'J13': -14081.5, 'cluster3106249630_3106249631_J60_J61_#5more': -46300.5}, {'J10': 2, 'J11': 31, 'J12': 20, 'J13': 24, 'cluster3106249630_3106249631_J60_J61_#5more': 36}, {'J10': 3, 'J11': 47, 'J12': 48, 'J13': 34, 'cluster3106249630_3106249631_J60_J61_#5more': 58}, 
555.0, {'J10': -20.5, 'J11': -24143.5, 'J12': -14425.0, 'J13': -14430.5, 'cluster3106249630_3106249631_J60_J61_#5more': -46889.0}, {'J10': 3, 'J11': 31, 'J12': 20, 'J13': 27, 'cluster3106249630_3106249631_J60_J61_#5more': 36}, {'J10': 4, 'J11': 48, 'J12': 46, 'J13': 37, 'cluster3106249630_3106249631_J60_J61_#5more': 61}, 
560.0, {'J10': -10.5, 'J11': -24617.0, 'J12': -12167.5, 'J13': -14804.0, 'cluster3106249630_3106249631_J60_J61_#5more': -47502.0}, {'J10': 1, 'J11': 32, 'J12': 18, 'J13': 28, 'cluster3106249630_3106249631_J60_J61_#5more': 36}, {'J10': 1, 'J11': 49, 'J12': 39, 'J13': 38, 'cluster3106249630_3106249631_J60_J61_#5more': 62}, 
565.0, {'J10': -20.5, 'J11': -25095.5, 'J12': -12267.5, 'J13': -15184.0, 'cluster3106249630_3106249631_J60_J61_#5more': -48052.5}, {'J10': 1, 'J11': 32, 'J12': 18, 'J13': 28, 'cluster3106249630_3106249631_J60_J61_#5more': 36}, {'J10': 1, 'J11': 48, 'J12': 39, 'J13': 38, 'cluster3106249630_3106249631_J60_J61_#5more': 62}, 
570.0, {'J10': -30.5, 'J11': -25575.5, 'J12': -11973.5, 'J13': -15564.0, 'cluster3106249630_3106249631_J60_J61_#5more': -48562.0}, {'J10': 1, 'J11': 32, 'J12': 18, 'J13': 28, 'cluster3106249630_3106249631_J60_J61_#5more': 36}, {'J10': 1, 'J11': 48, 'J12': 39, 'J13': 38, 'cluster3106249630_3106249631_J60_J61_#5more': 58}, 
575.0, {'J10': -40.5, 'J11': -26055.5, 'J12': -12212.5, 'J13': -15944.0, 'cluster3106249630_3106249631_J60_J61_#5more': -49094.5}, {'J10': 1, 'J11': 32, 'J12': 19, 'J13': 28, 'cluster3106249630_3106249631_J60_J61_#5more': 36}, {'J10': 1, 'J11': 48, 'J12': 38, 'J13': 38, 'cluster3106249630_3106249631_J60_J61_#5more': 60}, 
580.0, {'J10': -50.5, 'J11': -26535.5, 'J12': -12521.0, 'J13': -16324.0, 'cluster3106249630_3106249631_J60_J61_#5more': -49698.0}, {'J10': 1, 'J11': 32, 'J12': 21, 'J13': 28, 'cluster3106249630_3106249631_J60_J61_#5more': 36}, {'J10': 1, 'J11': 48, 'J12': 41, 'J13': 38, 'cluster3106249630_3106249631_J60_J61_#5more': 61}, 
585.0, {'J10': -64.5, 'J11': -27015.5, 'J12': -12952.0, 'J13': -16704.0, 'cluster3106249630_3106249631_J60_J61_#5more': -50313.5}, {'J10': 1, 'J11': 32, 'J12': 21, 'J13': 28, 'cluster3106249630_3106249631_J60_J61_#5more': 36}, {'J10': 2, 'J11': 48, 'J12': 48, 'J13': 38, 'cluster3106249630_3106249631_J60_J61_#5more': 63}, 
590.0, {'J10': -87.5, 'J11': -27495.5, 'J12': -12829.0, 'J13': -17084.0, 'cluster3106249630_3106249631_J60_J61_#5more': -50943.5}, {'J10': 2, 'J11': 32, 'J12': 21, 'J13': 28, 'cluster3106249630_3106249631_J60_J61_#5more': 36}, {'J10': 3, 'J11': 48, 'J12': 46, 'J13': 38, 'cluster3106249630_3106249631_J60_J61_#5more': 63}, 
595.0, {'J10': -117.5, 'J11': -27975.5, 'J12': -13017.0, 'J13': -15270.5, 'cluster3106249630_3106249631_J60_J61_#5more': -51573.5}, {'J10': 2, 'J11': 32, 'J12': 21, 'J13': 26, 'cluster3106249630_3106249631_J60_J61_#5more': 36}, {'J10': 3, 'J11': 48, 'J12': 45, 'J13': 35, 'cluster3106249630_3106249631_J60_J61_#5more': 63}, 
600.0, {'J10': -149.0, 'J11': -28455.5, 'J12': -12898.5, 'J13': -15117.0, 'cluster3106249630_3106249631_J60_J61_#5more': -52203.5}, {'J10': 2, 'J11': 32, 'J12': 22, 'J13': 26, 'cluster3106249630_3106249631_J60_J61_#5more': 36}, {'J10': 4, 'J11': 48, 'J12': 44, 'J13': 34, 'cluster3106249630_3106249631_J60_J61_#5more': 63}, 
605.0, {'J10': -44.5, 'J11': -28935.5, 'J12': -13218.5, 'J13': -15458.0, 'cluster3106249630_3106249631_J60_J61_#5more': -52837.0}, {'J10': 1, 'J11': 32, 'J12': 22, 'J13': 26, 'cluster3106249630_3106249631_J60_J61_#5more': 36}, {'J10': 2, 'J11': 48, 'J12': 41, 'J13': 35, 'cluster3106249630_3106249631_J60_J61_#5more': 64}, 
610.0, {'J10': -46.0, 'J11': -29415.5, 'J12': -13124.5, 'J13': -15811.0, 'cluster3106249630_3106249631_J60_J61_#5more': -53279.0}, {'J10': 2, 'J11': 32, 'J12': 22, 'J13': 26, 'cluster3106249630_3106249631_J60_J61_#5more': 36}, {'J10': 3, 'J11': 48, 'J12': 41, 'J13': 37, 'cluster3106249630_3106249631_J60_J61_#5more': 64}, 
615.0, {'J10': -84.0, 'J11': -29895.5, 'J12': -11690.5, 'J13': -16181.0, 'cluster3106249630_3106249631_J60_J61_#5more': -53718.0}, {'J10': 3, 'J11': 32, 'J12': 20, 'J13': 26, 'cluster3106249630_3106249631_J60_J61_#5more': 36}, {'J10': 7, 'J11': 48, 'J12': 40, 'J13': 37, 'cluster3106249630_3106249631_J60_J61_#5more': 64}, 
620.0, {'J10': -118.5, 'J11': -30375.5, 'J12': -12100.5, 'J13': -16560.5, 'cluster3106249630_3106249631_J60_J61_#5more': -54269.5}, {'J10': 2, 'J11': 32, 'J12': 20, 'J13': 28, 'cluster3106249630_3106249631_J60_J61_#5more': 36}, {'J10': 5, 'J11': 48, 'J12': 46, 'J13': 39, 'cluster3106249630_3106249631_J60_J61_#5more': 64}, 
625.0, {'J10': -104.5, 'J11': -30855.5, 'J12': -12524.0, 'J13': -16950.5, 'cluster3106249630_3106249631_J60_J61_#5more': -54857.0}, {'J10': 2, 'J11': 32, 'J12': 20, 'J13': 28, 'cluster3106249630_3106249631_J60_J61_#5more': 36}, {'J10': 2, 'J11': 48, 'J12': 47, 'J13': 39, 'cluster3106249630_3106249631_J60_J61_#5more': 63}, 
630.0, {'J10': -43.5, 'J11': -31335.5, 'J12': -13002.5, 'J13': -17340.5, 'cluster3106249630_3106249631_J60_J61_#5more': -55487.0}, {'J10': 1, 'J11': 32, 'J12': 20, 'J13': 28, 'cluster3106249630_3106249631_J60_J61_#5more': 36}, {'J10': 2, 'J11': 48, 'J12': 50, 'J13': 39, 'cluster3106249630_3106249631_J60_J61_#5more': 63}, 
635.0, {'J10': -64.0, 'J11': -31815.5, 'J12': -13507.0, 'J13': -17730.5, 'cluster3106249630_3106249631_J60_J61_#5more': -56123.0}, {'J10': 2, 'J11': 32, 'J12': 20, 'J13': 28, 'cluster3106249630_3106249631_J60_J61_#5more': 36}, {'J10': 3, 'J11': 48, 'J12': 52, 'J13': 39, 'cluster3106249630_3106249631_J60_J61_#5more': 65}, 
640.0, {'J10': -94.0, 'J11': -32295.5, 'J12': -13996.0, 'J13': -18120.5, 'cluster3106249630_3106249631_J60_J61_#5more': -56537.5}, {'J10': 2, 'J11': 32, 'J12': 20, 'J13': 28, 'cluster3106249630_3106249631_J60_J61_#5more': 36}, {'J10': 3, 'J11': 48, 'J12': 53, 'J13': 39, 'cluster3106249630_3106249631_J60_J61_#5more': 65}, 
645.0, {'J10': -71.5, 'J11': -32775.5, 'J12': -14180.5, 'J13': -18510.5, 'cluster3106249630_3106249631_J60_J61_#5more': -57067.5}, {'J10': 1, 'J11': 32, 'J12': 20, 'J13': 28, 'cluster3106249630_3106249631_J60_J61_#5more': 36}, {'J10': 1, 'J11': 48, 'J12': 46, 'J13': 39, 'cluster3106249630_3106249631_J60_J61_#5more': 65}, 
650.0, {'J10': -81.5, 'J11': -33255.5, 'J12': -14568.5, 'J13': -18900.5, 'cluster3106249630_3106249631_J60_J61_#5more': -57555.5}, {'J10': 1, 'J11': 32, 'J12': 20, 'J13': 28, 'cluster3106249630_3106249631_J60_J61_#5more': 36}, {'J10': 1, 'J11': 48, 'J12': 44, 'J13': 39, 'cluster3106249630_3106249631_J60_J61_#5more': 61}, 
655.0, {'J10': -91.5, 'J11': -33735.5, 'J12': -12991.0, 'J13': -19290.5, 'cluster3106249630_3106249631_J60_J61_#5more': -58055.0}, {'J10': 1, 'J11': 32, 'J12': 18, 'J13': 28, 'cluster3106249630_3106249631_J60_J61_#5more': 36}, {'J10': 1, 'J11': 48, 'J12': 44, 'J13': 39, 'cluster3106249630_3106249631_J60_J61_#5more': 58}, 
660.0, {'J10': -101.5, 'J11': -34215.5, 'J12': -11639.5, 'J13': -15683.5, 'cluster3106249630_3106249631_J60_J61_#5more': -58636.0}, {'J10': 1, 'J11': 32, 'J12': 16, 'J13': 24, 'cluster3106249630_3106249631_J60_J61_#5more': 36}, {'J10': 1, 'J11': 48, 'J12': 39, 'J13': 34, 'cluster3106249630_3106249631_J60_J61_#5more': 59}, 
665.0, {'J10': -111.5, 'J11': -34695.5, 'J12': -11944.5, 'J13': -16010.5, 'cluster3106249630_3106249631_J60_J61_#5more': -59226.0}, {'J10': 1, 'J11': 32, 'J12': 16, 'J13': 24, 'cluster3106249630_3106249631_J60_J61_#5more': 36}, {'J10': 1, 'J11': 48, 'J12': 38, 'J13': 33, 'cluster3106249630_3106249631_J60_J61_#5more': 59}, 
670.0, {'J10': -121.5, 'J11': -35175.5, 'J12': -12310.5, 'J13': -16340.5, 'cluster3106249630_3106249631_J60_J61_#5more': -59816.0}, {'J10': 1, 'J11': 32, 'J12': 16, 'J13': 24, 'cluster3106249630_3106249631_J60_J61_#5more': 36}, {'J10': 1, 'J11': 48, 'J12': 41, 'J13': 33, 'cluster3106249630_3106249631_J60_J61_#5more': 59}, 
675.0, {'J10': -136.5, 'J11': -35655.5, 'J12': -12700.0, 'J13': -16674.0, 'cluster3106249630_3106249631_J60_J61_#5more': -60099.0}, {'J10': 1, 'J11': 32, 'J12': 20, 'J13': 24, 'cluster3106249630_3106249631_J60_J61_#5more': 36}, {'J10': 2, 'J11': 48, 'J12': 46, 'J13': 34, 'cluster3106249630_3106249631_J60_J61_#5more': 61}, 
680.0, {'J10': -156.5, 'J11': -36135.5, 'J12': -13164.0, 'J13': -17015.0, 'cluster3106249630_3106249631_J60_J61_#5more': -60414.5}, {'J10': 1, 'J11': 32, 'J12': 20, 'J13': 25, 'cluster3106249630_3106249631_J60_J61_#5more': 36}, {'J10': 2, 'J11': 48, 'J12': 47, 'J13': 35, 'cluster3106249630_3106249631_J60_J61_#5more': 63}, 
685.0, {'J10': -176.5, 'J11': -36615.5, 'J12': -13568.0, 'J13': -17374.5, 'cluster3106249630_3106249631_J60_J61_#5more': -61027.5}, {'J10': 1, 'J11': 32, 'J12': 20, 'J13': 28, 'cluster3106249630_3106249631_J60_J61_#5more': 36}, {'J10': 2, 'J11': 48, 'J12': 45, 'J13': 38, 'cluster3106249630_3106249631_J60_J61_#5more': 64}, 
690.0, {'J10': -196.5, 'J11': -37095.5, 'J12': -13944.0, 'J13': -17754.5, 'cluster3106249630_3106249631_J60_J61_#5more': -61622.5}, {'J10': 1, 'J11': 32, 'J12': 20, 'J13': 28, 'cluster3106249630_3106249631_J60_J61_#5more': 36}, {'J10': 2, 'J11': 48, 'J12': 43, 'J13': 38, 'cluster3106249630_3106249631_J60_J61_#5more': 64}, 
695.0, {'J10': -3.5, 'J11': -37575.5, 'J12': -14272.5, 'J13': -18134.5, 'cluster3106249630_3106249631_J60_J61_#5more': -62277.0}, {'J10': 1, 'J11': 32, 'J12': 20, 'J13': 28, 'cluster3106249630_3106249631_J60_J61_#5more': 36}, {'J10': 2, 'J11': 48, 'J12': 43, 'J13': 38, 'cluster3106249630_3106249631_J60_J61_#5more': 69}, 
700.0, {'J10': -19.5, 'J11': -38055.5, 'J12': -14715.5, 'J13': -18514.5, 'cluster3106249630_3106249631_J60_J61_#5more': -62972.0}, {'J10': 2, 'J11': 32, 'J12': 20, 'J13': 28, 'cluster3106249630_3106249631_J60_J61_#5more': 36}, {'J10': 3, 'J11': 48, 'J12': 47, 'J13': 38, 'cluster3106249630_3106249631_J60_J61_#5more': 71}, 
705.0, {'J10': -16.5, 'J11': -38541.5, 'J12': -15189.0, 'J13': -18894.5, 'cluster3106249630_3106249631_J60_J61_#5more': -63603.5}, {'J10': 2, 'J11': 32, 'J12': 20, 'J13': 28, 'cluster3106249630_3106249631_J60_J61_#5more': 36}, {'J10': 2, 'J11': 51, 'J12': 49, 'J13': 38, 'cluster3106249630_3106249631_J60_J61_#5more': 71}, 
710.0, {'J10': -36.5, 'J11': -39051.5, 'J12': -15689.5, 'J13': -19274.5, 'cluster3106249630_3106249631_J60_J61_#5more': -64057.5}, {'J10': 2, 'J11': 32, 'J12': 20, 'J13': 28, 'cluster3106249630_3106249631_J60_J61_#5more': 36}, {'J10': 2, 'J11': 51, 'J12': 52, 'J13': 38, 'cluster3106249630_3106249631_J60_J61_#5more': 66}, 
715.0, {'J10': -24.0, 'J11': -39538.0, 'J12': -16213.0, 'J13': -19654.5, 'cluster3106249630_3106249631_J60_J61_#5more': -64696.0}, {'J10': 1, 'J11': 32, 'J12': 20, 'J13': 28, 'cluster3106249630_3106249631_J60_J61_#5more': 36}, {'J10': 2, 'J11': 50, 'J12': 53, 'J13': 38, 'cluster3106249630_3106249631_J60_J61_#5more': 66}, 
720.0, {'J10': -49.5, 'J11': -40040.0, 'J12': -16470.0, 'J13': -20034.5, 'cluster3106249630_3106249631_J60_J61_#5more': -65363.0}, {'J10': 2, 'J11': 32, 'J12': 20, 'J13': 28, 'cluster3106249630_3106249631_J60_J61_#5more': 36}, {'J10': 4, 'J11': 52, 'J12': 49, 'J13': 38, 'cluster3106249630_3106249631_J60_J61_#5more': 69}, 
725.0, {'J10': -90.5, 'J11': -40466.0, 'J12': -16814.0, 'J13': -16957.5, 'cluster3106249630_3106249631_J60_J61_#5more': -66053.0}, {'J10': 2, 'J11': 32, 'J12': 20, 'J13': 25, 'cluster3106249630_3106249631_J60_J61_#5more': 36}, {'J10': 5, 'J11': 49, 'J12': 47, 'J13': 34, 'cluster3106249630_3106249631_J60_J61_#5more': 69}, 
730.0, {'J10': -80.5, 'J11': -40935.5, 'J12': -17292.5, 'J13': -15920.5, 'cluster3106249630_3106249631_J60_J61_#5more': -66743.0}, {'J10': 3, 'J11': 32, 'J12': 20, 'J13': 24, 'cluster3106249630_3106249631_J60_J61_#5more': 36}, {'J10': 3, 'J11': 48, 'J12': 50, 'J13': 32, 'cluster3106249630_3106249631_J60_J61_#5more': 69}, 
735.0, {'J10': -110.5, 'J11': -41415.5, 'J12': -17807.0, 'J13': -16240.5, 'cluster3106249630_3106249631_J60_J61_#5more': -67433.0}, {'J10': 3, 'J11': 32, 'J12': 20, 'J13': 24, 'cluster3106249630_3106249631_J60_J61_#5more': 36}, {'J10': 3, 'J11': 48, 'J12': 55, 'J13': 32, 'cluster3106249630_3106249631_J60_J61_#5more': 69}, 
740.0, {'J10': -141.0, 'J11': -41895.5, 'J12': -18359.5, 'J13': -16563.5, 'cluster3106249630_3106249631_J60_J61_#5more': -67724.0}, {'J10': 4, 'J11': 32, 'J12': 20, 'J13': 24, 'cluster3106249630_3106249631_J60_J61_#5more': 36}, {'J10': 4, 'J11': 48, 'J12': 56, 'J13': 34, 'cluster3106249630_3106249631_J60_J61_#5more': 70}, 
745.0, {'J10': -104.5, 'J11': -42375.5, 'J12': -18922.0, 'J13': -16904.5, 'cluster3106249630_3106249631_J60_J61_#5more': -68295.0}, {'J10': 3, 'J11': 32, 'J12': 20, 'J13': 25, 'cluster3106249630_3106249631_J60_J61_#5more': 36}, {'J10': 6, 'J11': 48, 'J12': 58, 'J13': 35, 'cluster3106249630_3106249631_J60_J61_#5more': 70}, 
750.0, {'J10': -82.0, 'J11': -42855.5, 'J12': -19504.5, 'J13': -17268.0, 'cluster3106249630_3106249631_J60_J61_#5more': -68996.5}, {'J10': 3, 'J11': 32, 'J12': 20, 'J13': 28, 'cluster3106249630_3106249631_J60_J61_#5more': 36}, {'J10': 5, 'J11': 48, 'J12': 60, 'J13': 39, 'cluster3106249630_3106249631_J60_J61_#5more': 72}, 
755.0, {'J10': -89.0, 'J11': -43335.5, 'J12': -20115.0, 'J13': -17658.0, 'cluster3106249630_3106249631_J60_J61_#5more': -69502.5}, {'J10': 3, 'J11': 32, 'J12': 20, 'J13': 28, 'cluster3106249630_3106249631_J60_J61_#5more': 36}, {'J10': 3, 'J11': 48, 'J12': 64, 'J13': 39, 'cluster3106249630_3106249631_J60_J61_#5more': 68}, 
760.0, {'J10': -55.0, 'J11': -43815.5, 'J12': -20757.5, 'J13': -18048.0, 'cluster3106249630_3106249631_J60_J61_#5more': -70161.5}, {'J10': 2, 'J11': 32, 'J12': 20, 'J13': 28, 'cluster3106249630_3106249631_J60_J61_#5more': 36}, {'J10': 3, 'J11': 48, 'J12': 65, 'J13': 39, 'cluster3106249630_3106249631_J60_J61_#5more': 67}, 
765.0, {'J10': -23.5, 'J11': -44295.5, 'J12': -21411.0, 'J13': -18438.0, 'cluster3106249630_3106249631_J60_J61_#5more': -70741.5}, {'J10': 1, 'J11': 32, 'J12': 20, 'J13': 28, 'cluster3106249630_3106249631_J60_J61_#5more': 36}, {'J10': 1, 'J11': 48, 'J12': 66, 'J13': 39, 'cluster3106249630_3106249631_J60_J61_#5more': 67}, 
770.0, {'J10': -37.5, 'J11': -44775.5, 'J12': -22071.5, 'J13': -18828.0, 'cluster3106249630_3106249631_J60_J61_#5more': -71411.5}, {'J10': 2, 'J11': 32, 'J12': 20, 'J13': 28, 'cluster3106249630_3106249631_J60_J61_#5more': 36}, {'J10': 2, 'J11': 48, 'J12': 67, 'J13': 39, 'cluster3106249630_3106249631_J60_J61_#5more': 67}, 
775.0, {'J10': -57.5, 'J11': -45255.5, 'J12': -22741.5, 'J13': -19218.0, 'cluster3106249630_3106249631_J60_J61_#5more': -72093.5}, {'J10': 2, 'J11': 32, 'J12': 20, 'J13': 28, 'cluster3106249630_3106249631_J60_J61_#5more': 36}, {'J10': 2, 'J11': 48, 'J12': 67, 'J13': 39, 'cluster3106249630_3106249631_J60_J61_#5more': 70}, 
780.0, {'J10': -82.0, 'J11': -45735.5, 'J12': -23418.0, 'J13': -19608.0, 'cluster3106249630_3106249631_J60_J61_#5more': -72793.5}, {'J10': 2, 'J11': 32, 'J12': 20, 'J13': 28, 'cluster3106249630_3106249631_J60_J61_#5more': 36}, {'J10': 3, 'J11': 48, 'J12': 69, 'J13': 39, 'cluster3106249630_3106249631_J60_J61_#5more': 70}, 
785.0, {'J10': -36.5, 'J11': -46215.5, 'J12': -23543.5, 'J13': -19998.0, 'cluster3106249630_3106249631_J60_J61_#5more': -73493.5}, {'J10': 1, 'J11': 32, 'J12': 20, 'J13': 28, 'cluster3106249630_3106249631_J60_J61_#5more': 36}, {'J10': 2, 'J11': 48, 'J12': 67, 'J13': 39, 'cluster3106249630_3106249631_J60_J61_#5more': 70}, 
790.0, {'J10': -15.0, 'J11': -46695.5, 'J12': -23101.0, 'J13': -17831.5, 'cluster3106249630_3106249631_J60_J61_#5more': -74053.0}, {'J10': 1, 'J11': 32, 'J12': 20, 'J13': 26, 'cluster3106249630_3106249631_J60_J61_#5more': 36}, {'J10': 2, 'J11': 48, 'J12': 58, 'J13': 35, 'cluster3106249630_3106249631_J60_J61_#5more': 69}, 
795.0, {'J10': -12.5, 'J11': -47175.5, 'J12': -23208.5, 'J13': -15813.5, 'cluster3106249630_3106249631_J60_J61_#5more': -74743.0}, {'J10': 1, 'J11': 32, 'J12': 20, 'J13': 24, 'cluster3106249630_3106249631_J60_J61_#5more': 36}, {'J10': 1, 'J11': 48, 'J12': 54, 'J13': 33, 'cluster3106249630_3106249631_J60_J61_#5more': 69}, 
800.0, {'J10': -22.5, 'J11': -47655.5, 'J12': -23279.5, 'J13': -16143.5, 'cluster3106249630_3106249631_J60_J61_#5more': -75438.5}, {'J10': 1, 'J11': 32, 'J12': 20, 'J13': 24, 'cluster3106249630_3106249631_J60_J61_#5more': 36}, {'J10': 1, 'J11': 48, 'J12': 54, 'J13': 33, 'cluster3106249630_3106249631_J60_J61_#5more': 71}, 
805.0, {'J10': -34.5, 'J11': -48135.5, 'J12': -23362.5, 'J13': -16476.5, 'cluster3106249630_3106249631_J60_J61_#5more': -75620.0}, {'J10': 2, 'J11': 32, 'J12': 20, 'J13': 24, 'cluster3106249630_3106249631_J60_J61_#5more': 36}, {'J10': 2, 'J11': 48, 'J12': 53, 'J13': 35, 'cluster3106249630_3106249631_J60_J61_#5more': 71}, 
810.0, {'J10': -54.5, 'J11': -48615.5, 'J12': -22221.5, 'J13': -16826.5, 'cluster3106249630_3106249631_J60_J61_#5more': -76332.0}, {'J10': 2, 'J11': 32, 'J12': 20, 'J13': 24, 'cluster3106249630_3106249631_J60_J61_#5more': 36}, {'J10': 2, 'J11': 48, 'J12': 50, 'J13': 35, 'cluster3106249630_3106249631_J60_J61_#5more': 72}, 
815.0, {'J10': -74.5, 'J11': -49095.5, 'J12': -22563.0, 'J13': -17184.5, 'cluster3106249630_3106249631_J60_J61_#5more': -76887.5}, {'J10': 2, 'J11': 32, 'J12': 20, 'J13': 26, 'cluster3106249630_3106249631_J60_J61_#5more': 36}, {'J10': 2, 'J11': 48, 'J12': 48, 'J13': 37, 'cluster3106249630_3106249631_J60_J61_#5more': 69}, 
820.0, {'J10': -35.5, 'J11': -49575.5, 'J12': -23001.5, 'J13': -17563.0, 'cluster3106249630_3106249631_J60_J61_#5more': -77577.5}, {'J10': 1, 'J11': 32, 'J12': 20, 'J13': 28, 'cluster3106249630_3106249631_J60_J61_#5more': 36}, {'J10': 3, 'J11': 48, 'J12': 48, 'J13': 39, 'cluster3106249630_3106249631_J60_J61_#5more': 69}, 
825.0, {'J10': -28.0, 'J11': -50055.5, 'J12': -21989.0, 'J13': -17953.0, 'cluster3106249630_3106249631_J60_J61_#5more': -78268.0}, {'J10': 2, 'J11': 32, 'J12': 20, 'J13': 28, 'cluster3106249630_3106249631_J60_J61_#5more': 36}, {'J10': 5, 'J11': 48, 'J12': 45, 'J13': 39, 'cluster3106249630_3106249631_J60_J61_#5more': 70}, 
830.0, {'J10': -44.5, 'J11': -50535.5, 'J12': -18006.0, 'J13': -18343.0, 'cluster3106249630_3106249631_J60_J61_#5more': -78968.0}, {'J10': 2, 'J11': 32, 'J12': 18, 'J13': 28, 'cluster3106249630_3106249631_J60_J61_#5more': 36}, {'J10': 4, 'J11': 48, 'J12': 38, 'J13': 39, 'cluster3106249630_3106249631_J60_J61_#5more': 70}, 
835.0, {'J10': -29.5, 'J11': -51015.5, 'J12': -18377.5, 'J13': -18733.0, 'cluster3106249630_3106249631_J60_J61_#5more': -79668.0}, {'J10': 4, 'J11': 32, 'J12': 18, 'J13': 28, 'cluster3106249630_3106249631_J60_J61_#5more': 36}, {'J10': 4, 'J11': 48, 'J12': 38, 'J13': 39, 'cluster3106249630_3106249631_J60_J61_#5more': 70}, 
840.0, {'J10': -28.0, 'J11': -51495.5, 'J12': -18752.5, 'J13': -19123.0, 'cluster3106249630_3106249631_J60_J61_#5more': -80368.0}, {'J10': 2, 'J11': 32, 'J12': 18, 'J13': 28, 'cluster3106249630_3106249631_J60_J61_#5more': 36}, {'J10': 4, 'J11': 48, 'J12': 42, 'J13': 39, 'cluster3106249630_3106249631_J60_J61_#5more': 70}, 
845.0, {'J10': -44.5, 'J11': -51975.5, 'J12': -17478.0, 'J13': -19513.0, 'cluster3106249630_3106249631_J60_J61_#5more': -81068.0}, {'J10': 2, 'J11': 32, 'J12': 18, 'J13': 28, 'cluster3106249630_3106249631_J60_J61_#5more': 36}, {'J10': 2, 'J11': 48, 'J12': 46, 'J13': 39, 'cluster3106249630_3106249631_J60_J61_#5more': 70}, 
850.0, {'J10': -64.5, 'J11': -52455.5, 'J12': -16942.5, 'J13': -19903.0, 'cluster3106249630_3106249631_J60_J61_#5more': -81768.0}, {'J10': 2, 'J11': 32, 'J12': 20, 'J13': 28, 'cluster3106249630_3106249631_J60_J61_#5more': 36}, {'J10': 2, 'J11': 48, 'J12': 47, 'J13': 39, 'cluster3106249630_3106249631_J60_J61_#5more': 70}, 
855.0, {'J10': -44.5, 'J11': -52935.5, 'J12': -17065.0, 'J13': -16720.0, 'cluster3106249630_3106249631_J60_J61_#5more': -82468.0}, {'J10': 1, 'J11': 32, 'J12': 20, 'J13': 25, 'cluster3106249630_3106249631_J60_J61_#5more': 36}, {'J10': 2, 'J11': 48, 'J12': 44, 'J13': 34, 'cluster3106249630_3106249631_J60_J61_#5more': 70}, 
860.0, {'J10': -15.5, 'J11': -53415.5, 'J12': -17276.0, 'J13': -16188.5, 'cluster3106249630_3106249631_J60_J61_#5more': -83168.0}, {'J10': 2, 'J11': 32, 'J12': 20, 'J13': 24, 'cluster3106249630_3106249631_J60_J61_#5more': 36}, {'J10': 3, 'J11': 48, 'J12': 44, 'J13': 34, 'cluster3106249630_3106249631_J60_J61_#5more': 70}, 
865.0, {'J10': -45.5, 'J11': -53895.5, 'J12': -17118.5, 'J13': -16528.5, 'cluster3106249630_3106249631_J60_J61_#5more': -83868.0}, {'J10': 2, 'J11': 32, 'J12': 20, 'J13': 24, 'cluster3106249630_3106249631_J60_J61_#5more': 36}, {'J10': 3, 'J11': 48, 'J12': 49, 'J13': 34, 'cluster3106249630_3106249631_J60_J61_#5more': 70}, 
870.0, {'J10': -20.5, 'J11': -54375.5, 'J12': -17431.5, 'J13': -16872.5, 'cluster3106249630_3106249631_J60_J61_#5more': -84568.0}, {'J10': 1, 'J11': 32, 'J12': 20, 'J13': 24, 'cluster3106249630_3106249631_J60_J61_#5more': 36}, {'J10': 1, 'J11': 48, 'J12': 47, 'J13': 35, 'cluster3106249630_3106249631_J60_J61_#5more': 70}, 
875.0, {'J10': -1.0, 'J11': -54855.5, 'J12': -17738.0, 'J13': -17222.5, 'cluster3106249630_3106249631_J60_J61_#5more': -85063.5}, {'J10': 1, 'J11': 32, 'J12': 20, 'J13': 24, 'cluster3106249630_3106249631_J60_J61_#5more': 36}, {'J10': 1, 'J11': 48, 'J12': 45, 'J13': 35, 'cluster3106249630_3106249631_J60_J61_#5more': 69}, 
880.0, {'J10': -11.0, 'J11': -55335.5, 'J12': -18099.0, 'J13': -17580.5, 'cluster3106249630_3106249631_J60_J61_#5more': -85755.5}, {'J10': 1, 'J11': 32, 'J12': 20, 'J13': 28, 'cluster3106249630_3106249631_J60_J61_#5more': 36}, {'J10': 1, 'J11': 48, 'J12': 43, 'J13': 39, 'cluster3106249630_3106249631_J60_J61_#5more': 70}, 
885.0, {'J10': -4.0, 'J11': -55815.5, 'J12': -18494.5, 'J13': -17970.5, 'cluster3106249630_3106249631_J60_J61_#5more': -86455.5}, {'J10': 1, 'J11': 32, 'J12': 20, 'J13': 28, 'cluster3106249630_3106249631_J60_J61_#5more': 36}, {'J10': 1, 'J11': 48, 'J12': 45, 'J13': 39, 'cluster3106249630_3106249631_J60_J61_#5more': 70}, 
890.0, {'J10': -14.0, 'J11': -56295.5, 'J12': -18773.5, 'J13': -18360.5, 'cluster3106249630_3106249631_J60_J61_#5more': -86741.0}, {'J10': 1, 'J11': 32, 'J12': 20, 'J13': 28, 'cluster3106249630_3106249631_J60_J61_#5more': 36}, {'J10': 1, 'J11': 48, 'J12': 41, 'J13': 39, 'cluster3106249630_3106249631_J60_J61_#5more': 68}, 
895.0, {'J10': -28.0, 'J11': -56775.5, 'J12': -18511.5, 'J13': -18750.5, 'cluster3106249630_3106249631_J60_J61_#5more': -87425.5}, {'J10': 2, 'J11': 32, 'J12': 20, 'J13': 28, 'cluster3106249630_3106249631_J60_J61_#5more': 36}, {'J10': 2, 'J11': 48, 'J12': 42, 'J13': 39, 'cluster3106249630_3106249631_J60_J61_#5more': 70}, 
900.0, {'J10': -48.0, 'J11': -57255.5, 'J12': -18944.0, 'J13': -19140.5, 'cluster3106249630_3106249631_J60_J61_#5more': -88133.5}, {'J10': 2, 'J11': 32, 'J12': 20, 'J13': 28, 'cluster3106249630_3106249631_J60_J61_#5more': 36}, {'J10': 2, 'J11': 48, 'J12': 46, 'J13': 39, 'cluster3106249630_3106249631_J60_J61_#5more': 72}, 
905.0, {'J10': -25.0, 'J11': -57735.5, 'J12': -19341.5, 'J13': -19530.5, 'cluster3106249630_3106249631_J60_J61_#5more': -88853.5}, {'J10': 1, 'J11': 32, 'J12': 20, 'J13': 28, 'cluster3106249630_3106249631_J60_J61_#5more': 36}, {'J10': 2, 'J11': 48, 'J12': 45, 'J13': 39, 'cluster3106249630_3106249631_J60_J61_#5more': 72}, 
910.0, {'J10': -5.5, 'J11': -58215.5, 'J12': -19701.0, 'J13': -19920.5, 'cluster3106249630_3106249631_J60_J61_#5more': -89573.5}, {'J10': 1, 'J11': 32, 'J12': 20, 'J13': 28, 'cluster3106249630_3106249631_J60_J61_#5more': 36}, {'J10': 2, 'J11': 48, 'J12': 42, 'J13': 39, 'cluster3106249630_3106249631_J60_J61_#5more': 72}, 
915.0, {'J10': -25.5, 'J11': -58698.0, 'J12': -19925.5, 'J13': -20310.5, 'cluster3106249630_3106249631_J60_J61_#5more': -90293.5}, {'J10': 1, 'J11': 32, 'J12': 20, 'J13': 28, 'cluster3106249630_3106249631_J60_J61_#5more': 36}, {'J10': 2, 'J11': 49, 'J12': 44, 'J13': 39, 'cluster3106249630_3106249631_J60_J61_#5more': 72}, 
920.0, {'J10': -46.5, 'J11': -59175.5, 'J12': -20377.0, 'J13': -18093.0, 'cluster3106249630_3106249631_J60_J61_#5more': -91013.5}, {'J10': 2, 'J11': 32, 'J12': 20, 'J13': 26, 'cluster3106249630_3106249631_J60_J61_#5more': 36}, {'J10': 4, 'J11': 48, 'J12': 48, 'J13': 35, 'cluster3106249630_3106249631_J60_J61_#5more': 72}, 
925.0, {'J10': -21.0, 'J11': -59655.5, 'J12': -20780.0, 'J13': -16063.0, 'cluster3106249630_3106249631_J60_J61_#5more': -91733.5}, {'J10': 1, 'J11': 32, 'J12': 20, 'J13': 24, 'cluster3106249630_3106249631_J60_J61_#5more': 36}, {'J10': 2, 'J11': 48, 'J12': 45, 'J13': 32, 'cluster3106249630_3106249631_J60_J61_#5more': 72}, 
930.0, {'J10': 0, 'J11': -60135.5, 'J12': -21175.0, 'J13': -16383.0, 'cluster3106249630_3106249631_J60_J61_#5more': -92453.5}, {'J10': 0, 'J11': 32, 'J12': 20, 'J13': 24, 'cluster3106249630_3106249631_J60_J61_#5more': 36}, {'J10': 0, 'J11': 48, 'J12': 43, 'J13': 32, 'cluster3106249630_3106249631_J60_J61_#5more': 72}, 
935.0, {'J10': 0, 'J11': -60615.5, 'J12': -21535.0, 'J13': -16706.5, 'cluster3106249630_3106249631_J60_J61_#5more': -93173.5}, {'J10': 0, 'J11': 32, 'J12': 20, 'J13': 24, 'cluster3106249630_3106249631_J60_J61_#5more': 36}, {'J10': 0, 'J11': 48, 'J12': 43, 'J13': 34, 'cluster3106249630_3106249631_J60_J61_#5more': 72}, 
940.0, {'J10': -1.0, 'J11': -61097.0, 'J12': -21982.5, 'J13': -17049.0, 'cluster3106249630_3106249631_J60_J61_#5more': -93893.5}, {'J10': 1, 'J11': 32, 'J12': 20, 'J13': 24, 'cluster3106249630_3106249631_J60_J61_#5more': 36}, {'J10': 1, 'J11': 49, 'J12': 49, 'J13': 35, 'cluster3106249630_3106249631_J60_J61_#5more': 72}, 
945.0, {'J10': 0, 'J11': -61587.0, 'J12': -22386.0, 'J13': -17409.0, 'cluster3106249630_3106249631_J60_J61_#5more': -94613.5}, {'J10': 0, 'J11': 32, 'J12': 20, 'J13': 27, 'cluster3106249630_3106249631_J60_J61_#5more': 36}, {'J10': 0, 'J11': 49, 'J12': 49, 'J13': 39, 'cluster3106249630_3106249631_J60_J61_#5more': 72}, 
950.0, {'J10': 0, 'J11': -62058.0, 'J12': -22804.5, 'J13': -17803.0, 'cluster3106249630_3106249631_J60_J61_#5more': -95333.5}, {'J10': 0, 'J11': 32, 'J12': 20, 'J13': 28, 'cluster3106249630_3106249631_J60_J61_#5more': 36}, {'J10': 0, 'J11': 49, 'J12': 46, 'J13': 40, 'cluster3106249630_3106249631_J60_J61_#5more': 72}, 
955.0, {'J10': -1.0, 'J11': -62536.0, 'J12': -23179.0, 'J13': -18203.0, 'cluster3106249630_3106249631_J60_J61_#5more': -96053.5}, {'J10': 1, 'J11': 32, 'J12': 20, 'J13': 28, 'cluster3106249630_3106249631_J60_J61_#5more': 36}, {'J10': 1, 'J11': 49, 'J12': 43, 'J13': 40, 'cluster3106249630_3106249631_J60_J61_#5more': 72}, 
960.0, {'J10': -11.0, 'J11': -63015.5, 'J12': -23609.0, 'J13': -18603.0, 'cluster3106249630_3106249631_J60_J61_#5more': -96503.0}, {'J10': 1, 'J11': 32, 'J12': 20, 'J13': 28, 'cluster3106249630_3106249631_J60_J61_#5more': 36}, {'J10': 1, 'J11': 48, 'J12': 43, 'J13': 40, 'cluster3106249630_3106249631_J60_J61_#5more': 71}, 
965.0, {'J10': -25.5, 'J11': -63495.5, 'J12': -24051.5, 'J13': -19003.0, 'cluster3106249630_3106249631_J60_J61_#5more': -97213.0}, {'J10': 1, 'J11': 32, 'J12': 20, 'J13': 28, 'cluster3106249630_3106249631_J60_J61_#5more': 36}, {'J10': 2, 'J11': 48, 'J12': 49, 'J13': 40, 'cluster3106249630_3106249631_J60_J61_#5more': 71}, 
970.0, {'J10': -50.0, 'J11': -63975.5, 'J12': -24526.5, 'J13': -19403.0, 'cluster3106249630_3106249631_J60_J61_#5more': -97925.5}, {'J10': 2, 'J11': 32, 'J12': 20, 'J13': 28, 'cluster3106249630_3106249631_J60_J61_#5more': 36}, {'J10': 3, 'J11': 48, 'J12': 50, 'J13': 40, 'cluster3106249630_3106249631_J60_J61_#5more': 72}, 
975.0, {'J10': -80.0, 'J11': -64455.5, 'J12': -25005.5, 'J13': -19803.0, 'cluster3106249630_3106249631_J60_J61_#5more': -98645.5}, {'J10': 2, 'J11': 32, 'J12': 20, 'J13': 28, 'cluster3106249630_3106249631_J60_J61_#5more': 36}, {'J10': 3, 'J11': 48, 'J12': 50, 'J13': 40, 'cluster3106249630_3106249631_J60_J61_#5more': 72}, 
980.0, {'J10': -110.0, 'J11': -64940.0, 'J12': -25508.5, 'J13': -20203.0, 'cluster3106249630_3106249631_J60_J61_#5more': -99365.5}, {'J10': 2, 'J11': 32, 'J12': 20, 'J13': 28, 'cluster3106249630_3106249631_J60_J61_#5more': 36}, {'J10': 3, 'J11': 50, 'J12': 52, 'J13': 40, 'cluster3106249630_3106249631_J60_J61_#5more': 72}, 
985.0, {'J10': -140.0, 'J11': -65440.0, 'J12': -26015.5, 'J13': -17166.5, 'cluster3106249630_3106249631_J60_J61_#5more': -100085.5}, {'J10': 2, 'J11': 32, 'J12': 20, 'J13': 25, 'cluster3106249630_3106249631_J60_J61_#5more': 36}, {'J10': 3, 'J11': 50, 'J12': 53, 'J13': 35, 'cluster3106249630_3106249631_J60_J61_#5more': 72}, 
990.0, {'J10': -173.5, 'J11': -65895.5, 'J12': -26552.5, 'J13': -16555.0, 'cluster3106249630_3106249631_J60_J61_#5more': -100805.5}, {'J10': 2, 'J11': 32, 'J12': 20, 'J13': 24, 'cluster3106249630_3106249631_J60_J61_#5more': 36}, {'J10': 4, 'J11': 48, 'J12': 56, 'J13': 33, 'cluster3106249630_3106249631_J60_J61_#5more': 72}, 
995.0, {'J10': -213.5, 'J11': -66375.5, 'J12': -26727.0, 'J13': -16885.0, 'cluster3106249630_3106249631_J60_J61_#5more': -101525.5}, {'J10': 2, 'J11': 32, 'J12': 20, 'J13': 24, 'cluster3106249630_3106249631_J60_J61_#5more': 36}, {'J10': 4, 'J11': 48, 'J12': 53, 'J13': 33, 'cluster3106249630_3106249631_J60_J61_#5more': 72}, 
1000.0, {'J10': -88.0, 'J11': -66863.5, 'J12': -27223.0, 'J13': -17219.0, 'cluster3106249630_3106249631_J60_J61_#5more': -102245.5}, {'J10': 1, 'J11': 32, 'J12': 20, 'J13': 24, 'cluster3106249630_3106249631_J60_J61_#5more': 36}, {'J10': 2, 'J11': 51, 'J12': 53, 'J13': 34, 'cluster3106249630_3106249631_J60_J61_#5more': 72}, 
1005.0, {'J10': -1.5, 'J11': -67335.5, 'J12': -27769.0, 'J13': -17559.0, 'cluster3106249630_3106249631_J60_J61_#5more': -102744.5}, {'J10': 1, 'J11': 32, 'J12': 20, 'J13': 24, 'cluster3106249630_3106249631_J60_J61_#5more': 36}, {'J10': 1, 'J11': 48, 'J12': 61, 'J13': 34, 'cluster3106249630_3106249631_J60_J61_#5more': 71}, 
1010.0, {'J10': -15.0, 'J11': -67819.0, 'J12': -28379.0, 'J13': -17911.5, 'cluster3106249630_3106249631_J60_J61_#5more': -103457.5}, {'J10': 1, 'J11': 32, 'J12': 20, 'J13': 27, 'cluster3106249630_3106249631_J60_J61_#5more': 36}, {'J10': 2, 'J11': 50, 'J12': 61, 'J13': 38, 'cluster3106249630_3106249631_J60_J61_#5more': 72}, 
1015.0, {'J10': -35.0, 'J11': -68320.0, 'J12': -28868.0, 'J13': -18296.5, 'cluster3106249630_3106249631_J60_J61_#5more': -104181.0}, {'J10': 1, 'J11': 32, 'J12': 20, 'J13': 28, 'cluster3106249630_3106249631_J60_J61_#5more': 36}, {'J10': 2, 'J11': 51, 'J12': 61, 'J13': 39, 'cluster3106249630_3106249631_J60_J61_#5more': 73}, 
1020.0, {'J10': -55.0, 'J11': -68814.5, 'J12': -29374.5, 'J13': -18686.5, 'cluster3106249630_3106249631_J60_J61_#5more': -104672.0}, {'J10': 1, 'J11': 32, 'J12': 20, 'J13': 28, 'cluster3106249630_3106249631_J60_J61_#5more': 36}, {'J10': 2, 'J11': 52, 'J12': 59, 'J13': 39, 'cluster3106249630_3106249631_J60_J61_#5more': 74}, 
1025.0, {'J10': -75.0, 'J11': -69283.0, 'J12': -29810.0, 'J13': -19076.5, 'cluster3106249630_3106249631_J60_J61_#5more': -105163.5}, {'J10': 1, 'J11': 32, 'J12': 20, 'J13': 28, 'cluster3106249630_3106249631_J60_J61_#5more': 36}, {'J10': 2, 'J11': 50, 'J12': 59, 'J13': 39, 'cluster3106249630_3106249631_J60_J61_#5more': 75}, 
1030.0, {'J10': -95.0, 'J11': -69735.5, 'J12': -30357.0, 'J13': -19466.5, 'cluster3106249630_3106249631_J60_J61_#5more': -106137.5}, {'J10': 1, 'J11': 32, 'J12': 20, 'J13': 28, 'cluster3106249630_3106249631_J60_J61_#5more': 36}, {'J10': 2, 'J11': 48, 'J12': 61, 'J13': 39, 'cluster3106249630_3106249631_J60_J61_#5more': 78}, 
1035.0, {'J10': -121.0, 'J11': -70215.5, 'J12': -30967.5, 'J13': -19856.5, 'cluster3106249630_3106249631_J60_J61_#5more': -106601.0}, {'J10': 2, 'J11': 32, 'J12': 20, 'J13': 28, 'cluster3106249630_3106249631_J60_J61_#5more': 36}, {'J10': 4, 'J11': 48, 'J12': 62, 'J13': 39, 'cluster3106249630_3106249631_J60_J61_#5more': 72}, 
1040.0, {'J10': -162.5, 'J11': -70695.5, 'J12': -31437.0, 'J13': -20246.5, 'cluster3106249630_3106249631_J60_J61_#5more': -107242.0}, {'J10': 3, 'J11': 32, 'J12': 20, 'J13': 28, 'cluster3106249630_3106249631_J60_J61_#5more': 36}, {'J10': 5, 'J11': 48, 'J12': 62, 'J13': 39, 'cluster3106249630_3106249631_J60_J61_#5more': 70}, 
1045.0, {'J10': -213.5, 'J11': -71175.5, 'J12': -32023.5, 'J13': -20636.5, 'cluster3106249630_3106249631_J60_J61_#5more': -107946.5}, {'J10': 3, 'J11': 32, 'J12': 20, 'J13': 28, 'cluster3106249630_3106249631_J60_J61_#5more': 36}, {'J10': 6, 'J11': 48, 'J12': 61, 'J13': 39, 'cluster3106249630_3106249631_J60_J61_#5more': 71}, 
1050.0, {'J10': -280.5, 'J11': -71655.5, 'J12': -32471.0, 'J13': -16741.0, 'cluster3106249630_3106249631_J60_J61_#5more': -108662.0}, {'J10': 4, 'J11': 32, 'J12': 20, 'J13': 24, 'cluster3106249630_3106249631_J60_J61_#5more': 36}, {'J10': 9, 'J11': 48, 'J12': 61, 'J13': 33, 'cluster3106249630_3106249631_J60_J61_#5more': 73}, 
1055.0, {'J10': -370.5, 'J11': -72135.5, 'J12': -33071.5, 'J13': -16569.0, 'cluster3106249630_3106249631_J60_J61_#5more': -109392.0}, {'J10': 4, 'J11': 32, 'J12': 20, 'J13': 24, 'cluster3106249630_3106249631_J60_J61_#5more': 36}, {'J10': 9, 'J11': 48, 'J12': 62, 'J13': 32, 'cluster3106249630_3106249631_J60_J61_#5more': 73}, 
1060.0, {'J10': -460.5, 'J11': -72615.5, 'J12': -33653.5, 'J13': -16889.0, 'cluster3106249630_3106249631_J60_J61_#5more': -110122.0}, {'J10': 4, 'J11': 32, 'J12': 20, 'J13': 24, 'cluster3106249630_3106249631_J60_J61_#5more': 36}, {'J10': 9, 'J11': 48, 'J12': 63, 'J13': 32, 'cluster3106249630_3106249631_J60_J61_#5more': 73}, 
1065.0, {'J10': -315.5, 'J11': -73095.5, 'J12': -34070.5, 'J13': -17212.5, 'cluster3106249630_3106249631_J60_J61_#5more': -109437.5}, {'J10': 4, 'J11': 32, 'J12': 20, 'J13': 24, 'cluster3106249630_3106249631_J60_J61_#5more': 36}, {'J10': 7, 'J11': 48, 'J12': 61, 'J13': 34, 'cluster3106249630_3106249631_J60_J61_#5more': 72}, 
1070.0, {'J10': -294.5, 'J11': -73579.5, 'J12': -34684.5, 'J13': -17554.5, 'cluster3106249630_3106249631_J60_J61_#5more': -109806.0}, {'J10': 5, 'J11': 32, 'J12': 20, 'J13': 24, 'cluster3106249630_3106249631_J60_J61_#5more': 36}, {'J10': 7, 'J11': 50, 'J12': 63, 'J13': 35, 'cluster3106249630_3106249631_J60_J61_#5more': 72}, 
1075.0, {'J10': -368.5, 'J11': -74055.5, 'J12': -35090.5, 'J13': -17915.5, 'cluster3106249630_3106249631_J60_J61_#5more': -110464.5}, {'J10': 6, 'J11': 32, 'J12': 20, 'J13': 26, 'cluster3106249630_3106249631_J60_J61_#5more': 36}, {'J10': 8, 'J11': 48, 'J12': 62, 'J13': 39, 'cluster3106249630_3106249631_J60_J61_#5more': 74}, 
1080.0, {'J10': -452.5, 'J11': -74538.5, 'J12': -35473.0, 'J13': -18315.5, 'cluster3106249630_3106249631_J60_J61_#5more': -111153.5}, {'J10': 7, 'J11': 32, 'J12': 20, 'J13': 28, 'cluster3106249630_3106249631_J60_J61_#5more': 36}, {'J10': 10, 'J11': 49, 'J12': 59, 'J13': 42, 'cluster3106249630_3106249631_J60_J61_#5more': 73}, 
1085.0, {'J10': -482.0, 'J11': -75015.5, 'J12': -36068.5, 'J13': -18735.5, 'cluster3106249630_3106249631_J60_J61_#5more': -111814.5}, {'J10': 7, 'J11': 32, 'J12': 20, 'J13': 28, 'cluster3106249630_3106249631_J60_J61_#5more': 36}, {'J10': 9, 'J11': 48, 'J12': 63, 'J13': 42, 'cluster3106249630_3106249631_J60_J61_#5more': 70}, 
1090.0, {'J10': -575.5, 'J11': -75495.5, 'J12': -36700.0, 'J13': -19155.5, 'cluster3106249630_3106249631_J60_J61_#5more': -112420.5}, {'J10': 8, 'J11': 32, 'J12': 20, 'J13': 28, 'cluster3106249630_3106249631_J60_J61_#5more': 36}, {'J10': 10, 'J11': 48, 'J12': 64, 'J13': 42, 'cluster3106249630_3106249631_J60_J61_#5more': 70}, 
1095.0, {'J10': -675.5, 'J11': -75975.5, 'J12': -37346.5, 'J13': -19580.0, 'cluster3106249630_3106249631_J60_J61_#5more': -113026.5}, {'J10': 8, 'J11': 32, 'J12': 20, 'J13': 28, 'cluster3106249630_3106249631_J60_J61_#5more': 36}, {'J10': 10, 'J11': 48, 'J12': 66, 'J13': 43, 'cluster3106249630_3106249631_J60_J61_#5more': 69}, 
1100.0, {'J10': -775.5, 'J11': -76455.5, 'J12': -38011.0, 'J13': -20010.0, 'cluster3106249630_3106249631_J60_J61_#5more': -113617.5}, {'J10': 8, 'J11': 32, 'J12': 20, 'J13': 28, 'cluster3106249630_3106249631_J60_J61_#5more': 36}, {'J10': 10, 'J11': 48, 'J12': 68, 'J13': 43, 'cluster3106249630_3106249631_J60_J61_#5more': 69}, 
1105.0, {'J10': -879.0, 'J11': -76935.5, 'J12': -38696.0, 'J13': -20440.0, 'cluster3106249630_3106249631_J60_J61_#5more': -114256.0}, {'J10': 9, 'J11': 32, 'J12': 20, 'J13': 28, 'cluster3106249630_3106249631_J60_J61_#5more': 36}, {'J10': 11, 'J11': 48, 'J12': 69, 'J13': 43, 'cluster3106249630_3106249631_J60_J61_#5more': 69}, 
1110.0, {'J10': -996.5, 'J11': -77415.5, 'J12': -39033.5, 'J13': -20870.0, 'cluster3106249630_3106249631_J60_J61_#5more': -114947.5}, {'J10': 12, 'J11': 32, 'J12': 20, 'J13': 28, 'cluster3106249630_3106249631_J60_J61_#5more': 36}, {'J10': 14, 'J11': 48, 'J12': 67, 'J13': 43, 'cluster3106249630_3106249631_J60_J61_#5more': 70}, 
1115.0, {'J10': -1142.5, 'J11': -77895.5, 'J12': -38891.5, 'J13': -18693.5, 'cluster3106249630_3106249631_J60_J61_#5more': -115652.0}, {'J10': 13, 'J11': 32, 'J12': 20, 'J13': 26, 'cluster3106249630_3106249631_J60_J61_#5more': 36}, {'J10': 16, 'J11': 48, 'J12': 61, 'J13': 38, 'cluster3106249630_3106249631_J60_J61_#5more': 71}, 
1120.0, {'J10': -1302.5, 'J11': -78375.5, 'J12': -39503.0, 'J13': -18569.5, 'cluster3106249630_3106249631_J60_J61_#5more': -116362.0}, {'J10': 13, 'J11': 32, 'J12': 20, 'J13': 26, 'cluster3106249630_3106249631_J60_J61_#5more': 36}, {'J10': 16, 'J11': 48, 'J12': 62, 'J13': 37, 'cluster3106249630_3106249631_J60_J61_#5more': 71}, 
1125.0, {'J10': -1462.5, 'J11': -78855.5, 'J12': -40125.0, 'J13': -18939.5, 'cluster3106249630_3106249631_J60_J61_#5more': -117073.0}, {'J10': 13, 'J11': 32, 'J12': 20, 'J13': 26, 'cluster3106249630_3106249631_J60_J61_#5more': 36}, {'J10': 16, 'J11': 48, 'J12': 63, 'J13': 37, 'cluster3106249630_3106249631_J60_J61_#5more': 72}, 
1130.0, {'J10': -1400.5, 'J11': -79335.5, 'J12': -40775.5, 'J13': -19312.5, 'cluster3106249630_3106249631_J60_J61_#5more': -116681.0}, {'J10': 13, 'J11': 32, 'J12': 20, 'J13': 26, 'cluster3106249630_3106249631_J60_J61_#5more': 36}, {'J10': 14, 'J11': 48, 'J12': 70, 'J13': 39, 'cluster3106249630_3106249631_J60_J61_#5more': 72}, 
1135.0, {'J10': -1501.0, 'J11': -79815.5, 'J12': -41482.5, 'J13': -19703.0, 'cluster3106249630_3106249631_J60_J61_#5more': -117401.0}, {'J10': 13, 'J11': 32, 'J12': 20, 'J13': 27, 'cluster3106249630_3106249631_J60_J61_#5more': 36}, {'J10': 14, 'J11': 48, 'J12': 72, 'J13': 40, 'cluster3106249630_3106249631_J60_J61_#5more': 72}, 
1140.0, {'J10': -1641.0, 'J11': -80295.5, 'J12': -42207.0, 'J13': -20107.5, 'cluster3106249630_3106249631_J60_J61_#5more': -118039.0}, {'J10': 13, 'J11': 32, 'J12': 20, 'J13': 28, 'cluster3106249630_3106249631_J60_J61_#5more': 36}, {'J10': 14, 'J11': 48, 'J12': 73, 'J13': 41, 'cluster3106249630_3106249631_J60_J61_#5more': 70}, 
1145.0, {'J10': -1782.0, 'J11': -80775.5, 'J12': -42529.0, 'J13': -20517.5, 'cluster3106249630_3106249631_J60_J61_#5more': -118739.0}, {'J10': 13, 'J11': 32, 'J12': 20, 'J13': 28, 'cluster3106249630_3106249631_J60_J61_#5more': 36}, {'J10': 15, 'J11': 48, 'J12': 70, 'J13': 41, 'cluster3106249630_3106249631_J60_J61_#5more': 70}, 
1150.0, {'J10': -1932.0, 'J11': -81255.5, 'J12': -42726.0, 'J13': -20927.5, 'cluster3106249630_3106249631_J60_J61_#5more': -119439.0}, {'J10': 13, 'J11': 32, 'J12': 20, 'J13': 28, 'cluster3106249630_3106249631_J60_J61_#5more': 36}, {'J10': 15, 'J11': 48, 'J12': 62, 'J13': 41, 'cluster3106249630_3106249631_J60_J61_#5more': 70}, 
1155.0, {'J10': -2082.0, 'J11': -81735.5, 'J12': -43225.0, 'J13': -21337.5, 'cluster3106249630_3106249631_J60_J61_#5more': -119954.0}, {'J10': 13, 'J11': 32, 'J12': 20, 'J13': 28, 'cluster3106249630_3106249631_J60_J61_#5more': 36}, {'J10': 15, 'J11': 48, 'J12': 62, 'J13': 41, 'cluster3106249630_3106249631_J60_J61_#5more': 68}, 
1160.0, {'J10': -2232.0, 'J11': -82215.5, 'J12': -43846.5, 'J13': -21747.5, 'cluster3106249630_3106249631_J60_J61_#5more': -120568.5}, {'J10': 13, 'J11': 32, 'J12': 20, 'J13': 28, 'cluster3106249630_3106249631_J60_J61_#5more': 36}, {'J10': 15, 'J11': 48, 'J12': 63, 'J13': 41, 'cluster3106249630_3106249631_J60_J61_#5more': 69}, 
1165.0, {'J10': -2382.0, 'J11': -82695.5, 'J12': -44485.0, 'J13': -22157.5, 'cluster3106249630_3106249631_J60_J61_#5more': -121233.0}, {'J10': 13, 'J11': 32, 'J12': 20, 'J13': 28, 'cluster3106249630_3106249631_J60_J61_#5more': 36}, {'J10': 15, 'J11': 48, 'J12': 66, 'J13': 41, 'cluster3106249630_3106249631_J60_J61_#5more': 67}, 
1170.0, {'J10': -2532.0, 'J11': -83175.5, 'J12': -45145.0, 'J13': -22567.5, 'cluster3106249630_3106249631_J60_J61_#5more': -121903.0}, {'J10': 13, 'J11': 32, 'J12': 20, 'J13': 28, 'cluster3106249630_3106249631_J60_J61_#5more': 36}, {'J10': 15, 'J11': 48, 'J12': 66, 'J13': 41, 'cluster3106249630_3106249631_J60_J61_#5more': 67}, 
1175.0, {'J10': -2682.0, 'J11': -83655.5, 'J12': -42938.5, 'J13': -22980.0, 'cluster3106249630_3106249631_J60_J61_#5more': -122573.0}, {'J10': 13, 'J11': 32, 'J12': 20, 'J13': 28, 'cluster3106249630_3106249631_J60_J61_#5more': 36}, {'J10': 15, 'J11': 48, 'J12': 62, 'J13': 42, 'cluster3106249630_3106249631_J60_J61_#5more': 67}, 
1180.0, {'J10': -2832.0, 'J11': -84136.5, 'J12': -42014.0, 'J13': -21901.5, 'cluster3106249630_3106249631_J60_J61_#5more': -123243.5}, {'J10': 13, 'J11': 32, 'J12': 20, 'J13': 27, 'cluster3106249630_3106249631_J60_J61_#5more': 36}, {'J10': 15, 'J11': 49, 'J12': 59, 'J13': 39, 'cluster3106249630_3106249631_J60_J61_#5more': 68}, 
1185.0, {'J10': -2982.0, 'J11': -84630.0, 'J12': -42598.0, 'J13': -20409.0, 'cluster3106249630_3106249631_J60_J61_#5more': -123913.0}, {'J10': 13, 'J11': 32, 'J12': 20, 'J13': 25, 'cluster3106249630_3106249631_J60_J61_#5more': 36}, {'J10': 15, 'J11': 50, 'J12': 60, 'J13': 37, 'cluster3106249630_3106249631_J60_J61_#5more': 67}, 
1190.0, {'J10': -3132.0, 'J11': -85109.0, 'J12': -43002.5, 'J13': -20779.0, 'cluster3106249630_3106249631_J60_J61_#5more': -124583.0}, {'J10': 13, 'J11': 32, 'J12': 20, 'J13': 25, 'cluster3106249630_3106249631_J60_J61_#5more': 36}, {'J10': 15, 'J11': 49, 'J12': 61, 'J13': 37, 'cluster3106249630_3106249631_J60_J61_#5more': 67}, 
1195.0, {'J10': -3164.0, 'J11': -85575.5, 'J12': -43561.5, 'J13': -21152.0, 'cluster3106249630_3106249631_J60_J61_#5more': -125255.5}, {'J10': 13, 'J11': 32, 'J12': 20, 'J13': 25, 'cluster3106249630_3106249631_J60_J61_#5more': 36}, {'J10': 16, 'J11': 48, 'J12': 63, 'J13': 38, 'cluster3106249630_3106249631_J60_J61_#5more': 68}, 
1200.0, {'J10': -3324.5, 'J11': -86055.5, 'J12': -44200.0, 'J13': -21532.0, 'cluster3106249630_3106249631_J60_J61_#5more': -125940.0}, {'J10': 13, 'J11': 32, 'J12': 20, 'J13': 25, 'cluster3106249630_3106249631_J60_J61_#5more': 36}, {'J10': 17, 'J11': 48, 'J12': 66, 'J13': 38, 'cluster3106249630_3106249631_J60_J61_#5more': 70}, 
1205.0, {'J10': -3449.5, 'J11': -86535.5, 'J12': -44872.5, 'J13': -21922.0, 'cluster3106249630_3106249631_J60_J61_#5more': -126644.0}, {'J10': 13, 'J11': 32, 'J12': 20, 'J13': 28, 'cluster3106249630_3106249631_J60_J61_#5more': 36}, {'J10': 15, 'J11': 48, 'J12': 69, 'J13': 41, 'cluster3106249630_3106249631_J60_J61_#5more': 71}, 
1210.0, {'J10': -3587.0, 'J11': -87015.5, 'J12': -45567.0, 'J13': -22332.0, 'cluster3106249630_3106249631_J60_J61_#5more': -127331.0}, {'J10': 13, 'J11': 32, 'J12': 20, 'J13': 28, 'cluster3106249630_3106249631_J60_J61_#5more': 36}, {'J10': 16, 'J11': 48, 'J12': 70, 'J13': 41, 'cluster3106249630_3106249631_J60_J61_#5more': 70}, 
1215.0, {'J10': -3747.0, 'J11': -87495.5, 'J12': -46275.5, 'J13': -22742.0, 'cluster3106249630_3106249631_J60_J61_#5more': -128031.0}, {'J10': 13, 'J11': 32, 'J12': 20, 'J13': 28, 'cluster3106249630_3106249631_J60_J61_#5more': 36}, {'J10': 16, 'J11': 48, 'J12': 72, 'J13': 41, 'cluster3106249630_3106249631_J60_J61_#5more': 70}, 
1220.0, {'J10': -3907.0, 'J11': -87975.5, 'J12': -46596.5, 'J13': -23152.0, 'cluster3106249630_3106249631_J60_J61_#5more': -128735.5}, {'J10': 13, 'J11': 32, 'J12': 20, 'J13': 28, 'cluster3106249630_3106249631_J60_J61_#5more': 36}, {'J10': 16, 'J11': 48, 'J12': 68, 'J13': 41, 'cluster3106249630_3106249631_J60_J61_#5more': 71}, 
1225.0, {'J10': -4067.0, 'J11': -88455.5, 'J12': -46692.5, 'J13': -23562.0, 'cluster3106249630_3106249631_J60_J61_#5more': -129394.0}, {'J10': 13, 'J11': 32, 'J12': 20, 'J13': 28, 'cluster3106249630_3106249631_J60_J61_#5more': 36}, {'J10': 16, 'J11': 48, 'J12': 61, 'J13': 41, 'cluster3106249630_3106249631_J60_J61_#5more': 70}, 
1230.0, {'J10': -4227.0, 'J11': -88935.5, 'J12': -47132.5, 'J13': -23972.0, 'cluster3106249630_3106249631_J60_J61_#5more': -130021.5}, {'J10': 13, 'J11': 32, 'J12': 20, 'J13': 28, 'cluster3106249630_3106249631_J60_J61_#5more': 36}, {'J10': 16, 'J11': 48, 'J12': 61, 'J13': 41, 'cluster3106249630_3106249631_J60_J61_#5more': 69}, 
1235.0, {'J10': -4387.0, 'J11': -89415.5, 'J12': -47749.0, 'J13': -24382.0, 'cluster3106249630_3106249631_J60_J61_#5more': -130715.0}, {'J10': 13, 'J11': 32, 'J12': 20, 'J13': 28, 'cluster3106249630_3106249631_J60_J61_#5more': 36}, {'J10': 16, 'J11': 48, 'J12': 63, 'J13': 41, 'cluster3106249630_3106249631_J60_J61_#5more': 71}, 
1240.0, {'J10': -4547.0, 'J11': -89895.5, 'J12': -48390.0, 'J13': -24792.0, 'cluster3106249630_3106249631_J60_J61_#5more': -131425.0}, {'J10': 13, 'J11': 32, 'J12': 20, 'J13': 28, 'cluster3106249630_3106249631_J60_J61_#5more': 36}, {'J10': 16, 'J11': 48, 'J12': 67, 'J13': 41, 'cluster3106249630_3106249631_J60_J61_#5more': 71}, 
1245.0, {'J10': -4707.0, 'J11': -90375.5, 'J12': -49065.0, 'J13': -23216.5, 'cluster3106249630_3106249631_J60_J61_#5more': -132135.0}, {'J10': 13, 'J11': 32, 'J12': 20, 'J13': 26, 'cluster3106249630_3106249631_J60_J61_#5more': 36}, {'J10': 16, 'J11': 48, 'J12': 68, 'J13': 40, 'cluster3106249630_3106249631_J60_J61_#5more': 71}, 
1250.0, {'J10': -4871.0, 'J11': -90856.0, 'J12': -49746.5, 'J13': -23603.5, 'cluster3106249630_3106249631_J60_J61_#5more': -132845.0}, {'J10': 13, 'J11': 32, 'J12': 20, 'J13': 26, 'cluster3106249630_3106249631_J60_J61_#5more': 36}, {'J10': 17, 'J11': 49, 'J12': 70, 'J13': 39, 'cluster3106249630_3106249631_J60_J61_#5more': 71}, 
1255.0, {'J10': -5045.0, 'J11': -91335.5, 'J12': -49483.0, 'J13': -23993.5, 'cluster3106249630_3106249631_J60_J61_#5more': -133555.0}, {'J10': 13, 'J11': 32, 'J12': 20, 'J13': 26, 'cluster3106249630_3106249631_J60_J61_#5more': 36}, {'J10': 18, 'J11': 48, 'J12': 69, 'J13': 39, 'cluster3106249630_3106249631_J60_J61_#5more': 71}, 
1260.0, {'J10': -4980.0, 'J11': -91819.0, 'J12': -50022.0, 'J13': -24383.5, 'cluster3106249630_3106249631_J60_J61_#5more': -134151.0}, {'J10': 13, 'J11': 32, 'J12': 20, 'J13': 26, 'cluster3106249630_3106249631_J60_J61_#5more': 36}, {'J10': 16, 'J11': 49, 'J12': 66, 'J13': 39, 'cluster3106249630_3106249631_J60_J61_#5more': 70}, 
1265.0, {'J10': -5142.0, 'J11': -92295.5, 'J12': -50674.0, 'J13': -24773.5, 'cluster3106249630_3106249631_J60_J61_#5more': -134756.5}, {'J10': 13, 'J11': 32, 'J12': 20, 'J13': 26, 'cluster3106249630_3106249631_J60_J61_#5more': 36}, {'J10': 17, 'J11': 48, 'J12': 70, 'J13': 39, 'cluster3106249630_3106249631_J60_J61_#5more': 69}, 
1270.0, {'J10': -5321.5, 'J11': -92775.5, 'J12': -51094.0, 'J13': -25171.5, 'cluster3106249630_3106249631_J60_J61_#5more': -135374.0}, {'J10': 13, 'J11': 32, 'J12': 20, 'J13': 28, 'cluster3106249630_3106249631_J60_J61_#5more': 36}, {'J10': 21, 'J11': 48, 'J12': 69, 'J13': 41, 'cluster3106249630_3106249631_J60_J61_#5more': 68}, 
1275.0, {'J10': -5484.5, 'J11': -93255.5, 'J12': -51444.0, 'J13': -25581.5, 'cluster3106249630_3106249631_J60_J61_#5more': -136054.0}, {'J10': 13, 'J11': 32, 'J12': 20, 'J13': 28, 'cluster3106249630_3106249631_J60_J61_#5more': 36}, {'J10': 18, 'J11': 48, 'J12': 66, 'J13': 41, 'cluster3106249630_3106249631_J60_J61_#5more': 68}, 
1280.0, {'J10': -5664.5, 'J11': -93735.5, 'J12': -52104.0, 'J13': -25991.5, 'cluster3106249630_3106249631_J60_J61_#5more': -136745.0}, {'J10': 13, 'J11': 32, 'J12': 20, 'J13': 28, 'cluster3106249630_3106249631_J60_J61_#5more': 36}, {'J10': 18, 'J11': 48, 'J12': 66, 'J13': 41, 'cluster3106249630_3106249631_J60_J61_#5more': 71}, 
1285.0, {'J10': -5844.5, 'J11': -94220.5, 'J12': -52770.5, 'J13': -26401.5, 'cluster3106249630_3106249631_J60_J61_#5more': -137455.0}, {'J10': 13, 'J11': 32, 'J12': 20, 'J13': 28, 'cluster3106249630_3106249631_J60_J61_#5more': 36}, {'J10': 18, 'J11': 50, 'J12': 68, 'J13': 41, 'cluster3106249630_3106249631_J60_J61_#5more': 71}, 
1290.0, {'J10': -6024.5, 'J11': -94695.5, 'J12': -53270.5, 'J13': -26811.5, 'cluster3106249630_3106249631_J60_J61_#5more': -138054.0}, {'J10': 13, 'J11': 32, 'J12': 20, 'J13': 28, 'cluster3106249630_3106249631_J60_J61_#5more': 36}, {'J10': 18, 'J11': 48, 'J12': 69, 'J13': 41, 'cluster3106249630_3106249631_J60_J61_#5more': 70}, 
1295.0, {'J10': -6204.5, 'J11': -95175.5, 'J12': -53600.0, 'J13': -27221.5, 'cluster3106249630_3106249631_J60_J61_#5more': -138754.0}, {'J10': 13, 'J11': 32, 'J12': 20, 'J13': 28, 'cluster3106249630_3106249631_J60_J61_#5more': 36}, {'J10': 18, 'J11': 48, 'J12': 69, 'J13': 41, 'cluster3106249630_3106249631_J60_J61_#5more': 70}, 
1300.0, {'J10': -6384.5, 'J11': -95660.0, 'J12': -54265.5, 'J13': -27631.5, 'cluster3106249630_3106249631_J60_J61_#5more': -139409.0}, {'J10': 13, 'J11': 32, 'J12': 20, 'J13': 28, 'cluster3106249630_3106249631_J60_J61_#5more': 36}, {'J10': 18, 'J11': 49, 'J12': 68, 'J13': 41, 'cluster3106249630_3106249631_J60_J61_#5more': 69}, 
1305.0, {'J10': -6564.5, 'J11': -96135.5, 'J12': -54892.5, 'J13': -28041.5, 'cluster3106249630_3106249631_J60_J61_#5more': -140101.0}, {'J10': 13, 'J11': 32, 'J12': 20, 'J13': 28, 'cluster3106249630_3106249631_J60_J61_#5more': 36}, {'J10': 18, 'J11': 48, 'J12': 67, 'J13': 41, 'cluster3106249630_3106249631_J60_J61_#5more': 70}, 
1310.0, {'J10': -6744.5, 'J11': -96617.0, 'J12': -51864.0, 'J13': -24597.0, 'cluster3106249630_3106249631_J60_J61_#5more': -140801.5}, {'J10': 13, 'J11': 32, 'J12': 20, 'J13': 25, 'cluster3106249630_3106249631_J60_J61_#5more': 36}, {'J10': 18, 'J11': 49, 'J12': 62, 'J13': 37, 'cluster3106249630_3106249631_J60_J61_#5more': 71}, 
1315.0, {'J10': -6924.5, 'J11': -97098.0, 'J12': -51911.5, 'J13': -23329.5, 'cluster3106249630_3106249631_J60_J61_#5more': -141511.5}, {'J10': 13, 'J11': 32, 'J12': 20, 'J13': 24, 'cluster3106249630_3106249631_J60_J61_#5more': 36}, {'J10': 18, 'J11': 50, 'J12': 60, 'J13': 35, 'cluster3106249630_3106249631_J60_J61_#5more': 71}, 
1320.0, {'J10': -7104.5, 'J11': -97603.0, 'J12': -52521.0, 'J13': -23679.5, 'cluster3106249630_3106249631_J60_J61_#5more': -142221.5}, {'J10': 13, 'J11': 32, 'J12': 20, 'J13': 24, 'cluster3106249630_3106249631_J60_J61_#5more': 36}, {'J10': 18, 'J11': 52, 'J12': 64, 'J13': 35, 'cluster3106249630_3106249631_J60_J61_#5more': 71}, 
1325.0, {'J10': -7049.5, 'J11': -98110.5, 'J12': -53054.0, 'J13': -24032.5, 'cluster3106249630_3106249631_J60_J61_#5more': -142934.5}, {'J10': 13, 'J11': 32, 'J12': 20, 'J13': 24, 'cluster3106249630_3106249631_J60_J61_#5more': 36}, {'J10': 17, 'J11': 52, 'J12': 66, 'J13': 37, 'cluster3106249630_3106249631_J60_J61_#5more': 72}, 
1330.0, {'J10': -6976.5, 'J11': -98598.0, 'J12': -53725.5, 'J13': -24407.5, 'cluster3106249630_3106249631_J60_J61_#5more': -143641.5}, {'J10': 13, 'J11': 32, 'J12': 20, 'J13': 25, 'cluster3106249630_3106249631_J60_J61_#5more': 36}, {'J10': 16, 'J11': 50, 'J12': 69, 'J13': 39, 'cluster3106249630_3106249631_J60_J61_#5more': 71}, 
1335.0, {'J10': -7139.0, 'J11': -99015.5, 'J12': -54198.0, 'J13': -24813.0, 'cluster3106249630_3106249631_J60_J61_#5more': -144351.5}, {'J10': 13, 'J11': 32, 'J12': 20, 'J13': 28, 'cluster3106249630_3106249631_J60_J61_#5more': 36}, {'J10': 18, 'J11': 48, 'J12': 67, 'J13': 43, 'cluster3106249630_3106249631_J60_J61_#5more': 71}, 
1340.0, {'J10': -7319.0, 'J11': -99495.5, 'J12': -54204.5, 'J13': -25243.0, 'cluster3106249630_3106249631_J60_J61_#5more': -145061.5}, {'J10': 13, 'J11': 32, 'J12': 20, 'J13': 28, 'cluster3106249630_3106249631_J60_J61_#5more': 36}, {'J10': 18, 'J11': 48, 'J12': 66, 'J13': 43, 'cluster3106249630_3106249631_J60_J61_#5more': 71}, 
1345.0, {'J10': -7499.0, 'J11': -99975.5, 'J12': -54867.0, 'J13': -25673.0, 'cluster3106249630_3106249631_J60_J61_#5more': -145771.5}, {'J10': 13, 'J11': 32, 'J12': 20, 'J13': 28, 'cluster3106249630_3106249631_J60_J61_#5more': 36}, {'J10': 18, 'J11': 48, 'J12': 67, 'J13': 43, 'cluster3106249630_3106249631_J60_J61_#5more': 71}, 
1350.0, {'J10': -7679.0, 'J11': -100455.5, 'J12': -55547.0, 'J13': -26103.0, 'cluster3106249630_3106249631_J60_J61_#5more': -146481.5}, {'J10': 13, 'J11': 32, 'J12': 20, 'J13': 28, 'cluster3106249630_3106249631_J60_J61_#5more': 36}, {'J10': 18, 'J11': 48, 'J12': 70, 'J13': 43, 'cluster3106249630_3106249631_J60_J61_#5more': 71}, 
1355.0, {'J10': -7859.0, 'J11': -100935.5, 'J12': -56248.0, 'J13': -26533.0, 'cluster3106249630_3106249631_J60_J61_#5more': -147191.5}, {'J10': 13, 'J11': 32, 'J12': 20, 'J13': 28, 'cluster3106249630_3106249631_J60_J61_#5more': 36}, {'J10': 18, 'J11': 48, 'J12': 71, 'J13': 43, 'cluster3106249630_3106249631_J60_J61_#5more': 71}, 
1360.0, {'J10': -8039.0, 'J11': -101415.5, 'J12': -56722.0, 'J13': -26963.0, 'cluster3106249630_3106249631_J60_J61_#5more': -147738.0}, {'J10': 13, 'J11': 32, 'J12': 20, 'J13': 28, 'cluster3106249630_3106249631_J60_J61_#5more': 36}, {'J10': 18, 'J11': 48, 'J12': 72, 'J13': 43, 'cluster3106249630_3106249631_J60_J61_#5more': 70}, 
1365.0, {'J10': -8221.5, 'J11': -101895.5, 'J12': -57214.0, 'J13': -27393.0, 'cluster3106249630_3106249631_J60_J61_#5more': -148438.0}, {'J10': 13, 'J11': 32, 'J12': 20, 'J13': 28, 'cluster3106249630_3106249631_J60_J61_#5more': 36}, {'J10': 19, 'J11': 48, 'J12': 72, 'J13': 43, 'cluster3106249630_3106249631_J60_J61_#5more': 70}, 
1370.0, {'J10': -8411.5, 'J11': -102377.0, 'J12': -57936.0, 'J13': -27823.0, 'cluster3106249630_3106249631_J60_J61_#5more': -149142.0}, {'J10': 13, 'J11': 32, 'J12': 20, 'J13': 28, 'cluster3106249630_3106249631_J60_J61_#5more': 36}, {'J10': 19, 'J11': 49, 'J12': 73, 'J13': 43, 'cluster3106249630_3106249631_J60_J61_#5more': 71}, 
1375.0, {'J10': -8601.5, 'J11': -102855.5, 'J12': -58667.0, 'J13': -25429.5, 'cluster3106249630_3106249631_J60_J61_#5more': -149852.0}, {'J10': 13, 'J11': 32, 'J12': 20, 'J13': 26, 'cluster3106249630_3106249631_J60_J61_#5more': 36}, {'J10': 19, 'J11': 48, 'J12': 74, 'J13': 39, 'cluster3106249630_3106249631_J60_J61_#5more': 71}, 
1380.0, {'J10': -8791.5, 'J11': -103335.5, 'J12': -59215.0, 'J13': -25188.5, 'cluster3106249630_3106249631_J60_J61_#5more': -150562.0}, {'J10': 13, 'J11': 32, 'J12': 20, 'J13': 26, 'cluster3106249630_3106249631_J60_J61_#5more': 36}, {'J10': 19, 'J11': 48, 'J12': 72, 'J13': 38, 'cluster3106249630_3106249631_J60_J61_#5more': 71}, 
1385.0, {'J10': -8981.5, 'J11': -103815.5, 'J12': -59670.0, 'J13': -25568.5, 'cluster3106249630_3106249631_J60_J61_#5more': -151059.5}, {'J10': 13, 'J11': 32, 'J12': 20, 'J13': 26, 'cluster3106249630_3106249631_J60_J61_#5more': 36}, {'J10': 19, 'J11': 48, 'J12': 73, 'J13': 38, 'cluster3106249630_3106249631_J60_J61_#5more': 70}, 
1390.0, {'J10': -8835.0, 'J11': -104295.5, 'J12': -60400.5, 'J13': -25951.5, 'cluster3106249630_3106249631_J60_J61_#5more': -151760.0}, {'J10': 13, 'J11': 32, 'J12': 20, 'J13': 26, 'cluster3106249630_3106249631_J60_J61_#5more': 36}, {'J10': 17, 'J11': 48, 'J12': 74, 'J13': 40, 'cluster3106249630_3106249631_J60_J61_#5more': 71}, 
1395.0, {'J10': -9005.0, 'J11': -104775.5, 'J12': -61140.5, 'J13': -26352.5, 'cluster3106249630_3106249631_J60_J61_#5more': -152462.5}, {'J10': 13, 'J11': 32, 'J12': 20, 'J13': 27, 'cluster3106249630_3106249631_J60_J61_#5more': 36}, {'J10': 17, 'J11': 48, 'J12': 74, 'J13': 41, 'cluster3106249630_3106249631_J60_J61_#5more': 71}, 
1400.0, {'J10': -9177.5, 'J11': -105255.5, 'J12': -61885.0, 'J13': -26767.5, 'cluster3106249630_3106249631_J60_J61_#5more': -153172.5}, {'J10': 13, 'J11': 32, 'J12': 20, 'J13': 28, 'cluster3106249630_3106249631_J60_J61_#5more': 36}, {'J10': 19, 'J11': 48, 'J12': 77, 'J13': 42, 'cluster3106249630_3106249631_J60_J61_#5more': 71}, 
1405.0, {'J10': -9357.0, 'J11': -105735.5, 'J12': -62666.0, 'J13': -27190.0, 'cluster3106249630_3106249631_J60_J61_#5more': -153882.5}, {'J10': 13, 'J11': 32, 'J12': 20, 'J13': 28, 'cluster3106249630_3106249631_J60_J61_#5more': 36}, {'J10': 18, 'J11': 48, 'J12': 80, 'J13': 43, 'cluster3106249630_3106249631_J60_J61_#5more': 71}, 
1410.0, {'J10': -9537.0, 'J11': -106215.5, 'J12': -63466.0, 'J13': -27620.0, 'cluster3106249630_3106249631_J60_J61_#5more': -154592.5}, {'J10': 13, 'J11': 32, 'J12': 20, 'J13': 28, 'cluster3106249630_3106249631_J60_J61_#5more': 36}, {'J10': 18, 'J11': 48, 'J12': 80, 'J13': 43, 'cluster3106249630_3106249631_J60_J61_#5more': 71}, 
1415.0, {'J10': -9717.0, 'J11': -106695.5, 'J12': -64268.0, 'J13': -28050.0, 'cluster3106249630_3106249631_J60_J61_#5more': -155302.5}, {'J10': 13, 'J11': 32, 'J12': 20, 'J13': 28, 'cluster3106249630_3106249631_J60_J61_#5more': 36}, {'J10': 18, 'J11': 48, 'J12': 81, 'J13': 43, 'cluster3106249630_3106249631_J60_J61_#5more': 71}, 
1420.0, {'J10': -9897.0, 'J11': -107175.5, 'J12': -65078.0, 'J13': -28480.0, 'cluster3106249630_3106249631_J60_J61_#5more': -156012.5}, {'J10': 13, 'J11': 32, 'J12': 20, 'J13': 28, 'cluster3106249630_3106249631_J60_J61_#5more': 36}, {'J10': 18, 'J11': 48, 'J12': 81, 'J13': 43, 'cluster3106249630_3106249631_J60_J61_#5more': 71}, 
1425.0, {'J10': -10077.0, 'J11': -107655.5, 'J12': -65888.0, 'J13': -28910.0, 'cluster3106249630_3106249631_J60_J61_#5more': -156722.5}, {'J10': 13, 'J11': 32, 'J12': 20, 'J13': 28, 'cluster3106249630_3106249631_J60_J61_#5more': 36}, {'J10': 18, 'J11': 48, 'J12': 81, 'J13': 43, 'cluster3106249630_3106249631_J60_J61_#5more': 71}, 
1430.0, {'J10': -10257.0, 'J11': -108136.0, 'J12': -66698.0, 'J13': -29340.0, 'cluster3106249630_3106249631_J60_J61_#5more': -157432.5}, {'J10': 13, 'J11': 32, 'J12': 20, 'J13': 28, 'cluster3106249630_3106249631_J60_J61_#5more': 36}, {'J10': 18, 'J11': 49, 'J12': 81, 'J13': 43, 'cluster3106249630_3106249631_J60_J61_#5more': 71}, 
1435.0, {'J10': -10437.0, 'J11': -108615.5, 'J12': -61355.5, 'J13': -29770.0, 'cluster3106249630_3106249631_J60_J61_#5more': -158142.5}, {'J10': 13, 'J11': 32, 'J12': 20, 'J13': 28, 'cluster3106249630_3106249631_J60_J61_#5more': 36}, {'J10': 18, 'J11': 48, 'J12': 72, 'J13': 43, 'cluster3106249630_3106249631_J60_J61_#5more': 71}, 
1440.0, {'J10': -10617.0, 'J11': -109095.5, 'J12': -62075.5, 'J13': -26140.5, 'cluster3106249630_3106249631_J60_J61_#5more': -158852.5}, {'J10': 13, 'J11': 32, 'J12': 20, 'J13': 25, 'cluster3106249630_3106249631_J60_J61_#5more': 36}, {'J10': 18, 'J11': 48, 'J12': 72, 'J13': 38, 'cluster3106249630_3106249631_J60_J61_#5more': 71}, 
1445.0, {'J10': -10797.0, 'J11': -109575.5, 'J12': -62804.5, 'J13': -25516.0, 'cluster3106249630_3106249631_J60_J61_#5more': -159562.5}, {'J10': 13, 'J11': 32, 'J12': 20, 'J13': 24, 'cluster3106249630_3106249631_J60_J61_#5more': 36}, {'J10': 18, 'J11': 48, 'J12': 76, 'J13': 37, 'cluster3106249630_3106249631_J60_J61_#5more': 71}, 
1450.0, {'J10': -10977.0, 'J11': -110055.5, 'J12': -63573.5, 'J13': -25886.0, 'cluster3106249630_3106249631_J60_J61_#5more': -160272.5}, {'J10': 13, 'J11': 32, 'J12': 20, 'J13': 24, 'cluster3106249630_3106249631_J60_J61_#5more': 36}, {'J10': 18, 'J11': 48, 'J12': 78, 'J13': 37, 'cluster3106249630_3106249631_J60_J61_#5more': 71}, 
1455.0, {'J10': -10786.0, 'J11': -110536.5, 'J12': -64353.5, 'J13': -26259.5, 'cluster3106249630_3106249631_J60_J61_#5more': -160982.5}, {'J10': 13, 'J11': 32, 'J12': 20, 'J13': 24, 'cluster3106249630_3106249631_J60_J61_#5more': 36}, {'J10': 18, 'J11': 49, 'J12': 78, 'J13': 38, 'cluster3106249630_3106249631_J60_J61_#5more': 71}, 
1460.0, {'J10': -10586.5, 'J11': -111026.5, 'J12': -65133.5, 'J13': -26639.5, 'cluster3106249630_3106249631_J60_J61_#5more': -161692.5}, {'J10': 13, 'J11': 32, 'J12': 20, 'J13': 24, 'cluster3106249630_3106249631_J60_J61_#5more': 36}, {'J10': 18, 'J11': 49, 'J12': 78, 'J13': 38, 'cluster3106249630_3106249631_J60_J61_#5more': 71}, 
1465.0, {'J10': -10775.5, 'J11': -111516.5, 'J12': -65913.5, 'J13': -27028.5, 'cluster3106249630_3106249631_J60_J61_#5more': -162402.5}, {'J10': 13, 'J11': 32, 'J12': 20, 'J13': 27, 'cluster3106249630_3106249631_J60_J61_#5more': 36}, {'J10': 22, 'J11': 49, 'J12': 78, 'J13': 41, 'cluster3106249630_3106249631_J60_J61_#5more': 71}, 
1470.0, {'J10': -10949.5, 'J11': -112006.5, 'J12': -66694.5, 'J13': -27442.5, 'cluster3106249630_3106249631_J60_J61_#5more': -163112.5}, {'J10': 13, 'J11': 32, 'J12': 20, 'J13': 28, 'cluster3106249630_3106249631_J60_J61_#5more': 36}, {'J10': 23, 'J11': 49, 'J12': 79, 'J13': 42, 'cluster3106249630_3106249631_J60_J61_#5more': 71}, 
1475.0, {'J10': -11118.0, 'J11': -112496.5, 'J12': -67484.5, 'J13': -27862.5, 'cluster3106249630_3106249631_J60_J61_#5more': -163822.5}, {'J10': 13, 'J11': 32, 'J12': 20, 'J13': 28, 'cluster3106249630_3106249631_J60_J61_#5more': 36}, {'J10': 20, 'J11': 49, 'J12': 79, 'J13': 42, 'cluster3106249630_3106249631_J60_J61_#5more': 71}, 
1480.0, {'J10': -11275.0, 'J11': -112935.5, 'J12': -68253.5, 'J13': -28282.5, 'cluster3106249630_3106249631_J60_J61_#5more': -164532.5}, {'J10': 13, 'J11': 32, 'J12': 20, 'J13': 28, 'cluster3106249630_3106249631_J60_J61_#5more': 36}, {'J10': 18, 'J11': 48, 'J12': 78, 'J13': 42, 'cluster3106249630_3106249631_J60_J61_#5more': 71}, 
1485.0, {'J10': -11460.0, 'J11': -113415.5, 'J12': -69033.5, 'J13': -28702.5, 'cluster3106249630_3106249631_J60_J61_#5more': -165242.5}, {'J10': 13, 'J11': 32, 'J12': 20, 'J13': 28, 'cluster3106249630_3106249631_J60_J61_#5more': 36}, {'J10': 19, 'J11': 48, 'J12': 78, 'J13': 42, 'cluster3106249630_3106249631_J60_J61_#5more': 71}, 
1490.0, {'J10': -11650.0, 'J11': -113895.5, 'J12': -69813.5, 'J13': -29122.5, 'cluster3106249630_3106249631_J60_J61_#5more': -165580.5}, {'J10': 13, 'J11': 32, 'J12': 20, 'J13': 28, 'cluster3106249630_3106249631_J60_J61_#5more': 36}, {'J10': 19, 'J11': 48, 'J12': 78, 'J13': 42, 'cluster3106249630_3106249631_J60_J61_#5more': 70}, 
1495.0, {'J10': -11840.0, 'J11': -114375.5, 'J12': -70593.5, 'J13': -29542.5, 'cluster3106249630_3106249631_J60_J61_#5more': -166280.5}, {'J10': 13, 'J11': 32, 'J12': 20, 'J13': 28, 'cluster3106249630_3106249631_J60_J61_#5more': 36}, {'J10': 19, 'J11': 48, 'J12': 78, 'J13': 42, 'cluster3106249630_3106249631_J60_J61_#5more': 70}, 
1500.0, {'J10': -12030.0, 'J11': -114855.5, 'J12': -68478.5, 'J13': -29962.5, 'cluster3106249630_3106249631_J60_J61_#5more': -166983.5}, {'J10': 13, 'J11': 32, 'J12': 20, 'J13': 28, 'cluster3106249630_3106249631_J60_J61_#5more': 36}, {'J10': 19, 'J11': 48, 'J12': 74, 'J13': 42, 'cluster3106249630_3106249631_J60_J61_#5more': 71}, 
1505.0, {'J10': -12220.0, 'J11': -115335.5, 'J12': -69208.0, 'J13': -24656.0, 'cluster3106249630_3106249631_J60_J61_#5more': -167693.5}, {'J10': 13, 'J11': 32, 'J12': 20, 'J13': 24, 'cluster3106249630_3106249631_J60_J61_#5more': 36}, {'J10': 19, 'J11': 48, 'J12': 73, 'J13': 37, 'cluster3106249630_3106249631_J60_J61_#5more': 71}, 
1510.0, {'J10': -12410.0, 'J11': -115815.5, 'J12': -69947.5, 'J13': -25015.5, 'cluster3106249630_3106249631_J60_J61_#5more': -168007.5}, {'J10': 13, 'J11': 32, 'J12': 20, 'J13': 24, 'cluster3106249630_3106249631_J60_J61_#5more': 36}, {'J10': 19, 'J11': 48, 'J12': 77, 'J13': 36, 'cluster3106249630_3106249631_J60_J61_#5more': 71}, 
1515.0, {'J10': -12600.0, 'J11': -116295.5, 'J12': -70725.5, 'J13': -25375.5, 'cluster3106249630_3106249631_J60_J61_#5more': -168717.5}, {'J10': 13, 'J11': 32, 'J12': 20, 'J13': 24, 'cluster3106249630_3106249631_J60_J61_#5more': 36}, {'J10': 19, 'J11': 48, 'J12': 79, 'J13': 36, 'cluster3106249630_3106249631_J60_J61_#5more': 71}, 
1520.0, {'J10': -12344.5, 'J11': -116775.5, 'J12': -71002.5, 'J13': -25738.0, 'cluster3106249630_3106249631_J60_J61_#5more': -169428.0}, {'J10': 13, 'J11': 32, 'J12': 20, 'J13': 24, 'cluster3106249630_3106249631_J60_J61_#5more': 36}, {'J10': 18, 'J11': 48, 'J12': 78, 'J13': 38, 'cluster3106249630_3106249631_J60_J61_#5more': 72}, 
1525.0, {'J10': -12524.5, 'J11': -117255.5, 'J12': -71261.5, 'J13': -26118.0, 'cluster3106249630_3106249631_J60_J61_#5more': -170113.5}, {'J10': 13, 'J11': 32, 'J12': 20, 'J13': 24, 'cluster3106249630_3106249631_J60_J61_#5more': 36}, {'J10': 18, 'J11': 48, 'J12': 77, 'J13': 38, 'cluster3106249630_3106249631_J60_J61_#5more': 71}, 
1530.0, {'J10': -12708.5, 'J11': -117735.5, 'J12': -72036.0, 'J13': -26508.0, 'cluster3106249630_3106249631_J60_J61_#5more': -170499.5}, {'J10': 13, 'J11': 32, 'J12': 20, 'J13': 27, 'cluster3106249630_3106249631_J60_J61_#5more': 36}, {'J10': 20, 'J11': 48, 'J12': 78, 'J13': 41, 'cluster3106249630_3106249631_J60_J61_#5more': 70}, 
1535.0, {'J10': -12865.5, 'J11': -118215.5, 'J12': -72816.0, 'J13': -26920.5, 'cluster3106249630_3106249631_J60_J61_#5more': -170916.5}, {'J10': 13, 'J11': 32, 'J12': 20, 'J13': 28, 'cluster3106249630_3106249631_J60_J61_#5more': 36}, {'J10': 18, 'J11': 48, 'J12': 78, 'J13': 42, 'cluster3106249630_3106249631_J60_J61_#5more': 69}, 
1540.0, {'J10': -13045.5, 'J11': -118695.5, 'J12': -71927.5, 'J13': -27340.5, 'cluster3106249630_3106249631_J60_J61_#5more': -171606.5}, {'J10': 13, 'J11': 32, 'J12': 20, 'J13': 28, 'cluster3106249630_3106249631_J60_J61_#5more': 36}, {'J10': 18, 'J11': 48, 'J12': 75, 'J13': 42, 'cluster3106249630_3106249631_J60_J61_#5more': 69}, 
1545.0, {'J10': -13225.5, 'J11': -119175.5, 'J12': -72347.5, 'J13': -27760.5, 'cluster3106249630_3106249631_J60_J61_#5more': -172296.5}, {'J10': 13, 'J11': 32, 'J12': 20, 'J13': 28, 'cluster3106249630_3106249631_J60_J61_#5more': 36}, {'J10': 18, 'J11': 48, 'J12': 75, 'J13': 42, 'cluster3106249630_3106249631_J60_J61_#5more': 69}, 
1550.0, {'J10': -13405.5, 'J11': -119655.5, 'J12': -73097.5, 'J13': -28180.5, 'cluster3106249630_3106249631_J60_J61_#5more': -172995.0}, {'J10': 13, 'J11': 32, 'J12': 20, 'J13': 28, 'cluster3106249630_3106249631_J60_J61_#5more': 36}, {'J10': 18, 'J11': 48, 'J12': 75, 'J13': 42, 'cluster3106249630_3106249631_J60_J61_#5more': 71}, 
1555.0, {'J10': -13585.5, 'J11': -120135.5, 'J12': -73847.5, 'J13': -28600.5, 'cluster3106249630_3106249631_J60_J61_#5more': -173592.0}, {'J10': 13, 'J11': 32, 'J12': 20, 'J13': 28, 'cluster3106249630_3106249631_J60_J61_#5more': 36}, {'J10': 18, 'J11': 48, 'J12': 75, 'J13': 42, 'cluster3106249630_3106249631_J60_J61_#5more': 70}, 
1560.0, {'J10': -13765.5, 'J11': -120617.0, 'J12': -74597.5, 'J13': -29020.5, 'cluster3106249630_3106249631_J60_J61_#5more': -174292.5}, {'J10': 13, 'J11': 32, 'J12': 20, 'J13': 28, 'cluster3106249630_3106249631_J60_J61_#5more': 36}, {'J10': 18, 'J11': 49, 'J12': 75, 'J13': 42, 'cluster3106249630_3106249631_J60_J61_#5more': 71}, 
1565.0, {'J10': -13945.5, 'J11': -121109.5, 'J12': -70706.0, 'J13': -29440.5, 'cluster3106249630_3106249631_J60_J61_#5more': -175002.5}, {'J10': 13, 'J11': 32, 'J12': 20, 'J13': 28, 'cluster3106249630_3106249631_J60_J61_#5more': 36}, {'J10': 18, 'J11': 50, 'J12': 69, 'J13': 42, 'cluster3106249630_3106249631_J60_J61_#5more': 71}, 
1570.0, {'J10': -14125.5, 'J11': -121575.5, 'J12': -70955.0, 'J13': -25012.5, 'cluster3106249630_3106249631_J60_J61_#5more': -175712.5}, {'J10': 13, 'J11': 32, 'J12': 20, 'J13': 24, 'cluster3106249630_3106249631_J60_J61_#5more': 36}, {'J10': 18, 'J11': 48, 'J12': 69, 'J13': 37, 'cluster3106249630_3106249631_J60_J61_#5more': 71}, 
1575.0, {'J10': -14305.5, 'J11': -122055.5, 'J12': -71635.5, 'J13': -25382.5, 'cluster3106249630_3106249631_J60_J61_#5more': -176422.5}, {'J10': 13, 'J11': 32, 'J12': 20, 'J13': 24, 'cluster3106249630_3106249631_J60_J61_#5more': 36}, {'J10': 18, 'J11': 48, 'J12': 70, 'J13': 37, 'cluster3106249630_3106249631_J60_J61_#5more': 71}, 
1580.0, {'J10': -14485.5, 'J11': -122535.5, 'J12': -72344.0, 'J13': -25752.5, 'cluster3106249630_3106249631_J60_J61_#5more': -177132.5}, {'J10': 13, 'J11': 32, 'J12': 20, 'J13': 24, 'cluster3106249630_3106249631_J60_J61_#5more': 36}, {'J10': 18, 'J11': 48, 'J12': 72, 'J13': 37, 'cluster3106249630_3106249631_J60_J61_#5more': 71}, 
1585.0, {'J10': -14667.0, 'J11': -123015.5, 'J12': -73064.0, 'J13': -26126.0, 'cluster3106249630_3106249631_J60_J61_#5more': -177842.5}, {'J10': 13, 'J11': 32, 'J12': 20, 'J13': 24, 'cluster3106249630_3106249631_J60_J61_#5more': 36}, {'J10': 19, 'J11': 48, 'J12': 72, 'J13': 38, 'cluster3106249630_3106249631_J60_J61_#5more': 71}, 
1590.0, {'J10': -14845.5, 'J11': -123495.5, 'J12': -73190.5, 'J13': -26506.0, 'cluster3106249630_3106249631_J60_J61_#5more': -178552.5}, {'J10': 13, 'J11': 32, 'J12': 20, 'J13': 24, 'cluster3106249630_3106249631_J60_J61_#5more': 36}, {'J10': 18, 'J11': 48, 'J12': 71, 'J13': 38, 'cluster3106249630_3106249631_J60_J61_#5more': 71}, 
1595.0, {'J10': -15025.5, 'J11': -123975.5, 'J12': -73902.5, 'J13': -26898.0, 'cluster3106249630_3106249631_J60_J61_#5more': -179262.5}, {'J10': 13, 'J11': 32, 'J12': 20, 'J13': 28, 'cluster3106249630_3106249631_J60_J61_#5more': 36}, {'J10': 18, 'J11': 48, 'J12': 72, 'J13': 42, 'cluster3106249630_3106249631_J60_J61_#5more': 71}, 
1600.0, {'J10': -15205.5, 'J11': -124455.5, 'J12': -74622.5, 'J13': -27318.0, 'cluster3106249630_3106249631_J60_J61_#5more': -179972.5}, {'J10': 13, 'J11': 32, 'J12': 20, 'J13': 28, 'cluster3106249630_3106249631_J60_J61_#5more': 36}, {'J10': 18, 'J11': 48, 'J12': 72, 'J13': 42, 'cluster3106249630_3106249631_J60_J61_#5more': 71}, 
1605.0, {'J10': -15385.5, 'J11': -124935.5, 'J12': -73647.0, 'J13': -27738.0, 'cluster3106249630_3106249631_J60_J61_#5more': -180682.5}, {'J10': 13, 'J11': 32, 'J12': 20, 'J13': 28, 'cluster3106249630_3106249631_J60_J61_#5more': 36}, {'J10': 18, 'J11': 48, 'J12': 70, 'J13': 42, 'cluster3106249630_3106249631_J60_J61_#5more': 71}, 
1610.0, {'J10': -15565.5, 'J11': -125417.0, 'J12': -74347.0, 'J13': -28158.0, 'cluster3106249630_3106249631_J60_J61_#5more': -181392.5}, {'J10': 13, 'J11': 32, 'J12': 20, 'J13': 28, 'cluster3106249630_3106249631_J60_J61_#5more': 36}, {'J10': 18, 'J11': 49, 'J12': 70, 'J13': 42, 'cluster3106249630_3106249631_J60_J61_#5more': 71}, 
1615.0, {'J10': -15745.5, 'J11': -125911.5, 'J12': -75047.0, 'J13': -28578.0, 'cluster3106249630_3106249631_J60_J61_#5more': -182102.5}, {'J10': 13, 'J11': 32, 'J12': 20, 'J13': 28, 'cluster3106249630_3106249631_J60_J61_#5more': 36}, {'J10': 18, 'J11': 51, 'J12': 70, 'J13': 42, 'cluster3106249630_3106249631_J60_J61_#5more': 71}, 
1620.0, {'J10': -15925.5, 'J11': -126404.0, 'J12': -75749.0, 'J13': -28998.0, 'cluster3106249630_3106249631_J60_J61_#5more': -182812.5}, {'J10': 13, 'J11': 32, 'J12': 20, 'J13': 28, 'cluster3106249630_3106249631_J60_J61_#5more': 36}, {'J10': 18, 'J11': 52, 'J12': 72, 'J13': 42, 'cluster3106249630_3106249631_J60_J61_#5more': 71}, 
1625.0, {'J10': -16106.0, 'J11': -126897.0, 'J12': -76469.5, 'J13': -29418.0, 'cluster3106249630_3106249631_J60_J61_#5more': -183522.5}, {'J10': 13, 'J11': 32, 'J12': 20, 'J13': 28, 'cluster3106249630_3106249631_J60_J61_#5more': 36}, {'J10': 19, 'J11': 52, 'J12': 73, 'J13': 42, 'cluster3106249630_3106249631_J60_J61_#5more': 71}, 
1630.0, {'J10': -16296.0, 'J11': -127419.5, 'J12': -72991.0, 'J13': -29841.0, 'cluster3106249630_3106249631_J60_J61_#5more': -184232.5}, {'J10': 13, 'J11': 32, 'J12': 20, 'J13': 28, 'cluster3106249630_3106249631_J60_J61_#5more': 36}, {'J10': 19, 'J11': 54, 'J12': 69, 'J13': 43, 'cluster3106249630_3106249631_J60_J61_#5more': 71}, 
1635.0, {'J10': -16491.0, 'J11': -127861.5, 'J12': -73300.5, 'J13': -27399.5, 'cluster3106249630_3106249631_J60_J61_#5more': -184942.5}, {'J10': 13, 'J11': 32, 'J12': 20, 'J13': 26, 'cluster3106249630_3106249631_J60_J61_#5more': 36}, {'J10': 20, 'J11': 52, 'J12': 68, 'J13': 39, 'cluster3106249630_3106249631_J60_J61_#5more': 71}, 
1640.0, {'J10': -16691.0, 'J11': -128331.0, 'J12': -73986.0, 'J13': -25155.0, 'cluster3106249630_3106249631_J60_J61_#5more': -185652.5}, {'J10': 13, 'J11': 32, 'J12': 20, 'J13': 24, 'cluster3106249630_3106249631_J60_J61_#5more': 36}, {'J10': 20, 'J11': 51, 'J12': 72, 'J13': 36, 'cluster3106249630_3106249631_J60_J61_#5more': 71}, 
1645.0, {'J10': -16866.0, 'J11': -128775.5, 'J12': -74729.5, 'J13': -25515.0, 'cluster3106249630_3106249631_J60_J61_#5more': -186362.5}, {'J10': 13, 'J11': 32, 'J12': 20, 'J13': 24, 'cluster3106249630_3106249631_J60_J61_#5more': 36}, {'J10': 19, 'J11': 48, 'J12': 78, 'J13': 36, 'cluster3106249630_3106249631_J60_J61_#5more': 71}, 
1650.0, {'J10': -17005.5, 'J11': -129255.5, 'J12': -74989.0, 'J13': -25878.5, 'cluster3106249630_3106249631_J60_J61_#5more': -187075.5}, {'J10': 13, 'J11': 32, 'J12': 20, 'J13': 24, 'cluster3106249630_3106249631_J60_J61_#5more': 36}, {'J10': 18, 'J11': 48, 'J12': 77, 'J13': 38, 'cluster3106249630_3106249631_J60_J61_#5more': 72}, 
1655.0, {'J10': -17187.5, 'J11': -129735.5, 'J12': -75738.5, 'J13': -26258.5, 'cluster3106249630_3106249631_J60_J61_#5more': -187512.0}, {'J10': 13, 'J11': 32, 'J12': 20, 'J13': 24, 'cluster3106249630_3106249631_J60_J61_#5more': 36}, {'J10': 19, 'J11': 48, 'J12': 76, 'J13': 38, 'cluster3106249630_3106249631_J60_J61_#5more': 70}, 
1660.0, {'J10': -17365.5, 'J11': -130215.5, 'J12': -76498.5, 'J13': -26645.5, 'cluster3106249630_3106249631_J60_J61_#5more': -188212.0}, {'J10': 13, 'J11': 32, 'J12': 20, 'J13': 27, 'cluster3106249630_3106249631_J60_J61_#5more': 36}, {'J10': 18, 'J11': 48, 'J12': 76, 'J13': 41, 'cluster3106249630_3106249631_J60_J61_#5more': 70}, 
1665.0, {'J10': -17545.5, 'J11': -130695.5, 'J12': -77258.5, 'J13': -27058.5, 'cluster3106249630_3106249631_J60_J61_#5more': -188912.0}, {'J10': 13, 'J11': 32, 'J12': 20, 'J13': 28, 'cluster3106249630_3106249631_J60_J61_#5more': 36}, {'J10': 18, 'J11': 48, 'J12': 76, 'J13': 42, 'cluster3106249630_3106249631_J60_J61_#5more': 70}, 
1670.0, {'J10': -17725.5, 'J11': -131175.5, 'J12': -78018.5, 'J13': -27478.5, 'cluster3106249630_3106249631_J60_J61_#5more': -189615.0}, {'J10': 13, 'J11': 32, 'J12': 20, 'J13': 28, 'cluster3106249630_3106249631_J60_J61_#5more': 36}, {'J10': 18, 'J11': 48, 'J12': 76, 'J13': 42, 'cluster3106249630_3106249631_J60_J61_#5more': 71}, 
1675.0, {'J10': -17905.5, 'J11': -131655.5, 'J12': -78778.5, 'J13': -27898.5, 'cluster3106249630_3106249631_J60_J61_#5more': -190329.5}, {'J10': 13, 'J11': 32, 'J12': 20, 'J13': 28, 'cluster3106249630_3106249631_J60_J61_#5more': 36}, {'J10': 18, 'J11': 48, 'J12': 76, 'J13': 42, 'cluster3106249630_3106249631_J60_J61_#5more': 72}, 
1680.0, {'J10': -18085.5, 'J11': -132135.5, 'J12': -79538.5, 'J13': -28318.5, 'cluster3106249630_3106249631_J60_J61_#5more': -190524.0}, {'J10': 13, 'J11': 32, 'J12': 20, 'J13': 28, 'cluster3106249630_3106249631_J60_J61_#5more': 36}, {'J10': 18, 'J11': 48, 'J12': 76, 'J13': 42, 'cluster3106249630_3106249631_J60_J61_#5more': 72}, 
1685.0, {'J10': -18265.5, 'J11': -132615.5, 'J12': -80299.5, 'J13': -28742.0, 'cluster3106249630_3106249631_J60_J61_#5more': -190997.0}, {'J10': 13, 'J11': 32, 'J12': 20, 'J13': 28, 'cluster3106249630_3106249631_J60_J61_#5more': 36}, {'J10': 18, 'J11': 48, 'J12': 77, 'J13': 43, 'cluster3106249630_3106249631_J60_J61_#5more': 72}, 
1690.0, {'J10': -18445.5, 'J11': -133100.0, 'J12': -81069.5, 'J13': -29172.0, 'cluster3106249630_3106249631_J60_J61_#5more': -191717.0}, {'J10': 13, 'J11': 32, 'J12': 20, 'J13': 28, 'cluster3106249630_3106249631_J60_J61_#5more': 36}, {'J10': 18, 'J11': 49, 'J12': 77, 'J13': 43, 'cluster3106249630_3106249631_J60_J61_#5more': 72}, 
1695.0, {'J10': -18625.5, 'J11': -133575.5, 'J12': -77625.0, 'J13': -29602.0, 'cluster3106249630_3106249631_J60_J61_#5more': -192443.5}, {'J10': 13, 'J11': 32, 'J12': 20, 'J13': 28, 'cluster3106249630_3106249631_J60_J61_#5more': 36}, {'J10': 18, 'J11': 48, 'J12': 71, 'J13': 43, 'cluster3106249630_3106249631_J60_J61_#5more': 75}, 
1700.0, {'J10': -18805.5, 'J11': -134055.5, 'J12': -77964.0, 'J13': -26798.5, 'cluster3106249630_3106249631_J60_J61_#5more': -193193.5}, {'J10': 13, 'J11': 32, 'J12': 20, 'J13': 26, 'cluster3106249630_3106249631_J60_J61_#5more': 36}, {'J10': 18, 'J11': 48, 'J12': 71, 'J13': 39, 'cluster3106249630_3106249631_J60_J61_#5more': 75}, 
1705.0, {'J10': -18985.5, 'J11': -134536.5, 'J12': -78675.5, 'J13': -25139.5, 'cluster3106249630_3106249631_J60_J61_#5more': -193811.5}, {'J10': 13, 'J11': 32, 'J12': 20, 'J13': 24, 'cluster3106249630_3106249631_J60_J61_#5more': 36}, {'J10': 18, 'J11': 49, 'J12': 73, 'J13': 36, 'cluster3106249630_3106249631_J60_J61_#5more': 75}, 
1710.0, {'J10': -19165.5, 'J11': -135015.5, 'J12': -79413.5, 'J13': -25499.5, 'cluster3106249630_3106249631_J60_J61_#5more': -194434.0}, {'J10': 13, 'J11': 32, 'J12': 20, 'J13': 24, 'cluster3106249630_3106249631_J60_J61_#5more': 36}, {'J10': 18, 'J11': 48, 'J12': 75, 'J13': 36, 'cluster3106249630_3106249631_J60_J61_#5more': 72}, 
1715.0, {'J10': -19347.0, 'J11': -135495.5, 'J12': -79503.0, 'J13': -25862.0, 'cluster3106249630_3106249631_J60_J61_#5more': -191570.5}, {'J10': 13, 'J11': 32, 'J12': 20, 'J13': 24, 'cluster3106249630_3106249631_J60_J61_#5more': 36}, {'J10': 19, 'J11': 48, 'J12': 74, 'J13': 38, 'cluster3106249630_3106249631_J60_J61_#5more': 69}, 
1720.0, {'J10': -19525.5, 'J11': -135975.5, 'J12': -80243.0, 'J13': -26243.5, 'cluster3106249630_3106249631_J60_J61_#5more': -192261.5}, {'J10': 13, 'J11': 32, 'J12': 20, 'J13': 24, 'cluster3106249630_3106249631_J60_J61_#5more': 36}, {'J10': 18, 'J11': 48, 'J12': 74, 'J13': 39, 'cluster3106249630_3106249631_J60_J61_#5more': 71}, 
1725.0, {'J10': -19705.5, 'J11': -136455.5, 'J12': -80984.5, 'J13': -26643.5, 'cluster3106249630_3106249631_J60_J61_#5more': -192973.5}, {'J10': 13, 'J11': 32, 'J12': 20, 'J13': 27, 'cluster3106249630_3106249631_J60_J61_#5more': 36}, {'J10': 18, 'J11': 48, 'J12': 75, 'J13': 42, 'cluster3106249630_3106249631_J60_J61_#5more': 72}, 
1730.0, {'J10': -19885.5, 'J11': -136935.5, 'J12': -81734.5, 'J13': -27068.0, 'cluster3106249630_3106249631_J60_J61_#5more': -193551.0}, {'J10': 13, 'J11': 32, 'J12': 20, 'J13': 28, 'cluster3106249630_3106249631_J60_J61_#5more': 36}, {'J10': 18, 'J11': 48, 'J12': 75, 'J13': 43, 'cluster3106249630_3106249631_J60_J61_#5more': 72}, 
1735.0, {'J10': -20065.5, 'J11': -137415.5, 'J12': -80314.0, 'J13': -27498.0, 'cluster3106249630_3106249631_J60_J61_#5more': -194126.5}, {'J10': 13, 'J11': 32, 'J12': 20, 'J13': 28, 'cluster3106249630_3106249631_J60_J61_#5more': 36}, {'J10': 18, 'J11': 48, 'J12': 71, 'J13': 43, 'cluster3106249630_3106249631_J60_J61_#5more': 68}, 
1740.0, {'J10': -20245.5, 'J11': -137895.5, 'J12': -81028.5, 'J13': -27928.0, 'cluster3106249630_3106249631_J60_J61_#5more': -194764.5}, {'J10': 13, 'J11': 32, 'J12': 20, 'J13': 28, 'cluster3106249630_3106249631_J60_J61_#5more': 36}, {'J10': 18, 'J11': 48, 'J12': 72, 'J13': 43, 'cluster3106249630_3106249631_J60_J61_#5more': 67}, 
1745.0, {'J10': -20425.5, 'J11': -138375.5, 'J12': -81757.0, 'J13': -28358.0, 'cluster3106249630_3106249631_J60_J61_#5more': -195445.5}, {'J10': 13, 'J11': 32, 'J12': 20, 'J13': 28, 'cluster3106249630_3106249631_J60_J61_#5more': 36}, {'J10': 18, 'J11': 48, 'J12': 74, 'J13': 43, 'cluster3106249630_3106249631_J60_J61_#5more': 71}, 
1750.0, {'J10': -20605.5, 'J11': -138855.5, 'J12': -82501.0, 'J13': -28788.0, 'cluster3106249630_3106249631_J60_J61_#5more': -196155.5}, {'J10': 13, 'J11': 32, 'J12': 20, 'J13': 28, 'cluster3106249630_3106249631_J60_J61_#5more': 36}, {'J10': 18, 'J11': 48, 'J12': 75, 'J13': 43, 'cluster3106249630_3106249631_J60_J61_#5more': 71}, 
1755.0, {'J10': -20785.5, 'J11': -139335.5, 'J12': -83251.0, 'J13': -29218.0, 'cluster3106249630_3106249631_J60_J61_#5more': -196842.5}, {'J10': 13, 'J11': 32, 'J12': 20, 'J13': 28, 'cluster3106249630_3106249631_J60_J61_#5more': 36}, {'J10': 18, 'J11': 48, 'J12': 75, 'J13': 43, 'cluster3106249630_3106249631_J60_J61_#5more': 70}, 
1760.0, {'J10': -20965.5, 'J11': -139815.5, 'J12': -83137.0, 'J13': -29648.0, 'cluster3106249630_3106249631_J60_J61_#5more': -197548.0}, {'J10': 13, 'J11': 32, 'J12': 20, 'J13': 28, 'cluster3106249630_3106249631_J60_J61_#5more': 36}, {'J10': 18, 'J11': 48, 'J12': 72, 'J13': 43, 'cluster3106249630_3106249631_J60_J61_#5more': 73}, 
1765.0, {'J10': -21145.5, 'J11': -140295.5, 'J12': -83108.5, 'J13': -27138.5, 'cluster3106249630_3106249631_J60_J61_#5more': -198236.5}, {'J10': 13, 'J11': 32, 'J12': 20, 'J13': 26, 'cluster3106249630_3106249631_J60_J61_#5more': 36}, {'J10': 18, 'J11': 48, 'J12': 70, 'J13': 38, 'cluster3106249630_3106249631_J60_J61_#5more': 72}, 
1770.0, {'J10': -21325.5, 'J11': -140775.5, 'J12': -83817.0, 'J13': -25640.0, 'cluster3106249630_3106249631_J60_J61_#5more': -198956.5}, {'J10': 13, 'J11': 32, 'J12': 20, 'J13': 24, 'cluster3106249630_3106249631_J60_J61_#5more': 36}, {'J10': 18, 'J11': 48, 'J12': 73, 'J13': 36, 'cluster3106249630_3106249631_J60_J61_#5more': 72}, 
1775.0, {'J10': -21507.5, 'J11': -141255.5, 'J12': -84559.5, 'J13': -26000.0, 'cluster3106249630_3106249631_J60_J61_#5more': -199682.5}, {'J10': 13, 'J11': 32, 'J12': 20, 'J13': 24, 'cluster3106249630_3106249631_J60_J61_#5more': 36}, {'J10': 19, 'J11': 48, 'J12': 76, 'J13': 36, 'cluster3106249630_3106249631_J60_J61_#5more': 75}, 
1780.0, {'J10': -21687.0, 'J11': -141735.5, 'J12': -84486.5, 'J13': -26364.0, 'cluster3106249630_3106249631_J60_J61_#5more': -197916.0}, {'J10': 13, 'J11': 32, 'J12': 20, 'J13': 24, 'cluster3106249630_3106249631_J60_J61_#5more': 36}, {'J10': 19, 'J11': 48, 'J12': 75, 'J13': 38, 'cluster3106249630_3106249631_J60_J61_#5more': 72}, 
1785.0, {'J10': -21866.0, 'J11': -142215.5, 'J12': -85153.5, 'J13': -26744.0, 'cluster3106249630_3106249631_J60_J61_#5more': -198637.5}, {'J10': 13, 'J11': 32, 'J12': 20, 'J13': 24, 'cluster3106249630_3106249631_J60_J61_#5more': 36}, {'J10': 19, 'J11': 48, 'J12': 75, 'J13': 38, 'cluster3106249630_3106249631_J60_J61_#5more': 73}, 
1790.0, {'J10': -22056.0, 'J11': -142695.5, 'J12': -85893.5, 'J13': -27133.0, 'cluster3106249630_3106249631_J60_J61_#5more': -199290.5}, {'J10': 13, 'J11': 32, 'J12': 20, 'J13': 27, 'cluster3106249630_3106249631_J60_J61_#5more': 36}, {'J10': 19, 'J11': 48, 'J12': 75, 'J13': 41, 'cluster3106249630_3106249631_J60_J61_#5more': 70}, 
1795.0, {'J10': -22246.0, 'J11': -143175.5, 'J12': -85871.0, 'J13': -27546.5, 'cluster3106249630_3106249631_J60_J61_#5more': -199991.0}, {'J10': 13, 'J11': 32, 'J12': 20, 'J13': 28, 'cluster3106249630_3106249631_J60_J61_#5more': 36}, {'J10': 19, 'J11': 48, 'J12': 73, 'J13': 42, 'cluster3106249630_3106249631_J60_J61_#5more': 71}, 
1800.0, {'J10': -22436.0, 'J11': -143655.5, 'J12': -86604.5, 'J13': -27966.5, 'cluster3106249630_3106249631_J60_J61_#5more': -200708.5}, {'J10': 13, 'J11': 32, 'J12': 20, 'J13': 28, 'cluster3106249630_3106249631_J60_J61_#5more': 36}, {'J10': 19, 'J11': 48, 'J12': 74, 'J13': 42, 'cluster3106249630_3106249631_J60_J61_#5more': 74}, 
1805.0, {'J10': -22626.0, 'J11': -144135.5, 'J12': -87344.5, 'J13': -28386.5, 'cluster3106249630_3106249631_J60_J61_#5more': -201448.5}, {'J10': 13, 'J11': 32, 'J12': 20, 'J13': 28, 'cluster3106249630_3106249631_J60_J61_#5more': 36}, {'J10': 19, 'J11': 48, 'J12': 74, 'J13': 42, 'cluster3106249630_3106249631_J60_J61_#5more': 74}, 
1810.0, {'J10': -22816.0, 'J11': -144615.5, 'J12': -87527.5, 'J13': -28809.0, 'cluster3106249630_3106249631_J60_J61_#5more': -202188.5}, {'J10': 13, 'J11': 32, 'J12': 20, 'J13': 28, 'cluster3106249630_3106249631_J60_J61_#5more': 36}, {'J10': 19, 'J11': 48, 'J12': 75, 'J13': 43, 'cluster3106249630_3106249631_J60_J61_#5more': 74}, 
1815.0, {'J10': -23010.0, 'J11': -145095.5, 'J12': -88263.5, 'J13': -29239.0, 'cluster3106249630_3106249631_J60_J61_#5more': -202928.5}, {'J10': 13, 'J11': 32, 'J12': 20, 'J13': 28, 'cluster3106249630_3106249631_J60_J61_#5more': 36}, {'J10': 20, 'J11': 48, 'J12': 74, 'J13': 43, 'cluster3106249630_3106249631_J60_J61_#5more': 74}, 
1820.0, {'J10': -23210.0, 'J11': -145575.5, 'J12': -89003.5, 'J13': -29669.0, 'cluster3106249630_3106249631_J60_J61_#5more': -203668.5}, {'J10': 13, 'J11': 32, 'J12': 20, 'J13': 28, 'cluster3106249630_3106249631_J60_J61_#5more': 36}, {'J10': 20, 'J11': 48, 'J12': 74, 'J13': 43, 'cluster3106249630_3106249631_J60_J61_#5more': 74}, 
1825.0, {'J10': -23410.0, 'J11': -146055.5, 'J12': -89743.5, 'J13': -30099.0, 'cluster3106249630_3106249631_J60_J61_#5more': -204408.5}, {'J10': 13, 'J11': 32, 'J12': 20, 'J13': 28, 'cluster3106249630_3106249631_J60_J61_#5more': 36}, {'J10': 20, 'J11': 48, 'J12': 74, 'J13': 43, 'cluster3106249630_3106249631_J60_J61_#5more': 74}, 
1830.0, {'J10': -23610.0, 'J11': -146535.5, 'J12': -89019.0, 'J13': -27645.0, 'cluster3106249630_3106249631_J60_J61_#5more': -205078.0}, {'J10': 13, 'J11': 32, 'J12': 20, 'J13': 26, 'cluster3106249630_3106249631_J60_J61_#5more': 36}, {'J10': 20, 'J11': 48, 'J12': 73, 'J13': 38, 'cluster3106249630_3106249631_J60_J61_#5more': 73}, 
1835.0, {'J10': -23810.0, 'J11': -147015.5, 'J12': -89749.0, 'J13': -26269.0, 'cluster3106249630_3106249631_J60_J61_#5more': -205734.0}, {'J10': 13, 'J11': 32, 'J12': 20, 'J13': 24, 'cluster3106249630_3106249631_J60_J61_#5more': 36}, {'J10': 20, 'J11': 48, 'J12': 73, 'J13': 36, 'cluster3106249630_3106249631_J60_J61_#5more': 72}, 
1840.0, {'J10': -24010.0, 'J11': -147495.5, 'J12': -89683.0, 'J13': -26629.0, 'cluster3106249630_3106249631_J60_J61_#5more': -206372.0}, {'J10': 13, 'J11': 32, 'J12': 20, 'J13': 24, 'cluster3106249630_3106249631_J60_J61_#5more': 36}, {'J10': 20, 'J11': 48, 'J12': 71, 'J13': 36, 'cluster3106249630_3106249631_J60_J61_#5more': 71}, 
1845.0, {'J10': -24091.0, 'J11': -147975.5, 'J12': -90393.0, 'J13': -26992.0, 'cluster3106249630_3106249631_J60_J61_#5more': -207087.0}, {'J10': 13, 'J11': 32, 'J12': 20, 'J13': 24, 'cluster3106249630_3106249631_J60_J61_#5more': 36}, {'J10': 20, 'J11': 48, 'J12': 71, 'J13': 38, 'cluster3106249630_3106249631_J60_J61_#5more': 73}, 
1850.0, {'J10': -24206.5, 'J11': -148455.5, 'J12': -90212.0, 'J13': -27372.0, 'cluster3106249630_3106249631_J60_J61_#5more': -207717.0}, {'J10': 13, 'J11': 32, 'J12': 20, 'J13': 24, 'cluster3106249630_3106249631_J60_J61_#5more': 36}, {'J10': 19, 'J11': 48, 'J12': 72, 'J13': 38, 'cluster3106249630_3106249631_J60_J61_#5more': 73}, 
1855.0, {'J10': -24396.5, 'J11': -148935.5, 'J12': -90941.5, 'J13': -27758.0, 'cluster3106249630_3106249631_J60_J61_#5more': -208402.0}, {'J10': 13, 'J11': 32, 'J12': 20, 'J13': 26, 'cluster3106249630_3106249631_J60_J61_#5more': 36}, {'J10': 19, 'J11': 48, 'J12': 74, 'J13': 40, 'cluster3106249630_3106249631_J60_J61_#5more': 71}, 
1860.0, {'J10': -24590.5, 'J11': -149415.5, 'J12': -90712.0, 'J13': -28165.0, 'cluster3106249630_3106249631_J60_J61_#5more': -209090.5}, {'J10': 13, 'J11': 32, 'J12': 20, 'J13': 28, 'cluster3106249630_3106249631_J60_J61_#5more': 36}, {'J10': 20, 'J11': 48, 'J12': 75, 'J13': 42, 'cluster3106249630_3106249631_J60_J61_#5more': 70}, 
1865.0, {'J10': -24790.5, 'J11': -149895.5, 'J12': -90981.5, 'J13': -28585.0, 'cluster3106249630_3106249631_J60_J61_#5more': -209790.5}, {'J10': 13, 'J11': 32, 'J12': 20, 'J13': 28, 'cluster3106249630_3106249631_J60_J61_#5more': 36}, {'J10': 20, 'J11': 48, 'J12': 74, 'J13': 42, 'cluster3106249630_3106249631_J60_J61_#5more': 70}, 
1870.0, {'J10': -24990.5, 'J11': -150375.5, 'J12': -88092.0, 'J13': -29005.0, 'cluster3106249630_3106249631_J60_J61_#5more': -210490.5}, {'J10': 13, 'J11': 32, 'J12': 20, 'J13': 28, 'cluster3106249630_3106249631_J60_J61_#5more': 36}, {'J10': 20, 'J11': 48, 'J12': 70, 'J13': 42, 'cluster3106249630_3106249631_J60_J61_#5more': 70}, 
1875.0, {'J10': -25190.5, 'J11': -150855.5, 'J12': -88251.5, 'J13': -29425.0, 'cluster3106249630_3106249631_J60_J61_#5more': -211196.0}, {'J10': 13, 'J11': 32, 'J12': 20, 'J13': 28, 'cluster3106249630_3106249631_J60_J61_#5more': 36}, {'J10': 20, 'J11': 48, 'J12': 69, 'J13': 42, 'cluster3106249630_3106249631_J60_J61_#5more': 72}, 
1880.0, {'J10': -25390.5, 'J11': -151335.5, 'J12': -88941.5, 'J13': -29845.0, 'cluster3106249630_3106249631_J60_J61_#5more': -211922.5}, {'J10': 13, 'J11': 32, 'J12': 20, 'J13': 28, 'cluster3106249630_3106249631_J60_J61_#5more': 36}, {'J10': 20, 'J11': 48, 'J12': 69, 'J13': 42, 'cluster3106249630_3106249631_J60_J61_#5more': 74}, 
1885.0, {'J10': -25590.5, 'J11': -151815.5, 'J12': -89645.5, 'J13': -30265.0, 'cluster3106249630_3106249631_J60_J61_#5more': -212617.0}, {'J10': 13, 'J11': 32, 'J12': 20, 'J13': 28, 'cluster3106249630_3106249631_J60_J61_#5more': 36}, {'J10': 20, 'J11': 48, 'J12': 73, 'J13': 42, 'cluster3106249630_3106249631_J60_J61_#5more': 72}, 
1890.0, {'J10': -25790.5, 'J11': -152295.5, 'J12': -90376.5, 'J13': -30685.0, 'cluster3106249630_3106249631_J60_J61_#5more': -213291.5}, {'J10': 13, 'J11': 32, 'J12': 20, 'J13': 28, 'cluster3106249630_3106249631_J60_J61_#5more': 36}, {'J10': 20, 'J11': 48, 'J12': 74, 'J13': 42, 'cluster3106249630_3106249631_J60_J61_#5more': 71}, 
1895.0, {'J10': -25990.5, 'J11': -152775.5, 'J12': -91122.5, 'J13': -28888.0, 'cluster3106249630_3106249631_J60_J61_#5more': -213990.5}, {'J10': 13, 'J11': 32, 'J12': 20, 'J13': 26, 'cluster3106249630_3106249631_J60_J61_#5more': 36}, {'J10': 20, 'J11': 48, 'J12': 76, 'J13': 39, 'cluster3106249630_3106249631_J60_J61_#5more': 70}, 
1900.0, {'J10': -26190.5, 'J11': -153255.5, 'J12': -91882.5, 'J13': -27541.0, 'cluster3106249630_3106249631_J60_J61_#5more': -214690.5}, {'J10': 13, 'J11': 32, 'J12': 20, 'J13': 24, 'cluster3106249630_3106249631_J60_J61_#5more': 36}, {'J10': 20, 'J11': 48, 'J12': 76, 'J13': 37, 'cluster3106249630_3106249631_J60_J61_#5more': 70}, 
1905.0, {'J10': -26390.5, 'J11': -153735.5, 'J12': -92642.5, 'J13': -27915.5, 'cluster3106249630_3106249631_J60_J61_#5more': -215390.5}, {'J10': 13, 'J11': 32, 'J12': 20, 'J13': 24, 'cluster3106249630_3106249631_J60_J61_#5more': 36}, {'J10': 20, 'J11': 48, 'J12': 76, 'J13': 38, 'cluster3106249630_3106249631_J60_J61_#5more': 70}, 
1910.0, {'J10': -26469.5, 'J11': -154215.5, 'J12': -93402.5, 'J13': -28299.0, 'cluster3106249630_3106249631_J60_J61_#5more': -216090.5}, {'J10': 13, 'J11': 32, 'J12': 20, 'J13': 24, 'cluster3106249630_3106249631_J60_J61_#5more': 36}, {'J10': 19, 'J11': 48, 'J12': 76, 'J13': 39, 'cluster3106249630_3106249631_J60_J61_#5more': 70}, 
1915.0, {'J10': -26547.5, 'J11': -154703.5, 'J12': -94162.5, 'J13': -28689.0, 'cluster3106249630_3106249631_J60_J61_#5more': -216790.5}, {'J10': 13, 'J11': 32, 'J12': 20, 'J13': 24, 'cluster3106249630_3106249631_J60_J61_#5more': 36}, {'J10': 19, 'J11': 51, 'J12': 76, 'J13': 39, 'cluster3106249630_3106249631_J60_J61_#5more': 70}, 
1920.0, {'J10': -26737.5, 'J11': -155198.5, 'J12': -94922.5, 'J13': -29087.0, 'cluster3106249630_3106249631_J60_J61_#5more': -217490.5}, {'J10': 13, 'J11': 32, 'J12': 20, 'J13': 26, 'cluster3106249630_3106249631_J60_J61_#5more': 36}, {'J10': 19, 'J11': 50, 'J12': 76, 'J13': 41, 'cluster3106249630_3106249631_J60_J61_#5more': 70}, 
1925.0, {'J10': -26927.5, 'J11': -155700.0, 'J12': -95683.5, 'J13': -29503.5, 'cluster3106249630_3106249631_J60_J61_#5more': -218194.5}, {'J10': 13, 'J11': 32, 'J12': 20, 'J13': 28, 'cluster3106249630_3106249631_J60_J61_#5more': 36}, {'J10': 19, 'J11': 51, 'J12': 77, 'J13': 43, 'cluster3106249630_3106249631_J60_J61_#5more': 73}, 
1930.0, {'J10': -27117.5, 'J11': -156210.0, 'J12': -96453.5, 'J13': -29933.5, 'cluster3106249630_3106249631_J60_J61_#5more': -218924.5}, {'J10': 13, 'J11': 32, 'J12': 20, 'J13': 28, 'cluster3106249630_3106249631_J60_J61_#5more': 36}, {'J10': 19, 'J11': 51, 'J12': 77, 'J13': 43, 'cluster3106249630_3106249631_J60_J61_#5more': 73}, 
1935.0, {'J10': -27307.5, 'J11': -156681.5, 'J12': -93818.5, 'J13': -30363.5, 'cluster3106249630_3106249631_J60_J61_#5more': -219654.5}, {'J10': 13, 'J11': 32, 'J12': 20, 'J13': 28, 'cluster3106249630_3106249631_J60_J61_#5more': 36}, {'J10': 19, 'J11': 51, 'J12': 71, 'J13': 43, 'cluster3106249630_3106249631_J60_J61_#5more': 73}, 
1940.0, {'J10': -27497.5, 'J11': -157192.0, 'J12': -94528.5, 'J13': -30793.5, 'cluster3106249630_3106249631_J60_J61_#5more': -220388.0}, {'J10': 13, 'J11': 32, 'J12': 20, 'J13': 28, 'cluster3106249630_3106249631_J60_J61_#5more': 36}, {'J10': 19, 'J11': 52, 'J12': 71, 'J13': 43, 'cluster3106249630_3106249631_J60_J61_#5more': 74}, 
1945.0, {'J10': -27687.5, 'J11': -157610.0, 'J12': -95239.5, 'J13': -31223.5, 'cluster3106249630_3106249631_J60_J61_#5more': -221128.0}, {'J10': 13, 'J11': 32, 'J12': 20, 'J13': 28, 'cluster3106249630_3106249631_J60_J61_#5more': 36}, {'J10': 19, 'J11': 50, 'J12': 73, 'J13': 43, 'cluster3106249630_3106249631_J60_J61_#5more': 74}, 
1950.0, {'J10': -27877.5, 'J11': -158089.5, 'J12': -95985.0, 'J13': -31653.5, 'cluster3106249630_3106249631_J60_J61_#5more': -221868.0}, {'J10': 13, 'J11': 32, 'J12': 20, 'J13': 28, 'cluster3106249630_3106249631_J60_J61_#5more': 36}, {'J10': 19, 'J11': 49, 'J12': 77, 'J13': 43, 'cluster3106249630_3106249631_J60_J61_#5more': 74}, 
1955.0, {'J10': -28067.5, 'J11': -158535.5, 'J12': -95633.5, 'J13': -32085.0, 'cluster3106249630_3106249631_J60_J61_#5more': -222608.0}, {'J10': 13, 'J11': 32, 'J12': 20, 'J13': 28, 'cluster3106249630_3106249631_J60_J61_#5more': 36}, {'J10': 19, 'J11': 48, 'J12': 76, 'J13': 44, 'cluster3106249630_3106249631_J60_J61_#5more': 74}, 
1960.0, {'J10': -28257.5, 'J11': -159015.5, 'J12': -95281.0, 'J13': -30316.0, 'cluster3106249630_3106249631_J60_J61_#5more': -223275.5}, {'J10': 13, 'J11': 32, 'J12': 20, 'J13': 26, 'cluster3106249630_3106249631_J60_J61_#5more': 36}, {'J10': 19, 'J11': 48, 'J12': 75, 'J13': 41, 'cluster3106249630_3106249631_J60_J61_#5more': 73}, 
1965.0, {'J10': -28447.5, 'J11': -159495.5, 'J12': -95565.0, 'J13': -29729.5, 'cluster3106249630_3106249631_J60_J61_#5more': -224005.5}, {'J10': 13, 'J11': 32, 'J12': 20, 'J13': 25, 'cluster3106249630_3106249631_J60_J61_#5more': 36}, {'J10': 19, 'J11': 48, 'J12': 73, 'J13': 39, 'cluster3106249630_3106249631_J60_J61_#5more': 73}, 
1970.0, {'J10': -28637.5, 'J11': -159975.5, 'J12': -96385.0, 'J13': -30119.5, 'cluster3106249630_3106249631_J60_J61_#5more': -224645.0}, {'J10': 13, 'J11': 32, 'J12': 20, 'J13': 25, 'cluster3106249630_3106249631_J60_J61_#5more': 36}, {'J10': 19, 'J11': 48, 'J12': 74, 'J13': 39, 'cluster3106249630_3106249631_J60_J61_#5more': 72}, 
1975.0, {'J10': -28706.0, 'J11': -160455.5, 'J12': -97132.0, 'J13': -30513.5, 'cluster3106249630_3106249631_J60_J61_#5more': -225367.0}, {'J10': 13, 'J11': 32, 'J12': 20, 'J13': 25, 'cluster3106249630_3106249631_J60_J61_#5more': 36}, {'J10': 19, 'J11': 48, 'J12': 77, 'J13': 40, 'cluster3106249630_3106249631_J60_J61_#5more': 73}, 
1980.0, {'J10': -28885.5, 'J11': -160936.0, 'J12': -96460.0, 'J13': -30913.5, 'cluster3106249630_3106249631_J60_J61_#5more': -226097.0}, {'J10': 13, 'J11': 32, 'J12': 20, 'J13': 25, 'cluster3106249630_3106249631_J60_J61_#5more': 36}, {'J10': 18, 'J11': 49, 'J12': 75, 'J13': 40, 'cluster3106249630_3106249631_J60_J61_#5more': 73}, 
1985.0, {'J10': -29065.5, 'J11': -161415.5, 'J12': -95299.0, 'J13': -31321.0, 'cluster3106249630_3106249631_J60_J61_#5more': -226830.5}, {'J10': 13, 'J11': 32, 'J12': 20, 'J13': 27, 'cluster3106249630_3106249631_J60_J61_#5more': 36}, {'J10': 18, 'J11': 48, 'J12': 72, 'J13': 42, 'cluster3106249630_3106249631_J60_J61_#5more': 74}, 
1990.0, {'J10': -29245.5, 'J11': -161895.5, 'J12': -95140.5, 'J13': -31744.5, 'cluster3106249630_3106249631_J60_J61_#5more': -227570.5}, {'J10': 13, 'J11': 32, 'J12': 20, 'J13': 28, 'cluster3106249630_3106249631_J60_J61_#5more': 36}, {'J10': 18, 'J11': 48, 'J12': 70, 'J13': 43, 'cluster3106249630_3106249631_J60_J61_#5more': 74}, 
1995.0, {'J10': -29425.5, 'J11': -162375.5, 'J12': -94947.0, 'J13': -32174.5, 'cluster3106249630_3106249631_J60_J61_#5more': -228310.5}, {'J10': 13, 'J11': 32, 'J12': 20, 'J13': 28, 'cluster3106249630_3106249631_J60_J61_#5more': 36}, {'J10': 18, 'J11': 48, 'J12': 70, 'J13': 43, 'cluster3106249630_3106249631_J60_J61_#5more': 74}, 
2000.0, {'J10': -29605.5, 'J11': -162855.5, 'J12': -95385.0, 'J13': -32604.5, 'cluster3106249630_3106249631_J60_J61_#5more': -229050.5}, {'J10': 13, 'J11': 32, 'J12': 20, 'J13': 28, 'cluster3106249630_3106249631_J60_J61_#5more': 36}, {'J10': 18, 'J11': 48, 'J12': 69, 'J13': 43, 'cluster3106249630_3106249631_J60_J61_#5more': 74}, 
2005.0, {'J10': -29785.5, 'J11': -163335.5, 'J12': -96075.0, 'J13': -33034.5, 'cluster3106249630_3106249631_J60_J61_#5more': -229790.5}, {'J10': 13, 'J11': 32, 'J12': 20, 'J13': 28, 'cluster3106249630_3106249631_J60_J61_#5more': 36}, {'J10': 18, 'J11': 48, 'J12': 69, 'J13': 43, 'cluster3106249630_3106249631_J60_J61_#5more': 74}, 
2010.0, {'J10': -29965.5, 'J11': -163815.5, 'J12': -96769.5, 'J13': -33464.5, 'cluster3106249630_3106249631_J60_J61_#5more': -230530.5}, {'J10': 13, 'J11': 32, 'J12': 20, 'J13': 28, 'cluster3106249630_3106249631_J60_J61_#5more': 36}, {'J10': 18, 'J11': 48, 'J12': 71, 'J13': 43, 'cluster3106249630_3106249631_J60_J61_#5more': 74}, 
2015.0, {'J10': -30145.5, 'J11': -164295.5, 'J12': -97484.5, 'J13': -33894.5, 'cluster3106249630_3106249631_J60_J61_#5more': -231270.5}, {'J10': 13, 'J11': 32, 'J12': 20, 'J13': 28, 'cluster3106249630_3106249631_J60_J61_#5more': 36}, {'J10': 18, 'J11': 48, 'J12': 74, 'J13': 43, 'cluster3106249630_3106249631_J60_J61_#5more': 74}, 
2020.0, {'J10': -30325.5, 'J11': -164775.5, 'J12': -98232.5, 'J13': -34324.5, 'cluster3106249630_3106249631_J60_J61_#5more': -232010.5}, {'J10': 13, 'J11': 32, 'J12': 20, 'J13': 28, 'cluster3106249630_3106249631_J60_J61_#5more': 36}, {'J10': 18, 'J11': 48, 'J12': 77, 'J13': 43, 'cluster3106249630_3106249631_J60_J61_#5more': 74}, 
2025.0, {'J10': -30510.5, 'J11': -165255.5, 'J12': -99002.5, 'J13': -32138.5, 'cluster3106249630_3106249631_J60_J61_#5more': -232750.5}, {'J10': 13, 'J11': 32, 'J12': 20, 'J13': 26, 'cluster3106249630_3106249631_J60_J61_#5more': 36}, {'J10': 19, 'J11': 48, 'J12': 77, 'J13': 40, 'cluster3106249630_3106249631_J60_J61_#5more': 74}, 
2030.0, {'J10': -30700.5, 'J11': -165743.5, 'J12': -96351.0, 'J13': -32023.5, 'cluster3106249630_3106249631_J60_J61_#5more': -233490.5}, {'J10': 13, 'J11': 32, 'J12': 20, 'J13': 26, 'cluster3106249630_3106249631_J60_J61_#5more': 36}, {'J10': 19, 'J11': 51, 'J12': 71, 'J13': 38, 'cluster3106249630_3106249631_J60_J61_#5more': 74}, 
2035.0, {'J10': -30890.5, 'J11': -166243.5, 'J12': -97061.0, 'J13': -32403.5, 'cluster3106249630_3106249631_J60_J61_#5more': -234230.5}, {'J10': 13, 'J11': 32, 'J12': 20, 'J13': 26, 'cluster3106249630_3106249631_J60_J61_#5more': 36}, {'J10': 19, 'J11': 52, 'J12': 71, 'J13': 38, 'cluster3106249630_3106249631_J60_J61_#5more': 74}, 
2040.0, {'J10': -31045.5, 'J11': -166740.5, 'J12': -97772.0, 'J13': -32791.0, 'cluster3106249630_3106249631_J60_J61_#5more': -234970.5}, {'J10': 13, 'J11': 32, 'J12': 20, 'J13': 26, 'cluster3106249630_3106249631_J60_J61_#5more': 36}, {'J10': 18, 'J11': 51, 'J12': 72, 'J13': 41, 'cluster3106249630_3106249631_J60_J61_#5more': 74}, 
2045.0, {'J10': -31225.5, 'J11': -167221.5, 'J12': -98505.0, 'J13': -33201.5, 'cluster3106249630_3106249631_J60_J61_#5more': -235710.5}, {'J10': 13, 'J11': 32, 'J12': 20, 'J13': 27, 'cluster3106249630_3106249631_J60_J61_#5more': 36}, {'J10': 18, 'J11': 51, 'J12': 75, 'J13': 42, 'cluster3106249630_3106249631_J60_J61_#5more': 74}, 
2050.0, {'J10': -31405.5, 'J11': -167686.5, 'J12': -98232.0, 'J13': -33628.0, 'cluster3106249630_3106249631_J60_J61_#5more': -236450.5}, {'J10': 13, 'J11': 32, 'J12': 20, 'J13': 28, 'cluster3106249630_3106249631_J60_J61_#5more': 36}, {'J10': 18, 'J11': 49, 'J12': 74, 'J13': 44, 'cluster3106249630_3106249631_J60_J61_#5more': 74}, 
2055.0, {'J10': -31586.0, 'J11': -168135.5, 'J12': -98973.0, 'J13': -34068.0, 'cluster3106249630_3106249631_J60_J61_#5more': -237190.5}, {'J10': 13, 'J11': 32, 'J12': 20, 'J13': 28, 'cluster3106249630_3106249631_J60_J61_#5more': 36}, {'J10': 19, 'J11': 48, 'J12': 75, 'J13': 44, 'cluster3106249630_3106249631_J60_J61_#5more': 74}, 
2060.0, {'J10': -31776.0, 'J11': -168615.5, 'J12': -99723.0, 'J13': -34508.0, 'cluster3106249630_3106249631_J60_J61_#5more': -237930.5}, {'J10': 13, 'J11': 32, 'J12': 20, 'J13': 28, 'cluster3106249630_3106249631_J60_J61_#5more': 36}, {'J10': 19, 'J11': 48, 'J12': 75, 'J13': 44, 'cluster3106249630_3106249631_J60_J61_#5more': 74}, 
2065.0, {'J10': -31966.0, 'J11': -169097.0, 'J12': -100454.5, 'J13': -34948.0, 'cluster3106249630_3106249631_J60_J61_#5more': -238670.5}, {'J10': 13, 'J11': 32, 'J12': 20, 'J13': 28, 'cluster3106249630_3106249631_J60_J61_#5more': 36}, {'J10': 19, 'J11': 49, 'J12': 75, 'J13': 44, 'cluster3106249630_3106249631_J60_J61_#5more': 74}, 
2070.0, {'J10': -32156.0, 'J11': -169575.5, 'J12': -100037.0, 'J13': -35388.0, 'cluster3106249630_3106249631_J60_J61_#5more': -239410.5}, {'J10': 13, 'J11': 32, 'J12': 20, 'J13': 28, 'cluster3106249630_3106249631_J60_J61_#5more': 36}, {'J10': 19, 'J11': 48, 'J12': 73, 'J13': 44, 'cluster3106249630_3106249631_J60_J61_#5more': 74}, 
2075.0, {'J10': -32346.0, 'J11': -170055.5, 'J12': -100636.5, 'J13': -35828.0, 'cluster3106249630_3106249631_J60_J61_#5more': -240150.5}, {'J10': 13, 'J11': 32, 'J12': 20, 'J13': 28, 'cluster3106249630_3106249631_J60_J61_#5more': 36}, {'J10': 19, 'J11': 48, 'J12': 72, 'J13': 44, 'cluster3106249630_3106249631_J60_J61_#5more': 74}, 
2080.0, {'J10': -32536.0, 'J11': -170535.5, 'J12': -101092.5, 'J13': -36268.0, 'cluster3106249630_3106249631_J60_J61_#5more': -240890.5}, {'J10': 13, 'J11': 32, 'J12': 20, 'J13': 28, 'cluster3106249630_3106249631_J60_J61_#5more': 36}, {'J10': 19, 'J11': 48, 'J12': 70, 'J13': 44, 'cluster3106249630_3106249631_J60_J61_#5more': 74}, 
2085.0, {'J10': -32726.0, 'J11': -171015.5, 'J12': -101797.0, 'J13': -36708.0, 'cluster3106249630_3106249631_J60_J61_#5more': -241630.5}, {'J10': 13, 'J11': 32, 'J12': 20, 'J13': 28, 'cluster3106249630_3106249631_J60_J61_#5more': 36}, {'J10': 19, 'J11': 48, 'J12': 71, 'J13': 44, 'cluster3106249630_3106249631_J60_J61_#5more': 74}, 
2090.0, {'J10': -32916.0, 'J11': -171495.5, 'J12': -102519.5, 'J13': -34436.5, 'cluster3106249630_3106249631_J60_J61_#5more': -242370.5}, {'J10': 13, 'J11': 32, 'J12': 20, 'J13': 26, 'cluster3106249630_3106249631_J60_J61_#5more': 36}, {'J10': 19, 'J11': 48, 'J12': 75, 'J13': 40, 'cluster3106249630_3106249631_J60_J61_#5more': 74}, 
2095.0, {'J10': -33106.0, 'J11': -171978.5, 'J12': -101880.5, 'J13': -34334.0, 'cluster3106249630_3106249631_J60_J61_#5more': -243110.5}, {'J10': 13, 'J11': 32, 'J12': 20, 'J13': 26, 'cluster3106249630_3106249631_J60_J61_#5more': 36}, {'J10': 19, 'J11': 49, 'J12': 74, 'J13': 39, 'cluster3106249630_3106249631_J60_J61_#5more': 74}, 
2100.0, {'J10': -33296.0, 'J11': -172455.5, 'J12': -102311.5, 'J13': -34724.0, 'cluster3106249630_3106249631_J60_J61_#5more': -243850.5}, {'J10': 13, 'J11': 32, 'J12': 20, 'J13': 26, 'cluster3106249630_3106249631_J60_J61_#5more': 36}, {'J10': 19, 'J11': 48, 'J12': 74, 'J13': 39, 'cluster3106249630_3106249631_J60_J61_#5more': 74}, 
2105.0, {'J10': -33385.5, 'J11': -172935.5, 'J12': -103035.5, 'J13': -35116.5, 'cluster3106249630_3106249631_J60_J61_#5more': -244590.5}, {'J10': 13, 'J11': 32, 'J12': 20, 'J13': 26, 'cluster3106249630_3106249631_J60_J61_#5more': 36}, {'J10': 18, 'J11': 48, 'J12': 76, 'J13': 41, 'cluster3106249630_3106249631_J60_J61_#5more': 74}, 
2110.0, {'J10': -33565.5, 'J11': -173415.5, 'J12': -103804.0, 'J13': -35532.5, 'cluster3106249630_3106249631_J60_J61_#5more': -245330.5}, {'J10': 13, 'J11': 32, 'J12': 20, 'J13': 27, 'cluster3106249630_3106249631_J60_J61_#5more': 36}, {'J10': 18, 'J11': 48, 'J12': 78, 'J13': 43, 'cluster3106249630_3106249631_J60_J61_#5more': 74}, 
2115.0, {'J10': -33745.5, 'J11': -173895.5, 'J12': -104374.0, 'J13': -35967.5, 'cluster3106249630_3106249631_J60_J61_#5more': -246070.5}, {'J10': 13, 'J11': 32, 'J12': 20, 'J13': 28, 'cluster3106249630_3106249631_J60_J61_#5more': 36}, {'J10': 18, 'J11': 48, 'J12': 78, 'J13': 44, 'cluster3106249630_3106249631_J60_J61_#5more': 74}, 
2120.0, {'J10': -33925.5, 'J11': -174375.5, 'J12': -104612.5, 'J13': -36410.0, 'cluster3106249630_3106249631_J60_J61_#5more': -246810.5}, {'J10': 13, 'J11': 32, 'J12': 20, 'J13': 28, 'cluster3106249630_3106249631_J60_J61_#5more': 36}, {'J10': 18, 'J11': 48, 'J12': 77, 'J13': 45, 'cluster3106249630_3106249631_J60_J61_#5more': 74}, 
2125.0, {'J10': -34105.5, 'J11': -174855.5, 'J12': -105298.0, 'J13': -36860.0, 'cluster3106249630_3106249631_J60_J61_#5more': -247550.5}, {'J10': 13, 'J11': 32, 'J12': 20, 'J13': 28, 'cluster3106249630_3106249631_J60_J61_#5more': 36}, {'J10': 18, 'J11': 48, 'J12': 76, 'J13': 45, 'cluster3106249630_3106249631_J60_J61_#5more': 74}, 
2130.0, {'J10': -34285.5, 'J11': -175335.5, 'J12': -105997.5, 'J13': -37310.0, 'cluster3106249630_3106249631_J60_J61_#5more': -248290.5}, {'J10': 13, 'J11': 32, 'J12': 20, 'J13': 28, 'cluster3106249630_3106249631_J60_J61_#5more': 36}, {'J10': 18, 'J11': 48, 'J12': 76, 'J13': 45, 'cluster3106249630_3106249631_J60_J61_#5more': 74}, 
2135.0, {'J10': -34465.5, 'J11': -175815.5, 'J12': -105972.0, 'J13': -37760.0, 'cluster3106249630_3106249631_J60_J61_#5more': -249030.5}, {'J10': 13, 'J11': 32, 'J12': 20, 'J13': 28, 'cluster3106249630_3106249631_J60_J61_#5more': 36}, {'J10': 18, 'J11': 48, 'J12': 77, 'J13': 45, 'cluster3106249630_3106249631_J60_J61_#5more': 74}, 
2140.0, {'J10': -34645.5, 'J11': -176295.5, 'J12': -106744.5, 'J13': -38210.0, 'cluster3106249630_3106249631_J60_J61_#5more': -249770.5}, {'J10': 13, 'J11': 32, 'J12': 20, 'J13': 28, 'cluster3106249630_3106249631_J60_J61_#5more': 36}, {'J10': 18, 'J11': 48, 'J12': 78, 'J13': 45, 'cluster3106249630_3106249631_J60_J61_#5more': 74}, 
2145.0, {'J10': -34825.5, 'J11': -176775.5, 'J12': -107529.0, 'J13': -38660.0, 'cluster3106249630_3106249631_J60_J61_#5more': -250510.5}, {'J10': 13, 'J11': 32, 'J12': 20, 'J13': 28, 'cluster3106249630_3106249631_J60_J61_#5more': 36}, {'J10': 18, 'J11': 48, 'J12': 79, 'J13': 45, 'cluster3106249630_3106249631_J60_J61_#5more': 74}, 
2150.0, {'J10': -35005.5, 'J11': -177255.5, 'J12': -108320.5, 'J13': -39110.0, 'cluster3106249630_3106249631_J60_J61_#5more': -251250.5}, {'J10': 13, 'J11': 32, 'J12': 20, 'J13': 28, 'cluster3106249630_3106249631_J60_J61_#5more': 36}, {'J10': 18, 'J11': 48, 'J12': 80, 'J13': 45, 'cluster3106249630_3106249631_J60_J61_#5more': 74}, 
2155.0, {'J10': -35185.5, 'J11': -177735.5, 'J12': -109124.5, 'J13': -35620.0, 'cluster3106249630_3106249631_J60_J61_#5more': -251990.5}, {'J10': 13, 'J11': 32, 'J12': 20, 'J13': 25, 'cluster3106249630_3106249631_J60_J61_#5more': 36}, {'J10': 18, 'J11': 48, 'J12': 81, 'J13': 40, 'cluster3106249630_3106249631_J60_J61_#5more': 74}, 
2160.0, {'J10': -35365.5, 'J11': -178215.5, 'J12': -109934.5, 'J13': -35411.5, 'cluster3106249630_3106249631_J60_J61_#5more': -252730.5}, {'J10': 13, 'J11': 32, 'J12': 20, 'J13': 25, 'cluster3106249630_3106249631_J60_J61_#5more': 36}, {'J10': 18, 'J11': 48, 'J12': 81, 'J13': 38, 'cluster3106249630_3106249631_J60_J61_#5more': 74}, 
2165.0, {'J10': -35545.5, 'J11': -178695.5, 'J12': -110744.5, 'J13': -35796.5, 'cluster3106249630_3106249631_J60_J61_#5more': -253470.5}, {'J10': 13, 'J11': 32, 'J12': 20, 'J13': 25, 'cluster3106249630_3106249631_J60_J61_#5more': 36}, {'J10': 18, 'J11': 48, 'J12': 81, 'J13': 40, 'cluster3106249630_3106249631_J60_J61_#5more': 74}, 
2170.0, {'J10': -35725.5, 'J11': -179175.5, 'J12': -111554.5, 'J13': -36199.0, 'cluster3106249630_3106249631_J60_J61_#5more': -254213.5}, {'J10': 13, 'J11': 32, 'J12': 20, 'J13': 25, 'cluster3106249630_3106249631_J60_J61_#5more': 36}, {'J10': 18, 'J11': 48, 'J12': 81, 'J13': 42, 'cluster3106249630_3106249631_J60_J61_#5more': 75}, 
2175.0, {'J10': -35905.5, 'J11': -179655.5, 'J12': -112364.5, 'J13': -36619.0, 'cluster3106249630_3106249631_J60_J61_#5more': -254950.5}, {'J10': 13, 'J11': 32, 'J12': 20, 'J13': 25, 'cluster3106249630_3106249631_J60_J61_#5more': 36}, {'J10': 18, 'J11': 48, 'J12': 81, 'J13': 42, 'cluster3106249630_3106249631_J60_J61_#5more': 74}, 
2180.0, {'J10': -36085.5, 'J11': -180135.5, 'J12': -113174.5, 'J13': -37048.5, 'cluster3106249630_3106249631_J60_J61_#5more': -255690.5}, {'J10': 13, 'J11': 32, 'J12': 20, 'J13': 28, 'cluster3106249630_3106249631_J60_J61_#5more': 36}, {'J10': 18, 'J11': 48, 'J12': 81, 'J13': 45, 'cluster3106249630_3106249631_J60_J61_#5more': 74}, 
2185.0, {'J10': -36265.5, 'J11': -180615.5, 'J12': -113984.5, 'J13': -37498.5, 'cluster3106249630_3106249631_J60_J61_#5more': -256430.5}, {'J10': 13, 'J11': 32, 'J12': 20, 'J13': 28, 'cluster3106249630_3106249631_J60_J61_#5more': 36}, {'J10': 18, 'J11': 48, 'J12': 81, 'J13': 45, 'cluster3106249630_3106249631_J60_J61_#5more': 74}, 
2190.0, {'J10': -36445.5, 'J11': -181095.5, 'J12': -111389.0, 'J13': -37948.5, 'cluster3106249630_3106249631_J60_J61_#5more': -257170.5}, {'J10': 13, 'J11': 32, 'J12': 20, 'J13': 28, 'cluster3106249630_3106249631_J60_J61_#5more': 36}, {'J10': 18, 'J11': 48, 'J12': 76, 'J13': 45, 'cluster3106249630_3106249631_J60_J61_#5more': 74}, 
2195.0, {'J10': -36625.5, 'J11': -181575.5, 'J12': -112136.0, 'J13': -38398.5, 'cluster3106249630_3106249631_J60_J61_#5more': -257369.5}, {'J10': 13, 'J11': 32, 'J12': 20, 'J13': 28, 'cluster3106249630_3106249631_J60_J61_#5more': 36}, {'J10': 18, 'J11': 48, 'J12': 75, 'J13': 45, 'cluster3106249630_3106249631_J60_J61_#5more': 73}, 
2200.0, {'J10': -36805.5, 'J11': -182055.5, 'J12': -112887.5, 'J13': -38848.5, 'cluster3106249630_3106249631_J60_J61_#5more': -257576.0}, {'J10': 13, 'J11': 32, 'J12': 20, 'J13': 28, 'cluster3106249630_3106249631_J60_J61_#5more': 36}, {'J10': 18, 'J11': 48, 'J12': 77, 'J13': 45, 'cluster3106249630_3106249631_J60_J61_#5more': 72}, 
2205.0, {'J10': -36985.5, 'J11': -182535.5, 'J12': -113666.5, 'J13': -39298.5, 'cluster3106249630_3106249631_J60_J61_#5more': -257834.0}, {'J10': 13, 'J11': 32, 'J12': 20, 'J13': 28, 'cluster3106249630_3106249631_J60_J61_#5more': 36}, {'J10': 18, 'J11': 48, 'J12': 79, 'J13': 45, 'cluster3106249630_3106249631_J60_J61_#5more': 71}, 
2210.0, {'J10': -37165.5, 'J11': -183015.5, 'J12': -114461.5, 'J13': -39748.5, 'cluster3106249630_3106249631_J60_J61_#5more': -258090.5}, {'J10': 13, 'J11': 32, 'J12': 20, 'J13': 28, 'cluster3106249630_3106249631_J60_J61_#5more': 36}, {'J10': 18, 'J11': 48, 'J12': 80, 'J13': 45, 'cluster3106249630_3106249631_J60_J61_#5more': 70}, 
2215.0, {'J10': -37345.5, 'J11': -183495.5, 'J12': -115261.5, 'J13': -40198.5, 'cluster3106249630_3106249631_J60_J61_#5more': -258793.0}, {'J10': 13, 'J11': 32, 'J12': 20, 'J13': 28, 'cluster3106249630_3106249631_J60_J61_#5more': 36}, {'J10': 18, 'J11': 48, 'J12': 80, 'J13': 45, 'cluster3106249630_3106249631_J60_J61_#5more': 72}, 
2220.0, {'J10': -37525.5, 'J11': -183975.5, 'J12': -116061.5, 'J13': -36924.5, 'cluster3106249630_3106249631_J60_J61_#5more': -259501.0}, {'J10': 13, 'J11': 32, 'J12': 20, 'J13': 25, 'cluster3106249630_3106249631_J60_J61_#5more': 36}, {'J10': 18, 'J11': 48, 'J12': 80, 'J13': 41, 'cluster3106249630_3106249631_J60_J61_#5more': 71}, 
2225.0, {'J10': -37705.5, 'J11': -184455.5, 'J12': -116861.5, 'J13': -36332.0, 'cluster3106249630_3106249631_J60_J61_#5more': -260190.5}, {'J10': 13, 'J11': 32, 'J12': 20, 'J13': 24, 'cluster3106249630_3106249631_J60_J61_#5more': 36}, {'J10': 18, 'J11': 48, 'J12': 80, 'J13': 40, 'cluster3106249630_3106249631_J60_J61_#5more': 70}, 
2230.0, {'J10': -37885.5, 'J11': -184935.5, 'J12': -117661.5, 'J13': -36732.0, 'cluster3106249630_3106249631_J60_J61_#5more': -260890.5}, {'J10': 13, 'J11': 32, 'J12': 20, 'J13': 24, 'cluster3106249630_3106249631_J60_J61_#5more': 36}, {'J10': 18, 'J11': 48, 'J12': 80, 'J13': 40, 'cluster3106249630_3106249631_J60_J61_#5more': 70}, 
2235.0, {'J10': -38065.5, 'J11': -185415.5, 'J12': -118461.5, 'J13': -37136.0, 'cluster3106249630_3106249631_J60_J61_#5more': -261590.5}, {'J10': 13, 'J11': 32, 'J12': 20, 'J13': 24, 'cluster3106249630_3106249631_J60_J61_#5more': 36}, {'J10': 18, 'J11': 48, 'J12': 80, 'J13': 41, 'cluster3106249630_3106249631_J60_J61_#5more': 70}, 
2240.0, {'J10': -38245.5, 'J11': -185895.5, 'J12': -119261.5, 'J13': -37546.0, 'cluster3106249630_3106249631_J60_J61_#5more': -262294.0}, {'J10': 13, 'J11': 32, 'J12': 20, 'J13': 24, 'cluster3106249630_3106249631_J60_J61_#5more': 36}, {'J10': 18, 'J11': 48, 'J12': 80, 'J13': 41, 'cluster3106249630_3106249631_J60_J61_#5more': 72}, 
2245.0, {'J10': -38425.5, 'J11': -186375.5, 'J12': -120061.5, 'J13': -37970.5, 'cluster3106249630_3106249631_J60_J61_#5more': -263005.0}, {'J10': 13, 'J11': 32, 'J12': 20, 'J13': 28, 'cluster3106249630_3106249631_J60_J61_#5more': 36}, {'J10': 18, 'J11': 48, 'J12': 80, 'J13': 45, 'cluster3106249630_3106249631_J60_J61_#5more': 72}, 
2250.0, {'J10': -38605.5, 'J11': -186855.5, 'J12': -120861.5, 'J13': -38420.5, 'cluster3106249630_3106249631_J60_J61_#5more': -263706.0}, {'J10': 13, 'J11': 32, 'J12': 20, 'J13': 28, 'cluster3106249630_3106249631_J60_J61_#5more': 36}, {'J10': 18, 'J11': 48, 'J12': 80, 'J13': 45, 'cluster3106249630_3106249631_J60_J61_#5more': 72}, 
2255.0, {'J10': -38785.5, 'J11': -187335.5, 'J12': -117590.0, 'J13': -38870.5, 'cluster3106249630_3106249631_J60_J61_#5more': -264429.5}, {'J10': 13, 'J11': 32, 'J12': 20, 'J13': 28, 'cluster3106249630_3106249631_J60_J61_#5more': 36}, {'J10': 18, 'J11': 48, 'J12': 74, 'J13': 45, 'cluster3106249630_3106249631_J60_J61_#5more': 74}, 
2260.0, {'J10': -38965.5, 'J11': -187815.5, 'J12': -118340.0, 'J13': -39320.5, 'cluster3106249630_3106249631_J60_J61_#5more': -265140.0}, {'J10': 13, 'J11': 32, 'J12': 20, 'J13': 28, 'cluster3106249630_3106249631_J60_J61_#5more': 36}, {'J10': 18, 'J11': 48, 'J12': 76, 'J13': 45, 'cluster3106249630_3106249631_J60_J61_#5more': 75}, 
2265.0, {'J10': -39145.5, 'J11': -188295.5, 'J12': -119076.5, 'J13': -39770.5, 'cluster3106249630_3106249631_J60_J61_#5more': -265839.0}, {'J10': 13, 'J11': 32, 'J12': 20, 'J13': 28, 'cluster3106249630_3106249631_J60_J61_#5more': 36}, {'J10': 18, 'J11': 48, 'J12': 78, 'J13': 45, 'cluster3106249630_3106249631_J60_J61_#5more': 75}, 
2270.0, {'J10': -39325.5, 'J11': -188775.5, 'J12': -119865.0, 'J13': -40220.5, 'cluster3106249630_3106249631_J60_J61_#5more': -266514.5}, {'J10': 13, 'J11': 32, 'J12': 20, 'J13': 28, 'cluster3106249630_3106249631_J60_J61_#5more': 36}, {'J10': 18, 'J11': 48, 'J12': 80, 'J13': 45, 'cluster3106249630_3106249631_J60_J61_#5more': 72}, 
2275.0, {'J10': -39505.5, 'J11': -189255.5, 'J12': -120665.0, 'J13': -40670.5, 'cluster3106249630_3106249631_J60_J61_#5more': -267190.5}, {'J10': 13, 'J11': 32, 'J12': 20, 'J13': 28, 'cluster3106249630_3106249631_J60_J61_#5more': 36}, {'J10': 18, 'J11': 48, 'J12': 80, 'J13': 45, 'cluster3106249630_3106249631_J60_J61_#5more': 70}, 
2280.0, {'J10': -39685.5, 'J11': -189737.5, 'J12': -120944.5, 'J13': -41120.5, 'cluster3106249630_3106249631_J60_J61_#5more': -267890.5}, {'J10': 13, 'J11': 32, 'J12': 20, 'J13': 28, 'cluster3106249630_3106249631_J60_J61_#5more': 36}, {'J10': 18, 'J11': 49, 'J12': 80, 'J13': 45, 'cluster3106249630_3106249631_J60_J61_#5more': 70}, 
2285.0, {'J10': -39865.5, 'J11': -190215.5, 'J12': -120961.0, 'J13': -38840.5, 'cluster3106249630_3106249631_J60_J61_#5more': -268598.0}, {'J10': 13, 'J11': 32, 'J12': 20, 'J13': 26, 'cluster3106249630_3106249631_J60_J61_#5more': 36}, {'J10': 18, 'J11': 48, 'J12': 79, 'J13': 42, 'cluster3106249630_3106249631_J60_J61_#5more': 73}, 
2290.0, {'J10': -40045.5, 'J11': -190699.5, 'J12': -121351.0, 'J13': -38417.5, 'cluster3106249630_3106249631_J60_J61_#5more': -269332.5}, {'J10': 13, 'J11': 32, 'J12': 20, 'J13': 26, 'cluster3106249630_3106249631_J60_J61_#5more': 36}, {'J10': 18, 'J11': 49, 'J12': 79, 'J13': 40, 'cluster3106249630_3106249631_J60_J61_#5more': 74}, 
2295.0, {'J10': -40225.5, 'J11': -191194.5, 'J12': -122142.0, 'J13': -38818.0, 'cluster3106249630_3106249631_J60_J61_#5more': -270072.5}, {'J10': 13, 'J11': 32, 'J12': 20, 'J13': 26, 'cluster3106249630_3106249631_J60_J61_#5more': 36}, {'J10': 18, 'J11': 50, 'J12': 80, 'J13': 41, 'cluster3106249630_3106249631_J60_J61_#5more': 74}, 
2300.0, {'J10': -40406.0, 'J11': -191655.5, 'J12': -122943.0, 'J13': -39231.5, 'cluster3106249630_3106249631_J60_J61_#5more': -270812.5}, {'J10': 13, 'J11': 32, 'J12': 20, 'J13': 26, 'cluster3106249630_3106249631_J60_J61_#5more': 36}, {'J10': 19, 'J11': 48, 'J12': 82, 'J13': 43, 'cluster3106249630_3106249631_J60_J61_#5more': 74}, 
2305.0, {'J10': -40585.5, 'J11': -192135.5, 'J12': -123742.0, 'J13': -39662.5, 'cluster3106249630_3106249631_J60_J61_#5more': -271508.5}, {'J10': 13, 'J11': 32, 'J12': 20, 'J13': 27, 'cluster3106249630_3106249631_J60_J61_#5more': 36}, {'J10': 18, 'J11': 48, 'J12': 81, 'J13': 44, 'cluster3106249630_3106249631_J60_J61_#5more': 73}, 
2310.0, {'J10': -40765.5, 'J11': -192615.5, 'J12': -124552.0, 'J13': -40107.0, 'cluster3106249630_3106249631_J60_J61_#5more': -272238.5}, {'J10': 13, 'J11': 32, 'J12': 20, 'J13': 28, 'cluster3106249630_3106249631_J60_J61_#5more': 36}, {'J10': 18, 'J11': 48, 'J12': 81, 'J13': 45, 'cluster3106249630_3106249631_J60_J61_#5more': 73}, 
2315.0, {'J10': -40945.5, 'J11': -193095.5, 'J12': -125362.0, 'J13': -40557.0, 'cluster3106249630_3106249631_J60_J61_#5more': -272968.5}, {'J10': 13, 'J11': 32, 'J12': 20, 'J13': 28, 'cluster3106249630_3106249631_J60_J61_#5more': 36}, {'J10': 18, 'J11': 48, 'J12': 81, 'J13': 45, 'cluster3106249630_3106249631_J60_J61_#5more': 73}, 
2320.0, {'J10': -41125.5, 'J11': -193575.5, 'J12': -121210.0, 'J13': -41007.0, 'cluster3106249630_3106249631_J60_J61_#5more': -273626.0}, {'J10': 13, 'J11': 32, 'J12': 20, 'J13': 28, 'cluster3106249630_3106249631_J60_J61_#5more': 36}, {'J10': 18, 'J11': 48, 'J12': 76, 'J13': 45, 'cluster3106249630_3106249631_J60_J61_#5more': 72}, 
2325.0, {'J10': -41305.5, 'J11': -194055.5, 'J12': -121525.0, 'J13': -41457.0, 'cluster3106249630_3106249631_J60_J61_#5more': -274265.0}, {'J10': 13, 'J11': 32, 'J12': 20, 'J13': 28, 'cluster3106249630_3106249631_J60_J61_#5more': 36}, {'J10': 18, 'J11': 48, 'J12': 74, 'J13': 45, 'cluster3106249630_3106249631_J60_J61_#5more': 71}, 
2330.0, {'J10': -41485.5, 'J11': -194535.5, 'J12': -122266.0, 'J13': -41907.0, 'cluster3106249630_3106249631_J60_J61_#5more': -274977.0}, {'J10': 13, 'J11': 32, 'J12': 20, 'J13': 28, 'cluster3106249630_3106249631_J60_J61_#5more': 36}, {'J10': 18, 'J11': 48, 'J12': 76, 'J13': 45, 'cluster3106249630_3106249631_J60_J61_#5more': 73}, 
2335.0, {'J10': -41665.5, 'J11': -195015.5, 'J12': -123041.0, 'J13': -42357.0, 'cluster3106249630_3106249631_J60_J61_#5more': -275707.0}, {'J10': 13, 'J11': 32, 'J12': 20, 'J13': 28, 'cluster3106249630_3106249631_J60_J61_#5more': 36}, {'J10': 18, 'J11': 48, 'J12': 80, 'J13': 45, 'cluster3106249630_3106249631_J60_J61_#5more': 73}, 
2340.0, {'J10': -41846.0, 'J11': -195496.0, 'J12': -123198.5, 'J13': -42807.0, 'cluster3106249630_3106249631_J60_J61_#5more': -276441.0}, {'J10': 13, 'J11': 32, 'J12': 20, 'J13': 28, 'cluster3106249630_3106249631_J60_J61_#5more': 36}, {'J10': 19, 'J11': 49, 'J12': 79, 'J13': 45, 'cluster3106249630_3106249631_J60_J61_#5more': 74}, 
2345.0, {'J10': -42036.0, 'J11': -195975.5, 'J12': -123988.5, 'J13': -43257.0, 'cluster3106249630_3106249631_J60_J61_#5more': -277066.5}, {'J10': 13, 'J11': 32, 'J12': 20, 'J13': 28, 'cluster3106249630_3106249631_J60_J61_#5more': 36}, {'J10': 19, 'J11': 48, 'J12': 79, 'J13': 45, 'cluster3106249630_3106249631_J60_J61_#5more': 73}, 
2350.0, {'J10': -42226.0, 'J11': -196455.5, 'J12': -124779.5, 'J13': -38359.0, 'cluster3106249630_3106249631_J60_J61_#5more': -277755.5}, {'J10': 13, 'J11': 32, 'J12': 20, 'J13': 24, 'cluster3106249630_3106249631_J60_J61_#5more': 36}, {'J10': 19, 'J11': 48, 'J12': 80, 'J13': 39, 'cluster3106249630_3106249631_J60_J61_#5more': 72}, 
2355.0, {'J10': -42416.0, 'J11': -196935.5, 'J12': -125579.5, 'J13': -37867.0, 'cluster3106249630_3106249631_J60_J61_#5more': -278475.5}, {'J10': 13, 'J11': 32, 'J12': 20, 'J13': 24, 'cluster3106249630_3106249631_J60_J61_#5more': 36}, {'J10': 19, 'J11': 48, 'J12': 80, 'J13': 37, 'cluster3106249630_3106249631_J60_J61_#5more': 72}, 
2360.0, {'J10': -42606.0, 'J11': -197417.5, 'J12': -126379.5, 'J13': -38243.0, 'cluster3106249630_3106249631_J60_J61_#5more': -279204.0}, {'J10': 13, 'J11': 32, 'J12': 20, 'J13': 24, 'cluster3106249630_3106249631_J60_J61_#5more': 36}, {'J10': 19, 'J11': 50, 'J12': 80, 'J13': 39, 'cluster3106249630_3106249631_J60_J61_#5more': 74}, 
2365.0, {'J10': -42745.5, 'J11': -197906.5, 'J12': -127182.0, 'J13': -38635.0, 'cluster3106249630_3106249631_J60_J61_#5more': -279946.5}, {'J10': 13, 'J11': 32, 'J12': 20, 'J13': 24, 'cluster3106249630_3106249631_J60_J61_#5more': 36}, {'J10': 18, 'J11': 49, 'J12': 81, 'J13': 41, 'cluster3106249630_3106249631_J60_J61_#5more': 75}, 
2370.0, {'J10': -42925.5, 'J11': -198375.5, 'J12': -127992.0, 'J13': -39045.0, 'cluster3106249630_3106249631_J60_J61_#5more': -280684.0}, {'J10': 13, 'J11': 32, 'J12': 20, 'J13': 24, 'cluster3106249630_3106249631_J60_J61_#5more': 36}, {'J10': 18, 'J11': 48, 'J12': 81, 'J13': 41, 'cluster3106249630_3106249631_J60_J61_#5more': 74}, 
2375.0, {'J10': -43105.5, 'J11': -198855.5, 'J12': -128802.0, 'J13': -39461.5, 'cluster3106249630_3106249631_J60_J61_#5more': -281424.0}, {'J10': 13, 'J11': 32, 'J12': 20, 'J13': 26, 'cluster3106249630_3106249631_J60_J61_#5more': 36}, {'J10': 18, 'J11': 48, 'J12': 81, 'J13': 43, 'cluster3106249630_3106249631_J60_J61_#5more': 74}, 
2380.0, {'J10': -43285.5, 'J11': -199335.5, 'J12': -129612.0, 'J13': -39897.5, 'cluster3106249630_3106249631_J60_J61_#5more': -282164.0}, {'J10': 13, 'J11': 32, 'J12': 20, 'J13': 28, 'cluster3106249630_3106249631_J60_J61_#5more': 36}, {'J10': 18, 'J11': 48, 'J12': 81, 'J13': 45, 'cluster3106249630_3106249631_J60_J61_#5more': 74}, 
2385.0, {'J10': -43465.5, 'J11': -199815.5, 'J12': -127841.0, 'J13': -40347.5, 'cluster3106249630_3106249631_J60_J61_#5more': -282904.0}, {'J10': 13, 'J11': 32, 'J12': 20, 'J13': 28, 'cluster3106249630_3106249631_J60_J61_#5more': 36}, {'J10': 18, 'J11': 48, 'J12': 77, 'J13': 45, 'cluster3106249630_3106249631_J60_J61_#5more': 74}, 
2390.0, {'J10': -43645.5, 'J11': -200295.5, 'J12': -128637.5, 'J13': -40797.5, 'cluster3106249630_3106249631_J60_J61_#5more': -283644.0}, {'J10': 13, 'J11': 32, 'J12': 20, 'J13': 28, 'cluster3106249630_3106249631_J60_J61_#5more': 36}, {'J10': 18, 'J11': 48, 'J12': 78, 'J13': 45, 'cluster3106249630_3106249631_J60_J61_#5more': 74}, 
2395.0, {'J10': -43825.5, 'J11': -200775.5, 'J12': -129420.0, 'J13': -41247.5, 'cluster3106249630_3106249631_J60_J61_#5more': -284384.0}, {'J10': 13, 'J11': 32, 'J12': 20, 'J13': 28, 'cluster3106249630_3106249631_J60_J61_#5more': 36}, {'J10': 18, 'J11': 48, 'J12': 81, 'J13': 45, 'cluster3106249630_3106249631_J60_J61_#5more': 74}, 
2400.0, {'J10': -44005.5, 'J11': -201255.5, 'J12': -130230.0, 'J13': -41697.5, 'cluster3106249630_3106249631_J60_J61_#5more': -285124.0}, {'J10': 13, 'J11': 32, 'J12': 20, 'J13': 28, 'cluster3106249630_3106249631_J60_J61_#5more': 36}, {'J10': 18, 'J11': 48, 'J12': 81, 'J13': 45, 'cluster3106249630_3106249631_J60_J61_#5more': 74}, 
2405.0, {'J10': -44185.5, 'J11': -201735.5, 'J12': -131040.0, 'J13': -42147.5, 'cluster3106249630_3106249631_J60_J61_#5more': -285864.0}, {'J10': 13, 'J11': 32, 'J12': 20, 'J13': 28, 'cluster3106249630_3106249631_J60_J61_#5more': 36}, {'J10': 18, 'J11': 48, 'J12': 81, 'J13': 45, 'cluster3106249630_3106249631_J60_J61_#5more': 74}, 
2410.0, {'J10': -44365.5, 'J11': -202215.5, 'J12': -131852.0, 'J13': -42597.5, 'cluster3106249630_3106249631_J60_J61_#5more': -286604.0}, {'J10': 13, 'J11': 32, 'J12': 20, 'J13': 28, 'cluster3106249630_3106249631_J60_J61_#5more': 36}, {'J10': 18, 'J11': 48, 'J12': 82, 'J13': 45, 'cluster3106249630_3106249631_J60_J61_#5more': 74}, 
2415.0, {'J10': -44545.5, 'J11': -202695.5, 'J12': -131611.5, 'J13': -40080.0, 'cluster3106249630_3106249631_J60_J61_#5more': -287173.0}, {'J10': 13, 'J11': 32, 'J12': 20, 'J13': 26, 'cluster3106249630_3106249631_J60_J61_#5more': 36}, {'J10': 18, 'J11': 48, 'J12': 81, 'J13': 42, 'cluster3106249630_3106249631_J60_J61_#5more': 73}, 
2420.0, {'J10': -44725.5, 'J11': -203175.5, 'J12': -132399.5, 'J13': -39862.5, 'cluster3106249630_3106249631_J60_J61_#5more': -287903.0}, {'J10': 13, 'J11': 32, 'J12': 20, 'J13': 26, 'cluster3106249630_3106249631_J60_J61_#5more': 36}, {'J10': 18, 'J11': 48, 'J12': 80, 'J13': 39, 'cluster3106249630_3106249631_J60_J61_#5more': 73}, 
2425.0, {'J10': -44905.5, 'J11': -203655.5, 'J12': -133199.5, 'J13': -40259.0, 'cluster3106249630_3106249631_J60_J61_#5more': -288633.0}, {'J10': 13, 'J11': 32, 'J12': 20, 'J13': 26, 'cluster3106249630_3106249631_J60_J61_#5more': 36}, {'J10': 18, 'J11': 48, 'J12': 80, 'J13': 41, 'cluster3106249630_3106249631_J60_J61_#5more': 73}, 
2430.0, {'J10': -45085.5, 'J11': -204135.5, 'J12': -134003.0, 'J13': -40669.0, 'cluster3106249630_3106249631_J60_J61_#5more': -289179.0}, {'J10': 13, 'J11': 32, 'J12': 20, 'J13': 26, 'cluster3106249630_3106249631_J60_J61_#5more': 36}, {'J10': 18, 'J11': 48, 'J12': 81, 'J13': 41, 'cluster3106249630_3106249631_J60_J61_#5more': 72}, 
2435.0, {'J10': -45265.5, 'J11': -204615.5, 'J12': -134817.5, 'J13': -41079.5, 'cluster3106249630_3106249631_J60_J61_#5more': -289899.0}, {'J10': 13, 'J11': 32, 'J12': 20, 'J13': 27, 'cluster3106249630_3106249631_J60_J61_#5more': 36}, {'J10': 18, 'J11': 48, 'J12': 82, 'J13': 42, 'cluster3106249630_3106249631_J60_J61_#5more': 72}, 
2440.0, {'J10': -45445.5, 'J11': -205095.5, 'J12': -135637.5, 'J13': -41503.5, 'cluster3106249630_3106249631_J60_J61_#5more': -290619.0}, {'J10': 13, 'J11': 32, 'J12': 20, 'J13': 28, 'cluster3106249630_3106249631_J60_J61_#5more': 36}, {'J10': 18, 'J11': 48, 'J12': 82, 'J13': 43, 'cluster3106249630_3106249631_J60_J61_#5more': 72}, 
2445.0, {'J10': -45625.5, 'J11': -205575.5, 'J12': -136457.5, 'J13': -41933.5, 'cluster3106249630_3106249631_J60_J61_#5more': -291341.5}, {'J10': 13, 'J11': 32, 'J12': 20, 'J13': 28, 'cluster3106249630_3106249631_J60_J61_#5more': 36}, {'J10': 18, 'J11': 48, 'J12': 82, 'J13': 43, 'cluster3106249630_3106249631_J60_J61_#5more': 73}, 
2450.0, {'J10': -45806.0, 'J11': -206060.0, 'J12': -135573.5, 'J13': -42363.5, 'cluster3106249630_3106249631_J60_J61_#5more': -292075.5}, {'J10': 13, 'J11': 32, 'J12': 20, 'J13': 28, 'cluster3106249630_3106249631_J60_J61_#5more': 36}, {'J10': 19, 'J11': 49, 'J12': 78, 'J13': 43, 'cluster3106249630_3106249631_J60_J61_#5more': 74}, 
2455.0, {'J10': -45996.0, 'J11': -206550.0, 'J12': -135972.5, 'J13': -42793.5, 'cluster3106249630_3106249631_J60_J61_#5more': -292815.5}, {'J10': 13, 'J11': 32, 'J12': 20, 'J13': 28, 'cluster3106249630_3106249631_J60_J61_#5more': 36}, {'J10': 19, 'J11': 49, 'J12': 77, 'J13': 43, 'cluster3106249630_3106249631_J60_J61_#5more': 74}, 
2460.0, {'J10': -46186.0, 'J11': -207042.5, 'J12': -136743.0, 'J13': -43223.5, 'cluster3106249630_3106249631_J60_J61_#5more': -293555.5}, {'J10': 13, 'J11': 32, 'J12': 20, 'J13': 28, 'cluster3106249630_3106249631_J60_J61_#5more': 36}, {'J10': 19, 'J11': 50, 'J12': 78, 'J13': 43, 'cluster3106249630_3106249631_J60_J61_#5more': 74}, 
2465.0, {'J10': -46376.0, 'J11': -207542.5, 'J12': -137538.0, 'J13': -43653.5, 'cluster3106249630_3106249631_J60_J61_#5more': -294080.5}, {'J10': 13, 'J11': 32, 'J12': 20, 'J13': 28, 'cluster3106249630_3106249631_J60_J61_#5more': 36}, {'J10': 19, 'J11': 50, 'J12': 82, 'J13': 43, 'cluster3106249630_3106249631_J60_J61_#5more': 73}, 
2470.0, {'J10': -46566.0, 'J11': -208042.5, 'J12': -137594.5, 'J13': -44083.5, 'cluster3106249630_3106249631_J60_J61_#5more': -294810.5}, {'J10': 13, 'J11': 32, 'J12': 20, 'J13': 28, 'cluster3106249630_3106249631_J60_J61_#5more': 36}, {'J10': 19, 'J11': 50, 'J12': 81, 'J13': 43, 'cluster3106249630_3106249631_J60_J61_#5more': 73}, 
2475.0, {'J10': -46756.0, 'J11': -208542.5, 'J12': -137401.0, 'J13': -44513.5, 'cluster3106249630_3106249631_J60_J61_#5more': -295541.0}, {'J10': 13, 'J11': 32, 'J12': 20, 'J13': 28, 'cluster3106249630_3106249631_J60_J61_#5more': 36}, {'J10': 19, 'J11': 50, 'J12': 80, 'J13': 43, 'cluster3106249630_3106249631_J60_J61_#5more': 74}, 
2480.0, {'J10': -46946.0, 'J11': -209046.5, 'J12': -138203.5, 'J13': -41712.5, 'cluster3106249630_3106249631_J60_J61_#5more': -296281.0}, {'J10': 13, 'J11': 32, 'J12': 20, 'J13': 26, 'cluster3106249630_3106249631_J60_J61_#5more': 36}, {'J10': 19, 'J11': 51, 'J12': 81, 'J13': 39, 'cluster3106249630_3106249631_J60_J61_#5more': 74}, 
2485.0, {'J10': -47136.0, 'J11': -209560.5, 'J12': -139013.5, 'J13': -41606.0, 'cluster3106249630_3106249631_J60_J61_#5more': -297021.0}, {'J10': 13, 'J11': 32, 'J12': 20, 'J13': 26, 'cluster3106249630_3106249631_J60_J61_#5more': 36}, {'J10': 19, 'J11': 52, 'J12': 81, 'J13': 37, 'cluster3106249630_3106249631_J60_J61_#5more': 74}, 
2490.0, {'J10': -47326.0, 'J11': -210080.5, 'J12': -138028.5, 'J13': -41981.0, 'cluster3106249630_3106249631_J60_J61_#5more': -297761.0}, {'J10': 13, 'J11': 32, 'J12': 20, 'J13': 26, 'cluster3106249630_3106249631_J60_J61_#5more': 36}, {'J10': 19, 'J11': 52, 'J12': 79, 'J13': 39, 'cluster3106249630_3106249631_J60_J61_#5more': 74}, 
2495.0, {'J10': -47425.5, 'J11': -210600.5, 'J12': -137013.5, 'J13': -42371.0, 'cluster3106249630_3106249631_J60_J61_#5more': -298125.0}, {'J10': 13, 'J11': 32, 'J12': 20, 'J13': 26, 'cluster3106249630_3106249631_J60_J61_#5more': 36}, {'J10': 18, 'J11': 52, 'J12': 78, 'J13': 39, 'cluster3106249630_3106249631_J60_J61_#5more': 72}, 
2500.0, {'J10': -47605.5, 'J11': -211120.5, 'J12': -136279.5, 'J13': -42765.0, 'cluster3106249630_3106249631_J60_J61_#5more': -298741.0}, {'J10': 13, 'J11': 32, 'J12': 20, 'J13': 28, 'cluster3106249630_3106249631_J60_J61_#5more': 36}, {'J10': 18, 'J11': 52, 'J12': 76, 'J13': 41, 'cluster3106249630_3106249631_J60_J61_#5more': 71}, 
2505.0, {'J10': -47785.5, 'J11': -211640.5, 'J12': -137039.5, 'J13': -43175.0, 'cluster3106249630_3106249631_J60_J61_#5more': -299390.5}, {'J10': 13, 'J11': 32, 'J12': 20, 'J13': 28, 'cluster3106249630_3106249631_J60_J61_#5more': 36}, {'J10': 18, 'J11': 52, 'J12': 76, 'J13': 41, 'cluster3106249630_3106249631_J60_J61_#5more': 70}, 
2510.0, {'J10': -47965.5, 'J11': -212160.5, 'J12': -137799.5, 'J13': -43585.0, 'cluster3106249630_3106249631_J60_J61_#5more': -300090.5}, {'J10': 13, 'J11': 32, 'J12': 20, 'J13': 28, 'cluster3106249630_3106249631_J60_J61_#5more': 36}, {'J10': 18, 'J11': 52, 'J12': 76, 'J13': 41, 'cluster3106249630_3106249631_J60_J61_#5more': 70}, 
2515.0, {'J10': -48145.5, 'J11': -212680.5, 'J12': -137208.5, 'J13': -43995.0, 'cluster3106249630_3106249631_J60_J61_#5more': -300796.0}, {'J10': 13, 'J11': 32, 'J12': 20, 'J13': 28, 'cluster3106249630_3106249631_J60_J61_#5more': 36}, {'J10': 18, 'J11': 52, 'J12': 74, 'J13': 41, 'cluster3106249630_3106249631_J60_J61_#5more': 73}, 
2520.0, {'J10': -48325.5, 'J11': -213201.5, 'J12': -137207.5, 'J13': -44405.0, 'cluster3106249630_3106249631_J60_J61_#5more': -301513.5}, {'J10': 13, 'J11': 32, 'J12': 20, 'J13': 28, 'cluster3106249630_3106249631_J60_J61_#5more': 36}, {'J10': 18, 'J11': 53, 'J12': 76, 'J13': 41, 'cluster3106249630_3106249631_J60_J61_#5more': 72}, 
2525.0, {'J10': -48505.5, 'J11': -213733.5, 'J12': -137968.0, 'J13': -44815.0, 'cluster3106249630_3106249631_J60_J61_#5more': -302211.5}, {'J10': 13, 'J11': 32, 'J12': 20, 'J13': 28, 'cluster3106249630_3106249631_J60_J61_#5more': 36}, {'J10': 18, 'J11': 54, 'J12': 80, 'J13': 41, 'cluster3106249630_3106249631_J60_J61_#5more': 71}, 
2530.0, {'J10': -48685.5, 'J11': -214284.0, 'J12': -138781.0, 'J13': -45225.0, 'cluster3106249630_3106249631_J60_J61_#5more': -302923.0}, {'J10': 13, 'J11': 32, 'J12': 20, 'J13': 28, 'cluster3106249630_3106249631_J60_J61_#5more': 36}, {'J10': 18, 'J11': 57, 'J12': 83, 'J13': 41, 'cluster3106249630_3106249631_J60_J61_#5more': 72}, 
2535.0, {'J10': -48865.5, 'J11': -214857.5, 'J12': -138723.5, 'J13': -45635.0, 'cluster3106249630_3106249631_J60_J61_#5more': -303644.0}, {'J10': 13, 'J11': 32, 'J12': 20, 'J13': 28, 'cluster3106249630_3106249631_J60_J61_#5more': 36}, {'J10': 18, 'J11': 58, 'J12': 83, 'J13': 41, 'cluster3106249630_3106249631_J60_J61_#5more': 73}, 
2540.0, {'J10': -49045.5, 'J11': -215440.5, 'J12': -139553.5, 'J13': -46045.0, 'cluster3106249630_3106249631_J60_J61_#5more': -304374.0}, {'J10': 13, 'J11': 32, 'J12': 20, 'J13': 28, 'cluster3106249630_3106249631_J60_J61_#5more': 36}, {'J10': 18, 'J11': 59, 'J12': 83, 'J13': 41, 'cluster3106249630_3106249631_J60_J61_#5more': 73}, 
2545.0, {'J10': -49225.5, 'J11': -216038.0, 'J12': -140383.5, 'J13': -43222.5, 'cluster3106249630_3106249631_J60_J61_#5more': -305106.0}, {'J10': 13, 'J11': 32, 'J12': 20, 'J13': 26, 'cluster3106249630_3106249631_J60_J61_#5more': 36}, {'J10': 18, 'J11': 61, 'J12': 83, 'J13': 37, 'cluster3106249630_3106249631_J60_J61_#5more': 74}, 
2550.0, {'J10': -49405.5, 'J11': -216503.0, 'J12': -140103.0, 'J13': -43097.5, 'cluster3106249630_3106249631_J60_J61_#5more': -305846.0}, {'J10': 13, 'J11': 32, 'J12': 20, 'J13': 26, 'cluster3106249630_3106249631_J60_J61_#5more': 36}, {'J10': 18, 'J11': 59, 'J12': 82, 'J13': 35, 'cluster3106249630_3106249631_J60_J61_#5more': 74}, 
2555.0, {'J10': -49585.5, 'J11': -216984.5, 'J12': -139279.5, 'J13': -43453.0, 'cluster3106249630_3106249631_J60_J61_#5more': -306586.0}, {'J10': 13, 'J11': 32, 'J12': 20, 'J13': 26, 'cluster3106249630_3106249631_J60_J61_#5more': 36}, {'J10': 18, 'J11': 57, 'J12': 81, 'J13': 37, 'cluster3106249630_3106249631_J60_J61_#5more': 74}, 
2560.0, {'J10': -49765.5, 'J11': -217559.0, 'J12': -139569.0, 'J13': -43823.0, 'cluster3106249630_3106249631_J60_J61_#5more': -307328.0}, {'J10': 13, 'J11': 32, 'J12': 20, 'J13': 26, 'cluster3106249630_3106249631_J60_J61_#5more': 36}, {'J10': 18, 'J11': 59, 'J12': 80, 'J13': 37, 'cluster3106249630_3106249631_J60_J61_#5more': 75}, 
2565.0, {'J10': -49945.5, 'J11': -218051.0, 'J12': -140369.0, 'J13': -44193.0, 'cluster3106249630_3106249631_J60_J61_#5more': -308066.0}, {'J10': 13, 'J11': 32, 'J12': 20, 'J13': 26, 'cluster3106249630_3106249631_J60_J61_#5more': 36}, {'J10': 18, 'J11': 57, 'J12': 80, 'J13': 37, 'cluster3106249630_3106249631_J60_J61_#5more': 74}, 
2570.0, {'J10': -50125.5, 'J11': -218463.0, 'J12': -141174.0, 'J13': -44572.0, 'cluster3106249630_3106249631_J60_J61_#5more': -308806.0}, {'J10': 13, 'J11': 32, 'J12': 20, 'J13': 28, 'cluster3106249630_3106249631_J60_J61_#5more': 36}, {'J10': 18, 'J11': 54, 'J12': 82, 'J13': 39, 'cluster3106249630_3106249631_J60_J61_#5more': 74}, 
2575.0, {'J10': -50305.5, 'J11': -218972.0, 'J12': -141994.0, 'J13': -44962.0, 'cluster3106249630_3106249631_J60_J61_#5more': -309546.0}, {'J10': 13, 'J11': 32, 'J12': 20, 'J13': 28, 'cluster3106249630_3106249631_J60_J61_#5more': 36}, {'J10': 18, 'J11': 53, 'J12': 82, 'J13': 39, 'cluster3106249630_3106249631_J60_J61_#5more': 74}, 
2580.0, {'J10': -50485.5, 'J11': -219502.0, 'J12': -135435.5, 'J13': -45352.0, 'cluster3106249630_3106249631_J60_J61_#5more': -310286.0}, {'J10': 13, 'J11': 32, 'J12': 20, 'J13': 28, 'cluster3106249630_3106249631_J60_J61_#5more': 36}, {'J10': 18, 'J11': 53, 'J12': 76, 'J13': 39, 'cluster3106249630_3106249631_J60_J61_#5more': 74}, 
2585.0, {'J10': -50665.5, 'J11': -220032.0, 'J12': -135804.0, 'J13': -45742.0, 'cluster3106249630_3106249631_J60_J61_#5more': -311026.0}, {'J10': 13, 'J11': 32, 'J12': 20, 'J13': 28, 'cluster3106249630_3106249631_J60_J61_#5more': 36}, {'J10': 18, 'J11': 53, 'J12': 74, 'J13': 39, 'cluster3106249630_3106249631_J60_J61_#5more': 74}, 
2590.0, {'J10': -50845.5, 'J11': -220562.0, 'J12': -136545.0, 'J13': -46132.0, 'cluster3106249630_3106249631_J60_J61_#5more': -311766.0}, {'J10': 13, 'J11': 32, 'J12': 20, 'J13': 28, 'cluster3106249630_3106249631_J60_J61_#5more': 36}, {'J10': 18, 'J11': 53, 'J12': 76, 'J13': 39, 'cluster3106249630_3106249631_J60_J61_#5more': 74}, 
2595.0, {'J10': -51025.5, 'J11': -221093.5, 'J12': -137314.5, 'J13': -46522.0, 'cluster3106249630_3106249631_J60_J61_#5more': -312506.0}, {'J10': 13, 'J11': 32, 'J12': 20, 'J13': 28, 'cluster3106249630_3106249631_J60_J61_#5more': 36}, {'J10': 18, 'J11': 54, 'J12': 79, 'J13': 39, 'cluster3106249630_3106249631_J60_J61_#5more': 74}, 
2600.0, {'J10': -51205.5, 'J11': -221622.0, 'J12': -136902.0, 'J13': -46912.0, 'cluster3106249630_3106249631_J60_J61_#5more': -313075.0}, {'J10': 13, 'J11': 32, 'J12': 20, 'J13': 28, 'cluster3106249630_3106249631_J60_J61_#5more': 36}, {'J10': 18, 'J11': 53, 'J12': 78, 'J13': 39, 'cluster3106249630_3106249631_J60_J61_#5more': 73}, 
2605.0, {'J10': -51385.5, 'J11': -222152.0, 'J12': -137682.0, 'J13': -47302.0, 'cluster3106249630_3106249631_J60_J61_#5more': -313805.0}, {'J10': 13, 'J11': 32, 'J12': 20, 'J13': 28, 'cluster3106249630_3106249631_J60_J61_#5more': 36}, {'J10': 18, 'J11': 53, 'J12': 78, 'J13': 39, 'cluster3106249630_3106249631_J60_J61_#5more': 73}, 
2610.0, {'J10': -51565.5, 'J11': -222682.0, 'J12': -138462.0, 'J13': -45588.0, 'cluster3106249630_3106249631_J60_J61_#5more': -314384.0}, {'J10': 13, 'J11': 32, 'J12': 20, 'J13': 27, 'cluster3106249630_3106249631_J60_J61_#5more': 36}, {'J10': 18, 'J11': 53, 'J12': 78, 'J13': 36, 'cluster3106249630_3106249631_J60_J61_#5more': 72}, 
2615.0, {'J10': -51745.5, 'J11': -223212.0, 'J12': -139243.0, 'J13': -44431.0, 'cluster3106249630_3106249631_J60_J61_#5more': -314932.5}, {'J10': 13, 'J11': 32, 'J12': 20, 'J13': 26, 'cluster3106249630_3106249631_J60_J61_#5more': 36}, {'J10': 18, 'J11': 53, 'J12': 79, 'J13': 34, 'cluster3106249630_3106249631_J60_J61_#5more': 71}, 
2620.0, {'J10': -51925.5, 'J11': -223742.0, 'J12': -140033.0, 'J13': -44776.5, 'cluster3106249630_3106249631_J60_J61_#5more': -315644.0}, {'J10': 13, 'J11': 32, 'J12': 20, 'J13': 26, 'cluster3106249630_3106249631_J60_J61_#5more': 36}, {'J10': 18, 'J11': 53, 'J12': 79, 'J13': 36, 'cluster3106249630_3106249631_J60_J61_#5more': 73}, 
2625.0, {'J10': -52105.5, 'J11': -224272.0, 'J12': -140823.0, 'J13': -45136.5, 'cluster3106249630_3106249631_J60_J61_#5more': -316374.5}, {'J10': 13, 'J11': 32, 'J12': 20, 'J13': 26, 'cluster3106249630_3106249631_J60_J61_#5more': 36}, {'J10': 18, 'J11': 53, 'J12': 79, 'J13': 36, 'cluster3106249630_3106249631_J60_J61_#5more': 74}, 
2630.0, {'J10': -52285.5, 'J11': -224802.0, 'J12': -141613.0, 'J13': -45497.5, 'cluster3106249630_3106249631_J60_J61_#5more': -317108.0}, {'J10': 13, 'J11': 32, 'J12': 20, 'J13': 27, 'cluster3106249630_3106249631_J60_J61_#5more': 36}, {'J10': 18, 'J11': 53, 'J12': 79, 'J13': 37, 'cluster3106249630_3106249631_J60_J61_#5more': 74}, 
2635.0, {'J10': -52469.5, 'J11': -225332.0, 'J12': -142403.0, 'J13': -45872.5, 'cluster3106249630_3106249631_J60_J61_#5more': -317848.0}, {'J10': 13, 'J11': 32, 'J12': 20, 'J13': 28, 'cluster3106249630_3106249631_J60_J61_#5more': 36}, {'J10': 19, 'J11': 53, 'J12': 79, 'J13': 38, 'cluster3106249630_3106249631_J60_J61_#5more': 74}, 
2640.0, {'J10': -52659.5, 'J11': -225862.0, 'J12': -143193.0, 'J13': -46252.5, 'cluster3106249630_3106249631_J60_J61_#5more': -318588.0}, {'J10': 13, 'J11': 32, 'J12': 20, 'J13': 28, 'cluster3106249630_3106249631_J60_J61_#5more': 36}, {'J10': 19, 'J11': 53, 'J12': 79, 'J13': 38, 'cluster3106249630_3106249631_J60_J61_#5more': 74}, 
2645.0, {'J10': -52849.5, 'J11': -226395.5, 'J12': -142551.5, 'J13': -46632.5, 'cluster3106249630_3106249631_J60_J61_#5more': -319328.0}, {'J10': 13, 'J11': 32, 'J12': 20, 'J13': 28, 'cluster3106249630_3106249631_J60_J61_#5more': 36}, {'J10': 19, 'J11': 54, 'J12': 75, 'J13': 38, 'cluster3106249630_3106249631_J60_J61_#5more': 74}, 
2650.0, {'J10': -53041.5, 'J11': -226935.5, 'J12': -142928.5, 'J13': -47012.5, 'cluster3106249630_3106249631_J60_J61_#5more': -320068.0}, {'J10': 13, 'J11': 32, 'J12': 20, 'J13': 28, 'cluster3106249630_3106249631_J60_J61_#5more': 36}, {'J10': 20, 'J11': 54, 'J12': 74, 'J13': 38, 'cluster3106249630_3106249631_J60_J61_#5more': 74}, 
2655.0, {'J10': -53241.5, 'J11': -227475.5, 'J12': -143673.5, 'J13': -47392.5, 'cluster3106249630_3106249631_J60_J61_#5more': -320808.0}, {'J10': 13, 'J11': 32, 'J12': 20, 'J13': 28, 'cluster3106249630_3106249631_J60_J61_#5more': 36}, {'J10': 20, 'J11': 54, 'J12': 76, 'J13': 38, 'cluster3106249630_3106249631_J60_J61_#5more': 74}, 
2660.0, {'J10': -53441.5, 'J11': -228015.5, 'J12': -144445.0, 'J13': -47772.5, 'cluster3106249630_3106249631_J60_J61_#5more': -321548.0}, {'J10': 13, 'J11': 32, 'J12': 20, 'J13': 28, 'cluster3106249630_3106249631_J60_J61_#5more': 36}, {'J10': 20, 'J11': 54, 'J12': 79, 'J13': 38, 'cluster3106249630_3106249631_J60_J61_#5more': 74}, 
2665.0, {'J10': -53641.5, 'J11': -228555.5, 'J12': -143946.0, 'J13': -48152.5, 'cluster3106249630_3106249631_J60_J61_#5more': -321955.0}, {'J10': 13, 'J11': 32, 'J12': 20, 'J13': 28, 'cluster3106249630_3106249631_J60_J61_#5more': 36}, {'J10': 20, 'J11': 54, 'J12': 79, 'J13': 38, 'cluster3106249630_3106249631_J60_J61_#5more': 72}, 
2670.0, {'J10': -53841.5, 'J11': -229095.5, 'J12': -143673.5, 'J13': -48532.5, 'cluster3106249630_3106249631_J60_J61_#5more': -322574.5}, {'J10': 13, 'J11': 32, 'J12': 20, 'J13': 28, 'cluster3106249630_3106249631_J60_J61_#5more': 36}, {'J10': 20, 'J11': 54, 'J12': 78, 'J13': 38, 'cluster3106249630_3106249631_J60_J61_#5more': 71}, 
2675.0, {'J10': -54041.5, 'J11': -229635.5, 'J12': -143772.0, 'J13': -45912.5, 'cluster3106249630_3106249631_J60_J61_#5more': -323190.5}, {'J10': 13, 'J11': 32, 'J12': 20, 'J13': 26, 'cluster3106249630_3106249631_J60_J61_#5more': 36}, {'J10': 20, 'J11': 54, 'J12': 76, 'J13': 35, 'cluster3106249630_3106249631_J60_J61_#5more': 70}, 
2680.0, {'J10': -54241.5, 'J11': -230175.5, 'J12': -143563.5, 'J13': -43475.0, 'cluster3106249630_3106249631_J60_J61_#5more': -323897.5}, {'J10': 13, 'J11': 32, 'J12': 20, 'J13': 24, 'cluster3106249630_3106249631_J60_J61_#5more': 36}, {'J10': 20, 'J11': 54, 'J12': 73, 'J13': 32, 'cluster3106249630_3106249631_J60_J61_#5more': 73}, 
2685.0, {'J10': -54441.5, 'J11': -230715.5, 'J12': -144293.5, 'J13': -43801.0, 'cluster3106249630_3106249631_J60_J61_#5more': -324632.5}, {'J10': 13, 'J11': 32, 'J12': 20, 'J13': 24, 'cluster3106249630_3106249631_J60_J61_#5more': 36}, {'J10': 20, 'J11': 54, 'J12': 73, 'J13': 34, 'cluster3106249630_3106249631_J60_J61_#5more': 74}, 
2690.0, {'J10': -54527.5, 'J11': -231255.5, 'J12': -145031.5, 'J13': -44141.0, 'cluster3106249630_3106249631_J60_J61_#5more': -325326.0}, {'J10': 13, 'J11': 32, 'J12': 20, 'J13': 24, 'cluster3106249630_3106249631_J60_J61_#5more': 36}, {'J10': 19, 'J11': 54, 'J12': 77, 'J13': 34, 'cluster3106249630_3106249631_J60_J61_#5more': 72}, 
2695.0, {'J10': -54717.5, 'J11': -231795.5, 'J12': -145811.5, 'J13': -44481.0, 'cluster3106249630_3106249631_J60_J61_#5more': -326015.5}, {'J10': 13, 'J11': 32, 'J12': 20, 'J13': 24, 'cluster3106249630_3106249631_J60_J61_#5more': 36}, {'J10': 19, 'J11': 54, 'J12': 79, 'J13': 34, 'cluster3106249630_3106249631_J60_J61_#5more': 71}, 
2700.0, {'J10': -54912.5, 'J11': -232335.5, 'J12': -146601.5, 'J13': -44829.5, 'cluster3106249630_3106249631_J60_J61_#5more': -326691.0}, {'J10': 13, 'J11': 32, 'J12': 20, 'J13': 27, 'cluster3106249630_3106249631_J60_J61_#5more': 36}, {'J10': 20, 'J11': 54, 'J12': 79, 'J13': 37, 'cluster3106249630_3106249631_J60_J61_#5more': 71}, 
2705.0, {'J10': -55112.5, 'J11': -232875.5, 'J12': -147391.5, 'J13': -45203.0, 'cluster3106249630_3106249631_J60_J61_#5more': -327401.0}, {'J10': 13, 'J11': 32, 'J12': 20, 'J13': 28, 'cluster3106249630_3106249631_J60_J61_#5more': 36}, {'J10': 20, 'J11': 54, 'J12': 79, 'J13': 38, 'cluster3106249630_3106249631_J60_J61_#5more': 71}, 
2710.0, {'J10': -55312.5, 'J11': -233415.5, 'J12': -145077.0, 'J13': -45583.0, 'cluster3106249630_3106249631_J60_J61_#5more': -328111.0}, {'J10': 13, 'J11': 32, 'J12': 20, 'J13': 28, 'cluster3106249630_3106249631_J60_J61_#5more': 36}, {'J10': 20, 'J11': 54, 'J12': 75, 'J13': 38, 'cluster3106249630_3106249631_J60_J61_#5more': 71}, 
2715.0, {'J10': -55512.5, 'J11': -233955.5, 'J12': -145440.0, 'J13': -45963.0, 'cluster3106249630_3106249631_J60_J61_#5more': -328825.5}, {'J10': 13, 'J11': 32, 'J12': 20, 'J13': 28, 'cluster3106249630_3106249631_J60_J61_#5more': 36}, {'J10': 20, 'J11': 54, 'J12': 73, 'J13': 38, 'cluster3106249630_3106249631_J60_J61_#5more': 73}, 
2720.0, {'J10': -55712.5, 'J11': -234495.5, 'J12': -146171.5, 'J13': -46343.0, 'cluster3106249630_3106249631_J60_J61_#5more': -329520.0}, {'J10': 13, 'J11': 32, 'J12': 20, 'J13': 28, 'cluster3106249630_3106249631_J60_J61_#5more': 36}, {'J10': 20, 'J11': 54, 'J12': 75, 'J13': 38, 'cluster3106249630_3106249631_J60_J61_#5more': 73}, 
2725.0, {'J10': -55912.5, 'J11': -235035.5, 'J12': -146933.5, 'J13': -46723.0, 'cluster3106249630_3106249631_J60_J61_#5more': -330227.0}, {'J10': 13, 'J11': 32, 'J12': 20, 'J13': 28, 'cluster3106249630_3106249631_J60_J61_#5more': 36}, {'J10': 20, 'J11': 54, 'J12': 78, 'J13': 38, 'cluster3106249630_3106249631_J60_J61_#5more': 72}, 
2730.0, {'J10': -56112.5, 'J11': -235575.5, 'J12': -147713.5, 'J13': -47103.0, 'cluster3106249630_3106249631_J60_J61_#5more': -330947.0}, {'J10': 13, 'J11': 32, 'J12': 20, 'J13': 28, 'cluster3106249630_3106249631_J60_J61_#5more': 36}, {'J10': 20, 'J11': 54, 'J12': 78, 'J13': 38, 'cluster3106249630_3106249631_J60_J61_#5more': 72}, 
2735.0, {'J10': -56312.5, 'J11': -236115.5, 'J12': -148493.5, 'J13': -47483.0, 'cluster3106249630_3106249631_J60_J61_#5more': -331670.0}, {'J10': 13, 'J11': 32, 'J12': 20, 'J13': 28, 'cluster3106249630_3106249631_J60_J61_#5more': 36}, {'J10': 20, 'J11': 54, 'J12': 78, 'J13': 38, 'cluster3106249630_3106249631_J60_J61_#5more': 73}, 
2740.0, {'J10': -56512.5, 'J11': -236655.5, 'J12': -149273.5, 'J13': -47621.5, 'cluster3106249630_3106249631_J60_J61_#5more': -332400.5}, {'J10': 13, 'J11': 32, 'J12': 20, 'J13': 28, 'cluster3106249630_3106249631_J60_J61_#5more': 36}, {'J10': 20, 'J11': 54, 'J12': 78, 'J13': 37, 'cluster3106249630_3106249631_J60_J61_#5more': 74}, 
2745.0, {'J10': -56712.5, 'J11': -237195.5, 'J12': -150053.5, 'J13': -46472.5, 'cluster3106249630_3106249631_J60_J61_#5more': -333140.5}, {'J10': 13, 'J11': 32, 'J12': 20, 'J13': 27, 'cluster3106249630_3106249631_J60_J61_#5more': 36}, {'J10': 20, 'J11': 54, 'J12': 78, 'J13': 35, 'cluster3106249630_3106249631_J60_J61_#5more': 74}, 
2750.0, {'J10': -56912.5, 'J11': -237735.5, 'J12': -150837.0, 'J13': -46828.5, 'cluster3106249630_3106249631_J60_J61_#5more': -333809.0}, {'J10': 13, 'J11': 32, 'J12': 20, 'J13': 27, 'cluster3106249630_3106249631_J60_J61_#5more': 36}, {'J10': 20, 'J11': 54, 'J12': 79, 'J13': 37, 'cluster3106249630_3106249631_J60_J61_#5more': 73}, 
2755.0, {'J10': -56900.5, 'J11': -238275.5, 'J12': -151627.0, 'J13': -47198.5, 'cluster3106249630_3106249631_J60_J61_#5more': -334539.5}, {'J10': 13, 'J11': 32, 'J12': 20, 'J13': 27, 'cluster3106249630_3106249631_J60_J61_#5more': 36}, {'J10': 19, 'J11': 54, 'J12': 79, 'J13': 37, 'cluster3106249630_3106249631_J60_J61_#5more': 74}, 
2760.0, {'J10': -56967.0, 'J11': -238815.5, 'J12': -152417.0, 'J13': -47568.5, 'cluster3106249630_3106249631_J60_J61_#5more': -335269.0}, {'J10': 13, 'J11': 32, 'J12': 20, 'J13': 27, 'cluster3106249630_3106249631_J60_J61_#5more': 36}, {'J10': 19, 'J11': 54, 'J12': 79, 'J13': 37, 'cluster3106249630_3106249631_J60_J61_#5more': 73}, 
2765.0, {'J10': -57160.5, 'J11': -239358.0, 'J12': -153207.0, 'J13': -47941.5, 'cluster3106249630_3106249631_J60_J61_#5more': -336003.5}, {'J10': 13, 'J11': 32, 'J12': 20, 'J13': 28, 'cluster3106249630_3106249631_J60_J61_#5more': 36}, {'J10': 20, 'J11': 55, 'J12': 79, 'J13': 38, 'cluster3106249630_3106249631_J60_J61_#5more': 74}, 
2770.0, {'J10': -57360.5, 'J11': -239913.0, 'J12': -153997.0, 'J13': -48321.5, 'cluster3106249630_3106249631_J60_J61_#5more': -336743.5}, {'J10': 13, 'J11': 32, 'J12': 20, 'J13': 28, 'cluster3106249630_3106249631_J60_J61_#5more': 36}, {'J10': 20, 'J11': 57, 'J12': 79, 'J13': 38, 'cluster3106249630_3106249631_J60_J61_#5more': 74}, 
2775.0, {'J10': -57560.5, 'J11': -240446.5, 'J12': -148051.0, 'J13': -48701.5, 'cluster3106249630_3106249631_J60_J61_#5more': -337368.5}, {'J10': 13, 'J11': 32, 'J12': 20, 'J13': 28, 'cluster3106249630_3106249631_J60_J61_#5more': 36}, {'J10': 20, 'J11': 55, 'J12': 72, 'J13': 38, 'cluster3106249630_3106249631_J60_J61_#5more': 73}, 
2780.0, {'J10': -57760.5, 'J11': -240975.5, 'J12': -148397.0, 'J13': -49081.5, 'cluster3106249630_3106249631_J60_J61_#5more': -338098.5}, {'J10': 13, 'J11': 32, 'J12': 20, 'J13': 28, 'cluster3106249630_3106249631_J60_J61_#5more': 36}, {'J10': 20, 'J11': 54, 'J12': 71, 'J13': 38, 'cluster3106249630_3106249631_J60_J61_#5more': 73}, 
2785.0, {'J10': -57960.5, 'J11': -241515.5, 'J12': -149109.0, 'J13': -49461.5, 'cluster3106249630_3106249631_J60_J61_#5more': -338725.5}, {'J10': 13, 'J11': 32, 'J12': 20, 'J13': 28, 'cluster3106249630_3106249631_J60_J61_#5more': 36}, {'J10': 20, 'J11': 54, 'J12': 74, 'J13': 38, 'cluster3106249630_3106249631_J60_J61_#5more': 72}, 
2790.0, {'J10': -58160.5, 'J11': -242055.5, 'J12': -149872.5, 'J13': -49841.5, 'cluster3106249630_3106249631_J60_J61_#5more': -339345.0}, {'J10': 13, 'J11': 32, 'J12': 20, 'J13': 28, 'cluster3106249630_3106249631_J60_J61_#5more': 36}, {'J10': 20, 'J11': 54, 'J12': 80, 'J13': 38, 'cluster3106249630_3106249631_J60_J61_#5more': 71}, 
2795.0, {'J10': -58360.5, 'J11': -242595.5, 'J12': -150672.5, 'J13': -50221.5, 'cluster3106249630_3106249631_J60_J61_#5more': -340058.0}, {'J10': 13, 'J11': 32, 'J12': 20, 'J13': 28, 'cluster3106249630_3106249631_J60_J61_#5more': 36}, {'J10': 20, 'J11': 54, 'J12': 80, 'J13': 38, 'cluster3106249630_3106249631_J60_J61_#5more': 72}, 
2800.0, {'J10': -58560.5, 'J11': -243135.5, 'J12': -150738.0, 'J13': -50601.5, 'cluster3106249630_3106249631_J60_J61_#5more': -340786.5}, {'J10': 13, 'J11': 32, 'J12': 20, 'J13': 28, 'cluster3106249630_3106249631_J60_J61_#5more': 36}, {'J10': 20, 'J11': 54, 'J12': 79, 'J13': 38, 'cluster3106249630_3106249631_J60_J61_#5more': 74}, 
2805.0, {'J10': -58760.5, 'J11': -243675.5, 'J12': -151528.0, 'J13': -46709.0, 'cluster3106249630_3106249631_J60_J61_#5more': -341526.5}, {'J10': 13, 'J11': 32, 'J12': 20, 'J13': 25, 'cluster3106249630_3106249631_J60_J61_#5more': 36}, {'J10': 20, 'J11': 54, 'J12': 79, 'J13': 34, 'cluster3106249630_3106249631_J60_J61_#5more': 74}, 
2810.0, {'J10': -58960.5, 'J11': -244215.5, 'J12': -152318.0, 'J13': -45662.0, 'cluster3106249630_3106249631_J60_J61_#5more': -342172.0}, {'J10': 13, 'J11': 32, 'J12': 20, 'J13': 24, 'cluster3106249630_3106249631_J60_J61_#5more': 36}, {'J10': 20, 'J11': 54, 'J12': 79, 'J13': 32, 'cluster3106249630_3106249631_J60_J61_#5more': 73}, 
2815.0, {'J10': -59160.5, 'J11': -244755.5, 'J12': -153108.0, 'J13': -45988.0, 'cluster3106249630_3106249631_J60_J61_#5more': -342824.0}, {'J10': 13, 'J11': 32, 'J12': 20, 'J13': 24, 'cluster3106249630_3106249631_J60_J61_#5more': 36}, {'J10': 20, 'J11': 54, 'J12': 79, 'J13': 34, 'cluster3106249630_3106249631_J60_J61_#5more': 71}, 
2820.0, {'J10': -59239.0, 'J11': -245295.5, 'J12': -153907.5, 'J13': -46328.0, 'cluster3106249630_3106249631_J60_J61_#5more': -343490.5}, {'J10': 13, 'J11': 32, 'J12': 20, 'J13': 24, 'cluster3106249630_3106249631_J60_J61_#5more': 36}, {'J10': 19, 'J11': 54, 'J12': 82, 'J13': 34, 'cluster3106249630_3106249631_J60_J61_#5more': 70}, 
2825.0, {'J10': -59307.0, 'J11': -245835.5, 'J12': -154735.5, 'J13': -46668.0, 'cluster3106249630_3106249631_J60_J61_#5more': -344190.5}, {'J10': 13, 'J11': 32, 'J12': 20, 'J13': 24, 'cluster3106249630_3106249631_J60_J61_#5more': 36}, {'J10': 19, 'J11': 54, 'J12': 84, 'J13': 34, 'cluster3106249630_3106249631_J60_J61_#5more': 70}, 
2830.0, {'J10': -59501.0, 'J11': -246375.5, 'J12': -155575.5, 'J13': -47021.0, 'cluster3106249630_3106249631_J60_J61_#5more': -344890.5}, {'J10': 13, 'J11': 32, 'J12': 20, 'J13': 28, 'cluster3106249630_3106249631_J60_J61_#5more': 36}, {'J10': 20, 'J11': 54, 'J12': 84, 'J13': 38, 'cluster3106249630_3106249631_J60_J61_#5more': 70}, 
2835.0, {'J10': -59701.0, 'J11': -246915.5, 'J12': -156415.5, 'J13': -47401.0, 'cluster3106249630_3106249631_J60_J61_#5more': -345590.5}, {'J10': 13, 'J11': 32, 'J12': 20, 'J13': 28, 'cluster3106249630_3106249631_J60_J61_#5more': 36}, {'J10': 20, 'J11': 54, 'J12': 84, 'J13': 38, 'cluster3106249630_3106249631_J60_J61_#5more': 70}, 
2840.0, {'J10': -59901.0, 'J11': -247455.5, 'J12': -152256.0, 'J13': -47781.0, 'cluster3106249630_3106249631_J60_J61_#5more': -346290.5}, {'J10': 13, 'J11': 32, 'J12': 20, 'J13': 28, 'cluster3106249630_3106249631_J60_J61_#5more': 36}, {'J10': 20, 'J11': 54, 'J12': 78, 'J13': 38, 'cluster3106249630_3106249631_J60_J61_#5more': 70}, 
2845.0, {'J10': -60101.0, 'J11': -247998.5, 'J12': -152663.0, 'J13': -48161.0, 'cluster3106249630_3106249631_J60_J61_#5more': -346990.5}, {'J10': 13, 'J11': 32, 'J12': 20, 'J13': 28, 'cluster3106249630_3106249631_J60_J61_#5more': 36}, {'J10': 20, 'J11': 55, 'J12': 77, 'J13': 38, 'cluster3106249630_3106249631_J60_J61_#5more': 70}, 
2850.0, {'J10': -60301.0, 'J11': -248551.0, 'J12': -153435.0, 'J13': -48541.0, 'cluster3106249630_3106249631_J60_J61_#5more': -347690.5}, {'J10': 13, 'J11': 32, 'J12': 20, 'J13': 28, 'cluster3106249630_3106249631_J60_J61_#5more': 36}, {'J10': 20, 'J11': 56, 'J12': 79, 'J13': 38, 'cluster3106249630_3106249631_J60_J61_#5more': 70}, 
2855.0, {'J10': -60501.0, 'J11': -249088.0, 'J12': -154241.5, 'J13': -48921.0, 'cluster3106249630_3106249631_J60_J61_#5more': -348390.5}, {'J10': 13, 'J11': 32, 'J12': 20, 'J13': 28, 'cluster3106249630_3106249631_J60_J61_#5more': 36}, {'J10': 20, 'J11': 55, 'J12': 83, 'J13': 38, 'cluster3106249630_3106249631_J60_J61_#5more': 70}, 
2860.0, {'J10': -60701.0, 'J11': -249615.5, 'J12': -155071.5, 'J13': -49301.0, 'cluster3106249630_3106249631_J60_J61_#5more': -349090.5}, {'J10': 13, 'J11': 32, 'J12': 20, 'J13': 28, 'cluster3106249630_3106249631_J60_J61_#5more': 36}, {'J10': 20, 'J11': 54, 'J12': 83, 'J13': 38, 'cluster3106249630_3106249631_J60_J61_#5more': 70}, 
2865.0, {'J10': -60901.0, 'J11': -250157.5, 'J12': -155901.5, 'J13': -49681.0, 'cluster3106249630_3106249631_J60_J61_#5more': -349790.5}, {'J10': 13, 'J11': 32, 'J12': 20, 'J13': 28, 'cluster3106249630_3106249631_J60_J61_#5more': 36}, {'J10': 20, 'J11': 55, 'J12': 83, 'J13': 38, 'cluster3106249630_3106249631_J60_J61_#5more': 70}, 
2870.0, {'J10': -61101.0, 'J11': -250713.5, 'J12': -156731.5, 'J13': -44674.5, 'cluster3106249630_3106249631_J60_J61_#5more': -350502.5}, {'J10': 13, 'J11': 32, 'J12': 20, 'J13': 24, 'cluster3106249630_3106249631_J60_J61_#5more': 36}, {'J10': 20, 'J11': 57, 'J12': 83, 'J13': 33, 'cluster3106249630_3106249631_J60_J61_#5more': 74}, 
2875.0, {'J10': -61301.0, 'J11': -251235.5, 'J12': -157561.5, 'J13': -44880.5, 'cluster3106249630_3106249631_J60_J61_#5more': -351242.5}, {'J10': 13, 'J11': 32, 'J12': 20, 'J13': 24, 'cluster3106249630_3106249631_J60_J61_#5more': 36}, {'J10': 20, 'J11': 54, 'J12': 83, 'J13': 32, 'cluster3106249630_3106249631_J60_J61_#5more': 74}, 
2880.0, {'J10': -61501.0, 'J11': -251775.5, 'J12': -158395.5, 'J13': -45200.5, 'cluster3106249630_3106249631_J60_J61_#5more': -351982.5}, {'J10': 13, 'J11': 32, 'J12': 20, 'J13': 24, 'cluster3106249630_3106249631_J60_J61_#5more': 36}, {'J10': 20, 'J11': 54, 'J12': 84, 'J13': 32, 'cluster3106249630_3106249631_J60_J61_#5more': 74}, 
2885.0, {'J10': -61582.5, 'J11': -252315.5, 'J12': -159235.5, 'J13': -45520.5, 'cluster3106249630_3106249631_J60_J61_#5more': -352689.0}, {'J10': 13, 'J11': 32, 'J12': 20, 'J13': 24, 'cluster3106249630_3106249631_J60_J61_#5more': 36}, {'J10': 20, 'J11': 54, 'J12': 84, 'J13': 32, 'cluster3106249630_3106249631_J60_J61_#5more': 74}, 
2890.0, {'J10': -61647.5, 'J11': -252855.5, 'J12': -160075.5, 'J13': -45840.5, 'cluster3106249630_3106249631_J60_J61_#5more': -353373.5}, {'J10': 13, 'J11': 32, 'J12': 20, 'J13': 24, 'cluster3106249630_3106249631_J60_J61_#5more': 36}, {'J10': 19, 'J11': 54, 'J12': 84, 'J13': 32, 'cluster3106249630_3106249631_J60_J61_#5more': 72}, 
2895.0, {'J10': -61841.5, 'J11': -253395.5, 'J12': -160915.5, 'J13': -46167.5, 'cluster3106249630_3106249631_J60_J61_#5more': -354093.5}, {'J10': 13, 'J11': 32, 'J12': 20, 'J13': 26, 'cluster3106249630_3106249631_J60_J61_#5more': 36}, {'J10': 20, 'J11': 54, 'J12': 84, 'J13': 34, 'cluster3106249630_3106249631_J60_J61_#5more': 72}, 
2900.0, {'J10': -62041.5, 'J11': -253935.5, 'J12': -161755.5, 'J13': -46513.5, 'cluster3106249630_3106249631_J60_J61_#5more': -354819.5}, {'J10': 13, 'J11': 32, 'J12': 20, 'J13': 28, 'cluster3106249630_3106249631_J60_J61_#5more': 36}, {'J10': 20, 'J11': 54, 'J12': 84, 'J13': 36, 'cluster3106249630_3106249631_J60_J61_#5more': 74}, 
2905.0, {'J10': -62241.5, 'J11': -254475.5, 'J12': -160762.0, 'J13': -46873.5, 'cluster3106249630_3106249631_J60_J61_#5more': -355559.5}, {'J10': 13, 'J11': 32, 'J12': 20, 'J13': 28, 'cluster3106249630_3106249631_J60_J61_#5more': 36}, {'J10': 20, 'J11': 54, 'J12': 79, 'J13': 36, 'cluster3106249630_3106249631_J60_J61_#5more': 74}, 
2910.0, {'J10': -62441.5, 'J11': -255015.5, 'J12': -161612.5, 'J13': -47233.5, 'cluster3106249630_3106249631_J60_J61_#5more': -356299.5}, {'J10': 13, 'J11': 32, 'J12': 20, 'J13': 28, 'cluster3106249630_3106249631_J60_J61_#5more': 36}, {'J10': 20, 'J11': 54, 'J12': 80, 'J13': 36, 'cluster3106249630_3106249631_J60_J61_#5more': 74}, 
2915.0, {'J10': -62641.5, 'J11': -255555.5, 'J12': -162417.0, 'J13': -47593.5, 'cluster3106249630_3106249631_J60_J61_#5more': -356947.5}, {'J10': 13, 'J11': 32, 'J12': 20, 'J13': 28, 'cluster3106249630_3106249631_J60_J61_#5more': 36}, {'J10': 20, 'J11': 54, 'J12': 83, 'J13': 36, 'cluster3106249630_3106249631_J60_J61_#5more': 73}, 
2920.0, {'J10': -62841.5, 'J11': -256095.5, 'J12': -163259.0, 'J13': -47953.5, 'cluster3106249630_3106249631_J60_J61_#5more': -357677.5}, {'J10': 13, 'J11': 32, 'J12': 20, 'J13': 28, 'cluster3106249630_3106249631_J60_J61_#5more': 36}, {'J10': 20, 'J11': 54, 'J12': 86, 'J13': 36, 'cluster3106249630_3106249631_J60_J61_#5more': 73}, 
2925.0, {'J10': -63041.5, 'J11': -256635.5, 'J12': -162856.0, 'J13': -48316.0, 'cluster3106249630_3106249631_J60_J61_#5more': -358407.5}, {'J10': 13, 'J11': 32, 'J12': 20, 'J13': 28, 'cluster3106249630_3106249631_J60_J61_#5more': 36}, {'J10': 20, 'J11': 54, 'J12': 85, 'J13': 37, 'cluster3106249630_3106249631_J60_J61_#5more': 73}, 
2930.0, {'J10': -63241.5, 'J11': -257175.5, 'J12': -162105.0, 'J13': -48686.0, 'cluster3106249630_3106249631_J60_J61_#5more': -359142.5}, {'J10': 13, 'J11': 32, 'J12': 20, 'J13': 28, 'cluster3106249630_3106249631_J60_J61_#5more': 36}, {'J10': 20, 'J11': 54, 'J12': 84, 'J13': 37, 'cluster3106249630_3106249631_J60_J61_#5more': 74}, 
2935.0, {'J10': -63441.5, 'J11': -257715.5, 'J12': -162945.0, 'J13': -46171.0, 'cluster3106249630_3106249631_J60_J61_#5more': -359882.5}, {'J10': 13, 'J11': 32, 'J12': 20, 'J13': 26, 'cluster3106249630_3106249631_J60_J61_#5more': 36}, {'J10': 20, 'J11': 54, 'J12': 84, 'J13': 34, 'cluster3106249630_3106249631_J60_J61_#5more': 74}, 
2940.0, {'J10': -63641.5, 'J11': -258255.5, 'J12': -163785.0, 'J13': -44082.0, 'cluster3106249630_3106249631_J60_J61_#5more': -360622.5}, {'J10': 13, 'J11': 32, 'J12': 20, 'J13': 24, 'cluster3106249630_3106249631_J60_J61_#5more': 36}, {'J10': 20, 'J11': 54, 'J12': 84, 'J13': 32, 'cluster3106249630_3106249631_J60_J61_#5more': 74}, 
2945.0, {'J10': -63841.5, 'J11': -258795.5, 'J12': -164627.5, 'J13': -44402.0, 'cluster3106249630_3106249631_J60_J61_#5more': -361362.5}, {'J10': 13, 'J11': 32, 'J12': 20, 'J13': 24, 'cluster3106249630_3106249631_J60_J61_#5more': 36}, {'J10': 20, 'J11': 54, 'J12': 85, 'J13': 32, 'cluster3106249630_3106249631_J60_J61_#5more': 74}, 
2950.0, {'J10': -63919.5, 'J11': -259335.5, 'J12': -165477.5, 'J13': -44722.0, 'cluster3106249630_3106249631_J60_J61_#5more': -362105.5}, {'J10': 13, 'J11': 32, 'J12': 20, 'J13': 24, 'cluster3106249630_3106249631_J60_J61_#5more': 36}, {'J10': 19, 'J11': 54, 'J12': 85, 'J13': 32, 'cluster3106249630_3106249631_J60_J61_#5more': 75}, 
2955.0, {'J10': -63987.5, 'J11': -259875.5, 'J12': -166327.5, 'J13': -45042.0, 'cluster3106249630_3106249631_J60_J61_#5more': -362842.5}, {'J10': 13, 'J11': 32, 'J12': 20, 'J13': 24, 'cluster3106249630_3106249631_J60_J61_#5more': 36}, {'J10': 19, 'J11': 54, 'J12': 85, 'J13': 32, 'cluster3106249630_3106249631_J60_J61_#5more': 74}, 
2960.0, {'J10': -64177.5, 'J11': -260415.5, 'J12': -167177.5, 'J13': -45372.5, 'cluster3106249630_3106249631_J60_J61_#5more': -363582.5}, {'J10': 13, 'J11': 32, 'J12': 20, 'J13': 27, 'cluster3106249630_3106249631_J60_J61_#5more': 36}, {'J10': 19, 'J11': 54, 'J12': 85, 'J13': 36, 'cluster3106249630_3106249631_J60_J61_#5more': 74}, 
2965.0, {'J10': -64367.5, 'J11': -260957.5, 'J12': -168027.5, 'J13': -45736.5, 'cluster3106249630_3106249631_J60_J61_#5more': -364322.5}, {'J10': 13, 'J11': 32, 'J12': 20, 'J13': 28, 'cluster3106249630_3106249631_J60_J61_#5more': 36}, {'J10': 19, 'J11': 55, 'J12': 85, 'J13': 37, 'cluster3106249630_3106249631_J60_J61_#5more': 74}, 
2970.0, {'J10': -64557.5, 'J11': -261507.5, 'J12': -164640.5, 'J13': -46106.5, 'cluster3106249630_3106249631_J60_J61_#5more': -365062.5}, {'J10': 13, 'J11': 32, 'J12': 20, 'J13': 28, 'cluster3106249630_3106249631_J60_J61_#5more': 36}, {'J10': 19, 'J11': 55, 'J12': 79, 'J13': 37, 'cluster3106249630_3106249631_J60_J61_#5more': 74}, 
2975.0, {'J10': -64747.5, 'J11': -262035.5, 'J12': -165430.5, 'J13': -46476.5, 'cluster3106249630_3106249631_J60_J61_#5more': -365802.5}, {'J10': 13, 'J11': 32, 'J12': 20, 'J13': 28, 'cluster3106249630_3106249631_J60_J61_#5more': 36}, {'J10': 19, 'J11': 54, 'J12': 79, 'J13': 37, 'cluster3106249630_3106249631_J60_J61_#5more': 74}, 
2980.0, {'J10': -64937.5, 'J11': -262575.5, 'J12': -166221.5, 'J13': -46849.5, 'cluster3106249630_3106249631_J60_J61_#5more': -366542.5}, {'J10': 13, 'J11': 32, 'J12': 20, 'J13': 28, 'cluster3106249630_3106249631_J60_J61_#5more': 36}, {'J10': 19, 'J11': 54, 'J12': 81, 'J13': 38, 'cluster3106249630_3106249631_J60_J61_#5more': 74}, 
2985.0, {'J10': -65127.5, 'J11': -263115.5, 'J12': -167043.5, 'J13': -47229.5, 'cluster3106249630_3106249631_J60_J61_#5more': -367282.5}, {'J10': 13, 'J11': 32, 'J12': 20, 'J13': 28, 'cluster3106249630_3106249631_J60_J61_#5more': 36}, {'J10': 19, 'J11': 54, 'J12': 84, 'J13': 38, 'cluster3106249630_3106249631_J60_J61_#5more': 74}, 
2990.0, {'J10': -65317.5, 'J11': -263655.5, 'J12': -167883.5, 'J13': -47609.5, 'cluster3106249630_3106249631_J60_J61_#5more': -368022.5}, {'J10': 13, 'J11': 32, 'J12': 20, 'J13': 28, 'cluster3106249630_3106249631_J60_J61_#5more': 36}, {'J10': 19, 'J11': 54, 'J12': 84, 'J13': 38, 'cluster3106249630_3106249631_J60_J61_#5more': 74}, 
2995.0, {'J10': -65507.5, 'J11': -264195.5, 'J12': -168723.5, 'J13': -47989.5, 'cluster3106249630_3106249631_J60_J61_#5more': -368762.5}, {'J10': 13, 'J11': 32, 'J12': 20, 'J13': 28, 'cluster3106249630_3106249631_J60_J61_#5more': 36}, {'J10': 19, 'J11': 54, 'J12': 84, 'J13': 38, 'cluster3106249630_3106249631_J60_J61_#5more': 74}, 
3000.0, {'J10': -65697.5, 'J11': -264735.5, 'J12': -169563.5, 'J13': -44509.0, 'cluster3106249630_3106249631_J60_J61_#5more': -369502.5}, {'J10': 13, 'J11': 32, 'J12': 20, 'J13': 25, 'cluster3106249630_3106249631_J60_J61_#5more': 36}, {'J10': 19, 'J11': 54, 'J12': 84, 'J13': 34, 'cluster3106249630_3106249631_J60_J61_#5more': 74}, 
3005.0, {'J10': -65887.5, 'J11': -265275.5, 'J12': -170403.5, 'J13': -43617.5, 'cluster3106249630_3106249631_J60_J61_#5more': -370242.5}, {'J10': 13, 'J11': 32, 'J12': 20, 'J13': 24, 'cluster3106249630_3106249631_J60_J61_#5more': 36}, {'J10': 19, 'J11': 54, 'J12': 84, 'J13': 32, 'cluster3106249630_3106249631_J60_J61_#5more': 74}, 
3010.0, {'J10': -66077.5, 'J11': -265815.5, 'J12': -171243.5, 'J13': -43940.5, 'cluster3106249630_3106249631_J60_J61_#5more': -370982.5}, {'J10': 13, 'J11': 32, 'J12': 20, 'J13': 24, 'cluster3106249630_3106249631_J60_J61_#5more': 36}, {'J10': 19, 'J11': 54, 'J12': 84, 'J13': 33, 'cluster3106249630_3106249631_J60_J61_#5more': 74}, 
3015.0, {'J10': -66145.5, 'J11': -266355.5, 'J12': -172083.5, 'J13': -44270.5, 'cluster3106249630_3106249631_J60_J61_#5more': -371725.5}, {'J10': 13, 'J11': 32, 'J12': 20, 'J13': 24, 'cluster3106249630_3106249631_J60_J61_#5more': 36}, {'J10': 18, 'J11': 54, 'J12': 84, 'J13': 33, 'cluster3106249630_3106249631_J60_J61_#5more': 75}, 
3020.0, {'J10': -66325.5, 'J11': -266895.5, 'J12': -172923.5, 'J13': -44600.5, 'cluster3106249630_3106249631_J60_J61_#5more': -372462.5}, {'J10': 13, 'J11': 32, 'J12': 20, 'J13': 24, 'cluster3106249630_3106249631_J60_J61_#5more': 36}, {'J10': 18, 'J11': 54, 'J12': 84, 'J13': 33, 'cluster3106249630_3106249631_J60_J61_#5more': 74}, 
3025.0, {'J10': -66508.0, 'J11': -267435.5, 'J12': -173763.5, 'J13': -44937.0, 'cluster3106249630_3106249631_J60_J61_#5more': -373202.5}, {'J10': 13, 'J11': 32, 'J12': 20, 'J13': 27, 'cluster3106249630_3106249631_J60_J61_#5more': 36}, {'J10': 19, 'J11': 54, 'J12': 84, 'J13': 36, 'cluster3106249630_3106249631_J60_J61_#5more': 74}, 
3030.0, {'J10': -66698.0, 'J11': -267976.0, 'J12': -174603.5, 'J13': -45300.5, 'cluster3106249630_3106249631_J60_J61_#5more': -373942.5}, {'J10': 13, 'J11': 32, 'J12': 20, 'J13': 28, 'cluster3106249630_3106249631_J60_J61_#5more': 36}, {'J10': 19, 'J11': 55, 'J12': 84, 'J13': 37, 'cluster3106249630_3106249631_J60_J61_#5more': 74}, 
3035.0, {'J10': -66888.0, 'J11': -268526.0, 'J12': -173616.5, 'J13': -45670.5, 'cluster3106249630_3106249631_J60_J61_#5more': -374682.5}, {'J10': 13, 'J11': 32, 'J12': 20, 'J13': 28, 'cluster3106249630_3106249631_J60_J61_#5more': 36}, {'J10': 19, 'J11': 55, 'J12': 79, 'J13': 37, 'cluster3106249630_3106249631_J60_J61_#5more': 74}, 
3040.0, {'J10': -67078.0, 'J11': -269057.5, 'J12': -174406.5, 'J13': -46041.0, 'cluster3106249630_3106249631_J60_J61_#5more': -375422.5}, {'J10': 13, 'J11': 32, 'J12': 20, 'J13': 28, 'cluster3106249630_3106249631_J60_J61_#5more': 36}, {'J10': 19, 'J11': 55, 'J12': 79, 'J13': 38, 'cluster3106249630_3106249631_J60_J61_#5more': 74}, 
3045.0, {'J10': -67268.0, 'J11': -269595.5, 'J12': -175198.5, 'J13': -46421.0, 'cluster3106249630_3106249631_J60_J61_#5more': -376162.5}, {'J10': 13, 'J11': 32, 'J12': 20, 'J13': 28, 'cluster3106249630_3106249631_J60_J61_#5more': 36}, {'J10': 19, 'J11': 54, 'J12': 82, 'J13': 38, 'cluster3106249630_3106249631_J60_J61_#5more': 74}, 
3050.0, {'J10': -67458.0, 'J11': -270135.5, 'J12': -176026.5, 'J13': -46801.0, 'cluster3106249630_3106249631_J60_J61_#5more': -376902.5}, {'J10': 13, 'J11': 32, 'J12': 20, 'J13': 28, 'cluster3106249630_3106249631_J60_J61_#5more': 36}, {'J10': 19, 'J11': 54, 'J12': 84, 'J13': 38, 'cluster3106249630_3106249631_J60_J61_#5more': 74}, 
3055.0, {'J10': -67648.0, 'J11': -270675.5, 'J12': -174741.5, 'J13': -47181.0, 'cluster3106249630_3106249631_J60_J61_#5more': -377642.5}, {'J10': 13, 'J11': 32, 'J12': 20, 'J13': 28, 'cluster3106249630_3106249631_J60_J61_#5more': 36}, {'J10': 19, 'J11': 54, 'J12': 84, 'J13': 38, 'cluster3106249630_3106249631_J60_J61_#5more': 74}, 
3060.0, {'J10': -67838.0, 'J11': -271215.5, 'J12': -171572.5, 'J13': -47561.0, 'cluster3106249630_3106249631_J60_J61_#5more': -378382.5}, {'J10': 13, 'J11': 32, 'J12': 20, 'J13': 28, 'cluster3106249630_3106249631_J60_J61_#5more': 36}, {'J10': 19, 'J11': 54, 'J12': 80, 'J13': 38, 'cluster3106249630_3106249631_J60_J61_#5more': 74}, 
3065.0, {'J10': -68028.0, 'J11': -271755.5, 'J12': -170876.0, 'J13': -44250.0, 'cluster3106249630_3106249631_J60_J61_#5more': -379122.5}, {'J10': 13, 'J11': 32, 'J12': 20, 'J13': 25, 'cluster3106249630_3106249631_J60_J61_#5more': 36}, {'J10': 19, 'J11': 54, 'J12': 78, 'J13': 34, 'cluster3106249630_3106249631_J60_J61_#5more': 74}, 
3070.0, {'J10': -68218.0, 'J11': -272305.5, 'J12': -170146.5, 'J13': -43462.0, 'cluster3106249630_3106249631_J60_J61_#5more': -379862.5}, {'J10': 13, 'J11': 32, 'J12': 20, 'J13': 24, 'cluster3106249630_3106249631_J60_J61_#5more': 36}, {'J10': 19, 'J11': 56, 'J12': 75, 'J13': 32, 'cluster3106249630_3106249631_J60_J61_#5more': 74}, 
3075.0, {'J10': -68408.0, 'J11': -272850.5, 'J12': -165197.5, 'J13': -43786.0, 'cluster3106249630_3106249631_J60_J61_#5more': -380602.5}, {'J10': 13, 'J11': 32, 'J12': 20, 'J13': 24, 'cluster3106249630_3106249631_J60_J61_#5more': 36}, {'J10': 19, 'J11': 55, 'J12': 70, 'J13': 33, 'cluster3106249630_3106249631_J60_J61_#5more': 74}, 
3080.0, {'J10': -68488.5, 'J11': -273375.5, 'J12': -165587.0, 'J13': -44119.5, 'cluster3106249630_3106249631_J60_J61_#5more': -381344.0}, {'J10': 13, 'J11': 32, 'J12': 20, 'J13': 24, 'cluster3106249630_3106249631_J60_J61_#5more': 36}, {'J10': 19, 'J11': 54, 'J12': 70, 'J13': 34, 'cluster3106249630_3106249631_J60_J61_#5more': 75}, 
3085.0, {'J10': -68665.5, 'J11': -273915.5, 'J12': -164963.5, 'J13': -44459.5, 'cluster3106249630_3106249631_J60_J61_#5more': -382082.5}, {'J10': 13, 'J11': 32, 'J12': 20, 'J13': 24, 'cluster3106249630_3106249631_J60_J61_#5more': 36}, {'J10': 18, 'J11': 54, 'J12': 69, 'J13': 34, 'cluster3106249630_3106249631_J60_J61_#5more': 74}, 
3090.0, {'J10': -68845.5, 'J11': -274456.0, 'J12': -165658.0, 'J13': -44806.5, 'cluster3106249630_3106249631_J60_J61_#5more': -382822.5}, {'J10': 13, 'J11': 32, 'J12': 20, 'J13': 27, 'cluster3106249630_3106249631_J60_J61_#5more': 36}, {'J10': 18, 'J11': 55, 'J12': 71, 'J13': 37, 'cluster3106249630_3106249631_J60_J61_#5more': 74}, 
3095.0, {'J10': -69025.5, 'J11': -274995.5, 'J12': -166377.0, 'J13': -45180.5, 'cluster3106249630_3106249631_J60_J61_#5more': -383562.5}, {'J10': 13, 'J11': 32, 'J12': 20, 'J13': 28, 'cluster3106249630_3106249631_J60_J61_#5more': 36}, {'J10': 18, 'J11': 54, 'J12': 74, 'J13': 38, 'cluster3106249630_3106249631_J60_J61_#5more': 74}, 
3100.0, {'J10': -69205.5, 'J11': -275535.5, 'J12': -167128.0, 'J13': -45560.5, 'cluster3106249630_3106249631_J60_J61_#5more': -384302.5}, {'J10': 13, 'J11': 32, 'J12': 20, 'J13': 28, 'cluster3106249630_3106249631_J60_J61_#5more': 36}, {'J10': 18, 'J11': 54, 'J12': 78, 'J13': 38, 'cluster3106249630_3106249631_J60_J61_#5more': 74}, 
3105.0, {'J10': -69385.5, 'J11': -276075.5, 'J12': -167921.5, 'J13': -45940.5, 'cluster3106249630_3106249631_J60_J61_#5more': -385042.5}, {'J10': 13, 'J11': 32, 'J12': 20, 'J13': 28, 'cluster3106249630_3106249631_J60_J61_#5more': 36}, {'J10': 18, 'J11': 54, 'J12': 82, 'J13': 38, 'cluster3106249630_3106249631_J60_J61_#5more': 74}, 
3110.0, {'J10': -69565.5, 'J11': -276615.5, 'J12': -168751.0, 'J13': -46320.5, 'cluster3106249630_3106249631_J60_J61_#5more': -385782.5}, {'J10': 13, 'J11': 32, 'J12': 20, 'J13': 28, 'cluster3106249630_3106249631_J60_J61_#5more': 36}, {'J10': 18, 'J11': 54, 'J12': 85, 'J13': 38, 'cluster3106249630_3106249631_J60_J61_#5more': 74}, 
3115.0, {'J10': -69745.5, 'J11': -277157.0, 'J12': -169601.0, 'J13': -46700.5, 'cluster3106249630_3106249631_J60_J61_#5more': -386522.5}, {'J10': 13, 'J11': 32, 'J12': 20, 'J13': 28, 'cluster3106249630_3106249631_J60_J61_#5more': 36}, {'J10': 18, 'J11': 55, 'J12': 85, 'J13': 38, 'cluster3106249630_3106249631_J60_J61_#5more': 74}, 
3120.0, {'J10': -69925.5, 'J11': -277712.5, 'J12': -170451.0, 'J13': -47080.5, 'cluster3106249630_3106249631_J60_J61_#5more': -387262.5}, {'J10': 13, 'J11': 32, 'J12': 20, 'J13': 28, 'cluster3106249630_3106249631_J60_J61_#5more': 36}, {'J10': 18, 'J11': 57, 'J12': 85, 'J13': 38, 'cluster3106249630_3106249631_J60_J61_#5more': 74}, 
3125.0, {'J10': -70105.5, 'J11': -278247.5, 'J12': -171301.0, 'J13': -47460.5, 'cluster3106249630_3106249631_J60_J61_#5more': -388002.5}, {'J10': 13, 'J11': 32, 'J12': 20, 'J13': 28, 'cluster3106249630_3106249631_J60_J61_#5more': 36}, {'J10': 18, 'J11': 55, 'J12': 85, 'J13': 38, 'cluster3106249630_3106249631_J60_J61_#5more': 74}, 
3130.0, {'J10': -70285.5, 'J11': -278800.5, 'J12': -172151.0, 'J13': -43856.0, 'cluster3106249630_3106249631_J60_J61_#5more': -387758.0}, {'J10': 13, 'J11': 32, 'J12': 20, 'J13': 24, 'cluster3106249630_3106249631_J60_J61_#5more': 36}, {'J10': 18, 'J11': 57, 'J12': 85, 'J13': 34, 'cluster3106249630_3106249631_J60_J61_#5more': 72}, 
3135.0, {'J10': -70465.5, 'J11': -279375.5, 'J12': -173001.0, 'J13': -44196.0, 'cluster3106249630_3106249631_J60_J61_#5more': -387590.5}, {'J10': 13, 'J11': 32, 'J12': 20, 'J13': 24, 'cluster3106249630_3106249631_J60_J61_#5more': 36}, {'J10': 18, 'J11': 59, 'J12': 85, 'J13': 34, 'cluster3106249630_3106249631_J60_J61_#5more': 70}, 
3140.0, {'J10': -70645.5, 'J11': -279965.5, 'J12': -173851.0, 'J13': -44536.0, 'cluster3106249630_3106249631_J60_J61_#5more': -388290.5}, {'J10': 13, 'J11': 32, 'J12': 20, 'J13': 24, 'cluster3106249630_3106249631_J60_J61_#5more': 36}, {'J10': 18, 'J11': 59, 'J12': 85, 'J13': 34, 'cluster3106249630_3106249631_J60_J61_#5more': 70}, 
3145.0, {'J10': -70825.5, 'J11': -280557.5, 'J12': -167232.5, 'J13': -44876.0, 'cluster3106249630_3106249631_J60_J61_#5more': -388990.5}, {'J10': 13, 'J11': 32, 'J12': 20, 'J13': 24, 'cluster3106249630_3106249631_J60_J61_#5more': 36}, {'J10': 18, 'J11': 60, 'J12': 77, 'J13': 34, 'cluster3106249630_3106249631_J60_J61_#5more': 70}, 
3150.0, {'J10': -71005.5, 'J11': -281157.5, 'J12': -168002.5, 'J13': -45216.0, 'cluster3106249630_3106249631_J60_J61_#5more': -389690.5}, {'J10': 13, 'J11': 32, 'J12': 20, 'J13': 24, 'cluster3106249630_3106249631_J60_J61_#5more': 36}, {'J10': 18, 'J11': 60, 'J12': 77, 'J13': 34, 'cluster3106249630_3106249631_J60_J61_#5more': 70}, 
3155.0, {'J10': -71185.5, 'J11': -281685.5, 'J12': -168773.5, 'J13': -45565.5, 'cluster3106249630_3106249631_J60_J61_#5more': -390397.5}, {'J10': 13, 'J11': 32, 'J12': 20, 'J13': 27, 'cluster3106249630_3106249631_J60_J61_#5more': 36}, {'J10': 18, 'J11': 59, 'J12': 79, 'J13': 37, 'cluster3106249630_3106249631_J60_J61_#5more': 73}, 
3160.0, {'J10': -71365.5, 'J11': -282213.0, 'J12': -168395.5, 'J13': -45939.0, 'cluster3106249630_3106249631_J60_J61_#5more': -391132.0}, {'J10': 13, 'J11': 32, 'J12': 20, 'J13': 28, 'cluster3106249630_3106249631_J60_J61_#5more': 36}, {'J10': 18, 'J11': 58, 'J12': 82, 'J13': 38, 'cluster3106249630_3106249631_J60_J61_#5more': 74}, 
3165.0, {'J10': -71545.5, 'J11': -282728.0, 'J12': -169215.5, 'J13': -46319.0, 'cluster3106249630_3106249631_J60_J61_#5more': -391872.0}, {'J10': 13, 'J11': 32, 'J12': 20, 'J13': 28, 'cluster3106249630_3106249631_J60_J61_#5more': 36}, {'J10': 18, 'J11': 59, 'J12': 82, 'J13': 38, 'cluster3106249630_3106249631_J60_J61_#5more': 74}, 
3170.0, {'J10': -71725.5, 'J11': -283318.0, 'J12': -170035.5, 'J13': -46699.0, 'cluster3106249630_3106249631_J60_J61_#5more': -392612.0}, {'J10': 13, 'J11': 32, 'J12': 20, 'J13': 28, 'cluster3106249630_3106249631_J60_J61_#5more': 36}, {'J10': 18, 'J11': 59, 'J12': 82, 'J13': 38, 'cluster3106249630_3106249631_J60_J61_#5more': 74}, 
3175.0, {'J10': -71905.5, 'J11': -283888.0, 'J12': -170855.5, 'J13': -47079.0, 'cluster3106249630_3106249631_J60_J61_#5more': -393352.0}, {'J10': 13, 'J11': 32, 'J12': 20, 'J13': 28, 'cluster3106249630_3106249631_J60_J61_#5more': 36}, {'J10': 18, 'J11': 59, 'J12': 82, 'J13': 38, 'cluster3106249630_3106249631_J60_J61_#5more': 74}, 
3180.0, {'J10': -72085.5, 'J11': -284486.0, 'J12': -171677.5, 'J13': -47459.0, 'cluster3106249630_3106249631_J60_J61_#5more': -394092.0}, {'J10': 13, 'J11': 32, 'J12': 20, 'J13': 28, 'cluster3106249630_3106249631_J60_J61_#5more': 36}, {'J10': 18, 'J11': 61, 'J12': 83, 'J13': 38, 'cluster3106249630_3106249631_J60_J61_#5more': 74}, 
3185.0, {'J10': -72265.5, 'J11': -285096.0, 'J12': -172507.5, 'J13': -47839.0, 'cluster3106249630_3106249631_J60_J61_#5more': -394832.0}, {'J10': 13, 'J11': 32, 'J12': 20, 'J13': 28, 'cluster3106249630_3106249631_J60_J61_#5more': 36}, {'J10': 18, 'J11': 61, 'J12': 83, 'J13': 38, 'cluster3106249630_3106249631_J60_J61_#5more': 74}, 
3190.0, {'J10': -72445.5, 'J11': -285456.5, 'J12': -173337.5, 'J13': -48219.0, 'cluster3106249630_3106249631_J60_J61_#5more': -395572.0}, {'J10': 13, 'J11': 32, 'J12': 20, 'J13': 28, 'cluster3106249630_3106249631_J60_J61_#5more': 36}, {'J10': 18, 'J11': 58, 'J12': 83, 'J13': 38, 'cluster3106249630_3106249631_J60_J61_#5more': 74}, 
3195.0, {'J10': -72625.5, 'J11': -285934.5, 'J12': -174167.5, 'J13': -46615.0, 'cluster3106249630_3106249631_J60_J61_#5more': -396312.0}, {'J10': 13, 'J11': 32, 'J12': 20, 'J13': 26, 'cluster3106249630_3106249631_J60_J61_#5more': 36}, {'J10': 18, 'J11': 57, 'J12': 83, 'J13': 36, 'cluster3106249630_3106249631_J60_J61_#5more': 74}, 
3200.0, {'J10': -72805.5, 'J11': -286335.5, 'J12': -174997.5, 'J13': -46975.0, 'cluster3106249630_3106249631_J60_J61_#5more': -397052.0}, {'J10': 13, 'J11': 32, 'J12': 20, 'J13': 26, 'cluster3106249630_3106249631_J60_J61_#5more': 36}, {'J10': 18, 'J11': 54, 'J12': 83, 'J13': 36, 'cluster3106249630_3106249631_J60_J61_#5more': 74}, 
3205.0, {'J10': -72985.5, 'J11': -286875.5, 'J12': -175827.5, 'J13': -47335.0, 'cluster3106249630_3106249631_J60_J61_#5more': -397792.0}, {'J10': 13, 'J11': 32, 'J12': 20, 'J13': 26, 'cluster3106249630_3106249631_J60_J61_#5more': 36}, {'J10': 18, 'J11': 54, 'J12': 83, 'J13': 36, 'cluster3106249630_3106249631_J60_J61_#5more': 74}, 
3210.0, {'J10': -73167.5, 'J11': -287415.5, 'J12': -171511.0, 'J13': -47695.0, 'cluster3106249630_3106249631_J60_J61_#5more': -398534.5}, {'J10': 13, 'J11': 32, 'J12': 20, 'J13': 26, 'cluster3106249630_3106249631_J60_J61_#5more': 36}, {'J10': 19, 'J11': 54, 'J12': 76, 'J13': 36, 'cluster3106249630_3106249631_J60_J61_#5more': 75}, 
3215.0, {'J10': -73345.5, 'J11': -287955.5, 'J12': -172271.0, 'J13': -48055.0, 'cluster3106249630_3106249631_J60_J61_#5more': -399272.0}, {'J10': 13, 'J11': 32, 'J12': 20, 'J13': 26, 'cluster3106249630_3106249631_J60_J61_#5more': 36}, {'J10': 18, 'J11': 54, 'J12': 76, 'J13': 36, 'cluster3106249630_3106249631_J60_J61_#5more': 74}, 
3220.0, {'J10': -73525.5, 'J11': -288495.5, 'J12': -173033.0, 'J13': -48423.5, 'cluster3106249630_3106249631_J60_J61_#5more': -400012.0}, {'J10': 13, 'J11': 32, 'J12': 20, 'J13': 28, 'cluster3106249630_3106249631_J60_J61_#5more': 36}, {'J10': 18, 'J11': 54, 'J12': 79, 'J13': 38, 'cluster3106249630_3106249631_J60_J61_#5more': 74}, 
3225.0, {'J10': -73705.5, 'J11': -289035.5, 'J12': -173838.5, 'J13': -48803.5, 'cluster3106249630_3106249631_J60_J61_#5more': -400752.0}, {'J10': 13, 'J11': 32, 'J12': 20, 'J13': 28, 'cluster3106249630_3106249631_J60_J61_#5more': 36}, {'J10': 18, 'J11': 54, 'J12': 83, 'J13': 38, 'cluster3106249630_3106249631_J60_J61_#5more': 74}, 
3230.0, {'J10': -73888.5, 'J11': -289575.5, 'J12': -173321.0, 'J13': -49183.5, 'cluster3106249630_3106249631_J60_J61_#5more': -401492.0}, {'J10': 13, 'J11': 32, 'J12': 20, 'J13': 28, 'cluster3106249630_3106249631_J60_J61_#5more': 36}, {'J10': 19, 'J11': 54, 'J12': 84, 'J13': 38, 'cluster3106249630_3106249631_J60_J61_#5more': 74}, 
3235.0, {'J10': -74079.0, 'J11': -290115.5, 'J12': -174138.5, 'J13': -49563.5, 'cluster3106249630_3106249631_J60_J61_#5more': -402232.0}, {'J10': 13, 'J11': 32, 'J12': 20, 'J13': 28, 'cluster3106249630_3106249631_J60_J61_#5more': 36}, {'J10': 20, 'J11': 54, 'J12': 83, 'J13': 38, 'cluster3106249630_3106249631_J60_J61_#5more': 74}, 
3240.0, {'J10': -74279.0, 'J11': -290655.5, 'J12': -174925.0, 'J13': -49943.5, 'cluster3106249630_3106249631_J60_J61_#5more': -402972.0}, {'J10': 13, 'J11': 32, 'J12': 20, 'J13': 28, 'cluster3106249630_3106249631_J60_J61_#5more': 36}, {'J10': 20, 'J11': 54, 'J12': 81, 'J13': 38, 'cluster3106249630_3106249631_J60_J61_#5more': 74}, 
3245.0, {'J10': -74479.0, 'J11': -291195.5, 'J12': -175422.0, 'J13': -50323.5, 'cluster3106249630_3106249631_J60_J61_#5more': -403712.0}, {'J10': 13, 'J11': 32, 'J12': 20, 'J13': 28, 'cluster3106249630_3106249631_J60_J61_#5more': 36}, {'J10': 20, 'J11': 54, 'J12': 80, 'J13': 38, 'cluster3106249630_3106249631_J60_J61_#5more': 74}, 
3250.0, {'J10': -74679.0, 'J11': -291735.5, 'J12': -175100.5, 'J13': -50703.5, 'cluster3106249630_3106249631_J60_J61_#5more': -404452.0}, {'J10': 13, 'J11': 32, 'J12': 20, 'J13': 28, 'cluster3106249630_3106249631_J60_J61_#5more': 36}, {'J10': 20, 'J11': 54, 'J12': 79, 'J13': 38, 'cluster3106249630_3106249631_J60_J61_#5more': 74}, 
3255.0, {'J10': -74879.0, 'J11': -292275.5, 'J12': -175565.5, 'J13': -51083.5, 'cluster3106249630_3106249631_J60_J61_#5more': -405192.0}, {'J10': 13, 'J11': 32, 'J12': 20, 'J13': 28, 'cluster3106249630_3106249631_J60_J61_#5more': 36}, {'J10': 20, 'J11': 54, 'J12': 78, 'J13': 38, 'cluster3106249630_3106249631_J60_J61_#5more': 74}, 
3260.0, {'J10': -75079.0, 'J11': -292815.5, 'J12': -176345.5, 'J13': -47678.0, 'cluster3106249630_3106249631_J60_J61_#5more': -405932.0}, {'J10': 13, 'J11': 32, 'J12': 20, 'J13': 25, 'cluster3106249630_3106249631_J60_J61_#5more': 36}, {'J10': 20, 'J11': 54, 'J12': 78, 'J13': 33, 'cluster3106249630_3106249631_J60_J61_#5more': 74}, 
3265.0, {'J10': -75279.0, 'J11': -293355.5, 'J12': -177126.5, 'J13': -48008.0, 'cluster3106249630_3106249631_J60_J61_#5more': -406672.0}, {'J10': 13, 'J11': 32, 'J12': 20, 'J13': 25, 'cluster3106249630_3106249631_J60_J61_#5more': 36}, {'J10': 20, 'J11': 54, 'J12': 79, 'J13': 33, 'cluster3106249630_3106249631_J60_J61_#5more': 74}, 
3270.0, {'J10': -75479.0, 'J11': -293895.5, 'J12': -177916.5, 'J13': -48345.0, 'cluster3106249630_3106249631_J60_J61_#5more': -407412.0}, {'J10': 13, 'J11': 32, 'J12': 20, 'J13': 25, 'cluster3106249630_3106249631_J60_J61_#5more': 36}, {'J10': 20, 'J11': 54, 'J12': 79, 'J13': 35, 'cluster3106249630_3106249631_J60_J61_#5more': 74}, 
3275.0, {'J10': -75586.0, 'J11': -294435.5, 'J12': -173728.0, 'J13': -48695.0, 'cluster3106249630_3106249631_J60_J61_#5more': -407909.0}, {'J10': 13, 'J11': 32, 'J12': 20, 'J13': 25, 'cluster3106249630_3106249631_J60_J61_#5more': 36}, {'J10': 19, 'J11': 54, 'J12': 72, 'J13': 35, 'cluster3106249630_3106249631_J60_J61_#5more': 74}, 
3280.0, {'J10': -75687.0, 'J11': -294975.5, 'J12': -174197.5, 'J13': -49046.5, 'cluster3106249630_3106249631_J60_J61_#5more': -408638.0}, {'J10': 13, 'J11': 32, 'J12': 20, 'J13': 26, 'cluster3106249630_3106249631_J60_J61_#5more': 36}, {'J10': 19, 'J11': 54, 'J12': 71, 'J13': 36, 'cluster3106249630_3106249631_J60_J61_#5more': 73}, 
3285.0, {'J10': -75877.0, 'J11': -295515.5, 'J12': -174908.5, 'J13': -49414.0, 'cluster3106249630_3106249631_J60_J61_#5more': -409368.0}, {'J10': 13, 'J11': 32, 'J12': 20, 'J13': 28, 'cluster3106249630_3106249631_J60_J61_#5more': 36}, {'J10': 19, 'J11': 54, 'J12': 73, 'J13': 38, 'cluster3106249630_3106249631_J60_J61_#5more': 73}, 
3290.0, {'J10': -76067.0, 'J11': -296055.5, 'J12': -175653.0, 'J13': -49794.0, 'cluster3106249630_3106249631_J60_J61_#5more': -409825.5}, {'J10': 13, 'J11': 32, 'J12': 20, 'J13': 28, 'cluster3106249630_3106249631_J60_J61_#5more': 36}, {'J10': 19, 'J11': 54, 'J12': 77, 'J13': 38, 'cluster3106249630_3106249631_J60_J61_#5more': 72}, 
3295.0, {'J10': -76257.0, 'J11': -296595.5, 'J12': -176002.5, 'J13': -50174.0, 'cluster3106249630_3106249631_J60_J61_#5more': -410547.5}, {'J10': 13, 'J11': 32, 'J12': 20, 'J13': 28, 'cluster3106249630_3106249631_J60_J61_#5more': 36}, {'J10': 19, 'J11': 54, 'J12': 76, 'J13': 38, 'cluster3106249630_3106249631_J60_J61_#5more': 73}, 
3300.0, {'J10': -76447.0, 'J11': -297135.5, 'J12': -175549.5, 'J13': -50554.0, 'cluster3106249630_3106249631_J60_J61_#5more': -411282.0}, {'J10': 13, 'J11': 32, 'J12': 20, 'J13': 28, 'cluster3106249630_3106249631_J60_J61_#5more': 36}, {'J10': 19, 'J11': 54, 'J12': 76, 'J13': 38, 'cluster3106249630_3106249631_J60_J61_#5more': 74}, 
3305.0, {'J10': -76637.0, 'J11': -297675.5, 'J12': -175473.0, 'J13': -50934.0, 'cluster3106249630_3106249631_J60_J61_#5more': -412022.0}, {'J10': 13, 'J11': 32, 'J12': 20, 'J13': 28, 'cluster3106249630_3106249631_J60_J61_#5more': 36}, {'J10': 19, 'J11': 54, 'J12': 74, 'J13': 38, 'cluster3106249630_3106249631_J60_J61_#5more': 74}, 
3310.0, {'J10': -76827.0, 'J11': -298215.5, 'J12': -174972.5, 'J13': -51314.0, 'cluster3106249630_3106249631_J60_J61_#5more': -412762.0}, {'J10': 13, 'J11': 32, 'J12': 20, 'J13': 28, 'cluster3106249630_3106249631_J60_J61_#5more': 36}, {'J10': 19, 'J11': 54, 'J12': 71, 'J13': 38, 'cluster3106249630_3106249631_J60_J61_#5more': 74}, 
3315.0, {'J10': -77017.0, 'J11': -298755.5, 'J12': -175240.0, 'J13': -51694.0, 'cluster3106249630_3106249631_J60_J61_#5more': -413502.0}, {'J10': 13, 'J11': 32, 'J12': 20, 'J13': 28, 'cluster3106249630_3106249631_J60_J61_#5more': 36}, {'J10': 19, 'J11': 54, 'J12': 70, 'J13': 38, 'cluster3106249630_3106249631_J60_J61_#5more': 74}, 
3320.0, {'J10': -77207.0, 'J11': -299295.5, 'J12': -175941.0, 'J13': -52074.0, 'cluster3106249630_3106249631_J60_J61_#5more': -413912.5}, {'J10': 13, 'J11': 32, 'J12': 20, 'J13': 28, 'cluster3106249630_3106249631_J60_J61_#5more': 36}, {'J10': 19, 'J11': 54, 'J12': 71, 'J13': 38, 'cluster3106249630_3106249631_J60_J61_#5more': 74}, 
3325.0, {'J10': -77397.0, 'J11': -299836.0, 'J12': -176654.0, 'J13': -49977.0, 'cluster3106249630_3106249631_J60_J61_#5more': -414657.0}, {'J10': 13, 'J11': 32, 'J12': 20, 'J13': 26, 'cluster3106249630_3106249631_J60_J61_#5more': 36}, {'J10': 19, 'J11': 55, 'J12': 73, 'J13': 36, 'cluster3106249630_3106249631_J60_J61_#5more': 75}, 
3330.0, {'J10': -77587.0, 'J11': -300375.5, 'J12': -177395.5, 'J13': -50199.5, 'cluster3106249630_3106249631_J60_J61_#5more': -415066.0}, {'J10': 13, 'J11': 32, 'J12': 20, 'J13': 26, 'cluster3106249630_3106249631_J60_J61_#5more': 36}, {'J10': 19, 'J11': 54, 'J12': 77, 'J13': 34, 'cluster3106249630_3106249631_J60_J61_#5more': 75}, 
3335.0, {'J10': -77777.0, 'J11': -300915.5, 'J12': -178171.5, 'J13': -50546.0, 'cluster3106249630_3106249631_J60_J61_#5more': -415817.5}, {'J10': 13, 'J11': 32, 'J12': 20, 'J13': 26, 'cluster3106249630_3106249631_J60_J61_#5more': 36}, {'J10': 19, 'J11': 54, 'J12': 80, 'J13': 36, 'cluster3106249630_3106249631_J60_J61_#5more': 76}, 
3340.0, {'J10': -77845.5, 'J11': -301455.5, 'J12': -177791.0, 'J13': -50906.0, 'cluster3106249630_3106249631_J60_J61_#5more': -407901.0}, {'J10': 13, 'J11': 32, 'J12': 20, 'J13': 26, 'cluster3106249630_3106249631_J60_J61_#5more': 36}, {'J10': 18, 'J11': 54, 'J12': 76, 'J13': 36, 'cluster3106249630_3106249631_J60_J61_#5more': 74}, 
3345.0, {'J10': -78025.5, 'J11': -301995.5, 'J12': -178303.5, 'J13': -51267.0, 'cluster3106249630_3106249631_J60_J61_#5more': -408542.5}, {'J10': 13, 'J11': 32, 'J12': 20, 'J13': 28, 'cluster3106249630_3106249631_J60_J61_#5more': 36}, {'J10': 18, 'J11': 54, 'J12': 76, 'J13': 38, 'cluster3106249630_3106249631_J60_J61_#5more': 74}, 
3350.0, {'J10': -78205.5, 'J11': -302535.5, 'J12': -179079.0, 'J13': -51647.0, 'cluster3106249630_3106249631_J60_J61_#5more': -409178.0}, {'J10': 13, 'J11': 32, 'J12': 20, 'J13': 28, 'cluster3106249630_3106249631_J60_J61_#5more': 36}, {'J10': 18, 'J11': 54, 'J12': 82, 'J13': 38, 'cluster3106249630_3106249631_J60_J61_#5more': 73}, 
3355.0, {'J10': -78385.5, 'J11': -303075.5, 'J12': -179886.5, 'J13': -52027.0, 'cluster3106249630_3106249631_J60_J61_#5more': -409910.5}, {'J10': 13, 'J11': 32, 'J12': 20, 'J13': 28, 'cluster3106249630_3106249631_J60_J61_#5more': 36}, {'J10': 18, 'J11': 54, 'J12': 84, 'J13': 38, 'cluster3106249630_3106249631_J60_J61_#5more': 74}, 
3360.0, {'J10': -78565.5, 'J11': -303615.5, 'J12': -179338.5, 'J13': -52407.0, 'cluster3106249630_3106249631_J60_J61_#5more': -410443.5}, {'J10': 13, 'J11': 32, 'J12': 20, 'J13': 28, 'cluster3106249630_3106249631_J60_J61_#5more': 36}, {'J10': 18, 'J11': 54, 'J12': 81, 'J13': 38, 'cluster3106249630_3106249631_J60_J61_#5more': 71}, 
3365.0, {'J10': -78748.5, 'J11': -304155.5, 'J12': -178662.5, 'J13': -52787.0, 'cluster3106249630_3106249631_J60_J61_#5more': -411014.0}, {'J10': 13, 'J11': 32, 'J12': 20, 'J13': 28, 'cluster3106249630_3106249631_J60_J61_#5more': 36}, {'J10': 19, 'J11': 54, 'J12': 79, 'J13': 38, 'cluster3106249630_3106249631_J60_J61_#5more': 68}, 
3370.0, {'J10': -78938.5, 'J11': -304697.0, 'J12': -178767.5, 'J13': -53167.0, 'cluster3106249630_3106249631_J60_J61_#5more': -411706.0}, {'J10': 13, 'J11': 32, 'J12': 20, 'J13': 28, 'cluster3106249630_3106249631_J60_J61_#5more': 36}, {'J10': 19, 'J11': 55, 'J12': 76, 'J13': 38, 'cluster3106249630_3106249631_J60_J61_#5more': 72}, 
3375.0, {'J10': -79128.5, 'J11': -305252.5, 'J12': -179332.0, 'J13': -53547.0, 'cluster3106249630_3106249631_J60_J61_#5more': -412429.0}, {'J10': 13, 'J11': 32, 'J12': 20, 'J13': 28, 'cluster3106249630_3106249631_J60_J61_#5more': 36}, {'J10': 19, 'J11': 57, 'J12': 75, 'J13': 38, 'cluster3106249630_3106249631_J60_J61_#5more': 74}, 
3380.0, {'J10': -79318.5, 'J11': -305786.5, 'J12': -179539.0, 'J13': -53927.0, 'cluster3106249630_3106249631_J60_J61_#5more': -413177.5}, {'J10': 13, 'J11': 32, 'J12': 20, 'J13': 28, 'cluster3106249630_3106249631_J60_J61_#5more': 36}, {'J10': 19, 'J11': 55, 'J12': 74, 'J13': 38, 'cluster3106249630_3106249631_J60_J61_#5more': 76}, 
3385.0, {'J10': -79508.5, 'J11': -306315.5, 'J12': -180279.5, 'J13': -54307.0, 'cluster3106249630_3106249631_J60_J61_#5more': -413908.5}, {'J10': 13, 'J11': 32, 'J12': 20, 'J13': 28, 'cluster3106249630_3106249631_J60_J61_#5more': 36}, {'J10': 19, 'J11': 54, 'J12': 75, 'J13': 38, 'cluster3106249630_3106249631_J60_J61_#5more': 76}, 
3390.0, {'J10': -79698.5, 'J11': -306855.5, 'J12': -181037.5, 'J13': -50606.0, 'cluster3106249630_3106249631_J60_J61_#5more': -414643.0}, {'J10': 13, 'J11': 32, 'J12': 20, 'J13': 24, 'cluster3106249630_3106249631_J60_J61_#5more': 36}, {'J10': 19, 'J11': 54, 'J12': 79, 'J13': 35, 'cluster3106249630_3106249631_J60_J61_#5more': 77}, 
3395.0, {'J10': -79888.5, 'J11': -307395.5, 'J12': -181832.5, 'J13': -50945.0, 'cluster3106249630_3106249631_J60_J61_#5more': -415372.5}, {'J10': 13, 'J11': 32, 'J12': 20, 'J13': 24, 'cluster3106249630_3106249631_J60_J61_#5more': 36}, {'J10': 19, 'J11': 54, 'J12': 82, 'J13': 34, 'cluster3106249630_3106249631_J60_J61_#5more': 76}, 
3400.0, {'J10': -80078.5, 'J11': -307935.5, 'J12': -182652.5, 'J13': -51285.0, 'cluster3106249630_3106249631_J60_J61_#5more': -416138.5}, {'J10': 13, 'J11': 32, 'J12': 20, 'J13': 24, 'cluster3106249630_3106249631_J60_J61_#5more': 36}, {'J10': 19, 'J11': 54, 'J12': 82, 'J13': 34, 'cluster3106249630_3106249631_J60_J61_#5more': 78}, 
3405.0, {'J10': -80187.0, 'J11': -308475.5, 'J12': -180269.0, 'J13': -51625.0, 'cluster3106249630_3106249631_J60_J61_#5more': -408140.0}, {'J10': 13, 'J11': 32, 'J12': 20, 'J13': 24, 'cluster3106249630_3106249631_J60_J61_#5more': 36}, {'J10': 19, 'J11': 54, 'J12': 78, 'J13': 34, 'cluster3106249630_3106249631_J60_J61_#5more': 79}, 
3410.0, {'J10': -80365.5, 'J11': -309015.5, 'J12': -180424.0, 'J13': -51965.0, 'cluster3106249630_3106249631_J60_J61_#5more': -408867.0}, {'J10': 13, 'J11': 32, 'J12': 20, 'J13': 24, 'cluster3106249630_3106249631_J60_J61_#5more': 36}, {'J10': 18, 'J11': 54, 'J12': 76, 'J13': 34, 'cluster3106249630_3106249631_J60_J61_#5more': 79}, 
3415.0, {'J10': -80545.5, 'J11': -309555.5, 'J12': -181184.5, 'J13': -52314.5, 'cluster3106249630_3106249631_J60_J61_#5more': -409615.0}, {'J10': 13, 'J11': 32, 'J12': 20, 'J13': 27, 'cluster3106249630_3106249631_J60_J61_#5more': 36}, {'J10': 18, 'J11': 54, 'J12': 77, 'J13': 37, 'cluster3106249630_3106249631_J60_J61_#5more': 77}, 
3420.0, {'J10': -80729.0, 'J11': -310096.5, 'J12': -181967.0, 'J13': -52688.5, 'cluster3106249630_3106249631_J60_J61_#5more': -410388.0}, {'J10': 13, 'J11': 32, 'J12': 20, 'J13': 28, 'cluster3106249630_3106249631_J60_J61_#5more': 36}, {'J10': 19, 'J11': 55, 'J12': 80, 'J13': 38, 'cluster3106249630_3106249631_J60_J61_#5more': 78}, 
3425.0, {'J10': -80919.0, 'J11': -310635.5, 'J12': -182066.5, 'J13': -53068.5, 'cluster3106249630_3106249631_J60_J61_#5more': -411130.5}, {'J10': 13, 'J11': 32, 'J12': 20, 'J13': 28, 'cluster3106249630_3106249631_J60_J61_#5more': 36}, {'J10': 19, 'J11': 54, 'J12': 79, 'J13': 38, 'cluster3106249630_3106249631_J60_J61_#5more': 78}, 
3430.0, {'J10': -81109.0, 'J11': -311175.5, 'J12': -182856.5, 'J13': -53448.5, 'cluster3106249630_3106249631_J60_J61_#5more': -411915.5}, {'J10': 13, 'J11': 32, 'J12': 20, 'J13': 28, 'cluster3106249630_3106249631_J60_J61_#5more': 36}, {'J10': 19, 'J11': 54, 'J12': 79, 'J13': 38, 'cluster3106249630_3106249631_J60_J61_#5more': 81}, 
3435.0, {'J10': -81299.0, 'J11': -311715.5, 'J12': -183646.5, 'J13': -53828.5, 'cluster3106249630_3106249631_J60_J61_#5more': -412725.5}, {'J10': 13, 'J11': 32, 'J12': 20, 'J13': 28, 'cluster3106249630_3106249631_J60_J61_#5more': 36}, {'J10': 19, 'J11': 54, 'J12': 79, 'J13': 38, 'cluster3106249630_3106249631_J60_J61_#5more': 81}, 
3440.0, {'J10': -81489.0, 'J11': -312255.5, 'J12': -184438.5, 'J13': -54208.5, 'cluster3106249630_3106249631_J60_J61_#5more': -413535.5}, {'J10': 13, 'J11': 32, 'J12': 20, 'J13': 28, 'cluster3106249630_3106249631_J60_J61_#5more': 36}, {'J10': 19, 'J11': 54, 'J12': 80, 'J13': 38, 'cluster3106249630_3106249631_J60_J61_#5more': 81}, 
3445.0, {'J10': -81680.0, 'J11': -312799.5, 'J12': -185238.5, 'J13': -54588.5, 'cluster3106249630_3106249631_J60_J61_#5more': -414351.0}, {'J10': 13, 'J11': 32, 'J12': 20, 'J13': 28, 'cluster3106249630_3106249631_J60_J61_#5more': 36}, {'J10': 20, 'J11': 55, 'J12': 80, 'J13': 38, 'cluster3106249630_3106249631_J60_J61_#5more': 83}, 
3450.0, {'J10': -81880.0, 'J11': -313356.5, 'J12': -186038.5, 'J13': -54968.5, 'cluster3106249630_3106249631_J60_J61_#5more': -415181.0}, {'J10': 13, 'J11': 32, 'J12': 20, 'J13': 28, 'cluster3106249630_3106249631_J60_J61_#5more': 36}, {'J10': 20, 'J11': 58, 'J12': 80, 'J13': 38, 'cluster3106249630_3106249631_J60_J61_#5more': 83}, 
3455.0, {'J10': -82080.0, 'J11': -313936.5, 'J12': -186838.5, 'J13': -51879.0, 'cluster3106249630_3106249631_J60_J61_#5more': -416011.0}, {'J10': 13, 'J11': 32, 'J12': 20, 'J13': 25, 'cluster3106249630_3106249631_J60_J61_#5more': 36}, {'J10': 20, 'J11': 58, 'J12': 80, 'J13': 35, 'cluster3106249630_3106249631_J60_J61_#5more': 83}, 
3460.0, {'J10': -82280.0, 'J11': -314436.0, 'J12': -187638.5, 'J13': -52217.5, 'cluster3106249630_3106249631_J60_J61_#5more': -416730.0}, {'J10': 13, 'J11': 32, 'J12': 20, 'J13': 25, 'cluster3106249630_3106249631_J60_J61_#5more': 36}, {'J10': 20, 'J11': 55, 'J12': 80, 'J13': 34, 'cluster3106249630_3106249631_J60_J61_#5more': 82}, 
3465.0, {'J10': -82480.0, 'J11': -314956.0, 'J12': -188438.5, 'J13': -52560.0, 'cluster3106249630_3106249631_J60_J61_#5more': -417554.5}, {'J10': 13, 'J11': 32, 'J12': 20, 'J13': 25, 'cluster3106249630_3106249631_J60_J61_#5more': 36}, {'J10': 20, 'J11': 55, 'J12': 80, 'J13': 35, 'cluster3106249630_3106249631_J60_J61_#5more': 83}, 
3470.0, {'J10': -82578.0, 'J11': -315506.0, 'J12': -188504.5, 'J13': -52910.0, 'cluster3106249630_3106249631_J60_J61_#5more': -418391.0}, {'J10': 13, 'J11': 32, 'J12': 20, 'J13': 25, 'cluster3106249630_3106249631_J60_J61_#5more': 36}, {'J10': 20, 'J11': 55, 'J12': 78, 'J13': 35, 'cluster3106249630_3106249631_J60_J61_#5more': 85}, 
3475.0, {'J10': -82705.5, 'J11': -316056.0, 'J12': -188538.5, 'J13': -53260.0, 'cluster3106249630_3106249631_J60_J61_#5more': -419148.5}, {'J10': 13, 'J11': 32, 'J12': 20, 'J13': 25, 'cluster3106249630_3106249631_J60_J61_#5more': 36}, {'J10': 18, 'J11': 55, 'J12': 76, 'J13': 35, 'cluster3106249630_3106249631_J60_J61_#5more': 85}, 
3480.0, {'J10': -82885.5, 'J11': -316607.5, 'J12': -189308.0, 'J13': -53615.0, 'cluster3106249630_3106249631_J60_J61_#5more': -419798.0}, {'J10': 13, 'J11': 32, 'J12': 20, 'J13': 26, 'cluster3106249630_3106249631_J60_J61_#5more': 36}, {'J10': 18, 'J11': 56, 'J12': 80, 'J13': 36, 'cluster3106249630_3106249631_J60_J61_#5more': 84}, 
3485.0, {'J10': -83065.5, 'J11': -317167.5, 'J12': -190116.0, 'J13': -53980.5, 'cluster3106249630_3106249631_J60_J61_#5more': -420622.0}, {'J10': 13, 'J11': 32, 'J12': 20, 'J13': 28, 'cluster3106249630_3106249631_J60_J61_#5more': 36}, {'J10': 18, 'J11': 56, 'J12': 82, 'J13': 38, 'cluster3106249630_3106249631_J60_J61_#5more': 84}, 
3490.0, {'J10': -83245.5, 'J11': -317677.0, 'J12': -190622.5, 'J13': -54360.5, 'cluster3106249630_3106249631_J60_J61_#5more': -421466.5}, {'J10': 13, 'J11': 32, 'J12': 20, 'J13': 28, 'cluster3106249630_3106249631_J60_J61_#5more': 36}, {'J10': 18, 'J11': 55, 'J12': 81, 'J13': 38, 'cluster3106249630_3106249631_J60_J61_#5more': 86}, 
3495.0, {'J10': -83425.5, 'J11': -318195.5, 'J12': -190640.0, 'J13': -54740.5, 'cluster3106249630_3106249631_J60_J61_#5more': -422331.5}, {'J10': 13, 'J11': 32, 'J12': 20, 'J13': 28, 'cluster3106249630_3106249631_J60_J61_#5more': 36}, {'J10': 18, 'J11': 54, 'J12': 80, 'J13': 38, 'cluster3106249630_3106249631_J60_J61_#5more': 90}, 
3500.0, {'J10': -83605.5, 'J11': -318735.5, 'J12': -191440.0, 'J13': -55120.5, 'cluster3106249630_3106249631_J60_J61_#5more': -423222.5}, {'J10': 13, 'J11': 32, 'J12': 20, 'J13': 28, 'cluster3106249630_3106249631_J60_J61_#5more': 36}, {'J10': 18, 'J11': 54, 'J12': 80, 'J13': 38, 'cluster3106249630_3106249631_J60_J61_#5more': 90}, 
3505.0, {'J10': -83785.5, 'J11': -319275.5, 'J12': -192240.0, 'J13': -55500.5, 'cluster3106249630_3106249631_J60_J61_#5more': -424122.5}, {'J10': 13, 'J11': 32, 'J12': 20, 'J13': 28, 'cluster3106249630_3106249631_J60_J61_#5more': 36}, {'J10': 18, 'J11': 54, 'J12': 80, 'J13': 38, 'cluster3106249630_3106249631_J60_J61_#5more': 90}, 
3510.0, {'J10': -83965.5, 'J11': -319815.5, 'J12': -193040.0, 'J13': -55880.5, 'cluster3106249630_3106249631_J60_J61_#5more': -425022.5}, {'J10': 13, 'J11': 32, 'J12': 20, 'J13': 28, 'cluster3106249630_3106249631_J60_J61_#5more': 36}, {'J10': 18, 'J11': 54, 'J12': 80, 'J13': 38, 'cluster3106249630_3106249631_J60_J61_#5more': 90}, 
3515.0, {'J10': -84145.5, 'J11': -320355.5, 'J12': -193840.0, 'J13': -56260.5, 'cluster3106249630_3106249631_J60_J61_#5more': -425886.0}, {'J10': 13, 'J11': 32, 'J12': 20, 'J13': 28, 'cluster3106249630_3106249631_J60_J61_#5more': 36}, {'J10': 18, 'J11': 54, 'J12': 80, 'J13': 38, 'cluster3106249630_3106249631_J60_J61_#5more': 90}, 
3520.0, {'J10': -84325.5, 'J11': -320895.5, 'J12': -194640.0, 'J13': -54150.5, 'cluster3106249630_3106249631_J60_J61_#5more': -426792.5}, {'J10': 13, 'J11': 32, 'J12': 20, 'J13': 26, 'cluster3106249630_3106249631_J60_J61_#5more': 36}, {'J10': 18, 'J11': 54, 'J12': 80, 'J13': 35, 'cluster3106249630_3106249631_J60_J61_#5more': 92}, 
3525.0, {'J10': -84505.5, 'J11': -321435.5, 'J12': -195440.0, 'J13': -51991.5, 'cluster3106249630_3106249631_J60_J61_#5more': -427712.5}, {'J10': 13, 'J11': 32, 'J12': 20, 'J13': 24, 'cluster3106249630_3106249631_J60_J61_#5more': 36}, {'J10': 18, 'J11': 54, 'J12': 80, 'J13': 32, 'cluster3106249630_3106249631_J60_J61_#5more': 92}, 
3530.0, {'J10': -84685.5, 'J11': -321975.5, 'J12': -196240.0, 'J13': -52315.5, 'cluster3106249630_3106249631_J60_J61_#5more': -428634.5}, {'J10': 13, 'J11': 32, 'J12': 20, 'J13': 24, 'cluster3106249630_3106249631_J60_J61_#5more': 36}, {'J10': 18, 'J11': 54, 'J12': 80, 'J13': 34, 'cluster3106249630_3106249631_J60_J61_#5more': 93}, 
3535.0, {'J10': -84865.5, 'J11': -322515.5, 'J12': -193434.5, 'J13': -52655.5, 'cluster3106249630_3106249631_J60_J61_#5more': -429570.0}, {'J10': 13, 'J11': 32, 'J12': 20, 'J13': 24, 'cluster3106249630_3106249631_J60_J61_#5more': 36}, {'J10': 18, 'J11': 54, 'J12': 76, 'J13': 34, 'cluster3106249630_3106249631_J60_J61_#5more': 95}, 
3540.0, {'J10': -85045.5, 'J11': -323055.5, 'J12': -193446.0, 'J13': -52995.5, 'cluster3106249630_3106249631_J60_J61_#5more': -422967.0}, {'J10': 13, 'J11': 32, 'J12': 20, 'J13': 24, 'cluster3106249630_3106249631_J60_J61_#5more': 36}, {'J10': 18, 'J11': 54, 'J12': 74, 'J13': 34, 'cluster3106249630_3106249631_J60_J61_#5more': 92}, 
3545.0, {'J10': -85225.5, 'J11': -323595.5, 'J12': -194187.0, 'J13': -53345.0, 'cluster3106249630_3106249631_J60_J61_#5more': -416877.5}, {'J10': 13, 'J11': 32, 'J12': 20, 'J13': 27, 'cluster3106249630_3106249631_J60_J61_#5more': 36}, {'J10': 18, 'J11': 54, 'J12': 76, 'J13': 37, 'cluster3106249630_3106249631_J60_J61_#5more': 92}, 
3550.0, {'J10': -85405.5, 'J11': -324135.5, 'J12': -194955.0, 'J13': -53719.5, 'cluster3106249630_3106249631_J60_J61_#5more': -417799.0}, {'J10': 13, 'J11': 32, 'J12': 20, 'J13': 28, 'cluster3106249630_3106249631_J60_J61_#5more': 36}, {'J10': 18, 'J11': 54, 'J12': 78, 'J13': 38, 'cluster3106249630_3106249631_J60_J61_#5more': 93}, 
3555.0, {'J10': -85585.5, 'J11': -324675.5, 'J12': -194824.5, 'J13': -54099.5, 'cluster3106249630_3106249631_J60_J61_#5more': -418744.0}, {'J10': 13, 'J11': 32, 'J12': 20, 'J13': 28, 'cluster3106249630_3106249631_J60_J61_#5more': 36}, {'J10': 18, 'J11': 54, 'J12': 77, 'J13': 38, 'cluster3106249630_3106249631_J60_J61_#5more': 98}, 
3560.0, {'J10': -85765.5, 'J11': -325215.5, 'J12': -195594.5, 'J13': -54479.5, 'cluster3106249630_3106249631_J60_J61_#5more': -419726.0}, {'J10': 13, 'J11': 32, 'J12': 20, 'J13': 28, 'cluster3106249630_3106249631_J60_J61_#5more': 36}, {'J10': 18, 'J11': 54, 'J12': 77, 'J13': 38, 'cluster3106249630_3106249631_J60_J61_#5more': 99}, 
3565.0, {'J10': -85945.5, 'J11': -325755.5, 'J12': -196364.5, 'J13': -54859.5, 'cluster3106249630_3106249631_J60_J61_#5more': -420718.5}, {'J10': 13, 'J11': 32, 'J12': 20, 'J13': 28, 'cluster3106249630_3106249631_J60_J61_#5more': 36}, {'J10': 18, 'J11': 54, 'J12': 77, 'J13': 38, 'cluster3106249630_3106249631_J60_J61_#5more': 100}, 
3570.0, {'J10': -86125.5, 'J11': -326295.5, 'J12': -196667.0, 'J13': -55239.5, 'cluster3106249630_3106249631_J60_J61_#5more': -421718.5}, {'J10': 13, 'J11': 32, 'J12': 20, 'J13': 28, 'cluster3106249630_3106249631_J60_J61_#5more': 36}, {'J10': 18, 'J11': 54, 'J12': 77, 'J13': 38, 'cluster3106249630_3106249631_J60_J61_#5more': 100}, 
3575.0, {'J10': -86305.5, 'J11': -326839.5, 'J12': -197437.0, 'J13': -55619.5, 'cluster3106249630_3106249631_J60_J61_#5more': -422721.5}, {'J10': 13, 'J11': 32, 'J12': 20, 'J13': 28, 'cluster3106249630_3106249631_J60_J61_#5more': 36}, {'J10': 18, 'J11': 55, 'J12': 77, 'J13': 38, 'cluster3106249630_3106249631_J60_J61_#5more': 101}, 
3580.0, {'J10': -86485.5, 'J11': -327375.5, 'J12': -198207.0, 'J13': -55999.5, 'cluster3106249630_3106249631_J60_J61_#5more': -423739.0}, {'J10': 13, 'J11': 32, 'J12': 20, 'J13': 28, 'cluster3106249630_3106249631_J60_J61_#5more': 36}, {'J10': 18, 'J11': 54, 'J12': 77, 'J13': 38, 'cluster3106249630_3106249631_J60_J61_#5more': 103}, 
3585.0, {'J10': -86665.5, 'J11': -327915.5, 'J12': -198977.0, 'J13': -54265.0, 'cluster3106249630_3106249631_J60_J61_#5more': -424771.0}, {'J10': 13, 'J11': 32, 'J12': 20, 'J13': 26, 'cluster3106249630_3106249631_J60_J61_#5more': 36}, {'J10': 18, 'J11': 54, 'J12': 77, 'J13': 37, 'cluster3106249630_3106249631_J60_J61_#5more': 104}, 
3590.0, {'J10': -86845.5, 'J11': -328455.5, 'J12': -199747.0, 'J13': -52246.0, 'cluster3106249630_3106249631_J60_J61_#5more': -425708.5}, {'J10': 13, 'J11': 32, 'J12': 20, 'J13': 24, 'cluster3106249630_3106249631_J60_J61_#5more': 36}, {'J10': 18, 'J11': 54, 'J12': 77, 'J13': 33, 'cluster3106249630_3106249631_J60_J61_#5more': 103}, 
3595.0, {'J10': -87025.5, 'J11': -328995.5, 'J12': -200517.0, 'J13': -52576.0, 'cluster3106249630_3106249631_J60_J61_#5more': -426738.5}, {'J10': 13, 'J11': 32, 'J12': 20, 'J13': 24, 'cluster3106249630_3106249631_J60_J61_#5more': 36}, {'J10': 18, 'J11': 54, 'J12': 77, 'J13': 33, 'cluster3106249630_3106249631_J60_J61_#5more': 103}, 
3600.0, {'J10': -87206.5, 'J11': -329535.5, 'J12': -200551.5, 'J13': -52911.0, 'cluster3106249630_3106249631_J60_J61_#5more': -427768.5}, {'J10': 13, 'J11': 32, 'J12': 20, 'J13': 24, 'cluster3106249630_3106249631_J60_J61_#5more': 36}, {'J10': 19, 'J11': 54, 'J12': 75, 'J13': 34, 'cluster3106249630_3106249631_J60_J61_#5more': 103}, 
3605.0, {'J10': -87385.5, 'J11': -330075.5, 'J12': -200554.0, 'J13': -53251.0, 'cluster3106249630_3106249631_J60_J61_#5more': -413664.0}, {'J10': 13, 'J11': 32, 'J12': 20, 'J13': 24, 'cluster3106249630_3106249631_J60_J61_#5more': 36}, {'J10': 18, 'J11': 54, 'J12': 73, 'J13': 34, 'cluster3106249630_3106249631_J60_J61_#5more': 97}, 
3610.0, {'J10': -87565.5, 'J11': -330615.5, 'J12': -201293.0, 'J13': -53600.0, 'cluster3106249630_3106249631_J60_J61_#5more': -414639.0}, {'J10': 13, 'J11': 32, 'J12': 20, 'J13': 27, 'cluster3106249630_3106249631_J60_J61_#5more': 36}, {'J10': 18, 'J11': 54, 'J12': 77, 'J13': 37, 'cluster3106249630_3106249631_J60_J61_#5more': 98}, 
3615.0, {'J10': -87745.5, 'J11': -331155.5, 'J12': -202071.5, 'J13': -53974.5, 'cluster3106249630_3106249631_J60_J61_#5more': -415619.0}, {'J10': 13, 'J11': 32, 'J12': 20, 'J13': 28, 'cluster3106249630_3106249631_J60_J61_#5more': 36}, {'J10': 18, 'J11': 54, 'J12': 79, 'J13': 38, 'cluster3106249630_3106249631_J60_J61_#5more': 98}, 
3620.0, {'J10': -87925.5, 'J11': -331695.5, 'J12': -202291.0, 'J13': -54354.5, 'cluster3106249630_3106249631_J60_J61_#5more': -416608.5}, {'J10': 13, 'J11': 32, 'J12': 20, 'J13': 28, 'cluster3106249630_3106249631_J60_J61_#5more': 36}, {'J10': 18, 'J11': 54, 'J12': 78, 'J13': 38, 'cluster3106249630_3106249631_J60_J61_#5more': 102}, 
3625.0, {'J10': -88105.5, 'J11': -332235.5, 'J12': -201553.5, 'J13': -54734.5, 'cluster3106249630_3106249631_J60_J61_#5more': -417637.0}, {'J10': 13, 'J11': 32, 'J12': 20, 'J13': 28, 'cluster3106249630_3106249631_J60_J61_#5more': 36}, {'J10': 18, 'J11': 54, 'J12': 76, 'J13': 38, 'cluster3106249630_3106249631_J60_J61_#5more': 104}, 
3630.0, {'J10': -88285.5, 'J11': -332775.5, 'J12': -202313.5, 'J13': -55114.5, 'cluster3106249630_3106249631_J60_J61_#5more': -418677.0}, {'J10': 13, 'J11': 32, 'J12': 20, 'J13': 28, 'cluster3106249630_3106249631_J60_J61_#5more': 36}, {'J10': 18, 'J11': 54, 'J12': 76, 'J13': 38, 'cluster3106249630_3106249631_J60_J61_#5more': 104}, 
3635.0, {'J10': -88465.5, 'J11': -333315.5, 'J12': -203073.5, 'J13': -55494.5, 'cluster3106249630_3106249631_J60_J61_#5more': -419717.0}, {'J10': 13, 'J11': 32, 'J12': 20, 'J13': 28, 'cluster3106249630_3106249631_J60_J61_#5more': 36}, {'J10': 18, 'J11': 54, 'J12': 76, 'J13': 38, 'cluster3106249630_3106249631_J60_J61_#5more': 104}, 
3640.0, {'J10': -88645.5, 'J11': -333855.5, 'J12': -202260.5, 'J13': -55874.5, 'cluster3106249630_3106249631_J60_J61_#5more': -420757.0}, {'J10': 13, 'J11': 32, 'J12': 20, 'J13': 28, 'cluster3106249630_3106249631_J60_J61_#5more': 36}, {'J10': 18, 'J11': 54, 'J12': 77, 'J13': 38, 'cluster3106249630_3106249631_J60_J61_#5more': 104}, 
3645.0, {'J10': -88825.5, 'J11': -334395.5, 'J12': -202530.5, 'J13': -56254.5, 'cluster3106249630_3106249631_J60_J61_#5more': -421797.0}, {'J10': 13, 'J11': 32, 'J12': 20, 'J13': 28, 'cluster3106249630_3106249631_J60_J61_#5more': 36}, {'J10': 18, 'J11': 54, 'J12': 79, 'J13': 38, 'cluster3106249630_3106249631_J60_J61_#5more': 104}, 
3650.0, {'J10': -89005.5, 'J11': -334935.5, 'J12': -203320.5, 'J13': -52171.5, 'cluster3106249630_3106249631_J60_J61_#5more': -422837.0}, {'J10': 13, 'J11': 32, 'J12': 20, 'J13': 24, 'cluster3106249630_3106249631_J60_J61_#5more': 36}, {'J10': 18, 'J11': 54, 'J12': 79, 'J13': 33, 'cluster3106249630_3106249631_J60_J61_#5more': 104}, 
3655.0, {'J10': -89185.5, 'J11': -335475.5, 'J12': -202468.0, 'J13': -52250.5, 'cluster3106249630_3106249631_J60_J61_#5more': -423422.5}, {'J10': 13, 'J11': 32, 'J12': 20, 'J13': 24, 'cluster3106249630_3106249631_J60_J61_#5more': 36}, {'J10': 18, 'J11': 54, 'J12': 77, 'J13': 32, 'cluster3106249630_3106249631_J60_J61_#5more': 102}, 
3660.0, {'J10': -89365.5, 'J11': -336015.5, 'J12': -201510.0, 'J13': -52575.5, 'cluster3106249630_3106249631_J60_J61_#5more': -424174.5}, {'J10': 13, 'J11': 32, 'J12': 20, 'J13': 24, 'cluster3106249630_3106249631_J60_J61_#5more': 36}, {'J10': 18, 'J11': 54, 'J12': 74, 'J13': 34, 'cluster3106249630_3106249631_J60_J61_#5more': 100}, 
3665.0, {'J10': -89545.5, 'J11': -336555.5, 'J12': -201709.5, 'J13': -52915.5, 'cluster3106249630_3106249631_J60_J61_#5more': -425174.5}, {'J10': 13, 'J11': 32, 'J12': 20, 'J13': 24, 'cluster3106249630_3106249631_J60_J61_#5more': 36}, {'J10': 18, 'J11': 54, 'J12': 73, 'J13': 34, 'cluster3106249630_3106249631_J60_J61_#5more': 100}, 
3670.0, {'J10': -89725.5, 'J11': -337095.5, 'J12': -201879.5, 'J13': -53255.5, 'cluster3106249630_3106249631_J60_J61_#5more': -426174.5}, {'J10': 13, 'J11': 32, 'J12': 20, 'J13': 24, 'cluster3106249630_3106249631_J60_J61_#5more': 36}, {'J10': 18, 'J11': 54, 'J12': 73, 'J13': 34, 'cluster3106249630_3106249631_J60_J61_#5more': 100}, 
3675.0, {'J10': -89905.5, 'J11': -337635.5, 'J12': -201863.5, 'J13': -53610.0, 'cluster3106249630_3106249631_J60_J61_#5more': -427174.5}, {'J10': 13, 'J11': 32, 'J12': 20, 'J13': 28, 'cluster3106249630_3106249631_J60_J61_#5more': 36}, {'J10': 18, 'J11': 54, 'J12': 74, 'J13': 38, 'cluster3106249630_3106249631_J60_J61_#5more': 100}, 
3680.0, {'J10': -90085.5, 'J11': -338176.5, 'J12': -202614.0, 'J13': -53990.0, 'cluster3106249630_3106249631_J60_J61_#5more': -418359.0}, {'J10': 13, 'J11': 32, 'J12': 20, 'J13': 28, 'cluster3106249630_3106249631_J60_J61_#5more': 36}, {'J10': 18, 'J11': 55, 'J12': 77, 'J13': 38, 'cluster3106249630_3106249631_J60_J61_#5more': 98}, 
3685.0, {'J10': -90265.5, 'J11': -338715.5, 'J12': -203384.0, 'J13': -54370.0, 'cluster3106249630_3106249631_J60_J61_#5more': -419339.0}, {'J10': 13, 'J11': 32, 'J12': 20, 'J13': 28, 'cluster3106249630_3106249631_J60_J61_#5more': 36}, {'J10': 18, 'J11': 54, 'J12': 77, 'J13': 38, 'cluster3106249630_3106249631_J60_J61_#5more': 98}, 
3690.0, {'J10': -90445.5, 'J11': -339255.5, 'J12': -204154.0, 'J13': -54750.0, 'cluster3106249630_3106249631_J60_J61_#5more': -420319.0}, {'J10': 13, 'J11': 32, 'J12': 20, 'J13': 28, 'cluster3106249630_3106249631_J60_J61_#5more': 36}, {'J10': 18, 'J11': 54, 'J12': 77, 'J13': 38, 'cluster3106249630_3106249631_J60_J61_#5more': 98}, 
3695.0, {'J10': -90625.5, 'J11': -339795.5, 'J12': -204924.0, 'J13': -55130.0, 'cluster3106249630_3106249631_J60_J61_#5more': -421299.0}, {'J10': 13, 'J11': 32, 'J12': 20, 'J13': 28, 'cluster3106249630_3106249631_J60_J61_#5more': 36}, {'J10': 18, 'J11': 54, 'J12': 77, 'J13': 38, 'cluster3106249630_3106249631_J60_J61_#5more': 98}, 
3700.0, {'J10': -90805.5, 'J11': -340335.5, 'J12': -205694.0, 'J13': -55510.0, 'cluster3106249630_3106249631_J60_J61_#5more': -422279.0}, {'J10': 13, 'J11': 32, 'J12': 20, 'J13': 28, 'cluster3106249630_3106249631_J60_J61_#5more': 36}, {'J10': 18, 'J11': 54, 'J12': 77, 'J13': 38, 'cluster3106249630_3106249631_J60_J61_#5more': 98}, 
3705.0, {'J10': -90985.5, 'J11': -340875.5, 'J12': -206464.0, 'J13': -55890.0, 'cluster3106249630_3106249631_J60_J61_#5more': -423265.0}, {'J10': 13, 'J11': 32, 'J12': 20, 'J13': 28, 'cluster3106249630_3106249631_J60_J61_#5more': 36}, {'J10': 18, 'J11': 54, 'J12': 77, 'J13': 38, 'cluster3106249630_3106249631_J60_J61_#5more': 100}, 
3710.0, {'J10': -91165.5, 'J11': -341415.5, 'J12': -207234.0, 'J13': -56270.0, 'cluster3106249630_3106249631_J60_J61_#5more': -424265.0}, {'J10': 13, 'J11': 32, 'J12': 20, 'J13': 28, 'cluster3106249630_3106249631_J60_J61_#5more': 36}, {'J10': 18, 'J11': 54, 'J12': 77, 'J13': 38, 'cluster3106249630_3106249631_J60_J61_#5more': 100}, 
3715.0, {'J10': -91345.5, 'J11': -341955.5, 'J12': -208004.0, 'J13': -53440.5, 'cluster3106249630_3106249631_J60_J61_#5more': -425268.5}, {'J10': 13, 'J11': 32, 'J12': 20, 'J13': 25, 'cluster3106249630_3106249631_J60_J61_#5more': 36}, {'J10': 18, 'J11': 54, 'J12': 77, 'J13': 33, 'cluster3106249630_3106249631_J60_J61_#5more': 101}, 
3720.0, {'J10': -91525.5, 'J11': -342495.5, 'J12': -208774.0, 'J13': -52637.0, 'cluster3106249630_3106249631_J60_J61_#5more': -426278.5}, {'J10': 13, 'J11': 32, 'J12': 20, 'J13': 24, 'cluster3106249630_3106249631_J60_J61_#5more': 36}, {'J10': 18, 'J11': 54, 'J12': 77, 'J13': 32, 'cluster3106249630_3106249631_J60_J61_#5more': 101}, 
3725.0, {'J10': -91705.5, 'J11': -343035.5, 'J12': -209544.0, 'J13': -52963.0, 'cluster3106249630_3106249631_J60_J61_#5more': -427288.5}, {'J10': 13, 'J11': 32, 'J12': 20, 'J13': 24, 'cluster3106249630_3106249631_J60_J61_#5more': 36}, {'J10': 18, 'J11': 54, 'J12': 77, 'J13': 34, 'cluster3106249630_3106249631_J60_J61_#5more': 101}, 
3730.0, {'J10': -91885.5, 'J11': -343575.5, 'J12': -208325.0, 'J13': -53303.0, 'cluster3106249630_3106249631_J60_J61_#5more': -428298.5}, {'J10': 13, 'J11': 32, 'J12': 20, 'J13': 24, 'cluster3106249630_3106249631_J60_J61_#5more': 36}, {'J10': 18, 'J11': 54, 'J12': 73, 'J13': 34, 'cluster3106249630_3106249631_J60_J61_#5more': 101}, 
3735.0, {'J10': -92065.5, 'J11': -344115.5, 'J12': -209055.0, 'J13': -53643.0, 'cluster3106249630_3106249631_J60_J61_#5more': -412949.0}, {'J10': 13, 'J11': 32, 'J12': 20, 'J13': 24, 'cluster3106249630_3106249631_J60_J61_#5more': 36}, {'J10': 18, 'J11': 54, 'J12': 73, 'J13': 34, 'cluster3106249630_3106249631_J60_J61_#5more': 95}, 
3740.0, {'J10': -92245.5, 'J11': -344655.5, 'J12': -209786.0, 'J13': -53992.5, 'cluster3106249630_3106249631_J60_J61_#5more': -413899.0}, {'J10': 13, 'J11': 32, 'J12': 20, 'J13': 27, 'cluster3106249630_3106249631_J60_J61_#5more': 36}, {'J10': 18, 'J11': 54, 'J12': 75, 'J13': 37, 'cluster3106249630_3106249631_J60_J61_#5more': 95}, 
3745.0, {'J10': -92425.5, 'J11': -345195.5, 'J12': -210544.0, 'J13': -54367.5, 'cluster3106249630_3106249631_J60_J61_#5more': -414849.0}, {'J10': 13, 'J11': 32, 'J12': 20, 'J13': 28, 'cluster3106249630_3106249631_J60_J61_#5more': 36}, {'J10': 18, 'J11': 54, 'J12': 77, 'J13': 38, 'cluster3106249630_3106249631_J60_J61_#5more': 95}, 
3750.0, {'J10': -92605.5, 'J11': -345735.5, 'J12': -210472.0, 'J13': -54747.5, 'cluster3106249630_3106249631_J60_J61_#5more': -415811.0}, {'J10': 13, 'J11': 32, 'J12': 20, 'J13': 28, 'cluster3106249630_3106249631_J60_J61_#5more': 36}, {'J10': 18, 'J11': 54, 'J12': 76, 'J13': 38, 'cluster3106249630_3106249631_J60_J61_#5more': 99}, 
3755.0, {'J10': -92785.5, 'J11': -346275.5, 'J12': -211232.0, 'J13': -55127.5, 'cluster3106249630_3106249631_J60_J61_#5more': -416801.0}, {'J10': 13, 'J11': 32, 'J12': 20, 'J13': 28, 'cluster3106249630_3106249631_J60_J61_#5more': 36}, {'J10': 18, 'J11': 54, 'J12': 76, 'J13': 38, 'cluster3106249630_3106249631_J60_J61_#5more': 99}, 
3760.0, {'J10': -92965.5, 'J11': -346815.5, 'J12': -211131.0, 'J13': -55507.5, 'cluster3106249630_3106249631_J60_J61_#5more': -417791.0}, {'J10': 13, 'J11': 32, 'J12': 20, 'J13': 28, 'cluster3106249630_3106249631_J60_J61_#5more': 36}, {'J10': 18, 'J11': 54, 'J12': 75, 'J13': 38, 'cluster3106249630_3106249631_J60_J61_#5more': 99}, 
3765.0, {'J10': -93145.5, 'J11': -347355.5, 'J12': -211884.0, 'J13': -55887.5, 'cluster3106249630_3106249631_J60_J61_#5more': -418781.0}, {'J10': 13, 'J11': 32, 'J12': 20, 'J13': 28, 'cluster3106249630_3106249631_J60_J61_#5more': 36}, {'J10': 18, 'J11': 54, 'J12': 77, 'J13': 38, 'cluster3106249630_3106249631_J60_J61_#5more': 99}, 
3770.0, {'J10': -93325.5, 'J11': -347895.5, 'J12': -212654.0, 'J13': -56267.5, 'cluster3106249630_3106249631_J60_J61_#5more': -419771.0}, {'J10': 13, 'J11': 32, 'J12': 20, 'J13': 28, 'cluster3106249630_3106249631_J60_J61_#5more': 36}, {'J10': 18, 'J11': 54, 'J12': 77, 'J13': 38, 'cluster3106249630_3106249631_J60_J61_#5more': 99}, 
3775.0, {'J10': -93505.5, 'J11': -348435.5, 'J12': -213222.5, 'J13': -56647.5, 'cluster3106249630_3106249631_J60_J61_#5more': -420761.0}, {'J10': 13, 'J11': 32, 'J12': 20, 'J13': 28, 'cluster3106249630_3106249631_J60_J61_#5more': 36}, {'J10': 18, 'J11': 54, 'J12': 76, 'J13': 38, 'cluster3106249630_3106249631_J60_J61_#5more': 99}, 
3780.0, {'J10': -93685.5, 'J11': -348975.5, 'J12': -213983.0, 'J13': -54668.5, 'cluster3106249630_3106249631_J60_J61_#5more': -421751.0}, {'J10': 13, 'J11': 32, 'J12': 20, 'J13': 26, 'cluster3106249630_3106249631_J60_J61_#5more': 36}, {'J10': 18, 'J11': 54, 'J12': 77, 'J13': 35, 'cluster3106249630_3106249631_J60_J61_#5more': 99}, 
3785.0, {'J10': -93865.5, 'J11': -349515.5, 'J12': -214759.5, 'J13': -54894.5, 'cluster3106249630_3106249631_J60_J61_#5more': -422741.0}, {'J10': 13, 'J11': 32, 'J12': 20, 'J13': 26, 'cluster3106249630_3106249631_J60_J61_#5more': 36}, {'J10': 18, 'J11': 54, 'J12': 79, 'J13': 34, 'cluster3106249630_3106249631_J60_J61_#5more': 99}, 
3790.0, {'J10': -94045.5, 'J11': -350055.5, 'J12': -215561.0, 'J13': -55240.5, 'cluster3106249630_3106249631_J60_J61_#5more': -423731.0}, {'J10': 13, 'J11': 32, 'J12': 20, 'J13': 26, 'cluster3106249630_3106249631_J60_J61_#5more': 36}, {'J10': 18, 'J11': 54, 'J12': 82, 'J13': 36, 'cluster3106249630_3106249631_J60_J61_#5more': 99}, 
3795.0, {'J10': -94225.5, 'J11': -350595.5, 'J12': -211292.0, 'J13': -55600.5, 'cluster3106249630_3106249631_J60_J61_#5more': -424721.0}, {'J10': 13, 'J11': 32, 'J12': 20, 'J13': 26, 'cluster3106249630_3106249631_J60_J61_#5more': 36}, {'J10': 18, 'J11': 54, 'J12': 77, 'J13': 36, 'cluster3106249630_3106249631_J60_J61_#5more': 99}, 
3800.0, {'J10': -94405.5, 'J11': -351135.5, 'J12': -211558.0, 'J13': -55960.5, 'cluster3106249630_3106249631_J60_J61_#5more': -423204.5}, {'J10': 13, 'J11': 32, 'J12': 20, 'J13': 26, 'cluster3106249630_3106249631_J60_J61_#5more': 36}, {'J10': 18, 'J11': 54, 'J12': 76, 'J13': 36, 'cluster3106249630_3106249631_J60_J61_#5more': 94}, 
3805.0, {'J10': -94585.5, 'J11': -351675.5, 'J12': -212319.5, 'J13': -56329.0, 'cluster3106249630_3106249631_J60_J61_#5more': -423641.5}, {'J10': 13, 'J11': 32, 'J12': 20, 'J13': 28, 'cluster3106249630_3106249631_J60_J61_#5more': 36}, {'J10': 18, 'J11': 54, 'J12': 78, 'J13': 38, 'cluster3106249630_3106249631_J60_J61_#5more': 93}, 
3810.0, {'J10': -94765.5, 'J11': -352215.5, 'J12': -213108.0, 'J13': -56709.0, 'cluster3106249630_3106249631_J60_J61_#5more': -424577.0}, {'J10': 13, 'J11': 32, 'J12': 20, 'J13': 28, 'cluster3106249630_3106249631_J60_J61_#5more': 36}, {'J10': 18, 'J11': 54, 'J12': 80, 'J13': 38, 'cluster3106249630_3106249631_J60_J61_#5more': 95}, 
3815.0, {'J10': -94945.5, 'J11': -352755.5, 'J12': -213908.0, 'J13': -57089.0, 'cluster3106249630_3106249631_J60_J61_#5more': -425507.0}, {'J10': 13, 'J11': 32, 'J12': 20, 'J13': 28, 'cluster3106249630_3106249631_J60_J61_#5more': 36}, {'J10': 18, 'J11': 54, 'J12': 80, 'J13': 38, 'cluster3106249630_3106249631_J60_J61_#5more': 95}, 
3820.0, {'J10': -95125.5, 'J11': -353295.5, 'J12': -213707.0, 'J13': -57469.0, 'cluster3106249630_3106249631_J60_J61_#5more': -426457.0}, {'J10': 13, 'J11': 32, 'J12': 20, 'J13': 28, 'cluster3106249630_3106249631_J60_J61_#5more': 36}, {'J10': 18, 'J11': 54, 'J12': 79, 'J13': 38, 'cluster3106249630_3106249631_J60_J61_#5more': 95}, 
3825.0, {'J10': -95305.5, 'J11': -353835.5, 'J12': -214497.0, 'J13': -57849.0, 'cluster3106249630_3106249631_J60_J61_#5more': -427407.0}, {'J10': 13, 'J11': 32, 'J12': 20, 'J13': 28, 'cluster3106249630_3106249631_J60_J61_#5more': 36}, {'J10': 18, 'J11': 54, 'J12': 79, 'J13': 38, 'cluster3106249630_3106249631_J60_J61_#5more': 95}, 
3830.0, {'J10': -95485.5, 'J11': -354375.5, 'J12': -215287.0, 'J13': -58229.0, 'cluster3106249630_3106249631_J60_J61_#5more': -428357.0}, {'J10': 13, 'J11': 32, 'J12': 20, 'J13': 28, 'cluster3106249630_3106249631_J60_J61_#5more': 36}, {'J10': 18, 'J11': 54, 'J12': 79, 'J13': 38, 'cluster3106249630_3106249631_J60_J61_#5more': 95}, 
3835.0, {'J10': -95665.5, 'J11': -354915.5, 'J12': -216077.0, 'J13': -58609.0, 'cluster3106249630_3106249631_J60_J61_#5more': -429307.0}, {'J10': 13, 'J11': 32, 'J12': 20, 'J13': 28, 'cluster3106249630_3106249631_J60_J61_#5more': 36}, {'J10': 18, 'J11': 54, 'J12': 79, 'J13': 38, 'cluster3106249630_3106249631_J60_J61_#5more': 95}, 
3840.0, {'J10': -95845.5, 'J11': -355455.5, 'J12': -216872.0, 'J13': -58989.0, 'cluster3106249630_3106249631_J60_J61_#5more': -430257.0}, {'J10': 13, 'J11': 32, 'J12': 20, 'J13': 28, 'cluster3106249630_3106249631_J60_J61_#5more': 36}, {'J10': 18, 'J11': 54, 'J12': 80, 'J13': 38, 'cluster3106249630_3106249631_J60_J61_#5more': 95}, 
3845.0, {'J10': -96025.5, 'J11': -355995.5, 'J12': -217672.0, 'J13': -56010.5, 'cluster3106249630_3106249631_J60_J61_#5more': -431207.0}, {'J10': 13, 'J11': 32, 'J12': 20, 'J13': 25, 'cluster3106249630_3106249631_J60_J61_#5more': 36}, {'J10': 18, 'J11': 54, 'J12': 80, 'J13': 34, 'cluster3106249630_3106249631_J60_J61_#5more': 95}, 
3850.0, {'J10': -96205.5, 'J11': -356535.5, 'J12': -218472.0, 'J13': -55216.0, 'cluster3106249630_3106249631_J60_J61_#5more': -432157.0}, {'J10': 13, 'J11': 32, 'J12': 20, 'J13': 24, 'cluster3106249630_3106249631_J60_J61_#5more': 36}, {'J10': 18, 'J11': 54, 'J12': 80, 'J13': 32, 'cluster3106249630_3106249631_J60_J61_#5more': 95}, 
3855.0, {'J10': -96385.5, 'J11': -357075.5, 'J12': -219272.0, 'J13': -55542.0, 'cluster3106249630_3106249631_J60_J61_#5more': -433107.0}, {'J10': 13, 'J11': 32, 'J12': 20, 'J13': 24, 'cluster3106249630_3106249631_J60_J61_#5more': 36}, {'J10': 18, 'J11': 54, 'J12': 80, 'J13': 34, 'cluster3106249630_3106249631_J60_J61_#5more': 95}, 
3860.0, {'J10': -96565.5, 'J11': -357615.5, 'J12': -218577.0, 'J13': -55882.0, 'cluster3106249630_3106249631_J60_J61_#5more': -434057.0}, {'J10': 13, 'J11': 32, 'J12': 20, 'J13': 24, 'cluster3106249630_3106249631_J60_J61_#5more': 36}, {'J10': 18, 'J11': 54, 'J12': 77, 'J13': 34, 'cluster3106249630_3106249631_J60_J61_#5more': 95}, 
3865.0, {'J10': -96745.5, 'J11': -358155.5, 'J12': -218842.5, 'J13': -56223.5, 'cluster3106249630_3106249631_J60_J61_#5more': -432716.0}, {'J10': 13, 'J11': 32, 'J12': 20, 'J13': 25, 'cluster3106249630_3106249631_J60_J61_#5more': 36}, {'J10': 18, 'J11': 54, 'J12': 76, 'J13': 35, 'cluster3106249630_3106249631_J60_J61_#5more': 91}, 
3870.0, {'J10': -96925.5, 'J11': -358695.5, 'J12': -219612.0, 'J13': -56583.5, 'cluster3106249630_3106249631_J60_J61_#5more': -432540.0}, {'J10': 13, 'J11': 32, 'J12': 20, 'J13': 28, 'cluster3106249630_3106249631_J60_J61_#5more': 36}, {'J10': 18, 'J11': 54, 'J12': 80, 'J13': 38, 'cluster3106249630_3106249631_J60_J61_#5more': 90}, 
3875.0, {'J10': -97105.5, 'J11': -359235.5, 'J12': -220420.0, 'J13': -56963.5, 'cluster3106249630_3106249631_J60_J61_#5more': -433442.5}, {'J10': 13, 'J11': 32, 'J12': 20, 'J13': 28, 'cluster3106249630_3106249631_J60_J61_#5more': 36}, {'J10': 18, 'J11': 54, 'J12': 82, 'J13': 38, 'cluster3106249630_3106249631_J60_J61_#5more': 92}, 
3880.0, {'J10': -97285.5, 'J11': -359775.5, 'J12': -220819.5, 'J13': -57343.5, 'cluster3106249630_3106249631_J60_J61_#5more': -434346.0}, {'J10': 13, 'J11': 32, 'J12': 20, 'J13': 28, 'cluster3106249630_3106249631_J60_J61_#5more': 36}, {'J10': 18, 'J11': 54, 'J12': 81, 'J13': 38, 'cluster3106249630_3106249631_J60_J61_#5more': 92}, 
3885.0, {'J10': -97465.5, 'J11': -360315.5, 'J12': -220609.0, 'J13': -57723.5, 'cluster3106249630_3106249631_J60_J61_#5more': -435235.5}, {'J10': 13, 'J11': 32, 'J12': 20, 'J13': 28, 'cluster3106249630_3106249631_J60_J61_#5more': 36}, {'J10': 18, 'J11': 54, 'J12': 80, 'J13': 38, 'cluster3106249630_3106249631_J60_J61_#5more': 91}, 
3890.0, {'J10': -97645.5, 'J11': -360855.5, 'J12': -220565.0, 'J13': -58103.5, 'cluster3106249630_3106249631_J60_J61_#5more': -436145.5}, {'J10': 13, 'J11': 32, 'J12': 20, 'J13': 28, 'cluster3106249630_3106249631_J60_J61_#5more': 36}, {'J10': 18, 'J11': 54, 'J12': 79, 'J13': 38, 'cluster3106249630_3106249631_J60_J61_#5more': 91}, 
3895.0, {'J10': -97825.5, 'J11': -361395.5, 'J12': -221094.0, 'J13': -58483.5, 'cluster3106249630_3106249631_J60_J61_#5more': -437055.5}, {'J10': 13, 'J11': 32, 'J12': 20, 'J13': 28, 'cluster3106249630_3106249631_J60_J61_#5more': 36}, {'J10': 18, 'J11': 54, 'J12': 78, 'J13': 38, 'cluster3106249630_3106249631_J60_J61_#5more': 91}, 
3900.0, {'J10': -98005.5, 'J11': -361935.5, 'J12': -221874.5, 'J13': -58863.5, 'cluster3106249630_3106249631_J60_J61_#5more': -437965.5}, {'J10': 13, 'J11': 32, 'J12': 20, 'J13': 28, 'cluster3106249630_3106249631_J60_J61_#5more': 36}, {'J10': 18, 'J11': 54, 'J12': 79, 'J13': 38, 'cluster3106249630_3106249631_J60_J61_#5more': 91}, 
3905.0, {'J10': -98185.5, 'J11': -362475.5, 'J12': -222665.5, 'J13': -59243.5, 'cluster3106249630_3106249631_J60_J61_#5more': -438875.5}, {'J10': 13, 'J11': 32, 'J12': 20, 'J13': 28, 'cluster3106249630_3106249631_J60_J61_#5more': 36}, {'J10': 18, 'J11': 54, 'J12': 80, 'J13': 38, 'cluster3106249630_3106249631_J60_J61_#5more': 91}, 
3910.0, {'J10': -98365.5, 'J11': -363015.5, 'J12': -223470.0, 'J13': -56549.0, 'cluster3106249630_3106249631_J60_J61_#5more': -429082.0}, {'J10': 13, 'J11': 32, 'J12': 20, 'J13': 25, 'cluster3106249630_3106249631_J60_J61_#5more': 36}, {'J10': 18, 'J11': 54, 'J12': 81, 'J13': 34, 'cluster3106249630_3106249631_J60_J61_#5more': 89}, 
3915.0, {'J10': -98545.5, 'J11': -363555.5, 'J12': -224280.0, 'J13': -55762.0, 'cluster3106249630_3106249631_J60_J61_#5more': -429972.0}, {'J10': 13, 'J11': 32, 'J12': 20, 'J13': 24, 'cluster3106249630_3106249631_J60_J61_#5more': 36}, {'J10': 18, 'J11': 54, 'J12': 81, 'J13': 32, 'cluster3106249630_3106249631_J60_J61_#5more': 89}, 
3920.0, {'J10': -98725.5, 'J11': -364095.5, 'J12': -225090.0, 'J13': -56082.0, 'cluster3106249630_3106249631_J60_J61_#5more': -431079.0}, {'J10': 13, 'J11': 32, 'J12': 20, 'J13': 24, 'cluster3106249630_3106249631_J60_J61_#5more': 36}, {'J10': 18, 'J11': 54, 'J12': 81, 'J13': 32, 'cluster3106249630_3106249631_J60_J61_#5more': 90}, 
3925.0, {'J10': -98905.5, 'J11': -364635.5, 'J12': -221500.5, 'J13': -56402.0, 'cluster3106249630_3106249631_J60_J61_#5more': -431979.0}, {'J10': 13, 'J11': 32, 'J12': 20, 'J13': 24, 'cluster3106249630_3106249631_J60_J61_#5more': 36}, {'J10': 18, 'J11': 54, 'J12': 76, 'J13': 32, 'cluster3106249630_3106249631_J60_J61_#5more': 90}, 
3930.0, {'J10': -99085.5, 'J11': -365175.5, 'J12': -221886.5, 'J13': -56723.0, 'cluster3106249630_3106249631_J60_J61_#5more': -431201.0}, {'J10': 13, 'J11': 32, 'J12': 20, 'J13': 25, 'cluster3106249630_3106249631_J60_J61_#5more': 36}, {'J10': 18, 'J11': 54, 'J12': 75, 'J13': 33, 'cluster3106249630_3106249631_J60_J61_#5more': 87}, 
3935.0, {'J10': -99265.5, 'J11': -365715.5, 'J12': -222637.5, 'J13': -57062.0, 'cluster3106249630_3106249631_J60_J61_#5more': -430693.5}, {'J10': 13, 'J11': 32, 'J12': 20, 'J13': 28, 'cluster3106249630_3106249631_J60_J61_#5more': 36}, {'J10': 18, 'J11': 54, 'J12': 76, 'J13': 36, 'cluster3106249630_3106249631_J60_J61_#5more': 84}, 
3940.0, {'J10': -99445.5, 'J11': -366255.5, 'J12': -223411.0, 'J13': -57422.0, 'cluster3106249630_3106249631_J60_J61_#5more': -431537.0}, {'J10': 13, 'J11': 32, 'J12': 20, 'J13': 28, 'cluster3106249630_3106249631_J60_J61_#5more': 36}, {'J10': 18, 'J11': 54, 'J12': 79, 'J13': 36, 'cluster3106249630_3106249631_J60_J61_#5more': 85}, 
3945.0, {'J10': -99625.5, 'J11': -366795.5, 'J12': -223658.5, 'J13': -57782.0, 'cluster3106249630_3106249631_J60_J61_#5more': -432393.5}, {'J10': 13, 'J11': 32, 'J12': 20, 'J13': 28, 'cluster3106249630_3106249631_J60_J61_#5more': 36}, {'J10': 18, 'J11': 54, 'J12': 78, 'J13': 36, 'cluster3106249630_3106249631_J60_J61_#5more': 87}, 
3950.0, {'J10': -99805.5, 'J11': -367335.5, 'J12': -224438.5, 'J13': -58142.0, 'cluster3106249630_3106249631_J60_J61_#5more': -433263.5}, {'J10': 13, 'J11': 32, 'J12': 20, 'J13': 28, 'cluster3106249630_3106249631_J60_J61_#5more': 36}, {'J10': 18, 'J11': 54, 'J12': 78, 'J13': 36, 'cluster3106249630_3106249631_J60_J61_#5more': 87}, 
3955.0, {'J10': -99985.5, 'J11': -367875.5, 'J12': -225220.0, 'J13': -58502.0, 'cluster3106249630_3106249631_J60_J61_#5more': -434133.5}, {'J10': 13, 'J11': 32, 'J12': 20, 'J13': 28, 'cluster3106249630_3106249631_J60_J61_#5more': 36}, {'J10': 18, 'J11': 54, 'J12': 79, 'J13': 36, 'cluster3106249630_3106249631_J60_J61_#5more': 87}, 
3960.0, {'J10': -100165.5, 'J11': -368415.5, 'J12': -225006.5, 'J13': -58862.0, 'cluster3106249630_3106249631_J60_J61_#5more': -435003.5}, {'J10': 13, 'J11': 32, 'J12': 20, 'J13': 28, 'cluster3106249630_3106249631_J60_J61_#5more': 36}, {'J10': 18, 'J11': 54, 'J12': 77, 'J13': 36, 'cluster3106249630_3106249631_J60_J61_#5more': 87}, 
3965.0, {'J10': -100345.5, 'J11': -368955.5, 'J12': -225776.5, 'J13': -59222.0, 'cluster3106249630_3106249631_J60_J61_#5more': -435873.5}, {'J10': 13, 'J11': 32, 'J12': 20, 'J13': 28, 'cluster3106249630_3106249631_J60_J61_#5more': 36}, {'J10': 18, 'J11': 54, 'J12': 77, 'J13': 36, 'cluster3106249630_3106249631_J60_J61_#5more': 87}, 
3970.0, {'J10': -100525.5, 'J11': -369495.5, 'J12': -226546.5, 'J13': -59582.0, 'cluster3106249630_3106249631_J60_J61_#5more': -436743.5}, {'J10': 13, 'J11': 32, 'J12': 20, 'J13': 28, 'cluster3106249630_3106249631_J60_J61_#5more': 36}, {'J10': 18, 'J11': 54, 'J12': 77, 'J13': 36, 'cluster3106249630_3106249631_J60_J61_#5more': 87}, 
3975.0, {'J10': -100705.5, 'J11': -370035.5, 'J12': -226646.0, 'J13': -57723.5, 'cluster3106249630_3106249631_J60_J61_#5more': -437613.5}, {'J10': 13, 'J11': 32, 'J12': 20, 'J13': 26, 'cluster3106249630_3106249631_J60_J61_#5more': 36}, {'J10': 18, 'J11': 54, 'J12': 76, 'J13': 33, 'cluster3106249630_3106249631_J60_J61_#5more': 87}, 
3980.0, {'J10': -100885.5, 'J11': -370575.5, 'J12': -226792.0, 'J13': -58053.5, 'cluster3106249630_3106249631_J60_J61_#5more': -438483.5}, {'J10': 13, 'J11': 32, 'J12': 20, 'J13': 26, 'cluster3106249630_3106249631_J60_J61_#5more': 36}, {'J10': 18, 'J11': 54, 'J12': 75, 'J13': 33, 'cluster3106249630_3106249631_J60_J61_#5more': 87}, 
3985.0, {'J10': -101065.5, 'J11': -371115.5, 'J12': -227543.0, 'J13': -58383.5, 'cluster3106249630_3106249631_J60_J61_#5more': -438120.5}, {'J10': 13, 'J11': 32, 'J12': 20, 'J13': 26, 'cluster3106249630_3106249631_J60_J61_#5more': 36}, {'J10': 18, 'J11': 54, 'J12': 76, 'J13': 33, 'cluster3106249630_3106249631_J60_J61_#5more': 86}, 
3990.0, {'J10': -101245.5, 'J11': -371655.5, 'J12': -227569.5, 'J13': -58713.5, 'cluster3106249630_3106249631_J60_J61_#5more': -432389.0}, {'J10': 13, 'J11': 32, 'J12': 20, 'J13': 26, 'cluster3106249630_3106249631_J60_J61_#5more': 36}, {'J10': 18, 'J11': 54, 'J12': 78, 'J13': 33, 'cluster3106249630_3106249631_J60_J61_#5more': 85}, 
3995.0, {'J10': -101425.5, 'J11': -372195.5, 'J12': -227660.5, 'J13': -59047.0, 'cluster3106249630_3106249631_J60_J61_#5more': -433302.0}, {'J10': 13, 'J11': 32, 'J12': 20, 'J13': 28, 'cluster3106249630_3106249631_J60_J61_#5more': 36}, {'J10': 18, 'J11': 54, 'J12': 77, 'J13': 35, 'cluster3106249630_3106249631_J60_J61_#5more': 86}, 
4000.0, {'J10': -101605.5, 'J11': -372735.5, 'J12': -228436.0, 'J13': -59397.0, 'cluster3106249630_3106249631_J60_J61_#5more': -432531.0}, {'J10': 13, 'J11': 32, 'J12': 20, 'J13': 28, 'cluster3106249630_3106249631_J60_J61_#5more': 36}, {'J10': 18, 'J11': 54, 'J12': 80, 'J13': 35, 'cluster3106249630_3106249631_J60_J61_#5more': 83}, 
4005.0, {'J10': -101785.5, 'J11': -373275.5, 'J12': -229248.5, 'J13': -59747.0, 'cluster3106249630_3106249631_J60_J61_#5more': -433361.0}, {'J10': 13, 'J11': 32, 'J12': 20, 'J13': 28, 'cluster3106249630_3106249631_J60_J61_#5more': 36}, {'J10': 18, 'J11': 54, 'J12': 83, 'J13': 35, 'cluster3106249630_3106249631_J60_J61_#5more': 83}, 
4010.0, {'J10': -101965.5, 'J11': -373815.5, 'J12': -229174.5, 'J13': -60097.0, 'cluster3106249630_3106249631_J60_J61_#5more': -434193.0}, {'J10': 13, 'J11': 32, 'J12': 20, 'J13': 28, 'cluster3106249630_3106249631_J60_J61_#5more': 36}, {'J10': 18, 'J11': 54, 'J12': 82, 'J13': 35, 'cluster3106249630_3106249631_J60_J61_#5more': 85}, 
4015.0, {'J10': -102145.5, 'J11': -374355.5, 'J12': -228402.0, 'J13': -60447.0, 'cluster3106249630_3106249631_J60_J61_#5more': -435043.0}, {'J10': 13, 'J11': 32, 'J12': 20, 'J13': 28, 'cluster3106249630_3106249631_J60_J61_#5more': 36}, {'J10': 18, 'J11': 54, 'J12': 79, 'J13': 35, 'cluster3106249630_3106249631_J60_J61_#5more': 85}, 
4020.0, {'J10': -102325.5, 'J11': -374895.5, 'J12': -228827.0, 'J13': -60797.0, 'cluster3106249630_3106249631_J60_J61_#5more': -435893.0}, {'J10': 13, 'J11': 32, 'J12': 20, 'J13': 28, 'cluster3106249630_3106249631_J60_J61_#5more': 36}, {'J10': 18, 'J11': 54, 'J12': 78, 'J13': 35, 'cluster3106249630_3106249631_J60_J61_#5more': 85}, 
4025.0, {'J10': -102505.5, 'J11': -375435.5, 'J12': -229607.0, 'J13': -61147.0, 'cluster3106249630_3106249631_J60_J61_#5more': -436743.0}, {'J10': 13, 'J11': 32, 'J12': 20, 'J13': 28, 'cluster3106249630_3106249631_J60_J61_#5more': 36}, {'J10': 18, 'J11': 54, 'J12': 78, 'J13': 35, 'cluster3106249630_3106249631_J60_J61_#5more': 85}, 
4030.0, {'J10': -102685.5, 'J11': -375975.5, 'J12': -230387.0, 'J13': -61497.0, 'cluster3106249630_3106249631_J60_J61_#5more': -437593.0}, {'J10': 13, 'J11': 32, 'J12': 20, 'J13': 28, 'cluster3106249630_3106249631_J60_J61_#5more': 36}, {'J10': 18, 'J11': 54, 'J12': 78, 'J13': 35, 'cluster3106249630_3106249631_J60_J61_#5more': 85}, 
4035.0, {'J10': -102865.5, 'J11': -376515.5, 'J12': -231167.0, 'J13': -61847.0, 'cluster3106249630_3106249631_J60_J61_#5more': -438443.0}, {'J10': 13, 'J11': 32, 'J12': 20, 'J13': 28, 'cluster3106249630_3106249631_J60_J61_#5more': 36}, {'J10': 18, 'J11': 54, 'J12': 78, 'J13': 35, 'cluster3106249630_3106249631_J60_J61_#5more': 85}, 
4040.0, {'J10': -103045.5, 'J11': -377055.5, 'J12': -231954.0, 'J13': -59226.0, 'cluster3106249630_3106249631_J60_J61_#5more': -439293.0}, {'J10': 13, 'J11': 32, 'J12': 20, 'J13': 25, 'cluster3106249630_3106249631_J60_J61_#5more': 36}, {'J10': 18, 'J11': 54, 'J12': 81, 'J13': 32, 'cluster3106249630_3106249631_J60_J61_#5more': 85}, 
4045.0, {'J10': -103225.5, 'J11': -377595.5, 'J12': -232768.0, 'J13': -58543.0, 'cluster3106249630_3106249631_J60_J61_#5more': -440143.0}, {'J10': 13, 'J11': 32, 'J12': 20, 'J13': 24, 'cluster3106249630_3106249631_J60_J61_#5more': 36}, {'J10': 18, 'J11': 54, 'J12': 83, 'J13': 31, 'cluster3106249630_3106249631_J60_J61_#5more': 85}, 
4050.0, {'J10': -103405.5, 'J11': -378135.5, 'J12': -233598.0, 'J13': -58853.0, 'cluster3106249630_3106249631_J60_J61_#5more': -440993.0}, {'J10': 13, 'J11': 32, 'J12': 20, 'J13': 24, 'cluster3106249630_3106249631_J60_J61_#5more': 36}, {'J10': 18, 'J11': 54, 'J12': 83, 'J13': 31, 'cluster3106249630_3106249631_J60_J61_#5more': 85}, 
4055.0, {'J10': -103585.5, 'J11': -378675.5, 'J12': -232016.5, 'J13': -59163.0, 'cluster3106249630_3106249631_J60_J61_#5more': -441843.0}, {'J10': 13, 'J11': 32, 'J12': 20, 'J13': 24, 'cluster3106249630_3106249631_J60_J61_#5more': 36}, {'J10': 18, 'J11': 54, 'J12': 80, 'J13': 31, 'cluster3106249630_3106249631_J60_J61_#5more': 85}, 
4060.0, {'J10': -103765.5, 'J11': -379215.5, 'J12': -232068.5, 'J13': -59473.0, 'cluster3106249630_3106249631_J60_J61_#5more': -441327.5}, {'J10': 13, 'J11': 32, 'J12': 20, 'J13': 24, 'cluster3106249630_3106249631_J60_J61_#5more': 36}, {'J10': 18, 'J11': 54, 'J12': 78, 'J13': 31, 'cluster3106249630_3106249631_J60_J61_#5more': 83}, 
4065.0, {'J10': -103945.5, 'J11': -379755.5, 'J12': -232849.5, 'J13': -59790.5, 'cluster3106249630_3106249631_J60_J61_#5more': -441783.5}, {'J10': 13, 'J11': 32, 'J12': 20, 'J13': 26, 'cluster3106249630_3106249631_J60_J61_#5more': 36}, {'J10': 18, 'J11': 54, 'J12': 80, 'J13': 33, 'cluster3106249630_3106249631_J60_J61_#5more': 82}, 
4070.0, {'J10': -104125.5, 'J11': -380298.0, 'J12': -233657.0, 'J13': -60128.0, 'cluster3106249630_3106249631_J60_J61_#5more': -442603.5}, {'J10': 13, 'J11': 32, 'J12': 20, 'J13': 28, 'cluster3106249630_3106249631_J60_J61_#5more': 36}, {'J10': 18, 'J11': 55, 'J12': 82, 'J13': 35, 'cluster3106249630_3106249631_J60_J61_#5more': 82}, 
4075.0, {'J10': -104305.5, 'J11': -380848.0, 'J12': -233613.5, 'J13': -60478.0, 'cluster3106249630_3106249631_J60_J61_#5more': -443429.0}, {'J10': 13, 'J11': 32, 'J12': 20, 'J13': 28, 'cluster3106249630_3106249631_J60_J61_#5more': 36}, {'J10': 18, 'J11': 55, 'J12': 81, 'J13': 35, 'cluster3106249630_3106249631_J60_J61_#5more': 84}, 
4080.0, {'J10': -104485.5, 'J11': -381398.0, 'J12': -234423.5, 'J13': -60828.0, 'cluster3106249630_3106249631_J60_J61_#5more': -444269.0}, {'J10': 13, 'J11': 32, 'J12': 20, 'J13': 28, 'cluster3106249630_3106249631_J60_J61_#5more': 36}, {'J10': 18, 'J11': 55, 'J12': 81, 'J13': 35, 'cluster3106249630_3106249631_J60_J61_#5more': 84}, 
4085.0, {'J10': -104665.5, 'J11': -381948.0, 'J12': -235233.5, 'J13': -61178.0, 'cluster3106249630_3106249631_J60_J61_#5more': -445109.0}, {'J10': 13, 'J11': 32, 'J12': 20, 'J13': 28, 'cluster3106249630_3106249631_J60_J61_#5more': 36}, {'J10': 18, 'J11': 55, 'J12': 81, 'J13': 35, 'cluster3106249630_3106249631_J60_J61_#5more': 84}, 
4090.0, {'J10': -104845.5, 'J11': -382455.5, 'J12': -234416.0, 'J13': -61528.0, 'cluster3106249630_3106249631_J60_J61_#5more': -444524.5}, {'J10': 13, 'J11': 32, 'J12': 20, 'J13': 28, 'cluster3106249630_3106249631_J60_J61_#5more': 36}, {'J10': 18, 'J11': 54, 'J12': 78, 'J13': 35, 'cluster3106249630_3106249631_J60_J61_#5more': 83}, 
4095.0, {'J10': -105025.5, 'J11': -382995.5, 'J12': -234990.5, 'J13': -61878.0, 'cluster3106249630_3106249631_J60_J61_#5more': -438554.0}, {'J10': 13, 'J11': 32, 'J12': 20, 'J13': 28, 'cluster3106249630_3106249631_J60_J61_#5more': 36}, {'J10': 18, 'J11': 54, 'J12': 78, 'J13': 35, 'cluster3106249630_3106249631_J60_J61_#5more': 82}, 
4100.0, {'J10': -105205.5, 'J11': -383535.5, 'J12': -235770.5, 'J13': -62228.0, 'cluster3106249630_3106249631_J60_J61_#5more': -439374.0}, {'J10': 13, 'J11': 32, 'J12': 20, 'J13': 28, 'cluster3106249630_3106249631_J60_J61_#5more': 36}, {'J10': 18, 'J11': 54, 'J12': 78, 'J13': 35, 'cluster3106249630_3106249631_J60_J61_#5more': 82}, 
4105.0, {'J10': -105385.5, 'J11': -384075.5, 'J12': -236550.5, 'J13': -58614.5, 'cluster3106249630_3106249631_J60_J61_#5more': -440194.0}, {'J10': 13, 'J11': 32, 'J12': 20, 'J13': 24, 'cluster3106249630_3106249631_J60_J61_#5more': 36}, {'J10': 18, 'J11': 54, 'J12': 78, 'J13': 31, 'cluster3106249630_3106249631_J60_J61_#5more': 82}, 
4110.0, {'J10': -105565.5, 'J11': -384615.5, 'J12': -237330.5, 'J13': -58924.5, 'cluster3106249630_3106249631_J60_J61_#5more': -441014.0}, {'J10': 13, 'J11': 32, 'J12': 20, 'J13': 24, 'cluster3106249630_3106249631_J60_J61_#5more': 36}, {'J10': 18, 'J11': 54, 'J12': 78, 'J13': 31, 'cluster3106249630_3106249631_J60_J61_#5more': 82}, 
4115.0, {'J10': -105745.5, 'J11': -385155.5, 'J12': -238110.5, 'J13': -59234.5, 'cluster3106249630_3106249631_J60_J61_#5more': -441834.5}, {'J10': 13, 'J11': 32, 'J12': 20, 'J13': 24, 'cluster3106249630_3106249631_J60_J61_#5more': 36}, {'J10': 18, 'J11': 54, 'J12': 78, 'J13': 31, 'cluster3106249630_3106249631_J60_J61_#5more': 83}, 
4120.0, {'J10': -105925.5, 'J11': -385695.5, 'J12': -237800.5, 'J13': -59544.5, 'cluster3106249630_3106249631_J60_J61_#5more': -442669.0}, {'J10': 13, 'J11': 32, 'J12': 20, 'J13': 24, 'cluster3106249630_3106249631_J60_J61_#5more': 36}, {'J10': 18, 'J11': 54, 'J12': 78, 'J13': 31, 'cluster3106249630_3106249631_J60_J61_#5more': 84}, 
4125.0, {'J10': -106105.5, 'J11': -386235.5, 'J12': -238206.5, 'J13': -59854.5, 'cluster3106249630_3106249631_J60_J61_#5more': -443017.0}, {'J10': 13, 'J11': 32, 'J12': 20, 'J13': 24, 'cluster3106249630_3106249631_J60_J61_#5more': 36}, {'J10': 18, 'J11': 54, 'J12': 77, 'J13': 31, 'cluster3106249630_3106249631_J60_J61_#5more': 83}, 
4130.0, {'J10': -106285.5, 'J11': -386775.5, 'J12': -238981.0, 'J13': -60172.0, 'cluster3106249630_3106249631_J60_J61_#5more': -443473.0}, {'J10': 13, 'J11': 32, 'J12': 20, 'J13': 27, 'cluster3106249630_3106249631_J60_J61_#5more': 36}, {'J10': 18, 'J11': 54, 'J12': 79, 'J13': 34, 'cluster3106249630_3106249631_J60_J61_#5more': 82}, 
4135.0, {'J10': -106465.5, 'J11': -387315.5, 'J12': -239783.5, 'J13': -60515.5, 'cluster3106249630_3106249631_J60_J61_#5more': -444293.0}, {'J10': 13, 'J11': 32, 'J12': 20, 'J13': 28, 'cluster3106249630_3106249631_J60_J61_#5more': 36}, {'J10': 18, 'J11': 54, 'J12': 82, 'J13': 35, 'cluster3106249630_3106249631_J60_J61_#5more': 82}, 
4140.0, {'J10': -106645.5, 'J11': -387855.5, 'J12': -239608.5, 'J13': -60865.5, 'cluster3106249630_3106249631_J60_J61_#5more': -445118.5}, {'J10': 13, 'J11': 32, 'J12': 20, 'J13': 28, 'cluster3106249630_3106249631_J60_J61_#5more': 36}, {'J10': 18, 'J11': 54, 'J12': 81, 'J13': 35, 'cluster3106249630_3106249631_J60_J61_#5more': 84}, 
4145.0, {'J10': -106825.5, 'J11': -388395.5, 'J12': -239503.0, 'J13': -61215.5, 'cluster3106249630_3106249631_J60_J61_#5more': -445958.5}, {'J10': 13, 'J11': 32, 'J12': 20, 'J13': 28, 'cluster3106249630_3106249631_J60_J61_#5more': 36}, {'J10': 18, 'J11': 54, 'J12': 78, 'J13': 35, 'cluster3106249630_3106249631_J60_J61_#5more': 84}, 
4150.0, {'J10': -107005.5, 'J11': -388935.5, 'J12': -239555.5, 'J13': -61565.5, 'cluster3106249630_3106249631_J60_J61_#5more': -446798.5}, {'J10': 13, 'J11': 32, 'J12': 20, 'J13': 28, 'cluster3106249630_3106249631_J60_J61_#5more': 36}, {'J10': 18, 'J11': 54, 'J12': 75, 'J13': 35, 'cluster3106249630_3106249631_J60_J61_#5more': 84}, 
4155.0, {'J10': -107185.5, 'J11': -389475.5, 'J12': -238931.0, 'J13': -61915.5, 'cluster3106249630_3106249631_J60_J61_#5more': -447638.5}, {'J10': 13, 'J11': 32, 'J12': 20, 'J13': 28, 'cluster3106249630_3106249631_J60_J61_#5more': 36}, {'J10': 18, 'J11': 54, 'J12': 71, 'J13': 35, 'cluster3106249630_3106249631_J60_J61_#5more': 84}, 
4160.0, {'J10': -107365.5, 'J11': -390015.5, 'J12': -239479.0, 'J13': -62265.5, 'cluster3106249630_3106249631_J60_J61_#5more': -448478.5}, {'J10': 13, 'J11': 32, 'J12': 20, 'J13': 28, 'cluster3106249630_3106249631_J60_J61_#5more': 36}, {'J10': 18, 'J11': 54, 'J12': 71, 'J13': 35, 'cluster3106249630_3106249631_J60_J61_#5more': 84}, 
4165.0, {'J10': -107545.5, 'J11': -390555.5, 'J12': -240189.0, 'J13': -62615.5, 'cluster3106249630_3106249631_J60_J61_#5more': -449318.5}, {'J10': 13, 'J11': 32, 'J12': 20, 'J13': 28, 'cluster3106249630_3106249631_J60_J61_#5more': 36}, {'J10': 18, 'J11': 54, 'J12': 71, 'J13': 35, 'cluster3106249630_3106249631_J60_J61_#5more': 84}, 
4170.0, {'J10': -107725.5, 'J11': -391095.5, 'J12': -240528.0, 'J13': -59983.5, 'cluster3106249630_3106249631_J60_J61_#5more': -450158.5}, {'J10': 13, 'J11': 32, 'J12': 20, 'J13': 25, 'cluster3106249630_3106249631_J60_J61_#5more': 36}, {'J10': 18, 'J11': 54, 'J12': 70, 'J13': 32, 'cluster3106249630_3106249631_J60_J61_#5more': 84}, 
4175.0, {'J10': -107905.5, 'J11': -391635.5, 'J12': -239194.5, 'J13': -59301.0, 'cluster3106249630_3106249631_J60_J61_#5more': -450998.5}, {'J10': 13, 'J11': 32, 'J12': 20, 'J13': 24, 'cluster3106249630_3106249631_J60_J61_#5more': 36}, {'J10': 18, 'J11': 54, 'J12': 68, 'J13': 31, 'cluster3106249630_3106249631_J60_J61_#5more': 84}, 
4180.0, {'J10': -108085.5, 'J11': -392175.5, 'J12': -237836.5, 'J13': -59611.0, 'cluster3106249630_3106249631_J60_J61_#5more': -451838.5}, {'J10': 13, 'J11': 32, 'J12': 20, 'J13': 24, 'cluster3106249630_3106249631_J60_J61_#5more': 36}, {'J10': 18, 'J11': 54, 'J12': 69, 'J13': 31, 'cluster3106249630_3106249631_J60_J61_#5more': 84}, 
4185.0, {'J10': -108265.5, 'J11': -392718.5, 'J12': -238536.5, 'J13': -59921.0, 'cluster3106249630_3106249631_J60_J61_#5more': -452678.5}, {'J10': 13, 'J11': 32, 'J12': 20, 'J13': 24, 'cluster3106249630_3106249631_J60_J61_#5more': 36}, {'J10': 18, 'J11': 55, 'J12': 72, 'J13': 31, 'cluster3106249630_3106249631_J60_J61_#5more': 84}, 
4190.0, {'J10': -108445.5, 'J11': -393255.5, 'J12': -239256.5, 'J13': -60231.0, 'cluster3106249630_3106249631_J60_J61_#5more': -453518.5}, {'J10': 13, 'J11': 32, 'J12': 20, 'J13': 24, 'cluster3106249630_3106249631_J60_J61_#5more': 36}, {'J10': 18, 'J11': 54, 'J12': 72, 'J13': 31, 'cluster3106249630_3106249631_J60_J61_#5more': 84}, 
4195.0, {'J10': -108625.5, 'J11': -393795.5, 'J12': -239372.0, 'J13': -60549.5, 'cluster3106249630_3106249631_J60_J61_#5more': -452736.0}, {'J10': 13, 'J11': 32, 'J12': 20, 'J13': 27, 'cluster3106249630_3106249631_J60_J61_#5more': 36}, {'J10': 18, 'J11': 54, 'J12': 74, 'J13': 34, 'cluster3106249630_3106249631_J60_J61_#5more': 83}, 
4200.0, {'J10': -108805.5, 'J11': -394335.5, 'J12': -240078.5, 'J13': -60893.0, 'cluster3106249630_3106249631_J60_J61_#5more': -446562.0}, {'J10': 13, 'J11': 32, 'J12': 20, 'J13': 28, 'cluster3106249630_3106249631_J60_J61_#5more': 36}, {'J10': 18, 'J11': 54, 'J12': 74, 'J13': 35, 'cluster3106249630_3106249631_J60_J61_#5more': 82}, 
4205.0, {'J10': -108985.5, 'J11': -394875.5, 'J12': -240819.0, 'J13': -61243.0, 'cluster3106249630_3106249631_J60_J61_#5more': -447382.0}, {'J10': 13, 'J11': 32, 'J12': 20, 'J13': 28, 'cluster3106249630_3106249631_J60_J61_#5more': 36}, {'J10': 18, 'J11': 54, 'J12': 75, 'J13': 35, 'cluster3106249630_3106249631_J60_J61_#5more': 82}, 
4210.0, {'J10': -109165.5, 'J11': -395416.0, 'J12': -241569.0, 'J13': -61593.0, 'cluster3106249630_3106249631_J60_J61_#5more': -448202.0}, {'J10': 13, 'J11': 32, 'J12': 20, 'J13': 28, 'cluster3106249630_3106249631_J60_J61_#5more': 36}, {'J10': 18, 'J11': 55, 'J12': 75, 'J13': 35, 'cluster3106249630_3106249631_J60_J61_#5more': 82}, 
4215.0, {'J10': -109345.5, 'J11': -395955.5, 'J12': -242327.5, 'J13': -61943.0, 'cluster3106249630_3106249631_J60_J61_#5more': -449022.0}, {'J10': 13, 'J11': 32, 'J12': 20, 'J13': 28, 'cluster3106249630_3106249631_J60_J61_#5more': 36}, {'J10': 18, 'J11': 54, 'J12': 78, 'J13': 35, 'cluster3106249630_3106249631_J60_J61_#5more': 82}, 
4220.0, {'J10': -109525.5, 'J11': -396495.5, 'J12': -243117.0, 'J13': -62293.0, 'cluster3106249630_3106249631_J60_J61_#5more': -449843.0}, {'J10': 13, 'J11': 32, 'J12': 20, 'J13': 28, 'cluster3106249630_3106249631_J60_J61_#5more': 36}, {'J10': 18, 'J11': 54, 'J12': 81, 'J13': 35, 'cluster3106249630_3106249631_J60_J61_#5more': 83}, 
4225.0, {'J10': -109705.5, 'J11': -397035.5, 'J12': -243927.0, 'J13': -62643.0, 'cluster3106249630_3106249631_J60_J61_#5more': -450677.5}, {'J10': 13, 'J11': 32, 'J12': 20, 'J13': 28, 'cluster3106249630_3106249631_J60_J61_#5more': 36}, {'J10': 18, 'J11': 54, 'J12': 81, 'J13': 35, 'cluster3106249630_3106249631_J60_J61_#5more': 84}, 
4230.0, {'J10': -109885.5, 'J11': -397575.5, 'J12': -244737.0, 'J13': -62993.0, 'cluster3106249630_3106249631_J60_J61_#5more': -451517.5}, {'J10': 13, 'J11': 32, 'J12': 20, 'J13': 28, 'cluster3106249630_3106249631_J60_J61_#5more': 36}, {'J10': 18, 'J11': 54, 'J12': 81, 'J13': 35, 'cluster3106249630_3106249631_J60_J61_#5more': 84}, 
4235.0, {'J10': -110065.5, 'J11': -398115.5, 'J12': -245547.0, 'J13': -61356.5, 'cluster3106249630_3106249631_J60_J61_#5more': -452357.5}, {'J10': 13, 'J11': 32, 'J12': 20, 'J13': 26, 'cluster3106249630_3106249631_J60_J61_#5more': 36}, {'J10': 18, 'J11': 54, 'J12': 81, 'J13': 33, 'cluster3106249630_3106249631_J60_J61_#5more': 84}, 
4240.0, {'J10': -110245.5, 'J11': -398655.5, 'J12': -246357.0, 'J13': -60683.5, 'cluster3106249630_3106249631_J60_J61_#5more': -453197.5}, {'J10': 13, 'J11': 32, 'J12': 20, 'J13': 25, 'cluster3106249630_3106249631_J60_J61_#5more': 36}, {'J10': 18, 'J11': 54, 'J12': 81, 'J13': 32, 'cluster3106249630_3106249631_J60_J61_#5more': 84}, 
4245.0, {'J10': -110425.5, 'J11': -399195.5, 'J12': -241264.5, 'J13': -61003.5, 'cluster3106249630_3106249631_J60_J61_#5more': -454037.5}, {'J10': 13, 'J11': 32, 'J12': 20, 'J13': 25, 'cluster3106249630_3106249631_J60_J61_#5more': 36}, {'J10': 18, 'J11': 54, 'J12': 75, 'J13': 32, 'cluster3106249630_3106249631_J60_J61_#5more': 84}, 
4250.0, {'J10': -110605.5, 'J11': -399735.5, 'J12': -242014.5, 'J13': -61323.5, 'cluster3106249630_3106249631_J60_J61_#5more': -454877.5}, {'J10': 13, 'J11': 32, 'J12': 20, 'J13': 25, 'cluster3106249630_3106249631_J60_J61_#5more': 36}, {'J10': 18, 'J11': 54, 'J12': 75, 'J13': 32, 'cluster3106249630_3106249631_J60_J61_#5more': 84}, 
4255.0, {'J10': -110785.5, 'J11': -400275.5, 'J12': -242766.0, 'J13': -61643.5, 'cluster3106249630_3106249631_J60_J61_#5more': -455095.0}, {'J10': 13, 'J11': 32, 'J12': 20, 'J13': 25, 'cluster3106249630_3106249631_J60_J61_#5more': 36}, {'J10': 18, 'J11': 54, 'J12': 77, 'J13': 32, 'cluster3106249630_3106249631_J60_J61_#5more': 83}, 
4260.0, {'J10': -110965.5, 'J11': -400815.5, 'J12': -243544.5, 'J13': -61973.5, 'cluster3106249630_3106249631_J60_J61_#5more': -455424.0}, {'J10': 13, 'J11': 32, 'J12': 20, 'J13': 28, 'cluster3106249630_3106249631_J60_J61_#5more': 36}, {'J10': 18, 'J11': 54, 'J12': 79, 'J13': 35, 'cluster3106249630_3106249631_J60_J61_#5more': 82}, 
4265.0, {'J10': -111145.5, 'J11': -401355.5, 'J12': -244161.5, 'J13': -62323.5, 'cluster3106249630_3106249631_J60_J61_#5more': -456244.0}, {'J10': 13, 'J11': 32, 'J12': 20, 'J13': 28, 'cluster3106249630_3106249631_J60_J61_#5more': 36}, {'J10': 18, 'J11': 54, 'J12': 78, 'J13': 35, 'cluster3106249630_3106249631_J60_J61_#5more': 82}, 
4270.0, {'J10': -111325.5, 'J11': -401895.5, 'J12': -244941.5, 'J13': -62673.5, 'cluster3106249630_3106249631_J60_J61_#5more': -457070.5}, {'J10': 13, 'J11': 32, 'J12': 20, 'J13': 28, 'cluster3106249630_3106249631_J60_J61_#5more': 36}, {'J10': 18, 'J11': 54, 'J12': 78, 'J13': 35, 'cluster3106249630_3106249631_J60_J61_#5more': 84}, 
4275.0, {'J10': -111505.5, 'J11': -402435.5, 'J12': -245721.5, 'J13': -63023.5, 'cluster3106249630_3106249631_J60_J61_#5more': -457910.5}, {'J10': 13, 'J11': 32, 'J12': 20, 'J13': 28, 'cluster3106249630_3106249631_J60_J61_#5more': 36}, {'J10': 18, 'J11': 54, 'J12': 78, 'J13': 35, 'cluster3106249630_3106249631_J60_J61_#5more': 84}, 
4280.0, {'J10': -111685.5, 'J11': -402975.5, 'J12': -245919.5, 'J13': -63373.5, 'cluster3106249630_3106249631_J60_J61_#5more': -458750.5}, {'J10': 13, 'J11': 32, 'J12': 20, 'J13': 28, 'cluster3106249630_3106249631_J60_J61_#5more': 36}, {'J10': 18, 'J11': 54, 'J12': 78, 'J13': 35, 'cluster3106249630_3106249631_J60_J61_#5more': 84}, 
4285.0, {'J10': -111865.5, 'J11': -403515.5, 'J12': -246495.5, 'J13': -63723.5, 'cluster3106249630_3106249631_J60_J61_#5more': -459590.5}, {'J10': 13, 'J11': 32, 'J12': 20, 'J13': 28, 'cluster3106249630_3106249631_J60_J61_#5more': 36}, {'J10': 18, 'J11': 54, 'J12': 77, 'J13': 35, 'cluster3106249630_3106249631_J60_J61_#5more': 84}, 
4290.0, {'J10': -112045.5, 'J11': -404055.5, 'J12': -246118.0, 'J13': -64073.5, 'cluster3106249630_3106249631_J60_J61_#5more': -460430.5}, {'J10': 13, 'J11': 32, 'J12': 20, 'J13': 28, 'cluster3106249630_3106249631_J60_J61_#5more': 36}, {'J10': 18, 'J11': 54, 'J12': 74, 'J13': 35, 'cluster3106249630_3106249631_J60_J61_#5more': 84}, 
4295.0, {'J10': -112225.5, 'J11': -404595.5, 'J12': -246858.5, 'J13': -64423.5, 'cluster3106249630_3106249631_J60_J61_#5more': -461270.5}, {'J10': 13, 'J11': 32, 'J12': 20, 'J13': 28, 'cluster3106249630_3106249631_J60_J61_#5more': 36}, {'J10': 18, 'J11': 54, 'J12': 75, 'J13': 35, 'cluster3106249630_3106249631_J60_J61_#5more': 84}, 
4300.0, {'J10': -112405.5, 'J11': -405135.5, 'J12': -247608.5, 'J13': -61792.5, 'cluster3106249630_3106249631_J60_J61_#5more': -462110.5}, {'J10': 13, 'J11': 32, 'J12': 20, 'J13': 25, 'cluster3106249630_3106249631_J60_J61_#5more': 36}, {'J10': 18, 'J11': 54, 'J12': 75, 'J13': 32, 'cluster3106249630_3106249631_J60_J61_#5more': 84}, 
4305.0, {'J10': -112585.5, 'J11': -405675.5, 'J12': -248358.5, 'J13': -62112.5, 'cluster3106249630_3106249631_J60_J61_#5more': -461116.0}, {'J10': 13, 'J11': 32, 'J12': 20, 'J13': 25, 'cluster3106249630_3106249631_J60_J61_#5more': 36}, {'J10': 18, 'J11': 54, 'J12': 75, 'J13': 32, 'cluster3106249630_3106249631_J60_J61_#5more': 83}, 
4310.0, {'J10': -112765.5, 'J11': -406215.5, 'J12': -247162.0, 'J13': -62432.5, 'cluster3106249630_3106249631_J60_J61_#5more': -454744.5}, {'J10': 13, 'J11': 32, 'J12': 20, 'J13': 25, 'cluster3106249630_3106249631_J60_J61_#5more': 36}, {'J10': 18, 'J11': 54, 'J12': 72, 'J13': 32, 'cluster3106249630_3106249631_J60_J61_#5more': 82}, 
4315.0, {'J10': -112945.5, 'J11': -406755.5, 'J12': -247882.0, 'J13': -62752.5, 'cluster3106249630_3106249631_J60_J61_#5more': -455659.5}, {'J10': 13, 'J11': 32, 'J12': 20, 'J13': 25, 'cluster3106249630_3106249631_J60_J61_#5more': 36}, {'J10': 18, 'J11': 54, 'J12': 72, 'J13': 32, 'cluster3106249630_3106249631_J60_J61_#5more': 83}, 
4320.0, {'J10': -113125.5, 'J11': -407295.5, 'J12': -248611.0, 'J13': -63073.5, 'cluster3106249630_3106249631_J60_J61_#5more': -455996.0}, {'J10': 13, 'J11': 32, 'J12': 20, 'J13': 26, 'cluster3106249630_3106249631_J60_J61_#5more': 36}, {'J10': 18, 'J11': 54, 'J12': 75, 'J13': 33, 'cluster3106249630_3106249631_J60_J61_#5more': 82}, 
4325.0, {'J10': -113305.5, 'J11': -407835.5, 'J12': -249374.0, 'J13': -63411.0, 'cluster3106249630_3106249631_J60_J61_#5more': -456314.0}, {'J10': 13, 'J11': 32, 'J12': 20, 'J13': 28, 'cluster3106249630_3106249631_J60_J61_#5more': 36}, {'J10': 18, 'J11': 54, 'J12': 78, 'J13': 35, 'cluster3106249630_3106249631_J60_J61_#5more': 81}, 
4330.0, {'J10': -113485.5, 'J11': -408375.5, 'J12': -250154.0, 'J13': -63761.0, 'cluster3106249630_3106249631_J60_J61_#5more': -457125.5}, {'J10': 13, 'J11': 32, 'J12': 20, 'J13': 28, 'cluster3106249630_3106249631_J60_J61_#5more': 36}, {'J10': 18, 'J11': 54, 'J12': 78, 'J13': 35, 'cluster3106249630_3106249631_J60_J61_#5more': 82}, 
4335.0, {'J10': -113665.5, 'J11': -408915.5, 'J12': -250351.0, 'J13': -64111.0, 'cluster3106249630_3106249631_J60_J61_#5more': -457951.5}, {'J10': 13, 'J11': 32, 'J12': 20, 'J13': 28, 'cluster3106249630_3106249631_J60_J61_#5more': 36}, {'J10': 18, 'J11': 54, 'J12': 77, 'J13': 35, 'cluster3106249630_3106249631_J60_J61_#5more': 84}, 
4340.0, {'J10': -113845.5, 'J11': -409455.5, 'J12': -250248.5, 'J13': -64461.0, 'cluster3106249630_3106249631_J60_J61_#5more': -458791.5}, {'J10': 13, 'J11': 32, 'J12': 20, 'J13': 28, 'cluster3106249630_3106249631_J60_J61_#5more': 36}, {'J10': 18, 'J11': 54, 'J12': 75, 'J13': 35, 'cluster3106249630_3106249631_J60_J61_#5more': 84}, 
4345.0, {'J10': -114025.5, 'J11': -409995.5, 'J12': -250998.5, 'J13': -64811.0, 'cluster3106249630_3106249631_J60_J61_#5more': -459631.5}, {'J10': 13, 'J11': 32, 'J12': 20, 'J13': 28, 'cluster3106249630_3106249631_J60_J61_#5more': 36}, {'J10': 18, 'J11': 54, 'J12': 75, 'J13': 35, 'cluster3106249630_3106249631_J60_J61_#5more': 84}, 
4350.0, {'J10': -114205.5, 'J11': -410535.5, 'J12': -251748.5, 'J13': -65161.0, 'cluster3106249630_3106249631_J60_J61_#5more': -460471.5}, {'J10': 13, 'J11': 32, 'J12': 20, 'J13': 28, 'cluster3106249630_3106249631_J60_J61_#5more': 36}, {'J10': 18, 'J11': 54, 'J12': 75, 'J13': 35, 'cluster3106249630_3106249631_J60_J61_#5more': 84}, 
4355.0, {'J10': -114385.5, 'J11': -411075.5, 'J12': -252505.5, 'J13': -65511.0, 'cluster3106249630_3106249631_J60_J61_#5more': -461311.5}, {'J10': 13, 'J11': 32, 'J12': 20, 'J13': 28, 'cluster3106249630_3106249631_J60_J61_#5more': 36}, {'J10': 18, 'J11': 54, 'J12': 77, 'J13': 35, 'cluster3106249630_3106249631_J60_J61_#5more': 84}, 
4360.0, {'J10': -114565.5, 'J11': -411615.5, 'J12': -253275.5, 'J13': -65861.0, 'cluster3106249630_3106249631_J60_J61_#5more': -462151.5}, {'J10': 13, 'J11': 32, 'J12': 20, 'J13': 28, 'cluster3106249630_3106249631_J60_J61_#5more': 36}, {'J10': 18, 'J11': 54, 'J12': 77, 'J13': 35, 'cluster3106249630_3106249631_J60_J61_#5more': 84}, 
4365.0, {'J10': -114745.5, 'J11': -412155.5, 'J12': -254045.5, 'J13': -64092.0, 'cluster3106249630_3106249631_J60_J61_#5more': -462991.5}, {'J10': 13, 'J11': 32, 'J12': 20, 'J13': 26, 'cluster3106249630_3106249631_J60_J61_#5more': 36}, {'J10': 18, 'J11': 54, 'J12': 77, 'J13': 33, 'cluster3106249630_3106249631_J60_J61_#5more': 84}, 
4370.0, {'J10': -114925.5, 'J11': -412695.5, 'J12': -254815.5, 'J13': -62538.0, 'cluster3106249630_3106249631_J60_J61_#5more': -463831.5}, {'J10': 13, 'J11': 32, 'J12': 20, 'J13': 24, 'cluster3106249630_3106249631_J60_J61_#5more': 36}, {'J10': 18, 'J11': 54, 'J12': 77, 'J13': 31, 'cluster3106249630_3106249631_J60_J61_#5more': 84}, 
4375.0, {'J10': -115105.5, 'J11': -413235.5, 'J12': -249534.0, 'J13': -62848.0, 'cluster3106249630_3106249631_J60_J61_#5more': -464671.5}, {'J10': 13, 'J11': 32, 'J12': 20, 'J13': 24, 'cluster3106249630_3106249631_J60_J61_#5more': 36}, {'J10': 18, 'J11': 54, 'J12': 71, 'J13': 31, 'cluster3106249630_3106249631_J60_J61_#5more': 84}, 
4380.0, {'J10': -115285.5, 'J11': -413775.5, 'J12': -250244.0, 'J13': -63158.0, 'cluster3106249630_3106249631_J60_J61_#5more': -465511.5}, {'J10': 13, 'J11': 32, 'J12': 20, 'J13': 24, 'cluster3106249630_3106249631_J60_J61_#5more': 36}, {'J10': 18, 'J11': 54, 'J12': 71, 'J13': 31, 'cluster3106249630_3106249631_J60_J61_#5more': 84}, 
4385.0, {'J10': -115465.5, 'J11': -414315.5, 'J12': -250955.0, 'J13': -63468.0, 'cluster3106249630_3106249631_J60_J61_#5more': -466351.5}, {'J10': 13, 'J11': 32, 'J12': 20, 'J13': 24, 'cluster3106249630_3106249631_J60_J61_#5more': 36}, {'J10': 18, 'J11': 54, 'J12': 73, 'J13': 31, 'cluster3106249630_3106249631_J60_J61_#5more': 84}, 
4390.0, {'J10': -115645.5, 'J11': -414855.5, 'J12': -251693.5, 'J13': -63791.0, 'cluster3106249630_3106249631_J60_J61_#5more': -467191.5}, {'J10': 13, 'J11': 32, 'J12': 20, 'J13': 28, 'cluster3106249630_3106249631_J60_J61_#5more': 36}, {'J10': 18, 'J11': 54, 'J12': 75, 'J13': 35, 'cluster3106249630_3106249631_J60_J61_#5more': 84}, 
4395.0, {'J10': -115825.5, 'J11': -415395.5, 'J12': -252443.5, 'J13': -64141.0, 'cluster3106249630_3106249631_J60_J61_#5more': -468031.5}, {'J10': 13, 'J11': 32, 'J12': 20, 'J13': 28, 'cluster3106249630_3106249631_J60_J61_#5more': 36}, {'J10': 18, 'J11': 54, 'J12': 75, 'J13': 35, 'cluster3106249630_3106249631_J60_J61_#5more': 84}, 
4400.0, {'J10': -116005.5, 'J11': -415935.5, 'J12': -253193.5, 'J13': -64491.0, 'cluster3106249630_3106249631_J60_J61_#5more': -468871.5}, {'J10': 13, 'J11': 32, 'J12': 20, 'J13': 28, 'cluster3106249630_3106249631_J60_J61_#5more': 36}, {'J10': 18, 'J11': 54, 'J12': 75, 'J13': 35, 'cluster3106249630_3106249631_J60_J61_#5more': 84}, 
4405.0, {'J10': -116185.5, 'J11': -416475.5, 'J12': -253943.5, 'J13': -64841.0, 'cluster3106249630_3106249631_J60_J61_#5more': -469711.5}, {'J10': 13, 'J11': 32, 'J12': 20, 'J13': 28, 'cluster3106249630_3106249631_J60_J61_#5more': 36}, {'J10': 18, 'J11': 54, 'J12': 75, 'J13': 35, 'cluster3106249630_3106249631_J60_J61_#5more': 84}, 
4410.0, {'J10': -116365.5, 'J11': -417015.5, 'J12': -254693.5, 'J13': -65191.0, 'cluster3106249630_3106249631_J60_J61_#5more': -470551.5}, {'J10': 13, 'J11': 32, 'J12': 20, 'J13': 28, 'cluster3106249630_3106249631_J60_J61_#5more': 36}, {'J10': 18, 'J11': 54, 'J12': 75, 'J13': 35, 'cluster3106249630_3106249631_J60_J61_#5more': 84}, 
4415.0, {'J10': -116545.5, 'J11': -417555.5, 'J12': -255443.5, 'J13': -65541.0, 'cluster3106249630_3106249631_J60_J61_#5more': -471391.5}, {'J10': 13, 'J11': 32, 'J12': 20, 'J13': 28, 'cluster3106249630_3106249631_J60_J61_#5more': 36}, {'J10': 18, 'J11': 54, 'J12': 75, 'J13': 35, 'cluster3106249630_3106249631_J60_J61_#5more': 84}, 
4420.0, {'J10': -116725.5, 'J11': -418095.5, 'J12': -256193.5, 'J13': -65891.0, 'cluster3106249630_3106249631_J60_J61_#5more': -472231.5}, {'J10': 13, 'J11': 32, 'J12': 20, 'J13': 28, 'cluster3106249630_3106249631_J60_J61_#5more': 36}, {'J10': 18, 'J11': 54, 'J12': 75, 'J13': 35, 'cluster3106249630_3106249631_J60_J61_#5more': 84}, 
4425.0, {'J10': -116905.5, 'J11': -418635.5, 'J12': -256943.5, 'J13': -66241.0, 'cluster3106249630_3106249631_J60_J61_#5more': -473071.5}, {'J10': 13, 'J11': 32, 'J12': 20, 'J13': 28, 'cluster3106249630_3106249631_J60_J61_#5more': 36}, {'J10': 18, 'J11': 54, 'J12': 75, 'J13': 35, 'cluster3106249630_3106249631_J60_J61_#5more': 84}, 
4430.0, {'J10': -117085.5, 'J11': -419175.5, 'J12': -257693.5, 'J13': -64474.5, 'cluster3106249630_3106249631_J60_J61_#5more': -473911.5}, {'J10': 13, 'J11': 32, 'J12': 20, 'J13': 26, 'cluster3106249630_3106249631_J60_J61_#5more': 36}, {'J10': 18, 'J11': 54, 'J12': 75, 'J13': 33, 'cluster3106249630_3106249631_J60_J61_#5more': 84}, 
4435.0, {'J10': -117265.5, 'J11': -419715.5, 'J12': -258443.5, 'J13': -62919.0, 'cluster3106249630_3106249631_J60_J61_#5more': -474751.5}, {'J10': 13, 'J11': 32, 'J12': 20, 'J13': 24, 'cluster3106249630_3106249631_J60_J61_#5more': 36}, {'J10': 18, 'J11': 54, 'J12': 75, 'J13': 31, 'cluster3106249630_3106249631_J60_J61_#5more': 84}, 
4440.0, {'J10': -117445.5, 'J11': -420255.5, 'J12': -258088.0, 'J13': -63229.0, 'cluster3106249630_3106249631_J60_J61_#5more': -475591.5}, {'J10': 13, 'J11': 32, 'J12': 20, 'J13': 24, 'cluster3106249630_3106249631_J60_J61_#5more': 36}, {'J10': 18, 'J11': 54, 'J12': 72, 'J13': 31, 'cluster3106249630_3106249631_J60_J61_#5more': 84}, 
4445.0, {'J10': -117625.5, 'J11': -420795.5, 'J12': -258433.5, 'J13': -63539.0, 'cluster3106249630_3106249631_J60_J61_#5more': -476431.5}, {'J10': 13, 'J11': 32, 'J12': 20, 'J13': 24, 'cluster3106249630_3106249631_J60_J61_#5more': 36}, {'J10': 18, 'J11': 54, 'J12': 71, 'J13': 31, 'cluster3106249630_3106249631_J60_J61_#5more': 84}, 
4450.0, {'J10': -117805.5, 'J11': -421335.5, 'J12': -259153.5, 'J13': -63849.0, 'cluster3106249630_3106249631_J60_J61_#5more': -476026.0}, {'J10': 13, 'J11': 32, 'J12': 20, 'J13': 24, 'cluster3106249630_3106249631_J60_J61_#5more': 36}, {'J10': 18, 'J11': 54, 'J12': 75, 'J13': 31, 'cluster3106249630_3106249631_J60_J61_#5more': 82}, 
4455.0, {'J10': -117985.5, 'J11': -421875.5, 'J12': -259912.0, 'J13': -64173.0, 'cluster3106249630_3106249631_J60_J61_#5more': -476846.0}, {'J10': 13, 'J11': 32, 'J12': 20, 'J13': 28, 'cluster3106249630_3106249631_J60_J61_#5more': 36}, {'J10': 18, 'J11': 54, 'J12': 77, 'J13': 35, 'cluster3106249630_3106249631_J60_J61_#5more': 82}, 
4460.0, {'J10': -118165.5, 'J11': -422415.5, 'J12': -260161.5, 'J13': -64523.0, 'cluster3106249630_3106249631_J60_J61_#5more': -477666.0}, {'J10': 13, 'J11': 32, 'J12': 20, 'J13': 28, 'cluster3106249630_3106249631_J60_J61_#5more': 36}, {'J10': 18, 'J11': 54, 'J12': 76, 'J13': 35, 'cluster3106249630_3106249631_J60_J61_#5more': 82}, 
4465.0, {'J10': -118345.5, 'J11': -422955.5, 'J12': -260310.5, 'J13': -64873.0, 'cluster3106249630_3106249631_J60_J61_#5more': -478493.5}, {'J10': 13, 'J11': 32, 'J12': 20, 'J13': 28, 'cluster3106249630_3106249631_J60_J61_#5more': 36}, {'J10': 18, 'J11': 54, 'J12': 75, 'J13': 35, 'cluster3106249630_3106249631_J60_J61_#5more': 84}, 
4470.0, {'J10': -118525.5, 'J11': -423495.5, 'J12': -260045.0, 'J13': -65223.0, 'cluster3106249630_3106249631_J60_J61_#5more': -479333.5}, {'J10': 13, 'J11': 32, 'J12': 20, 'J13': 28, 'cluster3106249630_3106249631_J60_J61_#5more': 36}, {'J10': 18, 'J11': 54, 'J12': 73, 'J13': 35, 'cluster3106249630_3106249631_J60_J61_#5more': 84}, 
4475.0, {'J10': -118705.5, 'J11': -424035.5, 'J12': -260775.0, 'J13': -65573.0, 'cluster3106249630_3106249631_J60_J61_#5more': -480173.5}, {'J10': 13, 'J11': 32, 'J12': 20, 'J13': 28, 'cluster3106249630_3106249631_J60_J61_#5more': 36}, {'J10': 18, 'J11': 54, 'J12': 73, 'J13': 35, 'cluster3106249630_3106249631_J60_J61_#5more': 84}, 
4480.0, {'J10': -118885.5, 'J11': -424575.5, 'J12': -260869.5, 'J13': -65923.0, 'cluster3106249630_3106249631_J60_J61_#5more': -481013.5}, {'J10': 13, 'J11': 32, 'J12': 20, 'J13': 28, 'cluster3106249630_3106249631_J60_J61_#5more': 36}, {'J10': 18, 'J11': 54, 'J12': 71, 'J13': 35, 'cluster3106249630_3106249631_J60_J61_#5more': 84}, 
4485.0, {'J10': -119065.5, 'J11': -425115.5, 'J12': -261582.0, 'J13': -66273.0, 'cluster3106249630_3106249631_J60_J61_#5more': -477486.0}, {'J10': 13, 'J11': 32, 'J12': 20, 'J13': 28, 'cluster3106249630_3106249631_J60_J61_#5more': 36}, {'J10': 18, 'J11': 54, 'J12': 72, 'J13': 35, 'cluster3106249630_3106249631_J60_J61_#5more': 82}, 
4490.0, {'J10': -119245.5, 'J11': -425655.5, 'J12': -262314.0, 'J13': -66623.0, 'cluster3106249630_3106249631_J60_J61_#5more': -470755.0}, {'J10': 13, 'J11': 32, 'J12': 20, 'J13': 28, 'cluster3106249630_3106249631_J60_J61_#5more': 36}, {'J10': 18, 'J11': 54, 'J12': 76, 'J13': 35, 'cluster3106249630_3106249631_J60_J61_#5more': 81}, 
4495.0, {'J10': -119425.5, 'J11': -426195.5, 'J12': -262441.0, 'J13': -63131.0, 'cluster3106249630_3106249631_J60_J61_#5more': -471565.0}, {'J10': 13, 'J11': 32, 'J12': 20, 'J13': 24, 'cluster3106249630_3106249631_J60_J61_#5more': 36}, {'J10': 18, 'J11': 54, 'J12': 78, 'J13': 31, 'cluster3106249630_3106249631_J60_J61_#5more': 81}, 
4500.0, {'J10': -119605.5, 'J11': -426735.5, 'J12': -262649.0, 'J13': -63441.0, 'cluster3106249630_3106249631_J60_J61_#5more': -472375.0}, {'J10': 13, 'J11': 32, 'J12': 20, 'J13': 24, 'cluster3106249630_3106249631_J60_J61_#5more': 36}, {'J10': 18, 'J11': 54, 'J12': 78, 'J13': 31, 'cluster3106249630_3106249631_J60_J61_#5more': 81}, 
4505.0, {'J10': -119785.5, 'J11': -427275.5, 'J12': -263429.0, 'J13': -63751.0, 'cluster3106249630_3106249631_J60_J61_#5more': -473185.0}, {'J10': 13, 'J11': 32, 'J12': 20, 'J13': 24, 'cluster3106249630_3106249631_J60_J61_#5more': 36}, {'J10': 18, 'J11': 54, 'J12': 78, 'J13': 31, 'cluster3106249630_3106249631_J60_J61_#5more': 81}, 
4510.0, {'J10': -119965.5, 'J11': -427815.5, 'J12': -264209.0, 'J13': -64061.0, 'cluster3106249630_3106249631_J60_J61_#5more': -473998.0}, {'J10': 13, 'J11': 32, 'J12': 20, 'J13': 24, 'cluster3106249630_3106249631_J60_J61_#5more': 36}, {'J10': 18, 'J11': 54, 'J12': 78, 'J13': 31, 'cluster3106249630_3106249631_J60_J61_#5more': 83}, 
4515.0, {'J10': -120145.5, 'J11': -428355.5, 'J12': -264997.0, 'J13': -64371.0, 'cluster3106249630_3106249631_J60_J61_#5more': -474334.0}, {'J10': 13, 'J11': 32, 'J12': 20, 'J13': 24, 'cluster3106249630_3106249631_J60_J61_#5more': 36}, {'J10': 18, 'J11': 54, 'J12': 80, 'J13': 31, 'cluster3106249630_3106249631_J60_J61_#5more': 82}, 
4520.0, {'J10': -120325.5, 'J11': -428895.5, 'J12': -265805.5, 'J13': -64694.5, 'cluster3106249630_3106249631_J60_J61_#5more': -474651.5}, {'J10': 13, 'J11': 32, 'J12': 20, 'J13': 28, 'cluster3106249630_3106249631_J60_J61_#5more': 36}, {'J10': 18, 'J11': 54, 'J12': 82, 'J13': 35, 'cluster3106249630_3106249631_J60_J61_#5more': 81}, 
4525.0, {'J10': -120505.5, 'J11': -429435.5, 'J12': -266625.5, 'J13': -65044.5, 'cluster3106249630_3106249631_J60_J61_#5more': -475461.5}, {'J10': 13, 'J11': 32, 'J12': 20, 'J13': 28, 'cluster3106249630_3106249631_J60_J61_#5more': 36}, {'J10': 18, 'J11': 54, 'J12': 82, 'J13': 35, 'cluster3106249630_3106249631_J60_J61_#5more': 81}, 
4530.0, {'J10': -120685.5, 'J11': -429975.5, 'J12': -267445.5, 'J13': -65394.5, 'cluster3106249630_3106249631_J60_J61_#5more': -476277.0}, {'J10': 13, 'J11': 32, 'J12': 20, 'J13': 28, 'cluster3106249630_3106249631_J60_J61_#5more': 36}, {'J10': 18, 'J11': 54, 'J12': 82, 'J13': 35, 'cluster3106249630_3106249631_J60_J61_#5more': 83}, 
4535.0, {'J10': -120865.5, 'J11': -430515.5, 'J12': -268265.5, 'J13': -65744.5, 'cluster3106249630_3106249631_J60_J61_#5more': -477107.0}, {'J10': 13, 'J11': 32, 'J12': 20, 'J13': 28, 'cluster3106249630_3106249631_J60_J61_#5more': 36}, {'J10': 18, 'J11': 54, 'J12': 82, 'J13': 35, 'cluster3106249630_3106249631_J60_J61_#5more': 83}, 
4540.0, {'J10': -121045.5, 'J11': -431055.5, 'J12': -263658.5, 'J13': -66094.5, 'cluster3106249630_3106249631_J60_J61_#5more': -477937.0}, {'J10': 13, 'J11': 32, 'J12': 20, 'J13': 28, 'cluster3106249630_3106249631_J60_J61_#5more': 36}, {'J10': 18, 'J11': 54, 'J12': 77, 'J13': 35, 'cluster3106249630_3106249631_J60_J61_#5more': 83}, 
4545.0, {'J10': -121225.5, 'J11': -431595.5, 'J12': -264108.0, 'J13': -66444.5, 'cluster3106249630_3106249631_J60_J61_#5more': -478767.0}, {'J10': 13, 'J11': 32, 'J12': 20, 'J13': 28, 'cluster3106249630_3106249631_J60_J61_#5more': 36}, {'J10': 18, 'J11': 54, 'J12': 76, 'J13': 35, 'cluster3106249630_3106249631_J60_J61_#5more': 83}, 
4550.0, {'J10': -121405.5, 'J11': -432135.5, 'J12': -264870.0, 'J13': -66794.5, 'cluster3106249630_3106249631_J60_J61_#5more': -479597.0}, {'J10': 13, 'J11': 32, 'J12': 20, 'J13': 28, 'cluster3106249630_3106249631_J60_J61_#5more': 36}, {'J10': 18, 'J11': 54, 'J12': 79, 'J13': 35, 'cluster3106249630_3106249631_J60_J61_#5more': 83}, 
4555.0, {'J10': -121585.5, 'J11': -432675.5, 'J12': -265668.0, 'J13': -67144.5, 'cluster3106249630_3106249631_J60_J61_#5more': -480427.0}, {'J10': 13, 'J11': 32, 'J12': 20, 'J13': 28, 'cluster3106249630_3106249631_J60_J61_#5more': 36}, {'J10': 18, 'J11': 54, 'J12': 81, 'J13': 35, 'cluster3106249630_3106249631_J60_J61_#5more': 83}, 
4560.0, {'J10': -121765.5, 'J11': -433215.5, 'J12': -266478.0, 'J13': -63794.0, 'cluster3106249630_3106249631_J60_J61_#5more': -481257.0}, {'J10': 13, 'J11': 32, 'J12': 20, 'J13': 24, 'cluster3106249630_3106249631_J60_J61_#5more': 36}, {'J10': 18, 'J11': 54, 'J12': 81, 'J13': 31, 'cluster3106249630_3106249631_J60_J61_#5more': 83}, 
4565.0, {'J10': -121945.5, 'J11': -433755.5, 'J12': -267288.0, 'J13': -64104.0, 'cluster3106249630_3106249631_J60_J61_#5more': -482087.0}, {'J10': 13, 'J11': 32, 'J12': 20, 'J13': 24, 'cluster3106249630_3106249631_J60_J61_#5more': 36}, {'J10': 18, 'J11': 54, 'J12': 81, 'J13': 31, 'cluster3106249630_3106249631_J60_J61_#5more': 83}, 
4570.0, {'J10': -122125.5, 'J11': -434295.5, 'J12': -267275.5, 'J13': -64414.0, 'cluster3106249630_3106249631_J60_J61_#5more': -482917.0}, {'J10': 13, 'J11': 32, 'J12': 20, 'J13': 24, 'cluster3106249630_3106249631_J60_J61_#5more': 36}, {'J10': 18, 'J11': 54, 'J12': 80, 'J13': 31, 'cluster3106249630_3106249631_J60_J61_#5more': 83}, 
4575.0, {'J10': -122305.5, 'J11': -434835.5, 'J12': -266064.0, 'J13': -64724.0, 'cluster3106249630_3106249631_J60_J61_#5more': -483747.0}, {'J10': 13, 'J11': 32, 'J12': 20, 'J13': 24, 'cluster3106249630_3106249631_J60_J61_#5more': 36}, {'J10': 18, 'J11': 54, 'J12': 79, 'J13': 31, 'cluster3106249630_3106249631_J60_J61_#5more': 83}, 
4580.0, {'J10': -122485.5, 'J11': -435375.5, 'J12': -265741.5, 'J13': -65034.0, 'cluster3106249630_3106249631_J60_J61_#5more': -483591.0}, {'J10': 13, 'J11': 32, 'J12': 20, 'J13': 24, 'cluster3106249630_3106249631_J60_J61_#5more': 36}, {'J10': 18, 'J11': 54, 'J12': 77, 'J13': 31, 'cluster3106249630_3106249631_J60_J61_#5more': 81}, 
4585.0, {'J10': -122665.5, 'J11': -435915.5, 'J12': -265393.0, 'J13': -65353.0, 'cluster3106249630_3106249631_J60_J61_#5more': -484401.0}, {'J10': 13, 'J11': 32, 'J12': 20, 'J13': 27, 'cluster3106249630_3106249631_J60_J61_#5more': 36}, {'J10': 18, 'J11': 54, 'J12': 74, 'J13': 34, 'cluster3106249630_3106249631_J60_J61_#5more': 81}, 
4590.0, {'J10': -122845.5, 'J11': -436455.5, 'J12': -265566.5, 'J13': -65695.0, 'cluster3106249630_3106249631_J60_J61_#5more': -485211.0}, {'J10': 13, 'J11': 32, 'J12': 20, 'J13': 28, 'cluster3106249630_3106249631_J60_J61_#5more': 36}, {'J10': 18, 'J11': 54, 'J12': 72, 'J13': 35, 'cluster3106249630_3106249631_J60_J61_#5more': 81}, 
4595.0, {'J10': -123025.5, 'J11': -436995.5, 'J12': -266132.0, 'J13': -66045.0, 'cluster3106249630_3106249631_J60_J61_#5more': -486027.5}, {'J10': 13, 'J11': 32, 'J12': 20, 'J13': 28, 'cluster3106249630_3106249631_J60_J61_#5more': 36}, {'J10': 18, 'J11': 54, 'J12': 71, 'J13': 35, 'cluster3106249630_3106249631_J60_J61_#5more': 83}, 
4600.0, {'J10': -123205.5, 'J11': -437535.5, 'J12': -266846.5, 'J13': -66395.0, 'cluster3106249630_3106249631_J60_J61_#5more': -486857.5}, {'J10': 13, 'J11': 32, 'J12': 20, 'J13': 28, 'cluster3106249630_3106249631_J60_J61_#5more': 36}, {'J10': 18, 'J11': 54, 'J12': 73, 'J13': 35, 'cluster3106249630_3106249631_J60_J61_#5more': 83}, 
4605.0, {'J10': -123385.5, 'J11': -438075.5, 'J12': -266602.0, 'J13': -66745.0, 'cluster3106249630_3106249631_J60_J61_#5more': -487687.5}, {'J10': 13, 'J11': 32, 'J12': 20, 'J13': 28, 'cluster3106249630_3106249631_J60_J61_#5more': 36}, {'J10': 18, 'J11': 54, 'J12': 71, 'J13': 35, 'cluster3106249630_3106249631_J60_J61_#5more': 83}, 
4610.0, {'J10': -123565.5, 'J11': -438615.5, 'J12': -266671.0, 'J13': -67095.0, 'cluster3106249630_3106249631_J60_J61_#5more': -486105.5}, {'J10': 13, 'J11': 32, 'J12': 20, 'J13': 28, 'cluster3106249630_3106249631_J60_J61_#5more': 36}, {'J10': 18, 'J11': 54, 'J12': 69, 'J13': 35, 'cluster3106249630_3106249631_J60_J61_#5more': 82}, 
4615.0, {'J10': -123745.5, 'J11': -439155.5, 'J12': -267370.5, 'J13': -67445.0, 'cluster3106249630_3106249631_J60_J61_#5more': -479131.5}, {'J10': 13, 'J11': 32, 'J12': 20, 'J13': 28, 'cluster3106249630_3106249631_J60_J61_#5more': 36}, {'J10': 18, 'J11': 54, 'J12': 73, 'J13': 35, 'cluster3106249630_3106249631_J60_J61_#5more': 81}, 
4620.0, {'J10': -123925.5, 'J11': -439695.5, 'J12': -268108.0, 'J13': -67795.0, 'cluster3106249630_3106249631_J60_J61_#5more': -479941.5}, {'J10': 13, 'J11': 32, 'J12': 20, 'J13': 28, 'cluster3106249630_3106249631_J60_J61_#5more': 36}, {'J10': 18, 'J11': 54, 'J12': 75, 'J13': 35, 'cluster3106249630_3106249631_J60_J61_#5more': 81}, 
4625.0, {'J10': -124105.5, 'J11': -440235.5, 'J12': -267968.0, 'J13': -66169.0, 'cluster3106249630_3106249631_J60_J61_#5more': -480751.5}, {'J10': 13, 'J11': 32, 'J12': 20, 'J13': 26, 'cluster3106249630_3106249631_J60_J61_#5more': 36}, {'J10': 18, 'J11': 54, 'J12': 75, 'J13': 33, 'cluster3106249630_3106249631_J60_J61_#5more': 81}, 
4630.0, {'J10': -124285.5, 'J11': -440775.5, 'J12': -267732.0, 'J13': -64754.0, 'cluster3106249630_3106249631_J60_J61_#5more': -481561.5}, {'J10': 13, 'J11': 32, 'J12': 20, 'J13': 24, 'cluster3106249630_3106249631_J60_J61_#5more': 36}, {'J10': 18, 'J11': 54, 'J12': 73, 'J13': 31, 'cluster3106249630_3106249631_J60_J61_#5more': 81}, 
4635.0, {'J10': -124465.5, 'J11': -441315.5, 'J12': -268341.5, 'J13': -65064.0, 'cluster3106249630_3106249631_J60_J61_#5more': -482375.0}, {'J10': 13, 'J11': 32, 'J12': 20, 'J13': 24, 'cluster3106249630_3106249631_J60_J61_#5more': 36}, {'J10': 18, 'J11': 54, 'J12': 72, 'J13': 31, 'cluster3106249630_3106249631_J60_J61_#5more': 83}, 
4640.0, {'J10': -124645.5, 'J11': -441855.5, 'J12': -269031.5, 'J13': -65374.0, 'cluster3106249630_3106249631_J60_J61_#5more': -483210.0}, {'J10': 13, 'J11': 32, 'J12': 20, 'J13': 24, 'cluster3106249630_3106249631_J60_J61_#5more': 36}, {'J10': 18, 'J11': 54, 'J12': 72, 'J13': 31, 'cluster3106249630_3106249631_J60_J61_#5more': 84}, 
4645.0, {'J10': -124825.5, 'J11': -442395.5, 'J12': -268857.5, 'J13': -65684.0, 'cluster3106249630_3106249631_J60_J61_#5more': -483322.5}, {'J10': 13, 'J11': 32, 'J12': 20, 'J13': 24, 'cluster3106249630_3106249631_J60_J61_#5more': 36}, {'J10': 18, 'J11': 54, 'J12': 74, 'J13': 31, 'cluster3106249630_3106249631_J60_J61_#5more': 82}, 
4650.0, {'J10': -125005.5, 'J11': -442937.0, 'J12': -269606.5, 'J13': -66004.0, 'cluster3106249630_3106249631_J60_J61_#5more': -484142.5}, {'J10': 13, 'J11': 32, 'J12': 20, 'J13': 27, 'cluster3106249630_3106249631_J60_J61_#5more': 36}, {'J10': 18, 'J11': 55, 'J12': 77, 'J13': 34, 'cluster3106249630_3106249631_J60_J61_#5more': 82}, 
4655.0, {'J10': -125185.5, 'J11': -443475.5, 'J12': -270034.0, 'J13': -66347.0, 'cluster3106249630_3106249631_J60_J61_#5more': -484962.5}, {'J10': 13, 'J11': 32, 'J12': 20, 'J13': 28, 'cluster3106249630_3106249631_J60_J61_#5more': 36}, {'J10': 18, 'J11': 54, 'J12': 76, 'J13': 35, 'cluster3106249630_3106249631_J60_J61_#5more': 82}, 
4660.0, {'J10': -125365.5, 'J11': -444015.5, 'J12': -270801.5, 'J13': -66697.0, 'cluster3106249630_3106249631_J60_J61_#5more': -485789.0}, {'J10': 13, 'J11': 32, 'J12': 20, 'J13': 28, 'cluster3106249630_3106249631_J60_J61_#5more': 36}, {'J10': 18, 'J11': 54, 'J12': 78, 'J13': 35, 'cluster3106249630_3106249631_J60_J61_#5more': 84}, 
4665.0, {'J10': -125545.5, 'J11': -444555.5, 'J12': -271586.5, 'J13': -67047.0, 'cluster3106249630_3106249631_J60_J61_#5more': -486629.0}, {'J10': 13, 'J11': 32, 'J12': 20, 'J13': 28, 'cluster3106249630_3106249631_J60_J61_#5more': 36}, {'J10': 18, 'J11': 54, 'J12': 79, 'J13': 35, 'cluster3106249630_3106249631_J60_J61_#5more': 84}, 
4670.0, {'J10': -125725.5, 'J11': -445095.5, 'J12': -272376.5, 'J13': -67397.0, 'cluster3106249630_3106249631_J60_J61_#5more': -487469.0}, {'J10': 13, 'J11': 32, 'J12': 20, 'J13': 28, 'cluster3106249630_3106249631_J60_J61_#5more': 36}, {'J10': 18, 'J11': 54, 'J12': 79, 'J13': 35, 'cluster3106249630_3106249631_J60_J61_#5more': 84}, 
4675.0, {'J10': -125905.5, 'J11': -445635.5, 'J12': -273166.5, 'J13': -67747.0, 'cluster3106249630_3106249631_J60_J61_#5more': -488309.0}, {'J10': 13, 'J11': 32, 'J12': 20, 'J13': 28, 'cluster3106249630_3106249631_J60_J61_#5more': 36}, {'J10': 18, 'J11': 54, 'J12': 79, 'J13': 35, 'cluster3106249630_3106249631_J60_J61_#5more': 84}, 
4680.0, {'J10': -126085.5, 'J11': -446175.5, 'J12': -273956.5, 'J13': -68097.0, 'cluster3106249630_3106249631_J60_J61_#5more': -489149.0}, {'J10': 13, 'J11': 32, 'J12': 20, 'J13': 28, 'cluster3106249630_3106249631_J60_J61_#5more': 36}, {'J10': 18, 'J11': 54, 'J12': 79, 'J13': 35, 'cluster3106249630_3106249631_J60_J61_#5more': 84}, 
4685.0, {'J10': -126265.5, 'J11': -446715.5, 'J12': -274746.5, 'J13': -68447.0, 'cluster3106249630_3106249631_J60_J61_#5more': -489989.0}, {'J10': 13, 'J11': 32, 'J12': 20, 'J13': 28, 'cluster3106249630_3106249631_J60_J61_#5more': 36}, {'J10': 18, 'J11': 54, 'J12': 79, 'J13': 35, 'cluster3106249630_3106249631_J60_J61_#5more': 84}, 
4690.0, {'J10': -126445.5, 'J11': -447255.5, 'J12': -275536.5, 'J13': -66079.0, 'cluster3106249630_3106249631_J60_J61_#5more': -490829.0}, {'J10': 13, 'J11': 32, 'J12': 20, 'J13': 25, 'cluster3106249630_3106249631_J60_J61_#5more': 36}, {'J10': 18, 'J11': 54, 'J12': 79, 'J13': 32, 'cluster3106249630_3106249631_J60_J61_#5more': 84}, 
4695.0, {'J10': -126625.5, 'J11': -447795.5, 'J12': -276326.5, 'J13': -65524.0, 'cluster3106249630_3106249631_J60_J61_#5more': -491669.0}, {'J10': 13, 'J11': 32, 'J12': 20, 'J13': 24, 'cluster3106249630_3106249631_J60_J61_#5more': 36}, {'J10': 18, 'J11': 54, 'J12': 79, 'J13': 31, 'cluster3106249630_3106249631_J60_J61_#5more': 84}, 
4700.0, {'J10': -126805.5, 'J11': -448335.5, 'J12': -270789.5, 'J13': -65834.0, 'cluster3106249630_3106249631_J60_J61_#5more': -492509.0}, {'J10': 13, 'J11': 32, 'J12': 20, 'J13': 24, 'cluster3106249630_3106249631_J60_J61_#5more': 36}, {'J10': 18, 'J11': 54, 'J12': 72, 'J13': 31, 'cluster3106249630_3106249631_J60_J61_#5more': 84}, 
4705.0, {'J10': -126985.5, 'J11': -448875.5, 'J12': -271509.5, 'J13': -66144.0, 'cluster3106249630_3106249631_J60_J61_#5more': -493349.0}, {'J10': 13, 'J11': 32, 'J12': 20, 'J13': 24, 'cluster3106249630_3106249631_J60_J61_#5more': 36}, {'J10': 18, 'J11': 54, 'J12': 72, 'J13': 31, 'cluster3106249630_3106249631_J60_J61_#5more': 84}, 
4710.0, {'J10': -127165.5, 'J11': -449415.5, 'J12': -272231.0, 'J13': -66454.0, 'cluster3106249630_3106249631_J60_J61_#5more': -493825.5}, {'J10': 13, 'J11': 32, 'J12': 20, 'J13': 24, 'cluster3106249630_3106249631_J60_J61_#5more': 36}, {'J10': 18, 'J11': 54, 'J12': 74, 'J13': 31, 'cluster3106249630_3106249631_J60_J61_#5more': 83}, 
4715.0, {'J10': -127345.5, 'J11': -449955.5, 'J12': -272991.0, 'J13': -66770.5, 'cluster3106249630_3106249631_J60_J61_#5more': -494283.5}, {'J10': 13, 'J11': 32, 'J12': 20, 'J13': 27, 'cluster3106249630_3106249631_J60_J61_#5more': 36}, {'J10': 18, 'J11': 54, 'J12': 79, 'J13': 34, 'cluster3106249630_3106249631_J60_J61_#5more': 82}, 
4720.0, {'J10': -127525.5, 'J11': -450495.5, 'J12': -273781.0, 'J13': -67115.0, 'cluster3106249630_3106249631_J60_J61_#5more': -495103.5}, {'J10': 13, 'J11': 32, 'J12': 20, 'J13': 28, 'cluster3106249630_3106249631_J60_J61_#5more': 36}, {'J10': 18, 'J11': 54, 'J12': 79, 'J13': 35, 'cluster3106249630_3106249631_J60_J61_#5more': 82}, 
4725.0, {'J10': -127705.5, 'J11': -451035.5, 'J12': -274146.0, 'J13': -67465.0, 'cluster3106249630_3106249631_J60_J61_#5more': -495929.5}, {'J10': 13, 'J11': 32, 'J12': 20, 'J13': 28, 'cluster3106249630_3106249631_J60_J61_#5more': 36}, {'J10': 18, 'J11': 54, 'J12': 78, 'J13': 35, 'cluster3106249630_3106249631_J60_J61_#5more': 84}, 
4730.0, {'J10': -127885.5, 'J11': -451575.5, 'J12': -274602.0, 'J13': -67815.0, 'cluster3106249630_3106249631_J60_J61_#5more': -496769.5}, {'J10': 13, 'J11': 32, 'J12': 20, 'J13': 28, 'cluster3106249630_3106249631_J60_J61_#5more': 36}, {'J10': 18, 'J11': 54, 'J12': 76, 'J13': 35, 'cluster3106249630_3106249631_J60_J61_#5more': 84}, 
4735.0, {'J10': -128065.5, 'J11': -452115.5, 'J12': -275362.5, 'J13': -68165.0, 'cluster3106249630_3106249631_J60_J61_#5more': -497609.5}, {'J10': 13, 'J11': 32, 'J12': 20, 'J13': 28, 'cluster3106249630_3106249631_J60_J61_#5more': 36}, {'J10': 18, 'J11': 54, 'J12': 77, 'J13': 35, 'cluster3106249630_3106249631_J60_J61_#5more': 84}, 
4740.0, {'J10': -128245.5, 'J11': -452655.5, 'J12': -276139.5, 'J13': -68515.0, 'cluster3106249630_3106249631_J60_J61_#5more': -498449.5}, {'J10': 13, 'J11': 32, 'J12': 20, 'J13': 28, 'cluster3106249630_3106249631_J60_J61_#5more': 36}, {'J10': 18, 'J11': 54, 'J12': 80, 'J13': 35, 'cluster3106249630_3106249631_J60_J61_#5more': 84}, 
4745.0, {'J10': -128425.5, 'J11': -453195.5, 'J12': -276952.5, 'J13': -68865.0, 'cluster3106249630_3106249631_J60_J61_#5more': -499289.5}, {'J10': 13, 'J11': 32, 'J12': 20, 'J13': 28, 'cluster3106249630_3106249631_J60_J61_#5more': 36}, {'J10': 18, 'J11': 54, 'J12': 83, 'J13': 35, 'cluster3106249630_3106249631_J60_J61_#5more': 84}, 
4750.0, {'J10': -128605.5, 'J11': -453735.5, 'J12': -277782.5, 'J13': -69215.0, 'cluster3106249630_3106249631_J60_J61_#5more': -500129.5}, {'J10': 13, 'J11': 32, 'J12': 20, 'J13': 28, 'cluster3106249630_3106249631_J60_J61_#5more': 36}, {'J10': 18, 'J11': 54, 'J12': 83, 'J13': 35, 'cluster3106249630_3106249631_J60_J61_#5more': 84}, 
4755.0, {'J10': -128785.5, 'J11': -454275.5, 'J12': -278612.5, 'J13': -67707.5, 'cluster3106249630_3106249631_J60_J61_#5more': -500969.5}, {'J10': 13, 'J11': 32, 'J12': 20, 'J13': 26, 'cluster3106249630_3106249631_J60_J61_#5more': 36}, {'J10': 18, 'J11': 54, 'J12': 83, 'J13': 33, 'cluster3106249630_3106249631_J60_J61_#5more': 84}, 
4760.0, {'J10': -128965.5, 'J11': -454815.5, 'J12': -279442.5, 'J13': -66162.5, 'cluster3106249630_3106249631_J60_J61_#5more': -501809.5}, {'J10': 13, 'J11': 32, 'J12': 20, 'J13': 24, 'cluster3106249630_3106249631_J60_J61_#5more': 36}, {'J10': 18, 'J11': 54, 'J12': 83, 'J13': 31, 'cluster3106249630_3106249631_J60_J61_#5more': 84}, 
4765.0, {'J10': -129145.5, 'J11': -455355.5, 'J12': -278744.0, 'J13': -66472.5, 'cluster3106249630_3106249631_J60_J61_#5more': -502649.5}, {'J10': 13, 'J11': 32, 'J12': 20, 'J13': 24, 'cluster3106249630_3106249631_J60_J61_#5more': 36}, {'J10': 18, 'J11': 54, 'J12': 79, 'J13': 31, 'cluster3106249630_3106249631_J60_J61_#5more': 84}, 
4770.0, {'J10': -129325.5, 'J11': -455895.5, 'J12': -279100.0, 'J13': -66782.5, 'cluster3106249630_3106249631_J60_J61_#5more': -503489.5}, {'J10': 13, 'J11': 32, 'J12': 20, 'J13': 24, 'cluster3106249630_3106249631_J60_J61_#5more': 36}, {'J10': 18, 'J11': 54, 'J12': 78, 'J13': 31, 'cluster3106249630_3106249631_J60_J61_#5more': 84}, 
4775.0, {'J10': -129505.5, 'J11': -456435.5, 'J12': -279881.5, 'J13': -67092.5, 'cluster3106249630_3106249631_J60_J61_#5more': -503603.0}, {'J10': 13, 'J11': 32, 'J12': 20, 'J13': 24, 'cluster3106249630_3106249631_J60_J61_#5more': 36}, {'J10': 18, 'J11': 54, 'J12': 80, 'J13': 31, 'cluster3106249630_3106249631_J60_J61_#5more': 82}, 
4780.0, {'J10': -129685.5, 'J11': -456975.5, 'J12': -280689.5, 'J13': -67411.5, 'cluster3106249630_3106249631_J60_J61_#5more': -504423.0}, {'J10': 13, 'J11': 32, 'J12': 20, 'J13': 27, 'cluster3106249630_3106249631_J60_J61_#5more': 36}, {'J10': 18, 'J11': 54, 'J12': 82, 'J13': 34, 'cluster3106249630_3106249631_J60_J61_#5more': 82}, 
4785.0, {'J10': -129865.5, 'J11': -457515.5, 'J12': -281235.5, 'J13': -67753.5, 'cluster3106249630_3106249631_J60_J61_#5more': -505243.0}, {'J10': 13, 'J11': 32, 'J12': 20, 'J13': 28, 'cluster3106249630_3106249631_J60_J61_#5more': 36}, {'J10': 18, 'J11': 54, 'J12': 82, 'J13': 35, 'cluster3106249630_3106249631_J60_J61_#5more': 82}, 
4790.0, {'J10': -130045.5, 'J11': -458055.5, 'J12': -281454.0, 'J13': -68103.5, 'cluster3106249630_3106249631_J60_J61_#5more': -506069.5}, {'J10': 13, 'J11': 32, 'J12': 20, 'J13': 28, 'cluster3106249630_3106249631_J60_J61_#5more': 36}, {'J10': 18, 'J11': 54, 'J12': 81, 'J13': 35, 'cluster3106249630_3106249631_J60_J61_#5more': 84}, 
4795.0, {'J10': -130225.5, 'J11': -458595.5, 'J12': -282264.0, 'J13': -68453.5, 'cluster3106249630_3106249631_J60_J61_#5more': -506909.5}, {'J10': 13, 'J11': 32, 'J12': 20, 'J13': 28, 'cluster3106249630_3106249631_J60_J61_#5more': 36}, {'J10': 18, 'J11': 54, 'J12': 81, 'J13': 35, 'cluster3106249630_3106249631_J60_J61_#5more': 84}, 
4800.0, {'J10': -130405.5, 'J11': -459135.5, 'J12': -283075.0, 'J13': -68803.5, 'cluster3106249630_3106249631_J60_J61_#5more': -507749.5}, {'J10': 13, 'J11': 32, 'J12': 20, 'J13': 28, 'cluster3106249630_3106249631_J60_J61_#5more': 36}, {'J10': 18, 'J11': 54, 'J12': 82, 'J13': 35, 'cluster3106249630_3106249631_J60_J61_#5more': 84}, 
4805.0, {'J10': -130585.5, 'J11': -459675.5, 'J12': -283315.0, 'J13': -69153.5, 'cluster3106249630_3106249631_J60_J61_#5more': -508589.5}, {'J10': 13, 'J11': 32, 'J12': 20, 'J13': 28, 'cluster3106249630_3106249631_J60_J61_#5more': 36}, {'J10': 18, 'J11': 54, 'J12': 83, 'J13': 35, 'cluster3106249630_3106249631_J60_J61_#5more': 84}, 
4810.0, {'J10': -130765.5, 'J11': -460215.5, 'J12': -284154.0, 'J13': -69503.5, 'cluster3106249630_3106249631_J60_J61_#5more': -509429.5}, {'J10': 13, 'J11': 32, 'J12': 20, 'J13': 28, 'cluster3106249630_3106249631_J60_J61_#5more': 36}, {'J10': 18, 'J11': 54, 'J12': 85, 'J13': 35, 'cluster3106249630_3106249631_J60_J61_#5more': 84}, 
4815.0, {'J10': -130945.5, 'J11': -460755.5, 'J12': -285004.0, 'J13': -69853.5, 'cluster3106249630_3106249631_J60_J61_#5more': -510269.5}, {'J10': 13, 'J11': 32, 'J12': 20, 'J13': 28, 'cluster3106249630_3106249631_J60_J61_#5more': 36}, {'J10': 18, 'J11': 54, 'J12': 85, 'J13': 35, 'cluster3106249630_3106249631_J60_J61_#5more': 84}, 
4820.0, {'J10': -131125.5, 'J11': -461295.5, 'J12': -285854.0, 'J13': -68475.5, 'cluster3106249630_3106249631_J60_J61_#5more': -497399.0}, {'J10': 13, 'J11': 32, 'J12': 20, 'J13': 26, 'cluster3106249630_3106249631_J60_J61_#5more': 36}, {'J10': 18, 'J11': 54, 'J12': 85, 'J13': 33, 'cluster3106249630_3106249631_J60_J61_#5more': 81}, 
4825.0, {'J10': -131305.5, 'J11': -461835.5, 'J12': -286710.5, 'J13': -67933.0, 'cluster3106249630_3106249631_J60_J61_#5more': -498209.0}, {'J10': 13, 'J11': 32, 'J12': 20, 'J13': 25, 'cluster3106249630_3106249631_J60_J61_#5more': 36}, {'J10': 18, 'J11': 54, 'J12': 87, 'J13': 32, 'cluster3106249630_3106249631_J60_J61_#5more': 81}, 
4830.0, {'J10': -131485.5, 'J11': -462375.5, 'J12': -281652.0, 'J13': -68253.0, 'cluster3106249630_3106249631_J60_J61_#5more': -499019.0}, {'J10': 13, 'J11': 32, 'J12': 20, 'J13': 25, 'cluster3106249630_3106249631_J60_J61_#5more': 36}, {'J10': 18, 'J11': 54, 'J12': 80, 'J13': 32, 'cluster3106249630_3106249631_J60_J61_#5more': 81}, 
4835.0, {'J10': -131665.5, 'J11': -462915.5, 'J12': -282452.0, 'J13': -68573.0, 'cluster3106249630_3106249631_J60_J61_#5more': -499829.0}, {'J10': 13, 'J11': 32, 'J12': 20, 'J13': 25, 'cluster3106249630_3106249631_J60_J61_#5more': 36}, {'J10': 18, 'J11': 54, 'J12': 80, 'J13': 32, 'cluster3106249630_3106249631_J60_J61_#5more': 81}, 
4840.0, {'J10': -131845.5, 'J11': -463455.5, 'J12': -283253.0, 'J13': -68893.0, 'cluster3106249630_3106249631_J60_J61_#5more': -500275.0}, {'J10': 13, 'J11': 32, 'J12': 20, 'J13': 25, 'cluster3106249630_3106249631_J60_J61_#5more': 36}, {'J10': 18, 'J11': 54, 'J12': 82, 'J13': 32, 'cluster3106249630_3106249631_J60_J61_#5more': 80}, 
4845.0, {'J10': -132025.5, 'J11': -463995.5, 'J12': -284093.0, 'J13': -69222.5, 'cluster3106249630_3106249631_J60_J61_#5more': -500707.5}, {'J10': 13, 'J11': 32, 'J12': 20, 'J13': 28, 'cluster3106249630_3106249631_J60_J61_#5more': 36}, {'J10': 18, 'J11': 54, 'J12': 87, 'J13': 35, 'cluster3106249630_3106249631_J60_J61_#5more': 81}, 
4850.0, {'J10': -132205.5, 'J11': -464535.5, 'J12': -284963.0, 'J13': -69572.5, 'cluster3106249630_3106249631_J60_J61_#5more': -501517.5}, {'J10': 13, 'J11': 32, 'J12': 20, 'J13': 28, 'cluster3106249630_3106249631_J60_J61_#5more': 36}, {'J10': 18, 'J11': 54, 'J12': 87, 'J13': 35, 'cluster3106249630_3106249631_J60_J61_#5more': 81}, 
4855.0, {'J10': -132385.5, 'J11': -465075.5, 'J12': -284991.0, 'J13': -69922.5, 'cluster3106249630_3106249631_J60_J61_#5more': -502334.0}, {'J10': 13, 'J11': 32, 'J12': 20, 'J13': 28, 'cluster3106249630_3106249631_J60_J61_#5more': 36}, {'J10': 18, 'J11': 54, 'J12': 84, 'J13': 35, 'cluster3106249630_3106249631_J60_J61_#5more': 83}, 
4860.0, {'J10': -132565.5, 'J11': -465615.5, 'J12': -285831.0, 'J13': -70272.5, 'cluster3106249630_3106249631_J60_J61_#5more': -503164.0}, {'J10': 13, 'J11': 32, 'J12': 20, 'J13': 28, 'cluster3106249630_3106249631_J60_J61_#5more': 36}, {'J10': 18, 'J11': 54, 'J12': 84, 'J13': 35, 'cluster3106249630_3106249631_J60_J61_#5more': 83}, 
4865.0, {'J10': -132745.5, 'J11': -466155.5, 'J12': -286671.0, 'J13': -70622.5, 'cluster3106249630_3106249631_J60_J61_#5more': -503994.0}, {'J10': 13, 'J11': 32, 'J12': 20, 'J13': 28, 'cluster3106249630_3106249631_J60_J61_#5more': 36}, {'J10': 18, 'J11': 54, 'J12': 84, 'J13': 35, 'cluster3106249630_3106249631_J60_J61_#5more': 83}, 
4870.0, {'J10': -132925.5, 'J11': -466695.5, 'J12': -286058.0, 'J13': -70972.5, 'cluster3106249630_3106249631_J60_J61_#5more': -504824.0}, {'J10': 13, 'J11': 32, 'J12': 20, 'J13': 28, 'cluster3106249630_3106249631_J60_J61_#5more': 36}, {'J10': 18, 'J11': 54, 'J12': 83, 'J13': 35, 'cluster3106249630_3106249631_J60_J61_#5more': 83}, 
4875.0, {'J10': -133105.5, 'J11': -467235.5, 'J12': -286351.0, 'J13': -71322.5, 'cluster3106249630_3106249631_J60_J61_#5more': -505654.0}, {'J10': 13, 'J11': 32, 'J12': 20, 'J13': 28, 'cluster3106249630_3106249631_J60_J61_#5more': 36}, {'J10': 18, 'J11': 54, 'J12': 81, 'J13': 35, 'cluster3106249630_3106249631_J60_J61_#5more': 83}, 
4880.0, {'J10': -133285.5, 'J11': -467775.5, 'J12': -287161.0, 'J13': -71672.5, 'cluster3106249630_3106249631_J60_J61_#5more': -506484.0}, {'J10': 13, 'J11': 32, 'J12': 20, 'J13': 28, 'cluster3106249630_3106249631_J60_J61_#5more': 36}, {'J10': 18, 'J11': 54, 'J12': 81, 'J13': 35, 'cluster3106249630_3106249631_J60_J61_#5more': 83}, 
4885.0, {'J10': -133465.5, 'J11': -468315.5, 'J12': -287971.0, 'J13': -69301.5, 'cluster3106249630_3106249631_J60_J61_#5more': -507314.0}, {'J10': 13, 'J11': 32, 'J12': 20, 'J13': 25, 'cluster3106249630_3106249631_J60_J61_#5more': 36}, {'J10': 18, 'J11': 54, 'J12': 81, 'J13': 32, 'cluster3106249630_3106249631_J60_J61_#5more': 83}, 
4890.0, {'J10': -133645.5, 'J11': -468855.5, 'J12': -288784.5, 'J13': -68748.5, 'cluster3106249630_3106249631_J60_J61_#5more': -508144.0}, {'J10': 13, 'J11': 32, 'J12': 20, 'J13': 24, 'cluster3106249630_3106249631_J60_J61_#5more': 36}, {'J10': 18, 'J11': 54, 'J12': 84, 'J13': 31, 'cluster3106249630_3106249631_J60_J61_#5more': 83}, 
4895.0, {'J10': -133825.5, 'J11': -469395.5, 'J12': -284506.5, 'J13': -69058.5, 'cluster3106249630_3106249631_J60_J61_#5more': -508974.0}, {'J10': 13, 'J11': 32, 'J12': 20, 'J13': 24, 'cluster3106249630_3106249631_J60_J61_#5more': 36}, {'J10': 18, 'J11': 54, 'J12': 79, 'J13': 31, 'cluster3106249630_3106249631_J60_J61_#5more': 83}, 
4900.0, {'J10': -134005.5, 'J11': -469935.5, 'J12': -284922.5, 'J13': -69368.5, 'cluster3106249630_3106249631_J60_J61_#5more': -509804.0}, {'J10': 13, 'J11': 32, 'J12': 20, 'J13': 24, 'cluster3106249630_3106249631_J60_J61_#5more': 36}, {'J10': 18, 'J11': 54, 'J12': 78, 'J13': 31, 'cluster3106249630_3106249631_J60_J61_#5more': 83}, 
4905.0, {'J10': -134185.5, 'J11': -470475.5, 'J12': -285703.0, 'J13': -69679.5, 'cluster3106249630_3106249631_J60_J61_#5more': -509908.0}, {'J10': 13, 'J11': 32, 'J12': 20, 'J13': 25, 'cluster3106249630_3106249631_J60_J61_#5more': 36}, {'J10': 18, 'J11': 54, 'J12': 79, 'J13': 32, 'cluster3106249630_3106249631_J60_J61_#5more': 81}, 
4910.0, {'J10': -134365.5, 'J11': -471015.5, 'J12': -286161.0, 'J13': -70009.5, 'cluster3106249630_3106249631_J60_J61_#5more': -510718.0}, {'J10': 13, 'J11': 32, 'J12': 20, 'J13': 28, 'cluster3106249630_3106249631_J60_J61_#5more': 36}, {'J10': 18, 'J11': 54, 'J12': 81, 'J13': 35, 'cluster3106249630_3106249631_J60_J61_#5more': 81}, 
4915.0, {'J10': -134545.5, 'J11': -471555.5, 'J12': -286610.5, 'J13': -70359.5, 'cluster3106249630_3106249631_J60_J61_#5more': -511528.0}, {'J10': 13, 'J11': 32, 'J12': 20, 'J13': 28, 'cluster3106249630_3106249631_J60_J61_#5more': 36}, {'J10': 18, 'J11': 54, 'J12': 80, 'J13': 35, 'cluster3106249630_3106249631_J60_J61_#5more': 81}, 
4920.0, {'J10': -134725.5, 'J11': -472095.5, 'J12': -286723.0, 'J13': -70709.5, 'cluster3106249630_3106249631_J60_J61_#5more': -512344.5}, {'J10': 13, 'J11': 32, 'J12': 20, 'J13': 28, 'cluster3106249630_3106249631_J60_J61_#5more': 36}, {'J10': 18, 'J11': 54, 'J12': 77, 'J13': 35, 'cluster3106249630_3106249631_J60_J61_#5more': 83}, 
4925.0, {'J10': -134905.5, 'J11': -472635.5, 'J12': -287493.0, 'J13': -71059.5, 'cluster3106249630_3106249631_J60_J61_#5more': -513174.5}, {'J10': 13, 'J11': 32, 'J12': 20, 'J13': 28, 'cluster3106249630_3106249631_J60_J61_#5more': 36}, {'J10': 18, 'J11': 54, 'J12': 77, 'J13': 35, 'cluster3106249630_3106249631_J60_J61_#5more': 83}, 
4930.0, {'J10': -135085.5, 'J11': -473175.5, 'J12': -287582.5, 'J13': -71409.5, 'cluster3106249630_3106249631_J60_J61_#5more': -514004.5}, {'J10': 13, 'J11': 32, 'J12': 20, 'J13': 28, 'cluster3106249630_3106249631_J60_J61_#5more': 36}, {'J10': 18, 'J11': 54, 'J12': 77, 'J13': 35, 'cluster3106249630_3106249631_J60_J61_#5more': 83}, 
4935.0, {'J10': -135265.5, 'J11': -473715.5, 'J12': -288352.5, 'J13': -71759.5, 'cluster3106249630_3106249631_J60_J61_#5more': -514834.5}, {'J10': 13, 'J11': 32, 'J12': 20, 'J13': 28, 'cluster3106249630_3106249631_J60_J61_#5more': 36}, {'J10': 18, 'J11': 54, 'J12': 77, 'J13': 35, 'cluster3106249630_3106249631_J60_J61_#5more': 83}, 
4940.0, {'J10': -135445.5, 'J11': -474255.5, 'J12': -289122.5, 'J13': -72109.5, 'cluster3106249630_3106249631_J60_J61_#5more': -515664.5}, {'J10': 13, 'J11': 32, 'J12': 20, 'J13': 28, 'cluster3106249630_3106249631_J60_J61_#5more': 36}, {'J10': 18, 'J11': 54, 'J12': 77, 'J13': 35, 'cluster3106249630_3106249631_J60_J61_#5more': 83}, 
4945.0, {'J10': -135625.5, 'J11': -474795.5, 'J12': -289904.5, 'J13': -72459.5, 'cluster3106249630_3106249631_J60_J61_#5more': -516494.5}, {'J10': 13, 'J11': 32, 'J12': 20, 'J13': 28, 'cluster3106249630_3106249631_J60_J61_#5more': 36}, {'J10': 18, 'J11': 54, 'J12': 81, 'J13': 35, 'cluster3106249630_3106249631_J60_J61_#5more': 83}, 
4950.0, {'J10': -135805.5, 'J11': -475335.5, 'J12': -290721.0, 'J13': -70952.5, 'cluster3106249630_3106249631_J60_J61_#5more': -517324.5}, {'J10': 13, 'J11': 32, 'J12': 20, 'J13': 26, 'cluster3106249630_3106249631_J60_J61_#5more': 36}, {'J10': 18, 'J11': 54, 'J12': 83, 'J13': 33, 'cluster3106249630_3106249631_J60_J61_#5more': 83}, 
4955.0, {'J10': -135985.5, 'J11': -475875.5, 'J12': -291551.0, 'J13': -69535.0, 'cluster3106249630_3106249631_J60_J61_#5more': -518154.5}, {'J10': 13, 'J11': 32, 'J12': 20, 'J13': 24, 'cluster3106249630_3106249631_J60_J61_#5more': 36}, {'J10': 18, 'J11': 54, 'J12': 83, 'J13': 31, 'cluster3106249630_3106249631_J60_J61_#5more': 83}, 
4960.0, {'J10': -136165.5, 'J11': -476415.5, 'J12': -291288.5, 'J13': -69845.0, 'cluster3106249630_3106249631_J60_J61_#5more': -518984.5}, {'J10': 13, 'J11': 32, 'J12': 20, 'J13': 24, 'cluster3106249630_3106249631_J60_J61_#5more': 36}, {'J10': 18, 'J11': 54, 'J12': 80, 'J13': 31, 'cluster3106249630_3106249631_J60_J61_#5more': 83}, 
4965.0, {'J10': -136345.5, 'J11': -476955.5, 'J12': -291399.5, 'J13': -70155.0, 'cluster3106249630_3106249631_J60_J61_#5more': -519814.5}, {'J10': 13, 'J11': 32, 'J12': 20, 'J13': 24, 'cluster3106249630_3106249631_J60_J61_#5more': 36}, {'J10': 18, 'J11': 54, 'J12': 79, 'J13': 31, 'cluster3106249630_3106249631_J60_J61_#5more': 83}, 
4970.0, {'J10': -136525.5, 'J11': -477495.5, 'J12': -292194.5, 'J13': -70466.0, 'cluster3106249630_3106249631_J60_J61_#5more': -519918.0}, {'J10': 13, 'J11': 32, 'J12': 20, 'J13': 25, 'cluster3106249630_3106249631_J60_J61_#5more': 36}, {'J10': 18, 'J11': 54, 'J12': 82, 'J13': 32, 'cluster3106249630_3106249631_J60_J61_#5more': 81}, 
4975.0, {'J10': -136705.5, 'J11': -478035.5, 'J12': -293022.5, 'J13': -70795.0, 'cluster3106249630_3106249631_J60_J61_#5more': -520728.0}, {'J10': 13, 'J11': 32, 'J12': 20, 'J13': 28, 'cluster3106249630_3106249631_J60_J61_#5more': 36}, {'J10': 18, 'J11': 54, 'J12': 84, 'J13': 35, 'cluster3106249630_3106249631_J60_J61_#5more': 81}, 
4980.0, {'J10': -136885.5, 'J11': -478575.5, 'J12': -293079.5, 'J13': -71145.0, 'cluster3106249630_3106249631_J60_J61_#5more': -521538.0}, {'J10': 13, 'J11': 32, 'J12': 20, 'J13': 28, 'cluster3106249630_3106249631_J60_J61_#5more': 36}, {'J10': 18, 'J11': 54, 'J12': 83, 'J13': 35, 'cluster3106249630_3106249631_J60_J61_#5more': 81}, 
4985.0, {'J10': -137065.5, 'J11': -479115.5, 'J12': -293204.0, 'J13': -71495.0, 'cluster3106249630_3106249631_J60_J61_#5more': -522354.5}, {'J10': 13, 'J11': 32, 'J12': 20, 'J13': 28, 'cluster3106249630_3106249631_J60_J61_#5more': 36}, {'J10': 18, 'J11': 54, 'J12': 80, 'J13': 35, 'cluster3106249630_3106249631_J60_J61_#5more': 83}, 
4990.0, {'J10': -137245.5, 'J11': -479655.5, 'J12': -293810.0, 'J13': -71845.0, 'cluster3106249630_3106249631_J60_J61_#5more': -523184.5}, {'J10': 13, 'J11': 32, 'J12': 20, 'J13': 28, 'cluster3106249630_3106249631_J60_J61_#5more': 36}, {'J10': 18, 'J11': 54, 'J12': 79, 'J13': 35, 'cluster3106249630_3106249631_J60_J61_#5more': 83}, 
4995.0, {'J10': -137425.5, 'J11': -480195.5, 'J12': -293808.0, 'J13': -72195.0, 'cluster3106249630_3106249631_J60_J61_#5more': -524014.5}, {'J10': 13, 'J11': 32, 'J12': 20, 'J13': 28, 'cluster3106249630_3106249631_J60_J61_#5more': 36}, {'J10': 18, 'J11': 54, 'J12': 78, 'J13': 35, 'cluster3106249630_3106249631_J60_J61_#5more': 83}, 
5000.0, {'J10': -137605.5, 'J11': -480735.5, 'J12': -293680.0, 'J13': -72545.0, 'cluster3106249630_3106249631_J60_J61_#5more': -524844.5}, {'J10': 13, 'J11': 32, 'J12': 20, 'J13': 28, 'cluster3106249630_3106249631_J60_J61_#5more': 36}, {'J10': 18, 'J11': 54, 'J12': 76, 'J13': 35, 'cluster3106249630_3106249631_J60_J61_#5more': 83}, 
5005.0, {'J10': -137785.5, 'J11': -481275.5, 'J12': -293627.5, 'J13': -72895.0, 'cluster3106249630_3106249631_J60_J61_#5more': -525674.5}, {'J10': 13, 'J11': 32, 'J12': 20, 'J13': 28, 'cluster3106249630_3106249631_J60_J61_#5more': 36}, {'J10': 18, 'J11': 54, 'J12': 75, 'J13': 35, 'cluster3106249630_3106249631_J60_J61_#5more': 83}, 
5010.0, {'J10': -137965.5, 'J11': -481815.5, 'J12': -294246.0, 'J13': -73245.0, 'cluster3106249630_3106249631_J60_J61_#5more': -526504.5}, {'J10': 13, 'J11': 32, 'J12': 20, 'J13': 28, 'cluster3106249630_3106249631_J60_J61_#5more': 36}, {'J10': 18, 'J11': 54, 'J12': 75, 'J13': 35, 'cluster3106249630_3106249631_J60_J61_#5more': 83}, 
5015.0, {'J10': -138145.5, 'J11': -482355.5, 'J12': -294729.5, 'J13': -71738.5, 'cluster3106249630_3106249631_J60_J61_#5more': -527334.5}, {'J10': 13, 'J11': 32, 'J12': 20, 'J13': 26, 'cluster3106249630_3106249631_J60_J61_#5more': 36}, {'J10': 18, 'J11': 54, 'J12': 73, 'J13': 33, 'cluster3106249630_3106249631_J60_J61_#5more': 83}, 
5020.0, {'J10': -138325.5, 'J11': -482895.5, 'J12': -295465.0, 'J13': -72068.5, 'cluster3106249630_3106249631_J60_J61_#5more': -528164.5}, {'J10': 13, 'J11': 32, 'J12': 20, 'J13': 26, 'cluster3106249630_3106249631_J60_J61_#5more': 36}, {'J10': 18, 'J11': 54, 'J12': 75, 'J13': 33, 'cluster3106249630_3106249631_J60_J61_#5more': 83}, 
5025.0, {'J10': -138505.5, 'J11': -483435.5, 'J12': -293319.0, 'J13': -72398.5, 'cluster3106249630_3106249631_J60_J61_#5more': -528994.5}, {'J10': 13, 'J11': 32, 'J12': 20, 'J13': 26, 'cluster3106249630_3106249631_J60_J61_#5more': 36}, {'J10': 18, 'J11': 54, 'J12': 72, 'J13': 33, 'cluster3106249630_3106249631_J60_J61_#5more': 83}, 
5030.0, {'J10': -138685.5, 'J11': -483975.5, 'J12': -293307.0, 'J13': -72728.5, 'cluster3106249630_3106249631_J60_J61_#5more': -529824.5}, {'J10': 13, 'J11': 32, 'J12': 20, 'J13': 26, 'cluster3106249630_3106249631_J60_J61_#5more': 36}, {'J10': 18, 'J11': 54, 'J12': 75, 'J13': 33, 'cluster3106249630_3106249631_J60_J61_#5more': 83}, 
5035.0, {'J10': -138865.5, 'J11': -484515.5, 'J12': -294065.0, 'J13': -73061.0, 'cluster3106249630_3106249631_J60_J61_#5more': -530290.5}, {'J10': 13, 'J11': 32, 'J12': 20, 'J13': 28, 'cluster3106249630_3106249631_J60_J61_#5more': 36}, {'J10': 18, 'J11': 54, 'J12': 80, 'J13': 35, 'cluster3106249630_3106249631_J60_J61_#5more': 82}, 
5040.0, {'J10': -139045.5, 'J11': -485055.5, 'J12': -294880.5, 'J13': -73411.0, 'cluster3106249630_3106249631_J60_J61_#5more': -530738.0}, {'J10': 13, 'J11': 32, 'J12': 20, 'J13': 28, 'cluster3106249630_3106249631_J60_J61_#5more': 36}, {'J10': 18, 'J11': 54, 'J12': 84, 'J13': 35, 'cluster3106249630_3106249631_J60_J61_#5more': 81}, 
5045.0, {'J10': -139225.5, 'J11': -485595.5, 'J12': -295720.5, 'J13': -73761.0, 'cluster3106249630_3106249631_J60_J61_#5more': -531548.0}, {'J10': 13, 'J11': 32, 'J12': 20, 'J13': 28, 'cluster3106249630_3106249631_J60_J61_#5more': 36}, {'J10': 18, 'J11': 54, 'J12': 84, 'J13': 35, 'cluster3106249630_3106249631_J60_J61_#5more': 81}, 
5050.0, {'J10': -139405.5, 'J11': -486135.5, 'J12': -296560.5, 'J13': -74111.0, 'cluster3106249630_3106249631_J60_J61_#5more': -532364.0}, {'J10': 13, 'J11': 32, 'J12': 20, 'J13': 28, 'cluster3106249630_3106249631_J60_J61_#5more': 36}, {'J10': 18, 'J11': 54, 'J12': 84, 'J13': 35, 'cluster3106249630_3106249631_J60_J61_#5more': 83}, 
5055.0, {'J10': -139585.5, 'J11': -486675.5, 'J12': -297400.5, 'J13': -74461.0, 'cluster3106249630_3106249631_J60_J61_#5more': -533194.0}, {'J10': 13, 'J11': 32, 'J12': 20, 'J13': 28, 'cluster3106249630_3106249631_J60_J61_#5more': 36}, {'J10': 18, 'J11': 54, 'J12': 84, 'J13': 35, 'cluster3106249630_3106249631_J60_J61_#5more': 83}, 
5060.0, {'J10': -139765.5, 'J11': -487215.5, 'J12': -298240.5, 'J13': -74811.0, 'cluster3106249630_3106249631_J60_J61_#5more': -534024.0}, {'J10': 13, 'J11': 32, 'J12': 20, 'J13': 28, 'cluster3106249630_3106249631_J60_J61_#5more': 36}, {'J10': 18, 'J11': 54, 'J12': 84, 'J13': 35, 'cluster3106249630_3106249631_J60_J61_#5more': 83}, 
5065.0, {'J10': -139945.5, 'J11': -487755.5, 'J12': -299080.5, 'J13': -75161.0, 'cluster3106249630_3106249631_J60_J61_#5more': -534854.0}, {'J10': 13, 'J11': 32, 'J12': 20, 'J13': 28, 'cluster3106249630_3106249631_J60_J61_#5more': 36}, {'J10': 18, 'J11': 54, 'J12': 84, 'J13': 35, 'cluster3106249630_3106249631_J60_J61_#5more': 83}, 
5070.0, {'J10': -140125.5, 'J11': -488295.5, 'J12': -299920.5, 'J13': -75511.0, 'cluster3106249630_3106249631_J60_J61_#5more': -535684.0}, {'J10': 13, 'J11': 32, 'J12': 20, 'J13': 28, 'cluster3106249630_3106249631_J60_J61_#5more': 36}, {'J10': 18, 'J11': 54, 'J12': 84, 'J13': 35, 'cluster3106249630_3106249631_J60_J61_#5more': 83}, 
5075.0, {'J10': -140305.5, 'J11': -488835.5, 'J12': -300760.5, 'J13': -75861.0, 'cluster3106249630_3106249631_J60_J61_#5more': -527909.0}, {'J10': 13, 'J11': 32, 'J12': 20, 'J13': 28, 'cluster3106249630_3106249631_J60_J61_#5more': 36}, {'J10': 18, 'J11': 54, 'J12': 84, 'J13': 35, 'cluster3106249630_3106249631_J60_J61_#5more': 82}, 
5080.0, {'J10': -140485.5, 'J11': -489375.5, 'J12': -301600.5, 'J13': -73245.0, 'cluster3106249630_3106249631_J60_J61_#5more': -528729.0}, {'J10': 13, 'J11': 32, 'J12': 20, 'J13': 25, 'cluster3106249630_3106249631_J60_J61_#5more': 36}, {'J10': 18, 'J11': 54, 'J12': 84, 'J13': 32, 'cluster3106249630_3106249631_J60_J61_#5more': 82}, 
5085.0, {'J10': -140665.5, 'J11': -489915.5, 'J12': -302440.5, 'J13': -72690.0, 'cluster3106249630_3106249631_J60_J61_#5more': -529549.0}, {'J10': 13, 'J11': 32, 'J12': 20, 'J13': 24, 'cluster3106249630_3106249631_J60_J61_#5more': 36}, {'J10': 18, 'J11': 54, 'J12': 84, 'J13': 31, 'cluster3106249630_3106249631_J60_J61_#5more': 82}, 
5090.0, {'J10': -140845.5, 'J11': -490455.5, 'J12': -298521.5, 'J13': -73000.0, 'cluster3106249630_3106249631_J60_J61_#5more': -530369.0}, {'J10': 13, 'J11': 32, 'J12': 20, 'J13': 24, 'cluster3106249630_3106249631_J60_J61_#5more': 36}, {'J10': 18, 'J11': 54, 'J12': 78, 'J13': 31, 'cluster3106249630_3106249631_J60_J61_#5more': 82}, 
5095.0, {'J10': -141025.5, 'J11': -490995.5, 'J12': -298927.5, 'J13': -73310.0, 'cluster3106249630_3106249631_J60_J61_#5more': -531189.0}, {'J10': 13, 'J11': 32, 'J12': 20, 'J13': 24, 'cluster3106249630_3106249631_J60_J61_#5more': 36}, {'J10': 18, 'J11': 54, 'J12': 77, 'J13': 31, 'cluster3106249630_3106249631_J60_J61_#5more': 82}, 
5100.0, {'J10': -141205.5, 'J11': -491535.5, 'J12': -299698.5, 'J13': -73620.0, 'cluster3106249630_3106249631_J60_J61_#5more': -531652.5}, {'J10': 13, 'J11': 32, 'J12': 20, 'J13': 24, 'cluster3106249630_3106249631_J60_J61_#5more': 36}, {'J10': 18, 'J11': 54, 'J12': 79, 'J13': 31, 'cluster3106249630_3106249631_J60_J61_#5more': 83}, 
5105.0, {'J10': -141385.5, 'J11': -492075.5, 'J12': -300501.0, 'J13': -73938.5, 'cluster3106249630_3106249631_J60_J61_#5more': -532110.0}, {'J10': 13, 'J11': 32, 'J12': 20, 'J13': 27, 'cluster3106249630_3106249631_J60_J61_#5more': 36}, {'J10': 18, 'J11': 54, 'J12': 82, 'J13': 34, 'cluster3106249630_3106249631_J60_J61_#5more': 82}, 
5110.0, {'J10': -141565.5, 'J11': -492615.5, 'J12': -300990.5, 'J13': -74282.5, 'cluster3106249630_3106249631_J60_J61_#5more': -532930.0}, {'J10': 13, 'J11': 32, 'J12': 20, 'J13': 28, 'cluster3106249630_3106249631_J60_J61_#5more': 36}, {'J10': 18, 'J11': 54, 'J12': 83, 'J13': 35, 'cluster3106249630_3106249631_J60_J61_#5more': 82}, 
5115.0, {'J10': -141745.5, 'J11': -493155.5, 'J12': -301302.0, 'J13': -74632.5, 'cluster3106249630_3106249631_J60_J61_#5more': -533755.5}, {'J10': 13, 'J11': 32, 'J12': 20, 'J13': 28, 'cluster3106249630_3106249631_J60_J61_#5more': 36}, {'J10': 18, 'J11': 54, 'J12': 81, 'J13': 35, 'cluster3106249630_3106249631_J60_J61_#5more': 84}, 
5120.0, {'J10': -141925.5, 'J11': -493695.5, 'J12': -301746.5, 'J13': -74982.5, 'cluster3106249630_3106249631_J60_J61_#5more': -534595.5}, {'J10': 13, 'J11': 32, 'J12': 20, 'J13': 28, 'cluster3106249630_3106249631_J60_J61_#5more': 36}, {'J10': 18, 'J11': 54, 'J12': 79, 'J13': 35, 'cluster3106249630_3106249631_J60_J61_#5more': 84}, 
5125.0, {'J10': -142105.5, 'J11': -494235.5, 'J12': -302536.5, 'J13': -75332.5, 'cluster3106249630_3106249631_J60_J61_#5more': -535435.5}, {'J10': 13, 'J11': 32, 'J12': 20, 'J13': 28, 'cluster3106249630_3106249631_J60_J61_#5more': 36}, {'J10': 18, 'J11': 54, 'J12': 79, 'J13': 35, 'cluster3106249630_3106249631_J60_J61_#5more': 84}, 
5130.0, {'J10': -142285.5, 'J11': -494775.5, 'J12': -303329.5, 'J13': -75682.5, 'cluster3106249630_3106249631_J60_J61_#5more': -536275.5}, {'J10': 13, 'J11': 32, 'J12': 20, 'J13': 28, 'cluster3106249630_3106249631_J60_J61_#5more': 36}, {'J10': 18, 'J11': 54, 'J12': 81, 'J13': 35, 'cluster3106249630_3106249631_J60_J61_#5more': 84}, 
5135.0, {'J10': -142465.5, 'J11': -495315.5, 'J12': -304148.0, 'J13': -76032.5, 'cluster3106249630_3106249631_J60_J61_#5more': -537115.5}, {'J10': 13, 'J11': 32, 'J12': 20, 'J13': 28, 'cluster3106249630_3106249631_J60_J61_#5more': 36}, {'J10': 18, 'J11': 54, 'J12': 83, 'J13': 35, 'cluster3106249630_3106249631_J60_J61_#5more': 84}, 
5140.0, {'J10': -142645.5, 'J11': -495855.5, 'J12': -304978.0, 'J13': -76382.5, 'cluster3106249630_3106249631_J60_J61_#5more': -537955.5}, {'J10': 13, 'J11': 32, 'J12': 20, 'J13': 28, 'cluster3106249630_3106249631_J60_J61_#5more': 36}, {'J10': 18, 'J11': 54, 'J12': 83, 'J13': 35, 'cluster3106249630_3106249631_J60_J61_#5more': 84}, 
5145.0, {'J10': -142825.5, 'J11': -496395.5, 'J12': -305808.0, 'J13': -73764.5, 'cluster3106249630_3106249631_J60_J61_#5more': -538795.5}, {'J10': 13, 'J11': 32, 'J12': 20, 'J13': 25, 'cluster3106249630_3106249631_J60_J61_#5more': 36}, {'J10': 18, 'J11': 54, 'J12': 83, 'J13': 32, 'cluster3106249630_3106249631_J60_J61_#5more': 84}, 
5150.0, {'J10': -143005.5, 'J11': -496935.5, 'J12': -306638.0, 'J13': -73211.5, 'cluster3106249630_3106249631_J60_J61_#5more': -539635.5}, {'J10': 13, 'J11': 32, 'J12': 20, 'J13': 24, 'cluster3106249630_3106249631_J60_J61_#5more': 36}, {'J10': 18, 'J11': 54, 'J12': 83, 'J13': 31, 'cluster3106249630_3106249631_J60_J61_#5more': 84}, 
5155.0, {'J10': -143185.5, 'J11': -497475.5, 'J12': -305645.0, 'J13': -73521.5, 'cluster3106249630_3106249631_J60_J61_#5more': -540475.5}, {'J10': 13, 'J11': 32, 'J12': 20, 'J13': 24, 'cluster3106249630_3106249631_J60_J61_#5more': 36}, {'J10': 18, 'J11': 54, 'J12': 78, 'J13': 31, 'cluster3106249630_3106249631_J60_J61_#5more': 84}, 
5160.0, {'J10': -143365.5, 'J11': -498015.5, 'J12': -306425.0, 'J13': -73831.5, 'cluster3106249630_3106249631_J60_J61_#5more': -541315.5}, {'J10': 13, 'J11': 32, 'J12': 20, 'J13': 24, 'cluster3106249630_3106249631_J60_J61_#5more': 36}, {'J10': 18, 'J11': 54, 'J12': 78, 'J13': 31, 'cluster3106249630_3106249631_J60_J61_#5more': 84}, 
5165.0, {'J10': -143545.5, 'J11': -498555.5, 'J12': -307215.0, 'J13': -74141.5, 'cluster3106249630_3106249631_J60_J61_#5more': -541429.0}, {'J10': 13, 'J11': 32, 'J12': 20, 'J13': 24, 'cluster3106249630_3106249631_J60_J61_#5more': 36}, {'J10': 18, 'J11': 54, 'J12': 82, 'J13': 31, 'cluster3106249630_3106249631_J60_J61_#5more': 82}, 
5170.0, {'J10': -143725.5, 'J11': -499095.5, 'J12': -307750.5, 'J13': -74462.0, 'cluster3106249630_3106249631_J60_J61_#5more': -542249.0}, {'J10': 13, 'J11': 32, 'J12': 20, 'J13': 27, 'cluster3106249630_3106249631_J60_J61_#5more': 36}, {'J10': 18, 'J11': 54, 'J12': 83, 'J13': 34, 'cluster3106249630_3106249631_J60_J61_#5more': 82}, 
5175.0, {'J10': -143905.5, 'J11': -499635.5, 'J12': -308582.5, 'J13': -74806.5, 'cluster3106249630_3106249631_J60_J61_#5more': -543069.0}, {'J10': 13, 'J11': 32, 'J12': 20, 'J13': 28, 'cluster3106249630_3106249631_J60_J61_#5more': 36}, {'J10': 18, 'J11': 54, 'J12': 84, 'J13': 35, 'cluster3106249630_3106249631_J60_J61_#5more': 82}, 
5180.0, {'J10': -144085.5, 'J11': -500175.5, 'J12': -308380.0, 'J13': -75156.5, 'cluster3106249630_3106249631_J60_J61_#5more': -543895.5}, {'J10': 13, 'J11': 32, 'J12': 20, 'J13': 28, 'cluster3106249630_3106249631_J60_J61_#5more': 36}, {'J10': 18, 'J11': 54, 'J12': 83, 'J13': 35, 'cluster3106249630_3106249631_J60_J61_#5more': 84}, 
5185.0, {'J10': -144265.5, 'J11': -500715.5, 'J12': -309210.0, 'J13': -75506.5, 'cluster3106249630_3106249631_J60_J61_#5more': -544735.5}, {'J10': 13, 'J11': 32, 'J12': 20, 'J13': 28, 'cluster3106249630_3106249631_J60_J61_#5more': 36}, {'J10': 18, 'J11': 54, 'J12': 83, 'J13': 35, 'cluster3106249630_3106249631_J60_J61_#5more': 84}, 
5190.0, {'J10': -144445.5, 'J11': -501255.5, 'J12': -310040.0, 'J13': -75856.5, 'cluster3106249630_3106249631_J60_J61_#5more': -545575.5}, {'J10': 13, 'J11': 32, 'J12': 20, 'J13': 28, 'cluster3106249630_3106249631_J60_J61_#5more': 36}, {'J10': 18, 'J11': 54, 'J12': 83, 'J13': 35, 'cluster3106249630_3106249631_J60_J61_#5more': 84}, 
5195.0, {'J10': -144625.5, 'J11': -501795.5, 'J12': -309434.5, 'J13': -76206.5, 'cluster3106249630_3106249631_J60_J61_#5more': -546415.5}, {'J10': 13, 'J11': 32, 'J12': 20, 'J13': 28, 'cluster3106249630_3106249631_J60_J61_#5more': 36}, {'J10': 18, 'J11': 54, 'J12': 81, 'J13': 35, 'cluster3106249630_3106249631_J60_J61_#5more': 84}, 
5200.0, {'J10': -144805.5, 'J11': -502335.5, 'J12': -309159.5, 'J13': -76556.5, 'cluster3106249630_3106249631_J60_J61_#5more': -547255.5}, {'J10': 13, 'J11': 32, 'J12': 20, 'J13': 28, 'cluster3106249630_3106249631_J60_J61_#5more': 36}, {'J10': 18, 'J11': 54, 'J12': 80, 'J13': 35, 'cluster3106249630_3106249631_J60_J61_#5more': 84}, 
5205.0, {'J10': -144985.5, 'J11': -502875.5, 'J12': -309959.5, 'J13': -76906.5, 'cluster3106249630_3106249631_J60_J61_#5more': -548095.5}, {'J10': 13, 'J11': 32, 'J12': 20, 'J13': 28, 'cluster3106249630_3106249631_J60_J61_#5more': 36}, {'J10': 18, 'J11': 54, 'J12': 80, 'J13': 35, 'cluster3106249630_3106249631_J60_J61_#5more': 84}, 
5210.0, {'J10': -145165.5, 'J11': -503415.5, 'J12': -310759.5, 'J13': -75273.0, 'cluster3106249630_3106249631_J60_J61_#5more': -548935.5}, {'J10': 13, 'J11': 32, 'J12': 20, 'J13': 26, 'cluster3106249630_3106249631_J60_J61_#5more': 36}, {'J10': 18, 'J11': 54, 'J12': 80, 'J13': 33, 'cluster3106249630_3106249631_J60_J61_#5more': 84}, 
5215.0, {'J10': -145345.5, 'J11': -503955.5, 'J12': -311569.0, 'J13': -74608.5, 'cluster3106249630_3106249631_J60_J61_#5more': -549775.5}, {'J10': 13, 'J11': 32, 'J12': 20, 'J13': 25, 'cluster3106249630_3106249631_J60_J61_#5more': 36}, {'J10': 18, 'J11': 54, 'J12': 82, 'J13': 32, 'cluster3106249630_3106249631_J60_J61_#5more': 84}, 
5220.0, {'J10': -145525.5, 'J11': -504495.5, 'J12': -307935.5, 'J13': -74928.5, 'cluster3106249630_3106249631_J60_J61_#5more': -550615.5}, {'J10': 13, 'J11': 32, 'J12': 20, 'J13': 25, 'cluster3106249630_3106249631_J60_J61_#5more': 36}, {'J10': 18, 'J11': 54, 'J12': 77, 'J13': 32, 'cluster3106249630_3106249631_J60_J61_#5more': 84}, 
5225.0, {'J10': -145705.5, 'J11': -505035.5, 'J12': -307957.5, 'J13': -75248.5, 'cluster3106249630_3106249631_J60_J61_#5more': -551455.5}, {'J10': 13, 'J11': 32, 'J12': 20, 'J13': 25, 'cluster3106249630_3106249631_J60_J61_#5more': 36}, {'J10': 18, 'J11': 54, 'J12': 75, 'J13': 32, 'cluster3106249630_3106249631_J60_J61_#5more': 84}, 
5230.0, {'J10': -145885.5, 'J11': -505575.5, 'J12': -308708.5, 'J13': -75569.0, 'cluster3106249630_3106249631_J60_J61_#5more': -552295.5}, {'J10': 13, 'J11': 32, 'J12': 20, 'J13': 26, 'cluster3106249630_3106249631_J60_J61_#5more': 36}, {'J10': 18, 'J11': 54, 'J12': 77, 'J13': 33, 'cluster3106249630_3106249631_J60_J61_#5more': 84}, 
5235.0, {'J10': -146065.5, 'J11': -506115.5, 'J12': -309077.5, 'J13': -75906.5, 'cluster3106249630_3106249631_J60_J61_#5more': -553135.5}, {'J10': 13, 'J11': 32, 'J12': 20, 'J13': 28, 'cluster3106249630_3106249631_J60_J61_#5more': 36}, {'J10': 18, 'J11': 54, 'J12': 79, 'J13': 35, 'cluster3106249630_3106249631_J60_J61_#5more': 84}, 
5240.0, {'J10': -146245.5, 'J11': -506655.5, 'J12': -309867.5, 'J13': -76256.5, 'cluster3106249630_3106249631_J60_J61_#5more': -553975.5}, {'J10': 13, 'J11': 32, 'J12': 20, 'J13': 28, 'cluster3106249630_3106249631_J60_J61_#5more': 36}, {'J10': 18, 'J11': 54, 'J12': 79, 'J13': 35, 'cluster3106249630_3106249631_J60_J61_#5more': 84}, 
5245.0, {'J10': -146425.5, 'J11': -507195.5, 'J12': -310657.5, 'J13': -76606.5, 'cluster3106249630_3106249631_J60_J61_#5more': -554815.5}, {'J10': 13, 'J11': 32, 'J12': 20, 'J13': 28, 'cluster3106249630_3106249631_J60_J61_#5more': 36}, {'J10': 18, 'J11': 54, 'J12': 79, 'J13': 35, 'cluster3106249630_3106249631_J60_J61_#5more': 84}, 
5250.0, {'J10': -146605.5, 'J11': -507735.5, 'J12': -311447.5, 'J13': -76956.5, 'cluster3106249630_3106249631_J60_J61_#5more': -555655.5}, {'J10': 13, 'J11': 32, 'J12': 20, 'J13': 28, 'cluster3106249630_3106249631_J60_J61_#5more': 36}, {'J10': 18, 'J11': 54, 'J12': 79, 'J13': 35, 'cluster3106249630_3106249631_J60_J61_#5more': 84}, 
5255.0, {'J10': -146785.5, 'J11': -508275.5, 'J12': -312240.5, 'J13': -77306.5, 'cluster3106249630_3106249631_J60_J61_#5more': -556495.5}, {'J10': 13, 'J11': 32, 'J12': 20, 'J13': 28, 'cluster3106249630_3106249631_J60_J61_#5more': 36}, {'J10': 18, 'J11': 54, 'J12': 80, 'J13': 35, 'cluster3106249630_3106249631_J60_J61_#5more': 84}, 
5260.0, {'J10': -146965.5, 'J11': -508815.5, 'J12': -313040.5, 'J13': -77656.5, 'cluster3106249630_3106249631_J60_J61_#5more': -557335.5}, {'J10': 13, 'J11': 32, 'J12': 20, 'J13': 28, 'cluster3106249630_3106249631_J60_J61_#5more': 36}, {'J10': 18, 'J11': 54, 'J12': 80, 'J13': 35, 'cluster3106249630_3106249631_J60_J61_#5more': 84}, 
5265.0, {'J10': -147145.5, 'J11': -509355.5, 'J12': -313840.5, 'J13': -78006.5, 'cluster3106249630_3106249631_J60_J61_#5more': -558175.5}, {'J10': 13, 'J11': 32, 'J12': 20, 'J13': 28, 'cluster3106249630_3106249631_J60_J61_#5more': 36}, {'J10': 18, 'J11': 54, 'J12': 80, 'J13': 35, 'cluster3106249630_3106249631_J60_J61_#5more': 84}, 
5270.0, {'J10': -147325.5, 'J11': -509895.5, 'J12': -314640.5, 'J13': -78356.5, 'cluster3106249630_3106249631_J60_J61_#5more': -559015.5}, {'J10': 13, 'J11': 32, 'J12': 20, 'J13': 28, 'cluster3106249630_3106249631_J60_J61_#5more': 36}, {'J10': 18, 'J11': 54, 'J12': 80, 'J13': 35, 'cluster3106249630_3106249631_J60_J61_#5more': 84}, 
5275.0, {'J10': -147505.5, 'J11': -510435.5, 'J12': -315440.5, 'J13': -75737.5, 'cluster3106249630_3106249631_J60_J61_#5more': -559855.5}, {'J10': 13, 'J11': 32, 'J12': 20, 'J13': 25, 'cluster3106249630_3106249631_J60_J61_#5more': 36}, {'J10': 18, 'J11': 54, 'J12': 80, 'J13': 32, 'cluster3106249630_3106249631_J60_J61_#5more': 84}, 
5280.0, {'J10': -147685.5, 'J11': -510975.5, 'J12': -316240.5, 'J13': -75055.5, 'cluster3106249630_3106249631_J60_J61_#5more': -560695.5}, {'J10': 13, 'J11': 32, 'J12': 20, 'J13': 24, 'cluster3106249630_3106249631_J60_J61_#5more': 36}, {'J10': 18, 'J11': 54, 'J12': 80, 'J13': 31, 'cluster3106249630_3106249631_J60_J61_#5more': 84}, 
5285.0, {'J10': -147865.5, 'J11': -511515.5, 'J12': -315947.5, 'J13': -75365.5, 'cluster3106249630_3106249631_J60_J61_#5more': -561535.5}, {'J10': 13, 'J11': 32, 'J12': 20, 'J13': 24, 'cluster3106249630_3106249631_J60_J61_#5more': 36}, {'J10': 18, 'J11': 54, 'J12': 77, 'J13': 31, 'cluster3106249630_3106249631_J60_J61_#5more': 84}, 
5290.0, {'J10': -148045.5, 'J11': -512055.5, 'J12': -315969.5, 'J13': -75675.5, 'cluster3106249630_3106249631_J60_J61_#5more': -562375.5}, {'J10': 13, 'J11': 32, 'J12': 20, 'J13': 24, 'cluster3106249630_3106249631_J60_J61_#5more': 36}, {'J10': 18, 'J11': 54, 'J12': 75, 'J13': 31, 'cluster3106249630_3106249631_J60_J61_#5more': 84}, 
5295.0, {'J10': -148225.5, 'J11': -512595.5, 'J12': -316729.0, 'J13': -75985.5, 'cluster3106249630_3106249631_J60_J61_#5more': -562229.5}, {'J10': 13, 'J11': 32, 'J12': 20, 'J13': 24, 'cluster3106249630_3106249631_J60_J61_#5more': 36}, {'J10': 18, 'J11': 54, 'J12': 79, 'J13': 31, 'cluster3106249630_3106249631_J60_J61_#5more': 82}, 
5300.0, {'J10': -148405.5, 'J11': -513135.5, 'J12': -317526.5, 'J13': -76305.5, 'cluster3106249630_3106249631_J60_J61_#5more': -563049.5}, {'J10': 13, 'J11': 32, 'J12': 20, 'J13': 27, 'cluster3106249630_3106249631_J60_J61_#5more': 36}, {'J10': 18, 'J11': 54, 'J12': 81, 'J13': 34, 'cluster3106249630_3106249631_J60_J61_#5more': 82}, 
5305.0, {'J10': -148585.5, 'J11': -513675.5, 'J12': -317343.0, 'J13': -76649.0, 'cluster3106249630_3106249631_J60_J61_#5more': -563869.5}, {'J10': 13, 'J11': 32, 'J12': 20, 'J13': 28, 'cluster3106249630_3106249631_J60_J61_#5more': 36}, {'J10': 18, 'J11': 54, 'J12': 81, 'J13': 35, 'cluster3106249630_3106249631_J60_J61_#5more': 82}, 
5310.0, {'J10': -148765.5, 'J11': -514215.5, 'J12': -316496.0, 'J13': -76999.0, 'cluster3106249630_3106249631_J60_J61_#5more': -564696.0}, {'J10': 13, 'J11': 32, 'J12': 20, 'J13': 28, 'cluster3106249630_3106249631_J60_J61_#5more': 36}, {'J10': 18, 'J11': 54, 'J12': 78, 'J13': 35, 'cluster3106249630_3106249631_J60_J61_#5more': 84}, 
5315.0, {'J10': -148945.5, 'J11': -514755.5, 'J12': -316830.5, 'J13': -77349.0, 'cluster3106249630_3106249631_J60_J61_#5more': -565536.0}, {'J10': 13, 'J11': 32, 'J12': 20, 'J13': 28, 'cluster3106249630_3106249631_J60_J61_#5more': 36}, {'J10': 18, 'J11': 54, 'J12': 76, 'J13': 35, 'cluster3106249630_3106249631_J60_J61_#5more': 84}, 
5320.0, {'J10': -149125.5, 'J11': -515295.5, 'J12': -317590.5, 'J13': -77699.0, 'cluster3106249630_3106249631_J60_J61_#5more': -566376.0}, {'J10': 13, 'J11': 32, 'J12': 20, 'J13': 28, 'cluster3106249630_3106249631_J60_J61_#5more': 36}, {'J10': 18, 'J11': 54, 'J12': 76, 'J13': 35, 'cluster3106249630_3106249631_J60_J61_#5more': 84}, 
5325.0, {'J10': -149305.5, 'J11': -515835.5, 'J12': -317305.5, 'J13': -78049.0, 'cluster3106249630_3106249631_J60_J61_#5more': -567216.0}, {'J10': 13, 'J11': 32, 'J12': 20, 'J13': 28, 'cluster3106249630_3106249631_J60_J61_#5more': 36}, {'J10': 18, 'J11': 54, 'J12': 77, 'J13': 35, 'cluster3106249630_3106249631_J60_J61_#5more': 84}, 
5330.0, {'J10': -149485.5, 'J11': -516375.5, 'J12': -317156.5, 'J13': -78399.0, 'cluster3106249630_3106249631_J60_J61_#5more': -551447.0}, {'J10': 13, 'J11': 32, 'J12': 20, 'J13': 28, 'cluster3106249630_3106249631_J60_J61_#5more': 36}, {'J10': 18, 'J11': 54, 'J12': 77, 'J13': 35, 'cluster3106249630_3106249631_J60_J61_#5more': 81}, 
5335.0, {'J10': -149665.5, 'J11': -516915.5, 'J12': -317865.5, 'J13': -78749.0, 'cluster3106249630_3106249631_J60_J61_#5more': -552257.0}, {'J10': 13, 'J11': 32, 'J12': 20, 'J13': 28, 'cluster3106249630_3106249631_J60_J61_#5more': 36}, {'J10': 18, 'J11': 54, 'J12': 76, 'J13': 35, 'cluster3106249630_3106249631_J60_J61_#5more': 81}, 
5340.0, {'J10': -149845.5, 'J11': -517455.5, 'J12': -318625.5, 'J13': -76240.5, 'cluster3106249630_3106249631_J60_J61_#5more': -553067.0}, {'J10': 13, 'J11': 32, 'J12': 20, 'J13': 25, 'cluster3106249630_3106249631_J60_J61_#5more': 36}, {'J10': 18, 'J11': 54, 'J12': 76, 'J13': 32, 'cluster3106249630_3106249631_J60_J61_#5more': 81}, 
5345.0, {'J10': -150025.5, 'J11': -517995.5, 'J12': -319396.5, 'J13': -75685.5, 'cluster3106249630_3106249631_J60_J61_#5more': -553877.0}, {'J10': 13, 'J11': 32, 'J12': 20, 'J13': 24, 'cluster3106249630_3106249631_J60_J61_#5more': 36}, {'J10': 18, 'J11': 54, 'J12': 80, 'J13': 31, 'cluster3106249630_3106249631_J60_J61_#5more': 81}, 
5350.0, {'J10': -150205.5, 'J11': -518535.5, 'J12': -320205.0, 'J13': -75995.5, 'cluster3106249630_3106249631_J60_J61_#5more': -554687.0}, {'J10': 13, 'J11': 32, 'J12': 20, 'J13': 24, 'cluster3106249630_3106249631_J60_J61_#5more': 36}, {'J10': 18, 'J11': 54, 'J12': 82, 'J13': 31, 'cluster3106249630_3106249631_J60_J61_#5more': 81}, 
5355.0, {'J10': -150385.5, 'J11': -519075.5, 'J12': -321025.0, 'J13': -76305.5, 'cluster3106249630_3106249631_J60_J61_#5more': -542889.0}, {'J10': 13, 'J11': 32, 'J12': 20, 'J13': 24, 'cluster3106249630_3106249631_J60_J61_#5more': 36}, {'J10': 18, 'J11': 54, 'J12': 82, 'J13': 31, 'cluster3106249630_3106249631_J60_J61_#5more': 81}, 
5360.0, {'J10': -150565.5, 'J11': -519615.5, 'J12': -320904.5, 'J13': -76615.5, 'cluster3106249630_3106249631_J60_J61_#5more': -543699.0}, {'J10': 13, 'J11': 32, 'J12': 20, 'J13': 24, 'cluster3106249630_3106249631_J60_J61_#5more': 36}, {'J10': 18, 'J11': 54, 'J12': 81, 'J13': 31, 'cluster3106249630_3106249631_J60_J61_#5more': 81}, 
5365.0, {'J10': -150745.5, 'J11': -520155.5, 'J12': -321714.5, 'J13': -76933.5, 'cluster3106249630_3106249631_J60_J61_#5more': -544509.0}, {'J10': 13, 'J11': 32, 'J12': 20, 'J13': 26, 'cluster3106249630_3106249631_J60_J61_#5more': 36}, {'J10': 18, 'J11': 54, 'J12': 81, 'J13': 33, 'cluster3106249630_3106249631_J60_J61_#5more': 81}, 
5370.0, {'J10': -150925.5, 'J11': -520695.5, 'J12': -322524.5, 'J13': -77269.5, 'cluster3106249630_3106249631_J60_J61_#5more': -545319.0}, {'J10': 13, 'J11': 32, 'J12': 20, 'J13': 28, 'cluster3106249630_3106249631_J60_J61_#5more': 36}, {'J10': 18, 'J11': 54, 'J12': 81, 'J13': 35, 'cluster3106249630_3106249631_J60_J61_#5more': 81}, 
5375.0, {'J10': -151105.5, 'J11': -521235.5, 'J12': -323335.0, 'J13': -77619.5, 'cluster3106249630_3106249631_J60_J61_#5more': -546129.0}, {'J10': 13, 'J11': 32, 'J12': 20, 'J13': 28, 'cluster3106249630_3106249631_J60_J61_#5more': 36}, {'J10': 18, 'J11': 54, 'J12': 82, 'J13': 35, 'cluster3106249630_3106249631_J60_J61_#5more': 81}, 
5380.0, {'J10': -151285.5, 'J11': -521775.5, 'J12': -324155.0, 'J13': -77969.5, 'cluster3106249630_3106249631_J60_J61_#5more': -546947.5}, {'J10': 13, 'J11': 32, 'J12': 20, 'J13': 28, 'cluster3106249630_3106249631_J60_J61_#5more': 36}, {'J10': 18, 'J11': 54, 'J12': 82, 'J13': 35, 'cluster3106249630_3106249631_J60_J61_#5more': 83}, 
5385.0, {'J10': -151465.5, 'J11': -522315.5, 'J12': -324975.0, 'J13': -78319.5, 'cluster3106249630_3106249631_J60_J61_#5more': -547777.5}, {'J10': 13, 'J11': 32, 'J12': 20, 'J13': 28, 'cluster3106249630_3106249631_J60_J61_#5more': 36}, {'J10': 18, 'J11': 54, 'J12': 82, 'J13': 35, 'cluster3106249630_3106249631_J60_J61_#5more': 83}, 
5390.0, {'J10': -151645.5, 'J11': -522855.5, 'J12': -325795.0, 'J13': -78669.5, 'cluster3106249630_3106249631_J60_J61_#5more': -548607.5}, {'J10': 13, 'J11': 32, 'J12': 20, 'J13': 28, 'cluster3106249630_3106249631_J60_J61_#5more': 36}, {'J10': 18, 'J11': 54, 'J12': 82, 'J13': 35, 'cluster3106249630_3106249631_J60_J61_#5more': 83}, 
5395.0, {'J10': -151825.5, 'J11': -523395.5, 'J12': -326615.0, 'J13': -79019.5, 'cluster3106249630_3106249631_J60_J61_#5more': -549437.5}, {'J10': 13, 'J11': 32, 'J12': 20, 'J13': 28, 'cluster3106249630_3106249631_J60_J61_#5more': 36}, {'J10': 18, 'J11': 54, 'J12': 82, 'J13': 35, 'cluster3106249630_3106249631_J60_J61_#5more': 83}, 
5400.0, {'J10': -152005.5, 'J11': -523935.5, 'J12': -321933.0, 'J13': -79369.5, 'cluster3106249630_3106249631_J60_J61_#5more': -550267.5}, {'J10': 13, 'J11': 32, 'J12': 20, 'J13': 28, 'cluster3106249630_3106249631_J60_J61_#5more': 36}, {'J10': 18, 'J11': 54, 'J12': 75, 'J13': 35, 'cluster3106249630_3106249631_J60_J61_#5more': 83}, 
