5.0, {'J10': 0, 'J11': 0, 'J12': 0, 'J13': 0, 'cluster3106249630_3106249631_J60_J61_#5more': 0}, {'J10': 0, 'J11': 0, 'J12': 0, 'J13': 0, 'cluster3106249630_3106249631_J60_J61_#5more': 0}, {'J10': 0, 'J11': 0, 'J12': 0, 'J13': 0, 'cluster3106249630_3106249631_J60_J61_#5more': 0}, 
10.0, {'J10': 0, 'J11': 0, 'J12': 0, 'J13': 0, 'cluster3106249630_3106249631_J60_J61_#5more': 0}, {'J10': 0, 'J11': 0, 'J12': 0, 'J13': 0, 'cluster3106249630_3106249631_J60_J61_#5more': 0}, {'J10': 0, 'J11': 0, 'J12': 0, 'J13': 0, 'cluster3106249630_3106249631_J60_J61_#5more': 0}, 
15.0, {'J10': 0, 'J11': -4.0, 'J12': -0.5, 'J13': 0, 'cluster3106249630_3106249631_J60_J61_#5more': -5.0}, {'J10': 0, 'J11': 1, 'J12': 1, 'J13': 0, 'cluster3106249630_3106249631_J60_J61_#5more': 1}, {'J10': 0, 'J11': 1, 'J12': 1, 'J13': 0, 'cluster3106249630_3106249631_J60_J61_#5more': 2}, 
20.0, {'J10': 0, 'J11': -14.0, 'J12': -10.5, 'J13': -0.5, 'cluster3106249630_3106249631_J60_J61_#5more': 0}, {'J10': 0, 'J11': 1, 'J12': 1, 'J13': 1, 'cluster3106249630_3106249631_J60_J61_#5more': 0}, {'J10': 0, 'J11': 1, 'J12': 1, 'J13': 1, 'cluster3106249630_3106249631_J60_J61_#5more': 0}, 
25.0, {'J10': 0, 'J11': -25.5, 'J12': 0, 'J13': -17.5, 'cluster3106249630_3106249631_J60_J61_#5more': 0}, {'J10': 0, 'J11': 2, 'J12': 0, 'J13': 2, 'cluster3106249630_3106249631_J60_J61_#5more': 0}, {'J10': 0, 'J11': 2, 'J12': 0, 'J13': 3, 'cluster3106249630_3106249631_J60_J61_#5more': 0}, 
30.0, {'J10': -5.0, 'J11': -50.5, 'J12': -3.0, 'J13': -53.0, 'cluster3106249630_3106249631_J60_J61_#5more': 0}, {'J10': 1, 'J11': 2, 'J12': 1, 'J13': 2, 'cluster3106249630_3106249631_J60_J61_#5more': 0}, {'J10': 1, 'J11': 3, 'J12': 2, 'J13': 5, 'cluster3106249630_3106249631_J60_J61_#5more': 0}, 
35.0, {'J10': -16.5, 'J11': -80.5, 'J12': -10.5, 'J13': -110.0, 'cluster3106249630_3106249631_J60_J61_#5more': -7.0}, {'J10': 1, 'J11': 2, 'J12': 1, 'J13': 3, 'cluster3106249630_3106249631_J60_J61_#5more': 1}, {'J10': 2, 'J11': 3, 'J12': 1, 'J13': 7, 'cluster3106249630_3106249631_J60_J61_#5more': 3}, 
40.0, {'J10': -36.5, 'J11': -110.5, 'J12': -20.5, 'J13': -195.0, 'cluster3106249630_3106249631_J60_J61_#5more': -51.5}, {'J10': 1, 'J11': 2, 'J12': 1, 'J13': 5, 'cluster3106249630_3106249631_J60_J61_#5more': 2}, {'J10': 2, 'J11': 3, 'J12': 1, 'J13': 11, 'cluster3106249630_3106249631_J60_J61_#5more': 7}, 
45.0, {'J10': -56.5, 'J11': -140.5, 'J12': -33.5, 'J13': -311.5, 'cluster3106249630_3106249631_J60_J61_#5more': -25.5}, {'J10': 1, 'J11': 2, 'J12': 2, 'J13': 7, 'cluster3106249630_3106249631_J60_J61_#5more': 1}, {'J10': 2, 'J11': 3, 'J12': 3, 'J13': 13, 'cluster3106249630_3106249631_J60_J61_#5more': 2}, 
50.0, {'J10': -81.5, 'J11': -170.5, 'J12': -57.0, 'J13': -441.5, 'cluster3106249630_3106249631_J60_J61_#5more': -1.5}, {'J10': 2, 'J11': 2, 'J12': 2, 'J13': 7, 'cluster3106249630_3106249631_J60_J61_#5more': 1}, {'J10': 4, 'J11': 3, 'J12': 3, 'J13': 13, 'cluster3106249630_3106249631_J60_J61_#5more': 1}, 
55.0, {'J10': -124.5, 'J11': -200.5, 'J12': -89.5, 'J13': -575.5, 'cluster3106249630_3106249631_J60_J61_#5more': 0}, {'J10': 3, 'J11': 2, 'J12': 3, 'J13': 7, 'cluster3106249630_3106249631_J60_J61_#5more': 0}, {'J10': 5, 'J11': 3, 'J12': 4, 'J13': 14, 'cluster3106249630_3106249631_J60_J61_#5more': 0}, 
60.0, {'J10': -60.5, 'J11': -233.5, 'J12': -110.5, 'J13': -715.5, 'cluster3106249630_3106249631_J60_J61_#5more': 0}, {'J10': 2, 'J11': 2, 'J12': 3, 'J13': 7, 'cluster3106249630_3106249631_J60_J61_#5more': 0}, {'J10': 4, 'J11': 4, 'J12': 5, 'J13': 14, 'cluster3106249630_3106249631_J60_J61_#5more': 0}, 
65.0, {'J10': -35.5, 'J11': -273.5, 'J12': -32.5, 'J13': -860.5, 'cluster3106249630_3106249631_J60_J61_#5more': -12.0}, {'J10': 1, 'J11': 2, 'J12': 3, 'J13': 7, 'cluster3106249630_3106249631_J60_J61_#5more': 4}, {'J10': 2, 'J11': 4, 'J12': 6, 'J13': 16, 'cluster3106249630_3106249631_J60_J61_#5more': 4}, 
70.0, {'J10': -33.5, 'J11': -313.5, 'J12': -65.0, 'J13': -1026.5, 'cluster3106249630_3106249631_J60_J61_#5more': -52.0}, {'J10': 2, 'J11': 2, 'J12': 4, 'J13': 8, 'cluster3106249630_3106249631_J60_J61_#5more': 4}, {'J10': 2, 'J11': 4, 'J12': 8, 'J13': 18, 'cluster3106249630_3106249631_J60_J61_#5more': 4}, 
75.0, {'J10': -14.0, 'J11': -356.0, 'J12': -131.5, 'J13': -902.0, 'cluster3106249630_3106249631_J60_J61_#5more': -92.0}, {'J10': 1, 'J11': 3, 'J12': 6, 'J13': 7, 'cluster3106249630_3106249631_J60_J61_#5more': 4}, {'J10': 2, 'J11': 5, 'J12': 10, 'J13': 17, 'cluster3106249630_3106249631_J60_J61_#5more': 4}, 
80.0, {'J10': 0, 'J11': -406.0, 'J12': -188.5, 'J13': -946.0, 'cluster3106249630_3106249631_J60_J61_#5more': -99.5}, {'J10': 0, 'J11': 3, 'J12': 6, 'J13': 7, 'cluster3106249630_3106249631_J60_J61_#5more': 3}, {'J10': 0, 'J11': 5, 'J12': 8, 'J13': 15, 'cluster3106249630_3106249631_J60_J61_#5more': 4}, 
85.0, {'J10': -3.5, 'J11': -458.5, 'J12': -280.5, 'J13': -1103.5, 'cluster3106249630_3106249631_J60_J61_#5more': -96.0}, {'J10': 1, 'J11': 4, 'J12': 8, 'J13': 9, 'cluster3106249630_3106249631_J60_J61_#5more': 2}, {'J10': 1, 'J11': 6, 'J12': 12, 'J13': 18, 'cluster3106249630_3106249631_J60_J61_#5more': 3}, 
90.0, {'J10': -13.5, 'J11': -518.5, 'J12': -377.0, 'J13': -1285.5, 'cluster3106249630_3106249631_J60_J61_#5more': -126.0}, {'J10': 1, 'J11': 4, 'J12': 9, 'J13': 9, 'cluster3106249630_3106249631_J60_J61_#5more': 2}, {'J10': 1, 'J11': 6, 'J12': 11, 'J13': 19, 'cluster3106249630_3106249631_J60_J61_#5more': 3}, 
95.0, {'J10': -23.5, 'J11': -581.5, 'J12': -493.5, 'J13': -1478.5, 'cluster3106249630_3106249631_J60_J61_#5more': -156.0}, {'J10': 1, 'J11': 5, 'J12': 12, 'J13': 10, 'cluster3106249630_3106249631_J60_J61_#5more': 2}, {'J10': 1, 'J11': 7, 'J12': 14, 'J13': 20, 'cluster3106249630_3106249631_J60_J61_#5more': 3}, 
100.0, {'J10': -33.5, 'J11': -651.5, 'J12': -633.5, 'J13': -1683.5, 'cluster3106249630_3106249631_J60_J61_#5more': -152.5}, {'J10': 1, 'J11': 5, 'J12': 12, 'J13': 11, 'cluster3106249630_3106249631_J60_J61_#5more': 4}, {'J10': 1, 'J11': 7, 'J12': 14, 'J13': 21, 'cluster3106249630_3106249631_J60_J61_#5more': 5}, 
105.0, {'J10': 0, 'J11': -721.5, 'J12': -780.0, 'J13': -1894.5, 'cluster3106249630_3106249631_J60_J61_#5more': -204.5}, {'J10': 0, 'J11': 5, 'J12': 13, 'J13': 12, 'cluster3106249630_3106249631_J60_J61_#5more': 4}, {'J10': 0, 'J11': 7, 'J12': 17, 'J13': 22, 'cluster3106249630_3106249631_J60_J61_#5more': 6}, 
110.0, {'J10': 0, 'J11': -796.5, 'J12': -952.0, 'J13': -2119.0, 'cluster3106249630_3106249631_J60_J61_#5more': -167.0}, {'J10': 0, 'J11': 6, 'J12': 14, 'J13': 13, 'cluster3106249630_3106249631_J60_J61_#5more': 3}, {'J10': 0, 'J11': 8, 'J12': 18, 'J13': 23, 'cluster3106249630_3106249631_J60_J61_#5more': 9}, 
115.0, {'J10': 0, 'J11': -876.5, 'J12': -1133.0, 'J13': -2354.0, 'cluster3106249630_3106249631_J60_J61_#5more': -158.5}, {'J10': 0, 'J11': 6, 'J12': 14, 'J13': 15, 'cluster3106249630_3106249631_J60_J61_#5more': 3}, {'J10': 0, 'J11': 8, 'J12': 19, 'J13': 25, 'cluster3106249630_3106249631_J60_J61_#5more': 9}, 
120.0, {'J10': -2.5, 'J11': -956.5, 'J12': -1330.5, 'J13': -2604.0, 'cluster3106249630_3106249631_J60_J61_#5more': -105.5}, {'J10': 1, 'J11': 6, 'J12': 14, 'J13': 15, 'cluster3106249630_3106249631_J60_J61_#5more': 2}, {'J10': 1, 'J11': 8, 'J12': 21, 'J13': 25, 'cluster3106249630_3106249631_J60_J61_#5more': 4}, 
125.0, {'J10': -12.5, 'J11': -1036.5, 'J12': -1131.0, 'J13': -2857.0, 'cluster3106249630_3106249631_J60_J61_#5more': -35.0}, {'J10': 1, 'J11': 6, 'J12': 13, 'J13': 17, 'cluster3106249630_3106249631_J60_J61_#5more': 1}, {'J10': 1, 'J11': 8, 'J12': 22, 'J13': 27, 'cluster3106249630_3106249631_J60_J61_#5more': 2}, 
130.0, {'J10': -22.5, 'J11': -1124.0, 'J12': -1259.5, 'J13': -3127.0, 'cluster3106249630_3106249631_J60_J61_#5more': -70.5}, {'J10': 1, 'J11': 8, 'J12': 12, 'J13': 17, 'cluster3106249630_3106249631_J60_J61_#5more': 3}, {'J10': 1, 'J11': 10, 'J12': 23, 'J13': 27, 'cluster3106249630_3106249631_J60_J61_#5more': 9}, 
135.0, {'J10': 0, 'J11': -1224.5, 'J12': -1498.0, 'J13': -3397.0, 'cluster3106249630_3106249631_J60_J61_#5more': -126.5}, {'J10': 0, 'J11': 8, 'J12': 12, 'J13': 17, 'cluster3106249630_3106249631_J60_J61_#5more': 4}, {'J10': 0, 'J11': 11, 'J12': 26, 'J13': 27, 'cluster3106249630_3106249631_J60_J61_#5more': 8}, 
140.0, {'J10': -2.5, 'J11': -1335.0, 'J12': -1771.0, 'J13': -2679.5, 'cluster3106249630_3106249631_J60_J61_#5more': -101.5}, {'J10': 1, 'J11': 9, 'J12': 13, 'J13': 14, 'cluster3106249630_3106249631_J60_J61_#5more': 3}, {'J10': 1, 'J11': 12, 'J12': 31, 'J13': 22, 'cluster3106249630_3106249631_J60_J61_#5more': 7}, 
145.0, {'J10': -12.5, 'J11': -1455.0, 'J12': -2046.5, 'J13': -2523.0, 'cluster3106249630_3106249631_J60_J61_#5more': -165.0}, {'J10': 1, 'J11': 9, 'J12': 15, 'J13': 13, 'cluster3106249630_3106249631_J60_J61_#5more': 4}, {'J10': 1, 'J11': 12, 'J12': 34, 'J13': 20, 'cluster3106249630_3106249631_J60_J61_#5more': 8}, 
150.0, {'J10': -22.5, 'J11': -1580.0, 'J12': -2322.5, 'J13': -2726.5, 'cluster3106249630_3106249631_J60_J61_#5more': -256.5}, {'J10': 1, 'J11': 9, 'J12': 17, 'J13': 13, 'cluster3106249630_3106249631_J60_J61_#5more': 6}, {'J10': 1, 'J11': 13, 'J12': 37, 'J13': 21, 'cluster3106249630_3106249631_J60_J61_#5more': 12}, 
155.0, {'J10': -32.5, 'J11': -1714.0, 'J12': -2171.5, 'J13': -2943.0, 'cluster3106249630_3106249631_J60_J61_#5more': -334.0}, {'J10': 1, 'J11': 10, 'J12': 16, 'J13': 14, 'cluster3106249630_3106249631_J60_J61_#5more': 6}, {'J10': 1, 'J11': 14, 'J12': 33, 'J13': 23, 'cluster3106249630_3106249631_J60_J61_#5more': 15}, 
160.0, {'J10': -42.5, 'J11': -1854.0, 'J12': -2059.0, 'J13': -3177.5, 'cluster3106249630_3106249631_J60_J61_#5more': -427.0}, {'J10': 1, 'J11': 10, 'J12': 14, 'J13': 16, 'cluster3106249630_3106249631_J60_J61_#5more': 6}, {'J10': 1, 'J11': 14, 'J12': 32, 'J13': 25, 'cluster3106249630_3106249631_J60_J61_#5more': 15}, 
165.0, {'J10': -52.5, 'J11': -1994.0, 'J12': -2374.5, 'J13': -3432.5, 'cluster3106249630_3106249631_J60_J61_#5more': -585.0}, {'J10': 1, 'J11': 10, 'J12': 14, 'J13': 17, 'cluster3106249630_3106249631_J60_J61_#5more': 7}, {'J10': 1, 'J11': 14, 'J12': 33, 'J13': 27, 'cluster3106249630_3106249631_J60_J61_#5more': 17}, 
170.0, {'J10': 0, 'J11': -2134.0, 'J12': -2593.0, 'J13': -3702.5, 'cluster3106249630_3106249631_J60_J61_#5more': -763.0}, {'J10': 0, 'J11': 10, 'J12': 14, 'J13': 17, 'cluster3106249630_3106249631_J60_J61_#5more': 7}, {'J10': 0, 'J11': 14, 'J12': 34, 'J13': 27, 'cluster3106249630_3106249631_J60_J61_#5more': 19}, 
175.0, {'J10': -1.5, 'J11': -2280.0, 'J12': -2640.0, 'J13': -3973.5, 'cluster3106249630_3106249631_J60_J61_#5more': -972.0}, {'J10': 1, 'J11': 11, 'J12': 17, 'J13': 18, 'cluster3106249630_3106249631_J60_J61_#5more': 11}, {'J10': 1, 'J11': 16, 'J12': 36, 'J13': 28, 'cluster3106249630_3106249631_J60_J61_#5more': 25}, 
180.0, {'J10': -11.5, 'J11': -2440.0, 'J12': -3007.5, 'J13': -4260.0, 'cluster3106249630_3106249631_J60_J61_#5more': -1224.0}, {'J10': 1, 'J11': 11, 'J12': 17, 'J13': 20, 'cluster3106249630_3106249631_J60_J61_#5more': 12}, {'J10': 1, 'J11': 16, 'J12': 40, 'J13': 30, 'cluster3106249630_3106249631_J60_J61_#5more': 26}, 
185.0, {'J10': -21.5, 'J11': -2602.5, 'J12': -3359.5, 'J13': -4569.0, 'cluster3106249630_3106249631_J60_J61_#5more': -1490.5}, {'J10': 1, 'J11': 11, 'J12': 17, 'J13': 22, 'cluster3106249630_3106249631_J60_J61_#5more': 13}, {'J10': 1, 'J11': 17, 'J12': 42, 'J13': 32, 'cluster3106249630_3106249631_J60_J61_#5more': 28}, 
190.0, {'J10': -31.5, 'J11': -2777.0, 'J12': -3736.0, 'J13': -4890.5, 'cluster3106249630_3106249631_J60_J61_#5more': -1780.5}, {'J10': 1, 'J11': 12, 'J12': 17, 'J13': 23, 'cluster3106249630_3106249631_J60_J61_#5more': 17}, {'J10': 1, 'J11': 18, 'J12': 40, 'J13': 33, 'cluster3106249630_3106249631_J60_J61_#5more': 32}, 
195.0, {'J10': -41.5, 'J11': -2960.0, 'J12': -4119.0, 'J13': -5220.5, 'cluster3106249630_3106249631_J60_J61_#5more': -2103.0}, {'J10': 1, 'J11': 12, 'J12': 18, 'J13': 23, 'cluster3106249630_3106249631_J60_J61_#5more': 18}, {'J10': 1, 'J11': 19, 'J12': 41, 'J13': 33, 'cluster3106249630_3106249631_J60_J61_#5more': 33}, 
200.0, {'J10': -51.5, 'J11': -3151.5, 'J12': -4458.5, 'J13': -5556.0, 'cluster3106249630_3106249631_J60_J61_#5more': -2323.0}, {'J10': 1, 'J11': 12, 'J12': 18, 'J13': 25, 'cluster3106249630_3106249631_J60_J61_#5more': 22}, {'J10': 1, 'J11': 20, 'J12': 41, 'J13': 35, 'cluster3106249630_3106249631_J60_J61_#5more': 36}, 
205.0, {'J10': -3.0, 'J11': -3354.5, 'J12': -4129.0, 'J13': -4680.5, 'cluster3106249630_3106249631_J60_J61_#5more': -2616.0}, {'J10': 1, 'J11': 12, 'J12': 16, 'J13': 24, 'cluster3106249630_3106249631_J60_J61_#5more': 24}, {'J10': 1, 'J11': 21, 'J12': 41, 'J13': 32, 'cluster3106249630_3106249631_J60_J61_#5more': 38}, 
210.0, {'J10': -17.0, 'J11': -3564.5, 'J12': -4035.5, 'J13': -4028.5, 'cluster3106249630_3106249631_J60_J61_#5more': -2810.5}, {'J10': 2, 'J11': 12, 'J12': 15, 'J13': 23, 'cluster3106249630_3106249631_J60_J61_#5more': 26}, {'J10': 4, 'J11': 21, 'J12': 37, 'J13': 29, 'cluster3106249630_3106249631_J60_J61_#5more': 40}, 
215.0, {'J10': -46.5, 'J11': -3774.5, 'J12': -4344.0, 'J13': -4322.0, 'cluster3106249630_3106249631_J60_J61_#5more': -3216.0}, {'J10': 2, 'J11': 12, 'J12': 15, 'J13': 23, 'cluster3106249630_3106249631_J60_J61_#5more': 26}, {'J10': 3, 'J11': 21, 'J12': 37, 'J13': 30, 'cluster3106249630_3106249631_J60_J61_#5more': 43}, 
220.0, {'J10': -23.0, 'J11': -3987.5, 'J12': -4723.0, 'J13': -4625.5, 'cluster3106249630_3106249631_J60_J61_#5more': -3658.0}, {'J10': 1, 'J11': 13, 'J12': 17, 'J13': 23, 'cluster3106249630_3106249631_J60_J61_#5more': 27}, {'J10': 1, 'J11': 22, 'J12': 41, 'J13': 32, 'cluster3106249630_3106249631_J60_J61_#5more': 46}, 
225.0, {'J10': -33.0, 'J11': -4207.5, 'J12': -5143.5, 'J13': -4945.5, 'cluster3106249630_3106249631_J60_J61_#5more': -3833.5}, {'J10': 1, 'J11': 13, 'J12': 19, 'J13': 23, 'cluster3106249630_3106249631_J60_J61_#5more': 29}, {'J10': 1, 'J11': 22, 'J12': 45, 'J13': 32, 'cluster3106249630_3106249631_J60_J61_#5more': 44}, 
230.0, {'J10': -2.0, 'J11': -4432.5, 'J12': -4515.5, 'J13': -5267.5, 'cluster3106249630_3106249631_J60_J61_#5more': -4275.5}, {'J10': 1, 'J11': 14, 'J12': 17, 'J13': 23, 'cluster3106249630_3106249631_J60_J61_#5more': 30}, {'J10': 1, 'J11': 24, 'J12': 41, 'J13': 33, 'cluster3106249630_3106249631_J60_J61_#5more': 46}, 
235.0, {'J10': 0, 'J11': -4673.5, 'J12': -4588.5, 'J13': -5598.0, 'cluster3106249630_3106249631_J60_J61_#5more': -4740.0}, {'J10': 0, 'J11': 14, 'J12': 16, 'J13': 23, 'cluster3106249630_3106249631_J60_J61_#5more': 31}, {'J10': 0, 'J11': 25, 'J12': 41, 'J13': 34, 'cluster3106249630_3106249631_J60_J61_#5more': 49}, 
240.0, {'J10': -1.0, 'J11': -4923.5, 'J12': -4749.0, 'J13': -5938.5, 'cluster3106249630_3106249631_J60_J61_#5more': -5235.0}, {'J10': 1, 'J11': 14, 'J12': 16, 'J13': 24, 'cluster3106249630_3106249631_J60_J61_#5more': 32}, {'J10': 1, 'J11': 25, 'J12': 48, 'J13': 35, 'cluster3106249630_3106249631_J60_J61_#5more': 50}, 
245.0, {'J10': -11.0, 'J11': -5173.5, 'J12': -4895.0, 'J13': -6293.0, 'cluster3106249630_3106249631_J60_J61_#5more': -5735.0}, {'J10': 1, 'J11': 14, 'J12': 16, 'J13': 26, 'cluster3106249630_3106249631_J60_J61_#5more': 32}, {'J10': 1, 'J11': 25, 'J12': 44, 'J13': 37, 'cluster3106249630_3106249631_J60_J61_#5more': 50}, 
250.0, {'J10': -21.0, 'J11': -5423.5, 'J12': -5331.5, 'J13': -6663.0, 'cluster3106249630_3106249631_J60_J61_#5more': -6241.5}, {'J10': 1, 'J11': 14, 'J12': 20, 'J13': 26, 'cluster3106249630_3106249631_J60_J61_#5more': 35}, {'J10': 1, 'J11': 25, 'J12': 49, 'J13': 37, 'cluster3106249630_3106249631_J60_J61_#5more': 53}, 
255.0, {'J10': -31.0, 'J11': -5675.5, 'J12': -5720.0, 'J13': -7033.0, 'cluster3106249630_3106249631_J60_J61_#5more': -6775.5}, {'J10': 1, 'J11': 14, 'J12': 20, 'J13': 26, 'cluster3106249630_3106249631_J60_J61_#5more': 36}, {'J10': 1, 'J11': 26, 'J12': 48, 'J13': 37, 'cluster3106249630_3106249631_J60_J61_#5more': 54}, 
260.0, {'J10': -41.0, 'J11': -5935.5, 'J12': -5089.5, 'J13': -7410.5, 'cluster3106249630_3106249631_J60_J61_#5more': -7315.5}, {'J10': 1, 'J11': 14, 'J12': 17, 'J13': 28, 'cluster3106249630_3106249631_J60_J61_#5more': 36}, {'J10': 1, 'J11': 26, 'J12': 42, 'J13': 39, 'cluster3106249630_3106249631_J60_J61_#5more': 54}, 
265.0, {'J10': -51.0, 'J11': -6199.5, 'J12': -5368.5, 'J13': -7800.5, 'cluster3106249630_3106249631_J60_J61_#5more': -7857.5}, {'J10': 1, 'J11': 14, 'J12': 17, 'J13': 28, 'cluster3106249630_3106249631_J60_J61_#5more': 36}, {'J10': 1, 'J11': 27, 'J12': 42, 'J13': 39, 'cluster3106249630_3106249631_J60_J61_#5more': 55}, 
270.0, {'J10': -65.5, 'J11': -6471.5, 'J12': -5619.5, 'J13': -6684.0, 'cluster3106249630_3106249631_J60_J61_#5more': -8216.0}, {'J10': 2, 'J11': 14, 'J12': 17, 'J13': 26, 'cluster3106249630_3106249631_J60_J61_#5more': 36}, {'J10': 2, 'J11': 28, 'J12': 44, 'J13': 34, 'cluster3106249630_3106249631_J60_J61_#5more': 53}, 
275.0, {'J10': -85.5, 'J11': -6755.5, 'J12': -5663.5, 'J13': -5907.5, 'cluster3106249630_3106249631_J60_J61_#5more': -8746.0}, {'J10': 2, 'J11': 14, 'J12': 17, 'J13': 24, 'cluster3106249630_3106249631_J60_J61_#5more': 36}, {'J10': 2, 'J11': 29, 'J12': 43, 'J13': 31, 'cluster3106249630_3106249631_J60_J61_#5more': 53}, 
280.0, {'J10': -105.5, 'J11': -7045.5, 'J12': -6100.5, 'J13': -6217.5, 'cluster3106249630_3106249631_J60_J61_#5more': -9276.0}, {'J10': 2, 'J11': 14, 'J12': 20, 'J13': 24, 'cluster3106249630_3106249631_J60_J61_#5more': 36}, {'J10': 2, 'J11': 29, 'J12': 47, 'J13': 31, 'cluster3106249630_3106249631_J60_J61_#5more': 53}, 
285.0, {'J10': -125.5, 'J11': -7335.5, 'J12': -6143.0, 'J13': -6529.0, 'cluster3106249630_3106249631_J60_J61_#5more': -9806.5}, {'J10': 2, 'J11': 14, 'J12': 20, 'J13': 24, 'cluster3106249630_3106249631_J60_J61_#5more': 36}, {'J10': 2, 'J11': 29, 'J12': 43, 'J13': 32, 'cluster3106249630_3106249631_J60_J61_#5more': 54}, 
290.0, {'J10': -149.0, 'J11': -7625.5, 'J12': -6268.5, 'J13': -6854.0, 'cluster3106249630_3106249631_J60_J61_#5more': -10204.0}, {'J10': 2, 'J11': 14, 'J12': 20, 'J13': 24, 'cluster3106249630_3106249631_J60_J61_#5more': 36}, {'J10': 3, 'J11': 29, 'J12': 45, 'J13': 33, 'cluster3106249630_3106249631_J60_J61_#5more': 54}, 
295.0, {'J10': -54.5, 'J11': -7916.5, 'J12': -6610.5, 'J13': -7193.5, 'cluster3106249630_3106249631_J60_J61_#5more': -10625.5}, {'J10': 1, 'J11': 14, 'J12': 20, 'J13': 28, 'cluster3106249630_3106249631_J60_J61_#5more': 36}, {'J10': 1, 'J11': 30, 'J12': 47, 'J13': 37, 'cluster3106249630_3106249631_J60_J61_#5more': 55}, 
300.0, {'J10': 0, 'J11': -8216.5, 'J12': -5774.0, 'J13': -7568.5, 'cluster3106249630_3106249631_J60_J61_#5more': -10921.5}, {'J10': 0, 'J11': 14, 'J12': 18, 'J13': 28, 'cluster3106249630_3106249631_J60_J61_#5more': 36}, {'J10': 0, 'J11': 30, 'J12': 40, 'J13': 38, 'cluster3106249630_3106249631_J60_J61_#5more': 51}, 
305.0, {'J10': 0, 'J11': -8516.5, 'J12': -6170.5, 'J13': -7948.5, 'cluster3106249630_3106249631_J60_J61_#5more': -11388.5}, {'J10': 0, 'J11': 14, 'J12': 18, 'J13': 28, 'cluster3106249630_3106249631_J60_J61_#5more': 36}, {'J10': 0, 'J11': 30, 'J12': 42, 'J13': 38, 'cluster3106249630_3106249631_J60_J61_#5more': 49}, 
310.0, {'J10': 0, 'J11': -8816.5, 'J12': -6587.5, 'J13': -8328.5, 'cluster3106249630_3106249631_J60_J61_#5more': -11883.0}, {'J10': 0, 'J11': 14, 'J12': 18, 'J13': 28, 'cluster3106249630_3106249631_J60_J61_#5more': 36}, {'J10': 0, 'J11': 30, 'J12': 45, 'J13': 38, 'cluster3106249630_3106249631_J60_J61_#5more': 51}, 
315.0, {'J10': 0, 'J11': -9116.5, 'J12': -6707.0, 'J13': -8708.5, 'cluster3106249630_3106249631_J60_J61_#5more': -12401.5}, {'J10': 0, 'J11': 14, 'J12': 19, 'J13': 28, 'cluster3106249630_3106249631_J60_J61_#5more': 36}, {'J10': 0, 'J11': 30, 'J12': 43, 'J13': 38, 'cluster3106249630_3106249631_J60_J61_#5more': 53}, 
320.0, {'J10': 0, 'J11': -9419.5, 'J12': -6617.0, 'J13': -9088.5, 'cluster3106249630_3106249631_J60_J61_#5more': -12931.5}, {'J10': 0, 'J11': 15, 'J12': 19, 'J13': 28, 'cluster3106249630_3106249631_J60_J61_#5more': 36}, {'J10': 0, 'J11': 31, 'J12': 43, 'J13': 38, 'cluster3106249630_3106249631_J60_J61_#5more': 53}, 
325.0, {'J10': -2.5, 'J11': -9729.5, 'J12': -7053.0, 'J13': -9468.5, 'cluster3106249630_3106249631_J60_J61_#5more': -13461.5}, {'J10': 1, 'J11': 15, 'J12': 19, 'J13': 28, 'cluster3106249630_3106249631_J60_J61_#5more': 36}, {'J10': 1, 'J11': 31, 'J12': 46, 'J13': 38, 'cluster3106249630_3106249631_J60_J61_#5more': 53}, 
330.0, {'J10': -12.5, 'J11': -10039.5, 'J12': -7532.0, 'J13': -9848.5, 'cluster3106249630_3106249631_J60_J61_#5more': -13991.5}, {'J10': 1, 'J11': 15, 'J12': 20, 'J13': 28, 'cluster3106249630_3106249631_J60_J61_#5more': 36}, {'J10': 1, 'J11': 31, 'J12': 53, 'J13': 38, 'cluster3106249630_3106249631_J60_J61_#5more': 53}, 
335.0, {'J10': -22.5, 'J11': -10349.5, 'J12': -7779.5, 'J13': -8378.5, 'cluster3106249630_3106249631_J60_J61_#5more': -14417.5}, {'J10': 1, 'J11': 15, 'J12': 21, 'J13': 25, 'cluster3106249630_3106249631_J60_J61_#5more': 36}, {'J10': 1, 'J11': 31, 'J12': 51, 'J13': 35, 'cluster3106249630_3106249631_J60_J61_#5more': 52}, 
340.0, {'J10': -37.5, 'J11': -10659.5, 'J12': -8230.5, 'J13': -7763.5, 'cluster3106249630_3106249631_J60_J61_#5more': -14927.0}, {'J10': 2, 'J11': 15, 'J12': 21, 'J13': 24, 'cluster3106249630_3106249631_J60_J61_#5more': 36}, {'J10': 3, 'J11': 31, 'J12': 52, 'J13': 32, 'cluster3106249630_3106249631_J60_J61_#5more': 51}, 
345.0, {'J10': -67.5, 'J11': -10974.0, 'J12': -8630.5, 'J13': -8083.5, 'cluster3106249630_3106249631_J60_J61_#5more': -15372.0}, {'J10': 2, 'J11': 16, 'J12': 21, 'J13': 24, 'cluster3106249630_3106249631_J60_J61_#5more': 36}, {'J10': 3, 'J11': 32, 'J12': 53, 'J13': 32, 'cluster3106249630_3106249631_J60_J61_#5more': 50}, 
350.0, {'J10': -97.5, 'J11': -11294.0, 'J12': -8259.5, 'J13': -8406.0, 'cluster3106249630_3106249631_J60_J61_#5more': -15874.0}, {'J10': 2, 'J11': 16, 'J12': 21, 'J13': 24, 'cluster3106249630_3106249631_J60_J61_#5more': 36}, {'J10': 3, 'J11': 32, 'J12': 51, 'J13': 34, 'cluster3106249630_3106249631_J60_J61_#5more': 52}, 
355.0, {'J10': -30.5, 'J11': -11621.0, 'J12': -7933.0, 'J13': -8746.0, 'cluster3106249630_3106249631_J60_J61_#5more': -16398.0}, {'J10': 1, 'J11': 18, 'J12': 21, 'J13': 24, 'cluster3106249630_3106249631_J60_J61_#5more': 36}, {'J10': 1, 'J11': 34, 'J12': 48, 'J13': 34, 'cluster3106249630_3106249631_J60_J61_#5more': 53}, 
360.0, {'J10': -42.0, 'J11': -11965.5, 'J12': -8121.0, 'J13': -9093.5, 'cluster3106249630_3106249631_J60_J61_#5more': -16928.0}, {'J10': 1, 'J11': 19, 'J12': 21, 'J13': 26, 'cluster3106249630_3106249631_J60_J61_#5more': 36}, {'J10': 2, 'J11': 35, 'J12': 45, 'J13': 36, 'cluster3106249630_3106249631_J60_J61_#5more': 53}, 
365.0, {'J10': -74.5, 'J11': -12315.5, 'J12': -8400.0, 'J13': -9461.5, 'cluster3106249630_3106249631_J60_J61_#5more': -17458.0}, {'J10': 3, 'J11': 19, 'J12': 21, 'J13': 28, 'cluster3106249630_3106249631_J60_J61_#5more': 36}, {'J10': 7, 'J11': 35, 'J12': 44, 'J13': 38, 'cluster3106249630_3106249631_J60_J61_#5more': 53}, 
370.0, {'J10': -118.5, 'J11': -12665.5, 'J12': -8126.0, 'J13': -9846.0, 'cluster3106249630_3106249631_J60_J61_#5more': -17874.5}, {'J10': 3, 'J11': 19, 'J12': 21, 'J13': 28, 'cluster3106249630_3106249631_J60_J61_#5more': 36}, {'J10': 8, 'J11': 35, 'J12': 42, 'J13': 39, 'cluster3106249630_3106249631_J60_J61_#5more': 52}, 
375.0, {'J10': -114.5, 'J11': -13017.0, 'J12': -8550.0, 'J13': -10236.0, 'cluster3106249630_3106249631_J60_J61_#5more': -18394.5}, {'J10': 3, 'J11': 20, 'J12': 21, 'J13': 28, 'cluster3106249630_3106249631_J60_J61_#5more': 36}, {'J10': 3, 'J11': 36, 'J12': 43, 'J13': 39, 'cluster3106249630_3106249631_J60_J61_#5more': 52}, 
380.0, {'J10': -144.5, 'J11': -13377.0, 'J12': -8883.0, 'J13': -10626.0, 'cluster3106249630_3106249631_J60_J61_#5more': -18915.5}, {'J10': 3, 'J11': 20, 'J12': 21, 'J13': 28, 'cluster3106249630_3106249631_J60_J61_#5more': 36}, {'J10': 3, 'J11': 36, 'J12': 45, 'J13': 39, 'cluster3106249630_3106249631_J60_J61_#5more': 53}, 
385.0, {'J10': -40.5, 'J11': -13738.0, 'J12': -9096.0, 'J13': -11019.5, 'cluster3106249630_3106249631_J60_J61_#5more': -19445.5}, {'J10': 1, 'J11': 21, 'J12': 21, 'J13': 28, 'cluster3106249630_3106249631_J60_J61_#5more': 36}, {'J10': 1, 'J11': 37, 'J12': 42, 'J13': 40, 'cluster3106249630_3106249631_J60_J61_#5more': 53}, 
390.0, {'J10': -50.5, 'J11': -14110.0, 'J12': -9061.5, 'J13': -11419.5, 'cluster3106249630_3106249631_J60_J61_#5more': -19975.5}, {'J10': 1, 'J11': 22, 'J12': 21, 'J13': 28, 'cluster3106249630_3106249631_J60_J61_#5more': 36}, {'J10': 1, 'J11': 38, 'J12': 40, 'J13': 40, 'cluster3106249630_3106249631_J60_J61_#5more': 53}, 
395.0, {'J10': -64.0, 'J11': -14490.0, 'J12': -8569.5, 'J13': -11819.5, 'cluster3106249630_3106249631_J60_J61_#5more': -20505.5}, {'J10': 1, 'J11': 22, 'J12': 21, 'J13': 28, 'cluster3106249630_3106249631_J60_J61_#5more': 36}, {'J10': 2, 'J11': 38, 'J12': 42, 'J13': 40, 'cluster3106249630_3106249631_J60_J61_#5more': 53}, 
400.0, {'J10': -85.0, 'J11': -14870.0, 'J12': -8344.0, 'J13': -9769.0, 'cluster3106249630_3106249631_J60_J61_#5more': -21038.0}, {'J10': 2, 'J11': 22, 'J12': 21, 'J13': 25, 'cluster3106249630_3106249631_J60_J61_#5more': 36}, {'J10': 3, 'J11': 38, 'J12': 40, 'J13': 33, 'cluster3106249630_3106249631_J60_J61_#5more': 54}, 
405.0, {'J10': -115.0, 'J11': -15250.0, 'J12': -8462.5, 'J13': -9605.5, 'cluster3106249630_3106249631_J60_J61_#5more': -21565.5}, {'J10': 2, 'J11': 22, 'J12': 21, 'J13': 24, 'cluster3106249630_3106249631_J60_J61_#5more': 36}, {'J10': 3, 'J11': 38, 'J12': 39, 'J13': 32, 'cluster3106249630_3106249631_J60_J61_#5more': 53}, 
410.0, {'J10': -145.0, 'J11': -15633.5, 'J12': -7338.5, 'J13': -9925.5, 'cluster3106249630_3106249631_J60_J61_#5more': -22095.5}, {'J10': 2, 'J11': 23, 'J12': 19, 'J13': 24, 'cluster3106249630_3106249631_J60_J61_#5more': 36}, {'J10': 3, 'J11': 39, 'J12': 37, 'J13': 32, 'cluster3106249630_3106249631_J60_J61_#5more': 53}, 
415.0, {'J10': -175.0, 'J11': -16023.5, 'J12': -6509.5, 'J13': -10249.5, 'cluster3106249630_3106249631_J60_J61_#5more': -22625.5}, {'J10': 2, 'J11': 23, 'J12': 17, 'J13': 24, 'cluster3106249630_3106249631_J60_J61_#5more': 36}, {'J10': 3, 'J11': 39, 'J12': 35, 'J13': 34, 'cluster3106249630_3106249631_J60_J61_#5more': 53}, 
420.0, {'J10': -210.0, 'J11': -16413.5, 'J12': -6847.5, 'J13': -10589.5, 'cluster3106249630_3106249631_J60_J61_#5more': -23155.5}, {'J10': 3, 'J11': 23, 'J12': 17, 'J13': 24, 'cluster3106249630_3106249631_J60_J61_#5more': 36}, {'J10': 5, 'J11': 39, 'J12': 38, 'J13': 34, 'cluster3106249630_3106249631_J60_J61_#5more': 53}, 
425.0, {'J10': -79.0, 'J11': -16803.5, 'J12': -7112.5, 'J13': -10943.5, 'cluster3106249630_3106249631_J60_J61_#5more': -23685.5}, {'J10': 2, 'J11': 23, 'J12': 17, 'J13': 28, 'cluster3106249630_3106249631_J60_J61_#5more': 36}, {'J10': 5, 'J11': 39, 'J12': 41, 'J13': 38, 'cluster3106249630_3106249631_J60_J61_#5more': 53}, 
430.0, {'J10': -47.0, 'J11': -17197.5, 'J12': -7280.5, 'J13': -11327.5, 'cluster3106249630_3106249631_J60_J61_#5more': -24215.5}, {'J10': 2, 'J11': 24, 'J12': 20, 'J13': 28, 'cluster3106249630_3106249631_J60_J61_#5more': 36}, {'J10': 3, 'J11': 40, 'J12': 42, 'J13': 39, 'cluster3106249630_3106249631_J60_J61_#5more': 53}, 
435.0, {'J10': -85.0, 'J11': -17602.5, 'J12': -7608.0, 'J13': -11717.5, 'cluster3106249630_3106249631_J60_J61_#5more': -24745.5}, {'J10': 3, 'J11': 25, 'J12': 20, 'J13': 28, 'cluster3106249630_3106249631_J60_J61_#5more': 36}, {'J10': 5, 'J11': 41, 'J12': 41, 'J13': 39, 'cluster3106249630_3106249631_J60_J61_#5more': 53}, 
440.0, {'J10': -68.5, 'J11': -18012.5, 'J12': -7974.0, 'J13': -12107.5, 'cluster3106249630_3106249631_J60_J61_#5more': -25275.5}, {'J10': 2, 'J11': 25, 'J12': 20, 'J13': 28, 'cluster3106249630_3106249631_J60_J61_#5more': 36}, {'J10': 3, 'J11': 41, 'J12': 42, 'J13': 39, 'cluster3106249630_3106249631_J60_J61_#5more': 53}, 
445.0, {'J10': -81.0, 'J11': -18429.5, 'J12': -7386.5, 'J13': -12497.5, 'cluster3106249630_3106249631_J60_J61_#5more': -25614.0}, {'J10': 2, 'J11': 27, 'J12': 18, 'J13': 28, 'cluster3106249630_3106249631_J60_J61_#5more': 36}, {'J10': 5, 'J11': 43, 'J12': 39, 'J13': 39, 'cluster3106249630_3106249631_J60_J61_#5more': 52}, 
450.0, {'J10': -107.0, 'J11': -18862.5, 'J12': -6359.0, 'J13': -12887.5, 'cluster3106249630_3106249631_J60_J61_#5more': -26134.0}, {'J10': 2, 'J11': 28, 'J12': 16, 'J13': 28, 'cluster3106249630_3106249631_J60_J61_#5more': 36}, {'J10': 3, 'J11': 44, 'J12': 39, 'J13': 39, 'cluster3106249630_3106249631_J60_J61_#5more': 52}, 
455.0, {'J10': -141.0, 'J11': -19306.5, 'J12': -6717.0, 'J13': -13277.5, 'cluster3106249630_3106249631_J60_J61_#5more': -26445.0}, {'J10': 3, 'J11': 29, 'J12': 16, 'J13': 28, 'cluster3106249630_3106249631_J60_J61_#5more': 36}, {'J10': 4, 'J11': 45, 'J12': 38, 'J13': 39, 'cluster3106249630_3106249631_J60_J61_#5more': 52}, 
460.0, {'J10': -68.5, 'J11': -19756.5, 'J12': -7049.5, 'J13': -13667.5, 'cluster3106249630_3106249631_J60_J61_#5more': -26965.0}, {'J10': 2, 'J11': 29, 'J12': 16, 'J13': 28, 'cluster3106249630_3106249631_J60_J61_#5more': 36}, {'J10': 2, 'J11': 45, 'J12': 39, 'J13': 39, 'cluster3106249630_3106249631_J60_J61_#5more': 52}, 
465.0, {'J10': -27.0, 'J11': -20206.5, 'J12': -7308.0, 'J13': -11946.0, 'cluster3106249630_3106249631_J60_J61_#5more': -27488.0}, {'J10': 2, 'J11': 29, 'J12': 20, 'J13': 26, 'cluster3106249630_3106249631_J60_J61_#5more': 36}, {'J10': 3, 'J11': 45, 'J12': 49, 'J13': 34, 'cluster3106249630_3106249631_J60_J61_#5more': 53}, 
470.0, {'J10': -37.0, 'J11': -20660.5, 'J12': -7599.0, 'J13': -11092.5, 'cluster3106249630_3106249631_J60_J61_#5more': -28007.0}, {'J10': 2, 'J11': 29, 'J12': 20, 'J13': 24, 'cluster3106249630_3106249631_J60_J61_#5more': 36}, {'J10': 2, 'J11': 46, 'J12': 45, 'J13': 32, 'cluster3106249630_3106249631_J60_J61_#5more': 53}, 
475.0, {'J10': -57.0, 'J11': -21106.5, 'J12': -7953.5, 'J13': -11412.5, 'cluster3106249630_3106249631_J60_J61_#5more': -28293.0}, {'J10': 2, 'J11': 29, 'J12': 20, 'J13': 24, 'cluster3106249630_3106249631_J60_J61_#5more': 36}, {'J10': 2, 'J11': 45, 'J12': 41, 'J13': 32, 'cluster3106249630_3106249631_J60_J61_#5more': 52}, 
480.0, {'J10': -25.5, 'J11': -21556.5, 'J12': -8370.5, 'J13': -11736.0, 'cluster3106249630_3106249631_J60_J61_#5more': -28813.0}, {'J10': 1, 'J11': 29, 'J12': 20, 'J13': 24, 'cluster3106249630_3106249631_J60_J61_#5more': 36}, {'J10': 2, 'J11': 45, 'J12': 44, 'J13': 34, 'cluster3106249630_3106249631_J60_J61_#5more': 52}, 
485.0, {'J10': -16.5, 'J11': -22006.5, 'J12': -8818.0, 'J13': -12076.0, 'cluster3106249630_3106249631_J60_J61_#5more': -29122.0}, {'J10': 2, 'J11': 29, 'J12': 20, 'J13': 24, 'cluster3106249630_3106249631_J60_J61_#5more': 36}, {'J10': 2, 'J11': 45, 'J12': 51, 'J13': 34, 'cluster3106249630_3106249631_J60_J61_#5more': 51}, 
490.0, {'J10': -36.5, 'J11': -22457.5, 'J12': -8866.0, 'J13': -12423.0, 'cluster3106249630_3106249631_J60_J61_#5more': -29560.5}, {'J10': 2, 'J11': 30, 'J12': 20, 'J13': 26, 'cluster3106249630_3106249631_J60_J61_#5more': 36}, {'J10': 2, 'J11': 46, 'J12': 52, 'J13': 36, 'cluster3106249630_3106249631_J60_J61_#5more': 50}, 
495.0, {'J10': 0, 'J11': -22927.5, 'J12': -8987.0, 'J13': -12791.0, 'cluster3106249630_3106249631_J60_J61_#5more': -30008.5}, {'J10': 0, 'J11': 32, 'J12': 20, 'J13': 28, 'cluster3106249630_3106249631_J60_J61_#5more': 36}, {'J10': 0, 'J11': 50, 'J12': 52, 'J13': 38, 'cluster3106249630_3106249631_J60_J61_#5more': 49}, 
500.0, {'J10': -4.0, 'J11': -23403.0, 'J12': -9293.5, 'J13': -13171.0, 'cluster3106249630_3106249631_J60_J61_#5more': -30503.5}, {'J10': 1, 'J11': 32, 'J12': 20, 'J13': 28, 'cluster3106249630_3106249631_J60_J61_#5more': 36}, {'J10': 1, 'J11': 48, 'J12': 48, 'J13': 38, 'cluster3106249630_3106249631_J60_J61_#5more': 50}, 
505.0, {'J10': -14.0, 'J11': -23883.0, 'J12': -9351.5, 'J13': -13552.0, 'cluster3106249630_3106249631_J60_J61_#5more': -30988.5}, {'J10': 1, 'J11': 32, 'J12': 20, 'J13': 28, 'cluster3106249630_3106249631_J60_J61_#5more': 36}, {'J10': 1, 'J11': 48, 'J12': 47, 'J13': 39, 'cluster3106249630_3106249631_J60_J61_#5more': 49}, 
510.0, {'J10': -24.0, 'J11': -24363.0, 'J12': -9705.5, 'J13': -13942.0, 'cluster3106249630_3106249631_J60_J61_#5more': -31478.5}, {'J10': 1, 'J11': 32, 'J12': 20, 'J13': 28, 'cluster3106249630_3106249631_J60_J61_#5more': 36}, {'J10': 1, 'J11': 48, 'J12': 44, 'J13': 39, 'cluster3106249630_3106249631_J60_J61_#5more': 49}, 
515.0, {'J10': -34.0, 'J11': -24843.0, 'J12': -10034.5, 'J13': -14332.0, 'cluster3106249630_3106249631_J60_J61_#5more': -31971.0}, {'J10': 1, 'J11': 32, 'J12': 20, 'J13': 28, 'cluster3106249630_3106249631_J60_J61_#5more': 36}, {'J10': 1, 'J11': 48, 'J12': 44, 'J13': 39, 'cluster3106249630_3106249631_J60_J61_#5more': 51}, 
520.0, {'J10': -44.0, 'J11': -25323.0, 'J12': -10420.0, 'J13': -14722.0, 'cluster3106249630_3106249631_J60_J61_#5more': -32481.0}, {'J10': 1, 'J11': 32, 'J12': 20, 'J13': 28, 'cluster3106249630_3106249631_J60_J61_#5more': 36}, {'J10': 1, 'J11': 48, 'J12': 45, 'J13': 39, 'cluster3106249630_3106249631_J60_J61_#5more': 51}, 
525.0, {'J10': -54.0, 'J11': -25803.0, 'J12': -10879.0, 'J13': -15112.0, 'cluster3106249630_3106249631_J60_J61_#5more': -32996.0}, {'J10': 1, 'J11': 32, 'J12': 20, 'J13': 28, 'cluster3106249630_3106249631_J60_J61_#5more': 36}, {'J10': 1, 'J11': 48, 'J12': 49, 'J13': 39, 'cluster3106249630_3106249631_J60_J61_#5more': 53}, 
530.0, {'J10': -66.5, 'J11': -26283.0, 'J12': -11387.5, 'J13': -13577.0, 'cluster3106249630_3106249631_J60_J61_#5more': -33526.0}, {'J10': 1, 'J11': 32, 'J12': 20, 'J13': 26, 'cluster3106249630_3106249631_J60_J61_#5more': 36}, {'J10': 2, 'J11': 48, 'J12': 53, 'J13': 35, 'cluster3106249630_3106249631_J60_J61_#5more': 53}, 
535.0, {'J10': -88.5, 'J11': -26763.0, 'J12': -11855.0, 'J13': -12214.0, 'cluster3106249630_3106249631_J60_J61_#5more': -34056.0}, {'J10': 2, 'J11': 32, 'J12': 20, 'J13': 24, 'cluster3106249630_3106249631_J60_J61_#5more': 36}, {'J10': 3, 'J11': 48, 'J12': 53, 'J13': 33, 'cluster3106249630_3106249631_J60_J61_#5more': 53}, 
540.0, {'J10': -121.5, 'J11': -27243.0, 'J12': -11977.5, 'J13': -12544.0, 'cluster3106249630_3106249631_J60_J61_#5more': -34586.0}, {'J10': 2, 'J11': 32, 'J12': 20, 'J13': 24, 'cluster3106249630_3106249631_J60_J61_#5more': 36}, {'J10': 4, 'J11': 48, 'J12': 51, 'J13': 33, 'cluster3106249630_3106249631_J60_J61_#5more': 53}, 
545.0, {'J10': -35.5, 'J11': -27723.0, 'J12': -11714.0, 'J13': -12876.5, 'cluster3106249630_3106249631_J60_J61_#5more': -35116.0}, {'J10': 1, 'J11': 32, 'J12': 20, 'J13': 24, 'cluster3106249630_3106249631_J60_J61_#5more': 36}, {'J10': 3, 'J11': 48, 'J12': 47, 'J13': 35, 'cluster3106249630_3106249631_J60_J61_#5more': 53}, 
550.0, {'J10': -38.0, 'J11': -28203.0, 'J12': -10132.0, 'J13': -13226.5, 'cluster3106249630_3106249631_J60_J61_#5more': -35574.5}, {'J10': 2, 'J11': 32, 'J12': 18, 'J13': 24, 'cluster3106249630_3106249631_J60_J61_#5more': 36}, {'J10': 4, 'J11': 48, 'J12': 43, 'J13': 35, 'cluster3106249630_3106249631_J60_J61_#5more': 52}, 
555.0, {'J10': -54.5, 'J11': -28683.0, 'J12': -10568.0, 'J13': -13586.0, 'cluster3106249630_3106249631_J60_J61_#5more': -36094.5}, {'J10': 3, 'J11': 32, 'J12': 18, 'J13': 27, 'cluster3106249630_3106249631_J60_J61_#5more': 36}, {'J10': 6, 'J11': 48, 'J12': 45, 'J13': 38, 'cluster3106249630_3106249631_J60_J61_#5more': 52}, 
560.0, {'J10': -59.0, 'J11': -29163.0, 'J12': -10936.0, 'J13': -13971.0, 'cluster3106249630_3106249631_J60_J61_#5more': -36615.5}, {'J10': 4, 'J11': 32, 'J12': 18, 'J13': 28, 'cluster3106249630_3106249631_J60_J61_#5more': 36}, {'J10': 5, 'J11': 48, 'J12': 46, 'J13': 39, 'cluster3106249630_3106249631_J60_J61_#5more': 53}, 
565.0, {'J10': -16.5, 'J11': -29643.0, 'J12': -10838.0, 'J13': -14361.0, 'cluster3106249630_3106249631_J60_J61_#5more': -37145.5}, {'J10': 2, 'J11': 32, 'J12': 20, 'J13': 28, 'cluster3106249630_3106249631_J60_J61_#5more': 36}, {'J10': 2, 'J11': 48, 'J12': 44, 'J13': 39, 'cluster3106249630_3106249631_J60_J61_#5more': 53}, 
570.0, {'J10': -3.0, 'J11': -30123.0, 'J12': -11145.0, 'J13': -14751.0, 'cluster3106249630_3106249631_J60_J61_#5more': -37675.5}, {'J10': 1, 'J11': 32, 'J12': 20, 'J13': 28, 'cluster3106249630_3106249631_J60_J61_#5more': 36}, {'J10': 1, 'J11': 48, 'J12': 47, 'J13': 39, 'cluster3106249630_3106249631_J60_J61_#5more': 53}, 
575.0, {'J10': 0, 'J11': -30603.0, 'J12': -11520.5, 'J13': -15141.0, 'cluster3106249630_3106249631_J60_J61_#5more': -38205.5}, {'J10': 0, 'J11': 32, 'J12': 20, 'J13': 28, 'cluster3106249630_3106249631_J60_J61_#5more': 36}, {'J10': 0, 'J11': 48, 'J12': 48, 'J13': 39, 'cluster3106249630_3106249631_J60_J61_#5more': 53}, 
580.0, {'J10': 0, 'J11': -31083.0, 'J12': -11577.5, 'J13': -15531.0, 'cluster3106249630_3106249631_J60_J61_#5more': -38735.5}, {'J10': 0, 'J11': 32, 'J12': 20, 'J13': 28, 'cluster3106249630_3106249631_J60_J61_#5more': 36}, {'J10': 0, 'J11': 48, 'J12': 47, 'J13': 39, 'cluster3106249630_3106249631_J60_J61_#5more': 53}, 
585.0, {'J10': 0, 'J11': -31563.0, 'J12': -11869.0, 'J13': -15921.0, 'cluster3106249630_3106249631_J60_J61_#5more': -39265.5}, {'J10': 0, 'J11': 32, 'J12': 20, 'J13': 28, 'cluster3106249630_3106249631_J60_J61_#5more': 36}, {'J10': 0, 'J11': 48, 'J12': 50, 'J13': 39, 'cluster3106249630_3106249631_J60_J61_#5more': 53}, 
590.0, {'J10': 0, 'J11': -32043.0, 'J12': -11996.0, 'J13': -16311.0, 'cluster3106249630_3106249631_J60_J61_#5more': -39795.5}, {'J10': 0, 'J11': 32, 'J12': 20, 'J13': 28, 'cluster3106249630_3106249631_J60_J61_#5more': 36}, {'J10': 0, 'J11': 48, 'J12': 47, 'J13': 39, 'cluster3106249630_3106249631_J60_J61_#5more': 53}, 
595.0, {'J10': 0, 'J11': -32523.0, 'J12': -12078.0, 'J13': -14503.0, 'cluster3106249630_3106249631_J60_J61_#5more': -40328.5}, {'J10': 0, 'J11': 32, 'J12': 20, 'J13': 26, 'cluster3106249630_3106249631_J60_J61_#5more': 36}, {'J10': 0, 'J11': 48, 'J12': 44, 'J13': 35, 'cluster3106249630_3106249631_J60_J61_#5more': 54}, 
600.0, {'J10': -3.5, 'J11': -33003.0, 'J12': -12291.0, 'J13': -14480.0, 'cluster3106249630_3106249631_J60_J61_#5more': -40684.5}, {'J10': 1, 'J11': 32, 'J12': 20, 'J13': 26, 'cluster3106249630_3106249631_J60_J61_#5more': 36}, {'J10': 2, 'J11': 48, 'J12': 39, 'J13': 34, 'cluster3106249630_3106249631_J60_J61_#5more': 52}, 
605.0, {'J10': -23.5, 'J11': -33483.0, 'J12': -10289.0, 'J13': -14821.0, 'cluster3106249630_3106249631_J60_J61_#5more': -41204.5}, {'J10': 1, 'J11': 32, 'J12': 18, 'J13': 26, 'cluster3106249630_3106249631_J60_J61_#5more': 36}, {'J10': 2, 'J11': 48, 'J12': 37, 'J13': 35, 'cluster3106249630_3106249631_J60_J61_#5more': 52}, 
610.0, {'J10': -43.5, 'J11': -33963.0, 'J12': -8511.0, 'J13': -15174.0, 'cluster3106249630_3106249631_J60_J61_#5more': -41724.5}, {'J10': 1, 'J11': 32, 'J12': 16, 'J13': 26, 'cluster3106249630_3106249631_J60_J61_#5more': 36}, {'J10': 2, 'J11': 48, 'J12': 32, 'J13': 37, 'cluster3106249630_3106249631_J60_J61_#5more': 52}, 
615.0, {'J10': -63.5, 'J11': -34443.0, 'J12': -8835.5, 'J13': -15545.0, 'cluster3106249630_3106249631_J60_J61_#5more': -42244.5}, {'J10': 1, 'J11': 32, 'J12': 16, 'J13': 27, 'cluster3106249630_3106249631_J60_J61_#5more': 36}, {'J10': 2, 'J11': 48, 'J12': 35, 'J13': 38, 'cluster3106249630_3106249631_J60_J61_#5more': 52}, 
620.0, {'J10': -83.5, 'J11': -34923.0, 'J12': -9161.0, 'J13': -15929.0, 'cluster3106249630_3106249631_J60_J61_#5more': -42764.5}, {'J10': 1, 'J11': 32, 'J12': 16, 'J13': 28, 'cluster3106249630_3106249631_J60_J61_#5more': 36}, {'J10': 2, 'J11': 48, 'J12': 38, 'J13': 39, 'cluster3106249630_3106249631_J60_J61_#5more': 52}, 
625.0, {'J10': -103.5, 'J11': -35406.0, 'J12': -9084.5, 'J13': -16319.0, 'cluster3106249630_3106249631_J60_J61_#5more': -43081.5}, {'J10': 1, 'J11': 32, 'J12': 20, 'J13': 28, 'cluster3106249630_3106249631_J60_J61_#5more': 36}, {'J10': 2, 'J11': 50, 'J12': 42, 'J13': 39, 'cluster3106249630_3106249631_J60_J61_#5more': 51}, 
630.0, {'J10': -123.5, 'J11': -35883.0, 'J12': -9303.5, 'J13': -16709.0, 'cluster3106249630_3106249631_J60_J61_#5more': -43591.5}, {'J10': 1, 'J11': 32, 'J12': 20, 'J13': 28, 'cluster3106249630_3106249631_J60_J61_#5more': 36}, {'J10': 2, 'J11': 48, 'J12': 40, 'J13': 39, 'cluster3106249630_3106249631_J60_J61_#5more': 51}, 
635.0, {'J10': -143.5, 'J11': -36365.5, 'J12': -9705.0, 'J13': -17099.0, 'cluster3106249630_3106249631_J60_J61_#5more': -44102.5}, {'J10': 1, 'J11': 32, 'J12': 20, 'J13': 28, 'cluster3106249630_3106249631_J60_J61_#5more': 36}, {'J10': 2, 'J11': 49, 'J12': 41, 'J13': 39, 'cluster3106249630_3106249631_J60_J61_#5more': 52}, 
640.0, {'J10': -163.5, 'J11': -36859.5, 'J12': -10140.5, 'J13': -17489.0, 'cluster3106249630_3106249631_J60_J61_#5more': -44632.5}, {'J10': 1, 'J11': 32, 'J12': 20, 'J13': 28, 'cluster3106249630_3106249631_J60_J61_#5more': 36}, {'J10': 2, 'J11': 51, 'J12': 49, 'J13': 39, 'cluster3106249630_3106249631_J60_J61_#5more': 55}, 
645.0, {'J10': -183.5, 'J11': -37323.0, 'J12': -10646.0, 'J13': -17879.0, 'cluster3106249630_3106249631_J60_J61_#5more': -45182.5}, {'J10': 1, 'J11': 32, 'J12': 20, 'J13': 28, 'cluster3106249630_3106249631_J60_J61_#5more': 36}, {'J10': 2, 'J11': 48, 'J12': 55, 'J13': 39, 'cluster3106249630_3106249631_J60_J61_#5more': 55}, 
650.0, {'J10': -1.5, 'J11': -37805.0, 'J12': -11200.0, 'J13': -18269.0, 'cluster3106249630_3106249631_J60_J61_#5more': -45732.5}, {'J10': 1, 'J11': 32, 'J12': 20, 'J13': 28, 'cluster3106249630_3106249631_J60_J61_#5more': 36}, {'J10': 2, 'J11': 49, 'J12': 56, 'J13': 39, 'cluster3106249630_3106249631_J60_J61_#5more': 55}, 
655.0, {'J10': -10.5, 'J11': -38283.0, 'J12': -11765.5, 'J13': -18659.0, 'cluster3106249630_3106249631_J60_J61_#5more': -46282.5}, {'J10': 1, 'J11': 32, 'J12': 20, 'J13': 28, 'cluster3106249630_3106249631_J60_J61_#5more': 36}, {'J10': 1, 'J11': 48, 'J12': 58, 'J13': 39, 'cluster3106249630_3106249631_J60_J61_#5more': 55}, 
660.0, {'J10': 0, 'J11': -38763.0, 'J12': -12056.0, 'J13': -16731.0, 'cluster3106249630_3106249631_J60_J61_#5more': -46789.5}, {'J10': 0, 'J11': 32, 'J12': 20, 'J13': 26, 'cluster3106249630_3106249631_J60_J61_#5more': 36}, {'J10': 0, 'J11': 48, 'J12': 56, 'J13': 37, 'cluster3106249630_3106249631_J60_J61_#5more': 55}, 
665.0, {'J10': 0, 'J11': -39243.0, 'J12': -12343.0, 'J13': -17077.5, 'cluster3106249630_3106249631_J60_J61_#5more': -47294.0}, {'J10': 0, 'J11': 32, 'J12': 20, 'J13': 26, 'cluster3106249630_3106249631_J60_J61_#5more': 36}, {'J10': 0, 'J11': 48, 'J12': 51, 'J13': 35, 'cluster3106249630_3106249631_J60_J61_#5more': 56}, 
670.0, {'J10': 0, 'J11': -39723.0, 'J12': -12610.5, 'J13': -17427.5, 'cluster3106249630_3106249631_J60_J61_#5more': -47862.0}, {'J10': 0, 'J11': 32, 'J12': 20, 'J13': 26, 'cluster3106249630_3106249631_J60_J61_#5more': 36}, {'J10': 0, 'J11': 48, 'J12': 48, 'J13': 35, 'cluster3106249630_3106249631_J60_J61_#5more': 59}, 
675.0, {'J10': -5.0, 'J11': -40204.5, 'J12': -12893.5, 'J13': -17781.0, 'cluster3106249630_3106249631_J60_J61_#5more': -47922.0}, {'J10': 1, 'J11': 32, 'J12': 20, 'J13': 26, 'cluster3106249630_3106249631_J60_J61_#5more': 36}, {'J10': 1, 'J11': 49, 'J12': 48, 'J13': 36, 'cluster3106249630_3106249631_J60_J61_#5more': 58}, 
680.0, {'J10': -15.0, 'J11': -40698.5, 'J12': -12803.0, 'J13': -18142.5, 'cluster3106249630_3106249631_J60_J61_#5more': -48337.0}, {'J10': 1, 'J11': 32, 'J12': 20, 'J13': 27, 'cluster3106249630_3106249631_J60_J61_#5more': 36}, {'J10': 1, 'J11': 50, 'J12': 47, 'J13': 37, 'cluster3106249630_3106249631_J60_J61_#5more': 55}, 
685.0, {'J10': -25.0, 'J11': -41163.0, 'J12': -13277.5, 'J13': -18517.5, 'cluster3106249630_3106249631_J60_J61_#5more': -48826.5}, {'J10': 1, 'J11': 32, 'J12': 20, 'J13': 28, 'cluster3106249630_3106249631_J60_J61_#5more': 36}, {'J10': 1, 'J11': 48, 'J12': 50, 'J13': 38, 'cluster3106249630_3106249631_J60_J61_#5more': 55}, 
690.0, {'J10': -35.0, 'J11': -41643.0, 'J12': -13627.0, 'J13': -18897.5, 'cluster3106249630_3106249631_J60_J61_#5more': -49271.5}, {'J10': 1, 'J11': 32, 'J12': 20, 'J13': 28, 'cluster3106249630_3106249631_J60_J61_#5more': 36}, {'J10': 1, 'J11': 48, 'J12': 50, 'J13': 38, 'cluster3106249630_3106249631_J60_J61_#5more': 54}, 
695.0, {'J10': -45.0, 'J11': -42123.0, 'J12': -13945.5, 'J13': -19277.5, 'cluster3106249630_3106249631_J60_J61_#5more': -49811.5}, {'J10': 1, 'J11': 32, 'J12': 20, 'J13': 28, 'cluster3106249630_3106249631_J60_J61_#5more': 36}, {'J10': 1, 'J11': 48, 'J12': 48, 'J13': 38, 'cluster3106249630_3106249631_J60_J61_#5more': 54}, 
700.0, {'J10': -58.0, 'J11': -42603.0, 'J12': -14248.0, 'J13': -19657.5, 'cluster3106249630_3106249631_J60_J61_#5more': -50359.0}, {'J10': 1, 'J11': 32, 'J12': 20, 'J13': 28, 'cluster3106249630_3106249631_J60_J61_#5more': 36}, {'J10': 2, 'J11': 48, 'J12': 45, 'J13': 38, 'cluster3106249630_3106249631_J60_J61_#5more': 56}, 
705.0, {'J10': -82.0, 'J11': -43083.0, 'J12': -14626.5, 'J13': -20037.5, 'cluster3106249630_3106249631_J60_J61_#5more': -50919.0}, {'J10': 2, 'J11': 32, 'J12': 20, 'J13': 28, 'cluster3106249630_3106249631_J60_J61_#5more': 36}, {'J10': 3, 'J11': 48, 'J12': 45, 'J13': 38, 'cluster3106249630_3106249631_J60_J61_#5more': 56}, 
710.0, {'J10': -112.0, 'J11': -43563.0, 'J12': -15098.0, 'J13': -20417.5, 'cluster3106249630_3106249631_J60_J61_#5more': -51483.5}, {'J10': 2, 'J11': 32, 'J12': 20, 'J13': 28, 'cluster3106249630_3106249631_J60_J61_#5more': 36}, {'J10': 3, 'J11': 48, 'J12': 50, 'J13': 38, 'cluster3106249630_3106249631_J60_J61_#5more': 57}, 
715.0, {'J10': -24.0, 'J11': -44043.0, 'J12': -15605.5, 'J13': -20797.5, 'cluster3106249630_3106249631_J60_J61_#5more': -52058.0}, {'J10': 1, 'J11': 32, 'J12': 20, 'J13': 28, 'cluster3106249630_3106249631_J60_J61_#5more': 36}, {'J10': 1, 'J11': 48, 'J12': 52, 'J13': 38, 'cluster3106249630_3106249631_J60_J61_#5more': 58}, 
720.0, {'J10': -2.5, 'J11': -44523.0, 'J12': -16134.0, 'J13': -21177.5, 'cluster3106249630_3106249631_J60_J61_#5more': -52640.0}, {'J10': 1, 'J11': 32, 'J12': 20, 'J13': 28, 'cluster3106249630_3106249631_J60_J61_#5more': 36}, {'J10': 1, 'J11': 48, 'J12': 56, 'J13': 38, 'cluster3106249630_3106249631_J60_J61_#5more': 59}, 
725.0, {'J10': -12.5, 'J11': -45003.0, 'J12': -16700.0, 'J13': -18201.5, 'cluster3106249630_3106249631_J60_J61_#5more': -53116.0}, {'J10': 1, 'J11': 32, 'J12': 20, 'J13': 25, 'cluster3106249630_3106249631_J60_J61_#5more': 36}, {'J10': 1, 'J11': 48, 'J12': 58, 'J13': 35, 'cluster3106249630_3106249631_J60_J61_#5more': 61}, 
730.0, {'J10': 0, 'J11': -45483.0, 'J12': -17284.5, 'J13': -17066.5, 'cluster3106249630_3106249631_J60_J61_#5more': -53604.0}, {'J10': 0, 'J11': 32, 'J12': 20, 'J13': 24, 'cluster3106249630_3106249631_J60_J61_#5more': 36}, {'J10': 0, 'J11': 48, 'J12': 59, 'J13': 32, 'cluster3106249630_3106249631_J60_J61_#5more': 62}, 
735.0, {'J10': 0, 'J11': -45963.0, 'J12': -17886.0, 'J13': -17386.5, 'cluster3106249630_3106249631_J60_J61_#5more': -54125.0}, {'J10': 0, 'J11': 32, 'J12': 20, 'J13': 24, 'cluster3106249630_3106249631_J60_J61_#5more': 36}, {'J10': 0, 'J11': 48, 'J12': 62, 'J13': 32, 'cluster3106249630_3106249631_J60_J61_#5more': 62}, 
740.0, {'J10': -2.0, 'J11': -46443.0, 'J12': -18161.0, 'J13': -17709.0, 'cluster3106249630_3106249631_J60_J61_#5more': -54647.0}, {'J10': 1, 'J11': 32, 'J12': 20, 'J13': 24, 'cluster3106249630_3106249631_J60_J61_#5more': 36}, {'J10': 1, 'J11': 48, 'J12': 58, 'J13': 34, 'cluster3106249630_3106249631_J60_J61_#5more': 65}, 
745.0, {'J10': 0, 'J11': -46923.0, 'J12': -18344.5, 'J13': -18049.0, 'cluster3106249630_3106249631_J60_J61_#5more': -55035.0}, {'J10': 0, 'J11': 32, 'J12': 20, 'J13': 24, 'cluster3106249630_3106249631_J60_J61_#5more': 36}, {'J10': 0, 'J11': 48, 'J12': 53, 'J13': 34, 'cluster3106249630_3106249631_J60_J61_#5more': 61}, 
750.0, {'J10': 0, 'J11': -47403.0, 'J12': -18882.5, 'J13': -18399.5, 'cluster3106249630_3106249631_J60_J61_#5more': -55646.5}, {'J10': 0, 'J11': 32, 'J12': 20, 'J13': 27, 'cluster3106249630_3106249631_J60_J61_#5more': 36}, {'J10': 0, 'J11': 48, 'J12': 58, 'J13': 38, 'cluster3106249630_3106249631_J60_J61_#5more': 63}, 
755.0, {'J10': 0, 'J11': -47883.0, 'J12': -19467.0, 'J13': -18782.0, 'cluster3106249630_3106249631_J60_J61_#5more': -56272.5}, {'J10': 0, 'J11': 32, 'J12': 20, 'J13': 28, 'cluster3106249630_3106249631_J60_J61_#5more': 36}, {'J10': 0, 'J11': 48, 'J12': 60, 'J13': 39, 'cluster3106249630_3106249631_J60_J61_#5more': 65}, 
760.0, {'J10': 0, 'J11': -48363.0, 'J12': -20067.0, 'J13': -19172.0, 'cluster3106249630_3106249631_J60_J61_#5more': -56821.5}, {'J10': 0, 'J11': 32, 'J12': 20, 'J13': 28, 'cluster3106249630_3106249631_J60_J61_#5more': 36}, {'J10': 0, 'J11': 48, 'J12': 60, 'J13': 39, 'cluster3106249630_3106249631_J60_J61_#5more': 69}, 
765.0, {'J10': -2.0, 'J11': -48843.0, 'J12': -20675.0, 'J13': -19562.0, 'cluster3106249630_3106249631_J60_J61_#5more': -57503.0}, {'J10': 1, 'J11': 32, 'J12': 20, 'J13': 28, 'cluster3106249630_3106249631_J60_J61_#5more': 36}, {'J10': 1, 'J11': 48, 'J12': 62, 'J13': 39, 'cluster3106249630_3106249631_J60_J61_#5more': 69}, 
770.0, {'J10': -12.0, 'J11': -49323.0, 'J12': -21299.5, 'J13': -19952.0, 'cluster3106249630_3106249631_J60_J61_#5more': -58171.0}, {'J10': 1, 'J11': 32, 'J12': 20, 'J13': 28, 'cluster3106249630_3106249631_J60_J61_#5more': 36}, {'J10': 1, 'J11': 48, 'J12': 63, 'J13': 39, 'cluster3106249630_3106249631_J60_J61_#5more': 68}, 
775.0, {'J10': -22.0, 'J11': -49803.0, 'J12': -21934.5, 'J13': -20342.0, 'cluster3106249630_3106249631_J60_J61_#5more': -58860.5}, {'J10': 1, 'J11': 32, 'J12': 20, 'J13': 28, 'cluster3106249630_3106249631_J60_J61_#5more': 36}, {'J10': 1, 'J11': 48, 'J12': 64, 'J13': 39, 'cluster3106249630_3106249631_J60_J61_#5more': 72}, 
780.0, {'J10': -37.0, 'J11': -50283.0, 'J12': -21249.5, 'J13': -20732.0, 'cluster3106249630_3106249631_J60_J61_#5more': -59245.5}, {'J10': 1, 'J11': 32, 'J12': 20, 'J13': 28, 'cluster3106249630_3106249631_J60_J61_#5more': 36}, {'J10': 2, 'J11': 48, 'J12': 59, 'J13': 39, 'cluster3106249630_3106249631_J60_J61_#5more': 72}, 
785.0, {'J10': -60.5, 'J11': -50763.0, 'J12': -21294.0, 'J13': -21122.0, 'cluster3106249630_3106249631_J60_J61_#5more': -59726.0}, {'J10': 2, 'J11': 32, 'J12': 20, 'J13': 28, 'cluster3106249630_3106249631_J60_J61_#5more': 36}, {'J10': 3, 'J11': 48, 'J12': 58, 'J13': 39, 'cluster3106249630_3106249631_J60_J61_#5more': 68}, 
790.0, {'J10': -90.5, 'J11': -51243.0, 'J12': -21528.0, 'J13': -17960.0, 'cluster3106249630_3106249631_J60_J61_#5more': -60048.5}, {'J10': 2, 'J11': 32, 'J12': 20, 'J13': 25, 'cluster3106249630_3106249631_J60_J61_#5more': 36}, {'J10': 3, 'J11': 48, 'J12': 58, 'J13': 34, 'cluster3106249630_3106249631_J60_J61_#5more': 65}, 
795.0, {'J10': -120.5, 'J11': -51723.0, 'J12': -21798.5, 'J13': -16800.0, 'cluster3106249630_3106249631_J60_J61_#5more': -60524.0}, {'J10': 2, 'J11': 32, 'J12': 20, 'J13': 24, 'cluster3106249630_3106249631_J60_J61_#5more': 36}, {'J10': 3, 'J11': 48, 'J12': 55, 'J13': 33, 'cluster3106249630_3106249631_J60_J61_#5more': 64}, 
800.0, {'J10': -150.5, 'J11': -52203.0, 'J12': -21899.5, 'J13': -17130.0, 'cluster3106249630_3106249631_J60_J61_#5more': -61096.5}, {'J10': 2, 'J11': 32, 'J12': 20, 'J13': 24, 'cluster3106249630_3106249631_J60_J61_#5more': 36}, {'J10': 3, 'J11': 48, 'J12': 51, 'J13': 33, 'cluster3106249630_3106249631_J60_J61_#5more': 66}, 
805.0, {'J10': -180.5, 'J11': -52683.0, 'J12': -22007.0, 'J13': -17463.5, 'cluster3106249630_3106249631_J60_J61_#5more': -61710.5}, {'J10': 2, 'J11': 32, 'J12': 20, 'J13': 24, 'cluster3106249630_3106249631_J60_J61_#5more': 36}, {'J10': 3, 'J11': 48, 'J12': 51, 'J13': 35, 'cluster3106249630_3106249631_J60_J61_#5more': 68}, 
810.0, {'J10': -55.5, 'J11': -53163.0, 'J12': -22242.5, 'J13': -17813.5, 'cluster3106249630_3106249631_J60_J61_#5more': -62037.5}, {'J10': 1, 'J11': 32, 'J12': 20, 'J13': 24, 'cluster3106249630_3106249631_J60_J61_#5more': 36}, {'J10': 3, 'J11': 48, 'J12': 51, 'J13': 35, 'cluster3106249630_3106249631_J60_J61_#5more': 67}, 
815.0, {'J10': -90.5, 'J11': -53643.0, 'J12': -22556.0, 'J13': -18171.5, 'cluster3106249630_3106249631_J60_J61_#5more': -62450.0}, {'J10': 2, 'J11': 32, 'J12': 20, 'J13': 26, 'cluster3106249630_3106249631_J60_J61_#5more': 36}, {'J10': 6, 'J11': 48, 'J12': 51, 'J13': 37, 'cluster3106249630_3106249631_J60_J61_#5more': 64}, 
820.0, {'J10': -159.0, 'J11': -54123.0, 'J12': -22808.0, 'J13': -18547.0, 'cluster3106249630_3106249631_J60_J61_#5more': -62912.5}, {'J10': 4, 'J11': 32, 'J12': 20, 'J13': 28, 'cluster3106249630_3106249631_J60_J61_#5more': 36}, {'J10': 10, 'J11': 48, 'J12': 48, 'J13': 39, 'cluster3106249630_3106249631_J60_J61_#5more': 61}, 
825.0, {'J10': -132.0, 'J11': -54603.0, 'J12': -23290.5, 'J13': -18937.0, 'cluster3106249630_3106249631_J60_J61_#5more': -63460.5}, {'J10': 4, 'J11': 32, 'J12': 20, 'J13': 28, 'cluster3106249630_3106249631_J60_J61_#5more': 36}, {'J10': 10, 'J11': 48, 'J12': 49, 'J13': 39, 'cluster3106249630_3106249631_J60_J61_#5more': 61}, 
830.0, {'J10': -209.0, 'J11': -55083.0, 'J12': -23780.5, 'J13': -19327.0, 'cluster3106249630_3106249631_J60_J61_#5more': -64071.5}, {'J10': 4, 'J11': 32, 'J12': 20, 'J13': 28, 'cluster3106249630_3106249631_J60_J61_#5more': 36}, {'J10': 9, 'J11': 48, 'J12': 49, 'J13': 39, 'cluster3106249630_3106249631_J60_J61_#5more': 62}, 
835.0, {'J10': -154.0, 'J11': -55563.0, 'J12': -23161.5, 'J13': -19717.0, 'cluster3106249630_3106249631_J60_J61_#5more': -64695.0}, {'J10': 5, 'J11': 32, 'J12': 20, 'J13': 28, 'cluster3106249630_3106249631_J60_J61_#5more': 36}, {'J10': 6, 'J11': 48, 'J12': 48, 'J13': 39, 'cluster3106249630_3106249631_J60_J61_#5more': 63}, 
840.0, {'J10': -133.0, 'J11': -56043.0, 'J12': -22146.0, 'J13': -20107.0, 'cluster3106249630_3106249631_J60_J61_#5more': -65325.0}, {'J10': 4, 'J11': 32, 'J12': 20, 'J13': 28, 'cluster3106249630_3106249631_J60_J61_#5more': 36}, {'J10': 6, 'J11': 48, 'J12': 44, 'J13': 39, 'cluster3106249630_3106249631_J60_J61_#5more': 63}, 
845.0, {'J10': -44.0, 'J11': -56527.5, 'J12': -22307.5, 'J13': -20497.0, 'cluster3106249630_3106249631_J60_J61_#5more': -65958.0}, {'J10': 2, 'J11': 32, 'J12': 20, 'J13': 28, 'cluster3106249630_3106249631_J60_J61_#5more': 36}, {'J10': 3, 'J11': 50, 'J12': 40, 'J13': 39, 'cluster3106249630_3106249631_J60_J61_#5more': 64}, 
850.0, {'J10': -76.0, 'J11': -57013.5, 'J12': -22682.5, 'J13': -20887.0, 'cluster3106249630_3106249631_J60_J61_#5more': -66598.0}, {'J10': 3, 'J11': 32, 'J12': 20, 'J13': 28, 'cluster3106249630_3106249631_J60_J61_#5more': 36}, {'J10': 5, 'J11': 49, 'J12': 43, 'J13': 39, 'cluster3106249630_3106249631_J60_J61_#5more': 64}, 
855.0, {'J10': -61.0, 'J11': -57483.0, 'J12': -23111.0, 'J13': -17812.0, 'cluster3106249630_3106249631_J60_J61_#5more': -66953.5}, {'J10': 3, 'J11': 32, 'J12': 21, 'J13': 25, 'cluster3106249630_3106249631_J60_J61_#5more': 36}, {'J10': 5, 'J11': 48, 'J12': 50, 'J13': 35, 'cluster3106249630_3106249631_J60_J61_#5more': 63}, 
860.0, {'J10': -64.0, 'J11': -57963.0, 'J12': -22078.0, 'J13': -17169.0, 'cluster3106249630_3106249631_J60_J61_#5more': -67306.0}, {'J10': 2, 'J11': 32, 'J12': 21, 'J13': 24, 'cluster3106249630_3106249631_J60_J61_#5more': 36}, {'J10': 2, 'J11': 48, 'J12': 48, 'J13': 34, 'cluster3106249630_3106249631_J60_J61_#5more': 64}, 
865.0, {'J10': -84.0, 'J11': -58443.0, 'J12': -18542.5, 'J13': -17513.5, 'cluster3106249630_3106249631_J60_J61_#5more': -67952.5}, {'J10': 2, 'J11': 32, 'J12': 19, 'J13': 24, 'cluster3106249630_3106249631_J60_J61_#5more': 36}, {'J10': 2, 'J11': 48, 'J12': 43, 'J13': 35, 'cluster3106249630_3106249631_J60_J61_#5more': 66}, 
870.0, {'J10': -104.0, 'J11': -58923.0, 'J12': -16772.0, 'J13': -17867.0, 'cluster3106249630_3106249631_J60_J61_#5more': -68409.5}, {'J10': 2, 'J11': 32, 'J12': 18, 'J13': 24, 'cluster3106249630_3106249631_J60_J61_#5more': 36}, {'J10': 2, 'J11': 48, 'J12': 40, 'J13': 36, 'cluster3106249630_3106249631_J60_J61_#5more': 65}, 
875.0, {'J10': 0, 'J11': -59403.0, 'J12': -17092.5, 'J13': -18227.0, 'cluster3106249630_3106249631_J60_J61_#5more': -68783.0}, {'J10': 0, 'J11': 32, 'J12': 18, 'J13': 24, 'cluster3106249630_3106249631_J60_J61_#5more': 36}, {'J10': 0, 'J11': 48, 'J12': 43, 'J13': 36, 'cluster3106249630_3106249631_J60_J61_#5more': 62}, 
880.0, {'J10': -3.0, 'J11': -59883.0, 'J12': -16499.0, 'J13': -18602.0, 'cluster3106249630_3106249631_J60_J61_#5more': -69406.0}, {'J10': 1, 'J11': 32, 'J12': 18, 'J13': 28, 'cluster3106249630_3106249631_J60_J61_#5more': 36}, {'J10': 1, 'J11': 48, 'J12': 46, 'J13': 40, 'cluster3106249630_3106249631_J60_J61_#5more': 64}, 
885.0, {'J10': -3.0, 'J11': -60363.0, 'J12': -16852.0, 'J13': -19002.0, 'cluster3106249630_3106249631_J60_J61_#5more': -70047.5}, {'J10': 1, 'J11': 32, 'J12': 20, 'J13': 28, 'cluster3106249630_3106249631_J60_J61_#5more': 36}, {'J10': 1, 'J11': 48, 'J12': 45, 'J13': 40, 'cluster3106249630_3106249631_J60_J61_#5more': 65}, 
890.0, {'J10': -1.0, 'J11': -60843.0, 'J12': -13880.5, 'J13': -19402.0, 'cluster3106249630_3106249631_J60_J61_#5more': -70616.5}, {'J10': 1, 'J11': 32, 'J12': 18, 'J13': 28, 'cluster3106249630_3106249631_J60_J61_#5more': 36}, {'J10': 1, 'J11': 48, 'J12': 41, 'J13': 40, 'cluster3106249630_3106249631_J60_J61_#5more': 65}, 
895.0, {'J10': -11.0, 'J11': -61323.0, 'J12': -12000.0, 'J13': -19802.0, 'cluster3106249630_3106249631_J60_J61_#5more': -71065.0}, {'J10': 1, 'J11': 32, 'J12': 16, 'J13': 28, 'cluster3106249630_3106249631_J60_J61_#5more': 36}, {'J10': 1, 'J11': 48, 'J12': 39, 'J13': 40, 'cluster3106249630_3106249631_J60_J61_#5more': 60}, 
900.0, {'J10': -21.0, 'J11': -61803.0, 'J12': -12295.5, 'J13': -20202.0, 'cluster3106249630_3106249631_J60_J61_#5more': -71651.0}, {'J10': 1, 'J11': 32, 'J12': 16, 'J13': 28, 'cluster3106249630_3106249631_J60_J61_#5more': 36}, {'J10': 1, 'J11': 48, 'J12': 36, 'J13': 40, 'cluster3106249630_3106249631_J60_J61_#5more': 62}, 
905.0, {'J10': 0, 'J11': -62283.5, 'J12': -12661.0, 'J13': -20602.0, 'cluster3106249630_3106249631_J60_J61_#5more': -72276.0}, {'J10': 0, 'J11': 32, 'J12': 16, 'J13': 28, 'cluster3106249630_3106249631_J60_J61_#5more': 36}, {'J10': 0, 'J11': 49, 'J12': 39, 'J13': 40, 'cluster3106249630_3106249631_J60_J61_#5more': 63}, 
910.0, {'J10': 0, 'J11': -62775.0, 'J12': -12134.5, 'J13': -21002.0, 'cluster3106249630_3106249631_J60_J61_#5more': -72906.0}, {'J10': 0, 'J11': 32, 'J12': 20, 'J13': 28, 'cluster3106249630_3106249631_J60_J61_#5more': 36}, {'J10': 0, 'J11': 50, 'J12': 49, 'J13': 40, 'cluster3106249630_3106249631_J60_J61_#5more': 63}, 
915.0, {'J10': 0, 'J11': -63254.5, 'J12': -12545.5, 'J13': -21402.0, 'cluster3106249630_3106249631_J60_J61_#5more': -73536.0}, {'J10': 0, 'J11': 32, 'J12': 20, 'J13': 28, 'cluster3106249630_3106249631_J60_J61_#5more': 36}, {'J10': 0, 'J11': 49, 'J12': 49, 'J13': 40, 'cluster3106249630_3106249631_J60_J61_#5more': 63}, 
920.0, {'J10': -3.5, 'J11': -63724.5, 'J12': -12914.5, 'J13': -18827.5, 'cluster3106249630_3106249631_J60_J61_#5more': -73728.0}, {'J10': 1, 'J11': 32, 'J12': 20, 'J13': 26, 'cluster3106249630_3106249631_J60_J61_#5more': 36}, {'J10': 2, 'J11': 49, 'J12': 45, 'J13': 35, 'cluster3106249630_3106249631_J60_J61_#5more': 61}, 
925.0, {'J10': -23.5, 'J11': -64218.0, 'J12': -13278.0, 'J13': -18674.0, 'cluster3106249630_3106249631_J60_J61_#5more': -73938.0}, {'J10': 1, 'J11': 32, 'J12': 20, 'J13': 26, 'cluster3106249630_3106249631_J60_J61_#5more': 36}, {'J10': 2, 'J11': 50, 'J12': 42, 'J13': 34, 'cluster3106249630_3106249631_J60_J61_#5more': 61}, 
930.0, {'J10': -43.5, 'J11': -64698.0, 'J12': -13575.0, 'J13': -19014.0, 'cluster3106249630_3106249631_J60_J61_#5more': -74549.5}, {'J10': 1, 'J11': 32, 'J12': 20, 'J13': 26, 'cluster3106249630_3106249631_J60_J61_#5more': 36}, {'J10': 2, 'J11': 50, 'J12': 43, 'J13': 34, 'cluster3106249630_3106249631_J60_J61_#5more': 62}, 
935.0, {'J10': -63.5, 'J11': -65198.0, 'J12': -14015.5, 'J13': -19357.5, 'cluster3106249630_3106249631_J60_J61_#5more': -75173.0}, {'J10': 1, 'J11': 32, 'J12': 20, 'J13': 26, 'cluster3106249630_3106249631_J60_J61_#5more': 36}, {'J10': 2, 'J11': 50, 'J12': 48, 'J13': 36, 'cluster3106249630_3106249631_J60_J61_#5more': 64}, 
940.0, {'J10': -83.5, 'J11': -65643.0, 'J12': -14491.5, 'J13': -19721.0, 'cluster3106249630_3106249631_J60_J61_#5more': -75733.5}, {'J10': 1, 'J11': 32, 'J12': 20, 'J13': 27, 'cluster3106249630_3106249631_J60_J61_#5more': 36}, {'J10': 2, 'J11': 48, 'J12': 51, 'J13': 38, 'cluster3106249630_3106249631_J60_J61_#5more': 64}, 
945.0, {'J10': 0, 'J11': -66124.5, 'J12': -14894.5, 'J13': -20105.5, 'cluster3106249630_3106249631_J60_J61_#5more': -76287.0}, {'J10': 0, 'J11': 32, 'J12': 20, 'J13': 28, 'cluster3106249630_3106249631_J60_J61_#5more': 36}, {'J10': 0, 'J11': 49, 'J12': 48, 'J13': 40, 'cluster3106249630_3106249631_J60_J61_#5more': 64}, 
950.0, {'J10': 0, 'J11': -66618.0, 'J12': -15257.5, 'J13': -20505.5, 'cluster3106249630_3106249631_J60_J61_#5more': -76834.0}, {'J10': 0, 'J11': 32, 'J12': 20, 'J13': 28, 'cluster3106249630_3106249631_J60_J61_#5more': 36}, {'J10': 0, 'J11': 50, 'J12': 44, 'J13': 40, 'cluster3106249630_3106249631_J60_J61_#5more': 64}, 
955.0, {'J10': 0, 'J11': -67096.5, 'J12': -15385.0, 'J13': -20905.5, 'cluster3106249630_3106249631_J60_J61_#5more': -77244.0}, {'J10': 0, 'J11': 32, 'J12': 20, 'J13': 28, 'cluster3106249630_3106249631_J60_J61_#5more': 36}, {'J10': 0, 'J11': 49, 'J12': 45, 'J13': 40, 'cluster3106249630_3106249631_J60_J61_#5more': 59}, 
960.0, {'J10': 0, 'J11': -67563.0, 'J12': -13315.0, 'J13': -21305.5, 'cluster3106249630_3106249631_J60_J61_#5more': -77777.5}, {'J10': 0, 'J11': 32, 'J12': 18, 'J13': 28, 'cluster3106249630_3106249631_J60_J61_#5more': 36}, {'J10': 0, 'J11': 48, 'J12': 42, 'J13': 40, 'cluster3106249630_3106249631_J60_J61_#5more': 58}, 
965.0, {'J10': -5.0, 'J11': -68043.0, 'J12': -13740.5, 'J13': -21705.5, 'cluster3106249630_3106249631_J60_J61_#5more': -78361.0}, {'J10': 1, 'J11': 32, 'J12': 18, 'J13': 28, 'cluster3106249630_3106249631_J60_J61_#5more': 36}, {'J10': 2, 'J11': 48, 'J12': 45, 'J13': 40, 'cluster3106249630_3106249631_J60_J61_#5more': 59}, 
970.0, {'J10': -30.0, 'J11': -68523.0, 'J12': -14137.5, 'J13': -22105.5, 'cluster3106249630_3106249631_J60_J61_#5more': -78956.5}, {'J10': 2, 'J11': 32, 'J12': 18, 'J13': 28, 'cluster3106249630_3106249631_J60_J61_#5more': 36}, {'J10': 3, 'J11': 48, 'J12': 45, 'J13': 40, 'cluster3106249630_3106249631_J60_J61_#5more': 61}, 
975.0, {'J10': -39.5, 'J11': -69004.0, 'J12': -14246.0, 'J13': -22505.5, 'cluster3106249630_3106249631_J60_J61_#5more': -79566.5}, {'J10': 2, 'J11': 32, 'J12': 19, 'J13': 28, 'cluster3106249630_3106249631_J60_J61_#5more': 36}, {'J10': 2, 'J11': 49, 'J12': 46, 'J13': 40, 'cluster3106249630_3106249631_J60_J61_#5more': 61}, 
980.0, {'J10': -59.5, 'J11': -69494.0, 'J12': -14721.0, 'J13': -22905.5, 'cluster3106249630_3106249631_J60_J61_#5more': -80136.0}, {'J10': 2, 'J11': 32, 'J12': 20, 'J13': 28, 'cluster3106249630_3106249631_J60_J61_#5more': 36}, {'J10': 2, 'J11': 49, 'J12': 53, 'J13': 40, 'cluster3106249630_3106249631_J60_J61_#5more': 60}, 
985.0, {'J10': -81.0, 'J11': -69963.0, 'J12': -15264.5, 'J13': -19490.0, 'cluster3106249630_3106249631_J60_J61_#5more': -80245.0}, {'J10': 2, 'J11': 32, 'J12': 20, 'J13': 25, 'cluster3106249630_3106249631_J60_J61_#5more': 36}, {'J10': 3, 'J11': 48, 'J12': 57, 'J13': 35, 'cluster3106249630_3106249631_J60_J61_#5more': 60}, 
990.0, {'J10': -111.0, 'J11': -70443.0, 'J12': -15840.5, 'J13': -19840.0, 'cluster3106249630_3106249631_J60_J61_#5more': -80433.5}, {'J10': 2, 'J11': 32, 'J12': 20, 'J13': 25, 'cluster3106249630_3106249631_J60_J61_#5more': 36}, {'J10': 3, 'J11': 48, 'J12': 59, 'J13': 35, 'cluster3106249630_3106249631_J60_J61_#5more': 60}, 
995.0, {'J10': -146.5, 'J11': -70923.0, 'J12': -16437.5, 'J13': -20190.0, 'cluster3106249630_3106249631_J60_J61_#5more': -81035.5}, {'J10': 2, 'J11': 32, 'J12': 20, 'J13': 25, 'cluster3106249630_3106249631_J60_J61_#5more': 36}, {'J10': 5, 'J11': 48, 'J12': 61, 'J13': 35, 'cluster3106249630_3106249631_J60_J61_#5more': 63}, 
1000.0, {'J10': -196.5, 'J11': -71404.5, 'J12': -17048.0, 'J13': -20543.5, 'cluster3106249630_3106249631_J60_J61_#5more': -81634.5}, {'J10': 2, 'J11': 32, 'J12': 20, 'J13': 25, 'cluster3106249630_3106249631_J60_J61_#5more': 36}, {'J10': 5, 'J11': 49, 'J12': 62, 'J13': 36, 'cluster3106249630_3106249631_J60_J61_#5more': 62}, 
1005.0, {'J10': -246.5, 'J11': -71894.5, 'J12': -17280.0, 'J13': -20905.0, 'cluster3106249630_3106249631_J60_J61_#5more': -82242.0}, {'J10': 2, 'J11': 32, 'J12': 20, 'J13': 26, 'cluster3106249630_3106249631_J60_J61_#5more': 36}, {'J10': 5, 'J11': 49, 'J12': 57, 'J13': 37, 'cluster3106249630_3106249631_J60_J61_#5more': 65}, 
1010.0, {'J10': -298.5, 'J11': -72363.0, 'J12': -17786.5, 'J13': -21282.5, 'cluster3106249630_3106249631_J60_J61_#5more': -82818.5}, {'J10': 2, 'J11': 32, 'J12': 20, 'J13': 28, 'cluster3106249630_3106249631_J60_J61_#5more': 36}, {'J10': 6, 'J11': 48, 'J12': 56, 'J13': 39, 'cluster3106249630_3106249631_J60_J61_#5more': 67}, 
1015.0, {'J10': -198.0, 'J11': -72843.0, 'J12': -18357.5, 'J13': -21677.5, 'cluster3106249630_3106249631_J60_J61_#5more': -83412.0}, {'J10': 3, 'J11': 32, 'J12': 20, 'J13': 28, 'cluster3106249630_3106249631_J60_J61_#5more': 36}, {'J10': 6, 'J11': 48, 'J12': 60, 'J13': 40, 'cluster3106249630_3106249631_J60_J61_#5more': 70}, 
1020.0, {'J10': -129.0, 'J11': -73323.0, 'J12': -18670.0, 'J13': -22077.5, 'cluster3106249630_3106249631_J60_J61_#5more': -84048.0}, {'J10': 5, 'J11': 32, 'J12': 20, 'J13': 28, 'cluster3106249630_3106249631_J60_J61_#5more': 36}, {'J10': 6, 'J11': 48, 'J12': 63, 'J13': 40, 'cluster3106249630_3106249631_J60_J61_#5more': 68}, 
1025.0, {'J10': -189.0, 'J11': -73803.0, 'J12': -19093.5, 'J13': -22477.5, 'cluster3106249630_3106249631_J60_J61_#5more': -84687.5}, {'J10': 5, 'J11': 32, 'J12': 20, 'J13': 28, 'cluster3106249630_3106249631_J60_J61_#5more': 36}, {'J10': 6, 'J11': 48, 'J12': 64, 'J13': 40, 'cluster3106249630_3106249631_J60_J61_#5more': 67}, 
1030.0, {'J10': -253.5, 'J11': -74283.0, 'J12': -19439.5, 'J13': -22877.5, 'cluster3106249630_3106249631_J60_J61_#5more': -85358.5}, {'J10': 7, 'J11': 32, 'J12': 20, 'J13': 28, 'cluster3106249630_3106249631_J60_J61_#5more': 36}, {'J10': 8, 'J11': 48, 'J12': 62, 'J13': 40, 'cluster3106249630_3106249631_J60_J61_#5more': 68}, 
1035.0, {'J10': -340.0, 'J11': -74763.0, 'J12': -19952.0, 'J13': -23277.5, 'cluster3106249630_3106249631_J60_J61_#5more': -86038.5}, {'J10': 10, 'J11': 32, 'J12': 20, 'J13': 28, 'cluster3106249630_3106249631_J60_J61_#5more': 36}, {'J10': 11, 'J11': 48, 'J12': 62, 'J13': 40, 'cluster3106249630_3106249631_J60_J61_#5more': 68}, 
1040.0, {'J10': -450.0, 'J11': -75243.0, 'J12': -20413.5, 'J13': -23677.5, 'cluster3106249630_3106249631_J60_J61_#5more': -86720.5}, {'J10': 10, 'J11': 32, 'J12': 20, 'J13': 28, 'cluster3106249630_3106249631_J60_J61_#5more': 36}, {'J10': 11, 'J11': 48, 'J12': 60, 'J13': 40, 'cluster3106249630_3106249631_J60_J61_#5more': 70}, 
1045.0, {'J10': -560.0, 'J11': -75723.0, 'J12': -19183.5, 'J13': -24077.5, 'cluster3106249630_3106249631_J60_J61_#5more': -87424.5}, {'J10': 10, 'J11': 32, 'J12': 20, 'J13': 28, 'cluster3106249630_3106249631_J60_J61_#5more': 36}, {'J10': 11, 'J11': 48, 'J12': 54, 'J13': 40, 'cluster3106249630_3106249631_J60_J61_#5more': 71}, 
1050.0, {'J10': -683.0, 'J11': -76203.0, 'J12': -19335.0, 'J13': -21409.5, 'cluster3106249630_3106249631_J60_J61_#5more': -87660.5}, {'J10': 11, 'J11': 32, 'J12': 20, 'J13': 26, 'cluster3106249630_3106249631_J60_J61_#5more': 36}, {'J10': 15, 'J11': 48, 'J12': 52, 'J13': 36, 'cluster3106249630_3106249631_J60_J61_#5more': 70}, 
1055.0, {'J10': -833.0, 'J11': -76683.0, 'J12': -19642.0, 'J13': -21182.0, 'cluster3106249630_3106249631_J60_J61_#5more': -88362.5}, {'J10': 11, 'J11': 32, 'J12': 20, 'J13': 26, 'cluster3106249630_3106249631_J60_J61_#5more': 36}, {'J10': 15, 'J11': 48, 'J12': 50, 'J13': 34, 'cluster3106249630_3106249631_J60_J61_#5more': 71}, 
1060.0, {'J10': -983.0, 'J11': -77163.0, 'J12': -19869.5, 'J13': -21522.0, 'cluster3106249630_3106249631_J60_J61_#5more': -89015.0}, {'J10': 11, 'J11': 32, 'J12': 20, 'J13': 26, 'cluster3106249630_3106249631_J60_J61_#5more': 36}, {'J10': 15, 'J11': 48, 'J12': 49, 'J13': 34, 'cluster3106249630_3106249631_J60_J61_#5more': 71}, 
1065.0, {'J10': -1098.5, 'J11': -77643.0, 'J12': -20002.5, 'J13': -21864.5, 'cluster3106249630_3106249631_J60_J61_#5more': -89689.5}, {'J10': 11, 'J11': 32, 'J12': 20, 'J13': 26, 'cluster3106249630_3106249631_J60_J61_#5more': 36}, {'J10': 14, 'J11': 48, 'J12': 46, 'J13': 36, 'cluster3106249630_3106249631_J60_J61_#5more': 69}, 
1070.0, {'J10': -1205.0, 'J11': -78123.0, 'J12': -20408.0, 'J13': -22227.5, 'cluster3106249630_3106249631_J60_J61_#5more': -90382.0}, {'J10': 13, 'J11': 32, 'J12': 20, 'J13': 26, 'cluster3106249630_3106249631_J60_J61_#5more': 36}, {'J10': 15, 'J11': 48, 'J12': 48, 'J13': 37, 'cluster3106249630_3106249631_J60_J61_#5more': 70}, 
1075.0, {'J10': -1355.0, 'J11': -78603.0, 'J12': -20830.0, 'J13': -22610.5, 'cluster3106249630_3106249631_J60_J61_#5more': -91082.5}, {'J10': 13, 'J11': 32, 'J12': 20, 'J13': 28, 'cluster3106249630_3106249631_J60_J61_#5more': 36}, {'J10': 15, 'J11': 48, 'J12': 49, 'J13': 41, 'cluster3106249630_3106249631_J60_J61_#5more': 71}, 
1080.0, {'J10': -1383.5, 'J11': -79083.0, 'J12': -21056.5, 'J13': -23024.5, 'cluster3106249630_3106249631_J60_J61_#5more': -91792.5}, {'J10': 13, 'J11': 32, 'J12': 20, 'J13': 28, 'cluster3106249630_3106249631_J60_J61_#5more': 36}, {'J10': 14, 'J11': 48, 'J12': 45, 'J13': 42, 'cluster3106249630_3106249631_J60_J61_#5more': 71}, 
1085.0, {'J10': -1450.5, 'J11': -79563.0, 'J12': -21393.5, 'J13': -23444.5, 'cluster3106249630_3106249631_J60_J61_#5more': -92411.0}, {'J10': 13, 'J11': 32, 'J12': 20, 'J13': 28, 'cluster3106249630_3106249631_J60_J61_#5more': 36}, {'J10': 14, 'J11': 48, 'J12': 44, 'J13': 42, 'cluster3106249630_3106249631_J60_J61_#5more': 70}, 
1090.0, {'J10': -1590.5, 'J11': -80043.0, 'J12': -21396.0, 'J13': -23864.5, 'cluster3106249630_3106249631_J60_J61_#5more': -92916.5}, {'J10': 13, 'J11': 32, 'J12': 20, 'J13': 28, 'cluster3106249630_3106249631_J60_J61_#5more': 36}, {'J10': 14, 'J11': 48, 'J12': 46, 'J13': 42, 'cluster3106249630_3106249631_J60_J61_#5more': 68}, 
1095.0, {'J10': -1730.5, 'J11': -80523.0, 'J12': -21041.0, 'J13': -24289.5, 'cluster3106249630_3106249631_J60_J61_#5more': -93596.5}, {'J10': 13, 'J11': 32, 'J12': 20, 'J13': 28, 'cluster3106249630_3106249631_J60_J61_#5more': 36}, {'J10': 14, 'J11': 48, 'J12': 47, 'J13': 43, 'cluster3106249630_3106249631_J60_J61_#5more': 68}, 
1100.0, {'J10': -1870.5, 'J11': -81003.0, 'J12': -21381.5, 'J13': -24719.5, 'cluster3106249630_3106249631_J60_J61_#5more': -94284.0}, {'J10': 13, 'J11': 32, 'J12': 20, 'J13': 28, 'cluster3106249630_3106249631_J60_J61_#5more': 36}, {'J10': 14, 'J11': 48, 'J12': 45, 'J13': 43, 'cluster3106249630_3106249631_J60_J61_#5more': 71}, 
1105.0, {'J10': -2010.5, 'J11': -81483.0, 'J12': -21422.0, 'J13': -25149.5, 'cluster3106249630_3106249631_J60_J61_#5more': -94994.0}, {'J10': 13, 'J11': 32, 'J12': 20, 'J13': 28, 'cluster3106249630_3106249631_J60_J61_#5more': 36}, {'J10': 14, 'J11': 48, 'J12': 43, 'J13': 43, 'cluster3106249630_3106249631_J60_J61_#5more': 71}, 
1110.0, {'J10': -2150.5, 'J11': -81963.0, 'J12': -21724.5, 'J13': -25579.5, 'cluster3106249630_3106249631_J60_J61_#5more': -95704.0}, {'J10': 13, 'J11': 32, 'J12': 20, 'J13': 28, 'cluster3106249630_3106249631_J60_J61_#5more': 36}, {'J10': 14, 'J11': 48, 'J12': 40, 'J13': 43, 'cluster3106249630_3106249631_J60_J61_#5more': 71}, 
1115.0, {'J10': -2290.5, 'J11': -82443.0, 'J12': -21890.5, 'J13': -21771.0, 'cluster3106249630_3106249631_J60_J61_#5more': -95836.0}, {'J10': 13, 'J11': 32, 'J12': 20, 'J13': 25, 'cluster3106249630_3106249631_J60_J61_#5more': 36}, {'J10': 14, 'J11': 48, 'J12': 40, 'J13': 37, 'cluster3106249630_3106249631_J60_J61_#5more': 71}, 
1120.0, {'J10': -2434.0, 'J11': -82923.0, 'J12': -22289.5, 'J13': -20503.0, 'cluster3106249630_3106249631_J60_J61_#5more': -96548.5}, {'J10': 13, 'J11': 32, 'J12': 20, 'J13': 24, 'cluster3106249630_3106249631_J60_J61_#5more': 36}, {'J10': 15, 'J11': 48, 'J12': 43, 'J13': 35, 'cluster3106249630_3106249631_J60_J61_#5more': 72}, 
1125.0, {'J10': -2584.0, 'J11': -83403.0, 'J12': -17051.5, 'J13': -20853.0, 'cluster3106249630_3106249631_J60_J61_#5more': -97159.0}, {'J10': 13, 'J11': 32, 'J12': 16, 'J13': 24, 'cluster3106249630_3106249631_J60_J61_#5more': 36}, {'J10': 15, 'J11': 48, 'J12': 39, 'J13': 35, 'cluster3106249630_3106249631_J60_J61_#5more': 72}, 
1130.0, {'J10': -2737.0, 'J11': -83883.0, 'J12': -16517.5, 'J13': -21206.0, 'cluster3106249630_3106249631_J60_J61_#5more': -97758.0}, {'J10': 13, 'J11': 32, 'J12': 16, 'J13': 24, 'cluster3106249630_3106249631_J60_J61_#5more': 36}, {'J10': 16, 'J11': 48, 'J12': 40, 'J13': 37, 'cluster3106249630_3106249631_J60_J61_#5more': 72}, 
1135.0, {'J10': -2897.0, 'J11': -84363.0, 'J12': -16560.0, 'J13': -21577.0, 'cluster3106249630_3106249631_J60_J61_#5more': -98336.0}, {'J10': 13, 'J11': 32, 'J12': 16, 'J13': 25, 'cluster3106249630_3106249631_J60_J61_#5more': 36}, {'J10': 16, 'J11': 48, 'J12': 44, 'J13': 38, 'cluster3106249630_3106249631_J60_J61_#5more': 70}, 
1140.0, {'J10': -3057.0, 'J11': -84843.0, 'J12': -16929.0, 'J13': -21968.0, 'cluster3106249630_3106249631_J60_J61_#5more': -98957.5}, {'J10': 13, 'J11': 32, 'J12': 16, 'J13': 28, 'cluster3106249630_3106249631_J60_J61_#5more': 36}, {'J10': 16, 'J11': 48, 'J12': 44, 'J13': 41, 'cluster3106249630_3106249631_J60_J61_#5more': 67}, 
1145.0, {'J10': -3042.5, 'J11': -85325.0, 'J12': -17323.5, 'J13': -22378.0, 'cluster3106249630_3106249631_J60_J61_#5more': -99608.0}, {'J10': 13, 'J11': 32, 'J12': 20, 'J13': 28, 'cluster3106249630_3106249631_J60_J61_#5more': 36}, {'J10': 14, 'J11': 49, 'J12': 47, 'J13': 41, 'cluster3106249630_3106249631_J60_J61_#5more': 67}, 
1150.0, {'J10': -3142.0, 'J11': -85815.0, 'J12': -15429.0, 'J13': -22788.0, 'cluster3106249630_3106249631_J60_J61_#5more': -100278.5}, {'J10': 13, 'J11': 32, 'J12': 18, 'J13': 28, 'cluster3106249630_3106249631_J60_J61_#5more': 36}, {'J10': 14, 'J11': 49, 'J12': 47, 'J13': 41, 'cluster3106249630_3106249631_J60_J61_#5more': 68}, 
1155.0, {'J10': -3282.0, 'J11': -86283.0, 'J12': -15907.5, 'J13': -23198.0, 'cluster3106249630_3106249631_J60_J61_#5more': -100948.0}, {'J10': 13, 'J11': 32, 'J12': 18, 'J13': 28, 'cluster3106249630_3106249631_J60_J61_#5more': 36}, {'J10': 14, 'J11': 48, 'J12': 50, 'J13': 41, 'cluster3106249630_3106249631_J60_J61_#5more': 67}, 
1160.0, {'J10': -3422.0, 'J11': -86763.0, 'J12': -15953.5, 'J13': -23608.0, 'cluster3106249630_3106249631_J60_J61_#5more': -101618.0}, {'J10': 13, 'J11': 32, 'J12': 18, 'J13': 28, 'cluster3106249630_3106249631_J60_J61_#5more': 36}, {'J10': 14, 'J11': 48, 'J12': 49, 'J13': 41, 'cluster3106249630_3106249631_J60_J61_#5more': 67}, 
1165.0, {'J10': -3562.0, 'J11': -87243.0, 'J12': -13522.0, 'J13': -24018.0, 'cluster3106249630_3106249631_J60_J61_#5more': -102291.5}, {'J10': 13, 'J11': 32, 'J12': 18, 'J13': 28, 'cluster3106249630_3106249631_J60_J61_#5more': 36}, {'J10': 14, 'J11': 48, 'J12': 46, 'J13': 41, 'cluster3106249630_3106249631_J60_J61_#5more': 69}, 
1170.0, {'J10': -3702.0, 'J11': -87723.0, 'J12': -13929.5, 'J13': -24428.0, 'cluster3106249630_3106249631_J60_J61_#5more': -102989.0}, {'J10': 13, 'J11': 32, 'J12': 18, 'J13': 28, 'cluster3106249630_3106249631_J60_J61_#5more': 36}, {'J10': 14, 'J11': 48, 'J12': 44, 'J13': 41, 'cluster3106249630_3106249631_J60_J61_#5more': 71}, 
1175.0, {'J10': -3842.0, 'J11': -88203.0, 'J12': -14260.5, 'J13': -24840.5, 'cluster3106249630_3106249631_J60_J61_#5more': -103703.5}, {'J10': 13, 'J11': 32, 'J12': 18, 'J13': 28, 'cluster3106249630_3106249631_J60_J61_#5more': 36}, {'J10': 14, 'J11': 48, 'J12': 49, 'J13': 42, 'cluster3106249630_3106249631_J60_J61_#5more': 72}, 
1180.0, {'J10': -3982.0, 'J11': -88683.0, 'J12': -14521.5, 'J13': -22501.0, 'cluster3106249630_3106249631_J60_J61_#5more': -103708.0}, {'J10': 13, 'J11': 32, 'J12': 19, 'J13': 26, 'cluster3106249630_3106249631_J60_J61_#5more': 36}, {'J10': 14, 'J11': 48, 'J12': 52, 'J13': 38, 'cluster3106249630_3106249631_J60_J61_#5more': 70}, 
1185.0, {'J10': -4122.0, 'J11': -89163.0, 'J12': -14793.0, 'J13': -20735.0, 'cluster3106249630_3106249631_J60_J61_#5more': -104366.0}, {'J10': 13, 'J11': 32, 'J12': 21, 'J13': 24, 'cluster3106249630_3106249631_J60_J61_#5more': 36}, {'J10': 14, 'J11': 48, 'J12': 52, 'J13': 36, 'cluster3106249630_3106249631_J60_J61_#5more': 70}, 
1190.0, {'J10': -4262.0, 'J11': -89643.0, 'J12': -15025.0, 'J13': -21095.0, 'cluster3106249630_3106249631_J60_J61_#5more': -105017.5}, {'J10': 13, 'J11': 32, 'J12': 21, 'J13': 24, 'cluster3106249630_3106249631_J60_J61_#5more': 36}, {'J10': 14, 'J11': 48, 'J12': 54, 'J13': 36, 'cluster3106249630_3106249631_J60_J61_#5more': 70}, 
1195.0, {'J10': -4402.0, 'J11': -90123.0, 'J12': -15470.5, 'J13': -21459.0, 'cluster3106249630_3106249631_J60_J61_#5more': -105630.0}, {'J10': 13, 'J11': 32, 'J12': 21, 'J13': 24, 'cluster3106249630_3106249631_J60_J61_#5more': 36}, {'J10': 14, 'J11': 48, 'J12': 53, 'J13': 37, 'cluster3106249630_3106249631_J60_J61_#5more': 67}, 
1200.0, {'J10': -4542.0, 'J11': -90603.0, 'J12': -15954.5, 'J13': -21829.0, 'cluster3106249630_3106249631_J60_J61_#5more': -106306.0}, {'J10': 13, 'J11': 32, 'J12': 21, 'J13': 24, 'cluster3106249630_3106249631_J60_J61_#5more': 36}, {'J10': 14, 'J11': 48, 'J12': 54, 'J13': 37, 'cluster3106249630_3106249631_J60_J61_#5more': 70}, 
1205.0, {'J10': -4682.0, 'J11': -91083.0, 'J12': -16471.0, 'J13': -22213.0, 'cluster3106249630_3106249631_J60_J61_#5more': -107007.0}, {'J10': 13, 'J11': 32, 'J12': 21, 'J13': 28, 'cluster3106249630_3106249631_J60_J61_#5more': 36}, {'J10': 14, 'J11': 48, 'J12': 56, 'J13': 41, 'cluster3106249630_3106249631_J60_J61_#5more': 71}, 
1210.0, {'J10': -4700.5, 'J11': -91563.0, 'J12': -16633.0, 'J13': -22623.0, 'cluster3106249630_3106249631_J60_J61_#5more': -107610.5}, {'J10': 13, 'J11': 32, 'J12': 21, 'J13': 28, 'cluster3106249630_3106249631_J60_J61_#5more': 36}, {'J10': 14, 'J11': 48, 'J12': 54, 'J13': 41, 'cluster3106249630_3106249631_J60_J61_#5more': 69}, 
1215.0, {'J10': -4845.5, 'J11': -92043.0, 'J12': -17045.0, 'J13': -23033.0, 'cluster3106249630_3106249631_J60_J61_#5more': -108300.5}, {'J10': 13, 'J11': 32, 'J12': 21, 'J13': 28, 'cluster3106249630_3106249631_J60_J61_#5more': 36}, {'J10': 16, 'J11': 48, 'J12': 53, 'J13': 41, 'cluster3106249630_3106249631_J60_J61_#5more': 69}, 
1220.0, {'J10': -5014.5, 'J11': -92523.0, 'J12': -17315.5, 'J13': -23443.0, 'cluster3106249630_3106249631_J60_J61_#5more': -108995.0}, {'J10': 13, 'J11': 32, 'J12': 21, 'J13': 28, 'cluster3106249630_3106249631_J60_J61_#5more': 36}, {'J10': 18, 'J11': 48, 'J12': 51, 'J13': 41, 'cluster3106249630_3106249631_J60_J61_#5more': 71}, 
1225.0, {'J10': -5134.5, 'J11': -93005.0, 'J12': -17604.5, 'J13': -23853.0, 'cluster3106249630_3106249631_J60_J61_#5more': -109706.0}, {'J10': 13, 'J11': 32, 'J12': 21, 'J13': 28, 'cluster3106249630_3106249631_J60_J61_#5more': 36}, {'J10': 15, 'J11': 49, 'J12': 48, 'J13': 41, 'cluster3106249630_3106249631_J60_J61_#5more': 72}, 
1230.0, {'J10': -5284.5, 'J11': -93499.5, 'J12': -18009.0, 'J13': -24263.0, 'cluster3106249630_3106249631_J60_J61_#5more': -110431.0}, {'J10': 13, 'J11': 32, 'J12': 21, 'J13': 28, 'cluster3106249630_3106249631_J60_J61_#5more': 36}, {'J10': 15, 'J11': 51, 'J12': 48, 'J13': 41, 'cluster3106249630_3106249631_J60_J61_#5more': 73}, 
1235.0, {'J10': -5434.5, 'J11': -94013.5, 'J12': -18495.0, 'J13': -24673.0, 'cluster3106249630_3106249631_J60_J61_#5more': -111161.0}, {'J10': 13, 'J11': 32, 'J12': 21, 'J13': 28, 'cluster3106249630_3106249631_J60_J61_#5more': 36}, {'J10': 15, 'J11': 52, 'J12': 51, 'J13': 41, 'cluster3106249630_3106249631_J60_J61_#5more': 73}, 
1240.0, {'J10': -5584.5, 'J11': -94501.5, 'J12': -19017.5, 'J13': -25083.0, 'cluster3106249630_3106249631_J60_J61_#5more': -111891.0}, {'J10': 13, 'J11': 32, 'J12': 21, 'J13': 28, 'cluster3106249630_3106249631_J60_J61_#5more': 36}, {'J10': 15, 'J11': 51, 'J12': 54, 'J13': 41, 'cluster3106249630_3106249631_J60_J61_#5more': 73}, 
1245.0, {'J10': -5734.5, 'J11': -95011.5, 'J12': -19444.5, 'J13': -21641.0, 'cluster3106249630_3106249631_J60_J61_#5more': -111798.0}, {'J10': 13, 'J11': 32, 'J12': 21, 'J13': 25, 'cluster3106249630_3106249631_J60_J61_#5more': 36}, {'J10': 15, 'J11': 51, 'J12': 53, 'J13': 37, 'cluster3106249630_3106249631_J60_J61_#5more': 73}, 
1250.0, {'J10': -5887.5, 'J11': -95478.0, 'J12': -19679.5, 'J13': -20506.0, 'cluster3106249630_3106249631_J60_J61_#5more': -112528.0}, {'J10': 13, 'J11': 32, 'J12': 21, 'J13': 24, 'cluster3106249630_3106249631_J60_J61_#5more': 36}, {'J10': 16, 'J11': 50, 'J12': 49, 'J13': 35, 'cluster3106249630_3106249631_J60_J61_#5more': 73}, 
1255.0, {'J10': -6051.0, 'J11': -95980.5, 'J12': -19965.5, 'J13': -20856.0, 'cluster3106249630_3106249631_J60_J61_#5more': -113237.5}, {'J10': 13, 'J11': 32, 'J12': 21, 'J13': 24, 'cluster3106249630_3106249631_J60_J61_#5more': 36}, {'J10': 17, 'J11': 51, 'J12': 47, 'J13': 35, 'cluster3106249630_3106249631_J60_J61_#5more': 72}, 
1260.0, {'J10': -6221.0, 'J11': -96496.0, 'J12': -20358.5, 'J13': -21208.5, 'cluster3106249630_3106249631_J60_J61_#5more': -113957.5}, {'J10': 13, 'J11': 32, 'J12': 21, 'J13': 24, 'cluster3106249630_3106249631_J60_J61_#5more': 36}, {'J10': 17, 'J11': 53, 'J12': 45, 'J13': 37, 'cluster3106249630_3106249631_J60_J61_#5more': 72}, 
1265.0, {'J10': -6391.0, 'J11': -96960.0, 'J12': -20822.5, 'J13': -21578.5, 'cluster3106249630_3106249631_J60_J61_#5more': -114677.5}, {'J10': 13, 'J11': 32, 'J12': 21, 'J13': 24, 'cluster3106249630_3106249631_J60_J61_#5more': 36}, {'J10': 17, 'J11': 54, 'J12': 49, 'J13': 37, 'cluster3106249630_3106249631_J60_J61_#5more': 72}, 
1270.0, {'J10': -6566.0, 'J11': -97500.5, 'J12': -20897.5, 'J13': -21966.0, 'cluster3106249630_3106249631_J60_J61_#5more': -115256.0}, {'J10': 13, 'J11': 32, 'J12': 21, 'J13': 28, 'cluster3106249630_3106249631_J60_J61_#5more': 36}, {'J10': 19, 'J11': 55, 'J12': 52, 'J13': 42, 'cluster3106249630_3106249631_J60_J61_#5more': 71}, 
1275.0, {'J10': -6467.5, 'J11': -97931.5, 'J12': -21026.5, 'J13': -22386.0, 'cluster3106249630_3106249631_J60_J61_#5more': -115815.0}, {'J10': 13, 'J11': 32, 'J12': 21, 'J13': 28, 'cluster3106249630_3106249631_J60_J61_#5more': 36}, {'J10': 16, 'J11': 53, 'J12': 48, 'J13': 42, 'cluster3106249630_3106249631_J60_J61_#5more': 70}, 
1280.0, {'J10': -6629.5, 'J11': -98421.0, 'J12': -21460.0, 'J13': -22806.0, 'cluster3106249630_3106249631_J60_J61_#5more': -116515.5}, {'J10': 13, 'J11': 32, 'J12': 21, 'J13': 28, 'cluster3106249630_3106249631_J60_J61_#5more': 36}, {'J10': 17, 'J11': 52, 'J12': 53, 'J13': 42, 'cluster3106249630_3106249631_J60_J61_#5more': 71}, 
1285.0, {'J10': -6810.5, 'J11': -98949.0, 'J12': -21751.0, 'J13': -23226.0, 'cluster3106249630_3106249631_J60_J61_#5more': -117229.5}, {'J10': 13, 'J11': 32, 'J12': 21, 'J13': 28, 'cluster3106249630_3106249631_J60_J61_#5more': 36}, {'J10': 20, 'J11': 54, 'J12': 51, 'J13': 42, 'cluster3106249630_3106249631_J60_J61_#5more': 72}, 
1290.0, {'J10': -7019.0, 'J11': -99376.0, 'J12': -21782.5, 'J13': -23646.0, 'cluster3106249630_3106249631_J60_J61_#5more': -117807.0}, {'J10': 13, 'J11': 32, 'J12': 21, 'J13': 28, 'cluster3106249630_3106249631_J60_J61_#5more': 36}, {'J10': 22, 'J11': 52, 'J12': 49, 'J13': 42, 'cluster3106249630_3106249631_J60_J61_#5more': 71}, 
1295.0, {'J10': -7147.0, 'J11': -99848.0, 'J12': -22091.0, 'J13': -24066.0, 'cluster3106249630_3106249631_J60_J61_#5more': -118382.0}, {'J10': 13, 'J11': 32, 'J12': 21, 'J13': 28, 'cluster3106249630_3106249631_J60_J61_#5more': 36}, {'J10': 19, 'J11': 50, 'J12': 48, 'J13': 42, 'cluster3106249630_3106249631_J60_J61_#5more': 70}, 
1300.0, {'J10': -7312.5, 'J11': -100349.0, 'J12': -22433.5, 'J13': -24486.0, 'cluster3106249630_3106249631_J60_J61_#5more': -119085.0}, {'J10': 13, 'J11': 32, 'J12': 21, 'J13': 28, 'cluster3106249630_3106249631_J60_J61_#5more': 36}, {'J10': 18, 'J11': 51, 'J12': 46, 'J13': 42, 'cluster3106249630_3106249631_J60_J61_#5more': 71}, 
1305.0, {'J10': -7492.5, 'J11': -100868.5, 'J12': -22714.0, 'J13': -24906.0, 'cluster3106249630_3106249631_J60_J61_#5more': -119798.0}, {'J10': 13, 'J11': 32, 'J12': 21, 'J13': 28, 'cluster3106249630_3106249631_J60_J61_#5more': 36}, {'J10': 18, 'J11': 54, 'J12': 46, 'J13': 42, 'cluster3106249630_3106249631_J60_J61_#5more': 73}, 
1310.0, {'J10': -7672.5, 'J11': -101373.0, 'J12': -23091.0, 'J13': -21256.0, 'cluster3106249630_3106249631_J60_J61_#5more': -120528.0}, {'J10': 13, 'J11': 32, 'J12': 21, 'J13': 25, 'cluster3106249630_3106249631_J60_J61_#5more': 36}, {'J10': 18, 'J11': 52, 'J12': 46, 'J13': 38, 'cluster3106249630_3106249631_J60_J61_#5more': 73}, 
1315.0, {'J10': -7852.5, 'J11': -101848.0, 'J12': -23538.0, 'J13': -20620.0, 'cluster3106249630_3106249631_J60_J61_#5more': -121261.0}, {'J10': 13, 'J11': 32, 'J12': 21, 'J13': 24, 'cluster3106249630_3106249631_J60_J61_#5more': 36}, {'J10': 18, 'J11': 50, 'J12': 48, 'J13': 36, 'cluster3106249630_3106249631_J60_J61_#5more': 74}, 
1320.0, {'J10': -8032.5, 'J11': -102348.0, 'J12': -23879.0, 'J13': -20980.0, 'cluster3106249630_3106249631_J60_J61_#5more': -121988.0}, {'J10': 13, 'J11': 32, 'J12': 21, 'J13': 24, 'cluster3106249630_3106249631_J60_J61_#5more': 36}, {'J10': 18, 'J11': 50, 'J12': 48, 'J13': 36, 'cluster3106249630_3106249631_J60_J61_#5more': 73}, 
1325.0, {'J10': -8212.5, 'J11': -102603.0, 'J12': -24312.0, 'J13': -21343.0, 'cluster3106249630_3106249631_J60_J61_#5more': -122718.0}, {'J10': 13, 'J11': 32, 'J12': 21, 'J13': 24, 'cluster3106249630_3106249631_J60_J61_#5more': 36}, {'J10': 18, 'J11': 48, 'J12': 49, 'J13': 39, 'cluster3106249630_3106249631_J60_J61_#5more': 73}, 
1330.0, {'J10': -8392.5, 'J11': -103083.0, 'J12': -24602.5, 'J13': -21733.0, 'cluster3106249630_3106249631_J60_J61_#5more': -123450.5}, {'J10': 13, 'J11': 32, 'J12': 21, 'J13': 24, 'cluster3106249630_3106249631_J60_J61_#5more': 36}, {'J10': 18, 'J11': 48, 'J12': 46, 'J13': 39, 'cluster3106249630_3106249631_J60_J61_#5more': 74}, 
1335.0, {'J10': -8572.5, 'J11': -103563.0, 'J12': -25046.5, 'J13': -22131.5, 'cluster3106249630_3106249631_J60_J61_#5more': -124080.5}, {'J10': 13, 'J11': 32, 'J12': 21, 'J13': 26, 'cluster3106249630_3106249631_J60_J61_#5more': 36}, {'J10': 18, 'J11': 48, 'J12': 48, 'J13': 41, 'cluster3106249630_3106249631_J60_J61_#5more': 74}, 
1340.0, {'J10': -8569.5, 'J11': -104043.0, 'J12': -25539.5, 'J13': -22549.0, 'cluster3106249630_3106249631_J60_J61_#5more': -124820.5}, {'J10': 13, 'J11': 32, 'J12': 21, 'J13': 28, 'cluster3106249630_3106249631_J60_J61_#5more': 36}, {'J10': 17, 'J11': 48, 'J12': 52, 'J13': 43, 'cluster3106249630_3106249631_J60_J61_#5more': 74}, 
1345.0, {'J10': -8741.0, 'J11': -104523.0, 'J12': -23639.0, 'J13': -22979.0, 'cluster3106249630_3106249631_J60_J61_#5more': -125563.0}, {'J10': 13, 'J11': 32, 'J12': 21, 'J13': 28, 'cluster3106249630_3106249631_J60_J61_#5more': 36}, {'J10': 18, 'J11': 48, 'J12': 50, 'J13': 43, 'cluster3106249630_3106249631_J60_J61_#5more': 75}, 
1350.0, {'J10': -8925.5, 'J11': -105003.0, 'J12': -23983.5, 'J13': -23409.0, 'cluster3106249630_3106249631_J60_J61_#5more': -126313.0}, {'J10': 13, 'J11': 32, 'J12': 21, 'J13': 28, 'cluster3106249630_3106249631_J60_J61_#5more': 36}, {'J10': 20, 'J11': 48, 'J12': 48, 'J13': 43, 'cluster3106249630_3106249631_J60_J61_#5more': 75}, 
1355.0, {'J10': -9130.0, 'J11': -105483.0, 'J12': -24188.5, 'J13': -23839.0, 'cluster3106249630_3106249631_J60_J61_#5more': -127063.0}, {'J10': 13, 'J11': 32, 'J12': 21, 'J13': 28, 'cluster3106249630_3106249631_J60_J61_#5more': 36}, {'J10': 22, 'J11': 48, 'J12': 43, 'J13': 43, 'cluster3106249630_3106249631_J60_J61_#5more': 75}, 
1360.0, {'J10': -9272.0, 'J11': -105963.0, 'J12': -24243.5, 'J13': -24269.0, 'cluster3106249630_3106249631_J60_J61_#5more': -127813.0}, {'J10': 13, 'J11': 32, 'J12': 21, 'J13': 28, 'cluster3106249630_3106249631_J60_J61_#5more': 36}, {'J10': 18, 'J11': 48, 'J12': 45, 'J13': 43, 'cluster3106249630_3106249631_J60_J61_#5more': 75}, 
1365.0, {'J10': -9454.0, 'J11': -106443.0, 'J12': -24362.5, 'J13': -24699.0, 'cluster3106249630_3106249631_J60_J61_#5more': -128567.0}, {'J10': 13, 'J11': 32, 'J12': 21, 'J13': 28, 'cluster3106249630_3106249631_J60_J61_#5more': 36}, {'J10': 19, 'J11': 48, 'J12': 44, 'J13': 43, 'cluster3106249630_3106249631_J60_J61_#5more': 76}, 
1370.0, {'J10': -9644.0, 'J11': -106923.0, 'J12': -24822.5, 'J13': -25129.0, 'cluster3106249630_3106249631_J60_J61_#5more': -129328.5}, {'J10': 13, 'J11': 32, 'J12': 21, 'J13': 28, 'cluster3106249630_3106249631_J60_J61_#5more': 36}, {'J10': 19, 'J11': 48, 'J12': 49, 'J13': 43, 'cluster3106249630_3106249631_J60_J61_#5more': 77}, 
1375.0, {'J10': -9834.0, 'J11': -107403.0, 'J12': -25317.5, 'J13': -22848.0, 'cluster3106249630_3106249631_J60_J61_#5more': -130098.5}, {'J10': 13, 'J11': 32, 'J12': 21, 'J13': 26, 'cluster3106249630_3106249631_J60_J61_#5more': 36}, {'J10': 19, 'J11': 48, 'J12': 50, 'J13': 39, 'cluster3106249630_3106249631_J60_J61_#5more': 77}, 
1380.0, {'J10': -10024.0, 'J11': -107883.0, 'J12': -25823.0, 'J13': -20730.0, 'cluster3106249630_3106249631_J60_J61_#5more': -130870.5}, {'J10': 13, 'J11': 32, 'J12': 21, 'J13': 24, 'cluster3106249630_3106249631_J60_J61_#5more': 36}, {'J10': 19, 'J11': 48, 'J12': 53, 'J13': 36, 'cluster3106249630_3106249631_J60_J61_#5more': 78}, 
1385.0, {'J10': -10214.0, 'J11': -108363.0, 'J12': -26356.5, 'J13': -21090.0, 'cluster3106249630_3106249631_J60_J61_#5more': -131663.0}, {'J10': 13, 'J11': 32, 'J12': 21, 'J13': 24, 'cluster3106249630_3106249631_J60_J61_#5more': 36}, {'J10': 19, 'J11': 48, 'J12': 54, 'J13': 36, 'cluster3106249630_3106249631_J60_J61_#5more': 82}, 
1390.0, {'J10': -10404.0, 'J11': -108843.0, 'J12': -26902.5, 'J13': -21452.5, 'cluster3106249630_3106249631_J60_J61_#5more': -132033.5}, {'J10': 13, 'J11': 32, 'J12': 21, 'J13': 24, 'cluster3106249630_3106249631_J60_J61_#5more': 36}, {'J10': 19, 'J11': 48, 'J12': 57, 'J13': 38, 'cluster3106249630_3106249631_J60_J61_#5more': 78}, 
1395.0, {'J10': -10594.0, 'J11': -109323.0, 'J12': -27477.0, 'J13': -21832.5, 'cluster3106249630_3106249631_J60_J61_#5more': -132565.0}, {'J10': 13, 'J11': 32, 'J12': 21, 'J13': 24, 'cluster3106249630_3106249631_J60_J61_#5more': 36}, {'J10': 19, 'J11': 48, 'J12': 59, 'J13': 38, 'cluster3106249630_3106249631_J60_J61_#5more': 74}, 
1400.0, {'J10': -10784.0, 'J11': -109803.0, 'J12': -28071.0, 'J13': -22226.5, 'cluster3106249630_3106249631_J60_J61_#5more': -133305.0}, {'J10': 13, 'J11': 32, 'J12': 21, 'J13': 28, 'cluster3106249630_3106249631_J60_J61_#5more': 36}, {'J10': 19, 'J11': 48, 'J12': 61, 'J13': 42, 'cluster3106249630_3106249631_J60_J61_#5more': 74}, 
1405.0, {'J10': -10619.0, 'J11': -110283.0, 'J12': -28687.5, 'J13': -22649.0, 'cluster3106249630_3106249631_J60_J61_#5more': -134054.5}, {'J10': 13, 'J11': 32, 'J12': 21, 'J13': 28, 'cluster3106249630_3106249631_J60_J61_#5more': 36}, {'J10': 18, 'J11': 48, 'J12': 63, 'J13': 43, 'cluster3106249630_3106249631_J60_J61_#5more': 77}, 
1410.0, {'J10': -10800.5, 'J11': -110763.0, 'J12': -28854.0, 'J13': -23079.0, 'cluster3106249630_3106249631_J60_J61_#5more': -134826.5}, {'J10': 13, 'J11': 32, 'J12': 21, 'J13': 28, 'cluster3106249630_3106249631_J60_J61_#5more': 36}, {'J10': 19, 'J11': 48, 'J12': 59, 'J13': 43, 'cluster3106249630_3106249631_J60_J61_#5more': 78}, 
1415.0, {'J10': -10998.5, 'J11': -111243.0, 'J12': -29103.0, 'J13': -23509.0, 'cluster3106249630_3106249631_J60_J61_#5more': -135606.5}, {'J10': 13, 'J11': 32, 'J12': 21, 'J13': 28, 'cluster3106249630_3106249631_J60_J61_#5more': 36}, {'J10': 22, 'J11': 48, 'J12': 56, 'J13': 43, 'cluster3106249630_3106249631_J60_J61_#5more': 78}, 
1420.0, {'J10': -11141.0, 'J11': -111723.0, 'J12': -29294.0, 'J13': -23939.0, 'cluster3106249630_3106249631_J60_J61_#5more': -136386.5}, {'J10': 13, 'J11': 32, 'J12': 21, 'J13': 28, 'cluster3106249630_3106249631_J60_J61_#5more': 36}, {'J10': 18, 'J11': 48, 'J12': 52, 'J13': 43, 'cluster3106249630_3106249631_J60_J61_#5more': 78}, 
1425.0, {'J10': -11321.0, 'J11': -112203.0, 'J12': -29763.0, 'J13': -24369.0, 'cluster3106249630_3106249631_J60_J61_#5more': -137166.5}, {'J10': 13, 'J11': 32, 'J12': 21, 'J13': 28, 'cluster3106249630_3106249631_J60_J61_#5more': 36}, {'J10': 18, 'J11': 48, 'J12': 54, 'J13': 43, 'cluster3106249630_3106249631_J60_J61_#5more': 78}, 
1430.0, {'J10': -11501.0, 'J11': -112683.0, 'J12': -30021.5, 'J13': -24799.0, 'cluster3106249630_3106249631_J60_J61_#5more': -137946.5}, {'J10': 13, 'J11': 32, 'J12': 21, 'J13': 28, 'cluster3106249630_3106249631_J60_J61_#5more': 36}, {'J10': 18, 'J11': 48, 'J12': 51, 'J13': 43, 'cluster3106249630_3106249631_J60_J61_#5more': 78}, 
1435.0, {'J10': -11681.0, 'J11': -113163.0, 'J12': -30480.0, 'J13': -25229.0, 'cluster3106249630_3106249631_J60_J61_#5more': -138726.5}, {'J10': 13, 'J11': 32, 'J12': 21, 'J13': 28, 'cluster3106249630_3106249631_J60_J61_#5more': 36}, {'J10': 18, 'J11': 48, 'J12': 51, 'J13': 43, 'cluster3106249630_3106249631_J60_J61_#5more': 78}, 
1440.0, {'J10': -11861.0, 'J11': -113643.0, 'J12': -30999.0, 'J13': -23100.5, 'cluster3106249630_3106249631_J60_J61_#5more': -139506.5}, {'J10': 13, 'J11': 32, 'J12': 21, 'J13': 26, 'cluster3106249630_3106249631_J60_J61_#5more': 36}, {'J10': 18, 'J11': 48, 'J12': 56, 'J13': 40, 'cluster3106249630_3106249631_J60_J61_#5more': 78}, 
1445.0, {'J10': -12041.0, 'J11': -114123.0, 'J12': -31162.5, 'J13': -21603.0, 'cluster3106249630_3106249631_J60_J61_#5more': -140286.5}, {'J10': 13, 'J11': 32, 'J12': 21, 'J13': 24, 'cluster3106249630_3106249631_J60_J61_#5more': 36}, {'J10': 18, 'J11': 48, 'J12': 57, 'J13': 37, 'cluster3106249630_3106249631_J60_J61_#5more': 78}, 
1450.0, {'J10': -12221.0, 'J11': -114603.0, 'J12': -31589.5, 'J13': -21973.0, 'cluster3106249630_3106249631_J60_J61_#5more': -141066.5}, {'J10': 13, 'J11': 32, 'J12': 21, 'J13': 24, 'cluster3106249630_3106249631_J60_J61_#5more': 36}, {'J10': 18, 'J11': 48, 'J12': 53, 'J13': 37, 'cluster3106249630_3106249631_J60_J61_#5more': 78}, 
1455.0, {'J10': -12401.0, 'J11': -115083.0, 'J12': -32027.0, 'J13': -22346.5, 'cluster3106249630_3106249631_J60_J61_#5more': -141846.5}, {'J10': 13, 'J11': 32, 'J12': 21, 'J13': 24, 'cluster3106249630_3106249631_J60_J61_#5more': 36}, {'J10': 18, 'J11': 48, 'J12': 51, 'J13': 38, 'cluster3106249630_3106249631_J60_J61_#5more': 78}, 
1460.0, {'J10': -12581.0, 'J11': -115568.0, 'J12': -32403.5, 'J13': -22726.5, 'cluster3106249630_3106249631_J60_J61_#5more': -142626.5}, {'J10': 13, 'J11': 32, 'J12': 21, 'J13': 24, 'cluster3106249630_3106249631_J60_J61_#5more': 36}, {'J10': 18, 'J11': 49, 'J12': 51, 'J13': 38, 'cluster3106249630_3106249631_J60_J61_#5more': 78}, 
1465.0, {'J10': -12761.0, 'J11': -116058.0, 'J12': -32877.5, 'J13': -23114.5, 'cluster3106249630_3106249631_J60_J61_#5more': -143406.5}, {'J10': 13, 'J11': 32, 'J12': 21, 'J13': 27, 'cluster3106249630_3106249631_J60_J61_#5more': 36}, {'J10': 18, 'J11': 49, 'J12': 54, 'J13': 41, 'cluster3106249630_3106249631_J60_J61_#5more': 78}, 
1470.0, {'J10': -12941.0, 'J11': -116548.0, 'J12': -33214.5, 'J13': -23528.0, 'cluster3106249630_3106249631_J60_J61_#5more': -144186.5}, {'J10': 13, 'J11': 32, 'J12': 21, 'J13': 28, 'cluster3106249630_3106249631_J60_J61_#5more': 36}, {'J10': 18, 'J11': 49, 'J12': 52, 'J13': 42, 'cluster3106249630_3106249631_J60_J61_#5more': 78}, 
1475.0, {'J10': -13121.0, 'J11': -117003.0, 'J12': -33620.0, 'J13': -23948.0, 'cluster3106249630_3106249631_J60_J61_#5more': -144966.5}, {'J10': 13, 'J11': 32, 'J12': 21, 'J13': 28, 'cluster3106249630_3106249631_J60_J61_#5more': 36}, {'J10': 18, 'J11': 48, 'J12': 51, 'J13': 42, 'cluster3106249630_3106249631_J60_J61_#5more': 78}, 
1480.0, {'J10': -13301.5, 'J11': -117483.0, 'J12': -34142.0, 'J13': -24368.0, 'cluster3106249630_3106249631_J60_J61_#5more': -145746.5}, {'J10': 13, 'J11': 32, 'J12': 21, 'J13': 28, 'cluster3106249630_3106249631_J60_J61_#5more': 36}, {'J10': 19, 'J11': 48, 'J12': 56, 'J13': 42, 'cluster3106249630_3106249631_J60_J61_#5more': 78}, 
1485.0, {'J10': -13491.5, 'J11': -117963.0, 'J12': -34453.0, 'J13': -24788.0, 'cluster3106249630_3106249631_J60_J61_#5more': -146526.5}, {'J10': 13, 'J11': 32, 'J12': 21, 'J13': 28, 'cluster3106249630_3106249631_J60_J61_#5more': 36}, {'J10': 19, 'J11': 48, 'J12': 52, 'J13': 42, 'cluster3106249630_3106249631_J60_J61_#5more': 78}, 
1490.0, {'J10': -13681.5, 'J11': -118443.0, 'J12': -34805.0, 'J13': -25208.0, 'cluster3106249630_3106249631_J60_J61_#5more': -147306.5}, {'J10': 13, 'J11': 32, 'J12': 21, 'J13': 28, 'cluster3106249630_3106249631_J60_J61_#5more': 36}, {'J10': 19, 'J11': 48, 'J12': 49, 'J13': 42, 'cluster3106249630_3106249631_J60_J61_#5more': 78}, 
1495.0, {'J10': -13871.5, 'J11': -118923.0, 'J12': -35273.0, 'J13': -25628.0, 'cluster3106249630_3106249631_J60_J61_#5more': -147784.0}, {'J10': 13, 'J11': 32, 'J12': 21, 'J13': 28, 'cluster3106249630_3106249631_J60_J61_#5more': 36}, {'J10': 19, 'J11': 48, 'J12': 51, 'J13': 42, 'cluster3106249630_3106249631_J60_J61_#5more': 77}, 
1500.0, {'J10': -14061.5, 'J11': -119403.0, 'J12': -35632.5, 'J13': -26048.0, 'cluster3106249630_3106249631_J60_J61_#5more': -148554.0}, {'J10': 13, 'J11': 32, 'J12': 21, 'J13': 28, 'cluster3106249630_3106249631_J60_J61_#5more': 36}, {'J10': 19, 'J11': 48, 'J12': 53, 'J13': 42, 'cluster3106249630_3106249631_J60_J61_#5more': 77}, 
1505.0, {'J10': -14251.5, 'J11': -119883.0, 'J12': -36162.5, 'J13': -23859.0, 'cluster3106249630_3106249631_J60_J61_#5more': -149119.5}, {'J10': 13, 'J11': 32, 'J12': 21, 'J13': 26, 'cluster3106249630_3106249631_J60_J61_#5more': 36}, {'J10': 19, 'J11': 48, 'J12': 53, 'J13': 39, 'cluster3106249630_3106249631_J60_J61_#5more': 76}, 
1510.0, {'J10': -14441.5, 'J11': -120363.0, 'J12': -36329.0, 'J13': -23374.0, 'cluster3106249630_3106249631_J60_J61_#5more': -149879.5}, {'J10': 13, 'J11': 32, 'J12': 21, 'J13': 25, 'cluster3106249630_3106249631_J60_J61_#5more': 36}, {'J10': 19, 'J11': 48, 'J12': 47, 'J13': 38, 'cluster3106249630_3106249631_J60_J61_#5more': 76}, 
1515.0, {'J10': -14631.5, 'J11': -120843.0, 'J12': -36749.0, 'J13': -23754.0, 'cluster3106249630_3106249631_J60_J61_#5more': -150643.5}, {'J10': 13, 'J11': 32, 'J12': 21, 'J13': 25, 'cluster3106249630_3106249631_J60_J61_#5more': 36}, {'J10': 19, 'J11': 48, 'J12': 47, 'J13': 38, 'cluster3106249630_3106249631_J60_J61_#5more': 77}, 
1520.0, {'J10': -14821.5, 'J11': -121323.0, 'J12': -27928.5, 'J13': -24137.5, 'cluster3106249630_3106249631_J60_J61_#5more': -151180.5}, {'J10': 13, 'J11': 32, 'J12': 17, 'J13': 25, 'cluster3106249630_3106249631_J60_J61_#5more': 36}, {'J10': 19, 'J11': 48, 'J12': 39, 'J13': 39, 'cluster3106249630_3106249631_J60_J61_#5more': 76}, 
1525.0, {'J10': -15011.5, 'J11': -121803.0, 'J12': -27189.0, 'J13': -24527.5, 'cluster3106249630_3106249631_J60_J61_#5more': -151940.5}, {'J10': 13, 'J11': 32, 'J12': 17, 'J13': 25, 'cluster3106249630_3106249631_J60_J61_#5more': 36}, {'J10': 19, 'J11': 48, 'J12': 38, 'J13': 39, 'cluster3106249630_3106249631_J60_J61_#5more': 76}, 
1530.0, {'J10': -15201.5, 'J11': -122283.5, 'J12': -27582.5, 'J13': -24927.0, 'cluster3106249630_3106249631_J60_J61_#5more': -152700.5}, {'J10': 13, 'J11': 32, 'J12': 17, 'J13': 28, 'cluster3106249630_3106249631_J60_J61_#5more': 36}, {'J10': 19, 'J11': 49, 'J12': 43, 'J13': 42, 'cluster3106249630_3106249631_J60_J61_#5more': 76}, 
1535.0, {'J10': -15281.0, 'J11': -122777.0, 'J12': -27837.5, 'J13': -25347.0, 'cluster3106249630_3106249631_J60_J61_#5more': -153154.5}, {'J10': 13, 'J11': 32, 'J12': 17, 'J13': 28, 'cluster3106249630_3106249631_J60_J61_#5more': 36}, {'J10': 18, 'J11': 51, 'J12': 42, 'J13': 42, 'cluster3106249630_3106249631_J60_J61_#5more': 74}, 
1540.0, {'J10': -15461.0, 'J11': -123266.5, 'J12': -28140.5, 'J13': -25767.0, 'cluster3106249630_3106249631_J60_J61_#5more': -153895.5}, {'J10': 13, 'J11': 32, 'J12': 21, 'J13': 28, 'cluster3106249630_3106249631_J60_J61_#5more': 36}, {'J10': 18, 'J11': 50, 'J12': 42, 'J13': 42, 'cluster3106249630_3106249631_J60_J61_#5more': 75}, 
1545.0, {'J10': -15641.0, 'J11': -123766.5, 'J12': -28569.0, 'J13': -26187.0, 'cluster3106249630_3106249631_J60_J61_#5more': -154653.0}, {'J10': 13, 'J11': 32, 'J12': 21, 'J13': 28, 'cluster3106249630_3106249631_J60_J61_#5more': 36}, {'J10': 18, 'J11': 50, 'J12': 46, 'J13': 42, 'cluster3106249630_3106249631_J60_J61_#5more': 77}, 
1550.0, {'J10': -15821.0, 'J11': -124266.5, 'J12': -29042.5, 'J13': -26607.0, 'cluster3106249630_3106249631_J60_J61_#5more': -155425.0}, {'J10': 13, 'J11': 32, 'J12': 21, 'J13': 28, 'cluster3106249630_3106249631_J60_J61_#5more': 36}, {'J10': 18, 'J11': 50, 'J12': 50, 'J13': 42, 'cluster3106249630_3106249631_J60_J61_#5more': 78}, 
1555.0, {'J10': -16001.0, 'J11': -124767.0, 'J12': -29545.5, 'J13': -27027.0, 'cluster3106249630_3106249631_J60_J61_#5more': -156176.5}, {'J10': 13, 'J11': 32, 'J12': 21, 'J13': 28, 'cluster3106249630_3106249631_J60_J61_#5more': 36}, {'J10': 18, 'J11': 51, 'J12': 51, 'J13': 42, 'cluster3106249630_3106249631_J60_J61_#5more': 78}, 
1560.0, {'J10': -16181.0, 'J11': -125278.5, 'J12': -30061.5, 'J13': -27447.0, 'cluster3106249630_3106249631_J60_J61_#5more': -156956.5}, {'J10': 13, 'J11': 32, 'J12': 21, 'J13': 28, 'cluster3106249630_3106249631_J60_J61_#5more': 36}, {'J10': 18, 'J11': 52, 'J12': 54, 'J13': 42, 'cluster3106249630_3106249631_J60_J61_#5more': 78}, 
1565.0, {'J10': -16361.0, 'J11': -125675.0, 'J12': -30601.5, 'J13': -27867.0, 'cluster3106249630_3106249631_J60_J61_#5more': -157740.5}, {'J10': 13, 'J11': 32, 'J12': 21, 'J13': 28, 'cluster3106249630_3106249631_J60_J61_#5more': 36}, {'J10': 18, 'J11': 50, 'J12': 54, 'J13': 42, 'cluster3106249630_3106249631_J60_J61_#5more': 80}, 
1570.0, {'J10': -16541.0, 'J11': -126123.0, 'J12': -31150.0, 'J13': -24938.5, 'cluster3106249630_3106249631_J60_J61_#5more': -158492.0}, {'J10': 13, 'J11': 32, 'J12': 21, 'J13': 25, 'cluster3106249630_3106249631_J60_J61_#5more': 36}, {'J10': 18, 'J11': 48, 'J12': 57, 'J13': 38, 'cluster3106249630_3106249631_J60_J61_#5more': 81}, 
1575.0, {'J10': -16721.0, 'J11': -126604.5, 'J12': -31725.0, 'J13': -23942.0, 'cluster3106249630_3106249631_J60_J61_#5more': -159149.5}, {'J10': 13, 'J11': 32, 'J12': 21, 'J13': 24, 'cluster3106249630_3106249631_J60_J61_#5more': 36}, {'J10': 18, 'J11': 49, 'J12': 59, 'J13': 36, 'cluster3106249630_3106249631_J60_J61_#5more': 77}, 
1580.0, {'J10': -16901.0, 'J11': -127083.0, 'J12': -32320.5, 'J13': -24302.0, 'cluster3106249630_3106249631_J60_J61_#5more': -159919.5}, {'J10': 13, 'J11': 32, 'J12': 21, 'J13': 24, 'cluster3106249630_3106249631_J60_J61_#5more': 36}, {'J10': 18, 'J11': 48, 'J12': 61, 'J13': 36, 'cluster3106249630_3106249631_J60_J61_#5more': 77}, 
1585.0, {'J10': -17081.0, 'J11': -127563.0, 'J12': -32939.5, 'J13': -24664.5, 'cluster3106249630_3106249631_J60_J61_#5more': -160617.5}, {'J10': 13, 'J11': 32, 'J12': 21, 'J13': 24, 'cluster3106249630_3106249631_J60_J61_#5more': 36}, {'J10': 18, 'J11': 48, 'J12': 64, 'J13': 38, 'cluster3106249630_3106249631_J60_J61_#5more': 76}, 
1590.0, {'J10': -17261.0, 'J11': -128043.0, 'J12': -33155.0, 'J13': -25045.5, 'cluster3106249630_3106249631_J60_J61_#5more': -161378.0}, {'J10': 13, 'J11': 32, 'J12': 21, 'J13': 25, 'cluster3106249630_3106249631_J60_J61_#5more': 36}, {'J10': 18, 'J11': 48, 'J12': 59, 'J13': 39, 'cluster3106249630_3106249631_J60_J61_#5more': 77}, 
1595.0, {'J10': -17441.0, 'J11': -128523.0, 'J12': -33660.5, 'J13': -25445.5, 'cluster3106249630_3106249631_J60_J61_#5more': -162152.0}, {'J10': 13, 'J11': 32, 'J12': 21, 'J13': 28, 'cluster3106249630_3106249631_J60_J61_#5more': 36}, {'J10': 18, 'J11': 48, 'J12': 58, 'J13': 42, 'cluster3106249630_3106249631_J60_J61_#5more': 78}, 
1600.0, {'J10': -17624.0, 'J11': -129003.0, 'J12': -34003.0, 'J13': -25865.5, 'cluster3106249630_3106249631_J60_J61_#5more': -162932.0}, {'J10': 13, 'J11': 32, 'J12': 21, 'J13': 28, 'cluster3106249630_3106249631_J60_J61_#5more': 36}, {'J10': 19, 'J11': 48, 'J12': 54, 'J13': 42, 'cluster3106249630_3106249631_J60_J61_#5more': 78}, 
1605.0, {'J10': -17801.0, 'J11': -129483.0, 'J12': -34348.0, 'J13': -26285.5, 'cluster3106249630_3106249631_J60_J61_#5more': -163712.0}, {'J10': 13, 'J11': 32, 'J12': 21, 'J13': 28, 'cluster3106249630_3106249631_J60_J61_#5more': 36}, {'J10': 18, 'J11': 48, 'J12': 53, 'J13': 42, 'cluster3106249630_3106249631_J60_J61_#5more': 78}, 
1610.0, {'J10': -17981.0, 'J11': -129968.0, 'J12': -34896.5, 'J13': -26705.5, 'cluster3106249630_3106249631_J60_J61_#5more': -164492.0}, {'J10': 13, 'J11': 32, 'J12': 21, 'J13': 28, 'cluster3106249630_3106249631_J60_J61_#5more': 36}, {'J10': 18, 'J11': 50, 'J12': 61, 'J13': 42, 'cluster3106249630_3106249631_J60_J61_#5more': 78}, 
1615.0, {'J10': -18161.0, 'J11': -130456.0, 'J12': -34832.0, 'J13': -27125.5, 'cluster3106249630_3106249631_J60_J61_#5more': -165272.0}, {'J10': 13, 'J11': 32, 'J12': 21, 'J13': 28, 'cluster3106249630_3106249631_J60_J61_#5more': 36}, {'J10': 18, 'J11': 50, 'J12': 58, 'J13': 42, 'cluster3106249630_3106249631_J60_J61_#5more': 78}, 
1620.0, {'J10': -18341.0, 'J11': -130936.5, 'J12': -35233.5, 'J13': -27545.5, 'cluster3106249630_3106249631_J60_J61_#5more': -166052.0}, {'J10': 13, 'J11': 32, 'J12': 21, 'J13': 28, 'cluster3106249630_3106249631_J60_J61_#5more': 36}, {'J10': 18, 'J11': 50, 'J12': 61, 'J13': 42, 'cluster3106249630_3106249631_J60_J61_#5more': 78}, 
1625.0, {'J10': -18522.0, 'J11': -131403.0, 'J12': -35768.0, 'J13': -27965.5, 'cluster3106249630_3106249631_J60_J61_#5more': -166832.0}, {'J10': 13, 'J11': 32, 'J12': 21, 'J13': 28, 'cluster3106249630_3106249631_J60_J61_#5more': 36}, {'J10': 19, 'J11': 48, 'J12': 63, 'J13': 42, 'cluster3106249630_3106249631_J60_J61_#5more': 78}, 
1630.0, {'J10': -18712.0, 'J11': -131883.0, 'J12': -36378.5, 'J13': -28388.5, 'cluster3106249630_3106249631_J60_J61_#5more': -167612.0}, {'J10': 13, 'J11': 32, 'J12': 21, 'J13': 28, 'cluster3106249630_3106249631_J60_J61_#5more': 36}, {'J10': 19, 'J11': 48, 'J12': 64, 'J13': 43, 'cluster3106249630_3106249631_J60_J61_#5more': 78}, 
1635.0, {'J10': -18902.0, 'J11': -132363.0, 'J12': -36980.0, 'J13': -26327.5, 'cluster3106249630_3106249631_J60_J61_#5more': -168393.0}, {'J10': 13, 'J11': 32, 'J12': 21, 'J13': 26, 'cluster3106249630_3106249631_J60_J61_#5more': 36}, {'J10': 19, 'J11': 48, 'J12': 64, 'J13': 39, 'cluster3106249630_3106249631_J60_J61_#5more': 79}, 
1640.0, {'J10': -19092.0, 'J11': -132843.0, 'J12': -37580.5, 'J13': -24468.5, 'cluster3106249630_3106249631_J60_J61_#5more': -169172.0}, {'J10': 13, 'J11': 32, 'J12': 21, 'J13': 24, 'cluster3106249630_3106249631_J60_J61_#5more': 36}, {'J10': 19, 'J11': 48, 'J12': 65, 'J13': 36, 'cluster3106249630_3106249631_J60_J61_#5more': 78}, 
1645.0, {'J10': -19282.0, 'J11': -133323.0, 'J12': -38072.5, 'J13': -24828.5, 'cluster3106249630_3106249631_J60_J61_#5more': -169952.0}, {'J10': 13, 'J11': 32, 'J12': 21, 'J13': 24, 'cluster3106249630_3106249631_J60_J61_#5more': 36}, {'J10': 19, 'J11': 48, 'J12': 64, 'J13': 36, 'cluster3106249630_3106249631_J60_J61_#5more': 78}, 
1650.0, {'J10': -19472.0, 'J11': -133803.0, 'J12': -38537.0, 'J13': -25191.5, 'cluster3106249630_3106249631_J60_J61_#5more': -170732.0}, {'J10': 13, 'J11': 32, 'J12': 21, 'J13': 24, 'cluster3106249630_3106249631_J60_J61_#5more': 36}, {'J10': 19, 'J11': 48, 'J12': 62, 'J13': 38, 'cluster3106249630_3106249631_J60_J61_#5more': 78}, 
1655.0, {'J10': -19662.0, 'J11': -134283.5, 'J12': -39068.5, 'J13': -25572.5, 'cluster3106249630_3106249631_J60_J61_#5more': -171512.0}, {'J10': 13, 'J11': 32, 'J12': 21, 'J13': 25, 'cluster3106249630_3106249631_J60_J61_#5more': 36}, {'J10': 19, 'J11': 49, 'J12': 64, 'J13': 39, 'cluster3106249630_3106249631_J60_J61_#5more': 78}, 
1660.0, {'J10': -19852.0, 'J11': -134773.5, 'J12': -39715.0, 'J13': -25971.5, 'cluster3106249630_3106249631_J60_J61_#5more': -172292.0}, {'J10': 13, 'J11': 32, 'J12': 21, 'J13': 28, 'cluster3106249630_3106249631_J60_J61_#5more': 36}, {'J10': 19, 'J11': 49, 'J12': 66, 'J13': 42, 'cluster3106249630_3106249631_J60_J61_#5more': 78}, 
1665.0, {'J10': -19961.0, 'J11': -135243.0, 'J12': -40380.5, 'J13': -26391.5, 'cluster3106249630_3106249631_J60_J61_#5more': -173072.0}, {'J10': 13, 'J11': 32, 'J12': 21, 'J13': 28, 'cluster3106249630_3106249631_J60_J61_#5more': 36}, {'J10': 18, 'J11': 48, 'J12': 70, 'J13': 42, 'cluster3106249630_3106249631_J60_J61_#5more': 78}, 
1670.0, {'J10': -20141.0, 'J11': -135723.0, 'J12': -40958.5, 'J13': -26811.5, 'cluster3106249630_3106249631_J60_J61_#5more': -173852.0}, {'J10': 13, 'J11': 32, 'J12': 21, 'J13': 28, 'cluster3106249630_3106249631_J60_J61_#5more': 36}, {'J10': 18, 'J11': 48, 'J12': 69, 'J13': 42, 'cluster3106249630_3106249631_J60_J61_#5more': 78}, 
1675.0, {'J10': -20321.0, 'J11': -136203.0, 'J12': -41649.5, 'J13': -27231.5, 'cluster3106249630_3106249631_J60_J61_#5more': -174632.0}, {'J10': 13, 'J11': 32, 'J12': 21, 'J13': 28, 'cluster3106249630_3106249631_J60_J61_#5more': 36}, {'J10': 18, 'J11': 48, 'J12': 70, 'J13': 42, 'cluster3106249630_3106249631_J60_J61_#5more': 78}, 
1680.0, {'J10': -20501.0, 'J11': -136683.0, 'J12': -42065.5, 'J13': -27651.5, 'cluster3106249630_3106249631_J60_J61_#5more': -175412.0}, {'J10': 13, 'J11': 32, 'J12': 21, 'J13': 28, 'cluster3106249630_3106249631_J60_J61_#5more': 36}, {'J10': 18, 'J11': 48, 'J12': 69, 'J13': 42, 'cluster3106249630_3106249631_J60_J61_#5more': 78}, 
1685.0, {'J10': -20681.0, 'J11': -137163.0, 'J12': -42521.5, 'J13': -28075.0, 'cluster3106249630_3106249631_J60_J61_#5more': -175949.5}, {'J10': 13, 'J11': 32, 'J12': 21, 'J13': 28, 'cluster3106249630_3106249631_J60_J61_#5more': 36}, {'J10': 18, 'J11': 48, 'J12': 73, 'J13': 43, 'cluster3106249630_3106249631_J60_J61_#5more': 77}, 
1690.0, {'J10': -20861.0, 'J11': -137643.0, 'J12': -43161.0, 'J13': -28505.0, 'cluster3106249630_3106249631_J60_J61_#5more': -176719.5}, {'J10': 13, 'J11': 32, 'J12': 21, 'J13': 28, 'cluster3106249630_3106249631_J60_J61_#5more': 36}, {'J10': 18, 'J11': 48, 'J12': 73, 'J13': 43, 'cluster3106249630_3106249631_J60_J61_#5more': 77}, 
1695.0, {'J10': -21041.0, 'J11': -138123.0, 'J12': -43901.5, 'J13': -28935.0, 'cluster3106249630_3106249631_J60_J61_#5more': -177491.0}, {'J10': 13, 'J11': 32, 'J12': 21, 'J13': 28, 'cluster3106249630_3106249631_J60_J61_#5more': 36}, {'J10': 18, 'J11': 48, 'J12': 77, 'J13': 43, 'cluster3106249630_3106249631_J60_J61_#5more': 78}, 
1700.0, {'J10': -21221.0, 'J11': -138603.0, 'J12': -44640.0, 'J13': -26853.5, 'cluster3106249630_3106249631_J60_J61_#5more': -178271.0}, {'J10': 13, 'J11': 32, 'J12': 21, 'J13': 26, 'cluster3106249630_3106249631_J60_J61_#5more': 36}, {'J10': 18, 'J11': 48, 'J12': 76, 'J13': 39, 'cluster3106249630_3106249631_J60_J61_#5more': 78}, 
1705.0, {'J10': -21401.0, 'J11': -139083.0, 'J12': -45369.5, 'J13': -24993.5, 'cluster3106249630_3106249631_J60_J61_#5more': -179051.0}, {'J10': 13, 'J11': 32, 'J12': 21, 'J13': 24, 'cluster3106249630_3106249631_J60_J61_#5more': 36}, {'J10': 18, 'J11': 48, 'J12': 75, 'J13': 36, 'cluster3106249630_3106249631_J60_J61_#5more': 78}, 
1710.0, {'J10': -21581.0, 'J11': -139563.0, 'J12': -46126.5, 'J13': -25353.5, 'cluster3106249630_3106249631_J60_J61_#5more': -179831.0}, {'J10': 13, 'J11': 32, 'J12': 21, 'J13': 24, 'cluster3106249630_3106249631_J60_J61_#5more': 36}, {'J10': 18, 'J11': 48, 'J12': 77, 'J13': 36, 'cluster3106249630_3106249631_J60_J61_#5more': 78}, 
1715.0, {'J10': -21761.0, 'J11': -140043.0, 'J12': -46899.5, 'J13': -25716.0, 'cluster3106249630_3106249631_J60_J61_#5more': -180611.0}, {'J10': 13, 'J11': 32, 'J12': 21, 'J13': 24, 'cluster3106249630_3106249631_J60_J61_#5more': 36}, {'J10': 18, 'J11': 48, 'J12': 78, 'J13': 38, 'cluster3106249630_3106249631_J60_J61_#5more': 78}, 
1720.0, {'J10': -21946.0, 'J11': -140523.0, 'J12': -47458.5, 'J13': -26098.0, 'cluster3106249630_3106249631_J60_J61_#5more': -181391.0}, {'J10': 13, 'J11': 32, 'J12': 21, 'J13': 24, 'cluster3106249630_3106249631_J60_J61_#5more': 36}, {'J10': 19, 'J11': 48, 'J12': 77, 'J13': 39, 'cluster3106249630_3106249631_J60_J61_#5more': 78}, 
1725.0, {'J10': -22136.0, 'J11': -141003.0, 'J12': -48228.5, 'J13': -26503.0, 'cluster3106249630_3106249631_J60_J61_#5more': -182171.0}, {'J10': 13, 'J11': 32, 'J12': 21, 'J13': 28, 'cluster3106249630_3106249631_J60_J61_#5more': 36}, {'J10': 19, 'J11': 48, 'J12': 77, 'J13': 43, 'cluster3106249630_3106249631_J60_J61_#5more': 78}, 
1730.0, {'J10': -22302.0, 'J11': -141483.0, 'J12': -48998.5, 'J13': -26933.0, 'cluster3106249630_3106249631_J60_J61_#5more': -182951.0}, {'J10': 13, 'J11': 32, 'J12': 21, 'J13': 28, 'cluster3106249630_3106249631_J60_J61_#5more': 36}, {'J10': 19, 'J11': 48, 'J12': 77, 'J13': 43, 'cluster3106249630_3106249631_J60_J61_#5more': 78}, 
1735.0, {'J10': -22481.0, 'J11': -141963.0, 'J12': -49771.5, 'J13': -27363.0, 'cluster3106249630_3106249631_J60_J61_#5more': -183731.0}, {'J10': 13, 'J11': 32, 'J12': 21, 'J13': 28, 'cluster3106249630_3106249631_J60_J61_#5more': 36}, {'J10': 18, 'J11': 48, 'J12': 79, 'J13': 43, 'cluster3106249630_3106249631_J60_J61_#5more': 78}, 
1740.0, {'J10': -22661.0, 'J11': -142443.0, 'J12': -50564.0, 'J13': -27793.0, 'cluster3106249630_3106249631_J60_J61_#5more': -184180.5}, {'J10': 13, 'J11': 32, 'J12': 21, 'J13': 28, 'cluster3106249630_3106249631_J60_J61_#5more': 36}, {'J10': 18, 'J11': 48, 'J12': 82, 'J13': 43, 'cluster3106249630_3106249631_J60_J61_#5more': 77}, 
1745.0, {'J10': -22841.0, 'J11': -142923.0, 'J12': -50203.0, 'J13': -28223.0, 'cluster3106249630_3106249631_J60_J61_#5more': -184640.5}, {'J10': 13, 'J11': 32, 'J12': 21, 'J13': 28, 'cluster3106249630_3106249631_J60_J61_#5more': 36}, {'J10': 18, 'J11': 48, 'J12': 77, 'J13': 43, 'cluster3106249630_3106249631_J60_J61_#5more': 77}, 
1750.0, {'J10': -23021.0, 'J11': -143403.0, 'J12': -48089.0, 'J13': -28653.0, 'cluster3106249630_3106249631_J60_J61_#5more': -185410.5}, {'J10': 13, 'J11': 32, 'J12': 21, 'J13': 28, 'cluster3106249630_3106249631_J60_J61_#5more': 36}, {'J10': 18, 'J11': 48, 'J12': 76, 'J13': 43, 'cluster3106249630_3106249631_J60_J61_#5more': 77}, 
1755.0, {'J10': -23201.0, 'J11': -143883.0, 'J12': -48808.0, 'J13': -29083.0, 'cluster3106249630_3106249631_J60_J61_#5more': -185735.0}, {'J10': 13, 'J11': 32, 'J12': 21, 'J13': 28, 'cluster3106249630_3106249631_J60_J61_#5more': 36}, {'J10': 18, 'J11': 48, 'J12': 76, 'J13': 43, 'cluster3106249630_3106249631_J60_J61_#5more': 75}, 
1760.0, {'J10': -23381.0, 'J11': -144363.0, 'J12': -49498.0, 'J13': -29513.0, 'cluster3106249630_3106249631_J60_J61_#5more': -186485.0}, {'J10': 13, 'J11': 32, 'J12': 21, 'J13': 28, 'cluster3106249630_3106249631_J60_J61_#5more': 36}, {'J10': 18, 'J11': 48, 'J12': 75, 'J13': 43, 'cluster3106249630_3106249631_J60_J61_#5more': 75}, 
1765.0, {'J10': -23561.0, 'J11': -144843.0, 'J12': -50199.5, 'J13': -26284.0, 'cluster3106249630_3106249631_J60_J61_#5more': -187235.0}, {'J10': 13, 'J11': 32, 'J12': 21, 'J13': 25, 'cluster3106249630_3106249631_J60_J61_#5more': 36}, {'J10': 18, 'J11': 48, 'J12': 75, 'J13': 38, 'cluster3106249630_3106249631_J60_J61_#5more': 75}, 
1770.0, {'J10': -23741.0, 'J11': -145323.0, 'J12': -50950.5, 'J13': -25780.0, 'cluster3106249630_3106249631_J60_J61_#5more': -187994.5}, {'J10': 13, 'J11': 32, 'J12': 21, 'J13': 24, 'cluster3106249630_3106249631_J60_J61_#5more': 36}, {'J10': 18, 'J11': 48, 'J12': 76, 'J13': 36, 'cluster3106249630_3106249631_J60_J61_#5more': 78}, 
1775.0, {'J10': -23923.5, 'J11': -145803.0, 'J12': -51710.5, 'J13': -26140.0, 'cluster3106249630_3106249631_J60_J61_#5more': -188714.0}, {'J10': 13, 'J11': 32, 'J12': 21, 'J13': 24, 'cluster3106249630_3106249631_J60_J61_#5more': 36}, {'J10': 19, 'J11': 48, 'J12': 76, 'J13': 36, 'cluster3106249630_3106249631_J60_J61_#5more': 77}, 
1780.0, {'J10': -24113.5, 'J11': -146283.0, 'J12': -52470.5, 'J13': -26503.0, 'cluster3106249630_3106249631_J60_J61_#5more': -189484.0}, {'J10': 13, 'J11': 32, 'J12': 21, 'J13': 24, 'cluster3106249630_3106249631_J60_J61_#5more': 36}, {'J10': 19, 'J11': 48, 'J12': 76, 'J13': 38, 'cluster3106249630_3106249631_J60_J61_#5more': 77}, 
1785.0, {'J10': -24306.5, 'J11': -146763.0, 'J12': -53236.5, 'J13': -26883.0, 'cluster3106249630_3106249631_J60_J61_#5more': -190254.5}, {'J10': 13, 'J11': 32, 'J12': 21, 'J13': 24, 'cluster3106249630_3106249631_J60_J61_#5more': 36}, {'J10': 20, 'J11': 48, 'J12': 78, 'J13': 38, 'cluster3106249630_3106249631_J60_J61_#5more': 78}, 
1790.0, {'J10': -24506.5, 'J11': -147243.0, 'J12': -54016.5, 'J13': -27271.5, 'cluster3106249630_3106249631_J60_J61_#5more': -191036.5}, {'J10': 13, 'J11': 32, 'J12': 21, 'J13': 27, 'cluster3106249630_3106249631_J60_J61_#5more': 36}, {'J10': 20, 'J11': 48, 'J12': 78, 'J13': 41, 'cluster3106249630_3106249631_J60_J61_#5more': 79}, 
1795.0, {'J10': -24666.0, 'J11': -147723.0, 'J12': -54796.5, 'J13': -27686.0, 'cluster3106249630_3106249631_J60_J61_#5more': -191828.0}, {'J10': 13, 'J11': 32, 'J12': 21, 'J13': 28, 'cluster3106249630_3106249631_J60_J61_#5more': 36}, {'J10': 20, 'J11': 48, 'J12': 78, 'J13': 42, 'cluster3106249630_3106249631_J60_J61_#5more': 80}, 
1800.0, {'J10': -24854.0, 'J11': -148203.0, 'J12': -55579.5, 'J13': -28106.0, 'cluster3106249630_3106249631_J60_J61_#5more': -192635.5}, {'J10': 13, 'J11': 32, 'J12': 21, 'J13': 28, 'cluster3106249630_3106249631_J60_J61_#5more': 36}, {'J10': 19, 'J11': 48, 'J12': 79, 'J13': 42, 'cluster3106249630_3106249631_J60_J61_#5more': 82}, 
1805.0, {'J10': -25044.0, 'J11': -148683.0, 'J12': -56369.5, 'J13': -28526.0, 'cluster3106249630_3106249631_J60_J61_#5more': -193346.5}, {'J10': 13, 'J11': 32, 'J12': 21, 'J13': 28, 'cluster3106249630_3106249631_J60_J61_#5more': 36}, {'J10': 19, 'J11': 48, 'J12': 79, 'J13': 42, 'cluster3106249630_3106249631_J60_J61_#5more': 78}, 
1810.0, {'J10': -25234.0, 'J11': -149163.0, 'J12': -52701.5, 'J13': -28948.0, 'cluster3106249630_3106249631_J60_J61_#5more': -194020.5}, {'J10': 13, 'J11': 32, 'J12': 21, 'J13': 28, 'cluster3106249630_3106249631_J60_J61_#5more': 36}, {'J10': 19, 'J11': 48, 'J12': 72, 'J13': 43, 'cluster3106249630_3106249631_J60_J61_#5more': 77}, 
1815.0, {'J10': -25428.0, 'J11': -149643.0, 'J12': -53271.0, 'J13': -29378.0, 'cluster3106249630_3106249631_J60_J61_#5more': -194697.5}, {'J10': 13, 'J11': 32, 'J12': 21, 'J13': 28, 'cluster3106249630_3106249631_J60_J61_#5more': 36}, {'J10': 20, 'J11': 48, 'J12': 71, 'J13': 43, 'cluster3106249630_3106249631_J60_J61_#5more': 76}, 
1820.0, {'J10': -25628.0, 'J11': -150123.0, 'J12': -53985.0, 'J13': -29808.0, 'cluster3106249630_3106249631_J60_J61_#5more': -195460.0}, {'J10': 13, 'J11': 32, 'J12': 21, 'J13': 28, 'cluster3106249630_3106249631_J60_J61_#5more': 36}, {'J10': 20, 'J11': 48, 'J12': 73, 'J13': 43, 'cluster3106249630_3106249631_J60_J61_#5more': 78}, 
1825.0, {'J10': -25828.0, 'J11': -150603.0, 'J12': -54728.5, 'J13': -30238.0, 'cluster3106249630_3106249631_J60_J61_#5more': -196244.5}, {'J10': 13, 'J11': 32, 'J12': 21, 'J13': 28, 'cluster3106249630_3106249631_J60_J61_#5more': 36}, {'J10': 20, 'J11': 48, 'J12': 76, 'J13': 43, 'cluster3106249630_3106249631_J60_J61_#5more': 79}, 
1830.0, {'J10': -26028.0, 'J11': -151083.0, 'J12': -55488.5, 'J13': -27424.0, 'cluster3106249630_3106249631_J60_J61_#5more': -193844.5}, {'J10': 13, 'J11': 32, 'J12': 21, 'J13': 25, 'cluster3106249630_3106249631_J60_J61_#5more': 36}, {'J10': 20, 'J11': 48, 'J12': 76, 'J13': 38, 'cluster3106249630_3106249631_J60_J61_#5more': 79}, 
1835.0, {'J10': -26228.0, 'J11': -151563.0, 'J12': -56248.5, 'J13': -26931.0, 'cluster3106249630_3106249631_J60_J61_#5more': -193284.0}, {'J10': 13, 'J11': 32, 'J12': 21, 'J13': 24, 'cluster3106249630_3106249631_J60_J61_#5more': 36}, {'J10': 20, 'J11': 48, 'J12': 76, 'J13': 37, 'cluster3106249630_3106249631_J60_J61_#5more': 78}, 
1840.0, {'J10': -26428.0, 'J11': -152043.0, 'J12': -57009.5, 'J13': -27301.0, 'cluster3106249630_3106249631_J60_J61_#5more': -194067.5}, {'J10': 13, 'J11': 32, 'J12': 21, 'J13': 24, 'cluster3106249630_3106249631_J60_J61_#5more': 36}, {'J10': 20, 'J11': 48, 'J12': 77, 'J13': 37, 'cluster3106249630_3106249631_J60_J61_#5more': 80}, 
1845.0, {'J10': -26628.0, 'J11': -152523.0, 'J12': -57779.5, 'J13': -27674.5, 'cluster3106249630_3106249631_J60_J61_#5more': -194816.5}, {'J10': 13, 'J11': 32, 'J12': 21, 'J13': 24, 'cluster3106249630_3106249631_J60_J61_#5more': 36}, {'J10': 20, 'J11': 48, 'J12': 77, 'J13': 38, 'cluster3106249630_3106249631_J60_J61_#5more': 80}, 
1850.0, {'J10': -26828.0, 'J11': -153009.0, 'J12': -58549.5, 'J13': -28054.5, 'cluster3106249630_3106249631_J60_J61_#5more': -195560.5}, {'J10': 13, 'J11': 32, 'J12': 21, 'J13': 24, 'cluster3106249630_3106249631_J60_J61_#5more': 36}, {'J10': 20, 'J11': 50, 'J12': 77, 'J13': 38, 'cluster3106249630_3106249631_J60_J61_#5more': 80}, 
1855.0, {'J10': -27028.0, 'J11': -153513.0, 'J12': -59319.5, 'J13': -28445.0, 'cluster3106249630_3106249631_J60_J61_#5more': -196266.5}, {'J10': 13, 'J11': 32, 'J12': 21, 'J13': 27, 'cluster3106249630_3106249631_J60_J61_#5more': 36}, {'J10': 20, 'J11': 51, 'J12': 77, 'J13': 41, 'cluster3106249630_3106249631_J60_J61_#5more': 79}, 
1860.0, {'J10': -27076.5, 'J11': -154002.5, 'J12': -60089.5, 'J13': -28860.0, 'cluster3106249630_3106249631_J60_J61_#5more': -197063.5}, {'J10': 13, 'J11': 32, 'J12': 21, 'J13': 28, 'cluster3106249630_3106249631_J60_J61_#5more': 36}, {'J10': 20, 'J11': 51, 'J12': 77, 'J13': 42, 'cluster3106249630_3106249631_J60_J61_#5more': 81}, 
1865.0, {'J10': -27162.5, 'J11': -154512.5, 'J12': -60861.0, 'J13': -29280.0, 'cluster3106249630_3106249631_J60_J61_#5more': -197856.5}, {'J10': 13, 'J11': 32, 'J12': 21, 'J13': 28, 'cluster3106249630_3106249631_J60_J61_#5more': 36}, {'J10': 19, 'J11': 51, 'J12': 78, 'J13': 42, 'cluster3106249630_3106249631_J60_J61_#5more': 81}, 
1870.0, {'J10': -27356.5, 'J11': -154957.0, 'J12': -61648.0, 'J13': -29700.0, 'cluster3106249630_3106249631_J60_J61_#5more': -198670.0}, {'J10': 13, 'J11': 32, 'J12': 21, 'J13': 28, 'cluster3106249630_3106249631_J60_J61_#5more': 36}, {'J10': 20, 'J11': 49, 'J12': 80, 'J13': 42, 'cluster3106249630_3106249631_J60_J61_#5more': 83}, 
1875.0, {'J10': -27556.5, 'J11': -155403.0, 'J12': -60807.0, 'J13': -30120.0, 'cluster3106249630_3106249631_J60_J61_#5more': -199503.5}, {'J10': 13, 'J11': 32, 'J12': 21, 'J13': 28, 'cluster3106249630_3106249631_J60_J61_#5more': 36}, {'J10': 20, 'J11': 48, 'J12': 76, 'J13': 42, 'cluster3106249630_3106249631_J60_J61_#5more': 84}, 
1880.0, {'J10': -27756.5, 'J11': -155883.0, 'J12': -61432.5, 'J13': -30540.0, 'cluster3106249630_3106249631_J60_J61_#5more': -200343.5}, {'J10': 13, 'J11': 32, 'J12': 21, 'J13': 28, 'cluster3106249630_3106249631_J60_J61_#5more': 36}, {'J10': 20, 'J11': 48, 'J12': 76, 'J13': 42, 'cluster3106249630_3106249631_J60_J61_#5more': 84}, 
1885.0, {'J10': -27956.5, 'J11': -156363.0, 'J12': -62181.5, 'J13': -30960.0, 'cluster3106249630_3106249631_J60_J61_#5more': -200848.5}, {'J10': 13, 'J11': 32, 'J12': 21, 'J13': 28, 'cluster3106249630_3106249631_J60_J61_#5more': 36}, {'J10': 20, 'J11': 48, 'J12': 79, 'J13': 42, 'cluster3106249630_3106249631_J60_J61_#5more': 81}, 
1890.0, {'J10': -28156.5, 'J11': -156843.0, 'J12': -62979.5, 'J13': -31380.0, 'cluster3106249630_3106249631_J60_J61_#5more': -201542.5}, {'J10': 13, 'J11': 32, 'J12': 21, 'J13': 28, 'cluster3106249630_3106249631_J60_J61_#5more': 36}, {'J10': 20, 'J11': 48, 'J12': 81, 'J13': 42, 'cluster3106249630_3106249631_J60_J61_#5more': 79}, 
1895.0, {'J10': -28356.5, 'J11': -157323.0, 'J12': -63236.5, 'J13': -27727.5, 'cluster3106249630_3106249631_J60_J61_#5more': -199133.5}, {'J10': 13, 'J11': 32, 'J12': 21, 'J13': 24, 'cluster3106249630_3106249631_J60_J61_#5more': 36}, {'J10': 20, 'J11': 48, 'J12': 81, 'J13': 37, 'cluster3106249630_3106249631_J60_J61_#5more': 80}, 
1900.0, {'J10': -28556.5, 'J11': -157803.0, 'J12': -63555.5, 'J13': -28097.5, 'cluster3106249630_3106249631_J60_J61_#5more': -198110.0}, {'J10': 13, 'J11': 32, 'J12': 21, 'J13': 24, 'cluster3106249630_3106249631_J60_J61_#5more': 36}, {'J10': 20, 'J11': 48, 'J12': 80, 'J13': 37, 'cluster3106249630_3106249631_J60_J61_#5more': 81}, 
1905.0, {'J10': -28756.5, 'J11': -158287.5, 'J12': -64112.5, 'J13': -28472.5, 'cluster3106249630_3106249631_J60_J61_#5more': -198897.5}, {'J10': 13, 'J11': 32, 'J12': 21, 'J13': 24, 'cluster3106249630_3106249631_J60_J61_#5more': 36}, {'J10': 20, 'J11': 50, 'J12': 79, 'J13': 38, 'cluster3106249630_3106249631_J60_J61_#5more': 80}, 
1910.0, {'J10': -28956.5, 'J11': -158787.5, 'J12': -63513.0, 'J13': -28856.5, 'cluster3106249630_3106249631_J60_J61_#5more': -199633.5}, {'J10': 13, 'J11': 32, 'J12': 21, 'J13': 24, 'cluster3106249630_3106249631_J60_J61_#5more': 36}, {'J10': 20, 'J11': 50, 'J12': 76, 'J13': 39, 'cluster3106249630_3106249631_J60_J61_#5more': 78}, 
1915.0, {'J10': -29156.5, 'J11': -159287.5, 'J12': -63358.0, 'J13': -29246.5, 'cluster3106249630_3106249631_J60_J61_#5more': -200379.0}, {'J10': 13, 'J11': 32, 'J12': 21, 'J13': 24, 'cluster3106249630_3106249631_J60_J61_#5more': 36}, {'J10': 20, 'J11': 50, 'J12': 74, 'J13': 39, 'cluster3106249630_3106249631_J60_J61_#5more': 77}, 
1920.0, {'J10': -29356.5, 'J11': -159754.5, 'J12': -64104.0, 'J13': -29644.0, 'cluster3106249630_3106249631_J60_J61_#5more': -201149.5}, {'J10': 13, 'J11': 32, 'J12': 21, 'J13': 27, 'cluster3106249630_3106249631_J60_J61_#5more': 36}, {'J10': 20, 'J11': 49, 'J12': 76, 'J13': 42, 'cluster3106249630_3106249631_J60_J61_#5more': 78}, 
1925.0, {'J10': -29436.5, 'J11': -160203.0, 'J12': -64855.0, 'J13': -30067.5, 'cluster3106249630_3106249631_J60_J61_#5more': -201933.0}, {'J10': 13, 'J11': 32, 'J12': 21, 'J13': 28, 'cluster3106249630_3106249631_J60_J61_#5more': 36}, {'J10': 20, 'J11': 48, 'J12': 78, 'J13': 43, 'cluster3106249630_3106249631_J60_J61_#5more': 79}, 
1930.0, {'J10': -29625.0, 'J11': -160683.0, 'J12': -65635.0, 'J13': -30497.5, 'cluster3106249630_3106249631_J60_J61_#5more': -202727.5}, {'J10': 13, 'J11': 32, 'J12': 21, 'J13': 28, 'cluster3106249630_3106249631_J60_J61_#5more': 36}, {'J10': 19, 'J11': 48, 'J12': 78, 'J13': 43, 'cluster3106249630_3106249631_J60_J61_#5more': 81}, 
1935.0, {'J10': -29815.0, 'J11': -161163.0, 'J12': -66415.0, 'J13': -30927.5, 'cluster3106249630_3106249631_J60_J61_#5more': -203539.5}, {'J10': 13, 'J11': 32, 'J12': 21, 'J13': 28, 'cluster3106249630_3106249631_J60_J61_#5more': 36}, {'J10': 19, 'J11': 48, 'J12': 78, 'J13': 43, 'cluster3106249630_3106249631_J60_J61_#5more': 82}, 
1940.0, {'J10': -30005.0, 'J11': -161643.0, 'J12': -67195.0, 'J13': -31357.5, 'cluster3106249630_3106249631_J60_J61_#5more': -204363.0}, {'J10': 13, 'J11': 32, 'J12': 21, 'J13': 28, 'cluster3106249630_3106249631_J60_J61_#5more': 36}, {'J10': 19, 'J11': 48, 'J12': 78, 'J13': 43, 'cluster3106249630_3106249631_J60_J61_#5more': 83}, 
1945.0, {'J10': -30195.0, 'J11': -162123.0, 'J12': -67975.0, 'J13': -31787.5, 'cluster3106249630_3106249631_J60_J61_#5more': -205193.0}, {'J10': 13, 'J11': 32, 'J12': 21, 'J13': 28, 'cluster3106249630_3106249631_J60_J61_#5more': 36}, {'J10': 19, 'J11': 48, 'J12': 78, 'J13': 43, 'cluster3106249630_3106249631_J60_J61_#5more': 83}, 
1950.0, {'J10': -30385.0, 'J11': -162603.0, 'J12': -68756.5, 'J13': -32217.5, 'cluster3106249630_3106249631_J60_J61_#5more': -205919.5}, {'J10': 13, 'J11': 32, 'J12': 21, 'J13': 28, 'cluster3106249630_3106249631_J60_J61_#5more': 36}, {'J10': 19, 'J11': 48, 'J12': 79, 'J13': 43, 'cluster3106249630_3106249631_J60_J61_#5more': 82}, 
1955.0, {'J10': -30575.0, 'J11': -163083.0, 'J12': -69546.5, 'J13': -32649.5, 'cluster3106249630_3106249631_J60_J61_#5more': -206739.5}, {'J10': 13, 'J11': 32, 'J12': 21, 'J13': 28, 'cluster3106249630_3106249631_J60_J61_#5more': 36}, {'J10': 19, 'J11': 48, 'J12': 79, 'J13': 44, 'cluster3106249630_3106249631_J60_J61_#5more': 82}, 
1960.0, {'J10': -30765.0, 'J11': -163565.5, 'J12': -70336.5, 'J13': -29765.0, 'cluster3106249630_3106249631_J60_J61_#5more': -207559.5}, {'J10': 13, 'J11': 32, 'J12': 21, 'J13': 25, 'cluster3106249630_3106249631_J60_J61_#5more': 36}, {'J10': 19, 'J11': 49, 'J12': 79, 'J13': 39, 'cluster3106249630_3106249631_J60_J61_#5more': 82}, 
1965.0, {'J10': -30955.0, 'J11': -164058.5, 'J12': -71126.5, 'J13': -28757.5, 'cluster3106249630_3106249631_J60_J61_#5more': -208379.5}, {'J10': 13, 'J11': 32, 'J12': 21, 'J13': 24, 'cluster3106249630_3106249631_J60_J61_#5more': 36}, {'J10': 19, 'J11': 50, 'J12': 79, 'J13': 36, 'cluster3106249630_3106249631_J60_J61_#5more': 82}, 
1970.0, {'J10': -31145.0, 'J11': -164523.0, 'J12': -71916.5, 'J13': -29117.5, 'cluster3106249630_3106249631_J60_J61_#5more': -209106.0}, {'J10': 13, 'J11': 32, 'J12': 21, 'J13': 24, 'cluster3106249630_3106249631_J60_J61_#5more': 36}, {'J10': 19, 'J11': 48, 'J12': 79, 'J13': 36, 'cluster3106249630_3106249631_J60_J61_#5more': 81}, 
1975.0, {'J10': -31335.0, 'J11': -165003.0, 'J12': -68074.5, 'J13': -29480.0, 'cluster3106249630_3106249631_J60_J61_#5more': -209916.0}, {'J10': 13, 'J11': 32, 'J12': 21, 'J13': 24, 'cluster3106249630_3106249631_J60_J61_#5more': 36}, {'J10': 19, 'J11': 48, 'J12': 72, 'J13': 38, 'cluster3106249630_3106249631_J60_J61_#5more': 81}, 
1980.0, {'J10': -31525.0, 'J11': -165483.0, 'J12': -68279.5, 'J13': -29860.0, 'cluster3106249630_3106249631_J60_J61_#5more': -210730.0}, {'J10': 13, 'J11': 32, 'J12': 21, 'J13': 24, 'cluster3106249630_3106249631_J60_J61_#5more': 36}, {'J10': 19, 'J11': 48, 'J12': 70, 'J13': 38, 'cluster3106249630_3106249631_J60_J61_#5more': 82}, 
1985.0, {'J10': -31715.0, 'J11': -165963.0, 'J12': -68987.5, 'J13': -30247.5, 'cluster3106249630_3106249631_J60_J61_#5more': -211550.0}, {'J10': 13, 'J11': 32, 'J12': 21, 'J13': 27, 'cluster3106249630_3106249631_J60_J61_#5more': 36}, {'J10': 19, 'J11': 48, 'J12': 75, 'J13': 41, 'cluster3106249630_3106249631_J60_J61_#5more': 82}, 
1990.0, {'J10': -31661.0, 'J11': -166443.0, 'J12': -69747.5, 'J13': -30661.5, 'cluster3106249630_3106249631_J60_J61_#5more': -212370.0}, {'J10': 13, 'J11': 32, 'J12': 21, 'J13': 28, 'cluster3106249630_3106249631_J60_J61_#5more': 36}, {'J10': 18, 'J11': 48, 'J12': 78, 'J13': 42, 'cluster3106249630_3106249631_J60_J61_#5more': 82}, 
1995.0, {'J10': -31841.0, 'J11': -166923.0, 'J12': -70527.5, 'J13': -31081.5, 'cluster3106249630_3106249631_J60_J61_#5more': -213190.0}, {'J10': 13, 'J11': 32, 'J12': 21, 'J13': 28, 'cluster3106249630_3106249631_J60_J61_#5more': 36}, {'J10': 18, 'J11': 48, 'J12': 78, 'J13': 42, 'cluster3106249630_3106249631_J60_J61_#5more': 82}, 
2000.0, {'J10': -32021.0, 'J11': -167403.0, 'J12': -70526.0, 'J13': -31501.5, 'cluster3106249630_3106249631_J60_J61_#5more': -214014.5}, {'J10': 13, 'J11': 32, 'J12': 21, 'J13': 28, 'cluster3106249630_3106249631_J60_J61_#5more': 36}, {'J10': 18, 'J11': 48, 'J12': 77, 'J13': 42, 'cluster3106249630_3106249631_J60_J61_#5more': 83}, 
2005.0, {'J10': -32201.0, 'J11': -167883.0, 'J12': -71296.0, 'J13': -31921.5, 'cluster3106249630_3106249631_J60_J61_#5more': -214844.5}, {'J10': 13, 'J11': 32, 'J12': 21, 'J13': 28, 'cluster3106249630_3106249631_J60_J61_#5more': 36}, {'J10': 18, 'J11': 48, 'J12': 77, 'J13': 42, 'cluster3106249630_3106249631_J60_J61_#5more': 83}, 
2010.0, {'J10': -32381.0, 'J11': -168363.0, 'J12': -72066.0, 'J13': -32341.5, 'cluster3106249630_3106249631_J60_J61_#5more': -215674.5}, {'J10': 13, 'J11': 32, 'J12': 21, 'J13': 28, 'cluster3106249630_3106249631_J60_J61_#5more': 36}, {'J10': 18, 'J11': 48, 'J12': 77, 'J13': 42, 'cluster3106249630_3106249631_J60_J61_#5more': 83}, 
2015.0, {'J10': -32561.0, 'J11': -168843.0, 'J12': -72836.0, 'J13': -32761.5, 'cluster3106249630_3106249631_J60_J61_#5more': -216504.5}, {'J10': 13, 'J11': 32, 'J12': 21, 'J13': 28, 'cluster3106249630_3106249631_J60_J61_#5more': 36}, {'J10': 18, 'J11': 48, 'J12': 77, 'J13': 42, 'cluster3106249630_3106249631_J60_J61_#5more': 83}, 
2020.0, {'J10': -32741.5, 'J11': -169323.0, 'J12': -73606.0, 'J13': -33181.5, 'cluster3106249630_3106249631_J60_J61_#5more': -217334.5}, {'J10': 13, 'J11': 32, 'J12': 21, 'J13': 28, 'cluster3106249630_3106249631_J60_J61_#5more': 36}, {'J10': 19, 'J11': 48, 'J12': 77, 'J13': 42, 'cluster3106249630_3106249631_J60_J61_#5more': 83}, 
2025.0, {'J10': -32931.5, 'J11': -169803.0, 'J12': -74376.0, 'J13': -33602.0, 'cluster3106249630_3106249631_J60_J61_#5more': -218166.5}, {'J10': 13, 'J11': 32, 'J12': 21, 'J13': 28, 'cluster3106249630_3106249631_J60_J61_#5more': 36}, {'J10': 19, 'J11': 48, 'J12': 77, 'J13': 43, 'cluster3106249630_3106249631_J60_J61_#5more': 84}, 
2030.0, {'J10': -33121.5, 'J11': -170283.0, 'J12': -75146.0, 'J13': -33391.0, 'cluster3106249630_3106249631_J60_J61_#5more': -219011.0}, {'J10': 13, 'J11': 32, 'J12': 21, 'J13': 28, 'cluster3106249630_3106249631_J60_J61_#5more': 36}, {'J10': 19, 'J11': 48, 'J12': 77, 'J13': 41, 'cluster3106249630_3106249631_J60_J61_#5more': 86}, 
2035.0, {'J10': -33311.5, 'J11': -170763.0, 'J12': -75916.0, 'J13': -33801.0, 'cluster3106249630_3106249631_J60_J61_#5more': -219611.5}, {'J10': 13, 'J11': 32, 'J12': 21, 'J13': 28, 'cluster3106249630_3106249631_J60_J61_#5more': 36}, {'J10': 19, 'J11': 48, 'J12': 77, 'J13': 41, 'cluster3106249630_3106249631_J60_J61_#5more': 82}, 
2040.0, {'J10': -33501.5, 'J11': -171243.0, 'J12': -71904.0, 'J13': -34215.5, 'cluster3106249630_3106249631_J60_J61_#5more': -220210.0}, {'J10': 13, 'J11': 32, 'J12': 21, 'J13': 28, 'cluster3106249630_3106249631_J60_J61_#5more': 36}, {'J10': 19, 'J11': 48, 'J12': 72, 'J13': 42, 'cluster3106249630_3106249631_J60_J61_#5more': 81}, 
2045.0, {'J10': -33691.5, 'J11': -171723.0, 'J12': -71982.5, 'J13': -34640.5, 'cluster3106249630_3106249631_J60_J61_#5more': -221020.0}, {'J10': 13, 'J11': 32, 'J12': 21, 'J13': 28, 'cluster3106249630_3106249631_J60_J61_#5more': 36}, {'J10': 19, 'J11': 48, 'J12': 70, 'J13': 43, 'cluster3106249630_3106249631_J60_J61_#5more': 81}, 
2050.0, {'J10': -33881.5, 'J11': -172203.0, 'J12': -72663.0, 'J13': -35072.0, 'cluster3106249630_3106249631_J60_J61_#5more': -221830.0}, {'J10': 13, 'J11': 32, 'J12': 21, 'J13': 28, 'cluster3106249630_3106249631_J60_J61_#5more': 36}, {'J10': 19, 'J11': 48, 'J12': 71, 'J13': 44, 'cluster3106249630_3106249631_J60_J61_#5more': 81}, 
2055.0, {'J10': -34001.0, 'J11': -172683.0, 'J12': -73389.0, 'J13': -35512.0, 'cluster3106249630_3106249631_J60_J61_#5more': -222648.5}, {'J10': 13, 'J11': 32, 'J12': 21, 'J13': 28, 'cluster3106249630_3106249631_J60_J61_#5more': 36}, {'J10': 18, 'J11': 48, 'J12': 75, 'J13': 44, 'cluster3106249630_3106249631_J60_J61_#5more': 83}, 
2060.0, {'J10': -34181.0, 'J11': -173163.0, 'J12': -74139.0, 'J13': -35952.0, 'cluster3106249630_3106249631_J60_J61_#5more': -223478.5}, {'J10': 13, 'J11': 32, 'J12': 21, 'J13': 28, 'cluster3106249630_3106249631_J60_J61_#5more': 36}, {'J10': 18, 'J11': 48, 'J12': 75, 'J13': 44, 'cluster3106249630_3106249631_J60_J61_#5more': 83}, 
2065.0, {'J10': -34361.0, 'J11': -173643.0, 'J12': -74889.0, 'J13': -36392.0, 'cluster3106249630_3106249631_J60_J61_#5more': -224308.5}, {'J10': 13, 'J11': 32, 'J12': 21, 'J13': 28, 'cluster3106249630_3106249631_J60_J61_#5more': 36}, {'J10': 18, 'J11': 48, 'J12': 75, 'J13': 44, 'cluster3106249630_3106249631_J60_J61_#5more': 83}, 
2070.0, {'J10': -34541.0, 'J11': -174123.0, 'J12': -75643.0, 'J13': -36832.0, 'cluster3106249630_3106249631_J60_J61_#5more': -225138.5}, {'J10': 13, 'J11': 32, 'J12': 21, 'J13': 28, 'cluster3106249630_3106249631_J60_J61_#5more': 36}, {'J10': 18, 'J11': 48, 'J12': 76, 'J13': 44, 'cluster3106249630_3106249631_J60_J61_#5more': 83}, 
2075.0, {'J10': -34721.0, 'J11': -174603.0, 'J12': -76403.0, 'J13': -37272.0, 'cluster3106249630_3106249631_J60_J61_#5more': -225968.5}, {'J10': 13, 'J11': 32, 'J12': 21, 'J13': 28, 'cluster3106249630_3106249631_J60_J61_#5more': 36}, {'J10': 18, 'J11': 48, 'J12': 76, 'J13': 44, 'cluster3106249630_3106249631_J60_J61_#5more': 83}, 
2080.0, {'J10': -34901.0, 'J11': -175083.0, 'J12': -77163.0, 'J13': -37712.0, 'cluster3106249630_3106249631_J60_J61_#5more': -226798.5}, {'J10': 13, 'J11': 32, 'J12': 21, 'J13': 28, 'cluster3106249630_3106249631_J60_J61_#5more': 36}, {'J10': 18, 'J11': 48, 'J12': 76, 'J13': 44, 'cluster3106249630_3106249631_J60_J61_#5more': 83}, 
2085.0, {'J10': -35081.0, 'J11': -175563.0, 'J12': -77928.0, 'J13': -38152.0, 'cluster3106249630_3106249631_J60_J61_#5more': -227628.5}, {'J10': 13, 'J11': 32, 'J12': 21, 'J13': 28, 'cluster3106249630_3106249631_J60_J61_#5more': 36}, {'J10': 18, 'J11': 48, 'J12': 77, 'J13': 44, 'cluster3106249630_3106249631_J60_J61_#5more': 83}, 
2090.0, {'J10': -35261.0, 'J11': -176043.0, 'J12': -78698.5, 'J13': -34878.0, 'cluster3106249630_3106249631_J60_J61_#5more': -228458.5}, {'J10': 13, 'J11': 32, 'J12': 21, 'J13': 25, 'cluster3106249630_3106249631_J60_J61_#5more': 36}, {'J10': 18, 'J11': 48, 'J12': 78, 'J13': 39, 'cluster3106249630_3106249631_J60_J61_#5more': 83}, 
2095.0, {'J10': -35441.0, 'J11': -176523.0, 'J12': -79478.5, 'J13': -34173.5, 'cluster3106249630_3106249631_J60_J61_#5more': -229288.5}, {'J10': 13, 'J11': 32, 'J12': 21, 'J13': 24, 'cluster3106249630_3106249631_J60_J61_#5more': 36}, {'J10': 18, 'J11': 48, 'J12': 78, 'J13': 37, 'cluster3106249630_3106249631_J60_J61_#5more': 83}, 
2100.0, {'J10': -35621.0, 'J11': -177008.0, 'J12': -80258.5, 'J13': -34543.5, 'cluster3106249630_3106249631_J60_J61_#5more': -230118.5}, {'J10': 13, 'J11': 32, 'J12': 21, 'J13': 24, 'cluster3106249630_3106249631_J60_J61_#5more': 36}, {'J10': 18, 'J11': 49, 'J12': 78, 'J13': 37, 'cluster3106249630_3106249631_J60_J61_#5more': 83}, 
2105.0, {'J10': -35801.0, 'J11': -177484.5, 'J12': -76287.0, 'J13': -34919.0, 'cluster3106249630_3106249631_J60_J61_#5more': -230948.5}, {'J10': 13, 'J11': 32, 'J12': 21, 'J13': 24, 'cluster3106249630_3106249631_J60_J61_#5more': 36}, {'J10': 18, 'J11': 49, 'J12': 72, 'J13': 39, 'cluster3106249630_3106249631_J60_J61_#5more': 83}, 
2110.0, {'J10': -35981.0, 'J11': -177979.0, 'J12': -76006.0, 'J13': -35309.0, 'cluster3106249630_3106249631_J60_J61_#5more': -231778.5}, {'J10': 13, 'J11': 32, 'J12': 21, 'J13': 24, 'cluster3106249630_3106249631_J60_J61_#5more': 36}, {'J10': 18, 'J11': 50, 'J12': 69, 'J13': 39, 'cluster3106249630_3106249631_J60_J61_#5more': 83}, 
2115.0, {'J10': -36161.0, 'J11': -178457.5, 'J12': -76697.5, 'J13': -35711.5, 'cluster3106249630_3106249631_J60_J61_#5more': -232608.5}, {'J10': 13, 'J11': 32, 'J12': 21, 'J13': 28, 'cluster3106249630_3106249631_J60_J61_#5more': 36}, {'J10': 18, 'J11': 49, 'J12': 72, 'J13': 43, 'cluster3106249630_3106249631_J60_J61_#5more': 83}, 
2120.0, {'J10': -36341.0, 'J11': -178924.5, 'J12': -77434.0, 'J13': -36143.0, 'cluster3106249630_3106249631_J60_J61_#5more': -233438.5}, {'J10': 13, 'J11': 32, 'J12': 21, 'J13': 28, 'cluster3106249630_3106249631_J60_J61_#5more': 36}, {'J10': 18, 'J11': 49, 'J12': 77, 'J13': 44, 'cluster3106249630_3106249631_J60_J61_#5more': 83}, 
2125.0, {'J10': -36521.0, 'J11': -179403.0, 'J12': -78213.0, 'J13': -36583.0, 'cluster3106249630_3106249631_J60_J61_#5more': -233974.5}, {'J10': 13, 'J11': 32, 'J12': 21, 'J13': 28, 'cluster3106249630_3106249631_J60_J61_#5more': 36}, {'J10': 18, 'J11': 48, 'J12': 79, 'J13': 44, 'cluster3106249630_3106249631_J60_J61_#5more': 82}, 
2130.0, {'J10': -36701.0, 'J11': -179883.0, 'J12': -78022.0, 'J13': -37023.0, 'cluster3106249630_3106249631_J60_J61_#5more': -234794.5}, {'J10': 13, 'J11': 32, 'J12': 21, 'J13': 28, 'cluster3106249630_3106249631_J60_J61_#5more': 36}, {'J10': 18, 'J11': 48, 'J12': 76, 'J13': 44, 'cluster3106249630_3106249631_J60_J61_#5more': 82}, 
2135.0, {'J10': -36881.0, 'J11': -180363.0, 'J12': -78677.0, 'J13': -37465.0, 'cluster3106249630_3106249631_J60_J61_#5more': -235619.0}, {'J10': 13, 'J11': 32, 'J12': 21, 'J13': 28, 'cluster3106249630_3106249631_J60_J61_#5more': 36}, {'J10': 18, 'J11': 48, 'J12': 75, 'J13': 45, 'cluster3106249630_3106249631_J60_J61_#5more': 83}, 
2140.0, {'J10': -37061.0, 'J11': -180843.0, 'J12': -75818.5, 'J13': -37915.0, 'cluster3106249630_3106249631_J60_J61_#5more': -236454.5}, {'J10': 13, 'J11': 32, 'J12': 21, 'J13': 28, 'cluster3106249630_3106249631_J60_J61_#5more': 36}, {'J10': 18, 'J11': 48, 'J12': 70, 'J13': 45, 'cluster3106249630_3106249631_J60_J61_#5more': 85}, 
2145.0, {'J10': -37241.0, 'J11': -181323.0, 'J12': -73956.0, 'J13': -38365.0, 'cluster3106249630_3106249631_J60_J61_#5more': -237014.0}, {'J10': 13, 'J11': 32, 'J12': 21, 'J13': 28, 'cluster3106249630_3106249631_J60_J61_#5more': 36}, {'J10': 18, 'J11': 48, 'J12': 68, 'J13': 45, 'cluster3106249630_3106249631_J60_J61_#5more': 86}, 
2150.0, {'J10': -37421.0, 'J11': -181803.0, 'J12': -74641.0, 'J13': -38815.0, 'cluster3106249630_3106249631_J60_J61_#5more': -237685.0}, {'J10': 13, 'J11': 32, 'J12': 21, 'J13': 28, 'cluster3106249630_3106249631_J60_J61_#5more': 36}, {'J10': 18, 'J11': 48, 'J12': 70, 'J13': 45, 'cluster3106249630_3106249631_J60_J61_#5more': 87}, 
2155.0, {'J10': -37601.0, 'J11': -182283.0, 'J12': -75345.5, 'J13': -36296.0, 'cluster3106249630_3106249631_J60_J61_#5more': -238556.0}, {'J10': 13, 'J11': 32, 'J12': 21, 'J13': 26, 'cluster3106249630_3106249631_J60_J61_#5more': 36}, {'J10': 18, 'J11': 48, 'J12': 73, 'J13': 41, 'cluster3106249630_3106249631_J60_J61_#5more': 88}, 
2160.0, {'J10': -37781.0, 'J11': -182765.5, 'J12': -71167.5, 'J13': -33986.0, 'cluster3106249630_3106249631_J60_J61_#5more': -239092.5}, {'J10': 13, 'J11': 32, 'J12': 21, 'J13': 24, 'cluster3106249630_3106249631_J60_J61_#5more': 36}, {'J10': 18, 'J11': 49, 'J12': 72, 'J13': 37, 'cluster3106249630_3106249631_J60_J61_#5more': 83}, 
2165.0, {'J10': -37961.0, 'J11': -183255.5, 'J12': -71855.5, 'J13': -34360.0, 'cluster3106249630_3106249631_J60_J61_#5more': -239752.5}, {'J10': 13, 'J11': 32, 'J12': 21, 'J13': 24, 'cluster3106249630_3106249631_J60_J61_#5more': 36}, {'J10': 18, 'J11': 49, 'J12': 72, 'J13': 38, 'cluster3106249630_3106249631_J60_J61_#5more': 80}, 
2170.0, {'J10': -38141.0, 'J11': -183725.5, 'J12': -69610.0, 'J13': -34746.0, 'cluster3106249630_3106249631_J60_J61_#5more': -240552.5}, {'J10': 13, 'J11': 32, 'J12': 21, 'J13': 24, 'cluster3106249630_3106249631_J60_J61_#5more': 36}, {'J10': 18, 'J11': 49, 'J12': 68, 'J13': 41, 'cluster3106249630_3106249631_J60_J61_#5more': 80}, 
2175.0, {'J10': -38321.0, 'J11': -184203.0, 'J12': -66767.5, 'J13': -35156.0, 'cluster3106249630_3106249631_J60_J61_#5more': -241356.0}, {'J10': 13, 'J11': 32, 'J12': 21, 'J13': 24, 'cluster3106249630_3106249631_J60_J61_#5more': 36}, {'J10': 18, 'J11': 48, 'J12': 66, 'J13': 41, 'cluster3106249630_3106249631_J60_J61_#5more': 82}, 
2180.0, {'J10': -38501.0, 'J11': -184684.5, 'J12': -67368.5, 'J13': -35579.0, 'cluster3106249630_3106249631_J60_J61_#5more': -242176.0}, {'J10': 13, 'J11': 32, 'J12': 21, 'J13': 28, 'cluster3106249630_3106249631_J60_J61_#5more': 36}, {'J10': 18, 'J11': 49, 'J12': 66, 'J13': 45, 'cluster3106249630_3106249631_J60_J61_#5more': 82}, 
2185.0, {'J10': -38681.0, 'J11': -185163.0, 'J12': -66982.5, 'J13': -36029.0, 'cluster3106249630_3106249631_J60_J61_#5more': -242996.0}, {'J10': 13, 'J11': 32, 'J12': 21, 'J13': 28, 'cluster3106249630_3106249631_J60_J61_#5more': 36}, {'J10': 18, 'J11': 48, 'J12': 67, 'J13': 45, 'cluster3106249630_3106249631_J60_J61_#5more': 82}, 
2190.0, {'J10': -38861.0, 'J11': -185643.0, 'J12': -67618.0, 'J13': -36479.0, 'cluster3106249630_3106249631_J60_J61_#5more': -243817.5}, {'J10': 13, 'J11': 32, 'J12': 21, 'J13': 28, 'cluster3106249630_3106249631_J60_J61_#5more': 36}, {'J10': 18, 'J11': 48, 'J12': 66, 'J13': 45, 'cluster3106249630_3106249631_J60_J61_#5more': 83}, 
2195.0, {'J10': -39041.0, 'J11': -186123.0, 'J12': -67230.5, 'J13': -36929.0, 'cluster3106249630_3106249631_J60_J61_#5more': -244647.5}, {'J10': 13, 'J11': 32, 'J12': 21, 'J13': 28, 'cluster3106249630_3106249631_J60_J61_#5more': 36}, {'J10': 18, 'J11': 48, 'J12': 63, 'J13': 45, 'cluster3106249630_3106249631_J60_J61_#5more': 83}, 
2200.0, {'J10': -39221.0, 'J11': -186603.0, 'J12': -67861.5, 'J13': -37379.0, 'cluster3106249630_3106249631_J60_J61_#5more': -245406.5}, {'J10': 13, 'J11': 32, 'J12': 21, 'J13': 28, 'cluster3106249630_3106249631_J60_J61_#5more': 36}, {'J10': 18, 'J11': 48, 'J12': 64, 'J13': 45, 'cluster3106249630_3106249631_J60_J61_#5more': 82}, 
2205.0, {'J10': -39401.0, 'J11': -187083.0, 'J12': -68503.5, 'J13': -37829.0, 'cluster3106249630_3106249631_J60_J61_#5more': -246226.5}, {'J10': 13, 'J11': 32, 'J12': 21, 'J13': 28, 'cluster3106249630_3106249631_J60_J61_#5more': 36}, {'J10': 18, 'J11': 48, 'J12': 65, 'J13': 45, 'cluster3106249630_3106249631_J60_J61_#5more': 82}, 
2210.0, {'J10': -39581.0, 'J11': -187563.0, 'J12': -68135.5, 'J13': -38279.0, 'cluster3106249630_3106249631_J60_J61_#5more': -247049.5}, {'J10': 13, 'J11': 32, 'J12': 21, 'J13': 28, 'cluster3106249630_3106249631_J60_J61_#5more': 36}, {'J10': 18, 'J11': 48, 'J12': 69, 'J13': 45, 'cluster3106249630_3106249631_J60_J61_#5more': 83}, 
2215.0, {'J10': -39761.0, 'J11': -188043.0, 'J12': -68828.5, 'J13': -38729.0, 'cluster3106249630_3106249631_J60_J61_#5more': -247797.5}, {'J10': 13, 'J11': 32, 'J12': 21, 'J13': 28, 'cluster3106249630_3106249631_J60_J61_#5more': 36}, {'J10': 18, 'J11': 48, 'J12': 70, 'J13': 45, 'cluster3106249630_3106249631_J60_J61_#5more': 82}, 
2220.0, {'J10': -39941.0, 'J11': -188526.0, 'J12': -69529.0, 'J13': -36280.0, 'cluster3106249630_3106249631_J60_J61_#5more': -248526.0}, {'J10': 13, 'J11': 32, 'J12': 21, 'J13': 26, 'cluster3106249630_3106249631_J60_J61_#5more': 36}, {'J10': 18, 'J11': 49, 'J12': 71, 'J13': 40, 'cluster3106249630_3106249631_J60_J61_#5more': 81}, 
2225.0, {'J10': -40121.0, 'J11': -189016.0, 'J12': -70239.0, 'J13': -34674.0, 'cluster3106249630_3106249631_J60_J61_#5more': -249264.5}, {'J10': 13, 'J11': 32, 'J12': 21, 'J13': 24, 'cluster3106249630_3106249631_J60_J61_#5more': 36}, {'J10': 18, 'J11': 49, 'J12': 71, 'J13': 38, 'cluster3106249630_3106249631_J60_J61_#5more': 80}, 
2230.0, {'J10': -40301.0, 'J11': -189515.5, 'J12': -70956.0, 'J13': -35059.5, 'cluster3106249630_3106249631_J60_J61_#5more': -250021.5}, {'J10': 13, 'J11': 32, 'J12': 21, 'J13': 24, 'cluster3106249630_3106249631_J60_J61_#5more': 36}, {'J10': 18, 'J11': 52, 'J12': 74, 'J13': 40, 'cluster3106249630_3106249631_J60_J61_#5more': 79}, 
2235.0, {'J10': -40481.0, 'J11': -189992.0, 'J12': -71706.0, 'J13': -35463.0, 'cluster3106249630_3106249631_J60_J61_#5more': -250812.0}, {'J10': 13, 'J11': 32, 'J12': 21, 'J13': 24, 'cluster3106249630_3106249631_J60_J61_#5more': 36}, {'J10': 18, 'J11': 51, 'J12': 78, 'J13': 41, 'cluster3106249630_3106249631_J60_J61_#5more': 80}, 
2240.0, {'J10': -40661.0, 'J11': -190481.0, 'J12': -72490.0, 'J13': -35873.0, 'cluster3106249630_3106249631_J60_J61_#5more': -251601.5}, {'J10': 13, 'J11': 32, 'J12': 21, 'J13': 24, 'cluster3106249630_3106249631_J60_J61_#5more': 36}, {'J10': 18, 'J11': 50, 'J12': 79, 'J13': 41, 'cluster3106249630_3106249631_J60_J61_#5more': 79}, 
2245.0, {'J10': -40841.0, 'J11': -190983.5, 'J12': -71069.0, 'J13': -36290.0, 'cluster3106249630_3106249631_J60_J61_#5more': -252403.0}, {'J10': 13, 'J11': 32, 'J12': 21, 'J13': 26, 'cluster3106249630_3106249631_J60_J61_#5more': 36}, {'J10': 18, 'J11': 51, 'J12': 74, 'J13': 43, 'cluster3106249630_3106249631_J60_J61_#5more': 83}, 
2250.0, {'J10': -41023.0, 'J11': -191415.5, 'J12': -71809.0, 'J13': -36727.0, 'cluster3106249630_3106249631_J60_J61_#5more': -253233.0}, {'J10': 13, 'J11': 32, 'J12': 21, 'J13': 28, 'cluster3106249630_3106249631_J60_J61_#5more': 36}, {'J10': 19, 'J11': 49, 'J12': 74, 'J13': 45, 'cluster3106249630_3106249631_J60_J61_#5more': 83}, 
2255.0, {'J10': -41201.0, 'J11': -191905.5, 'J12': -72550.0, 'J13': -37177.0, 'cluster3106249630_3106249631_J60_J61_#5more': -254068.0}, {'J10': 13, 'J11': 32, 'J12': 21, 'J13': 28, 'cluster3106249630_3106249631_J60_J61_#5more': 36}, {'J10': 18, 'J11': 49, 'J12': 76, 'J13': 45, 'cluster3106249630_3106249631_J60_J61_#5more': 85}, 
2260.0, {'J10': -41381.0, 'J11': -192363.0, 'J12': -73318.0, 'J13': -37627.0, 'cluster3106249630_3106249631_J60_J61_#5more': -255216.5}, {'J10': 13, 'J11': 32, 'J12': 21, 'J13': 28, 'cluster3106249630_3106249631_J60_J61_#5more': 36}, {'J10': 18, 'J11': 48, 'J12': 78, 'J13': 45, 'cluster3106249630_3106249631_J60_J61_#5more': 86}, 
2265.0, {'J10': -41561.0, 'J11': -192845.0, 'J12': -73877.5, 'J13': -38077.0, 'cluster3106249630_3106249631_J60_J61_#5more': -251633.5}, {'J10': 13, 'J11': 32, 'J12': 21, 'J13': 28, 'cluster3106249630_3106249631_J60_J61_#5more': 36}, {'J10': 18, 'J11': 49, 'J12': 78, 'J13': 45, 'cluster3106249630_3106249631_J60_J61_#5more': 84}, 
2270.0, {'J10': -41741.0, 'J11': -193335.0, 'J12': -74433.0, 'J13': -38527.0, 'cluster3106249630_3106249631_J60_J61_#5more': -252474.0}, {'J10': 13, 'J11': 32, 'J12': 21, 'J13': 28, 'cluster3106249630_3106249631_J60_J61_#5more': 36}, {'J10': 18, 'J11': 49, 'J12': 77, 'J13': 45, 'cluster3106249630_3106249631_J60_J61_#5more': 85}, 
2275.0, {'J10': -41921.0, 'J11': -193803.0, 'J12': -74976.5, 'J13': -38977.0, 'cluster3106249630_3106249631_J60_J61_#5more': -253214.0}, {'J10': 13, 'J11': 32, 'J12': 21, 'J13': 28, 'cluster3106249630_3106249631_J60_J61_#5more': 36}, {'J10': 18, 'J11': 48, 'J12': 75, 'J13': 45, 'cluster3106249630_3106249631_J60_J61_#5more': 88}, 
2280.0, {'J10': -42101.0, 'J11': -194284.5, 'J12': -75582.5, 'J13': -39427.0, 'cluster3106249630_3106249631_J60_J61_#5more': -254071.0}, {'J10': 13, 'J11': 32, 'J12': 21, 'J13': 28, 'cluster3106249630_3106249631_J60_J61_#5more': 36}, {'J10': 18, 'J11': 49, 'J12': 74, 'J13': 45, 'cluster3106249630_3106249631_J60_J61_#5more': 91}, 
2285.0, {'J10': -42281.0, 'J11': -194763.0, 'J12': -76071.0, 'J13': -39644.0, 'cluster3106249630_3106249631_J60_J61_#5more': -254784.0}, {'J10': 13, 'J11': 32, 'J12': 21, 'J13': 28, 'cluster3106249630_3106249631_J60_J61_#5more': 36}, {'J10': 18, 'J11': 48, 'J12': 74, 'J13': 44, 'cluster3106249630_3106249631_J60_J61_#5more': 87}, 
2290.0, {'J10': -42461.0, 'J11': -195248.0, 'J12': -76698.5, 'J13': -39328.5, 'cluster3106249630_3106249631_J60_J61_#5more': -251108.0}, {'J10': 13, 'J11': 32, 'J12': 21, 'J13': 28, 'cluster3106249630_3106249631_J60_J61_#5more': 36}, {'J10': 18, 'J11': 50, 'J12': 76, 'J13': 42, 'cluster3106249630_3106249631_J60_J61_#5more': 86}, 
2295.0, {'J10': -42641.0, 'J11': -195752.5, 'J12': -77459.0, 'J13': -39753.5, 'cluster3106249630_3106249631_J60_J61_#5more': -251976.0}, {'J10': 13, 'J11': 32, 'J12': 21, 'J13': 28, 'cluster3106249630_3106249631_J60_J61_#5more': 36}, {'J10': 18, 'J11': 51, 'J12': 77, 'J13': 44, 'cluster3106249630_3106249631_J60_J61_#5more': 88}, 
2300.0, {'J10': -42821.0, 'J11': -196262.5, 'J12': -77879.5, 'J13': -40193.5, 'cluster3106249630_3106249631_J60_J61_#5more': -252742.0}, {'J10': 13, 'J11': 32, 'J12': 21, 'J13': 28, 'cluster3106249630_3106249631_J60_J61_#5more': 36}, {'J10': 18, 'J11': 51, 'J12': 76, 'J13': 44, 'cluster3106249630_3106249631_J60_J61_#5more': 90}, 
2305.0, {'J10': -43001.0, 'J11': -196683.0, 'J12': -78119.5, 'J13': -40638.5, 'cluster3106249630_3106249631_J60_J61_#5more': -253642.0}, {'J10': 13, 'J11': 32, 'J12': 21, 'J13': 28, 'cluster3106249630_3106249631_J60_J61_#5more': 36}, {'J10': 18, 'J11': 48, 'J12': 73, 'J13': 45, 'cluster3106249630_3106249631_J60_J61_#5more': 90}, 
2310.0, {'J10': -43181.0, 'J11': -197163.0, 'J12': -78760.5, 'J13': -41088.5, 'cluster3106249630_3106249631_J60_J61_#5more': -254551.5}, {'J10': 13, 'J11': 32, 'J12': 21, 'J13': 28, 'cluster3106249630_3106249631_J60_J61_#5more': 36}, {'J10': 18, 'J11': 48, 'J12': 73, 'J13': 45, 'cluster3106249630_3106249631_J60_J61_#5more': 94}, 
2315.0, {'J10': -43361.0, 'J11': -197643.0, 'J12': -79429.5, 'J13': -41538.5, 'cluster3106249630_3106249631_J60_J61_#5more': -255450.5}, {'J10': 13, 'J11': 32, 'J12': 21, 'J13': 28, 'cluster3106249630_3106249631_J60_J61_#5more': 36}, {'J10': 18, 'J11': 48, 'J12': 73, 'J13': 45, 'cluster3106249630_3106249631_J60_J61_#5more': 95}, 
2320.0, {'J10': -43541.0, 'J11': -198123.0, 'J12': -79829.0, 'J13': -41988.5, 'cluster3106249630_3106249631_J60_J61_#5more': -256403.5}, {'J10': 13, 'J11': 32, 'J12': 21, 'J13': 28, 'cluster3106249630_3106249631_J60_J61_#5more': 36}, {'J10': 18, 'J11': 48, 'J12': 76, 'J13': 45, 'cluster3106249630_3106249631_J60_J61_#5more': 96}, 
2325.0, {'J10': -43721.0, 'J11': -198603.0, 'J12': -80174.5, 'J13': -42438.5, 'cluster3106249630_3106249631_J60_J61_#5more': -257364.0}, {'J10': 13, 'J11': 32, 'J12': 21, 'J13': 28, 'cluster3106249630_3106249631_J60_J61_#5more': 36}, {'J10': 18, 'J11': 48, 'J12': 75, 'J13': 45, 'cluster3106249630_3106249631_J60_J61_#5more': 97}, 
2330.0, {'J10': -43901.0, 'J11': -199083.0, 'J12': -80535.5, 'J13': -42888.5, 'cluster3106249630_3106249631_J60_J61_#5more': -258341.5}, {'J10': 13, 'J11': 32, 'J12': 21, 'J13': 28, 'cluster3106249630_3106249631_J60_J61_#5more': 36}, {'J10': 18, 'J11': 48, 'J12': 74, 'J13': 45, 'cluster3106249630_3106249631_J60_J61_#5more': 101}, 
2335.0, {'J10': -44081.0, 'J11': -199563.0, 'J12': -81276.0, 'J13': -43338.5, 'cluster3106249630_3106249631_J60_J61_#5more': -259356.5}, {'J10': 13, 'J11': 32, 'J12': 21, 'J13': 28, 'cluster3106249630_3106249631_J60_J61_#5more': 36}, {'J10': 18, 'J11': 48, 'J12': 75, 'J13': 45, 'cluster3106249630_3106249631_J60_J61_#5more': 102}, 
2340.0, {'J10': -44261.5, 'J11': -200043.0, 'J12': -82026.0, 'J13': -43788.5, 'cluster3106249630_3106249631_J60_J61_#5more': -260213.0}, {'J10': 13, 'J11': 32, 'J12': 21, 'J13': 28, 'cluster3106249630_3106249631_J60_J61_#5more': 36}, {'J10': 19, 'J11': 48, 'J12': 75, 'J13': 45, 'cluster3106249630_3106249631_J60_J61_#5more': 101}, 
2345.0, {'J10': -44451.5, 'J11': -200523.0, 'J12': -82756.5, 'J13': -44238.5, 'cluster3106249630_3106249631_J60_J61_#5more': -261227.0}, {'J10': 13, 'J11': 32, 'J12': 21, 'J13': 28, 'cluster3106249630_3106249631_J60_J61_#5more': 36}, {'J10': 19, 'J11': 48, 'J12': 75, 'J13': 45, 'cluster3106249630_3106249631_J60_J61_#5more': 102}, 
2350.0, {'J10': -44641.5, 'J11': -201003.0, 'J12': -83511.5, 'J13': -39712.5, 'cluster3106249630_3106249631_J60_J61_#5more': -262205.5}, {'J10': 13, 'J11': 32, 'J12': 21, 'J13': 25, 'cluster3106249630_3106249631_J60_J61_#5more': 36}, {'J10': 19, 'J11': 48, 'J12': 77, 'J13': 39, 'cluster3106249630_3106249631_J60_J61_#5more': 102}, 
2355.0, {'J10': -44831.5, 'J11': -201483.0, 'J12': -83999.5, 'J13': -38854.5, 'cluster3106249630_3106249631_J60_J61_#5more': -263225.5}, {'J10': 13, 'J11': 32, 'J12': 21, 'J13': 24, 'cluster3106249630_3106249631_J60_J61_#5more': 36}, {'J10': 19, 'J11': 48, 'J12': 79, 'J13': 37, 'cluster3106249630_3106249631_J60_J61_#5more': 102}, 
2360.0, {'J10': -45021.5, 'J11': -201963.0, 'J12': -84789.5, 'J13': -39231.0, 'cluster3106249630_3106249631_J60_J61_#5more': -264185.0}, {'J10': 13, 'J11': 32, 'J12': 21, 'J13': 24, 'cluster3106249630_3106249631_J60_J61_#5more': 36}, {'J10': 19, 'J11': 48, 'J12': 79, 'J13': 39, 'cluster3106249630_3106249631_J60_J61_#5more': 101}, 
2365.0, {'J10': -45211.5, 'J11': -202443.0, 'J12': -85579.5, 'J13': -39624.5, 'cluster3106249630_3106249631_J60_J61_#5more': -260339.0}, {'J10': 13, 'J11': 32, 'J12': 21, 'J13': 24, 'cluster3106249630_3106249631_J60_J61_#5more': 36}, {'J10': 19, 'J11': 48, 'J12': 79, 'J13': 41, 'cluster3106249630_3106249631_J60_J61_#5more': 97}, 
2370.0, {'J10': -45401.5, 'J11': -202923.0, 'J12': -86369.5, 'J13': -40034.5, 'cluster3106249630_3106249631_J60_J61_#5more': -256498.5}, {'J10': 13, 'J11': 32, 'J12': 21, 'J13': 24, 'cluster3106249630_3106249631_J60_J61_#5more': 36}, {'J10': 19, 'J11': 48, 'J12': 79, 'J13': 41, 'cluster3106249630_3106249631_J60_J61_#5more': 94}, 
2375.0, {'J10': -45591.5, 'J11': -203403.0, 'J12': -87162.0, 'J13': -40453.5, 'cluster3106249630_3106249631_J60_J61_#5more': -257443.0}, {'J10': 13, 'J11': 32, 'J12': 21, 'J13': 27, 'cluster3106249630_3106249631_J60_J61_#5more': 36}, {'J10': 19, 'J11': 48, 'J12': 80, 'J13': 44, 'cluster3106249630_3106249631_J60_J61_#5more': 96}, 
2380.0, {'J10': -45701.0, 'J11': -203883.0, 'J12': -87962.0, 'J13': -40896.0, 'cluster3106249630_3106249631_J60_J61_#5more': -258403.0}, {'J10': 13, 'J11': 32, 'J12': 21, 'J13': 28, 'cluster3106249630_3106249631_J60_J61_#5more': 36}, {'J10': 18, 'J11': 48, 'J12': 80, 'J13': 45, 'cluster3106249630_3106249631_J60_J61_#5more': 100}, 
2385.0, {'J10': -45881.0, 'J11': -204363.0, 'J12': -88762.0, 'J13': -41346.0, 'cluster3106249630_3106249631_J60_J61_#5more': -259406.5}, {'J10': 13, 'J11': 32, 'J12': 21, 'J13': 28, 'cluster3106249630_3106249631_J60_J61_#5more': 36}, {'J10': 18, 'J11': 48, 'J12': 80, 'J13': 45, 'cluster3106249630_3106249631_J60_J61_#5more': 101}, 
2390.0, {'J10': -46061.0, 'J11': -204843.0, 'J12': -89562.0, 'J13': -41796.0, 'cluster3106249630_3106249631_J60_J61_#5more': -260385.0}, {'J10': 13, 'J11': 32, 'J12': 21, 'J13': 28, 'cluster3106249630_3106249631_J60_J61_#5more': 36}, {'J10': 18, 'J11': 48, 'J12': 80, 'J13': 45, 'cluster3106249630_3106249631_J60_J61_#5more': 100}, 
2395.0, {'J10': -46241.0, 'J11': -205323.0, 'J12': -90362.0, 'J13': -42246.0, 'cluster3106249630_3106249631_J60_J61_#5more': -261385.0}, {'J10': 13, 'J11': 32, 'J12': 21, 'J13': 28, 'cluster3106249630_3106249631_J60_J61_#5more': 36}, {'J10': 18, 'J11': 48, 'J12': 80, 'J13': 45, 'cluster3106249630_3106249631_J60_J61_#5more': 100}, 
2400.0, {'J10': -46421.0, 'J11': -205803.0, 'J12': -82841.5, 'J13': -42696.0, 'cluster3106249630_3106249631_J60_J61_#5more': -262385.0}, {'J10': 13, 'J11': 32, 'J12': 21, 'J13': 28, 'cluster3106249630_3106249631_J60_J61_#5more': 36}, {'J10': 18, 'J11': 48, 'J12': 72, 'J13': 45, 'cluster3106249630_3106249631_J60_J61_#5more': 100}, 
2405.0, {'J10': -46601.0, 'J11': -206283.0, 'J12': -83563.5, 'J13': -43146.0, 'cluster3106249630_3106249631_J60_J61_#5more': -263385.0}, {'J10': 13, 'J11': 32, 'J12': 21, 'J13': 28, 'cluster3106249630_3106249631_J60_J61_#5more': 36}, {'J10': 18, 'J11': 48, 'J12': 73, 'J13': 45, 'cluster3106249630_3106249631_J60_J61_#5more': 100}, 
2410.0, {'J10': -46781.0, 'J11': -206763.0, 'J12': -84263.0, 'J13': -43596.0, 'cluster3106249630_3106249631_J60_J61_#5more': -264385.0}, {'J10': 13, 'J11': 32, 'J12': 21, 'J13': 28, 'cluster3106249630_3106249631_J60_J61_#5more': 36}, {'J10': 18, 'J11': 48, 'J12': 73, 'J13': 45, 'cluster3106249630_3106249631_J60_J61_#5more': 100}, 
2415.0, {'J10': -46961.0, 'J11': -207243.0, 'J12': -85028.0, 'J13': -40934.0, 'cluster3106249630_3106249631_J60_J61_#5more': -265385.0}, {'J10': 13, 'J11': 32, 'J12': 21, 'J13': 26, 'cluster3106249630_3106249631_J60_J61_#5more': 36}, {'J10': 18, 'J11': 48, 'J12': 82, 'J13': 42, 'cluster3106249630_3106249631_J60_J61_#5more': 100}, 
2420.0, {'J10': -47141.0, 'J11': -207723.0, 'J12': -85826.0, 'J13': -41219.5, 'cluster3106249630_3106249631_J60_J61_#5more': -266385.0}, {'J10': 13, 'J11': 32, 'J12': 21, 'J13': 26, 'cluster3106249630_3106249631_J60_J61_#5more': 36}, {'J10': 18, 'J11': 48, 'J12': 81, 'J13': 40, 'cluster3106249630_3106249631_J60_J61_#5more': 100}, 
2425.0, {'J10': -47321.0, 'J11': -208203.0, 'J12': -86636.0, 'J13': -41625.5, 'cluster3106249630_3106249631_J60_J61_#5more': -267385.5}, {'J10': 13, 'J11': 32, 'J12': 21, 'J13': 26, 'cluster3106249630_3106249631_J60_J61_#5more': 36}, {'J10': 18, 'J11': 48, 'J12': 81, 'J13': 42, 'cluster3106249630_3106249631_J60_J61_#5more': 101}, 
2430.0, {'J10': -47501.0, 'J11': -208683.0, 'J12': -87446.0, 'J13': -42049.5, 'cluster3106249630_3106249631_J60_J61_#5more': -262695.0}, {'J10': 13, 'J11': 32, 'J12': 21, 'J13': 26, 'cluster3106249630_3106249631_J60_J61_#5more': 36}, {'J10': 18, 'J11': 48, 'J12': 81, 'J13': 43, 'cluster3106249630_3106249631_J60_J61_#5more': 97}, 
2435.0, {'J10': -47681.0, 'J11': -209163.0, 'J12': -88256.0, 'J13': -42480.5, 'cluster3106249630_3106249631_J60_J61_#5more': -259095.0}, {'J10': 13, 'J11': 32, 'J12': 21, 'J13': 27, 'cluster3106249630_3106249631_J60_J61_#5more': 36}, {'J10': 18, 'J11': 48, 'J12': 81, 'J13': 44, 'cluster3106249630_3106249631_J60_J61_#5more': 98}, 
2440.0, {'J10': -47861.0, 'J11': -209643.0, 'J12': -89066.0, 'J13': -42925.5, 'cluster3106249630_3106249631_J60_J61_#5more': -260054.5}, {'J10': 13, 'J11': 32, 'J12': 21, 'J13': 28, 'cluster3106249630_3106249631_J60_J61_#5more': 36}, {'J10': 18, 'J11': 48, 'J12': 81, 'J13': 45, 'cluster3106249630_3106249631_J60_J61_#5more': 97}, 
2445.0, {'J10': -48041.0, 'J11': -210123.0, 'J12': -89876.0, 'J13': -43375.5, 'cluster3106249630_3106249631_J60_J61_#5more': -260994.0}, {'J10': 13, 'J11': 32, 'J12': 21, 'J13': 28, 'cluster3106249630_3106249631_J60_J61_#5more': 36}, {'J10': 18, 'J11': 48, 'J12': 81, 'J13': 45, 'cluster3106249630_3106249631_J60_J61_#5more': 100}, 
2450.0, {'J10': -48221.5, 'J11': -210603.0, 'J12': -90686.0, 'J13': -43825.5, 'cluster3106249630_3106249631_J60_J61_#5more': -262002.0}, {'J10': 13, 'J11': 32, 'J12': 21, 'J13': 28, 'cluster3106249630_3106249631_J60_J61_#5more': 36}, {'J10': 19, 'J11': 48, 'J12': 81, 'J13': 45, 'cluster3106249630_3106249631_J60_J61_#5more': 102}, 
2455.0, {'J10': -48411.5, 'J11': -211083.0, 'J12': -91496.0, 'J13': -44275.5, 'cluster3106249630_3106249631_J60_J61_#5more': -262979.5}, {'J10': 13, 'J11': 32, 'J12': 21, 'J13': 28, 'cluster3106249630_3106249631_J60_J61_#5more': 36}, {'J10': 19, 'J11': 48, 'J12': 81, 'J13': 45, 'cluster3106249630_3106249631_J60_J61_#5more': 101}, 
2460.0, {'J10': -48601.5, 'J11': -211567.0, 'J12': -92306.0, 'J13': -44725.5, 'cluster3106249630_3106249631_J60_J61_#5more': -263937.5}, {'J10': 13, 'J11': 32, 'J12': 21, 'J13': 28, 'cluster3106249630_3106249631_J60_J61_#5more': 36}, {'J10': 19, 'J11': 49, 'J12': 81, 'J13': 45, 'cluster3106249630_3106249631_J60_J61_#5more': 100}, 
2465.0, {'J10': -48791.5, 'J11': -212057.0, 'J12': -87983.5, 'J13': -45175.5, 'cluster3106249630_3106249631_J60_J61_#5more': -264937.5}, {'J10': 13, 'J11': 32, 'J12': 21, 'J13': 28, 'cluster3106249630_3106249631_J60_J61_#5more': 36}, {'J10': 19, 'J11': 49, 'J12': 75, 'J13': 45, 'cluster3106249630_3106249631_J60_J61_#5more': 100}, 
2470.0, {'J10': -48981.5, 'J11': -212523.0, 'J12': -88722.5, 'J13': -45625.5, 'cluster3106249630_3106249631_J60_J61_#5more': -265937.5}, {'J10': 13, 'J11': 32, 'J12': 21, 'J13': 28, 'cluster3106249630_3106249631_J60_J61_#5more': 36}, {'J10': 19, 'J11': 48, 'J12': 74, 'J13': 45, 'cluster3106249630_3106249631_J60_J61_#5more': 100}, 
2475.0, {'J10': -49171.5, 'J11': -213005.0, 'J12': -89463.5, 'J13': -46075.5, 'cluster3106249630_3106249631_J60_J61_#5more': -266937.5}, {'J10': 13, 'J11': 32, 'J12': 21, 'J13': 28, 'cluster3106249630_3106249631_J60_J61_#5more': 36}, {'J10': 19, 'J11': 49, 'J12': 76, 'J13': 45, 'cluster3106249630_3106249631_J60_J61_#5more': 100}, 
2480.0, {'J10': -49361.5, 'J11': -213499.0, 'J12': -89693.5, 'J13': -42039.0, 'cluster3106249630_3106249631_J60_J61_#5more': -267937.5}, {'J10': 13, 'J11': 32, 'J12': 21, 'J13': 25, 'cluster3106249630_3106249631_J60_J61_#5more': 36}, {'J10': 19, 'J11': 50, 'J12': 78, 'J13': 40, 'cluster3106249630_3106249631_J60_J61_#5more': 100}, 
2485.0, {'J10': -49551.5, 'J11': -213980.0, 'J12': -90130.5, 'J13': -40553.5, 'cluster3106249630_3106249631_J60_J61_#5more': -268937.5}, {'J10': 13, 'J11': 32, 'J12': 21, 'J13': 24, 'cluster3106249630_3106249631_J60_J61_#5more': 36}, {'J10': 19, 'J11': 51, 'J12': 77, 'J13': 37, 'cluster3106249630_3106249631_J60_J61_#5more': 100}, 
2490.0, {'J10': -49741.5, 'J11': -214479.5, 'J12': -90901.0, 'J13': -40929.0, 'cluster3106249630_3106249631_J60_J61_#5more': -269937.5}, {'J10': 13, 'J11': 32, 'J12': 21, 'J13': 24, 'cluster3106249630_3106249631_J60_J61_#5more': 36}, {'J10': 19, 'J11': 50, 'J12': 78, 'J13': 39, 'cluster3106249630_3106249631_J60_J61_#5more': 100}, 
2495.0, {'J10': -49931.5, 'J11': -214979.5, 'J12': -91681.0, 'J13': -41319.0, 'cluster3106249630_3106249631_J60_J61_#5more': -264799.5}, {'J10': 13, 'J11': 32, 'J12': 21, 'J13': 24, 'cluster3106249630_3106249631_J60_J61_#5more': 36}, {'J10': 19, 'J11': 50, 'J12': 78, 'J13': 39, 'cluster3106249630_3106249631_J60_J61_#5more': 95}, 
2500.0, {'J10': -50121.5, 'J11': -215480.5, 'J12': -92461.0, 'J13': -41709.5, 'cluster3106249630_3106249631_J60_J61_#5more': -261048.5}, {'J10': 13, 'J11': 32, 'J12': 21, 'J13': 25, 'cluster3106249630_3106249631_J60_J61_#5more': 36}, {'J10': 19, 'J11': 51, 'J12': 78, 'J13': 40, 'cluster3106249630_3106249631_J60_J61_#5more': 94}, 
2505.0, {'J10': -50311.5, 'J11': -215940.5, 'J12': -93241.0, 'J13': -42119.0, 'cluster3106249630_3106249631_J60_J61_#5more': -261988.5}, {'J10': 13, 'J11': 32, 'J12': 21, 'J13': 28, 'cluster3106249630_3106249631_J60_J61_#5more': 36}, {'J10': 19, 'J11': 51, 'J12': 78, 'J13': 43, 'cluster3106249630_3106249631_J60_J61_#5more': 94}, 
2510.0, {'J10': -50381.0, 'J11': -216418.0, 'J12': -94021.0, 'J13': -42549.0, 'cluster3106249630_3106249631_J60_J61_#5more': -262938.0}, {'J10': 13, 'J11': 32, 'J12': 21, 'J13': 28, 'cluster3106249630_3106249631_J60_J61_#5more': 36}, {'J10': 18, 'J11': 50, 'J12': 78, 'J13': 43, 'cluster3106249630_3106249631_J60_J61_#5more': 98}, 
2515.0, {'J10': -50561.0, 'J11': -216905.5, 'J12': -94801.0, 'J13': -42979.0, 'cluster3106249630_3106249631_J60_J61_#5more': -263926.0}, {'J10': 13, 'J11': 32, 'J12': 21, 'J13': 28, 'cluster3106249630_3106249631_J60_J61_#5more': 36}, {'J10': 18, 'J11': 49, 'J12': 78, 'J13': 43, 'cluster3106249630_3106249631_J60_J61_#5more': 100}, 
2520.0, {'J10': -50741.0, 'J11': -217396.5, 'J12': -95581.0, 'J13': -43409.0, 'cluster3106249630_3106249631_J60_J61_#5more': -264926.0}, {'J10': 13, 'J11': 32, 'J12': 21, 'J13': 28, 'cluster3106249630_3106249631_J60_J61_#5more': 36}, {'J10': 18, 'J11': 50, 'J12': 78, 'J13': 43, 'cluster3106249630_3106249631_J60_J61_#5more': 100}, 
2525.0, {'J10': -50921.0, 'J11': -217803.5, 'J12': -96361.0, 'J13': -43839.0, 'cluster3106249630_3106249631_J60_J61_#5more': -265926.0}, {'J10': 13, 'J11': 32, 'J12': 21, 'J13': 28, 'cluster3106249630_3106249631_J60_J61_#5more': 36}, {'J10': 18, 'J11': 49, 'J12': 78, 'J13': 43, 'cluster3106249630_3106249631_J60_J61_#5more': 100}, 
2530.0, {'J10': -51101.0, 'J11': -218283.0, 'J12': -95131.5, 'J13': -44269.0, 'cluster3106249630_3106249631_J60_J61_#5more': -266926.0}, {'J10': 13, 'J11': 32, 'J12': 21, 'J13': 28, 'cluster3106249630_3106249631_J60_J61_#5more': 36}, {'J10': 18, 'J11': 48, 'J12': 74, 'J13': 43, 'cluster3106249630_3106249631_J60_J61_#5more': 100}, 
2535.0, {'J10': -51281.0, 'J11': -218771.0, 'J12': -95322.0, 'J13': -44699.0, 'cluster3106249630_3106249631_J60_J61_#5more': -267926.0}, {'J10': 13, 'J11': 32, 'J12': 21, 'J13': 28, 'cluster3106249630_3106249631_J60_J61_#5more': 36}, {'J10': 18, 'J11': 51, 'J12': 74, 'J13': 43, 'cluster3106249630_3106249631_J60_J61_#5more': 100}, 
2540.0, {'J10': -51461.0, 'J11': -219243.0, 'J12': -96076.0, 'J13': -45129.0, 'cluster3106249630_3106249631_J60_J61_#5more': -268926.0}, {'J10': 13, 'J11': 32, 'J12': 21, 'J13': 28, 'cluster3106249630_3106249631_J60_J61_#5more': 36}, {'J10': 18, 'J11': 48, 'J12': 79, 'J13': 43, 'cluster3106249630_3106249631_J60_J61_#5more': 100}, 
2545.0, {'J10': -51641.0, 'J11': -219723.0, 'J12': -96835.0, 'J13': -42197.0, 'cluster3106249630_3106249631_J60_J61_#5more': -269926.0}, {'J10': 13, 'J11': 32, 'J12': 21, 'J13': 26, 'cluster3106249630_3106249631_J60_J61_#5more': 36}, {'J10': 18, 'J11': 48, 'J12': 79, 'J13': 39, 'cluster3106249630_3106249631_J60_J61_#5more': 100}, 
2550.0, {'J10': -51821.0, 'J11': -220203.0, 'J12': -97076.0, 'J13': -40835.0, 'cluster3106249630_3106249631_J60_J61_#5more': -270926.0}, {'J10': 13, 'J11': 32, 'J12': 21, 'J13': 25, 'cluster3106249630_3106249631_J60_J61_#5more': 36}, {'J10': 18, 'J11': 48, 'J12': 77, 'J13': 36, 'cluster3106249630_3106249631_J60_J61_#5more': 100}, 
2555.0, {'J10': -52001.0, 'J11': -220683.0, 'J12': -96673.0, 'J13': -41201.0, 'cluster3106249630_3106249631_J60_J61_#5more': -271926.0}, {'J10': 13, 'J11': 32, 'J12': 21, 'J13': 25, 'cluster3106249630_3106249631_J60_J61_#5more': 36}, {'J10': 18, 'J11': 48, 'J12': 75, 'J13': 38, 'cluster3106249630_3106249631_J60_J61_#5more': 100}, 
2560.0, {'J10': -52181.0, 'J11': -221164.5, 'J12': -97260.0, 'J13': -41581.0, 'cluster3106249630_3106249631_J60_J61_#5more': -271182.0}, {'J10': 13, 'J11': 32, 'J12': 21, 'J13': 25, 'cluster3106249630_3106249631_J60_J61_#5more': 36}, {'J10': 18, 'J11': 49, 'J12': 75, 'J13': 38, 'cluster3106249630_3106249631_J60_J61_#5more': 96}, 
2565.0, {'J10': -52361.0, 'J11': -221655.5, 'J12': -98015.0, 'J13': -41963.5, 'cluster3106249630_3106249631_J60_J61_#5more': -271397.5}, {'J10': 13, 'J11': 32, 'J12': 21, 'J13': 27, 'cluster3106249630_3106249631_J60_J61_#5more': 36}, {'J10': 18, 'J11': 50, 'J12': 77, 'J13': 40, 'cluster3106249630_3106249631_J60_J61_#5more': 95}, 
2570.0, {'J10': -52541.0, 'J11': -222123.0, 'J12': -98785.0, 'J13': -42367.0, 'cluster3106249630_3106249631_J60_J61_#5more': -272356.5}, {'J10': 13, 'J11': 32, 'J12': 21, 'J13': 28, 'cluster3106249630_3106249631_J60_J61_#5more': 36}, {'J10': 18, 'J11': 48, 'J12': 77, 'J13': 41, 'cluster3106249630_3106249631_J60_J61_#5more': 97}, 
2575.0, {'J10': -52722.0, 'J11': -222603.0, 'J12': -99532.5, 'J13': -42777.0, 'cluster3106249630_3106249631_J60_J61_#5more': -273334.0}, {'J10': 13, 'J11': 32, 'J12': 21, 'J13': 28, 'cluster3106249630_3106249631_J60_J61_#5more': 36}, {'J10': 19, 'J11': 48, 'J12': 77, 'J13': 41, 'cluster3106249630_3106249631_J60_J61_#5more': 100}, 
2580.0, {'J10': -52901.0, 'J11': -223083.0, 'J12': -100315.5, 'J13': -43187.0, 'cluster3106249630_3106249631_J60_J61_#5more': -274334.0}, {'J10': 13, 'J11': 32, 'J12': 21, 'J13': 28, 'cluster3106249630_3106249631_J60_J61_#5more': 36}, {'J10': 18, 'J11': 48, 'J12': 81, 'J13': 41, 'cluster3106249630_3106249631_J60_J61_#5more': 100}, 
2585.0, {'J10': -53081.0, 'J11': -223563.0, 'J12': -99849.5, 'J13': -43597.0, 'cluster3106249630_3106249631_J60_J61_#5more': -275299.5}, {'J10': 13, 'J11': 32, 'J12': 21, 'J13': 28, 'cluster3106249630_3106249631_J60_J61_#5more': 36}, {'J10': 18, 'J11': 48, 'J12': 79, 'J13': 41, 'cluster3106249630_3106249631_J60_J61_#5more': 102}, 
2590.0, {'J10': -53261.0, 'J11': -224043.0, 'J12': -97719.0, 'J13': -44007.0, 'cluster3106249630_3106249631_J60_J61_#5more': -276319.5}, {'J10': 13, 'J11': 32, 'J12': 21, 'J13': 28, 'cluster3106249630_3106249631_J60_J61_#5more': 36}, {'J10': 18, 'J11': 48, 'J12': 75, 'J13': 41, 'cluster3106249630_3106249631_J60_J61_#5more': 102}, 
2595.0, {'J10': -53441.0, 'J11': -224524.5, 'J12': -96780.0, 'J13': -44417.0, 'cluster3106249630_3106249631_J60_J61_#5more': -277284.5}, {'J10': 13, 'J11': 32, 'J12': 21, 'J13': 28, 'cluster3106249630_3106249631_J60_J61_#5more': 36}, {'J10': 18, 'J11': 49, 'J12': 71, 'J13': 41, 'cluster3106249630_3106249631_J60_J61_#5more': 101}, 
2600.0, {'J10': -53621.0, 'J11': -225003.0, 'J12': -96676.0, 'J13': -44827.0, 'cluster3106249630_3106249631_J60_J61_#5more': -278230.5}, {'J10': 13, 'J11': 32, 'J12': 21, 'J13': 28, 'cluster3106249630_3106249631_J60_J61_#5more': 36}, {'J10': 18, 'J11': 48, 'J12': 74, 'J13': 41, 'cluster3106249630_3106249631_J60_J61_#5more': 100}, 
2605.0, {'J10': -53801.0, 'J11': -225483.0, 'J12': -96867.0, 'J13': -45237.0, 'cluster3106249630_3106249631_J60_J61_#5more': -279232.5}, {'J10': 13, 'J11': 32, 'J12': 21, 'J13': 28, 'cluster3106249630_3106249631_J60_J61_#5more': 36}, {'J10': 18, 'J11': 48, 'J12': 77, 'J13': 41, 'cluster3106249630_3106249631_J60_J61_#5more': 102}, 
2610.0, {'J10': -53981.0, 'J11': -225963.0, 'J12': -96585.5, 'J13': -40924.5, 'cluster3106249630_3106249631_J60_J61_#5more': -280256.5}, {'J10': 13, 'J11': 32, 'J12': 21, 'J13': 25, 'cluster3106249630_3106249631_J60_J61_#5more': 36}, {'J10': 18, 'J11': 48, 'J12': 75, 'J13': 35, 'cluster3106249630_3106249631_J60_J61_#5more': 103}, 
2615.0, {'J10': -54161.0, 'J11': -226443.0, 'J12': -95631.5, 'J13': -40020.5, 'cluster3106249630_3106249631_J60_J61_#5more': -281265.0}, {'J10': 13, 'J11': 32, 'J12': 21, 'J13': 24, 'cluster3106249630_3106249631_J60_J61_#5more': 36}, {'J10': 18, 'J11': 48, 'J12': 73, 'J13': 34, 'cluster3106249630_3106249631_J60_J61_#5more': 102}, 
2620.0, {'J10': -54341.0, 'J11': -226923.0, 'J12': -95786.0, 'J13': -40363.0, 'cluster3106249630_3106249631_J60_J61_#5more': -282230.5}, {'J10': 13, 'J11': 32, 'J12': 21, 'J13': 24, 'cluster3106249630_3106249631_J60_J61_#5more': 36}, {'J10': 18, 'J11': 48, 'J12': 71, 'J13': 35, 'cluster3106249630_3106249631_J60_J61_#5more': 100}, 
2625.0, {'J10': -54521.0, 'J11': -227403.0, 'J12': -96405.0, 'J13': -40713.0, 'cluster3106249630_3106249631_J60_J61_#5more': -280950.5}, {'J10': 13, 'J11': 32, 'J12': 21, 'J13': 24, 'cluster3106249630_3106249631_J60_J61_#5more': 36}, {'J10': 18, 'J11': 48, 'J12': 70, 'J13': 35, 'cluster3106249630_3106249631_J60_J61_#5more': 95}, 
2630.0, {'J10': -54701.0, 'J11': -227883.0, 'J12': -96228.5, 'J13': -41063.0, 'cluster3106249630_3106249631_J60_J61_#5more': -281326.5}, {'J10': 13, 'J11': 32, 'J12': 21, 'J13': 24, 'cluster3106249630_3106249631_J60_J61_#5more': 36}, {'J10': 18, 'J11': 48, 'J12': 72, 'J13': 35, 'cluster3106249630_3106249631_J60_J61_#5more': 94}, 
2635.0, {'J10': -54885.0, 'J11': -228363.0, 'J12': -96771.5, 'J13': -41422.0, 'cluster3106249630_3106249631_J60_J61_#5more': -282266.5}, {'J10': 13, 'J11': 32, 'J12': 21, 'J13': 27, 'cluster3106249630_3106249631_J60_J61_#5more': 36}, {'J10': 19, 'J11': 48, 'J12': 71, 'J13': 38, 'cluster3106249630_3106249631_J60_J61_#5more': 94}, 
2640.0, {'J10': -55062.0, 'J11': -228843.0, 'J12': -97485.5, 'J13': -41806.5, 'cluster3106249630_3106249631_J60_J61_#5more': -283214.5}, {'J10': 13, 'J11': 32, 'J12': 21, 'J13': 28, 'cluster3106249630_3106249631_J60_J61_#5more': 36}, {'J10': 19, 'J11': 48, 'J12': 73, 'J13': 39, 'cluster3106249630_3106249631_J60_J61_#5more': 97}, 
2645.0, {'J10': -55241.0, 'J11': -229326.5, 'J12': -98219.0, 'J13': -42196.5, 'cluster3106249630_3106249631_J60_J61_#5more': -284194.0}, {'J10': 13, 'J11': 32, 'J12': 21, 'J13': 28, 'cluster3106249630_3106249631_J60_J61_#5more': 36}, {'J10': 18, 'J11': 49, 'J12': 76, 'J13': 39, 'cluster3106249630_3106249631_J60_J61_#5more': 100}, 
2650.0, {'J10': -55424.5, 'J11': -229818.0, 'J12': -98983.5, 'J13': -42586.5, 'cluster3106249630_3106249631_J60_J61_#5more': -285194.0}, {'J10': 13, 'J11': 32, 'J12': 21, 'J13': 28, 'cluster3106249630_3106249631_J60_J61_#5more': 36}, {'J10': 19, 'J11': 50, 'J12': 78, 'J13': 39, 'cluster3106249630_3106249631_J60_J61_#5more': 100}, 
2655.0, {'J10': -55618.5, 'J11': -230318.0, 'J12': -99769.0, 'J13': -42976.5, 'cluster3106249630_3106249631_J60_J61_#5more': -286194.0}, {'J10': 13, 'J11': 32, 'J12': 21, 'J13': 28, 'cluster3106249630_3106249631_J60_J61_#5more': 36}, {'J10': 20, 'J11': 50, 'J12': 80, 'J13': 39, 'cluster3106249630_3106249631_J60_J61_#5more': 100}, 
2660.0, {'J10': -55818.5, 'J11': -230818.0, 'J12': -100569.0, 'J13': -43366.5, 'cluster3106249630_3106249631_J60_J61_#5more': -287194.0}, {'J10': 13, 'J11': 32, 'J12': 21, 'J13': 28, 'cluster3106249630_3106249631_J60_J61_#5more': 36}, {'J10': 20, 'J11': 50, 'J12': 80, 'J13': 39, 'cluster3106249630_3106249631_J60_J61_#5more': 100}, 
2665.0, {'J10': -56018.5, 'J11': -231243.5, 'J12': -101369.0, 'J13': -43756.5, 'cluster3106249630_3106249631_J60_J61_#5more': -288194.0}, {'J10': 13, 'J11': 32, 'J12': 21, 'J13': 28, 'cluster3106249630_3106249631_J60_J61_#5more': 36}, {'J10': 20, 'J11': 49, 'J12': 80, 'J13': 39, 'cluster3106249630_3106249631_J60_J61_#5more': 100}, 
2670.0, {'J10': -56218.5, 'J11': -231739.0, 'J12': -102169.0, 'J13': -44146.5, 'cluster3106249630_3106249631_J60_J61_#5more': -289194.0}, {'J10': 13, 'J11': 32, 'J12': 21, 'J13': 28, 'cluster3106249630_3106249631_J60_J61_#5more': 36}, {'J10': 20, 'J11': 51, 'J12': 80, 'J13': 39, 'cluster3106249630_3106249631_J60_J61_#5more': 100}, 
2675.0, {'J10': -56418.5, 'J11': -232256.5, 'J12': -102969.0, 'J13': -41310.0, 'cluster3106249630_3106249631_J60_J61_#5more': -290194.0}, {'J10': 13, 'J11': 32, 'J12': 21, 'J13': 26, 'cluster3106249630_3106249631_J60_J61_#5more': 36}, {'J10': 20, 'J11': 54, 'J12': 80, 'J13': 34, 'cluster3106249630_3106249631_J60_J61_#5more': 100}, 
2680.0, {'J10': -56618.5, 'J11': -232741.0, 'J12': -103769.0, 'J13': -39512.5, 'cluster3106249630_3106249631_J60_J61_#5more': -291194.0}, {'J10': 13, 'J11': 32, 'J12': 21, 'J13': 24, 'cluster3106249630_3106249631_J60_J61_#5more': 36}, {'J10': 20, 'J11': 52, 'J12': 80, 'J13': 32, 'cluster3106249630_3106249631_J60_J61_#5more': 100}, 
2685.0, {'J10': -56818.5, 'J11': -233184.5, 'J12': -100541.0, 'J13': -39838.5, 'cluster3106249630_3106249631_J60_J61_#5more': -292194.0}, {'J10': 13, 'J11': 32, 'J12': 21, 'J13': 24, 'cluster3106249630_3106249631_J60_J61_#5more': 36}, {'J10': 20, 'J11': 49, 'J12': 73, 'J13': 34, 'cluster3106249630_3106249631_J60_J61_#5more': 100}, 
2690.0, {'J10': -57018.5, 'J11': -233674.5, 'J12': -101276.5, 'J13': -40178.5, 'cluster3106249630_3106249631_J60_J61_#5more': -291724.5}, {'J10': 13, 'J11': 32, 'J12': 21, 'J13': 24, 'cluster3106249630_3106249631_J60_J61_#5more': 36}, {'J10': 20, 'J11': 49, 'J12': 75, 'J13': 34, 'cluster3106249630_3106249631_J60_J61_#5more': 97}, 
2695.0, {'J10': -57218.5, 'J11': -234123.0, 'J12': -102014.0, 'J13': -40518.5, 'cluster3106249630_3106249631_J60_J61_#5more': -291327.5}, {'J10': 13, 'J11': 32, 'J12': 21, 'J13': 24, 'cluster3106249630_3106249631_J60_J61_#5more': 36}, {'J10': 20, 'J11': 48, 'J12': 76, 'J13': 34, 'cluster3106249630_3106249631_J60_J61_#5more': 94}, 
2700.0, {'J10': -57418.5, 'J11': -234603.0, 'J12': -101958.5, 'J13': -40873.5, 'cluster3106249630_3106249631_J60_J61_#5more': -292270.0}, {'J10': 13, 'J11': 32, 'J12': 21, 'J13': 28, 'cluster3106249630_3106249631_J60_J61_#5more': 36}, {'J10': 20, 'J11': 48, 'J12': 77, 'J13': 38, 'cluster3106249630_3106249631_J60_J61_#5more': 96}, 
2705.0, {'J10': -57506.0, 'J11': -235083.0, 'J12': -102728.5, 'J13': -41253.5, 'cluster3106249630_3106249631_J60_J61_#5more': -293227.0}, {'J10': 13, 'J11': 32, 'J12': 21, 'J13': 28, 'cluster3106249630_3106249631_J60_J61_#5more': 36}, {'J10': 20, 'J11': 48, 'J12': 77, 'J13': 38, 'cluster3106249630_3106249631_J60_J61_#5more': 99}, 
2710.0, {'J10': -57583.0, 'J11': -235563.0, 'J12': -103498.5, 'J13': -41633.5, 'cluster3106249630_3106249631_J60_J61_#5more': -294204.0}, {'J10': 13, 'J11': 32, 'J12': 21, 'J13': 28, 'cluster3106249630_3106249631_J60_J61_#5more': 36}, {'J10': 19, 'J11': 48, 'J12': 77, 'J13': 38, 'cluster3106249630_3106249631_J60_J61_#5more': 100}, 
2715.0, {'J10': -57777.0, 'J11': -236043.0, 'J12': -104268.5, 'J13': -42013.5, 'cluster3106249630_3106249631_J60_J61_#5more': -295204.0}, {'J10': 13, 'J11': 32, 'J12': 21, 'J13': 28, 'cluster3106249630_3106249631_J60_J61_#5more': 36}, {'J10': 20, 'J11': 48, 'J12': 77, 'J13': 38, 'cluster3106249630_3106249631_J60_J61_#5more': 100}, 
2720.0, {'J10': -57977.0, 'J11': -236523.0, 'J12': -105041.5, 'J13': -42393.5, 'cluster3106249630_3106249631_J60_J61_#5more': -296204.0}, {'J10': 13, 'J11': 32, 'J12': 21, 'J13': 28, 'cluster3106249630_3106249631_J60_J61_#5more': 36}, {'J10': 20, 'J11': 48, 'J12': 79, 'J13': 38, 'cluster3106249630_3106249631_J60_J61_#5more': 100}, 
2725.0, {'J10': -58177.0, 'J11': -237003.0, 'J12': -105831.5, 'J13': -42773.5, 'cluster3106249630_3106249631_J60_J61_#5more': -297204.0}, {'J10': 13, 'J11': 32, 'J12': 21, 'J13': 28, 'cluster3106249630_3106249631_J60_J61_#5more': 36}, {'J10': 20, 'J11': 48, 'J12': 79, 'J13': 38, 'cluster3106249630_3106249631_J60_J61_#5more': 100}, 
2730.0, {'J10': -58377.0, 'J11': -237483.0, 'J12': -106625.0, 'J13': -43153.5, 'cluster3106249630_3106249631_J60_J61_#5more': -298206.5}, {'J10': 13, 'J11': 32, 'J12': 21, 'J13': 28, 'cluster3106249630_3106249631_J60_J61_#5more': 36}, {'J10': 20, 'J11': 48, 'J12': 80, 'J13': 38, 'cluster3106249630_3106249631_J60_J61_#5more': 102}, 
2735.0, {'J10': -58577.0, 'J11': -237963.0, 'J12': -107425.0, 'J13': -43533.5, 'cluster3106249630_3106249631_J60_J61_#5more': -299233.5}, {'J10': 13, 'J11': 32, 'J12': 21, 'J13': 28, 'cluster3106249630_3106249631_J60_J61_#5more': 36}, {'J10': 20, 'J11': 48, 'J12': 80, 'J13': 38, 'cluster3106249630_3106249631_J60_J61_#5more': 104}, 
2740.0, {'J10': -58777.0, 'J11': -238443.0, 'J12': -108225.0, 'J13': -40302.5, 'cluster3106249630_3106249631_J60_J61_#5more': -300251.5}, {'J10': 13, 'J11': 32, 'J12': 21, 'J13': 25, 'cluster3106249630_3106249631_J60_J61_#5more': 36}, {'J10': 20, 'J11': 48, 'J12': 80, 'J13': 34, 'cluster3106249630_3106249631_J60_J61_#5more': 103}, 
2745.0, {'J10': -58977.0, 'J11': -238923.0, 'J12': -109025.0, 'J13': -40518.5, 'cluster3106249630_3106249631_J60_J61_#5more': -301281.5}, {'J10': 13, 'J11': 32, 'J12': 21, 'J13': 25, 'cluster3106249630_3106249631_J60_J61_#5more': 36}, {'J10': 20, 'J11': 48, 'J12': 80, 'J13': 33, 'cluster3106249630_3106249631_J60_J61_#5more': 103}, 
2750.0, {'J10': -59177.0, 'J11': -239403.0, 'J12': -108006.0, 'J13': -40852.0, 'cluster3106249630_3106249631_J60_J61_#5more': -302271.0}, {'J10': 13, 'J11': 32, 'J12': 21, 'J13': 25, 'cluster3106249630_3106249631_J60_J61_#5more': 36}, {'J10': 20, 'J11': 48, 'J12': 76, 'J13': 34, 'cluster3106249630_3106249631_J60_J61_#5more': 102}, 
2755.0, {'J10': -59377.0, 'J11': -239886.5, 'J12': -108755.0, 'J13': -41192.0, 'cluster3106249630_3106249631_J60_J61_#5more': -301775.5}, {'J10': 13, 'J11': 32, 'J12': 21, 'J13': 25, 'cluster3106249630_3106249631_J60_J61_#5more': 36}, {'J10': 20, 'J11': 49, 'J12': 75, 'J13': 34, 'cluster3106249630_3106249631_J60_J61_#5more': 98}, 
2760.0, {'J10': -59577.0, 'J11': -240381.0, 'J12': -109514.5, 'J13': -41532.5, 'cluster3106249630_3106249631_J60_J61_#5more': -301387.5}, {'J10': 13, 'J11': 32, 'J12': 21, 'J13': 26, 'cluster3106249630_3106249631_J60_J61_#5more': 36}, {'J10': 20, 'J11': 50, 'J12': 79, 'J13': 35, 'cluster3106249630_3106249631_J60_J61_#5more': 95}, 
2765.0, {'J10': -59777.0, 'J11': -240857.5, 'J12': -110313.5, 'J13': -41891.0, 'cluster3106249630_3106249631_J60_J61_#5more': -302338.5}, {'J10': 13, 'J11': 32, 'J12': 21, 'J13': 28, 'cluster3106249630_3106249631_J60_J61_#5more': 36}, {'J10': 20, 'J11': 49, 'J12': 81, 'J13': 37, 'cluster3106249630_3106249631_J60_J61_#5more': 96}, 
2770.0, {'J10': -59858.0, 'J11': -241353.5, 'J12': -110173.0, 'J13': -42261.0, 'cluster3106249630_3106249631_J60_J61_#5more': -303234.0}, {'J10': 13, 'J11': 32, 'J12': 21, 'J13': 28, 'cluster3106249630_3106249631_J60_J61_#5more': 36}, {'J10': 20, 'J11': 53, 'J12': 80, 'J13': 37, 'cluster3106249630_3106249631_J60_J61_#5more': 99}, 
2775.0, {'J10': -59922.5, 'J11': -241849.0, 'J12': -110061.0, 'J13': -42631.0, 'cluster3106249630_3106249631_J60_J61_#5more': -304233.0}, {'J10': 13, 'J11': 32, 'J12': 21, 'J13': 28, 'cluster3106249630_3106249631_J60_J61_#5more': 36}, {'J10': 19, 'J11': 52, 'J12': 79, 'J13': 37, 'cluster3106249630_3106249631_J60_J61_#5more': 103}, 
2780.0, {'J10': -60116.5, 'J11': -242348.0, 'J12': -110851.0, 'J13': -43001.0, 'cluster3106249630_3106249631_J60_J61_#5more': -305263.0}, {'J10': 13, 'J11': 32, 'J12': 21, 'J13': 28, 'cluster3106249630_3106249631_J60_J61_#5more': 36}, {'J10': 20, 'J11': 51, 'J12': 79, 'J13': 37, 'cluster3106249630_3106249631_J60_J61_#5more': 103}, 
2785.0, {'J10': -60316.5, 'J11': -242793.5, 'J12': -111641.0, 'J13': -43371.0, 'cluster3106249630_3106249631_J60_J61_#5more': -306293.0}, {'J10': 13, 'J11': 32, 'J12': 21, 'J13': 28, 'cluster3106249630_3106249631_J60_J61_#5more': 36}, {'J10': 20, 'J11': 49, 'J12': 79, 'J13': 37, 'cluster3106249630_3106249631_J60_J61_#5more': 103}, 
2790.0, {'J10': -60516.5, 'J11': -243243.0, 'J12': -112433.0, 'J13': -43741.0, 'cluster3106249630_3106249631_J60_J61_#5more': -307323.0}, {'J10': 13, 'J11': 32, 'J12': 21, 'J13': 28, 'cluster3106249630_3106249631_J60_J61_#5more': 36}, {'J10': 20, 'J11': 48, 'J12': 81, 'J13': 37, 'cluster3106249630_3106249631_J60_J61_#5more': 103}, 
2795.0, {'J10': -60716.5, 'J11': -243723.0, 'J12': -113247.0, 'J13': -44111.0, 'cluster3106249630_3106249631_J60_J61_#5more': -308292.0}, {'J10': 13, 'J11': 32, 'J12': 21, 'J13': 28, 'cluster3106249630_3106249631_J60_J61_#5more': 36}, {'J10': 20, 'J11': 48, 'J12': 82, 'J13': 37, 'cluster3106249630_3106249631_J60_J61_#5more': 102}, 
2800.0, {'J10': -60916.5, 'J11': -244203.0, 'J12': -114067.0, 'J13': -44481.0, 'cluster3106249630_3106249631_J60_J61_#5more': -309312.5}, {'J10': 13, 'J11': 32, 'J12': 21, 'J13': 28, 'cluster3106249630_3106249631_J60_J61_#5more': 36}, {'J10': 20, 'J11': 48, 'J12': 82, 'J13': 37, 'cluster3106249630_3106249631_J60_J61_#5more': 103}, 
2805.0, {'J10': -61116.5, 'J11': -244683.0, 'J12': -114887.0, 'J13': -42259.0, 'cluster3106249630_3106249631_J60_J61_#5more': -310220.5}, {'J10': 13, 'J11': 32, 'J12': 21, 'J13': 26, 'cluster3106249630_3106249631_J60_J61_#5more': 36}, {'J10': 20, 'J11': 48, 'J12': 82, 'J13': 34, 'cluster3106249630_3106249631_J60_J61_#5more': 101}, 
2810.0, {'J10': -61316.5, 'J11': -245163.0, 'J12': -115707.0, 'J13': -42587.0, 'cluster3106249630_3106249631_J60_J61_#5more': -311210.0}, {'J10': 13, 'J11': 32, 'J12': 21, 'J13': 26, 'cluster3106249630_3106249631_J60_J61_#5more': 36}, {'J10': 20, 'J11': 48, 'J12': 82, 'J13': 33, 'cluster3106249630_3106249631_J60_J61_#5more': 100}, 
2815.0, {'J10': -61516.5, 'J11': -245643.0, 'J12': -111844.5, 'J13': -42917.0, 'cluster3106249630_3106249631_J60_J61_#5more': -312210.0}, {'J10': 13, 'J11': 32, 'J12': 21, 'J13': 26, 'cluster3106249630_3106249631_J60_J61_#5more': 36}, {'J10': 20, 'J11': 48, 'J12': 75, 'J13': 33, 'cluster3106249630_3106249631_J60_J61_#5more': 100}, 
2820.0, {'J10': -61716.5, 'J11': -246123.0, 'J12': -112594.5, 'J13': -43247.0, 'cluster3106249630_3106249631_J60_J61_#5more': -313210.0}, {'J10': 13, 'J11': 32, 'J12': 21, 'J13': 26, 'cluster3106249630_3106249631_J60_J61_#5more': 36}, {'J10': 20, 'J11': 48, 'J12': 75, 'J13': 33, 'cluster3106249630_3106249631_J60_J61_#5more': 100}, 
2825.0, {'J10': -61916.5, 'J11': -246603.0, 'J12': -113345.5, 'J13': -43579.5, 'cluster3106249630_3106249631_J60_J61_#5more': -314210.0}, {'J10': 13, 'J11': 32, 'J12': 21, 'J13': 28, 'cluster3106249630_3106249631_J60_J61_#5more': 36}, {'J10': 20, 'J11': 48, 'J12': 77, 'J13': 35, 'cluster3106249630_3106249631_J60_J61_#5more': 100}, 
2830.0, {'J10': -62116.5, 'J11': -247083.0, 'J12': -114127.5, 'J13': -43929.5, 'cluster3106249630_3106249631_J60_J61_#5more': -315210.0}, {'J10': 13, 'J11': 32, 'J12': 21, 'J13': 28, 'cluster3106249630_3106249631_J60_J61_#5more': 36}, {'J10': 20, 'J11': 48, 'J12': 80, 'J13': 35, 'cluster3106249630_3106249631_J60_J61_#5more': 100}, 
2835.0, {'J10': -62195.0, 'J11': -247563.0, 'J12': -114928.0, 'J13': -44279.5, 'cluster3106249630_3106249631_J60_J61_#5more': -316210.0}, {'J10': 13, 'J11': 32, 'J12': 21, 'J13': 28, 'cluster3106249630_3106249631_J60_J61_#5more': 36}, {'J10': 19, 'J11': 48, 'J12': 81, 'J13': 35, 'cluster3106249630_3106249631_J60_J61_#5more': 100}, 
2840.0, {'J10': -62262.5, 'J11': -248043.0, 'J12': -115741.5, 'J13': -44629.5, 'cluster3106249630_3106249631_J60_J61_#5more': -317210.0}, {'J10': 13, 'J11': 32, 'J12': 21, 'J13': 28, 'cluster3106249630_3106249631_J60_J61_#5more': 36}, {'J10': 19, 'J11': 48, 'J12': 82, 'J13': 35, 'cluster3106249630_3106249631_J60_J61_#5more': 100}, 
2845.0, {'J10': -62456.0, 'J11': -248523.0, 'J12': -115716.0, 'J13': -44979.5, 'cluster3106249630_3106249631_J60_J61_#5more': -318210.0}, {'J10': 13, 'J11': 32, 'J12': 21, 'J13': 28, 'cluster3106249630_3106249631_J60_J61_#5more': 36}, {'J10': 20, 'J11': 48, 'J12': 82, 'J13': 35, 'cluster3106249630_3106249631_J60_J61_#5more': 100}, 
2850.0, {'J10': -62656.0, 'J11': -249003.0, 'J12': -116115.5, 'J13': -45329.5, 'cluster3106249630_3106249631_J60_J61_#5more': -319210.0}, {'J10': 13, 'J11': 32, 'J12': 21, 'J13': 28, 'cluster3106249630_3106249631_J60_J61_#5more': 36}, {'J10': 20, 'J11': 48, 'J12': 81, 'J13': 35, 'cluster3106249630_3106249631_J60_J61_#5more': 100}, 
2855.0, {'J10': -62856.0, 'J11': -249484.0, 'J12': -116925.5, 'J13': -45679.5, 'cluster3106249630_3106249631_J60_J61_#5more': -320210.0}, {'J10': 13, 'J11': 32, 'J12': 21, 'J13': 28, 'cluster3106249630_3106249631_J60_J61_#5more': 36}, {'J10': 20, 'J11': 49, 'J12': 81, 'J13': 35, 'cluster3106249630_3106249631_J60_J61_#5more': 100}, 
2860.0, {'J10': -63056.0, 'J11': -249974.0, 'J12': -117735.5, 'J13': -46029.5, 'cluster3106249630_3106249631_J60_J61_#5more': -321210.0}, {'J10': 13, 'J11': 32, 'J12': 21, 'J13': 28, 'cluster3106249630_3106249631_J60_J61_#5more': 36}, {'J10': 20, 'J11': 49, 'J12': 81, 'J13': 35, 'cluster3106249630_3106249631_J60_J61_#5more': 100}, 
2865.0, {'J10': -63256.0, 'J11': -250443.0, 'J12': -118547.0, 'J13': -46379.5, 'cluster3106249630_3106249631_J60_J61_#5more': -322210.0}, {'J10': 13, 'J11': 32, 'J12': 21, 'J13': 28, 'cluster3106249630_3106249631_J60_J61_#5more': 36}, {'J10': 20, 'J11': 48, 'J12': 82, 'J13': 35, 'cluster3106249630_3106249631_J60_J61_#5more': 100}, 
2870.0, {'J10': -63456.0, 'J11': -250923.0, 'J12': -119367.0, 'J13': -44234.0, 'cluster3106249630_3106249631_J60_J61_#5more': -323210.0}, {'J10': 13, 'J11': 32, 'J12': 21, 'J13': 26, 'cluster3106249630_3106249631_J60_J61_#5more': 36}, {'J10': 20, 'J11': 48, 'J12': 82, 'J13': 33, 'cluster3106249630_3106249631_J60_J61_#5more': 100}, 
2875.0, {'J10': -63656.0, 'J11': -251403.0, 'J12': -120187.0, 'J13': -44564.0, 'cluster3106249630_3106249631_J60_J61_#5more': -324210.0}, {'J10': 13, 'J11': 32, 'J12': 21, 'J13': 26, 'cluster3106249630_3106249631_J60_J61_#5more': 36}, {'J10': 20, 'J11': 48, 'J12': 82, 'J13': 33, 'cluster3106249630_3106249631_J60_J61_#5more': 100}, 
2880.0, {'J10': -63856.0, 'J11': -251883.0, 'J12': -119236.5, 'J13': -44894.0, 'cluster3106249630_3106249631_J60_J61_#5more': -322176.0}, {'J10': 13, 'J11': 32, 'J12': 21, 'J13': 26, 'cluster3106249630_3106249631_J60_J61_#5more': 36}, {'J10': 20, 'J11': 48, 'J12': 78, 'J13': 33, 'cluster3106249630_3106249631_J60_J61_#5more': 99}, 
2885.0, {'J10': -64056.0, 'J11': -252363.0, 'J12': -120003.5, 'J13': -45224.0, 'cluster3106249630_3106249631_J60_J61_#5more': -319374.5}, {'J10': 13, 'J11': 32, 'J12': 21, 'J13': 26, 'cluster3106249630_3106249631_J60_J61_#5more': 36}, {'J10': 20, 'J11': 48, 'J12': 77, 'J13': 33, 'cluster3106249630_3106249631_J60_J61_#5more': 98}, 
2890.0, {'J10': -64256.0, 'J11': -252843.0, 'J12': -120783.5, 'J13': -45554.0, 'cluster3106249630_3106249631_J60_J61_#5more': -320354.5}, {'J10': 13, 'J11': 32, 'J12': 21, 'J13': 26, 'cluster3106249630_3106249631_J60_J61_#5more': 36}, {'J10': 20, 'J11': 48, 'J12': 82, 'J13': 33, 'cluster3106249630_3106249631_J60_J61_#5more': 98}, 
2895.0, {'J10': -64456.0, 'J11': -253323.0, 'J12': -121611.5, 'J13': -45892.5, 'cluster3106249630_3106249631_J60_J61_#5more': -321334.5}, {'J10': 13, 'J11': 32, 'J12': 21, 'J13': 28, 'cluster3106249630_3106249631_J60_J61_#5more': 36}, {'J10': 20, 'J11': 48, 'J12': 84, 'J13': 35, 'cluster3106249630_3106249631_J60_J61_#5more': 98}, 
2900.0, {'J10': -64537.5, 'J11': -253803.0, 'J12': -122431.0, 'J13': -46242.5, 'cluster3106249630_3106249631_J60_J61_#5more': -322314.5}, {'J10': 13, 'J11': 32, 'J12': 21, 'J13': 28, 'cluster3106249630_3106249631_J60_J61_#5more': 36}, {'J10': 21, 'J11': 48, 'J12': 83, 'J13': 35, 'cluster3106249630_3106249631_J60_J61_#5more': 98}, 
2905.0, {'J10': -64602.5, 'J11': -254283.0, 'J12': -123261.0, 'J13': -46592.5, 'cluster3106249630_3106249631_J60_J61_#5more': -323301.0}, {'J10': 13, 'J11': 32, 'J12': 21, 'J13': 28, 'cluster3106249630_3106249631_J60_J61_#5more': 36}, {'J10': 19, 'J11': 48, 'J12': 83, 'J13': 35, 'cluster3106249630_3106249631_J60_J61_#5more': 100}, 
2910.0, {'J10': -64792.5, 'J11': -254764.5, 'J12': -122977.5, 'J13': -46942.5, 'cluster3106249630_3106249631_J60_J61_#5more': -324301.0}, {'J10': 13, 'J11': 32, 'J12': 21, 'J13': 28, 'cluster3106249630_3106249631_J60_J61_#5more': 36}, {'J10': 19, 'J11': 49, 'J12': 82, 'J13': 35, 'cluster3106249630_3106249631_J60_J61_#5more': 100}, 
2915.0, {'J10': -64982.5, 'J11': -255254.5, 'J12': -123237.0, 'J13': -47292.5, 'cluster3106249630_3106249631_J60_J61_#5more': -325301.0}, {'J10': 13, 'J11': 32, 'J12': 21, 'J13': 28, 'cluster3106249630_3106249631_J60_J61_#5more': 36}, {'J10': 19, 'J11': 49, 'J12': 81, 'J13': 35, 'cluster3106249630_3106249631_J60_J61_#5more': 100}, 
2920.0, {'J10': -65172.5, 'J11': -255723.0, 'J12': -122804.0, 'J13': -47642.5, 'cluster3106249630_3106249631_J60_J61_#5more': -326301.0}, {'J10': 13, 'J11': 32, 'J12': 21, 'J13': 28, 'cluster3106249630_3106249631_J60_J61_#5more': 36}, {'J10': 19, 'J11': 48, 'J12': 79, 'J13': 35, 'cluster3106249630_3106249631_J60_J61_#5more': 100}, 
2925.0, {'J10': -65362.5, 'J11': -256203.0, 'J12': -123041.0, 'J13': -47996.5, 'cluster3106249630_3106249631_J60_J61_#5more': -327301.0}, {'J10': 13, 'J11': 32, 'J12': 21, 'J13': 28, 'cluster3106249630_3106249631_J60_J61_#5more': 36}, {'J10': 19, 'J11': 48, 'J12': 78, 'J13': 36, 'cluster3106249630_3106249631_J60_J61_#5more': 100}, 
2930.0, {'J10': -65552.5, 'J11': -256683.0, 'J12': -123822.5, 'J13': -48356.5, 'cluster3106249630_3106249631_J60_J61_#5more': -328301.0}, {'J10': 13, 'J11': 32, 'J12': 21, 'J13': 28, 'cluster3106249630_3106249631_J60_J61_#5more': 36}, {'J10': 19, 'J11': 48, 'J12': 81, 'J13': 36, 'cluster3106249630_3106249631_J60_J61_#5more': 100}, 
2935.0, {'J10': -65742.5, 'J11': -257163.0, 'J12': -124632.5, 'J13': -45334.0, 'cluster3106249630_3106249631_J60_J61_#5more': -329301.0}, {'J10': 13, 'J11': 32, 'J12': 21, 'J13': 25, 'cluster3106249630_3106249631_J60_J61_#5more': 36}, {'J10': 19, 'J11': 48, 'J12': 81, 'J13': 32, 'cluster3106249630_3106249631_J60_J61_#5more': 100}, 
2940.0, {'J10': -65932.5, 'J11': -257643.0, 'J12': -125442.5, 'J13': -44521.5, 'cluster3106249630_3106249631_J60_J61_#5more': -330301.5}, {'J10': 13, 'J11': 32, 'J12': 21, 'J13': 24, 'cluster3106249630_3106249631_J60_J61_#5more': 36}, {'J10': 19, 'J11': 48, 'J12': 81, 'J13': 32, 'cluster3106249630_3106249631_J60_J61_#5more': 101}, 
2945.0, {'J10': -66122.5, 'J11': -258125.0, 'J12': -121748.0, 'J13': -44831.0, 'cluster3106249630_3106249631_J60_J61_#5more': -331311.5}, {'J10': 13, 'J11': 32, 'J12': 21, 'J13': 24, 'cluster3106249630_3106249631_J60_J61_#5more': 36}, {'J10': 19, 'J11': 49, 'J12': 75, 'J13': 31, 'cluster3106249630_3106249631_J60_J61_#5more': 101}, 
2950.0, {'J10': -66312.5, 'J11': -258617.5, 'J12': -122123.5, 'J13': -45141.0, 'cluster3106249630_3106249631_J60_J61_#5more': -327984.0}, {'J10': 13, 'J11': 32, 'J12': 21, 'J13': 24, 'cluster3106249630_3106249631_J60_J61_#5more': 36}, {'J10': 19, 'J11': 50, 'J12': 74, 'J13': 31, 'cluster3106249630_3106249631_J60_J61_#5more': 95}, 
2955.0, {'J10': -66502.5, 'J11': -259105.0, 'J12': -122864.5, 'J13': -45452.5, 'cluster3106249630_3106249631_J60_J61_#5more': -328903.5}, {'J10': 13, 'J11': 32, 'J12': 21, 'J13': 25, 'cluster3106249630_3106249631_J60_J61_#5more': 36}, {'J10': 19, 'J11': 49, 'J12': 76, 'J13': 32, 'cluster3106249630_3106249631_J60_J61_#5more': 94}, 
2960.0, {'J10': -66692.5, 'J11': -259563.0, 'J12': -123636.5, 'J13': -45786.0, 'cluster3106249630_3106249631_J60_J61_#5more': -329843.5}, {'J10': 13, 'J11': 32, 'J12': 21, 'J13': 28, 'cluster3106249630_3106249631_J60_J61_#5more': 36}, {'J10': 19, 'J11': 48, 'J12': 79, 'J13': 36, 'cluster3106249630_3106249631_J60_J61_#5more': 94}, 
2965.0, {'J10': -66761.0, 'J11': -260043.0, 'J12': -124426.5, 'J13': -46146.0, 'cluster3106249630_3106249631_J60_J61_#5more': -330792.5}, {'J10': 13, 'J11': 32, 'J12': 21, 'J13': 28, 'cluster3106249630_3106249631_J60_J61_#5more': 36}, {'J10': 18, 'J11': 48, 'J12': 79, 'J13': 36, 'cluster3106249630_3106249631_J60_J61_#5more': 98}, 
2970.0, {'J10': -66941.0, 'J11': -260523.0, 'J12': -125216.5, 'J13': -46506.0, 'cluster3106249630_3106249631_J60_J61_#5more': -331779.0}, {'J10': 13, 'J11': 32, 'J12': 21, 'J13': 28, 'cluster3106249630_3106249631_J60_J61_#5more': 36}, {'J10': 18, 'J11': 48, 'J12': 79, 'J13': 36, 'cluster3106249630_3106249631_J60_J61_#5more': 100}, 
2975.0, {'J10': -67121.0, 'J11': -261003.0, 'J12': -126006.5, 'J13': -46866.0, 'cluster3106249630_3106249631_J60_J61_#5more': -332779.0}, {'J10': 13, 'J11': 32, 'J12': 21, 'J13': 28, 'cluster3106249630_3106249631_J60_J61_#5more': 36}, {'J10': 18, 'J11': 48, 'J12': 79, 'J13': 36, 'cluster3106249630_3106249631_J60_J61_#5more': 100}, 
2980.0, {'J10': -67301.0, 'J11': -261483.0, 'J12': -126796.5, 'J13': -47228.5, 'cluster3106249630_3106249631_J60_J61_#5more': -333779.0}, {'J10': 13, 'J11': 32, 'J12': 21, 'J13': 28, 'cluster3106249630_3106249631_J60_J61_#5more': 36}, {'J10': 18, 'J11': 48, 'J12': 79, 'J13': 37, 'cluster3106249630_3106249631_J60_J61_#5more': 100}, 
2985.0, {'J10': -67481.0, 'J11': -261963.0, 'J12': -127586.5, 'J13': -47598.5, 'cluster3106249630_3106249631_J60_J61_#5more': -334779.0}, {'J10': 13, 'J11': 32, 'J12': 21, 'J13': 28, 'cluster3106249630_3106249631_J60_J61_#5more': 36}, {'J10': 18, 'J11': 48, 'J12': 79, 'J13': 37, 'cluster3106249630_3106249631_J60_J61_#5more': 100}, 
2990.0, {'J10': -67661.0, 'J11': -262443.0, 'J12': -128376.5, 'J13': -47968.5, 'cluster3106249630_3106249631_J60_J61_#5more': -335779.0}, {'J10': 13, 'J11': 32, 'J12': 21, 'J13': 28, 'cluster3106249630_3106249631_J60_J61_#5more': 36}, {'J10': 18, 'J11': 48, 'J12': 79, 'J13': 37, 'cluster3106249630_3106249631_J60_J61_#5more': 100}, 
2995.0, {'J10': -67841.0, 'J11': -262923.0, 'J12': -129166.5, 'J13': -48338.5, 'cluster3106249630_3106249631_J60_J61_#5more': -336779.0}, {'J10': 13, 'J11': 32, 'J12': 21, 'J13': 28, 'cluster3106249630_3106249631_J60_J61_#5more': 36}, {'J10': 18, 'J11': 48, 'J12': 79, 'J13': 37, 'cluster3106249630_3106249631_J60_J61_#5more': 100}, 
3000.0, {'J10': -68021.0, 'J11': -263403.0, 'J12': -129956.5, 'J13': -45500.5, 'cluster3106249630_3106249631_J60_J61_#5more': -337779.0}, {'J10': 13, 'J11': 32, 'J12': 21, 'J13': 25, 'cluster3106249630_3106249631_J60_J61_#5more': 36}, {'J10': 18, 'J11': 48, 'J12': 79, 'J13': 33, 'cluster3106249630_3106249631_J60_J61_#5more': 100}, 
3005.0, {'J10': -68201.0, 'J11': -263883.0, 'J12': -130746.5, 'J13': -45778.5, 'cluster3106249630_3106249631_J60_J61_#5more': -338779.0}, {'J10': 13, 'J11': 32, 'J12': 21, 'J13': 25, 'cluster3106249630_3106249631_J60_J61_#5more': 36}, {'J10': 18, 'J11': 48, 'J12': 79, 'J13': 33, 'cluster3106249630_3106249631_J60_J61_#5more': 100}, 
3010.0, {'J10': -68381.0, 'J11': -264363.0, 'J12': -126506.0, 'J13': -46108.5, 'cluster3106249630_3106249631_J60_J61_#5more': -339779.0}, {'J10': 13, 'J11': 32, 'J12': 21, 'J13': 25, 'cluster3106249630_3106249631_J60_J61_#5more': 36}, {'J10': 18, 'J11': 48, 'J12': 72, 'J13': 33, 'cluster3106249630_3106249631_J60_J61_#5more': 100}, 
3015.0, {'J10': -68561.0, 'J11': -264843.0, 'J12': -126852.5, 'J13': -46438.5, 'cluster3106249630_3106249631_J60_J61_#5more': -336434.0}, {'J10': 13, 'J11': 32, 'J12': 21, 'J13': 25, 'cluster3106249630_3106249631_J60_J61_#5more': 36}, {'J10': 18, 'J11': 48, 'J12': 71, 'J13': 33, 'cluster3106249630_3106249631_J60_J61_#5more': 94}, 
3020.0, {'J10': -68741.0, 'J11': -265323.0, 'J12': -127563.5, 'J13': -46768.5, 'cluster3106249630_3106249631_J60_J61_#5more': -337375.0}, {'J10': 13, 'J11': 32, 'J12': 21, 'J13': 25, 'cluster3106249630_3106249631_J60_J61_#5more': 36}, {'J10': 18, 'J11': 48, 'J12': 73, 'J13': 33, 'cluster3106249630_3106249631_J60_J61_#5more': 95}, 
3025.0, {'J10': -68923.5, 'J11': -265804.0, 'J12': -128316.5, 'J13': -47111.5, 'cluster3106249630_3106249631_J60_J61_#5more': -338335.5}, {'J10': 13, 'J11': 32, 'J12': 21, 'J13': 28, 'cluster3106249630_3106249631_J60_J61_#5more': 36}, {'J10': 19, 'J11': 49, 'J12': 79, 'J13': 36, 'cluster3106249630_3106249631_J60_J61_#5more': 98}, 
3030.0, {'J10': -69106.0, 'J11': -266294.5, 'J12': -128335.5, 'J13': -47471.5, 'cluster3106249630_3106249631_J60_J61_#5more': -339305.0}, {'J10': 13, 'J11': 32, 'J12': 21, 'J13': 28, 'cluster3106249630_3106249631_J60_J61_#5more': 36}, {'J10': 20, 'J11': 50, 'J12': 78, 'J13': 36, 'cluster3106249630_3106249631_J60_J61_#5more': 101}, 
3035.0, {'J10': -69281.0, 'J11': -266763.0, 'J12': -129115.5, 'J13': -47831.5, 'cluster3106249630_3106249631_J60_J61_#5more': -340299.0}, {'J10': 13, 'J11': 32, 'J12': 21, 'J13': 28, 'cluster3106249630_3106249631_J60_J61_#5more': 36}, {'J10': 18, 'J11': 48, 'J12': 78, 'J13': 36, 'cluster3106249630_3106249631_J60_J61_#5more': 102}, 
3040.0, {'J10': -69461.0, 'J11': -267243.0, 'J12': -129895.5, 'J13': -48191.5, 'cluster3106249630_3106249631_J60_J61_#5more': -341319.0}, {'J10': 13, 'J11': 32, 'J12': 21, 'J13': 28, 'cluster3106249630_3106249631_J60_J61_#5more': 36}, {'J10': 18, 'J11': 48, 'J12': 78, 'J13': 36, 'cluster3106249630_3106249631_J60_J61_#5more': 102}, 
3045.0, {'J10': -69641.0, 'J11': -267723.0, 'J12': -130675.5, 'J13': -48556.5, 'cluster3106249630_3106249631_J60_J61_#5more': -342295.5}, {'J10': 13, 'J11': 32, 'J12': 21, 'J13': 28, 'cluster3106249630_3106249631_J60_J61_#5more': 36}, {'J10': 18, 'J11': 48, 'J12': 78, 'J13': 37, 'cluster3106249630_3106249631_J60_J61_#5more': 101}, 
3050.0, {'J10': -69821.0, 'J11': -268203.0, 'J12': -131456.5, 'J13': -48926.5, 'cluster3106249630_3106249631_J60_J61_#5more': -343253.0}, {'J10': 13, 'J11': 32, 'J12': 21, 'J13': 28, 'cluster3106249630_3106249631_J60_J61_#5more': 36}, {'J10': 18, 'J11': 48, 'J12': 79, 'J13': 37, 'cluster3106249630_3106249631_J60_J61_#5more': 100}, 
3055.0, {'J10': -70001.0, 'J11': -268685.0, 'J12': -132257.5, 'J13': -49296.5, 'cluster3106249630_3106249631_J60_J61_#5more': -344253.0}, {'J10': 13, 'J11': 32, 'J12': 21, 'J13': 28, 'cluster3106249630_3106249631_J60_J61_#5more': 36}, {'J10': 18, 'J11': 49, 'J12': 82, 'J13': 37, 'cluster3106249630_3106249631_J60_J61_#5more': 100}, 
3060.0, {'J10': -70181.0, 'J11': -269175.0, 'J12': -133077.5, 'J13': -49666.5, 'cluster3106249630_3106249631_J60_J61_#5more': -345253.0}, {'J10': 13, 'J11': 32, 'J12': 21, 'J13': 28, 'cluster3106249630_3106249631_J60_J61_#5more': 36}, {'J10': 18, 'J11': 49, 'J12': 82, 'J13': 37, 'cluster3106249630_3106249631_J60_J61_#5more': 100}, 
3065.0, {'J10': -70361.0, 'J11': -269668.5, 'J12': -133897.5, 'J13': -47659.0, 'cluster3106249630_3106249631_J60_J61_#5more': -346253.0}, {'J10': 13, 'J11': 32, 'J12': 21, 'J13': 26, 'cluster3106249630_3106249631_J60_J61_#5more': 36}, {'J10': 18, 'J11': 51, 'J12': 82, 'J13': 34, 'cluster3106249630_3106249631_J60_J61_#5more': 100}, 
3070.0, {'J10': -70541.0, 'J11': -270178.5, 'J12': -134717.5, 'J13': -47946.0, 'cluster3106249630_3106249631_J60_J61_#5more': -347253.0}, {'J10': 13, 'J11': 32, 'J12': 21, 'J13': 26, 'cluster3106249630_3106249631_J60_J61_#5more': 36}, {'J10': 18, 'J11': 51, 'J12': 82, 'J13': 34, 'cluster3106249630_3106249631_J60_J61_#5more': 100}, 
3075.0, {'J10': -70721.0, 'J11': -270624.0, 'J12': -134199.0, 'J13': -48286.0, 'cluster3106249630_3106249631_J60_J61_#5more': -348253.0}, {'J10': 13, 'J11': 32, 'J12': 21, 'J13': 26, 'cluster3106249630_3106249631_J60_J61_#5more': 36}, {'J10': 18, 'J11': 49, 'J12': 79, 'J13': 34, 'cluster3106249630_3106249631_J60_J61_#5more': 100}, 
3080.0, {'J10': -70901.0, 'J11': -271114.0, 'J12': -134615.0, 'J13': -48629.0, 'cluster3106249630_3106249631_J60_J61_#5more': -345511.0}, {'J10': 13, 'J11': 32, 'J12': 21, 'J13': 26, 'cluster3106249630_3106249631_J60_J61_#5more': 36}, {'J10': 18, 'J11': 49, 'J12': 78, 'J13': 35, 'cluster3106249630_3106249631_J60_J61_#5more': 95}, 
3085.0, {'J10': -71081.0, 'J11': -271563.0, 'J12': -135384.0, 'J13': -48980.0, 'cluster3106249630_3106249631_J60_J61_#5more': -345828.5}, {'J10': 13, 'J11': 32, 'J12': 21, 'J13': 27, 'cluster3106249630_3106249631_J60_J61_#5more': 36}, {'J10': 18, 'J11': 48, 'J12': 81, 'J13': 36, 'cluster3106249630_3106249631_J60_J61_#5more': 94}, 
3090.0, {'J10': -71261.0, 'J11': -272043.5, 'J12': -136201.5, 'J13': -49345.0, 'cluster3106249630_3106249631_J60_J61_#5more': -346770.0}, {'J10': 13, 'J11': 32, 'J12': 21, 'J13': 28, 'cluster3106249630_3106249631_J60_J61_#5more': 36}, {'J10': 18, 'J11': 49, 'J12': 83, 'J13': 37, 'cluster3106249630_3106249631_J60_J61_#5more': 95}, 
3095.0, {'J10': -71441.0, 'J11': -272534.0, 'J12': -136001.0, 'J13': -49715.0, 'cluster3106249630_3106249631_J60_J61_#5more': -347718.0}, {'J10': 13, 'J11': 32, 'J12': 21, 'J13': 28, 'cluster3106249630_3106249631_J60_J61_#5more': 36}, {'J10': 18, 'J11': 50, 'J12': 84, 'J13': 37, 'cluster3106249630_3106249631_J60_J61_#5more': 98}, 
3100.0, {'J10': -71621.0, 'J11': -273003.0, 'J12': -136817.5, 'J13': -50085.0, 'cluster3106249630_3106249631_J60_J61_#5more': -348705.5}, {'J10': 13, 'J11': 32, 'J12': 21, 'J13': 28, 'cluster3106249630_3106249631_J60_J61_#5more': 36}, {'J10': 18, 'J11': 48, 'J12': 82, 'J13': 37, 'cluster3106249630_3106249631_J60_J61_#5more': 100}, 
3105.0, {'J10': -71801.0, 'J11': -273483.0, 'J12': -136717.0, 'J13': -50455.0, 'cluster3106249630_3106249631_J60_J61_#5more': -349705.5}, {'J10': 13, 'J11': 32, 'J12': 21, 'J13': 28, 'cluster3106249630_3106249631_J60_J61_#5more': 36}, {'J10': 18, 'J11': 48, 'J12': 81, 'J13': 37, 'cluster3106249630_3106249631_J60_J61_#5more': 100}, 
3110.0, {'J10': -71981.0, 'J11': -273963.0, 'J12': -134402.0, 'J13': -50829.0, 'cluster3106249630_3106249631_J60_J61_#5more': -350705.5}, {'J10': 13, 'J11': 32, 'J12': 21, 'J13': 28, 'cluster3106249630_3106249631_J60_J61_#5more': 36}, {'J10': 18, 'J11': 48, 'J12': 77, 'J13': 38, 'cluster3106249630_3106249631_J60_J61_#5more': 100}, 
3115.0, {'J10': -72161.0, 'J11': -274443.0, 'J12': -134161.5, 'J13': -51209.0, 'cluster3106249630_3106249631_J60_J61_#5more': -351705.5}, {'J10': 13, 'J11': 32, 'J12': 21, 'J13': 28, 'cluster3106249630_3106249631_J60_J61_#5more': 36}, {'J10': 18, 'J11': 48, 'J12': 76, 'J13': 38, 'cluster3106249630_3106249631_J60_J61_#5more': 100}, 
3120.0, {'J10': -72341.0, 'J11': -274923.0, 'J12': -133879.5, 'J13': -51589.0, 'cluster3106249630_3106249631_J60_J61_#5more': -352705.5}, {'J10': 13, 'J11': 32, 'J12': 21, 'J13': 28, 'cluster3106249630_3106249631_J60_J61_#5more': 36}, {'J10': 18, 'J11': 48, 'J12': 75, 'J13': 38, 'cluster3106249630_3106249631_J60_J61_#5more': 100}, 
3125.0, {'J10': -72521.0, 'J11': -275403.0, 'J12': -134629.5, 'J13': -51969.0, 'cluster3106249630_3106249631_J60_J61_#5more': -353705.5}, {'J10': 13, 'J11': 32, 'J12': 21, 'J13': 28, 'cluster3106249630_3106249631_J60_J61_#5more': 36}, {'J10': 18, 'J11': 48, 'J12': 75, 'J13': 38, 'cluster3106249630_3106249631_J60_J61_#5more': 100}, 
3130.0, {'J10': -72701.0, 'J11': -275883.0, 'J12': -135385.5, 'J13': -52351.5, 'cluster3106249630_3106249631_J60_J61_#5more': -354705.5}, {'J10': 13, 'J11': 32, 'J12': 21, 'J13': 28, 'cluster3106249630_3106249631_J60_J61_#5more': 36}, {'J10': 18, 'J11': 48, 'J12': 78, 'J13': 40, 'cluster3106249630_3106249631_J60_J61_#5more': 100}, 
3135.0, {'J10': -72881.0, 'J11': -276363.0, 'J12': -135104.5, 'J13': -52729.0, 'cluster3106249630_3106249631_J60_J61_#5more': -355705.5}, {'J10': 13, 'J11': 32, 'J12': 21, 'J13': 28, 'cluster3106249630_3106249631_J60_J61_#5more': 36}, {'J10': 18, 'J11': 48, 'J12': 80, 'J13': 38, 'cluster3106249630_3106249631_J60_J61_#5more': 100}, 
3140.0, {'J10': -73061.0, 'J11': -276843.0, 'J12': -135299.5, 'J13': -53109.0, 'cluster3106249630_3106249631_J60_J61_#5more': -356705.5}, {'J10': 13, 'J11': 32, 'J12': 21, 'J13': 28, 'cluster3106249630_3106249631_J60_J61_#5more': 36}, {'J10': 18, 'J11': 48, 'J12': 78, 'J13': 38, 'cluster3106249630_3106249631_J60_J61_#5more': 100}, 
3145.0, {'J10': -73241.0, 'J11': -277323.0, 'J12': -136080.0, 'J13': -53489.0, 'cluster3106249630_3106249631_J60_J61_#5more': -354965.0}, {'J10': 13, 'J11': 32, 'J12': 21, 'J13': 28, 'cluster3106249630_3106249631_J60_J61_#5more': 36}, {'J10': 18, 'J11': 48, 'J12': 79, 'J13': 38, 'cluster3106249630_3106249631_J60_J61_#5more': 97}, 
3150.0, {'J10': -73421.0, 'J11': -277803.0, 'J12': -136882.5, 'J13': -53869.0, 'cluster3106249630_3106249631_J60_J61_#5more': -354799.5}, {'J10': 13, 'J11': 32, 'J12': 21, 'J13': 28, 'cluster3106249630_3106249631_J60_J61_#5more': 36}, {'J10': 18, 'J11': 48, 'J12': 84, 'J13': 38, 'cluster3106249630_3106249631_J60_J61_#5more': 94}, 
3155.0, {'J10': -73601.0, 'J11': -278283.0, 'J12': -137272.0, 'J13': -54249.0, 'cluster3106249630_3106249631_J60_J61_#5more': -355739.5}, {'J10': 13, 'J11': 32, 'J12': 21, 'J13': 28, 'cluster3106249630_3106249631_J60_J61_#5more': 36}, {'J10': 18, 'J11': 48, 'J12': 83, 'J13': 38, 'cluster3106249630_3106249631_J60_J61_#5more': 94}, 
3160.0, {'J10': -73785.0, 'J11': -278763.0, 'J12': -138102.0, 'J13': -54629.0, 'cluster3106249630_3106249631_J60_J61_#5more': -356700.5}, {'J10': 13, 'J11': 32, 'J12': 21, 'J13': 28, 'cluster3106249630_3106249631_J60_J61_#5more': 36}, {'J10': 20, 'J11': 48, 'J12': 83, 'J13': 38, 'cluster3106249630_3106249631_J60_J61_#5more': 102}, 
3165.0, {'J10': -73961.0, 'J11': -279243.0, 'J12': -138932.0, 'J13': -55009.0, 'cluster3106249630_3106249631_J60_J61_#5more': -357729.0}, {'J10': 13, 'J11': 32, 'J12': 21, 'J13': 28, 'cluster3106249630_3106249631_J60_J61_#5more': 36}, {'J10': 18, 'J11': 48, 'J12': 83, 'J13': 38, 'cluster3106249630_3106249631_J60_J61_#5more': 104}, 
3170.0, {'J10': -74141.0, 'J11': -279723.0, 'J12': -138617.5, 'J13': -55389.0, 'cluster3106249630_3106249631_J60_J61_#5more': -358744.0}, {'J10': 13, 'J11': 32, 'J12': 21, 'J13': 28, 'cluster3106249630_3106249631_J60_J61_#5more': 36}, {'J10': 18, 'J11': 48, 'J12': 82, 'J13': 38, 'cluster3106249630_3106249631_J60_J61_#5more': 103}, 
3175.0, {'J10': -74321.0, 'J11': -280203.0, 'J12': -139437.5, 'J13': -55769.0, 'cluster3106249630_3106249631_J60_J61_#5more': -359706.5}, {'J10': 13, 'J11': 32, 'J12': 21, 'J13': 28, 'cluster3106249630_3106249631_J60_J61_#5more': 36}, {'J10': 18, 'J11': 48, 'J12': 82, 'J13': 38, 'cluster3106249630_3106249631_J60_J61_#5more': 101}, 
3180.0, {'J10': -74501.0, 'J11': -280683.0, 'J12': -140257.5, 'J13': -56149.0, 'cluster3106249630_3106249631_J60_J61_#5more': -360675.5}, {'J10': 13, 'J11': 32, 'J12': 21, 'J13': 28, 'cluster3106249630_3106249631_J60_J61_#5more': 36}, {'J10': 18, 'J11': 48, 'J12': 82, 'J13': 38, 'cluster3106249630_3106249631_J60_J61_#5more': 100}, 
3185.0, {'J10': -74681.0, 'J11': -281163.0, 'J12': -139661.5, 'J13': -56529.0, 'cluster3106249630_3106249631_J60_J61_#5more': -361675.5}, {'J10': 13, 'J11': 32, 'J12': 21, 'J13': 28, 'cluster3106249630_3106249631_J60_J61_#5more': 36}, {'J10': 18, 'J11': 48, 'J12': 80, 'J13': 38, 'cluster3106249630_3106249631_J60_J61_#5more': 100}, 
3190.0, {'J10': -74861.0, 'J11': -281643.0, 'J12': -139066.0, 'J13': -56909.0, 'cluster3106249630_3106249631_J60_J61_#5more': -362675.5}, {'J10': 13, 'J11': 32, 'J12': 21, 'J13': 28, 'cluster3106249630_3106249631_J60_J61_#5more': 36}, {'J10': 18, 'J11': 48, 'J12': 78, 'J13': 38, 'cluster3106249630_3106249631_J60_J61_#5more': 100}, 
3195.0, {'J10': -75041.0, 'J11': -282123.0, 'J12': -139846.0, 'J13': -54645.0, 'cluster3106249630_3106249631_J60_J61_#5more': -363675.5}, {'J10': 13, 'J11': 32, 'J12': 21, 'J13': 26, 'cluster3106249630_3106249631_J60_J61_#5more': 36}, {'J10': 18, 'J11': 48, 'J12': 78, 'J13': 36, 'cluster3106249630_3106249631_J60_J61_#5more': 100}, 
3200.0, {'J10': -75221.0, 'J11': -282603.0, 'J12': -140626.0, 'J13': -55005.0, 'cluster3106249630_3106249631_J60_J61_#5more': -364675.5}, {'J10': 13, 'J11': 32, 'J12': 21, 'J13': 26, 'cluster3106249630_3106249631_J60_J61_#5more': 36}, {'J10': 18, 'J11': 48, 'J12': 78, 'J13': 36, 'cluster3106249630_3106249631_J60_J61_#5more': 100}, 
3205.0, {'J10': -75401.0, 'J11': -283086.5, 'J12': -141045.0, 'J13': -55365.0, 'cluster3106249630_3106249631_J60_J61_#5more': -362030.5}, {'J10': 13, 'J11': 32, 'J12': 21, 'J13': 26, 'cluster3106249630_3106249631_J60_J61_#5more': 36}, {'J10': 18, 'J11': 49, 'J12': 79, 'J13': 36, 'cluster3106249630_3106249631_J60_J61_#5more': 99}, 
3210.0, {'J10': -75581.0, 'J11': -283576.5, 'J12': -141638.0, 'J13': -55725.0, 'cluster3106249630_3106249631_J60_J61_#5more': -358608.5}, {'J10': 13, 'J11': 32, 'J12': 21, 'J13': 26, 'cluster3106249630_3106249631_J60_J61_#5more': 36}, {'J10': 18, 'J11': 49, 'J12': 79, 'J13': 36, 'cluster3106249630_3106249631_J60_J61_#5more': 98}, 
3215.0, {'J10': -75761.0, 'J11': -284072.5, 'J12': -142431.5, 'J13': -56086.0, 'cluster3106249630_3106249631_J60_J61_#5more': -359588.5}, {'J10': 13, 'J11': 32, 'J12': 21, 'J13': 27, 'cluster3106249630_3106249631_J60_J61_#5more': 36}, {'J10': 18, 'J11': 51, 'J12': 80, 'J13': 37, 'cluster3106249630_3106249631_J60_J61_#5more': 98}, 
3220.0, {'J10': -75941.0, 'J11': -284568.0, 'J12': -143231.5, 'J13': -56460.5, 'cluster3106249630_3106249631_J60_J61_#5more': -360568.5}, {'J10': 13, 'J11': 32, 'J12': 21, 'J13': 28, 'cluster3106249630_3106249631_J60_J61_#5more': 36}, {'J10': 18, 'J11': 50, 'J12': 80, 'J13': 38, 'cluster3106249630_3106249631_J60_J61_#5more': 98}, 
3225.0, {'J10': -76122.0, 'J11': -285051.5, 'J12': -144031.5, 'J13': -56840.5, 'cluster3106249630_3106249631_J60_J61_#5more': -361548.5}, {'J10': 13, 'J11': 32, 'J12': 21, 'J13': 28, 'cluster3106249630_3106249631_J60_J61_#5more': 36}, {'J10': 19, 'J11': 50, 'J12': 80, 'J13': 38, 'cluster3106249630_3106249631_J60_J61_#5more': 98}, 
3230.0, {'J10': -76301.0, 'J11': -285551.5, 'J12': -144831.5, 'J13': -57220.5, 'cluster3106249630_3106249631_J60_J61_#5more': -362531.0}, {'J10': 13, 'J11': 32, 'J12': 21, 'J13': 28, 'cluster3106249630_3106249631_J60_J61_#5more': 36}, {'J10': 18, 'J11': 50, 'J12': 80, 'J13': 38, 'cluster3106249630_3106249631_J60_J61_#5more': 100}, 
3235.0, {'J10': -76483.0, 'J11': -286051.5, 'J12': -145631.5, 'J13': -57600.5, 'cluster3106249630_3106249631_J60_J61_#5more': -363536.0}, {'J10': 13, 'J11': 32, 'J12': 21, 'J13': 28, 'cluster3106249630_3106249631_J60_J61_#5more': 36}, {'J10': 19, 'J11': 50, 'J12': 80, 'J13': 38, 'cluster3106249630_3106249631_J60_J61_#5more': 102}, 
3240.0, {'J10': -76673.0, 'J11': -286551.5, 'J12': -146431.5, 'J13': -57980.5, 'cluster3106249630_3106249631_J60_J61_#5more': -364556.0}, {'J10': 13, 'J11': 32, 'J12': 21, 'J13': 28, 'cluster3106249630_3106249631_J60_J61_#5more': 36}, {'J10': 19, 'J11': 50, 'J12': 80, 'J13': 38, 'cluster3106249630_3106249631_J60_J61_#5more': 102}, 
3245.0, {'J10': -76863.0, 'J11': -287051.5, 'J12': -147231.5, 'J13': -58360.5, 'cluster3106249630_3106249631_J60_J61_#5more': -365555.5}, {'J10': 13, 'J11': 32, 'J12': 21, 'J13': 28, 'cluster3106249630_3106249631_J60_J61_#5more': 36}, {'J10': 19, 'J11': 50, 'J12': 80, 'J13': 38, 'cluster3106249630_3106249631_J60_J61_#5more': 101}, 
3250.0, {'J10': -77053.0, 'J11': -287551.5, 'J12': -148031.5, 'J13': -58740.5, 'cluster3106249630_3106249631_J60_J61_#5more': -366565.5}, {'J10': 13, 'J11': 32, 'J12': 21, 'J13': 28, 'cluster3106249630_3106249631_J60_J61_#5more': 36}, {'J10': 19, 'J11': 50, 'J12': 80, 'J13': 38, 'cluster3106249630_3106249631_J60_J61_#5more': 101}, 
3255.0, {'J10': -77243.0, 'J11': -288051.5, 'J12': -148831.5, 'J13': -59120.5, 'cluster3106249630_3106249631_J60_J61_#5more': -367576.0}, {'J10': 13, 'J11': 32, 'J12': 21, 'J13': 28, 'cluster3106249630_3106249631_J60_J61_#5more': 36}, {'J10': 19, 'J11': 50, 'J12': 80, 'J13': 38, 'cluster3106249630_3106249631_J60_J61_#5more': 102}, 
3260.0, {'J10': -77433.0, 'J11': -288551.5, 'J12': -149631.5, 'J13': -54971.0, 'cluster3106249630_3106249631_J60_J61_#5more': -368597.0}, {'J10': 13, 'J11': 32, 'J12': 21, 'J13': 25, 'cluster3106249630_3106249631_J60_J61_#5more': 36}, {'J10': 19, 'J11': 50, 'J12': 80, 'J13': 34, 'cluster3106249630_3106249631_J60_J61_#5more': 103}, 
3265.0, {'J10': -77623.0, 'J11': -289051.5, 'J12': -150431.5, 'J13': -54938.0, 'cluster3106249630_3106249631_J60_J61_#5more': -369616.0}, {'J10': 13, 'J11': 32, 'J12': 21, 'J13': 25, 'cluster3106249630_3106249631_J60_J61_#5more': 36}, {'J10': 19, 'J11': 50, 'J12': 80, 'J13': 33, 'cluster3106249630_3106249631_J60_J61_#5more': 102}, 
3270.0, {'J10': -77813.0, 'J11': -289551.5, 'J12': -142256.0, 'J13': -55274.0, 'cluster3106249630_3106249631_J60_J61_#5more': -370605.5}, {'J10': 13, 'J11': 32, 'J12': 21, 'J13': 25, 'cluster3106249630_3106249631_J60_J61_#5more': 36}, {'J10': 19, 'J11': 50, 'J12': 71, 'J13': 35, 'cluster3106249630_3106249631_J60_J61_#5more': 101}, 
3275.0, {'J10': -78003.0, 'J11': -290051.5, 'J12': -142966.0, 'J13': -55624.0, 'cluster3106249630_3106249631_J60_J61_#5more': -367768.0}, {'J10': 13, 'J11': 32, 'J12': 21, 'J13': 25, 'cluster3106249630_3106249631_J60_J61_#5more': 36}, {'J10': 19, 'J11': 50, 'J12': 71, 'J13': 35, 'cluster3106249630_3106249631_J60_J61_#5more': 95}, 
3280.0, {'J10': -78194.5, 'J11': -290551.5, 'J12': -143677.0, 'J13': -55974.0, 'cluster3106249630_3106249631_J60_J61_#5more': -368718.5}, {'J10': 13, 'J11': 32, 'J12': 21, 'J13': 25, 'cluster3106249630_3106249631_J60_J61_#5more': 36}, {'J10': 20, 'J11': 50, 'J12': 73, 'J13': 35, 'cluster3106249630_3106249631_J60_J61_#5more': 96}, 
3285.0, {'J10': -78394.5, 'J11': -291051.5, 'J12': -144426.5, 'J13': -56334.5, 'cluster3106249630_3106249631_J60_J61_#5more': -369685.0}, {'J10': 13, 'J11': 32, 'J12': 21, 'J13': 28, 'cluster3106249630_3106249631_J60_J61_#5more': 36}, {'J10': 20, 'J11': 50, 'J12': 78, 'J13': 38, 'cluster3106249630_3106249631_J60_J61_#5more': 99}, 
3290.0, {'J10': -78483.5, 'J11': -291551.5, 'J12': -145206.5, 'J13': -56714.5, 'cluster3106249630_3106249631_J60_J61_#5more': -370662.5}, {'J10': 13, 'J11': 32, 'J12': 21, 'J13': 28, 'cluster3106249630_3106249631_J60_J61_#5more': 36}, {'J10': 20, 'J11': 50, 'J12': 78, 'J13': 38, 'cluster3106249630_3106249631_J60_J61_#5more': 101}, 
3295.0, {'J10': -78641.0, 'J11': -292055.0, 'J12': -145986.5, 'J13': -57094.5, 'cluster3106249630_3106249631_J60_J61_#5more': -371658.0}, {'J10': 13, 'J11': 32, 'J12': 21, 'J13': 28, 'cluster3106249630_3106249631_J60_J61_#5more': 36}, {'J10': 18, 'J11': 51, 'J12': 78, 'J13': 38, 'cluster3106249630_3106249631_J60_J61_#5more': 103}, 
3300.0, {'J10': -78821.0, 'J11': -292551.5, 'J12': -146766.5, 'J13': -57474.5, 'cluster3106249630_3106249631_J60_J61_#5more': -372625.5}, {'J10': 13, 'J11': 32, 'J12': 21, 'J13': 28, 'cluster3106249630_3106249631_J60_J61_#5more': 36}, {'J10': 18, 'J11': 50, 'J12': 78, 'J13': 38, 'cluster3106249630_3106249631_J60_J61_#5more': 101}, 
3305.0, {'J10': -79001.0, 'J11': -293051.5, 'J12': -147551.5, 'J13': -57854.5, 'cluster3106249630_3106249631_J60_J61_#5more': -373635.5}, {'J10': 13, 'J11': 32, 'J12': 21, 'J13': 28, 'cluster3106249630_3106249631_J60_J61_#5more': 36}, {'J10': 18, 'J11': 50, 'J12': 79, 'J13': 38, 'cluster3106249630_3106249631_J60_J61_#5more': 101}, 
3310.0, {'J10': -79181.0, 'J11': -293551.5, 'J12': -148341.5, 'J13': -58234.5, 'cluster3106249630_3106249631_J60_J61_#5more': -374645.5}, {'J10': 13, 'J11': 32, 'J12': 21, 'J13': 28, 'cluster3106249630_3106249631_J60_J61_#5more': 36}, {'J10': 18, 'J11': 50, 'J12': 79, 'J13': 38, 'cluster3106249630_3106249631_J60_J61_#5more': 101}, 
3315.0, {'J10': -79361.0, 'J11': -294051.5, 'J12': -149131.5, 'J13': -58614.5, 'cluster3106249630_3106249631_J60_J61_#5more': -375655.5}, {'J10': 13, 'J11': 32, 'J12': 21, 'J13': 28, 'cluster3106249630_3106249631_J60_J61_#5more': 36}, {'J10': 18, 'J11': 50, 'J12': 79, 'J13': 38, 'cluster3106249630_3106249631_J60_J61_#5more': 101}, 
3320.0, {'J10': -79541.0, 'J11': -294551.5, 'J12': -149921.5, 'J13': -58994.5, 'cluster3106249630_3106249631_J60_J61_#5more': -376665.5}, {'J10': 13, 'J11': 32, 'J12': 21, 'J13': 28, 'cluster3106249630_3106249631_J60_J61_#5more': 36}, {'J10': 18, 'J11': 50, 'J12': 79, 'J13': 38, 'cluster3106249630_3106249631_J60_J61_#5more': 101}, 
3325.0, {'J10': -79721.0, 'J11': -295051.5, 'J12': -150711.5, 'J13': -53430.0, 'cluster3106249630_3106249631_J60_J61_#5more': -377675.5}, {'J10': 13, 'J11': 32, 'J12': 21, 'J13': 24, 'cluster3106249630_3106249631_J60_J61_#5more': 36}, {'J10': 18, 'J11': 50, 'J12': 79, 'J13': 32, 'cluster3106249630_3106249631_J60_J61_#5more': 101}, 
3330.0, {'J10': -79901.0, 'J11': -295557.0, 'J12': -151501.5, 'J13': -53750.0, 'cluster3106249630_3106249631_J60_J61_#5more': -378685.5}, {'J10': 13, 'J11': 32, 'J12': 21, 'J13': 24, 'cluster3106249630_3106249631_J60_J61_#5more': 36}, {'J10': 18, 'J11': 52, 'J12': 79, 'J13': 32, 'cluster3106249630_3106249631_J60_J61_#5more': 101}, 
3335.0, {'J10': -80082.5, 'J11': -296063.0, 'J12': -146839.5, 'J13': -54076.5, 'cluster3106249630_3106249631_J60_J61_#5more': -379698.5}, {'J10': 13, 'J11': 32, 'J12': 21, 'J13': 24, 'cluster3106249630_3106249631_J60_J61_#5more': 36}, {'J10': 19, 'J11': 51, 'J12': 72, 'J13': 34, 'cluster3106249630_3106249631_J60_J61_#5more': 103}, 
3340.0, {'J10': -80272.5, 'J11': -296551.5, 'J12': -147560.0, 'J13': -54416.5, 'cluster3106249630_3106249631_J60_J61_#5more': -377130.0}, {'J10': 13, 'J11': 32, 'J12': 21, 'J13': 24, 'cluster3106249630_3106249631_J60_J61_#5more': 36}, {'J10': 19, 'J11': 50, 'J12': 73, 'J13': 34, 'cluster3106249630_3106249631_J60_J61_#5more': 96}, 
3345.0, {'J10': -80462.5, 'J11': -297051.5, 'J12': -148294.0, 'J13': -54758.0, 'cluster3106249630_3106249631_J60_J61_#5more': -378069.5}, {'J10': 13, 'J11': 32, 'J12': 21, 'J13': 25, 'cluster3106249630_3106249631_J60_J61_#5more': 36}, {'J10': 19, 'J11': 50, 'J12': 76, 'J13': 35, 'cluster3106249630_3106249631_J60_J61_#5more': 95}, 
3350.0, {'J10': -80652.5, 'J11': -297555.5, 'J12': -149068.0, 'J13': -55120.0, 'cluster3106249630_3106249631_J60_J61_#5more': -379019.5}, {'J10': 13, 'J11': 32, 'J12': 21, 'J13': 28, 'cluster3106249630_3106249631_J60_J61_#5more': 36}, {'J10': 19, 'J11': 51, 'J12': 79, 'J13': 38, 'cluster3106249630_3106249631_J60_J61_#5more': 95}, 
3355.0, {'J10': -80801.0, 'J11': -298067.5, 'J12': -149257.0, 'J13': -55500.0, 'cluster3106249630_3106249631_J60_J61_#5more': -379979.0}, {'J10': 13, 'J11': 32, 'J12': 21, 'J13': 28, 'cluster3106249630_3106249631_J60_J61_#5more': 36}, {'J10': 18, 'J11': 53, 'J12': 80, 'J13': 38, 'cluster3106249630_3106249631_J60_J61_#5more': 99}, 
3360.0, {'J10': -80981.0, 'J11': -298597.5, 'J12': -147264.0, 'J13': -55880.0, 'cluster3106249630_3106249631_J60_J61_#5more': -380977.5}, {'J10': 13, 'J11': 32, 'J12': 21, 'J13': 28, 'cluster3106249630_3106249631_J60_J61_#5more': 36}, {'J10': 18, 'J11': 53, 'J12': 76, 'J13': 38, 'cluster3106249630_3106249631_J60_J61_#5more': 101}, 
3365.0, {'J10': -81164.0, 'J11': -299127.5, 'J12': -146642.5, 'J13': -56260.0, 'cluster3106249630_3106249631_J60_J61_#5more': -381987.5}, {'J10': 13, 'J11': 32, 'J12': 21, 'J13': 28, 'cluster3106249630_3106249631_J60_J61_#5more': 36}, {'J10': 19, 'J11': 53, 'J12': 72, 'J13': 38, 'cluster3106249630_3106249631_J60_J61_#5more': 101}, 
3370.0, {'J10': -81354.0, 'J11': -299613.5, 'J12': -146785.0, 'J13': -56640.0, 'cluster3106249630_3106249631_J60_J61_#5more': -379075.5}, {'J10': 13, 'J11': 32, 'J12': 21, 'J13': 28, 'cluster3106249630_3106249631_J60_J61_#5more': 36}, {'J10': 19, 'J11': 52, 'J12': 71, 'J13': 38, 'cluster3106249630_3106249631_J60_J61_#5more': 100}, 
3375.0, {'J10': -81544.0, 'J11': -300092.0, 'J12': -146342.0, 'J13': -57020.0, 'cluster3106249630_3106249631_J60_J61_#5more': -375334.5}, {'J10': 13, 'J11': 32, 'J12': 21, 'J13': 28, 'cluster3106249630_3106249631_J60_J61_#5more': 36}, {'J10': 19, 'J11': 51, 'J12': 70, 'J13': 38, 'cluster3106249630_3106249631_J60_J61_#5more': 99}, 
3380.0, {'J10': -81734.0, 'J11': -300609.0, 'J12': -146235.5, 'J13': -57400.0, 'cluster3106249630_3106249631_J60_J61_#5more': -376324.5}, {'J10': 13, 'J11': 32, 'J12': 21, 'J13': 28, 'cluster3106249630_3106249631_J60_J61_#5more': 36}, {'J10': 19, 'J11': 54, 'J12': 72, 'J13': 38, 'cluster3106249630_3106249631_J60_J61_#5more': 99}, 
3385.0, {'J10': -81924.0, 'J11': -301089.5, 'J12': -146613.5, 'J13': -57780.0, 'cluster3106249630_3106249631_J60_J61_#5more': -377314.5}, {'J10': 13, 'J11': 32, 'J12': 21, 'J13': 28, 'cluster3106249630_3106249631_J60_J61_#5more': 36}, {'J10': 19, 'J11': 54, 'J12': 74, 'J13': 38, 'cluster3106249630_3106249631_J60_J61_#5more': 99}, 
3390.0, {'J10': -82114.0, 'J11': -301629.5, 'J12': -147359.0, 'J13': -58160.0, 'cluster3106249630_3106249631_J60_J61_#5more': -378304.5}, {'J10': 13, 'J11': 32, 'J12': 21, 'J13': 28, 'cluster3106249630_3106249631_J60_J61_#5more': 36}, {'J10': 19, 'J11': 54, 'J12': 77, 'J13': 38, 'cluster3106249630_3106249631_J60_J61_#5more': 99}, 
3395.0, {'J10': -82304.0, 'J11': -302135.5, 'J12': -145447.0, 'J13': -58288.0, 'cluster3106249630_3106249631_J60_J61_#5more': -379297.5}, {'J10': 13, 'J11': 32, 'J12': 21, 'J13': 28, 'cluster3106249630_3106249631_J60_J61_#5more': 36}, {'J10': 19, 'J11': 53, 'J12': 76, 'J13': 37, 'cluster3106249630_3106249631_J60_J61_#5more': 101}, 
3400.0, {'J10': -82494.0, 'J11': -302665.5, 'J12': -146122.5, 'J13': -58659.5, 'cluster3106249630_3106249631_J60_J61_#5more': -380307.5}, {'J10': 13, 'J11': 32, 'J12': 21, 'J13': 28, 'cluster3106249630_3106249631_J60_J61_#5more': 36}, {'J10': 19, 'J11': 53, 'J12': 78, 'J13': 38, 'cluster3106249630_3106249631_J60_J61_#5more': 101}, 
3405.0, {'J10': -82684.0, 'J11': -303145.0, 'J12': -146902.5, 'J13': -59039.5, 'cluster3106249630_3106249631_J60_J61_#5more': -378842.0}, {'J10': 13, 'J11': 32, 'J12': 21, 'J13': 28, 'cluster3106249630_3106249631_J60_J61_#5more': 36}, {'J10': 19, 'J11': 54, 'J12': 78, 'J13': 38, 'cluster3106249630_3106249631_J60_J61_#5more': 97}, 
3410.0, {'J10': -82874.0, 'J11': -303625.5, 'J12': -147682.5, 'J13': -59419.5, 'cluster3106249630_3106249631_J60_J61_#5more': -378679.0}, {'J10': 13, 'J11': 32, 'J12': 21, 'J13': 28, 'cluster3106249630_3106249631_J60_J61_#5more': 36}, {'J10': 19, 'J11': 53, 'J12': 78, 'J13': 38, 'cluster3106249630_3106249631_J60_J61_#5more': 95}, 
3415.0, {'J10': -83064.0, 'J11': -304135.0, 'J12': -148462.5, 'J13': -59799.5, 'cluster3106249630_3106249631_J60_J61_#5more': -379637.5}, {'J10': 13, 'J11': 32, 'J12': 21, 'J13': 28, 'cluster3106249630_3106249631_J60_J61_#5more': 36}, {'J10': 19, 'J11': 52, 'J12': 78, 'J13': 38, 'cluster3106249630_3106249631_J60_J61_#5more': 98}, 
3420.0, {'J10': -83256.0, 'J11': -304655.0, 'J12': -149242.5, 'J13': -60179.5, 'cluster3106249630_3106249631_J60_J61_#5more': -380631.5}, {'J10': 13, 'J11': 32, 'J12': 21, 'J13': 28, 'cluster3106249630_3106249631_J60_J61_#5more': 36}, {'J10': 20, 'J11': 52, 'J12': 78, 'J13': 38, 'cluster3106249630_3106249631_J60_J61_#5more': 103}, 
3425.0, {'J10': -83456.0, 'J11': -305178.0, 'J12': -150032.0, 'J13': -60559.5, 'cluster3106249630_3106249631_J60_J61_#5more': -381645.0}, {'J10': 13, 'J11': 32, 'J12': 21, 'J13': 28, 'cluster3106249630_3106249631_J60_J61_#5more': 36}, {'J10': 20, 'J11': 53, 'J12': 81, 'J13': 38, 'cluster3106249630_3106249631_J60_J61_#5more': 104}, 
3430.0, {'J10': -83656.0, 'J11': -305708.0, 'J12': -150842.0, 'J13': -60939.5, 'cluster3106249630_3106249631_J60_J61_#5more': -382685.0}, {'J10': 13, 'J11': 32, 'J12': 21, 'J13': 28, 'cluster3106249630_3106249631_J60_J61_#5more': 36}, {'J10': 20, 'J11': 53, 'J12': 81, 'J13': 38, 'cluster3106249630_3106249631_J60_J61_#5more': 104}, 
3435.0, {'J10': -83856.0, 'J11': -306238.0, 'J12': -147488.0, 'J13': -61319.5, 'cluster3106249630_3106249631_J60_J61_#5more': -383725.0}, {'J10': 13, 'J11': 32, 'J12': 21, 'J13': 28, 'cluster3106249630_3106249631_J60_J61_#5more': 36}, {'J10': 20, 'J11': 53, 'J12': 76, 'J13': 38, 'cluster3106249630_3106249631_J60_J61_#5more': 104}, 
3440.0, {'J10': -84056.0, 'J11': -306768.0, 'J12': -147607.0, 'J13': -61699.5, 'cluster3106249630_3106249631_J60_J61_#5more': -384765.0}, {'J10': 13, 'J11': 32, 'J12': 21, 'J13': 28, 'cluster3106249630_3106249631_J60_J61_#5more': 36}, {'J10': 20, 'J11': 53, 'J12': 74, 'J13': 38, 'cluster3106249630_3106249631_J60_J61_#5more': 104}, 
3445.0, {'J10': -84256.0, 'J11': -307298.0, 'J12': -148347.5, 'J13': -62079.5, 'cluster3106249630_3106249631_J60_J61_#5more': -385681.5}, {'J10': 13, 'J11': 32, 'J12': 21, 'J13': 28, 'cluster3106249630_3106249631_J60_J61_#5more': 36}, {'J10': 20, 'J11': 53, 'J12': 75, 'J13': 38, 'cluster3106249630_3106249631_J60_J61_#5more': 102}, 
3450.0, {'J10': -84456.0, 'J11': -307828.0, 'J12': -149110.0, 'J13': -62459.5, 'cluster3106249630_3106249631_J60_J61_#5more': -386637.5}, {'J10': 13, 'J11': 32, 'J12': 21, 'J13': 28, 'cluster3106249630_3106249631_J60_J61_#5more': 36}, {'J10': 20, 'J11': 53, 'J12': 78, 'J13': 38, 'cluster3106249630_3106249631_J60_J61_#5more': 101}, 
3455.0, {'J10': -84656.0, 'J11': -308358.0, 'J12': -149890.0, 'J13': -59812.0, 'cluster3106249630_3106249631_J60_J61_#5more': -387647.5}, {'J10': 13, 'J11': 32, 'J12': 21, 'J13': 26, 'cluster3106249630_3106249631_J60_J61_#5more': 36}, {'J10': 20, 'J11': 53, 'J12': 78, 'J13': 36, 'cluster3106249630_3106249631_J60_J61_#5more': 101}, 
3460.0, {'J10': -84856.0, 'J11': -308888.0, 'J12': -150670.0, 'J13': -60172.0, 'cluster3106249630_3106249631_J60_J61_#5more': -388657.5}, {'J10': 13, 'J11': 32, 'J12': 21, 'J13': 26, 'cluster3106249630_3106249631_J60_J61_#5more': 36}, {'J10': 20, 'J11': 53, 'J12': 78, 'J13': 36, 'cluster3106249630_3106249631_J60_J61_#5more': 101}, 
3465.0, {'J10': -85056.0, 'J11': -309418.0, 'J12': -151450.0, 'J13': -60532.0, 'cluster3106249630_3106249631_J60_J61_#5more': -389667.5}, {'J10': 13, 'J11': 32, 'J12': 21, 'J13': 26, 'cluster3106249630_3106249631_J60_J61_#5more': 36}, {'J10': 20, 'J11': 53, 'J12': 78, 'J13': 36, 'cluster3106249630_3106249631_J60_J61_#5more': 101}, 
3470.0, {'J10': -85256.0, 'J11': -309948.0, 'J12': -152230.0, 'J13': -60892.0, 'cluster3106249630_3106249631_J60_J61_#5more': -388337.5}, {'J10': 13, 'J11': 32, 'J12': 21, 'J13': 26, 'cluster3106249630_3106249631_J60_J61_#5more': 36}, {'J10': 20, 'J11': 53, 'J12': 78, 'J13': 36, 'cluster3106249630_3106249631_J60_J61_#5more': 99}, 
3475.0, {'J10': -85456.0, 'J11': -310478.0, 'J12': -153010.0, 'J13': -61254.0, 'cluster3106249630_3106249631_J60_J61_#5more': -388319.5}, {'J10': 13, 'J11': 32, 'J12': 21, 'J13': 27, 'cluster3106249630_3106249631_J60_J61_#5more': 36}, {'J10': 20, 'J11': 53, 'J12': 78, 'J13': 37, 'cluster3106249630_3106249631_J60_J61_#5more': 98}, 
3480.0, {'J10': -85656.0, 'J11': -311008.0, 'J12': -153790.0, 'J13': -61629.0, 'cluster3106249630_3106249631_J60_J61_#5more': -389299.5}, {'J10': 13, 'J11': 32, 'J12': 21, 'J13': 28, 'cluster3106249630_3106249631_J60_J61_#5more': 36}, {'J10': 20, 'J11': 53, 'J12': 78, 'J13': 38, 'cluster3106249630_3106249631_J60_J61_#5more': 98}, 
3485.0, {'J10': -85613.0, 'J11': -311538.0, 'J12': -154570.0, 'J13': -62009.0, 'cluster3106249630_3106249631_J60_J61_#5more': -390286.0}, {'J10': 13, 'J11': 32, 'J12': 21, 'J13': 28, 'cluster3106249630_3106249631_J60_J61_#5more': 36}, {'J10': 19, 'J11': 53, 'J12': 78, 'J13': 38, 'cluster3106249630_3106249631_J60_J61_#5more': 101}, 
3490.0, {'J10': -85663.0, 'J11': -312068.0, 'J12': -155350.0, 'J13': -62389.0, 'cluster3106249630_3106249631_J60_J61_#5more': -391261.0}, {'J10': 13, 'J11': 32, 'J12': 21, 'J13': 28, 'cluster3106249630_3106249631_J60_J61_#5more': 36}, {'J10': 19, 'J11': 53, 'J12': 78, 'J13': 38, 'cluster3106249630_3106249631_J60_J61_#5more': 102}, 
3495.0, {'J10': -85853.0, 'J11': -312598.0, 'J12': -156130.0, 'J13': -62769.0, 'cluster3106249630_3106249631_J60_J61_#5more': -392284.0}, {'J10': 13, 'J11': 32, 'J12': 21, 'J13': 28, 'cluster3106249630_3106249631_J60_J61_#5more': 36}, {'J10': 19, 'J11': 53, 'J12': 78, 'J13': 38, 'cluster3106249630_3106249631_J60_J61_#5more': 103}, 
3500.0, {'J10': -86043.0, 'J11': -313128.0, 'J12': -156042.0, 'J13': -63149.0, 'cluster3106249630_3106249631_J60_J61_#5more': -393259.5}, {'J10': 13, 'J11': 32, 'J12': 21, 'J13': 28, 'cluster3106249630_3106249631_J60_J61_#5more': 36}, {'J10': 19, 'J11': 53, 'J12': 76, 'J13': 38, 'cluster3106249630_3106249631_J60_J61_#5more': 102}, 
3505.0, {'J10': -86233.0, 'J11': -313661.0, 'J12': -156160.5, 'J13': -63529.0, 'cluster3106249630_3106249631_J60_J61_#5more': -394287.0}, {'J10': 13, 'J11': 32, 'J12': 21, 'J13': 28, 'cluster3106249630_3106249631_J60_J61_#5more': 36}, {'J10': 19, 'J11': 54, 'J12': 74, 'J13': 38, 'cluster3106249630_3106249631_J60_J61_#5more': 104}, 
3510.0, {'J10': -86423.0, 'J11': -314201.5, 'J12': -156909.5, 'J13': -63909.0, 'cluster3106249630_3106249631_J60_J61_#5more': -395254.0}, {'J10': 13, 'J11': 32, 'J12': 21, 'J13': 28, 'cluster3106249630_3106249631_J60_J61_#5more': 36}, {'J10': 19, 'J11': 55, 'J12': 76, 'J13': 38, 'cluster3106249630_3106249631_J60_J61_#5more': 103}, 
3515.0, {'J10': -86613.0, 'J11': -314751.5, 'J12': -157689.0, 'J13': -64289.0, 'cluster3106249630_3106249631_J60_J61_#5more': -396236.5}, {'J10': 13, 'J11': 32, 'J12': 21, 'J13': 28, 'cluster3106249630_3106249631_J60_J61_#5more': 36}, {'J10': 19, 'J11': 55, 'J12': 81, 'J13': 38, 'cluster3106249630_3106249631_J60_J61_#5more': 101}, 
3520.0, {'J10': -86803.0, 'J11': -315281.0, 'J12': -158503.0, 'J13': -59244.5, 'cluster3106249630_3106249631_J60_J61_#5more': -397246.5}, {'J10': 13, 'J11': 32, 'J12': 21, 'J13': 25, 'cluster3106249630_3106249631_J60_J61_#5more': 36}, {'J10': 19, 'J11': 54, 'J12': 82, 'J13': 33, 'cluster3106249630_3106249631_J60_J61_#5more': 101}, 
3525.0, {'J10': -86993.0, 'J11': -315821.0, 'J12': -157939.5, 'J13': -59574.5, 'cluster3106249630_3106249631_J60_J61_#5more': -398256.5}, {'J10': 13, 'J11': 32, 'J12': 21, 'J13': 25, 'cluster3106249630_3106249631_J60_J61_#5more': 36}, {'J10': 19, 'J11': 54, 'J12': 80, 'J13': 33, 'cluster3106249630_3106249631_J60_J61_#5more': 101}, 
3530.0, {'J10': -87183.0, 'J11': -316361.0, 'J12': -157515.0, 'J13': -59911.5, 'cluster3106249630_3106249631_J60_J61_#5more': -399266.5}, {'J10': 13, 'J11': 32, 'J12': 21, 'J13': 25, 'cluster3106249630_3106249631_J60_J61_#5more': 36}, {'J10': 19, 'J11': 54, 'J12': 78, 'J13': 35, 'cluster3106249630_3106249631_J60_J61_#5more': 101}, 
3535.0, {'J10': -87373.0, 'J11': -316901.0, 'J12': -158295.0, 'J13': -60261.5, 'cluster3106249630_3106249631_J60_J61_#5more': -397709.5}, {'J10': 13, 'J11': 32, 'J12': 21, 'J13': 25, 'cluster3106249630_3106249631_J60_J61_#5more': 36}, {'J10': 19, 'J11': 54, 'J12': 78, 'J13': 35, 'cluster3106249630_3106249631_J60_J61_#5more': 96}, 
3540.0, {'J10': -87563.0, 'J11': -317441.0, 'J12': -159075.0, 'J13': -60611.5, 'cluster3106249630_3106249631_J60_J61_#5more': -398299.0}, {'J10': 13, 'J11': 32, 'J12': 21, 'J13': 25, 'cluster3106249630_3106249631_J60_J61_#5more': 36}, {'J10': 19, 'J11': 54, 'J12': 78, 'J13': 35, 'cluster3106249630_3106249631_J60_J61_#5more': 97}, 
3545.0, {'J10': -87753.0, 'J11': -317981.0, 'J12': -159230.0, 'J13': -60972.0, 'cluster3106249630_3106249631_J60_J61_#5more': -399271.0}, {'J10': 13, 'J11': 32, 'J12': 21, 'J13': 28, 'cluster3106249630_3106249631_J60_J61_#5more': 36}, {'J10': 19, 'J11': 54, 'J12': 76, 'J13': 38, 'cluster3106249630_3106249631_J60_J61_#5more': 98}, 
3550.0, {'J10': -87821.5, 'J11': -318521.0, 'J12': -159990.0, 'J13': -61352.0, 'cluster3106249630_3106249631_J60_J61_#5more': -400261.0}, {'J10': 13, 'J11': 32, 'J12': 21, 'J13': 28, 'cluster3106249630_3106249631_J60_J61_#5more': 36}, {'J10': 19, 'J11': 54, 'J12': 76, 'J13': 38, 'cluster3106249630_3106249631_J60_J61_#5more': 102}, 
3555.0, {'J10': -88001.0, 'J11': -319061.0, 'J12': -160750.0, 'J13': -61732.0, 'cluster3106249630_3106249631_J60_J61_#5more': -401288.5}, {'J10': 13, 'J11': 32, 'J12': 21, 'J13': 28, 'cluster3106249630_3106249631_J60_J61_#5more': 36}, {'J10': 18, 'J11': 54, 'J12': 76, 'J13': 38, 'cluster3106249630_3106249631_J60_J61_#5more': 104}, 
3560.0, {'J10': -88181.0, 'J11': -319601.0, 'J12': -161515.0, 'J13': -62112.0, 'cluster3106249630_3106249631_J60_J61_#5more': -402328.5}, {'J10': 13, 'J11': 32, 'J12': 21, 'J13': 28, 'cluster3106249630_3106249631_J60_J61_#5more': 36}, {'J10': 18, 'J11': 54, 'J12': 79, 'J13': 38, 'cluster3106249630_3106249631_J60_J61_#5more': 104}, 
3565.0, {'J10': -88361.0, 'J11': -320141.0, 'J12': -158727.5, 'J13': -62492.0, 'cluster3106249630_3106249631_J60_J61_#5more': -403368.5}, {'J10': 13, 'J11': 32, 'J12': 21, 'J13': 28, 'cluster3106249630_3106249631_J60_J61_#5more': 36}, {'J10': 18, 'J11': 54, 'J12': 75, 'J13': 38, 'cluster3106249630_3106249631_J60_J61_#5more': 104}, 
3570.0, {'J10': -88541.0, 'J11': -320681.0, 'J12': -158731.0, 'J13': -62872.0, 'cluster3106249630_3106249631_J60_J61_#5more': -404408.5}, {'J10': 13, 'J11': 32, 'J12': 21, 'J13': 28, 'cluster3106249630_3106249631_J60_J61_#5more': 36}, {'J10': 18, 'J11': 54, 'J12': 74, 'J13': 38, 'cluster3106249630_3106249631_J60_J61_#5more': 104}, 
3575.0, {'J10': -88721.0, 'J11': -321221.0, 'J12': -159472.5, 'J13': -63252.0, 'cluster3106249630_3106249631_J60_J61_#5more': -405448.5}, {'J10': 13, 'J11': 32, 'J12': 21, 'J13': 28, 'cluster3106249630_3106249631_J60_J61_#5more': 36}, {'J10': 18, 'J11': 54, 'J12': 76, 'J13': 38, 'cluster3106249630_3106249631_J60_J61_#5more': 104}, 
3580.0, {'J10': -88901.0, 'J11': -321762.5, 'J12': -160218.5, 'J13': -63632.0, 'cluster3106249630_3106249631_J60_J61_#5more': -406488.5}, {'J10': 13, 'J11': 32, 'J12': 21, 'J13': 28, 'cluster3106249630_3106249631_J60_J61_#5more': 36}, {'J10': 18, 'J11': 55, 'J12': 77, 'J13': 38, 'cluster3106249630_3106249631_J60_J61_#5more': 104}, 
3585.0, {'J10': -89081.0, 'J11': -322301.0, 'J12': -159926.0, 'J13': -63641.0, 'cluster3106249630_3106249631_J60_J61_#5more': -407437.0}, {'J10': 13, 'J11': 32, 'J12': 21, 'J13': 28, 'cluster3106249630_3106249631_J60_J61_#5more': 36}, {'J10': 18, 'J11': 54, 'J12': 76, 'J13': 38, 'cluster3106249630_3106249631_J60_J61_#5more': 103}, 
3590.0, {'J10': -89261.0, 'J11': -322841.0, 'J12': -160686.0, 'J13': -64010.5, 'cluster3106249630_3106249631_J60_J61_#5more': -408366.5}, {'J10': 13, 'J11': 32, 'J12': 21, 'J13': 28, 'cluster3106249630_3106249631_J60_J61_#5more': 36}, {'J10': 18, 'J11': 54, 'J12': 76, 'J13': 37, 'cluster3106249630_3106249631_J60_J61_#5more': 102}, 
3595.0, {'J10': -89441.0, 'J11': -323382.0, 'J12': -161446.0, 'J13': -64382.5, 'cluster3106249630_3106249631_J60_J61_#5more': -409284.5}, {'J10': 13, 'J11': 32, 'J12': 21, 'J13': 28, 'cluster3106249630_3106249631_J60_J61_#5more': 36}, {'J10': 18, 'J11': 55, 'J12': 76, 'J13': 38, 'cluster3106249630_3106249631_J60_J61_#5more': 101}, 
3600.0, {'J10': -89621.0, 'J11': -323932.0, 'J12': -162207.0, 'J13': -64762.5, 'cluster3106249630_3106249631_J60_J61_#5more': -408343.0}, {'J10': 13, 'J11': 32, 'J12': 21, 'J13': 28, 'cluster3106249630_3106249631_J60_J61_#5more': 36}, {'J10': 18, 'J11': 55, 'J12': 77, 'J13': 38, 'cluster3106249630_3106249631_J60_J61_#5more': 97}, 
3605.0, {'J10': -89801.0, 'J11': -324461.0, 'J12': -162985.5, 'J13': -65142.5, 'cluster3106249630_3106249631_J60_J61_#5more': -408440.0}, {'J10': 13, 'J11': 32, 'J12': 21, 'J13': 28, 'cluster3106249630_3106249631_J60_J61_#5more': 36}, {'J10': 18, 'J11': 54, 'J12': 79, 'J13': 38, 'cluster3106249630_3106249631_J60_J61_#5more': 95}, 
3610.0, {'J10': -89981.0, 'J11': -325001.0, 'J12': -163775.5, 'J13': -65522.5, 'cluster3106249630_3106249631_J60_J61_#5more': -409391.5}, {'J10': 13, 'J11': 32, 'J12': 21, 'J13': 28, 'cluster3106249630_3106249631_J60_J61_#5more': 36}, {'J10': 18, 'J11': 54, 'J12': 79, 'J13': 38, 'cluster3106249630_3106249631_J60_J61_#5more': 96}, 
3615.0, {'J10': -90162.5, 'J11': -325541.0, 'J12': -164565.5, 'J13': -65902.5, 'cluster3106249630_3106249631_J60_J61_#5more': -410356.5}, {'J10': 13, 'J11': 32, 'J12': 21, 'J13': 28, 'cluster3106249630_3106249631_J60_J61_#5more': 36}, {'J10': 19, 'J11': 54, 'J12': 79, 'J13': 38, 'cluster3106249630_3106249631_J60_J61_#5more': 101}, 
3620.0, {'J10': -90341.0, 'J11': -326081.0, 'J12': -165355.5, 'J13': -66282.5, 'cluster3106249630_3106249631_J60_J61_#5more': -411374.5}, {'J10': 13, 'J11': 32, 'J12': 21, 'J13': 28, 'cluster3106249630_3106249631_J60_J61_#5more': 36}, {'J10': 18, 'J11': 54, 'J12': 79, 'J13': 38, 'cluster3106249630_3106249631_J60_J61_#5more': 103}, 
3625.0, {'J10': -90521.0, 'J11': -326621.0, 'J12': -166145.5, 'J13': -66662.5, 'cluster3106249630_3106249631_J60_J61_#5more': -412411.0}, {'J10': 13, 'J11': 32, 'J12': 21, 'J13': 28, 'cluster3106249630_3106249631_J60_J61_#5more': 36}, {'J10': 18, 'J11': 54, 'J12': 79, 'J13': 38, 'cluster3106249630_3106249631_J60_J61_#5more': 105}, 
3630.0, {'J10': -90701.0, 'J11': -327161.0, 'J12': -166146.5, 'J13': -67042.5, 'cluster3106249630_3106249631_J60_J61_#5more': -413446.0}, {'J10': 13, 'J11': 32, 'J12': 21, 'J13': 28, 'cluster3106249630_3106249631_J60_J61_#5more': 36}, {'J10': 18, 'J11': 54, 'J12': 76, 'J13': 38, 'cluster3106249630_3106249631_J60_J61_#5more': 104}, 
3635.0, {'J10': -90881.0, 'J11': -327701.0, 'J12': -166159.0, 'J13': -67422.5, 'cluster3106249630_3106249631_J60_J61_#5more': -414442.5}, {'J10': 13, 'J11': 32, 'J12': 21, 'J13': 28, 'cluster3106249630_3106249631_J60_J61_#5more': 36}, {'J10': 18, 'J11': 54, 'J12': 74, 'J13': 38, 'cluster3106249630_3106249631_J60_J61_#5more': 103}, 
3640.0, {'J10': -91061.0, 'J11': -328241.0, 'J12': -166908.0, 'J13': -67802.5, 'cluster3106249630_3106249631_J60_J61_#5more': -415418.5}, {'J10': 13, 'J11': 32, 'J12': 21, 'J13': 28, 'cluster3106249630_3106249631_J60_J61_#5more': 36}, {'J10': 18, 'J11': 54, 'J12': 77, 'J13': 38, 'cluster3106249630_3106249631_J60_J61_#5more': 102}, 
3645.0, {'J10': -91241.0, 'J11': -328781.0, 'J12': -167691.5, 'J13': -68182.5, 'cluster3106249630_3106249631_J60_J61_#5more': -416397.0}, {'J10': 13, 'J11': 32, 'J12': 21, 'J13': 28, 'cluster3106249630_3106249631_J60_J61_#5more': 36}, {'J10': 18, 'J11': 54, 'J12': 80, 'J13': 38, 'cluster3106249630_3106249631_J60_J61_#5more': 101}, 
3650.0, {'J10': -91421.0, 'J11': -329321.0, 'J12': -167971.0, 'J13': -63377.5, 'cluster3106249630_3106249631_J60_J61_#5more': -417407.0}, {'J10': 13, 'J11': 32, 'J12': 21, 'J13': 25, 'cluster3106249630_3106249631_J60_J61_#5more': 36}, {'J10': 18, 'J11': 54, 'J12': 79, 'J13': 34, 'cluster3106249630_3106249631_J60_J61_#5more': 101}, 
3655.0, {'J10': -91601.0, 'J11': -329861.0, 'J12': -167717.5, 'J13': -62056.5, 'cluster3106249630_3106249631_J60_J61_#5more': -418417.0}, {'J10': 13, 'J11': 32, 'J12': 21, 'J13': 24, 'cluster3106249630_3106249631_J60_J61_#5more': 36}, {'J10': 18, 'J11': 54, 'J12': 77, 'J13': 33, 'cluster3106249630_3106249631_J60_J61_#5more': 101}, 
3660.0, {'J10': -91781.0, 'J11': -330401.0, 'J12': -168487.5, 'J13': -62389.0, 'cluster3106249630_3106249631_J60_J61_#5more': -419427.0}, {'J10': 13, 'J11': 32, 'J12': 21, 'J13': 24, 'cluster3106249630_3106249631_J60_J61_#5more': 36}, {'J10': 18, 'J11': 54, 'J12': 77, 'J13': 34, 'cluster3106249630_3106249631_J60_J61_#5more': 101}, 
3665.0, {'J10': -91961.0, 'J11': -330941.0, 'J12': -169257.5, 'J13': -62729.0, 'cluster3106249630_3106249631_J60_J61_#5more': -418474.5}, {'J10': 13, 'J11': 32, 'J12': 21, 'J13': 24, 'cluster3106249630_3106249631_J60_J61_#5more': 36}, {'J10': 18, 'J11': 54, 'J12': 77, 'J13': 34, 'cluster3106249630_3106249631_J60_J61_#5more': 97}, 
3670.0, {'J10': -92141.0, 'J11': -331481.0, 'J12': -170029.5, 'J13': -63070.0, 'cluster3106249630_3106249631_J60_J61_#5more': -418577.5}, {'J10': 13, 'J11': 32, 'J12': 21, 'J13': 25, 'cluster3106249630_3106249631_J60_J61_#5more': 36}, {'J10': 18, 'J11': 54, 'J12': 78, 'J13': 35, 'cluster3106249630_3106249631_J60_J61_#5more': 95}, 
3675.0, {'J10': -92321.0, 'J11': -332021.0, 'J12': -170809.5, 'J13': -63431.5, 'cluster3106249630_3106249631_J60_J61_#5more': -419527.5}, {'J10': 13, 'J11': 32, 'J12': 21, 'J13': 28, 'cluster3106249630_3106249631_J60_J61_#5more': 36}, {'J10': 18, 'J11': 54, 'J12': 78, 'J13': 38, 'cluster3106249630_3106249631_J60_J61_#5more': 95}, 
3680.0, {'J10': -92501.0, 'J11': -332561.0, 'J12': -171589.5, 'J13': -63811.5, 'cluster3106249630_3106249631_J60_J61_#5more': -420487.5}, {'J10': 13, 'J11': 32, 'J12': 21, 'J13': 28, 'cluster3106249630_3106249631_J60_J61_#5more': 36}, {'J10': 18, 'J11': 54, 'J12': 78, 'J13': 38, 'cluster3106249630_3106249631_J60_J61_#5more': 99}, 
3685.0, {'J10': -92681.0, 'J11': -333101.0, 'J12': -172369.5, 'J13': -64191.5, 'cluster3106249630_3106249631_J60_J61_#5more': -421482.0}, {'J10': 13, 'J11': 32, 'J12': 21, 'J13': 28, 'cluster3106249630_3106249631_J60_J61_#5more': 36}, {'J10': 18, 'J11': 54, 'J12': 78, 'J13': 38, 'cluster3106249630_3106249631_J60_J61_#5more': 100}, 
3690.0, {'J10': -92861.0, 'J11': -333641.0, 'J12': -173149.5, 'J13': -64571.5, 'cluster3106249630_3106249631_J60_J61_#5more': -422483.0}, {'J10': 13, 'J11': 32, 'J12': 21, 'J13': 28, 'cluster3106249630_3106249631_J60_J61_#5more': 36}, {'J10': 18, 'J11': 54, 'J12': 78, 'J13': 38, 'cluster3106249630_3106249631_J60_J61_#5more': 101}, 
3695.0, {'J10': -93041.0, 'J11': -334181.0, 'J12': -169783.0, 'J13': -64951.5, 'cluster3106249630_3106249631_J60_J61_#5more': -423493.0}, {'J10': 13, 'J11': 32, 'J12': 21, 'J13': 28, 'cluster3106249630_3106249631_J60_J61_#5more': 36}, {'J10': 18, 'J11': 54, 'J12': 72, 'J13': 38, 'cluster3106249630_3106249631_J60_J61_#5more': 101}, 
3700.0, {'J10': -93221.0, 'J11': -334721.0, 'J12': -170503.0, 'J13': -65331.5, 'cluster3106249630_3106249631_J60_J61_#5more': -424503.0}, {'J10': 13, 'J11': 32, 'J12': 21, 'J13': 28, 'cluster3106249630_3106249631_J60_J61_#5more': 36}, {'J10': 18, 'J11': 54, 'J12': 72, 'J13': 38, 'cluster3106249630_3106249631_J60_J61_#5more': 101}, 
3705.0, {'J10': -93401.0, 'J11': -335261.0, 'J12': -171223.5, 'J13': -65711.5, 'cluster3106249630_3106249631_J60_J61_#5more': -425513.0}, {'J10': 13, 'J11': 32, 'J12': 21, 'J13': 28, 'cluster3106249630_3106249631_J60_J61_#5more': 36}, {'J10': 18, 'J11': 54, 'J12': 73, 'J13': 38, 'cluster3106249630_3106249631_J60_J61_#5more': 101}, 
3710.0, {'J10': -93581.0, 'J11': -335801.0, 'J12': -171966.5, 'J13': -66091.5, 'cluster3106249630_3106249631_J60_J61_#5more': -426523.0}, {'J10': 13, 'J11': 32, 'J12': 21, 'J13': 28, 'cluster3106249630_3106249631_J60_J61_#5more': 36}, {'J10': 18, 'J11': 54, 'J12': 76, 'J13': 38, 'cluster3106249630_3106249631_J60_J61_#5more': 101}, 
3715.0, {'J10': -93761.0, 'J11': -336341.0, 'J12': -171595.0, 'J13': -59907.0, 'cluster3106249630_3106249631_J60_J61_#5more': -427533.0}, {'J10': 13, 'J11': 32, 'J12': 21, 'J13': 24, 'cluster3106249630_3106249631_J60_J61_#5more': 36}, {'J10': 18, 'J11': 54, 'J12': 75, 'J13': 33, 'cluster3106249630_3106249631_J60_J61_#5more': 101}, 
3720.0, {'J10': -93941.0, 'J11': -336881.0, 'J12': -172345.0, 'J13': -59985.0, 'cluster3106249630_3106249631_J60_J61_#5more': -428543.0}, {'J10': 13, 'J11': 32, 'J12': 21, 'J13': 24, 'cluster3106249630_3106249631_J60_J61_#5more': 36}, {'J10': 18, 'J11': 54, 'J12': 75, 'J13': 32, 'cluster3106249630_3106249631_J60_J61_#5more': 101}, 
3725.0, {'J10': -94121.0, 'J11': -337421.0, 'J12': -173095.0, 'J13': -60311.0, 'cluster3106249630_3106249631_J60_J61_#5more': -429553.0}, {'J10': 13, 'J11': 32, 'J12': 21, 'J13': 24, 'cluster3106249630_3106249631_J60_J61_#5more': 36}, {'J10': 18, 'J11': 54, 'J12': 75, 'J13': 34, 'cluster3106249630_3106249631_J60_J61_#5more': 101}, 
3730.0, {'J10': -94301.0, 'J11': -337961.0, 'J12': -173845.0, 'J13': -60651.0, 'cluster3106249630_3106249631_J60_J61_#5more': -428269.0}, {'J10': 13, 'J11': 32, 'J12': 21, 'J13': 24, 'cluster3106249630_3106249631_J60_J61_#5more': 36}, {'J10': 18, 'J11': 54, 'J12': 75, 'J13': 34, 'cluster3106249630_3106249631_J60_J61_#5more': 96}, 
3735.0, {'J10': -94481.0, 'J11': -338501.0, 'J12': -174598.0, 'J13': -60991.0, 'cluster3106249630_3106249631_J60_J61_#5more': -428728.0}, {'J10': 13, 'J11': 32, 'J12': 21, 'J13': 24, 'cluster3106249630_3106249631_J60_J61_#5more': 36}, {'J10': 18, 'J11': 54, 'J12': 77, 'J13': 34, 'cluster3106249630_3106249631_J60_J61_#5more': 95}, 
3740.0, {'J10': -94661.0, 'J11': -339041.0, 'J12': -175368.0, 'J13': -61340.0, 'cluster3106249630_3106249631_J60_J61_#5more': -429678.0}, {'J10': 13, 'J11': 32, 'J12': 21, 'J13': 26, 'cluster3106249630_3106249631_J60_J61_#5more': 36}, {'J10': 18, 'J11': 54, 'J12': 77, 'J13': 36, 'cluster3106249630_3106249631_J60_J61_#5more': 95}, 
3745.0, {'J10': -94841.0, 'J11': -339581.0, 'J12': -176138.0, 'J13': -61707.5, 'cluster3106249630_3106249631_J60_J61_#5more': -430635.5}, {'J10': 13, 'J11': 32, 'J12': 21, 'J13': 28, 'cluster3106249630_3106249631_J60_J61_#5more': 36}, {'J10': 18, 'J11': 54, 'J12': 77, 'J13': 38, 'cluster3106249630_3106249631_J60_J61_#5more': 98}, 
3750.0, {'J10': -95021.0, 'J11': -340121.0, 'J12': -176908.0, 'J13': -62087.5, 'cluster3106249630_3106249631_J60_J61_#5more': -431622.0}, {'J10': 13, 'J11': 32, 'J12': 21, 'J13': 28, 'cluster3106249630_3106249631_J60_J61_#5more': 36}, {'J10': 18, 'J11': 54, 'J12': 77, 'J13': 38, 'cluster3106249630_3106249631_J60_J61_#5more': 100}, 
3755.0, {'J10': -95201.0, 'J11': -340661.0, 'J12': -177678.0, 'J13': -62467.5, 'cluster3106249630_3106249631_J60_J61_#5more': -432626.0}, {'J10': 13, 'J11': 32, 'J12': 21, 'J13': 28, 'cluster3106249630_3106249631_J60_J61_#5more': 36}, {'J10': 18, 'J11': 54, 'J12': 77, 'J13': 38, 'cluster3106249630_3106249631_J60_J61_#5more': 101}, 
3760.0, {'J10': -95381.0, 'J11': -341201.0, 'J12': -176978.5, 'J13': -62847.5, 'cluster3106249630_3106249631_J60_J61_#5more': -433636.0}, {'J10': 13, 'J11': 32, 'J12': 21, 'J13': 28, 'cluster3106249630_3106249631_J60_J61_#5more': 36}, {'J10': 18, 'J11': 54, 'J12': 73, 'J13': 38, 'cluster3106249630_3106249631_J60_J61_#5more': 101}, 
3765.0, {'J10': -95561.0, 'J11': -341741.0, 'J12': -177709.5, 'J13': -63227.5, 'cluster3106249630_3106249631_J60_J61_#5more': -434646.0}, {'J10': 13, 'J11': 32, 'J12': 21, 'J13': 28, 'cluster3106249630_3106249631_J60_J61_#5more': 36}, {'J10': 18, 'J11': 54, 'J12': 74, 'J13': 38, 'cluster3106249630_3106249631_J60_J61_#5more': 101}, 
3770.0, {'J10': -95741.0, 'J11': -342281.0, 'J12': -178451.5, 'J13': -63607.5, 'cluster3106249630_3106249631_J60_J61_#5more': -435656.0}, {'J10': 13, 'J11': 32, 'J12': 21, 'J13': 28, 'cluster3106249630_3106249631_J60_J61_#5more': 36}, {'J10': 18, 'J11': 54, 'J12': 77, 'J13': 38, 'cluster3106249630_3106249631_J60_J61_#5more': 101}, 
3775.0, {'J10': -95921.0, 'J11': -342821.0, 'J12': -179229.5, 'J13': -63987.5, 'cluster3106249630_3106249631_J60_J61_#5more': -436666.0}, {'J10': 13, 'J11': 32, 'J12': 21, 'J13': 28, 'cluster3106249630_3106249631_J60_J61_#5more': 36}, {'J10': 18, 'J11': 54, 'J12': 79, 'J13': 38, 'cluster3106249630_3106249631_J60_J61_#5more': 101}, 
3780.0, {'J10': -96101.0, 'J11': -343361.0, 'J12': -178717.0, 'J13': -59818.5, 'cluster3106249630_3106249631_J60_J61_#5more': -437676.0}, {'J10': 13, 'J11': 32, 'J12': 21, 'J13': 25, 'cluster3106249630_3106249631_J60_J61_#5more': 36}, {'J10': 18, 'J11': 54, 'J12': 78, 'J13': 35, 'cluster3106249630_3106249631_J60_J61_#5more': 101}, 
3785.0, {'J10': -96281.0, 'J11': -343901.0, 'J12': -178675.5, 'J13': -58391.0, 'cluster3106249630_3106249631_J60_J61_#5more': -438686.0}, {'J10': 13, 'J11': 32, 'J12': 21, 'J13': 24, 'cluster3106249630_3106249631_J60_J61_#5more': 36}, {'J10': 18, 'J11': 54, 'J12': 77, 'J13': 33, 'cluster3106249630_3106249631_J60_J61_#5more': 101}, 
3790.0, {'J10': -96461.0, 'J11': -344441.0, 'J12': -179445.5, 'J13': -58722.5, 'cluster3106249630_3106249631_J60_J61_#5more': -439696.0}, {'J10': 13, 'J11': 32, 'J12': 21, 'J13': 24, 'cluster3106249630_3106249631_J60_J61_#5more': 36}, {'J10': 18, 'J11': 54, 'J12': 77, 'J13': 34, 'cluster3106249630_3106249631_J60_J61_#5more': 101}, 
3795.0, {'J10': -96641.0, 'J11': -344981.0, 'J12': -180215.5, 'J13': -59062.5, 'cluster3106249630_3106249631_J60_J61_#5more': -438389.5}, {'J10': 13, 'J11': 32, 'J12': 21, 'J13': 24, 'cluster3106249630_3106249631_J60_J61_#5more': 36}, {'J10': 18, 'J11': 54, 'J12': 77, 'J13': 34, 'cluster3106249630_3106249631_J60_J61_#5more': 96}, 
3800.0, {'J10': -96821.0, 'J11': -345521.0, 'J12': -180989.5, 'J13': -59402.5, 'cluster3106249630_3106249631_J60_J61_#5more': -438848.5}, {'J10': 13, 'J11': 32, 'J12': 21, 'J13': 24, 'cluster3106249630_3106249631_J60_J61_#5more': 36}, {'J10': 18, 'J11': 54, 'J12': 78, 'J13': 34, 'cluster3106249630_3106249631_J60_J61_#5more': 95}, 
3805.0, {'J10': -97001.0, 'J11': -346061.0, 'J12': -181769.5, 'J13': -59751.5, 'cluster3106249630_3106249631_J60_J61_#5more': -439804.5}, {'J10': 13, 'J11': 32, 'J12': 21, 'J13': 27, 'cluster3106249630_3106249631_J60_J61_#5more': 36}, {'J10': 18, 'J11': 54, 'J12': 78, 'J13': 37, 'cluster3106249630_3106249631_J60_J61_#5more': 98}, 
3810.0, {'J10': -97181.0, 'J11': -346601.0, 'J12': -182549.5, 'J13': -60125.0, 'cluster3106249630_3106249631_J60_J61_#5more': -440769.5}, {'J10': 13, 'J11': 32, 'J12': 21, 'J13': 28, 'cluster3106249630_3106249631_J60_J61_#5more': 36}, {'J10': 18, 'J11': 54, 'J12': 78, 'J13': 38, 'cluster3106249630_3106249631_J60_J61_#5more': 100}, 
3815.0, {'J10': -97361.0, 'J11': -347141.0, 'J12': -183329.5, 'J13': -60505.0, 'cluster3106249630_3106249631_J60_J61_#5more': -441757.0}, {'J10': 13, 'J11': 32, 'J12': 21, 'J13': 28, 'cluster3106249630_3106249631_J60_J61_#5more': 36}, {'J10': 18, 'J11': 54, 'J12': 78, 'J13': 38, 'cluster3106249630_3106249631_J60_J61_#5more': 101}, 
3820.0, {'J10': -97541.0, 'J11': -347681.0, 'J12': -184109.5, 'J13': -60885.0, 'cluster3106249630_3106249631_J60_J61_#5more': -442767.0}, {'J10': 13, 'J11': 32, 'J12': 21, 'J13': 28, 'cluster3106249630_3106249631_J60_J61_#5more': 36}, {'J10': 18, 'J11': 54, 'J12': 78, 'J13': 38, 'cluster3106249630_3106249631_J60_J61_#5more': 101}, 
3825.0, {'J10': -97721.0, 'J11': -348221.0, 'J12': -183668.5, 'J13': -61265.0, 'cluster3106249630_3106249631_J60_J61_#5more': -443777.0}, {'J10': 13, 'J11': 32, 'J12': 21, 'J13': 28, 'cluster3106249630_3106249631_J60_J61_#5more': 36}, {'J10': 18, 'J11': 54, 'J12': 74, 'J13': 38, 'cluster3106249630_3106249631_J60_J61_#5more': 101}, 
3830.0, {'J10': -97901.0, 'J11': -348761.0, 'J12': -184034.5, 'J13': -61645.0, 'cluster3106249630_3106249631_J60_J61_#5more': -444787.0}, {'J10': 13, 'J11': 32, 'J12': 21, 'J13': 28, 'cluster3106249630_3106249631_J60_J61_#5more': 36}, {'J10': 18, 'J11': 54, 'J12': 73, 'J13': 38, 'cluster3106249630_3106249631_J60_J61_#5more': 101}, 
3835.0, {'J10': -98081.0, 'J11': -349301.0, 'J12': -184768.0, 'J13': -62025.0, 'cluster3106249630_3106249631_J60_J61_#5more': -445797.0}, {'J10': 13, 'J11': 32, 'J12': 21, 'J13': 28, 'cluster3106249630_3106249631_J60_J61_#5more': 36}, {'J10': 18, 'J11': 54, 'J12': 76, 'J13': 38, 'cluster3106249630_3106249631_J60_J61_#5more': 101}, 
3840.0, {'J10': -98261.0, 'J11': -349841.0, 'J12': -185536.0, 'J13': -62405.0, 'cluster3106249630_3106249631_J60_J61_#5more': -446807.0}, {'J10': 13, 'J11': 32, 'J12': 21, 'J13': 28, 'cluster3106249630_3106249631_J60_J61_#5more': 36}, {'J10': 18, 'J11': 54, 'J12': 78, 'J13': 38, 'cluster3106249630_3106249631_J60_J61_#5more': 101}, 
3845.0, {'J10': -98441.0, 'J11': -350381.0, 'J12': -185423.0, 'J13': -58258.0, 'cluster3106249630_3106249631_J60_J61_#5more': -447817.0}, {'J10': 13, 'J11': 32, 'J12': 21, 'J13': 25, 'cluster3106249630_3106249631_J60_J61_#5more': 36}, {'J10': 18, 'J11': 54, 'J12': 78, 'J13': 34, 'cluster3106249630_3106249631_J60_J61_#5more': 101}, 
3850.0, {'J10': -98621.0, 'J11': -350921.0, 'J12': -182648.5, 'J13': -57075.0, 'cluster3106249630_3106249631_J60_J61_#5more': -448827.0}, {'J10': 13, 'J11': 32, 'J12': 21, 'J13': 24, 'cluster3106249630_3106249631_J60_J61_#5more': 36}, {'J10': 18, 'J11': 54, 'J12': 74, 'J13': 32, 'cluster3106249630_3106249631_J60_J61_#5more': 101}, 
3855.0, {'J10': -98801.0, 'J11': -351461.0, 'J12': -183388.5, 'J13': -57401.0, 'cluster3106249630_3106249631_J60_J61_#5more': -449837.0}, {'J10': 13, 'J11': 32, 'J12': 21, 'J13': 24, 'cluster3106249630_3106249631_J60_J61_#5more': 36}, {'J10': 18, 'J11': 54, 'J12': 74, 'J13': 34, 'cluster3106249630_3106249631_J60_J61_#5more': 101}, 
3860.0, {'J10': -98981.0, 'J11': -352001.0, 'J12': -184128.5, 'J13': -57741.0, 'cluster3106249630_3106249631_J60_J61_#5more': -449377.0}, {'J10': 13, 'J11': 32, 'J12': 21, 'J13': 24, 'cluster3106249630_3106249631_J60_J61_#5more': 36}, {'J10': 18, 'J11': 54, 'J12': 74, 'J13': 34, 'cluster3106249630_3106249631_J60_J61_#5more': 98}, 
3865.0, {'J10': -99161.0, 'J11': -352541.0, 'J12': -182653.5, 'J13': -58081.0, 'cluster3106249630_3106249631_J60_J61_#5more': -450357.0}, {'J10': 13, 'J11': 32, 'J12': 21, 'J13': 24, 'cluster3106249630_3106249631_J60_J61_#5more': 36}, {'J10': 18, 'J11': 54, 'J12': 71, 'J13': 34, 'cluster3106249630_3106249631_J60_J61_#5more': 98}, 
3870.0, {'J10': -99341.0, 'J11': -353081.0, 'J12': -182202.0, 'J13': -58436.5, 'cluster3106249630_3106249631_J60_J61_#5more': -447254.5}, {'J10': 13, 'J11': 32, 'J12': 21, 'J13': 28, 'cluster3106249630_3106249631_J60_J61_#5more': 36}, {'J10': 18, 'J11': 54, 'J12': 69, 'J13': 38, 'cluster3106249630_3106249631_J60_J61_#5more': 98}, 
3875.0, {'J10': -99521.0, 'J11': -353621.0, 'J12': -181657.0, 'J13': -58816.5, 'cluster3106249630_3106249631_J60_J61_#5more': -442510.0}, {'J10': 13, 'J11': 32, 'J12': 21, 'J13': 28, 'cluster3106249630_3106249631_J60_J61_#5more': 36}, {'J10': 18, 'J11': 54, 'J12': 69, 'J13': 38, 'cluster3106249630_3106249631_J60_J61_#5more': 100}, 
3880.0, {'J10': -99701.0, 'J11': -354161.0, 'J12': -181112.0, 'J13': -59196.5, 'cluster3106249630_3106249631_J60_J61_#5more': -443489.5}, {'J10': 13, 'J11': 32, 'J12': 21, 'J13': 28, 'cluster3106249630_3106249631_J60_J61_#5more': 36}, {'J10': 18, 'J11': 54, 'J12': 67, 'J13': 38, 'cluster3106249630_3106249631_J60_J61_#5more': 99}, 
3885.0, {'J10': -99881.0, 'J11': -354701.0, 'J12': -181782.0, 'J13': -59576.5, 'cluster3106249630_3106249631_J60_J61_#5more': -444479.5}, {'J10': 13, 'J11': 32, 'J12': 21, 'J13': 28, 'cluster3106249630_3106249631_J60_J61_#5more': 36}, {'J10': 18, 'J11': 54, 'J12': 67, 'J13': 38, 'cluster3106249630_3106249631_J60_J61_#5more': 99}, 
3890.0, {'J10': -100061.0, 'J11': -355241.0, 'J12': -182452.0, 'J13': -59956.5, 'cluster3106249630_3106249631_J60_J61_#5more': -445469.5}, {'J10': 13, 'J11': 32, 'J12': 21, 'J13': 28, 'cluster3106249630_3106249631_J60_J61_#5more': 36}, {'J10': 18, 'J11': 54, 'J12': 67, 'J13': 38, 'cluster3106249630_3106249631_J60_J61_#5more': 99}, 
3895.0, {'J10': -100241.0, 'J11': -355781.0, 'J12': -182105.0, 'J13': -60336.5, 'cluster3106249630_3106249631_J60_J61_#5more': -446460.5}, {'J10': 13, 'J11': 32, 'J12': 21, 'J13': 28, 'cluster3106249630_3106249631_J60_J61_#5more': 36}, {'J10': 18, 'J11': 54, 'J12': 69, 'J13': 38, 'cluster3106249630_3106249631_J60_J61_#5more': 100}, 
3900.0, {'J10': -100421.0, 'J11': -356325.5, 'J12': -182800.5, 'J13': -60716.5, 'cluster3106249630_3106249631_J60_J61_#5more': -447465.5}, {'J10': 13, 'J11': 32, 'J12': 21, 'J13': 28, 'cluster3106249630_3106249631_J60_J61_#5more': 36}, {'J10': 18, 'J11': 56, 'J12': 71, 'J13': 38, 'cluster3106249630_3106249631_J60_J61_#5more': 101}, 
3905.0, {'J10': -100601.0, 'J11': -356872.0, 'J12': -183515.0, 'J13': -61096.5, 'cluster3106249630_3106249631_J60_J61_#5more': -448475.5}, {'J10': 13, 'J11': 32, 'J12': 21, 'J13': 28, 'cluster3106249630_3106249631_J60_J61_#5more': 36}, {'J10': 18, 'J11': 55, 'J12': 73, 'J13': 38, 'cluster3106249630_3106249631_J60_J61_#5more': 101}, 
3910.0, {'J10': -100781.0, 'J11': -357401.0, 'J12': -184252.0, 'J13': -58597.0, 'cluster3106249630_3106249631_J60_J61_#5more': -449485.5}, {'J10': 13, 'J11': 32, 'J12': 21, 'J13': 26, 'cluster3106249630_3106249631_J60_J61_#5more': 36}, {'J10': 18, 'J11': 54, 'J12': 75, 'J13': 35, 'cluster3106249630_3106249631_J60_J61_#5more': 101}, 
3915.0, {'J10': -100961.0, 'J11': -357941.0, 'J12': -185013.0, 'J13': -57560.5, 'cluster3106249630_3106249631_J60_J61_#5more': -450495.5}, {'J10': 13, 'J11': 32, 'J12': 21, 'J13': 25, 'cluster3106249630_3106249631_J60_J61_#5more': 36}, {'J10': 18, 'J11': 54, 'J12': 78, 'J13': 33, 'cluster3106249630_3106249631_J60_J61_#5more': 101}, 
3920.0, {'J10': -101141.0, 'J11': -358481.0, 'J12': -185802.5, 'J13': -57894.5, 'cluster3106249630_3106249631_J60_J61_#5more': -451505.5}, {'J10': 13, 'J11': 32, 'J12': 21, 'J13': 25, 'cluster3106249630_3106249631_J60_J61_#5more': 36}, {'J10': 18, 'J11': 54, 'J12': 81, 'J13': 34, 'cluster3106249630_3106249631_J60_J61_#5more': 101}, 
3925.0, {'J10': -101321.0, 'J11': -359021.0, 'J12': -181500.5, 'J13': -58234.5, 'cluster3106249630_3106249631_J60_J61_#5more': -449318.0}, {'J10': 13, 'J11': 32, 'J12': 21, 'J13': 25, 'cluster3106249630_3106249631_J60_J61_#5more': 36}, {'J10': 18, 'J11': 54, 'J12': 75, 'J13': 34, 'cluster3106249630_3106249631_J60_J61_#5more': 95}, 
3930.0, {'J10': -101501.0, 'J11': -359561.0, 'J12': -182250.5, 'J13': -58576.0, 'cluster3106249630_3106249631_J60_J61_#5more': -450268.0}, {'J10': 13, 'J11': 32, 'J12': 21, 'J13': 26, 'cluster3106249630_3106249631_J60_J61_#5more': 36}, {'J10': 18, 'J11': 54, 'J12': 75, 'J13': 35, 'cluster3106249630_3106249631_J60_J61_#5more': 95}, 
3935.0, {'J10': -101681.0, 'J11': -360101.0, 'J12': -183002.0, 'J13': -58934.0, 'cluster3106249630_3106249631_J60_J61_#5more': -451218.0}, {'J10': 13, 'J11': 32, 'J12': 21, 'J13': 28, 'cluster3106249630_3106249631_J60_J61_#5more': 36}, {'J10': 18, 'J11': 54, 'J12': 77, 'J13': 37, 'cluster3106249630_3106249631_J60_J61_#5more': 95}, 
3940.0, {'J10': -101861.0, 'J11': -360641.0, 'J12': -183780.0, 'J13': -59304.0, 'cluster3106249630_3106249631_J60_J61_#5more': -452182.5}, {'J10': 13, 'J11': 32, 'J12': 21, 'J13': 28, 'cluster3106249630_3106249631_J60_J61_#5more': 36}, {'J10': 18, 'J11': 54, 'J12': 79, 'J13': 37, 'cluster3106249630_3106249631_J60_J61_#5more': 102}, 
3945.0, {'J10': -102041.0, 'J11': -361181.0, 'J12': -184570.0, 'J13': -59674.0, 'cluster3106249630_3106249631_J60_J61_#5more': -453177.5}, {'J10': 13, 'J11': 32, 'J12': 21, 'J13': 28, 'cluster3106249630_3106249631_J60_J61_#5more': 36}, {'J10': 18, 'J11': 54, 'J12': 79, 'J13': 37, 'cluster3106249630_3106249631_J60_J61_#5more': 101}, 
3950.0, {'J10': -102221.0, 'J11': -361721.0, 'J12': -184259.5, 'J13': -60044.0, 'cluster3106249630_3106249631_J60_J61_#5more': -454169.5}, {'J10': 13, 'J11': 32, 'J12': 21, 'J13': 28, 'cluster3106249630_3106249631_J60_J61_#5more': 36}, {'J10': 18, 'J11': 54, 'J12': 78, 'J13': 37, 'cluster3106249630_3106249631_J60_J61_#5more': 101}, 
3955.0, {'J10': -102401.0, 'J11': -362261.0, 'J12': -185039.5, 'J13': -60414.0, 'cluster3106249630_3106249631_J60_J61_#5more': -455179.5}, {'J10': 13, 'J11': 32, 'J12': 21, 'J13': 28, 'cluster3106249630_3106249631_J60_J61_#5more': 36}, {'J10': 18, 'J11': 54, 'J12': 78, 'J13': 37, 'cluster3106249630_3106249631_J60_J61_#5more': 101}, 
3960.0, {'J10': -102581.0, 'J11': -362801.0, 'J12': -185819.5, 'J13': -60784.0, 'cluster3106249630_3106249631_J60_J61_#5more': -456189.5}, {'J10': 13, 'J11': 32, 'J12': 21, 'J13': 28, 'cluster3106249630_3106249631_J60_J61_#5more': 36}, {'J10': 18, 'J11': 54, 'J12': 78, 'J13': 37, 'cluster3106249630_3106249631_J60_J61_#5more': 101}, 
3965.0, {'J10': -102761.0, 'J11': -363341.0, 'J12': -185518.0, 'J13': -61154.0, 'cluster3106249630_3106249631_J60_J61_#5more': -457199.5}, {'J10': 13, 'J11': 32, 'J12': 21, 'J13': 28, 'cluster3106249630_3106249631_J60_J61_#5more': 36}, {'J10': 18, 'J11': 54, 'J12': 77, 'J13': 37, 'cluster3106249630_3106249631_J60_J61_#5more': 101}, 
3970.0, {'J10': -102941.0, 'J11': -363881.0, 'J12': -185676.5, 'J13': -61524.0, 'cluster3106249630_3106249631_J60_J61_#5more': -458209.5}, {'J10': 13, 'J11': 32, 'J12': 21, 'J13': 28, 'cluster3106249630_3106249631_J60_J61_#5more': 36}, {'J10': 18, 'J11': 54, 'J12': 75, 'J13': 37, 'cluster3106249630_3106249631_J60_J61_#5more': 101}, 
3975.0, {'J10': -103121.0, 'J11': -364421.0, 'J12': -186428.5, 'J13': -59136.5, 'cluster3106249630_3106249631_J60_J61_#5more': -454958.5}, {'J10': 13, 'J11': 32, 'J12': 21, 'J13': 26, 'cluster3106249630_3106249631_J60_J61_#5more': 36}, {'J10': 18, 'J11': 54, 'J12': 76, 'J13': 34, 'cluster3106249630_3106249631_J60_J61_#5more': 100}, 
3980.0, {'J10': -103301.0, 'J11': -364961.0, 'J12': -186899.5, 'J13': -56824.5, 'cluster3106249630_3106249631_J60_J61_#5more': -450015.5}, {'J10': 13, 'J11': 32, 'J12': 21, 'J13': 24, 'cluster3106249630_3106249631_J60_J61_#5more': 36}, {'J10': 18, 'J11': 54, 'J12': 76, 'J13': 31, 'cluster3106249630_3106249631_J60_J61_#5more': 99}, 
3985.0, {'J10': -103481.0, 'J11': -365501.0, 'J12': -187659.5, 'J13': -57134.5, 'cluster3106249630_3106249631_J60_J61_#5more': -451005.5}, {'J10': 13, 'J11': 32, 'J12': 21, 'J13': 24, 'cluster3106249630_3106249631_J60_J61_#5more': 36}, {'J10': 18, 'J11': 54, 'J12': 76, 'J13': 31, 'cluster3106249630_3106249631_J60_J61_#5more': 99}, 
3990.0, {'J10': -103661.0, 'J11': -366041.0, 'J12': -186673.5, 'J13': -57444.5, 'cluster3106249630_3106249631_J60_J61_#5more': -449798.5}, {'J10': 13, 'J11': 32, 'J12': 21, 'J13': 24, 'cluster3106249630_3106249631_J60_J61_#5more': 36}, {'J10': 18, 'J11': 54, 'J12': 74, 'J13': 31, 'cluster3106249630_3106249631_J60_J61_#5more': 95}, 
3995.0, {'J10': -103841.0, 'J11': -366581.0, 'J12': -187413.5, 'J13': -57754.5, 'cluster3106249630_3106249631_J60_J61_#5more': -449750.0}, {'J10': 13, 'J11': 32, 'J12': 21, 'J13': 24, 'cluster3106249630_3106249631_J60_J61_#5more': 36}, {'J10': 18, 'J11': 54, 'J12': 74, 'J13': 31, 'cluster3106249630_3106249631_J60_J61_#5more': 93}, 
4000.0, {'J10': -104021.0, 'J11': -367121.0, 'J12': -188159.0, 'J13': -58071.5, 'cluster3106249630_3106249631_J60_J61_#5more': -450684.5}, {'J10': 13, 'J11': 32, 'J12': 21, 'J13': 27, 'cluster3106249630_3106249631_J60_J61_#5more': 36}, {'J10': 18, 'J11': 54, 'J12': 77, 'J13': 34, 'cluster3106249630_3106249631_J60_J61_#5more': 96}, 
4005.0, {'J10': -104201.0, 'J11': -367661.0, 'J12': -188937.5, 'J13': -58415.5, 'cluster3106249630_3106249631_J60_J61_#5more': -451653.5}, {'J10': 13, 'J11': 32, 'J12': 21, 'J13': 28, 'cluster3106249630_3106249631_J60_J61_#5more': 36}, {'J10': 18, 'J11': 54, 'J12': 79, 'J13': 35, 'cluster3106249630_3106249631_J60_J61_#5more': 100}, 
4010.0, {'J10': -104381.0, 'J11': -368201.0, 'J12': -189455.0, 'J13': -58765.5, 'cluster3106249630_3106249631_J60_J61_#5more': -452641.0}, {'J10': 13, 'J11': 32, 'J12': 21, 'J13': 28, 'cluster3106249630_3106249631_J60_J61_#5more': 36}, {'J10': 18, 'J11': 54, 'J12': 78, 'J13': 35, 'cluster3106249630_3106249631_J60_J61_#5more': 101}, 
4015.0, {'J10': -104561.0, 'J11': -368741.0, 'J12': -190011.0, 'J13': -59115.5, 'cluster3106249630_3106249631_J60_J61_#5more': -453651.0}, {'J10': 13, 'J11': 32, 'J12': 21, 'J13': 28, 'cluster3106249630_3106249631_J60_J61_#5more': 36}, {'J10': 18, 'J11': 54, 'J12': 77, 'J13': 35, 'cluster3106249630_3106249631_J60_J61_#5more': 101}, 
4020.0, {'J10': -104741.0, 'J11': -369281.0, 'J12': -190781.0, 'J13': -59465.5, 'cluster3106249630_3106249631_J60_J61_#5more': -454661.0}, {'J10': 13, 'J11': 32, 'J12': 21, 'J13': 28, 'cluster3106249630_3106249631_J60_J61_#5more': 36}, {'J10': 18, 'J11': 54, 'J12': 77, 'J13': 35, 'cluster3106249630_3106249631_J60_J61_#5more': 101}, 
4025.0, {'J10': -104921.0, 'J11': -369821.0, 'J12': -191551.0, 'J13': -59815.5, 'cluster3106249630_3106249631_J60_J61_#5more': -455671.0}, {'J10': 13, 'J11': 32, 'J12': 21, 'J13': 28, 'cluster3106249630_3106249631_J60_J61_#5more': 36}, {'J10': 18, 'J11': 54, 'J12': 77, 'J13': 35, 'cluster3106249630_3106249631_J60_J61_#5more': 101}, 
4030.0, {'J10': -105101.0, 'J11': -370361.0, 'J12': -191535.0, 'J13': -60165.5, 'cluster3106249630_3106249631_J60_J61_#5more': -456681.0}, {'J10': 13, 'J11': 32, 'J12': 21, 'J13': 28, 'cluster3106249630_3106249631_J60_J61_#5more': 36}, {'J10': 18, 'J11': 54, 'J12': 76, 'J13': 35, 'cluster3106249630_3106249631_J60_J61_#5more': 101}, 
4035.0, {'J10': -105281.0, 'J11': -370901.0, 'J12': -192299.5, 'J13': -60515.5, 'cluster3106249630_3106249631_J60_J61_#5more': -457691.0}, {'J10': 13, 'J11': 32, 'J12': 21, 'J13': 28, 'cluster3106249630_3106249631_J60_J61_#5more': 36}, {'J10': 18, 'J11': 54, 'J12': 77, 'J13': 35, 'cluster3106249630_3106249631_J60_J61_#5more': 101}, 
4040.0, {'J10': -105461.0, 'J11': -371441.0, 'J12': -192581.5, 'J13': -58739.0, 'cluster3106249630_3106249631_J60_J61_#5more': -458701.0}, {'J10': 13, 'J11': 32, 'J12': 21, 'J13': 26, 'cluster3106249630_3106249631_J60_J61_#5more': 36}, {'J10': 18, 'J11': 54, 'J12': 75, 'J13': 33, 'cluster3106249630_3106249631_J60_J61_#5more': 101}, 
4045.0, {'J10': -105641.0, 'J11': -371981.0, 'J12': -193335.0, 'J13': -56930.0, 'cluster3106249630_3106249631_J60_J61_#5more': -459711.0}, {'J10': 13, 'J11': 32, 'J12': 21, 'J13': 24, 'cluster3106249630_3106249631_J60_J61_#5more': 36}, {'J10': 18, 'J11': 54, 'J12': 76, 'J13': 31, 'cluster3106249630_3106249631_J60_J61_#5more': 101}, 
4050.0, {'J10': -105821.0, 'J11': -372521.0, 'J12': -194096.0, 'J13': -57240.0, 'cluster3106249630_3106249631_J60_J61_#5more': -460721.0}, {'J10': 13, 'J11': 32, 'J12': 21, 'J13': 24, 'cluster3106249630_3106249631_J60_J61_#5more': 36}, {'J10': 18, 'J11': 54, 'J12': 77, 'J13': 31, 'cluster3106249630_3106249631_J60_J61_#5more': 101}, 
4055.0, {'J10': -106001.0, 'J11': -373061.0, 'J12': -193120.0, 'J13': -57550.0, 'cluster3106249630_3106249631_J60_J61_#5more': -461731.0}, {'J10': 13, 'J11': 32, 'J12': 21, 'J13': 24, 'cluster3106249630_3106249631_J60_J61_#5more': 36}, {'J10': 18, 'J11': 54, 'J12': 75, 'J13': 31, 'cluster3106249630_3106249631_J60_J61_#5more': 101}, 
4060.0, {'J10': -106181.0, 'J11': -373601.0, 'J12': -193874.5, 'J13': -57860.0, 'cluster3106249630_3106249631_J60_J61_#5more': -462741.0}, {'J10': 13, 'J11': 32, 'J12': 21, 'J13': 24, 'cluster3106249630_3106249631_J60_J61_#5more': 36}, {'J10': 18, 'J11': 54, 'J12': 76, 'J13': 31, 'cluster3106249630_3106249631_J60_J61_#5more': 101}, 
4065.0, {'J10': -106361.0, 'J11': -374141.0, 'J12': -194635.5, 'J13': -58178.5, 'cluster3106249630_3106249631_J60_J61_#5more': -463751.0}, {'J10': 13, 'J11': 32, 'J12': 21, 'J13': 27, 'cluster3106249630_3106249631_J60_J61_#5more': 36}, {'J10': 18, 'J11': 54, 'J12': 78, 'J13': 34, 'cluster3106249630_3106249631_J60_J61_#5more': 101}, 
4070.0, {'J10': -106541.0, 'J11': -374681.0, 'J12': -195424.0, 'J13': -58522.0, 'cluster3106249630_3106249631_J60_J61_#5more': -464761.0}, {'J10': 13, 'J11': 32, 'J12': 21, 'J13': 28, 'cluster3106249630_3106249631_J60_J61_#5more': 36}, {'J10': 18, 'J11': 54, 'J12': 80, 'J13': 35, 'cluster3106249630_3106249631_J60_J61_#5more': 101}, 
4075.0, {'J10': -106721.0, 'J11': -375221.0, 'J12': -195823.5, 'J13': -58872.0, 'cluster3106249630_3106249631_J60_J61_#5more': -465771.0}, {'J10': 13, 'J11': 32, 'J12': 21, 'J13': 28, 'cluster3106249630_3106249631_J60_J61_#5more': 36}, {'J10': 18, 'J11': 54, 'J12': 79, 'J13': 35, 'cluster3106249630_3106249631_J60_J61_#5more': 101}, 
4080.0, {'J10': -106901.0, 'J11': -375761.0, 'J12': -196281.5, 'J13': -59222.0, 'cluster3106249630_3106249631_J60_J61_#5more': -466781.0}, {'J10': 13, 'J11': 32, 'J12': 21, 'J13': 28, 'cluster3106249630_3106249631_J60_J61_#5more': 36}, {'J10': 18, 'J11': 54, 'J12': 78, 'J13': 35, 'cluster3106249630_3106249631_J60_J61_#5more': 101}, 
4085.0, {'J10': -107081.0, 'J11': -376301.0, 'J12': -197061.5, 'J13': -59572.0, 'cluster3106249630_3106249631_J60_J61_#5more': -467791.0}, {'J10': 13, 'J11': 32, 'J12': 21, 'J13': 28, 'cluster3106249630_3106249631_J60_J61_#5more': 36}, {'J10': 18, 'J11': 54, 'J12': 78, 'J13': 35, 'cluster3106249630_3106249631_J60_J61_#5more': 101}, 
4090.0, {'J10': -107261.0, 'J11': -376841.0, 'J12': -197841.5, 'J13': -59922.0, 'cluster3106249630_3106249631_J60_J61_#5more': -468801.0}, {'J10': 13, 'J11': 32, 'J12': 21, 'J13': 28, 'cluster3106249630_3106249631_J60_J61_#5more': 36}, {'J10': 18, 'J11': 54, 'J12': 78, 'J13': 35, 'cluster3106249630_3106249631_J60_J61_#5more': 101}, 
4095.0, {'J10': -107441.0, 'J11': -377381.0, 'J12': -198217.5, 'J13': -60272.0, 'cluster3106249630_3106249631_J60_J61_#5more': -469811.0}, {'J10': 13, 'J11': 32, 'J12': 21, 'J13': 28, 'cluster3106249630_3106249631_J60_J61_#5more': 36}, {'J10': 18, 'J11': 54, 'J12': 77, 'J13': 35, 'cluster3106249630_3106249631_J60_J61_#5more': 101}, 
4100.0, {'J10': -107621.0, 'J11': -377921.0, 'J12': -198987.5, 'J13': -60622.0, 'cluster3106249630_3106249631_J60_J61_#5more': -470821.0}, {'J10': 13, 'J11': 32, 'J12': 21, 'J13': 28, 'cluster3106249630_3106249631_J60_J61_#5more': 36}, {'J10': 18, 'J11': 54, 'J12': 77, 'J13': 35, 'cluster3106249630_3106249631_J60_J61_#5more': 101}, 
4105.0, {'J10': -107801.0, 'J11': -378461.0, 'J12': -199757.5, 'J13': -58979.0, 'cluster3106249630_3106249631_J60_J61_#5more': -471831.0}, {'J10': 13, 'J11': 32, 'J12': 21, 'J13': 26, 'cluster3106249630_3106249631_J60_J61_#5more': 36}, {'J10': 18, 'J11': 54, 'J12': 77, 'J13': 33, 'cluster3106249630_3106249631_J60_J61_#5more': 101}, 
4110.0, {'J10': -107981.0, 'J11': -379001.0, 'J12': -200532.0, 'J13': -57560.5, 'cluster3106249630_3106249631_J60_J61_#5more': -472841.0}, {'J10': 13, 'J11': 32, 'J12': 21, 'J13': 24, 'cluster3106249630_3106249631_J60_J61_#5more': 36}, {'J10': 18, 'J11': 54, 'J12': 79, 'J13': 31, 'cluster3106249630_3106249631_J60_J61_#5more': 101}, 
4115.0, {'J10': -108161.0, 'J11': -379541.0, 'J12': -201322.0, 'J13': -57870.5, 'cluster3106249630_3106249631_J60_J61_#5more': -473851.0}, {'J10': 13, 'J11': 32, 'J12': 21, 'J13': 24, 'cluster3106249630_3106249631_J60_J61_#5more': 36}, {'J10': 18, 'J11': 54, 'J12': 79, 'J13': 31, 'cluster3106249630_3106249631_J60_J61_#5more': 101}, 
4120.0, {'J10': -108341.0, 'J11': -380081.0, 'J12': -201370.5, 'J13': -58180.5, 'cluster3106249630_3106249631_J60_J61_#5more': -471386.5}, {'J10': 13, 'J11': 32, 'J12': 21, 'J13': 24, 'cluster3106249630_3106249631_J60_J61_#5more': 36}, {'J10': 18, 'J11': 54, 'J12': 77, 'J13': 31, 'cluster3106249630_3106249631_J60_J61_#5more': 96}, 
4125.0, {'J10': -108521.0, 'J11': -380621.0, 'J12': -201392.5, 'J13': -58490.5, 'cluster3106249630_3106249631_J60_J61_#5more': -471842.0}, {'J10': 13, 'J11': 32, 'J12': 21, 'J13': 24, 'cluster3106249630_3106249631_J60_J61_#5more': 36}, {'J10': 18, 'J11': 54, 'J12': 75, 'J13': 31, 'cluster3106249630_3106249631_J60_J61_#5more': 96}, 
4130.0, {'J10': -108701.0, 'J11': -381161.0, 'J12': -202143.0, 'J13': -58811.5, 'cluster3106249630_3106249631_J60_J61_#5more': -472808.0}, {'J10': 13, 'J11': 32, 'J12': 21, 'J13': 27, 'cluster3106249630_3106249631_J60_J61_#5more': 36}, {'J10': 18, 'J11': 54, 'J12': 76, 'J13': 34, 'cluster3106249630_3106249631_J60_J61_#5more': 99}, 
4135.0, {'J10': -108881.0, 'J11': -381701.0, 'J12': -202916.0, 'J13': -59155.5, 'cluster3106249630_3106249631_J60_J61_#5more': -473773.0}, {'J10': 13, 'J11': 32, 'J12': 21, 'J13': 28, 'cluster3106249630_3106249631_J60_J61_#5more': 36}, {'J10': 18, 'J11': 54, 'J12': 79, 'J13': 35, 'cluster3106249630_3106249631_J60_J61_#5more': 101}, 
4140.0, {'J10': -109061.0, 'J11': -382241.0, 'J12': -203213.5, 'J13': -59505.5, 'cluster3106249630_3106249631_J60_J61_#5more': -474742.0}, {'J10': 13, 'J11': 32, 'J12': 21, 'J13': 28, 'cluster3106249630_3106249631_J60_J61_#5more': 36}, {'J10': 18, 'J11': 54, 'J12': 78, 'J13': 35, 'cluster3106249630_3106249631_J60_J61_#5more': 100}, 
4145.0, {'J10': -109241.0, 'J11': -382781.0, 'J12': -203542.0, 'J13': -59855.5, 'cluster3106249630_3106249631_J60_J61_#5more': -475746.0}, {'J10': 13, 'J11': 32, 'J12': 21, 'J13': 28, 'cluster3106249630_3106249631_J60_J61_#5more': 36}, {'J10': 18, 'J11': 54, 'J12': 77, 'J13': 35, 'cluster3106249630_3106249631_J60_J61_#5more': 101}, 
4150.0, {'J10': -109421.0, 'J11': -383321.0, 'J12': -203308.0, 'J13': -60205.5, 'cluster3106249630_3106249631_J60_J61_#5more': -476756.0}, {'J10': 13, 'J11': 32, 'J12': 21, 'J13': 28, 'cluster3106249630_3106249631_J60_J61_#5more': 36}, {'J10': 18, 'J11': 54, 'J12': 75, 'J13': 35, 'cluster3106249630_3106249631_J60_J61_#5more': 101}, 
4155.0, {'J10': -109601.0, 'J11': -383861.0, 'J12': -203561.5, 'J13': -60555.5, 'cluster3106249630_3106249631_J60_J61_#5more': -477766.0}, {'J10': 13, 'J11': 32, 'J12': 21, 'J13': 28, 'cluster3106249630_3106249631_J60_J61_#5more': 36}, {'J10': 18, 'J11': 54, 'J12': 75, 'J13': 35, 'cluster3106249630_3106249631_J60_J61_#5more': 101}, 
4160.0, {'J10': -109781.0, 'J11': -384401.0, 'J12': -203751.0, 'J13': -60905.5, 'cluster3106249630_3106249631_J60_J61_#5more': -478776.0}, {'J10': 13, 'J11': 32, 'J12': 21, 'J13': 28, 'cluster3106249630_3106249631_J60_J61_#5more': 36}, {'J10': 18, 'J11': 54, 'J12': 74, 'J13': 35, 'cluster3106249630_3106249631_J60_J61_#5more': 101}, 
4165.0, {'J10': -109961.0, 'J11': -384941.0, 'J12': -203959.5, 'J13': -61255.5, 'cluster3106249630_3106249631_J60_J61_#5more': -479786.0}, {'J10': 13, 'J11': 32, 'J12': 21, 'J13': 28, 'cluster3106249630_3106249631_J60_J61_#5more': 36}, {'J10': 18, 'J11': 54, 'J12': 77, 'J13': 35, 'cluster3106249630_3106249631_J60_J61_#5more': 101}, 
4170.0, {'J10': -110141.0, 'J11': -385481.0, 'J12': -204732.0, 'J13': -59747.5, 'cluster3106249630_3106249631_J60_J61_#5more': -480796.0}, {'J10': 13, 'J11': 32, 'J12': 21, 'J13': 26, 'cluster3106249630_3106249631_J60_J61_#5more': 36}, {'J10': 18, 'J11': 54, 'J12': 78, 'J13': 33, 'cluster3106249630_3106249631_J60_J61_#5more': 101}, 
4175.0, {'J10': -110321.0, 'J11': -386021.0, 'J12': -204962.5, 'J13': -58338.5, 'cluster3106249630_3106249631_J60_J61_#5more': -481806.0}, {'J10': 13, 'J11': 32, 'J12': 21, 'J13': 24, 'cluster3106249630_3106249631_J60_J61_#5more': 36}, {'J10': 18, 'J11': 54, 'J12': 78, 'J13': 31, 'cluster3106249630_3106249631_J60_J61_#5more': 101}, 
4180.0, {'J10': -110501.0, 'J11': -386561.0, 'J12': -205251.0, 'J13': -58648.5, 'cluster3106249630_3106249631_J60_J61_#5more': -482816.0}, {'J10': 13, 'J11': 32, 'J12': 21, 'J13': 24, 'cluster3106249630_3106249631_J60_J61_#5more': 36}, {'J10': 18, 'J11': 54, 'J12': 78, 'J13': 31, 'cluster3106249630_3106249631_J60_J61_#5more': 101}, 
4185.0, {'J10': -110681.0, 'J11': -387101.0, 'J12': -204031.0, 'J13': -58958.5, 'cluster3106249630_3106249631_J60_J61_#5more': -481213.5}, {'J10': 13, 'J11': 32, 'J12': 21, 'J13': 24, 'cluster3106249630_3106249631_J60_J61_#5more': 36}, {'J10': 18, 'J11': 54, 'J12': 75, 'J13': 31, 'cluster3106249630_3106249631_J60_J61_#5more': 97}, 
4190.0, {'J10': -110861.0, 'J11': -387641.0, 'J12': -204584.5, 'J13': -59268.5, 'cluster3106249630_3106249631_J60_J61_#5more': -480926.0}, {'J10': 13, 'J11': 32, 'J12': 21, 'J13': 24, 'cluster3106249630_3106249631_J60_J61_#5more': 36}, {'J10': 18, 'J11': 54, 'J12': 73, 'J13': 31, 'cluster3106249630_3106249631_J60_J61_#5more': 95}, 
4195.0, {'J10': -111041.0, 'J11': -388181.0, 'J12': -205028.5, 'J13': -59589.5, 'cluster3106249630_3106249631_J60_J61_#5more': -481876.0}, {'J10': 13, 'J11': 32, 'J12': 21, 'J13': 27, 'cluster3106249630_3106249631_J60_J61_#5more': 36}, {'J10': 18, 'J11': 54, 'J12': 74, 'J13': 34, 'cluster3106249630_3106249631_J60_J61_#5more': 95}, 
4200.0, {'J10': -111221.0, 'J11': -388721.0, 'J12': -205198.5, 'J13': -59934.5, 'cluster3106249630_3106249631_J60_J61_#5more': -482837.0}, {'J10': 13, 'J11': 32, 'J12': 21, 'J13': 28, 'cluster3106249630_3106249631_J60_J61_#5more': 36}, {'J10': 18, 'J11': 54, 'J12': 74, 'J13': 35, 'cluster3106249630_3106249631_J60_J61_#5more': 99}, 
4205.0, {'J10': -111401.0, 'J11': -389261.0, 'J12': -205940.0, 'J13': -60284.5, 'cluster3106249630_3106249631_J60_J61_#5more': -483835.0}, {'J10': 13, 'J11': 32, 'J12': 21, 'J13': 28, 'cluster3106249630_3106249631_J60_J61_#5more': 36}, {'J10': 18, 'J11': 54, 'J12': 76, 'J13': 35, 'cluster3106249630_3106249631_J60_J61_#5more': 101}, 
4210.0, {'J10': -111581.0, 'J11': -389801.0, 'J12': -206701.0, 'J13': -60634.5, 'cluster3106249630_3106249631_J60_J61_#5more': -484845.0}, {'J10': 13, 'J11': 32, 'J12': 21, 'J13': 28, 'cluster3106249630_3106249631_J60_J61_#5more': 36}, {'J10': 18, 'J11': 54, 'J12': 77, 'J13': 35, 'cluster3106249630_3106249631_J60_J61_#5more': 101}, 
4215.0, {'J10': -111761.0, 'J11': -390341.0, 'J12': -206997.0, 'J13': -60984.5, 'cluster3106249630_3106249631_J60_J61_#5more': -485855.0}, {'J10': 13, 'J11': 32, 'J12': 21, 'J13': 28, 'cluster3106249630_3106249631_J60_J61_#5more': 36}, {'J10': 18, 'J11': 54, 'J12': 79, 'J13': 35, 'cluster3106249630_3106249631_J60_J61_#5more': 101}, 
4220.0, {'J10': -111941.0, 'J11': -390881.0, 'J12': -206997.5, 'J13': -61334.5, 'cluster3106249630_3106249631_J60_J61_#5more': -486865.0}, {'J10': 13, 'J11': 32, 'J12': 21, 'J13': 28, 'cluster3106249630_3106249631_J60_J61_#5more': 36}, {'J10': 18, 'J11': 54, 'J12': 78, 'J13': 35, 'cluster3106249630_3106249631_J60_J61_#5more': 101}, 
4225.0, {'J10': -112121.0, 'J11': -391421.0, 'J12': -207479.5, 'J13': -61684.5, 'cluster3106249630_3106249631_J60_J61_#5more': -487875.0}, {'J10': 13, 'J11': 32, 'J12': 21, 'J13': 28, 'cluster3106249630_3106249631_J60_J61_#5more': 36}, {'J10': 18, 'J11': 54, 'J12': 75, 'J13': 35, 'cluster3106249630_3106249631_J60_J61_#5more': 101}, 
4230.0, {'J10': -112301.0, 'J11': -391961.0, 'J12': -208127.5, 'J13': -62034.5, 'cluster3106249630_3106249631_J60_J61_#5more': -488885.0}, {'J10': 13, 'J11': 32, 'J12': 21, 'J13': 28, 'cluster3106249630_3106249631_J60_J61_#5more': 36}, {'J10': 18, 'J11': 54, 'J12': 74, 'J13': 35, 'cluster3106249630_3106249631_J60_J61_#5more': 101}, 
4235.0, {'J10': -112481.0, 'J11': -392501.0, 'J12': -208376.0, 'J13': -59676.5, 'cluster3106249630_3106249631_J60_J61_#5more': -489895.0}, {'J10': 13, 'J11': 32, 'J12': 21, 'J13': 25, 'cluster3106249630_3106249631_J60_J61_#5more': 36}, {'J10': 18, 'J11': 54, 'J12': 71, 'J13': 32, 'cluster3106249630_3106249631_J60_J61_#5more': 101}, 
4240.0, {'J10': -112661.0, 'J11': -393041.0, 'J12': -209090.0, 'J13': -59123.0, 'cluster3106249630_3106249631_J60_J61_#5more': -490905.0}, {'J10': 13, 'J11': 32, 'J12': 21, 'J13': 24, 'cluster3106249630_3106249631_J60_J61_#5more': 36}, {'J10': 18, 'J11': 54, 'J12': 73, 'J13': 31, 'cluster3106249630_3106249631_J60_J61_#5more': 101}, 
4245.0, {'J10': -112841.0, 'J11': -393581.0, 'J12': -209774.0, 'J13': -59433.0, 'cluster3106249630_3106249631_J60_J61_#5more': -491915.0}, {'J10': 13, 'J11': 32, 'J12': 21, 'J13': 24, 'cluster3106249630_3106249631_J60_J61_#5more': 36}, {'J10': 18, 'J11': 54, 'J12': 74, 'J13': 31, 'cluster3106249630_3106249631_J60_J61_#5more': 101}, 
4250.0, {'J10': -113021.0, 'J11': -394121.0, 'J12': -210524.5, 'J13': -59743.0, 'cluster3106249630_3106249631_J60_J61_#5more': -489975.0}, {'J10': 13, 'J11': 32, 'J12': 21, 'J13': 24, 'cluster3106249630_3106249631_J60_J61_#5more': 36}, {'J10': 18, 'J11': 54, 'J12': 77, 'J13': 31, 'cluster3106249630_3106249631_J60_J61_#5more': 96}, 
4255.0, {'J10': -113201.0, 'J11': -394661.0, 'J12': -211298.5, 'J13': -60053.0, 'cluster3106249630_3106249631_J60_J61_#5more': -490303.5}, {'J10': 13, 'J11': 32, 'J12': 21, 'J13': 24, 'cluster3106249630_3106249631_J60_J61_#5more': 36}, {'J10': 18, 'J11': 54, 'J12': 79, 'J13': 31, 'cluster3106249630_3106249631_J60_J61_#5more': 95}, 
4260.0, {'J10': -113381.0, 'J11': -395204.5, 'J12': -212094.0, 'J13': -60371.5, 'cluster3106249630_3106249631_J60_J61_#5more': -491253.5}, {'J10': 13, 'J11': 32, 'J12': 21, 'J13': 27, 'cluster3106249630_3106249631_J60_J61_#5more': 36}, {'J10': 18, 'J11': 56, 'J12': 81, 'J13': 34, 'cluster3106249630_3106249631_J60_J61_#5more': 95}, 
4265.0, {'J10': -113561.0, 'J11': -395768.0, 'J12': -212915.0, 'J13': -60714.5, 'cluster3106249630_3106249631_J60_J61_#5more': -492213.5}, {'J10': 13, 'J11': 32, 'J12': 21, 'J13': 28, 'cluster3106249630_3106249631_J60_J61_#5more': 36}, {'J10': 18, 'J11': 57, 'J12': 84, 'J13': 35, 'cluster3106249630_3106249631_J60_J61_#5more': 100}, 
4270.0, {'J10': -113741.0, 'J11': -396338.0, 'J12': -213755.0, 'J13': -61064.5, 'cluster3106249630_3106249631_J60_J61_#5more': -493217.0}, {'J10': 13, 'J11': 32, 'J12': 21, 'J13': 28, 'cluster3106249630_3106249631_J60_J61_#5more': 36}, {'J10': 18, 'J11': 57, 'J12': 84, 'J13': 35, 'cluster3106249630_3106249631_J60_J61_#5more': 101}, 
4275.0, {'J10': -113921.0, 'J11': -396918.5, 'J12': -214595.0, 'J13': -61414.5, 'cluster3106249630_3106249631_J60_J61_#5more': -494227.0}, {'J10': 13, 'J11': 32, 'J12': 21, 'J13': 28, 'cluster3106249630_3106249631_J60_J61_#5more': 36}, {'J10': 18, 'J11': 61, 'J12': 84, 'J13': 35, 'cluster3106249630_3106249631_J60_J61_#5more': 101}, 
4280.0, {'J10': -114101.0, 'J11': -397514.0, 'J12': -215435.0, 'J13': -61764.5, 'cluster3106249630_3106249631_J60_J61_#5more': -495237.0}, {'J10': 13, 'J11': 32, 'J12': 21, 'J13': 28, 'cluster3106249630_3106249631_J60_J61_#5more': 36}, {'J10': 18, 'J11': 60, 'J12': 84, 'J13': 35, 'cluster3106249630_3106249631_J60_J61_#5more': 101}, 
4285.0, {'J10': -114281.0, 'J11': -397989.0, 'J12': -216275.0, 'J13': -62114.5, 'cluster3106249630_3106249631_J60_J61_#5more': -496247.0}, {'J10': 13, 'J11': 32, 'J12': 21, 'J13': 28, 'cluster3106249630_3106249631_J60_J61_#5more': 36}, {'J10': 18, 'J11': 57, 'J12': 84, 'J13': 35, 'cluster3106249630_3106249631_J60_J61_#5more': 101}, 
4290.0, {'J10': -114461.0, 'J11': -398505.5, 'J12': -217115.0, 'J13': -62464.5, 'cluster3106249630_3106249631_J60_J61_#5more': -497257.0}, {'J10': 13, 'J11': 32, 'J12': 21, 'J13': 28, 'cluster3106249630_3106249631_J60_J61_#5more': 36}, {'J10': 18, 'J11': 56, 'J12': 84, 'J13': 35, 'cluster3106249630_3106249631_J60_J61_#5more': 101}, 
4295.0, {'J10': -114641.0, 'J11': -399022.0, 'J12': -211531.5, 'J13': -62814.5, 'cluster3106249630_3106249631_J60_J61_#5more': -498267.0}, {'J10': 13, 'J11': 32, 'J12': 21, 'J13': 28, 'cluster3106249630_3106249631_J60_J61_#5more': 36}, {'J10': 18, 'J11': 55, 'J12': 77, 'J13': 35, 'cluster3106249630_3106249631_J60_J61_#5more': 101}, 
4300.0, {'J10': -114821.0, 'J11': -399521.0, 'J12': -212301.5, 'J13': -61316.0, 'cluster3106249630_3106249631_J60_J61_#5more': -499277.5}, {'J10': 13, 'J11': 32, 'J12': 21, 'J13': 26, 'cluster3106249630_3106249631_J60_J61_#5more': 36}, {'J10': 18, 'J11': 54, 'J12': 77, 'J13': 33, 'cluster3106249630_3106249631_J60_J61_#5more': 102}, 
4305.0, {'J10': -115001.0, 'J11': -400061.0, 'J12': -213073.5, 'J13': -59898.0, 'cluster3106249630_3106249631_J60_J61_#5more': -500297.5}, {'J10': 13, 'J11': 32, 'J12': 21, 'J13': 24, 'cluster3106249630_3106249631_J60_J61_#5more': 36}, {'J10': 18, 'J11': 54, 'J12': 79, 'J13': 31, 'cluster3106249630_3106249631_J60_J61_#5more': 102}, 
4310.0, {'J10': -115181.0, 'J11': -400601.0, 'J12': -213882.5, 'J13': -60208.0, 'cluster3106249630_3106249631_J60_J61_#5more': -501317.5}, {'J10': 13, 'J11': 32, 'J12': 21, 'J13': 24, 'cluster3106249630_3106249631_J60_J61_#5more': 36}, {'J10': 18, 'J11': 54, 'J12': 84, 'J13': 31, 'cluster3106249630_3106249631_J60_J61_#5more': 102}, 
4315.0, {'J10': -115361.0, 'J11': -401141.0, 'J12': -214722.5, 'J13': -60518.0, 'cluster3106249630_3106249631_J60_J61_#5more': -490760.5}, {'J10': 13, 'J11': 32, 'J12': 21, 'J13': 24, 'cluster3106249630_3106249631_J60_J61_#5more': 36}, {'J10': 18, 'J11': 54, 'J12': 84, 'J13': 31, 'cluster3106249630_3106249631_J60_J61_#5more': 99}, 
4320.0, {'J10': -115541.0, 'J11': -401681.0, 'J12': -215032.0, 'J13': -60828.0, 'cluster3106249630_3106249631_J60_J61_#5more': -480234.0}, {'J10': 13, 'J11': 32, 'J12': 21, 'J13': 24, 'cluster3106249630_3106249631_J60_J61_#5more': 36}, {'J10': 18, 'J11': 54, 'J12': 83, 'J13': 31, 'cluster3106249630_3106249631_J60_J61_#5more': 97}, 
4325.0, {'J10': -115721.0, 'J11': -402221.0, 'J12': -215862.0, 'J13': -61148.5, 'cluster3106249630_3106249631_J60_J61_#5more': -481204.0}, {'J10': 13, 'J11': 32, 'J12': 21, 'J13': 27, 'cluster3106249630_3106249631_J60_J61_#5more': 36}, {'J10': 18, 'J11': 54, 'J12': 83, 'J13': 34, 'cluster3106249630_3106249631_J60_J61_#5more': 97}, 
4330.0, {'J10': -115901.0, 'J11': -402761.0, 'J12': -216692.0, 'J13': -61492.5, 'cluster3106249630_3106249631_J60_J61_#5more': -482174.0}, {'J10': 13, 'J11': 32, 'J12': 21, 'J13': 28, 'cluster3106249630_3106249631_J60_J61_#5more': 36}, {'J10': 18, 'J11': 54, 'J12': 83, 'J13': 35, 'cluster3106249630_3106249631_J60_J61_#5more': 97}, 
4335.0, {'J10': -116081.0, 'J11': -403301.0, 'J12': -216574.0, 'J13': -61842.5, 'cluster3106249630_3106249631_J60_J61_#5more': -483144.0}, {'J10': 13, 'J11': 32, 'J12': 21, 'J13': 28, 'cluster3106249630_3106249631_J60_J61_#5more': 36}, {'J10': 18, 'J11': 54, 'J12': 81, 'J13': 35, 'cluster3106249630_3106249631_J60_J61_#5more': 97}, 
4340.0, {'J10': -116261.0, 'J11': -403841.0, 'J12': -217016.5, 'J13': -62192.5, 'cluster3106249630_3106249631_J60_J61_#5more': -484114.5}, {'J10': 13, 'J11': 32, 'J12': 21, 'J13': 28, 'cluster3106249630_3106249631_J60_J61_#5more': 36}, {'J10': 18, 'J11': 54, 'J12': 79, 'J13': 35, 'cluster3106249630_3106249631_J60_J61_#5more': 98}, 
4345.0, {'J10': -116441.0, 'J11': -404381.0, 'J12': -217806.5, 'J13': -62542.5, 'cluster3106249630_3106249631_J60_J61_#5more': -485103.0}, {'J10': 13, 'J11': 32, 'J12': 21, 'J13': 28, 'cluster3106249630_3106249631_J60_J61_#5more': 36}, {'J10': 18, 'J11': 54, 'J12': 79, 'J13': 35, 'cluster3106249630_3106249631_J60_J61_#5more': 100}, 
4350.0, {'J10': -116621.0, 'J11': -404921.0, 'J12': -218597.5, 'J13': -62892.5, 'cluster3106249630_3106249631_J60_J61_#5more': -486103.0}, {'J10': 13, 'J11': 32, 'J12': 21, 'J13': 28, 'cluster3106249630_3106249631_J60_J61_#5more': 36}, {'J10': 18, 'J11': 54, 'J12': 80, 'J13': 35, 'cluster3106249630_3106249631_J60_J61_#5more': 100}, 
4355.0, {'J10': -116801.0, 'J11': -405461.0, 'J12': -219407.0, 'J13': -63242.5, 'cluster3106249630_3106249631_J60_J61_#5more': -487103.0}, {'J10': 13, 'J11': 32, 'J12': 21, 'J13': 28, 'cluster3106249630_3106249631_J60_J61_#5more': 36}, {'J10': 18, 'J11': 54, 'J12': 83, 'J13': 35, 'cluster3106249630_3106249631_J60_J61_#5more': 100}, 
4360.0, {'J10': -116981.0, 'J11': -406001.0, 'J12': -214111.5, 'J13': -63592.5, 'cluster3106249630_3106249631_J60_J61_#5more': -488103.0}, {'J10': 13, 'J11': 32, 'J12': 21, 'J13': 28, 'cluster3106249630_3106249631_J60_J61_#5more': 36}, {'J10': 18, 'J11': 54, 'J12': 77, 'J13': 35, 'cluster3106249630_3106249631_J60_J61_#5more': 100}, 
4365.0, {'J10': -117161.0, 'J11': -406541.0, 'J12': -214287.0, 'J13': -61213.5, 'cluster3106249630_3106249631_J60_J61_#5more': -489103.0}, {'J10': 13, 'J11': 32, 'J12': 21, 'J13': 25, 'cluster3106249630_3106249631_J60_J61_#5more': 36}, {'J10': 18, 'J11': 54, 'J12': 76, 'J13': 32, 'cluster3106249630_3106249631_J60_J61_#5more': 100}, 
4370.0, {'J10': -117341.0, 'J11': -407081.0, 'J12': -215048.5, 'J13': -60660.5, 'cluster3106249630_3106249631_J60_J61_#5more': -490103.0}, {'J10': 13, 'J11': 32, 'J12': 21, 'J13': 24, 'cluster3106249630_3106249631_J60_J61_#5more': 36}, {'J10': 18, 'J11': 54, 'J12': 78, 'J13': 31, 'cluster3106249630_3106249631_J60_J61_#5more': 100}, 
4375.0, {'J10': -117521.0, 'J11': -407621.5, 'J12': -215839.0, 'J13': -60970.5, 'cluster3106249630_3106249631_J60_J61_#5more': -491103.0}, {'J10': 13, 'J11': 32, 'J12': 21, 'J13': 24, 'cluster3106249630_3106249631_J60_J61_#5more': 36}, {'J10': 18, 'J11': 55, 'J12': 81, 'J13': 31, 'cluster3106249630_3106249631_J60_J61_#5more': 100}, 
4380.0, {'J10': -117701.0, 'J11': -408161.5, 'J12': -216375.0, 'J13': -61280.5, 'cluster3106249630_3106249631_J60_J61_#5more': -487989.0}, {'J10': 13, 'J11': 32, 'J12': 21, 'J13': 24, 'cluster3106249630_3106249631_J60_J61_#5more': 36}, {'J10': 18, 'J11': 55, 'J12': 80, 'J13': 31, 'cluster3106249630_3106249631_J60_J61_#5more': 94}, 
4385.0, {'J10': -117881.0, 'J11': -408701.0, 'J12': -216712.5, 'J13': -61591.5, 'cluster3106249630_3106249631_J60_J61_#5more': -488929.5}, {'J10': 13, 'J11': 32, 'J12': 21, 'J13': 25, 'cluster3106249630_3106249631_J60_J61_#5more': 36}, {'J10': 18, 'J11': 54, 'J12': 79, 'J13': 32, 'cluster3106249630_3106249631_J60_J61_#5more': 95}, 
4390.0, {'J10': -118061.0, 'J11': -409241.0, 'J12': -217504.5, 'J13': -61922.0, 'cluster3106249630_3106249631_J60_J61_#5more': -489886.0}, {'J10': 13, 'J11': 32, 'J12': 21, 'J13': 28, 'cluster3106249630_3106249631_J60_J61_#5more': 36}, {'J10': 18, 'J11': 54, 'J12': 80, 'J13': 35, 'cluster3106249630_3106249631_J60_J61_#5more': 98}, 
4395.0, {'J10': -118241.0, 'J11': -409781.0, 'J12': -217478.0, 'J13': -62272.0, 'cluster3106249630_3106249631_J60_J61_#5more': -490842.0}, {'J10': 13, 'J11': 32, 'J12': 21, 'J13': 28, 'cluster3106249630_3106249631_J60_J61_#5more': 36}, {'J10': 18, 'J11': 54, 'J12': 77, 'J13': 35, 'cluster3106249630_3106249631_J60_J61_#5more': 100}, 
4400.0, {'J10': -118421.0, 'J11': -410321.0, 'J12': -217427.0, 'J13': -62622.0, 'cluster3106249630_3106249631_J60_J61_#5more': -491807.5}, {'J10': 13, 'J11': 32, 'J12': 21, 'J13': 28, 'cluster3106249630_3106249631_J60_J61_#5more': 36}, {'J10': 18, 'J11': 54, 'J12': 74, 'J13': 35, 'cluster3106249630_3106249631_J60_J61_#5more': 100}, 
4405.0, {'J10': -118601.0, 'J11': -410861.0, 'J12': -217953.0, 'J13': -62972.0, 'cluster3106249630_3106249631_J60_J61_#5more': -492807.5}, {'J10': 13, 'J11': 32, 'J12': 21, 'J13': 28, 'cluster3106249630_3106249631_J60_J61_#5more': 36}, {'J10': 18, 'J11': 54, 'J12': 72, 'J13': 35, 'cluster3106249630_3106249631_J60_J61_#5more': 100}, 
4410.0, {'J10': -118781.0, 'J11': -411401.0, 'J12': -218673.0, 'J13': -63322.0, 'cluster3106249630_3106249631_J60_J61_#5more': -493807.5}, {'J10': 13, 'J11': 32, 'J12': 21, 'J13': 28, 'cluster3106249630_3106249631_J60_J61_#5more': 36}, {'J10': 18, 'J11': 54, 'J12': 72, 'J13': 35, 'cluster3106249630_3106249631_J60_J61_#5more': 100}, 
4415.0, {'J10': -118961.0, 'J11': -411941.0, 'J12': -219398.0, 'J13': -63672.0, 'cluster3106249630_3106249631_J60_J61_#5more': -494807.5}, {'J10': 13, 'J11': 32, 'J12': 21, 'J13': 28, 'cluster3106249630_3106249631_J60_J61_#5more': 36}, {'J10': 18, 'J11': 54, 'J12': 75, 'J13': 35, 'cluster3106249630_3106249631_J60_J61_#5more': 100}, 
4420.0, {'J10': -119141.0, 'J11': -412481.0, 'J12': -220152.0, 'J13': -64022.0, 'cluster3106249630_3106249631_J60_J61_#5more': -495807.5}, {'J10': 13, 'J11': 32, 'J12': 21, 'J13': 28, 'cluster3106249630_3106249631_J60_J61_#5more': 36}, {'J10': 18, 'J11': 54, 'J12': 77, 'J13': 35, 'cluster3106249630_3106249631_J60_J61_#5more': 100}, 
4425.0, {'J10': -119321.0, 'J11': -413021.0, 'J12': -218799.0, 'J13': -64372.0, 'cluster3106249630_3106249631_J60_J61_#5more': -496807.5}, {'J10': 13, 'J11': 32, 'J12': 21, 'J13': 28, 'cluster3106249630_3106249631_J60_J61_#5more': 36}, {'J10': 18, 'J11': 54, 'J12': 76, 'J13': 35, 'cluster3106249630_3106249631_J60_J61_#5more': 100}, 
4430.0, {'J10': -119501.0, 'J11': -413561.0, 'J12': -218969.5, 'J13': -62997.5, 'cluster3106249630_3106249631_J60_J61_#5more': -497807.5}, {'J10': 13, 'J11': 32, 'J12': 21, 'J13': 26, 'cluster3106249630_3106249631_J60_J61_#5more': 36}, {'J10': 18, 'J11': 54, 'J12': 76, 'J13': 33, 'cluster3106249630_3106249631_J60_J61_#5more': 100}, 
4435.0, {'J10': -119681.0, 'J11': -414101.0, 'J12': -219734.5, 'J13': -61591.0, 'cluster3106249630_3106249631_J60_J61_#5more': -498807.5}, {'J10': 13, 'J11': 32, 'J12': 21, 'J13': 24, 'cluster3106249630_3106249631_J60_J61_#5more': 36}, {'J10': 18, 'J11': 54, 'J12': 79, 'J13': 31, 'cluster3106249630_3106249631_J60_J61_#5more': 100}, 
4440.0, {'J10': -119861.0, 'J11': -414641.0, 'J12': -220537.5, 'J13': -61901.0, 'cluster3106249630_3106249631_J60_J61_#5more': -499807.5}, {'J10': 13, 'J11': 32, 'J12': 21, 'J13': 24, 'cluster3106249630_3106249631_J60_J61_#5more': 36}, {'J10': 18, 'J11': 54, 'J12': 82, 'J13': 31, 'cluster3106249630_3106249631_J60_J61_#5more': 100}, 
4445.0, {'J10': -120041.0, 'J11': -415181.0, 'J12': -220769.5, 'J13': -62211.0, 'cluster3106249630_3106249631_J60_J61_#5more': -498223.0}, {'J10': 13, 'J11': 32, 'J12': 21, 'J13': 24, 'cluster3106249630_3106249631_J60_J61_#5more': 36}, {'J10': 18, 'J11': 54, 'J12': 82, 'J13': 31, 'cluster3106249630_3106249631_J60_J61_#5more': 96}, 
4450.0, {'J10': -120221.0, 'J11': -415721.0, 'J12': -221186.5, 'J13': -62521.5, 'cluster3106249630_3106249631_J60_J61_#5more': -498049.0}, {'J10': 13, 'J11': 32, 'J12': 21, 'J13': 25, 'cluster3106249630_3106249631_J60_J61_#5more': 36}, {'J10': 18, 'J11': 54, 'J12': 81, 'J13': 32, 'cluster3106249630_3106249631_J60_J61_#5more': 94}, 
4455.0, {'J10': -120401.0, 'J11': -416261.0, 'J12': -221996.5, 'J13': -62851.0, 'cluster3106249630_3106249631_J60_J61_#5more': -498989.0}, {'J10': 13, 'J11': 32, 'J12': 21, 'J13': 28, 'cluster3106249630_3106249631_J60_J61_#5more': 36}, {'J10': 18, 'J11': 54, 'J12': 81, 'J13': 35, 'cluster3106249630_3106249631_J60_J61_#5more': 94}, 
4460.0, {'J10': -120581.0, 'J11': -416801.0, 'J12': -222806.5, 'J13': -63201.0, 'cluster3106249630_3106249631_J60_J61_#5more': -499935.0}, {'J10': 13, 'J11': 32, 'J12': 21, 'J13': 28, 'cluster3106249630_3106249631_J60_J61_#5more': 36}, {'J10': 18, 'J11': 54, 'J12': 81, 'J13': 35, 'cluster3106249630_3106249631_J60_J61_#5more': 97}, 
4465.0, {'J10': -120761.0, 'J11': -417341.0, 'J12': -223616.5, 'J13': -63551.0, 'cluster3106249630_3106249631_J60_J61_#5more': -500912.0}, {'J10': 13, 'J11': 32, 'J12': 21, 'J13': 28, 'cluster3106249630_3106249631_J60_J61_#5more': 36}, {'J10': 18, 'J11': 54, 'J12': 81, 'J13': 35, 'cluster3106249630_3106249631_J60_J61_#5more': 100}, 
4470.0, {'J10': -120941.0, 'J11': -417881.0, 'J12': -224426.5, 'J13': -63901.0, 'cluster3106249630_3106249631_J60_J61_#5more': -501912.0}, {'J10': 13, 'J11': 32, 'J12': 21, 'J13': 28, 'cluster3106249630_3106249631_J60_J61_#5more': 36}, {'J10': 18, 'J11': 54, 'J12': 81, 'J13': 35, 'cluster3106249630_3106249631_J60_J61_#5more': 100}, 
4475.0, {'J10': -121121.0, 'J11': -418421.0, 'J12': -225236.5, 'J13': -64251.0, 'cluster3106249630_3106249631_J60_J61_#5more': -502912.0}, {'J10': 13, 'J11': 32, 'J12': 21, 'J13': 28, 'cluster3106249630_3106249631_J60_J61_#5more': 36}, {'J10': 18, 'J11': 54, 'J12': 81, 'J13': 35, 'cluster3106249630_3106249631_J60_J61_#5more': 100}, 
4480.0, {'J10': -121301.0, 'J11': -418961.0, 'J12': -226046.5, 'J13': -64601.0, 'cluster3106249630_3106249631_J60_J61_#5more': -503912.0}, {'J10': 13, 'J11': 32, 'J12': 21, 'J13': 28, 'cluster3106249630_3106249631_J60_J61_#5more': 36}, {'J10': 18, 'J11': 54, 'J12': 81, 'J13': 35, 'cluster3106249630_3106249631_J60_J61_#5more': 100}, 
4485.0, {'J10': -121481.0, 'J11': -419501.0, 'J12': -226856.5, 'J13': -64951.0, 'cluster3106249630_3106249631_J60_J61_#5more': -504912.0}, {'J10': 13, 'J11': 32, 'J12': 21, 'J13': 28, 'cluster3106249630_3106249631_J60_J61_#5more': 36}, {'J10': 18, 'J11': 54, 'J12': 81, 'J13': 35, 'cluster3106249630_3106249631_J60_J61_#5more': 100}, 
4490.0, {'J10': -121661.0, 'J11': -420041.0, 'J12': -222374.0, 'J13': -65301.0, 'cluster3106249630_3106249631_J60_J61_#5more': -505912.0}, {'J10': 13, 'J11': 32, 'J12': 21, 'J13': 28, 'cluster3106249630_3106249631_J60_J61_#5more': 36}, {'J10': 18, 'J11': 54, 'J12': 76, 'J13': 35, 'cluster3106249630_3106249631_J60_J61_#5more': 100}, 
4495.0, {'J10': -121841.0, 'J11': -420581.0, 'J12': -223134.0, 'J13': -63072.0, 'cluster3106249630_3106249631_J60_J61_#5more': -506912.0}, {'J10': 13, 'J11': 32, 'J12': 21, 'J13': 25, 'cluster3106249630_3106249631_J60_J61_#5more': 36}, {'J10': 18, 'J11': 54, 'J12': 76, 'J13': 32, 'cluster3106249630_3106249631_J60_J61_#5more': 100}, 
4500.0, {'J10': -122021.0, 'J11': -421121.0, 'J12': -223896.5, 'J13': -63392.0, 'cluster3106249630_3106249631_J60_J61_#5more': -507912.0}, {'J10': 13, 'J11': 32, 'J12': 21, 'J13': 25, 'cluster3106249630_3106249631_J60_J61_#5more': 36}, {'J10': 18, 'J11': 54, 'J12': 78, 'J13': 32, 'cluster3106249630_3106249631_J60_J61_#5more': 100}, 
4505.0, {'J10': -122201.0, 'J11': -421661.0, 'J12': -224676.5, 'J13': -63712.0, 'cluster3106249630_3106249631_J60_J61_#5more': -508912.0}, {'J10': 13, 'J11': 32, 'J12': 21, 'J13': 25, 'cluster3106249630_3106249631_J60_J61_#5more': 36}, {'J10': 18, 'J11': 54, 'J12': 78, 'J13': 32, 'cluster3106249630_3106249631_J60_J61_#5more': 100}, 
4510.0, {'J10': -122381.0, 'J11': -422201.0, 'J12': -224855.5, 'J13': -64032.0, 'cluster3106249630_3106249631_J60_J61_#5more': -506939.0}, {'J10': 13, 'J11': 32, 'J12': 21, 'J13': 25, 'cluster3106249630_3106249631_J60_J61_#5more': 36}, {'J10': 18, 'J11': 54, 'J12': 77, 'J13': 32, 'cluster3106249630_3106249631_J60_J61_#5more': 95}, 
4515.0, {'J10': -122561.0, 'J11': -422741.0, 'J12': -225626.5, 'J13': -64352.0, 'cluster3106249630_3106249631_J60_J61_#5more': -507257.5}, {'J10': 13, 'J11': 32, 'J12': 21, 'J13': 25, 'cluster3106249630_3106249631_J60_J61_#5more': 36}, {'J10': 18, 'J11': 54, 'J12': 78, 'J13': 32, 'cluster3106249630_3106249631_J60_J61_#5more': 94}, 
4520.0, {'J10': -122741.0, 'J11': -423281.0, 'J12': -226407.5, 'J13': -64677.5, 'cluster3106249630_3106249631_J60_J61_#5more': -508197.5}, {'J10': 13, 'J11': 32, 'J12': 21, 'J13': 27, 'cluster3106249630_3106249631_J60_J61_#5more': 36}, {'J10': 18, 'J11': 54, 'J12': 79, 'J13': 34, 'cluster3106249630_3106249631_J60_J61_#5more': 94}, 
4525.0, {'J10': -122921.0, 'J11': -423821.0, 'J12': -227197.5, 'J13': -65020.0, 'cluster3106249630_3106249631_J60_J61_#5more': -509147.0}, {'J10': 13, 'J11': 32, 'J12': 21, 'J13': 28, 'cluster3106249630_3106249631_J60_J61_#5more': 36}, {'J10': 18, 'J11': 54, 'J12': 79, 'J13': 35, 'cluster3106249630_3106249631_J60_J61_#5more': 98}, 
4530.0, {'J10': -123101.0, 'J11': -424361.0, 'J12': -227755.0, 'J13': -65370.0, 'cluster3106249630_3106249631_J60_J61_#5more': -510132.0}, {'J10': 13, 'J11': 32, 'J12': 21, 'J13': 28, 'cluster3106249630_3106249631_J60_J61_#5more': 36}, {'J10': 18, 'J11': 54, 'J12': 78, 'J13': 35, 'cluster3106249630_3106249631_J60_J61_#5more': 99}, 
4535.0, {'J10': -123281.0, 'J11': -424901.0, 'J12': -228538.5, 'J13': -65720.0, 'cluster3106249630_3106249631_J60_J61_#5more': -511123.0}, {'J10': 13, 'J11': 32, 'J12': 21, 'J13': 28, 'cluster3106249630_3106249631_J60_J61_#5more': 36}, {'J10': 18, 'J11': 54, 'J12': 79, 'J13': 35, 'cluster3106249630_3106249631_J60_J61_#5more': 100}, 
4540.0, {'J10': -123461.0, 'J11': -425441.0, 'J12': -229328.5, 'J13': -66070.0, 'cluster3106249630_3106249631_J60_J61_#5more': -512123.0}, {'J10': 13, 'J11': 32, 'J12': 21, 'J13': 28, 'cluster3106249630_3106249631_J60_J61_#5more': 36}, {'J10': 18, 'J11': 54, 'J12': 79, 'J13': 35, 'cluster3106249630_3106249631_J60_J61_#5more': 100}, 
4545.0, {'J10': -123641.0, 'J11': -425981.0, 'J12': -230119.5, 'J13': -66420.0, 'cluster3106249630_3106249631_J60_J61_#5more': -500715.0}, {'J10': 13, 'J11': 32, 'J12': 21, 'J13': 28, 'cluster3106249630_3106249631_J60_J61_#5more': 36}, {'J10': 18, 'J11': 54, 'J12': 80, 'J13': 35, 'cluster3106249630_3106249631_J60_J61_#5more': 98}, 
4550.0, {'J10': -123821.0, 'J11': -426521.0, 'J12': -230925.5, 'J13': -66770.0, 'cluster3106249630_3106249631_J60_J61_#5more': -501695.0}, {'J10': 13, 'J11': 32, 'J12': 21, 'J13': 28, 'cluster3106249630_3106249631_J60_J61_#5more': 36}, {'J10': 18, 'J11': 54, 'J12': 82, 'J13': 35, 'cluster3106249630_3106249631_J60_J61_#5more': 98}, 
4555.0, {'J10': -124001.0, 'J11': -427061.0, 'J12': -229653.0, 'J13': -67120.0, 'cluster3106249630_3106249631_J60_J61_#5more': -502675.0}, {'J10': 13, 'J11': 32, 'J12': 21, 'J13': 28, 'cluster3106249630_3106249631_J60_J61_#5more': 36}, {'J10': 18, 'J11': 54, 'J12': 77, 'J13': 35, 'cluster3106249630_3106249631_J60_J61_#5more': 98}, 
4560.0, {'J10': -124181.0, 'J11': -427601.0, 'J12': -230423.0, 'J13': -65614.0, 'cluster3106249630_3106249631_J60_J61_#5more': -503655.0}, {'J10': 13, 'J11': 32, 'J12': 21, 'J13': 26, 'cluster3106249630_3106249631_J60_J61_#5more': 36}, {'J10': 18, 'J11': 54, 'J12': 77, 'J13': 33, 'cluster3106249630_3106249631_J60_J61_#5more': 98}, 
4565.0, {'J10': -124361.0, 'J11': -428141.0, 'J12': -231203.0, 'J13': -64205.5, 'cluster3106249630_3106249631_J60_J61_#5more': -504635.0}, {'J10': 13, 'J11': 32, 'J12': 21, 'J13': 24, 'cluster3106249630_3106249631_J60_J61_#5more': 36}, {'J10': 18, 'J11': 54, 'J12': 81, 'J13': 31, 'cluster3106249630_3106249631_J60_J61_#5more': 98}, 
4570.0, {'J10': -124541.0, 'J11': -428681.0, 'J12': -232020.5, 'J13': -64515.5, 'cluster3106249630_3106249631_J60_J61_#5more': -505623.5}, {'J10': 13, 'J11': 32, 'J12': 21, 'J13': 24, 'cluster3106249630_3106249631_J60_J61_#5more': 36}, {'J10': 18, 'J11': 54, 'J12': 83, 'J13': 31, 'cluster3106249630_3106249631_J60_J61_#5more': 101}, 
4575.0, {'J10': -124721.0, 'J11': -429221.0, 'J12': -232110.0, 'J13': -64825.5, 'cluster3106249630_3106249631_J60_J61_#5more': -504902.5}, {'J10': 13, 'J11': 32, 'J12': 21, 'J13': 24, 'cluster3106249630_3106249631_J60_J61_#5more': 36}, {'J10': 18, 'J11': 54, 'J12': 82, 'J13': 31, 'cluster3106249630_3106249631_J60_J61_#5more': 98}, 
4580.0, {'J10': -124901.0, 'J11': -429761.0, 'J12': -232598.0, 'J13': -65135.5, 'cluster3106249630_3106249631_J60_J61_#5more': -504248.5}, {'J10': 13, 'J11': 32, 'J12': 21, 'J13': 24, 'cluster3106249630_3106249631_J60_J61_#5more': 36}, {'J10': 18, 'J11': 54, 'J12': 81, 'J13': 31, 'cluster3106249630_3106249631_J60_J61_#5more': 95}, 
4585.0, {'J10': -125081.0, 'J11': -430301.0, 'J12': -233408.0, 'J13': -65453.0, 'cluster3106249630_3106249631_J60_J61_#5more': -505198.5}, {'J10': 13, 'J11': 32, 'J12': 21, 'J13': 26, 'cluster3106249630_3106249631_J60_J61_#5more': 36}, {'J10': 18, 'J11': 54, 'J12': 81, 'J13': 33, 'cluster3106249630_3106249631_J60_J61_#5more': 95}, 
4590.0, {'J10': -125261.0, 'J11': -430841.0, 'J12': -234218.0, 'J13': -65790.5, 'cluster3106249630_3106249631_J60_J61_#5more': -506158.5}, {'J10': 13, 'J11': 32, 'J12': 21, 'J13': 28, 'cluster3106249630_3106249631_J60_J61_#5more': 36}, {'J10': 18, 'J11': 54, 'J12': 81, 'J13': 35, 'cluster3106249630_3106249631_J60_J61_#5more': 99}, 
4595.0, {'J10': -125441.0, 'J11': -431381.0, 'J12': -235028.0, 'J13': -66140.5, 'cluster3106249630_3106249631_J60_J61_#5more': -507156.5}, {'J10': 13, 'J11': 32, 'J12': 21, 'J13': 28, 'cluster3106249630_3106249631_J60_J61_#5more': 36}, {'J10': 18, 'J11': 54, 'J12': 81, 'J13': 35, 'cluster3106249630_3106249631_J60_J61_#5more': 101}, 
4600.0, {'J10': -125621.0, 'J11': -431921.0, 'J12': -235838.0, 'J13': -66490.5, 'cluster3106249630_3106249631_J60_J61_#5more': -508166.5}, {'J10': 13, 'J11': 32, 'J12': 21, 'J13': 28, 'cluster3106249630_3106249631_J60_J61_#5more': 36}, {'J10': 18, 'J11': 54, 'J12': 81, 'J13': 35, 'cluster3106249630_3106249631_J60_J61_#5more': 101}, 
4605.0, {'J10': -125801.0, 'J11': -432461.0, 'J12': -236648.0, 'J13': -66840.5, 'cluster3106249630_3106249631_J60_J61_#5more': -509176.5}, {'J10': 13, 'J11': 32, 'J12': 21, 'J13': 28, 'cluster3106249630_3106249631_J60_J61_#5more': 36}, {'J10': 18, 'J11': 54, 'J12': 81, 'J13': 35, 'cluster3106249630_3106249631_J60_J61_#5more': 101}, 
4610.0, {'J10': -125981.0, 'J11': -433001.0, 'J12': -237458.0, 'J13': -67190.5, 'cluster3106249630_3106249631_J60_J61_#5more': -510186.5}, {'J10': 13, 'J11': 32, 'J12': 21, 'J13': 28, 'cluster3106249630_3106249631_J60_J61_#5more': 36}, {'J10': 18, 'J11': 54, 'J12': 81, 'J13': 35, 'cluster3106249630_3106249631_J60_J61_#5more': 101}, 
4615.0, {'J10': -126161.0, 'J11': -433541.0, 'J12': -238268.0, 'J13': -67540.5, 'cluster3106249630_3106249631_J60_J61_#5more': -511196.5}, {'J10': 13, 'J11': 32, 'J12': 21, 'J13': 28, 'cluster3106249630_3106249631_J60_J61_#5more': 36}, {'J10': 18, 'J11': 54, 'J12': 81, 'J13': 35, 'cluster3106249630_3106249631_J60_J61_#5more': 101}, 
4620.0, {'J10': -126341.0, 'J11': -434081.0, 'J12': -232812.0, 'J13': -67890.5, 'cluster3106249630_3106249631_J60_J61_#5more': -512206.5}, {'J10': 13, 'J11': 32, 'J12': 21, 'J13': 28, 'cluster3106249630_3106249631_J60_J61_#5more': 36}, {'J10': 18, 'J11': 54, 'J12': 74, 'J13': 35, 'cluster3106249630_3106249631_J60_J61_#5more': 101}, 
4625.0, {'J10': -126521.0, 'J11': -434621.0, 'J12': -233552.0, 'J13': -66384.0, 'cluster3106249630_3106249631_J60_J61_#5more': -513216.5}, {'J10': 13, 'J11': 32, 'J12': 21, 'J13': 26, 'cluster3106249630_3106249631_J60_J61_#5more': 36}, {'J10': 18, 'J11': 54, 'J12': 74, 'J13': 33, 'cluster3106249630_3106249631_J60_J61_#5more': 101}, 
4630.0, {'J10': -126701.0, 'J11': -435161.0, 'J12': -234293.0, 'J13': -64974.5, 'cluster3106249630_3106249631_J60_J61_#5more': -514226.5}, {'J10': 13, 'J11': 32, 'J12': 21, 'J13': 24, 'cluster3106249630_3106249631_J60_J61_#5more': 36}, {'J10': 18, 'J11': 54, 'J12': 76, 'J13': 31, 'cluster3106249630_3106249631_J60_J61_#5more': 101}, 
4635.0, {'J10': -126881.0, 'J11': -435701.0, 'J12': -235061.5, 'J13': -65284.5, 'cluster3106249630_3106249631_J60_J61_#5more': -515236.5}, {'J10': 13, 'J11': 32, 'J12': 21, 'J13': 24, 'cluster3106249630_3106249631_J60_J61_#5more': 36}, {'J10': 18, 'J11': 54, 'J12': 78, 'J13': 31, 'cluster3106249630_3106249631_J60_J61_#5more': 101}, 
4640.0, {'J10': -127061.0, 'J11': -436241.0, 'J12': -235841.5, 'J13': -65594.5, 'cluster3106249630_3106249631_J60_J61_#5more': -514647.0}, {'J10': 13, 'J11': 32, 'J12': 21, 'J13': 24, 'cluster3106249630_3106249631_J60_J61_#5more': 36}, {'J10': 18, 'J11': 54, 'J12': 78, 'J13': 31, 'cluster3106249630_3106249631_J60_J61_#5more': 98}, 
4645.0, {'J10': -127241.0, 'J11': -436781.0, 'J12': -236621.5, 'J13': -65904.5, 'cluster3106249630_3106249631_J60_J61_#5more': -514260.5}, {'J10': 13, 'J11': 32, 'J12': 21, 'J13': 24, 'cluster3106249630_3106249631_J60_J61_#5more': 36}, {'J10': 18, 'J11': 54, 'J12': 78, 'J13': 31, 'cluster3106249630_3106249631_J60_J61_#5more': 95}, 
4650.0, {'J10': -127421.0, 'J11': -437321.0, 'J12': -235647.5, 'J13': -66223.5, 'cluster3106249630_3106249631_J60_J61_#5more': -515216.5}, {'J10': 13, 'J11': 32, 'J12': 21, 'J13': 27, 'cluster3106249630_3106249631_J60_J61_#5more': 36}, {'J10': 18, 'J11': 54, 'J12': 76, 'J13': 34, 'cluster3106249630_3106249631_J60_J61_#5more': 98}, 
4655.0, {'J10': -127601.0, 'J11': -437861.0, 'J12': -235454.0, 'J13': -66568.0, 'cluster3106249630_3106249631_J60_J61_#5more': -516181.0}, {'J10': 13, 'J11': 32, 'J12': 21, 'J13': 28, 'cluster3106249630_3106249631_J60_J61_#5more': 36}, {'J10': 18, 'J11': 54, 'J12': 75, 'J13': 35, 'cluster3106249630_3106249631_J60_J61_#5more': 100}, 
4660.0, {'J10': -127781.0, 'J11': -438401.0, 'J12': -235723.5, 'J13': -66918.0, 'cluster3106249630_3106249631_J60_J61_#5more': -517168.5}, {'J10': 13, 'J11': 32, 'J12': 21, 'J13': 28, 'cluster3106249630_3106249631_J60_J61_#5more': 36}, {'J10': 18, 'J11': 54, 'J12': 74, 'J13': 35, 'cluster3106249630_3106249631_J60_J61_#5more': 101}, 
4665.0, {'J10': -127961.0, 'J11': -438941.0, 'J12': -236465.0, 'J13': -67268.0, 'cluster3106249630_3106249631_J60_J61_#5more': -518178.5}, {'J10': 13, 'J11': 32, 'J12': 21, 'J13': 28, 'cluster3106249630_3106249631_J60_J61_#5more': 36}, {'J10': 18, 'J11': 54, 'J12': 75, 'J13': 35, 'cluster3106249630_3106249631_J60_J61_#5more': 101}, 
4670.0, {'J10': -128141.0, 'J11': -439481.0, 'J12': -237217.0, 'J13': -67618.0, 'cluster3106249630_3106249631_J60_J61_#5more': -519188.5}, {'J10': 13, 'J11': 32, 'J12': 21, 'J13': 28, 'cluster3106249630_3106249631_J60_J61_#5more': 36}, {'J10': 18, 'J11': 54, 'J12': 76, 'J13': 35, 'cluster3106249630_3106249631_J60_J61_#5more': 101}, 
4675.0, {'J10': -128321.0, 'J11': -440021.0, 'J12': -237982.0, 'J13': -67968.0, 'cluster3106249630_3106249631_J60_J61_#5more': -520198.5}, {'J10': 13, 'J11': 32, 'J12': 21, 'J13': 28, 'cluster3106249630_3106249631_J60_J61_#5more': 36}, {'J10': 18, 'J11': 54, 'J12': 78, 'J13': 35, 'cluster3106249630_3106249631_J60_J61_#5more': 101}, 
4680.0, {'J10': -128501.0, 'J11': -440561.0, 'J12': -238764.0, 'J13': -68318.0, 'cluster3106249630_3106249631_J60_J61_#5more': -521208.5}, {'J10': 13, 'J11': 32, 'J12': 21, 'J13': 28, 'cluster3106249630_3106249631_J60_J61_#5more': 36}, {'J10': 18, 'J11': 54, 'J12': 80, 'J13': 35, 'cluster3106249630_3106249631_J60_J61_#5more': 101}, 
4685.0, {'J10': -128681.0, 'J11': -441101.0, 'J12': -237833.5, 'J13': -68668.0, 'cluster3106249630_3106249631_J60_J61_#5more': -522218.5}, {'J10': 13, 'J11': 32, 'J12': 21, 'J13': 28, 'cluster3106249630_3106249631_J60_J61_#5more': 36}, {'J10': 18, 'J11': 54, 'J12': 76, 'J13': 35, 'cluster3106249630_3106249631_J60_J61_#5more': 101}, 
4690.0, {'J10': -128861.0, 'J11': -441641.0, 'J12': -238627.5, 'J13': -67164.0, 'cluster3106249630_3106249631_J60_J61_#5more': -523228.5}, {'J10': 13, 'J11': 32, 'J12': 21, 'J13': 26, 'cluster3106249630_3106249631_J60_J61_#5more': 36}, {'J10': 18, 'J11': 54, 'J12': 77, 'J13': 33, 'cluster3106249630_3106249631_J60_J61_#5more': 101}, 
4695.0, {'J10': -129041.0, 'J11': -442181.0, 'J12': -239402.5, 'J13': -67494.0, 'cluster3106249630_3106249631_J60_J61_#5more': -524238.5}, {'J10': 13, 'J11': 32, 'J12': 21, 'J13': 26, 'cluster3106249630_3106249631_J60_J61_#5more': 36}, {'J10': 18, 'J11': 54, 'J12': 80, 'J13': 33, 'cluster3106249630_3106249631_J60_J61_#5more': 101}, 
4700.0, {'J10': -129221.0, 'J11': -442721.0, 'J12': -240210.5, 'J13': -67824.0, 'cluster3106249630_3106249631_J60_J61_#5more': -519614.0}, {'J10': 13, 'J11': 32, 'J12': 21, 'J13': 26, 'cluster3106249630_3106249631_J60_J61_#5more': 36}, {'J10': 18, 'J11': 54, 'J12': 82, 'J13': 33, 'cluster3106249630_3106249631_J60_J61_#5more': 100}, 
4705.0, {'J10': -129401.0, 'J11': -443261.0, 'J12': -240127.5, 'J13': -68154.0, 'cluster3106249630_3106249631_J60_J61_#5more': -520614.0}, {'J10': 13, 'J11': 32, 'J12': 21, 'J13': 26, 'cluster3106249630_3106249631_J60_J61_#5more': 36}, {'J10': 18, 'J11': 54, 'J12': 81, 'J13': 33, 'cluster3106249630_3106249631_J60_J61_#5more': 100}, 
4710.0, {'J10': -129581.0, 'J11': -443801.0, 'J12': -240363.5, 'J13': -68484.0, 'cluster3106249630_3106249631_J60_J61_#5more': -514221.0}, {'J10': 13, 'J11': 32, 'J12': 21, 'J13': 26, 'cluster3106249630_3106249631_J60_J61_#5more': 36}, {'J10': 18, 'J11': 54, 'J12': 80, 'J13': 33, 'cluster3106249630_3106249631_J60_J61_#5more': 99}, 
4715.0, {'J10': -129761.0, 'J11': -444341.0, 'J12': -241163.5, 'J13': -68823.0, 'cluster3106249630_3106249631_J60_J61_#5more': -515211.0}, {'J10': 13, 'J11': 32, 'J12': 21, 'J13': 28, 'cluster3106249630_3106249631_J60_J61_#5more': 36}, {'J10': 18, 'J11': 54, 'J12': 80, 'J13': 35, 'cluster3106249630_3106249631_J60_J61_#5more': 99}, 
4720.0, {'J10': -129941.0, 'J11': -444881.0, 'J12': -241963.5, 'J13': -69173.0, 'cluster3106249630_3106249631_J60_J61_#5more': -516201.0}, {'J10': 13, 'J11': 32, 'J12': 21, 'J13': 28, 'cluster3106249630_3106249631_J60_J61_#5more': 36}, {'J10': 18, 'J11': 54, 'J12': 80, 'J13': 35, 'cluster3106249630_3106249631_J60_J61_#5more': 99}, 
4725.0, {'J10': -130121.0, 'J11': -445421.0, 'J12': -242161.5, 'J13': -69523.0, 'cluster3106249630_3106249631_J60_J61_#5more': -517191.0}, {'J10': 13, 'J11': 32, 'J12': 21, 'J13': 28, 'cluster3106249630_3106249631_J60_J61_#5more': 36}, {'J10': 18, 'J11': 54, 'J12': 80, 'J13': 35, 'cluster3106249630_3106249631_J60_J61_#5more': 99}, 
4730.0, {'J10': -130301.0, 'J11': -445961.0, 'J12': -242961.5, 'J13': -69873.0, 'cluster3106249630_3106249631_J60_J61_#5more': -518187.5}, {'J10': 13, 'J11': 32, 'J12': 21, 'J13': 28, 'cluster3106249630_3106249631_J60_J61_#5more': 36}, {'J10': 18, 'J11': 54, 'J12': 80, 'J13': 35, 'cluster3106249630_3106249631_J60_J61_#5more': 101}, 
4735.0, {'J10': -130481.0, 'J11': -446501.0, 'J12': -243761.5, 'J13': -70223.0, 'cluster3106249630_3106249631_J60_J61_#5more': -519197.5}, {'J10': 13, 'J11': 32, 'J12': 21, 'J13': 28, 'cluster3106249630_3106249631_J60_J61_#5more': 36}, {'J10': 18, 'J11': 54, 'J12': 80, 'J13': 35, 'cluster3106249630_3106249631_J60_J61_#5more': 101}, 
4740.0, {'J10': -130661.0, 'J11': -447041.0, 'J12': -244561.5, 'J13': -70573.0, 'cluster3106249630_3106249631_J60_J61_#5more': -520207.5}, {'J10': 13, 'J11': 32, 'J12': 21, 'J13': 28, 'cluster3106249630_3106249631_J60_J61_#5more': 36}, {'J10': 18, 'J11': 54, 'J12': 80, 'J13': 35, 'cluster3106249630_3106249631_J60_J61_#5more': 101}, 
4745.0, {'J10': -130841.0, 'J11': -447581.0, 'J12': -245368.0, 'J13': -70923.0, 'cluster3106249630_3106249631_J60_J61_#5more': -521217.5}, {'J10': 13, 'J11': 32, 'J12': 21, 'J13': 28, 'cluster3106249630_3106249631_J60_J61_#5more': 36}, {'J10': 18, 'J11': 54, 'J12': 82, 'J13': 35, 'cluster3106249630_3106249631_J60_J61_#5more': 101}, 
4750.0, {'J10': -131021.0, 'J11': -448121.0, 'J12': -242887.0, 'J13': -71273.0, 'cluster3106249630_3106249631_J60_J61_#5more': -522227.5}, {'J10': 13, 'J11': 32, 'J12': 21, 'J13': 28, 'cluster3106249630_3106249631_J60_J61_#5more': 36}, {'J10': 18, 'J11': 54, 'J12': 77, 'J13': 35, 'cluster3106249630_3106249631_J60_J61_#5more': 101}, 
4755.0, {'J10': -131201.0, 'J11': -448661.0, 'J12': -243657.0, 'J13': -69645.5, 'cluster3106249630_3106249631_J60_J61_#5more': -523237.5}, {'J10': 13, 'J11': 32, 'J12': 21, 'J13': 26, 'cluster3106249630_3106249631_J60_J61_#5more': 36}, {'J10': 18, 'J11': 54, 'J12': 77, 'J13': 33, 'cluster3106249630_3106249631_J60_J61_#5more': 101}, 
4760.0, {'J10': -131381.0, 'J11': -449201.0, 'J12': -244428.5, 'J13': -69975.5, 'cluster3106249630_3106249631_J60_J61_#5more': -524247.5}, {'J10': 13, 'J11': 32, 'J12': 21, 'J13': 26, 'cluster3106249630_3106249631_J60_J61_#5more': 36}, {'J10': 18, 'J11': 54, 'J12': 79, 'J13': 33, 'cluster3106249630_3106249631_J60_J61_#5more': 101}, 
4765.0, {'J10': -131561.0, 'J11': -449741.0, 'J12': -245227.5, 'J13': -70305.5, 'cluster3106249630_3106249631_J60_J61_#5more': -525257.5}, {'J10': 13, 'J11': 32, 'J12': 21, 'J13': 26, 'cluster3106249630_3106249631_J60_J61_#5more': 36}, {'J10': 18, 'J11': 54, 'J12': 81, 'J13': 33, 'cluster3106249630_3106249631_J60_J61_#5more': 101}, 
4770.0, {'J10': -131741.0, 'J11': -450281.0, 'J12': -244954.5, 'J13': -70635.5, 'cluster3106249630_3106249631_J60_J61_#5more': -522689.0}, {'J10': 13, 'J11': 32, 'J12': 21, 'J13': 26, 'cluster3106249630_3106249631_J60_J61_#5more': 36}, {'J10': 18, 'J11': 54, 'J12': 80, 'J13': 33, 'cluster3106249630_3106249631_J60_J61_#5more': 95}, 
4775.0, {'J10': -131921.0, 'J11': -450821.0, 'J12': -245754.5, 'J13': -70969.5, 'cluster3106249630_3106249631_J60_J61_#5more': -523639.0}, {'J10': 13, 'J11': 32, 'J12': 21, 'J13': 28, 'cluster3106249630_3106249631_J60_J61_#5more': 36}, {'J10': 18, 'J11': 54, 'J12': 80, 'J13': 35, 'cluster3106249630_3106249631_J60_J61_#5more': 95}, 
4780.0, {'J10': -132101.0, 'J11': -451361.0, 'J12': -246554.5, 'J13': -71319.5, 'cluster3106249630_3106249631_J60_J61_#5more': -524589.0}, {'J10': 13, 'J11': 32, 'J12': 21, 'J13': 28, 'cluster3106249630_3106249631_J60_J61_#5more': 36}, {'J10': 18, 'J11': 54, 'J12': 80, 'J13': 35, 'cluster3106249630_3106249631_J60_J61_#5more': 95}, 
4785.0, {'J10': -132281.0, 'J11': -451901.0, 'J12': -245920.5, 'J13': -71669.5, 'cluster3106249630_3106249631_J60_J61_#5more': -525550.0}, {'J10': 13, 'J11': 32, 'J12': 21, 'J13': 28, 'cluster3106249630_3106249631_J60_J61_#5more': 36}, {'J10': 18, 'J11': 54, 'J12': 79, 'J13': 35, 'cluster3106249630_3106249631_J60_J61_#5more': 100}, 
4790.0, {'J10': -132461.0, 'J11': -452441.0, 'J12': -244644.0, 'J13': -72019.5, 'cluster3106249630_3106249631_J60_J61_#5more': -526554.5}, {'J10': 13, 'J11': 32, 'J12': 21, 'J13': 28, 'cluster3106249630_3106249631_J60_J61_#5more': 36}, {'J10': 18, 'J11': 54, 'J12': 76, 'J13': 35, 'cluster3106249630_3106249631_J60_J61_#5more': 101}, 
4795.0, {'J10': -132641.0, 'J11': -452981.0, 'J12': -244388.0, 'J13': -72369.5, 'cluster3106249630_3106249631_J60_J61_#5more': -527564.5}, {'J10': 13, 'J11': 32, 'J12': 21, 'J13': 28, 'cluster3106249630_3106249631_J60_J61_#5more': 36}, {'J10': 18, 'J11': 54, 'J12': 73, 'J13': 35, 'cluster3106249630_3106249631_J60_J61_#5more': 101}, 
4800.0, {'J10': -132821.0, 'J11': -453521.0, 'J12': -245118.0, 'J13': -72719.5, 'cluster3106249630_3106249631_J60_J61_#5more': -528574.5}, {'J10': 13, 'J11': 32, 'J12': 21, 'J13': 28, 'cluster3106249630_3106249631_J60_J61_#5more': 36}, {'J10': 18, 'J11': 54, 'J12': 73, 'J13': 35, 'cluster3106249630_3106249631_J60_J61_#5more': 101}, 
4805.0, {'J10': -133001.0, 'J11': -454061.0, 'J12': -245849.5, 'J13': -73069.5, 'cluster3106249630_3106249631_J60_J61_#5more': -529584.5}, {'J10': 13, 'J11': 32, 'J12': 21, 'J13': 28, 'cluster3106249630_3106249631_J60_J61_#5more': 36}, {'J10': 18, 'J11': 54, 'J12': 74, 'J13': 35, 'cluster3106249630_3106249631_J60_J61_#5more': 101}, 
4810.0, {'J10': -133181.0, 'J11': -454601.0, 'J12': -246607.5, 'J13': -73419.5, 'cluster3106249630_3106249631_J60_J61_#5more': -530594.5}, {'J10': 13, 'J11': 32, 'J12': 21, 'J13': 28, 'cluster3106249630_3106249631_J60_J61_#5more': 36}, {'J10': 18, 'J11': 54, 'J12': 80, 'J13': 35, 'cluster3106249630_3106249631_J60_J61_#5more': 101}, 
4815.0, {'J10': -133361.0, 'J11': -455141.0, 'J12': -242707.5, 'J13': -73769.5, 'cluster3106249630_3106249631_J60_J61_#5more': -531604.5}, {'J10': 13, 'J11': 32, 'J12': 21, 'J13': 28, 'cluster3106249630_3106249631_J60_J61_#5more': 36}, {'J10': 18, 'J11': 54, 'J12': 75, 'J13': 35, 'cluster3106249630_3106249631_J60_J61_#5more': 101}, 
4820.0, {'J10': -133541.0, 'J11': -455681.0, 'J12': -243083.0, 'J13': -71131.0, 'cluster3106249630_3106249631_J60_J61_#5more': -532614.5}, {'J10': 13, 'J11': 32, 'J12': 21, 'J13': 25, 'cluster3106249630_3106249631_J60_J61_#5more': 36}, {'J10': 18, 'J11': 54, 'J12': 74, 'J13': 32, 'cluster3106249630_3106249631_J60_J61_#5more': 101}, 
4825.0, {'J10': -133721.0, 'J11': -456221.0, 'J12': -243824.0, 'J13': -71451.0, 'cluster3106249630_3106249631_J60_J61_#5more': -522069.0}, {'J10': 13, 'J11': 32, 'J12': 21, 'J13': 25, 'cluster3106249630_3106249631_J60_J61_#5more': 36}, {'J10': 18, 'J11': 54, 'J12': 76, 'J13': 32, 'cluster3106249630_3106249631_J60_J61_#5more': 99}, 
4830.0, {'J10': -133901.0, 'J11': -456761.0, 'J12': -244598.0, 'J13': -71771.0, 'cluster3106249630_3106249631_J60_J61_#5more': -515548.5}, {'J10': 13, 'J11': 32, 'J12': 21, 'J13': 25, 'cluster3106249630_3106249631_J60_J61_#5more': 36}, {'J10': 18, 'J11': 54, 'J12': 79, 'J13': 32, 'cluster3106249630_3106249631_J60_J61_#5more': 98}, 
4835.0, {'J10': -134081.0, 'J11': -457301.0, 'J12': -244747.0, 'J13': -72091.0, 'cluster3106249630_3106249631_J60_J61_#5more': -516528.5}, {'J10': 13, 'J11': 32, 'J12': 21, 'J13': 25, 'cluster3106249630_3106249631_J60_J61_#5more': 36}, {'J10': 18, 'J11': 54, 'J12': 78, 'J13': 32, 'cluster3106249630_3106249631_J60_J61_#5more': 98}, 
4840.0, {'J10': -134261.0, 'J11': -457841.0, 'J12': -244553.0, 'J13': -72411.0, 'cluster3106249630_3106249631_J60_J61_#5more': -517508.5}, {'J10': 13, 'J11': 32, 'J12': 21, 'J13': 25, 'cluster3106249630_3106249631_J60_J61_#5more': 36}, {'J10': 18, 'J11': 54, 'J12': 77, 'J13': 32, 'cluster3106249630_3106249631_J60_J61_#5more': 98}, 
4845.0, {'J10': -134441.0, 'J11': -458381.0, 'J12': -245323.0, 'J13': -72736.0, 'cluster3106249630_3106249631_J60_J61_#5more': -518488.5}, {'J10': 13, 'J11': 32, 'J12': 21, 'J13': 26, 'cluster3106249630_3106249631_J60_J61_#5more': 36}, {'J10': 18, 'J11': 54, 'J12': 77, 'J13': 33, 'cluster3106249630_3106249631_J60_J61_#5more': 98}, 
4850.0, {'J10': -134621.0, 'J11': -458921.0, 'J12': -246093.0, 'J13': -73072.0, 'cluster3106249630_3106249631_J60_J61_#5more': -519471.0}, {'J10': 13, 'J11': 32, 'J12': 21, 'J13': 28, 'cluster3106249630_3106249631_J60_J61_#5more': 36}, {'J10': 18, 'J11': 54, 'J12': 77, 'J13': 35, 'cluster3106249630_3106249631_J60_J61_#5more': 100}, 
4855.0, {'J10': -134801.0, 'J11': -459461.0, 'J12': -245861.0, 'J13': -73422.0, 'cluster3106249630_3106249631_J60_J61_#5more': -520471.0}, {'J10': 13, 'J11': 32, 'J12': 21, 'J13': 28, 'cluster3106249630_3106249631_J60_J61_#5more': 36}, {'J10': 18, 'J11': 54, 'J12': 77, 'J13': 35, 'cluster3106249630_3106249631_J60_J61_#5more': 100}, 
4860.0, {'J10': -134981.0, 'J11': -460001.0, 'J12': -246631.0, 'J13': -73772.0, 'cluster3106249630_3106249631_J60_J61_#5more': -521471.0}, {'J10': 13, 'J11': 32, 'J12': 21, 'J13': 28, 'cluster3106249630_3106249631_J60_J61_#5more': 36}, {'J10': 18, 'J11': 54, 'J12': 77, 'J13': 35, 'cluster3106249630_3106249631_J60_J61_#5more': 100}, 
4865.0, {'J10': -135161.0, 'J11': -460541.0, 'J12': -247401.0, 'J13': -74122.0, 'cluster3106249630_3106249631_J60_J61_#5more': -522471.0}, {'J10': 13, 'J11': 32, 'J12': 21, 'J13': 28, 'cluster3106249630_3106249631_J60_J61_#5more': 36}, {'J10': 18, 'J11': 54, 'J12': 77, 'J13': 35, 'cluster3106249630_3106249631_J60_J61_#5more': 100}, 
4870.0, {'J10': -135341.0, 'J11': -461081.0, 'J12': -248174.5, 'J13': -74472.0, 'cluster3106249630_3106249631_J60_J61_#5more': -523471.0}, {'J10': 13, 'J11': 32, 'J12': 21, 'J13': 28, 'cluster3106249630_3106249631_J60_J61_#5more': 36}, {'J10': 18, 'J11': 54, 'J12': 79, 'J13': 35, 'cluster3106249630_3106249631_J60_J61_#5more': 100}, 
4875.0, {'J10': -135521.0, 'J11': -461621.0, 'J12': -248964.5, 'J13': -74822.0, 'cluster3106249630_3106249631_J60_J61_#5more': -524471.0}, {'J10': 13, 'J11': 32, 'J12': 21, 'J13': 28, 'cluster3106249630_3106249631_J60_J61_#5more': 36}, {'J10': 18, 'J11': 54, 'J12': 79, 'J13': 35, 'cluster3106249630_3106249631_J60_J61_#5more': 100}, 
4880.0, {'J10': -135701.0, 'J11': -462161.0, 'J12': -248285.5, 'J13': -75172.0, 'cluster3106249630_3106249631_J60_J61_#5more': -525471.0}, {'J10': 13, 'J11': 32, 'J12': 21, 'J13': 28, 'cluster3106249630_3106249631_J60_J61_#5more': 36}, {'J10': 18, 'J11': 54, 'J12': 75, 'J13': 35, 'cluster3106249630_3106249631_J60_J61_#5more': 100}, 
4885.0, {'J10': -135881.0, 'J11': -462701.0, 'J12': -249035.5, 'J13': -73403.5, 'cluster3106249630_3106249631_J60_J61_#5more': -526471.0}, {'J10': 13, 'J11': 32, 'J12': 21, 'J13': 26, 'cluster3106249630_3106249631_J60_J61_#5more': 36}, {'J10': 18, 'J11': 54, 'J12': 75, 'J13': 33, 'cluster3106249630_3106249631_J60_J61_#5more': 100}, 
4890.0, {'J10': -136061.0, 'J11': -463241.0, 'J12': -249795.5, 'J13': -71720.5, 'cluster3106249630_3106249631_J60_J61_#5more': -527471.0}, {'J10': 13, 'J11': 32, 'J12': 21, 'J13': 24, 'cluster3106249630_3106249631_J60_J61_#5more': 36}, {'J10': 18, 'J11': 54, 'J12': 79, 'J13': 31, 'cluster3106249630_3106249631_J60_J61_#5more': 100}, 
4895.0, {'J10': -136241.0, 'J11': -463781.0, 'J12': -250594.0, 'J13': -72030.5, 'cluster3106249630_3106249631_J60_J61_#5more': -528471.0}, {'J10': 13, 'J11': 32, 'J12': 21, 'J13': 24, 'cluster3106249630_3106249631_J60_J61_#5more': 36}, {'J10': 18, 'J11': 54, 'J12': 81, 'J13': 31, 'cluster3106249630_3106249631_J60_J61_#5more': 100}, 
4900.0, {'J10': -136421.0, 'J11': -464321.0, 'J12': -250962.5, 'J13': -72340.5, 'cluster3106249630_3106249631_J60_J61_#5more': -525742.5}, {'J10': 13, 'J11': 32, 'J12': 21, 'J13': 24, 'cluster3106249630_3106249631_J60_J61_#5more': 36}, {'J10': 18, 'J11': 54, 'J12': 80, 'J13': 31, 'cluster3106249630_3106249631_J60_J61_#5more': 95}, 
4905.0, {'J10': -136601.0, 'J11': -464861.0, 'J12': -250665.5, 'J13': -72650.5, 'cluster3106249630_3106249631_J60_J61_#5more': -526060.0}, {'J10': 13, 'J11': 32, 'J12': 21, 'J13': 24, 'cluster3106249630_3106249631_J60_J61_#5more': 36}, {'J10': 18, 'J11': 54, 'J12': 77, 'J13': 31, 'cluster3106249630_3106249631_J60_J61_#5more': 94}, 
4910.0, {'J10': -136781.0, 'J11': -465401.0, 'J12': -250769.0, 'J13': -72967.0, 'cluster3106249630_3106249631_J60_J61_#5more': -527008.0}, {'J10': 13, 'J11': 32, 'J12': 21, 'J13': 26, 'cluster3106249630_3106249631_J60_J61_#5more': 36}, {'J10': 18, 'J11': 54, 'J12': 74, 'J13': 33, 'cluster3106249630_3106249631_J60_J61_#5more': 97}, 
4915.0, {'J10': -136961.0, 'J11': -465941.0, 'J12': -251086.5, 'J13': -73304.5, 'cluster3106249630_3106249631_J60_J61_#5more': -527960.5}, {'J10': 13, 'J11': 32, 'J12': 21, 'J13': 28, 'cluster3106249630_3106249631_J60_J61_#5more': 36}, {'J10': 18, 'J11': 54, 'J12': 72, 'J13': 35, 'cluster3106249630_3106249631_J60_J61_#5more': 99}, 
4920.0, {'J10': -137141.0, 'J11': -466481.0, 'J12': -251808.5, 'J13': -73654.5, 'cluster3106249630_3106249631_J60_J61_#5more': -528938.0}, {'J10': 13, 'J11': 32, 'J12': 21, 'J13': 28, 'cluster3106249630_3106249631_J60_J61_#5more': 36}, {'J10': 18, 'J11': 54, 'J12': 73, 'J13': 35, 'cluster3106249630_3106249631_J60_J61_#5more': 100}, 
4925.0, {'J10': -137321.0, 'J11': -467021.0, 'J12': -252554.5, 'J13': -74004.5, 'cluster3106249630_3106249631_J60_J61_#5more': -529938.0}, {'J10': 13, 'J11': 32, 'J12': 21, 'J13': 28, 'cluster3106249630_3106249631_J60_J61_#5more': 36}, {'J10': 18, 'J11': 54, 'J12': 78, 'J13': 35, 'cluster3106249630_3106249631_J60_J61_#5more': 100}, 
4930.0, {'J10': -137501.0, 'J11': -467561.0, 'J12': -253339.5, 'J13': -74354.5, 'cluster3106249630_3106249631_J60_J61_#5more': -530938.0}, {'J10': 13, 'J11': 32, 'J12': 21, 'J13': 28, 'cluster3106249630_3106249631_J60_J61_#5more': 36}, {'J10': 18, 'J11': 54, 'J12': 79, 'J13': 35, 'cluster3106249630_3106249631_J60_J61_#5more': 100}, 
4935.0, {'J10': -137681.0, 'J11': -468101.0, 'J12': -254129.5, 'J13': -74704.5, 'cluster3106249630_3106249631_J60_J61_#5more': -531938.0}, {'J10': 13, 'J11': 32, 'J12': 21, 'J13': 28, 'cluster3106249630_3106249631_J60_J61_#5more': 36}, {'J10': 18, 'J11': 54, 'J12': 79, 'J13': 35, 'cluster3106249630_3106249631_J60_J61_#5more': 100}, 
4940.0, {'J10': -137861.0, 'J11': -468641.0, 'J12': -254919.5, 'J13': -75054.5, 'cluster3106249630_3106249631_J60_J61_#5more': -532938.0}, {'J10': 13, 'J11': 32, 'J12': 21, 'J13': 28, 'cluster3106249630_3106249631_J60_J61_#5more': 36}, {'J10': 18, 'J11': 54, 'J12': 79, 'J13': 35, 'cluster3106249630_3106249631_J60_J61_#5more': 100}, 
4945.0, {'J10': -138041.0, 'J11': -469181.0, 'J12': -250758.0, 'J13': -75404.5, 'cluster3106249630_3106249631_J60_J61_#5more': -533938.0}, {'J10': 13, 'J11': 32, 'J12': 21, 'J13': 28, 'cluster3106249630_3106249631_J60_J61_#5more': 36}, {'J10': 18, 'J11': 54, 'J12': 74, 'J13': 35, 'cluster3106249630_3106249631_J60_J61_#5more': 100}, 
4950.0, {'J10': -138221.0, 'J11': -469721.0, 'J12': -251123.5, 'J13': -73516.5, 'cluster3106249630_3106249631_J60_J61_#5more': -534938.0}, {'J10': 13, 'J11': 32, 'J12': 21, 'J13': 26, 'cluster3106249630_3106249631_J60_J61_#5more': 36}, {'J10': 18, 'J11': 54, 'J12': 73, 'J13': 33, 'cluster3106249630_3106249631_J60_J61_#5more': 100}, 
4955.0, {'J10': -138401.0, 'J11': -470261.0, 'J12': -251855.0, 'J13': -71710.5, 'cluster3106249630_3106249631_J60_J61_#5more': -535938.0}, {'J10': 13, 'J11': 32, 'J12': 21, 'J13': 24, 'cluster3106249630_3106249631_J60_J61_#5more': 36}, {'J10': 18, 'J11': 54, 'J12': 75, 'J13': 31, 'cluster3106249630_3106249631_J60_J61_#5more': 100}, 
4960.0, {'J10': -138581.0, 'J11': -470801.0, 'J12': -252613.5, 'J13': -72020.5, 'cluster3106249630_3106249631_J60_J61_#5more': -536938.0}, {'J10': 13, 'J11': 32, 'J12': 21, 'J13': 24, 'cluster3106249630_3106249631_J60_J61_#5more': 36}, {'J10': 18, 'J11': 54, 'J12': 77, 'J13': 31, 'cluster3106249630_3106249631_J60_J61_#5more': 100}, 
4965.0, {'J10': -138761.0, 'J11': -471341.0, 'J12': -253383.5, 'J13': -72330.5, 'cluster3106249630_3106249631_J60_J61_#5more': -537938.0}, {'J10': 13, 'J11': 32, 'J12': 21, 'J13': 24, 'cluster3106249630_3106249631_J60_J61_#5more': 36}, {'J10': 18, 'J11': 54, 'J12': 77, 'J13': 31, 'cluster3106249630_3106249631_J60_J61_#5more': 100}, 
4970.0, {'J10': -138941.0, 'J11': -471881.0, 'J12': -254153.5, 'J13': -72640.5, 'cluster3106249630_3106249631_J60_J61_#5more': -538938.0}, {'J10': 13, 'J11': 32, 'J12': 21, 'J13': 24, 'cluster3106249630_3106249631_J60_J61_#5more': 36}, {'J10': 18, 'J11': 54, 'J12': 77, 'J13': 31, 'cluster3106249630_3106249631_J60_J61_#5more': 100}, 
4975.0, {'J10': -139121.0, 'J11': -472421.0, 'J12': -253751.5, 'J13': -72964.0, 'cluster3106249630_3106249631_J60_J61_#5more': -526899.0}, {'J10': 13, 'J11': 32, 'J12': 21, 'J13': 28, 'cluster3106249630_3106249631_J60_J61_#5more': 36}, {'J10': 18, 'J11': 54, 'J12': 76, 'J13': 35, 'cluster3106249630_3106249631_J60_J61_#5more': 98}, 
4980.0, {'J10': -139301.0, 'J11': -472961.0, 'J12': -253590.5, 'J13': -73314.0, 'cluster3106249630_3106249631_J60_J61_#5more': -527879.0}, {'J10': 13, 'J11': 32, 'J12': 21, 'J13': 28, 'cluster3106249630_3106249631_J60_J61_#5more': 36}, {'J10': 18, 'J11': 54, 'J12': 75, 'J13': 35, 'cluster3106249630_3106249631_J60_J61_#5more': 98}, 
4985.0, {'J10': -139481.0, 'J11': -473501.0, 'J12': -254344.5, 'J13': -73664.0, 'cluster3106249630_3106249631_J60_J61_#5more': -528859.0}, {'J10': 13, 'J11': 32, 'J12': 21, 'J13': 28, 'cluster3106249630_3106249631_J60_J61_#5more': 36}, {'J10': 18, 'J11': 54, 'J12': 77, 'J13': 35, 'cluster3106249630_3106249631_J60_J61_#5more': 98}, 
4990.0, {'J10': -139661.0, 'J11': -474041.0, 'J12': -255114.5, 'J13': -74014.0, 'cluster3106249630_3106249631_J60_J61_#5more': -529839.0}, {'J10': 13, 'J11': 32, 'J12': 21, 'J13': 28, 'cluster3106249630_3106249631_J60_J61_#5more': 36}, {'J10': 18, 'J11': 54, 'J12': 77, 'J13': 35, 'cluster3106249630_3106249631_J60_J61_#5more': 98}, 
4995.0, {'J10': -139841.0, 'J11': -474581.0, 'J12': -255887.5, 'J13': -74364.0, 'cluster3106249630_3106249631_J60_J61_#5more': -530819.0}, {'J10': 13, 'J11': 32, 'J12': 21, 'J13': 28, 'cluster3106249630_3106249631_J60_J61_#5more': 36}, {'J10': 18, 'J11': 54, 'J12': 79, 'J13': 35, 'cluster3106249630_3106249631_J60_J61_#5more': 98}, 
5000.0, {'J10': -140021.0, 'J11': -475121.0, 'J12': -256677.5, 'J13': -74714.0, 'cluster3106249630_3106249631_J60_J61_#5more': -531810.0}, {'J10': 13, 'J11': 32, 'J12': 21, 'J13': 28, 'cluster3106249630_3106249631_J60_J61_#5more': 36}, {'J10': 18, 'J11': 54, 'J12': 79, 'J13': 35, 'cluster3106249630_3106249631_J60_J61_#5more': 101}, 
5005.0, {'J10': -140201.0, 'J11': -475661.0, 'J12': -257467.5, 'J13': -75064.0, 'cluster3106249630_3106249631_J60_J61_#5more': -532820.0}, {'J10': 13, 'J11': 32, 'J12': 21, 'J13': 28, 'cluster3106249630_3106249631_J60_J61_#5more': 36}, {'J10': 18, 'J11': 54, 'J12': 79, 'J13': 35, 'cluster3106249630_3106249631_J60_J61_#5more': 101}, 
5010.0, {'J10': -140381.0, 'J11': -476201.0, 'J12': -257516.5, 'J13': -75414.0, 'cluster3106249630_3106249631_J60_J61_#5more': -533830.0}, {'J10': 13, 'J11': 32, 'J12': 21, 'J13': 28, 'cluster3106249630_3106249631_J60_J61_#5more': 36}, {'J10': 18, 'J11': 54, 'J12': 77, 'J13': 35, 'cluster3106249630_3106249631_J60_J61_#5more': 101}, 
5015.0, {'J10': -140561.0, 'J11': -476741.0, 'J12': -257537.5, 'J13': -73521.0, 'cluster3106249630_3106249631_J60_J61_#5more': -534840.0}, {'J10': 13, 'J11': 32, 'J12': 21, 'J13': 26, 'cluster3106249630_3106249631_J60_J61_#5more': 36}, {'J10': 18, 'J11': 54, 'J12': 75, 'J13': 33, 'cluster3106249630_3106249631_J60_J61_#5more': 101}, 
5020.0, {'J10': -140741.0, 'J11': -477281.0, 'J12': -258296.5, 'J13': -73851.0, 'cluster3106249630_3106249631_J60_J61_#5more': -535850.0}, {'J10': 13, 'J11': 32, 'J12': 21, 'J13': 26, 'cluster3106249630_3106249631_J60_J61_#5more': 36}, {'J10': 18, 'J11': 54, 'J12': 79, 'J13': 33, 'cluster3106249630_3106249631_J60_J61_#5more': 101}, 
5025.0, {'J10': -140921.0, 'J11': -477821.0, 'J12': -259094.5, 'J13': -74181.0, 'cluster3106249630_3106249631_J60_J61_#5more': -536860.0}, {'J10': 13, 'J11': 32, 'J12': 21, 'J13': 26, 'cluster3106249630_3106249631_J60_J61_#5more': 36}, {'J10': 18, 'J11': 54, 'J12': 81, 'J13': 33, 'cluster3106249630_3106249631_J60_J61_#5more': 101}, 
5030.0, {'J10': -141101.0, 'J11': -478361.0, 'J12': -259294.0, 'J13': -74511.0, 'cluster3106249630_3106249631_J60_J61_#5more': -532721.5}, {'J10': 13, 'J11': 32, 'J12': 21, 'J13': 26, 'cluster3106249630_3106249631_J60_J61_#5more': 36}, {'J10': 18, 'J11': 54, 'J12': 80, 'J13': 33, 'cluster3106249630_3106249631_J60_J61_#5more': 95}, 
5035.0, {'J10': -141281.0, 'J11': -478901.0, 'J12': -259070.0, 'J13': -74841.5, 'cluster3106249630_3106249631_J60_J61_#5more': -533671.5}, {'J10': 13, 'J11': 32, 'J12': 21, 'J13': 27, 'cluster3106249630_3106249631_J60_J61_#5more': 36}, {'J10': 18, 'J11': 54, 'J12': 77, 'J13': 34, 'cluster3106249630_3106249631_J60_J61_#5more': 95}, 
5040.0, {'J10': -141461.0, 'J11': -479441.0, 'J12': -259140.0, 'J13': -75185.5, 'cluster3106249630_3106249631_J60_J61_#5more': -534632.0}, {'J10': 13, 'J11': 32, 'J12': 21, 'J13': 28, 'cluster3106249630_3106249631_J60_J61_#5more': 36}, {'J10': 18, 'J11': 54, 'J12': 74, 'J13': 35, 'cluster3106249630_3106249631_J60_J61_#5more': 99}, 
5045.0, {'J10': -141641.0, 'J11': -479981.0, 'J12': -259645.0, 'J13': -75535.5, 'cluster3106249630_3106249631_J60_J61_#5more': -535605.5}, {'J10': 13, 'J11': 32, 'J12': 21, 'J13': 28, 'cluster3106249630_3106249631_J60_J61_#5more': 36}, {'J10': 18, 'J11': 54, 'J12': 73, 'J13': 35, 'cluster3106249630_3106249631_J60_J61_#5more': 102}, 
5050.0, {'J10': -141821.0, 'J11': -480521.0, 'J12': -258570.0, 'J13': -75885.5, 'cluster3106249630_3106249631_J60_J61_#5more': -536587.0}, {'J10': 13, 'J11': 32, 'J12': 21, 'J13': 28, 'cluster3106249630_3106249631_J60_J61_#5more': 36}, {'J10': 18, 'J11': 54, 'J12': 71, 'J13': 35, 'cluster3106249630_3106249631_J60_J61_#5more': 101}, 
5055.0, {'J10': -142001.0, 'J11': -481061.0, 'J12': -258773.5, 'J13': -76235.5, 'cluster3106249630_3106249631_J60_J61_#5more': -537597.0}, {'J10': 13, 'J11': 32, 'J12': 21, 'J13': 28, 'cluster3106249630_3106249631_J60_J61_#5more': 36}, {'J10': 18, 'J11': 54, 'J12': 68, 'J13': 35, 'cluster3106249630_3106249631_J60_J61_#5more': 101}, 
5060.0, {'J10': -142181.0, 'J11': -481601.0, 'J12': -259453.5, 'J13': -76585.5, 'cluster3106249630_3106249631_J60_J61_#5more': -538607.0}, {'J10': 13, 'J11': 32, 'J12': 21, 'J13': 28, 'cluster3106249630_3106249631_J60_J61_#5more': 36}, {'J10': 18, 'J11': 54, 'J12': 68, 'J13': 35, 'cluster3106249630_3106249631_J60_J61_#5more': 101}, 
5065.0, {'J10': -142361.0, 'J11': -482141.0, 'J12': -260133.5, 'J13': -76935.5, 'cluster3106249630_3106249631_J60_J61_#5more': -539617.0}, {'J10': 13, 'J11': 32, 'J12': 21, 'J13': 28, 'cluster3106249630_3106249631_J60_J61_#5more': 36}, {'J10': 18, 'J11': 54, 'J12': 68, 'J13': 35, 'cluster3106249630_3106249631_J60_J61_#5more': 101}, 
5070.0, {'J10': -142541.0, 'J11': -482681.0, 'J12': -260819.5, 'J13': -77285.5, 'cluster3106249630_3106249631_J60_J61_#5more': -540627.0}, {'J10': 13, 'J11': 32, 'J12': 21, 'J13': 28, 'cluster3106249630_3106249631_J60_J61_#5more': 36}, {'J10': 18, 'J11': 54, 'J12': 71, 'J13': 35, 'cluster3106249630_3106249631_J60_J61_#5more': 101}, 
5075.0, {'J10': -142721.0, 'J11': -483221.0, 'J12': -257106.0, 'J13': -77635.5, 'cluster3106249630_3106249631_J60_J61_#5more': -541637.5}, {'J10': 13, 'J11': 32, 'J12': 21, 'J13': 28, 'cluster3106249630_3106249631_J60_J61_#5more': 36}, {'J10': 18, 'J11': 54, 'J12': 69, 'J13': 35, 'cluster3106249630_3106249631_J60_J61_#5more': 102}, 
5080.0, {'J10': -142901.0, 'J11': -483761.0, 'J12': -257409.5, 'J13': -75620.0, 'cluster3106249630_3106249631_J60_J61_#5more': -542657.5}, {'J10': 13, 'J11': 32, 'J12': 21, 'J13': 26, 'cluster3106249630_3106249631_J60_J61_#5more': 36}, {'J10': 18, 'J11': 54, 'J12': 67, 'J13': 33, 'cluster3106249630_3106249631_J60_J61_#5more': 102}, 
5085.0, {'J10': -143081.0, 'J11': -484301.0, 'J12': -258079.5, 'J13': -75950.0, 'cluster3106249630_3106249631_J60_J61_#5more': -543657.0}, {'J10': 13, 'J11': 32, 'J12': 21, 'J13': 26, 'cluster3106249630_3106249631_J60_J61_#5more': 36}, {'J10': 18, 'J11': 54, 'J12': 67, 'J13': 33, 'cluster3106249630_3106249631_J60_J61_#5more': 101}, 
5090.0, {'J10': -143261.0, 'J11': -484841.0, 'J12': -258761.0, 'J13': -76280.0, 'cluster3106249630_3106249631_J60_J61_#5more': -544667.0}, {'J10': 13, 'J11': 32, 'J12': 21, 'J13': 26, 'cluster3106249630_3106249631_J60_J61_#5more': 36}, {'J10': 18, 'J11': 54, 'J12': 70, 'J13': 33, 'cluster3106249630_3106249631_J60_J61_#5more': 101}, 
5095.0, {'J10': -143441.0, 'J11': -485381.0, 'J12': -258619.0, 'J13': -76610.0, 'cluster3106249630_3106249631_J60_J61_#5more': -542285.0}, {'J10': 13, 'J11': 32, 'J12': 21, 'J13': 26, 'cluster3106249630_3106249631_J60_J61_#5more': 36}, {'J10': 18, 'J11': 54, 'J12': 69, 'J13': 33, 'cluster3106249630_3106249631_J60_J61_#5more': 97}, 
5100.0, {'J10': -143621.0, 'J11': -485921.0, 'J12': -259309.0, 'J13': -76941.0, 'cluster3106249630_3106249631_J60_J61_#5more': -541739.0}, {'J10': 13, 'J11': 32, 'J12': 21, 'J13': 27, 'cluster3106249630_3106249631_J60_J61_#5more': 36}, {'J10': 18, 'J11': 54, 'J12': 69, 'J13': 34, 'cluster3106249630_3106249631_J60_J61_#5more': 95}, 
5105.0, {'J10': -143801.0, 'J11': -486461.0, 'J12': -259999.0, 'J13': -77286.0, 'cluster3106249630_3106249631_J60_J61_#5more': -542690.0}, {'J10': 13, 'J11': 32, 'J12': 21, 'J13': 28, 'cluster3106249630_3106249631_J60_J61_#5more': 36}, {'J10': 18, 'J11': 54, 'J12': 69, 'J13': 35, 'cluster3106249630_3106249631_J60_J61_#5more': 96}, 
5110.0, {'J10': -143981.0, 'J11': -487001.0, 'J12': -259807.0, 'J13': -77636.0, 'cluster3106249630_3106249631_J60_J61_#5more': -543649.5}, {'J10': 13, 'J11': 32, 'J12': 21, 'J13': 28, 'cluster3106249630_3106249631_J60_J61_#5more': 36}, {'J10': 18, 'J11': 54, 'J12': 68, 'J13': 35, 'cluster3106249630_3106249631_J60_J61_#5more': 99}, 
5115.0, {'J10': -144161.0, 'J11': -487541.0, 'J12': -258645.0, 'J13': -77986.0, 'cluster3106249630_3106249631_J60_J61_#5more': -544648.0}, {'J10': 13, 'J11': 32, 'J12': 21, 'J13': 28, 'cluster3106249630_3106249631_J60_J61_#5more': 36}, {'J10': 18, 'J11': 54, 'J12': 65, 'J13': 35, 'cluster3106249630_3106249631_J60_J61_#5more': 101}, 
5120.0, {'J10': -144341.0, 'J11': -488081.0, 'J12': -259299.5, 'J13': -78336.0, 'cluster3106249630_3106249631_J60_J61_#5more': -545658.0}, {'J10': 13, 'J11': 32, 'J12': 21, 'J13': 28, 'cluster3106249630_3106249631_J60_J61_#5more': 36}, {'J10': 18, 'J11': 54, 'J12': 67, 'J13': 35, 'cluster3106249630_3106249631_J60_J61_#5more': 101}, 
5125.0, {'J10': -144521.0, 'J11': -488621.0, 'J12': -259974.5, 'J13': -78686.0, 'cluster3106249630_3106249631_J60_J61_#5more': -546668.0}, {'J10': 13, 'J11': 32, 'J12': 21, 'J13': 28, 'cluster3106249630_3106249631_J60_J61_#5more': 36}, {'J10': 18, 'J11': 54, 'J12': 69, 'J13': 35, 'cluster3106249630_3106249631_J60_J61_#5more': 101}, 
5130.0, {'J10': -144701.0, 'J11': -489161.0, 'J12': -260676.5, 'J13': -79036.0, 'cluster3106249630_3106249631_J60_J61_#5more': -547678.0}, {'J10': 13, 'J11': 32, 'J12': 21, 'J13': 28, 'cluster3106249630_3106249631_J60_J61_#5more': 36}, {'J10': 18, 'J11': 54, 'J12': 73, 'J13': 35, 'cluster3106249630_3106249631_J60_J61_#5more': 101}, 
5135.0, {'J10': -144881.0, 'J11': -489701.0, 'J12': -261415.5, 'J13': -79386.0, 'cluster3106249630_3106249631_J60_J61_#5more': -548688.0}, {'J10': 13, 'J11': 32, 'J12': 21, 'J13': 28, 'cluster3106249630_3106249631_J60_J61_#5more': 36}, {'J10': 18, 'J11': 54, 'J12': 75, 'J13': 35, 'cluster3106249630_3106249631_J60_J61_#5more': 101}, 
5140.0, {'J10': -145061.0, 'J11': -490241.0, 'J12': -262166.0, 'J13': -79736.0, 'cluster3106249630_3106249631_J60_J61_#5more': -549698.0}, {'J10': 13, 'J11': 32, 'J12': 21, 'J13': 28, 'cluster3106249630_3106249631_J60_J61_#5more': 36}, {'J10': 18, 'J11': 54, 'J12': 76, 'J13': 35, 'cluster3106249630_3106249631_J60_J61_#5more': 101}, 
5145.0, {'J10': -145241.0, 'J11': -490781.0, 'J12': -262481.0, 'J13': -77716.0, 'cluster3106249630_3106249631_J60_J61_#5more': -550708.0}, {'J10': 13, 'J11': 32, 'J12': 21, 'J13': 26, 'cluster3106249630_3106249631_J60_J61_#5more': 36}, {'J10': 18, 'J11': 54, 'J12': 78, 'J13': 33, 'cluster3106249630_3106249631_J60_J61_#5more': 101}, 
5150.0, {'J10': -145421.0, 'J11': -491321.0, 'J12': -263266.0, 'J13': -78046.0, 'cluster3106249630_3106249631_J60_J61_#5more': -551718.0}, {'J10': 13, 'J11': 32, 'J12': 21, 'J13': 26, 'cluster3106249630_3106249631_J60_J61_#5more': 36}, {'J10': 18, 'J11': 54, 'J12': 79, 'J13': 33, 'cluster3106249630_3106249631_J60_J61_#5more': 101}, 
5155.0, {'J10': -145601.0, 'J11': -491863.0, 'J12': -264056.0, 'J13': -78376.0, 'cluster3106249630_3106249631_J60_J61_#5more': -552728.0}, {'J10': 13, 'J11': 32, 'J12': 21, 'J13': 26, 'cluster3106249630_3106249631_J60_J61_#5more': 36}, {'J10': 18, 'J11': 55, 'J12': 79, 'J13': 33, 'cluster3106249630_3106249631_J60_J61_#5more': 101}, 
5160.0, {'J10': -145781.0, 'J11': -492403.0, 'J12': -264846.0, 'J13': -78706.0, 'cluster3106249630_3106249631_J60_J61_#5more': -553738.0}, {'J10': 13, 'J11': 32, 'J12': 21, 'J13': 26, 'cluster3106249630_3106249631_J60_J61_#5more': 36}, {'J10': 18, 'J11': 55, 'J12': 79, 'J13': 33, 'cluster3106249630_3106249631_J60_J61_#5more': 101}, 
5165.0, {'J10': -145961.0, 'J11': -492941.0, 'J12': -265639.0, 'J13': -79038.5, 'cluster3106249630_3106249631_J60_J61_#5more': -541074.5}, {'J10': 13, 'J11': 32, 'J12': 21, 'J13': 28, 'cluster3106249630_3106249631_J60_J61_#5more': 36}, {'J10': 18, 'J11': 54, 'J12': 80, 'J13': 35, 'cluster3106249630_3106249631_J60_J61_#5more': 99}, 
5170.0, {'J10': -146141.0, 'J11': -493481.0, 'J12': -266439.0, 'J13': -79388.5, 'cluster3106249630_3106249631_J60_J61_#5more': -542238.0}, {'J10': 13, 'J11': 32, 'J12': 21, 'J13': 28, 'cluster3106249630_3106249631_J60_J61_#5more': 36}, {'J10': 18, 'J11': 54, 'J12': 80, 'J13': 35, 'cluster3106249630_3106249631_J60_J61_#5more': 100}, 
5175.0, {'J10': -146321.0, 'J11': -494021.0, 'J12': -267239.0, 'J13': -79738.5, 'cluster3106249630_3106249631_J60_J61_#5more': -543238.0}, {'J10': 13, 'J11': 32, 'J12': 21, 'J13': 28, 'cluster3106249630_3106249631_J60_J61_#5more': 36}, {'J10': 18, 'J11': 54, 'J12': 80, 'J13': 35, 'cluster3106249630_3106249631_J60_J61_#5more': 100}, 
5180.0, {'J10': -146501.0, 'J11': -494561.0, 'J12': -268039.0, 'J13': -80088.5, 'cluster3106249630_3106249631_J60_J61_#5more': -544238.0}, {'J10': 13, 'J11': 32, 'J12': 21, 'J13': 28, 'cluster3106249630_3106249631_J60_J61_#5more': 36}, {'J10': 18, 'J11': 54, 'J12': 80, 'J13': 35, 'cluster3106249630_3106249631_J60_J61_#5more': 100}, 
5185.0, {'J10': -146681.0, 'J11': -495101.0, 'J12': -263623.0, 'J13': -80438.5, 'cluster3106249630_3106249631_J60_J61_#5more': -545239.5}, {'J10': 13, 'J11': 32, 'J12': 21, 'J13': 28, 'cluster3106249630_3106249631_J60_J61_#5more': 36}, {'J10': 18, 'J11': 54, 'J12': 74, 'J13': 35, 'cluster3106249630_3106249631_J60_J61_#5more': 101}, 
5190.0, {'J10': -146861.0, 'J11': -495641.0, 'J12': -264363.0, 'J13': -80788.5, 'cluster3106249630_3106249631_J60_J61_#5more': -546249.5}, {'J10': 13, 'J11': 32, 'J12': 21, 'J13': 28, 'cluster3106249630_3106249631_J60_J61_#5more': 36}, {'J10': 18, 'J11': 54, 'J12': 74, 'J13': 35, 'cluster3106249630_3106249631_J60_J61_#5more': 101}, 
5195.0, {'J10': -147041.0, 'J11': -496181.0, 'J12': -265104.5, 'J13': -81138.5, 'cluster3106249630_3106249631_J60_J61_#5more': -547259.5}, {'J10': 13, 'J11': 32, 'J12': 21, 'J13': 28, 'cluster3106249630_3106249631_J60_J61_#5more': 36}, {'J10': 18, 'J11': 54, 'J12': 76, 'J13': 35, 'cluster3106249630_3106249631_J60_J61_#5more': 101}, 
5200.0, {'J10': -147221.0, 'J11': -496721.0, 'J12': -265873.5, 'J13': -81488.5, 'cluster3106249630_3106249631_J60_J61_#5more': -548269.5}, {'J10': 13, 'J11': 32, 'J12': 21, 'J13': 28, 'cluster3106249630_3106249631_J60_J61_#5more': 36}, {'J10': 18, 'J11': 54, 'J12': 78, 'J13': 35, 'cluster3106249630_3106249631_J60_J61_#5more': 101}, 
5205.0, {'J10': -147401.0, 'J11': -497261.0, 'J12': -266653.5, 'J13': -81838.5, 'cluster3106249630_3106249631_J60_J61_#5more': -549279.5}, {'J10': 13, 'J11': 32, 'J12': 21, 'J13': 28, 'cluster3106249630_3106249631_J60_J61_#5more': 36}, {'J10': 18, 'J11': 54, 'J12': 78, 'J13': 35, 'cluster3106249630_3106249631_J60_J61_#5more': 101}, 
5210.0, {'J10': -147581.0, 'J11': -497801.0, 'J12': -267250.0, 'J13': -78438.5, 'cluster3106249630_3106249631_J60_J61_#5more': -550289.5}, {'J10': 13, 'J11': 32, 'J12': 21, 'J13': 25, 'cluster3106249630_3106249631_J60_J61_#5more': 36}, {'J10': 18, 'J11': 54, 'J12': 77, 'J13': 32, 'cluster3106249630_3106249631_J60_J61_#5more': 101}, 
5215.0, {'J10': -147761.0, 'J11': -498341.0, 'J12': -268020.0, 'J13': -77627.0, 'cluster3106249630_3106249631_J60_J61_#5more': -551299.5}, {'J10': 13, 'J11': 32, 'J12': 21, 'J13': 24, 'cluster3106249630_3106249631_J60_J61_#5more': 36}, {'J10': 18, 'J11': 54, 'J12': 77, 'J13': 31, 'cluster3106249630_3106249631_J60_J61_#5more': 101}, 
5220.0, {'J10': -147941.0, 'J11': -498881.0, 'J12': -268790.0, 'J13': -77937.0, 'cluster3106249630_3106249631_J60_J61_#5more': -552309.5}, {'J10': 13, 'J11': 32, 'J12': 21, 'J13': 24, 'cluster3106249630_3106249631_J60_J61_#5more': 36}, {'J10': 18, 'J11': 54, 'J12': 77, 'J13': 31, 'cluster3106249630_3106249631_J60_J61_#5more': 101}, 
5225.0, {'J10': -148121.0, 'J11': -499421.0, 'J12': -268868.5, 'J13': -78247.0, 'cluster3106249630_3106249631_J60_J61_#5more': -548295.0}, {'J10': 13, 'J11': 32, 'J12': 21, 'J13': 24, 'cluster3106249630_3106249631_J60_J61_#5more': 36}, {'J10': 18, 'J11': 54, 'J12': 76, 'J13': 31, 'cluster3106249630_3106249631_J60_J61_#5more': 95}, 
5230.0, {'J10': -148301.0, 'J11': -499961.0, 'J12': -269016.0, 'J13': -78557.5, 'cluster3106249630_3106249631_J60_J61_#5more': -549245.0}, {'J10': 13, 'J11': 32, 'J12': 21, 'J13': 25, 'cluster3106249630_3106249631_J60_J61_#5more': 36}, {'J10': 18, 'J11': 54, 'J12': 75, 'J13': 32, 'cluster3106249630_3106249631_J60_J61_#5more': 95}, 
5235.0, {'J10': -148481.0, 'J11': -500501.0, 'J12': -269766.0, 'J13': -78887.0, 'cluster3106249630_3106249631_J60_J61_#5more': -550200.0}, {'J10': 13, 'J11': 32, 'J12': 21, 'J13': 28, 'cluster3106249630_3106249631_J60_J61_#5more': 36}, {'J10': 18, 'J11': 54, 'J12': 75, 'J13': 35, 'cluster3106249630_3106249631_J60_J61_#5more': 98}, 
5240.0, {'J10': -148661.0, 'J11': -501041.0, 'J12': -270516.0, 'J13': -79237.0, 'cluster3106249630_3106249631_J60_J61_#5more': -551178.0}, {'J10': 13, 'J11': 32, 'J12': 21, 'J13': 28, 'cluster3106249630_3106249631_J60_J61_#5more': 36}, {'J10': 18, 'J11': 54, 'J12': 75, 'J13': 35, 'cluster3106249630_3106249631_J60_J61_#5more': 101}, 
5245.0, {'J10': -148841.0, 'J11': -501581.0, 'J12': -271267.0, 'J13': -79587.0, 'cluster3106249630_3106249631_J60_J61_#5more': -552154.5}, {'J10': 13, 'J11': 32, 'J12': 21, 'J13': 28, 'cluster3106249630_3106249631_J60_J61_#5more': 36}, {'J10': 18, 'J11': 54, 'J12': 76, 'J13': 35, 'cluster3106249630_3106249631_J60_J61_#5more': 101}, 
5250.0, {'J10': -149021.0, 'J11': -502121.0, 'J12': -270074.0, 'J13': -79937.0, 'cluster3106249630_3106249631_J60_J61_#5more': -553164.5}, {'J10': 13, 'J11': 32, 'J12': 21, 'J13': 28, 'cluster3106249630_3106249631_J60_J61_#5more': 36}, {'J10': 18, 'J11': 54, 'J12': 74, 'J13': 35, 'cluster3106249630_3106249631_J60_J61_#5more': 101}, 
5255.0, {'J10': -149201.0, 'J11': -502661.0, 'J12': -270814.0, 'J13': -80287.0, 'cluster3106249630_3106249631_J60_J61_#5more': -554174.5}, {'J10': 13, 'J11': 32, 'J12': 21, 'J13': 28, 'cluster3106249630_3106249631_J60_J61_#5more': 36}, {'J10': 18, 'J11': 54, 'J12': 74, 'J13': 35, 'cluster3106249630_3106249631_J60_J61_#5more': 101}, 
5260.0, {'J10': -149381.0, 'J11': -503201.0, 'J12': -271563.5, 'J13': -80637.0, 'cluster3106249630_3106249631_J60_J61_#5more': -555184.5}, {'J10': 13, 'J11': 32, 'J12': 21, 'J13': 28, 'cluster3106249630_3106249631_J60_J61_#5more': 36}, {'J10': 18, 'J11': 54, 'J12': 77, 'J13': 35, 'cluster3106249630_3106249631_J60_J61_#5more': 101}, 
5265.0, {'J10': -149561.0, 'J11': -503741.0, 'J12': -272346.5, 'J13': -80987.0, 'cluster3106249630_3106249631_J60_J61_#5more': -556194.5}, {'J10': 13, 'J11': 32, 'J12': 21, 'J13': 28, 'cluster3106249630_3106249631_J60_J61_#5more': 36}, {'J10': 18, 'J11': 54, 'J12': 80, 'J13': 35, 'cluster3106249630_3106249631_J60_J61_#5more': 101}, 
5270.0, {'J10': -149741.0, 'J11': -504281.0, 'J12': -272852.0, 'J13': -81337.0, 'cluster3106249630_3106249631_J60_J61_#5more': -557204.5}, {'J10': 13, 'J11': 32, 'J12': 21, 'J13': 28, 'cluster3106249630_3106249631_J60_J61_#5more': 36}, {'J10': 18, 'J11': 54, 'J12': 79, 'J13': 35, 'cluster3106249630_3106249631_J60_J61_#5more': 101}, 
5275.0, {'J10': -149921.0, 'J11': -504821.0, 'J12': -272468.0, 'J13': -79188.0, 'cluster3106249630_3106249631_J60_J61_#5more': -552281.0}, {'J10': 13, 'J11': 32, 'J12': 21, 'J13': 26, 'cluster3106249630_3106249631_J60_J61_#5more': 36}, {'J10': 18, 'J11': 54, 'J12': 77, 'J13': 33, 'cluster3106249630_3106249631_J60_J61_#5more': 100}, 
5280.0, {'J10': -150101.0, 'J11': -505361.0, 'J12': -273246.0, 'J13': -79518.0, 'cluster3106249630_3106249631_J60_J61_#5more': -546340.0}, {'J10': 13, 'J11': 32, 'J12': 21, 'J13': 26, 'cluster3106249630_3106249631_J60_J61_#5more': 36}, {'J10': 18, 'J11': 54, 'J12': 79, 'J13': 33, 'cluster3106249630_3106249631_J60_J61_#5more': 99}, 
5285.0, {'J10': -150281.0, 'J11': -505901.0, 'J12': -274036.0, 'J13': -79848.0, 'cluster3106249630_3106249631_J60_J61_#5more': -547330.0}, {'J10': 13, 'J11': 32, 'J12': 21, 'J13': 26, 'cluster3106249630_3106249631_J60_J61_#5more': 36}, {'J10': 18, 'J11': 54, 'J12': 79, 'J13': 33, 'cluster3106249630_3106249631_J60_J61_#5more': 99}, 
5290.0, {'J10': -150461.0, 'J11': -506441.0, 'J12': -274384.0, 'J13': -80178.0, 'cluster3106249630_3106249631_J60_J61_#5more': -544574.0}, {'J10': 13, 'J11': 32, 'J12': 21, 'J13': 26, 'cluster3106249630_3106249631_J60_J61_#5more': 36}, {'J10': 18, 'J11': 54, 'J12': 78, 'J13': 33, 'cluster3106249630_3106249631_J60_J61_#5more': 94}, 
5295.0, {'J10': -150641.0, 'J11': -506981.0, 'J12': -275164.0, 'J13': -80508.0, 'cluster3106249630_3106249631_J60_J61_#5more': -545011.5}, {'J10': 13, 'J11': 32, 'J12': 21, 'J13': 26, 'cluster3106249630_3106249631_J60_J61_#5more': 36}, {'J10': 18, 'J11': 54, 'J12': 78, 'J13': 33, 'cluster3106249630_3106249631_J60_J61_#5more': 93}, 
5300.0, {'J10': -150821.0, 'J11': -507521.0, 'J12': -275944.0, 'J13': -80846.5, 'cluster3106249630_3106249631_J60_J61_#5more': -545949.5}, {'J10': 13, 'J11': 32, 'J12': 21, 'J13': 28, 'cluster3106249630_3106249631_J60_J61_#5more': 36}, {'J10': 18, 'J11': 54, 'J12': 78, 'J13': 35, 'cluster3106249630_3106249631_J60_J61_#5more': 97}, 
5305.0, {'J10': -151001.0, 'J11': -508061.0, 'J12': -276724.0, 'J13': -81196.5, 'cluster3106249630_3106249631_J60_J61_#5more': -546906.5}, {'J10': 13, 'J11': 32, 'J12': 21, 'J13': 28, 'cluster3106249630_3106249631_J60_J61_#5more': 36}, {'J10': 18, 'J11': 54, 'J12': 78, 'J13': 35, 'cluster3106249630_3106249631_J60_J61_#5more': 100}, 
5310.0, {'J10': -151181.0, 'J11': -508601.0, 'J12': -277512.0, 'J13': -81546.5, 'cluster3106249630_3106249631_J60_J61_#5more': -547893.5}, {'J10': 13, 'J11': 32, 'J12': 21, 'J13': 28, 'cluster3106249630_3106249631_J60_J61_#5more': 36}, {'J10': 18, 'J11': 54, 'J12': 80, 'J13': 35, 'cluster3106249630_3106249631_J60_J61_#5more': 101}, 
5315.0, {'J10': -151361.0, 'J11': -509141.0, 'J12': -273099.5, 'J13': -81896.5, 'cluster3106249630_3106249631_J60_J61_#5more': -548903.5}, {'J10': 13, 'J11': 32, 'J12': 21, 'J13': 28, 'cluster3106249630_3106249631_J60_J61_#5more': 36}, {'J10': 18, 'J11': 54, 'J12': 74, 'J13': 35, 'cluster3106249630_3106249631_J60_J61_#5more': 101}, 
5320.0, {'J10': -151541.0, 'J11': -509681.0, 'J12': -273839.5, 'J13': -82246.5, 'cluster3106249630_3106249631_J60_J61_#5more': -549913.5}, {'J10': 13, 'J11': 32, 'J12': 21, 'J13': 28, 'cluster3106249630_3106249631_J60_J61_#5more': 36}, {'J10': 18, 'J11': 54, 'J12': 74, 'J13': 35, 'cluster3106249630_3106249631_J60_J61_#5more': 101}, 
5325.0, {'J10': -151721.0, 'J11': -510221.0, 'J12': -274581.0, 'J13': -82596.5, 'cluster3106249630_3106249631_J60_J61_#5more': -550923.5}, {'J10': 13, 'J11': 32, 'J12': 21, 'J13': 28, 'cluster3106249630_3106249631_J60_J61_#5more': 36}, {'J10': 18, 'J11': 54, 'J12': 76, 'J13': 35, 'cluster3106249630_3106249631_J60_J61_#5more': 101}, 
5330.0, {'J10': -151901.0, 'J11': -510761.0, 'J12': -275350.0, 'J13': -82946.5, 'cluster3106249630_3106249631_J60_J61_#5more': -551933.5}, {'J10': 13, 'J11': 32, 'J12': 21, 'J13': 28, 'cluster3106249630_3106249631_J60_J61_#5more': 36}, {'J10': 18, 'J11': 54, 'J12': 78, 'J13': 35, 'cluster3106249630_3106249631_J60_J61_#5more': 101}, 
5335.0, {'J10': -152081.0, 'J11': -511301.0, 'J12': -276130.0, 'J13': -83296.5, 'cluster3106249630_3106249631_J60_J61_#5more': -552943.5}, {'J10': 13, 'J11': 32, 'J12': 21, 'J13': 28, 'cluster3106249630_3106249631_J60_J61_#5more': 36}, {'J10': 18, 'J11': 54, 'J12': 78, 'J13': 35, 'cluster3106249630_3106249631_J60_J61_#5more': 101}, 
5340.0, {'J10': -152261.0, 'J11': -511841.0, 'J12': -276910.0, 'J13': -79999.5, 'cluster3106249630_3106249631_J60_J61_#5more': -553953.5}, {'J10': 13, 'J11': 32, 'J12': 21, 'J13': 25, 'cluster3106249630_3106249631_J60_J61_#5more': 36}, {'J10': 18, 'J11': 54, 'J12': 78, 'J13': 32, 'cluster3106249630_3106249631_J60_J61_#5more': 101}, 
5345.0, {'J10': -152441.0, 'J11': -512381.0, 'J12': -277690.0, 'J13': -79054.5, 'cluster3106249630_3106249631_J60_J61_#5more': -554963.5}, {'J10': 13, 'J11': 32, 'J12': 21, 'J13': 24, 'cluster3106249630_3106249631_J60_J61_#5more': 36}, {'J10': 18, 'J11': 54, 'J12': 78, 'J13': 31, 'cluster3106249630_3106249631_J60_J61_#5more': 101}, 
5350.0, {'J10': -152621.0, 'J11': -512921.0, 'J12': -278470.0, 'J13': -79364.5, 'cluster3106249630_3106249631_J60_J61_#5more': -555973.5}, {'J10': 13, 'J11': 32, 'J12': 21, 'J13': 24, 'cluster3106249630_3106249631_J60_J61_#5more': 36}, {'J10': 18, 'J11': 54, 'J12': 78, 'J13': 31, 'cluster3106249630_3106249631_J60_J61_#5more': 101}, 
5355.0, {'J10': -152801.0, 'J11': -513461.0, 'J12': -279250.0, 'J13': -79674.5, 'cluster3106249630_3106249631_J60_J61_#5more': -553749.5}, {'J10': 13, 'J11': 32, 'J12': 21, 'J13': 24, 'cluster3106249630_3106249631_J60_J61_#5more': 36}, {'J10': 18, 'J11': 54, 'J12': 78, 'J13': 31, 'cluster3106249630_3106249631_J60_J61_#5more': 96}, 
5360.0, {'J10': -152981.0, 'J11': -514001.0, 'J12': -280030.0, 'J13': -79985.5, 'cluster3106249630_3106249631_J60_J61_#5more': -554207.0}, {'J10': 13, 'J11': 32, 'J12': 21, 'J13': 25, 'cluster3106249630_3106249631_J60_J61_#5more': 36}, {'J10': 18, 'J11': 54, 'J12': 78, 'J13': 32, 'cluster3106249630_3106249631_J60_J61_#5more': 95}, 
5365.0, {'J10': -153161.0, 'J11': -514541.0, 'J12': -280810.0, 'J13': -80315.0, 'cluster3106249630_3106249631_J60_J61_#5more': -555157.5}, {'J10': 13, 'J11': 32, 'J12': 21, 'J13': 28, 'cluster3106249630_3106249631_J60_J61_#5more': 36}, {'J10': 18, 'J11': 54, 'J12': 78, 'J13': 35, 'cluster3106249630_3106249631_J60_J61_#5more': 96}, 
5370.0, {'J10': -153341.0, 'J11': -515081.0, 'J12': -281590.0, 'J13': -80665.0, 'cluster3106249630_3106249631_J60_J61_#5more': -556116.0}, {'J10': 13, 'J11': 32, 'J12': 21, 'J13': 28, 'cluster3106249630_3106249631_J60_J61_#5more': 36}, {'J10': 18, 'J11': 54, 'J12': 78, 'J13': 35, 'cluster3106249630_3106249631_J60_J61_#5more': 99}, 
5375.0, {'J10': -153521.0, 'J11': -515621.0, 'J12': -282370.0, 'J13': -81015.0, 'cluster3106249630_3106249631_J60_J61_#5more': -557113.5}, {'J10': 13, 'J11': 32, 'J12': 21, 'J13': 28, 'cluster3106249630_3106249631_J60_J61_#5more': 36}, {'J10': 18, 'J11': 54, 'J12': 78, 'J13': 35, 'cluster3106249630_3106249631_J60_J61_#5more': 101}, 
5380.0, {'J10': -153701.0, 'J11': -516161.0, 'J12': -282044.0, 'J13': -81365.0, 'cluster3106249630_3106249631_J60_J61_#5more': -558123.5}, {'J10': 13, 'J11': 32, 'J12': 21, 'J13': 28, 'cluster3106249630_3106249631_J60_J61_#5more': 36}, {'J10': 18, 'J11': 54, 'J12': 75, 'J13': 35, 'cluster3106249630_3106249631_J60_J61_#5more': 101}, 
5385.0, {'J10': -153881.0, 'J11': -516701.0, 'J12': -282419.5, 'J13': -81715.0, 'cluster3106249630_3106249631_J60_J61_#5more': -559133.5}, {'J10': 13, 'J11': 32, 'J12': 21, 'J13': 28, 'cluster3106249630_3106249631_J60_J61_#5more': 36}, {'J10': 18, 'J11': 54, 'J12': 74, 'J13': 35, 'cluster3106249630_3106249631_J60_J61_#5more': 101}, 
5390.0, {'J10': -154061.0, 'J11': -517241.0, 'J12': -283169.0, 'J13': -82065.0, 'cluster3106249630_3106249631_J60_J61_#5more': -560143.5}, {'J10': 13, 'J11': 32, 'J12': 21, 'J13': 28, 'cluster3106249630_3106249631_J60_J61_#5more': 36}, {'J10': 18, 'J11': 54, 'J12': 78, 'J13': 35, 'cluster3106249630_3106249631_J60_J61_#5more': 101}, 
5395.0, {'J10': -154241.0, 'J11': -517781.0, 'J12': -283957.0, 'J13': -82415.0, 'cluster3106249630_3106249631_J60_J61_#5more': -561153.5}, {'J10': 13, 'J11': 32, 'J12': 21, 'J13': 28, 'cluster3106249630_3106249631_J60_J61_#5more': 36}, {'J10': 18, 'J11': 54, 'J12': 80, 'J13': 35, 'cluster3106249630_3106249631_J60_J61_#5more': 101}, 
5400.0, {'J10': -154421.0, 'J11': -518321.0, 'J12': -284243.0, 'J13': -82765.0, 'cluster3106249630_3106249631_J60_J61_#5more': -562163.5}, {'J10': 13, 'J11': 32, 'J12': 21, 'J13': 28, 'cluster3106249630_3106249631_J60_J61_#5more': 36}, {'J10': 18, 'J11': 54, 'J12': 79, 'J13': 35, 'cluster3106249630_3106249631_J60_J61_#5more': 101}, 
