5.0, {'J10': 0, 'J11': 0, 'J12': 0, 'J13': 0, 'cluster3106249630_3106249631_J60_J61_#5more': 0}, {'J10': 0, 'J11': 0, 'J12': 0, 'J13': 0, 'cluster3106249630_3106249631_J60_J61_#5more': 0}, {'J10': 0, 'J11': 0, 'J12': 0, 'J13': 0, 'cluster3106249630_3106249631_J60_J61_#5more': 0}, 
10.0, {'J10': 0, 'J11': 0, 'J12': 0, 'J13': 0, 'cluster3106249630_3106249631_J60_J61_#5more': 0}, {'J10': 0, 'J11': 0, 'J12': 0, 'J13': 0, 'cluster3106249630_3106249631_J60_J61_#5more': 0}, {'J10': 0, 'J11': 0, 'J12': 0, 'J13': 0, 'cluster3106249630_3106249631_J60_J61_#5more': 0}, 
15.0, {'J10': 0, 'J11': -4.0, 'J12': -0.5, 'J13': 0, 'cluster3106249630_3106249631_J60_J61_#5more': -5.0}, {'J10': 0, 'J11': 1, 'J12': 1, 'J13': 0, 'cluster3106249630_3106249631_J60_J61_#5more': 1}, {'J10': 0, 'J11': 1, 'J12': 1, 'J13': 0, 'cluster3106249630_3106249631_J60_J61_#5more': 2}, 
20.0, {'J10': 0, 'J11': -14.0, 'J12': -10.5, 'J13': 0, 'cluster3106249630_3106249631_J60_J61_#5more': 0}, {'J10': 0, 'J11': 1, 'J12': 1, 'J13': 0, 'cluster3106249630_3106249631_J60_J61_#5more': 0}, {'J10': 0, 'J11': 1, 'J12': 1, 'J13': 0, 'cluster3106249630_3106249631_J60_J61_#5more': 0}, 
25.0, {'J10': -0.5, 'J11': -27.5, 'J12': -0.5, 'J13': -9.0, 'cluster3106249630_3106249631_J60_J61_#5more': 0}, {'J10': 1, 'J11': 2, 'J12': 1, 'J13': 2, 'cluster3106249630_3106249631_J60_J61_#5more': 0}, {'J10': 1, 'J11': 3, 'J12': 1, 'J13': 3, 'cluster3106249630_3106249631_J60_J61_#5more': 0}, 
30.0, {'J10': -10.5, 'J11': -57.5, 'J12': -1.0, 'J13': -44.5, 'cluster3106249630_3106249631_J60_J61_#5more': 0}, {'J10': 1, 'J11': 2, 'J12': 1, 'J13': 3, 'cluster3106249630_3106249631_J60_J61_#5more': 0}, {'J10': 1, 'J11': 3, 'J12': 1, 'J13': 6, 'cluster3106249630_3106249631_J60_J61_#5more': 0}, 
35.0, {'J10': -22.5, 'J11': -87.5, 'J12': -11.0, 'J13': -113.5, 'cluster3106249630_3106249631_J60_J61_#5more': -2.0}, {'J10': 1, 'J11': 2, 'J12': 1, 'J13': 4, 'cluster3106249630_3106249631_J60_J61_#5more': 1}, {'J10': 2, 'J11': 3, 'J12': 1, 'J13': 9, 'cluster3106249630_3106249631_J60_J61_#5more': 2}, 
40.0, {'J10': -42.5, 'J11': -117.5, 'J12': -21.0, 'J13': -214.5, 'cluster3106249630_3106249631_J60_J61_#5more': -31.0}, {'J10': 1, 'J11': 2, 'J12': 1, 'J13': 6, 'cluster3106249630_3106249631_J60_J61_#5more': 2}, {'J10': 2, 'J11': 3, 'J12': 1, 'J13': 12, 'cluster3106249630_3106249631_J60_J61_#5more': 6}, 
45.0, {'J10': -62.5, 'J11': -147.5, 'J12': -35.0, 'J13': -335.5, 'cluster3106249630_3106249631_J60_J61_#5more': -23.5}, {'J10': 1, 'J11': 2, 'J12': 2, 'J13': 7, 'cluster3106249630_3106249631_J60_J61_#5more': 1}, {'J10': 2, 'J11': 3, 'J12': 3, 'J13': 13, 'cluster3106249630_3106249631_J60_J61_#5more': 2}, 
50.0, {'J10': -86.0, 'J11': -177.5, 'J12': -58.5, 'J13': -465.5, 'cluster3106249630_3106249631_J60_J61_#5more': 0}, {'J10': 2, 'J11': 2, 'J12': 2, 'J13': 7, 'cluster3106249630_3106249631_J60_J61_#5more': 0}, {'J10': 4, 'J11': 3, 'J12': 3, 'J13': 13, 'cluster3106249630_3106249631_J60_J61_#5more': 0}, 
55.0, {'J10': -130.0, 'J11': -207.5, 'J12': -91.0, 'J13': -600.0, 'cluster3106249630_3106249631_J60_J61_#5more': -0.5}, {'J10': 3, 'J11': 2, 'J12': 3, 'J13': 7, 'cluster3106249630_3106249631_J60_J61_#5more': 1}, {'J10': 5, 'J11': 3, 'J12': 4, 'J13': 14, 'cluster3106249630_3106249631_J60_J61_#5more': 1}, 
60.0, {'J10': -60.5, 'J11': -238.0, 'J12': -112.5, 'J13': -740.0, 'cluster3106249630_3106249631_J60_J61_#5more': -16.0}, {'J10': 2, 'J11': 2, 'J12': 3, 'J13': 7, 'cluster3106249630_3106249631_J60_J61_#5more': 2}, {'J10': 4, 'J11': 4, 'J12': 5, 'J13': 14, 'cluster3106249630_3106249631_J60_J61_#5more': 4}, 
65.0, {'J10': -13.0, 'J11': -278.0, 'J12': -30.0, 'J13': -886.0, 'cluster3106249630_3106249631_J60_J61_#5more': -64.0}, {'J10': 1, 'J11': 2, 'J12': 2, 'J13': 8, 'cluster3106249630_3106249631_J60_J61_#5more': 3}, {'J10': 1, 'J11': 4, 'J12': 5, 'J13': 17, 'cluster3106249630_3106249631_J60_J61_#5more': 7}, 
70.0, {'J10': -3.0, 'J11': -318.0, 'J12': -54.0, 'J13': -1060.0, 'cluster3106249630_3106249631_J60_J61_#5more': -148.0}, {'J10': 1, 'J11': 2, 'J12': 3, 'J13': 9, 'cluster3106249630_3106249631_J60_J61_#5more': 5}, {'J10': 1, 'J11': 4, 'J12': 6, 'J13': 19, 'cluster3106249630_3106249631_J60_J61_#5more': 12}, 
75.0, {'J10': -13.0, 'J11': -358.0, 'J12': -109.0, 'J13': -1257.5, 'cluster3106249630_3106249631_J60_J61_#5more': -107.5}, {'J10': 1, 'J11': 2, 'J12': 5, 'J13': 11, 'cluster3106249630_3106249631_J60_J61_#5more': 2}, {'J10': 1, 'J11': 4, 'J12': 9, 'J13': 21, 'cluster3106249630_3106249631_J60_J61_#5more': 7}, 
80.0, {'J10': -23.0, 'J11': -399.5, 'J12': -206.5, 'J13': -1024.0, 'cluster3106249630_3106249631_J60_J61_#5more': -136.0}, {'J10': 1, 'J11': 3, 'J12': 6, 'J13': 9, 'cluster3106249630_3106249631_J60_J61_#5more': 3}, {'J10': 1, 'J11': 5, 'J12': 11, 'J13': 17, 'cluster3106249630_3106249631_J60_J61_#5more': 8}, 
85.0, {'J10': -35.5, 'J11': -452.0, 'J12': -324.5, 'J13': -868.5, 'cluster3106249630_3106249631_J60_J61_#5more': -245.0}, {'J10': 2, 'J11': 4, 'J12': 9, 'J13': 8, 'cluster3106249630_3106249631_J60_J61_#5more': 6}, {'J10': 2, 'J11': 6, 'J12': 14, 'J13': 14, 'cluster3106249630_3106249631_J60_J61_#5more': 18}, 
90.0, {'J10': -55.5, 'J11': -512.0, 'J12': -464.5, 'J13': -1012.0, 'cluster3106249630_3106249631_J60_J61_#5more': -260.0}, {'J10': 2, 'J11': 4, 'J12': 9, 'J13': 8, 'cluster3106249630_3106249631_J60_J61_#5more': 4}, {'J10': 2, 'J11': 6, 'J12': 14, 'J13': 15, 'cluster3106249630_3106249631_J60_J61_#5more': 13}, 
95.0, {'J10': -75.5, 'J11': -574.5, 'J12': -607.5, 'J13': -1166.5, 'cluster3106249630_3106249631_J60_J61_#5more': -232.0}, {'J10': 2, 'J11': 5, 'J12': 10, 'J13': 9, 'cluster3106249630_3106249631_J60_J61_#5more': 4}, {'J10': 2, 'J11': 7, 'J12': 15, 'J13': 18, 'cluster3106249630_3106249631_J60_J61_#5more': 7}, 
100.0, {'J10': -34.0, 'J11': -644.5, 'J12': -765.0, 'J13': -1351.0, 'cluster3106249630_3106249631_J60_J61_#5more': -264.0}, {'J10': 1, 'J11': 5, 'J12': 12, 'J13': 10, 'cluster3106249630_3106249631_J60_J61_#5more': 4}, {'J10': 2, 'J11': 7, 'J12': 18, 'J13': 19, 'cluster3106249630_3106249631_J60_J61_#5more': 6}, 
105.0, {'J10': -2.5, 'J11': -714.5, 'J12': -949.5, 'J13': -1544.0, 'cluster3106249630_3106249631_J60_J61_#5more': -223.5}, {'J10': 1, 'J11': 5, 'J12': 13, 'J13': 11, 'cluster3106249630_3106249631_J60_J61_#5more': 3}, {'J10': 1, 'J11': 7, 'J12': 20, 'J13': 21, 'cluster3106249630_3106249631_J60_J61_#5more': 5}, 
110.0, {'J10': -12.5, 'J11': -789.0, 'J12': -1150.0, 'J13': -1758.5, 'cluster3106249630_3106249631_J60_J61_#5more': -204.5}, {'J10': 1, 'J11': 6, 'J12': 14, 'J13': 12, 'cluster3106249630_3106249631_J60_J61_#5more': 3}, {'J10': 1, 'J11': 8, 'J12': 21, 'J13': 22, 'cluster3106249630_3106249631_J60_J61_#5more': 7}, 
115.0, {'J10': -22.5, 'J11': -869.0, 'J12': -1361.5, 'J13': -1979.0, 'cluster3106249630_3106249631_J60_J61_#5more': -245.0}, {'J10': 1, 'J11': 6, 'J12': 14, 'J13': 13, 'cluster3106249630_3106249631_J60_J61_#5more': 3}, {'J10': 1, 'J11': 8, 'J12': 22, 'J13': 23, 'cluster3106249630_3106249631_J60_J61_#5more': 9}, 
120.0, {'J10': -34.0, 'J11': -949.0, 'J12': -1591.0, 'J13': -2214.0, 'cluster3106249630_3106249631_J60_J61_#5more': -347.0}, {'J10': 2, 'J11': 6, 'J12': 15, 'J13': 14, 'cluster3106249630_3106249631_J60_J61_#5more': 4}, {'J10': 2, 'J11': 8, 'J12': 26, 'J13': 24, 'cluster3106249630_3106249631_J60_J61_#5more': 14}, 
125.0, {'J10': -12.5, 'J11': -1029.0, 'J12': -1755.0, 'J13': -2457.0, 'cluster3106249630_3106249631_J60_J61_#5more': -498.5}, {'J10': 1, 'J11': 6, 'J12': 15, 'J13': 15, 'cluster3106249630_3106249631_J60_J61_#5more': 6}, {'J10': 2, 'J11': 8, 'J12': 29, 'J13': 25, 'cluster3106249630_3106249631_J60_J61_#5more': 17}, 
130.0, {'J10': 0, 'J11': -1116.5, 'J12': -2052.5, 'J13': -2712.0, 'cluster3106249630_3106249631_J60_J61_#5more': -670.5}, {'J10': 0, 'J11': 8, 'J12': 15, 'J13': 16, 'cluster3106249630_3106249631_J60_J61_#5more': 6}, {'J10': 0, 'J11': 10, 'J12': 31, 'J13': 26, 'cluster3106249630_3106249631_J60_J61_#5more': 18}, 
135.0, {'J10': 0, 'J11': -1216.5, 'J12': -2375.0, 'J13': -2972.0, 'cluster3106249630_3106249631_J60_J61_#5more': -473.0}, {'J10': 0, 'J11': 8, 'J12': 15, 'J13': 16, 'cluster3106249630_3106249631_J60_J61_#5more': 6}, {'J10': 0, 'J11': 10, 'J12': 34, 'J13': 26, 'cluster3106249630_3106249631_J60_J61_#5more': 13}, 
140.0, {'J10': 0, 'J11': -1317.0, 'J12': -2594.0, 'J13': -3232.0, 'cluster3106249630_3106249631_J60_J61_#5more': -317.0}, {'J10': 0, 'J11': 9, 'J12': 15, 'J13': 16, 'cluster3106249630_3106249631_J60_J61_#5more': 5}, {'J10': 0, 'J11': 11, 'J12': 31, 'J13': 26, 'cluster3106249630_3106249631_J60_J61_#5more': 10}, 
145.0, {'J10': 0, 'J11': -1431.5, 'J12': -2351.5, 'J13': -2687.0, 'cluster3106249630_3106249631_J60_J61_#5more': -389.0}, {'J10': 0, 'J11': 9, 'J12': 16, 'J13': 15, 'cluster3106249630_3106249631_J60_J61_#5more': 5}, {'J10': 0, 'J11': 13, 'J12': 32, 'J13': 24, 'cluster3106249630_3106249631_J60_J61_#5more': 11}, 
150.0, {'J10': 0, 'J11': -1561.5, 'J12': -2134.5, 'J13': -2120.0, 'cluster3106249630_3106249631_J60_J61_#5more': -473.5}, {'J10': 0, 'J11': 9, 'J12': 14, 'J13': 13, 'cluster3106249630_3106249631_J60_J61_#5more': 6}, {'J10': 0, 'J11': 13, 'J12': 30, 'J13': 19, 'cluster3106249630_3106249631_J60_J61_#5more': 13}, 
155.0, {'J10': 0, 'J11': -1695.5, 'J12': -2446.0, 'J13': -2310.0, 'cluster3106249630_3106249631_J60_J61_#5more': -617.5}, {'J10': 0, 'J11': 10, 'J12': 14, 'J13': 13, 'cluster3106249630_3106249631_J60_J61_#5more': 6}, {'J10': 0, 'J11': 14, 'J12': 34, 'J13': 19, 'cluster3106249630_3106249631_J60_J61_#5more': 18}, 
160.0, {'J10': 0, 'J11': -1836.5, 'J12': -2702.0, 'J13': -2505.0, 'cluster3106249630_3106249631_J60_J61_#5more': -807.5}, {'J10': 0, 'J11': 10, 'J12': 16, 'J13': 14, 'cluster3106249630_3106249631_J60_J61_#5more': 10}, {'J10': 0, 'J11': 15, 'J12': 40, 'J13': 22, 'cluster3106249630_3106249631_J60_J61_#5more': 23}, 
165.0, {'J10': 0, 'J11': -1986.5, 'J12': -2480.5, 'J13': -2734.5, 'cluster3106249630_3106249631_J60_J61_#5more': -1042.0}, {'J10': 0, 'J11': 10, 'J12': 18, 'J13': 15, 'cluster3106249630_3106249631_J60_J61_#5more': 11}, {'J10': 0, 'J11': 15, 'J12': 38, 'J13': 25, 'cluster3106249630_3106249631_J60_J61_#5more': 24}, 
170.0, {'J10': 0, 'J11': -2136.5, 'J12': -2601.0, 'J13': -2989.0, 'cluster3106249630_3106249631_J60_J61_#5more': -1294.5}, {'J10': 0, 'J11': 10, 'J12': 19, 'J13': 16, 'cluster3106249630_3106249631_J60_J61_#5more': 14}, {'J10': 0, 'J11': 15, 'J12': 34, 'J13': 26, 'cluster3106249630_3106249631_J60_J61_#5more': 28}, 
175.0, {'J10': -1.5, 'J11': -2288.0, 'J12': -2841.5, 'J13': -3254.0, 'cluster3106249630_3106249631_J60_J61_#5more': -1581.0}, {'J10': 1, 'J11': 11, 'J12': 19, 'J13': 18, 'cluster3106249630_3106249631_J60_J61_#5more': 15}, {'J10': 1, 'J11': 16, 'J12': 34, 'J13': 28, 'cluster3106249630_3106249631_J60_J61_#5more': 30}, 
180.0, {'J10': -11.5, 'J11': -2448.0, 'J12': -3184.5, 'J13': -3541.0, 'cluster3106249630_3106249631_J60_J61_#5more': -1882.0}, {'J10': 1, 'J11': 11, 'J12': 19, 'J13': 20, 'cluster3106249630_3106249631_J60_J61_#5more': 16}, {'J10': 1, 'J11': 16, 'J12': 35, 'J13': 30, 'cluster3106249630_3106249631_J60_J61_#5more': 31}, 
185.0, {'J10': -21.5, 'J11': -2612.0, 'J12': -3461.0, 'J13': -3845.5, 'cluster3106249630_3106249631_J60_J61_#5more': -2202.0}, {'J10': 1, 'J11': 11, 'J12': 19, 'J13': 21, 'cluster3106249630_3106249631_J60_J61_#5more': 19}, {'J10': 1, 'J11': 17, 'J12': 35, 'J13': 31, 'cluster3106249630_3106249631_J60_J61_#5more': 35}, 
190.0, {'J10': -31.5, 'J11': -2786.0, 'J12': -3786.5, 'J13': -4155.5, 'cluster3106249630_3106249631_J60_J61_#5more': -2564.5}, {'J10': 1, 'J11': 12, 'J12': 19, 'J13': 21, 'cluster3106249630_3106249631_J60_J61_#5more': 22}, {'J10': 1, 'J11': 18, 'J12': 33, 'J13': 31, 'cluster3106249630_3106249631_J60_J61_#5more': 39}, 
195.0, {'J10': -41.5, 'J11': -2968.0, 'J12': -4123.5, 'J13': -4468.5, 'cluster3106249630_3106249631_J60_J61_#5more': -2962.5}, {'J10': 1, 'J11': 12, 'J12': 19, 'J13': 22, 'cluster3106249630_3106249631_J60_J61_#5more': 24}, {'J10': 1, 'J11': 19, 'J12': 35, 'J13': 33, 'cluster3106249630_3106249631_J60_J61_#5more': 42}, 
200.0, {'J10': -51.5, 'J11': -3162.5, 'J12': -4477.5, 'J13': -4801.5, 'cluster3106249630_3106249631_J60_J61_#5more': -3386.0}, {'J10': 1, 'J11': 12, 'J12': 19, 'J13': 24, 'cluster3106249630_3106249631_J60_J61_#5more': 24}, {'J10': 1, 'J11': 20, 'J12': 36, 'J13': 35, 'cluster3106249630_3106249631_J60_J61_#5more': 43}, 
205.0, {'J10': 0, 'J11': -3362.5, 'J12': -4086.0, 'J13': -5155.0, 'cluster3106249630_3106249631_J60_J61_#5more': -3751.5}, {'J10': 0, 'J11': 12, 'J12': 18, 'J13': 25, 'cluster3106249630_3106249631_J60_J61_#5more': 26}, {'J10': 0, 'J11': 20, 'J12': 35, 'J13': 37, 'cluster3106249630_3106249631_J60_J61_#5more': 45}, 
210.0, {'J10': -0.5, 'J11': -3565.0, 'J12': -3697.5, 'J13': -4438.0, 'cluster3106249630_3106249631_J60_J61_#5more': -4026.5}, {'J10': 1, 'J11': 12, 'J12': 16, 'J13': 24, 'cluster3106249630_3106249631_J60_J61_#5more': 30}, {'J10': 1, 'J11': 21, 'J12': 34, 'J13': 34, 'cluster3106249630_3106249631_J60_J61_#5more': 49}, 
215.0, {'J10': -10.5, 'J11': -3775.0, 'J12': -4048.0, 'J13': -3903.0, 'cluster3106249630_3106249631_J60_J61_#5more': -4524.5}, {'J10': 1, 'J11': 12, 'J12': 16, 'J13': 22, 'cluster3106249630_3106249631_J60_J61_#5more': 31}, {'J10': 1, 'J11': 21, 'J12': 38, 'J13': 31, 'cluster3106249630_3106249631_J60_J61_#5more': 53}, 
220.0, {'J10': 0, 'J11': -3988.5, 'J12': -4196.0, 'J13': -4213.0, 'cluster3106249630_3106249631_J60_J61_#5more': -5062.0}, {'J10': 0, 'J11': 13, 'J12': 16, 'J13': 22, 'cluster3106249630_3106249631_J60_J61_#5more': 33}, {'J10': 0, 'J11': 22, 'J12': 42, 'J13': 31, 'cluster3106249630_3106249631_J60_J61_#5more': 57}, 
225.0, {'J10': 0, 'J11': -4208.5, 'J12': -4534.5, 'J13': -4525.0, 'cluster3106249630_3106249631_J60_J61_#5more': -5635.5}, {'J10': 0, 'J11': 13, 'J12': 19, 'J13': 22, 'cluster3106249630_3106249631_J60_J61_#5more': 33}, {'J10': 0, 'J11': 22, 'J12': 44, 'J13': 32, 'cluster3106249630_3106249631_J60_J61_#5more': 59}, 
230.0, {'J10': 0, 'J11': -4433.0, 'J12': -4924.5, 'J13': -4850.0, 'cluster3106249630_3106249631_J60_J61_#5more': -6234.0}, {'J10': 0, 'J11': 14, 'J12': 19, 'J13': 22, 'cluster3106249630_3106249631_J60_J61_#5more': 33}, {'J10': 0, 'J11': 24, 'J12': 45, 'J13': 33, 'cluster3106249630_3106249631_J60_J61_#5more': 62}, 
235.0, {'J10': 0, 'J11': -4673.0, 'J12': -4390.0, 'J13': -5180.0, 'cluster3106249630_3106249631_J60_J61_#5more': -6702.5}, {'J10': 0, 'J11': 14, 'J12': 18, 'J13': 22, 'cluster3106249630_3106249631_J60_J61_#5more': 35}, {'J10': 0, 'J11': 24, 'J12': 40, 'J13': 33, 'cluster3106249630_3106249631_J60_J61_#5more': 64}, 
240.0, {'J10': -1.5, 'J11': -4913.5, 'J12': -4121.5, 'J13': -5510.0, 'cluster3106249630_3106249631_J60_J61_#5more': -7348.5}, {'J10': 1, 'J11': 14, 'J12': 16, 'J13': 22, 'cluster3106249630_3106249631_J60_J61_#5more': 36}, {'J10': 1, 'J11': 25, 'J12': 39, 'J13': 33, 'cluster3106249630_3106249631_J60_J61_#5more': 66}, 
245.0, {'J10': -11.5, 'J11': -5163.5, 'J12': -4361.0, 'J13': -5847.5, 'cluster3106249630_3106249631_J60_J61_#5more': -7673.5}, {'J10': 1, 'J11': 14, 'J12': 16, 'J13': 24, 'cluster3106249630_3106249631_J60_J61_#5more': 36}, {'J10': 1, 'J11': 25, 'J12': 43, 'J13': 35, 'cluster3106249630_3106249631_J60_J61_#5more': 63}, 
250.0, {'J10': -21.5, 'J11': -5413.5, 'J12': -4736.5, 'J13': -6206.5, 'cluster3106249630_3106249631_J60_J61_#5more': -8054.0}, {'J10': 1, 'J11': 14, 'J12': 16, 'J13': 27, 'cluster3106249630_3106249631_J60_J61_#5more': 36}, {'J10': 1, 'J11': 25, 'J12': 45, 'J13': 38, 'cluster3106249630_3106249631_J60_J61_#5more': 62}, 
255.0, {'J10': -31.5, 'J11': -5663.5, 'J12': -4813.0, 'J13': -6586.5, 'cluster3106249630_3106249631_J60_J61_#5more': -8674.0}, {'J10': 1, 'J11': 14, 'J12': 20, 'J13': 27, 'cluster3106249630_3106249631_J60_J61_#5more': 36}, {'J10': 1, 'J11': 25, 'J12': 47, 'J13': 38, 'cluster3106249630_3106249631_J60_J61_#5more': 62}, 
260.0, {'J10': -41.5, 'J11': -5913.5, 'J12': -5086.5, 'J13': -6968.5, 'cluster3106249630_3106249631_J60_J61_#5more': -9296.0}, {'J10': 1, 'J11': 14, 'J12': 20, 'J13': 28, 'cluster3106249630_3106249631_J60_J61_#5more': 36}, {'J10': 1, 'J11': 25, 'J12': 45, 'J13': 39, 'cluster3106249630_3106249631_J60_J61_#5more': 63}, 
265.0, {'J10': -51.5, 'J11': -6165.0, 'J12': -5521.0, 'J13': -7358.5, 'cluster3106249630_3106249631_J60_J61_#5more': -9930.5}, {'J10': 1, 'J11': 14, 'J12': 20, 'J13': 28, 'cluster3106249630_3106249631_J60_J61_#5more': 36}, {'J10': 1, 'J11': 26, 'J12': 47, 'J13': 39, 'cluster3106249630_3106249631_J60_J61_#5more': 64}, 
270.0, {'J10': -66.0, 'J11': -6432.5, 'J12': -5648.0, 'J13': -7748.5, 'cluster3106249630_3106249631_J60_J61_#5more': -10407.0}, {'J10': 2, 'J11': 14, 'J12': 20, 'J13': 28, 'cluster3106249630_3106249631_J60_J61_#5more': 36}, {'J10': 2, 'J11': 29, 'J12': 46, 'J13': 39, 'cluster3106249630_3106249631_J60_J61_#5more': 63}, 
275.0, {'J10': -15.0, 'J11': -6722.5, 'J12': -5224.5, 'J13': -6578.0, 'cluster3106249630_3106249631_J60_J61_#5more': -10872.0}, {'J10': 1, 'J11': 14, 'J12': 18, 'J13': 26, 'cluster3106249630_3106249631_J60_J61_#5more': 36}, {'J10': 2, 'J11': 29, 'J12': 42, 'J13': 34, 'cluster3106249630_3106249631_J60_J61_#5more': 62}, 
280.0, {'J10': -32.0, 'J11': -7012.5, 'J12': -5519.5, 'J13': -5837.0, 'cluster3106249630_3106249631_J60_J61_#5more': -11370.0}, {'J10': 2, 'J11': 14, 'J12': 18, 'J13': 24, 'cluster3106249630_3106249631_J60_J61_#5more': 36}, {'J10': 3, 'J11': 29, 'J12': 42, 'J13': 31, 'cluster3106249630_3106249631_J60_J61_#5more': 61}, 
285.0, {'J10': -34.5, 'J11': -7302.5, 'J12': -5869.5, 'J13': -6147.0, 'cluster3106249630_3106249631_J60_J61_#5more': -11980.0}, {'J10': 1, 'J11': 14, 'J12': 18, 'J13': 24, 'cluster3106249630_3106249631_J60_J61_#5more': 36}, {'J10': 1, 'J11': 29, 'J12': 40, 'J13': 31, 'cluster3106249630_3106249631_J60_J61_#5more': 61}, 
290.0, {'J10': 0, 'J11': -7592.5, 'J12': -6079.5, 'J13': -6463.0, 'cluster3106249630_3106249631_J60_J61_#5more': -12595.0}, {'J10': 0, 'J11': 14, 'J12': 20, 'J13': 24, 'cluster3106249630_3106249631_J60_J61_#5more': 36}, {'J10': 0, 'J11': 29, 'J12': 40, 'J13': 34, 'cluster3106249630_3106249631_J60_J61_#5more': 62}, 
295.0, {'J10': 0, 'J11': -7882.5, 'J12': -6400.5, 'J13': -6803.0, 'cluster3106249630_3106249631_J60_J61_#5more': -13143.0}, {'J10': 0, 'J11': 14, 'J12': 20, 'J13': 24, 'cluster3106249630_3106249631_J60_J61_#5more': 36}, {'J10': 0, 'J11': 29, 'J12': 41, 'J13': 34, 'cluster3106249630_3106249631_J60_J61_#5more': 61}, 
300.0, {'J10': 0, 'J11': -8172.5, 'J12': -5302.0, 'J13': -7156.0, 'cluster3106249630_3106249631_J60_J61_#5more': -13753.0}, {'J10': 0, 'J11': 14, 'J12': 18, 'J13': 28, 'cluster3106249630_3106249631_J60_J61_#5more': 36}, {'J10': 0, 'J11': 29, 'J12': 38, 'J13': 38, 'cluster3106249630_3106249631_J60_J61_#5more': 61}, 
305.0, {'J10': 0, 'J11': -8463.0, 'J12': -5611.5, 'J13': -7536.0, 'cluster3106249630_3106249631_J60_J61_#5more': -14252.0}, {'J10': 0, 'J11': 14, 'J12': 18, 'J13': 28, 'cluster3106249630_3106249631_J60_J61_#5more': 36}, {'J10': 0, 'J11': 30, 'J12': 41, 'J13': 38, 'cluster3106249630_3106249631_J60_J61_#5more': 60}, 
310.0, {'J10': 0, 'J11': -8763.0, 'J12': -5664.5, 'J13': -7916.0, 'cluster3106249630_3106249631_J60_J61_#5more': -14853.0}, {'J10': 0, 'J11': 14, 'J12': 18, 'J13': 28, 'cluster3106249630_3106249631_J60_J61_#5more': 36}, {'J10': 0, 'J11': 30, 'J12': 43, 'J13': 38, 'cluster3106249630_3106249631_J60_J61_#5more': 61}, 
315.0, {'J10': 0, 'J11': -9063.0, 'J12': -5236.5, 'J13': -8296.0, 'cluster3106249630_3106249631_J60_J61_#5more': -15466.5}, {'J10': 0, 'J11': 14, 'J12': 16, 'J13': 28, 'cluster3106249630_3106249631_J60_J61_#5more': 36}, {'J10': 0, 'J11': 30, 'J12': 37, 'J13': 38, 'cluster3106249630_3106249631_J60_J61_#5more': 62}, 
320.0, {'J10': 0, 'J11': -9369.0, 'J12': -5619.0, 'J13': -8676.0, 'cluster3106249630_3106249631_J60_J61_#5more': -15972.0}, {'J10': 0, 'J11': 15, 'J12': 19, 'J13': 28, 'cluster3106249630_3106249631_J60_J61_#5more': 36}, {'J10': 0, 'J11': 32, 'J12': 42, 'J13': 38, 'cluster3106249630_3106249631_J60_J61_#5more': 61}, 
325.0, {'J10': -1.5, 'J11': -9679.0, 'J12': -6059.5, 'J13': -9056.0, 'cluster3106249630_3106249631_J60_J61_#5more': -16582.5}, {'J10': 1, 'J11': 16, 'J12': 19, 'J13': 28, 'cluster3106249630_3106249631_J60_J61_#5more': 36}, {'J10': 1, 'J11': 32, 'J12': 49, 'J13': 38, 'cluster3106249630_3106249631_J60_J61_#5more': 62}, 
330.0, {'J10': -11.5, 'J11': -9999.0, 'J12': -5803.0, 'J13': -9436.0, 'cluster3106249630_3106249631_J60_J61_#5more': -17202.5}, {'J10': 1, 'J11': 16, 'J12': 20, 'J13': 28, 'cluster3106249630_3106249631_J60_J61_#5more': 36}, {'J10': 1, 'J11': 32, 'J12': 48, 'J13': 38, 'cluster3106249630_3106249631_J60_J61_#5more': 62}, 
335.0, {'J10': -21.5, 'J11': -10319.0, 'J12': -5866.0, 'J13': -9816.0, 'cluster3106249630_3106249631_J60_J61_#5more': -17552.0}, {'J10': 1, 'J11': 16, 'J12': 20, 'J13': 28, 'cluster3106249630_3106249631_J60_J61_#5more': 36}, {'J10': 1, 'J11': 32, 'J12': 46, 'J13': 38, 'cluster3106249630_3106249631_J60_J61_#5more': 62}, 
340.0, {'J10': -36.5, 'J11': -10639.0, 'J12': -5066.0, 'J13': -8812.0, 'cluster3106249630_3106249631_J60_J61_#5more': -17734.5}, {'J10': 2, 'J11': 16, 'J12': 18, 'J13': 26, 'cluster3106249630_3106249631_J60_J61_#5more': 36}, {'J10': 3, 'J11': 32, 'J12': 44, 'J13': 36, 'cluster3106249630_3106249631_J60_J61_#5more': 60}, 
345.0, {'J10': -66.5, 'J11': -10960.0, 'J12': -5420.0, 'J13': -8326.0, 'cluster3106249630_3106249631_J60_J61_#5more': -18277.0}, {'J10': 2, 'J11': 17, 'J12': 18, 'J13': 24, 'cluster3106249630_3106249631_J60_J61_#5more': 36}, {'J10': 3, 'J11': 33, 'J12': 43, 'J13': 34, 'cluster3106249630_3106249631_J60_J61_#5more': 61}, 
350.0, {'J10': -23.0, 'J11': -11292.0, 'J12': -5638.0, 'J13': -8644.0, 'cluster3106249630_3106249631_J60_J61_#5more': -18836.5}, {'J10': 1, 'J11': 18, 'J12': 18, 'J13': 24, 'cluster3106249630_3106249631_J60_J61_#5more': 36}, {'J10': 2, 'J11': 34, 'J12': 41, 'J13': 33, 'cluster3106249630_3106249631_J60_J61_#5more': 60}, 
355.0, {'J10': -44.5, 'J11': -11632.0, 'J12': -5681.5, 'J13': -8977.5, 'cluster3106249630_3106249631_J60_J61_#5more': -19361.5}, {'J10': 2, 'J11': 18, 'J12': 18, 'J13': 24, 'cluster3106249630_3106249631_J60_J61_#5more': 36}, {'J10': 3, 'J11': 34, 'J12': 40, 'J13': 34, 'cluster3106249630_3106249631_J60_J61_#5more': 59}, 
360.0, {'J10': -48.5, 'J11': -11972.0, 'J12': -5798.0, 'J13': -9317.5, 'cluster3106249630_3106249631_J60_J61_#5more': -19958.5}, {'J10': 2, 'J11': 18, 'J12': 22, 'J13': 24, 'cluster3106249630_3106249631_J60_J61_#5more': 36}, {'J10': 3, 'J11': 34, 'J12': 45, 'J13': 34, 'cluster3106249630_3106249631_J60_J61_#5more': 63}, 
365.0, {'J10': -54.0, 'J11': -12312.5, 'J12': -6119.0, 'J13': -9672.0, 'cluster3106249630_3106249631_J60_J61_#5more': -20596.0}, {'J10': 2, 'J11': 19, 'J12': 22, 'J13': 28, 'cluster3106249630_3106249631_J60_J61_#5more': 36}, {'J10': 2, 'J11': 35, 'J12': 46, 'J13': 38, 'cluster3106249630_3106249631_J60_J61_#5more': 67}, 
370.0, {'J10': -79.0, 'J11': -12662.5, 'J12': -6029.0, 'J13': -10056.0, 'cluster3106249630_3106249631_J60_J61_#5more': -21163.5}, {'J10': 3, 'J11': 19, 'J12': 22, 'J13': 28, 'cluster3106249630_3106249631_J60_J61_#5more': 36}, {'J10': 3, 'J11': 35, 'J12': 46, 'J13': 39, 'cluster3106249630_3106249631_J60_J61_#5more': 66}, 
375.0, {'J10': -40.0, 'J11': -13015.0, 'J12': -5174.5, 'J13': -10446.0, 'cluster3106249630_3106249631_J60_J61_#5more': -21623.0}, {'J10': 2, 'J11': 20, 'J12': 20, 'J13': 28, 'cluster3106249630_3106249631_J60_J61_#5more': 36}, {'J10': 4, 'J11': 36, 'J12': 41, 'J13': 39, 'cluster3106249630_3106249631_J60_J61_#5more': 60}, 
380.0, {'J10': -25.0, 'J11': -13375.0, 'J12': -5585.5, 'J13': -10836.0, 'cluster3106249630_3106249631_J60_J61_#5more': -22115.5}, {'J10': 1, 'J11': 20, 'J12': 20, 'J13': 28, 'cluster3106249630_3106249631_J60_J61_#5more': 36}, {'J10': 1, 'J11': 36, 'J12': 42, 'J13': 39, 'cluster3106249630_3106249631_J60_J61_#5more': 57}, 
385.0, {'J10': -35.0, 'J11': -13738.5, 'J12': -5727.5, 'J13': -11229.5, 'cluster3106249630_3106249631_J60_J61_#5more': -22696.5}, {'J10': 1, 'J11': 21, 'J12': 20, 'J13': 28, 'cluster3106249630_3106249631_J60_J61_#5more': 36}, {'J10': 1, 'J11': 37, 'J12': 42, 'J13': 40, 'cluster3106249630_3106249631_J60_J61_#5more': 61}, 
390.0, {'J10': -45.0, 'J11': -14108.5, 'J12': -6142.0, 'J13': -11629.5, 'cluster3106249630_3106249631_J60_J61_#5more': -23308.5}, {'J10': 1, 'J11': 21, 'J12': 20, 'J13': 28, 'cluster3106249630_3106249631_J60_J61_#5more': 36}, {'J10': 1, 'J11': 37, 'J12': 44, 'J13': 40, 'cluster3106249630_3106249631_J60_J61_#5more': 62}, 
395.0, {'J10': -59.5, 'J11': -14478.5, 'J12': -6515.0, 'J13': -12029.5, 'cluster3106249630_3106249631_J60_J61_#5more': -23928.5}, {'J10': 1, 'J11': 21, 'J12': 20, 'J13': 28, 'cluster3106249630_3106249631_J60_J61_#5more': 36}, {'J10': 2, 'J11': 37, 'J12': 43, 'J13': 40, 'cluster3106249630_3106249631_J60_J61_#5more': 62}, 
400.0, {'J10': -81.0, 'J11': -14853.0, 'J12': -6949.0, 'J13': -12429.5, 'cluster3106249630_3106249631_J60_J61_#5more': -23817.0}, {'J10': 2, 'J11': 22, 'J12': 20, 'J13': 28, 'cluster3106249630_3106249631_J60_J61_#5more': 36}, {'J10': 3, 'J11': 38, 'J12': 44, 'J13': 40, 'cluster3106249630_3106249631_J60_J61_#5more': 61}, 
405.0, {'J10': -111.0, 'J11': -15233.0, 'J12': -7399.5, 'J13': -10731.5, 'cluster3106249630_3106249631_J60_J61_#5more': -24376.5}, {'J10': 2, 'J11': 22, 'J12': 20, 'J13': 25, 'cluster3106249630_3106249631_J60_J61_#5more': 36}, {'J10': 3, 'J11': 38, 'J12': 49, 'J13': 35, 'cluster3106249630_3106249631_J60_J61_#5more': 60}, 
410.0, {'J10': -141.0, 'J11': -15613.0, 'J12': -7527.5, 'J13': -10527.0, 'cluster3106249630_3106249631_J60_J61_#5more': -24980.0}, {'J10': 2, 'J11': 22, 'J12': 20, 'J13': 25, 'cluster3106249630_3106249631_J60_J61_#5more': 36}, {'J10': 3, 'J11': 38, 'J12': 48, 'J13': 33, 'cluster3106249630_3106249631_J60_J61_#5more': 61}, 
415.0, {'J10': -171.0, 'J11': -15996.0, 'J12': -6850.5, 'J13': -10857.0, 'cluster3106249630_3106249631_J60_J61_#5more': -25598.0}, {'J10': 2, 'J11': 23, 'J12': 18, 'J13': 25, 'cluster3106249630_3106249631_J60_J61_#5more': 36}, {'J10': 3, 'J11': 39, 'J12': 45, 'J13': 33, 'cluster3106249630_3106249631_J60_J61_#5more': 64}, 
420.0, {'J10': -203.0, 'J11': -16386.0, 'J12': -7283.0, 'J13': -11190.5, 'cluster3106249630_3106249631_J60_J61_#5more': -26245.0}, {'J10': 2, 'J11': 23, 'J12': 18, 'J13': 25, 'cluster3106249630_3106249631_J60_J61_#5more': 36}, {'J10': 4, 'J11': 39, 'J12': 46, 'J13': 35, 'cluster3106249630_3106249631_J60_J61_#5more': 67}, 
425.0, {'J10': -246.0, 'J11': -16778.0, 'J12': -7473.0, 'J13': -11540.5, 'cluster3106249630_3106249631_J60_J61_#5more': -26915.5}, {'J10': 3, 'J11': 24, 'J12': 18, 'J13': 25, 'cluster3106249630_3106249631_J60_J61_#5more': 36}, {'J10': 5, 'J11': 40, 'J12': 45, 'J13': 35, 'cluster3106249630_3106249631_J60_J61_#5more': 68}, 
430.0, {'J10': -97.0, 'J11': -17178.0, 'J12': -7734.5, 'J13': -11905.5, 'cluster3106249630_3106249631_J60_J61_#5more': -27503.5}, {'J10': 2, 'J11': 24, 'J12': 19, 'J13': 28, 'cluster3106249630_3106249631_J60_J61_#5more': 36}, {'J10': 4, 'J11': 40, 'J12': 47, 'J13': 39, 'cluster3106249630_3106249631_J60_J61_#5more': 68}, 
435.0, {'J10': -139.5, 'J11': -17581.5, 'J12': -7702.5, 'J13': -12295.5, 'cluster3106249630_3106249631_J60_J61_#5more': -27957.0}, {'J10': 2, 'J11': 25, 'J12': 20, 'J13': 28, 'cluster3106249630_3106249631_J60_J61_#5more': 36}, {'J10': 6, 'J11': 41, 'J12': 44, 'J13': 39, 'cluster3106249630_3106249631_J60_J61_#5more': 66}, 
440.0, {'J10': -211.0, 'J11': -17996.5, 'J12': -8154.5, 'J13': -12685.5, 'cluster3106249630_3106249631_J60_J61_#5more': -28272.0}, {'J10': 4, 'J11': 26, 'J12': 20, 'J13': 28, 'cluster3106249630_3106249631_J60_J61_#5more': 36}, {'J10': 11, 'J11': 42, 'J12': 47, 'J13': 39, 'cluster3106249630_3106249631_J60_J61_#5more': 60}, 
445.0, {'J10': -236.5, 'J11': -18418.5, 'J12': -8501.0, 'J13': -13075.5, 'cluster3106249630_3106249631_J60_J61_#5more': -28814.0}, {'J10': 3, 'J11': 27, 'J12': 20, 'J13': 28, 'cluster3106249630_3106249631_J60_J61_#5more': 36}, {'J10': 7, 'J11': 43, 'J12': 47, 'J13': 39, 'cluster3106249630_3106249631_J60_J61_#5more': 60}, 
450.0, {'J10': -265.5, 'J11': -18853.0, 'J12': -8898.5, 'J13': -13465.5, 'cluster3106249630_3106249631_J60_J61_#5more': -29419.0}, {'J10': 3, 'J11': 28, 'J12': 20, 'J13': 28, 'cluster3106249630_3106249631_J60_J61_#5more': 36}, {'J10': 5, 'J11': 44, 'J12': 45, 'J13': 39, 'cluster3106249630_3106249631_J60_J61_#5more': 61}, 
455.0, {'J10': -132.0, 'J11': -19293.0, 'J12': -9304.5, 'J13': -13855.5, 'cluster3106249630_3106249631_J60_J61_#5more': -30029.0}, {'J10': 2, 'J11': 28, 'J12': 20, 'J13': 28, 'cluster3106249630_3106249631_J60_J61_#5more': 36}, {'J10': 3, 'J11': 44, 'J12': 48, 'J13': 39, 'cluster3106249630_3106249631_J60_J61_#5more': 61}, 
460.0, {'J10': -1.0, 'J11': -19735.0, 'J12': -9411.5, 'J13': -14245.5, 'cluster3106249630_3106249631_J60_J61_#5more': -30639.0}, {'J10': 1, 'J11': 29, 'J12': 20, 'J13': 28, 'cluster3106249630_3106249631_J60_J61_#5more': 36}, {'J10': 1, 'J11': 45, 'J12': 51, 'J13': 39, 'cluster3106249630_3106249631_J60_J61_#5more': 61}, 
465.0, {'J10': -13.0, 'J11': -20185.0, 'J12': -9937.0, 'J13': -14635.5, 'cluster3106249630_3106249631_J60_J61_#5more': -30771.0}, {'J10': 1, 'J11': 29, 'J12': 20, 'J13': 28, 'cluster3106249630_3106249631_J60_J61_#5more': 36}, {'J10': 2, 'J11': 45, 'J12': 55, 'J13': 39, 'cluster3106249630_3106249631_J60_J61_#5more': 61}, 
470.0, {'J10': -4.5, 'J11': -20639.0, 'J12': -10361.0, 'J13': -13252.5, 'cluster3106249630_3106249631_J60_J61_#5more': -30786.5}, {'J10': 1, 'J11': 29, 'J12': 20, 'J13': 26, 'cluster3106249630_3106249631_J60_J61_#5more': 36}, {'J10': 1, 'J11': 46, 'J12': 52, 'J13': 35, 'cluster3106249630_3106249631_J60_J61_#5more': 59}, 
475.0, {'J10': -14.5, 'J11': -21085.0, 'J12': -10823.0, 'J13': -12406.5, 'cluster3106249630_3106249631_J60_J61_#5more': -31385.0}, {'J10': 1, 'J11': 29, 'J12': 20, 'J13': 24, 'cluster3106249630_3106249631_J60_J61_#5more': 36}, {'J10': 1, 'J11': 45, 'J12': 53, 'J13': 33, 'cluster3106249630_3106249631_J60_J61_#5more': 61}, 
480.0, {'J10': -24.5, 'J11': -21535.0, 'J12': -11364.0, 'J13': -12736.5, 'cluster3106249630_3106249631_J60_J61_#5more': -32003.5}, {'J10': 1, 'J11': 29, 'J12': 20, 'J13': 24, 'cluster3106249630_3106249631_J60_J61_#5more': 36}, {'J10': 1, 'J11': 45, 'J12': 58, 'J13': 33, 'cluster3106249630_3106249631_J60_J61_#5more': 63}, 
485.0, {'J10': 0, 'J11': -21985.0, 'J12': -11957.5, 'J13': -13070.5, 'cluster3106249630_3106249631_J60_J61_#5more': -32364.0}, {'J10': 0, 'J11': 29, 'J12': 20, 'J13': 24, 'cluster3106249630_3106249631_J60_J61_#5more': 36}, {'J10': 0, 'J11': 45, 'J12': 62, 'J13': 34, 'cluster3106249630_3106249631_J60_J61_#5more': 57}, 
490.0, {'J10': 0, 'J11': -22435.0, 'J12': -12582.5, 'J13': -13410.5, 'cluster3106249630_3106249631_J60_J61_#5more': -32935.0}, {'J10': 0, 'J11': 29, 'J12': 20, 'J13': 24, 'cluster3106249630_3106249631_J60_J61_#5more': 36}, {'J10': 0, 'J11': 45, 'J12': 64, 'J13': 34, 'cluster3106249630_3106249631_J60_J61_#5more': 58}, 
495.0, {'J10': 0, 'J11': -22890.0, 'J12': -13046.0, 'J13': -13758.5, 'cluster3106249630_3106249631_J60_J61_#5more': -33521.0}, {'J10': 0, 'J11': 30, 'J12': 20, 'J13': 26, 'cluster3106249630_3106249631_J60_J61_#5more': 36}, {'J10': 0, 'J11': 46, 'J12': 64, 'J13': 36, 'cluster3106249630_3106249631_J60_J61_#5more': 61}, 
500.0, {'J10': -4.5, 'J11': -23350.0, 'J12': -13526.0, 'J13': -14126.0, 'cluster3106249630_3106249631_J60_J61_#5more': -33997.5}, {'J10': 1, 'J11': 30, 'J12': 20, 'J13': 28, 'cluster3106249630_3106249631_J60_J61_#5more': 36}, {'J10': 1, 'J11': 46, 'J12': 63, 'J13': 38, 'cluster3106249630_3106249631_J60_J61_#5more': 59}, 
505.0, {'J10': -14.5, 'J11': -23810.0, 'J12': -14020.0, 'J13': -14507.5, 'cluster3106249630_3106249631_J60_J61_#5more': -34495.5}, {'J10': 1, 'J11': 30, 'J12': 20, 'J13': 28, 'cluster3106249630_3106249631_J60_J61_#5more': 36}, {'J10': 1, 'J11': 46, 'J12': 61, 'J13': 39, 'cluster3106249630_3106249631_J60_J61_#5more': 56}, 
510.0, {'J10': -24.5, 'J11': -24271.0, 'J12': -14207.5, 'J13': -14897.5, 'cluster3106249630_3106249631_J60_J61_#5more': -35055.5}, {'J10': 1, 'J11': 30, 'J12': 20, 'J13': 28, 'cluster3106249630_3106249631_J60_J61_#5more': 36}, {'J10': 1, 'J11': 47, 'J12': 57, 'J13': 39, 'cluster3106249630_3106249631_J60_J61_#5more': 56}, 
515.0, {'J10': -34.5, 'J11': -24731.5, 'J12': -14354.0, 'J13': -15287.5, 'cluster3106249630_3106249631_J60_J61_#5more': -35620.5}, {'J10': 1, 'J11': 31, 'J12': 20, 'J13': 28, 'cluster3106249630_3106249631_J60_J61_#5more': 36}, {'J10': 1, 'J11': 47, 'J12': 54, 'J13': 39, 'cluster3106249630_3106249631_J60_J61_#5more': 58}, 
520.0, {'J10': -44.5, 'J11': -25206.0, 'J12': -14667.5, 'J13': -15677.5, 'cluster3106249630_3106249631_J60_J61_#5more': -36204.0}, {'J10': 1, 'J11': 32, 'J12': 20, 'J13': 28, 'cluster3106249630_3106249631_J60_J61_#5more': 36}, {'J10': 1, 'J11': 48, 'J12': 52, 'J13': 39, 'cluster3106249630_3106249631_J60_J61_#5more': 59}, 
525.0, {'J10': -54.5, 'J11': -25686.0, 'J12': -14924.0, 'J13': -16067.5, 'cluster3106249630_3106249631_J60_J61_#5more': -36794.0}, {'J10': 1, 'J11': 32, 'J12': 20, 'J13': 28, 'cluster3106249630_3106249631_J60_J61_#5more': 36}, {'J10': 1, 'J11': 48, 'J12': 51, 'J13': 39, 'cluster3106249630_3106249631_J60_J61_#5more': 59}, 
530.0, {'J10': -66.5, 'J11': -26166.0, 'J12': -15215.0, 'J13': -16458.5, 'cluster3106249630_3106249631_J60_J61_#5more': -36810.5}, {'J10': 1, 'J11': 32, 'J12': 20, 'J13': 28, 'cluster3106249630_3106249631_J60_J61_#5more': 36}, {'J10': 2, 'J11': 48, 'J12': 48, 'J13': 40, 'cluster3106249630_3106249631_J60_J61_#5more': 58}, 
535.0, {'J10': -88.5, 'J11': -26646.0, 'J12': -15642.5, 'J13': -14083.0, 'cluster3106249630_3106249631_J60_J61_#5more': -36728.0}, {'J10': 2, 'J11': 32, 'J12': 20, 'J13': 25, 'cluster3106249630_3106249631_J60_J61_#5more': 36}, {'J10': 3, 'J11': 48, 'J12': 47, 'J13': 35, 'cluster3106249630_3106249631_J60_J61_#5more': 56}, 
540.0, {'J10': -120.5, 'J11': -27126.0, 'J12': -15200.5, 'J13': -13227.5, 'cluster3106249630_3106249631_J60_J61_#5more': -37290.5}, {'J10': 2, 'J11': 32, 'J12': 20, 'J13': 24, 'cluster3106249630_3106249631_J60_J61_#5more': 36}, {'J10': 4, 'J11': 48, 'J12': 47, 'J13': 32, 'cluster3106249630_3106249631_J60_J61_#5more': 57}, 
545.0, {'J10': -22.0, 'J11': -27606.0, 'J12': -15137.0, 'J13': -13547.5, 'cluster3106249630_3106249631_J60_J61_#5more': -37749.0}, {'J10': 1, 'J11': 32, 'J12': 20, 'J13': 24, 'cluster3106249630_3106249631_J60_J61_#5more': 36}, {'J10': 1, 'J11': 48, 'J12': 47, 'J13': 32, 'cluster3106249630_3106249631_J60_J61_#5more': 57}, 
550.0, {'J10': -3.5, 'J11': -28086.0, 'J12': -15274.5, 'J13': -13870.0, 'cluster3106249630_3106249631_J60_J61_#5more': -38226.5}, {'J10': 2, 'J11': 32, 'J12': 20, 'J13': 24, 'cluster3106249630_3106249631_J60_J61_#5more': 36}, {'J10': 2, 'J11': 48, 'J12': 42, 'J13': 34, 'cluster3106249630_3106249631_J60_J61_#5more': 56}, 
555.0, {'J10': -27.5, 'J11': -28569.0, 'J12': -15165.5, 'J13': -14210.0, 'cluster3106249630_3106249631_J60_J61_#5more': -38794.5}, {'J10': 3, 'J11': 32, 'J12': 20, 'J13': 24, 'cluster3106249630_3106249631_J60_J61_#5more': 36}, {'J10': 4, 'J11': 49, 'J12': 42, 'J13': 34, 'cluster3106249630_3106249631_J60_J61_#5more': 59}, 
560.0, {'J10': -34.0, 'J11': -29046.0, 'J12': -15201.0, 'J13': -14560.0, 'cluster3106249630_3106249631_J60_J61_#5more': -39388.5}, {'J10': 2, 'J11': 32, 'J12': 20, 'J13': 27, 'cluster3106249630_3106249631_J60_J61_#5more': 36}, {'J10': 2, 'J11': 48, 'J12': 44, 'J13': 37, 'cluster3106249630_3106249631_J60_J61_#5more': 61}, 
565.0, {'J10': -23.5, 'J11': -29526.0, 'J12': -15090.5, 'J13': -14935.0, 'cluster3106249630_3106249631_J60_J61_#5more': -40003.0}, {'J10': 1, 'J11': 32, 'J12': 20, 'J13': 28, 'cluster3106249630_3106249631_J60_J61_#5more': 36}, {'J10': 1, 'J11': 48, 'J12': 41, 'J13': 38, 'cluster3106249630_3106249631_J60_J61_#5more': 63}, 
570.0, {'J10': -35.5, 'J11': -30006.0, 'J12': -15274.5, 'J13': -15315.0, 'cluster3106249630_3106249631_J60_J61_#5more': -40625.5}, {'J10': 1, 'J11': 32, 'J12': 20, 'J13': 28, 'cluster3106249630_3106249631_J60_J61_#5more': 36}, {'J10': 2, 'J11': 48, 'J12': 36, 'J13': 38, 'cluster3106249630_3106249631_J60_J61_#5more': 64}, 
575.0, {'J10': -55.5, 'J11': -30486.0, 'J12': -15643.0, 'J13': -15695.0, 'cluster3106249630_3106249631_J60_J61_#5more': -41142.5}, {'J10': 1, 'J11': 32, 'J12': 20, 'J13': 28, 'cluster3106249630_3106249631_J60_J61_#5more': 36}, {'J10': 2, 'J11': 48, 'J12': 40, 'J13': 38, 'cluster3106249630_3106249631_J60_J61_#5more': 63}, 
580.0, {'J10': 0, 'J11': -30966.0, 'J12': -15126.0, 'J13': -16075.0, 'cluster3106249630_3106249631_J60_J61_#5more': -41582.5}, {'J10': 0, 'J11': 32, 'J12': 20, 'J13': 28, 'cluster3106249630_3106249631_J60_J61_#5more': 36}, {'J10': 0, 'J11': 48, 'J12': 43, 'J13': 38, 'cluster3106249630_3106249631_J60_J61_#5more': 59}, 
585.0, {'J10': 0, 'J11': -31446.0, 'J12': -13962.5, 'J13': -16455.0, 'cluster3106249630_3106249631_J60_J61_#5more': -41909.5}, {'J10': 0, 'J11': 32, 'J12': 19, 'J13': 28, 'cluster3106249630_3106249631_J60_J61_#5more': 36}, {'J10': 0, 'J11': 48, 'J12': 41, 'J13': 38, 'cluster3106249630_3106249631_J60_J61_#5more': 53}, 
590.0, {'J10': -4.5, 'J11': -31926.0, 'J12': -14309.5, 'J13': -16835.0, 'cluster3106249630_3106249631_J60_J61_#5more': -42439.5}, {'J10': 1, 'J11': 32, 'J12': 19, 'J13': 28, 'cluster3106249630_3106249631_J60_J61_#5more': 36}, {'J10': 1, 'J11': 48, 'J12': 40, 'J13': 38, 'cluster3106249630_3106249631_J60_J61_#5more': 53}, 
595.0, {'J10': -14.5, 'J11': -32406.5, 'J12': -14683.5, 'J13': -17215.0, 'cluster3106249630_3106249631_J60_J61_#5more': -42276.5}, {'J10': 1, 'J11': 32, 'J12': 20, 'J13': 28, 'cluster3106249630_3106249631_J60_J61_#5more': 36}, {'J10': 1, 'J11': 49, 'J12': 46, 'J13': 38, 'cluster3106249630_3106249631_J60_J61_#5more': 53}, 
600.0, {'J10': -27.0, 'J11': -32886.0, 'J12': -14421.5, 'J13': -15381.0, 'cluster3106249630_3106249631_J60_J61_#5more': -42375.5}, {'J10': 1, 'J11': 32, 'J12': 21, 'J13': 26, 'cluster3106249630_3106249631_J60_J61_#5more': 36}, {'J10': 2, 'J11': 48, 'J12': 49, 'J13': 35, 'cluster3106249630_3106249631_J60_J61_#5more': 54}, 
605.0, {'J10': -51.0, 'J11': -33366.0, 'J12': -14673.5, 'J13': -13710.0, 'cluster3106249630_3106249631_J60_J61_#5more': -42929.5}, {'J10': 2, 'J11': 32, 'J12': 21, 'J13': 24, 'cluster3106249630_3106249631_J60_J61_#5more': 36}, {'J10': 3, 'J11': 48, 'J12': 46, 'J13': 33, 'cluster3106249630_3106249631_J60_J61_#5more': 59}, 
610.0, {'J10': -81.0, 'J11': -33846.0, 'J12': -15076.5, 'J13': -14040.0, 'cluster3106249630_3106249631_J60_J61_#5more': -43509.0}, {'J10': 2, 'J11': 32, 'J12': 21, 'J13': 24, 'cluster3106249630_3106249631_J60_J61_#5more': 36}, {'J10': 3, 'J11': 48, 'J12': 46, 'J13': 33, 'cluster3106249630_3106249631_J60_J61_#5more': 60}, 
615.0, {'J10': -27.5, 'J11': -34326.0, 'J12': -15373.5, 'J13': -14373.0, 'cluster3106249630_3106249631_J60_J61_#5more': -44116.5}, {'J10': 1, 'J11': 32, 'J12': 21, 'J13': 24, 'cluster3106249630_3106249631_J60_J61_#5more': 36}, {'J10': 3, 'J11': 48, 'J12': 44, 'J13': 35, 'cluster3106249630_3106249631_J60_J61_#5more': 63}, 
620.0, {'J10': -59.0, 'J11': -34806.0, 'J12': -15701.5, 'J13': -14723.0, 'cluster3106249630_3106249631_J60_J61_#5more': -44750.0}, {'J10': 2, 'J11': 32, 'J12': 21, 'J13': 24, 'cluster3106249630_3106249631_J60_J61_#5more': 36}, {'J10': 4, 'J11': 48, 'J12': 43, 'J13': 35, 'cluster3106249630_3106249631_J60_J61_#5more': 64}, 
625.0, {'J10': -101.0, 'J11': -35286.0, 'J12': -16137.0, 'J13': -15081.0, 'cluster3106249630_3106249631_J60_J61_#5more': -45392.0}, {'J10': 3, 'J11': 32, 'J12': 21, 'J13': 27, 'cluster3106249630_3106249631_J60_J61_#5more': 36}, {'J10': 5, 'J11': 48, 'J12': 45, 'J13': 38, 'cluster3106249630_3106249631_J60_J61_#5more': 66}, 
630.0, {'J10': -54.0, 'J11': -35766.0, 'J12': -16482.0, 'J13': -15464.5, 'cluster3106249630_3106249631_J60_J61_#5more': -45868.5}, {'J10': 1, 'J11': 32, 'J12': 21, 'J13': 28, 'cluster3106249630_3106249631_J60_J61_#5more': 36}, {'J10': 1, 'J11': 48, 'J12': 49, 'J13': 39, 'cluster3106249630_3106249631_J60_J61_#5more': 64}, 
635.0, {'J10': -64.0, 'J11': -36246.0, 'J12': -16950.0, 'J13': -15854.5, 'cluster3106249630_3106249631_J60_J61_#5more': -46071.5}, {'J10': 1, 'J11': 32, 'J12': 21, 'J13': 28, 'cluster3106249630_3106249631_J60_J61_#5more': 36}, {'J10': 1, 'J11': 48, 'J12': 52, 'J13': 39, 'cluster3106249630_3106249631_J60_J61_#5more': 56}, 
640.0, {'J10': -74.0, 'J11': -36727.5, 'J12': -17242.0, 'J13': -16244.5, 'cluster3106249630_3106249631_J60_J61_#5more': -46527.0}, {'J10': 1, 'J11': 32, 'J12': 21, 'J13': 28, 'cluster3106249630_3106249631_J60_J61_#5more': 36}, {'J10': 1, 'J11': 49, 'J12': 49, 'J13': 39, 'cluster3106249630_3106249631_J60_J61_#5more': 54}, 
645.0, {'J10': -84.0, 'J11': -37206.0, 'J12': -17641.0, 'J13': -16634.5, 'cluster3106249630_3106249631_J60_J61_#5more': -47075.5}, {'J10': 1, 'J11': 32, 'J12': 21, 'J13': 28, 'cluster3106249630_3106249631_J60_J61_#5more': 36}, {'J10': 1, 'J11': 48, 'J12': 46, 'J13': 39, 'cluster3106249630_3106249631_J60_J61_#5more': 57}, 
650.0, {'J10': -94.0, 'J11': -37686.0, 'J12': -18226.5, 'J13': -17024.5, 'cluster3106249630_3106249631_J60_J61_#5more': -47645.5}, {'J10': 1, 'J11': 32, 'J12': 21, 'J13': 28, 'cluster3106249630_3106249631_J60_J61_#5more': 36}, {'J10': 1, 'J11': 48, 'J12': 53, 'J13': 39, 'cluster3106249630_3106249631_J60_J61_#5more': 57}, 
655.0, {'J10': -104.0, 'J11': -38166.0, 'J12': -18594.5, 'J13': -17414.5, 'cluster3106249630_3106249631_J60_J61_#5more': -48215.5}, {'J10': 1, 'J11': 32, 'J12': 21, 'J13': 28, 'cluster3106249630_3106249631_J60_J61_#5more': 36}, {'J10': 1, 'J11': 48, 'J12': 51, 'J13': 39, 'cluster3106249630_3106249631_J60_J61_#5more': 57}, 
660.0, {'J10': -114.0, 'J11': -38646.0, 'J12': -18946.5, 'J13': -17804.5, 'cluster3106249630_3106249631_J60_J61_#5more': -48246.0}, {'J10': 1, 'J11': 32, 'J12': 21, 'J13': 28, 'cluster3106249630_3106249631_J60_J61_#5more': 36}, {'J10': 1, 'J11': 48, 'J12': 48, 'J13': 39, 'cluster3106249630_3106249631_J60_J61_#5more': 58}, 
665.0, {'J10': 0, 'J11': -39126.0, 'J12': -19268.5, 'J13': -16047.5, 'cluster3106249630_3106249631_J60_J61_#5more': -48259.5}, {'J10': 0, 'J11': 32, 'J12': 21, 'J13': 26, 'cluster3106249630_3106249631_J60_J61_#5more': 36}, {'J10': 0, 'J11': 48, 'J12': 46, 'J13': 36, 'cluster3106249630_3106249631_J60_J61_#5more': 56}, 
670.0, {'J10': 0, 'J11': -39606.0, 'J12': -18320.5, 'J13': -16276.0, 'cluster3106249630_3106249631_J60_J61_#5more': -48720.5}, {'J10': 0, 'J11': 32, 'J12': 21, 'J13': 26, 'cluster3106249630_3106249631_J60_J61_#5more': 36}, {'J10': 0, 'J11': 48, 'J12': 47, 'J13': 35, 'cluster3106249630_3106249631_J60_J61_#5more': 56}, 
675.0, {'J10': -5.0, 'J11': -40086.0, 'J12': -18753.0, 'J13': -16626.0, 'cluster3106249630_3106249631_J60_J61_#5more': -49218.0}, {'J10': 1, 'J11': 32, 'J12': 21, 'J13': 26, 'cluster3106249630_3106249631_J60_J61_#5more': 36}, {'J10': 1, 'J11': 48, 'J12': 47, 'J13': 35, 'cluster3106249630_3106249631_J60_J61_#5more': 54}, 
680.0, {'J10': -15.0, 'J11': -40566.0, 'J12': -19162.5, 'J13': -16980.0, 'cluster3106249630_3106249631_J60_J61_#5more': -49704.0}, {'J10': 1, 'J11': 32, 'J12': 21, 'J13': 26, 'cluster3106249630_3106249631_J60_J61_#5more': 36}, {'J10': 1, 'J11': 48, 'J12': 46, 'J13': 36, 'cluster3106249630_3106249631_J60_J61_#5more': 52}, 
685.0, {'J10': -25.0, 'J11': -41046.0, 'J12': -19540.0, 'J13': -17340.5, 'cluster3106249630_3106249631_J60_J61_#5more': -50230.5}, {'J10': 1, 'J11': 32, 'J12': 21, 'J13': 27, 'cluster3106249630_3106249631_J60_J61_#5more': 36}, {'J10': 1, 'J11': 48, 'J12': 47, 'J13': 37, 'cluster3106249630_3106249631_J60_J61_#5more': 56}, 
690.0, {'J10': -35.0, 'J11': -41526.0, 'J12': -19911.0, 'J13': -17715.0, 'cluster3106249630_3106249631_J60_J61_#5more': -50796.5}, {'J10': 1, 'J11': 32, 'J12': 21, 'J13': 28, 'cluster3106249630_3106249631_J60_J61_#5more': 36}, {'J10': 1, 'J11': 48, 'J12': 44, 'J13': 38, 'cluster3106249630_3106249631_J60_J61_#5more': 58}, 
695.0, {'J10': -45.0, 'J11': -42006.0, 'J12': -20304.5, 'J13': -18095.0, 'cluster3106249630_3106249631_J60_J61_#5more': -51283.0}, {'J10': 1, 'J11': 32, 'J12': 21, 'J13': 28, 'cluster3106249630_3106249631_J60_J61_#5more': 36}, {'J10': 1, 'J11': 48, 'J12': 45, 'J13': 38, 'cluster3106249630_3106249631_J60_J61_#5more': 56}, 
700.0, {'J10': -57.5, 'J11': -42486.0, 'J12': -20743.0, 'J13': -18475.0, 'cluster3106249630_3106249631_J60_J61_#5more': -51736.0}, {'J10': 1, 'J11': 32, 'J12': 21, 'J13': 28, 'cluster3106249630_3106249631_J60_J61_#5more': 36}, {'J10': 2, 'J11': 48, 'J12': 45, 'J13': 38, 'cluster3106249630_3106249631_J60_J61_#5more': 52}, 
705.0, {'J10': -79.5, 'J11': -42966.0, 'J12': -21211.5, 'J13': -18855.0, 'cluster3106249630_3106249631_J60_J61_#5more': -52232.0}, {'J10': 2, 'J11': 32, 'J12': 21, 'J13': 28, 'cluster3106249630_3106249631_J60_J61_#5more': 36}, {'J10': 3, 'J11': 48, 'J12': 52, 'J13': 38, 'cluster3106249630_3106249631_J60_J61_#5more': 51}, 
710.0, {'J10': -109.5, 'J11': -43446.0, 'J12': -21742.5, 'J13': -19235.0, 'cluster3106249630_3106249631_J60_J61_#5more': -52746.0}, {'J10': 2, 'J11': 32, 'J12': 21, 'J13': 28, 'cluster3106249630_3106249631_J60_J61_#5more': 36}, {'J10': 3, 'J11': 48, 'J12': 56, 'J13': 38, 'cluster3106249630_3106249631_J60_J61_#5more': 53}, 
715.0, {'J10': -27.5, 'J11': -43926.0, 'J12': -22307.0, 'J13': -19615.0, 'cluster3106249630_3106249631_J60_J61_#5more': -53284.0}, {'J10': 1, 'J11': 32, 'J12': 21, 'J13': 28, 'cluster3106249630_3106249631_J60_J61_#5more': 36}, {'J10': 3, 'J11': 48, 'J12': 58, 'J13': 38, 'cluster3106249630_3106249631_J60_J61_#5more': 55}, 
720.0, {'J10': -61.5, 'J11': -44406.0, 'J12': -22889.0, 'J13': -19995.0, 'cluster3106249630_3106249631_J60_J61_#5more': -53834.0}, {'J10': 2, 'J11': 32, 'J12': 21, 'J13': 28, 'cluster3106249630_3106249631_J60_J61_#5more': 36}, {'J10': 5, 'J11': 48, 'J12': 60, 'J13': 38, 'cluster3106249630_3106249631_J60_J61_#5more': 55}, 
725.0, {'J10': -116.0, 'J11': -44886.0, 'J12': -23489.0, 'J13': -20375.0, 'cluster3106249630_3106249631_J60_J61_#5more': -54163.0}, {'J10': 3, 'J11': 32, 'J12': 21, 'J13': 28, 'cluster3106249630_3106249631_J60_J61_#5more': 36}, {'J10': 7, 'J11': 48, 'J12': 60, 'J13': 38, 'cluster3106249630_3106249631_J60_J61_#5more': 55}, 
730.0, {'J10': -83.5, 'J11': -45366.0, 'J12': -23796.0, 'J13': -20134.0, 'cluster3106249630_3106249631_J60_J61_#5more': -54715.0}, {'J10': 3, 'J11': 32, 'J12': 21, 'J13': 28, 'cluster3106249630_3106249631_J60_J61_#5more': 36}, {'J10': 3, 'J11': 48, 'J12': 56, 'J13': 37, 'cluster3106249630_3106249631_J60_J61_#5more': 56}, 
735.0, {'J10': -113.5, 'J11': -45846.0, 'J12': -24123.5, 'J13': -19533.0, 'cluster3106249630_3106249631_J60_J61_#5more': -55180.0}, {'J10': 3, 'J11': 32, 'J12': 21, 'J13': 27, 'cluster3106249630_3106249631_J60_J61_#5more': 36}, {'J10': 3, 'J11': 48, 'J12': 56, 'J13': 36, 'cluster3106249630_3106249631_J60_J61_#5more': 57}, 
740.0, {'J10': -71.5, 'J11': -46326.0, 'J12': -24474.0, 'J13': -19893.0, 'cluster3106249630_3106249631_J60_J61_#5more': -55612.5}, {'J10': 2, 'J11': 32, 'J12': 21, 'J13': 27, 'cluster3106249630_3106249631_J60_J61_#5more': 36}, {'J10': 2, 'J11': 48, 'J12': 56, 'J13': 36, 'cluster3106249630_3106249631_J60_J61_#5more': 52}, 
745.0, {'J10': -102.0, 'J11': -46806.0, 'J12': -24966.5, 'J13': -20254.0, 'cluster3106249630_3106249631_J60_J61_#5more': -56048.5}, {'J10': 2, 'J11': 32, 'J12': 21, 'J13': 27, 'cluster3106249630_3106249631_J60_J61_#5more': 36}, {'J10': 6, 'J11': 48, 'J12': 57, 'J13': 37, 'cluster3106249630_3106249631_J60_J61_#5more': 50}, 
750.0, {'J10': -150.0, 'J11': -47286.0, 'J12': -25542.0, 'J13': -20627.5, 'cluster3106249630_3106249631_J60_J61_#5more': -56549.5}, {'J10': 4, 'J11': 32, 'J12': 21, 'J13': 28, 'cluster3106249630_3106249631_J60_J61_#5more': 36}, {'J10': 7, 'J11': 48, 'J12': 60, 'J13': 39, 'cluster3106249630_3106249631_J60_J61_#5more': 51}, 
755.0, {'J10': -159.5, 'J11': -47766.0, 'J12': -26152.5, 'J13': -21017.5, 'cluster3106249630_3106249631_J60_J61_#5more': -57068.0}, {'J10': 4, 'J11': 32, 'J12': 21, 'J13': 28, 'cluster3106249630_3106249631_J60_J61_#5more': 36}, {'J10': 4, 'J11': 48, 'J12': 64, 'J13': 39, 'cluster3106249630_3106249631_J60_J61_#5more': 54}, 
760.0, {'J10': -123.5, 'J11': -48246.0, 'J12': -26792.5, 'J13': -21407.5, 'cluster3106249630_3106249631_J60_J61_#5more': -57608.0}, {'J10': 3, 'J11': 32, 'J12': 21, 'J13': 28, 'cluster3106249630_3106249631_J60_J61_#5more': 36}, {'J10': 5, 'J11': 48, 'J12': 64, 'J13': 39, 'cluster3106249630_3106249631_J60_J61_#5more': 54}, 
765.0, {'J10': -68.0, 'J11': -48726.0, 'J12': -27436.0, 'J13': -21797.5, 'cluster3106249630_3106249631_J60_J61_#5more': -58148.0}, {'J10': 2, 'J11': 32, 'J12': 21, 'J13': 28, 'cluster3106249630_3106249631_J60_J61_#5more': 36}, {'J10': 2, 'J11': 48, 'J12': 65, 'J13': 39, 'cluster3106249630_3106249631_J60_J61_#5more': 54}, 
770.0, {'J10': -91.5, 'J11': -49206.0, 'J12': -28091.5, 'J13': -22187.5, 'cluster3106249630_3106249631_J60_J61_#5more': -58688.0}, {'J10': 3, 'J11': 32, 'J12': 21, 'J13': 28, 'cluster3106249630_3106249631_J60_J61_#5more': 36}, {'J10': 3, 'J11': 48, 'J12': 67, 'J13': 39, 'cluster3106249630_3106249631_J60_J61_#5more': 54}, 
775.0, {'J10': -121.5, 'J11': -49686.0, 'J12': -28761.5, 'J13': -22577.5, 'cluster3106249630_3106249631_J60_J61_#5more': -59228.0}, {'J10': 3, 'J11': 32, 'J12': 21, 'J13': 28, 'cluster3106249630_3106249631_J60_J61_#5more': 36}, {'J10': 3, 'J11': 48, 'J12': 67, 'J13': 39, 'cluster3106249630_3106249631_J60_J61_#5more': 54}, 
780.0, {'J10': -87.0, 'J11': -50166.0, 'J12': -28964.0, 'J13': -22967.5, 'cluster3106249630_3106249631_J60_J61_#5more': -59768.0}, {'J10': 2, 'J11': 32, 'J12': 21, 'J13': 28, 'cluster3106249630_3106249631_J60_J61_#5more': 36}, {'J10': 2, 'J11': 48, 'J12': 64, 'J13': 39, 'cluster3106249630_3106249631_J60_J61_#5more': 54}, 
785.0, {'J10': -41.0, 'J11': -50646.0, 'J12': -29249.5, 'J13': -23357.5, 'cluster3106249630_3106249631_J60_J61_#5more': -60308.0}, {'J10': 2, 'J11': 32, 'J12': 21, 'J13': 28, 'cluster3106249630_3106249631_J60_J61_#5more': 36}, {'J10': 4, 'J11': 48, 'J12': 62, 'J13': 39, 'cluster3106249630_3106249631_J60_J61_#5more': 54}, 
790.0, {'J10': -44.5, 'J11': -51126.0, 'J12': -29489.0, 'J13': -23747.5, 'cluster3106249630_3106249631_J60_J61_#5more': -60516.5}, {'J10': 2, 'J11': 32, 'J12': 21, 'J13': 28, 'cluster3106249630_3106249631_J60_J61_#5more': 36}, {'J10': 2, 'J11': 48, 'J12': 59, 'J13': 39, 'cluster3106249630_3106249631_J60_J61_#5more': 53}, 
795.0, {'J10': -64.5, 'J11': -51606.0, 'J12': -29856.0, 'J13': -21333.5, 'cluster3106249630_3106249631_J60_J61_#5more': -61050.5}, {'J10': 2, 'J11': 32, 'J12': 21, 'J13': 26, 'cluster3106249630_3106249631_J60_J61_#5more': 36}, {'J10': 2, 'J11': 48, 'J12': 59, 'J13': 35, 'cluster3106249630_3106249631_J60_J61_#5more': 55}, 
800.0, {'J10': -84.5, 'J11': -52086.0, 'J12': -30461.5, 'J13': -21181.5, 'cluster3106249630_3106249631_J60_J61_#5more': -61503.5}, {'J10': 2, 'J11': 32, 'J12': 21, 'J13': 26, 'cluster3106249630_3106249631_J60_J61_#5more': 36}, {'J10': 2, 'J11': 48, 'J12': 65, 'J13': 34, 'cluster3106249630_3106249631_J60_J61_#5more': 56}, 
805.0, {'J10': -4.0, 'J11': -52566.0, 'J12': -29413.0, 'J13': -21521.5, 'cluster3106249630_3106249631_J60_J61_#5more': -62071.0}, {'J10': 2, 'J11': 32, 'J12': 21, 'J13': 26, 'cluster3106249630_3106249631_J60_J61_#5more': 36}, {'J10': 3, 'J11': 48, 'J12': 64, 'J13': 34, 'cluster3106249630_3106249631_J60_J61_#5more': 59}, 
810.0, {'J10': -3.0, 'J11': -53046.0, 'J12': -29823.0, 'J13': -21864.5, 'cluster3106249630_3106249631_J60_J61_#5more': -62370.0}, {'J10': 1, 'J11': 32, 'J12': 21, 'J13': 26, 'cluster3106249630_3106249631_J60_J61_#5more': 36}, {'J10': 1, 'J11': 48, 'J12': 60, 'J13': 36, 'cluster3106249630_3106249631_J60_J61_#5more': 55}, 
815.0, {'J10': -13.0, 'J11': -53526.0, 'J12': -30423.0, 'J13': -22224.5, 'cluster3106249630_3106249631_J60_J61_#5more': -62734.5}, {'J10': 1, 'J11': 32, 'J12': 21, 'J13': 26, 'cluster3106249630_3106249631_J60_J61_#5more': 36}, {'J10': 1, 'J11': 48, 'J12': 60, 'J13': 36, 'cluster3106249630_3106249631_J60_J61_#5more': 52}, 
820.0, {'J10': -3.0, 'J11': -54007.5, 'J12': -31036.5, 'J13': -22593.0, 'cluster3106249630_3106249631_J60_J61_#5more': -63190.0}, {'J10': 2, 'J11': 32, 'J12': 21, 'J13': 28, 'cluster3106249630_3106249631_J60_J61_#5more': 36}, {'J10': 3, 'J11': 49, 'J12': 64, 'J13': 38, 'cluster3106249630_3106249631_J60_J61_#5more': 51}, 
825.0, {'J10': -35.5, 'J11': -54497.5, 'J12': -31688.0, 'J13': -22973.0, 'cluster3106249630_3106249631_J60_J61_#5more': -63700.0}, {'J10': 2, 'J11': 32, 'J12': 21, 'J13': 28, 'cluster3106249630_3106249631_J60_J61_#5more': 36}, {'J10': 4, 'J11': 49, 'J12': 67, 'J13': 38, 'cluster3106249630_3106249631_J60_J61_#5more': 51}, 
830.0, {'J10': -75.5, 'J11': -54966.0, 'J12': -32358.0, 'J13': -23353.0, 'cluster3106249630_3106249631_J60_J61_#5more': -64214.0}, {'J10': 2, 'J11': 32, 'J12': 21, 'J13': 28, 'cluster3106249630_3106249631_J60_J61_#5more': 36}, {'J10': 4, 'J11': 48, 'J12': 67, 'J13': 38, 'cluster3106249630_3106249631_J60_J61_#5more': 52}, 
835.0, {'J10': -55.5, 'J11': -55446.0, 'J12': -33028.0, 'J13': -23733.0, 'cluster3106249630_3106249631_J60_J61_#5more': -64738.0}, {'J10': 3, 'J11': 32, 'J12': 21, 'J13': 28, 'cluster3106249630_3106249631_J60_J61_#5more': 36}, {'J10': 3, 'J11': 48, 'J12': 67, 'J13': 38, 'cluster3106249630_3106249631_J60_J61_#5more': 54}, 
840.0, {'J10': -2.5, 'J11': -55926.0, 'J12': -32910.0, 'J13': -24113.0, 'cluster3106249630_3106249631_J60_J61_#5more': -65278.0}, {'J10': 1, 'J11': 32, 'J12': 21, 'J13': 28, 'cluster3106249630_3106249631_J60_J61_#5more': 36}, {'J10': 1, 'J11': 48, 'J12': 63, 'J13': 38, 'cluster3106249630_3106249631_J60_J61_#5more': 54}, 
845.0, {'J10': -12.5, 'J11': -56406.0, 'J12': -31543.5, 'J13': -24493.0, 'cluster3106249630_3106249631_J60_J61_#5more': -65818.0}, {'J10': 1, 'J11': 32, 'J12': 21, 'J13': 28, 'cluster3106249630_3106249631_J60_J61_#5more': 36}, {'J10': 1, 'J11': 48, 'J12': 58, 'J13': 38, 'cluster3106249630_3106249631_J60_J61_#5more': 54}, 
850.0, {'J10': -22.5, 'J11': -56886.0, 'J12': -31863.5, 'J13': -24873.0, 'cluster3106249630_3106249631_J60_J61_#5more': -66358.0}, {'J10': 1, 'J11': 32, 'J12': 21, 'J13': 28, 'cluster3106249630_3106249631_J60_J61_#5more': 36}, {'J10': 1, 'J11': 48, 'J12': 56, 'J13': 38, 'cluster3106249630_3106249631_J60_J61_#5more': 54}, 
855.0, {'J10': -36.0, 'J11': -57366.0, 'J12': -32432.5, 'J13': -25253.0, 'cluster3106249630_3106249631_J60_J61_#5more': -66799.5}, {'J10': 1, 'J11': 32, 'J12': 21, 'J13': 28, 'cluster3106249630_3106249631_J60_J61_#5more': 36}, {'J10': 2, 'J11': 48, 'J12': 59, 'J13': 38, 'cluster3106249630_3106249631_J60_J61_#5more': 54}, 
860.0, {'J10': -56.0, 'J11': -57846.0, 'J12': -31482.0, 'J13': -20548.0, 'cluster3106249630_3106249631_J60_J61_#5more': -67346.0}, {'J10': 1, 'J11': 32, 'J12': 21, 'J13': 24, 'cluster3106249630_3106249631_J60_J61_#5more': 36}, {'J10': 2, 'J11': 48, 'J12': 57, 'J13': 33, 'cluster3106249630_3106249631_J60_J61_#5more': 56}, 
865.0, {'J10': -76.0, 'J11': -58326.0, 'J12': -30627.0, 'J13': -20376.0, 'cluster3106249630_3106249631_J60_J61_#5more': -67779.5}, {'J10': 1, 'J11': 32, 'J12': 21, 'J13': 24, 'cluster3106249630_3106249631_J60_J61_#5more': 36}, {'J10': 2, 'J11': 48, 'J12': 52, 'J13': 32, 'cluster3106249630_3106249631_J60_J61_#5more': 53}, 
870.0, {'J10': -96.0, 'J11': -58806.0, 'J12': -30978.5, 'J13': -20696.0, 'cluster3106249630_3106249631_J60_J61_#5more': -68225.5}, {'J10': 1, 'J11': 32, 'J12': 21, 'J13': 24, 'cluster3106249630_3106249631_J60_J61_#5more': 36}, {'J10': 2, 'J11': 48, 'J12': 56, 'J13': 32, 'cluster3106249630_3106249631_J60_J61_#5more': 52}, 
875.0, {'J10': -2.5, 'J11': -59286.0, 'J12': -31244.0, 'J13': -21019.0, 'cluster3106249630_3106249631_J60_J61_#5more': -68745.5}, {'J10': 1, 'J11': 32, 'J12': 21, 'J13': 24, 'cluster3106249630_3106249631_J60_J61_#5more': 36}, {'J10': 1, 'J11': 48, 'J12': 57, 'J13': 34, 'cluster3106249630_3106249631_J60_J61_#5more': 52}, 
880.0, {'J10': -16.0, 'J11': -59767.5, 'J12': -31095.5, 'J13': -21359.5, 'cluster3106249630_3106249631_J60_J61_#5more': -69270.0}, {'J10': 1, 'J11': 32, 'J12': 21, 'J13': 25, 'cluster3106249630_3106249631_J60_J61_#5more': 36}, {'J10': 2, 'J11': 49, 'J12': 54, 'J13': 35, 'cluster3106249630_3106249631_J60_J61_#5more': 54}, 
885.0, {'J10': -44.5, 'J11': -60246.0, 'J12': -31269.0, 'J13': -21718.5, 'cluster3106249630_3106249631_J60_J61_#5more': -69812.5}, {'J10': 2, 'J11': 32, 'J12': 21, 'J13': 28, 'cluster3106249630_3106249631_J60_J61_#5more': 36}, {'J10': 5, 'J11': 48, 'J12': 51, 'J13': 38, 'cluster3106249630_3106249631_J60_J61_#5more': 55}, 
890.0, {'J10': -37.0, 'J11': -60726.0, 'J12': -31769.5, 'J13': -22098.5, 'cluster3106249630_3106249631_J60_J61_#5more': -70367.5}, {'J10': 2, 'J11': 32, 'J12': 21, 'J13': 28, 'cluster3106249630_3106249631_J60_J61_#5more': 36}, {'J10': 2, 'J11': 48, 'J12': 55, 'J13': 38, 'cluster3106249630_3106249631_J60_J61_#5more': 56}, 
895.0, {'J10': -25.0, 'J11': -61208.0, 'J12': -32078.0, 'J13': -22478.5, 'cluster3106249630_3106249631_J60_J61_#5more': -70927.5}, {'J10': 1, 'J11': 32, 'J12': 21, 'J13': 28, 'cluster3106249630_3106249631_J60_J61_#5more': 36}, {'J10': 2, 'J11': 49, 'J12': 57, 'J13': 38, 'cluster3106249630_3106249631_J60_J61_#5more': 56}, 
900.0, {'J10': -15.5, 'J11': -61700.5, 'J12': -32491.5, 'J13': -22858.5, 'cluster3106249630_3106249631_J60_J61_#5more': -71487.5}, {'J10': 2, 'J11': 32, 'J12': 21, 'J13': 28, 'cluster3106249630_3106249631_J60_J61_#5more': 36}, {'J10': 3, 'J11': 51, 'J12': 57, 'J13': 38, 'cluster3106249630_3106249631_J60_J61_#5more': 56}, 
905.0, {'J10': -13.0, 'J11': -62189.0, 'J12': -32905.5, 'J13': -23238.5, 'cluster3106249630_3106249631_J60_J61_#5more': -72047.5}, {'J10': 2, 'J11': 32, 'J12': 21, 'J13': 28, 'cluster3106249630_3106249631_J60_J61_#5more': 36}, {'J10': 2, 'J11': 51, 'J12': 55, 'J13': 38, 'cluster3106249630_3106249631_J60_J61_#5more': 56}, 
910.0, {'J10': -35.5, 'J11': -62666.5, 'J12': -33301.0, 'J13': -23618.5, 'cluster3106249630_3106249631_J60_J61_#5more': -72607.5}, {'J10': 2, 'J11': 32, 'J12': 21, 'J13': 28, 'cluster3106249630_3106249631_J60_J61_#5more': 36}, {'J10': 3, 'J11': 49, 'J12': 55, 'J13': 38, 'cluster3106249630_3106249631_J60_J61_#5more': 56}, 
915.0, {'J10': -65.5, 'J11': -63126.0, 'J12': -33695.5, 'J13': -23998.5, 'cluster3106249630_3106249631_J60_J61_#5more': -73167.5}, {'J10': 2, 'J11': 32, 'J12': 21, 'J13': 28, 'cluster3106249630_3106249631_J60_J61_#5more': 36}, {'J10': 3, 'J11': 48, 'J12': 52, 'J13': 38, 'cluster3106249630_3106249631_J60_J61_#5more': 56}, 
920.0, {'J10': -96.0, 'J11': -63606.0, 'J12': -34094.5, 'J13': -24378.5, 'cluster3106249630_3106249631_J60_J61_#5more': -73729.0}, {'J10': 2, 'J11': 32, 'J12': 21, 'J13': 28, 'cluster3106249630_3106249631_J60_J61_#5more': 36}, {'J10': 4, 'J11': 48, 'J12': 54, 'J13': 38, 'cluster3106249630_3106249631_J60_J61_#5more': 57}, 
925.0, {'J10': -14.5, 'J11': -64086.0, 'J12': -34381.5, 'J13': -24137.5, 'cluster3106249630_3106249631_J60_J61_#5more': -74287.5}, {'J10': 2, 'J11': 32, 'J12': 21, 'J13': 28, 'cluster3106249630_3106249631_J60_J61_#5more': 36}, {'J10': 3, 'J11': 48, 'J12': 48, 'J13': 37, 'cluster3106249630_3106249631_J60_J61_#5more': 56}, 
930.0, {'J10': -3.0, 'J11': -64566.0, 'J12': -34841.0, 'J13': -22113.0, 'cluster3106249630_3106249631_J60_J61_#5more': -74847.5}, {'J10': 1, 'J11': 32, 'J12': 21, 'J13': 26, 'cluster3106249630_3106249631_J60_J61_#5more': 36}, {'J10': 1, 'J11': 48, 'J12': 47, 'J13': 35, 'cluster3106249630_3106249631_J60_J61_#5more': 56}, 
935.0, {'J10': -15.5, 'J11': -65047.0, 'J12': -35311.5, 'J13': -22463.0, 'cluster3106249630_3106249631_J60_J61_#5more': -75407.5}, {'J10': 1, 'J11': 32, 'J12': 21, 'J13': 26, 'cluster3106249630_3106249631_J60_J61_#5more': 36}, {'J10': 2, 'J11': 49, 'J12': 48, 'J13': 35, 'cluster3106249630_3106249631_J60_J61_#5more': 56}, 
940.0, {'J10': -23.0, 'J11': -65542.0, 'J12': -35796.5, 'J13': -22817.0, 'cluster3106249630_3106249631_J60_J61_#5more': -75967.5}, {'J10': 1, 'J11': 32, 'J12': 21, 'J13': 26, 'cluster3106249630_3106249631_J60_J61_#5more': 36}, {'J10': 1, 'J11': 50, 'J12': 50, 'J13': 37, 'cluster3106249630_3106249631_J60_J61_#5more': 56}, 
945.0, {'J10': -43.5, 'J11': -66027.5, 'J12': -35643.5, 'J13': -23187.5, 'cluster3106249630_3106249631_J60_J61_#5more': -76527.5}, {'J10': 3, 'J11': 32, 'J12': 21, 'J13': 26, 'cluster3106249630_3106249631_J60_J61_#5more': 36}, {'J10': 4, 'J11': 50, 'J12': 57, 'J13': 38, 'cluster3106249630_3106249631_J60_J61_#5more': 56}, 
950.0, {'J10': -83.5, 'J11': -66496.5, 'J12': -36139.5, 'J13': -23575.0, 'cluster3106249630_3106249631_J60_J61_#5more': -76855.0}, {'J10': 3, 'J11': 32, 'J12': 21, 'J13': 28, 'cluster3106249630_3106249631_J60_J61_#5more': 36}, {'J10': 4, 'J11': 49, 'J12': 53, 'J13': 40, 'cluster3106249630_3106249631_J60_J61_#5more': 55}, 
955.0, {'J10': -46.5, 'J11': -66966.0, 'J12': -36626.0, 'J13': -23975.0, 'cluster3106249630_3106249631_J60_J61_#5more': -77163.5}, {'J10': 1, 'J11': 32, 'J12': 21, 'J13': 28, 'cluster3106249630_3106249631_J60_J61_#5more': 36}, {'J10': 2, 'J11': 48, 'J12': 51, 'J13': 40, 'cluster3106249630_3106249631_J60_J61_#5more': 54}, 
960.0, {'J10': -36.5, 'J11': -67449.0, 'J12': -37139.5, 'J13': -24375.0, 'cluster3106249630_3106249631_J60_J61_#5more': -77703.5}, {'J10': 2, 'J11': 32, 'J12': 21, 'J13': 28, 'cluster3106249630_3106249631_J60_J61_#5more': 36}, {'J10': 2, 'J11': 49, 'J12': 53, 'J13': 40, 'cluster3106249630_3106249631_J60_J61_#5more': 54}, 
965.0, {'J10': -65.0, 'J11': -67926.0, 'J12': -37639.0, 'J13': -24775.0, 'cluster3106249630_3106249631_J60_J61_#5more': -78252.0}, {'J10': 4, 'J11': 32, 'J12': 21, 'J13': 28, 'cluster3106249630_3106249631_J60_J61_#5more': 36}, {'J10': 5, 'J11': 48, 'J12': 55, 'J13': 40, 'cluster3106249630_3106249631_J60_J61_#5more': 56}, 
970.0, {'J10': -120.0, 'J11': -68406.0, 'J12': -38193.5, 'J13': -25175.0, 'cluster3106249630_3106249631_J60_J61_#5more': -78812.0}, {'J10': 4, 'J11': 32, 'J12': 21, 'J13': 28, 'cluster3106249630_3106249631_J60_J61_#5more': 36}, {'J10': 6, 'J11': 48, 'J12': 56, 'J13': 40, 'cluster3106249630_3106249631_J60_J61_#5more': 56}, 
975.0, {'J10': -180.0, 'J11': -68895.5, 'J12': -38753.5, 'J13': -25575.0, 'cluster3106249630_3106249631_J60_J61_#5more': -79372.0}, {'J10': 4, 'J11': 32, 'J12': 21, 'J13': 28, 'cluster3106249630_3106249631_J60_J61_#5more': 36}, {'J10': 6, 'J11': 52, 'J12': 56, 'J13': 40, 'cluster3106249630_3106249631_J60_J61_#5more': 56}, 
980.0, {'J10': -240.0, 'J11': -69401.5, 'J12': -39254.0, 'J13': -25975.0, 'cluster3106249630_3106249631_J60_J61_#5more': -79932.0}, {'J10': 4, 'J11': 32, 'J12': 21, 'J13': 28, 'cluster3106249630_3106249631_J60_J61_#5more': 36}, {'J10': 6, 'J11': 51, 'J12': 59, 'J13': 40, 'cluster3106249630_3106249631_J60_J61_#5more': 56}, 
985.0, {'J10': -301.5, 'J11': -69866.5, 'J12': -37660.0, 'J13': -26375.0, 'cluster3106249630_3106249631_J60_J61_#5more': -80495.0}, {'J10': 4, 'J11': 32, 'J12': 21, 'J13': 28, 'cluster3106249630_3106249631_J60_J61_#5more': 36}, {'J10': 7, 'J11': 49, 'J12': 52, 'J13': 40, 'cluster3106249630_3106249631_J60_J61_#5more': 57}, 
990.0, {'J10': -375.5, 'J11': -70326.0, 'J12': -36774.5, 'J13': -23179.5, 'cluster3106249630_3106249631_J60_J61_#5more': -81052.0}, {'J10': 6, 'J11': 32, 'J12': 21, 'J13': 26, 'cluster3106249630_3106249631_J60_J61_#5more': 36}, {'J10': 9, 'J11': 48, 'J12': 51, 'J13': 35, 'cluster3106249630_3106249631_J60_J61_#5more': 56}, 
995.0, {'J10': -470.5, 'J11': -70806.5, 'J12': -37262.0, 'J13': -21033.0, 'cluster3106249630_3106249631_J60_J61_#5more': -81380.0}, {'J10': 8, 'J11': 32, 'J12': 21, 'J13': 24, 'cluster3106249630_3106249631_J60_J61_#5more': 36}, {'J10': 11, 'J11': 49, 'J12': 54, 'J13': 32, 'cluster3106249630_3106249631_J60_J61_#5more': 55}, 
1000.0, {'J10': -580.5, 'J11': -71299.5, 'J12': -37814.0, 'J13': -21353.0, 'cluster3106249630_3106249631_J60_J61_#5more': -81930.0}, {'J10': 8, 'J11': 32, 'J12': 21, 'J13': 24, 'cluster3106249630_3106249631_J60_J61_#5more': 36}, {'J10': 11, 'J11': 50, 'J12': 58, 'J13': 32, 'cluster3106249630_3106249631_J60_J61_#5more': 55}, 
1005.0, {'J10': -690.5, 'J11': -71779.0, 'J12': -38407.5, 'J13': -21676.0, 'cluster3106249630_3106249631_J60_J61_#5more': -82480.0}, {'J10': 8, 'J11': 32, 'J12': 21, 'J13': 24, 'cluster3106249630_3106249631_J60_J61_#5more': 36}, {'J10': 11, 'J11': 49, 'J12': 63, 'J13': 34, 'cluster3106249630_3106249631_J60_J61_#5more': 55}, 
1010.0, {'J10': -802.5, 'J11': -72246.0, 'J12': -39041.5, 'J13': -22018.0, 'cluster3106249630_3106249631_J60_J61_#5more': -83033.0}, {'J10': 9, 'J11': 32, 'J12': 21, 'J13': 24, 'cluster3106249630_3106249631_J60_J61_#5more': 36}, {'J10': 12, 'J11': 48, 'J12': 64, 'J13': 35, 'cluster3106249630_3106249631_J60_J61_#5more': 56}, 
1015.0, {'J10': -927.0, 'J11': -72726.0, 'J12': -39686.5, 'J13': -22377.0, 'cluster3106249630_3106249631_J60_J61_#5more': -83330.5}, {'J10': 10, 'J11': 32, 'J12': 21, 'J13': 27, 'cluster3106249630_3106249631_J60_J61_#5more': 36}, {'J10': 14, 'J11': 48, 'J12': 65, 'J13': 38, 'cluster3106249630_3106249631_J60_J61_#5more': 55}, 
1020.0, {'J10': -886.0, 'J11': -73206.0, 'J12': -40337.0, 'J13': -22761.5, 'cluster3106249630_3106249631_J60_J61_#5more': -83765.5}, {'J10': 11, 'J11': 32, 'J12': 21, 'J13': 28, 'cluster3106249630_3106249631_J60_J61_#5more': 36}, {'J10': 14, 'J11': 48, 'J12': 66, 'J13': 39, 'cluster3106249630_3106249631_J60_J61_#5more': 54}, 
1025.0, {'J10': -878.5, 'J11': -73686.0, 'J12': -40997.0, 'J13': -23151.5, 'cluster3106249630_3106249631_J60_J61_#5more': -84306.0}, {'J10': 11, 'J11': 32, 'J12': 21, 'J13': 28, 'cluster3106249630_3106249631_J60_J61_#5more': 36}, {'J10': 12, 'J11': 48, 'J12': 66, 'J13': 39, 'cluster3106249630_3106249631_J60_J61_#5more': 55}, 
1030.0, {'J10': -1006.0, 'J11': -74166.0, 'J12': -41664.0, 'J13': -23541.5, 'cluster3106249630_3106249631_J60_J61_#5more': -84859.5}, {'J10': 13, 'J11': 32, 'J12': 21, 'J13': 28, 'cluster3106249630_3106249631_J60_J61_#5more': 36}, {'J10': 14, 'J11': 48, 'J12': 68, 'J13': 39, 'cluster3106249630_3106249631_J60_J61_#5more': 56}, 
1035.0, {'J10': -1146.0, 'J11': -74646.0, 'J12': -42348.5, 'J13': -23931.5, 'cluster3106249630_3106249631_J60_J61_#5more': -85419.5}, {'J10': 13, 'J11': 32, 'J12': 21, 'J13': 28, 'cluster3106249630_3106249631_J60_J61_#5more': 36}, {'J10': 14, 'J11': 48, 'J12': 69, 'J13': 39, 'cluster3106249630_3106249631_J60_J61_#5more': 56}, 
1040.0, {'J10': -1286.0, 'J11': -75126.0, 'J12': -43038.5, 'J13': -24321.5, 'cluster3106249630_3106249631_J60_J61_#5more': -85979.5}, {'J10': 13, 'J11': 32, 'J12': 21, 'J13': 28, 'cluster3106249630_3106249631_J60_J61_#5more': 36}, {'J10': 14, 'J11': 48, 'J12': 69, 'J13': 39, 'cluster3106249630_3106249631_J60_J61_#5more': 56}, 
1045.0, {'J10': -1426.0, 'J11': -75606.0, 'J12': -43730.5, 'J13': -24711.5, 'cluster3106249630_3106249631_J60_J61_#5more': -86539.5}, {'J10': 13, 'J11': 32, 'J12': 21, 'J13': 28, 'cluster3106249630_3106249631_J60_J61_#5more': 36}, {'J10': 14, 'J11': 48, 'J12': 71, 'J13': 39, 'cluster3106249630_3106249631_J60_J61_#5more': 56}, 
1050.0, {'J10': -1570.0, 'J11': -76086.0, 'J12': -42264.0, 'J13': -25101.5, 'cluster3106249630_3106249631_J60_J61_#5more': -87102.0}, {'J10': 13, 'J11': 32, 'J12': 21, 'J13': 28, 'cluster3106249630_3106249631_J60_J61_#5more': 36}, {'J10': 15, 'J11': 48, 'J12': 62, 'J13': 39, 'cluster3106249630_3106249631_J60_J61_#5more': 57}, 
1055.0, {'J10': -1720.0, 'J11': -76566.0, 'J12': -42889.0, 'J13': -22037.0, 'cluster3106249630_3106249631_J60_J61_#5more': -87659.5}, {'J10': 13, 'J11': 32, 'J12': 21, 'J13': 26, 'cluster3106249630_3106249631_J60_J61_#5more': 36}, {'J10': 15, 'J11': 48, 'J12': 64, 'J13': 34, 'cluster3106249630_3106249631_J60_J61_#5more': 56}, 
1060.0, {'J10': -1870.0, 'J11': -77046.0, 'J12': -43532.5, 'J13': -22377.0, 'cluster3106249630_3106249631_J60_J61_#5more': -88219.5}, {'J10': 13, 'J11': 32, 'J12': 21, 'J13': 26, 'cluster3106249630_3106249631_J60_J61_#5more': 36}, {'J10': 15, 'J11': 48, 'J12': 69, 'J13': 34, 'cluster3106249630_3106249631_J60_J61_#5more': 56}, 
1065.0, {'J10': -2020.0, 'J11': -77526.5, 'J12': -44032.0, 'J13': -22717.0, 'cluster3106249630_3106249631_J60_J61_#5more': -88779.5}, {'J10': 13, 'J11': 32, 'J12': 21, 'J13': 26, 'cluster3106249630_3106249631_J60_J61_#5more': 36}, {'J10': 15, 'J11': 49, 'J12': 74, 'J13': 34, 'cluster3106249630_3106249631_J60_J61_#5more': 56}, 
1070.0, {'J10': -2170.0, 'J11': -78006.0, 'J12': -44529.0, 'J13': -23059.5, 'cluster3106249630_3106249631_J60_J61_#5more': -89339.5}, {'J10': 13, 'J11': 32, 'J12': 21, 'J13': 26, 'cluster3106249630_3106249631_J60_J61_#5more': 36}, {'J10': 15, 'J11': 48, 'J12': 73, 'J13': 36, 'cluster3106249630_3106249631_J60_J61_#5more': 56}, 
1075.0, {'J10': -2320.0, 'J11': -78486.0, 'J12': -45268.0, 'J13': -23424.0, 'cluster3106249630_3106249631_J60_J61_#5more': -89899.5}, {'J10': 13, 'J11': 32, 'J12': 21, 'J13': 26, 'cluster3106249630_3106249631_J60_J61_#5more': 36}, {'J10': 15, 'J11': 48, 'J12': 75, 'J13': 38, 'cluster3106249630_3106249631_J60_J61_#5more': 56}, 
1080.0, {'J10': -2470.5, 'J11': -78966.0, 'J12': -46018.0, 'J13': -23814.0, 'cluster3106249630_3106249631_J60_J61_#5more': -90459.5}, {'J10': 13, 'J11': 32, 'J12': 21, 'J13': 28, 'cluster3106249630_3106249631_J60_J61_#5more': 36}, {'J10': 16, 'J11': 48, 'J12': 75, 'J13': 41, 'cluster3106249630_3106249631_J60_J61_#5more': 56}, 
1085.0, {'J10': -2498.0, 'J11': -79446.0, 'J12': -46770.0, 'J13': -24226.5, 'cluster3106249630_3106249631_J60_J61_#5more': -91019.5}, {'J10': 13, 'J11': 32, 'J12': 21, 'J13': 28, 'cluster3106249630_3106249631_J60_J61_#5more': 36}, {'J10': 14, 'J11': 48, 'J12': 76, 'J13': 42, 'cluster3106249630_3106249631_J60_J61_#5more': 56}, 
1090.0, {'J10': -2555.5, 'J11': -79926.0, 'J12': -47534.0, 'J13': -24646.5, 'cluster3106249630_3106249631_J60_J61_#5more': -91579.5}, {'J10': 13, 'J11': 32, 'J12': 21, 'J13': 28, 'cluster3106249630_3106249631_J60_J61_#5more': 36}, {'J10': 14, 'J11': 48, 'J12': 77, 'J13': 42, 'cluster3106249630_3106249631_J60_J61_#5more': 56}, 
1095.0, {'J10': -2695.5, 'J11': -80406.0, 'J12': -48304.0, 'J13': -25071.0, 'cluster3106249630_3106249631_J60_J61_#5more': -91876.0}, {'J10': 13, 'J11': 32, 'J12': 21, 'J13': 28, 'cluster3106249630_3106249631_J60_J61_#5more': 36}, {'J10': 14, 'J11': 48, 'J12': 77, 'J13': 43, 'cluster3106249630_3106249631_J60_J61_#5more': 55}, 
1100.0, {'J10': -2835.5, 'J11': -80886.0, 'J12': -49075.5, 'J13': -25501.0, 'cluster3106249630_3106249631_J60_J61_#5more': -92426.5}, {'J10': 13, 'J11': 32, 'J12': 21, 'J13': 28, 'cluster3106249630_3106249631_J60_J61_#5more': 36}, {'J10': 14, 'J11': 48, 'J12': 78, 'J13': 43, 'cluster3106249630_3106249631_J60_J61_#5more': 56}, 
1105.0, {'J10': -2975.5, 'J11': -81366.0, 'J12': -49855.5, 'J13': -25931.0, 'cluster3106249630_3106249631_J60_J61_#5more': -92992.5}, {'J10': 13, 'J11': 32, 'J12': 21, 'J13': 28, 'cluster3106249630_3106249631_J60_J61_#5more': 36}, {'J10': 14, 'J11': 48, 'J12': 78, 'J13': 43, 'cluster3106249630_3106249631_J60_J61_#5more': 59}, 
1110.0, {'J10': -3115.5, 'J11': -81846.0, 'J12': -50635.5, 'J13': -26361.0, 'cluster3106249630_3106249631_J60_J61_#5more': -93381.0}, {'J10': 13, 'J11': 32, 'J12': 21, 'J13': 28, 'cluster3106249630_3106249631_J60_J61_#5more': 36}, {'J10': 14, 'J11': 48, 'J12': 78, 'J13': 43, 'cluster3106249630_3106249631_J60_J61_#5more': 59}, 
1115.0, {'J10': -3259.0, 'J11': -82326.0, 'J12': -50522.5, 'J13': -26791.0, 'cluster3106249630_3106249631_J60_J61_#5more': -93465.5}, {'J10': 13, 'J11': 32, 'J12': 21, 'J13': 28, 'cluster3106249630_3106249631_J60_J61_#5more': 36}, {'J10': 15, 'J11': 48, 'J12': 73, 'J13': 43, 'cluster3106249630_3106249631_J60_J61_#5more': 61}, 
1120.0, {'J10': -3409.0, 'J11': -82806.0, 'J12': -51026.5, 'J13': -21719.5, 'cluster3106249630_3106249631_J60_J61_#5more': -93896.0}, {'J10': 13, 'J11': 32, 'J12': 21, 'J13': 24, 'cluster3106249630_3106249631_J60_J61_#5more': 36}, {'J10': 15, 'J11': 48, 'J12': 74, 'J13': 37, 'cluster3106249630_3106249631_J60_J61_#5more': 61}, 
1125.0, {'J10': -3559.0, 'J11': -83286.0, 'J12': -51772.0, 'J13': -21575.5, 'cluster3106249630_3106249631_J60_J61_#5more': -94212.5}, {'J10': 13, 'J11': 32, 'J12': 21, 'J13': 24, 'cluster3106249630_3106249631_J60_J61_#5more': 36}, {'J10': 15, 'J11': 48, 'J12': 78, 'J13': 35, 'cluster3106249630_3106249631_J60_J61_#5more': 59}, 
1130.0, {'J10': -3712.0, 'J11': -83768.5, 'J12': -52564.5, 'J13': -21925.5, 'cluster3106249630_3106249631_J60_J61_#5more': -94591.5}, {'J10': 13, 'J11': 32, 'J12': 21, 'J13': 24, 'cluster3106249630_3106249631_J60_J61_#5more': 36}, {'J10': 16, 'J11': 49, 'J12': 81, 'J13': 35, 'cluster3106249630_3106249631_J60_J61_#5more': 54}, 
1135.0, {'J10': -3872.0, 'J11': -84246.0, 'J12': -53024.0, 'J13': -22279.0, 'cluster3106249630_3106249631_J60_J61_#5more': -95040.5}, {'J10': 13, 'J11': 32, 'J12': 21, 'J13': 24, 'cluster3106249630_3106249631_J60_J61_#5more': 36}, {'J10': 16, 'J11': 48, 'J12': 80, 'J13': 37, 'cluster3106249630_3106249631_J60_J61_#5more': 54}, 
1140.0, {'J10': -4032.0, 'J11': -84726.0, 'J12': -53824.0, 'J13': -22650.5, 'cluster3106249630_3106249631_J60_J61_#5more': -95584.5}, {'J10': 13, 'J11': 32, 'J12': 21, 'J13': 25, 'cluster3106249630_3106249631_J60_J61_#5more': 36}, {'J10': 16, 'J11': 48, 'J12': 80, 'J13': 38, 'cluster3106249630_3106249631_J60_J61_#5more': 55}, 
1145.0, {'J10': -4194.0, 'J11': -85206.0, 'J12': -54629.0, 'J13': -23042.0, 'cluster3106249630_3106249631_J60_J61_#5more': -96134.5}, {'J10': 13, 'J11': 32, 'J12': 21, 'J13': 28, 'cluster3106249630_3106249631_J60_J61_#5more': 36}, {'J10': 17, 'J11': 48, 'J12': 81, 'J13': 41, 'cluster3106249630_3106249631_J60_J61_#5more': 55}, 
1150.0, {'J10': -4169.0, 'J11': -85686.0, 'J12': -55439.0, 'J13': -23452.0, 'cluster3106249630_3106249631_J60_J61_#5more': -96651.0}, {'J10': 13, 'J11': 32, 'J12': 21, 'J13': 28, 'cluster3106249630_3106249631_J60_J61_#5more': 36}, {'J10': 15, 'J11': 48, 'J12': 81, 'J13': 41, 'cluster3106249630_3106249631_J60_J61_#5more': 54}, 
1155.0, {'J10': -4266.0, 'J11': -86166.0, 'J12': -56251.5, 'J13': -23862.0, 'cluster3106249630_3106249631_J60_J61_#5more': -97108.5}, {'J10': 13, 'J11': 32, 'J12': 21, 'J13': 28, 'cluster3106249630_3106249631_J60_J61_#5more': 36}, {'J10': 14, 'J11': 48, 'J12': 82, 'J13': 41, 'cluster3106249630_3106249631_J60_J61_#5more': 52}, 
1160.0, {'J10': -4406.0, 'J11': -86646.0, 'J12': -57075.5, 'J13': -24272.0, 'cluster3106249630_3106249631_J60_J61_#5more': -97584.5}, {'J10': 13, 'J11': 32, 'J12': 21, 'J13': 28, 'cluster3106249630_3106249631_J60_J61_#5more': 36}, {'J10': 14, 'J11': 48, 'J12': 83, 'J13': 41, 'cluster3106249630_3106249631_J60_J61_#5more': 51}, 
1165.0, {'J10': -4546.0, 'J11': -87126.0, 'J12': -57905.5, 'J13': -24682.0, 'cluster3106249630_3106249631_J60_J61_#5more': -98098.0}, {'J10': 13, 'J11': 32, 'J12': 21, 'J13': 28, 'cluster3106249630_3106249631_J60_J61_#5more': 36}, {'J10': 14, 'J11': 48, 'J12': 83, 'J13': 41, 'cluster3106249630_3106249631_J60_J61_#5more': 53}, 
1170.0, {'J10': -4686.0, 'J11': -87606.0, 'J12': -58735.5, 'J13': -25092.0, 'cluster3106249630_3106249631_J60_J61_#5more': -98635.0}, {'J10': 13, 'J11': 32, 'J12': 21, 'J13': 28, 'cluster3106249630_3106249631_J60_J61_#5more': 36}, {'J10': 14, 'J11': 48, 'J12': 83, 'J13': 41, 'cluster3106249630_3106249631_J60_J61_#5more': 55}, 
1175.0, {'J10': -4826.0, 'J11': -88087.0, 'J12': -59565.5, 'J13': -25504.5, 'cluster3106249630_3106249631_J60_J61_#5more': -99185.0}, {'J10': 13, 'J11': 32, 'J12': 21, 'J13': 28, 'cluster3106249630_3106249631_J60_J61_#5more': 36}, {'J10': 14, 'J11': 49, 'J12': 83, 'J13': 42, 'cluster3106249630_3106249631_J60_J61_#5more': 55}, 
1180.0, {'J10': -4966.0, 'J11': -88566.0, 'J12': -58816.0, 'J13': -25924.5, 'cluster3106249630_3106249631_J60_J61_#5more': -99735.0}, {'J10': 13, 'J11': 32, 'J12': 21, 'J13': 28, 'cluster3106249630_3106249631_J60_J61_#5more': 36}, {'J10': 14, 'J11': 48, 'J12': 79, 'J13': 42, 'cluster3106249630_3106249631_J60_J61_#5more': 55}, 
1185.0, {'J10': -5106.0, 'J11': -89049.5, 'J12': -58938.5, 'J13': -20956.0, 'cluster3106249630_3106249631_J60_J61_#5more': -100167.5}, {'J10': 13, 'J11': 32, 'J12': 21, 'J13': 24, 'cluster3106249630_3106249631_J60_J61_#5more': 36}, {'J10': 14, 'J11': 49, 'J12': 77, 'J13': 36, 'cluster3106249630_3106249631_J60_J61_#5more': 52}, 
1190.0, {'J10': -5246.0, 'J11': -89526.0, 'J12': -59709.0, 'J13': -21316.0, 'cluster3106249630_3106249631_J60_J61_#5more': -100687.5}, {'J10': 13, 'J11': 32, 'J12': 21, 'J13': 24, 'cluster3106249630_3106249631_J60_J61_#5more': 36}, {'J10': 14, 'J11': 48, 'J12': 78, 'J13': 36, 'cluster3106249630_3106249631_J60_J61_#5more': 52}, 
1195.0, {'J10': -5386.0, 'J11': -90006.0, 'J12': -60505.0, 'J13': -21676.0, 'cluster3106249630_3106249631_J60_J61_#5more': -101211.0}, {'J10': 13, 'J11': 32, 'J12': 21, 'J13': 24, 'cluster3106249630_3106249631_J60_J61_#5more': 36}, {'J10': 14, 'J11': 48, 'J12': 82, 'J13': 36, 'cluster3106249630_3106249631_J60_J61_#5more': 53}, 
1200.0, {'J10': -5526.0, 'J11': -90486.0, 'J12': -61325.0, 'J13': -22039.5, 'cluster3106249630_3106249631_J60_J61_#5more': -101741.5}, {'J10': 13, 'J11': 32, 'J12': 21, 'J13': 24, 'cluster3106249630_3106249631_J60_J61_#5more': 36}, {'J10': 14, 'J11': 48, 'J12': 82, 'J13': 37, 'cluster3106249630_3106249631_J60_J61_#5more': 54}, 
1205.0, {'J10': -5666.0, 'J11': -90966.0, 'J12': -62145.0, 'J13': -22409.5, 'cluster3106249630_3106249631_J60_J61_#5more': -102286.0}, {'J10': 13, 'J11': 32, 'J12': 21, 'J13': 24, 'cluster3106249630_3106249631_J60_J61_#5more': 36}, {'J10': 14, 'J11': 48, 'J12': 82, 'J13': 37, 'cluster3106249630_3106249631_J60_J61_#5more': 55}, 
1210.0, {'J10': -5812.5, 'J11': -91446.0, 'J12': -62965.0, 'J13': -22794.5, 'cluster3106249630_3106249631_J60_J61_#5more': -102753.0}, {'J10': 13, 'J11': 32, 'J12': 21, 'J13': 28, 'cluster3106249630_3106249631_J60_J61_#5more': 36}, {'J10': 16, 'J11': 48, 'J12': 82, 'J13': 41, 'cluster3106249630_3106249631_J60_J61_#5more': 54}, 
1215.0, {'J10': -5833.0, 'J11': -91926.0, 'J12': -63785.0, 'J13': -23204.5, 'cluster3106249630_3106249631_J60_J61_#5more': -103293.0}, {'J10': 13, 'J11': 32, 'J12': 21, 'J13': 28, 'cluster3106249630_3106249631_J60_J61_#5more': 36}, {'J10': 16, 'J11': 48, 'J12': 82, 'J13': 41, 'cluster3106249630_3106249631_J60_J61_#5more': 54}, 
1220.0, {'J10': -5994.5, 'J11': -92406.0, 'J12': -64607.0, 'J13': -23614.5, 'cluster3106249630_3106249631_J60_J61_#5more': -103833.0}, {'J10': 13, 'J11': 32, 'J12': 21, 'J13': 28, 'cluster3106249630_3106249631_J60_J61_#5more': 36}, {'J10': 17, 'J11': 48, 'J12': 83, 'J13': 41, 'cluster3106249630_3106249631_J60_J61_#5more': 54}, 
1225.0, {'J10': -6164.5, 'J11': -92887.5, 'J12': -65437.0, 'J13': -24024.5, 'cluster3106249630_3106249631_J60_J61_#5more': -104373.0}, {'J10': 13, 'J11': 32, 'J12': 21, 'J13': 28, 'cluster3106249630_3106249631_J60_J61_#5more': 36}, {'J10': 17, 'J11': 49, 'J12': 83, 'J13': 41, 'cluster3106249630_3106249631_J60_J61_#5more': 54}, 
1230.0, {'J10': -6337.0, 'J11': -93381.0, 'J12': -66245.0, 'J13': -24434.5, 'cluster3106249630_3106249631_J60_J61_#5more': -104913.0}, {'J10': 13, 'J11': 32, 'J12': 21, 'J13': 28, 'cluster3106249630_3106249631_J60_J61_#5more': 36}, {'J10': 18, 'J11': 50, 'J12': 82, 'J13': 41, 'cluster3106249630_3106249631_J60_J61_#5more': 54}, 
1235.0, {'J10': -6443.0, 'J11': -93881.0, 'J12': -67065.0, 'J13': -24844.5, 'cluster3106249630_3106249631_J60_J61_#5more': -105454.0}, {'J10': 13, 'J11': 32, 'J12': 21, 'J13': 28, 'cluster3106249630_3106249631_J60_J61_#5more': 36}, {'J10': 16, 'J11': 50, 'J12': 82, 'J13': 41, 'cluster3106249630_3106249631_J60_J61_#5more': 55}, 
1240.0, {'J10': -6580.5, 'J11': -94349.5, 'J12': -67885.0, 'J13': -25254.5, 'cluster3106249630_3106249631_J60_J61_#5more': -105913.0}, {'J10': 13, 'J11': 32, 'J12': 21, 'J13': 28, 'cluster3106249630_3106249631_J60_J61_#5more': 36}, {'J10': 15, 'J11': 49, 'J12': 82, 'J13': 41, 'cluster3106249630_3106249631_J60_J61_#5more': 55}, 
1245.0, {'J10': -6730.5, 'J11': -94806.0, 'J12': -64344.0, 'J13': -25664.5, 'cluster3106249630_3106249631_J60_J61_#5more': -105555.5}, {'J10': 13, 'J11': 32, 'J12': 21, 'J13': 28, 'cluster3106249630_3106249631_J60_J61_#5more': 36}, {'J10': 15, 'J11': 48, 'J12': 75, 'J13': 41, 'cluster3106249630_3106249631_J60_J61_#5more': 52}, 
1250.0, {'J10': -6883.0, 'J11': -95286.0, 'J12': -64524.5, 'J13': -24335.0, 'cluster3106249630_3106249631_J60_J61_#5more': -106081.0}, {'J10': 13, 'J11': 32, 'J12': 21, 'J13': 27, 'cluster3106249630_3106249631_J60_J61_#5more': 36}, {'J10': 16, 'J11': 48, 'J12': 72, 'J13': 41, 'cluster3106249630_3106249631_J60_J61_#5more': 54}, 
1255.0, {'J10': -7047.0, 'J11': -95766.0, 'J12': -65244.5, 'J13': -24220.5, 'cluster3106249630_3106249631_J60_J61_#5more': -106547.5}, {'J10': 13, 'J11': 32, 'J12': 21, 'J13': 27, 'cluster3106249630_3106249631_J60_J61_#5more': 36}, {'J10': 17, 'J11': 48, 'J12': 72, 'J13': 38, 'cluster3106249630_3106249631_J60_J61_#5more': 52}, 
1260.0, {'J10': -7217.0, 'J11': -96246.0, 'J12': -65998.5, 'J13': -24600.5, 'cluster3106249630_3106249631_J60_J61_#5more': -107045.0}, {'J10': 13, 'J11': 32, 'J12': 21, 'J13': 27, 'cluster3106249630_3106249631_J60_J61_#5more': 36}, {'J10': 17, 'J11': 48, 'J12': 81, 'J13': 38, 'cluster3106249630_3106249631_J60_J61_#5more': 51}, 
1265.0, {'J10': -7387.0, 'J11': -96726.0, 'J12': -66808.5, 'J13': -24985.0, 'cluster3106249630_3106249631_J60_J61_#5more': -107555.0}, {'J10': 13, 'J11': 32, 'J12': 21, 'J13': 28, 'cluster3106249630_3106249631_J60_J61_#5more': 36}, {'J10': 17, 'J11': 48, 'J12': 81, 'J13': 40, 'cluster3106249630_3106249631_J60_J61_#5more': 51}, 
1270.0, {'J10': -7563.5, 'J11': -97206.0, 'J12': -67618.5, 'J13': -25390.0, 'cluster3106249630_3106249631_J60_J61_#5more': -108072.5}, {'J10': 13, 'J11': 32, 'J12': 21, 'J13': 28, 'cluster3106249630_3106249631_J60_J61_#5more': 36}, {'J10': 19, 'J11': 48, 'J12': 81, 'J13': 41, 'cluster3106249630_3106249631_J60_J61_#5more': 53}, 
1275.0, {'J10': -7753.5, 'J11': -97686.0, 'J12': -68428.5, 'J13': -25803.5, 'cluster3106249630_3106249631_J60_J61_#5more': -108607.5}, {'J10': 13, 'J11': 32, 'J12': 21, 'J13': 28, 'cluster3106249630_3106249631_J60_J61_#5more': 36}, {'J10': 19, 'J11': 48, 'J12': 81, 'J13': 42, 'cluster3106249630_3106249631_J60_J61_#5more': 55}, 
1280.0, {'J10': -7745.0, 'J11': -98166.0, 'J12': -69238.5, 'J13': -26223.5, 'cluster3106249630_3106249631_J60_J61_#5more': -109172.5}, {'J10': 13, 'J11': 32, 'J12': 21, 'J13': 28, 'cluster3106249630_3106249631_J60_J61_#5more': 36}, {'J10': 18, 'J11': 48, 'J12': 81, 'J13': 42, 'cluster3106249630_3106249631_J60_J61_#5more': 59}, 
1285.0, {'J10': -7927.5, 'J11': -98646.0, 'J12': -70048.5, 'J13': -26643.5, 'cluster3106249630_3106249631_J60_J61_#5more': -109767.5}, {'J10': 13, 'J11': 32, 'J12': 21, 'J13': 28, 'cluster3106249630_3106249631_J60_J61_#5more': 36}, {'J10': 19, 'J11': 48, 'J12': 81, 'J13': 42, 'cluster3106249630_3106249631_J60_J61_#5more': 60}, 
1290.0, {'J10': -8127.5, 'J11': -99126.0, 'J12': -70858.5, 'J13': -27063.5, 'cluster3106249630_3106249631_J60_J61_#5more': -110367.5}, {'J10': 13, 'J11': 32, 'J12': 21, 'J13': 28, 'cluster3106249630_3106249631_J60_J61_#5more': 36}, {'J10': 22, 'J11': 48, 'J12': 81, 'J13': 42, 'cluster3106249630_3106249631_J60_J61_#5more': 60}, 
1295.0, {'J10': -8351.5, 'J11': -99606.0, 'J12': -71668.5, 'J13': -27483.5, 'cluster3106249630_3106249631_J60_J61_#5more': -110967.5}, {'J10': 13, 'J11': 32, 'J12': 21, 'J13': 28, 'cluster3106249630_3106249631_J60_J61_#5more': 36}, {'J10': 23, 'J11': 48, 'J12': 81, 'J13': 42, 'cluster3106249630_3106249631_J60_J61_#5more': 60}, 
1300.0, {'J10': -8584.5, 'J11': -100086.0, 'J12': -72478.5, 'J13': -27903.5, 'cluster3106249630_3106249631_J60_J61_#5more': -111567.5}, {'J10': 13, 'J11': 32, 'J12': 21, 'J13': 28, 'cluster3106249630_3106249631_J60_J61_#5more': 36}, {'J10': 24, 'J11': 48, 'J12': 81, 'J13': 42, 'cluster3106249630_3106249631_J60_J61_#5more': 60}, 
1305.0, {'J10': -8663.5, 'J11': -100566.0, 'J12': -73290.5, 'J13': -28323.5, 'cluster3106249630_3106249631_J60_J61_#5more': -112167.5}, {'J10': 13, 'J11': 32, 'J12': 21, 'J13': 28, 'cluster3106249630_3106249631_J60_J61_#5more': 36}, {'J10': 20, 'J11': 48, 'J12': 82, 'J13': 42, 'cluster3106249630_3106249631_J60_J61_#5more': 60}, 
1310.0, {'J10': -8806.5, 'J11': -101046.0, 'J12': -70539.5, 'J13': -28743.5, 'cluster3106249630_3106249631_J60_J61_#5more': -112769.5}, {'J10': 13, 'J11': 32, 'J12': 21, 'J13': 28, 'cluster3106249630_3106249631_J60_J61_#5more': 36}, {'J10': 18, 'J11': 48, 'J12': 75, 'J13': 42, 'cluster3106249630_3106249631_J60_J61_#5more': 61}, 
1315.0, {'J10': -8986.5, 'J11': -101526.0, 'J12': -71267.5, 'J13': -23521.5, 'cluster3106249630_3106249631_J60_J61_#5more': -113284.0}, {'J10': 13, 'J11': 32, 'J12': 21, 'J13': 24, 'cluster3106249630_3106249631_J60_J61_#5more': 36}, {'J10': 18, 'J11': 48, 'J12': 74, 'J13': 37, 'cluster3106249630_3106249631_J60_J61_#5more': 59}, 
1320.0, {'J10': -9166.5, 'J11': -102006.0, 'J12': -72008.0, 'J13': -23391.0, 'cluster3106249630_3106249631_J60_J61_#5more': -113783.0}, {'J10': 13, 'J11': 32, 'J12': 21, 'J13': 24, 'cluster3106249630_3106249631_J60_J61_#5more': 36}, {'J10': 18, 'J11': 48, 'J12': 75, 'J13': 36, 'cluster3106249630_3106249631_J60_J61_#5more': 59}, 
1325.0, {'J10': -9346.5, 'J11': -102486.0, 'J12': -72774.0, 'J13': -23751.0, 'cluster3106249630_3106249631_J60_J61_#5more': -114373.0}, {'J10': 13, 'J11': 32, 'J12': 21, 'J13': 24, 'cluster3106249630_3106249631_J60_J61_#5more': 36}, {'J10': 18, 'J11': 48, 'J12': 79, 'J13': 36, 'cluster3106249630_3106249631_J60_J61_#5more': 59}, 
1330.0, {'J10': -9526.5, 'J11': -102966.0, 'J12': -72829.5, 'J13': -24118.5, 'cluster3106249630_3106249631_J60_J61_#5more': -114965.5}, {'J10': 13, 'J11': 32, 'J12': 21, 'J13': 24, 'cluster3106249630_3106249631_J60_J61_#5more': 36}, {'J10': 18, 'J11': 48, 'J12': 78, 'J13': 39, 'cluster3106249630_3106249631_J60_J61_#5more': 60}, 
1335.0, {'J10': -9706.5, 'J11': -103446.0, 'J12': -72365.5, 'J13': -24509.0, 'cluster3106249630_3106249631_J60_J61_#5more': -115565.5}, {'J10': 13, 'J11': 32, 'J12': 21, 'J13': 25, 'cluster3106249630_3106249631_J60_J61_#5more': 36}, {'J10': 18, 'J11': 48, 'J12': 76, 'J13': 40, 'cluster3106249630_3106249631_J60_J61_#5more': 60}, 
1340.0, {'J10': -9886.5, 'J11': -103926.0, 'J12': -72218.0, 'J13': -24919.0, 'cluster3106249630_3106249631_J60_J61_#5more': -116165.5}, {'J10': 13, 'J11': 32, 'J12': 21, 'J13': 28, 'cluster3106249630_3106249631_J60_J61_#5more': 36}, {'J10': 18, 'J11': 48, 'J12': 74, 'J13': 43, 'cluster3106249630_3106249631_J60_J61_#5more': 60}, 
1345.0, {'J10': -9797.5, 'J11': -104406.0, 'J12': -72786.5, 'J13': -25349.0, 'cluster3106249630_3106249631_J60_J61_#5more': -116765.5}, {'J10': 13, 'J11': 32, 'J12': 21, 'J13': 28, 'cluster3106249630_3106249631_J60_J61_#5more': 36}, {'J10': 18, 'J11': 48, 'J12': 73, 'J13': 43, 'cluster3106249630_3106249631_J60_J61_#5more': 60}, 
1350.0, {'J10': -9979.5, 'J11': -104886.0, 'J12': -71555.5, 'J13': -25779.0, 'cluster3106249630_3106249631_J60_J61_#5more': -117365.5}, {'J10': 13, 'J11': 32, 'J12': 21, 'J13': 28, 'cluster3106249630_3106249631_J60_J61_#5more': 36}, {'J10': 19, 'J11': 48, 'J12': 75, 'J13': 43, 'cluster3106249630_3106249631_J60_J61_#5more': 60}, 
1355.0, {'J10': -10175.5, 'J11': -105366.0, 'J12': -72249.5, 'J13': -26209.0, 'cluster3106249630_3106249631_J60_J61_#5more': -117965.5}, {'J10': 13, 'J11': 32, 'J12': 21, 'J13': 28, 'cluster3106249630_3106249631_J60_J61_#5more': 36}, {'J10': 21, 'J11': 48, 'J12': 77, 'J13': 43, 'cluster3106249630_3106249631_J60_J61_#5more': 60}, 
1360.0, {'J10': -10317.5, 'J11': -105846.0, 'J12': -73019.5, 'J13': -26639.0, 'cluster3106249630_3106249631_J60_J61_#5more': -118569.0}, {'J10': 13, 'J11': 32, 'J12': 21, 'J13': 28, 'cluster3106249630_3106249631_J60_J61_#5more': 36}, {'J10': 18, 'J11': 48, 'J12': 77, 'J13': 43, 'cluster3106249630_3106249631_J60_J61_#5more': 61}, 
1365.0, {'J10': -10499.5, 'J11': -106326.0, 'J12': -73789.5, 'J13': -27069.0, 'cluster3106249630_3106249631_J60_J61_#5more': -119179.0}, {'J10': 13, 'J11': 32, 'J12': 21, 'J13': 28, 'cluster3106249630_3106249631_J60_J61_#5more': 36}, {'J10': 19, 'J11': 48, 'J12': 77, 'J13': 43, 'cluster3106249630_3106249631_J60_J61_#5more': 61}, 
1370.0, {'J10': -10689.5, 'J11': -106806.0, 'J12': -74523.0, 'J13': -27499.0, 'cluster3106249630_3106249631_J60_J61_#5more': -119789.0}, {'J10': 13, 'J11': 32, 'J12': 21, 'J13': 28, 'cluster3106249630_3106249631_J60_J61_#5more': 36}, {'J10': 19, 'J11': 48, 'J12': 78, 'J13': 43, 'cluster3106249630_3106249631_J60_J61_#5more': 61}, 
1375.0, {'J10': -10879.5, 'J11': -107286.0, 'J12': -73814.0, 'J13': -27929.0, 'cluster3106249630_3106249631_J60_J61_#5more': -120399.0}, {'J10': 13, 'J11': 32, 'J12': 21, 'J13': 28, 'cluster3106249630_3106249631_J60_J61_#5more': 36}, {'J10': 19, 'J11': 48, 'J12': 75, 'J13': 43, 'cluster3106249630_3106249631_J60_J61_#5more': 61}, 
1380.0, {'J10': -11069.5, 'J11': -107766.0, 'J12': -73776.5, 'J13': -24253.5, 'cluster3106249630_3106249631_J60_J61_#5more': -120804.0}, {'J10': 13, 'J11': 32, 'J12': 21, 'J13': 25, 'cluster3106249630_3106249631_J60_J61_#5more': 36}, {'J10': 19, 'J11': 48, 'J12': 80, 'J13': 39, 'cluster3106249630_3106249631_J60_J61_#5more': 60}, 
1385.0, {'J10': -11259.5, 'J11': -108246.0, 'J12': -74576.5, 'J13': -23628.0, 'cluster3106249630_3106249631_J60_J61_#5more': -121404.0}, {'J10': 13, 'J11': 32, 'J12': 21, 'J13': 24, 'cluster3106249630_3106249631_J60_J61_#5more': 36}, {'J10': 19, 'J11': 48, 'J12': 80, 'J13': 37, 'cluster3106249630_3106249631_J60_J61_#5more': 60}, 
1390.0, {'J10': -11449.5, 'J11': -108726.0, 'J12': -74716.0, 'J13': -23998.0, 'cluster3106249630_3106249631_J60_J61_#5more': -122004.0}, {'J10': 13, 'J11': 32, 'J12': 21, 'J13': 24, 'cluster3106249630_3106249631_J60_J61_#5more': 36}, {'J10': 19, 'J11': 48, 'J12': 79, 'J13': 37, 'cluster3106249630_3106249631_J60_J61_#5more': 60}, 
1395.0, {'J10': -11639.5, 'J11': -109206.0, 'J12': -75467.0, 'J13': -24372.0, 'cluster3106249630_3106249631_J60_J61_#5more': -122604.0}, {'J10': 13, 'J11': 32, 'J12': 21, 'J13': 24, 'cluster3106249630_3106249631_J60_J61_#5more': 36}, {'J10': 19, 'J11': 48, 'J12': 79, 'J13': 38, 'cluster3106249630_3106249631_J60_J61_#5more': 60}, 
1400.0, {'J10': -11829.5, 'J11': -109686.0, 'J12': -76257.0, 'J13': -24752.0, 'cluster3106249630_3106249631_J60_J61_#5more': -123204.0}, {'J10': 13, 'J11': 32, 'J12': 21, 'J13': 24, 'cluster3106249630_3106249631_J60_J61_#5more': 36}, {'J10': 19, 'J11': 48, 'J12': 79, 'J13': 38, 'cluster3106249630_3106249631_J60_J61_#5more': 60}, 
1405.0, {'J10': -12019.5, 'J11': -110166.0, 'J12': -77048.5, 'J13': -25147.0, 'cluster3106249630_3106249631_J60_J61_#5more': -123804.0}, {'J10': 13, 'J11': 32, 'J12': 21, 'J13': 28, 'cluster3106249630_3106249631_J60_J61_#5more': 36}, {'J10': 19, 'J11': 48, 'J12': 80, 'J13': 43, 'cluster3106249630_3106249631_J60_J61_#5more': 60}, 
1410.0, {'J10': -12120.5, 'J11': -110646.0, 'J12': -76987.5, 'J13': -25577.0, 'cluster3106249630_3106249631_J60_J61_#5more': -123959.5}, {'J10': 13, 'J11': 32, 'J12': 21, 'J13': 28, 'cluster3106249630_3106249631_J60_J61_#5more': 36}, {'J10': 19, 'J11': 48, 'J12': 79, 'J13': 43, 'cluster3106249630_3106249631_J60_J61_#5more': 58}, 
1415.0, {'J10': -12297.5, 'J11': -111126.0, 'J12': -77704.5, 'J13': -26007.0, 'cluster3106249630_3106249631_J60_J61_#5more': -124541.0}, {'J10': 13, 'J11': 32, 'J12': 21, 'J13': 28, 'cluster3106249630_3106249631_J60_J61_#5more': 36}, {'J10': 18, 'J11': 48, 'J12': 78, 'J13': 43, 'cluster3106249630_3106249631_J60_J61_#5more': 60}, 
1420.0, {'J10': -12477.5, 'J11': -111606.0, 'J12': -78484.5, 'J13': -26437.0, 'cluster3106249630_3106249631_J60_J61_#5more': -125141.0}, {'J10': 13, 'J11': 32, 'J12': 21, 'J13': 28, 'cluster3106249630_3106249631_J60_J61_#5more': 36}, {'J10': 18, 'J11': 48, 'J12': 78, 'J13': 43, 'cluster3106249630_3106249631_J60_J61_#5more': 60}, 
1425.0, {'J10': -12657.5, 'J11': -112086.0, 'J12': -78402.0, 'J13': -26867.0, 'cluster3106249630_3106249631_J60_J61_#5more': -125745.5}, {'J10': 13, 'J11': 32, 'J12': 21, 'J13': 28, 'cluster3106249630_3106249631_J60_J61_#5more': 36}, {'J10': 18, 'J11': 48, 'J12': 78, 'J13': 43, 'cluster3106249630_3106249631_J60_J61_#5more': 61}, 
1430.0, {'J10': -12837.5, 'J11': -112566.0, 'J12': -79085.5, 'J13': -27297.0, 'cluster3106249630_3106249631_J60_J61_#5more': -126355.5}, {'J10': 13, 'J11': 32, 'J12': 21, 'J13': 28, 'cluster3106249630_3106249631_J60_J61_#5more': 36}, {'J10': 18, 'J11': 48, 'J12': 78, 'J13': 43, 'cluster3106249630_3106249631_J60_J61_#5more': 61}, 
1435.0, {'J10': -13017.5, 'J11': -113046.0, 'J12': -79866.0, 'J13': -27727.0, 'cluster3106249630_3106249631_J60_J61_#5more': -126965.5}, {'J10': 13, 'J11': 32, 'J12': 21, 'J13': 28, 'cluster3106249630_3106249631_J60_J61_#5more': 36}, {'J10': 18, 'J11': 48, 'J12': 79, 'J13': 43, 'cluster3106249630_3106249631_J60_J61_#5more': 61}, 
1440.0, {'J10': -13197.5, 'J11': -113526.0, 'J12': -79660.5, 'J13': -28157.0, 'cluster3106249630_3106249631_J60_J61_#5more': -127578.0}, {'J10': 13, 'J11': 32, 'J12': 21, 'J13': 28, 'cluster3106249630_3106249631_J60_J61_#5more': 36}, {'J10': 18, 'J11': 48, 'J12': 77, 'J13': 43, 'cluster3106249630_3106249631_J60_J61_#5more': 63}, 
1445.0, {'J10': -13377.5, 'J11': -114006.0, 'J12': -79530.0, 'J13': -24595.0, 'cluster3106249630_3106249631_J60_J61_#5more': -128205.0}, {'J10': 13, 'J11': 32, 'J12': 21, 'J13': 25, 'cluster3106249630_3106249631_J60_J61_#5more': 36}, {'J10': 18, 'J11': 48, 'J12': 77, 'J13': 39, 'cluster3106249630_3106249631_J60_J61_#5more': 64}, 
1450.0, {'J10': -13557.5, 'J11': -114486.0, 'J12': -79786.5, 'J13': -23889.5, 'cluster3106249630_3106249631_J60_J61_#5more': -128845.0}, {'J10': 13, 'J11': 32, 'J12': 21, 'J13': 24, 'cluster3106249630_3106249631_J60_J61_#5more': 36}, {'J10': 18, 'J11': 48, 'J12': 76, 'J13': 37, 'cluster3106249630_3106249631_J60_J61_#5more': 64}, 
1455.0, {'J10': -13737.5, 'J11': -114966.0, 'J12': -78084.5, 'J13': -24259.5, 'cluster3106249630_3106249631_J60_J61_#5more': -129485.0}, {'J10': 13, 'J11': 32, 'J12': 21, 'J13': 24, 'cluster3106249630_3106249631_J60_J61_#5more': 36}, {'J10': 18, 'J11': 48, 'J12': 73, 'J13': 37, 'cluster3106249630_3106249631_J60_J61_#5more': 64}, 
1460.0, {'J10': -13917.5, 'J11': -115446.0, 'J12': -76389.5, 'J13': -24632.5, 'cluster3106249630_3106249631_J60_J61_#5more': -130125.0}, {'J10': 13, 'J11': 32, 'J12': 21, 'J13': 24, 'cluster3106249630_3106249631_J60_J61_#5more': 36}, {'J10': 18, 'J11': 48, 'J12': 72, 'J13': 38, 'cluster3106249630_3106249631_J60_J61_#5more': 64}, 
1465.0, {'J10': -14097.5, 'J11': -115926.0, 'J12': -77117.0, 'J13': -25013.5, 'cluster3106249630_3106249631_J60_J61_#5more': -130765.0}, {'J10': 13, 'J11': 32, 'J12': 21, 'J13': 25, 'cluster3106249630_3106249631_J60_J61_#5more': 36}, {'J10': 18, 'J11': 48, 'J12': 74, 'J13': 39, 'cluster3106249630_3106249631_J60_J61_#5more': 64}, 
1470.0, {'J10': -14277.5, 'J11': -116406.0, 'J12': -77865.5, 'J13': -25413.0, 'cluster3106249630_3106249631_J60_J61_#5more': -131405.0}, {'J10': 13, 'J11': 32, 'J12': 21, 'J13': 28, 'cluster3106249630_3106249631_J60_J61_#5more': 36}, {'J10': 18, 'J11': 48, 'J12': 78, 'J13': 42, 'cluster3106249630_3106249631_J60_J61_#5more': 64}, 
1475.0, {'J10': -14459.0, 'J11': -116886.0, 'J12': -77049.0, 'J13': -25833.0, 'cluster3106249630_3106249631_J60_J61_#5more': -131752.5}, {'J10': 13, 'J11': 32, 'J12': 21, 'J13': 28, 'cluster3106249630_3106249631_J60_J61_#5more': 36}, {'J10': 19, 'J11': 48, 'J12': 76, 'J13': 42, 'cluster3106249630_3106249631_J60_J61_#5more': 63}, 
1480.0, {'J10': -14638.0, 'J11': -117366.0, 'J12': -76595.5, 'J13': -26253.0, 'cluster3106249630_3106249631_J60_J61_#5more': -132387.0}, {'J10': 13, 'J11': 32, 'J12': 21, 'J13': 28, 'cluster3106249630_3106249631_J60_J61_#5more': 36}, {'J10': 19, 'J11': 48, 'J12': 72, 'J13': 42, 'cluster3106249630_3106249631_J60_J61_#5more': 65}, 
1485.0, {'J10': -14828.0, 'J11': -117846.0, 'J12': -75772.0, 'J13': -26673.0, 'cluster3106249630_3106249631_J60_J61_#5more': -133037.0}, {'J10': 13, 'J11': 32, 'J12': 21, 'J13': 28, 'cluster3106249630_3106249631_J60_J61_#5more': 36}, {'J10': 19, 'J11': 48, 'J12': 68, 'J13': 42, 'cluster3106249630_3106249631_J60_J61_#5more': 65}, 
1490.0, {'J10': -15018.0, 'J11': -118326.0, 'J12': -74980.5, 'J13': -27093.0, 'cluster3106249630_3106249631_J60_J61_#5more': -133688.0}, {'J10': 13, 'J11': 32, 'J12': 21, 'J13': 28, 'cluster3106249630_3106249631_J60_J61_#5more': 36}, {'J10': 19, 'J11': 48, 'J12': 66, 'J13': 42, 'cluster3106249630_3106249631_J60_J61_#5more': 66}, 
1495.0, {'J10': -15208.0, 'J11': -118807.5, 'J12': -74744.5, 'J13': -27513.0, 'cluster3106249630_3106249631_J60_J61_#5more': -134351.0}, {'J10': 13, 'J11': 32, 'J12': 21, 'J13': 28, 'cluster3106249630_3106249631_J60_J61_#5more': 36}, {'J10': 19, 'J11': 49, 'J12': 62, 'J13': 42, 'cluster3106249630_3106249631_J60_J61_#5more': 67}, 
1500.0, {'J10': -15398.0, 'J11': -119286.0, 'J12': -75153.0, 'J13': -27933.0, 'cluster3106249630_3106249631_J60_J61_#5more': -135021.0}, {'J10': 13, 'J11': 32, 'J12': 21, 'J13': 28, 'cluster3106249630_3106249631_J60_J61_#5more': 36}, {'J10': 19, 'J11': 48, 'J12': 61, 'J13': 42, 'cluster3106249630_3106249631_J60_J61_#5more': 67}, 
1505.0, {'J10': -15588.0, 'J11': -119766.0, 'J12': -75787.5, 'J13': -28353.0, 'cluster3106249630_3106249631_J60_J61_#5more': -134459.5}, {'J10': 13, 'J11': 32, 'J12': 21, 'J13': 28, 'cluster3106249630_3106249631_J60_J61_#5more': 36}, {'J10': 19, 'J11': 48, 'J12': 70, 'J13': 42, 'cluster3106249630_3106249631_J60_J61_#5more': 67}, 
1510.0, {'J10': -15778.0, 'J11': -120246.0, 'J12': -76043.5, 'J13': -25908.0, 'cluster3106249630_3106249631_J60_J61_#5more': -134610.5}, {'J10': 13, 'J11': 32, 'J12': 21, 'J13': 26, 'cluster3106249630_3106249631_J60_J61_#5more': 36}, {'J10': 19, 'J11': 48, 'J12': 70, 'J13': 40, 'cluster3106249630_3106249631_J60_J61_#5more': 67}, 
1515.0, {'J10': -15968.0, 'J11': -120726.0, 'J12': -76266.5, 'J13': -24297.5, 'cluster3106249630_3106249631_J60_J61_#5more': -135280.5}, {'J10': 13, 'J11': 32, 'J12': 21, 'J13': 24, 'cluster3106249630_3106249631_J60_J61_#5more': 36}, {'J10': 19, 'J11': 48, 'J12': 67, 'J13': 37, 'cluster3106249630_3106249631_J60_J61_#5more': 67}, 
1520.0, {'J10': -16158.0, 'J11': -121206.0, 'J12': -76648.0, 'J13': -24667.5, 'cluster3106249630_3106249631_J60_J61_#5more': -135529.0}, {'J10': 13, 'J11': 32, 'J12': 21, 'J13': 24, 'cluster3106249630_3106249631_J60_J61_#5more': 36}, {'J10': 19, 'J11': 48, 'J12': 67, 'J13': 37, 'cluster3106249630_3106249631_J60_J61_#5more': 65}, 
1525.0, {'J10': -16348.0, 'J11': -121686.0, 'J12': -77235.5, 'J13': -25041.0, 'cluster3106249630_3106249631_J60_J61_#5more': -135977.5}, {'J10': 13, 'J11': 32, 'J12': 21, 'J13': 24, 'cluster3106249630_3106249631_J60_J61_#5more': 36}, {'J10': 19, 'J11': 48, 'J12': 67, 'J13': 38, 'cluster3106249630_3106249631_J60_J61_#5more': 65}, 
1530.0, {'J10': -16538.0, 'J11': -122168.0, 'J12': -77740.0, 'J13': -25422.0, 'cluster3106249630_3106249631_J60_J61_#5more': -136423.0}, {'J10': 13, 'J11': 32, 'J12': 21, 'J13': 25, 'cluster3106249630_3106249631_J60_J61_#5more': 36}, {'J10': 19, 'J11': 49, 'J12': 73, 'J13': 39, 'cluster3106249630_3106249631_J60_J61_#5more': 63}, 
1535.0, {'J10': -16728.0, 'J11': -122663.0, 'J12': -78007.5, 'J13': -25819.5, 'cluster3106249630_3106249631_J60_J61_#5more': -136815.5}, {'J10': 13, 'J11': 32, 'J12': 21, 'J13': 27, 'cluster3106249630_3106249631_J60_J61_#5more': 36}, {'J10': 19, 'J11': 51, 'J12': 71, 'J13': 41, 'cluster3106249630_3106249631_J60_J61_#5more': 60}, 
1540.0, {'J10': -16797.5, 'J11': -123136.5, 'J12': -78189.0, 'J13': -26233.5, 'cluster3106249630_3106249631_J60_J61_#5more': -137354.0}, {'J10': 13, 'J11': 32, 'J12': 21, 'J13': 28, 'cluster3106249630_3106249631_J60_J61_#5more': 36}, {'J10': 18, 'J11': 49, 'J12': 66, 'J13': 42, 'cluster3106249630_3106249631_J60_J61_#5more': 61}, 
1545.0, {'J10': -16977.5, 'J11': -123607.5, 'J12': -78741.0, 'J13': -26653.5, 'cluster3106249630_3106249631_J60_J61_#5more': -137968.5}, {'J10': 13, 'J11': 32, 'J12': 21, 'J13': 28, 'cluster3106249630_3106249631_J60_J61_#5more': 36}, {'J10': 18, 'J11': 49, 'J12': 68, 'J13': 42, 'cluster3106249630_3106249631_J60_J61_#5more': 62}, 
1550.0, {'J10': -17157.5, 'J11': -124098.0, 'J12': -79133.5, 'J13': -27073.5, 'cluster3106249630_3106249631_J60_J61_#5more': -138593.5}, {'J10': 13, 'J11': 32, 'J12': 21, 'J13': 28, 'cluster3106249630_3106249631_J60_J61_#5more': 36}, {'J10': 18, 'J11': 50, 'J12': 65, 'J13': 42, 'cluster3106249630_3106249631_J60_J61_#5more': 63}, 
1555.0, {'J10': -17337.5, 'J11': -124598.0, 'J12': -79585.0, 'J13': -27493.5, 'cluster3106249630_3106249631_J60_J61_#5more': -139223.5}, {'J10': 13, 'J11': 32, 'J12': 21, 'J13': 28, 'cluster3106249630_3106249631_J60_J61_#5more': 36}, {'J10': 18, 'J11': 50, 'J12': 65, 'J13': 42, 'cluster3106249630_3106249631_J60_J61_#5more': 63}, 
1560.0, {'J10': -17517.5, 'J11': -125046.0, 'J12': -80208.5, 'J13': -27913.5, 'cluster3106249630_3106249631_J60_J61_#5more': -139853.5}, {'J10': 13, 'J11': 32, 'J12': 21, 'J13': 28, 'cluster3106249630_3106249631_J60_J61_#5more': 36}, {'J10': 18, 'J11': 48, 'J12': 66, 'J13': 42, 'cluster3106249630_3106249631_J60_J61_#5more': 63}, 
1565.0, {'J10': -17697.5, 'J11': -125526.0, 'J12': -80706.0, 'J13': -28333.5, 'cluster3106249630_3106249631_J60_J61_#5more': -140431.5}, {'J10': 13, 'J11': 32, 'J12': 21, 'J13': 28, 'cluster3106249630_3106249631_J60_J61_#5more': 36}, {'J10': 18, 'J11': 48, 'J12': 64, 'J13': 42, 'cluster3106249630_3106249631_J60_J61_#5more': 62}, 
1570.0, {'J10': -17877.5, 'J11': -126006.0, 'J12': -81168.5, 'J13': -28753.5, 'cluster3106249630_3106249631_J60_J61_#5more': -140448.0}, {'J10': 13, 'J11': 32, 'J12': 21, 'J13': 28, 'cluster3106249630_3106249631_J60_J61_#5more': 36}, {'J10': 18, 'J11': 48, 'J12': 62, 'J13': 42, 'cluster3106249630_3106249631_J60_J61_#5more': 62}, 
1575.0, {'J10': -18057.5, 'J11': -126486.0, 'J12': -81630.5, 'J13': -26557.0, 'cluster3106249630_3106249631_J60_J61_#5more': -141077.0}, {'J10': 13, 'J11': 32, 'J12': 21, 'J13': 26, 'cluster3106249630_3106249631_J60_J61_#5more': 36}, {'J10': 18, 'J11': 48, 'J12': 69, 'J13': 39, 'cluster3106249630_3106249631_J60_J61_#5more': 66}, 
1580.0, {'J10': -18237.5, 'J11': -126966.0, 'J12': -81949.5, 'J13': -25942.0, 'cluster3106249630_3106249631_J60_J61_#5more': -141742.5}, {'J10': 13, 'J11': 32, 'J12': 21, 'J13': 25, 'cluster3106249630_3106249631_J60_J61_#5more': 36}, {'J10': 18, 'J11': 48, 'J12': 68, 'J13': 38, 'cluster3106249630_3106249631_J60_J61_#5more': 68}, 
1585.0, {'J10': -18417.5, 'J11': -127449.5, 'J12': -82392.0, 'J13': -26322.0, 'cluster3106249630_3106249631_J60_J61_#5more': -142160.0}, {'J10': 13, 'J11': 32, 'J12': 21, 'J13': 25, 'cluster3106249630_3106249631_J60_J61_#5more': 36}, {'J10': 18, 'J11': 49, 'J12': 65, 'J13': 38, 'cluster3106249630_3106249631_J60_J61_#5more': 63}, 
1590.0, {'J10': -18597.5, 'J11': -127926.0, 'J12': -82981.5, 'J13': -26705.5, 'cluster3106249630_3106249631_J60_J61_#5more': -142683.5}, {'J10': 13, 'J11': 32, 'J12': 21, 'J13': 25, 'cluster3106249630_3106249631_J60_J61_#5more': 36}, {'J10': 18, 'J11': 48, 'J12': 65, 'J13': 39, 'cluster3106249630_3106249631_J60_J61_#5more': 61}, 
1595.0, {'J10': -18777.5, 'J11': -128406.0, 'J12': -83639.5, 'J13': -27098.0, 'cluster3106249630_3106249631_J60_J61_#5more': -143293.5}, {'J10': 13, 'J11': 32, 'J12': 21, 'J13': 27, 'cluster3106249630_3106249631_J60_J61_#5more': 36}, {'J10': 18, 'J11': 48, 'J12': 70, 'J13': 41, 'cluster3106249630_3106249631_J60_J61_#5more': 61}, 
1600.0, {'J10': -18957.5, 'J11': -128886.0, 'J12': -81503.0, 'J13': -27510.5, 'cluster3106249630_3106249631_J60_J61_#5more': -143904.5}, {'J10': 13, 'J11': 32, 'J12': 21, 'J13': 28, 'cluster3106249630_3106249631_J60_J61_#5more': 36}, {'J10': 18, 'J11': 48, 'J12': 72, 'J13': 42, 'cluster3106249630_3106249631_J60_J61_#5more': 62}, 
1605.0, {'J10': -19137.5, 'J11': -129366.0, 'J12': -82044.5, 'J13': -27930.5, 'cluster3106249630_3106249631_J60_J61_#5more': -144524.5}, {'J10': 13, 'J11': 32, 'J12': 21, 'J13': 28, 'cluster3106249630_3106249631_J60_J61_#5more': 36}, {'J10': 18, 'J11': 48, 'J12': 72, 'J13': 42, 'cluster3106249630_3106249631_J60_J61_#5more': 62}, 
1610.0, {'J10': -19317.5, 'J11': -129846.0, 'J12': -82559.5, 'J13': -28350.5, 'cluster3106249630_3106249631_J60_J61_#5more': -145144.5}, {'J10': 13, 'J11': 32, 'J12': 21, 'J13': 28, 'cluster3106249630_3106249631_J60_J61_#5more': 36}, {'J10': 18, 'J11': 48, 'J12': 69, 'J13': 42, 'cluster3106249630_3106249631_J60_J61_#5more': 62}, 
1615.0, {'J10': -19497.5, 'J11': -130326.0, 'J12': -81667.5, 'J13': -28770.5, 'cluster3106249630_3106249631_J60_J61_#5more': -145694.5}, {'J10': 13, 'J11': 32, 'J12': 21, 'J13': 28, 'cluster3106249630_3106249631_J60_J61_#5more': 36}, {'J10': 18, 'J11': 48, 'J12': 70, 'J13': 42, 'cluster3106249630_3106249631_J60_J61_#5more': 65}, 
1620.0, {'J10': -19677.5, 'J11': -130806.0, 'J12': -81365.0, 'J13': -29190.5, 'cluster3106249630_3106249631_J60_J61_#5more': -146349.5}, {'J10': 13, 'J11': 32, 'J12': 21, 'J13': 28, 'cluster3106249630_3106249631_J60_J61_#5more': 36}, {'J10': 18, 'J11': 48, 'J12': 70, 'J13': 42, 'cluster3106249630_3106249631_J60_J61_#5more': 67}, 
1625.0, {'J10': -19858.5, 'J11': -131286.0, 'J12': -81100.5, 'J13': -29610.5, 'cluster3106249630_3106249631_J60_J61_#5more': -146974.5}, {'J10': 13, 'J11': 32, 'J12': 21, 'J13': 28, 'cluster3106249630_3106249631_J60_J61_#5more': 36}, {'J10': 19, 'J11': 48, 'J12': 70, 'J13': 42, 'cluster3106249630_3106249631_J60_J61_#5more': 68}, 
1630.0, {'J10': -20048.5, 'J11': -131766.0, 'J12': -81654.0, 'J13': -30033.5, 'cluster3106249630_3106249631_J60_J61_#5more': -147593.5}, {'J10': 13, 'J11': 32, 'J12': 21, 'J13': 28, 'cluster3106249630_3106249631_J60_J61_#5more': 36}, {'J10': 19, 'J11': 48, 'J12': 73, 'J13': 43, 'cluster3106249630_3106249631_J60_J61_#5more': 67}, 
1635.0, {'J10': -20238.5, 'J11': -132246.0, 'J12': -81900.5, 'J13': -30463.5, 'cluster3106249630_3106249631_J60_J61_#5more': -146784.5}, {'J10': 13, 'J11': 32, 'J12': 21, 'J13': 28, 'cluster3106249630_3106249631_J60_J61_#5more': 36}, {'J10': 19, 'J11': 48, 'J12': 71, 'J13': 43, 'cluster3106249630_3106249631_J60_J61_#5more': 65}, 
1640.0, {'J10': -20428.5, 'J11': -132726.0, 'J12': -82310.0, 'J13': -27384.5, 'cluster3106249630_3106249631_J60_J61_#5more': -147379.5}, {'J10': 13, 'J11': 32, 'J12': 21, 'J13': 26, 'cluster3106249630_3106249631_J60_J61_#5more': 36}, {'J10': 19, 'J11': 48, 'J12': 67, 'J13': 38, 'cluster3106249630_3106249631_J60_J61_#5more': 64}, 
1645.0, {'J10': -20618.5, 'J11': -133206.0, 'J12': -79866.5, 'J13': -25758.0, 'cluster3106249630_3106249631_J60_J61_#5more': -148029.0}, {'J10': 13, 'J11': 32, 'J12': 21, 'J13': 24, 'cluster3106249630_3106249631_J60_J61_#5more': 36}, {'J10': 19, 'J11': 48, 'J12': 64, 'J13': 36, 'cluster3106249630_3106249631_J60_J61_#5more': 69}, 
1650.0, {'J10': -20808.5, 'J11': -133686.0, 'J12': -80301.5, 'J13': -26118.0, 'cluster3106249630_3106249631_J60_J61_#5more': -148628.5}, {'J10': 13, 'J11': 32, 'J12': 21, 'J13': 24, 'cluster3106249630_3106249631_J60_J61_#5more': 36}, {'J10': 19, 'J11': 48, 'J12': 61, 'J13': 36, 'cluster3106249630_3106249631_J60_J61_#5more': 68}, 
1655.0, {'J10': -20998.5, 'J11': -134166.0, 'J12': -80817.5, 'J13': -26481.0, 'cluster3106249630_3106249631_J60_J61_#5more': -149107.0}, {'J10': 13, 'J11': 32, 'J12': 21, 'J13': 24, 'cluster3106249630_3106249631_J60_J61_#5more': 36}, {'J10': 19, 'J11': 48, 'J12': 65, 'J13': 38, 'cluster3106249630_3106249631_J60_J61_#5more': 64}, 
1660.0, {'J10': -21188.5, 'J11': -134646.0, 'J12': -81485.5, 'J13': -26861.0, 'cluster3106249630_3106249631_J60_J61_#5more': -149600.5}, {'J10': 13, 'J11': 32, 'J12': 21, 'J13': 24, 'cluster3106249630_3106249631_J60_J61_#5more': 36}, {'J10': 19, 'J11': 48, 'J12': 71, 'J13': 38, 'cluster3106249630_3106249631_J60_J61_#5more': 61}, 
1665.0, {'J10': -21378.5, 'J11': -135128.0, 'J12': -81861.0, 'J13': -27253.0, 'cluster3106249630_3106249631_J60_J61_#5more': -150210.5}, {'J10': 13, 'J11': 32, 'J12': 21, 'J13': 28, 'cluster3106249630_3106249631_J60_J61_#5more': 36}, {'J10': 19, 'J11': 49, 'J12': 69, 'J13': 42, 'cluster3106249630_3106249631_J60_J61_#5more': 61}, 
1670.0, {'J10': -21477.5, 'J11': -135606.0, 'J12': -82551.0, 'J13': -27673.0, 'cluster3106249630_3106249631_J60_J61_#5more': -150820.5}, {'J10': 13, 'J11': 32, 'J12': 21, 'J13': 28, 'cluster3106249630_3106249631_J60_J61_#5more': 36}, {'J10': 18, 'J11': 48, 'J12': 69, 'J13': 42, 'cluster3106249630_3106249631_J60_J61_#5more': 61}, 
1675.0, {'J10': -21657.5, 'J11': -136086.0, 'J12': -83241.0, 'J13': -28093.0, 'cluster3106249630_3106249631_J60_J61_#5more': -151433.5}, {'J10': 13, 'J11': 32, 'J12': 21, 'J13': 28, 'cluster3106249630_3106249631_J60_J61_#5more': 36}, {'J10': 18, 'J11': 48, 'J12': 69, 'J13': 42, 'cluster3106249630_3106249631_J60_J61_#5more': 62}, 
1680.0, {'J10': -21837.5, 'J11': -136566.0, 'J12': -83931.0, 'J13': -28513.0, 'cluster3106249630_3106249631_J60_J61_#5more': -152053.5}, {'J10': 13, 'J11': 32, 'J12': 21, 'J13': 28, 'cluster3106249630_3106249631_J60_J61_#5more': 36}, {'J10': 18, 'J11': 48, 'J12': 69, 'J13': 42, 'cluster3106249630_3106249631_J60_J61_#5more': 62}, 
1685.0, {'J10': -22017.5, 'J11': -137046.0, 'J12': -84624.5, 'J13': -28936.5, 'cluster3106249630_3106249631_J60_J61_#5more': -152673.5}, {'J10': 13, 'J11': 32, 'J12': 21, 'J13': 28, 'cluster3106249630_3106249631_J60_J61_#5more': 36}, {'J10': 18, 'J11': 48, 'J12': 71, 'J13': 43, 'cluster3106249630_3106249631_J60_J61_#5more': 62}, 
1690.0, {'J10': -22197.5, 'J11': -137526.0, 'J12': -85343.0, 'J13': -29366.5, 'cluster3106249630_3106249631_J60_J61_#5more': -153293.5}, {'J10': 13, 'J11': 32, 'J12': 21, 'J13': 28, 'cluster3106249630_3106249631_J60_J61_#5more': 36}, {'J10': 18, 'J11': 48, 'J12': 74, 'J13': 43, 'cluster3106249630_3106249631_J60_J61_#5more': 62}, 
1695.0, {'J10': -22377.5, 'J11': -138006.0, 'J12': -86094.5, 'J13': -29796.5, 'cluster3106249630_3106249631_J60_J61_#5more': -153913.5}, {'J10': 13, 'J11': 32, 'J12': 21, 'J13': 28, 'cluster3106249630_3106249631_J60_J61_#5more': 36}, {'J10': 18, 'J11': 48, 'J12': 78, 'J13': 43, 'cluster3106249630_3106249631_J60_J61_#5more': 62}, 
1700.0, {'J10': -22557.5, 'J11': -138486.0, 'J12': -86881.0, 'J13': -30226.5, 'cluster3106249630_3106249631_J60_J61_#5more': -153692.0}, {'J10': 13, 'J11': 32, 'J12': 21, 'J13': 28, 'cluster3106249630_3106249631_J60_J61_#5more': 36}, {'J10': 18, 'J11': 48, 'J12': 81, 'J13': 43, 'cluster3106249630_3106249631_J60_J61_#5more': 62}, 
1705.0, {'J10': -22737.5, 'J11': -138967.0, 'J12': -87691.0, 'J13': -27873.0, 'cluster3106249630_3106249631_J60_J61_#5more': -154188.5}, {'J10': 13, 'J11': 32, 'J12': 21, 'J13': 26, 'cluster3106249630_3106249631_J60_J61_#5more': 36}, {'J10': 18, 'J11': 49, 'J12': 81, 'J13': 39, 'cluster3106249630_3106249631_J60_J61_#5more': 61}, 
1710.0, {'J10': -22917.5, 'J11': -139461.5, 'J12': -87686.5, 'J13': -26626.5, 'cluster3106249630_3106249631_J60_J61_#5more': -154778.0}, {'J10': 13, 'J11': 32, 'J12': 21, 'J13': 25, 'cluster3106249630_3106249631_J60_J61_#5more': 36}, {'J10': 18, 'J11': 50, 'J12': 77, 'J13': 37, 'cluster3106249630_3106249631_J60_J61_#5more': 60}, 
1715.0, {'J10': -23097.5, 'J11': -139962.5, 'J12': -88298.0, 'J13': -26996.5, 'cluster3106249630_3106249631_J60_J61_#5more': -155378.0}, {'J10': 13, 'J11': 32, 'J12': 21, 'J13': 25, 'cluster3106249630_3106249631_J60_J61_#5more': 36}, {'J10': 18, 'J11': 52, 'J12': 77, 'J13': 37, 'cluster3106249630_3106249631_J60_J61_#5more': 60}, 
1720.0, {'J10': -23282.0, 'J11': -140416.5, 'J12': -89063.5, 'J13': -27371.5, 'cluster3106249630_3106249631_J60_J61_#5more': -155825.5}, {'J10': 13, 'J11': 32, 'J12': 21, 'J13': 25, 'cluster3106249630_3106249631_J60_J61_#5more': 36}, {'J10': 19, 'J11': 49, 'J12': 80, 'J13': 40, 'cluster3106249630_3106249631_J60_J61_#5more': 59}, 
1725.0, {'J10': -23472.0, 'J11': -140886.0, 'J12': -89865.0, 'J13': -27771.5, 'cluster3106249630_3106249631_J60_J61_#5more': -156416.5}, {'J10': 13, 'J11': 32, 'J12': 21, 'J13': 25, 'cluster3106249630_3106249631_J60_J61_#5more': 36}, {'J10': 19, 'J11': 48, 'J12': 81, 'J13': 40, 'cluster3106249630_3106249631_J60_J61_#5more': 60}, 
1730.0, {'J10': -23662.0, 'J11': -141366.0, 'J12': -90414.0, 'J13': -28179.0, 'cluster3106249630_3106249631_J60_J61_#5more': -157021.0}, {'J10': 13, 'J11': 32, 'J12': 21, 'J13': 27, 'cluster3106249630_3106249631_J60_J61_#5more': 36}, {'J10': 19, 'J11': 48, 'J12': 80, 'J13': 42, 'cluster3106249630_3106249631_J60_J61_#5more': 61}, 
1735.0, {'J10': -23817.5, 'J11': -141846.0, 'J12': -91192.5, 'J13': -28604.0, 'cluster3106249630_3106249631_J60_J61_#5more': -157631.0}, {'J10': 13, 'J11': 32, 'J12': 21, 'J13': 28, 'cluster3106249630_3106249631_J60_J61_#5more': 36}, {'J10': 18, 'J11': 48, 'J12': 79, 'J13': 43, 'cluster3106249630_3106249631_J60_J61_#5more': 61}, 
1740.0, {'J10': -23997.5, 'J11': -142326.0, 'J12': -91982.5, 'J13': -29034.0, 'cluster3106249630_3106249631_J60_J61_#5more': -158241.0}, {'J10': 13, 'J11': 32, 'J12': 21, 'J13': 28, 'cluster3106249630_3106249631_J60_J61_#5more': 36}, {'J10': 18, 'J11': 48, 'J12': 79, 'J13': 43, 'cluster3106249630_3106249631_J60_J61_#5more': 61}, 
1745.0, {'J10': -24177.5, 'J11': -142806.0, 'J12': -92775.0, 'J13': -29464.0, 'cluster3106249630_3106249631_J60_J61_#5more': -158851.0}, {'J10': 13, 'J11': 32, 'J12': 21, 'J13': 28, 'cluster3106249630_3106249631_J60_J61_#5more': 36}, {'J10': 18, 'J11': 48, 'J12': 80, 'J13': 43, 'cluster3106249630_3106249631_J60_J61_#5more': 61}, 
1750.0, {'J10': -24357.5, 'J11': -143286.0, 'J12': -93575.0, 'J13': -29894.0, 'cluster3106249630_3106249631_J60_J61_#5more': -159249.0}, {'J10': 13, 'J11': 32, 'J12': 21, 'J13': 28, 'cluster3106249630_3106249631_J60_J61_#5more': 36}, {'J10': 18, 'J11': 48, 'J12': 80, 'J13': 43, 'cluster3106249630_3106249631_J60_J61_#5more': 60}, 
1755.0, {'J10': -24537.5, 'J11': -143766.0, 'J12': -94375.0, 'J13': -30324.0, 'cluster3106249630_3106249631_J60_J61_#5more': -159686.5}, {'J10': 13, 'J11': 32, 'J12': 21, 'J13': 28, 'cluster3106249630_3106249631_J60_J61_#5more': 36}, {'J10': 18, 'J11': 48, 'J12': 80, 'J13': 43, 'cluster3106249630_3106249631_J60_J61_#5more': 60}, 
1760.0, {'J10': -24717.5, 'J11': -144246.0, 'J12': -95175.0, 'J13': -30754.0, 'cluster3106249630_3106249631_J60_J61_#5more': -160215.5}, {'J10': 13, 'J11': 32, 'J12': 21, 'J13': 28, 'cluster3106249630_3106249631_J60_J61_#5more': 36}, {'J10': 18, 'J11': 48, 'J12': 80, 'J13': 43, 'cluster3106249630_3106249631_J60_J61_#5more': 59}, 
1765.0, {'J10': -24897.5, 'J11': -144726.0, 'J12': -95975.0, 'J13': -31184.0, 'cluster3106249630_3106249631_J60_J61_#5more': -160807.5}, {'J10': 13, 'J11': 32, 'J12': 21, 'J13': 28, 'cluster3106249630_3106249631_J60_J61_#5more': 36}, {'J10': 18, 'J11': 48, 'J12': 80, 'J13': 43, 'cluster3106249630_3106249631_J60_J61_#5more': 60}, 
1770.0, {'J10': -25077.5, 'J11': -145206.0, 'J12': -96775.0, 'J13': -28895.0, 'cluster3106249630_3106249631_J60_J61_#5more': -161280.5}, {'J10': 13, 'J11': 32, 'J12': 21, 'J13': 26, 'cluster3106249630_3106249631_J60_J61_#5more': 36}, {'J10': 18, 'J11': 48, 'J12': 80, 'J13': 39, 'cluster3106249630_3106249631_J60_J61_#5more': 57}, 
1775.0, {'J10': -25260.5, 'J11': -145686.0, 'J12': -91901.5, 'J13': -26884.0, 'cluster3106249630_3106249631_J60_J61_#5more': -161850.5}, {'J10': 13, 'J11': 32, 'J12': 21, 'J13': 24, 'cluster3106249630_3106249631_J60_J61_#5more': 36}, {'J10': 19, 'J11': 48, 'J12': 73, 'J13': 36, 'cluster3106249630_3106249631_J60_J61_#5more': 57}, 
1780.0, {'J10': -25450.5, 'J11': -146166.0, 'J12': -92260.0, 'J13': -27244.0, 'cluster3106249630_3106249631_J60_J61_#5more': -162424.5}, {'J10': 13, 'J11': 32, 'J12': 21, 'J13': 24, 'cluster3106249630_3106249631_J60_J61_#5more': 36}, {'J10': 19, 'J11': 48, 'J12': 72, 'J13': 36, 'cluster3106249630_3106249631_J60_J61_#5more': 60}, 
1785.0, {'J10': -25643.5, 'J11': -146646.0, 'J12': -92981.0, 'J13': -27607.0, 'cluster3106249630_3106249631_J60_J61_#5more': -163024.5}, {'J10': 13, 'J11': 32, 'J12': 21, 'J13': 24, 'cluster3106249630_3106249631_J60_J61_#5more': 36}, {'J10': 20, 'J11': 48, 'J12': 74, 'J13': 38, 'cluster3106249630_3106249631_J60_J61_#5more': 60}, 
1790.0, {'J10': -25843.5, 'J11': -147126.0, 'J12': -93733.5, 'J13': -27987.0, 'cluster3106249630_3106249631_J60_J61_#5more': -163625.5}, {'J10': 13, 'J11': 32, 'J12': 21, 'J13': 24, 'cluster3106249630_3106249631_J60_J61_#5more': 36}, {'J10': 20, 'J11': 48, 'J12': 77, 'J13': 38, 'cluster3106249630_3106249631_J60_J61_#5more': 61}, 
1795.0, {'J10': -26043.5, 'J11': -147606.5, 'J12': -94503.5, 'J13': -28374.5, 'cluster3106249630_3106249631_J60_J61_#5more': -164240.0}, {'J10': 13, 'J11': 32, 'J12': 21, 'J13': 26, 'cluster3106249630_3106249631_J60_J61_#5more': 36}, {'J10': 20, 'J11': 49, 'J12': 77, 'J13': 40, 'cluster3106249630_3106249631_J60_J61_#5more': 62}, 
1800.0, {'J10': -26193.5, 'J11': -148096.5, 'J12': -95273.5, 'J13': -28782.5, 'cluster3106249630_3106249631_J60_J61_#5more': -164860.0}, {'J10': 13, 'J11': 32, 'J12': 21, 'J13': 28, 'cluster3106249630_3106249631_J60_J61_#5more': 36}, {'J10': 20, 'J11': 49, 'J12': 77, 'J13': 42, 'cluster3106249630_3106249631_J60_J61_#5more': 62}, 
1805.0, {'J10': -26337.5, 'J11': -148566.0, 'J12': -95683.0, 'J13': -29202.5, 'cluster3106249630_3106249631_J60_J61_#5more': -165428.0}, {'J10': 13, 'J11': 32, 'J12': 21, 'J13': 28, 'cluster3106249630_3106249631_J60_J61_#5more': 36}, {'J10': 18, 'J11': 48, 'J12': 76, 'J13': 42, 'cluster3106249630_3106249631_J60_J61_#5more': 61}, 
1810.0, {'J10': -26518.0, 'J11': -149046.0, 'J12': -95951.5, 'J13': -29625.0, 'cluster3106249630_3106249631_J60_J61_#5more': -166038.0}, {'J10': 13, 'J11': 32, 'J12': 21, 'J13': 28, 'cluster3106249630_3106249631_J60_J61_#5more': 36}, {'J10': 19, 'J11': 48, 'J12': 76, 'J13': 43, 'cluster3106249630_3106249631_J60_J61_#5more': 61}, 
1815.0, {'J10': -26708.0, 'J11': -149526.0, 'J12': -96716.0, 'J13': -30055.0, 'cluster3106249630_3106249631_J60_J61_#5more': -166651.5}, {'J10': 13, 'J11': 32, 'J12': 21, 'J13': 28, 'cluster3106249630_3106249631_J60_J61_#5more': 36}, {'J10': 19, 'J11': 48, 'J12': 77, 'J13': 43, 'cluster3106249630_3106249631_J60_J61_#5more': 62}, 
1820.0, {'J10': -26898.0, 'J11': -150007.0, 'J12': -97486.0, 'J13': -30485.0, 'cluster3106249630_3106249631_J60_J61_#5more': -167197.0}, {'J10': 13, 'J11': 32, 'J12': 21, 'J13': 28, 'cluster3106249630_3106249631_J60_J61_#5more': 36}, {'J10': 19, 'J11': 49, 'J12': 77, 'J13': 43, 'cluster3106249630_3106249631_J60_J61_#5more': 63}, 
1825.0, {'J10': -27088.0, 'J11': -150486.0, 'J12': -98256.0, 'J13': -30915.0, 'cluster3106249630_3106249631_J60_J61_#5more': -167736.0}, {'J10': 13, 'J11': 32, 'J12': 21, 'J13': 28, 'cluster3106249630_3106249631_J60_J61_#5more': 36}, {'J10': 19, 'J11': 48, 'J12': 77, 'J13': 43, 'cluster3106249630_3106249631_J60_J61_#5more': 62}, 
1830.0, {'J10': -27278.0, 'J11': -150967.5, 'J12': -99026.0, 'J13': -31345.0, 'cluster3106249630_3106249631_J60_J61_#5more': -167180.0}, {'J10': 13, 'J11': 32, 'J12': 21, 'J13': 28, 'cluster3106249630_3106249631_J60_J61_#5more': 36}, {'J10': 19, 'J11': 49, 'J12': 77, 'J13': 43, 'cluster3106249630_3106249631_J60_J61_#5more': 60}, 
1835.0, {'J10': -27468.0, 'J11': -151461.5, 'J12': -99803.0, 'J13': -29371.5, 'cluster3106249630_3106249631_J60_J61_#5more': -167743.0}, {'J10': 13, 'J11': 32, 'J12': 21, 'J13': 26, 'cluster3106249630_3106249631_J60_J61_#5more': 36}, {'J10': 19, 'J11': 51, 'J12': 79, 'J13': 39, 'cluster3106249630_3106249631_J60_J61_#5more': 61}, 
1840.0, {'J10': -27658.0, 'J11': -151950.0, 'J12': -99394.0, 'J13': -29389.0, 'cluster3106249630_3106249631_J60_J61_#5more': -168356.5}, {'J10': 13, 'J11': 32, 'J12': 21, 'J13': 26, 'cluster3106249630_3106249631_J60_J61_#5more': 36}, {'J10': 19, 'J11': 50, 'J12': 77, 'J13': 38, 'cluster3106249630_3106249631_J60_J61_#5more': 62}, 
1845.0, {'J10': -27848.0, 'J11': -152406.0, 'J12': -100153.5, 'J13': -29769.0, 'cluster3106249630_3106249631_J60_J61_#5more': -168978.5}, {'J10': 13, 'J11': 32, 'J12': 21, 'J13': 26, 'cluster3106249630_3106249631_J60_J61_#5more': 36}, {'J10': 19, 'J11': 48, 'J12': 76, 'J13': 38, 'cluster3106249630_3106249631_J60_J61_#5more': 65}, 
1850.0, {'J10': -28038.0, 'J11': -152886.0, 'J12': -100920.5, 'J13': -30152.0, 'cluster3106249630_3106249631_J60_J61_#5more': -169618.0}, {'J10': 13, 'J11': 32, 'J12': 21, 'J13': 26, 'cluster3106249630_3106249631_J60_J61_#5more': 36}, {'J10': 19, 'J11': 48, 'J12': 79, 'J13': 40, 'cluster3106249630_3106249631_J60_J61_#5more': 64}, 
1855.0, {'J10': -28228.0, 'J11': -153366.5, 'J12': -101710.5, 'J13': -30552.5, 'cluster3106249630_3106249631_J60_J61_#5more': -170111.5}, {'J10': 13, 'J11': 32, 'J12': 21, 'J13': 27, 'cluster3106249630_3106249631_J60_J61_#5more': 36}, {'J10': 19, 'J11': 49, 'J12': 79, 'J13': 41, 'cluster3106249630_3106249631_J60_J61_#5more': 62}, 
1860.0, {'J10': -28422.0, 'J11': -153856.5, 'J12': -101604.0, 'J13': -30966.5, 'cluster3106249630_3106249631_J60_J61_#5more': -170625.0}, {'J10': 13, 'J11': 32, 'J12': 21, 'J13': 28, 'cluster3106249630_3106249631_J60_J61_#5more': 36}, {'J10': 20, 'J11': 49, 'J12': 77, 'J13': 42, 'cluster3106249630_3106249631_J60_J61_#5more': 60}, 
1865.0, {'J10': -28513.0, 'J11': -154346.5, 'J12': -102374.0, 'J13': -31386.5, 'cluster3106249630_3106249631_J60_J61_#5more': -171171.5}, {'J10': 13, 'J11': 32, 'J12': 21, 'J13': 28, 'cluster3106249630_3106249631_J60_J61_#5more': 36}, {'J10': 20, 'J11': 49, 'J12': 77, 'J13': 42, 'cluster3106249630_3106249631_J60_J61_#5more': 59}, 
1870.0, {'J10': -28679.5, 'J11': -154806.0, 'J12': -103144.0, 'J13': -31806.5, 'cluster3106249630_3106249631_J60_J61_#5more': -171762.5}, {'J10': 13, 'J11': 32, 'J12': 21, 'J13': 28, 'cluster3106249630_3106249631_J60_J61_#5more': 36}, {'J10': 19, 'J11': 48, 'J12': 77, 'J13': 42, 'cluster3106249630_3106249631_J60_J61_#5more': 60}, 
1875.0, {'J10': -28869.5, 'J11': -155286.0, 'J12': -103914.0, 'J13': -32226.5, 'cluster3106249630_3106249631_J60_J61_#5more': -172367.5}, {'J10': 13, 'J11': 32, 'J12': 21, 'J13': 28, 'cluster3106249630_3106249631_J60_J61_#5more': 36}, {'J10': 19, 'J11': 48, 'J12': 77, 'J13': 42, 'cluster3106249630_3106249631_J60_J61_#5more': 63}, 
1880.0, {'J10': -29059.5, 'J11': -155766.0, 'J12': -104684.0, 'J13': -32646.5, 'cluster3106249630_3106249631_J60_J61_#5more': -173009.0}, {'J10': 13, 'J11': 32, 'J12': 21, 'J13': 28, 'cluster3106249630_3106249631_J60_J61_#5more': 36}, {'J10': 19, 'J11': 48, 'J12': 77, 'J13': 42, 'cluster3106249630_3106249631_J60_J61_#5more': 67}, 
1885.0, {'J10': -29249.5, 'J11': -156246.0, 'J12': -105454.0, 'J13': -33066.5, 'cluster3106249630_3106249631_J60_J61_#5more': -173679.0}, {'J10': 13, 'J11': 32, 'J12': 21, 'J13': 28, 'cluster3106249630_3106249631_J60_J61_#5more': 36}, {'J10': 19, 'J11': 48, 'J12': 77, 'J13': 42, 'cluster3106249630_3106249631_J60_J61_#5more': 67}, 
1890.0, {'J10': -29439.5, 'J11': -156726.0, 'J12': -106224.0, 'J13': -33486.5, 'cluster3106249630_3106249631_J60_J61_#5more': -174318.5}, {'J10': 13, 'J11': 32, 'J12': 21, 'J13': 28, 'cluster3106249630_3106249631_J60_J61_#5more': 36}, {'J10': 19, 'J11': 48, 'J12': 77, 'J13': 42, 'cluster3106249630_3106249631_J60_J61_#5more': 66}, 
1895.0, {'J10': -29629.5, 'J11': -157206.0, 'J12': -106998.5, 'J13': -33906.5, 'cluster3106249630_3106249631_J60_J61_#5more': -173873.0}, {'J10': 13, 'J11': 32, 'J12': 21, 'J13': 28, 'cluster3106249630_3106249631_J60_J61_#5more': 36}, {'J10': 19, 'J11': 48, 'J12': 78, 'J13': 42, 'cluster3106249630_3106249631_J60_J61_#5more': 65}, 
1900.0, {'J10': -29819.5, 'J11': -157686.0, 'J12': -107778.5, 'J13': -30849.0, 'cluster3106249630_3106249631_J60_J61_#5more': -173601.0}, {'J10': 13, 'J11': 32, 'J12': 21, 'J13': 25, 'cluster3106249630_3106249631_J60_J61_#5more': 36}, {'J10': 19, 'J11': 48, 'J12': 78, 'J13': 38, 'cluster3106249630_3106249631_J60_J61_#5more': 64}, 
1905.0, {'J10': -30009.5, 'J11': -158166.0, 'J12': -105592.5, 'J13': -30226.0, 'cluster3106249630_3106249631_J60_J61_#5more': -174189.0}, {'J10': 13, 'J11': 32, 'J12': 21, 'J13': 24, 'cluster3106249630_3106249631_J60_J61_#5more': 36}, {'J10': 19, 'J11': 48, 'J12': 74, 'J13': 37, 'cluster3106249630_3106249631_J60_J61_#5more': 63}, 
1910.0, {'J10': -30199.5, 'J11': -158646.0, 'J12': -106429.0, 'J13': -30596.0, 'cluster3106249630_3106249631_J60_J61_#5more': -174726.0}, {'J10': 13, 'J11': 32, 'J12': 21, 'J13': 24, 'cluster3106249630_3106249631_J60_J61_#5more': 36}, {'J10': 19, 'J11': 48, 'J12': 76, 'J13': 37, 'cluster3106249630_3106249631_J60_J61_#5more': 61}, 
1915.0, {'J10': -30389.5, 'J11': -159126.0, 'J12': -107191.0, 'J13': -30969.5, 'cluster3106249630_3106249631_J60_J61_#5more': -175336.5}, {'J10': 13, 'J11': 32, 'J12': 21, 'J13': 24, 'cluster3106249630_3106249631_J60_J61_#5more': 36}, {'J10': 19, 'J11': 48, 'J12': 78, 'J13': 38, 'cluster3106249630_3106249631_J60_J61_#5more': 62}, 
1920.0, {'J10': -30579.5, 'J11': -159606.0, 'J12': -107976.0, 'J13': -31351.0, 'cluster3106249630_3106249631_J60_J61_#5more': -175956.5}, {'J10': 13, 'J11': 32, 'J12': 21, 'J13': 25, 'cluster3106249630_3106249631_J60_J61_#5more': 36}, {'J10': 19, 'J11': 48, 'J12': 79, 'J13': 39, 'cluster3106249630_3106249631_J60_J61_#5more': 62}, 
1925.0, {'J10': -30769.5, 'J11': -160086.0, 'J12': -108746.0, 'J13': -31752.5, 'cluster3106249630_3106249631_J60_J61_#5more': -176579.0}, {'J10': 13, 'J11': 32, 'J12': 21, 'J13': 28, 'cluster3106249630_3106249631_J60_J61_#5more': 36}, {'J10': 19, 'J11': 48, 'J12': 79, 'J13': 42, 'cluster3106249630_3106249631_J60_J61_#5more': 63}, 
1930.0, {'J10': -30837.5, 'J11': -160566.0, 'J12': -109536.0, 'J13': -32172.5, 'cluster3106249630_3106249631_J60_J61_#5more': -177212.0}, {'J10': 13, 'J11': 32, 'J12': 21, 'J13': 28, 'cluster3106249630_3106249631_J60_J61_#5more': 36}, {'J10': 18, 'J11': 48, 'J12': 79, 'J13': 42, 'cluster3106249630_3106249631_J60_J61_#5more': 64}, 
1935.0, {'J10': -31017.5, 'J11': -161046.0, 'J12': -110326.0, 'J13': -32592.5, 'cluster3106249630_3106249631_J60_J61_#5more': -177857.0}, {'J10': 13, 'J11': 32, 'J12': 21, 'J13': 28, 'cluster3106249630_3106249631_J60_J61_#5more': 36}, {'J10': 18, 'J11': 48, 'J12': 79, 'J13': 42, 'cluster3106249630_3106249631_J60_J61_#5more': 65}, 
1940.0, {'J10': -31197.5, 'J11': -161526.0, 'J12': -111119.0, 'J13': -33012.5, 'cluster3106249630_3106249631_J60_J61_#5more': -178507.0}, {'J10': 13, 'J11': 32, 'J12': 21, 'J13': 28, 'cluster3106249630_3106249631_J60_J61_#5more': 36}, {'J10': 18, 'J11': 48, 'J12': 80, 'J13': 42, 'cluster3106249630_3106249631_J60_J61_#5more': 65}, 
1945.0, {'J10': -31377.5, 'J11': -162006.0, 'J12': -111924.0, 'J13': -33432.5, 'cluster3106249630_3106249631_J60_J61_#5more': -179157.0}, {'J10': 13, 'J11': 32, 'J12': 21, 'J13': 28, 'cluster3106249630_3106249631_J60_J61_#5more': 36}, {'J10': 18, 'J11': 48, 'J12': 81, 'J13': 42, 'cluster3106249630_3106249631_J60_J61_#5more': 65}, 
1950.0, {'J10': -31557.5, 'J11': -162486.0, 'J12': -112734.0, 'J13': -33852.5, 'cluster3106249630_3106249631_J60_J61_#5more': -179807.0}, {'J10': 13, 'J11': 32, 'J12': 21, 'J13': 28, 'cluster3106249630_3106249631_J60_J61_#5more': 36}, {'J10': 18, 'J11': 48, 'J12': 81, 'J13': 42, 'cluster3106249630_3106249631_J60_J61_#5more': 65}, 
1955.0, {'J10': -31737.5, 'J11': -162966.0, 'J12': -113544.0, 'J13': -34276.0, 'cluster3106249630_3106249631_J60_J61_#5more': -180457.0}, {'J10': 13, 'J11': 32, 'J12': 21, 'J13': 28, 'cluster3106249630_3106249631_J60_J61_#5more': 36}, {'J10': 18, 'J11': 48, 'J12': 81, 'J13': 43, 'cluster3106249630_3106249631_J60_J61_#5more': 65}, 
1960.0, {'J10': -31917.5, 'J11': -163448.5, 'J12': -114354.0, 'J13': -34706.0, 'cluster3106249630_3106249631_J60_J61_#5more': -181109.5}, {'J10': 13, 'J11': 32, 'J12': 21, 'J13': 28, 'cluster3106249630_3106249631_J60_J61_#5more': 36}, {'J10': 18, 'J11': 49, 'J12': 81, 'J13': 43, 'cluster3106249630_3106249631_J60_J61_#5more': 66}, 
1965.0, {'J10': -32097.5, 'J11': -163926.0, 'J12': -115164.0, 'J13': -31633.0, 'cluster3106249630_3106249631_J60_J61_#5more': -181669.0}, {'J10': 13, 'J11': 32, 'J12': 21, 'J13': 25, 'cluster3106249630_3106249631_J60_J61_#5more': 36}, {'J10': 18, 'J11': 48, 'J12': 81, 'J13': 38, 'cluster3106249630_3106249631_J60_J61_#5more': 65}, 
1970.0, {'J10': -32277.5, 'J11': -164406.0, 'J12': -113895.0, 'J13': -32013.0, 'cluster3106249630_3106249631_J60_J61_#5more': -182320.0}, {'J10': 13, 'J11': 32, 'J12': 21, 'J13': 25, 'cluster3106249630_3106249631_J60_J61_#5more': 36}, {'J10': 18, 'J11': 48, 'J12': 78, 'J13': 38, 'cluster3106249630_3106249631_J60_J61_#5more': 66}, 
1975.0, {'J10': -32457.5, 'J11': -164886.0, 'J12': -114192.5, 'J13': -32393.0, 'cluster3106249630_3106249631_J60_J61_#5more': -182980.0}, {'J10': 13, 'J11': 32, 'J12': 21, 'J13': 25, 'cluster3106249630_3106249631_J60_J61_#5more': 36}, {'J10': 18, 'J11': 48, 'J12': 77, 'J13': 38, 'cluster3106249630_3106249631_J60_J61_#5more': 66}, 
1980.0, {'J10': -32637.5, 'J11': -165366.0, 'J12': -114963.5, 'J13': -32776.5, 'cluster3106249630_3106249631_J60_J61_#5more': -183640.0}, {'J10': 13, 'J11': 32, 'J12': 21, 'J13': 25, 'cluster3106249630_3106249631_J60_J61_#5more': 36}, {'J10': 18, 'J11': 48, 'J12': 79, 'J13': 39, 'cluster3106249630_3106249631_J60_J61_#5more': 66}, 
1985.0, {'J10': -32817.5, 'J11': -165846.0, 'J12': -115765.0, 'J13': -33166.5, 'cluster3106249630_3106249631_J60_J61_#5more': -184300.0}, {'J10': 13, 'J11': 32, 'J12': 21, 'J13': 25, 'cluster3106249630_3106249631_J60_J61_#5more': 36}, {'J10': 18, 'J11': 48, 'J12': 82, 'J13': 39, 'cluster3106249630_3106249631_J60_J61_#5more': 66}, 
1990.0, {'J10': -32997.5, 'J11': -166326.0, 'J12': -115981.5, 'J13': -33565.0, 'cluster3106249630_3106249631_J60_J61_#5more': -184960.0}, {'J10': 13, 'J11': 32, 'J12': 21, 'J13': 27, 'cluster3106249630_3106249631_J60_J61_#5more': 36}, {'J10': 18, 'J11': 48, 'J12': 81, 'J13': 41, 'cluster3106249630_3106249631_J60_J61_#5more': 66}, 
1995.0, {'J10': -33180.0, 'J11': -166806.0, 'J12': -116791.5, 'J13': -33977.0, 'cluster3106249630_3106249631_J60_J61_#5more': -185620.0}, {'J10': 13, 'J11': 32, 'J12': 21, 'J13': 28, 'cluster3106249630_3106249631_J60_J61_#5more': 36}, {'J10': 19, 'J11': 48, 'J12': 81, 'J13': 42, 'cluster3106249630_3106249631_J60_J61_#5more': 66}, 
2000.0, {'J10': -33357.5, 'J11': -167286.0, 'J12': -117602.5, 'J13': -34397.0, 'cluster3106249630_3106249631_J60_J61_#5more': -186280.0}, {'J10': 13, 'J11': 32, 'J12': 21, 'J13': 28, 'cluster3106249630_3106249631_J60_J61_#5more': 36}, {'J10': 18, 'J11': 48, 'J12': 82, 'J13': 42, 'cluster3106249630_3106249631_J60_J61_#5more': 66}, 
2005.0, {'J10': -33537.5, 'J11': -167766.0, 'J12': -118422.5, 'J13': -34817.0, 'cluster3106249630_3106249631_J60_J61_#5more': -186942.0}, {'J10': 13, 'J11': 32, 'J12': 21, 'J13': 28, 'cluster3106249630_3106249631_J60_J61_#5more': 36}, {'J10': 18, 'J11': 48, 'J12': 82, 'J13': 42, 'cluster3106249630_3106249631_J60_J61_#5more': 67}, 
2010.0, {'J10': -33717.5, 'J11': -168246.0, 'J12': -119245.5, 'J13': -35237.0, 'cluster3106249630_3106249631_J60_J61_#5more': -187612.0}, {'J10': 13, 'J11': 32, 'J12': 21, 'J13': 28, 'cluster3106249630_3106249631_J60_J61_#5more': 36}, {'J10': 18, 'J11': 48, 'J12': 83, 'J13': 42, 'cluster3106249630_3106249631_J60_J61_#5more': 67}, 
2015.0, {'J10': -33897.5, 'J11': -168726.0, 'J12': -120075.5, 'J13': -35657.0, 'cluster3106249630_3106249631_J60_J61_#5more': -188283.0}, {'J10': 13, 'J11': 32, 'J12': 21, 'J13': 28, 'cluster3106249630_3106249631_J60_J61_#5more': 36}, {'J10': 18, 'J11': 48, 'J12': 83, 'J13': 42, 'cluster3106249630_3106249631_J60_J61_#5more': 68}, 
2020.0, {'J10': -34077.5, 'J11': -169206.0, 'J12': -120905.5, 'J13': -36077.0, 'cluster3106249630_3106249631_J60_J61_#5more': -188780.0}, {'J10': 13, 'J11': 32, 'J12': 21, 'J13': 28, 'cluster3106249630_3106249631_J60_J61_#5more': 36}, {'J10': 18, 'J11': 48, 'J12': 83, 'J13': 42, 'cluster3106249630_3106249631_J60_J61_#5more': 67}, 
2025.0, {'J10': -34262.0, 'J11': -169686.0, 'J12': -121735.5, 'J13': -36497.0, 'cluster3106249630_3106249631_J60_J61_#5more': -189249.0}, {'J10': 13, 'J11': 32, 'J12': 21, 'J13': 28, 'cluster3106249630_3106249631_J60_J61_#5more': 36}, {'J10': 19, 'J11': 48, 'J12': 83, 'J13': 42, 'cluster3106249630_3106249631_J60_J61_#5more': 67}, 
2030.0, {'J10': -34452.0, 'J11': -170166.0, 'J12': -122565.5, 'J13': -33686.5, 'cluster3106249630_3106249631_J60_J61_#5more': -189907.5}, {'J10': 13, 'J11': 32, 'J12': 21, 'J13': 26, 'cluster3106249630_3106249631_J60_J61_#5more': 36}, {'J10': 19, 'J11': 48, 'J12': 83, 'J13': 38, 'cluster3106249630_3106249631_J60_J61_#5more': 66}, 
2035.0, {'J10': -34642.0, 'J11': -170646.0, 'J12': -122110.0, 'J13': -32053.0, 'cluster3106249630_3106249631_J60_J61_#5more': -190573.0}, {'J10': 13, 'J11': 32, 'J12': 21, 'J13': 24, 'cluster3106249630_3106249631_J60_J61_#5more': 36}, {'J10': 19, 'J11': 48, 'J12': 80, 'J13': 36, 'cluster3106249630_3106249631_J60_J61_#5more': 68}, 
2040.0, {'J10': -34832.0, 'J11': -171126.0, 'J12': -122910.0, 'J13': -32417.5, 'cluster3106249630_3106249631_J60_J61_#5more': -191257.5}, {'J10': 13, 'J11': 32, 'J12': 21, 'J13': 24, 'cluster3106249630_3106249631_J60_J61_#5more': 36}, {'J10': 19, 'J11': 48, 'J12': 80, 'J13': 37, 'cluster3106249630_3106249631_J60_J61_#5more': 69}, 
2045.0, {'J10': -35022.0, 'J11': -171606.0, 'J12': -123712.0, 'J13': -32791.0, 'cluster3106249630_3106249631_J60_J61_#5more': -191947.5}, {'J10': 13, 'J11': 32, 'J12': 21, 'J13': 24, 'cluster3106249630_3106249631_J60_J61_#5more': 36}, {'J10': 19, 'J11': 48, 'J12': 81, 'J13': 39, 'cluster3106249630_3106249631_J60_J61_#5more': 69}, 
2050.0, {'J10': -35212.0, 'J11': -172086.5, 'J12': -124527.0, 'J13': -33182.5, 'cluster3106249630_3106249631_J60_J61_#5more': -192637.5}, {'J10': 13, 'J11': 32, 'J12': 21, 'J13': 24, 'cluster3106249630_3106249631_J60_J61_#5more': 36}, {'J10': 19, 'J11': 49, 'J12': 82, 'J13': 40, 'cluster3106249630_3106249631_J60_J61_#5more': 69}, 
2055.0, {'J10': -35402.0, 'J11': -172576.5, 'J12': -123721.0, 'J13': -33591.0, 'cluster3106249630_3106249631_J60_J61_#5more': -193327.5}, {'J10': 13, 'J11': 32, 'J12': 21, 'J13': 26, 'cluster3106249630_3106249631_J60_J61_#5more': 36}, {'J10': 19, 'J11': 49, 'J12': 81, 'J13': 42, 'cluster3106249630_3106249631_J60_J61_#5more': 69}, 
2060.0, {'J10': -35517.5, 'J11': -173046.0, 'J12': -124531.0, 'J13': -34017.5, 'cluster3106249630_3106249631_J60_J61_#5more': -194017.5}, {'J10': 13, 'J11': 32, 'J12': 21, 'J13': 28, 'cluster3106249630_3106249631_J60_J61_#5more': 36}, {'J10': 18, 'J11': 48, 'J12': 81, 'J13': 44, 'cluster3106249630_3106249631_J60_J61_#5more': 69}, 
2065.0, {'J10': -35697.5, 'J11': -173526.0, 'J12': -125320.0, 'J13': -34457.5, 'cluster3106249630_3106249631_J60_J61_#5more': -194707.5}, {'J10': 13, 'J11': 32, 'J12': 21, 'J13': 28, 'cluster3106249630_3106249631_J60_J61_#5more': 36}, {'J10': 18, 'J11': 48, 'J12': 80, 'J13': 44, 'cluster3106249630_3106249631_J60_J61_#5more': 69}, 
2070.0, {'J10': -35877.5, 'J11': -174006.0, 'J12': -125365.0, 'J13': -34897.5, 'cluster3106249630_3106249631_J60_J61_#5more': -195397.5}, {'J10': 13, 'J11': 32, 'J12': 21, 'J13': 28, 'cluster3106249630_3106249631_J60_J61_#5more': 36}, {'J10': 18, 'J11': 48, 'J12': 81, 'J13': 44, 'cluster3106249630_3106249631_J60_J61_#5more': 69}, 
2075.0, {'J10': -36057.5, 'J11': -174486.0, 'J12': -125410.5, 'J13': -35337.5, 'cluster3106249630_3106249631_J60_J61_#5more': -196087.5}, {'J10': 13, 'J11': 32, 'J12': 21, 'J13': 28, 'cluster3106249630_3106249631_J60_J61_#5more': 36}, {'J10': 18, 'J11': 48, 'J12': 80, 'J13': 44, 'cluster3106249630_3106249631_J60_J61_#5more': 69}, 
2080.0, {'J10': -36237.5, 'J11': -174968.0, 'J12': -126210.5, 'J13': -35777.5, 'cluster3106249630_3106249631_J60_J61_#5more': -196777.5}, {'J10': 13, 'J11': 32, 'J12': 21, 'J13': 28, 'cluster3106249630_3106249631_J60_J61_#5more': 36}, {'J10': 18, 'J11': 49, 'J12': 80, 'J13': 44, 'cluster3106249630_3106249631_J60_J61_#5more': 69}, 
2085.0, {'J10': -36417.5, 'J11': -175446.0, 'J12': -127010.5, 'J13': -36217.5, 'cluster3106249630_3106249631_J60_J61_#5more': -197467.5}, {'J10': 13, 'J11': 32, 'J12': 21, 'J13': 28, 'cluster3106249630_3106249631_J60_J61_#5more': 36}, {'J10': 18, 'J11': 48, 'J12': 80, 'J13': 44, 'cluster3106249630_3106249631_J60_J61_#5more': 69}, 
2090.0, {'J10': -36597.5, 'J11': -175926.0, 'J12': -127812.0, 'J13': -36657.5, 'cluster3106249630_3106249631_J60_J61_#5more': -198158.5}, {'J10': 13, 'J11': 32, 'J12': 21, 'J13': 28, 'cluster3106249630_3106249631_J60_J61_#5more': 36}, {'J10': 18, 'J11': 48, 'J12': 82, 'J13': 44, 'cluster3106249630_3106249631_J60_J61_#5more': 70}, 
2095.0, {'J10': -36777.5, 'J11': -176406.0, 'J12': -128632.0, 'J13': -34238.5, 'cluster3106249630_3106249631_J60_J61_#5more': -198847.5}, {'J10': 13, 'J11': 32, 'J12': 21, 'J13': 26, 'cluster3106249630_3106249631_J60_J61_#5more': 36}, {'J10': 18, 'J11': 48, 'J12': 82, 'J13': 40, 'cluster3106249630_3106249631_J60_J61_#5more': 69}, 
2100.0, {'J10': -36957.5, 'J11': -176886.0, 'J12': -124217.0, 'J13': -32037.5, 'cluster3106249630_3106249631_J60_J61_#5more': -199537.5}, {'J10': 13, 'J11': 32, 'J12': 21, 'J13': 24, 'cluster3106249630_3106249631_J60_J61_#5more': 36}, {'J10': 18, 'J11': 48, 'J12': 78, 'J13': 36, 'cluster3106249630_3106249631_J60_J61_#5more': 69}, 
2105.0, {'J10': -37137.5, 'J11': -177371.0, 'J12': -124986.5, 'J13': -32399.0, 'cluster3106249630_3106249631_J60_J61_#5more': -200227.5}, {'J10': 13, 'J11': 32, 'J12': 21, 'J13': 24, 'cluster3106249630_3106249631_J60_J61_#5more': 36}, {'J10': 18, 'J11': 50, 'J12': 77, 'J13': 37, 'cluster3106249630_3106249631_J60_J61_#5more': 69}, 
2110.0, {'J10': -37317.5, 'J11': -177857.0, 'J12': -125758.5, 'J13': -32772.5, 'cluster3106249630_3106249631_J60_J61_#5more': -200922.5}, {'J10': 13, 'J11': 32, 'J12': 21, 'J13': 24, 'cluster3106249630_3106249631_J60_J61_#5more': 36}, {'J10': 18, 'J11': 49, 'J12': 79, 'J13': 39, 'cluster3106249630_3106249631_J60_J61_#5more': 70}, 
2115.0, {'J10': -37497.5, 'J11': -178326.0, 'J12': -126558.5, 'J13': -33162.5, 'cluster3106249630_3106249631_J60_J61_#5more': -201622.5}, {'J10': 13, 'J11': 32, 'J12': 21, 'J13': 24, 'cluster3106249630_3106249631_J60_J61_#5more': 36}, {'J10': 18, 'J11': 48, 'J12': 81, 'J13': 39, 'cluster3106249630_3106249631_J60_J61_#5more': 70}, 
2120.0, {'J10': -37677.5, 'J11': -178806.0, 'J12': -125585.5, 'J13': -33562.5, 'cluster3106249630_3106249631_J60_J61_#5more': -202322.5}, {'J10': 13, 'J11': 32, 'J12': 21, 'J13': 27, 'cluster3106249630_3106249631_J60_J61_#5more': 36}, {'J10': 18, 'J11': 48, 'J12': 79, 'J13': 43, 'cluster3106249630_3106249631_J60_J61_#5more': 70}, 
2125.0, {'J10': -37860.0, 'J11': -179286.0, 'J12': -124892.5, 'J13': -33996.5, 'cluster3106249630_3106249631_J60_J61_#5more': -203022.5}, {'J10': 13, 'J11': 32, 'J12': 21, 'J13': 28, 'cluster3106249630_3106249631_J60_J61_#5more': 36}, {'J10': 19, 'J11': 48, 'J12': 77, 'J13': 44, 'cluster3106249630_3106249631_J60_J61_#5more': 70}, 
2130.0, {'J10': -38037.5, 'J11': -179766.0, 'J12': -123841.0, 'J13': -34436.5, 'cluster3106249630_3106249631_J60_J61_#5more': -203722.5}, {'J10': 13, 'J11': 32, 'J12': 21, 'J13': 28, 'cluster3106249630_3106249631_J60_J61_#5more': 36}, {'J10': 18, 'J11': 48, 'J12': 74, 'J13': 44, 'cluster3106249630_3106249631_J60_J61_#5more': 70}, 
2135.0, {'J10': -38217.5, 'J11': -180246.0, 'J12': -122928.5, 'J13': -34879.0, 'cluster3106249630_3106249631_J60_J61_#5more': -204422.5}, {'J10': 13, 'J11': 32, 'J12': 21, 'J13': 28, 'cluster3106249630_3106249631_J60_J61_#5more': 36}, {'J10': 18, 'J11': 48, 'J12': 70, 'J13': 45, 'cluster3106249630_3106249631_J60_J61_#5more': 70}, 
2140.0, {'J10': -38397.5, 'J11': -180726.0, 'J12': -123316.0, 'J13': -35329.0, 'cluster3106249630_3106249631_J60_J61_#5more': -205122.5}, {'J10': 13, 'J11': 32, 'J12': 21, 'J13': 28, 'cluster3106249630_3106249631_J60_J61_#5more': 36}, {'J10': 18, 'J11': 48, 'J12': 70, 'J13': 45, 'cluster3106249630_3106249631_J60_J61_#5more': 70}, 
2145.0, {'J10': -38577.5, 'J11': -181206.0, 'J12': -124019.0, 'J13': -35779.0, 'cluster3106249630_3106249631_J60_J61_#5more': -205822.5}, {'J10': 13, 'J11': 32, 'J12': 21, 'J13': 28, 'cluster3106249630_3106249631_J60_J61_#5more': 36}, {'J10': 18, 'J11': 48, 'J12': 72, 'J13': 45, 'cluster3106249630_3106249631_J60_J61_#5more': 70}, 
2150.0, {'J10': -38757.5, 'J11': -181686.0, 'J12': -123772.0, 'J13': -36229.0, 'cluster3106249630_3106249631_J60_J61_#5more': -206522.5}, {'J10': 13, 'J11': 32, 'J12': 21, 'J13': 28, 'cluster3106249630_3106249631_J60_J61_#5more': 36}, {'J10': 18, 'J11': 48, 'J12': 77, 'J13': 45, 'cluster3106249630_3106249631_J60_J61_#5more': 70}, 
2155.0, {'J10': -38937.5, 'J11': -182166.0, 'J12': -123550.5, 'J13': -36679.0, 'cluster3106249630_3106249631_J60_J61_#5more': -207223.5}, {'J10': 13, 'J11': 32, 'J12': 21, 'J13': 28, 'cluster3106249630_3106249631_J60_J61_#5more': 36}, {'J10': 18, 'J11': 48, 'J12': 76, 'J13': 45, 'cluster3106249630_3106249631_J60_J61_#5more': 71}, 
2160.0, {'J10': -39117.5, 'J11': -182647.5, 'J12': -124315.5, 'J13': -34200.5, 'cluster3106249630_3106249631_J60_J61_#5more': -207922.5}, {'J10': 13, 'J11': 32, 'J12': 21, 'J13': 26, 'cluster3106249630_3106249631_J60_J61_#5more': 36}, {'J10': 18, 'J11': 49, 'J12': 77, 'J13': 40, 'cluster3106249630_3106249631_J60_J61_#5more': 70}, 
2165.0, {'J10': -39297.5, 'J11': -183138.0, 'J12': -125086.0, 'J13': -34097.0, 'cluster3106249630_3106249631_J60_J61_#5more': -208622.5}, {'J10': 13, 'J11': 32, 'J12': 21, 'J13': 26, 'cluster3106249630_3106249631_J60_J61_#5more': 36}, {'J10': 18, 'J11': 50, 'J12': 78, 'J13': 39, 'cluster3106249630_3106249631_J60_J61_#5more': 70}, 
2170.0, {'J10': -39477.5, 'J11': -183606.5, 'J12': -124851.0, 'J13': -34493.0, 'cluster3106249630_3106249631_J60_J61_#5more': -209322.5}, {'J10': 13, 'J11': 32, 'J12': 21, 'J13': 26, 'cluster3106249630_3106249631_J60_J61_#5more': 36}, {'J10': 18, 'J11': 49, 'J12': 77, 'J13': 41, 'cluster3106249630_3106249631_J60_J61_#5more': 70}, 
2175.0, {'J10': -39657.5, 'J11': -184086.0, 'J12': -124432.0, 'J13': -34905.5, 'cluster3106249630_3106249631_J60_J61_#5more': -210022.5}, {'J10': 13, 'J11': 32, 'J12': 21, 'J13': 26, 'cluster3106249630_3106249631_J60_J61_#5more': 36}, {'J10': 18, 'J11': 48, 'J12': 77, 'J13': 43, 'cluster3106249630_3106249631_J60_J61_#5more': 70}, 
2180.0, {'J10': -39837.5, 'J11': -184566.5, 'J12': -124102.0, 'J13': -35336.0, 'cluster3106249630_3106249631_J60_J61_#5more': -210722.5}, {'J10': 13, 'J11': 32, 'J12': 21, 'J13': 27, 'cluster3106249630_3106249631_J60_J61_#5more': 36}, {'J10': 18, 'J11': 49, 'J12': 77, 'J13': 44, 'cluster3106249630_3106249631_J60_J61_#5more': 70}, 
2185.0, {'J10': -40017.5, 'J11': -185059.5, 'J12': -124727.0, 'J13': -35780.5, 'cluster3106249630_3106249631_J60_J61_#5more': -211422.5}, {'J10': 13, 'J11': 32, 'J12': 21, 'J13': 28, 'cluster3106249630_3106249631_J60_J61_#5more': 36}, {'J10': 18, 'J11': 51, 'J12': 75, 'J13': 45, 'cluster3106249630_3106249631_J60_J61_#5more': 70}, 
2190.0, {'J10': -40197.5, 'J11': -185549.0, 'J12': -125237.0, 'J13': -36230.5, 'cluster3106249630_3106249631_J60_J61_#5more': -212122.5}, {'J10': 13, 'J11': 32, 'J12': 21, 'J13': 28, 'cluster3106249630_3106249631_J60_J61_#5more': 36}, {'J10': 18, 'J11': 50, 'J12': 75, 'J13': 45, 'cluster3106249630_3106249631_J60_J61_#5more': 70}, 
2195.0, {'J10': -40377.5, 'J11': -186006.0, 'J12': -124443.5, 'J13': -36680.5, 'cluster3106249630_3106249631_J60_J61_#5more': -212822.5}, {'J10': 13, 'J11': 32, 'J12': 21, 'J13': 28, 'cluster3106249630_3106249631_J60_J61_#5more': 36}, {'J10': 18, 'J11': 48, 'J12': 74, 'J13': 45, 'cluster3106249630_3106249631_J60_J61_#5more': 70}, 
2200.0, {'J10': -40557.5, 'J11': -186486.0, 'J12': -125173.5, 'J13': -37130.5, 'cluster3106249630_3106249631_J60_J61_#5more': -212987.5}, {'J10': 13, 'J11': 32, 'J12': 21, 'J13': 28, 'cluster3106249630_3106249631_J60_J61_#5more': 36}, {'J10': 18, 'J11': 48, 'J12': 79, 'J13': 45, 'cluster3106249630_3106249631_J60_J61_#5more': 69}, 
2205.0, {'J10': -40737.5, 'J11': -186966.0, 'J12': -125980.0, 'J13': -37580.5, 'cluster3106249630_3106249631_J60_J61_#5more': -213677.5}, {'J10': 13, 'J11': 32, 'J12': 21, 'J13': 28, 'cluster3106249630_3106249631_J60_J61_#5more': 36}, {'J10': 18, 'J11': 48, 'J12': 83, 'J13': 45, 'cluster3106249630_3106249631_J60_J61_#5more': 69}, 
2210.0, {'J10': -40917.5, 'J11': -187446.0, 'J12': -126779.0, 'J13': -38030.5, 'cluster3106249630_3106249631_J60_J61_#5more': -214368.5}, {'J10': 13, 'J11': 32, 'J12': 21, 'J13': 28, 'cluster3106249630_3106249631_J60_J61_#5more': 36}, {'J10': 18, 'J11': 48, 'J12': 83, 'J13': 45, 'cluster3106249630_3106249631_J60_J61_#5more': 70}, 
2215.0, {'J10': -41097.5, 'J11': -187926.0, 'J12': -127568.5, 'J13': -38480.5, 'cluster3106249630_3106249631_J60_J61_#5more': -214580.5}, {'J10': 13, 'J11': 32, 'J12': 21, 'J13': 28, 'cluster3106249630_3106249631_J60_J61_#5more': 36}, {'J10': 18, 'J11': 48, 'J12': 82, 'J13': 45, 'cluster3106249630_3106249631_J60_J61_#5more': 70}, 
2220.0, {'J10': -41277.5, 'J11': -188406.0, 'J12': -128238.0, 'J13': -38930.5, 'cluster3106249630_3106249631_J60_J61_#5more': -213726.0}, {'J10': 13, 'J11': 32, 'J12': 21, 'J13': 28, 'cluster3106249630_3106249631_J60_J61_#5more': 36}, {'J10': 18, 'J11': 48, 'J12': 81, 'J13': 45, 'cluster3106249630_3106249631_J60_J61_#5more': 70}, 
2225.0, {'J10': -41457.5, 'J11': -188886.0, 'J12': -128894.0, 'J13': -35465.0, 'cluster3106249630_3106249631_J60_J61_#5more': -213670.5}, {'J10': 13, 'J11': 32, 'J12': 21, 'J13': 25, 'cluster3106249630_3106249631_J60_J61_#5more': 36}, {'J10': 18, 'J11': 48, 'J12': 80, 'J13': 40, 'cluster3106249630_3106249631_J60_J61_#5more': 68}, 
2230.0, {'J10': -41637.5, 'J11': -189366.0, 'J12': -129694.0, 'J13': -35492.5, 'cluster3106249630_3106249631_J60_J61_#5more': -214257.0}, {'J10': 13, 'J11': 32, 'J12': 21, 'J13': 25, 'cluster3106249630_3106249631_J60_J61_#5more': 36}, {'J10': 18, 'J11': 48, 'J12': 80, 'J13': 39, 'cluster3106249630_3106249631_J60_J61_#5more': 66}, 
2235.0, {'J10': -41817.5, 'J11': -189846.0, 'J12': -130354.0, 'J13': -35885.5, 'cluster3106249630_3106249631_J60_J61_#5more': -214917.0}, {'J10': 13, 'J11': 32, 'J12': 21, 'J13': 25, 'cluster3106249630_3106249631_J60_J61_#5more': 36}, {'J10': 18, 'J11': 48, 'J12': 80, 'J13': 40, 'cluster3106249630_3106249631_J60_J61_#5more': 66}, 
2240.0, {'J10': -41997.5, 'J11': -190326.0, 'J12': -129863.0, 'J13': -36288.0, 'cluster3106249630_3106249631_J60_J61_#5more': -215577.0}, {'J10': 13, 'J11': 32, 'J12': 21, 'J13': 25, 'cluster3106249630_3106249631_J60_J61_#5more': 36}, {'J10': 18, 'J11': 48, 'J12': 79, 'J13': 42, 'cluster3106249630_3106249631_J60_J61_#5more': 66}, 
2245.0, {'J10': -42177.5, 'J11': -190806.0, 'J12': -130236.5, 'J13': -36709.0, 'cluster3106249630_3106249631_J60_J61_#5more': -216237.0}, {'J10': 13, 'J11': 32, 'J12': 21, 'J13': 26, 'cluster3106249630_3106249631_J60_J61_#5more': 36}, {'J10': 18, 'J11': 48, 'J12': 76, 'J13': 43, 'cluster3106249630_3106249631_J60_J61_#5more': 66}, 
2250.0, {'J10': -42357.5, 'J11': -191286.0, 'J12': -129987.0, 'J13': -37147.5, 'cluster3106249630_3106249631_J60_J61_#5more': -216897.0}, {'J10': 13, 'J11': 32, 'J12': 21, 'J13': 28, 'cluster3106249630_3106249631_J60_J61_#5more': 36}, {'J10': 18, 'J11': 48, 'J12': 73, 'J13': 45, 'cluster3106249630_3106249631_J60_J61_#5more': 66}, 
2255.0, {'J10': -42537.5, 'J11': -191766.0, 'J12': -130718.5, 'J13': -37597.5, 'cluster3106249630_3106249631_J60_J61_#5more': -217559.5}, {'J10': 13, 'J11': 32, 'J12': 21, 'J13': 28, 'cluster3106249630_3106249631_J60_J61_#5more': 36}, {'J10': 18, 'J11': 48, 'J12': 74, 'J13': 45, 'cluster3106249630_3106249631_J60_J61_#5more': 68}, 
2260.0, {'J10': -42717.5, 'J11': -192246.0, 'J12': -131343.0, 'J13': -38047.5, 'cluster3106249630_3106249631_J60_J61_#5more': -218244.0}, {'J10': 13, 'J11': 32, 'J12': 21, 'J13': 28, 'cluster3106249630_3106249631_J60_J61_#5more': 36}, {'J10': 18, 'J11': 48, 'J12': 76, 'J13': 45, 'cluster3106249630_3106249631_J60_J61_#5more': 69}, 
2265.0, {'J10': -42897.5, 'J11': -192728.5, 'J12': -131855.5, 'J13': -38497.5, 'cluster3106249630_3106249631_J60_J61_#5more': -218934.0}, {'J10': 13, 'J11': 32, 'J12': 21, 'J13': 28, 'cluster3106249630_3106249631_J60_J61_#5more': 36}, {'J10': 18, 'J11': 49, 'J12': 77, 'J13': 45, 'cluster3106249630_3106249631_J60_J61_#5more': 69}, 
2270.0, {'J10': -43077.5, 'J11': -193218.5, 'J12': -132625.5, 'J13': -38947.5, 'cluster3106249630_3106249631_J60_J61_#5more': -219629.0}, {'J10': 13, 'J11': 32, 'J12': 21, 'J13': 28, 'cluster3106249630_3106249631_J60_J61_#5more': 36}, {'J10': 18, 'J11': 49, 'J12': 77, 'J13': 45, 'cluster3106249630_3106249631_J60_J61_#5more': 70}, 
2275.0, {'J10': -43257.5, 'J11': -193709.5, 'J12': -133395.5, 'J13': -39397.5, 'cluster3106249630_3106249631_J60_J61_#5more': -220329.0}, {'J10': 13, 'J11': 32, 'J12': 21, 'J13': 28, 'cluster3106249630_3106249631_J60_J61_#5more': 36}, {'J10': 18, 'J11': 50, 'J12': 77, 'J13': 45, 'cluster3106249630_3106249631_J60_J61_#5more': 70}, 
2280.0, {'J10': -43437.5, 'J11': -194209.5, 'J12': -134169.0, 'J13': -39847.5, 'cluster3106249630_3106249631_J60_J61_#5more': -221029.0}, {'J10': 13, 'J11': 32, 'J12': 21, 'J13': 28, 'cluster3106249630_3106249631_J60_J61_#5more': 36}, {'J10': 18, 'J11': 50, 'J12': 79, 'J13': 45, 'cluster3106249630_3106249631_J60_J61_#5more': 70}, 
2285.0, {'J10': -43617.5, 'J11': -194711.5, 'J12': -134973.0, 'J13': -40297.5, 'cluster3106249630_3106249631_J60_J61_#5more': -221730.0}, {'J10': 13, 'J11': 32, 'J12': 21, 'J13': 28, 'cluster3106249630_3106249631_J60_J61_#5more': 36}, {'J10': 18, 'J11': 51, 'J12': 83, 'J13': 45, 'cluster3106249630_3106249631_J60_J61_#5more': 71}, 
2290.0, {'J10': -43797.5, 'J11': -195221.5, 'J12': -135803.0, 'J13': -37410.0, 'cluster3106249630_3106249631_J60_J61_#5more': -222429.0}, {'J10': 13, 'J11': 32, 'J12': 21, 'J13': 26, 'cluster3106249630_3106249631_J60_J61_#5more': 36}, {'J10': 18, 'J11': 51, 'J12': 83, 'J13': 40, 'cluster3106249630_3106249631_J60_J61_#5more': 70}, 
2295.0, {'J10': -43977.5, 'J11': -195710.5, 'J12': -136633.0, 'J13': -35810.5, 'cluster3106249630_3106249631_J60_J61_#5more': -223129.0}, {'J10': 13, 'J11': 32, 'J12': 21, 'J13': 24, 'cluster3106249630_3106249631_J60_J61_#5more': 36}, {'J10': 18, 'J11': 51, 'J12': 83, 'J13': 38, 'cluster3106249630_3106249631_J60_J61_#5more': 70}, 
2300.0, {'J10': -44157.5, 'J11': -196209.5, 'J12': -137463.5, 'J13': -36192.5, 'cluster3106249630_3106249631_J60_J61_#5more': -223829.0}, {'J10': 13, 'J11': 32, 'J12': 21, 'J13': 24, 'cluster3106249630_3106249631_J60_J61_#5more': 36}, {'J10': 18, 'J11': 50, 'J12': 84, 'J13': 39, 'cluster3106249630_3106249631_J60_J61_#5more': 70}, 
2305.0, {'J10': -44337.5, 'J11': -196709.5, 'J12': -138303.5, 'J13': -36586.0, 'cluster3106249630_3106249631_J60_J61_#5more': -224434.5}, {'J10': 13, 'J11': 32, 'J12': 21, 'J13': 24, 'cluster3106249630_3106249631_J60_J61_#5more': 36}, {'J10': 18, 'J11': 50, 'J12': 84, 'J13': 41, 'cluster3106249630_3106249631_J60_J61_#5more': 69}, 
2310.0, {'J10': -44517.5, 'J11': -197211.5, 'J12': -139143.5, 'J13': -36996.0, 'cluster3106249630_3106249631_J60_J61_#5more': -225124.5}, {'J10': 13, 'J11': 32, 'J12': 21, 'J13': 24, 'cluster3106249630_3106249631_J60_J61_#5more': 36}, {'J10': 18, 'J11': 51, 'J12': 84, 'J13': 41, 'cluster3106249630_3106249631_J60_J61_#5more': 69}, 
2315.0, {'J10': -44697.5, 'J11': -197710.5, 'J12': -136943.5, 'J13': -37417.5, 'cluster3106249630_3106249631_J60_J61_#5more': -225815.5}, {'J10': 13, 'J11': 32, 'J12': 21, 'J13': 28, 'cluster3106249630_3106249631_J60_J61_#5more': 36}, {'J10': 18, 'J11': 51, 'J12': 79, 'J13': 45, 'cluster3106249630_3106249631_J60_J61_#5more': 70}, 
2320.0, {'J10': -44878.5, 'J11': -198220.5, 'J12': -135610.0, 'J13': -37867.5, 'cluster3106249630_3106249631_J60_J61_#5more': -226517.0}, {'J10': 13, 'J11': 32, 'J12': 21, 'J13': 28, 'cluster3106249630_3106249631_J60_J61_#5more': 36}, {'J10': 19, 'J11': 51, 'J12': 78, 'J13': 45, 'cluster3106249630_3106249631_J60_J61_#5more': 71}, 
2325.0, {'J10': -45057.5, 'J11': -198709.5, 'J12': -136391.0, 'J13': -38317.5, 'cluster3106249630_3106249631_J60_J61_#5more': -227231.0}, {'J10': 13, 'J11': 32, 'J12': 21, 'J13': 28, 'cluster3106249630_3106249631_J60_J61_#5more': 36}, {'J10': 18, 'J11': 50, 'J12': 80, 'J13': 45, 'cluster3106249630_3106249631_J60_J61_#5more': 72}, 
2330.0, {'J10': -45237.5, 'J11': -199209.5, 'J12': -137199.5, 'J13': -38767.5, 'cluster3106249630_3106249631_J60_J61_#5more': -227956.5}, {'J10': 13, 'J11': 32, 'J12': 21, 'J13': 28, 'cluster3106249630_3106249631_J60_J61_#5more': 36}, {'J10': 18, 'J11': 50, 'J12': 82, 'J13': 45, 'cluster3106249630_3106249631_J60_J61_#5more': 75}, 
2335.0, {'J10': -45417.5, 'J11': -199567.0, 'J12': -136749.0, 'J13': -39217.5, 'cluster3106249630_3106249631_J60_J61_#5more': -228709.5}, {'J10': 13, 'J11': 32, 'J12': 21, 'J13': 28, 'cluster3106249630_3106249631_J60_J61_#5more': 36}, {'J10': 18, 'J11': 49, 'J12': 81, 'J13': 45, 'cluster3106249630_3106249631_J60_J61_#5more': 76}, 
2340.0, {'J10': -45598.5, 'J11': -200057.0, 'J12': -137564.0, 'J13': -39667.5, 'cluster3106249630_3106249631_J60_J61_#5more': -229298.5}, {'J10': 13, 'J11': 32, 'J12': 21, 'J13': 28, 'cluster3106249630_3106249631_J60_J61_#5more': 36}, {'J10': 19, 'J11': 49, 'J12': 82, 'J13': 45, 'cluster3106249630_3106249631_J60_J61_#5more': 76}, 
2345.0, {'J10': -45788.5, 'J11': -200552.0, 'J12': -138387.5, 'J13': -40117.5, 'cluster3106249630_3106249631_J60_J61_#5more': -229728.5}, {'J10': 13, 'J11': 32, 'J12': 21, 'J13': 28, 'cluster3106249630_3106249631_J60_J61_#5more': 36}, {'J10': 19, 'J11': 50, 'J12': 83, 'J13': 45, 'cluster3106249630_3106249631_J60_J61_#5more': 76}, 
2350.0, {'J10': -45978.5, 'J11': -200901.0, 'J12': -139217.5, 'J13': -40567.5, 'cluster3106249630_3106249631_J60_J61_#5more': -228680.5}, {'J10': 13, 'J11': 32, 'J12': 21, 'J13': 28, 'cluster3106249630_3106249631_J60_J61_#5more': 36}, {'J10': 19, 'J11': 49, 'J12': 83, 'J13': 45, 'cluster3106249630_3106249631_J60_J61_#5more': 76}, 
2355.0, {'J10': -46168.5, 'J11': -201393.0, 'J12': -140049.5, 'J13': -37919.5, 'cluster3106249630_3106249631_J60_J61_#5more': -227777.5}, {'J10': 13, 'J11': 32, 'J12': 21, 'J13': 26, 'cluster3106249630_3106249631_J60_J61_#5more': 36}, {'J10': 19, 'J11': 50, 'J12': 84, 'J13': 42, 'cluster3106249630_3106249631_J60_J61_#5more': 75}, 
2360.0, {'J10': -46358.5, 'J11': -201858.0, 'J12': -140889.5, 'J13': -37703.5, 'cluster3106249630_3106249631_J60_J61_#5more': -228536.0}, {'J10': 13, 'J11': 32, 'J12': 21, 'J13': 26, 'cluster3106249630_3106249631_J60_J61_#5more': 36}, {'J10': 19, 'J11': 49, 'J12': 84, 'J13': 39, 'cluster3106249630_3106249631_J60_J61_#5more': 78}, 
2365.0, {'J10': -46548.5, 'J11': -202326.0, 'J12': -141729.5, 'J13': -38099.5, 'cluster3106249630_3106249631_J60_J61_#5more': -229136.0}, {'J10': 13, 'J11': 32, 'J12': 21, 'J13': 26, 'cluster3106249630_3106249631_J60_J61_#5more': 36}, {'J10': 19, 'J11': 48, 'J12': 84, 'J13': 41, 'cluster3106249630_3106249631_J60_J61_#5more': 80}, 
2370.0, {'J10': -46738.5, 'J11': -202806.0, 'J12': -142569.5, 'J13': -38512.0, 'cluster3106249630_3106249631_J60_J61_#5more': -229596.5}, {'J10': 13, 'J11': 32, 'J12': 21, 'J13': 26, 'cluster3106249630_3106249631_J60_J61_#5more': 36}, {'J10': 19, 'J11': 48, 'J12': 84, 'J13': 42, 'cluster3106249630_3106249631_J60_J61_#5more': 76}, 
2375.0, {'J10': -46928.5, 'J11': -203286.0, 'J12': -143409.5, 'J13': -38932.0, 'cluster3106249630_3106249631_J60_J61_#5more': -230027.0}, {'J10': 13, 'J11': 32, 'J12': 21, 'J13': 26, 'cluster3106249630_3106249631_J60_J61_#5more': 36}, {'J10': 19, 'J11': 48, 'J12': 84, 'J13': 42, 'cluster3106249630_3106249631_J60_J61_#5more': 71}, 
2380.0, {'J10': -47118.5, 'J11': -203766.0, 'J12': -138990.5, 'J13': -39361.0, 'cluster3106249630_3106249631_J60_J61_#5more': -230608.5}, {'J10': 13, 'J11': 32, 'J12': 21, 'J13': 28, 'cluster3106249630_3106249631_J60_J61_#5more': 36}, {'J10': 19, 'J11': 48, 'J12': 78, 'J13': 44, 'cluster3106249630_3106249631_J60_J61_#5more': 70}, 
2385.0, {'J10': -47217.5, 'J11': -204246.0, 'J12': -139770.5, 'J13': -39801.0, 'cluster3106249630_3106249631_J60_J61_#5more': -231270.5}, {'J10': 13, 'J11': 32, 'J12': 21, 'J13': 28, 'cluster3106249630_3106249631_J60_J61_#5more': 36}, {'J10': 18, 'J11': 48, 'J12': 78, 'J13': 44, 'cluster3106249630_3106249631_J60_J61_#5more': 71}, 
2390.0, {'J10': -47397.5, 'J11': -204726.0, 'J12': -140556.5, 'J13': -40241.0, 'cluster3106249630_3106249631_J60_J61_#5more': -231980.5}, {'J10': 13, 'J11': 32, 'J12': 21, 'J13': 28, 'cluster3106249630_3106249631_J60_J61_#5more': 36}, {'J10': 18, 'J11': 48, 'J12': 81, 'J13': 44, 'cluster3106249630_3106249631_J60_J61_#5more': 71}, 
2395.0, {'J10': -47577.5, 'J11': -205206.0, 'J12': -141378.5, 'J13': -40681.0, 'cluster3106249630_3106249631_J60_J61_#5more': -232690.5}, {'J10': 13, 'J11': 32, 'J12': 21, 'J13': 28, 'cluster3106249630_3106249631_J60_J61_#5more': 36}, {'J10': 18, 'J11': 48, 'J12': 84, 'J13': 44, 'cluster3106249630_3106249631_J60_J61_#5more': 71}, 
2400.0, {'J10': -47757.5, 'J11': -205686.0, 'J12': -141295.5, 'J13': -41121.0, 'cluster3106249630_3106249631_J60_J61_#5more': -233400.5}, {'J10': 13, 'J11': 32, 'J12': 21, 'J13': 28, 'cluster3106249630_3106249631_J60_J61_#5more': 36}, {'J10': 18, 'J11': 48, 'J12': 83, 'J13': 44, 'cluster3106249630_3106249631_J60_J61_#5more': 71}, 
2405.0, {'J10': -47937.5, 'J11': -206166.0, 'J12': -142126.0, 'J13': -41561.0, 'cluster3106249630_3106249631_J60_J61_#5more': -234110.5}, {'J10': 13, 'J11': 32, 'J12': 21, 'J13': 28, 'cluster3106249630_3106249631_J60_J61_#5more': 36}, {'J10': 18, 'J11': 48, 'J12': 84, 'J13': 44, 'cluster3106249630_3106249631_J60_J61_#5more': 71}, 
2410.0, {'J10': -48117.5, 'J11': -206646.0, 'J12': -142968.5, 'J13': -42001.0, 'cluster3106249630_3106249631_J60_J61_#5more': -234749.0}, {'J10': 13, 'J11': 32, 'J12': 21, 'J13': 28, 'cluster3106249630_3106249631_J60_J61_#5more': 36}, {'J10': 18, 'J11': 48, 'J12': 85, 'J13': 44, 'cluster3106249630_3106249631_J60_J61_#5more': 70}, 
2415.0, {'J10': -48297.5, 'J11': -207126.0, 'J12': -143802.0, 'J13': -42441.0, 'cluster3106249630_3106249631_J60_J61_#5more': -233789.0}, {'J10': 13, 'J11': 32, 'J12': 21, 'J13': 28, 'cluster3106249630_3106249631_J60_J61_#5more': 36}, {'J10': 18, 'J11': 48, 'J12': 85, 'J13': 44, 'cluster3106249630_3106249631_J60_J61_#5more': 70}, 
2420.0, {'J10': -48477.5, 'J11': -207606.0, 'J12': -144633.0, 'J13': -38659.5, 'cluster3106249630_3106249631_J60_J61_#5more': -234491.0}, {'J10': 13, 'J11': 32, 'J12': 21, 'J13': 25, 'cluster3106249630_3106249631_J60_J61_#5more': 36}, {'J10': 18, 'J11': 48, 'J12': 85, 'J13': 38, 'cluster3106249630_3106249631_J60_J61_#5more': 71}, 
2425.0, {'J10': -48657.5, 'J11': -208086.0, 'J12': -145483.0, 'J13': -38915.5, 'cluster3106249630_3106249631_J60_J61_#5more': -235206.0}, {'J10': 13, 'J11': 32, 'J12': 21, 'J13': 25, 'cluster3106249630_3106249631_J60_J61_#5more': 36}, {'J10': 18, 'J11': 48, 'J12': 85, 'J13': 37, 'cluster3106249630_3106249631_J60_J61_#5more': 73}, 
2430.0, {'J10': -48837.5, 'J11': -208566.0, 'J12': -146333.0, 'J13': -39291.5, 'cluster3106249630_3106249631_J60_J61_#5more': -235945.0}, {'J10': 13, 'J11': 32, 'J12': 21, 'J13': 25, 'cluster3106249630_3106249631_J60_J61_#5more': 36}, {'J10': 18, 'J11': 48, 'J12': 85, 'J13': 39, 'cluster3106249630_3106249631_J60_J61_#5more': 76}, 
2435.0, {'J10': -49017.5, 'J11': -209048.5, 'J12': -147183.0, 'J13': -39681.5, 'cluster3106249630_3106249631_J60_J61_#5more': -236517.0}, {'J10': 13, 'J11': 32, 'J12': 21, 'J13': 25, 'cluster3106249630_3106249631_J60_J61_#5more': 36}, {'J10': 18, 'J11': 49, 'J12': 85, 'J13': 39, 'cluster3106249630_3106249631_J60_J61_#5more': 73}, 
2440.0, {'J10': -49197.5, 'J11': -209543.0, 'J12': -148033.0, 'J13': -40073.0, 'cluster3106249630_3106249631_J60_J61_#5more': -237019.5}, {'J10': 13, 'J11': 32, 'J12': 21, 'J13': 26, 'cluster3106249630_3106249631_J60_J61_#5more': 36}, {'J10': 18, 'J11': 50, 'J12': 85, 'J13': 40, 'cluster3106249630_3106249631_J60_J61_#5more': 68}, 
2445.0, {'J10': -49377.5, 'J11': -210045.5, 'J12': -144307.0, 'J13': -40481.5, 'cluster3106249630_3106249631_J60_J61_#5more': -237673.5}, {'J10': 13, 'J11': 32, 'J12': 21, 'J13': 28, 'cluster3106249630_3106249631_J60_J61_#5more': 36}, {'J10': 18, 'J11': 51, 'J12': 80, 'J13': 42, 'cluster3106249630_3106249631_J60_J61_#5more': 68}, 
2450.0, {'J10': -49559.0, 'J11': -210555.5, 'J12': -145134.0, 'J13': -40901.5, 'cluster3106249630_3106249631_J60_J61_#5more': -238357.5}, {'J10': 13, 'J11': 32, 'J12': 21, 'J13': 28, 'cluster3106249630_3106249631_J60_J61_#5more': 36}, {'J10': 19, 'J11': 51, 'J12': 81, 'J13': 42, 'cluster3106249630_3106249631_J60_J61_#5more': 70}, 
2455.0, {'J10': -49737.5, 'J11': -210988.5, 'J12': -145922.5, 'J13': -41321.5, 'cluster3106249630_3106249631_J60_J61_#5more': -239061.0}, {'J10': 13, 'J11': 32, 'J12': 21, 'J13': 28, 'cluster3106249630_3106249631_J60_J61_#5more': 36}, {'J10': 18, 'J11': 49, 'J12': 81, 'J13': 42, 'cluster3106249630_3106249631_J60_J61_#5more': 71}, 
2460.0, {'J10': -49917.5, 'J11': -211479.5, 'J12': -146749.0, 'J13': -41741.5, 'cluster3106249630_3106249631_J60_J61_#5more': -239620.5}, {'J10': 13, 'J11': 32, 'J12': 21, 'J13': 28, 'cluster3106249630_3106249631_J60_J61_#5more': 36}, {'J10': 18, 'J11': 50, 'J12': 85, 'J13': 42, 'cluster3106249630_3106249631_J60_J61_#5more': 70}, 
2465.0, {'J10': -50097.5, 'J11': -211979.5, 'J12': -147599.0, 'J13': -42161.5, 'cluster3106249630_3106249631_J60_J61_#5more': -240320.5}, {'J10': 13, 'J11': 32, 'J12': 21, 'J13': 28, 'cluster3106249630_3106249631_J60_J61_#5more': 36}, {'J10': 18, 'J11': 50, 'J12': 85, 'J13': 42, 'cluster3106249630_3106249631_J60_J61_#5more': 70}, 
2470.0, {'J10': -50277.5, 'J11': -212427.0, 'J12': -148449.0, 'J13': -42581.5, 'cluster3106249630_3106249631_J60_J61_#5more': -241020.5}, {'J10': 13, 'J11': 32, 'J12': 21, 'J13': 28, 'cluster3106249630_3106249631_J60_J61_#5more': 36}, {'J10': 18, 'J11': 49, 'J12': 85, 'J13': 42, 'cluster3106249630_3106249631_J60_J61_#5more': 70}, 
2475.0, {'J10': -50457.5, 'J11': -212887.5, 'J12': -149299.0, 'J13': -43001.5, 'cluster3106249630_3106249631_J60_J61_#5more': -241720.5}, {'J10': 13, 'J11': 32, 'J12': 21, 'J13': 28, 'cluster3106249630_3106249631_J60_J61_#5more': 36}, {'J10': 18, 'J11': 49, 'J12': 85, 'J13': 42, 'cluster3106249630_3106249631_J60_J61_#5more': 70}, 
2480.0, {'J10': -50637.5, 'J11': -213366.0, 'J12': -150149.0, 'J13': -43421.5, 'cluster3106249630_3106249631_J60_J61_#5more': -239234.5}, {'J10': 13, 'J11': 32, 'J12': 21, 'J13': 28, 'cluster3106249630_3106249631_J60_J61_#5more': 36}, {'J10': 18, 'J11': 48, 'J12': 85, 'J13': 42, 'cluster3106249630_3106249631_J60_J61_#5more': 68}, 
2485.0, {'J10': -50817.5, 'J11': -213846.0, 'J12': -150999.0, 'J13': -40731.0, 'cluster3106249630_3106249631_J60_J61_#5more': -239919.0}, {'J10': 13, 'J11': 32, 'J12': 21, 'J13': 26, 'cluster3106249630_3106249631_J60_J61_#5more': 36}, {'J10': 18, 'J11': 48, 'J12': 85, 'J13': 38, 'cluster3106249630_3106249631_J60_J61_#5more': 70}, 
2490.0, {'J10': -50997.5, 'J11': -214326.0, 'J12': -151849.0, 'J13': -38862.5, 'cluster3106249630_3106249631_J60_J61_#5more': -240623.5}, {'J10': 13, 'J11': 32, 'J12': 21, 'J13': 24, 'cluster3106249630_3106249631_J60_J61_#5more': 36}, {'J10': 18, 'J11': 48, 'J12': 85, 'J13': 35, 'cluster3106249630_3106249631_J60_J61_#5more': 71}, 
2495.0, {'J10': -51177.5, 'J11': -214809.5, 'J12': -152699.0, 'J13': -39215.5, 'cluster3106249630_3106249631_J60_J61_#5more': -241335.5}, {'J10': 13, 'J11': 32, 'J12': 21, 'J13': 24, 'cluster3106249630_3106249631_J60_J61_#5more': 36}, {'J10': 18, 'J11': 50, 'J12': 85, 'J13': 37, 'cluster3106249630_3106249631_J60_J61_#5more': 72}, 
2500.0, {'J10': -51357.5, 'J11': -215309.5, 'J12': -153549.0, 'J13': -39585.5, 'cluster3106249630_3106249631_J60_J61_#5more': -242062.5}, {'J10': 13, 'J11': 32, 'J12': 21, 'J13': 24, 'cluster3106249630_3106249631_J60_J61_#5more': 36}, {'J10': 18, 'J11': 50, 'J12': 85, 'J13': 37, 'cluster3106249630_3106249631_J60_J61_#5more': 74}, 
2505.0, {'J10': -51537.5, 'J11': -215789.0, 'J12': -154399.0, 'J13': -39955.5, 'cluster3106249630_3106249631_J60_J61_#5more': -242802.5}, {'J10': 13, 'J11': 32, 'J12': 21, 'J13': 24, 'cluster3106249630_3106249631_J60_J61_#5more': 36}, {'J10': 18, 'J11': 50, 'J12': 85, 'J13': 37, 'cluster3106249630_3106249631_J60_J61_#5more': 74}, 
2510.0, {'J10': -51717.5, 'J11': -216246.0, 'J12': -150931.5, 'J13': -40336.0, 'cluster3106249630_3106249631_J60_J61_#5more': -243315.0}, {'J10': 13, 'J11': 32, 'J12': 21, 'J13': 27, 'cluster3106249630_3106249631_J60_J61_#5more': 36}, {'J10': 18, 'J11': 48, 'J12': 79, 'J13': 40, 'cluster3106249630_3106249631_J60_J61_#5more': 71}, 
2515.0, {'J10': -51897.5, 'J11': -216726.0, 'J12': -151753.5, 'J13': -40740.5, 'cluster3106249630_3106249631_J60_J61_#5more': -243763.0}, {'J10': 13, 'J11': 32, 'J12': 21, 'J13': 28, 'cluster3106249630_3106249631_J60_J61_#5more': 36}, {'J10': 18, 'J11': 48, 'J12': 80, 'J13': 41, 'cluster3106249630_3106249631_J60_J61_#5more': 67}, 
2520.0, {'J10': -52077.5, 'J11': -217206.0, 'J12': -152554.5, 'J13': -41150.5, 'cluster3106249630_3106249631_J60_J61_#5more': -244299.5}, {'J10': 13, 'J11': 32, 'J12': 21, 'J13': 28, 'cluster3106249630_3106249631_J60_J61_#5more': 36}, {'J10': 18, 'J11': 48, 'J12': 81, 'J13': 41, 'cluster3106249630_3106249631_J60_J61_#5more': 66}, 
2525.0, {'J10': -52257.5, 'J11': -217686.0, 'J12': -153380.5, 'J13': -41560.5, 'cluster3106249630_3106249631_J60_J61_#5more': -244960.5}, {'J10': 13, 'J11': 32, 'J12': 21, 'J13': 28, 'cluster3106249630_3106249631_J60_J61_#5more': 36}, {'J10': 18, 'J11': 48, 'J12': 85, 'J13': 41, 'cluster3106249630_3106249631_J60_J61_#5more': 67}, 
2530.0, {'J10': -52437.5, 'J11': -218166.0, 'J12': -154230.5, 'J13': -41970.5, 'cluster3106249630_3106249631_J60_J61_#5more': -245643.0}, {'J10': 13, 'J11': 32, 'J12': 21, 'J13': 28, 'cluster3106249630_3106249631_J60_J61_#5more': 36}, {'J10': 18, 'J11': 48, 'J12': 85, 'J13': 41, 'cluster3106249630_3106249631_J60_J61_#5more': 70}, 
2535.0, {'J10': -52617.5, 'J11': -218646.0, 'J12': -155060.5, 'J13': -42380.5, 'cluster3106249630_3106249631_J60_J61_#5more': -246343.0}, {'J10': 13, 'J11': 32, 'J12': 21, 'J13': 28, 'cluster3106249630_3106249631_J60_J61_#5more': 36}, {'J10': 18, 'J11': 48, 'J12': 85, 'J13': 41, 'cluster3106249630_3106249631_J60_J61_#5more': 70}, 
2540.0, {'J10': -52797.5, 'J11': -219126.0, 'J12': -155910.5, 'J13': -42790.5, 'cluster3106249630_3106249631_J60_J61_#5more': -247043.0}, {'J10': 13, 'J11': 32, 'J12': 21, 'J13': 28, 'cluster3106249630_3106249631_J60_J61_#5more': 36}, {'J10': 18, 'J11': 48, 'J12': 85, 'J13': 41, 'cluster3106249630_3106249631_J60_J61_#5more': 70}, 
2545.0, {'J10': -52977.5, 'J11': -219606.0, 'J12': -154979.0, 'J13': -43200.5, 'cluster3106249630_3106249631_J60_J61_#5more': -246346.5}, {'J10': 13, 'J11': 32, 'J12': 21, 'J13': 28, 'cluster3106249630_3106249631_J60_J61_#5more': 36}, {'J10': 18, 'J11': 48, 'J12': 83, 'J13': 41, 'cluster3106249630_3106249631_J60_J61_#5more': 72}, 
2550.0, {'J10': -53157.5, 'J11': -220088.0, 'J12': -155217.5, 'J13': -39632.5, 'cluster3106249630_3106249631_J60_J61_#5more': -247067.5}, {'J10': 13, 'J11': 32, 'J12': 21, 'J13': 25, 'cluster3106249630_3106249631_J60_J61_#5more': 36}, {'J10': 18, 'J11': 49, 'J12': 82, 'J13': 36, 'cluster3106249630_3106249631_J60_J61_#5more': 73}, 
2555.0, {'J10': -53337.5, 'J11': -220578.0, 'J12': -156037.5, 'J13': -38497.0, 'cluster3106249630_3106249631_J60_J61_#5more': -247797.5}, {'J10': 13, 'J11': 32, 'J12': 21, 'J13': 24, 'cluster3106249630_3106249631_J60_J61_#5more': 36}, {'J10': 18, 'J11': 49, 'J12': 82, 'J13': 34, 'cluster3106249630_3106249631_J60_J61_#5more': 73}, 
2560.0, {'J10': -53517.5, 'J11': -221068.0, 'J12': -156207.5, 'J13': -38839.5, 'cluster3106249630_3106249631_J60_J61_#5more': -248320.0}, {'J10': 13, 'J11': 32, 'J12': 21, 'J13': 24, 'cluster3106249630_3106249631_J60_J61_#5more': 36}, {'J10': 18, 'J11': 49, 'J12': 82, 'J13': 35, 'cluster3106249630_3106249631_J60_J61_#5more': 69}, 
2565.0, {'J10': -53697.5, 'J11': -221558.0, 'J12': -157027.5, 'J13': -39189.5, 'cluster3106249630_3106249631_J60_J61_#5more': -249010.0}, {'J10': 13, 'J11': 32, 'J12': 21, 'J13': 24, 'cluster3106249630_3106249631_J60_J61_#5more': 36}, {'J10': 18, 'J11': 49, 'J12': 82, 'J13': 35, 'cluster3106249630_3106249631_J60_J61_#5more': 69}, 
2570.0, {'J10': -53877.5, 'J11': -222049.5, 'J12': -157848.0, 'J13': -39539.5, 'cluster3106249630_3106249631_J60_J61_#5more': -249700.0}, {'J10': 13, 'J11': 32, 'J12': 21, 'J13': 24, 'cluster3106249630_3106249631_J60_J61_#5more': 36}, {'J10': 18, 'J11': 50, 'J12': 83, 'J13': 35, 'cluster3106249630_3106249631_J60_J61_#5more': 69}, 
2575.0, {'J10': -54057.5, 'J11': -222549.5, 'J12': -157573.0, 'J13': -39898.0, 'cluster3106249630_3106249631_J60_J61_#5more': -250390.0}, {'J10': 13, 'J11': 32, 'J12': 21, 'J13': 27, 'cluster3106249630_3106249631_J60_J61_#5more': 36}, {'J10': 18, 'J11': 50, 'J12': 80, 'J13': 38, 'cluster3106249630_3106249631_J60_J61_#5more': 69}, 
2580.0, {'J10': -54238.5, 'J11': -223058.0, 'J12': -157624.5, 'J13': -40281.0, 'cluster3106249630_3106249631_J60_J61_#5more': -251080.0}, {'J10': 13, 'J11': 32, 'J12': 21, 'J13': 28, 'cluster3106249630_3106249631_J60_J61_#5more': 36}, {'J10': 19, 'J11': 52, 'J12': 78, 'J13': 39, 'cluster3106249630_3106249631_J60_J61_#5more': 69}, 
2585.0, {'J10': -54417.5, 'J11': -223578.0, 'J12': -158409.5, 'J13': -40671.0, 'cluster3106249630_3106249631_J60_J61_#5more': -251772.0}, {'J10': 13, 'J11': 32, 'J12': 21, 'J13': 28, 'cluster3106249630_3106249631_J60_J61_#5more': 36}, {'J10': 18, 'J11': 52, 'J12': 80, 'J13': 39, 'cluster3106249630_3106249631_J60_J61_#5more': 70}, 
2590.0, {'J10': -54597.5, 'J11': -224031.5, 'J12': -159223.0, 'J13': -41061.0, 'cluster3106249630_3106249631_J60_J61_#5more': -252341.0}, {'J10': 13, 'J11': 32, 'J12': 21, 'J13': 28, 'cluster3106249630_3106249631_J60_J61_#5more': 36}, {'J10': 18, 'J11': 50, 'J12': 84, 'J13': 39, 'cluster3106249630_3106249631_J60_J61_#5more': 69}, 
2595.0, {'J10': -54777.5, 'J11': -224503.0, 'J12': -159054.5, 'J13': -41451.0, 'cluster3106249630_3106249631_J60_J61_#5more': -252897.0}, {'J10': 13, 'J11': 32, 'J12': 21, 'J13': 28, 'cluster3106249630_3106249631_J60_J61_#5more': 36}, {'J10': 18, 'J11': 50, 'J12': 84, 'J13': 39, 'cluster3106249630_3106249631_J60_J61_#5more': 68}, 
2600.0, {'J10': -54957.5, 'J11': -224988.0, 'J12': -158532.5, 'J13': -41841.0, 'cluster3106249630_3106249631_J60_J61_#5more': -253577.0}, {'J10': 13, 'J11': 32, 'J12': 21, 'J13': 28, 'cluster3106249630_3106249631_J60_J61_#5more': 36}, {'J10': 18, 'J11': 49, 'J12': 81, 'J13': 39, 'cluster3106249630_3106249631_J60_J61_#5more': 68}, 
2605.0, {'J10': -55137.5, 'J11': -225478.0, 'J12': -158039.0, 'J13': -42231.0, 'cluster3106249630_3106249631_J60_J61_#5more': -254061.5}, {'J10': 13, 'J11': 32, 'J12': 21, 'J13': 28, 'cluster3106249630_3106249631_J60_J61_#5more': 36}, {'J10': 18, 'J11': 49, 'J12': 79, 'J13': 39, 'cluster3106249630_3106249631_J60_J61_#5more': 66}, 
2610.0, {'J10': -55317.5, 'J11': -225968.0, 'J12': -158832.0, 'J13': -42621.0, 'cluster3106249630_3106249631_J60_J61_#5more': -253192.5}, {'J10': 13, 'J11': 32, 'J12': 21, 'J13': 28, 'cluster3106249630_3106249631_J60_J61_#5more': 36}, {'J10': 18, 'J11': 49, 'J12': 81, 'J13': 39, 'cluster3106249630_3106249631_J60_J61_#5more': 67}, 
2615.0, {'J10': -55497.5, 'J11': -226458.0, 'J12': -158730.5, 'J13': -40040.5, 'cluster3106249630_3106249631_J60_J61_#5more': -253870.5}, {'J10': 13, 'J11': 32, 'J12': 21, 'J13': 26, 'cluster3106249630_3106249631_J60_J61_#5more': 36}, {'J10': 18, 'J11': 49, 'J12': 81, 'J13': 35, 'cluster3106249630_3106249631_J60_J61_#5more': 70}, 
2620.0, {'J10': -55677.5, 'J11': -226948.0, 'J12': -159542.5, 'J13': -38134.5, 'cluster3106249630_3106249631_J60_J61_#5more': -254529.0}, {'J10': 13, 'J11': 32, 'J12': 21, 'J13': 24, 'cluster3106249630_3106249631_J60_J61_#5more': 36}, {'J10': 18, 'J11': 49, 'J12': 82, 'J13': 32, 'cluster3106249630_3106249631_J60_J61_#5more': 68}, 
2625.0, {'J10': -55857.5, 'J11': -227438.0, 'J12': -160362.5, 'J13': -38460.5, 'cluster3106249630_3106249631_J60_J61_#5more': -255186.5}, {'J10': 13, 'J11': 32, 'J12': 21, 'J13': 24, 'cluster3106249630_3106249631_J60_J61_#5more': 36}, {'J10': 18, 'J11': 49, 'J12': 82, 'J13': 34, 'cluster3106249630_3106249631_J60_J61_#5more': 68}, 
2630.0, {'J10': -56037.5, 'J11': -227928.0, 'J12': -161183.0, 'J13': -38800.5, 'cluster3106249630_3106249631_J60_J61_#5more': -255869.5}, {'J10': 13, 'J11': 32, 'J12': 21, 'J13': 24, 'cluster3106249630_3106249631_J60_J61_#5more': 36}, {'J10': 18, 'J11': 49, 'J12': 83, 'J13': 34, 'cluster3106249630_3106249631_J60_J61_#5more': 70}, 
2635.0, {'J10': -56222.0, 'J11': -228419.5, 'J12': -162013.0, 'J13': -39141.0, 'cluster3106249630_3106249631_J60_J61_#5more': -256569.5}, {'J10': 13, 'J11': 32, 'J12': 21, 'J13': 25, 'cluster3106249630_3106249631_J60_J61_#5more': 36}, {'J10': 19, 'J11': 50, 'J12': 83, 'J13': 35, 'cluster3106249630_3106249631_J60_J61_#5more': 70}, 
2640.0, {'J10': -56412.0, 'J11': -228923.5, 'J12': -158796.0, 'J13': -39497.0, 'cluster3106249630_3106249631_J60_J61_#5more': -257269.5}, {'J10': 13, 'J11': 32, 'J12': 21, 'J13': 27, 'cluster3106249630_3106249631_J60_J61_#5more': 36}, {'J10': 19, 'J11': 51, 'J12': 78, 'J13': 37, 'cluster3106249630_3106249631_J60_J61_#5more': 70}, 
2645.0, {'J10': -56577.5, 'J11': -229435.5, 'J12': -159202.0, 'J13': -39871.5, 'cluster3106249630_3106249631_J60_J61_#5more': -257969.5}, {'J10': 13, 'J11': 32, 'J12': 21, 'J13': 28, 'cluster3106249630_3106249631_J60_J61_#5more': 36}, {'J10': 18, 'J11': 52, 'J12': 77, 'J13': 38, 'cluster3106249630_3106249631_J60_J61_#5more': 70}, 
2650.0, {'J10': -56758.0, 'J11': -229967.5, 'J12': -159972.5, 'J13': -40251.5, 'cluster3106249630_3106249631_J60_J61_#5more': -258669.5}, {'J10': 13, 'J11': 32, 'J12': 21, 'J13': 28, 'cluster3106249630_3106249631_J60_J61_#5more': 36}, {'J10': 19, 'J11': 56, 'J12': 78, 'J13': 38, 'cluster3106249630_3106249631_J60_J61_#5more': 70}, 
2655.0, {'J10': -56948.0, 'J11': -230488.5, 'J12': -160768.0, 'J13': -40631.5, 'cluster3106249630_3106249631_J60_J61_#5more': -259369.5}, {'J10': 13, 'J11': 32, 'J12': 21, 'J13': 28, 'cluster3106249630_3106249631_J60_J61_#5more': 36}, {'J10': 19, 'J11': 53, 'J12': 82, 'J13': 38, 'cluster3106249630_3106249631_J60_J61_#5more': 70}, 
2660.0, {'J10': -57138.0, 'J11': -231018.5, 'J12': -161588.0, 'J13': -41011.5, 'cluster3106249630_3106249631_J60_J61_#5more': -259977.0}, {'J10': 13, 'J11': 32, 'J12': 21, 'J13': 28, 'cluster3106249630_3106249631_J60_J61_#5more': 36}, {'J10': 19, 'J11': 53, 'J12': 82, 'J13': 38, 'cluster3106249630_3106249631_J60_J61_#5more': 69}, 
2665.0, {'J10': -57328.0, 'J11': -231551.5, 'J12': -162408.0, 'J13': -41391.5, 'cluster3106249630_3106249631_J60_J61_#5more': -260667.0}, {'J10': 13, 'J11': 32, 'J12': 21, 'J13': 28, 'cluster3106249630_3106249631_J60_J61_#5more': 36}, {'J10': 19, 'J11': 54, 'J12': 82, 'J13': 38, 'cluster3106249630_3106249631_J60_J61_#5more': 69}, 
2670.0, {'J10': -57518.0, 'J11': -232091.5, 'J12': -163228.0, 'J13': -41771.5, 'cluster3106249630_3106249631_J60_J61_#5more': -261360.5}, {'J10': 13, 'J11': 32, 'J12': 21, 'J13': 28, 'cluster3106249630_3106249631_J60_J61_#5more': 36}, {'J10': 19, 'J11': 54, 'J12': 82, 'J13': 38, 'cluster3106249630_3106249631_J60_J61_#5more': 70}, 
2675.0, {'J10': -57708.0, 'J11': -232631.5, 'J12': -164048.0, 'J13': -42151.5, 'cluster3106249630_3106249631_J60_J61_#5more': -261847.5}, {'J10': 13, 'J11': 32, 'J12': 21, 'J13': 28, 'cluster3106249630_3106249631_J60_J61_#5more': 36}, {'J10': 19, 'J11': 54, 'J12': 82, 'J13': 38, 'cluster3106249630_3106249631_J60_J61_#5more': 68}, 
2680.0, {'J10': -57898.0, 'J11': -233171.5, 'J12': -164868.0, 'J13': -39067.5, 'cluster3106249630_3106249631_J60_J61_#5more': -260906.5}, {'J10': 13, 'J11': 32, 'J12': 21, 'J13': 25, 'cluster3106249630_3106249631_J60_J61_#5more': 36}, {'J10': 19, 'J11': 54, 'J12': 82, 'J13': 33, 'cluster3106249630_3106249631_J60_J61_#5more': 67}, 
2685.0, {'J10': -58088.0, 'J11': -233715.0, 'J12': -165688.0, 'J13': -38387.0, 'cluster3106249630_3106249631_J60_J61_#5more': -261577.5}, {'J10': 13, 'J11': 32, 'J12': 21, 'J13': 24, 'cluster3106249630_3106249631_J60_J61_#5more': 36}, {'J10': 19, 'J11': 55, 'J12': 82, 'J13': 32, 'cluster3106249630_3106249631_J60_J61_#5more': 68}, 
2690.0, {'J10': -58278.0, 'J11': -234251.5, 'J12': -166508.0, 'J13': -38714.0, 'cluster3106249630_3106249631_J60_J61_#5more': -262093.0}, {'J10': 13, 'J11': 32, 'J12': 21, 'J13': 24, 'cluster3106249630_3106249631_J60_J61_#5more': 36}, {'J10': 19, 'J11': 54, 'J12': 82, 'J13': 34, 'cluster3106249630_3106249631_J60_J61_#5more': 66}, 
2695.0, {'J10': -58468.5, 'J11': -234791.5, 'J12': -167328.0, 'J13': -39054.0, 'cluster3106249630_3106249631_J60_J61_#5more': -262732.0}, {'J10': 13, 'J11': 32, 'J12': 21, 'J13': 24, 'cluster3106249630_3106249631_J60_J61_#5more': 36}, {'J10': 20, 'J11': 54, 'J12': 82, 'J13': 34, 'cluster3106249630_3106249631_J60_J61_#5more': 65}, 
2700.0, {'J10': -58668.5, 'J11': -235331.5, 'J12': -168148.0, 'J13': -39394.0, 'cluster3106249630_3106249631_J60_J61_#5more': -263382.0}, {'J10': 13, 'J11': 32, 'J12': 21, 'J13': 24, 'cluster3106249630_3106249631_J60_J61_#5more': 36}, {'J10': 20, 'J11': 54, 'J12': 82, 'J13': 34, 'cluster3106249630_3106249631_J60_J61_#5more': 65}, 
2705.0, {'J10': -58868.5, 'J11': -235871.5, 'J12': -163338.0, 'J13': -39742.5, 'cluster3106249630_3106249631_J60_J61_#5more': -264032.0}, {'J10': 13, 'J11': 32, 'J12': 21, 'J13': 27, 'cluster3106249630_3106249631_J60_J61_#5more': 36}, {'J10': 20, 'J11': 54, 'J12': 76, 'J13': 37, 'cluster3106249630_3106249631_J60_J61_#5more': 65}, 
2710.0, {'J10': -58948.0, 'J11': -236411.5, 'J12': -163724.5, 'J13': -40117.5, 'cluster3106249630_3106249631_J60_J61_#5more': -264682.0}, {'J10': 13, 'J11': 32, 'J12': 21, 'J13': 28, 'cluster3106249630_3106249631_J60_J61_#5more': 36}, {'J10': 19, 'J11': 54, 'J12': 75, 'J13': 38, 'cluster3106249630_3106249631_J60_J61_#5more': 65}, 
2715.0, {'J10': -59098.0, 'J11': -236951.5, 'J12': -164475.5, 'J13': -40497.5, 'cluster3106249630_3106249631_J60_J61_#5more': -265337.5}, {'J10': 13, 'J11': 32, 'J12': 21, 'J13': 28, 'cluster3106249630_3106249631_J60_J61_#5more': 36}, {'J10': 19, 'J11': 54, 'J12': 77, 'J13': 38, 'cluster3106249630_3106249631_J60_J61_#5more': 68}, 
2720.0, {'J10': -59290.5, 'J11': -237491.5, 'J12': -165275.0, 'J13': -40877.5, 'cluster3106249630_3106249631_J60_J61_#5more': -266018.5}, {'J10': 13, 'J11': 32, 'J12': 21, 'J13': 28, 'cluster3106249630_3106249631_J60_J61_#5more': 36}, {'J10': 20, 'J11': 54, 'J12': 85, 'J13': 38, 'cluster3106249630_3106249631_J60_J61_#5more': 69}, 
2725.0, {'J10': -59490.5, 'J11': -238031.5, 'J12': -164961.5, 'J13': -41257.5, 'cluster3106249630_3106249631_J60_J61_#5more': -266708.5}, {'J10': 13, 'J11': 32, 'J12': 21, 'J13': 28, 'cluster3106249630_3106249631_J60_J61_#5more': 36}, {'J10': 20, 'J11': 54, 'J12': 83, 'J13': 38, 'cluster3106249630_3106249631_J60_J61_#5more': 69}, 
2730.0, {'J10': -59690.5, 'J11': -238571.5, 'J12': -165770.5, 'J13': -41637.5, 'cluster3106249630_3106249631_J60_J61_#5more': -267398.5}, {'J10': 13, 'J11': 32, 'J12': 21, 'J13': 28, 'cluster3106249630_3106249631_J60_J61_#5more': 36}, {'J10': 20, 'J11': 54, 'J12': 82, 'J13': 38, 'cluster3106249630_3106249631_J60_J61_#5more': 69}, 
2735.0, {'J10': -59890.5, 'J11': -239111.5, 'J12': -166591.0, 'J13': -42017.5, 'cluster3106249630_3106249631_J60_J61_#5more': -268088.5}, {'J10': 13, 'J11': 32, 'J12': 21, 'J13': 28, 'cluster3106249630_3106249631_J60_J61_#5more': 36}, {'J10': 20, 'J11': 54, 'J12': 83, 'J13': 38, 'cluster3106249630_3106249631_J60_J61_#5more': 69}, 
2740.0, {'J10': -60090.5, 'J11': -239651.5, 'J12': -167421.0, 'J13': -42397.5, 'cluster3106249630_3106249631_J60_J61_#5more': -267048.0}, {'J10': 13, 'J11': 32, 'J12': 21, 'J13': 28, 'cluster3106249630_3106249631_J60_J61_#5more': 36}, {'J10': 20, 'J11': 54, 'J12': 83, 'J13': 38, 'cluster3106249630_3106249631_J60_J61_#5more': 69}, 
2745.0, {'J10': -60290.5, 'J11': -240191.5, 'J12': -168251.5, 'J13': -40416.0, 'cluster3106249630_3106249631_J60_J61_#5more': -267740.0}, {'J10': 13, 'J11': 32, 'J12': 21, 'J13': 26, 'cluster3106249630_3106249631_J60_J61_#5more': 36}, {'J10': 20, 'J11': 54, 'J12': 84, 'J13': 35, 'cluster3106249630_3106249631_J60_J61_#5more': 70}, 
2750.0, {'J10': -60490.5, 'J11': -240731.5, 'J12': -169091.5, 'J13': -38765.5, 'cluster3106249630_3106249631_J60_J61_#5more': -268332.0}, {'J10': 13, 'J11': 32, 'J12': 21, 'J13': 24, 'cluster3106249630_3106249631_J60_J61_#5more': 36}, {'J10': 20, 'J11': 54, 'J12': 84, 'J13': 32, 'cluster3106249630_3106249631_J60_J61_#5more': 67}, 
2755.0, {'J10': -60690.5, 'J11': -241275.5, 'J12': -169911.0, 'J13': -39092.0, 'cluster3106249630_3106249631_J60_J61_#5more': -269002.0}, {'J10': 13, 'J11': 32, 'J12': 21, 'J13': 24, 'cluster3106249630_3106249631_J60_J61_#5more': 36}, {'J10': 20, 'J11': 55, 'J12': 83, 'J13': 34, 'cluster3106249630_3106249631_J60_J61_#5more': 67}, 
2760.0, {'J10': -60890.5, 'J11': -241829.5, 'J12': -170741.0, 'J13': -39432.0, 'cluster3106249630_3106249631_J60_J61_#5more': -269673.0}, {'J10': 13, 'J11': 32, 'J12': 21, 'J13': 24, 'cluster3106249630_3106249631_J60_J61_#5more': 36}, {'J10': 20, 'J11': 56, 'J12': 83, 'J13': 34, 'cluster3106249630_3106249631_J60_J61_#5more': 68}, 
2765.0, {'J10': -61090.5, 'J11': -242398.0, 'J12': -171571.0, 'J13': -39772.0, 'cluster3106249630_3106249631_J60_J61_#5more': -270358.0}, {'J10': 13, 'J11': 32, 'J12': 21, 'J13': 24, 'cluster3106249630_3106249631_J60_J61_#5more': 36}, {'J10': 20, 'J11': 59, 'J12': 83, 'J13': 34, 'cluster3106249630_3106249631_J60_J61_#5more': 69}, 
2770.0, {'J10': -61290.5, 'J11': -242988.5, 'J12': -166740.0, 'J13': -40126.5, 'cluster3106249630_3106249631_J60_J61_#5more': -270937.0}, {'J10': 13, 'J11': 32, 'J12': 21, 'J13': 28, 'cluster3106249630_3106249631_J60_J61_#5more': 36}, {'J10': 20, 'J11': 60, 'J12': 77, 'J13': 38, 'cluster3106249630_3106249631_J60_J61_#5more': 68}, 
2775.0, {'J10': -61371.5, 'J11': -243510.5, 'J12': -167136.0, 'J13': -40506.5, 'cluster3106249630_3106249631_J60_J61_#5more': -271495.5}, {'J10': 13, 'J11': 32, 'J12': 21, 'J13': 28, 'cluster3106249630_3106249631_J60_J61_#5more': 36}, {'J10': 21, 'J11': 58, 'J12': 76, 'J13': 38, 'cluster3106249630_3106249631_J60_J61_#5more': 67}, 
2780.0, {'J10': -61439.0, 'J11': -244090.5, 'J12': -167897.0, 'J13': -40886.5, 'cluster3106249630_3106249631_J60_J61_#5more': -272044.5}, {'J10': 13, 'J11': 32, 'J12': 21, 'J13': 28, 'cluster3106249630_3106249631_J60_J61_#5more': 36}, {'J10': 19, 'J11': 58, 'J12': 78, 'J13': 38, 'cluster3106249630_3106249631_J60_J61_#5more': 66}, 
2785.0, {'J10': -61632.5, 'J11': -244587.5, 'J12': -168688.5, 'J13': -41266.5, 'cluster3106249630_3106249631_J60_J61_#5more': -272705.5}, {'J10': 13, 'J11': 32, 'J12': 21, 'J13': 28, 'cluster3106249630_3106249631_J60_J61_#5more': 36}, {'J10': 20, 'J11': 57, 'J12': 81, 'J13': 38, 'cluster3106249630_3106249631_J60_J61_#5more': 68}, 
2790.0, {'J10': -61832.5, 'J11': -245051.5, 'J12': -169498.5, 'J13': -41646.5, 'cluster3106249630_3106249631_J60_J61_#5more': -273393.0}, {'J10': 13, 'J11': 32, 'J12': 21, 'J13': 28, 'cluster3106249630_3106249631_J60_J61_#5more': 36}, {'J10': 20, 'J11': 54, 'J12': 81, 'J13': 38, 'cluster3106249630_3106249631_J60_J61_#5more': 70}, 
2795.0, {'J10': -62032.5, 'J11': -245591.5, 'J12': -170308.5, 'J13': -42026.5, 'cluster3106249630_3106249631_J60_J61_#5more': -274093.0}, {'J10': 13, 'J11': 32, 'J12': 21, 'J13': 28, 'cluster3106249630_3106249631_J60_J61_#5more': 36}, {'J10': 20, 'J11': 54, 'J12': 81, 'J13': 38, 'cluster3106249630_3106249631_J60_J61_#5more': 70}, 
2800.0, {'J10': -62232.5, 'J11': -246131.5, 'J12': -169915.0, 'J13': -42406.5, 'cluster3106249630_3106249631_J60_J61_#5more': -274793.0}, {'J10': 13, 'J11': 32, 'J12': 21, 'J13': 28, 'cluster3106249630_3106249631_J60_J61_#5more': 36}, {'J10': 20, 'J11': 54, 'J12': 80, 'J13': 38, 'cluster3106249630_3106249631_J60_J61_#5more': 70}, 
2805.0, {'J10': -62432.5, 'J11': -246671.5, 'J12': -169670.0, 'J13': -42786.5, 'cluster3106249630_3106249631_J60_J61_#5more': -275493.0}, {'J10': 13, 'J11': 32, 'J12': 21, 'J13': 28, 'cluster3106249630_3106249631_J60_J61_#5more': 36}, {'J10': 20, 'J11': 54, 'J12': 79, 'J13': 38, 'cluster3106249630_3106249631_J60_J61_#5more': 70}, 
2810.0, {'J10': -62632.5, 'J11': -247211.5, 'J12': -170460.0, 'J13': -40938.0, 'cluster3106249630_3106249631_J60_J61_#5more': -276098.0}, {'J10': 13, 'J11': 32, 'J12': 21, 'J13': 26, 'cluster3106249630_3106249631_J60_J61_#5more': 36}, {'J10': 20, 'J11': 54, 'J12': 79, 'J13': 35, 'cluster3106249630_3106249631_J60_J61_#5more': 68}, 
2815.0, {'J10': -62832.5, 'J11': -247751.5, 'J12': -171250.0, 'J13': -39533.5, 'cluster3106249630_3106249631_J60_J61_#5more': -276664.5}, {'J10': 13, 'J11': 32, 'J12': 21, 'J13': 24, 'cluster3106249630_3106249631_J60_J61_#5more': 36}, {'J10': 20, 'J11': 54, 'J12': 79, 'J13': 33, 'cluster3106249630_3106249631_J60_J61_#5more': 66}, 
2820.0, {'J10': -63032.5, 'J11': -248291.5, 'J12': -172041.0, 'J13': -39866.5, 'cluster3106249630_3106249631_J60_J61_#5more': -277324.5}, {'J10': 13, 'J11': 32, 'J12': 21, 'J13': 24, 'cluster3106249630_3106249631_J60_J61_#5more': 36}, {'J10': 20, 'J11': 54, 'J12': 80, 'J13': 34, 'cluster3106249630_3106249631_J60_J61_#5more': 66}, 
2825.0, {'J10': -63232.5, 'J11': -248831.5, 'J12': -172842.5, 'J13': -40206.5, 'cluster3106249630_3106249631_J60_J61_#5more': -277984.5}, {'J10': 13, 'J11': 32, 'J12': 21, 'J13': 24, 'cluster3106249630_3106249631_J60_J61_#5more': 36}, {'J10': 20, 'J11': 54, 'J12': 81, 'J13': 34, 'cluster3106249630_3106249631_J60_J61_#5more': 66}, 
2830.0, {'J10': -63432.5, 'J11': -249371.5, 'J12': -173652.5, 'J13': -40546.5, 'cluster3106249630_3106249631_J60_J61_#5more': -278644.5}, {'J10': 13, 'J11': 32, 'J12': 21, 'J13': 24, 'cluster3106249630_3106249631_J60_J61_#5more': 36}, {'J10': 20, 'J11': 54, 'J12': 81, 'J13': 34, 'cluster3106249630_3106249631_J60_J61_#5more': 66}, 
2835.0, {'J10': -63632.5, 'J11': -249911.5, 'J12': -169082.5, 'J13': -40899.0, 'cluster3106249630_3106249631_J60_J61_#5more': -279305.5}, {'J10': 13, 'J11': 32, 'J12': 21, 'J13': 28, 'cluster3106249630_3106249631_J60_J61_#5more': 36}, {'J10': 20, 'J11': 54, 'J12': 75, 'J13': 38, 'cluster3106249630_3106249631_J60_J61_#5more': 67}, 
2840.0, {'J10': -63711.5, 'J11': -250451.5, 'J12': -169459.0, 'J13': -41279.0, 'cluster3106249630_3106249631_J60_J61_#5more': -279980.0}, {'J10': 13, 'J11': 32, 'J12': 21, 'J13': 28, 'cluster3106249630_3106249631_J60_J61_#5more': 36}, {'J10': 20, 'J11': 54, 'J12': 74, 'J13': 38, 'cluster3106249630_3106249631_J60_J61_#5more': 68}, 
2845.0, {'J10': -63779.5, 'J11': -250991.5, 'J12': -170201.5, 'J13': -41659.0, 'cluster3106249630_3106249631_J60_J61_#5more': -280624.5}, {'J10': 13, 'J11': 32, 'J12': 21, 'J13': 28, 'cluster3106249630_3106249631_J60_J61_#5more': 36}, {'J10': 19, 'J11': 54, 'J12': 77, 'J13': 38, 'cluster3106249630_3106249631_J60_J61_#5more': 66}, 
2850.0, {'J10': -63973.5, 'J11': -251531.5, 'J12': -169686.5, 'J13': -42039.0, 'cluster3106249630_3106249631_J60_J61_#5more': -281285.5}, {'J10': 13, 'J11': 32, 'J12': 21, 'J13': 28, 'cluster3106249630_3106249631_J60_J61_#5more': 36}, {'J10': 20, 'J11': 54, 'J12': 80, 'J13': 38, 'cluster3106249630_3106249631_J60_J61_#5more': 67}, 
2855.0, {'J10': -64173.5, 'J11': -252072.5, 'J12': -170486.5, 'J13': -42419.0, 'cluster3106249630_3106249631_J60_J61_#5more': -281955.5}, {'J10': 13, 'J11': 32, 'J12': 21, 'J13': 28, 'cluster3106249630_3106249631_J60_J61_#5more': 36}, {'J10': 20, 'J11': 55, 'J12': 80, 'J13': 38, 'cluster3106249630_3106249631_J60_J61_#5more': 67}, 
2860.0, {'J10': -64373.5, 'J11': -252622.5, 'J12': -171287.5, 'J13': -42799.0, 'cluster3106249630_3106249631_J60_J61_#5more': -282625.5}, {'J10': 13, 'J11': 32, 'J12': 21, 'J13': 28, 'cluster3106249630_3106249631_J60_J61_#5more': 36}, {'J10': 20, 'J11': 55, 'J12': 81, 'J13': 38, 'cluster3106249630_3106249631_J60_J61_#5more': 67}, 
2865.0, {'J10': -64573.5, 'J11': -253151.5, 'J12': -172101.5, 'J13': -43179.0, 'cluster3106249630_3106249631_J60_J61_#5more': -283295.5}, {'J10': 13, 'J11': 32, 'J12': 21, 'J13': 28, 'cluster3106249630_3106249631_J60_J61_#5more': 36}, {'J10': 20, 'J11': 54, 'J12': 82, 'J13': 38, 'cluster3106249630_3106249631_J60_J61_#5more': 67}, 
2870.0, {'J10': -64773.5, 'J11': -253691.5, 'J12': -171698.0, 'J13': -43559.0, 'cluster3106249630_3106249631_J60_J61_#5more': -281985.0}, {'J10': 13, 'J11': 32, 'J12': 21, 'J13': 28, 'cluster3106249630_3106249631_J60_J61_#5more': 36}, {'J10': 20, 'J11': 54, 'J12': 81, 'J13': 38, 'cluster3106249630_3106249631_J60_J61_#5more': 70}, 
2875.0, {'J10': -64973.5, 'J11': -254231.5, 'J12': -172508.0, 'J13': -41835.0, 'cluster3106249630_3106249631_J60_J61_#5more': -282685.0}, {'J10': 13, 'J11': 32, 'J12': 21, 'J13': 26, 'cluster3106249630_3106249631_J60_J61_#5more': 36}, {'J10': 20, 'J11': 54, 'J12': 81, 'J13': 35, 'cluster3106249630_3106249631_J60_J61_#5more': 70}, 
2880.0, {'J10': -65173.5, 'J11': -254771.5, 'J12': -173318.0, 'J13': -41932.5, 'cluster3106249630_3106249631_J60_J61_#5more': -283360.0}, {'J10': 13, 'J11': 32, 'J12': 21, 'J13': 26, 'cluster3106249630_3106249631_J60_J61_#5more': 36}, {'J10': 20, 'J11': 54, 'J12': 81, 'J13': 34, 'cluster3106249630_3106249631_J60_J61_#5more': 69}, 
2885.0, {'J10': -65373.5, 'J11': -255311.5, 'J12': -174128.0, 'J13': -42272.5, 'cluster3106249630_3106249631_J60_J61_#5more': -284017.0}, {'J10': 13, 'J11': 32, 'J12': 21, 'J13': 26, 'cluster3106249630_3106249631_J60_J61_#5more': 36}, {'J10': 20, 'J11': 54, 'J12': 81, 'J13': 34, 'cluster3106249630_3106249631_J60_J61_#5more': 68}, 
2890.0, {'J10': -65573.5, 'J11': -255851.5, 'J12': -174938.0, 'J13': -42612.5, 'cluster3106249630_3106249631_J60_J61_#5more': -284697.0}, {'J10': 13, 'J11': 32, 'J12': 21, 'J13': 26, 'cluster3106249630_3106249631_J60_J61_#5more': 36}, {'J10': 20, 'J11': 54, 'J12': 81, 'J13': 34, 'cluster3106249630_3106249631_J60_J61_#5more': 68}, 
2895.0, {'J10': -65773.5, 'J11': -256392.0, 'J12': -175748.0, 'J13': -42955.5, 'cluster3106249630_3106249631_J60_J61_#5more': -285329.5}, {'J10': 13, 'J11': 32, 'J12': 21, 'J13': 28, 'cluster3106249630_3106249631_J60_J61_#5more': 36}, {'J10': 20, 'J11': 55, 'J12': 81, 'J13': 36, 'cluster3106249630_3106249631_J60_J61_#5more': 68}, 
2900.0, {'J10': -65973.5, 'J11': -256931.5, 'J12': -175095.5, 'J13': -43315.5, 'cluster3106249630_3106249631_J60_J61_#5more': -285948.5}, {'J10': 13, 'J11': 32, 'J12': 21, 'J13': 28, 'cluster3106249630_3106249631_J60_J61_#5more': 36}, {'J10': 20, 'J11': 54, 'J12': 78, 'J13': 36, 'cluster3106249630_3106249631_J60_J61_#5more': 67}, 
2905.0, {'J10': -66052.0, 'J11': -257471.5, 'J12': -175501.5, 'J13': -43675.5, 'cluster3106249630_3106249631_J60_J61_#5more': -286623.0}, {'J10': 13, 'J11': 32, 'J12': 21, 'J13': 28, 'cluster3106249630_3106249631_J60_J61_#5more': 36}, {'J10': 20, 'J11': 54, 'J12': 77, 'J13': 36, 'cluster3106249630_3106249631_J60_J61_#5more': 69}, 
2910.0, {'J10': -66241.5, 'J11': -258011.5, 'J12': -176253.5, 'J13': -44035.5, 'cluster3106249630_3106249631_J60_J61_#5more': -287317.5}, {'J10': 13, 'J11': 32, 'J12': 21, 'J13': 28, 'cluster3106249630_3106249631_J60_J61_#5more': 36}, {'J10': 19, 'J11': 54, 'J12': 79, 'J13': 36, 'cluster3106249630_3106249631_J60_J61_#5more': 70}, 
2915.0, {'J10': -66431.5, 'J11': -258551.5, 'J12': -177051.5, 'J13': -44395.5, 'cluster3106249630_3106249631_J60_J61_#5more': -287994.0}, {'J10': 13, 'J11': 32, 'J12': 21, 'J13': 28, 'cluster3106249630_3106249631_J60_J61_#5more': 36}, {'J10': 19, 'J11': 54, 'J12': 81, 'J13': 36, 'cluster3106249630_3106249631_J60_J61_#5more': 69}, 
2920.0, {'J10': -66622.0, 'J11': -259096.5, 'J12': -176589.0, 'J13': -44755.5, 'cluster3106249630_3106249631_J60_J61_#5more': -288684.0}, {'J10': 13, 'J11': 32, 'J12': 21, 'J13': 28, 'cluster3106249630_3106249631_J60_J61_#5more': 36}, {'J10': 20, 'J11': 55, 'J12': 81, 'J13': 36, 'cluster3106249630_3106249631_J60_J61_#5more': 69}, 
2925.0, {'J10': -66822.0, 'J11': -259646.5, 'J12': -174813.0, 'J13': -45118.0, 'cluster3106249630_3106249631_J60_J61_#5more': -289374.0}, {'J10': 13, 'J11': 32, 'J12': 21, 'J13': 28, 'cluster3106249630_3106249631_J60_J61_#5more': 36}, {'J10': 20, 'J11': 55, 'J12': 79, 'J13': 37, 'cluster3106249630_3106249631_J60_J61_#5more': 69}, 
2930.0, {'J10': -67001.5, 'J11': -260198.5, 'J12': -175603.0, 'J13': -45488.0, 'cluster3106249630_3106249631_J60_J61_#5more': -290069.0}, {'J10': 13, 'J11': 32, 'J12': 21, 'J13': 28, 'cluster3106249630_3106249631_J60_J61_#5more': 36}, {'J10': 19, 'J11': 56, 'J12': 79, 'J13': 37, 'cluster3106249630_3106249631_J60_J61_#5more': 70}, 
2935.0, {'J10': -67191.5, 'J11': -260711.5, 'J12': -176393.0, 'J13': -45858.0, 'cluster3106249630_3106249631_J60_J61_#5more': -290769.0}, {'J10': 13, 'J11': 32, 'J12': 21, 'J13': 28, 'cluster3106249630_3106249631_J60_J61_#5more': 36}, {'J10': 19, 'J11': 54, 'J12': 79, 'J13': 37, 'cluster3106249630_3106249631_J60_J61_#5more': 70}, 
2940.0, {'J10': -67381.5, 'J11': -261251.5, 'J12': -177183.0, 'J13': -43005.5, 'cluster3106249630_3106249631_J60_J61_#5more': -291469.0}, {'J10': 13, 'J11': 32, 'J12': 21, 'J13': 25, 'cluster3106249630_3106249631_J60_J61_#5more': 36}, {'J10': 19, 'J11': 54, 'J12': 79, 'J13': 34, 'cluster3106249630_3106249631_J60_J61_#5more': 70}, 
2945.0, {'J10': -67571.5, 'J11': -261796.0, 'J12': -177981.5, 'J13': -43306.0, 'cluster3106249630_3106249631_J60_J61_#5more': -292169.0}, {'J10': 13, 'J11': 32, 'J12': 21, 'J13': 25, 'cluster3106249630_3106249631_J60_J61_#5more': 36}, {'J10': 19, 'J11': 55, 'J12': 81, 'J13': 35, 'cluster3106249630_3106249631_J60_J61_#5more': 70}, 
2950.0, {'J10': -67761.5, 'J11': -262348.5, 'J12': -178791.5, 'J13': -43624.0, 'cluster3106249630_3106249631_J60_J61_#5more': -292869.0}, {'J10': 13, 'J11': 32, 'J12': 21, 'J13': 25, 'cluster3106249630_3106249631_J60_J61_#5more': 36}, {'J10': 19, 'J11': 56, 'J12': 81, 'J13': 33, 'cluster3106249630_3106249631_J60_J61_#5more': 70}, 
2955.0, {'J10': -67951.5, 'J11': -262915.5, 'J12': -179601.5, 'J13': -43954.0, 'cluster3106249630_3106249631_J60_J61_#5more': -293569.0}, {'J10': 13, 'J11': 32, 'J12': 21, 'J13': 25, 'cluster3106249630_3106249631_J60_J61_#5more': 36}, {'J10': 19, 'J11': 58, 'J12': 81, 'J13': 33, 'cluster3106249630_3106249631_J60_J61_#5more': 70}, 
2960.0, {'J10': -68141.5, 'J11': -263495.5, 'J12': -180411.5, 'J13': -44285.5, 'cluster3106249630_3106249631_J60_J61_#5more': -294269.0}, {'J10': 13, 'J11': 32, 'J12': 21, 'J13': 25, 'cluster3106249630_3106249631_J60_J61_#5more': 36}, {'J10': 19, 'J11': 58, 'J12': 81, 'J13': 34, 'cluster3106249630_3106249631_J60_J61_#5more': 70}, 
2965.0, {'J10': -68331.5, 'J11': -264046.0, 'J12': -178098.0, 'J13': -44633.5, 'cluster3106249630_3106249631_J60_J61_#5more': -294969.0}, {'J10': 13, 'J11': 32, 'J12': 21, 'J13': 27, 'cluster3106249630_3106249631_J60_J61_#5more': 36}, {'J10': 19, 'J11': 58, 'J12': 77, 'J13': 36, 'cluster3106249630_3106249631_J60_J61_#5more': 70}, 
2970.0, {'J10': -68277.5, 'J11': -264507.0, 'J12': -178749.0, 'J13': -44998.0, 'cluster3106249630_3106249631_J60_J61_#5more': -295669.0}, {'J10': 13, 'J11': 32, 'J12': 21, 'J13': 28, 'cluster3106249630_3106249631_J60_J61_#5more': 36}, {'J10': 18, 'J11': 56, 'J12': 77, 'J13': 37, 'cluster3106249630_3106249631_J60_J61_#5more': 70}, 
2975.0, {'J10': -68457.5, 'J11': -265031.5, 'J12': -179524.5, 'J13': -45368.0, 'cluster3106249630_3106249631_J60_J61_#5more': -296369.0}, {'J10': 13, 'J11': 32, 'J12': 21, 'J13': 28, 'cluster3106249630_3106249631_J60_J61_#5more': 36}, {'J10': 18, 'J11': 54, 'J12': 81, 'J13': 37, 'cluster3106249630_3106249631_J60_J61_#5more': 70}, 
2980.0, {'J10': -68637.5, 'J11': -265571.5, 'J12': -180334.5, 'J13': -45741.5, 'cluster3106249630_3106249631_J60_J61_#5more': -297069.0}, {'J10': 13, 'J11': 32, 'J12': 21, 'J13': 28, 'cluster3106249630_3106249631_J60_J61_#5more': 36}, {'J10': 18, 'J11': 54, 'J12': 81, 'J13': 38, 'cluster3106249630_3106249631_J60_J61_#5more': 70}, 
2985.0, {'J10': -68817.5, 'J11': -266111.5, 'J12': -181144.5, 'J13': -46121.5, 'cluster3106249630_3106249631_J60_J61_#5more': -297769.0}, {'J10': 13, 'J11': 32, 'J12': 21, 'J13': 28, 'cluster3106249630_3106249631_J60_J61_#5more': 36}, {'J10': 18, 'J11': 54, 'J12': 81, 'J13': 38, 'cluster3106249630_3106249631_J60_J61_#5more': 70}, 
2990.0, {'J10': -68997.5, 'J11': -266651.5, 'J12': -181954.5, 'J13': -46501.5, 'cluster3106249630_3106249631_J60_J61_#5more': -298469.0}, {'J10': 13, 'J11': 32, 'J12': 21, 'J13': 28, 'cluster3106249630_3106249631_J60_J61_#5more': 36}, {'J10': 18, 'J11': 54, 'J12': 81, 'J13': 38, 'cluster3106249630_3106249631_J60_J61_#5more': 70}, 
2995.0, {'J10': -69177.5, 'J11': -267191.5, 'J12': -182764.5, 'J13': -46881.5, 'cluster3106249630_3106249631_J60_J61_#5more': -299169.0}, {'J10': 13, 'J11': 32, 'J12': 21, 'J13': 28, 'cluster3106249630_3106249631_J60_J61_#5more': 36}, {'J10': 18, 'J11': 54, 'J12': 81, 'J13': 38, 'cluster3106249630_3106249631_J60_J61_#5more': 70}, 
3000.0, {'J10': -69357.5, 'J11': -267731.5, 'J12': -183574.5, 'J13': -47261.5, 'cluster3106249630_3106249631_J60_J61_#5more': -299869.0}, {'J10': 13, 'J11': 32, 'J12': 21, 'J13': 28, 'cluster3106249630_3106249631_J60_J61_#5more': 36}, {'J10': 18, 'J11': 54, 'J12': 81, 'J13': 38, 'cluster3106249630_3106249631_J60_J61_#5more': 70}, 
3005.0, {'J10': -69537.5, 'J11': -268271.5, 'J12': -184384.5, 'J13': -44547.5, 'cluster3106249630_3106249631_J60_J61_#5more': -300569.0}, {'J10': 13, 'J11': 32, 'J12': 21, 'J13': 25, 'cluster3106249630_3106249631_J60_J61_#5more': 36}, {'J10': 18, 'J11': 54, 'J12': 81, 'J13': 34, 'cluster3106249630_3106249631_J60_J61_#5more': 70}, 
3010.0, {'J10': -69717.5, 'J11': -268811.5, 'J12': -185194.5, 'J13': -44786.0, 'cluster3106249630_3106249631_J60_J61_#5more': -301269.0}, {'J10': 13, 'J11': 32, 'J12': 21, 'J13': 25, 'cluster3106249630_3106249631_J60_J61_#5more': 36}, {'J10': 18, 'J11': 54, 'J12': 81, 'J13': 33, 'cluster3106249630_3106249631_J60_J61_#5more': 70}, 
3015.0, {'J10': -69897.5, 'J11': -269351.5, 'J12': -186004.5, 'J13': -45120.0, 'cluster3106249630_3106249631_J60_J61_#5more': -301969.0}, {'J10': 13, 'J11': 32, 'J12': 21, 'J13': 25, 'cluster3106249630_3106249631_J60_J61_#5more': 36}, {'J10': 18, 'J11': 54, 'J12': 81, 'J13': 34, 'cluster3106249630_3106249631_J60_J61_#5more': 70}, 
3020.0, {'J10': -70077.5, 'J11': -269891.5, 'J12': -186814.5, 'J13': -45460.0, 'cluster3106249630_3106249631_J60_J61_#5more': -302669.0}, {'J10': 13, 'J11': 32, 'J12': 21, 'J13': 25, 'cluster3106249630_3106249631_J60_J61_#5more': 36}, {'J10': 18, 'J11': 54, 'J12': 81, 'J13': 34, 'cluster3106249630_3106249631_J60_J61_#5more': 70}, 
3025.0, {'J10': -70260.0, 'J11': -270431.5, 'J12': -187624.5, 'J13': -45800.0, 'cluster3106249630_3106249631_J60_J61_#5more': -303369.0}, {'J10': 13, 'J11': 32, 'J12': 21, 'J13': 25, 'cluster3106249630_3106249631_J60_J61_#5more': 36}, {'J10': 19, 'J11': 54, 'J12': 81, 'J13': 34, 'cluster3106249630_3106249631_J60_J61_#5more': 70}, 
3030.0, {'J10': -70450.0, 'J11': -270971.5, 'J12': -186854.5, 'J13': -46149.5, 'cluster3106249630_3106249631_J60_J61_#5more': -304069.0}, {'J10': 13, 'J11': 32, 'J12': 21, 'J13': 28, 'cluster3106249630_3106249631_J60_J61_#5more': 36}, {'J10': 19, 'J11': 54, 'J12': 77, 'J13': 37, 'cluster3106249630_3106249631_J60_J61_#5more': 70}, 
3035.0, {'J10': -70617.5, 'J11': -271511.5, 'J12': -187624.5, 'J13': -46519.5, 'cluster3106249630_3106249631_J60_J61_#5more': -304769.0}, {'J10': 13, 'J11': 32, 'J12': 21, 'J13': 28, 'cluster3106249630_3106249631_J60_J61_#5more': 36}, {'J10': 18, 'J11': 54, 'J12': 77, 'J13': 37, 'cluster3106249630_3106249631_J60_J61_#5more': 70}, 
3040.0, {'J10': -70797.5, 'J11': -272051.5, 'J12': -188400.5, 'J13': -46890.0, 'cluster3106249630_3106249631_J60_J61_#5more': -305469.0}, {'J10': 13, 'J11': 32, 'J12': 21, 'J13': 28, 'cluster3106249630_3106249631_J60_J61_#5more': 36}, {'J10': 18, 'J11': 54, 'J12': 80, 'J13': 38, 'cluster3106249630_3106249631_J60_J61_#5more': 70}, 
3045.0, {'J10': -70977.5, 'J11': -272591.5, 'J12': -189204.5, 'J13': -47270.0, 'cluster3106249630_3106249631_J60_J61_#5more': -306169.0}, {'J10': 13, 'J11': 32, 'J12': 21, 'J13': 28, 'cluster3106249630_3106249631_J60_J61_#5more': 36}, {'J10': 18, 'J11': 54, 'J12': 81, 'J13': 38, 'cluster3106249630_3106249631_J60_J61_#5more': 70}, 
3050.0, {'J10': -71157.5, 'J11': -273131.5, 'J12': -188481.5, 'J13': -47650.0, 'cluster3106249630_3106249631_J60_J61_#5more': -306869.0}, {'J10': 13, 'J11': 32, 'J12': 21, 'J13': 28, 'cluster3106249630_3106249631_J60_J61_#5more': 36}, {'J10': 18, 'J11': 54, 'J12': 80, 'J13': 38, 'cluster3106249630_3106249631_J60_J61_#5more': 70}, 
3055.0, {'J10': -71337.5, 'J11': -273673.0, 'J12': -187652.0, 'J13': -48030.0, 'cluster3106249630_3106249631_J60_J61_#5more': -307569.0}, {'J10': 13, 'J11': 32, 'J12': 21, 'J13': 28, 'cluster3106249630_3106249631_J60_J61_#5more': 36}, {'J10': 18, 'J11': 55, 'J12': 80, 'J13': 38, 'cluster3106249630_3106249631_J60_J61_#5more': 70}, 
3060.0, {'J10': -71517.5, 'J11': -274223.0, 'J12': -186213.5, 'J13': -48410.0, 'cluster3106249630_3106249631_J60_J61_#5more': -308269.0}, {'J10': 13, 'J11': 32, 'J12': 21, 'J13': 28, 'cluster3106249630_3106249631_J60_J61_#5more': 36}, {'J10': 18, 'J11': 55, 'J12': 77, 'J13': 38, 'cluster3106249630_3106249631_J60_J61_#5more': 70}, 
3065.0, {'J10': -71697.5, 'J11': -274777.5, 'J12': -185726.5, 'J13': -48790.0, 'cluster3106249630_3106249631_J60_J61_#5more': -308974.0}, {'J10': 13, 'J11': 32, 'J12': 21, 'J13': 28, 'cluster3106249630_3106249631_J60_J61_#5more': 36}, {'J10': 18, 'J11': 57, 'J12': 76, 'J13': 38, 'cluster3106249630_3106249631_J60_J61_#5more': 72}, 
3070.0, {'J10': -71877.5, 'J11': -275347.5, 'J12': -186497.0, 'J13': -47002.0, 'cluster3106249630_3106249631_J60_J61_#5more': -309683.0}, {'J10': 13, 'J11': 32, 'J12': 21, 'J13': 26, 'cluster3106249630_3106249631_J60_J61_#5more': 36}, {'J10': 18, 'J11': 57, 'J12': 80, 'J13': 36, 'cluster3106249630_3106249631_J60_J61_#5more': 71}, 
3075.0, {'J10': -72057.5, 'J11': -275917.5, 'J12': -184367.5, 'J13': -45355.0, 'cluster3106249630_3106249631_J60_J61_#5more': -310393.5}, {'J10': 13, 'J11': 32, 'J12': 21, 'J13': 24, 'cluster3106249630_3106249631_J60_J61_#5more': 36}, {'J10': 18, 'J11': 57, 'J12': 80, 'J13': 33, 'cluster3106249630_3106249631_J60_J61_#5more': 72}, 
3080.0, {'J10': -72237.5, 'J11': -276371.5, 'J12': -184127.0, 'J13': -45687.0, 'cluster3106249630_3106249631_J60_J61_#5more': -311113.5}, {'J10': 13, 'J11': 32, 'J12': 21, 'J13': 24, 'cluster3106249630_3106249631_J60_J61_#5more': 36}, {'J10': 18, 'J11': 54, 'J12': 79, 'J13': 34, 'cluster3106249630_3106249631_J60_J61_#5more': 72}, 
3085.0, {'J10': -72417.5, 'J11': -276911.5, 'J12': -184917.0, 'J13': -46027.0, 'cluster3106249630_3106249631_J60_J61_#5more': -311833.5}, {'J10': 13, 'J11': 32, 'J12': 21, 'J13': 24, 'cluster3106249630_3106249631_J60_J61_#5more': 36}, {'J10': 18, 'J11': 54, 'J12': 79, 'J13': 34, 'cluster3106249630_3106249631_J60_J61_#5more': 72}, 
3090.0, {'J10': -72597.5, 'J11': -277451.5, 'J12': -184097.0, 'J13': -46368.0, 'cluster3106249630_3106249631_J60_J61_#5more': -312553.5}, {'J10': 13, 'J11': 32, 'J12': 21, 'J13': 25, 'cluster3106249630_3106249631_J60_J61_#5more': 36}, {'J10': 18, 'J11': 54, 'J12': 80, 'J13': 35, 'cluster3106249630_3106249631_J60_J61_#5more': 72}, 
3095.0, {'J10': -72777.5, 'J11': -277993.0, 'J12': -184897.0, 'J13': -46729.0, 'cluster3106249630_3106249631_J60_J61_#5more': -312869.5}, {'J10': 13, 'J11': 32, 'J12': 21, 'J13': 28, 'cluster3106249630_3106249631_J60_J61_#5more': 36}, {'J10': 18, 'J11': 55, 'J12': 80, 'J13': 38, 'cluster3106249630_3106249631_J60_J61_#5more': 71}, 
3100.0, {'J10': -72960.0, 'J11': -278543.0, 'J12': -185697.0, 'J13': -47109.0, 'cluster3106249630_3106249631_J60_J61_#5more': -313188.5}, {'J10': 13, 'J11': 32, 'J12': 21, 'J13': 28, 'cluster3106249630_3106249631_J60_J61_#5more': 36}, {'J10': 19, 'J11': 55, 'J12': 80, 'J13': 38, 'cluster3106249630_3106249631_J60_J61_#5more': 70}, 
3105.0, {'J10': -73137.5, 'J11': -279097.0, 'J12': -186497.0, 'J13': -47489.0, 'cluster3106249630_3106249631_J60_J61_#5more': -313893.5}, {'J10': 13, 'J11': 32, 'J12': 21, 'J13': 28, 'cluster3106249630_3106249631_J60_J61_#5more': 36}, {'J10': 18, 'J11': 56, 'J12': 80, 'J13': 38, 'cluster3106249630_3106249631_J60_J61_#5more': 72}, 
3110.0, {'J10': -73317.5, 'J11': -279657.0, 'J12': -187301.0, 'J13': -47869.0, 'cluster3106249630_3106249631_J60_J61_#5more': -314617.5}, {'J10': 13, 'J11': 32, 'J12': 21, 'J13': 28, 'cluster3106249630_3106249631_J60_J61_#5more': 36}, {'J10': 18, 'J11': 56, 'J12': 81, 'J13': 38, 'cluster3106249630_3106249631_J60_J61_#5more': 73}, 
3115.0, {'J10': -73497.5, 'J11': -280151.5, 'J12': -188111.0, 'J13': -48249.0, 'cluster3106249630_3106249631_J60_J61_#5more': -315347.5}, {'J10': 13, 'J11': 32, 'J12': 21, 'J13': 28, 'cluster3106249630_3106249631_J60_J61_#5more': 36}, {'J10': 18, 'J11': 54, 'J12': 81, 'J13': 38, 'cluster3106249630_3106249631_J60_J61_#5more': 73}, 
3120.0, {'J10': -73677.5, 'J11': -280691.5, 'J12': -188921.0, 'J13': -48629.0, 'cluster3106249630_3106249631_J60_J61_#5more': -316077.5}, {'J10': 13, 'J11': 32, 'J12': 21, 'J13': 28, 'cluster3106249630_3106249631_J60_J61_#5more': 36}, {'J10': 18, 'J11': 54, 'J12': 81, 'J13': 38, 'cluster3106249630_3106249631_J60_J61_#5more': 73}, 
3125.0, {'J10': -73857.5, 'J11': -281231.5, 'J12': -185538.5, 'J13': -49009.0, 'cluster3106249630_3106249631_J60_J61_#5more': -316807.5}, {'J10': 13, 'J11': 32, 'J12': 21, 'J13': 28, 'cluster3106249630_3106249631_J60_J61_#5more': 36}, {'J10': 18, 'J11': 54, 'J12': 75, 'J13': 38, 'cluster3106249630_3106249631_J60_J61_#5more': 73}, 
3130.0, {'J10': -74037.5, 'J11': -281771.5, 'J12': -186288.5, 'J13': -49389.0, 'cluster3106249630_3106249631_J60_J61_#5more': -317093.0}, {'J10': 13, 'J11': 32, 'J12': 21, 'J13': 28, 'cluster3106249630_3106249631_J60_J61_#5more': 36}, {'J10': 18, 'J11': 54, 'J12': 75, 'J13': 38, 'cluster3106249630_3106249631_J60_J61_#5more': 72}, 
3135.0, {'J10': -74217.5, 'J11': -282311.5, 'J12': -187043.5, 'J13': -47776.5, 'cluster3106249630_3106249631_J60_J61_#5more': -317398.0}, {'J10': 13, 'J11': 32, 'J12': 21, 'J13': 26, 'cluster3106249630_3106249631_J60_J61_#5more': 36}, {'J10': 18, 'J11': 54, 'J12': 78, 'J13': 36, 'cluster3106249630_3106249631_J60_J61_#5more': 71}, 
3140.0, {'J10': -74397.5, 'J11': -282851.5, 'J12': -187836.0, 'J13': -48136.5, 'cluster3106249630_3106249631_J60_J61_#5more': -318038.0}, {'J10': 13, 'J11': 32, 'J12': 21, 'J13': 26, 'cluster3106249630_3106249631_J60_J61_#5more': 36}, {'J10': 18, 'J11': 54, 'J12': 81, 'J13': 36, 'cluster3106249630_3106249631_J60_J61_#5more': 71}, 
3145.0, {'J10': -74577.5, 'J11': -283391.5, 'J12': -187574.0, 'J13': -48496.5, 'cluster3106249630_3106249631_J60_J61_#5more': -318748.5}, {'J10': 13, 'J11': 32, 'J12': 21, 'J13': 26, 'cluster3106249630_3106249631_J60_J61_#5more': 36}, {'J10': 18, 'J11': 54, 'J12': 80, 'J13': 36, 'cluster3106249630_3106249631_J60_J61_#5more': 72}, 
3150.0, {'J10': -74757.5, 'J11': -283931.5, 'J12': -188210.0, 'J13': -48856.5, 'cluster3106249630_3106249631_J60_J61_#5more': -319468.5}, {'J10': 13, 'J11': 32, 'J12': 21, 'J13': 26, 'cluster3106249630_3106249631_J60_J61_#5more': 36}, {'J10': 18, 'J11': 54, 'J12': 79, 'J13': 36, 'cluster3106249630_3106249631_J60_J61_#5more': 72}, 
3155.0, {'J10': -74937.5, 'J11': -284471.5, 'J12': -188828.5, 'J13': -49219.0, 'cluster3106249630_3106249631_J60_J61_#5more': -320193.0}, {'J10': 13, 'J11': 32, 'J12': 21, 'J13': 28, 'cluster3106249630_3106249631_J60_J61_#5more': 36}, {'J10': 18, 'J11': 54, 'J12': 78, 'J13': 38, 'cluster3106249630_3106249631_J60_J61_#5more': 73}, 
3160.0, {'J10': -75117.5, 'J11': -285011.5, 'J12': -188117.0, 'J13': -49599.0, 'cluster3106249630_3106249631_J60_J61_#5more': -320819.0}, {'J10': 13, 'J11': 32, 'J12': 21, 'J13': 28, 'cluster3106249630_3106249631_J60_J61_#5more': 36}, {'J10': 18, 'J11': 54, 'J12': 78, 'J13': 38, 'cluster3106249630_3106249631_J60_J61_#5more': 72}, 
3165.0, {'J10': -75297.5, 'J11': -285555.0, 'J12': -188848.0, 'J13': -49979.0, 'cluster3106249630_3106249631_J60_J61_#5more': -321539.0}, {'J10': 13, 'J11': 32, 'J12': 21, 'J13': 28, 'cluster3106249630_3106249631_J60_J61_#5more': 36}, {'J10': 18, 'J11': 55, 'J12': 78, 'J13': 38, 'cluster3106249630_3106249631_J60_J61_#5more': 72}, 
3170.0, {'J10': -75477.5, 'J11': -286091.5, 'J12': -187405.0, 'J13': -50359.0, 'cluster3106249630_3106249631_J60_J61_#5more': -322261.5}, {'J10': 13, 'J11': 32, 'J12': 21, 'J13': 28, 'cluster3106249630_3106249631_J60_J61_#5more': 36}, {'J10': 18, 'J11': 54, 'J12': 76, 'J13': 38, 'cluster3106249630_3106249631_J60_J61_#5more': 73}, 
3175.0, {'J10': -75657.5, 'J11': -286631.5, 'J12': -184272.5, 'J13': -50739.0, 'cluster3106249630_3106249631_J60_J61_#5more': -322991.5}, {'J10': 13, 'J11': 32, 'J12': 21, 'J13': 28, 'cluster3106249630_3106249631_J60_J61_#5more': 36}, {'J10': 18, 'J11': 54, 'J12': 72, 'J13': 38, 'cluster3106249630_3106249631_J60_J61_#5more': 73}, 
3180.0, {'J10': -75837.5, 'J11': -287171.5, 'J12': -184309.0, 'J13': -51119.0, 'cluster3106249630_3106249631_J60_J61_#5more': -323721.5}, {'J10': 13, 'J11': 32, 'J12': 21, 'J13': 28, 'cluster3106249630_3106249631_J60_J61_#5more': 36}, {'J10': 18, 'J11': 54, 'J12': 70, 'J13': 38, 'cluster3106249630_3106249631_J60_J61_#5more': 73}, 
3185.0, {'J10': -76017.5, 'J11': -287711.5, 'J12': -183381.0, 'J13': -51499.0, 'cluster3106249630_3106249631_J60_J61_#5more': -324451.5}, {'J10': 13, 'J11': 32, 'J12': 21, 'J13': 28, 'cluster3106249630_3106249631_J60_J61_#5more': 36}, {'J10': 18, 'J11': 54, 'J12': 68, 'J13': 38, 'cluster3106249630_3106249631_J60_J61_#5more': 73}, 
3190.0, {'J10': -76197.5, 'J11': -288251.5, 'J12': -183818.0, 'J13': -51879.0, 'cluster3106249630_3106249631_J60_J61_#5more': -325091.0}, {'J10': 13, 'J11': 32, 'J12': 21, 'J13': 28, 'cluster3106249630_3106249631_J60_J61_#5more': 36}, {'J10': 18, 'J11': 54, 'J12': 67, 'J13': 38, 'cluster3106249630_3106249631_J60_J61_#5more': 72}, 
3195.0, {'J10': -76377.5, 'J11': -288791.5, 'J12': -184277.5, 'J13': -52259.0, 'cluster3106249630_3106249631_J60_J61_#5more': -325811.5}, {'J10': 13, 'J11': 32, 'J12': 21, 'J13': 28, 'cluster3106249630_3106249631_J60_J61_#5more': 36}, {'J10': 18, 'J11': 54, 'J12': 67, 'J13': 38, 'cluster3106249630_3106249631_J60_J61_#5more': 73}, 
3200.0, {'J10': -76557.5, 'J11': -289331.5, 'J12': -184552.5, 'J13': -49034.0, 'cluster3106249630_3106249631_J60_J61_#5more': -326411.5}, {'J10': 13, 'J11': 32, 'J12': 21, 'J13': 25, 'cluster3106249630_3106249631_J60_J61_#5more': 36}, {'J10': 18, 'J11': 54, 'J12': 69, 'J13': 34, 'cluster3106249630_3106249631_J60_J61_#5more': 72}, 
3205.0, {'J10': -76737.5, 'J11': -289871.5, 'J12': -184634.0, 'J13': -48039.5, 'cluster3106249630_3106249631_J60_J61_#5more': -327131.5}, {'J10': 13, 'J11': 32, 'J12': 21, 'J13': 24, 'cluster3106249630_3106249631_J60_J61_#5more': 36}, {'J10': 18, 'J11': 54, 'J12': 67, 'J13': 32, 'cluster3106249630_3106249631_J60_J61_#5more': 72}, 
3210.0, {'J10': -76917.5, 'J11': -290411.5, 'J12': -185304.0, 'J13': -48363.0, 'cluster3106249630_3106249631_J60_J61_#5more': -327854.0}, {'J10': 13, 'J11': 32, 'J12': 21, 'J13': 24, 'cluster3106249630_3106249631_J60_J61_#5more': 36}, {'J10': 18, 'J11': 54, 'J12': 67, 'J13': 34, 'cluster3106249630_3106249631_J60_J61_#5more': 73}, 
3215.0, {'J10': -77097.5, 'J11': -290951.5, 'J12': -185975.0, 'J13': -48703.0, 'cluster3106249630_3106249631_J60_J61_#5more': -328584.0}, {'J10': 13, 'J11': 32, 'J12': 21, 'J13': 24, 'cluster3106249630_3106249631_J60_J61_#5more': 36}, {'J10': 18, 'J11': 54, 'J12': 68, 'J13': 34, 'cluster3106249630_3106249631_J60_J61_#5more': 73}, 
3220.0, {'J10': -77277.5, 'J11': -291491.5, 'J12': -186661.5, 'J13': -49043.0, 'cluster3106249630_3106249631_J60_J61_#5more': -329179.5}, {'J10': 13, 'J11': 32, 'J12': 21, 'J13': 24, 'cluster3106249630_3106249631_J60_J61_#5more': 36}, {'J10': 18, 'J11': 54, 'J12': 71, 'J13': 34, 'cluster3106249630_3106249631_J60_J61_#5more': 72}, 
3225.0, {'J10': -77457.5, 'J11': -292034.0, 'J12': -187376.0, 'J13': -49392.0, 'cluster3106249630_3106249631_J60_J61_#5more': -329899.5}, {'J10': 13, 'J11': 32, 'J12': 21, 'J13': 27, 'cluster3106249630_3106249631_J60_J61_#5more': 36}, {'J10': 18, 'J11': 55, 'J12': 72, 'J13': 37, 'cluster3106249630_3106249631_J60_J61_#5more': 72}, 
3230.0, {'J10': -77637.5, 'J11': -292571.5, 'J12': -188096.0, 'J13': -49766.0, 'cluster3106249630_3106249631_J60_J61_#5more': -330619.5}, {'J10': 13, 'J11': 32, 'J12': 21, 'J13': 28, 'cluster3106249630_3106249631_J60_J61_#5more': 36}, {'J10': 18, 'J11': 54, 'J12': 72, 'J13': 38, 'cluster3106249630_3106249631_J60_J61_#5more': 72}, 
3235.0, {'J10': -77820.5, 'J11': -293111.5, 'J12': -188825.0, 'J13': -50146.0, 'cluster3106249630_3106249631_J60_J61_#5more': -331341.0}, {'J10': 13, 'J11': 32, 'J12': 21, 'J13': 28, 'cluster3106249630_3106249631_J60_J61_#5more': 36}, {'J10': 19, 'J11': 54, 'J12': 74, 'J13': 38, 'cluster3106249630_3106249631_J60_J61_#5more': 73}, 
3240.0, {'J10': -78010.5, 'J11': -293651.5, 'J12': -189577.0, 'J13': -50526.0, 'cluster3106249630_3106249631_J60_J61_#5more': -332071.0}, {'J10': 13, 'J11': 32, 'J12': 21, 'J13': 28, 'cluster3106249630_3106249631_J60_J61_#5more': 36}, {'J10': 19, 'J11': 54, 'J12': 78, 'J13': 38, 'cluster3106249630_3106249631_J60_J61_#5more': 73}, 
3245.0, {'J10': -78200.5, 'J11': -294191.5, 'J12': -190361.5, 'J13': -50906.0, 'cluster3106249630_3106249631_J60_J61_#5more': -332801.0}, {'J10': 13, 'J11': 32, 'J12': 21, 'J13': 28, 'cluster3106249630_3106249631_J60_J61_#5more': 36}, {'J10': 19, 'J11': 54, 'J12': 80, 'J13': 38, 'cluster3106249630_3106249631_J60_J61_#5more': 73}, 
3250.0, {'J10': -78390.5, 'J11': -294731.5, 'J12': -191166.5, 'J13': -51286.0, 'cluster3106249630_3106249631_J60_J61_#5more': -333531.0}, {'J10': 13, 'J11': 32, 'J12': 21, 'J13': 28, 'cluster3106249630_3106249631_J60_J61_#5more': 36}, {'J10': 19, 'J11': 54, 'J12': 81, 'J13': 38, 'cluster3106249630_3106249631_J60_J61_#5more': 73}, 
3255.0, {'J10': -78580.5, 'J11': -295274.5, 'J12': -188012.0, 'J13': -51666.0, 'cluster3106249630_3106249631_J60_J61_#5more': -334261.0}, {'J10': 13, 'J11': 32, 'J12': 21, 'J13': 28, 'cluster3106249630_3106249631_J60_J61_#5more': 36}, {'J10': 19, 'J11': 55, 'J12': 76, 'J13': 38, 'cluster3106249630_3106249631_J60_J61_#5more': 73}, 
3260.0, {'J10': -78770.5, 'J11': -295837.0, 'J12': -188823.5, 'J13': -52046.0, 'cluster3106249630_3106249631_J60_J61_#5more': -334993.5}, {'J10': 13, 'J11': 32, 'J12': 21, 'J13': 28, 'cluster3106249630_3106249631_J60_J61_#5more': 36}, {'J10': 19, 'J11': 59, 'J12': 78, 'J13': 38, 'cluster3106249630_3106249631_J60_J61_#5more': 74}, 
3265.0, {'J10': -78960.5, 'J11': -296415.0, 'J12': -189609.0, 'J13': -48823.0, 'cluster3106249630_3106249631_J60_J61_#5more': -335721.0}, {'J10': 13, 'J11': 32, 'J12': 21, 'J13': 25, 'cluster3106249630_3106249631_J60_J61_#5more': 36}, {'J10': 19, 'J11': 61, 'J12': 82, 'J13': 34, 'cluster3106249630_3106249631_J60_J61_#5more': 73}, 
3270.0, {'J10': -79150.5, 'J11': -296959.5, 'J12': -190419.5, 'J13': -49163.0, 'cluster3106249630_3106249631_J60_J61_#5more': -336451.0}, {'J10': 13, 'J11': 32, 'J12': 21, 'J13': 25, 'cluster3106249630_3106249631_J60_J61_#5more': 36}, {'J10': 19, 'J11': 59, 'J12': 84, 'J13': 34, 'cluster3106249630_3106249631_J60_J61_#5more': 73}, 
3275.0, {'J10': -79340.5, 'J11': -297469.0, 'J12': -191259.5, 'J13': -49506.5, 'cluster3106249630_3106249631_J60_J61_#5more': -337181.0}, {'J10': 13, 'J11': 32, 'J12': 21, 'J13': 25, 'cluster3106249630_3106249631_J60_J61_#5more': 36}, {'J10': 19, 'J11': 57, 'J12': 84, 'J13': 35, 'cluster3106249630_3106249631_J60_J61_#5more': 73}, 
3280.0, {'J10': -79531.5, 'J11': -297982.0, 'J12': -191613.0, 'J13': -49856.5, 'cluster3106249630_3106249631_J60_J61_#5more': -337911.0}, {'J10': 13, 'J11': 32, 'J12': 21, 'J13': 25, 'cluster3106249630_3106249631_J60_J61_#5more': 36}, {'J10': 20, 'J11': 55, 'J12': 81, 'J13': 35, 'cluster3106249630_3106249631_J60_J61_#5more': 73}, 
3285.0, {'J10': -79731.5, 'J11': -298513.5, 'J12': -192423.0, 'J13': -50207.0, 'cluster3106249630_3106249631_J60_J61_#5more': -338641.0}, {'J10': 13, 'J11': 32, 'J12': 21, 'J13': 26, 'cluster3106249630_3106249631_J60_J61_#5more': 36}, {'J10': 20, 'J11': 55, 'J12': 81, 'J13': 36, 'cluster3106249630_3106249631_J60_J61_#5more': 73}, 
3290.0, {'J10': -79931.5, 'J11': -299051.5, 'J12': -193233.0, 'J13': -50569.0, 'cluster3106249630_3106249631_J60_J61_#5more': -339128.5}, {'J10': 13, 'J11': 32, 'J12': 21, 'J13': 27, 'cluster3106249630_3106249631_J60_J61_#5more': 36}, {'J10': 20, 'J11': 54, 'J12': 81, 'J13': 37, 'cluster3106249630_3106249631_J60_J61_#5more': 72}, 
3295.0, {'J10': -79977.5, 'J11': -299593.5, 'J12': -194043.5, 'J13': -50943.5, 'cluster3106249630_3106249631_J60_J61_#5more': -339848.5}, {'J10': 13, 'J11': 32, 'J12': 21, 'J13': 28, 'cluster3106249630_3106249631_J60_J61_#5more': 36}, {'J10': 18, 'J11': 55, 'J12': 82, 'J13': 38, 'cluster3106249630_3106249631_J60_J61_#5more': 72}, 
3300.0, {'J10': -80157.5, 'J11': -300131.5, 'J12': -194865.5, 'J13': -51323.5, 'cluster3106249630_3106249631_J60_J61_#5more': -340572.5}, {'J10': 13, 'J11': 32, 'J12': 21, 'J13': 28, 'cluster3106249630_3106249631_J60_J61_#5more': 36}, {'J10': 18, 'J11': 54, 'J12': 83, 'J13': 38, 'cluster3106249630_3106249631_J60_J61_#5more': 73}, 
3305.0, {'J10': -80337.5, 'J11': -300671.5, 'J12': -195695.5, 'J13': -51703.5, 'cluster3106249630_3106249631_J60_J61_#5more': -341302.5}, {'J10': 13, 'J11': 32, 'J12': 21, 'J13': 28, 'cluster3106249630_3106249631_J60_J61_#5more': 36}, {'J10': 18, 'J11': 54, 'J12': 83, 'J13': 38, 'cluster3106249630_3106249631_J60_J61_#5more': 73}, 
3310.0, {'J10': -80517.5, 'J11': -301211.5, 'J12': -196525.5, 'J13': -52083.5, 'cluster3106249630_3106249631_J60_J61_#5more': -342032.5}, {'J10': 13, 'J11': 32, 'J12': 21, 'J13': 28, 'cluster3106249630_3106249631_J60_J61_#5more': 36}, {'J10': 18, 'J11': 54, 'J12': 83, 'J13': 38, 'cluster3106249630_3106249631_J60_J61_#5more': 73}, 
3315.0, {'J10': -80697.5, 'J11': -301751.5, 'J12': -197355.5, 'J13': -52463.5, 'cluster3106249630_3106249631_J60_J61_#5more': -342762.5}, {'J10': 13, 'J11': 32, 'J12': 21, 'J13': 28, 'cluster3106249630_3106249631_J60_J61_#5more': 36}, {'J10': 18, 'J11': 54, 'J12': 83, 'J13': 38, 'cluster3106249630_3106249631_J60_J61_#5more': 73}, 
3320.0, {'J10': -80877.5, 'J11': -302291.5, 'J12': -193923.0, 'J13': -52843.5, 'cluster3106249630_3106249631_J60_J61_#5more': -343492.5}, {'J10': 13, 'J11': 32, 'J12': 21, 'J13': 28, 'cluster3106249630_3106249631_J60_J61_#5more': 36}, {'J10': 18, 'J11': 54, 'J12': 77, 'J13': 38, 'cluster3106249630_3106249631_J60_J61_#5more': 73}, 
3325.0, {'J10': -81057.5, 'J11': -302831.5, 'J12': -194122.5, 'J13': -53223.5, 'cluster3106249630_3106249631_J60_J61_#5more': -344222.5}, {'J10': 13, 'J11': 32, 'J12': 21, 'J13': 28, 'cluster3106249630_3106249631_J60_J61_#5more': 36}, {'J10': 18, 'J11': 54, 'J12': 76, 'J13': 38, 'cluster3106249630_3106249631_J60_J61_#5more': 73}, 
3330.0, {'J10': -81237.5, 'J11': -303371.5, 'J12': -194886.5, 'J13': -51356.5, 'cluster3106249630_3106249631_J60_J61_#5more': -344952.5}, {'J10': 13, 'J11': 32, 'J12': 21, 'J13': 26, 'cluster3106249630_3106249631_J60_J61_#5more': 36}, {'J10': 18, 'J11': 54, 'J12': 79, 'J13': 36, 'cluster3106249630_3106249631_J60_J61_#5more': 73}, 
3335.0, {'J10': -81419.0, 'J11': -303911.5, 'J12': -195692.0, 'J13': -51464.0, 'cluster3106249630_3106249631_J60_J61_#5more': -345682.5}, {'J10': 13, 'J11': 32, 'J12': 21, 'J13': 26, 'cluster3106249630_3106249631_J60_J61_#5more': 36}, {'J10': 19, 'J11': 54, 'J12': 83, 'J13': 35, 'cluster3106249630_3106249631_J60_J61_#5more': 73}, 
3340.0, {'J10': -81609.0, 'J11': -304451.5, 'J12': -196526.0, 'J13': -51815.0, 'cluster3106249630_3106249631_J60_J61_#5more': -346412.5}, {'J10': 13, 'J11': 32, 'J12': 21, 'J13': 26, 'cluster3106249630_3106249631_J60_J61_#5more': 36}, {'J10': 19, 'J11': 54, 'J12': 84, 'J13': 36, 'cluster3106249630_3106249631_J60_J61_#5more': 73}, 
3345.0, {'J10': -81799.0, 'J11': -304996.0, 'J12': -197366.0, 'J13': -52175.0, 'cluster3106249630_3106249631_J60_J61_#5more': -347142.5}, {'J10': 13, 'J11': 32, 'J12': 21, 'J13': 26, 'cluster3106249630_3106249631_J60_J61_#5more': 36}, {'J10': 19, 'J11': 55, 'J12': 84, 'J13': 36, 'cluster3106249630_3106249631_J60_J61_#5more': 73}, 
3350.0, {'J10': -81989.0, 'J11': -305532.5, 'J12': -198206.0, 'J13': -52535.0, 'cluster3106249630_3106249631_J60_J61_#5more': -347872.5}, {'J10': 13, 'J11': 32, 'J12': 21, 'J13': 26, 'cluster3106249630_3106249631_J60_J61_#5more': 36}, {'J10': 19, 'J11': 55, 'J12': 84, 'J13': 36, 'cluster3106249630_3106249631_J60_J61_#5more': 73}, 
3355.0, {'J10': -82179.0, 'J11': -306087.5, 'J12': -199046.0, 'J13': -52904.0, 'cluster3106249630_3106249631_J60_J61_#5more': -348291.5}, {'J10': 13, 'J11': 32, 'J12': 21, 'J13': 28, 'cluster3106249630_3106249631_J60_J61_#5more': 36}, {'J10': 19, 'J11': 57, 'J12': 84, 'J13': 38, 'cluster3106249630_3106249631_J60_J61_#5more': 72}, 
3360.0, {'J10': -82319.0, 'J11': -306657.5, 'J12': -199886.0, 'J13': -53284.0, 'cluster3106249630_3106249631_J60_J61_#5more': -349011.5}, {'J10': 13, 'J11': 32, 'J12': 21, 'J13': 28, 'cluster3106249630_3106249631_J60_J61_#5more': 36}, {'J10': 19, 'J11': 57, 'J12': 84, 'J13': 38, 'cluster3106249630_3106249631_J60_J61_#5more': 72}, 
3365.0, {'J10': -82497.5, 'J11': -307227.5, 'J12': -200726.0, 'J13': -53664.0, 'cluster3106249630_3106249631_J60_J61_#5more': -349736.0}, {'J10': 13, 'J11': 32, 'J12': 21, 'J13': 28, 'cluster3106249630_3106249631_J60_J61_#5more': 36}, {'J10': 18, 'J11': 57, 'J12': 84, 'J13': 38, 'cluster3106249630_3106249631_J60_J61_#5more': 73}, 
3370.0, {'J10': -82677.5, 'J11': -307802.5, 'J12': -201566.0, 'J13': -54044.0, 'cluster3106249630_3106249631_J60_J61_#5more': -350143.5}, {'J10': 13, 'J11': 32, 'J12': 21, 'J13': 28, 'cluster3106249630_3106249631_J60_J61_#5more': 36}, {'J10': 18, 'J11': 59, 'J12': 84, 'J13': 38, 'cluster3106249630_3106249631_J60_J61_#5more': 72}, 
3375.0, {'J10': -82857.5, 'J11': -308332.5, 'J12': -202406.0, 'J13': -54424.0, 'cluster3106249630_3106249631_J60_J61_#5more': -350863.5}, {'J10': 13, 'J11': 32, 'J12': 21, 'J13': 28, 'cluster3106249630_3106249631_J60_J61_#5more': 36}, {'J10': 18, 'J11': 58, 'J12': 84, 'J13': 38, 'cluster3106249630_3106249631_J60_J61_#5more': 72}, 
3380.0, {'J10': -83037.5, 'J11': -308912.5, 'J12': -203246.0, 'J13': -54804.0, 'cluster3106249630_3106249631_J60_J61_#5more': -351292.0}, {'J10': 13, 'J11': 32, 'J12': 21, 'J13': 28, 'cluster3106249630_3106249631_J60_J61_#5more': 36}, {'J10': 18, 'J11': 58, 'J12': 84, 'J13': 38, 'cluster3106249630_3106249631_J60_J61_#5more': 71}, 
3385.0, {'J10': -83217.5, 'J11': -309493.5, 'J12': -201397.0, 'J13': -55184.0, 'cluster3106249630_3106249631_J60_J61_#5more': -351828.5}, {'J10': 13, 'J11': 32, 'J12': 21, 'J13': 28, 'cluster3106249630_3106249631_J60_J61_#5more': 36}, {'J10': 18, 'J11': 59, 'J12': 79, 'J13': 38, 'cluster3106249630_3106249631_J60_J61_#5more': 71}, 
3390.0, {'J10': -83397.5, 'J11': -310014.5, 'J12': -201682.5, 'J13': -55564.0, 'cluster3106249630_3106249631_J60_J61_#5more': -348806.0}, {'J10': 13, 'J11': 32, 'J12': 21, 'J13': 28, 'cluster3106249630_3106249631_J60_J61_#5more': 36}, {'J10': 18, 'J11': 59, 'J12': 78, 'J13': 38, 'cluster3106249630_3106249631_J60_J61_#5more': 69}, 
3395.0, {'J10': -83577.5, 'J11': -310508.5, 'J12': -202463.5, 'J13': -53195.5, 'cluster3106249630_3106249631_J60_J61_#5more': -349496.5}, {'J10': 13, 'J11': 32, 'J12': 21, 'J13': 26, 'cluster3106249630_3106249631_J60_J61_#5more': 36}, {'J10': 18, 'J11': 57, 'J12': 80, 'J13': 35, 'cluster3106249630_3106249631_J60_J61_#5more': 70}, 
3400.0, {'J10': -83757.5, 'J11': -311016.5, 'J12': -203272.0, 'J13': -53545.5, 'cluster3106249630_3106249631_J60_J61_#5more': -350199.0}, {'J10': 13, 'J11': 32, 'J12': 21, 'J13': 26, 'cluster3106249630_3106249631_J60_J61_#5more': 36}, {'J10': 18, 'J11': 56, 'J12': 82, 'J13': 35, 'cluster3106249630_3106249631_J60_J61_#5more': 71}, 
3405.0, {'J10': -83937.5, 'J11': -311512.5, 'J12': -203427.0, 'J13': -53898.5, 'cluster3106249630_3106249631_J60_J61_#5more': -350805.0}, {'J10': 13, 'J11': 32, 'J12': 21, 'J13': 26, 'cluster3106249630_3106249631_J60_J61_#5more': 36}, {'J10': 18, 'J11': 55, 'J12': 81, 'J13': 36, 'cluster3106249630_3106249631_J60_J61_#5more': 67}, 
3410.0, {'J10': -84117.5, 'J11': -312012.0, 'J12': -203806.0, 'J13': -54258.5, 'cluster3106249630_3106249631_J60_J61_#5more': -351475.0}, {'J10': 13, 'J11': 32, 'J12': 21, 'J13': 26, 'cluster3106249630_3106249631_J60_J61_#5more': 36}, {'J10': 18, 'J11': 55, 'J12': 80, 'J13': 36, 'cluster3106249630_3106249631_J60_J61_#5more': 67}, 
3415.0, {'J10': -84297.5, 'J11': -312562.0, 'J12': -204608.5, 'J13': -54622.0, 'cluster3106249630_3106249631_J60_J61_#5more': -352151.5}, {'J10': 13, 'J11': 32, 'J12': 21, 'J13': 28, 'cluster3106249630_3106249631_J60_J61_#5more': 36}, {'J10': 18, 'J11': 55, 'J12': 81, 'J13': 38, 'cluster3106249630_3106249631_J60_J61_#5more': 69}, 
3420.0, {'J10': -84480.5, 'J11': -313091.5, 'J12': -205418.5, 'J13': -55002.0, 'cluster3106249630_3106249631_J60_J61_#5more': -352853.0}, {'J10': 13, 'J11': 32, 'J12': 21, 'J13': 28, 'cluster3106249630_3106249631_J60_J61_#5more': 36}, {'J10': 19, 'J11': 54, 'J12': 81, 'J13': 38, 'cluster3106249630_3106249631_J60_J61_#5more': 73}, 
3425.0, {'J10': -84670.5, 'J11': -313631.5, 'J12': -205388.5, 'J13': -55382.0, 'cluster3106249630_3106249631_J60_J61_#5more': -353583.0}, {'J10': 13, 'J11': 32, 'J12': 21, 'J13': 28, 'cluster3106249630_3106249631_J60_J61_#5more': 36}, {'J10': 19, 'J11': 54, 'J12': 79, 'J13': 38, 'cluster3106249630_3106249631_J60_J61_#5more': 73}, 
3430.0, {'J10': -84837.5, 'J11': -314171.5, 'J12': -204937.0, 'J13': -55762.0, 'cluster3106249630_3106249631_J60_J61_#5more': -354313.0}, {'J10': 13, 'J11': 32, 'J12': 21, 'J13': 28, 'cluster3106249630_3106249631_J60_J61_#5more': 36}, {'J10': 18, 'J11': 54, 'J12': 76, 'J13': 38, 'cluster3106249630_3106249631_J60_J61_#5more': 73}, 
3435.0, {'J10': -85017.5, 'J11': -314711.5, 'J12': -205306.0, 'J13': -56142.0, 'cluster3106249630_3106249631_J60_J61_#5more': -354998.0}, {'J10': 13, 'J11': 32, 'J12': 21, 'J13': 28, 'cluster3106249630_3106249631_J60_J61_#5more': 36}, {'J10': 18, 'J11': 54, 'J12': 76, 'J13': 38, 'cluster3106249630_3106249631_J60_J61_#5more': 72}, 
3440.0, {'J10': -85197.5, 'J11': -315251.5, 'J12': -205673.5, 'J13': -56522.0, 'cluster3106249630_3106249631_J60_J61_#5more': -355718.0}, {'J10': 13, 'J11': 32, 'J12': 21, 'J13': 28, 'cluster3106249630_3106249631_J60_J61_#5more': 36}, {'J10': 18, 'J11': 54, 'J12': 76, 'J13': 38, 'cluster3106249630_3106249631_J60_J61_#5more': 72}, 
3445.0, {'J10': -85380.5, 'J11': -315791.5, 'J12': -205276.0, 'J13': -56902.0, 'cluster3106249630_3106249631_J60_J61_#5more': -356438.0}, {'J10': 13, 'J11': 32, 'J12': 21, 'J13': 28, 'cluster3106249630_3106249631_J60_J61_#5more': 36}, {'J10': 19, 'J11': 54, 'J12': 73, 'J13': 38, 'cluster3106249630_3106249631_J60_J61_#5more': 72}, 
3450.0, {'J10': -85570.5, 'J11': -316333.5, 'J12': -203141.5, 'J13': -57282.0, 'cluster3106249630_3106249631_J60_J61_#5more': -357158.0}, {'J10': 13, 'J11': 32, 'J12': 21, 'J13': 28, 'cluster3106249630_3106249631_J60_J61_#5more': 36}, {'J10': 19, 'J11': 55, 'J12': 71, 'J13': 38, 'cluster3106249630_3106249631_J60_J61_#5more': 72}, 
3455.0, {'J10': -85760.5, 'J11': -316871.5, 'J12': -203108.5, 'J13': -57662.0, 'cluster3106249630_3106249631_J60_J61_#5more': -354125.0}, {'J10': 13, 'J11': 32, 'J12': 21, 'J13': 28, 'cluster3106249630_3106249631_J60_J61_#5more': 36}, {'J10': 19, 'J11': 54, 'J12': 71, 'J13': 38, 'cluster3106249630_3106249631_J60_J61_#5more': 70}, 
3460.0, {'J10': -85950.5, 'J11': -317411.5, 'J12': -203830.0, 'J13': -56910.0, 'cluster3106249630_3106249631_J60_J61_#5more': -354825.0}, {'J10': 13, 'J11': 32, 'J12': 21, 'J13': 27, 'cluster3106249630_3106249631_J60_J61_#5more': 36}, {'J10': 19, 'J11': 54, 'J12': 75, 'J13': 37, 'cluster3106249630_3106249631_J60_J61_#5more': 70}, 
3465.0, {'J10': -86140.5, 'J11': -317955.0, 'J12': -204604.5, 'J13': -55632.0, 'cluster3106249630_3106249631_J60_J61_#5more': -355527.5}, {'J10': 13, 'J11': 32, 'J12': 21, 'J13': 26, 'cluster3106249630_3106249631_J60_J61_#5more': 36}, {'J10': 19, 'J11': 55, 'J12': 83, 'J13': 35, 'cluster3106249630_3106249631_J60_J61_#5more': 71}, 
3470.0, {'J10': -86330.5, 'J11': -318491.5, 'J12': -204893.5, 'J13': -55983.5, 'cluster3106249630_3106249631_J60_J61_#5more': -356037.0}, {'J10': 13, 'J11': 32, 'J12': 21, 'J13': 26, 'cluster3106249630_3106249631_J60_J61_#5more': 36}, {'J10': 19, 'J11': 54, 'J12': 82, 'J13': 36, 'cluster3106249630_3106249631_J60_J61_#5more': 71}, 
3475.0, {'J10': -86520.5, 'J11': -319033.5, 'J12': -205238.5, 'J13': -56343.5, 'cluster3106249630_3106249631_J60_J61_#5more': -356588.5}, {'J10': 13, 'J11': 32, 'J12': 21, 'J13': 26, 'cluster3106249630_3106249631_J60_J61_#5more': 36}, {'J10': 19, 'J11': 55, 'J12': 81, 'J13': 36, 'cluster3106249630_3106249631_J60_J61_#5more': 67}, 
3480.0, {'J10': -86710.5, 'J11': -319571.5, 'J12': -206048.5, 'J13': -56703.5, 'cluster3106249630_3106249631_J60_J61_#5more': -357258.5}, {'J10': 13, 'J11': 32, 'J12': 21, 'J13': 26, 'cluster3106249630_3106249631_J60_J61_#5more': 36}, {'J10': 19, 'J11': 54, 'J12': 81, 'J13': 36, 'cluster3106249630_3106249631_J60_J61_#5more': 67}, 
3485.0, {'J10': -86900.5, 'J11': -320118.5, 'J12': -206858.5, 'J13': -57071.0, 'cluster3106249630_3106249631_J60_J61_#5more': -357928.5}, {'J10': 13, 'J11': 32, 'J12': 21, 'J13': 28, 'cluster3106249630_3106249631_J60_J61_#5more': 36}, {'J10': 19, 'J11': 56, 'J12': 81, 'J13': 38, 'cluster3106249630_3106249631_J60_J61_#5more': 67}, 
3490.0, {'J10': -86997.5, 'J11': -320652.0, 'J12': -207036.5, 'J13': -57451.0, 'cluster3106249630_3106249631_J60_J61_#5more': -358606.0}, {'J10': 13, 'J11': 32, 'J12': 21, 'J13': 28, 'cluster3106249630_3106249631_J60_J61_#5more': 36}, {'J10': 18, 'J11': 55, 'J12': 79, 'J13': 38, 'cluster3106249630_3106249631_J60_J61_#5more': 71}, 
3495.0, {'J10': -87177.5, 'J11': -321192.5, 'J12': -207743.0, 'J13': -57831.0, 'cluster3106249630_3106249631_J60_J61_#5more': -359316.0}, {'J10': 13, 'J11': 32, 'J12': 21, 'J13': 28, 'cluster3106249630_3106249631_J60_J61_#5more': 36}, {'J10': 18, 'J11': 55, 'J12': 78, 'J13': 38, 'cluster3106249630_3106249631_J60_J61_#5more': 71}, 
3500.0, {'J10': -87357.5, 'J11': -321742.5, 'J12': -208002.0, 'J13': -58211.0, 'cluster3106249630_3106249631_J60_J61_#5more': -360026.0}, {'J10': 13, 'J11': 32, 'J12': 21, 'J13': 28, 'cluster3106249630_3106249631_J60_J61_#5more': 36}, {'J10': 18, 'J11': 55, 'J12': 77, 'J13': 38, 'cluster3106249630_3106249631_J60_J61_#5more': 71}, 
3505.0, {'J10': -87537.5, 'J11': -322292.5, 'J12': -208772.0, 'J13': -58591.0, 'cluster3106249630_3106249631_J60_J61_#5more': -360702.0}, {'J10': 13, 'J11': 32, 'J12': 21, 'J13': 28, 'cluster3106249630_3106249631_J60_J61_#5more': 36}, {'J10': 18, 'J11': 55, 'J12': 77, 'J13': 38, 'cluster3106249630_3106249631_J60_J61_#5more': 70}, 
3510.0, {'J10': -87717.5, 'J11': -322812.0, 'J12': -209543.0, 'J13': -58971.0, 'cluster3106249630_3106249631_J60_J61_#5more': -361402.0}, {'J10': 13, 'J11': 32, 'J12': 21, 'J13': 28, 'cluster3106249630_3106249631_J60_J61_#5more': 36}, {'J10': 18, 'J11': 55, 'J12': 78, 'J13': 38, 'cluster3106249630_3106249631_J60_J61_#5more': 70}, 
3515.0, {'J10': -87897.5, 'J11': -323351.5, 'J12': -206349.5, 'J13': -59351.0, 'cluster3106249630_3106249631_J60_J61_#5more': -362102.0}, {'J10': 13, 'J11': 32, 'J12': 21, 'J13': 28, 'cluster3106249630_3106249631_J60_J61_#5more': 36}, {'J10': 18, 'J11': 54, 'J12': 78, 'J13': 38, 'cluster3106249630_3106249631_J60_J61_#5more': 70}, 
3520.0, {'J10': -88077.5, 'J11': -323891.5, 'J12': -206381.0, 'J13': -59731.0, 'cluster3106249630_3106249631_J60_J61_#5more': -362811.5}, {'J10': 13, 'J11': 32, 'J12': 21, 'J13': 28, 'cluster3106249630_3106249631_J60_J61_#5more': 36}, {'J10': 18, 'J11': 54, 'J12': 76, 'J13': 38, 'cluster3106249630_3106249631_J60_J61_#5more': 72}, 
3525.0, {'J10': -88257.5, 'J11': -324431.5, 'J12': -207142.0, 'J13': -57099.5, 'cluster3106249630_3106249631_J60_J61_#5more': -363532.0}, {'J10': 13, 'J11': 32, 'J12': 21, 'J13': 26, 'cluster3106249630_3106249631_J60_J61_#5more': 36}, {'J10': 18, 'J11': 54, 'J12': 78, 'J13': 37, 'cluster3106249630_3106249631_J60_J61_#5more': 73}, 
3530.0, {'J10': -88437.5, 'J11': -324972.0, 'J12': -207930.5, 'J13': -57193.0, 'cluster3106249630_3106249631_J60_J61_#5more': -364099.5}, {'J10': 13, 'J11': 32, 'J12': 21, 'J13': 26, 'cluster3106249630_3106249631_J60_J61_#5more': 36}, {'J10': 18, 'J11': 55, 'J12': 80, 'J13': 34, 'cluster3106249630_3106249631_J60_J61_#5more': 71}, 
3535.0, {'J10': -88617.5, 'J11': -325511.5, 'J12': -208569.0, 'J13': -57539.0, 'cluster3106249630_3106249631_J60_J61_#5more': -364719.0}, {'J10': 13, 'J11': 32, 'J12': 21, 'J13': 26, 'cluster3106249630_3106249631_J60_J61_#5more': 36}, {'J10': 18, 'J11': 54, 'J12': 79, 'J13': 36, 'cluster3106249630_3106249631_J60_J61_#5more': 71}, 
3540.0, {'J10': -88797.5, 'J11': -326054.5, 'J12': -209359.0, 'J13': -57899.0, 'cluster3106249630_3106249631_J60_J61_#5more': -365329.0}, {'J10': 13, 'J11': 32, 'J12': 21, 'J13': 26, 'cluster3106249630_3106249631_J60_J61_#5more': 36}, {'J10': 18, 'J11': 55, 'J12': 79, 'J13': 36, 'cluster3106249630_3106249631_J60_J61_#5more': 68}, 
3545.0, {'J10': -88977.5, 'J11': -326608.5, 'J12': -210149.0, 'J13': -58261.5, 'cluster3106249630_3106249631_J60_J61_#5more': -366010.5}, {'J10': 13, 'J11': 32, 'J12': 21, 'J13': 28, 'cluster3106249630_3106249631_J60_J61_#5more': 36}, {'J10': 18, 'J11': 57, 'J12': 79, 'J13': 38, 'cluster3106249630_3106249631_J60_J61_#5more': 69}, 
3550.0, {'J10': -89157.5, 'J11': -327165.5, 'J12': -210939.0, 'J13': -58641.5, 'cluster3106249630_3106249631_J60_J61_#5more': -366700.5}, {'J10': 13, 'J11': 32, 'J12': 21, 'J13': 28, 'cluster3106249630_3106249631_J60_J61_#5more': 36}, {'J10': 18, 'J11': 56, 'J12': 79, 'J13': 38, 'cluster3106249630_3106249631_J60_J61_#5more': 69}, 
3555.0, {'J10': -89338.5, 'J11': -327732.5, 'J12': -211733.5, 'J13': -59021.5, 'cluster3106249630_3106249631_J60_J61_#5more': -367390.5}, {'J10': 13, 'J11': 32, 'J12': 21, 'J13': 28, 'cluster3106249630_3106249631_J60_J61_#5more': 36}, {'J10': 19, 'J11': 59, 'J12': 80, 'J13': 38, 'cluster3106249630_3106249631_J60_J61_#5more': 69}, 
3560.0, {'J10': -89517.5, 'J11': -328325.5, 'J12': -212533.5, 'J13': -59401.5, 'cluster3106249630_3106249631_J60_J61_#5more': -368084.5}, {'J10': 13, 'J11': 32, 'J12': 21, 'J13': 28, 'cluster3106249630_3106249631_J60_J61_#5more': 36}, {'J10': 18, 'J11': 60, 'J12': 80, 'J13': 38, 'cluster3106249630_3106249631_J60_J61_#5more': 71}, 
3565.0, {'J10': -89697.5, 'J11': -328872.5, 'J12': -213333.5, 'J13': -59781.5, 'cluster3106249630_3106249631_J60_J61_#5more': -368802.5}, {'J10': 13, 'J11': 32, 'J12': 21, 'J13': 28, 'cluster3106249630_3106249631_J60_J61_#5more': 36}, {'J10': 18, 'J11': 59, 'J12': 80, 'J13': 38, 'cluster3106249630_3106249631_J60_J61_#5more': 73}, 
3570.0, {'J10': -89877.5, 'J11': -329463.5, 'J12': -214133.5, 'J13': -60161.5, 'cluster3106249630_3106249631_J60_J61_#5more': -369532.5}, {'J10': 13, 'J11': 32, 'J12': 21, 'J13': 28, 'cluster3106249630_3106249631_J60_J61_#5more': 36}, {'J10': 18, 'J11': 60, 'J12': 80, 'J13': 38, 'cluster3106249630_3106249631_J60_J61_#5more': 73}, 
3575.0, {'J10': -90057.5, 'J11': -330063.5, 'J12': -214933.5, 'J13': -60541.5, 'cluster3106249630_3106249631_J60_J61_#5more': -370262.5}, {'J10': 13, 'J11': 32, 'J12': 21, 'J13': 28, 'cluster3106249630_3106249631_J60_J61_#5more': 36}, {'J10': 18, 'J11': 60, 'J12': 80, 'J13': 38, 'cluster3106249630_3106249631_J60_J61_#5more': 73}, 
3580.0, {'J10': -90237.5, 'J11': -330625.0, 'J12': -214628.0, 'J13': -60921.5, 'cluster3106249630_3106249631_J60_J61_#5more': -370992.5}, {'J10': 13, 'J11': 32, 'J12': 21, 'J13': 28, 'cluster3106249630_3106249631_J60_J61_#5more': 36}, {'J10': 18, 'J11': 60, 'J12': 77, 'J13': 38, 'cluster3106249630_3106249631_J60_J61_#5more': 73}, 
3585.0, {'J10': -90417.5, 'J11': -331144.0, 'J12': -215024.0, 'J13': -61301.5, 'cluster3106249630_3106249631_J60_J61_#5more': -367596.0}, {'J10': 13, 'J11': 32, 'J12': 21, 'J13': 28, 'cluster3106249630_3106249631_J60_J61_#5more': 36}, {'J10': 18, 'J11': 59, 'J12': 76, 'J13': 38, 'cluster3106249630_3106249631_J60_J61_#5more': 71}, 
3590.0, {'J10': -90597.5, 'J11': -331635.5, 'J12': -215793.5, 'J13': -57433.5, 'cluster3106249630_3106249631_J60_J61_#5more': -368309.5}, {'J10': 13, 'J11': 32, 'J12': 21, 'J13': 25, 'cluster3106249630_3106249631_J60_J61_#5more': 36}, {'J10': 18, 'J11': 57, 'J12': 79, 'J13': 35, 'cluster3106249630_3106249631_J60_J61_#5more': 73}, 
3595.0, {'J10': -90777.5, 'J11': -332123.0, 'J12': -216597.0, 'J13': -57771.5, 'cluster3106249630_3106249631_J60_J61_#5more': -368943.5}, {'J10': 13, 'J11': 32, 'J12': 21, 'J13': 25, 'cluster3106249630_3106249631_J60_J61_#5more': 36}, {'J10': 18, 'J11': 56, 'J12': 82, 'J13': 34, 'cluster3106249630_3106249631_J60_J61_#5more': 70}, 
3600.0, {'J10': -90957.5, 'J11': -332531.5, 'J12': -217132.0, 'J13': -58114.5, 'cluster3106249630_3106249631_J60_J61_#5more': -369487.5}, {'J10': 13, 'J11': 32, 'J12': 21, 'J13': 25, 'cluster3106249630_3106249631_J60_J61_#5more': 36}, {'J10': 18, 'J11': 54, 'J12': 81, 'J13': 35, 'cluster3106249630_3106249631_J60_J61_#5more': 68}, 
3605.0, {'J10': -91137.5, 'J11': -333071.5, 'J12': -217135.0, 'J13': -58464.5, 'cluster3106249630_3106249631_J60_J61_#5more': -370167.5}, {'J10': 13, 'J11': 32, 'J12': 21, 'J13': 25, 'cluster3106249630_3106249631_J60_J61_#5more': 36}, {'J10': 18, 'J11': 54, 'J12': 81, 'J13': 35, 'cluster3106249630_3106249631_J60_J61_#5more': 68}, 
3610.0, {'J10': -91317.5, 'J11': -333611.5, 'J12': -217945.0, 'J13': -58814.5, 'cluster3106249630_3106249631_J60_J61_#5more': -370854.5}, {'J10': 13, 'J11': 32, 'J12': 21, 'J13': 25, 'cluster3106249630_3106249631_J60_J61_#5more': 36}, {'J10': 18, 'J11': 54, 'J12': 81, 'J13': 35, 'cluster3106249630_3106249631_J60_J61_#5more': 71}, 
3615.0, {'J10': -91497.5, 'J11': -334151.5, 'J12': -218755.0, 'J13': -59170.0, 'cluster3106249630_3106249631_J60_J61_#5more': -371461.0}, {'J10': 13, 'J11': 32, 'J12': 21, 'J13': 27, 'cluster3106249630_3106249631_J60_J61_#5more': 36}, {'J10': 18, 'J11': 54, 'J12': 81, 'J13': 37, 'cluster3106249630_3106249631_J60_J61_#5more': 70}, 
3620.0, {'J10': -91677.5, 'J11': -334691.5, 'J12': -217813.5, 'J13': -59543.5, 'cluster3106249630_3106249631_J60_J61_#5more': -372137.0}, {'J10': 13, 'J11': 32, 'J12': 21, 'J13': 28, 'cluster3106249630_3106249631_J60_J61_#5more': 36}, {'J10': 18, 'J11': 54, 'J12': 79, 'J13': 38, 'cluster3106249630_3106249631_J60_J61_#5more': 69}, 
3625.0, {'J10': -91857.5, 'J11': -335231.5, 'J12': -217471.0, 'J13': -59923.5, 'cluster3106249630_3106249631_J60_J61_#5more': -372827.0}, {'J10': 13, 'J11': 32, 'J12': 21, 'J13': 28, 'cluster3106249630_3106249631_J60_J61_#5more': 36}, {'J10': 18, 'J11': 54, 'J12': 78, 'J13': 38, 'cluster3106249630_3106249631_J60_J61_#5more': 69}, 
3630.0, {'J10': -92037.5, 'J11': -335771.5, 'J12': -217445.0, 'J13': -60303.5, 'cluster3106249630_3106249631_J60_J61_#5more': -373434.0}, {'J10': 13, 'J11': 32, 'J12': 21, 'J13': 28, 'cluster3106249630_3106249631_J60_J61_#5more': 36}, {'J10': 18, 'J11': 54, 'J12': 76, 'J13': 38, 'cluster3106249630_3106249631_J60_J61_#5more': 67}, 
3635.0, {'J10': -92217.5, 'J11': -336311.5, 'J12': -217553.5, 'J13': -60683.5, 'cluster3106249630_3106249631_J60_J61_#5more': -374104.0}, {'J10': 13, 'J11': 32, 'J12': 21, 'J13': 28, 'cluster3106249630_3106249631_J60_J61_#5more': 36}, {'J10': 18, 'J11': 54, 'J12': 73, 'J13': 38, 'cluster3106249630_3106249631_J60_J61_#5more': 67}, 
3640.0, {'J10': -92397.5, 'J11': -336851.5, 'J12': -217408.5, 'J13': -61063.5, 'cluster3106249630_3106249631_J60_J61_#5more': -374774.0}, {'J10': 13, 'J11': 32, 'J12': 21, 'J13': 28, 'cluster3106249630_3106249631_J60_J61_#5more': 36}, {'J10': 18, 'J11': 54, 'J12': 75, 'J13': 38, 'cluster3106249630_3106249631_J60_J61_#5more': 67}, 
3645.0, {'J10': -92577.5, 'J11': -337391.5, 'J12': -218075.0, 'J13': -61443.5, 'cluster3106249630_3106249631_J60_J61_#5more': -375444.0}, {'J10': 13, 'J11': 32, 'J12': 21, 'J13': 28, 'cluster3106249630_3106249631_J60_J61_#5more': 36}, {'J10': 18, 'J11': 54, 'J12': 74, 'J13': 38, 'cluster3106249630_3106249631_J60_J61_#5more': 67}, 
3650.0, {'J10': -92757.5, 'J11': -337931.5, 'J12': -218815.5, 'J13': -61823.5, 'cluster3106249630_3106249631_J60_J61_#5more': -376114.0}, {'J10': 13, 'J11': 32, 'J12': 21, 'J13': 28, 'cluster3106249630_3106249631_J60_J61_#5more': 36}, {'J10': 18, 'J11': 54, 'J12': 75, 'J13': 38, 'cluster3106249630_3106249631_J60_J61_#5more': 67}, 
3655.0, {'J10': -92937.5, 'J11': -338471.5, 'J12': -219577.5, 'J13': -59687.5, 'cluster3106249630_3106249631_J60_J61_#5more': -376784.0}, {'J10': 13, 'J11': 32, 'J12': 21, 'J13': 26, 'cluster3106249630_3106249631_J60_J61_#5more': 36}, {'J10': 18, 'J11': 54, 'J12': 80, 'J13': 36, 'cluster3106249630_3106249631_J60_J61_#5more': 67}, 
3660.0, {'J10': -93117.5, 'J11': -339011.5, 'J12': -219505.0, 'J13': -59793.5, 'cluster3106249630_3106249631_J60_J61_#5more': -377454.0}, {'J10': 13, 'J11': 32, 'J12': 21, 'J13': 26, 'cluster3106249630_3106249631_J60_J61_#5more': 36}, {'J10': 18, 'J11': 54, 'J12': 81, 'J13': 35, 'cluster3106249630_3106249631_J60_J61_#5more': 67}, 
3665.0, {'J10': -93297.5, 'J11': -339552.0, 'J12': -220323.0, 'J13': -60144.5, 'cluster3106249630_3106249631_J60_J61_#5more': -378124.0}, {'J10': 13, 'J11': 32, 'J12': 21, 'J13': 26, 'cluster3106249630_3106249631_J60_J61_#5more': 36}, {'J10': 18, 'J11': 55, 'J12': 83, 'J13': 36, 'cluster3106249630_3106249631_J60_J61_#5more': 67}, 
3670.0, {'J10': -93477.5, 'J11': -340107.0, 'J12': -221153.0, 'J13': -60504.5, 'cluster3106249630_3106249631_J60_J61_#5more': -378794.0}, {'J10': 13, 'J11': 32, 'J12': 21, 'J13': 26, 'cluster3106249630_3106249631_J60_J61_#5more': 36}, {'J10': 18, 'J11': 56, 'J12': 83, 'J13': 36, 'cluster3106249630_3106249631_J60_J61_#5more': 67}, 
3675.0, {'J10': -93657.5, 'J11': -340651.0, 'J12': -221983.0, 'J13': -60865.5, 'cluster3106249630_3106249631_J60_J61_#5more': -379467.0}, {'J10': 13, 'J11': 32, 'J12': 21, 'J13': 27, 'cluster3106249630_3106249631_J60_J61_#5more': 36}, {'J10': 18, 'J11': 56, 'J12': 83, 'J13': 37, 'cluster3106249630_3106249631_J60_J61_#5more': 68}, 
3680.0, {'J10': -93837.5, 'J11': -341186.0, 'J12': -222813.5, 'J13': -61240.0, 'cluster3106249630_3106249631_J60_J61_#5more': -380147.0}, {'J10': 13, 'J11': 32, 'J12': 21, 'J13': 28, 'cluster3106249630_3106249631_J60_J61_#5more': 36}, {'J10': 18, 'J11': 55, 'J12': 84, 'J13': 38, 'cluster3106249630_3106249631_J60_J61_#5more': 68}, 
3685.0, {'J10': -94017.5, 'J11': -341711.5, 'J12': -223658.0, 'J13': -61620.0, 'cluster3106249630_3106249631_J60_J61_#5more': -380827.0}, {'J10': 13, 'J11': 32, 'J12': 21, 'J13': 28, 'cluster3106249630_3106249631_J60_J61_#5more': 36}, {'J10': 18, 'J11': 54, 'J12': 85, 'J13': 38, 'cluster3106249630_3106249631_J60_J61_#5more': 68}, 
3690.0, {'J10': -94197.5, 'J11': -342251.5, 'J12': -224508.0, 'J13': -62000.0, 'cluster3106249630_3106249631_J60_J61_#5more': -381507.0}, {'J10': 13, 'J11': 32, 'J12': 21, 'J13': 28, 'cluster3106249630_3106249631_J60_J61_#5more': 36}, {'J10': 18, 'J11': 54, 'J12': 85, 'J13': 38, 'cluster3106249630_3106249631_J60_J61_#5more': 68}, 
3695.0, {'J10': -94377.5, 'J11': -342791.5, 'J12': -225358.0, 'J13': -62380.0, 'cluster3106249630_3106249631_J60_J61_#5more': -382187.0}, {'J10': 13, 'J11': 32, 'J12': 21, 'J13': 28, 'cluster3106249630_3106249631_J60_J61_#5more': 36}, {'J10': 18, 'J11': 54, 'J12': 85, 'J13': 38, 'cluster3106249630_3106249631_J60_J61_#5more': 68}, 
3700.0, {'J10': -94557.5, 'J11': -343332.0, 'J12': -226208.0, 'J13': -62760.0, 'cluster3106249630_3106249631_J60_J61_#5more': -382867.0}, {'J10': 13, 'J11': 32, 'J12': 21, 'J13': 28, 'cluster3106249630_3106249631_J60_J61_#5more': 36}, {'J10': 18, 'J11': 55, 'J12': 85, 'J13': 38, 'cluster3106249630_3106249631_J60_J61_#5more': 68}, 
3705.0, {'J10': -94737.5, 'J11': -343871.5, 'J12': -227058.0, 'J13': -63140.0, 'cluster3106249630_3106249631_J60_J61_#5more': -383547.0}, {'J10': 13, 'J11': 32, 'J12': 21, 'J13': 28, 'cluster3106249630_3106249631_J60_J61_#5more': 36}, {'J10': 18, 'J11': 54, 'J12': 85, 'J13': 38, 'cluster3106249630_3106249631_J60_J61_#5more': 68}, 
3710.0, {'J10': -94917.5, 'J11': -344411.5, 'J12': -222674.5, 'J13': -63520.0, 'cluster3106249630_3106249631_J60_J61_#5more': -384227.0}, {'J10': 13, 'J11': 32, 'J12': 21, 'J13': 28, 'cluster3106249630_3106249631_J60_J61_#5more': 36}, {'J10': 18, 'J11': 54, 'J12': 79, 'J13': 38, 'cluster3106249630_3106249631_J60_J61_#5more': 68}, 
3715.0, {'J10': -95097.5, 'J11': -344951.5, 'J12': -223464.5, 'J13': -63900.0, 'cluster3106249630_3106249631_J60_J61_#5more': -384907.0}, {'J10': 13, 'J11': 32, 'J12': 21, 'J13': 28, 'cluster3106249630_3106249631_J60_J61_#5more': 36}, {'J10': 18, 'J11': 54, 'J12': 79, 'J13': 38, 'cluster3106249630_3106249631_J60_J61_#5more': 68}, 
3720.0, {'J10': -95277.5, 'J11': -345491.5, 'J12': -224256.0, 'J13': -59885.5, 'cluster3106249630_3106249631_J60_J61_#5more': -385587.0}, {'J10': 13, 'J11': 32, 'J12': 21, 'J13': 25, 'cluster3106249630_3106249631_J60_J61_#5more': 36}, {'J10': 18, 'J11': 54, 'J12': 81, 'J13': 34, 'cluster3106249630_3106249631_J60_J61_#5more': 68}, 
3725.0, {'J10': -95457.5, 'J11': -346031.5, 'J12': -225074.5, 'J13': -59972.5, 'cluster3106249630_3106249631_J60_J61_#5more': -386267.0}, {'J10': 13, 'J11': 32, 'J12': 21, 'J13': 25, 'cluster3106249630_3106249631_J60_J61_#5more': 36}, {'J10': 18, 'J11': 54, 'J12': 83, 'J13': 33, 'cluster3106249630_3106249631_J60_J61_#5more': 68}, 
3730.0, {'J10': -95637.5, 'J11': -346571.5, 'J12': -225904.5, 'J13': -60308.0, 'cluster3106249630_3106249631_J60_J61_#5more': -386947.0}, {'J10': 13, 'J11': 32, 'J12': 21, 'J13': 25, 'cluster3106249630_3106249631_J60_J61_#5more': 36}, {'J10': 18, 'J11': 54, 'J12': 83, 'J13': 35, 'cluster3106249630_3106249631_J60_J61_#5more': 68}, 
3735.0, {'J10': -95817.5, 'J11': -347111.5, 'J12': -226734.5, 'J13': -60658.0, 'cluster3106249630_3106249631_J60_J61_#5more': -387627.0}, {'J10': 13, 'J11': 32, 'J12': 21, 'J13': 25, 'cluster3106249630_3106249631_J60_J61_#5more': 36}, {'J10': 18, 'J11': 54, 'J12': 83, 'J13': 35, 'cluster3106249630_3106249631_J60_J61_#5more': 68}, 
3740.0, {'J10': -95997.5, 'J11': -347651.5, 'J12': -227564.5, 'J13': -61009.0, 'cluster3106249630_3106249631_J60_J61_#5more': -388308.0}, {'J10': 13, 'J11': 32, 'J12': 21, 'J13': 26, 'cluster3106249630_3106249631_J60_J61_#5more': 36}, {'J10': 18, 'J11': 54, 'J12': 83, 'J13': 36, 'cluster3106249630_3106249631_J60_J61_#5more': 69}, 
3745.0, {'J10': -96177.5, 'J11': -348191.5, 'J12': -228394.5, 'J13': -61377.5, 'cluster3106249630_3106249631_J60_J61_#5more': -388998.0}, {'J10': 13, 'J11': 32, 'J12': 21, 'J13': 28, 'cluster3106249630_3106249631_J60_J61_#5more': 36}, {'J10': 18, 'J11': 54, 'J12': 83, 'J13': 38, 'cluster3106249630_3106249631_J60_J61_#5more': 69}, 
3750.0, {'J10': -96357.5, 'J11': -348731.5, 'J12': -229224.5, 'J13': -61757.5, 'cluster3106249630_3106249631_J60_J61_#5more': -389688.0}, {'J10': 13, 'J11': 32, 'J12': 21, 'J13': 28, 'cluster3106249630_3106249631_J60_J61_#5more': 36}, {'J10': 18, 'J11': 54, 'J12': 83, 'J13': 38, 'cluster3106249630_3106249631_J60_J61_#5more': 69}, 
3755.0, {'J10': -96537.5, 'J11': -349271.5, 'J12': -230054.5, 'J13': -62137.5, 'cluster3106249630_3106249631_J60_J61_#5more': -390378.0}, {'J10': 13, 'J11': 32, 'J12': 21, 'J13': 28, 'cluster3106249630_3106249631_J60_J61_#5more': 36}, {'J10': 18, 'J11': 54, 'J12': 83, 'J13': 38, 'cluster3106249630_3106249631_J60_J61_#5more': 69}, 
3760.0, {'J10': -96717.5, 'J11': -349811.5, 'J12': -230884.5, 'J13': -62517.5, 'cluster3106249630_3106249631_J60_J61_#5more': -391068.0}, {'J10': 13, 'J11': 32, 'J12': 21, 'J13': 28, 'cluster3106249630_3106249631_J60_J61_#5more': 36}, {'J10': 18, 'J11': 54, 'J12': 83, 'J13': 38, 'cluster3106249630_3106249631_J60_J61_#5more': 69}, 
3765.0, {'J10': -96897.5, 'J11': -350351.5, 'J12': -231714.5, 'J13': -62897.5, 'cluster3106249630_3106249631_J60_J61_#5more': -391758.0}, {'J10': 13, 'J11': 32, 'J12': 21, 'J13': 28, 'cluster3106249630_3106249631_J60_J61_#5more': 36}, {'J10': 18, 'J11': 54, 'J12': 83, 'J13': 38, 'cluster3106249630_3106249631_J60_J61_#5more': 69}, 
3770.0, {'J10': -97077.5, 'J11': -350891.5, 'J12': -232544.5, 'J13': -63277.5, 'cluster3106249630_3106249631_J60_J61_#5more': -392448.0}, {'J10': 13, 'J11': 32, 'J12': 21, 'J13': 28, 'cluster3106249630_3106249631_J60_J61_#5more': 36}, {'J10': 18, 'J11': 54, 'J12': 83, 'J13': 38, 'cluster3106249630_3106249631_J60_J61_#5more': 69}, 
3775.0, {'J10': -97257.5, 'J11': -351431.5, 'J12': -231879.0, 'J13': -63657.5, 'cluster3106249630_3106249631_J60_J61_#5more': -393138.0}, {'J10': 13, 'J11': 32, 'J12': 21, 'J13': 28, 'cluster3106249630_3106249631_J60_J61_#5more': 36}, {'J10': 18, 'J11': 54, 'J12': 80, 'J13': 38, 'cluster3106249630_3106249631_J60_J61_#5more': 69}, 
3780.0, {'J10': -97437.5, 'J11': -351971.5, 'J12': -232175.0, 'J13': -64037.5, 'cluster3106249630_3106249631_J60_J61_#5more': -389786.5}, {'J10': 13, 'J11': 32, 'J12': 21, 'J13': 28, 'cluster3106249630_3106249631_J60_J61_#5more': 36}, {'J10': 18, 'J11': 54, 'J12': 79, 'J13': 38, 'cluster3106249630_3106249631_J60_J61_#5more': 67}, 
3785.0, {'J10': -97617.5, 'J11': -352511.5, 'J12': -232975.0, 'J13': -60018.5, 'cluster3106249630_3106249631_J60_J61_#5more': -390456.5}, {'J10': 13, 'J11': 32, 'J12': 21, 'J13': 25, 'cluster3106249630_3106249631_J60_J61_#5more': 36}, {'J10': 18, 'J11': 54, 'J12': 83, 'J13': 34, 'cluster3106249630_3106249631_J60_J61_#5more': 67}, 
3790.0, {'J10': -97797.5, 'J11': -353051.5, 'J12': -233813.0, 'J13': -58964.5, 'cluster3106249630_3106249631_J60_J61_#5more': -391126.5}, {'J10': 13, 'J11': 32, 'J12': 21, 'J13': 24, 'cluster3106249630_3106249631_J60_J61_#5more': 36}, {'J10': 18, 'J11': 54, 'J12': 85, 'J13': 32, 'cluster3106249630_3106249631_J60_J61_#5more': 67}, 
3795.0, {'J10': -97977.5, 'J11': -353591.5, 'J12': -234663.0, 'J13': -59290.5, 'cluster3106249630_3106249631_J60_J61_#5more': -391796.5}, {'J10': 13, 'J11': 32, 'J12': 21, 'J13': 24, 'cluster3106249630_3106249631_J60_J61_#5more': 36}, {'J10': 18, 'J11': 54, 'J12': 85, 'J13': 34, 'cluster3106249630_3106249631_J60_J61_#5more': 67}, 
3800.0, {'J10': -98157.5, 'J11': -354131.5, 'J12': -234801.0, 'J13': -59630.5, 'cluster3106249630_3106249631_J60_J61_#5more': -392466.5}, {'J10': 13, 'J11': 32, 'J12': 21, 'J13': 24, 'cluster3106249630_3106249631_J60_J61_#5more': 36}, {'J10': 18, 'J11': 54, 'J12': 84, 'J13': 34, 'cluster3106249630_3106249631_J60_J61_#5more': 67}, 
3805.0, {'J10': -98337.5, 'J11': -354671.5, 'J12': -234900.5, 'J13': -59970.5, 'cluster3106249630_3106249631_J60_J61_#5more': -393136.5}, {'J10': 13, 'J11': 32, 'J12': 21, 'J13': 24, 'cluster3106249630_3106249631_J60_J61_#5more': 36}, {'J10': 18, 'J11': 54, 'J12': 83, 'J13': 34, 'cluster3106249630_3106249631_J60_J61_#5more': 67}, 
3810.0, {'J10': -98517.5, 'J11': -355211.5, 'J12': -235730.5, 'J13': -60325.5, 'cluster3106249630_3106249631_J60_J61_#5more': -393806.5}, {'J10': 13, 'J11': 32, 'J12': 21, 'J13': 28, 'cluster3106249630_3106249631_J60_J61_#5more': 36}, {'J10': 18, 'J11': 54, 'J12': 83, 'J13': 38, 'cluster3106249630_3106249631_J60_J61_#5more': 67}, 
3815.0, {'J10': -98697.5, 'J11': -355751.5, 'J12': -236560.5, 'J13': -60705.5, 'cluster3106249630_3106249631_J60_J61_#5more': -394476.5}, {'J10': 13, 'J11': 32, 'J12': 21, 'J13': 28, 'cluster3106249630_3106249631_J60_J61_#5more': 36}, {'J10': 18, 'J11': 54, 'J12': 83, 'J13': 38, 'cluster3106249630_3106249631_J60_J61_#5more': 67}, 
3820.0, {'J10': -98877.5, 'J11': -356291.5, 'J12': -237390.5, 'J13': -61085.5, 'cluster3106249630_3106249631_J60_J61_#5more': -395146.5}, {'J10': 13, 'J11': 32, 'J12': 21, 'J13': 28, 'cluster3106249630_3106249631_J60_J61_#5more': 36}, {'J10': 18, 'J11': 54, 'J12': 83, 'J13': 38, 'cluster3106249630_3106249631_J60_J61_#5more': 67}, 
3825.0, {'J10': -99057.5, 'J11': -356831.5, 'J12': -238220.5, 'J13': -61465.5, 'cluster3106249630_3106249631_J60_J61_#5more': -395816.5}, {'J10': 13, 'J11': 32, 'J12': 21, 'J13': 28, 'cluster3106249630_3106249631_J60_J61_#5more': 36}, {'J10': 18, 'J11': 54, 'J12': 83, 'J13': 38, 'cluster3106249630_3106249631_J60_J61_#5more': 67}, 
3830.0, {'J10': -99237.5, 'J11': -357371.5, 'J12': -239055.0, 'J13': -61845.5, 'cluster3106249630_3106249631_J60_J61_#5more': -396486.5}, {'J10': 13, 'J11': 32, 'J12': 21, 'J13': 28, 'cluster3106249630_3106249631_J60_J61_#5more': 36}, {'J10': 18, 'J11': 54, 'J12': 84, 'J13': 38, 'cluster3106249630_3106249631_J60_J61_#5more': 67}, 
3835.0, {'J10': -99417.5, 'J11': -357911.5, 'J12': -239895.0, 'J13': -62225.5, 'cluster3106249630_3106249631_J60_J61_#5more': -397156.5}, {'J10': 13, 'J11': 32, 'J12': 21, 'J13': 28, 'cluster3106249630_3106249631_J60_J61_#5more': 36}, {'J10': 18, 'J11': 54, 'J12': 84, 'J13': 38, 'cluster3106249630_3106249631_J60_J61_#5more': 67}, 
3840.0, {'J10': -99597.5, 'J11': -358451.5, 'J12': -235840.0, 'J13': -62605.5, 'cluster3106249630_3106249631_J60_J61_#5more': -397826.5}, {'J10': 13, 'J11': 32, 'J12': 21, 'J13': 28, 'cluster3106249630_3106249631_J60_J61_#5more': 36}, {'J10': 18, 'J11': 54, 'J12': 79, 'J13': 38, 'cluster3106249630_3106249631_J60_J61_#5more': 67}, 
3845.0, {'J10': -99777.5, 'J11': -358991.5, 'J12': -236126.0, 'J13': -62985.5, 'cluster3106249630_3106249631_J60_J61_#5more': -398496.5}, {'J10': 13, 'J11': 32, 'J12': 21, 'J13': 28, 'cluster3106249630_3106249631_J60_J61_#5more': 36}, {'J10': 18, 'J11': 54, 'J12': 78, 'J13': 38, 'cluster3106249630_3106249631_J60_J61_#5more': 67}, 
3850.0, {'J10': -99957.5, 'J11': -359531.5, 'J12': -236907.0, 'J13': -59002.0, 'cluster3106249630_3106249631_J60_J61_#5more': -399166.5}, {'J10': 13, 'J11': 32, 'J12': 21, 'J13': 25, 'cluster3106249630_3106249631_J60_J61_#5more': 36}, {'J10': 18, 'J11': 54, 'J12': 80, 'J13': 33, 'cluster3106249630_3106249631_J60_J61_#5more': 67}, 
3855.0, {'J10': -100137.5, 'J11': -360071.5, 'J12': -237715.5, 'J13': -58067.5, 'cluster3106249630_3106249631_J60_J61_#5more': -399836.5}, {'J10': 13, 'J11': 32, 'J12': 21, 'J13': 24, 'cluster3106249630_3106249631_J60_J61_#5more': 36}, {'J10': 18, 'J11': 54, 'J12': 82, 'J13': 32, 'cluster3106249630_3106249631_J60_J61_#5more': 67}, 
3860.0, {'J10': -100317.5, 'J11': -360611.5, 'J12': -237621.5, 'J13': -58393.5, 'cluster3106249630_3106249631_J60_J61_#5more': -400506.5}, {'J10': 13, 'J11': 32, 'J12': 21, 'J13': 24, 'cluster3106249630_3106249631_J60_J61_#5more': 36}, {'J10': 18, 'J11': 54, 'J12': 80, 'J13': 34, 'cluster3106249630_3106249631_J60_J61_#5more': 67}, 
3865.0, {'J10': -100497.5, 'J11': -361151.5, 'J12': -235993.0, 'J13': -58733.5, 'cluster3106249630_3106249631_J60_J61_#5more': -401176.5}, {'J10': 13, 'J11': 32, 'J12': 21, 'J13': 24, 'cluster3106249630_3106249631_J60_J61_#5more': 36}, {'J10': 18, 'J11': 54, 'J12': 76, 'J13': 34, 'cluster3106249630_3106249631_J60_J61_#5more': 67}, 
3870.0, {'J10': -100677.5, 'J11': -361691.5, 'J12': -235426.0, 'J13': -59073.5, 'cluster3106249630_3106249631_J60_J61_#5more': -401846.5}, {'J10': 13, 'J11': 32, 'J12': 21, 'J13': 24, 'cluster3106249630_3106249631_J60_J61_#5more': 36}, {'J10': 18, 'J11': 54, 'J12': 73, 'J13': 34, 'cluster3106249630_3106249631_J60_J61_#5more': 67}, 
3875.0, {'J10': -100857.5, 'J11': -362231.5, 'J12': -235724.5, 'J13': -59419.0, 'cluster3106249630_3106249631_J60_J61_#5more': -402516.5}, {'J10': 13, 'J11': 32, 'J12': 21, 'J13': 26, 'cluster3106249630_3106249631_J60_J61_#5more': 36}, {'J10': 18, 'J11': 54, 'J12': 72, 'J13': 36, 'cluster3106249630_3106249631_J60_J61_#5more': 67}, 
3880.0, {'J10': -101037.5, 'J11': -362771.5, 'J12': -236012.5, 'J13': -59787.0, 'cluster3106249630_3106249631_J60_J61_#5more': -403186.5}, {'J10': 13, 'J11': 32, 'J12': 21, 'J13': 28, 'cluster3106249630_3106249631_J60_J61_#5more': 36}, {'J10': 18, 'J11': 54, 'J12': 72, 'J13': 38, 'cluster3106249630_3106249631_J60_J61_#5more': 67}, 
3885.0, {'J10': -101217.5, 'J11': -363311.5, 'J12': -236213.5, 'J13': -60167.0, 'cluster3106249630_3106249631_J60_J61_#5more': -403856.5}, {'J10': 13, 'J11': 32, 'J12': 21, 'J13': 28, 'cluster3106249630_3106249631_J60_J61_#5more': 36}, {'J10': 18, 'J11': 54, 'J12': 70, 'J13': 38, 'cluster3106249630_3106249631_J60_J61_#5more': 67}, 
3890.0, {'J10': -101397.5, 'J11': -363851.5, 'J12': -236920.5, 'J13': -60547.0, 'cluster3106249630_3106249631_J60_J61_#5more': -404526.5}, {'J10': 13, 'J11': 32, 'J12': 21, 'J13': 28, 'cluster3106249630_3106249631_J60_J61_#5more': 36}, {'J10': 18, 'J11': 54, 'J12': 72, 'J13': 38, 'cluster3106249630_3106249631_J60_J61_#5more': 67}, 
3895.0, {'J10': -101577.5, 'J11': -364391.5, 'J12': -237642.0, 'J13': -60927.0, 'cluster3106249630_3106249631_J60_J61_#5more': -405196.5}, {'J10': 13, 'J11': 32, 'J12': 21, 'J13': 28, 'cluster3106249630_3106249631_J60_J61_#5more': 36}, {'J10': 18, 'J11': 54, 'J12': 73, 'J13': 38, 'cluster3106249630_3106249631_J60_J61_#5more': 67}, 
3900.0, {'J10': -101757.5, 'J11': -364931.5, 'J12': -238380.5, 'J13': -61307.0, 'cluster3106249630_3106249631_J60_J61_#5more': -405866.5}, {'J10': 13, 'J11': 32, 'J12': 21, 'J13': 28, 'cluster3106249630_3106249631_J60_J61_#5more': 36}, {'J10': 18, 'J11': 54, 'J12': 75, 'J13': 38, 'cluster3106249630_3106249631_J60_J61_#5more': 67}, 
3905.0, {'J10': -101937.5, 'J11': -365471.5, 'J12': -237672.5, 'J13': -61687.0, 'cluster3106249630_3106249631_J60_J61_#5more': -406641.0}, {'J10': 13, 'J11': 32, 'J12': 21, 'J13': 28, 'cluster3106249630_3106249631_J60_J61_#5more': 36}, {'J10': 18, 'J11': 54, 'J12': 74, 'J13': 38, 'cluster3106249630_3106249631_J60_J61_#5more': 68}, 
3910.0, {'J10': -102117.5, 'J11': -366011.5, 'J12': -238421.5, 'J13': -62067.0, 'cluster3106249630_3106249631_J60_J61_#5more': -403093.5}, {'J10': 13, 'J11': 32, 'J12': 21, 'J13': 28, 'cluster3106249630_3106249631_J60_J61_#5more': 36}, {'J10': 18, 'J11': 54, 'J12': 77, 'J13': 38, 'cluster3106249630_3106249631_J60_J61_#5more': 66}, 
3915.0, {'J10': -102297.5, 'J11': -366551.5, 'J12': -239200.5, 'J13': -59570.0, 'cluster3106249630_3106249631_J60_J61_#5more': -403753.5}, {'J10': 13, 'J11': 32, 'J12': 21, 'J13': 26, 'cluster3106249630_3106249631_J60_J61_#5more': 36}, {'J10': 18, 'J11': 54, 'J12': 80, 'J13': 35, 'cluster3106249630_3106249631_J60_J61_#5more': 66}, 
3920.0, {'J10': -102477.5, 'J11': -367091.5, 'J12': -240013.5, 'J13': -58525.5, 'cluster3106249630_3106249631_J60_J61_#5more': -404413.5}, {'J10': 13, 'J11': 32, 'J12': 21, 'J13': 25, 'cluster3106249630_3106249631_J60_J61_#5more': 36}, {'J10': 18, 'J11': 54, 'J12': 83, 'J13': 33, 'cluster3106249630_3106249631_J60_J61_#5more': 66}, 
3925.0, {'J10': -102657.5, 'J11': -367631.5, 'J12': -240253.0, 'J13': -58859.5, 'cluster3106249630_3106249631_J60_J61_#5more': -405073.5}, {'J10': 13, 'J11': 32, 'J12': 21, 'J13': 25, 'cluster3106249630_3106249631_J60_J61_#5more': 36}, {'J10': 18, 'J11': 54, 'J12': 82, 'J13': 34, 'cluster3106249630_3106249631_J60_J61_#5more': 66}, 
3930.0, {'J10': -102837.5, 'J11': -368171.5, 'J12': -240452.5, 'J13': -59199.5, 'cluster3106249630_3106249631_J60_J61_#5more': -405733.5}, {'J10': 13, 'J11': 32, 'J12': 21, 'J13': 25, 'cluster3106249630_3106249631_J60_J61_#5more': 36}, {'J10': 18, 'J11': 54, 'J12': 81, 'J13': 34, 'cluster3106249630_3106249631_J60_J61_#5more': 66}, 
3935.0, {'J10': -103017.5, 'J11': -368711.5, 'J12': -241262.5, 'J13': -59539.5, 'cluster3106249630_3106249631_J60_J61_#5more': -406393.5}, {'J10': 13, 'J11': 32, 'J12': 21, 'J13': 25, 'cluster3106249630_3106249631_J60_J61_#5more': 36}, {'J10': 18, 'J11': 54, 'J12': 81, 'J13': 34, 'cluster3106249630_3106249631_J60_J61_#5more': 66}, 
3940.0, {'J10': -103197.5, 'J11': -369251.5, 'J12': -242072.5, 'J13': -59889.5, 'cluster3106249630_3106249631_J60_J61_#5more': -407053.5}, {'J10': 13, 'J11': 32, 'J12': 21, 'J13': 28, 'cluster3106249630_3106249631_J60_J61_#5more': 36}, {'J10': 18, 'J11': 54, 'J12': 81, 'J13': 37, 'cluster3106249630_3106249631_J60_J61_#5more': 66}, 
3945.0, {'J10': -103377.5, 'J11': -369791.5, 'J12': -242782.5, 'J13': -60259.5, 'cluster3106249630_3106249631_J60_J61_#5more': -407713.5}, {'J10': 13, 'J11': 32, 'J12': 21, 'J13': 28, 'cluster3106249630_3106249631_J60_J61_#5more': 36}, {'J10': 18, 'J11': 54, 'J12': 81, 'J13': 37, 'cluster3106249630_3106249631_J60_J61_#5more': 66}, 
3950.0, {'J10': -103557.5, 'J11': -370331.5, 'J12': -242320.5, 'J13': -60629.5, 'cluster3106249630_3106249631_J60_J61_#5more': -408373.5}, {'J10': 13, 'J11': 32, 'J12': 21, 'J13': 28, 'cluster3106249630_3106249631_J60_J61_#5more': 36}, {'J10': 18, 'J11': 54, 'J12': 78, 'J13': 37, 'cluster3106249630_3106249631_J60_J61_#5more': 66}, 
3955.0, {'J10': -103737.5, 'J11': -370872.0, 'J12': -242882.0, 'J13': -60999.5, 'cluster3106249630_3106249631_J60_J61_#5more': -409033.5}, {'J10': 13, 'J11': 32, 'J12': 21, 'J13': 28, 'cluster3106249630_3106249631_J60_J61_#5more': 36}, {'J10': 18, 'J11': 55, 'J12': 76, 'J13': 37, 'cluster3106249630_3106249631_J60_J61_#5more': 66}, 
3960.0, {'J10': -103917.5, 'J11': -371422.0, 'J12': -243539.0, 'J13': -61369.5, 'cluster3106249630_3106249631_J60_J61_#5more': -409701.5}, {'J10': 13, 'J11': 32, 'J12': 21, 'J13': 28, 'cluster3106249630_3106249631_J60_J61_#5more': 36}, {'J10': 18, 'J11': 55, 'J12': 76, 'J13': 37, 'cluster3106249630_3106249631_J60_J61_#5more': 68}, 
3965.0, {'J10': -104097.5, 'J11': -371972.0, 'J12': -244075.0, 'J13': -61739.5, 'cluster3106249630_3106249631_J60_J61_#5more': -410383.0}, {'J10': 13, 'J11': 32, 'J12': 21, 'J13': 28, 'cluster3106249630_3106249631_J60_J61_#5more': 36}, {'J10': 18, 'J11': 55, 'J12': 74, 'J13': 37, 'cluster3106249630_3106249631_J60_J61_#5more': 69}, 
3970.0, {'J10': -104277.5, 'J11': -372522.0, 'J12': -240498.5, 'J13': -62109.5, 'cluster3106249630_3106249631_J60_J61_#5more': -411073.0}, {'J10': 13, 'J11': 32, 'J12': 21, 'J13': 28, 'cluster3106249630_3106249631_J60_J61_#5more': 36}, {'J10': 18, 'J11': 55, 'J12': 70, 'J13': 37, 'cluster3106249630_3106249631_J60_J61_#5more': 69}, 
3975.0, {'J10': -104457.5, 'J11': -373072.0, 'J12': -240443.0, 'J13': -62479.5, 'cluster3106249630_3106249631_J60_J61_#5more': -411763.0}, {'J10': 13, 'J11': 32, 'J12': 21, 'J13': 28, 'cluster3106249630_3106249631_J60_J61_#5more': 36}, {'J10': 18, 'J11': 55, 'J12': 68, 'J13': 37, 'cluster3106249630_3106249631_J60_J61_#5more': 69}, 
3980.0, {'J10': -104637.5, 'J11': -373571.5, 'J12': -241123.0, 'J13': -59978.0, 'cluster3106249630_3106249631_J60_J61_#5more': -412455.0}, {'J10': 13, 'J11': 32, 'J12': 21, 'J13': 26, 'cluster3106249630_3106249631_J60_J61_#5more': 36}, {'J10': 18, 'J11': 54, 'J12': 68, 'J13': 34, 'cluster3106249630_3106249631_J60_J61_#5more': 70}, 
3985.0, {'J10': -104817.5, 'J11': -374111.5, 'J12': -241820.0, 'J13': -57787.5, 'cluster3106249630_3106249631_J60_J61_#5more': -413157.5}, {'J10': 13, 'J11': 32, 'J12': 21, 'J13': 24, 'cluster3106249630_3106249631_J60_J61_#5more': 36}, {'J10': 18, 'J11': 54, 'J12': 72, 'J13': 31, 'cluster3106249630_3106249631_J60_J61_#5more': 71}, 
3990.0, {'J10': -104997.5, 'J11': -374651.5, 'J12': -242541.5, 'J13': -58097.5, 'cluster3106249630_3106249631_J60_J61_#5more': -413867.5}, {'J10': 13, 'J11': 32, 'J12': 21, 'J13': 24, 'cluster3106249630_3106249631_J60_J61_#5more': 36}, {'J10': 18, 'J11': 54, 'J12': 73, 'J13': 31, 'cluster3106249630_3106249631_J60_J61_#5more': 71}, 
3995.0, {'J10': -105177.5, 'J11': -375191.5, 'J12': -242636.0, 'J13': -58407.5, 'cluster3106249630_3106249631_J60_J61_#5more': -414581.5}, {'J10': 13, 'J11': 32, 'J12': 21, 'J13': 24, 'cluster3106249630_3106249631_J60_J61_#5more': 36}, {'J10': 18, 'J11': 54, 'J12': 73, 'J13': 31, 'cluster3106249630_3106249631_J60_J61_#5more': 72}, 
4000.0, {'J10': -105357.5, 'J11': -375731.5, 'J12': -243372.0, 'J13': -58718.5, 'cluster3106249630_3106249631_J60_J61_#5more': -415303.0}, {'J10': 13, 'J11': 32, 'J12': 21, 'J13': 25, 'cluster3106249630_3106249631_J60_J61_#5more': 36}, {'J10': 18, 'J11': 54, 'J12': 75, 'J13': 32, 'cluster3106249630_3106249631_J60_J61_#5more': 73}, 
4005.0, {'J10': -105537.5, 'J11': -376271.5, 'J12': -244131.0, 'J13': -59048.5, 'cluster3106249630_3106249631_J60_J61_#5more': -416033.0}, {'J10': 13, 'J11': 32, 'J12': 21, 'J13': 28, 'cluster3106249630_3106249631_J60_J61_#5more': 36}, {'J10': 18, 'J11': 54, 'J12': 77, 'J13': 35, 'cluster3106249630_3106249631_J60_J61_#5more': 73}, 
4010.0, {'J10': -105717.5, 'J11': -376811.5, 'J12': -244906.0, 'J13': -59398.5, 'cluster3106249630_3106249631_J60_J61_#5more': -416763.0}, {'J10': 13, 'J11': 32, 'J12': 21, 'J13': 28, 'cluster3106249630_3106249631_J60_J61_#5more': 36}, {'J10': 18, 'J11': 54, 'J12': 78, 'J13': 35, 'cluster3106249630_3106249631_J60_J61_#5more': 73}, 
4015.0, {'J10': -105897.5, 'J11': -377351.5, 'J12': -245686.0, 'J13': -59748.5, 'cluster3106249630_3106249631_J60_J61_#5more': -417493.0}, {'J10': 13, 'J11': 32, 'J12': 21, 'J13': 28, 'cluster3106249630_3106249631_J60_J61_#5more': 36}, {'J10': 18, 'J11': 54, 'J12': 78, 'J13': 35, 'cluster3106249630_3106249631_J60_J61_#5more': 73}, 
4020.0, {'J10': -106077.5, 'J11': -377891.5, 'J12': -246466.0, 'J13': -60098.5, 'cluster3106249630_3106249631_J60_J61_#5more': -418223.0}, {'J10': 13, 'J11': 32, 'J12': 21, 'J13': 28, 'cluster3106249630_3106249631_J60_J61_#5more': 36}, {'J10': 18, 'J11': 54, 'J12': 78, 'J13': 35, 'cluster3106249630_3106249631_J60_J61_#5more': 73}, 
4025.0, {'J10': -106257.5, 'J11': -378431.5, 'J12': -247254.5, 'J13': -60448.5, 'cluster3106249630_3106249631_J60_J61_#5more': -418955.0}, {'J10': 13, 'J11': 32, 'J12': 21, 'J13': 28, 'cluster3106249630_3106249631_J60_J61_#5more': 36}, {'J10': 18, 'J11': 54, 'J12': 81, 'J13': 35, 'cluster3106249630_3106249631_J60_J61_#5more': 74}, 
4030.0, {'J10': -106437.5, 'J11': -378971.5, 'J12': -248069.5, 'J13': -60798.5, 'cluster3106249630_3106249631_J60_J61_#5more': -419695.0}, {'J10': 13, 'J11': 32, 'J12': 21, 'J13': 28, 'cluster3106249630_3106249631_J60_J61_#5more': 36}, {'J10': 18, 'J11': 54, 'J12': 82, 'J13': 35, 'cluster3106249630_3106249631_J60_J61_#5more': 74}, 
4035.0, {'J10': -106617.5, 'J11': -379511.5, 'J12': -248148.5, 'J13': -61148.5, 'cluster3106249630_3106249631_J60_J61_#5more': -420435.5}, {'J10': 13, 'J11': 32, 'J12': 21, 'J13': 28, 'cluster3106249630_3106249631_J60_J61_#5more': 36}, {'J10': 18, 'J11': 54, 'J12': 80, 'J13': 35, 'cluster3106249630_3106249631_J60_J61_#5more': 75}, 
4040.0, {'J10': -106797.5, 'J11': -380051.5, 'J12': -248200.0, 'J13': -61498.5, 'cluster3106249630_3106249631_J60_J61_#5more': -417155.5}, {'J10': 13, 'J11': 32, 'J12': 21, 'J13': 28, 'cluster3106249630_3106249631_J60_J61_#5more': 36}, {'J10': 18, 'J11': 54, 'J12': 78, 'J13': 35, 'cluster3106249630_3106249631_J60_J61_#5more': 73}, 
4045.0, {'J10': -106977.5, 'J11': -380591.5, 'J12': -248985.0, 'J13': -59463.0, 'cluster3106249630_3106249631_J60_J61_#5more': -417885.5}, {'J10': 13, 'J11': 32, 'J12': 21, 'J13': 26, 'cluster3106249630_3106249631_J60_J61_#5more': 36}, {'J10': 18, 'J11': 54, 'J12': 81, 'J13': 33, 'cluster3106249630_3106249631_J60_J61_#5more': 73}, 
4050.0, {'J10': -107157.5, 'J11': -381131.5, 'J12': -249802.5, 'J13': -57648.0, 'cluster3106249630_3106249631_J60_J61_#5more': -418615.5}, {'J10': 13, 'J11': 32, 'J12': 21, 'J13': 24, 'cluster3106249630_3106249631_J60_J61_#5more': 36}, {'J10': 18, 'J11': 54, 'J12': 83, 'J13': 31, 'cluster3106249630_3106249631_J60_J61_#5more': 73}, 
4055.0, {'J10': -107337.5, 'J11': -381671.5, 'J12': -250328.0, 'J13': -57958.0, 'cluster3106249630_3106249631_J60_J61_#5more': -419345.5}, {'J10': 13, 'J11': 32, 'J12': 21, 'J13': 24, 'cluster3106249630_3106249631_J60_J61_#5more': 36}, {'J10': 18, 'J11': 54, 'J12': 82, 'J13': 31, 'cluster3106249630_3106249631_J60_J61_#5more': 73}, 
4060.0, {'J10': -107517.5, 'J11': -382211.5, 'J12': -250835.5, 'J13': -58268.0, 'cluster3106249630_3106249631_J60_J61_#5more': -420075.5}, {'J10': 13, 'J11': 32, 'J12': 21, 'J13': 24, 'cluster3106249630_3106249631_J60_J61_#5more': 36}, {'J10': 18, 'J11': 54, 'J12': 81, 'J13': 31, 'cluster3106249630_3106249631_J60_J61_#5more': 73}, 
4065.0, {'J10': -107697.5, 'J11': -382751.5, 'J12': -251645.5, 'J13': -58579.0, 'cluster3106249630_3106249631_J60_J61_#5more': -420806.0}, {'J10': 13, 'J11': 32, 'J12': 21, 'J13': 25, 'cluster3106249630_3106249631_J60_J61_#5more': 36}, {'J10': 18, 'J11': 54, 'J12': 81, 'J13': 32, 'cluster3106249630_3106249631_J60_J61_#5more': 74}, 
4070.0, {'J10': -107877.5, 'J11': -383291.5, 'J12': -252455.5, 'J13': -58908.5, 'cluster3106249630_3106249631_J60_J61_#5more': -421546.0}, {'J10': 13, 'J11': 32, 'J12': 21, 'J13': 28, 'cluster3106249630_3106249631_J60_J61_#5more': 36}, {'J10': 18, 'J11': 54, 'J12': 81, 'J13': 35, 'cluster3106249630_3106249631_J60_J61_#5more': 74}, 
4075.0, {'J10': -108057.5, 'J11': -383831.5, 'J12': -252424.5, 'J13': -59258.5, 'cluster3106249630_3106249631_J60_J61_#5more': -422286.0}, {'J10': 13, 'J11': 32, 'J12': 21, 'J13': 28, 'cluster3106249630_3106249631_J60_J61_#5more': 36}, {'J10': 18, 'J11': 54, 'J12': 80, 'J13': 35, 'cluster3106249630_3106249631_J60_J61_#5more': 74}, 
4080.0, {'J10': -108237.5, 'J11': -384371.5, 'J12': -253226.0, 'J13': -59608.5, 'cluster3106249630_3106249631_J60_J61_#5more': -423026.0}, {'J10': 13, 'J11': 32, 'J12': 21, 'J13': 28, 'cluster3106249630_3106249631_J60_J61_#5more': 36}, {'J10': 18, 'J11': 54, 'J12': 81, 'J13': 35, 'cluster3106249630_3106249631_J60_J61_#5more': 74}, 
4085.0, {'J10': -108417.5, 'J11': -384911.5, 'J12': -254039.0, 'J13': -59958.5, 'cluster3106249630_3106249631_J60_J61_#5more': -423766.0}, {'J10': 13, 'J11': 32, 'J12': 21, 'J13': 28, 'cluster3106249630_3106249631_J60_J61_#5more': 36}, {'J10': 18, 'J11': 54, 'J12': 82, 'J13': 35, 'cluster3106249630_3106249631_J60_J61_#5more': 74}, 
4090.0, {'J10': -108597.5, 'J11': -385451.5, 'J12': -254861.5, 'J13': -60308.5, 'cluster3106249630_3106249631_J60_J61_#5more': -424506.0}, {'J10': 13, 'J11': 32, 'J12': 21, 'J13': 28, 'cluster3106249630_3106249631_J60_J61_#5more': 36}, {'J10': 18, 'J11': 54, 'J12': 84, 'J13': 35, 'cluster3106249630_3106249631_J60_J61_#5more': 74}, 
4095.0, {'J10': -108777.5, 'J11': -385991.5, 'J12': -255701.5, 'J13': -60658.5, 'cluster3106249630_3106249631_J60_J61_#5more': -425246.0}, {'J10': 13, 'J11': 32, 'J12': 21, 'J13': 28, 'cluster3106249630_3106249631_J60_J61_#5more': 36}, {'J10': 18, 'J11': 54, 'J12': 84, 'J13': 35, 'cluster3106249630_3106249631_J60_J61_#5more': 74}, 
4100.0, {'J10': -108957.5, 'J11': -386531.5, 'J12': -255442.5, 'J13': -61008.5, 'cluster3106249630_3106249631_J60_J61_#5more': -425986.0}, {'J10': 13, 'J11': 32, 'J12': 21, 'J13': 28, 'cluster3106249630_3106249631_J60_J61_#5more': 36}, {'J10': 18, 'J11': 54, 'J12': 81, 'J13': 35, 'cluster3106249630_3106249631_J60_J61_#5more': 74}, 
4105.0, {'J10': -109137.5, 'J11': -387071.5, 'J12': -255878.0, 'J13': -61358.5, 'cluster3106249630_3106249631_J60_J61_#5more': -422682.0}, {'J10': 13, 'J11': 32, 'J12': 21, 'J13': 28, 'cluster3106249630_3106249631_J60_J61_#5more': 36}, {'J10': 18, 'J11': 54, 'J12': 80, 'J13': 35, 'cluster3106249630_3106249631_J60_J61_#5more': 72}, 
4110.0, {'J10': -109317.5, 'J11': -387611.5, 'J12': -256678.5, 'J13': -59583.0, 'cluster3106249630_3106249631_J60_J61_#5more': -423402.0}, {'J10': 13, 'J11': 32, 'J12': 21, 'J13': 26, 'cluster3106249630_3106249631_J60_J61_#5more': 36}, {'J10': 18, 'J11': 54, 'J12': 81, 'J13': 33, 'cluster3106249630_3106249631_J60_J61_#5more': 72}, 
4115.0, {'J10': -109497.5, 'J11': -388151.5, 'J12': -257501.5, 'J13': -58031.5, 'cluster3106249630_3106249631_J60_J61_#5more': -424122.0}, {'J10': 13, 'J11': 32, 'J12': 21, 'J13': 24, 'cluster3106249630_3106249631_J60_J61_#5more': 36}, {'J10': 18, 'J11': 54, 'J12': 84, 'J13': 31, 'cluster3106249630_3106249631_J60_J61_#5more': 72}, 
4120.0, {'J10': -109677.5, 'J11': -388691.5, 'J12': -258087.0, 'J13': -58341.5, 'cluster3106249630_3106249631_J60_J61_#5more': -424842.0}, {'J10': 13, 'J11': 32, 'J12': 21, 'J13': 24, 'cluster3106249630_3106249631_J60_J61_#5more': 36}, {'J10': 18, 'J11': 54, 'J12': 84, 'J13': 31, 'cluster3106249630_3106249631_J60_J61_#5more': 72}, 
4125.0, {'J10': -109857.5, 'J11': -389231.5, 'J12': -257955.5, 'J13': -58651.5, 'cluster3106249630_3106249631_J60_J61_#5more': -425562.0}, {'J10': 13, 'J11': 32, 'J12': 21, 'J13': 24, 'cluster3106249630_3106249631_J60_J61_#5more': 36}, {'J10': 18, 'J11': 54, 'J12': 83, 'J13': 31, 'cluster3106249630_3106249631_J60_J61_#5more': 72}, 
4130.0, {'J10': -110037.5, 'J11': -389771.5, 'J12': -258785.5, 'J13': -58962.5, 'cluster3106249630_3106249631_J60_J61_#5more': -426282.0}, {'J10': 13, 'J11': 32, 'J12': 21, 'J13': 25, 'cluster3106249630_3106249631_J60_J61_#5more': 36}, {'J10': 18, 'J11': 54, 'J12': 83, 'J13': 32, 'cluster3106249630_3106249631_J60_J61_#5more': 72}, 
4135.0, {'J10': -110217.5, 'J11': -390311.5, 'J12': -259615.5, 'J13': -59291.5, 'cluster3106249630_3106249631_J60_J61_#5more': -427002.0}, {'J10': 13, 'J11': 32, 'J12': 21, 'J13': 28, 'cluster3106249630_3106249631_J60_J61_#5more': 36}, {'J10': 18, 'J11': 54, 'J12': 83, 'J13': 35, 'cluster3106249630_3106249631_J60_J61_#5more': 72}, 
4140.0, {'J10': -110397.5, 'J11': -390851.5, 'J12': -260180.5, 'J13': -59641.5, 'cluster3106249630_3106249631_J60_J61_#5more': -427726.0}, {'J10': 13, 'J11': 32, 'J12': 21, 'J13': 28, 'cluster3106249630_3106249631_J60_J61_#5more': 36}, {'J10': 18, 'J11': 54, 'J12': 82, 'J13': 35, 'cluster3106249630_3106249631_J60_J61_#5more': 73}, 
4145.0, {'J10': -110577.5, 'J11': -391391.5, 'J12': -261000.5, 'J13': -59991.5, 'cluster3106249630_3106249631_J60_J61_#5more': -428459.0}, {'J10': 13, 'J11': 32, 'J12': 21, 'J13': 28, 'cluster3106249630_3106249631_J60_J61_#5more': 36}, {'J10': 18, 'J11': 54, 'J12': 82, 'J13': 35, 'cluster3106249630_3106249631_J60_J61_#5more': 74}, 
4150.0, {'J10': -110757.5, 'J11': -391931.5, 'J12': -261820.5, 'J13': -60341.5, 'cluster3106249630_3106249631_J60_J61_#5more': -429199.0}, {'J10': 13, 'J11': 32, 'J12': 21, 'J13': 28, 'cluster3106249630_3106249631_J60_J61_#5more': 36}, {'J10': 18, 'J11': 54, 'J12': 82, 'J13': 35, 'cluster3106249630_3106249631_J60_J61_#5more': 74}, 
4155.0, {'J10': -110937.5, 'J11': -392471.5, 'J12': -262640.5, 'J13': -60691.5, 'cluster3106249630_3106249631_J60_J61_#5more': -429944.0}, {'J10': 13, 'J11': 32, 'J12': 21, 'J13': 28, 'cluster3106249630_3106249631_J60_J61_#5more': 36}, {'J10': 18, 'J11': 54, 'J12': 82, 'J13': 35, 'cluster3106249630_3106249631_J60_J61_#5more': 75}, 
4160.0, {'J10': -111117.5, 'J11': -393011.5, 'J12': -263460.5, 'J13': -61041.5, 'cluster3106249630_3106249631_J60_J61_#5more': -430694.0}, {'J10': 13, 'J11': 32, 'J12': 21, 'J13': 28, 'cluster3106249630_3106249631_J60_J61_#5more': 36}, {'J10': 18, 'J11': 54, 'J12': 82, 'J13': 35, 'cluster3106249630_3106249631_J60_J61_#5more': 75}, 
4165.0, {'J10': -111297.5, 'J11': -393551.5, 'J12': -261296.0, 'J13': -61391.5, 'cluster3106249630_3106249631_J60_J61_#5more': -431444.0}, {'J10': 13, 'J11': 32, 'J12': 21, 'J13': 28, 'cluster3106249630_3106249631_J60_J61_#5more': 36}, {'J10': 18, 'J11': 54, 'J12': 79, 'J13': 35, 'cluster3106249630_3106249631_J60_J61_#5more': 75}, 
4170.0, {'J10': -111477.5, 'J11': -394091.5, 'J12': -261528.0, 'J13': -61741.5, 'cluster3106249630_3106249631_J60_J61_#5more': -432194.0}, {'J10': 13, 'J11': 32, 'J12': 21, 'J13': 28, 'cluster3106249630_3106249631_J60_J61_#5more': 36}, {'J10': 18, 'J11': 54, 'J12': 78, 'J13': 35, 'cluster3106249630_3106249631_J60_J61_#5more': 75}, 
4175.0, {'J10': -111657.5, 'J11': -394631.5, 'J12': -262309.0, 'J13': -58249.0, 'cluster3106249630_3106249631_J60_J61_#5more': -432944.0}, {'J10': 13, 'J11': 32, 'J12': 21, 'J13': 24, 'cluster3106249630_3106249631_J60_J61_#5more': 36}, {'J10': 18, 'J11': 54, 'J12': 80, 'J13': 31, 'cluster3106249630_3106249631_J60_J61_#5more': 75}, 
4180.0, {'J10': -111837.5, 'J11': -395171.5, 'J12': -263117.5, 'J13': -58559.0, 'cluster3106249630_3106249631_J60_J61_#5more': -433694.0}, {'J10': 13, 'J11': 32, 'J12': 21, 'J13': 24, 'cluster3106249630_3106249631_J60_J61_#5more': 36}, {'J10': 18, 'J11': 54, 'J12': 82, 'J13': 31, 'cluster3106249630_3106249631_J60_J61_#5more': 75}, 
4185.0, {'J10': -112017.5, 'J11': -395711.5, 'J12': -263937.5, 'J13': -58869.0, 'cluster3106249630_3106249631_J60_J61_#5more': -434444.0}, {'J10': 13, 'J11': 32, 'J12': 21, 'J13': 24, 'cluster3106249630_3106249631_J60_J61_#5more': 36}, {'J10': 18, 'J11': 54, 'J12': 82, 'J13': 31, 'cluster3106249630_3106249631_J60_J61_#5more': 75}, 
4190.0, {'J10': -112197.5, 'J11': -396251.5, 'J12': -263677.0, 'J13': -59179.0, 'cluster3106249630_3106249631_J60_J61_#5more': -435194.0}, {'J10': 13, 'J11': 32, 'J12': 21, 'J13': 24, 'cluster3106249630_3106249631_J60_J61_#5more': 36}, {'J10': 18, 'J11': 54, 'J12': 81, 'J13': 31, 'cluster3106249630_3106249631_J60_J61_#5more': 75}, 
4195.0, {'J10': -112377.5, 'J11': -396791.5, 'J12': -264487.0, 'J13': -59490.0, 'cluster3106249630_3106249631_J60_J61_#5more': -435944.0}, {'J10': 13, 'J11': 32, 'J12': 21, 'J13': 25, 'cluster3106249630_3106249631_J60_J61_#5more': 36}, {'J10': 18, 'J11': 54, 'J12': 81, 'J13': 32, 'cluster3106249630_3106249631_J60_J61_#5more': 75}, 
4200.0, {'J10': -112557.5, 'J11': -397331.5, 'J12': -265297.0, 'J13': -59821.0, 'cluster3106249630_3106249631_J60_J61_#5more': -436694.0}, {'J10': 13, 'J11': 32, 'J12': 21, 'J13': 28, 'cluster3106249630_3106249631_J60_J61_#5more': 36}, {'J10': 18, 'J11': 54, 'J12': 81, 'J13': 35, 'cluster3106249630_3106249631_J60_J61_#5more': 75}, 
4205.0, {'J10': -112737.5, 'J11': -397871.5, 'J12': -266107.0, 'J13': -60171.0, 'cluster3106249630_3106249631_J60_J61_#5more': -437444.0}, {'J10': 13, 'J11': 32, 'J12': 21, 'J13': 28, 'cluster3106249630_3106249631_J60_J61_#5more': 36}, {'J10': 18, 'J11': 54, 'J12': 81, 'J13': 35, 'cluster3106249630_3106249631_J60_J61_#5more': 75}, 
4210.0, {'J10': -112917.5, 'J11': -398411.5, 'J12': -266925.5, 'J13': -60521.0, 'cluster3106249630_3106249631_J60_J61_#5more': -438194.0}, {'J10': 13, 'J11': 32, 'J12': 21, 'J13': 28, 'cluster3106249630_3106249631_J60_J61_#5more': 36}, {'J10': 18, 'J11': 54, 'J12': 83, 'J13': 35, 'cluster3106249630_3106249631_J60_J61_#5more': 75}, 
4215.0, {'J10': -113097.5, 'J11': -398951.5, 'J12': -267755.5, 'J13': -60871.0, 'cluster3106249630_3106249631_J60_J61_#5more': -438947.5}, {'J10': 13, 'J11': 32, 'J12': 21, 'J13': 28, 'cluster3106249630_3106249631_J60_J61_#5more': 36}, {'J10': 18, 'J11': 54, 'J12': 83, 'J13': 35, 'cluster3106249630_3106249631_J60_J61_#5more': 76}, 
4220.0, {'J10': -113277.5, 'J11': -399491.5, 'J12': -268585.5, 'J13': -61221.0, 'cluster3106249630_3106249631_J60_J61_#5more': -439707.5}, {'J10': 13, 'J11': 32, 'J12': 21, 'J13': 28, 'cluster3106249630_3106249631_J60_J61_#5more': 36}, {'J10': 18, 'J11': 54, 'J12': 83, 'J13': 35, 'cluster3106249630_3106249631_J60_J61_#5more': 76}, 
4225.0, {'J10': -113457.5, 'J11': -400031.5, 'J12': -269415.5, 'J13': -61571.0, 'cluster3106249630_3106249631_J60_J61_#5more': -440467.5}, {'J10': 13, 'J11': 32, 'J12': 21, 'J13': 28, 'cluster3106249630_3106249631_J60_J61_#5more': 36}, {'J10': 18, 'J11': 54, 'J12': 83, 'J13': 35, 'cluster3106249630_3106249631_J60_J61_#5more': 76}, 
4230.0, {'J10': -113637.5, 'J11': -400571.5, 'J12': -269140.5, 'J13': -61921.0, 'cluster3106249630_3106249631_J60_J61_#5more': -441227.5}, {'J10': 13, 'J11': 32, 'J12': 21, 'J13': 28, 'cluster3106249630_3106249631_J60_J61_#5more': 36}, {'J10': 18, 'J11': 54, 'J12': 80, 'J13': 35, 'cluster3106249630_3106249631_J60_J61_#5more': 76}, 
4235.0, {'J10': -113817.5, 'J11': -401111.5, 'J12': -269567.0, 'J13': -62271.0, 'cluster3106249630_3106249631_J60_J61_#5more': -437660.0}, {'J10': 13, 'J11': 32, 'J12': 21, 'J13': 28, 'cluster3106249630_3106249631_J60_J61_#5more': 36}, {'J10': 18, 'J11': 54, 'J12': 79, 'J13': 35, 'cluster3106249630_3106249631_J60_J61_#5more': 75}, 
4240.0, {'J10': -113997.5, 'J11': -401651.5, 'J12': -270362.5, 'J13': -59033.5, 'cluster3106249630_3106249631_J60_J61_#5more': -438413.0}, {'J10': 13, 'J11': 32, 'J12': 21, 'J13': 24, 'cluster3106249630_3106249631_J60_J61_#5more': 36}, {'J10': 18, 'J11': 54, 'J12': 82, 'J13': 31, 'cluster3106249630_3106249631_J60_J61_#5more': 76}, 
4245.0, {'J10': -114177.5, 'J11': -402191.5, 'J12': -271191.0, 'J13': -59343.5, 'cluster3106249630_3106249631_J60_J61_#5more': -439173.0}, {'J10': 13, 'J11': 32, 'J12': 21, 'J13': 24, 'cluster3106249630_3106249631_J60_J61_#5more': 36}, {'J10': 18, 'J11': 54, 'J12': 84, 'J13': 31, 'cluster3106249630_3106249631_J60_J61_#5more': 76}, 
4250.0, {'J10': -114357.5, 'J11': -402731.5, 'J12': -272031.0, 'J13': -59653.5, 'cluster3106249630_3106249631_J60_J61_#5more': -439933.0}, {'J10': 13, 'J11': 32, 'J12': 21, 'J13': 24, 'cluster3106249630_3106249631_J60_J61_#5more': 36}, {'J10': 18, 'J11': 54, 'J12': 84, 'J13': 31, 'cluster3106249630_3106249631_J60_J61_#5more': 76}, 
4255.0, {'J10': -114537.5, 'J11': -403271.5, 'J12': -271159.0, 'J13': -59963.5, 'cluster3106249630_3106249631_J60_J61_#5more': -440697.0}, {'J10': 13, 'J11': 32, 'J12': 21, 'J13': 24, 'cluster3106249630_3106249631_J60_J61_#5more': 36}, {'J10': 18, 'J11': 54, 'J12': 82, 'J13': 31, 'cluster3106249630_3106249631_J60_J61_#5more': 77}, 
4260.0, {'J10': -114717.5, 'J11': -403811.5, 'J12': -271457.5, 'J13': -60273.5, 'cluster3106249630_3106249631_J60_J61_#5more': -441467.0}, {'J10': 13, 'J11': 32, 'J12': 21, 'J13': 24, 'cluster3106249630_3106249631_J60_J61_#5more': 36}, {'J10': 18, 'J11': 54, 'J12': 81, 'J13': 31, 'cluster3106249630_3106249631_J60_J61_#5more': 77}, 
4265.0, {'J10': -114897.5, 'J11': -404351.5, 'J12': -272267.5, 'J13': -60593.0, 'cluster3106249630_3106249631_J60_J61_#5more': -442240.5}, {'J10': 13, 'J11': 32, 'J12': 21, 'J13': 27, 'cluster3106249630_3106249631_J60_J61_#5more': 36}, {'J10': 18, 'J11': 54, 'J12': 81, 'J13': 34, 'cluster3106249630_3106249631_J60_J61_#5more': 78}, 
4270.0, {'J10': -115077.5, 'J11': -404891.5, 'J12': -273077.5, 'J13': -60936.0, 'cluster3106249630_3106249631_J60_J61_#5more': -443020.5}, {'J10': 13, 'J11': 32, 'J12': 21, 'J13': 28, 'cluster3106249630_3106249631_J60_J61_#5more': 36}, {'J10': 18, 'J11': 54, 'J12': 81, 'J13': 35, 'cluster3106249630_3106249631_J60_J61_#5more': 78}, 
4275.0, {'J10': -115257.5, 'J11': -405431.5, 'J12': -273889.5, 'J13': -61286.0, 'cluster3106249630_3106249631_J60_J61_#5more': -443804.0}, {'J10': 13, 'J11': 32, 'J12': 21, 'J13': 28, 'cluster3106249630_3106249631_J60_J61_#5more': 36}, {'J10': 18, 'J11': 54, 'J12': 82, 'J13': 35, 'cluster3106249630_3106249631_J60_J61_#5more': 79}, 
4280.0, {'J10': -115437.5, 'J11': -405971.5, 'J12': -274709.5, 'J13': -61636.0, 'cluster3106249630_3106249631_J60_J61_#5more': -444594.0}, {'J10': 13, 'J11': 32, 'J12': 21, 'J13': 28, 'cluster3106249630_3106249631_J60_J61_#5more': 36}, {'J10': 18, 'J11': 54, 'J12': 82, 'J13': 35, 'cluster3106249630_3106249631_J60_J61_#5more': 79}, 
4285.0, {'J10': -115617.5, 'J11': -406511.5, 'J12': -275529.5, 'J13': -61986.0, 'cluster3106249630_3106249631_J60_J61_#5more': -445389.0}, {'J10': 13, 'J11': 32, 'J12': 21, 'J13': 28, 'cluster3106249630_3106249631_J60_J61_#5more': 36}, {'J10': 18, 'J11': 54, 'J12': 82, 'J13': 35, 'cluster3106249630_3106249631_J60_J61_#5more': 80}, 
4290.0, {'J10': -115797.5, 'J11': -407051.5, 'J12': -276349.5, 'J13': -62336.0, 'cluster3106249630_3106249631_J60_J61_#5more': -446189.0}, {'J10': 13, 'J11': 32, 'J12': 21, 'J13': 28, 'cluster3106249630_3106249631_J60_J61_#5more': 36}, {'J10': 18, 'J11': 54, 'J12': 82, 'J13': 35, 'cluster3106249630_3106249631_J60_J61_#5more': 80}, 
4295.0, {'J10': -115977.5, 'J11': -407591.5, 'J12': -274314.5, 'J13': -62686.0, 'cluster3106249630_3106249631_J60_J61_#5more': -446992.5}, {'J10': 13, 'J11': 32, 'J12': 21, 'J13': 28, 'cluster3106249630_3106249631_J60_J61_#5more': 36}, {'J10': 18, 'J11': 54, 'J12': 79, 'J13': 35, 'cluster3106249630_3106249631_J60_J61_#5more': 81}, 
4300.0, {'J10': -116157.5, 'J11': -408131.5, 'J12': -274356.5, 'J13': -63036.0, 'cluster3106249630_3106249631_J60_J61_#5more': -447802.5}, {'J10': 13, 'J11': 32, 'J12': 21, 'J13': 28, 'cluster3106249630_3106249631_J60_J61_#5more': 36}, {'J10': 18, 'J11': 54, 'J12': 77, 'J13': 35, 'cluster3106249630_3106249631_J60_J61_#5more': 81}, 
4305.0, {'J10': -116337.5, 'J11': -408671.5, 'J12': -275127.0, 'J13': -60668.0, 'cluster3106249630_3106249631_J60_J61_#5more': -448612.5}, {'J10': 13, 'J11': 32, 'J12': 21, 'J13': 25, 'cluster3106249630_3106249631_J60_J61_#5more': 36}, {'J10': 18, 'J11': 54, 'J12': 78, 'J13': 32, 'cluster3106249630_3106249631_J60_J61_#5more': 81}, 
4310.0, {'J10': -116517.5, 'J11': -409211.5, 'J12': -275920.0, 'J13': -60123.0, 'cluster3106249630_3106249631_J60_J61_#5more': -449422.5}, {'J10': 13, 'J11': 32, 'J12': 21, 'J13': 24, 'cluster3106249630_3106249631_J60_J61_#5more': 36}, {'J10': 18, 'J11': 54, 'J12': 81, 'J13': 31, 'cluster3106249630_3106249631_J60_J61_#5more': 81}, 
4315.0, {'J10': -116697.5, 'J11': -409751.5, 'J12': -276095.5, 'J13': -60433.0, 'cluster3106249630_3106249631_J60_J61_#5more': -450236.0}, {'J10': 13, 'J11': 32, 'J12': 21, 'J13': 24, 'cluster3106249630_3106249631_J60_J61_#5more': 36}, {'J10': 18, 'J11': 54, 'J12': 80, 'J13': 31, 'cluster3106249630_3106249631_J60_J61_#5more': 82}, 
4320.0, {'J10': -116877.5, 'J11': -410291.5, 'J12': -276895.5, 'J13': -60743.0, 'cluster3106249630_3106249631_J60_J61_#5more': -451058.5}, {'J10': 13, 'J11': 32, 'J12': 21, 'J13': 24, 'cluster3106249630_3106249631_J60_J61_#5more': 36}, {'J10': 18, 'J11': 54, 'J12': 80, 'J13': 31, 'cluster3106249630_3106249631_J60_J61_#5more': 83}, 
4325.0, {'J10': -117057.5, 'J11': -410831.5, 'J12': -277695.5, 'J13': -61053.0, 'cluster3106249630_3106249631_J60_J61_#5more': -451888.5}, {'J10': 13, 'J11': 32, 'J12': 21, 'J13': 24, 'cluster3106249630_3106249631_J60_J61_#5more': 36}, {'J10': 18, 'J11': 54, 'J12': 80, 'J13': 31, 'cluster3106249630_3106249631_J60_J61_#5more': 83}, 
4330.0, {'J10': -117237.5, 'J11': -411371.5, 'J12': -278495.5, 'J13': -61373.0, 'cluster3106249630_3106249631_J60_J61_#5more': -452718.5}, {'J10': 13, 'J11': 32, 'J12': 21, 'J13': 27, 'cluster3106249630_3106249631_J60_J61_#5more': 36}, {'J10': 18, 'J11': 54, 'J12': 80, 'J13': 34, 'cluster3106249630_3106249631_J60_J61_#5more': 83}, 
4335.0, {'J10': -117417.5, 'J11': -411911.5, 'J12': -279296.0, 'J13': -61717.0, 'cluster3106249630_3106249631_J60_J61_#5more': -453548.5}, {'J10': 13, 'J11': 32, 'J12': 21, 'J13': 28, 'cluster3106249630_3106249631_J60_J61_#5more': 36}, {'J10': 18, 'J11': 54, 'J12': 81, 'J13': 35, 'cluster3106249630_3106249631_J60_J61_#5more': 83}, 
4340.0, {'J10': -117597.5, 'J11': -412451.5, 'J12': -280106.0, 'J13': -62067.0, 'cluster3106249630_3106249631_J60_J61_#5more': -454378.5}, {'J10': 13, 'J11': 32, 'J12': 21, 'J13': 28, 'cluster3106249630_3106249631_J60_J61_#5more': 36}, {'J10': 18, 'J11': 54, 'J12': 81, 'J13': 35, 'cluster3106249630_3106249631_J60_J61_#5more': 83}, 
4345.0, {'J10': -117777.5, 'J11': -412991.5, 'J12': -280916.0, 'J13': -62417.0, 'cluster3106249630_3106249631_J60_J61_#5more': -446748.0}, {'J10': 13, 'J11': 32, 'J12': 21, 'J13': 28, 'cluster3106249630_3106249631_J60_J61_#5more': 36}, {'J10': 18, 'J11': 54, 'J12': 81, 'J13': 35, 'cluster3106249630_3106249631_J60_J61_#5more': 82}, 
4350.0, {'J10': -117957.5, 'J11': -413531.5, 'J12': -281726.0, 'J13': -62767.0, 'cluster3106249630_3106249631_J60_J61_#5more': -439104.5}, {'J10': 13, 'J11': 32, 'J12': 21, 'J13': 28, 'cluster3106249630_3106249631_J60_J61_#5more': 36}, {'J10': 18, 'J11': 54, 'J12': 81, 'J13': 35, 'cluster3106249630_3106249631_J60_J61_#5more': 81}, 
4355.0, {'J10': -118137.5, 'J11': -414071.5, 'J12': -282536.0, 'J13': -63117.0, 'cluster3106249630_3106249631_J60_J61_#5more': -439914.5}, {'J10': 13, 'J11': 32, 'J12': 21, 'J13': 28, 'cluster3106249630_3106249631_J60_J61_#5more': 36}, {'J10': 18, 'J11': 54, 'J12': 81, 'J13': 35, 'cluster3106249630_3106249631_J60_J61_#5more': 81}, 
4360.0, {'J10': -118317.5, 'J11': -414611.5, 'J12': -282605.0, 'J13': -63467.0, 'cluster3106249630_3106249631_J60_J61_#5more': -440730.5}, {'J10': 13, 'J11': 32, 'J12': 21, 'J13': 28, 'cluster3106249630_3106249631_J60_J61_#5more': 36}, {'J10': 18, 'J11': 54, 'J12': 79, 'J13': 35, 'cluster3106249630_3106249631_J60_J61_#5more': 83}, 
4365.0, {'J10': -118497.5, 'J11': -415151.5, 'J12': -282646.5, 'J13': -63817.0, 'cluster3106249630_3106249631_J60_J61_#5more': -441560.5}, {'J10': 13, 'J11': 32, 'J12': 21, 'J13': 28, 'cluster3106249630_3106249631_J60_J61_#5more': 36}, {'J10': 18, 'J11': 54, 'J12': 77, 'J13': 35, 'cluster3106249630_3106249631_J60_J61_#5more': 83}, 
4370.0, {'J10': -118677.5, 'J11': -415691.5, 'J12': -283421.5, 'J13': -61456.5, 'cluster3106249630_3106249631_J60_J61_#5more': -442390.5}, {'J10': 13, 'J11': 32, 'J12': 21, 'J13': 25, 'cluster3106249630_3106249631_J60_J61_#5more': 36}, {'J10': 18, 'J11': 54, 'J12': 80, 'J13': 32, 'cluster3106249630_3106249631_J60_J61_#5more': 83}, 
4375.0, {'J10': -118857.5, 'J11': -416231.5, 'J12': -284230.0, 'J13': -61025.5, 'cluster3106249630_3106249631_J60_J61_#5more': -443220.5}, {'J10': 13, 'J11': 32, 'J12': 21, 'J13': 24, 'cluster3106249630_3106249631_J60_J61_#5more': 36}, {'J10': 18, 'J11': 54, 'J12': 83, 'J13': 31, 'cluster3106249630_3106249631_J60_J61_#5more': 83}, 
4380.0, {'J10': -119037.5, 'J11': -416771.5, 'J12': -284075.5, 'J13': -61335.5, 'cluster3106249630_3106249631_J60_J61_#5more': -444050.5}, {'J10': 13, 'J11': 32, 'J12': 21, 'J13': 24, 'cluster3106249630_3106249631_J60_J61_#5more': 36}, {'J10': 18, 'J11': 54, 'J12': 82, 'J13': 31, 'cluster3106249630_3106249631_J60_J61_#5more': 83}, 
4385.0, {'J10': -119217.5, 'J11': -417311.5, 'J12': -283905.0, 'J13': -61645.5, 'cluster3106249630_3106249631_J60_J61_#5more': -444880.5}, {'J10': 13, 'J11': 32, 'J12': 21, 'J13': 24, 'cluster3106249630_3106249631_J60_J61_#5more': 36}, {'J10': 18, 'J11': 54, 'J12': 82, 'J13': 31, 'cluster3106249630_3106249631_J60_J61_#5more': 83}, 
4390.0, {'J10': -119397.5, 'J11': -417851.5, 'J12': -284725.0, 'J13': -61955.5, 'cluster3106249630_3106249631_J60_J61_#5more': -445710.5}, {'J10': 13, 'J11': 32, 'J12': 21, 'J13': 24, 'cluster3106249630_3106249631_J60_J61_#5more': 36}, {'J10': 18, 'J11': 54, 'J12': 82, 'J13': 31, 'cluster3106249630_3106249631_J60_J61_#5more': 83}, 
4395.0, {'J10': -119577.5, 'J11': -418391.5, 'J12': -285548.0, 'J13': -62275.5, 'cluster3106249630_3106249631_J60_J61_#5more': -446540.5}, {'J10': 13, 'J11': 32, 'J12': 21, 'J13': 27, 'cluster3106249630_3106249631_J60_J61_#5more': 36}, {'J10': 18, 'J11': 54, 'J12': 83, 'J13': 34, 'cluster3106249630_3106249631_J60_J61_#5more': 83}, 
4400.0, {'J10': -119757.5, 'J11': -418931.5, 'J12': -285583.0, 'J13': -62620.0, 'cluster3106249630_3106249631_J60_J61_#5more': -447370.5}, {'J10': 13, 'J11': 32, 'J12': 21, 'J13': 28, 'cluster3106249630_3106249631_J60_J61_#5more': 36}, {'J10': 18, 'J11': 54, 'J12': 82, 'J13': 35, 'cluster3106249630_3106249631_J60_J61_#5more': 83}, 
4405.0, {'J10': -119937.5, 'J11': -419471.5, 'J12': -284588.0, 'J13': -62970.0, 'cluster3106249630_3106249631_J60_J61_#5more': -448200.5}, {'J10': 13, 'J11': 32, 'J12': 21, 'J13': 28, 'cluster3106249630_3106249631_J60_J61_#5more': 36}, {'J10': 18, 'J11': 54, 'J12': 81, 'J13': 35, 'cluster3106249630_3106249631_J60_J61_#5more': 83}, 
4410.0, {'J10': -120117.5, 'J11': -420011.5, 'J12': -285327.5, 'J13': -63320.0, 'cluster3106249630_3106249631_J60_J61_#5more': -449030.5}, {'J10': 13, 'J11': 32, 'J12': 21, 'J13': 28, 'cluster3106249630_3106249631_J60_J61_#5more': 36}, {'J10': 18, 'J11': 54, 'J12': 80, 'J13': 35, 'cluster3106249630_3106249631_J60_J61_#5more': 83}, 
4415.0, {'J10': -120297.5, 'J11': -420551.5, 'J12': -286127.5, 'J13': -63670.0, 'cluster3106249630_3106249631_J60_J61_#5more': -444914.0}, {'J10': 13, 'J11': 32, 'J12': 21, 'J13': 28, 'cluster3106249630_3106249631_J60_J61_#5more': 36}, {'J10': 18, 'J11': 54, 'J12': 80, 'J13': 35, 'cluster3106249630_3106249631_J60_J61_#5more': 81}, 
4420.0, {'J10': -120477.5, 'J11': -421091.5, 'J12': -286927.5, 'J13': -64020.0, 'cluster3106249630_3106249631_J60_J61_#5more': -441900.0}, {'J10': 13, 'J11': 32, 'J12': 21, 'J13': 28, 'cluster3106249630_3106249631_J60_J61_#5more': 36}, {'J10': 18, 'J11': 54, 'J12': 80, 'J13': 35, 'cluster3106249630_3106249631_J60_J61_#5more': 82}, 
4425.0, {'J10': -120657.5, 'J11': -421631.5, 'J12': -287732.5, 'J13': -64370.0, 'cluster3106249630_3106249631_J60_J61_#5more': -442720.0}, {'J10': 13, 'J11': 32, 'J12': 21, 'J13': 28, 'cluster3106249630_3106249631_J60_J61_#5more': 36}, {'J10': 18, 'J11': 54, 'J12': 83, 'J13': 35, 'cluster3106249630_3106249631_J60_J61_#5more': 82}, 
4430.0, {'J10': -120837.5, 'J11': -422171.5, 'J12': -288563.5, 'J13': -64720.0, 'cluster3106249630_3106249631_J60_J61_#5more': -443540.0}, {'J10': 13, 'J11': 32, 'J12': 21, 'J13': 28, 'cluster3106249630_3106249631_J60_J61_#5more': 36}, {'J10': 18, 'J11': 54, 'J12': 84, 'J13': 35, 'cluster3106249630_3106249631_J60_J61_#5more': 82}, 
4435.0, {'J10': -121017.5, 'J11': -422711.5, 'J12': -289406.5, 'J13': -62349.5, 'cluster3106249630_3106249631_J60_J61_#5more': -444360.0}, {'J10': 13, 'J11': 32, 'J12': 21, 'J13': 25, 'cluster3106249630_3106249631_J60_J61_#5more': 36}, {'J10': 18, 'J11': 54, 'J12': 85, 'J13': 32, 'cluster3106249630_3106249631_J60_J61_#5more': 82}, 
4440.0, {'J10': -121197.5, 'J11': -423251.5, 'J12': -290256.5, 'J13': -61918.5, 'cluster3106249630_3106249631_J60_J61_#5more': -445180.0}, {'J10': 13, 'J11': 32, 'J12': 21, 'J13': 24, 'cluster3106249630_3106249631_J60_J61_#5more': 36}, {'J10': 18, 'J11': 54, 'J12': 85, 'J13': 31, 'cluster3106249630_3106249631_J60_J61_#5more': 82}, 
4445.0, {'J10': -121377.5, 'J11': -423791.5, 'J12': -291106.5, 'J13': -62228.5, 'cluster3106249630_3106249631_J60_J61_#5more': -446005.0}, {'J10': 13, 'J11': 32, 'J12': 21, 'J13': 24, 'cluster3106249630_3106249631_J60_J61_#5more': 36}, {'J10': 18, 'J11': 54, 'J12': 85, 'J13': 31, 'cluster3106249630_3106249631_J60_J61_#5more': 84}, 
4450.0, {'J10': -121557.5, 'J11': -424331.5, 'J12': -291956.5, 'J13': -62538.5, 'cluster3106249630_3106249631_J60_J61_#5more': -446845.0}, {'J10': 13, 'J11': 32, 'J12': 21, 'J13': 24, 'cluster3106249630_3106249631_J60_J61_#5more': 36}, {'J10': 18, 'J11': 54, 'J12': 85, 'J13': 31, 'cluster3106249630_3106249631_J60_J61_#5more': 84}, 
4455.0, {'J10': -121737.5, 'J11': -424871.5, 'J12': -292806.5, 'J13': -62848.5, 'cluster3106249630_3106249631_J60_J61_#5more': -447685.0}, {'J10': 13, 'J11': 32, 'J12': 21, 'J13': 24, 'cluster3106249630_3106249631_J60_J61_#5more': 36}, {'J10': 18, 'J11': 54, 'J12': 85, 'J13': 31, 'cluster3106249630_3106249631_J60_J61_#5more': 84}, 
4460.0, {'J10': -121917.5, 'J11': -425411.5, 'J12': -293656.5, 'J13': -63169.0, 'cluster3106249630_3106249631_J60_J61_#5more': -448525.0}, {'J10': 13, 'J11': 32, 'J12': 21, 'J13': 27, 'cluster3106249630_3106249631_J60_J61_#5more': 36}, {'J10': 18, 'J11': 54, 'J12': 85, 'J13': 34, 'cluster3106249630_3106249631_J60_J61_#5more': 84}, 
4465.0, {'J10': -122097.5, 'J11': -425951.5, 'J12': -294506.5, 'J13': -63512.5, 'cluster3106249630_3106249631_J60_J61_#5more': -449365.0}, {'J10': 13, 'J11': 32, 'J12': 21, 'J13': 28, 'cluster3106249630_3106249631_J60_J61_#5more': 36}, {'J10': 18, 'J11': 54, 'J12': 85, 'J13': 35, 'cluster3106249630_3106249631_J60_J61_#5more': 84}, 
4470.0, {'J10': -122277.5, 'J11': -426491.5, 'J12': -295356.5, 'J13': -63862.5, 'cluster3106249630_3106249631_J60_J61_#5more': -450205.0}, {'J10': 13, 'J11': 32, 'J12': 21, 'J13': 28, 'cluster3106249630_3106249631_J60_J61_#5more': 36}, {'J10': 18, 'J11': 54, 'J12': 85, 'J13': 35, 'cluster3106249630_3106249631_J60_J61_#5more': 84}, 
4475.0, {'J10': -122457.5, 'J11': -427031.5, 'J12': -292124.5, 'J13': -64212.5, 'cluster3106249630_3106249631_J60_J61_#5more': -442333.5}, {'J10': 13, 'J11': 32, 'J12': 21, 'J13': 28, 'cluster3106249630_3106249631_J60_J61_#5more': 36}, {'J10': 18, 'J11': 54, 'J12': 79, 'J13': 35, 'cluster3106249630_3106249631_J60_J61_#5more': 83}, 
4480.0, {'J10': -122637.5, 'J11': -427571.5, 'J12': -292914.5, 'J13': -64562.5, 'cluster3106249630_3106249631_J60_J61_#5more': -434448.5}, {'J10': 13, 'J11': 32, 'J12': 21, 'J13': 28, 'cluster3106249630_3106249631_J60_J61_#5more': 36}, {'J10': 18, 'J11': 54, 'J12': 79, 'J13': 35, 'cluster3106249630_3106249631_J60_J61_#5more': 82}, 
4485.0, {'J10': -122817.5, 'J11': -428111.5, 'J12': -293705.5, 'J13': -64912.5, 'cluster3106249630_3106249631_J60_J61_#5more': -435268.5}, {'J10': 13, 'J11': 32, 'J12': 21, 'J13': 28, 'cluster3106249630_3106249631_J60_J61_#5more': 36}, {'J10': 18, 'J11': 54, 'J12': 81, 'J13': 35, 'cluster3106249630_3106249631_J60_J61_#5more': 82}, 
4490.0, {'J10': -122997.5, 'J11': -428651.5, 'J12': -294530.5, 'J13': -65262.5, 'cluster3106249630_3106249631_J60_J61_#5more': -436094.0}, {'J10': 13, 'J11': 32, 'J12': 21, 'J13': 28, 'cluster3106249630_3106249631_J60_J61_#5more': 36}, {'J10': 18, 'J11': 54, 'J12': 85, 'J13': 35, 'cluster3106249630_3106249631_J60_J61_#5more': 84}, 
4495.0, {'J10': -123177.5, 'J11': -429191.5, 'J12': -295380.5, 'J13': -65612.5, 'cluster3106249630_3106249631_J60_J61_#5more': -436934.0}, {'J10': 13, 'J11': 32, 'J12': 21, 'J13': 28, 'cluster3106249630_3106249631_J60_J61_#5more': 36}, {'J10': 18, 'J11': 54, 'J12': 85, 'J13': 35, 'cluster3106249630_3106249631_J60_J61_#5more': 84}, 
4500.0, {'J10': -123357.5, 'J11': -429731.5, 'J12': -295175.5, 'J13': -64106.0, 'cluster3106249630_3106249631_J60_J61_#5more': -437774.0}, {'J10': 13, 'J11': 32, 'J12': 21, 'J13': 26, 'cluster3106249630_3106249631_J60_J61_#5more': 36}, {'J10': 18, 'J11': 54, 'J12': 84, 'J13': 33, 'cluster3106249630_3106249631_J60_J61_#5more': 84}, 
4505.0, {'J10': -123537.5, 'J11': -430271.5, 'J12': -296015.5, 'J13': -63563.0, 'cluster3106249630_3106249631_J60_J61_#5more': -438614.0}, {'J10': 13, 'J11': 32, 'J12': 21, 'J13': 25, 'cluster3106249630_3106249631_J60_J61_#5more': 36}, {'J10': 18, 'J11': 54, 'J12': 84, 'J13': 32, 'cluster3106249630_3106249631_J60_J61_#5more': 84}, 
4510.0, {'J10': -123717.5, 'J11': -430811.5, 'J12': -296855.5, 'J13': -63883.0, 'cluster3106249630_3106249631_J60_J61_#5more': -439454.0}, {'J10': 13, 'J11': 32, 'J12': 21, 'J13': 25, 'cluster3106249630_3106249631_J60_J61_#5more': 36}, {'J10': 18, 'J11': 54, 'J12': 84, 'J13': 32, 'cluster3106249630_3106249631_J60_J61_#5more': 84}, 
4515.0, {'J10': -123897.5, 'J11': -431351.5, 'J12': -297695.5, 'J13': -64203.0, 'cluster3106249630_3106249631_J60_J61_#5more': -440294.0}, {'J10': 13, 'J11': 32, 'J12': 21, 'J13': 25, 'cluster3106249630_3106249631_J60_J61_#5more': 36}, {'J10': 18, 'J11': 54, 'J12': 84, 'J13': 32, 'cluster3106249630_3106249631_J60_J61_#5more': 84}, 
4520.0, {'J10': -124077.5, 'J11': -431891.5, 'J12': -298535.5, 'J13': -64523.0, 'cluster3106249630_3106249631_J60_J61_#5more': -441134.0}, {'J10': 13, 'J11': 32, 'J12': 21, 'J13': 25, 'cluster3106249630_3106249631_J60_J61_#5more': 36}, {'J10': 18, 'J11': 54, 'J12': 84, 'J13': 32, 'cluster3106249630_3106249631_J60_J61_#5more': 84}, 
4525.0, {'J10': -124257.5, 'J11': -432431.5, 'J12': -299375.5, 'J13': -64851.5, 'cluster3106249630_3106249631_J60_J61_#5more': -441974.0}, {'J10': 13, 'J11': 32, 'J12': 21, 'J13': 28, 'cluster3106249630_3106249631_J60_J61_#5more': 36}, {'J10': 18, 'J11': 54, 'J12': 84, 'J13': 35, 'cluster3106249630_3106249631_J60_J61_#5more': 84}, 
4530.0, {'J10': -124437.5, 'J11': -432971.5, 'J12': -300215.5, 'J13': -65201.5, 'cluster3106249630_3106249631_J60_J61_#5more': -442814.0}, {'J10': 13, 'J11': 32, 'J12': 21, 'J13': 28, 'cluster3106249630_3106249631_J60_J61_#5more': 36}, {'J10': 18, 'J11': 54, 'J12': 84, 'J13': 35, 'cluster3106249630_3106249631_J60_J61_#5more': 84}, 
4535.0, {'J10': -124617.5, 'J11': -433511.5, 'J12': -301055.5, 'J13': -65551.5, 'cluster3106249630_3106249631_J60_J61_#5more': -443654.0}, {'J10': 13, 'J11': 32, 'J12': 21, 'J13': 28, 'cluster3106249630_3106249631_J60_J61_#5more': 36}, {'J10': 18, 'J11': 54, 'J12': 84, 'J13': 35, 'cluster3106249630_3106249631_J60_J61_#5more': 84}, 
4540.0, {'J10': -124797.5, 'J11': -434051.5, 'J12': -297834.5, 'J13': -65901.5, 'cluster3106249630_3106249631_J60_J61_#5more': -444494.0}, {'J10': 13, 'J11': 32, 'J12': 21, 'J13': 28, 'cluster3106249630_3106249631_J60_J61_#5more': 36}, {'J10': 18, 'J11': 54, 'J12': 78, 'J13': 35, 'cluster3106249630_3106249631_J60_J61_#5more': 84}, 
4545.0, {'J10': -124977.5, 'J11': -434591.5, 'J12': -298614.5, 'J13': -66251.5, 'cluster3106249630_3106249631_J60_J61_#5more': -445334.0}, {'J10': 13, 'J11': 32, 'J12': 21, 'J13': 28, 'cluster3106249630_3106249631_J60_J61_#5more': 36}, {'J10': 18, 'J11': 54, 'J12': 78, 'J13': 35, 'cluster3106249630_3106249631_J60_J61_#5more': 84}, 
4550.0, {'J10': -125157.5, 'J11': -435131.5, 'J12': -299395.0, 'J13': -66601.5, 'cluster3106249630_3106249631_J60_J61_#5more': -446174.0}, {'J10': 13, 'J11': 32, 'J12': 21, 'J13': 28, 'cluster3106249630_3106249631_J60_J61_#5more': 36}, {'J10': 18, 'J11': 54, 'J12': 79, 'J13': 35, 'cluster3106249630_3106249631_J60_J61_#5more': 84}, 
4555.0, {'J10': -125337.5, 'J11': -435671.5, 'J12': -300200.0, 'J13': -66951.5, 'cluster3106249630_3106249631_J60_J61_#5more': -447014.0}, {'J10': 13, 'J11': 32, 'J12': 21, 'J13': 28, 'cluster3106249630_3106249631_J60_J61_#5more': 36}, {'J10': 18, 'J11': 54, 'J12': 83, 'J13': 35, 'cluster3106249630_3106249631_J60_J61_#5more': 84}, 
4560.0, {'J10': -125517.5, 'J11': -436211.5, 'J12': -301030.0, 'J13': -67301.5, 'cluster3106249630_3106249631_J60_J61_#5more': -447854.0}, {'J10': 13, 'J11': 32, 'J12': 21, 'J13': 28, 'cluster3106249630_3106249631_J60_J61_#5more': 36}, {'J10': 18, 'J11': 54, 'J12': 83, 'J13': 35, 'cluster3106249630_3106249631_J60_J61_#5more': 84}, 
4565.0, {'J10': -125697.5, 'J11': -436751.5, 'J12': -299704.5, 'J13': -65788.5, 'cluster3106249630_3106249631_J60_J61_#5more': -448694.0}, {'J10': 13, 'J11': 32, 'J12': 21, 'J13': 26, 'cluster3106249630_3106249631_J60_J61_#5more': 36}, {'J10': 18, 'J11': 54, 'J12': 82, 'J13': 33, 'cluster3106249630_3106249631_J60_J61_#5more': 84}, 
4570.0, {'J10': -125877.5, 'J11': -437291.5, 'J12': -296610.5, 'J13': -66118.5, 'cluster3106249630_3106249631_J60_J61_#5more': -449534.0}, {'J10': 13, 'J11': 32, 'J12': 21, 'J13': 26, 'cluster3106249630_3106249631_J60_J61_#5more': 36}, {'J10': 18, 'J11': 54, 'J12': 78, 'J13': 33, 'cluster3106249630_3106249631_J60_J61_#5more': 84}, 
4575.0, {'J10': -126057.5, 'J11': -437831.5, 'J12': -296373.0, 'J13': -66448.5, 'cluster3106249630_3106249631_J60_J61_#5more': -450374.0}, {'J10': 13, 'J11': 32, 'J12': 21, 'J13': 26, 'cluster3106249630_3106249631_J60_J61_#5more': 36}, {'J10': 18, 'J11': 54, 'J12': 76, 'J13': 33, 'cluster3106249630_3106249631_J60_J61_#5more': 84}, 
4580.0, {'J10': -126237.5, 'J11': -438371.5, 'J12': -294403.5, 'J13': -66778.5, 'cluster3106249630_3106249631_J60_J61_#5more': -451214.0}, {'J10': 13, 'J11': 32, 'J12': 21, 'J13': 26, 'cluster3106249630_3106249631_J60_J61_#5more': 36}, {'J10': 18, 'J11': 54, 'J12': 73, 'J13': 33, 'cluster3106249630_3106249631_J60_J61_#5more': 84}, 
4585.0, {'J10': -126417.5, 'J11': -438911.5, 'J12': -293264.5, 'J13': -67111.0, 'cluster3106249630_3106249631_J60_J61_#5more': -452054.0}, {'J10': 13, 'J11': 32, 'J12': 21, 'J13': 28, 'cluster3106249630_3106249631_J60_J61_#5more': 36}, {'J10': 18, 'J11': 54, 'J12': 73, 'J13': 35, 'cluster3106249630_3106249631_J60_J61_#5more': 84}, 
4590.0, {'J10': -126597.5, 'J11': -439451.5, 'J12': -290590.5, 'J13': -67461.0, 'cluster3106249630_3106249631_J60_J61_#5more': -451681.5}, {'J10': 13, 'J11': 32, 'J12': 21, 'J13': 28, 'cluster3106249630_3106249631_J60_J61_#5more': 36}, {'J10': 18, 'J11': 54, 'J12': 71, 'J13': 35, 'cluster3106249630_3106249631_J60_J61_#5more': 83}, 
4595.0, {'J10': -126777.5, 'J11': -439991.5, 'J12': -290938.5, 'J13': -67811.0, 'cluster3106249630_3106249631_J60_J61_#5more': -448207.0}, {'J10': 13, 'J11': 32, 'J12': 21, 'J13': 28, 'cluster3106249630_3106249631_J60_J61_#5more': 36}, {'J10': 18, 'J11': 54, 'J12': 69, 'J13': 35, 'cluster3106249630_3106249631_J60_J61_#5more': 82}, 
4600.0, {'J10': -126957.5, 'J11': -440531.5, 'J12': -289388.5, 'J13': -68161.0, 'cluster3106249630_3106249631_J60_J61_#5more': -449027.0}, {'J10': 13, 'J11': 32, 'J12': 21, 'J13': 28, 'cluster3106249630_3106249631_J60_J61_#5more': 36}, {'J10': 18, 'J11': 54, 'J12': 65, 'J13': 35, 'cluster3106249630_3106249631_J60_J61_#5more': 82}, 
4605.0, {'J10': -127137.5, 'J11': -441071.5, 'J12': -290009.5, 'J13': -68511.0, 'cluster3106249630_3106249631_J60_J61_#5more': -440883.5}, {'J10': 13, 'J11': 32, 'J12': 21, 'J13': 28, 'cluster3106249630_3106249631_J60_J61_#5more': 36}, {'J10': 18, 'J11': 54, 'J12': 66, 'J13': 35, 'cluster3106249630_3106249631_J60_J61_#5more': 81}, 
4610.0, {'J10': -127317.5, 'J11': -441611.5, 'J12': -290678.5, 'J13': -68861.0, 'cluster3106249630_3106249631_J60_J61_#5more': -432772.0}, {'J10': 13, 'J11': 32, 'J12': 21, 'J13': 28, 'cluster3106249630_3106249631_J60_J61_#5more': 36}, {'J10': 18, 'J11': 54, 'J12': 71, 'J13': 35, 'cluster3106249630_3106249631_J60_J61_#5more': 80}, 
4615.0, {'J10': -127497.5, 'J11': -442152.0, 'J12': -291336.0, 'J13': -69211.0, 'cluster3106249630_3106249631_J60_J61_#5more': -433573.5}, {'J10': 13, 'J11': 32, 'J12': 21, 'J13': 28, 'cluster3106249630_3106249631_J60_J61_#5more': 36}, {'J10': 18, 'J11': 55, 'J12': 77, 'J13': 35, 'cluster3106249630_3106249631_J60_J61_#5more': 81}, 
4620.0, {'J10': -127677.5, 'J11': -442691.5, 'J12': -291642.0, 'J13': -69561.0, 'cluster3106249630_3106249631_J60_J61_#5more': -434394.0}, {'J10': 13, 'J11': 32, 'J12': 21, 'J13': 28, 'cluster3106249630_3106249631_J60_J61_#5more': 36}, {'J10': 18, 'J11': 54, 'J12': 77, 'J13': 35, 'cluster3106249630_3106249631_J60_J61_#5more': 84}, 
4625.0, {'J10': -127857.5, 'J11': -443231.5, 'J12': -292256.0, 'J13': -69911.0, 'cluster3106249630_3106249631_J60_J61_#5more': -435234.0}, {'J10': 13, 'J11': 32, 'J12': 21, 'J13': 28, 'cluster3106249630_3106249631_J60_J61_#5more': 36}, {'J10': 18, 'J11': 54, 'J12': 71, 'J13': 35, 'cluster3106249630_3106249631_J60_J61_#5more': 84}, 
4630.0, {'J10': -128037.5, 'J11': -443771.5, 'J12': -292908.0, 'J13': -68273.5, 'cluster3106249630_3106249631_J60_J61_#5more': -436074.0}, {'J10': 13, 'J11': 32, 'J12': 21, 'J13': 26, 'cluster3106249630_3106249631_J60_J61_#5more': 36}, {'J10': 18, 'J11': 54, 'J12': 71, 'J13': 33, 'cluster3106249630_3106249631_J60_J61_#5more': 84}, 
4635.0, {'J10': -128217.5, 'J11': -444311.5, 'J12': -293588.5, 'J13': -68603.5, 'cluster3106249630_3106249631_J60_J61_#5more': -436914.0}, {'J10': 13, 'J11': 32, 'J12': 21, 'J13': 26, 'cluster3106249630_3106249631_J60_J61_#5more': 36}, {'J10': 18, 'J11': 54, 'J12': 71, 'J13': 33, 'cluster3106249630_3106249631_J60_J61_#5more': 84}, 
4640.0, {'J10': -128397.5, 'J11': -444851.5, 'J12': -294270.0, 'J13': -68933.5, 'cluster3106249630_3106249631_J60_J61_#5more': -437754.0}, {'J10': 13, 'J11': 32, 'J12': 21, 'J13': 26, 'cluster3106249630_3106249631_J60_J61_#5more': 36}, {'J10': 18, 'J11': 54, 'J12': 72, 'J13': 33, 'cluster3106249630_3106249631_J60_J61_#5more': 84}, 
4645.0, {'J10': -128577.5, 'J11': -445391.5, 'J12': -294940.5, 'J13': -69263.5, 'cluster3106249630_3106249631_J60_J61_#5more': -438594.0}, {'J10': 13, 'J11': 32, 'J12': 21, 'J13': 26, 'cluster3106249630_3106249631_J60_J61_#5more': 36}, {'J10': 18, 'J11': 54, 'J12': 75, 'J13': 33, 'cluster3106249630_3106249631_J60_J61_#5more': 84}, 
4650.0, {'J10': -128757.5, 'J11': -445931.5, 'J12': -295559.5, 'J13': -69595.0, 'cluster3106249630_3106249631_J60_J61_#5more': -439434.0}, {'J10': 13, 'J11': 32, 'J12': 21, 'J13': 27, 'cluster3106249630_3106249631_J60_J61_#5more': 36}, {'J10': 18, 'J11': 54, 'J12': 74, 'J13': 34, 'cluster3106249630_3106249631_J60_J61_#5more': 84}, 
4655.0, {'J10': -128937.5, 'J11': -446471.5, 'J12': -296156.0, 'J13': -69940.0, 'cluster3106249630_3106249631_J60_J61_#5more': -440274.0}, {'J10': 13, 'J11': 32, 'J12': 21, 'J13': 28, 'cluster3106249630_3106249631_J60_J61_#5more': 36}, {'J10': 18, 'J11': 54, 'J12': 73, 'J13': 35, 'cluster3106249630_3106249631_J60_J61_#5more': 84}, 
4660.0, {'J10': -129117.5, 'J11': -447011.5, 'J12': -296888.5, 'J13': -70290.0, 'cluster3106249630_3106249631_J60_J61_#5more': -441114.0}, {'J10': 13, 'J11': 32, 'J12': 21, 'J13': 28, 'cluster3106249630_3106249631_J60_J61_#5more': 36}, {'J10': 18, 'J11': 54, 'J12': 75, 'J13': 35, 'cluster3106249630_3106249631_J60_J61_#5more': 84}, 
4665.0, {'J10': -129297.5, 'J11': -447551.5, 'J12': -297553.0, 'J13': -70640.0, 'cluster3106249630_3106249631_J60_J61_#5more': -441954.0}, {'J10': 13, 'J11': 32, 'J12': 21, 'J13': 28, 'cluster3106249630_3106249631_J60_J61_#5more': 36}, {'J10': 18, 'J11': 54, 'J12': 76, 'J13': 35, 'cluster3106249630_3106249631_J60_J61_#5more': 84}, 
4670.0, {'J10': -129477.5, 'J11': -448091.5, 'J12': -298230.5, 'J13': -70990.0, 'cluster3106249630_3106249631_J60_J61_#5more': -442170.5}, {'J10': 13, 'J11': 32, 'J12': 21, 'J13': 28, 'cluster3106249630_3106249631_J60_J61_#5more': 36}, {'J10': 18, 'J11': 54, 'J12': 77, 'J13': 35, 'cluster3106249630_3106249631_J60_J61_#5more': 83}, 
4675.0, {'J10': -129657.5, 'J11': -448631.5, 'J12': -299000.5, 'J13': -71340.0, 'cluster3106249630_3106249631_J60_J61_#5more': -443000.5}, {'J10': 13, 'J11': 32, 'J12': 21, 'J13': 28, 'cluster3106249630_3106249631_J60_J61_#5more': 36}, {'J10': 18, 'J11': 54, 'J12': 77, 'J13': 35, 'cluster3106249630_3106249631_J60_J61_#5more': 83}, 
4680.0, {'J10': -129837.5, 'J11': -449171.5, 'J12': -299770.5, 'J13': -71690.0, 'cluster3106249630_3106249631_J60_J61_#5more': -443830.5}, {'J10': 13, 'J11': 32, 'J12': 21, 'J13': 28, 'cluster3106249630_3106249631_J60_J61_#5more': 36}, {'J10': 18, 'J11': 54, 'J12': 77, 'J13': 35, 'cluster3106249630_3106249631_J60_J61_#5more': 83}, 
4685.0, {'J10': -130017.5, 'J11': -449711.5, 'J12': -300483.5, 'J13': -72040.0, 'cluster3106249630_3106249631_J60_J61_#5more': -444662.5}, {'J10': 13, 'J11': 32, 'J12': 21, 'J13': 28, 'cluster3106249630_3106249631_J60_J61_#5more': 36}, {'J10': 18, 'J11': 54, 'J12': 78, 'J13': 35, 'cluster3106249630_3106249631_J60_J61_#5more': 84}, 
4690.0, {'J10': -130197.5, 'J11': -450251.5, 'J12': -301264.0, 'J13': -72390.0, 'cluster3106249630_3106249631_J60_J61_#5more': -445502.5}, {'J10': 13, 'J11': 32, 'J12': 21, 'J13': 28, 'cluster3106249630_3106249631_J60_J61_#5more': 36}, {'J10': 18, 'J11': 54, 'J12': 79, 'J13': 35, 'cluster3106249630_3106249631_J60_J61_#5more': 84}, 
4695.0, {'J10': -130377.5, 'J11': -450791.5, 'J12': -302063.5, 'J13': -69624.5, 'cluster3106249630_3106249631_J60_J61_#5more': -446342.5}, {'J10': 13, 'J11': 32, 'J12': 21, 'J13': 25, 'cluster3106249630_3106249631_J60_J61_#5more': 36}, {'J10': 18, 'J11': 54, 'J12': 83, 'J13': 32, 'cluster3106249630_3106249631_J60_J61_#5more': 84}, 
4700.0, {'J10': -130557.5, 'J11': -451331.5, 'J12': -302783.5, 'J13': -68940.0, 'cluster3106249630_3106249631_J60_J61_#5more': -447182.5}, {'J10': 13, 'J11': 32, 'J12': 21, 'J13': 24, 'cluster3106249630_3106249631_J60_J61_#5more': 36}, {'J10': 18, 'J11': 54, 'J12': 86, 'J13': 31, 'cluster3106249630_3106249631_J60_J61_#5more': 84}, 
4705.0, {'J10': -130737.5, 'J11': -451871.5, 'J12': -303491.5, 'J13': -69250.0, 'cluster3106249630_3106249631_J60_J61_#5more': -448022.5}, {'J10': 13, 'J11': 32, 'J12': 21, 'J13': 24, 'cluster3106249630_3106249631_J60_J61_#5more': 36}, {'J10': 18, 'J11': 54, 'J12': 84, 'J13': 31, 'cluster3106249630_3106249631_J60_J61_#5more': 84}, 
4710.0, {'J10': -130917.5, 'J11': -452411.5, 'J12': -304224.5, 'J13': -69560.0, 'cluster3106249630_3106249631_J60_J61_#5more': -448862.5}, {'J10': 13, 'J11': 32, 'J12': 21, 'J13': 24, 'cluster3106249630_3106249631_J60_J61_#5more': 36}, {'J10': 18, 'J11': 54, 'J12': 81, 'J13': 31, 'cluster3106249630_3106249631_J60_J61_#5more': 84}, 
4715.0, {'J10': -131097.5, 'J11': -452951.5, 'J12': -305034.5, 'J13': -69871.0, 'cluster3106249630_3106249631_J60_J61_#5more': -443883.5}, {'J10': 13, 'J11': 32, 'J12': 21, 'J13': 25, 'cluster3106249630_3106249631_J60_J61_#5more': 36}, {'J10': 18, 'J11': 54, 'J12': 81, 'J13': 32, 'cluster3106249630_3106249631_J60_J61_#5more': 82}, 
4720.0, {'J10': -131277.5, 'J11': -453491.5, 'J12': -305844.5, 'J13': -70201.0, 'cluster3106249630_3106249631_J60_J61_#5more': -444703.5}, {'J10': 13, 'J11': 32, 'J12': 21, 'J13': 28, 'cluster3106249630_3106249631_J60_J61_#5more': 36}, {'J10': 18, 'J11': 54, 'J12': 81, 'J13': 35, 'cluster3106249630_3106249631_J60_J61_#5more': 82}, 
4725.0, {'J10': -131457.5, 'J11': -454031.5, 'J12': -298993.5, 'J13': -70551.0, 'cluster3106249630_3106249631_J60_J61_#5more': -445523.5}, {'J10': 13, 'J11': 32, 'J12': 21, 'J13': 28, 'cluster3106249630_3106249631_J60_J61_#5more': 36}, {'J10': 18, 'J11': 54, 'J12': 74, 'J13': 35, 'cluster3106249630_3106249631_J60_J61_#5more': 82}, 
4730.0, {'J10': -131637.5, 'J11': -454571.5, 'J12': -299733.5, 'J13': -70901.0, 'cluster3106249630_3106249631_J60_J61_#5more': -446343.5}, {'J10': 13, 'J11': 32, 'J12': 21, 'J13': 28, 'cluster3106249630_3106249631_J60_J61_#5more': 36}, {'J10': 18, 'J11': 54, 'J12': 74, 'J13': 35, 'cluster3106249630_3106249631_J60_J61_#5more': 82}, 
4735.0, {'J10': -131817.5, 'J11': -455111.5, 'J12': -300475.0, 'J13': -71251.0, 'cluster3106249630_3106249631_J60_J61_#5more': -447163.5}, {'J10': 13, 'J11': 32, 'J12': 21, 'J13': 28, 'cluster3106249630_3106249631_J60_J61_#5more': 36}, {'J10': 18, 'J11': 54, 'J12': 76, 'J13': 35, 'cluster3106249630_3106249631_J60_J61_#5more': 82}, 
4740.0, {'J10': -131997.5, 'J11': -455651.5, 'J12': -301093.0, 'J13': -71601.0, 'cluster3106249630_3106249631_J60_J61_#5more': -447990.5}, {'J10': 13, 'J11': 32, 'J12': 21, 'J13': 28, 'cluster3106249630_3106249631_J60_J61_#5more': 36}, {'J10': 18, 'J11': 54, 'J12': 78, 'J13': 35, 'cluster3106249630_3106249631_J60_J61_#5more': 84}, 
4745.0, {'J10': -132177.5, 'J11': -456191.5, 'J12': -301873.0, 'J13': -71951.0, 'cluster3106249630_3106249631_J60_J61_#5more': -448830.5}, {'J10': 13, 'J11': 32, 'J12': 21, 'J13': 28, 'cluster3106249630_3106249631_J60_J61_#5more': 36}, {'J10': 18, 'J11': 54, 'J12': 78, 'J13': 35, 'cluster3106249630_3106249631_J60_J61_#5more': 84}, 
4750.0, {'J10': -132357.5, 'J11': -456731.5, 'J12': -302653.0, 'J13': -72301.0, 'cluster3106249630_3106249631_J60_J61_#5more': -449670.5}, {'J10': 13, 'J11': 32, 'J12': 21, 'J13': 28, 'cluster3106249630_3106249631_J60_J61_#5more': 36}, {'J10': 18, 'J11': 54, 'J12': 78, 'J13': 35, 'cluster3106249630_3106249631_J60_J61_#5more': 84}, 
4755.0, {'J10': -132537.5, 'J11': -457271.5, 'J12': -303433.0, 'J13': -72651.0, 'cluster3106249630_3106249631_J60_J61_#5more': -450510.5}, {'J10': 13, 'J11': 32, 'J12': 21, 'J13': 28, 'cluster3106249630_3106249631_J60_J61_#5more': 36}, {'J10': 18, 'J11': 54, 'J12': 78, 'J13': 35, 'cluster3106249630_3106249631_J60_J61_#5more': 84}, 
4760.0, {'J10': -132717.5, 'J11': -457811.5, 'J12': -304214.0, 'J13': -70882.5, 'cluster3106249630_3106249631_J60_J61_#5more': -451350.5}, {'J10': 13, 'J11': 32, 'J12': 21, 'J13': 26, 'cluster3106249630_3106249631_J60_J61_#5more': 36}, {'J10': 18, 'J11': 54, 'J12': 80, 'J13': 33, 'cluster3106249630_3106249631_J60_J61_#5more': 84}, 
4765.0, {'J10': -132897.5, 'J11': -458351.5, 'J12': -305023.5, 'J13': -69208.0, 'cluster3106249630_3106249631_J60_J61_#5more': -452190.5}, {'J10': 13, 'J11': 32, 'J12': 21, 'J13': 24, 'cluster3106249630_3106249631_J60_J61_#5more': 36}, {'J10': 18, 'J11': 54, 'J12': 83, 'J13': 31, 'cluster3106249630_3106249631_J60_J61_#5more': 84}, 
4770.0, {'J10': -133077.5, 'J11': -458891.5, 'J12': -305864.5, 'J13': -69518.0, 'cluster3106249630_3106249631_J60_J61_#5more': -453030.5}, {'J10': 13, 'J11': 32, 'J12': 21, 'J13': 24, 'cluster3106249630_3106249631_J60_J61_#5more': 36}, {'J10': 18, 'J11': 54, 'J12': 87, 'J13': 31, 'cluster3106249630_3106249631_J60_J61_#5more': 84}, 
4775.0, {'J10': -133257.5, 'J11': -459431.5, 'J12': -306734.5, 'J13': -69828.0, 'cluster3106249630_3106249631_J60_J61_#5more': -453870.5}, {'J10': 13, 'J11': 32, 'J12': 21, 'J13': 24, 'cluster3106249630_3106249631_J60_J61_#5more': 36}, {'J10': 18, 'J11': 54, 'J12': 87, 'J13': 31, 'cluster3106249630_3106249631_J60_J61_#5more': 84}, 
4780.0, {'J10': -133437.5, 'J11': -459971.5, 'J12': -307604.5, 'J13': -70138.0, 'cluster3106249630_3106249631_J60_J61_#5more': -454710.5}, {'J10': 13, 'J11': 32, 'J12': 21, 'J13': 24, 'cluster3106249630_3106249631_J60_J61_#5more': 36}, {'J10': 18, 'J11': 54, 'J12': 87, 'J13': 31, 'cluster3106249630_3106249631_J60_J61_#5more': 84}, 
4785.0, {'J10': -133617.5, 'J11': -460511.5, 'J12': -308474.5, 'J13': -70461.5, 'cluster3106249630_3106249631_J60_J61_#5more': -455550.5}, {'J10': 13, 'J11': 32, 'J12': 21, 'J13': 28, 'cluster3106249630_3106249631_J60_J61_#5more': 36}, {'J10': 18, 'J11': 54, 'J12': 87, 'J13': 35, 'cluster3106249630_3106249631_J60_J61_#5more': 84}, 
4790.0, {'J10': -133797.5, 'J11': -461051.5, 'J12': -307227.0, 'J13': -70811.5, 'cluster3106249630_3106249631_J60_J61_#5more': -456390.5}, {'J10': 13, 'J11': 32, 'J12': 21, 'J13': 28, 'cluster3106249630_3106249631_J60_J61_#5more': 36}, {'J10': 18, 'J11': 54, 'J12': 83, 'J13': 35, 'cluster3106249630_3106249631_J60_J61_#5more': 84}, 
4795.0, {'J10': -133977.5, 'J11': -461591.5, 'J12': -307443.5, 'J13': -71161.5, 'cluster3106249630_3106249631_J60_J61_#5more': -457230.5}, {'J10': 13, 'J11': 32, 'J12': 21, 'J13': 28, 'cluster3106249630_3106249631_J60_J61_#5more': 36}, {'J10': 18, 'J11': 54, 'J12': 82, 'J13': 35, 'cluster3106249630_3106249631_J60_J61_#5more': 84}, 
4800.0, {'J10': -134157.5, 'J11': -462131.5, 'J12': -308274.5, 'J13': -71511.5, 'cluster3106249630_3106249631_J60_J61_#5more': -456564.5}, {'J10': 13, 'J11': 32, 'J12': 21, 'J13': 28, 'cluster3106249630_3106249631_J60_J61_#5more': 36}, {'J10': 18, 'J11': 54, 'J12': 86, 'J13': 35, 'cluster3106249630_3106249631_J60_J61_#5more': 82}, 
4805.0, {'J10': -134337.5, 'J11': -462671.5, 'J12': -309143.5, 'J13': -71861.5, 'cluster3106249630_3106249631_J60_J61_#5more': -457384.5}, {'J10': 13, 'J11': 32, 'J12': 21, 'J13': 28, 'cluster3106249630_3106249631_J60_J61_#5more': 36}, {'J10': 18, 'J11': 54, 'J12': 88, 'J13': 35, 'cluster3106249630_3106249631_J60_J61_#5more': 82}, 
4810.0, {'J10': -134517.5, 'J11': -463211.5, 'J12': -309682.5, 'J13': -72211.5, 'cluster3106249630_3106249631_J60_J61_#5more': -458204.5}, {'J10': 13, 'J11': 32, 'J12': 21, 'J13': 28, 'cluster3106249630_3106249631_J60_J61_#5more': 36}, {'J10': 18, 'J11': 54, 'J12': 88, 'J13': 35, 'cluster3106249630_3106249631_J60_J61_#5more': 82}, 
4815.0, {'J10': -134697.5, 'J11': -463751.5, 'J12': -310321.0, 'J13': -72561.5, 'cluster3106249630_3106249631_J60_J61_#5more': -459031.0}, {'J10': 13, 'J11': 32, 'J12': 21, 'J13': 28, 'cluster3106249630_3106249631_J60_J61_#5more': 36}, {'J10': 18, 'J11': 54, 'J12': 87, 'J13': 35, 'cluster3106249630_3106249631_J60_J61_#5more': 84}, 
4820.0, {'J10': -134877.5, 'J11': -464291.5, 'J12': -311191.0, 'J13': -72911.5, 'cluster3106249630_3106249631_J60_J61_#5more': -458229.5}, {'J10': 13, 'J11': 32, 'J12': 21, 'J13': 28, 'cluster3106249630_3106249631_J60_J61_#5more': 36}, {'J10': 18, 'J11': 54, 'J12': 87, 'J13': 35, 'cluster3106249630_3106249631_J60_J61_#5more': 83}, 
4825.0, {'J10': -135057.5, 'J11': -464831.5, 'J12': -312061.0, 'J13': -70160.5, 'cluster3106249630_3106249631_J60_J61_#5more': -452897.0}, {'J10': 13, 'J11': 32, 'J12': 21, 'J13': 25, 'cluster3106249630_3106249631_J60_J61_#5more': 36}, {'J10': 18, 'J11': 54, 'J12': 87, 'J13': 32, 'cluster3106249630_3106249631_J60_J61_#5more': 81}, 
4830.0, {'J10': -135237.5, 'J11': -465371.5, 'J12': -312291.5, 'J13': -69478.5, 'cluster3106249630_3106249631_J60_J61_#5more': -453707.0}, {'J10': 13, 'J11': 32, 'J12': 21, 'J13': 24, 'cluster3106249630_3106249631_J60_J61_#5more': 36}, {'J10': 18, 'J11': 54, 'J12': 85, 'J13': 31, 'cluster3106249630_3106249631_J60_J61_#5more': 81}, 
4835.0, {'J10': -135417.5, 'J11': -465911.5, 'J12': -311529.5, 'J13': -69788.5, 'cluster3106249630_3106249631_J60_J61_#5more': -454517.0}, {'J10': 13, 'J11': 32, 'J12': 21, 'J13': 24, 'cluster3106249630_3106249631_J60_J61_#5more': 36}, {'J10': 18, 'J11': 54, 'J12': 80, 'J13': 31, 'cluster3106249630_3106249631_J60_J61_#5more': 81}, 
4840.0, {'J10': -135597.5, 'J11': -466451.5, 'J12': -311442.0, 'J13': -70098.5, 'cluster3106249630_3106249631_J60_J61_#5more': -455327.0}, {'J10': 13, 'J11': 32, 'J12': 21, 'J13': 24, 'cluster3106249630_3106249631_J60_J61_#5more': 36}, {'J10': 18, 'J11': 54, 'J12': 77, 'J13': 31, 'cluster3106249630_3106249631_J60_J61_#5more': 81}, 
4845.0, {'J10': -135777.5, 'J11': -466991.5, 'J12': -311726.5, 'J13': -70409.5, 'cluster3106249630_3106249631_J60_J61_#5more': -456141.0}, {'J10': 13, 'J11': 32, 'J12': 21, 'J13': 25, 'cluster3106249630_3106249631_J60_J61_#5more': 36}, {'J10': 18, 'J11': 54, 'J12': 75, 'J13': 32, 'cluster3106249630_3106249631_J60_J61_#5more': 83}, 
4850.0, {'J10': -135957.5, 'J11': -467531.5, 'J12': -311598.5, 'J13': -70738.5, 'cluster3106249630_3106249631_J60_J61_#5more': -456971.0}, {'J10': 13, 'J11': 32, 'J12': 21, 'J13': 28, 'cluster3106249630_3106249631_J60_J61_#5more': 36}, {'J10': 18, 'J11': 54, 'J12': 71, 'J13': 35, 'cluster3106249630_3106249631_J60_J61_#5more': 83}, 
4855.0, {'J10': -136137.5, 'J11': -468071.5, 'J12': -312076.5, 'J13': -71088.5, 'cluster3106249630_3106249631_J60_J61_#5more': -457801.0}, {'J10': 13, 'J11': 32, 'J12': 21, 'J13': 28, 'cluster3106249630_3106249631_J60_J61_#5more': 36}, {'J10': 18, 'J11': 54, 'J12': 71, 'J13': 35, 'cluster3106249630_3106249631_J60_J61_#5more': 83}, 
4860.0, {'J10': -136317.5, 'J11': -468611.5, 'J12': -312293.0, 'J13': -71438.5, 'cluster3106249630_3106249631_J60_J61_#5more': -458631.0}, {'J10': 13, 'J11': 32, 'J12': 21, 'J13': 28, 'cluster3106249630_3106249631_J60_J61_#5more': 36}, {'J10': 18, 'J11': 54, 'J12': 69, 'J13': 35, 'cluster3106249630_3106249631_J60_J61_#5more': 83}, 
4865.0, {'J10': -136497.5, 'J11': -469151.5, 'J12': -312987.0, 'J13': -71788.5, 'cluster3106249630_3106249631_J60_J61_#5more': -458709.0}, {'J10': 13, 'J11': 32, 'J12': 21, 'J13': 28, 'cluster3106249630_3106249631_J60_J61_#5more': 36}, {'J10': 18, 'J11': 54, 'J12': 71, 'J13': 35, 'cluster3106249630_3106249631_J60_J61_#5more': 82}, 
4870.0, {'J10': -136677.5, 'J11': -469691.5, 'J12': -313697.0, 'J13': -72138.5, 'cluster3106249630_3106249631_J60_J61_#5more': -459025.5}, {'J10': 13, 'J11': 32, 'J12': 21, 'J13': 28, 'cluster3106249630_3106249631_J60_J61_#5more': 36}, {'J10': 18, 'J11': 54, 'J12': 71, 'J13': 35, 'cluster3106249630_3106249631_J60_J61_#5more': 81}, 
4875.0, {'J10': -136857.5, 'J11': -470231.5, 'J12': -314409.0, 'J13': -72488.5, 'cluster3106249630_3106249631_J60_J61_#5more': -459835.5}, {'J10': 13, 'J11': 32, 'J12': 21, 'J13': 28, 'cluster3106249630_3106249631_J60_J61_#5more': 36}, {'J10': 18, 'J11': 54, 'J12': 72, 'J13': 35, 'cluster3106249630_3106249631_J60_J61_#5more': 81}, 
4880.0, {'J10': -137037.5, 'J11': -470771.5, 'J12': -315132.5, 'J13': -72838.5, 'cluster3106249630_3106249631_J60_J61_#5more': -460651.5}, {'J10': 13, 'J11': 32, 'J12': 21, 'J13': 28, 'cluster3106249630_3106249631_J60_J61_#5more': 36}, {'J10': 18, 'J11': 54, 'J12': 74, 'J13': 35, 'cluster3106249630_3106249631_J60_J61_#5more': 83}, 
4885.0, {'J10': -137217.5, 'J11': -471311.5, 'J12': -315876.5, 'J13': -73188.5, 'cluster3106249630_3106249631_J60_J61_#5more': -461481.5}, {'J10': 13, 'J11': 32, 'J12': 21, 'J13': 28, 'cluster3106249630_3106249631_J60_J61_#5more': 36}, {'J10': 18, 'J11': 54, 'J12': 75, 'J13': 35, 'cluster3106249630_3106249631_J60_J61_#5more': 83}, 
4890.0, {'J10': -137397.5, 'J11': -471851.5, 'J12': -316626.5, 'J13': -71430.0, 'cluster3106249630_3106249631_J60_J61_#5more': -462311.5}, {'J10': 13, 'J11': 32, 'J12': 21, 'J13': 26, 'cluster3106249630_3106249631_J60_J61_#5more': 36}, {'J10': 18, 'J11': 54, 'J12': 75, 'J13': 33, 'cluster3106249630_3106249631_J60_J61_#5more': 83}, 
4895.0, {'J10': -137577.5, 'J11': -472391.5, 'J12': -317376.5, 'J13': -69754.5, 'cluster3106249630_3106249631_J60_J61_#5more': -463141.5}, {'J10': 13, 'J11': 32, 'J12': 21, 'J13': 24, 'cluster3106249630_3106249631_J60_J61_#5more': 36}, {'J10': 18, 'J11': 54, 'J12': 75, 'J13': 31, 'cluster3106249630_3106249631_J60_J61_#5more': 83}, 
4900.0, {'J10': -137757.5, 'J11': -472931.5, 'J12': -318126.5, 'J13': -70064.5, 'cluster3106249630_3106249631_J60_J61_#5more': -463971.5}, {'J10': 13, 'J11': 32, 'J12': 21, 'J13': 24, 'cluster3106249630_3106249631_J60_J61_#5more': 36}, {'J10': 18, 'J11': 54, 'J12': 75, 'J13': 31, 'cluster3106249630_3106249631_J60_J61_#5more': 83}, 
4905.0, {'J10': -137937.5, 'J11': -473471.5, 'J12': -318876.5, 'J13': -70374.5, 'cluster3106249630_3106249631_J60_J61_#5more': -464801.5}, {'J10': 13, 'J11': 32, 'J12': 21, 'J13': 24, 'cluster3106249630_3106249631_J60_J61_#5more': 36}, {'J10': 18, 'J11': 54, 'J12': 75, 'J13': 31, 'cluster3106249630_3106249631_J60_J61_#5more': 83}, 
4910.0, {'J10': -138117.5, 'J11': -474012.5, 'J12': -319626.5, 'J13': -70684.5, 'cluster3106249630_3106249631_J60_J61_#5more': -465631.5}, {'J10': 13, 'J11': 32, 'J12': 21, 'J13': 24, 'cluster3106249630_3106249631_J60_J61_#5more': 36}, {'J10': 18, 'J11': 55, 'J12': 75, 'J13': 31, 'cluster3106249630_3106249631_J60_J61_#5more': 83}, 
4915.0, {'J10': -138297.5, 'J11': -474551.5, 'J12': -320376.5, 'J13': -71008.0, 'cluster3106249630_3106249631_J60_J61_#5more': -466461.5}, {'J10': 13, 'J11': 32, 'J12': 21, 'J13': 28, 'cluster3106249630_3106249631_J60_J61_#5more': 36}, {'J10': 18, 'J11': 54, 'J12': 75, 'J13': 35, 'cluster3106249630_3106249631_J60_J61_#5more': 83}, 
4920.0, {'J10': -138477.5, 'J11': -475091.5, 'J12': -313245.0, 'J13': -71358.0, 'cluster3106249630_3106249631_J60_J61_#5more': -467291.5}, {'J10': 13, 'J11': 32, 'J12': 21, 'J13': 28, 'cluster3106249630_3106249631_J60_J61_#5more': 36}, {'J10': 18, 'J11': 54, 'J12': 69, 'J13': 35, 'cluster3106249630_3106249631_J60_J61_#5more': 83}, 
4925.0, {'J10': -138657.5, 'J11': -475631.5, 'J12': -313935.0, 'J13': -71708.0, 'cluster3106249630_3106249631_J60_J61_#5more': -468121.5}, {'J10': 13, 'J11': 32, 'J12': 21, 'J13': 28, 'cluster3106249630_3106249631_J60_J61_#5more': 36}, {'J10': 18, 'J11': 54, 'J12': 69, 'J13': 35, 'cluster3106249630_3106249631_J60_J61_#5more': 83}, 
4930.0, {'J10': -138837.5, 'J11': -476171.5, 'J12': -314626.5, 'J13': -72058.0, 'cluster3106249630_3106249631_J60_J61_#5more': -468951.5}, {'J10': 13, 'J11': 32, 'J12': 21, 'J13': 28, 'cluster3106249630_3106249631_J60_J61_#5more': 36}, {'J10': 18, 'J11': 54, 'J12': 71, 'J13': 35, 'cluster3106249630_3106249631_J60_J61_#5more': 83}, 
4935.0, {'J10': -139017.5, 'J11': -476711.5, 'J12': -315353.5, 'J13': -72408.0, 'cluster3106249630_3106249631_J60_J61_#5more': -469149.5}, {'J10': 13, 'J11': 32, 'J12': 21, 'J13': 28, 'cluster3106249630_3106249631_J60_J61_#5more': 36}, {'J10': 18, 'J11': 54, 'J12': 75, 'J13': 35, 'cluster3106249630_3106249631_J60_J61_#5more': 82}, 
4940.0, {'J10': -139197.5, 'J11': -477251.5, 'J12': -316103.5, 'J13': -72758.0, 'cluster3106249630_3106249631_J60_J61_#5more': -469969.5}, {'J10': 13, 'J11': 32, 'J12': 21, 'J13': 28, 'cluster3106249630_3106249631_J60_J61_#5more': 36}, {'J10': 18, 'J11': 54, 'J12': 75, 'J13': 35, 'cluster3106249630_3106249631_J60_J61_#5more': 82}, 
4945.0, {'J10': -139377.5, 'J11': -477791.5, 'J12': -316330.5, 'J13': -73108.0, 'cluster3106249630_3106249631_J60_J61_#5more': -470791.5}, {'J10': 13, 'J11': 32, 'J12': 21, 'J13': 28, 'cluster3106249630_3106249631_J60_J61_#5more': 36}, {'J10': 18, 'J11': 54, 'J12': 74, 'J13': 35, 'cluster3106249630_3106249631_J60_J61_#5more': 83}, 
4950.0, {'J10': -139557.5, 'J11': -478331.5, 'J12': -317070.5, 'J13': -73458.0, 'cluster3106249630_3106249631_J60_J61_#5more': -469997.5}, {'J10': 13, 'J11': 32, 'J12': 21, 'J13': 28, 'cluster3106249630_3106249631_J60_J61_#5more': 36}, {'J10': 18, 'J11': 54, 'J12': 74, 'J13': 35, 'cluster3106249630_3106249631_J60_J61_#5more': 82}, 
4955.0, {'J10': -139737.5, 'J11': -478871.5, 'J12': -317810.5, 'J13': -71698.5, 'cluster3106249630_3106249631_J60_J61_#5more': -466155.5}, {'J10': 13, 'J11': 32, 'J12': 21, 'J13': 26, 'cluster3106249630_3106249631_J60_J61_#5more': 36}, {'J10': 18, 'J11': 54, 'J12': 74, 'J13': 33, 'cluster3106249630_3106249631_J60_J61_#5more': 81}, 
4960.0, {'J10': -139917.5, 'J11': -479411.5, 'J12': -317785.0, 'J13': -72028.5, 'cluster3106249630_3106249631_J60_J61_#5more': -466965.5}, {'J10': 13, 'J11': 32, 'J12': 21, 'J13': 26, 'cluster3106249630_3106249631_J60_J61_#5more': 36}, {'J10': 18, 'J11': 54, 'J12': 72, 'J13': 33, 'cluster3106249630_3106249631_J60_J61_#5more': 81}, 
4965.0, {'J10': -140097.5, 'J11': -479951.5, 'J12': -318505.5, 'J13': -72358.5, 'cluster3106249630_3106249631_J60_J61_#5more': -467775.5}, {'J10': 13, 'J11': 32, 'J12': 21, 'J13': 26, 'cluster3106249630_3106249631_J60_J61_#5more': 36}, {'J10': 18, 'J11': 54, 'J12': 73, 'J13': 33, 'cluster3106249630_3106249631_J60_J61_#5more': 81}, 
4970.0, {'J10': -140277.5, 'J11': -480491.5, 'J12': -319237.5, 'J13': -72688.5, 'cluster3106249630_3106249631_J60_J61_#5more': -468585.5}, {'J10': 13, 'J11': 32, 'J12': 21, 'J13': 26, 'cluster3106249630_3106249631_J60_J61_#5more': 36}, {'J10': 18, 'J11': 54, 'J12': 74, 'J13': 33, 'cluster3106249630_3106249631_J60_J61_#5more': 81}, 
4975.0, {'J10': -140457.5, 'J11': -481031.5, 'J12': -319984.5, 'J13': -73018.5, 'cluster3106249630_3106249631_J60_J61_#5more': -469400.0}, {'J10': 13, 'J11': 32, 'J12': 21, 'J13': 26, 'cluster3106249630_3106249631_J60_J61_#5more': 36}, {'J10': 18, 'J11': 54, 'J12': 76, 'J13': 33, 'cluster3106249630_3106249631_J60_J61_#5more': 84}, 
4980.0, {'J10': -140637.5, 'J11': -481571.5, 'J12': -320755.0, 'J13': -73357.0, 'cluster3106249630_3106249631_J60_J61_#5more': -470240.0}, {'J10': 13, 'J11': 32, 'J12': 21, 'J13': 28, 'cluster3106249630_3106249631_J60_J61_#5more': 36}, {'J10': 18, 'J11': 54, 'J12': 80, 'J13': 35, 'cluster3106249630_3106249631_J60_J61_#5more': 84}, 
4985.0, {'J10': -140817.5, 'J11': -482111.5, 'J12': -314891.5, 'J13': -73707.0, 'cluster3106249630_3106249631_J60_J61_#5more': -471080.0}, {'J10': 13, 'J11': 32, 'J12': 21, 'J13': 28, 'cluster3106249630_3106249631_J60_J61_#5more': 36}, {'J10': 18, 'J11': 54, 'J12': 75, 'J13': 35, 'cluster3106249630_3106249631_J60_J61_#5more': 84}, 
4990.0, {'J10': -140997.5, 'J11': -482651.5, 'J12': -315641.5, 'J13': -74057.0, 'cluster3106249630_3106249631_J60_J61_#5more': -471920.0}, {'J10': 13, 'J11': 32, 'J12': 21, 'J13': 28, 'cluster3106249630_3106249631_J60_J61_#5more': 36}, {'J10': 18, 'J11': 54, 'J12': 75, 'J13': 35, 'cluster3106249630_3106249631_J60_J61_#5more': 84}, 
4995.0, {'J10': -141177.5, 'J11': -483191.5, 'J12': -316393.0, 'J13': -74407.0, 'cluster3106249630_3106249631_J60_J61_#5more': -472760.0}, {'J10': 13, 'J11': 32, 'J12': 21, 'J13': 28, 'cluster3106249630_3106249631_J60_J61_#5more': 36}, {'J10': 18, 'J11': 54, 'J12': 77, 'J13': 35, 'cluster3106249630_3106249631_J60_J61_#5more': 84}, 
5000.0, {'J10': -141357.5, 'J11': -483731.5, 'J12': -316559.0, 'J13': -74757.0, 'cluster3106249630_3106249631_J60_J61_#5more': -473600.0}, {'J10': 13, 'J11': 32, 'J12': 21, 'J13': 28, 'cluster3106249630_3106249631_J60_J61_#5more': 36}, {'J10': 18, 'J11': 54, 'J12': 78, 'J13': 35, 'cluster3106249630_3106249631_J60_J61_#5more': 84}, 
5005.0, {'J10': -141537.5, 'J11': -484271.5, 'J12': -316848.5, 'J13': -75107.0, 'cluster3106249630_3106249631_J60_J61_#5more': -474440.0}, {'J10': 13, 'J11': 32, 'J12': 21, 'J13': 28, 'cluster3106249630_3106249631_J60_J61_#5more': 36}, {'J10': 18, 'J11': 54, 'J12': 77, 'J13': 35, 'cluster3106249630_3106249631_J60_J61_#5more': 84}, 
5010.0, {'J10': -141717.5, 'J11': -484811.5, 'J12': -317618.5, 'J13': -75457.0, 'cluster3106249630_3106249631_J60_J61_#5more': -475280.0}, {'J10': 13, 'J11': 32, 'J12': 21, 'J13': 28, 'cluster3106249630_3106249631_J60_J61_#5more': 36}, {'J10': 18, 'J11': 54, 'J12': 77, 'J13': 35, 'cluster3106249630_3106249631_J60_J61_#5more': 84}, 
5015.0, {'J10': -141897.5, 'J11': -485351.5, 'J12': -318388.5, 'J13': -75807.0, 'cluster3106249630_3106249631_J60_J61_#5more': -476120.0}, {'J10': 13, 'J11': 32, 'J12': 21, 'J13': 28, 'cluster3106249630_3106249631_J60_J61_#5more': 36}, {'J10': 18, 'J11': 54, 'J12': 77, 'J13': 35, 'cluster3106249630_3106249631_J60_J61_#5more': 84}, 
5020.0, {'J10': -142077.5, 'J11': -485891.5, 'J12': -319163.5, 'J13': -73911.5, 'cluster3106249630_3106249631_J60_J61_#5more': -476960.0}, {'J10': 13, 'J11': 32, 'J12': 21, 'J13': 26, 'cluster3106249630_3106249631_J60_J61_#5more': 36}, {'J10': 18, 'J11': 54, 'J12': 80, 'J13': 33, 'cluster3106249630_3106249631_J60_J61_#5more': 84}, 
5025.0, {'J10': -142257.5, 'J11': -486431.5, 'J12': -319968.5, 'J13': -74241.5, 'cluster3106249630_3106249631_J60_J61_#5more': -477800.0}, {'J10': 13, 'J11': 32, 'J12': 21, 'J13': 26, 'cluster3106249630_3106249631_J60_J61_#5more': 36}, {'J10': 18, 'J11': 54, 'J12': 84, 'J13': 33, 'cluster3106249630_3106249631_J60_J61_#5more': 84}, 
5030.0, {'J10': -142437.5, 'J11': -486971.5, 'J12': -320808.5, 'J13': -74571.5, 'cluster3106249630_3106249631_J60_J61_#5more': -476867.0}, {'J10': 13, 'J11': 32, 'J12': 21, 'J13': 26, 'cluster3106249630_3106249631_J60_J61_#5more': 36}, {'J10': 18, 'J11': 54, 'J12': 84, 'J13': 33, 'cluster3106249630_3106249631_J60_J61_#5more': 83}, 
5035.0, {'J10': -142617.5, 'J11': -487511.5, 'J12': -321648.5, 'J13': -74901.5, 'cluster3106249630_3106249631_J60_J61_#5more': -473146.0}, {'J10': 13, 'J11': 32, 'J12': 21, 'J13': 26, 'cluster3106249630_3106249631_J60_J61_#5more': 36}, {'J10': 18, 'J11': 54, 'J12': 84, 'J13': 33, 'cluster3106249630_3106249631_J60_J61_#5more': 82}, 
5040.0, {'J10': -142797.5, 'J11': -488051.5, 'J12': -322488.5, 'J13': -75235.5, 'cluster3106249630_3106249631_J60_J61_#5more': -473966.0}, {'J10': 13, 'J11': 32, 'J12': 21, 'J13': 28, 'cluster3106249630_3106249631_J60_J61_#5more': 36}, {'J10': 18, 'J11': 54, 'J12': 84, 'J13': 35, 'cluster3106249630_3106249631_J60_J61_#5more': 82}, 
5045.0, {'J10': -142977.5, 'J11': -488591.5, 'J12': -323328.5, 'J13': -75585.5, 'cluster3106249630_3106249631_J60_J61_#5more': -474786.0}, {'J10': 13, 'J11': 32, 'J12': 21, 'J13': 28, 'cluster3106249630_3106249631_J60_J61_#5more': 36}, {'J10': 18, 'J11': 54, 'J12': 84, 'J13': 35, 'cluster3106249630_3106249631_J60_J61_#5more': 82}, 
5050.0, {'J10': -143157.5, 'J11': -489131.5, 'J12': -322672.0, 'J13': -75935.5, 'cluster3106249630_3106249631_J60_J61_#5more': -475606.0}, {'J10': 13, 'J11': 32, 'J12': 21, 'J13': 28, 'cluster3106249630_3106249631_J60_J61_#5more': 36}, {'J10': 18, 'J11': 54, 'J12': 81, 'J13': 35, 'cluster3106249630_3106249631_J60_J61_#5more': 82}, 
5055.0, {'J10': -143337.5, 'J11': -489671.5, 'J12': -322977.5, 'J13': -76285.5, 'cluster3106249630_3106249631_J60_J61_#5more': -476430.5}, {'J10': 13, 'J11': 32, 'J12': 21, 'J13': 28, 'cluster3106249630_3106249631_J60_J61_#5more': 36}, {'J10': 18, 'J11': 54, 'J12': 80, 'J13': 35, 'cluster3106249630_3106249631_J60_J61_#5more': 84}, 
5060.0, {'J10': -143517.5, 'J11': -490211.5, 'J12': -323786.5, 'J13': -76635.5, 'cluster3106249630_3106249631_J60_J61_#5more': -476518.5}, {'J10': 13, 'J11': 32, 'J12': 21, 'J13': 28, 'cluster3106249630_3106249631_J60_J61_#5more': 36}, {'J10': 18, 'J11': 54, 'J12': 84, 'J13': 35, 'cluster3106249630_3106249631_J60_J61_#5more': 83}, 
5065.0, {'J10': -143697.5, 'J11': -490751.5, 'J12': -324634.5, 'J13': -76985.5, 'cluster3106249630_3106249631_J60_J61_#5more': -476844.5}, {'J10': 13, 'J11': 32, 'J12': 21, 'J13': 28, 'cluster3106249630_3106249631_J60_J61_#5more': 36}, {'J10': 18, 'J11': 54, 'J12': 86, 'J13': 35, 'cluster3106249630_3106249631_J60_J61_#5more': 82}, 
5070.0, {'J10': -143877.5, 'J11': -491291.5, 'J12': -324881.0, 'J13': -77335.5, 'cluster3106249630_3106249631_J60_J61_#5more': -477664.5}, {'J10': 13, 'J11': 32, 'J12': 21, 'J13': 28, 'cluster3106249630_3106249631_J60_J61_#5more': 36}, {'J10': 18, 'J11': 54, 'J12': 85, 'J13': 35, 'cluster3106249630_3106249631_J60_J61_#5more': 82}, 
5075.0, {'J10': -144057.5, 'J11': -491831.5, 'J12': -325094.0, 'J13': -77685.5, 'cluster3106249630_3106249631_J60_J61_#5more': -478490.5}, {'J10': 13, 'J11': 32, 'J12': 21, 'J13': 28, 'cluster3106249630_3106249631_J60_J61_#5more': 36}, {'J10': 18, 'J11': 54, 'J12': 82, 'J13': 35, 'cluster3106249630_3106249631_J60_J61_#5more': 84}, 
5080.0, {'J10': -144237.5, 'J11': -492371.5, 'J12': -325496.5, 'J13': -78035.5, 'cluster3106249630_3106249631_J60_J61_#5more': -479330.5}, {'J10': 13, 'J11': 32, 'J12': 21, 'J13': 28, 'cluster3106249630_3106249631_J60_J61_#5more': 36}, {'J10': 18, 'J11': 54, 'J12': 80, 'J13': 35, 'cluster3106249630_3106249631_J60_J61_#5more': 84}, 
5085.0, {'J10': -144417.5, 'J11': -492911.5, 'J12': -326296.5, 'J13': -76017.5, 'cluster3106249630_3106249631_J60_J61_#5more': -480170.5}, {'J10': 13, 'J11': 32, 'J12': 21, 'J13': 26, 'cluster3106249630_3106249631_J60_J61_#5more': 36}, {'J10': 18, 'J11': 54, 'J12': 80, 'J13': 33, 'cluster3106249630_3106249631_J60_J61_#5more': 84}, 
5090.0, {'J10': -144597.5, 'J11': -493451.5, 'J12': -327096.5, 'J13': -76347.5, 'cluster3106249630_3106249631_J60_J61_#5more': -481010.5}, {'J10': 13, 'J11': 32, 'J12': 21, 'J13': 26, 'cluster3106249630_3106249631_J60_J61_#5more': 36}, {'J10': 18, 'J11': 54, 'J12': 80, 'J13': 33, 'cluster3106249630_3106249631_J60_J61_#5more': 84}, 
5095.0, {'J10': -144777.5, 'J11': -493991.5, 'J12': -327902.0, 'J13': -76677.5, 'cluster3106249630_3106249631_J60_J61_#5more': -481850.5}, {'J10': 13, 'J11': 32, 'J12': 21, 'J13': 26, 'cluster3106249630_3106249631_J60_J61_#5more': 36}, {'J10': 18, 'J11': 54, 'J12': 83, 'J13': 33, 'cluster3106249630_3106249631_J60_J61_#5more': 84}, 
5100.0, {'J10': -144957.5, 'J11': -494531.5, 'J12': -328736.0, 'J13': -77007.5, 'cluster3106249630_3106249631_J60_J61_#5more': -482690.5}, {'J10': 13, 'J11': 32, 'J12': 21, 'J13': 26, 'cluster3106249630_3106249631_J60_J61_#5more': 36}, {'J10': 18, 'J11': 54, 'J12': 84, 'J13': 33, 'cluster3106249630_3106249631_J60_J61_#5more': 84}, 
5105.0, {'J10': -145137.5, 'J11': -495071.5, 'J12': -329576.0, 'J13': -77338.5, 'cluster3106249630_3106249631_J60_J61_#5more': -483530.5}, {'J10': 13, 'J11': 32, 'J12': 21, 'J13': 27, 'cluster3106249630_3106249631_J60_J61_#5more': 36}, {'J10': 18, 'J11': 54, 'J12': 84, 'J13': 34, 'cluster3106249630_3106249631_J60_J61_#5more': 84}, 
5110.0, {'J10': -145317.5, 'J11': -495611.5, 'J12': -330416.0, 'J13': -77683.5, 'cluster3106249630_3106249631_J60_J61_#5more': -484370.5}, {'J10': 13, 'J11': 32, 'J12': 21, 'J13': 28, 'cluster3106249630_3106249631_J60_J61_#5more': 36}, {'J10': 18, 'J11': 54, 'J12': 84, 'J13': 35, 'cluster3106249630_3106249631_J60_J61_#5more': 84}, 
5115.0, {'J10': -145497.5, 'J11': -496151.5, 'J12': -325731.5, 'J13': -78033.5, 'cluster3106249630_3106249631_J60_J61_#5more': -485210.5}, {'J10': 13, 'J11': 32, 'J12': 21, 'J13': 28, 'cluster3106249630_3106249631_J60_J61_#5more': 36}, {'J10': 18, 'J11': 54, 'J12': 79, 'J13': 35, 'cluster3106249630_3106249631_J60_J61_#5more': 84}, 
5120.0, {'J10': -145677.5, 'J11': -496691.5, 'J12': -326147.5, 'J13': -78383.5, 'cluster3106249630_3106249631_J60_J61_#5more': -486050.5}, {'J10': 13, 'J11': 32, 'J12': 21, 'J13': 28, 'cluster3106249630_3106249631_J60_J61_#5more': 36}, {'J10': 18, 'J11': 54, 'J12': 78, 'J13': 35, 'cluster3106249630_3106249631_J60_J61_#5more': 84}, 
5125.0, {'J10': -145857.5, 'J11': -497231.5, 'J12': -326928.0, 'J13': -78733.5, 'cluster3106249630_3106249631_J60_J61_#5more': -486268.0}, {'J10': 13, 'J11': 32, 'J12': 21, 'J13': 28, 'cluster3106249630_3106249631_J60_J61_#5more': 36}, {'J10': 18, 'J11': 54, 'J12': 79, 'J13': 35, 'cluster3106249630_3106249631_J60_J61_#5more': 83}, 
5130.0, {'J10': -146037.5, 'J11': -497771.5, 'J12': -327731.0, 'J13': -79083.5, 'cluster3106249630_3106249631_J60_J61_#5more': -486594.5}, {'J10': 13, 'J11': 32, 'J12': 21, 'J13': 28, 'cluster3106249630_3106249631_J60_J61_#5more': 36}, {'J10': 18, 'J11': 54, 'J12': 82, 'J13': 35, 'cluster3106249630_3106249631_J60_J61_#5more': 82}, 
5135.0, {'J10': -146217.5, 'J11': -498311.5, 'J12': -328000.5, 'J13': -79433.5, 'cluster3106249630_3106249631_J60_J61_#5more': -487414.5}, {'J10': 13, 'J11': 32, 'J12': 21, 'J13': 28, 'cluster3106249630_3106249631_J60_J61_#5more': 36}, {'J10': 18, 'J11': 54, 'J12': 81, 'J13': 35, 'cluster3106249630_3106249631_J60_J61_#5more': 82}, 
5140.0, {'J10': -146397.5, 'J11': -498851.5, 'J12': -328810.5, 'J13': -79783.5, 'cluster3106249630_3106249631_J60_J61_#5more': -486266.0}, {'J10': 13, 'J11': 32, 'J12': 21, 'J13': 28, 'cluster3106249630_3106249631_J60_J61_#5more': 36}, {'J10': 18, 'J11': 54, 'J12': 81, 'J13': 35, 'cluster3106249630_3106249631_J60_J61_#5more': 83}, 
5145.0, {'J10': -146577.5, 'J11': -499391.5, 'J12': -329620.5, 'J13': -80133.5, 'cluster3106249630_3106249631_J60_J61_#5more': -482331.0}, {'J10': 13, 'J11': 32, 'J12': 21, 'J13': 28, 'cluster3106249630_3106249631_J60_J61_#5more': 36}, {'J10': 18, 'J11': 54, 'J12': 81, 'J13': 35, 'cluster3106249630_3106249631_J60_J61_#5more': 82}, 
5150.0, {'J10': -146757.5, 'J11': -499931.5, 'J12': -330430.5, 'J13': -76968.0, 'cluster3106249630_3106249631_J60_J61_#5more': -483151.0}, {'J10': 13, 'J11': 32, 'J12': 21, 'J13': 25, 'cluster3106249630_3106249631_J60_J61_#5more': 36}, {'J10': 18, 'J11': 54, 'J12': 81, 'J13': 32, 'cluster3106249630_3106249631_J60_J61_#5more': 82}, 
5155.0, {'J10': -146937.5, 'J11': -500471.5, 'J12': -331240.5, 'J13': -76027.0, 'cluster3106249630_3106249631_J60_J61_#5more': -483971.0}, {'J10': 13, 'J11': 32, 'J12': 21, 'J13': 24, 'cluster3106249630_3106249631_J60_J61_#5more': 36}, {'J10': 18, 'J11': 54, 'J12': 81, 'J13': 31, 'cluster3106249630_3106249631_J60_J61_#5more': 82}, 
5160.0, {'J10': -147117.5, 'J11': -501011.5, 'J12': -332050.5, 'J13': -76337.0, 'cluster3106249630_3106249631_J60_J61_#5more': -484791.0}, {'J10': 13, 'J11': 32, 'J12': 21, 'J13': 24, 'cluster3106249630_3106249631_J60_J61_#5more': 36}, {'J10': 18, 'J11': 54, 'J12': 81, 'J13': 31, 'cluster3106249630_3106249631_J60_J61_#5more': 82}, 
5165.0, {'J10': -147297.5, 'J11': -501551.5, 'J12': -332860.5, 'J13': -76647.0, 'cluster3106249630_3106249631_J60_J61_#5more': -485612.0}, {'J10': 13, 'J11': 32, 'J12': 21, 'J13': 24, 'cluster3106249630_3106249631_J60_J61_#5more': 36}, {'J10': 18, 'J11': 54, 'J12': 81, 'J13': 31, 'cluster3106249630_3106249631_J60_J61_#5more': 83}, 
5170.0, {'J10': -147477.5, 'J11': -502091.5, 'J12': -333670.5, 'J13': -76957.5, 'cluster3106249630_3106249631_J60_J61_#5more': -486446.5}, {'J10': 13, 'J11': 32, 'J12': 21, 'J13': 25, 'cluster3106249630_3106249631_J60_J61_#5more': 36}, {'J10': 18, 'J11': 54, 'J12': 81, 'J13': 32, 'cluster3106249630_3106249631_J60_J61_#5more': 84}, 
5175.0, {'J10': -147657.5, 'J11': -502631.5, 'J12': -334480.5, 'J13': -77286.5, 'cluster3106249630_3106249631_J60_J61_#5more': -487286.5}, {'J10': 13, 'J11': 32, 'J12': 21, 'J13': 28, 'cluster3106249630_3106249631_J60_J61_#5more': 36}, {'J10': 18, 'J11': 54, 'J12': 81, 'J13': 35, 'cluster3106249630_3106249631_J60_J61_#5more': 84}, 
5180.0, {'J10': -147837.5, 'J11': -503171.5, 'J12': -334185.0, 'J13': -77636.5, 'cluster3106249630_3106249631_J60_J61_#5more': -488126.5}, {'J10': 13, 'J11': 32, 'J12': 21, 'J13': 28, 'cluster3106249630_3106249631_J60_J61_#5more': 36}, {'J10': 18, 'J11': 54, 'J12': 78, 'J13': 35, 'cluster3106249630_3106249631_J60_J61_#5more': 84}, 
5185.0, {'J10': -148017.5, 'J11': -503711.5, 'J12': -334591.5, 'J13': -77986.5, 'cluster3106249630_3106249631_J60_J61_#5more': -488966.5}, {'J10': 13, 'J11': 32, 'J12': 21, 'J13': 28, 'cluster3106249630_3106249631_J60_J61_#5more': 36}, {'J10': 18, 'J11': 54, 'J12': 77, 'J13': 35, 'cluster3106249630_3106249631_J60_J61_#5more': 84}, 
5190.0, {'J10': -148197.5, 'J11': -504251.5, 'J12': -335367.0, 'J13': -78336.5, 'cluster3106249630_3106249631_J60_J61_#5more': -489184.0}, {'J10': 13, 'J11': 32, 'J12': 21, 'J13': 28, 'cluster3106249630_3106249631_J60_J61_#5more': 36}, {'J10': 18, 'J11': 54, 'J12': 80, 'J13': 35, 'cluster3106249630_3106249631_J60_J61_#5more': 83}, 
5195.0, {'J10': -148377.5, 'J11': -504791.5, 'J12': -336175.5, 'J13': -78686.5, 'cluster3106249630_3106249631_J60_J61_#5more': -489512.0}, {'J10': 13, 'J11': 32, 'J12': 21, 'J13': 28, 'cluster3106249630_3106249631_J60_J61_#5more': 36}, {'J10': 18, 'J11': 54, 'J12': 82, 'J13': 35, 'cluster3106249630_3106249631_J60_J61_#5more': 82}, 
5200.0, {'J10': -148557.5, 'J11': -505331.5, 'J12': -336343.5, 'J13': -79036.5, 'cluster3106249630_3106249631_J60_J61_#5more': -490332.0}, {'J10': 13, 'J11': 32, 'J12': 21, 'J13': 28, 'cluster3106249630_3106249631_J60_J61_#5more': 36}, {'J10': 18, 'J11': 54, 'J12': 81, 'J13': 35, 'cluster3106249630_3106249631_J60_J61_#5more': 82}, 
5205.0, {'J10': -148737.5, 'J11': -505871.5, 'J12': -336708.5, 'J13': -79386.5, 'cluster3106249630_3106249631_J60_J61_#5more': -491157.5}, {'J10': 13, 'J11': 32, 'J12': 21, 'J13': 28, 'cluster3106249630_3106249631_J60_J61_#5more': 36}, {'J10': 18, 'J11': 54, 'J12': 80, 'J13': 35, 'cluster3106249630_3106249631_J60_J61_#5more': 84}, 
5210.0, {'J10': -148917.5, 'J11': -506411.5, 'J12': -337508.5, 'J13': -79736.5, 'cluster3106249630_3106249631_J60_J61_#5more': -485322.0}, {'J10': 13, 'J11': 32, 'J12': 21, 'J13': 28, 'cluster3106249630_3106249631_J60_J61_#5more': 36}, {'J10': 18, 'J11': 54, 'J12': 80, 'J13': 35, 'cluster3106249630_3106249631_J60_J61_#5more': 82}, 
5215.0, {'J10': -149097.5, 'J11': -506951.5, 'J12': -337610.0, 'J13': -77954.0, 'cluster3106249630_3106249631_J60_J61_#5more': -486142.0}, {'J10': 13, 'J11': 32, 'J12': 21, 'J13': 26, 'cluster3106249630_3106249631_J60_J61_#5more': 36}, {'J10': 18, 'J11': 54, 'J12': 81, 'J13': 33, 'cluster3106249630_3106249631_J60_J61_#5more': 82}, 
5220.0, {'J10': -149277.5, 'J11': -507491.5, 'J12': -338021.5, 'J13': -76144.5, 'cluster3106249630_3106249631_J60_J61_#5more': -486962.0}, {'J10': 13, 'J11': 32, 'J12': 21, 'J13': 24, 'cluster3106249630_3106249631_J60_J61_#5more': 36}, {'J10': 18, 'J11': 54, 'J12': 81, 'J13': 31, 'cluster3106249630_3106249631_J60_J61_#5more': 82}, 
5225.0, {'J10': -149457.5, 'J11': -508031.5, 'J12': -338831.5, 'J13': -76454.5, 'cluster3106249630_3106249631_J60_J61_#5more': -487782.0}, {'J10': 13, 'J11': 32, 'J12': 21, 'J13': 24, 'cluster3106249630_3106249631_J60_J61_#5more': 36}, {'J10': 18, 'J11': 54, 'J12': 81, 'J13': 31, 'cluster3106249630_3106249631_J60_J61_#5more': 82}, 
5230.0, {'J10': -149637.5, 'J11': -508571.5, 'J12': -339641.5, 'J13': -76764.5, 'cluster3106249630_3106249631_J60_J61_#5more': -488602.0}, {'J10': 13, 'J11': 32, 'J12': 21, 'J13': 24, 'cluster3106249630_3106249631_J60_J61_#5more': 36}, {'J10': 18, 'J11': 54, 'J12': 81, 'J13': 31, 'cluster3106249630_3106249631_J60_J61_#5more': 82}, 
5235.0, {'J10': -149817.5, 'J11': -509111.5, 'J12': -340451.5, 'J13': -77075.0, 'cluster3106249630_3106249631_J60_J61_#5more': -489430.5}, {'J10': 13, 'J11': 32, 'J12': 21, 'J13': 25, 'cluster3106249630_3106249631_J60_J61_#5more': 36}, {'J10': 18, 'J11': 54, 'J12': 81, 'J13': 32, 'cluster3106249630_3106249631_J60_J61_#5more': 84}, 
5240.0, {'J10': -149997.5, 'J11': -509651.5, 'J12': -341261.5, 'J13': -77405.0, 'cluster3106249630_3106249631_J60_J61_#5more': -490270.5}, {'J10': 13, 'J11': 32, 'J12': 21, 'J13': 28, 'cluster3106249630_3106249631_J60_J61_#5more': 36}, {'J10': 18, 'J11': 54, 'J12': 81, 'J13': 35, 'cluster3106249630_3106249631_J60_J61_#5more': 84}, 
5245.0, {'J10': -150177.5, 'J11': -510191.5, 'J12': -339212.5, 'J13': -77755.0, 'cluster3106249630_3106249631_J60_J61_#5more': -491110.5}, {'J10': 13, 'J11': 32, 'J12': 21, 'J13': 28, 'cluster3106249630_3106249631_J60_J61_#5more': 36}, {'J10': 18, 'J11': 54, 'J12': 77, 'J13': 35, 'cluster3106249630_3106249631_J60_J61_#5more': 84}, 
5250.0, {'J10': -150357.5, 'J11': -510731.5, 'J12': -339608.5, 'J13': -78105.0, 'cluster3106249630_3106249631_J60_J61_#5more': -491950.5}, {'J10': 13, 'J11': 32, 'J12': 21, 'J13': 28, 'cluster3106249630_3106249631_J60_J61_#5more': 36}, {'J10': 18, 'J11': 54, 'J12': 76, 'J13': 35, 'cluster3106249630_3106249631_J60_J61_#5more': 84}, 
5255.0, {'J10': -150537.5, 'J11': -511271.5, 'J12': -340369.5, 'J13': -78455.0, 'cluster3106249630_3106249631_J60_J61_#5more': -492426.5}, {'J10': 13, 'J11': 32, 'J12': 21, 'J13': 28, 'cluster3106249630_3106249631_J60_J61_#5more': 36}, {'J10': 18, 'J11': 54, 'J12': 78, 'J13': 35, 'cluster3106249630_3106249631_J60_J61_#5more': 83}, 
5260.0, {'J10': -150717.5, 'J11': -511811.5, 'J12': -341157.5, 'J13': -78805.0, 'cluster3106249630_3106249631_J60_J61_#5more': -492884.5}, {'J10': 13, 'J11': 32, 'J12': 21, 'J13': 28, 'cluster3106249630_3106249631_J60_J61_#5more': 36}, {'J10': 18, 'J11': 54, 'J12': 80, 'J13': 35, 'cluster3106249630_3106249631_J60_J61_#5more': 82}, 
5265.0, {'J10': -150897.5, 'J11': -512351.5, 'J12': -341957.5, 'J13': -79155.0, 'cluster3106249630_3106249631_J60_J61_#5more': -493704.5}, {'J10': 13, 'J11': 32, 'J12': 21, 'J13': 28, 'cluster3106249630_3106249631_J60_J61_#5more': 36}, {'J10': 18, 'J11': 54, 'J12': 80, 'J13': 35, 'cluster3106249630_3106249631_J60_J61_#5more': 82}, 
5270.0, {'J10': -151077.5, 'J11': -512891.5, 'J12': -342757.5, 'J13': -79505.0, 'cluster3106249630_3106249631_J60_J61_#5more': -494531.0}, {'J10': 13, 'J11': 32, 'J12': 21, 'J13': 28, 'cluster3106249630_3106249631_J60_J61_#5more': 36}, {'J10': 18, 'J11': 54, 'J12': 80, 'J13': 35, 'cluster3106249630_3106249631_J60_J61_#5more': 84}, 
5275.0, {'J10': -151257.5, 'J11': -513431.5, 'J12': -342964.5, 'J13': -79855.0, 'cluster3106249630_3106249631_J60_J61_#5more': -495371.0}, {'J10': 13, 'J11': 32, 'J12': 21, 'J13': 28, 'cluster3106249630_3106249631_J60_J61_#5more': 36}, {'J10': 18, 'J11': 54, 'J12': 80, 'J13': 35, 'cluster3106249630_3106249631_J60_J61_#5more': 84}, 
5280.0, {'J10': -151437.5, 'J11': -513971.5, 'J12': -343767.5, 'J13': -76965.0, 'cluster3106249630_3106249631_J60_J61_#5more': -496211.0}, {'J10': 13, 'J11': 32, 'J12': 21, 'J13': 25, 'cluster3106249630_3106249631_J60_J61_#5more': 36}, {'J10': 18, 'J11': 54, 'J12': 81, 'J13': 32, 'cluster3106249630_3106249631_J60_J61_#5more': 84}, 
5285.0, {'J10': -151617.5, 'J11': -514511.5, 'J12': -344577.5, 'J13': -76280.5, 'cluster3106249630_3106249631_J60_J61_#5more': -497051.0}, {'J10': 13, 'J11': 32, 'J12': 21, 'J13': 24, 'cluster3106249630_3106249631_J60_J61_#5more': 36}, {'J10': 18, 'J11': 54, 'J12': 81, 'J13': 31, 'cluster3106249630_3106249631_J60_J61_#5more': 84}, 
5290.0, {'J10': -151797.5, 'J11': -515051.5, 'J12': -345387.5, 'J13': -76590.5, 'cluster3106249630_3106249631_J60_J61_#5more': -497891.0}, {'J10': 13, 'J11': 32, 'J12': 21, 'J13': 24, 'cluster3106249630_3106249631_J60_J61_#5more': 36}, {'J10': 18, 'J11': 54, 'J12': 81, 'J13': 31, 'cluster3106249630_3106249631_J60_J61_#5more': 84}, 
5295.0, {'J10': -151977.5, 'J11': -515591.5, 'J12': -346197.5, 'J13': -76900.5, 'cluster3106249630_3106249631_J60_J61_#5more': -498731.0}, {'J10': 13, 'J11': 32, 'J12': 21, 'J13': 24, 'cluster3106249630_3106249631_J60_J61_#5more': 36}, {'J10': 18, 'J11': 54, 'J12': 81, 'J13': 31, 'cluster3106249630_3106249631_J60_J61_#5more': 84}, 
5300.0, {'J10': -152157.5, 'J11': -516131.5, 'J12': -347007.5, 'J13': -77211.0, 'cluster3106249630_3106249631_J60_J61_#5more': -497448.0}, {'J10': 13, 'J11': 32, 'J12': 21, 'J13': 25, 'cluster3106249630_3106249631_J60_J61_#5more': 36}, {'J10': 18, 'J11': 54, 'J12': 81, 'J13': 32, 'cluster3106249630_3106249631_J60_J61_#5more': 83}, 
5305.0, {'J10': -152337.5, 'J11': -516671.5, 'J12': -347817.5, 'J13': -77540.5, 'cluster3106249630_3106249631_J60_J61_#5more': -494496.5}, {'J10': 13, 'J11': 32, 'J12': 21, 'J13': 28, 'cluster3106249630_3106249631_J60_J61_#5more': 36}, {'J10': 18, 'J11': 54, 'J12': 81, 'J13': 35, 'cluster3106249630_3106249631_J60_J61_#5more': 82}, 
5310.0, {'J10': -152517.5, 'J11': -517211.5, 'J12': -347892.0, 'J13': -77890.5, 'cluster3106249630_3106249631_J60_J61_#5more': -495316.5}, {'J10': 13, 'J11': 32, 'J12': 21, 'J13': 28, 'cluster3106249630_3106249631_J60_J61_#5more': 36}, {'J10': 18, 'J11': 54, 'J12': 79, 'J13': 35, 'cluster3106249630_3106249631_J60_J61_#5more': 82}, 
5315.0, {'J10': -152697.5, 'J11': -517751.5, 'J12': -347934.0, 'J13': -78240.5, 'cluster3106249630_3106249631_J60_J61_#5more': -496136.5}, {'J10': 13, 'J11': 32, 'J12': 21, 'J13': 28, 'cluster3106249630_3106249631_J60_J61_#5more': 36}, {'J10': 18, 'J11': 54, 'J12': 77, 'J13': 35, 'cluster3106249630_3106249631_J60_J61_#5more': 82}, 
5320.0, {'J10': -152877.5, 'J11': -518291.5, 'J12': -348708.5, 'J13': -78590.5, 'cluster3106249630_3106249631_J60_J61_#5more': -496592.5}, {'J10': 13, 'J11': 32, 'J12': 21, 'J13': 28, 'cluster3106249630_3106249631_J60_J61_#5more': 36}, {'J10': 18, 'J11': 54, 'J12': 79, 'J13': 35, 'cluster3106249630_3106249631_J60_J61_#5more': 81}, 
5325.0, {'J10': -153057.5, 'J11': -518831.5, 'J12': -349511.5, 'J13': -78940.5, 'cluster3106249630_3106249631_J60_J61_#5more': -497033.5}, {'J10': 13, 'J11': 32, 'J12': 21, 'J13': 28, 'cluster3106249630_3106249631_J60_J61_#5more': 36}, {'J10': 18, 'J11': 54, 'J12': 82, 'J13': 35, 'cluster3106249630_3106249631_J60_J61_#5more': 82}, 
5330.0, {'J10': -153237.5, 'J11': -519371.5, 'J12': -349400.5, 'J13': -79290.5, 'cluster3106249630_3106249631_J60_J61_#5more': -497853.5}, {'J10': 13, 'J11': 32, 'J12': 21, 'J13': 28, 'cluster3106249630_3106249631_J60_J61_#5more': 36}, {'J10': 18, 'J11': 54, 'J12': 81, 'J13': 35, 'cluster3106249630_3106249631_J60_J61_#5more': 82}, 
5335.0, {'J10': -153417.5, 'J11': -519911.5, 'J12': -348958.5, 'J13': -79640.5, 'cluster3106249630_3106249631_J60_J61_#5more': -498680.0}, {'J10': 13, 'J11': 32, 'J12': 21, 'J13': 28, 'cluster3106249630_3106249631_J60_J61_#5more': 36}, {'J10': 18, 'J11': 54, 'J12': 79, 'J13': 35, 'cluster3106249630_3106249631_J60_J61_#5more': 84}, 
5340.0, {'J10': -153597.5, 'J11': -520451.5, 'J12': -349749.0, 'J13': -79990.5, 'cluster3106249630_3106249631_J60_J61_#5more': -499520.0}, {'J10': 13, 'J11': 32, 'J12': 21, 'J13': 28, 'cluster3106249630_3106249631_J60_J61_#5more': 36}, {'J10': 18, 'J11': 54, 'J12': 80, 'J13': 35, 'cluster3106249630_3106249631_J60_J61_#5more': 84}, 
5345.0, {'J10': -153777.5, 'J11': -520991.5, 'J12': -350549.0, 'J13': -77222.0, 'cluster3106249630_3106249631_J60_J61_#5more': -500360.0}, {'J10': 13, 'J11': 32, 'J12': 21, 'J13': 25, 'cluster3106249630_3106249631_J60_J61_#5more': 36}, {'J10': 18, 'J11': 54, 'J12': 80, 'J13': 32, 'cluster3106249630_3106249631_J60_J61_#5more': 84}, 
5350.0, {'J10': -153957.5, 'J11': -521531.5, 'J12': -350409.5, 'J13': -76410.5, 'cluster3106249630_3106249631_J60_J61_#5more': -501200.0}, {'J10': 13, 'J11': 32, 'J12': 21, 'J13': 24, 'cluster3106249630_3106249631_J60_J61_#5more': 36}, {'J10': 18, 'J11': 54, 'J12': 80, 'J13': 31, 'cluster3106249630_3106249631_J60_J61_#5more': 84}, 
5355.0, {'J10': -154137.5, 'J11': -522071.5, 'J12': -351209.5, 'J13': -76720.5, 'cluster3106249630_3106249631_J60_J61_#5more': -502040.0}, {'J10': 13, 'J11': 32, 'J12': 21, 'J13': 24, 'cluster3106249630_3106249631_J60_J61_#5more': 36}, {'J10': 18, 'J11': 54, 'J12': 80, 'J13': 31, 'cluster3106249630_3106249631_J60_J61_#5more': 84}, 
5360.0, {'J10': -154317.5, 'J11': -522611.5, 'J12': -352009.5, 'J13': -77030.5, 'cluster3106249630_3106249631_J60_J61_#5more': -502880.0}, {'J10': 13, 'J11': 32, 'J12': 21, 'J13': 24, 'cluster3106249630_3106249631_J60_J61_#5more': 36}, {'J10': 18, 'J11': 54, 'J12': 80, 'J13': 31, 'cluster3106249630_3106249631_J60_J61_#5more': 84}, 
5365.0, {'J10': -154497.5, 'J11': -523151.5, 'J12': -352817.0, 'J13': -77341.5, 'cluster3106249630_3106249631_J60_J61_#5more': -503720.0}, {'J10': 13, 'J11': 32, 'J12': 21, 'J13': 25, 'cluster3106249630_3106249631_J60_J61_#5more': 36}, {'J10': 18, 'J11': 54, 'J12': 82, 'J13': 32, 'cluster3106249630_3106249631_J60_J61_#5more': 84}, 
5370.0, {'J10': -154677.5, 'J11': -523691.5, 'J12': -353637.0, 'J13': -77673.0, 'cluster3106249630_3106249631_J60_J61_#5more': -504560.0}, {'J10': 13, 'J11': 32, 'J12': 21, 'J13': 28, 'cluster3106249630_3106249631_J60_J61_#5more': 36}, {'J10': 18, 'J11': 54, 'J12': 82, 'J13': 35, 'cluster3106249630_3106249631_J60_J61_#5more': 84}, 
5375.0, {'J10': -154857.5, 'J11': -524231.5, 'J12': -351942.0, 'J13': -78023.0, 'cluster3106249630_3106249631_J60_J61_#5more': -505400.0}, {'J10': 13, 'J11': 32, 'J12': 21, 'J13': 28, 'cluster3106249630_3106249631_J60_J61_#5more': 36}, {'J10': 18, 'J11': 54, 'J12': 79, 'J13': 35, 'cluster3106249630_3106249631_J60_J61_#5more': 84}, 
5380.0, {'J10': -155037.5, 'J11': -524771.5, 'J12': -352204.0, 'J13': -78373.0, 'cluster3106249630_3106249631_J60_J61_#5more': -506240.0}, {'J10': 13, 'J11': 32, 'J12': 21, 'J13': 28, 'cluster3106249630_3106249631_J60_J61_#5more': 36}, {'J10': 18, 'J11': 54, 'J12': 78, 'J13': 35, 'cluster3106249630_3106249631_J60_J61_#5more': 84}, 
5385.0, {'J10': -155217.5, 'J11': -525311.5, 'J12': -352984.5, 'J13': -78723.0, 'cluster3106249630_3106249631_J60_J61_#5more': -506716.5}, {'J10': 13, 'J11': 32, 'J12': 21, 'J13': 28, 'cluster3106249630_3106249631_J60_J61_#5more': 36}, {'J10': 18, 'J11': 54, 'J12': 79, 'J13': 35, 'cluster3106249630_3106249631_J60_J61_#5more': 83}, 
5390.0, {'J10': -155397.5, 'J11': -525851.5, 'J12': -353787.0, 'J13': -79073.0, 'cluster3106249630_3106249631_J60_J61_#5more': -507174.5}, {'J10': 13, 'J11': 32, 'J12': 21, 'J13': 28, 'cluster3106249630_3106249631_J60_J61_#5more': 36}, {'J10': 18, 'J11': 54, 'J12': 82, 'J13': 35, 'cluster3106249630_3106249631_J60_J61_#5more': 82}, 
5395.0, {'J10': -155577.5, 'J11': -526391.5, 'J12': -354607.0, 'J13': -79423.0, 'cluster3106249630_3106249631_J60_J61_#5more': -507994.5}, {'J10': 13, 'J11': 32, 'J12': 21, 'J13': 28, 'cluster3106249630_3106249631_J60_J61_#5more': 36}, {'J10': 18, 'J11': 54, 'J12': 82, 'J13': 35, 'cluster3106249630_3106249631_J60_J61_#5more': 82}, 
5400.0, {'J10': -155757.5, 'J11': -526931.5, 'J12': -355427.0, 'J13': -79773.0, 'cluster3106249630_3106249631_J60_J61_#5more': -508820.5}, {'J10': 13, 'J11': 32, 'J12': 21, 'J13': 28, 'cluster3106249630_3106249631_J60_J61_#5more': 36}, {'J10': 18, 'J11': 54, 'J12': 82, 'J13': 35, 'cluster3106249630_3106249631_J60_J61_#5more': 84}, 
