5.0, {'J10': 0, 'J11': 0, 'J12': 0, 'J13': 0, 'cluster3106249630_3106249631_J60_J61_#5more': 0}, {'J10': 0, 'J11': 0, 'J12': 0, 'J13': 0, 'cluster3106249630_3106249631_J60_J61_#5more': 0}, {'J10': 0, 'J11': 0, 'J12': 0, 'J13': 0, 'cluster3106249630_3106249631_J60_J61_#5more': 0}, 
10.0, {'J10': 0, 'J11': 0, 'J12': 0, 'J13': 0, 'cluster3106249630_3106249631_J60_J61_#5more': 0}, {'J10': 0, 'J11': 0, 'J12': 0, 'J13': 0, 'cluster3106249630_3106249631_J60_J61_#5more': 0}, {'J10': 0, 'J11': 0, 'J12': 0, 'J13': 0, 'cluster3106249630_3106249631_J60_J61_#5more': 0}, 
15.0, {'J10': 0, 'J11': -4.5, 'J12': -0.5, 'J13': 0, 'cluster3106249630_3106249631_J60_J61_#5more': -6.0}, {'J10': 0, 'J11': 1, 'J12': 1, 'J13': 0, 'cluster3106249630_3106249631_J60_J61_#5more': 1}, {'J10': 0, 'J11': 1, 'J12': 1, 'J13': 0, 'cluster3106249630_3106249631_J60_J61_#5more': 2}, 
20.0, {'J10': 0, 'J11': -14.5, 'J12': -10.5, 'J13': 0, 'cluster3106249630_3106249631_J60_J61_#5more': 0}, {'J10': 0, 'J11': 1, 'J12': 1, 'J13': 0, 'cluster3106249630_3106249631_J60_J61_#5more': 0}, {'J10': 0, 'J11': 1, 'J12': 1, 'J13': 0, 'cluster3106249630_3106249631_J60_J61_#5more': 0}, 
25.0, {'J10': -1.5, 'J11': -28.5, 'J12': -0.5, 'J13': -8.0, 'cluster3106249630_3106249631_J60_J61_#5more': 0}, {'J10': 1, 'J11': 2, 'J12': 1, 'J13': 1, 'cluster3106249630_3106249631_J60_J61_#5more': 0}, {'J10': 1, 'J11': 3, 'J12': 1, 'J13': 3, 'cluster3106249630_3106249631_J60_J61_#5more': 0}, 
30.0, {'J10': -11.5, 'J11': -58.5, 'J12': 0, 'J13': -42.5, 'cluster3106249630_3106249631_J60_J61_#5more': -1.5}, {'J10': 1, 'J11': 2, 'J12': 0, 'J13': 3, 'cluster3106249630_3106249631_J60_J61_#5more': 1}, {'J10': 1, 'J11': 3, 'J12': 0, 'J13': 6, 'cluster3106249630_3106249631_J60_J61_#5more': 1}, 
35.0, {'J10': -24.0, 'J11': -88.5, 'J12': -3.0, 'J13': -111.5, 'cluster3106249630_3106249631_J60_J61_#5more': -14.5}, {'J10': 1, 'J11': 2, 'J12': 1, 'J13': 3, 'cluster3106249630_3106249631_J60_J61_#5more': 1}, {'J10': 2, 'J11': 3, 'J12': 1, 'J13': 8, 'cluster3106249630_3106249631_J60_J61_#5more': 3}, 
40.0, {'J10': -44.0, 'J11': -118.5, 'J12': -13.0, 'J13': -203.5, 'cluster3106249630_3106249631_J60_J61_#5more': -61.0}, {'J10': 1, 'J11': 2, 'J12': 1, 'J13': 6, 'cluster3106249630_3106249631_J60_J61_#5more': 3}, {'J10': 2, 'J11': 3, 'J12': 1, 'J13': 12, 'cluster3106249630_3106249631_J60_J61_#5more': 9}, 
45.0, {'J10': -64.0, 'J11': -148.5, 'J12': -26.5, 'J13': -325.5, 'cluster3106249630_3106249631_J60_J61_#5more': -148.5}, {'J10': 1, 'J11': 2, 'J12': 2, 'J13': 7, 'cluster3106249630_3106249631_J60_J61_#5more': 4}, {'J10': 2, 'J11': 3, 'J12': 3, 'J13': 13, 'cluster3106249630_3106249631_J60_J61_#5more': 12}, 
50.0, {'J10': -88.5, 'J11': -178.5, 'J12': -50.0, 'J13': -455.5, 'cluster3106249630_3106249631_J60_J61_#5more': -280.5}, {'J10': 2, 'J11': 2, 'J12': 2, 'J13': 7, 'cluster3106249630_3106249631_J60_J61_#5more': 7}, {'J10': 4, 'J11': 3, 'J12': 3, 'J13': 13, 'cluster3106249630_3106249631_J60_J61_#5more': 16}, 
55.0, {'J10': -132.5, 'J11': -208.5, 'J12': -80.5, 'J13': -589.5, 'cluster3106249630_3106249631_J60_J61_#5more': -416.5}, {'J10': 3, 'J11': 2, 'J12': 3, 'J13': 7, 'cluster3106249630_3106249631_J60_J61_#5more': 9}, {'J10': 5, 'J11': 3, 'J12': 4, 'J13': 14, 'cluster3106249630_3106249631_J60_J61_#5more': 18}, 
60.0, {'J10': -61.0, 'J11': -238.5, 'J12': -103.0, 'J13': -729.5, 'cluster3106249630_3106249631_J60_J61_#5more': -606.0}, {'J10': 2, 'J11': 2, 'J12': 3, 'J13': 7, 'cluster3106249630_3106249631_J60_J61_#5more': 10}, {'J10': 4, 'J11': 3, 'J12': 6, 'J13': 14, 'cluster3106249630_3106249631_J60_J61_#5more': 24}, 
65.0, {'J10': -12.5, 'J11': -273.5, 'J12': -31.5, 'J13': -875.0, 'cluster3106249630_3106249631_J60_J61_#5more': -814.0}, {'J10': 1, 'J11': 2, 'J12': 2, 'J13': 7, 'cluster3106249630_3106249631_J60_J61_#5more': 12}, {'J10': 1, 'J11': 4, 'J12': 5, 'J13': 16, 'cluster3106249630_3106249631_J60_J61_#5more': 26}, 
70.0, {'J10': -24.0, 'J11': -315.0, 'J12': -47.5, 'J13': -1042.0, 'cluster3106249630_3106249631_J60_J61_#5more': -1084.0}, {'J10': 2, 'J11': 2, 'J12': 4, 'J13': 9, 'cluster3106249630_3106249631_J60_J61_#5more': 14}, {'J10': 2, 'J11': 5, 'J12': 6, 'J13': 19, 'cluster3106249630_3106249631_J60_J61_#5more': 30}, 
75.0, {'J10': 0, 'J11': -354.5, 'J12': -116.5, 'J13': -1237.0, 'cluster3106249630_3106249631_J60_J61_#5more': -1390.5}, {'J10': 0, 'J11': 3, 'J12': 5, 'J13': 11, 'cluster3106249630_3106249631_J60_J61_#5more': 15}, {'J10': 0, 'J11': 5, 'J12': 9, 'J13': 21, 'cluster3106249630_3106249631_J60_J61_#5more': 32}, 
80.0, {'J10': 0, 'J11': -404.5, 'J12': -169.5, 'J13': -729.5, 'cluster3106249630_3106249631_J60_J61_#5more': -1636.0}, {'J10': 0, 'J11': 3, 'J12': 6, 'J13': 7, 'cluster3106249630_3106249631_J60_J61_#5more': 17}, {'J10': 0, 'J11': 5, 'J12': 8, 'J13': 15, 'cluster3106249630_3106249631_J60_J61_#5more': 33}, 
85.0, {'J10': -4.0, 'J11': -456.5, 'J12': -260.0, 'J13': -758.0, 'cluster3106249630_3106249631_J60_J61_#5more': -1971.5}, {'J10': 1, 'J11': 4, 'J12': 8, 'J13': 7, 'cluster3106249630_3106249631_J60_J61_#5more': 19}, {'J10': 1, 'J11': 6, 'J12': 12, 'J13': 13, 'cluster3106249630_3106249631_J60_J61_#5more': 35}, 
90.0, {'J10': -14.0, 'J11': -516.5, 'J12': -356.0, 'J13': -892.0, 'cluster3106249630_3106249631_J60_J61_#5more': -2234.0}, {'J10': 1, 'J11': 4, 'J12': 9, 'J13': 7, 'cluster3106249630_3106249631_J60_J61_#5more': 20}, {'J10': 1, 'J11': 6, 'J12': 11, 'J13': 14, 'cluster3106249630_3106249631_J60_J61_#5more': 35}, 
95.0, {'J10': -24.0, 'J11': -579.5, 'J12': -474.0, 'J13': -1036.5, 'cluster3106249630_3106249631_J60_J61_#5more': -2596.5}, {'J10': 1, 'J11': 5, 'J12': 11, 'J13': 8, 'cluster3106249630_3106249631_J60_J61_#5more': 22}, {'J10': 1, 'J11': 7, 'J12': 13, 'J13': 17, 'cluster3106249630_3106249631_J60_J61_#5more': 42}, 
100.0, {'J10': -34.0, 'J11': -649.5, 'J12': -609.0, 'J13': -1211.0, 'cluster3106249630_3106249631_J60_J61_#5more': -2936.0}, {'J10': 1, 'J11': 5, 'J12': 13, 'J13': 9, 'cluster3106249630_3106249631_J60_J61_#5more': 22}, {'J10': 1, 'J11': 7, 'J12': 15, 'J13': 18, 'cluster3106249630_3106249631_J60_J61_#5more': 41}, 
105.0, {'J10': -2.0, 'J11': -719.5, 'J12': -764.5, 'J13': -1394.0, 'cluster3106249630_3106249631_J60_J61_#5more': -3274.0}, {'J10': 1, 'J11': 5, 'J12': 14, 'J13': 10, 'cluster3106249630_3106249631_J60_J61_#5more': 23}, {'J10': 1, 'J11': 7, 'J12': 18, 'J13': 20, 'cluster3106249630_3106249631_J60_J61_#5more': 39}, 
110.0, {'J10': -12.0, 'J11': -794.5, 'J12': -944.5, 'J13': -1599.0, 'cluster3106249630_3106249631_J60_J61_#5more': -3670.5}, {'J10': 1, 'J11': 6, 'J12': 14, 'J13': 11, 'cluster3106249630_3106249631_J60_J61_#5more': 25}, {'J10': 1, 'J11': 8, 'J12': 18, 'J13': 21, 'cluster3106249630_3106249631_J60_J61_#5more': 41}, 
115.0, {'J10': 0, 'J11': -874.5, 'J12': -1129.5, 'J13': -1813.0, 'cluster3106249630_3106249631_J60_J61_#5more': -4038.0}, {'J10': 0, 'J11': 6, 'J12': 15, 'J13': 13, 'cluster3106249630_3106249631_J60_J61_#5more': 25}, {'J10': 0, 'J11': 8, 'J12': 20, 'J13': 23, 'cluster3106249630_3106249631_J60_J61_#5more': 40}, 
120.0, {'J10': 0, 'J11': -954.5, 'J12': -1339.5, 'J13': -2043.0, 'cluster3106249630_3106249631_J60_J61_#5more': -4392.5}, {'J10': 0, 'J11': 6, 'J12': 16, 'J13': 13, 'cluster3106249630_3106249631_J60_J61_#5more': 27}, {'J10': 0, 'J11': 8, 'J12': 24, 'J13': 23, 'cluster3106249630_3106249631_J60_J61_#5more': 41}, 
125.0, {'J10': -5.0, 'J11': -1034.5, 'J12': -1065.0, 'J13': -2276.0, 'cluster3106249630_3106249631_J60_J61_#5more': -4802.5}, {'J10': 1, 'J11': 6, 'J12': 13, 'J13': 14, 'cluster3106249630_3106249631_J60_J61_#5more': 27}, {'J10': 1, 'J11': 8, 'J12': 23, 'J13': 24, 'cluster3106249630_3106249631_J60_J61_#5more': 41}, 
130.0, {'J10': -15.0, 'J11': -1124.0, 'J12': -1174.5, 'J13': -2521.0, 'cluster3106249630_3106249631_J60_J61_#5more': -5212.5}, {'J10': 1, 'J11': 8, 'J12': 12, 'J13': 15, 'cluster3106249630_3106249631_J60_J61_#5more': 27}, {'J10': 1, 'J11': 11, 'J12': 23, 'J13': 25, 'cluster3106249630_3106249631_J60_J61_#5more': 41}, 
135.0, {'J10': -25.0, 'J11': -1234.0, 'J12': -1416.5, 'J13': -2771.0, 'cluster3106249630_3106249631_J60_J61_#5more': -5623.0}, {'J10': 1, 'J11': 8, 'J12': 12, 'J13': 15, 'cluster3106249630_3106249631_J60_J61_#5more': 28}, {'J10': 1, 'J11': 11, 'J12': 27, 'J13': 25, 'cluster3106249630_3106249631_J60_J61_#5more': 42}, 
140.0, {'J10': 0, 'J11': -1344.5, 'J12': -1650.0, 'J13': -3021.0, 'cluster3106249630_3106249631_J60_J61_#5more': -6046.5}, {'J10': 0, 'J11': 9, 'J12': 13, 'J13': 15, 'cluster3106249630_3106249631_J60_J61_#5more': 30}, {'J10': 0, 'J11': 12, 'J12': 30, 'J13': 25, 'cluster3106249630_3106249631_J60_J61_#5more': 44}, 
145.0, {'J10': 0, 'J11': -1464.5, 'J12': -1919.5, 'J13': -2482.0, 'cluster3106249630_3106249631_J60_J61_#5more': -6491.0}, {'J10': 0, 'J11': 9, 'J12': 14, 'J13': 12, 'cluster3106249630_3106249631_J60_J61_#5more': 30}, {'J10': 0, 'J11': 12, 'J12': 32, 'J13': 22, 'cluster3106249630_3106249631_J60_J61_#5more': 46}, 
150.0, {'J10': 0, 'J11': -1587.5, 'J12': -2245.0, 'J13': -2067.5, 'cluster3106249630_3106249631_J60_J61_#5more': -6957.0}, {'J10': 0, 'J11': 9, 'J12': 16, 'J13': 11, 'cluster3106249630_3106249631_J60_J61_#5more': 30}, {'J10': 0, 'J11': 13, 'J12': 36, 'J13': 18, 'cluster3106249630_3106249631_J60_J61_#5more': 48}, 
155.0, {'J10': 0, 'J11': -1721.0, 'J12': -2182.5, 'J13': -2247.5, 'cluster3106249630_3106249631_J60_J61_#5more': -7331.0}, {'J10': 0, 'J11': 10, 'J12': 15, 'J13': 11, 'cluster3106249630_3106249631_J60_J61_#5more': 34}, {'J10': 0, 'J11': 14, 'J12': 33, 'J13': 18, 'cluster3106249630_3106249631_J60_J61_#5more': 51}, 
160.0, {'J10': 0, 'J11': -1861.0, 'J12': -2048.0, 'J13': -2434.0, 'cluster3106249630_3106249631_J60_J61_#5more': -7849.0}, {'J10': 0, 'J11': 10, 'J12': 13, 'J13': 13, 'cluster3106249630_3106249631_J60_J61_#5more': 36}, {'J10': 0, 'J11': 14, 'J12': 31, 'J13': 21, 'cluster3106249630_3106249631_J60_J61_#5more': 55}, 
165.0, {'J10': 0, 'J11': -2001.0, 'J12': -2294.0, 'J13': -2653.5, 'cluster3106249630_3106249631_J60_J61_#5more': -8318.0}, {'J10': 0, 'J11': 10, 'J12': 13, 'J13': 14, 'cluster3106249630_3106249631_J60_J61_#5more': 36}, {'J10': 0, 'J11': 14, 'J12': 30, 'J13': 24, 'cluster3106249630_3106249631_J60_J61_#5more': 55}, 
170.0, {'J10': 0, 'J11': -2143.5, 'J12': -2214.0, 'J13': -2899.0, 'cluster3106249630_3106249631_J60_J61_#5more': -8833.0}, {'J10': 0, 'J11': 10, 'J12': 15, 'J13': 16, 'cluster3106249630_3106249631_J60_J61_#5more': 36}, {'J10': 0, 'J11': 15, 'J12': 33, 'J13': 26, 'cluster3106249630_3106249631_J60_J61_#5more': 57}, 
175.0, {'J10': -1.5, 'J11': -2294.5, 'J12': -2501.0, 'J13': -3160.0, 'cluster3106249630_3106249631_J60_J61_#5more': -9250.0}, {'J10': 1, 'J11': 11, 'J12': 16, 'J13': 17, 'cluster3106249630_3106249631_J60_J61_#5more': 36}, {'J10': 1, 'J11': 16, 'J12': 35, 'J13': 27, 'cluster3106249630_3106249631_J60_J61_#5more': 54}, 
180.0, {'J10': -11.5, 'J11': -2454.5, 'J12': -2753.5, 'J13': -3434.0, 'cluster3106249630_3106249631_J60_J61_#5more': -9746.0}, {'J10': 1, 'J11': 11, 'J12': 17, 'J13': 18, 'cluster3106249630_3106249631_J60_J61_#5more': 36}, {'J10': 1, 'J11': 16, 'J12': 35, 'J13': 28, 'cluster3106249630_3106249631_J60_J61_#5more': 52}, 
185.0, {'J10': -21.5, 'J11': -2614.5, 'J12': -3096.0, 'J13': -3721.0, 'cluster3106249630_3106249631_J60_J61_#5more': -10266.0}, {'J10': 1, 'J11': 11, 'J12': 17, 'J13': 20, 'cluster3106249630_3106249631_J60_J61_#5more': 36}, {'J10': 1, 'J11': 16, 'J12': 39, 'J13': 30, 'cluster3106249630_3106249631_J60_J61_#5more': 52}, 
190.0, {'J10': -31.5, 'J11': -2780.5, 'J12': -3465.5, 'J13': -4022.0, 'cluster3106249630_3106249631_J60_J61_#5more': -10795.5}, {'J10': 1, 'J11': 12, 'J12': 17, 'J13': 21, 'cluster3106249630_3106249631_J60_J61_#5more': 36}, {'J10': 1, 'J11': 18, 'J12': 38, 'J13': 31, 'cluster3106249630_3106249631_J60_J61_#5more': 55}, 
195.0, {'J10': -41.5, 'J11': -2960.5, 'J12': -3850.5, 'J13': -4332.5, 'cluster3106249630_3106249631_J60_J61_#5more': -11345.5}, {'J10': 1, 'J11': 12, 'J12': 18, 'J13': 21, 'cluster3106249630_3106249631_J60_J61_#5more': 36}, {'J10': 1, 'J11': 18, 'J12': 40, 'J13': 32, 'cluster3106249630_3106249631_J60_J61_#5more': 55}, 
200.0, {'J10': -51.5, 'J11': -3141.5, 'J12': -4188.0, 'J13': -4655.0, 'cluster3106249630_3106249631_J60_J61_#5more': -11895.5}, {'J10': 1, 'J11': 12, 'J12': 18, 'J13': 22, 'cluster3106249630_3106249631_J60_J61_#5more': 36}, {'J10': 1, 'J11': 19, 'J12': 41, 'J13': 33, 'cluster3106249630_3106249631_J60_J61_#5more': 55}, 
205.0, {'J10': -3.0, 'J11': -3332.0, 'J12': -4598.5, 'J13': -4990.0, 'cluster3106249630_3106249631_J60_J61_#5more': -12385.0}, {'J10': 2, 'J11': 12, 'J12': 18, 'J13': 24, 'cluster3106249630_3106249631_J60_J61_#5more': 36}, {'J10': 3, 'J11': 20, 'J12': 44, 'J13': 36, 'cluster3106249630_3106249631_J60_J61_#5more': 54}, 
210.0, {'J10': -13.0, 'J11': -3535.0, 'J12': -5017.0, 'J13': -3679.5, 'cluster3106249630_3106249631_J60_J61_#5more': -12880.5}, {'J10': 2, 'J11': 12, 'J12': 18, 'J13': 22, 'cluster3106249630_3106249631_J60_J61_#5more': 36}, {'J10': 2, 'J11': 21, 'J12': 45, 'J13': 31, 'cluster3106249630_3106249631_J60_J61_#5more': 53}, 
215.0, {'J10': 0, 'J11': -3745.0, 'J12': -5382.5, 'J13': -3767.5, 'cluster3106249630_3106249631_J60_J61_#5more': -13410.5}, {'J10': 0, 'J11': 12, 'J12': 20, 'J13': 21, 'cluster3106249630_3106249631_J60_J61_#5more': 36}, {'J10': 0, 'J11': 21, 'J12': 43, 'J13': 30, 'cluster3106249630_3106249631_J60_J61_#5more': 53}, 
220.0, {'J10': 0, 'J11': -3958.0, 'J12': -5743.0, 'J13': -4070.5, 'cluster3106249630_3106249631_J60_J61_#5more': -13841.0}, {'J10': 0, 'J11': 13, 'J12': 20, 'J13': 21, 'cluster3106249630_3106249631_J60_J61_#5more': 36}, {'J10': 0, 'J11': 22, 'J12': 42, 'J13': 31, 'cluster3106249630_3106249631_J60_J61_#5more': 54}, 
225.0, {'J10': 0, 'J11': -4178.5, 'J12': -6170.5, 'J13': -4384.0, 'cluster3106249630_3106249631_J60_J61_#5more': -14205.5}, {'J10': 0, 'J11': 13, 'J12': 20, 'J13': 21, 'cluster3106249630_3106249631_J60_J61_#5more': 36}, {'J10': 0, 'J11': 23, 'J12': 46, 'J13': 33, 'cluster3106249630_3106249631_J60_J61_#5more': 53}, 
230.0, {'J10': 0, 'J11': -4409.0, 'J12': -6176.5, 'J13': -4714.0, 'cluster3106249630_3106249631_J60_J61_#5more': -14739.0}, {'J10': 0, 'J11': 14, 'J12': 20, 'J13': 21, 'cluster3106249630_3106249631_J60_J61_#5more': 36}, {'J10': 0, 'J11': 24, 'J12': 47, 'J13': 33, 'cluster3106249630_3106249631_J60_J61_#5more': 55}, 
235.0, {'J10': 0, 'J11': -4649.0, 'J12': -6016.5, 'J13': -5044.0, 'cluster3106249630_3106249631_J60_J61_#5more': -15203.5}, {'J10': 0, 'J11': 14, 'J12': 20, 'J13': 21, 'cluster3106249630_3106249631_J60_J61_#5more': 36}, {'J10': 0, 'J11': 24, 'J12': 45, 'J13': 33, 'cluster3106249630_3106249631_J60_J61_#5more': 56}, 
240.0, {'J10': -1.5, 'J11': -4890.0, 'J12': -5992.5, 'J13': -5374.0, 'cluster3106249630_3106249631_J60_J61_#5more': -15666.0}, {'J10': 1, 'J11': 14, 'J12': 20, 'J13': 21, 'cluster3106249630_3106249631_J60_J61_#5more': 36}, {'J10': 1, 'J11': 25, 'J12': 45, 'J13': 33, 'cluster3106249630_3106249631_J60_J61_#5more': 53}, 
245.0, {'J10': -11.5, 'J11': -5140.0, 'J12': -6277.0, 'J13': -5712.5, 'cluster3106249630_3106249631_J60_J61_#5more': -16098.0}, {'J10': 1, 'J11': 14, 'J12': 20, 'J13': 24, 'cluster3106249630_3106249631_J60_J61_#5more': 36}, {'J10': 1, 'J11': 25, 'J12': 43, 'J13': 36, 'cluster3106249630_3106249631_J60_J61_#5more': 50}, 
250.0, {'J10': -21.5, 'J11': -5390.0, 'J12': -6506.5, 'J13': -6072.5, 'cluster3106249630_3106249631_J60_J61_#5more': -16606.0}, {'J10': 1, 'J11': 14, 'J12': 20, 'J13': 24, 'cluster3106249630_3106249631_J60_J61_#5more': 36}, {'J10': 1, 'J11': 25, 'J12': 40, 'J13': 36, 'cluster3106249630_3106249631_J60_J61_#5more': 53}, 
255.0, {'J10': -31.5, 'J11': -5643.0, 'J12': -6879.0, 'J13': -6432.5, 'cluster3106249630_3106249631_J60_J61_#5more': -17136.0}, {'J10': 1, 'J11': 14, 'J12': 20, 'J13': 24, 'cluster3106249630_3106249631_J60_J61_#5more': 36}, {'J10': 1, 'J11': 26, 'J12': 41, 'J13': 36, 'cluster3106249630_3106249631_J60_J61_#5more': 53}, 
260.0, {'J10': -41.5, 'J11': -5903.0, 'J12': -7296.5, 'J13': -6799.0, 'cluster3106249630_3106249631_J60_J61_#5more': -17669.0}, {'J10': 1, 'J11': 14, 'J12': 20, 'J13': 27, 'cluster3106249630_3106249631_J60_J61_#5more': 36}, {'J10': 1, 'J11': 26, 'J12': 44, 'J13': 39, 'cluster3106249630_3106249631_J60_J61_#5more': 54}, 
265.0, {'J10': -51.5, 'J11': -6166.5, 'J12': -7749.0, 'J13': -7189.0, 'cluster3106249630_3106249631_J60_J61_#5more': -18209.0}, {'J10': 1, 'J11': 14, 'J12': 20, 'J13': 27, 'cluster3106249630_3106249631_J60_J61_#5more': 36}, {'J10': 1, 'J11': 27, 'J12': 46, 'J13': 39, 'cluster3106249630_3106249631_J60_J61_#5more': 54}, 
270.0, {'J10': -1.5, 'J11': -6438.5, 'J12': -8213.0, 'J13': -7583.0, 'cluster3106249630_3106249631_J60_J61_#5more': -18749.0}, {'J10': 1, 'J11': 14, 'J12': 20, 'J13': 28, 'cluster3106249630_3106249631_J60_J61_#5more': 36}, {'J10': 1, 'J11': 28, 'J12': 47, 'J13': 40, 'cluster3106249630_3106249631_J60_J61_#5more': 54}, 
275.0, {'J10': -17.0, 'J11': -6718.5, 'J12': -6744.5, 'J13': -6177.5, 'cluster3106249630_3106249631_J60_J61_#5more': -19234.5}, {'J10': 2, 'J11': 14, 'J12': 17, 'J13': 25, 'cluster3106249630_3106249631_J60_J61_#5more': 36}, {'J10': 3, 'J11': 28, 'J12': 40, 'J13': 35, 'cluster3106249630_3106249631_J60_J61_#5more': 53}, 
280.0, {'J10': -12.5, 'J11': -7002.5, 'J12': -6861.0, 'J13': -5588.0, 'cluster3106249630_3106249631_J60_J61_#5more': -19701.5}, {'J10': 1, 'J11': 14, 'J12': 17, 'J13': 24, 'cluster3106249630_3106249631_J60_J61_#5more': 36}, {'J10': 1, 'J11': 29, 'J12': 39, 'J13': 32, 'cluster3106249630_3106249631_J60_J61_#5more': 52}, 
285.0, {'J10': -22.5, 'J11': -7292.5, 'J12': -7097.0, 'J13': -5908.0, 'cluster3106249630_3106249631_J60_J61_#5more': -19986.5}, {'J10': 1, 'J11': 14, 'J12': 17, 'J13': 24, 'cluster3106249630_3106249631_J60_J61_#5more': 36}, {'J10': 1, 'J11': 29, 'J12': 40, 'J13': 32, 'cluster3106249630_3106249631_J60_J61_#5more': 50}, 
290.0, {'J10': -35.0, 'J11': -7582.5, 'J12': -7354.5, 'J13': -6233.5, 'cluster3106249630_3106249631_J60_J61_#5more': -20488.5}, {'J10': 1, 'J11': 14, 'J12': 17, 'J13': 24, 'cluster3106249630_3106249631_J60_J61_#5more': 36}, {'J10': 2, 'J11': 29, 'J12': 39, 'J13': 35, 'cluster3106249630_3106249631_J60_J61_#5more': 51}, 
295.0, {'J10': -2.5, 'J11': -7876.0, 'J12': -7743.5, 'J13': -6583.5, 'cluster3106249630_3106249631_J60_J61_#5more': -21001.5}, {'J10': 1, 'J11': 14, 'J12': 20, 'J13': 24, 'cluster3106249630_3106249631_J60_J61_#5more': 36}, {'J10': 1, 'J11': 30, 'J12': 44, 'J13': 35, 'cluster3106249630_3106249631_J60_J61_#5more': 52}, 
300.0, {'J10': 0, 'J11': -8176.0, 'J12': -7756.0, 'J13': -6947.5, 'cluster3106249630_3106249631_J60_J61_#5more': -21475.0}, {'J10': 0, 'J11': 14, 'J12': 20, 'J13': 28, 'cluster3106249630_3106249631_J60_J61_#5more': 36}, {'J10': 0, 'J11': 30, 'J12': 40, 'J13': 39, 'cluster3106249630_3106249631_J60_J61_#5more': 53}, 
305.0, {'J10': 0, 'J11': -8476.0, 'J12': -8097.0, 'J13': -7337.5, 'cluster3106249630_3106249631_J60_J61_#5more': -21956.5}, {'J10': 0, 'J11': 14, 'J12': 20, 'J13': 28, 'cluster3106249630_3106249631_J60_J61_#5more': 36}, {'J10': 0, 'J11': 30, 'J12': 41, 'J13': 39, 'cluster3106249630_3106249631_J60_J61_#5more': 50}, 
310.0, {'J10': 0, 'J11': -8776.0, 'J12': -8515.0, 'J13': -7727.5, 'cluster3106249630_3106249631_J60_J61_#5more': -22436.0}, {'J10': 0, 'J11': 14, 'J12': 20, 'J13': 28, 'cluster3106249630_3106249631_J60_J61_#5more': 36}, {'J10': 0, 'J11': 30, 'J12': 44, 'J13': 39, 'cluster3106249630_3106249631_J60_J61_#5more': 50}, 
315.0, {'J10': 0, 'J11': -9079.0, 'J12': -8689.0, 'J13': -8117.5, 'cluster3106249630_3106249631_J60_J61_#5more': -22940.0}, {'J10': 0, 'J11': 15, 'J12': 20, 'J13': 28, 'cluster3106249630_3106249631_J60_J61_#5more': 36}, {'J10': 0, 'J11': 31, 'J12': 46, 'J13': 39, 'cluster3106249630_3106249631_J60_J61_#5more': 51}, 
320.0, {'J10': 0, 'J11': -9389.0, 'J12': -9017.0, 'J13': -8507.5, 'cluster3106249630_3106249631_J60_J61_#5more': -23454.5}, {'J10': 0, 'J11': 15, 'J12': 20, 'J13': 28, 'cluster3106249630_3106249631_J60_J61_#5more': 36}, {'J10': 0, 'J11': 31, 'J12': 48, 'J13': 39, 'cluster3106249630_3106249631_J60_J61_#5more': 53}, 
325.0, {'J10': -1.5, 'J11': -9699.0, 'J12': -8151.0, 'J13': -8897.5, 'cluster3106249630_3106249631_J60_J61_#5more': -23984.5}, {'J10': 1, 'J11': 15, 'J12': 18, 'J13': 28, 'cluster3106249630_3106249631_J60_J61_#5more': 36}, {'J10': 1, 'J11': 31, 'J12': 47, 'J13': 39, 'cluster3106249630_3106249631_J60_J61_#5more': 53}, 
330.0, {'J10': -11.5, 'J11': -10013.5, 'J12': -8544.0, 'J13': -9287.5, 'cluster3106249630_3106249631_J60_J61_#5more': -24514.5}, {'J10': 1, 'J11': 16, 'J12': 18, 'J13': 28, 'cluster3106249630_3106249631_J60_J61_#5more': 36}, {'J10': 1, 'J11': 32, 'J12': 50, 'J13': 39, 'cluster3106249630_3106249631_J60_J61_#5more': 53}, 
335.0, {'J10': -21.5, 'J11': -10334.0, 'J12': -8751.0, 'J13': -9677.5, 'cluster3106249630_3106249631_J60_J61_#5more': -24994.0}, {'J10': 1, 'J11': 17, 'J12': 18, 'J13': 28, 'cluster3106249630_3106249631_J60_J61_#5more': 36}, {'J10': 1, 'J11': 33, 'J12': 49, 'J13': 39, 'cluster3106249630_3106249631_J60_J61_#5more': 52}, 
340.0, {'J10': -37.5, 'J11': -10666.5, 'J12': -9134.5, 'J13': -8460.5, 'cluster3106249630_3106249631_J60_J61_#5more': -25515.5}, {'J10': 2, 'J11': 18, 'J12': 19, 'J13': 26, 'cluster3106249630_3106249631_J60_J61_#5more': 36}, {'J10': 3, 'J11': 34, 'J12': 47, 'J13': 36, 'cluster3106249630_3106249631_J60_J61_#5more': 53}, 
345.0, {'J10': -13.5, 'J11': -11007.0, 'J12': -9343.0, 'J13': -7992.0, 'cluster3106249630_3106249631_J60_J61_#5more': -25981.5}, {'J10': 1, 'J11': 18, 'J12': 21, 'J13': 24, 'cluster3106249630_3106249631_J60_J61_#5more': 36}, {'J10': 2, 'J11': 35, 'J12': 48, 'J13': 33, 'cluster3106249630_3106249631_J60_J61_#5more': 52}, 
350.0, {'J10': -40.5, 'J11': -11346.5, 'J12': -9705.0, 'J13': -8322.0, 'cluster3106249630_3106249631_J60_J61_#5more': -26502.5}, {'J10': 2, 'J11': 18, 'J12': 21, 'J13': 24, 'cluster3106249630_3106249631_J60_J61_#5more': 36}, {'J10': 4, 'J11': 34, 'J12': 50, 'J13': 33, 'cluster3106249630_3106249631_J60_J61_#5more': 53}, 
355.0, {'J10': -31.0, 'J11': -11686.5, 'J12': -10206.0, 'J13': -8655.5, 'cluster3106249630_3106249631_J60_J61_#5more': -27023.5}, {'J10': 1, 'J11': 18, 'J12': 21, 'J13': 24, 'cluster3106249630_3106249631_J60_J61_#5more': 36}, {'J10': 1, 'J11': 34, 'J12': 52, 'J13': 34, 'cluster3106249630_3106249631_J60_J61_#5more': 53}, 
360.0, {'J10': -41.0, 'J11': -12031.0, 'J12': -8810.5, 'J13': -8996.0, 'cluster3106249630_3106249631_J60_J61_#5more': -27553.5}, {'J10': 1, 'J11': 19, 'J12': 19, 'J13': 25, 'cluster3106249630_3106249631_J60_J61_#5more': 36}, {'J10': 1, 'J11': 35, 'J12': 45, 'J13': 35, 'cluster3106249630_3106249631_J60_J61_#5more': 53}, 
365.0, {'J10': -55.0, 'J11': -12381.0, 'J12': -8833.0, 'J13': -9355.5, 'cluster3106249630_3106249631_J60_J61_#5more': -28086.5}, {'J10': 2, 'J11': 19, 'J12': 19, 'J13': 28, 'cluster3106249630_3106249631_J60_J61_#5more': 36}, {'J10': 2, 'J11': 35, 'J12': 42, 'J13': 38, 'cluster3106249630_3106249631_J60_J61_#5more': 55}, 
370.0, {'J10': -78.0, 'J11': -12731.0, 'J12': -8746.5, 'J13': -9740.0, 'cluster3106249630_3106249631_J60_J61_#5more': -28636.5}, {'J10': 3, 'J11': 19, 'J12': 19, 'J13': 28, 'cluster3106249630_3106249631_J60_J61_#5more': 36}, {'J10': 3, 'J11': 35, 'J12': 43, 'J13': 39, 'cluster3106249630_3106249631_J60_J61_#5more': 55}, 
375.0, {'J10': -14.0, 'J11': -13081.0, 'J12': -7861.0, 'J13': -10130.0, 'cluster3106249630_3106249631_J60_J61_#5more': -29186.5}, {'J10': 1, 'J11': 19, 'J12': 18, 'J13': 28, 'cluster3106249630_3106249631_J60_J61_#5more': 36}, {'J10': 3, 'J11': 35, 'J12': 38, 'J13': 39, 'cluster3106249630_3106249631_J60_J61_#5more': 55}, 
380.0, {'J10': -23.0, 'J11': -13438.0, 'J12': -8246.5, 'J13': -10520.0, 'cluster3106249630_3106249631_J60_J61_#5more': -29736.5}, {'J10': 1, 'J11': 21, 'J12': 18, 'J13': 28, 'cluster3106249630_3106249631_J60_J61_#5more': 36}, {'J10': 1, 'J11': 37, 'J12': 41, 'J13': 39, 'cluster3106249630_3106249631_J60_J61_#5more': 55}, 
385.0, {'J10': -33.0, 'J11': -13808.0, 'J12': -8644.5, 'J13': -10913.5, 'cluster3106249630_3106249631_J60_J61_#5more': -30295.0}, {'J10': 1, 'J11': 21, 'J12': 18, 'J13': 28, 'cluster3106249630_3106249631_J60_J61_#5more': 36}, {'J10': 1, 'J11': 37, 'J12': 44, 'J13': 40, 'cluster3106249630_3106249631_J60_J61_#5more': 57}, 
390.0, {'J10': -43.0, 'J11': -14178.0, 'J12': -8861.0, 'J13': -11313.5, 'cluster3106249630_3106249631_J60_J61_#5more': -30865.0}, {'J10': 1, 'J11': 21, 'J12': 20, 'J13': 28, 'cluster3106249630_3106249631_J60_J61_#5more': 36}, {'J10': 1, 'J11': 37, 'J12': 44, 'J13': 40, 'cluster3106249630_3106249631_J60_J61_#5more': 57}, 
395.0, {'J10': -57.0, 'J11': -14552.0, 'J12': -9288.0, 'J13': -11713.5, 'cluster3106249630_3106249631_J60_J61_#5more': -31435.0}, {'J10': 1, 'J11': 22, 'J12': 20, 'J13': 28, 'cluster3106249630_3106249631_J60_J61_#5more': 36}, {'J10': 2, 'J11': 38, 'J12': 46, 'J13': 40, 'cluster3106249630_3106249631_J60_J61_#5more': 57}, 
400.0, {'J10': -78.5, 'J11': -14932.0, 'J12': -9750.0, 'J13': -12113.5, 'cluster3106249630_3106249631_J60_J61_#5more': -32005.0}, {'J10': 2, 'J11': 22, 'J12': 20, 'J13': 28, 'cluster3106249630_3106249631_J60_J61_#5more': 36}, {'J10': 3, 'J11': 38, 'J12': 50, 'J13': 40, 'cluster3106249630_3106249631_J60_J61_#5more': 57}, 
405.0, {'J10': -108.5, 'J11': -15312.0, 'J12': -10042.5, 'J13': -10995.0, 'cluster3106249630_3106249631_J60_J61_#5more': -32575.0}, {'J10': 2, 'J11': 22, 'J12': 20, 'J13': 26, 'cluster3106249630_3106249631_J60_J61_#5more': 36}, {'J10': 3, 'J11': 38, 'J12': 46, 'J13': 36, 'cluster3106249630_3106249631_J60_J61_#5more': 57}, 
410.0, {'J10': -138.5, 'J11': -15692.0, 'J12': -10479.5, 'J13': -9905.5, 'cluster3106249630_3106249631_J60_J61_#5more': -33145.0}, {'J10': 2, 'J11': 22, 'J12': 20, 'J13': 24, 'cluster3106249630_3106249631_J60_J61_#5more': 36}, {'J10': 3, 'J11': 38, 'J12': 46, 'J13': 33, 'cluster3106249630_3106249631_J60_J61_#5more': 57}, 
415.0, {'J10': -168.5, 'J11': -16072.0, 'J12': -10946.5, 'J13': -10235.5, 'cluster3106249630_3106249631_J60_J61_#5more': -33512.5}, {'J10': 2, 'J11': 22, 'J12': 20, 'J13': 24, 'cluster3106249630_3106249631_J60_J61_#5more': 36}, {'J10': 3, 'J11': 38, 'J12': 49, 'J13': 33, 'cluster3106249630_3106249631_J60_J61_#5more': 56}, 
420.0, {'J10': -202.5, 'J11': -16455.5, 'J12': -11422.5, 'J13': -10569.0, 'cluster3106249630_3106249631_J60_J61_#5more': -33999.0}, {'J10': 2, 'J11': 23, 'J12': 20, 'J13': 24, 'cluster3106249630_3106249631_J60_J61_#5more': 36}, {'J10': 4, 'J11': 39, 'J12': 50, 'J13': 35, 'cluster3106249630_3106249631_J60_J61_#5more': 56}, 
425.0, {'J10': -247.0, 'J11': -16845.5, 'J12': -11816.0, 'J13': -10920.0, 'cluster3106249630_3106249631_J60_J61_#5more': -34355.5}, {'J10': 3, 'J11': 23, 'J12': 20, 'J13': 25, 'cluster3106249630_3106249631_J60_J61_#5more': 36}, {'J10': 5, 'J11': 39, 'J12': 53, 'J13': 36, 'cluster3106249630_3106249631_J60_J61_#5more': 58}, 
430.0, {'J10': -101.0, 'J11': -17237.5, 'J12': -12106.0, 'J13': -11290.5, 'cluster3106249630_3106249631_J60_J61_#5more': -34941.5}, {'J10': 2, 'J11': 24, 'J12': 20, 'J13': 28, 'cluster3106249630_3106249631_J60_J61_#5more': 36}, {'J10': 4, 'J11': 40, 'J12': 54, 'J13': 40, 'cluster3106249630_3106249631_J60_J61_#5more': 60}, 
435.0, {'J10': -76.0, 'J11': -17642.5, 'J12': -12505.0, 'J13': -11690.5, 'cluster3106249630_3106249631_J60_J61_#5more': -35553.0}, {'J10': 2, 'J11': 25, 'J12': 20, 'J13': 28, 'cluster3106249630_3106249631_J60_J61_#5more': 36}, {'J10': 6, 'J11': 41, 'J12': 50, 'J13': 40, 'cluster3106249630_3106249631_J60_J61_#5more': 63}, 
440.0, {'J10': -150.0, 'J11': -18052.5, 'J12': -12963.0, 'J13': -12090.5, 'cluster3106249630_3106249631_J60_J61_#5more': -35942.5}, {'J10': 3, 'J11': 25, 'J12': 20, 'J13': 28, 'cluster3106249630_3106249631_J60_J61_#5more': 36}, {'J10': 10, 'J11': 41, 'J12': 53, 'J13': 40, 'cluster3106249630_3106249631_J60_J61_#5more': 63}, 
445.0, {'J10': -162.0, 'J11': -18462.5, 'J12': -13373.0, 'J13': -12490.5, 'cluster3106249630_3106249631_J60_J61_#5more': -36180.5}, {'J10': 3, 'J11': 25, 'J12': 20, 'J13': 28, 'cluster3106249630_3106249631_J60_J61_#5more': 36}, {'J10': 6, 'J11': 41, 'J12': 53, 'J13': 40, 'cluster3106249630_3106249631_J60_J61_#5more': 62}, 
450.0, {'J10': -199.5, 'J11': -18874.5, 'J12': -13708.0, 'J13': -12890.5, 'cluster3106249630_3106249631_J60_J61_#5more': -36594.5}, {'J10': 3, 'J11': 26, 'J12': 20, 'J13': 28, 'cluster3106249630_3106249631_J60_J61_#5more': 36}, {'J10': 5, 'J11': 42, 'J12': 50, 'J13': 40, 'cluster3106249630_3106249631_J60_J61_#5more': 58}, 
455.0, {'J10': -69.0, 'J11': -19303.0, 'J12': -14103.0, 'J13': -13290.5, 'cluster3106249630_3106249631_J60_J61_#5more': -36985.5}, {'J10': 1, 'J11': 28, 'J12': 20, 'J13': 28, 'cluster3106249630_3106249631_J60_J61_#5more': 36}, {'J10': 2, 'J11': 44, 'J12': 48, 'J13': 40, 'cluster3106249630_3106249631_J60_J61_#5more': 54}, 
460.0, {'J10': -48.5, 'J11': -19747.0, 'J12': -14470.5, 'J13': -13690.5, 'cluster3106249630_3106249631_J60_J61_#5more': -37471.5}, {'J10': 2, 'J11': 29, 'J12': 20, 'J13': 28, 'cluster3106249630_3106249631_J60_J61_#5more': 36}, {'J10': 4, 'J11': 45, 'J12': 46, 'J13': 40, 'cluster3106249630_3106249631_J60_J61_#5more': 54}, 
465.0, {'J10': -76.5, 'J11': -20197.0, 'J12': -14899.0, 'J13': -14090.5, 'cluster3106249630_3106249631_J60_J61_#5more': -38001.5}, {'J10': 2, 'J11': 29, 'J12': 20, 'J13': 28, 'cluster3106249630_3106249631_J60_J61_#5more': 36}, {'J10': 3, 'J11': 45, 'J12': 47, 'J13': 40, 'cluster3106249630_3106249631_J60_J61_#5more': 54}, 
470.0, {'J10': -107.5, 'J11': -20649.5, 'J12': -15364.0, 'J13': -12537.5, 'cluster3106249630_3106249631_J60_J61_#5more': -38546.0}, {'J10': 3, 'J11': 29, 'J12': 20, 'J13': 26, 'cluster3106249630_3106249631_J60_J61_#5more': 36}, {'J10': 4, 'J11': 46, 'J12': 51, 'J13': 35, 'cluster3106249630_3106249631_J60_J61_#5more': 57}, 
475.0, {'J10': -42.5, 'J11': -21109.5, 'J12': -15774.0, 'J13': -11720.5, 'cluster3106249630_3106249631_J60_J61_#5more': -39116.0}, {'J10': 2, 'J11': 29, 'J12': 20, 'J13': 24, 'cluster3106249630_3106249631_J60_J61_#5more': 36}, {'J10': 3, 'J11': 46, 'J12': 49, 'J13': 33, 'cluster3106249630_3106249631_J60_J61_#5more': 57}, 
480.0, {'J10': -21.0, 'J11': -21547.0, 'J12': -16186.5, 'J13': -12050.5, 'cluster3106249630_3106249631_J60_J61_#5more': -39377.5}, {'J10': 1, 'J11': 29, 'J12': 20, 'J13': 24, 'cluster3106249630_3106249631_J60_J61_#5more': 36}, {'J10': 1, 'J11': 45, 'J12': 46, 'J13': 33, 'cluster3106249630_3106249631_J60_J61_#5more': 55}, 
485.0, {'J10': -3.0, 'J11': -21997.0, 'J12': -16633.0, 'J13': -12384.0, 'cluster3106249630_3106249631_J60_J61_#5more': -39927.5}, {'J10': 2, 'J11': 29, 'J12': 20, 'J13': 24, 'cluster3106249630_3106249631_J60_J61_#5more': 36}, {'J10': 2, 'J11': 45, 'J12': 48, 'J13': 34, 'cluster3106249630_3106249631_J60_J61_#5more': 55}, 
490.0, {'J10': -23.0, 'J11': -22447.5, 'J12': -17133.5, 'J13': -12725.0, 'cluster3106249630_3106249631_J60_J61_#5more': -40477.5}, {'J10': 2, 'J11': 30, 'J12': 20, 'J13': 25, 'cluster3106249630_3106249631_J60_J61_#5more': 36}, {'J10': 2, 'J11': 46, 'J12': 54, 'J13': 35, 'cluster3106249630_3106249631_J60_J61_#5more': 55}, 
495.0, {'J10': 0, 'J11': -22912.5, 'J12': -17456.5, 'J13': -13086.0, 'cluster3106249630_3106249631_J60_J61_#5more': -40971.5}, {'J10': 0, 'J11': 30, 'J12': 20, 'J13': 28, 'cluster3106249630_3106249631_J60_J61_#5more': 36}, {'J10': 0, 'J11': 48, 'J12': 51, 'J13': 38, 'cluster3106249630_3106249631_J60_J61_#5more': 55}, 
500.0, {'J10': -4.0, 'J11': -23367.5, 'J12': -17837.0, 'J13': -13466.0, 'cluster3106249630_3106249631_J60_J61_#5more': -41341.5}, {'J10': 1, 'J11': 30, 'J12': 20, 'J13': 28, 'cluster3106249630_3106249631_J60_J61_#5more': 36}, {'J10': 1, 'J11': 46, 'J12': 47, 'J13': 38, 'cluster3106249630_3106249631_J60_J61_#5more': 54}, 
505.0, {'J10': -14.0, 'J11': -23835.0, 'J12': -18315.5, 'J13': -13847.5, 'cluster3106249630_3106249631_J60_J61_#5more': -41881.5}, {'J10': 1, 'J11': 32, 'J12': 20, 'J13': 28, 'cluster3106249630_3106249631_J60_J61_#5more': 36}, {'J10': 1, 'J11': 48, 'J12': 51, 'J13': 39, 'cluster3106249630_3106249631_J60_J61_#5more': 54}, 
510.0, {'J10': -24.0, 'J11': -24315.0, 'J12': -18661.0, 'J13': -14237.5, 'cluster3106249630_3106249631_J60_J61_#5more': -42366.5}, {'J10': 1, 'J11': 32, 'J12': 20, 'J13': 28, 'cluster3106249630_3106249631_J60_J61_#5more': 36}, {'J10': 1, 'J11': 48, 'J12': 50, 'J13': 39, 'cluster3106249630_3106249631_J60_J61_#5more': 53}, 
515.0, {'J10': -34.0, 'J11': -24795.0, 'J12': -17928.5, 'J13': -14627.5, 'cluster3106249630_3106249631_J60_J61_#5more': -42852.0}, {'J10': 1, 'J11': 32, 'J12': 20, 'J13': 28, 'cluster3106249630_3106249631_J60_J61_#5more': 36}, {'J10': 1, 'J11': 48, 'J12': 48, 'J13': 39, 'cluster3106249630_3106249631_J60_J61_#5more': 51}, 
520.0, {'J10': -44.0, 'J11': -25275.0, 'J12': -18278.5, 'J13': -15017.5, 'cluster3106249630_3106249631_J60_J61_#5more': -43362.0}, {'J10': 1, 'J11': 32, 'J12': 20, 'J13': 28, 'cluster3106249630_3106249631_J60_J61_#5more': 36}, {'J10': 1, 'J11': 48, 'J12': 45, 'J13': 39, 'cluster3106249630_3106249631_J60_J61_#5more': 51}, 
525.0, {'J10': -54.0, 'J11': -25755.0, 'J12': -18718.5, 'J13': -15407.5, 'cluster3106249630_3106249631_J60_J61_#5more': -43879.5}, {'J10': 1, 'J11': 32, 'J12': 20, 'J13': 28, 'cluster3106249630_3106249631_J60_J61_#5more': 36}, {'J10': 1, 'J11': 48, 'J12': 45, 'J13': 39, 'cluster3106249630_3106249631_J60_J61_#5more': 54}, 
530.0, {'J10': -65.5, 'J11': -26235.0, 'J12': -19176.0, 'J13': -15798.5, 'cluster3106249630_3106249631_J60_J61_#5more': -44424.0}, {'J10': 1, 'J11': 32, 'J12': 20, 'J13': 28, 'cluster3106249630_3106249631_J60_J61_#5more': 36}, {'J10': 2, 'J11': 48, 'J12': 49, 'J13': 40, 'cluster3106249630_3106249631_J60_J61_#5more': 55}, 
535.0, {'J10': -88.0, 'J11': -26716.5, 'J12': -19676.5, 'J13': -13659.0, 'cluster3106249630_3106249631_J60_J61_#5more': -44974.0}, {'J10': 2, 'J11': 32, 'J12': 20, 'J13': 26, 'cluster3106249630_3106249631_J60_J61_#5more': 36}, {'J10': 3, 'J11': 49, 'J12': 52, 'J13': 34, 'cluster3106249630_3106249631_J60_J61_#5more': 55}, 
540.0, {'J10': -13.0, 'J11': -27195.0, 'J12': -20169.5, 'J13': -12651.5, 'cluster3106249630_3106249631_J60_J61_#5more': -45490.0}, {'J10': 1, 'J11': 32, 'J12': 20, 'J13': 24, 'cluster3106249630_3106249631_J60_J61_#5more': 36}, {'J10': 2, 'J11': 48, 'J12': 52, 'J13': 32, 'cluster3106249630_3106249631_J60_J61_#5more': 54}, 
545.0, {'J10': -11.0, 'J11': -27675.5, 'J12': -19059.0, 'J13': -12971.5, 'cluster3106249630_3106249631_J60_J61_#5more': -45767.0}, {'J10': 2, 'J11': 32, 'J12': 20, 'J13': 24, 'cluster3106249630_3106249631_J60_J61_#5more': 36}, {'J10': 2, 'J11': 49, 'J12': 48, 'J13': 32, 'cluster3106249630_3106249631_J60_J61_#5more': 55}, 
550.0, {'J10': -34.5, 'J11': -28165.5, 'J12': -18394.0, 'J13': -13295.0, 'cluster3106249630_3106249631_J60_J61_#5more': -46221.5}, {'J10': 2, 'J11': 32, 'J12': 20, 'J13': 24, 'cluster3106249630_3106249631_J60_J61_#5more': 36}, {'J10': 3, 'J11': 49, 'J12': 46, 'J13': 34, 'cluster3106249630_3106249631_J60_J61_#5more': 53}, 
555.0, {'J10': -68.5, 'J11': -28635.0, 'J12': -18515.5, 'J13': -13635.0, 'cluster3106249630_3106249631_J60_J61_#5more': -46760.0}, {'J10': 3, 'J11': 32, 'J12': 20, 'J13': 24, 'cluster3106249630_3106249631_J60_J61_#5more': 36}, {'J10': 6, 'J11': 48, 'J12': 42, 'J13': 34, 'cluster3106249630_3106249631_J60_J61_#5more': 56}, 
560.0, {'J10': -21.0, 'J11': -29115.0, 'J12': -18880.0, 'J13': -13983.0, 'cluster3106249630_3106249631_J60_J61_#5more': -47211.0}, {'J10': 2, 'J11': 32, 'J12': 20, 'J13': 26, 'cluster3106249630_3106249631_J60_J61_#5more': 36}, {'J10': 3, 'J11': 48, 'J12': 43, 'J13': 36, 'cluster3106249630_3106249631_J60_J61_#5more': 52}, 
565.0, {'J10': -51.0, 'J11': -29595.0, 'J12': -18057.5, 'J13': -14349.0, 'cluster3106249630_3106249631_J60_J61_#5more': -47694.5}, {'J10': 2, 'J11': 32, 'J12': 20, 'J13': 28, 'cluster3106249630_3106249631_J60_J61_#5more': 36}, {'J10': 3, 'J11': 48, 'J12': 45, 'J13': 38, 'cluster3106249630_3106249631_J60_J61_#5more': 52}, 
570.0, {'J10': -24.5, 'J11': -30075.0, 'J12': -18221.5, 'J13': -14729.0, 'cluster3106249630_3106249631_J60_J61_#5more': -48214.5}, {'J10': 1, 'J11': 32, 'J12': 20, 'J13': 28, 'cluster3106249630_3106249631_J60_J61_#5more': 36}, {'J10': 1, 'J11': 48, 'J12': 42, 'J13': 38, 'cluster3106249630_3106249631_J60_J61_#5more': 52}, 
575.0, {'J10': 0, 'J11': -30555.0, 'J12': -17677.5, 'J13': -15109.0, 'cluster3106249630_3106249631_J60_J61_#5more': -48735.5}, {'J10': 0, 'J11': 32, 'J12': 20, 'J13': 28, 'cluster3106249630_3106249631_J60_J61_#5more': 36}, {'J10': 0, 'J11': 48, 'J12': 42, 'J13': 38, 'cluster3106249630_3106249631_J60_J61_#5more': 53}, 
580.0, {'J10': 0, 'J11': -31035.0, 'J12': -18076.0, 'J13': -15489.0, 'cluster3106249630_3106249631_J60_J61_#5more': -49276.0}, {'J10': 0, 'J11': 32, 'J12': 20, 'J13': 28, 'cluster3106249630_3106249631_J60_J61_#5more': 36}, {'J10': 0, 'J11': 48, 'J12': 45, 'J13': 38, 'cluster3106249630_3106249631_J60_J61_#5more': 57}, 
585.0, {'J10': 0, 'J11': -31515.0, 'J12': -18365.5, 'J13': -15869.0, 'cluster3106249630_3106249631_J60_J61_#5more': -49850.5}, {'J10': 0, 'J11': 32, 'J12': 20, 'J13': 28, 'cluster3106249630_3106249631_J60_J61_#5more': 36}, {'J10': 0, 'J11': 48, 'J12': 43, 'J13': 38, 'cluster3106249630_3106249631_J60_J61_#5more': 58}, 
590.0, {'J10': -5.0, 'J11': -31995.0, 'J12': -18699.0, 'J13': -16249.0, 'cluster3106249630_3106249631_J60_J61_#5more': -50411.5}, {'J10': 1, 'J11': 32, 'J12': 20, 'J13': 28, 'cluster3106249630_3106249631_J60_J61_#5more': 36}, {'J10': 2, 'J11': 48, 'J12': 42, 'J13': 38, 'cluster3106249630_3106249631_J60_J61_#5more': 60}, 
595.0, {'J10': -13.0, 'J11': -32475.0, 'J12': -19127.0, 'J13': -16629.0, 'cluster3106249630_3106249631_J60_J61_#5more': -51011.5}, {'J10': 1, 'J11': 32, 'J12': 20, 'J13': 28, 'cluster3106249630_3106249631_J60_J61_#5more': 36}, {'J10': 1, 'J11': 48, 'J12': 45, 'J13': 38, 'cluster3106249630_3106249631_J60_J61_#5more': 60}, 
600.0, {'J10': -26.0, 'J11': -32955.0, 'J12': -16719.0, 'J13': -14914.0, 'cluster3106249630_3106249631_J60_J61_#5more': -51619.0}, {'J10': 1, 'J11': 32, 'J12': 18, 'J13': 26, 'cluster3106249630_3106249631_J60_J61_#5more': 36}, {'J10': 2, 'J11': 48, 'J12': 41, 'J13': 35, 'cluster3106249630_3106249631_J60_J61_#5more': 63}, 
605.0, {'J10': -50.0, 'J11': -33435.0, 'J12': -14793.5, 'J13': -14761.5, 'cluster3106249630_3106249631_J60_J61_#5more': -52254.0}, {'J10': 2, 'J11': 32, 'J12': 16, 'J13': 26, 'cluster3106249630_3106249631_J60_J61_#5more': 36}, {'J10': 3, 'J11': 48, 'J12': 36, 'J13': 35, 'cluster3106249630_3106249631_J60_J61_#5more': 65}, 
610.0, {'J10': -80.0, 'J11': -33915.0, 'J12': -15158.0, 'J13': -15111.5, 'cluster3106249630_3106249631_J60_J61_#5more': -52464.0}, {'J10': 2, 'J11': 32, 'J12': 16, 'J13': 26, 'cluster3106249630_3106249631_J60_J61_#5more': 36}, {'J10': 3, 'J11': 48, 'J12': 39, 'J13': 35, 'cluster3106249630_3106249631_J60_J61_#5more': 65}, 
615.0, {'J10': -110.0, 'J11': -34395.0, 'J12': -15534.5, 'J13': -15464.5, 'cluster3106249630_3106249631_J60_J61_#5more': -53046.5}, {'J10': 2, 'J11': 32, 'J12': 16, 'J13': 26, 'cluster3106249630_3106249631_J60_J61_#5more': 36}, {'J10': 3, 'J11': 48, 'J12': 44, 'J13': 37, 'cluster3106249630_3106249631_J60_J61_#5more': 66}, 
620.0, {'J10': -35.5, 'J11': -34875.0, 'J12': -15439.5, 'J13': -15834.5, 'cluster3106249630_3106249631_J60_J61_#5more': -53707.5}, {'J10': 1, 'J11': 32, 'J12': 20, 'J13': 26, 'cluster3106249630_3106249631_J60_J61_#5more': 36}, {'J10': 2, 'J11': 48, 'J12': 48, 'J13': 37, 'cluster3106249630_3106249631_J60_J61_#5more': 67}, 
625.0, {'J10': -55.5, 'J11': -35355.0, 'J12': -15266.0, 'J13': -16213.0, 'cluster3106249630_3106249631_J60_J61_#5more': -54294.5}, {'J10': 1, 'J11': 32, 'J12': 20, 'J13': 28, 'cluster3106249630_3106249631_J60_J61_#5more': 36}, {'J10': 2, 'J11': 48, 'J12': 45, 'J13': 39, 'cluster3106249630_3106249631_J60_J61_#5more': 69}, 
630.0, {'J10': -57.5, 'J11': -35835.0, 'J12': -15518.5, 'J13': -16603.0, 'cluster3106249630_3106249631_J60_J61_#5more': -54619.5}, {'J10': 1, 'J11': 32, 'J12': 20, 'J13': 28, 'cluster3106249630_3106249631_J60_J61_#5more': 36}, {'J10': 2, 'J11': 48, 'J12': 42, 'J13': 39, 'cluster3106249630_3106249631_J60_J61_#5more': 65}, 
635.0, {'J10': -64.0, 'J11': -36315.0, 'J12': -15907.0, 'J13': -16993.0, 'cluster3106249630_3106249631_J60_J61_#5more': -54945.0}, {'J10': 1, 'J11': 32, 'J12': 20, 'J13': 28, 'cluster3106249630_3106249631_J60_J61_#5more': 36}, {'J10': 1, 'J11': 48, 'J12': 41, 'J13': 39, 'cluster3106249630_3106249631_J60_J61_#5more': 60}, 
640.0, {'J10': -74.0, 'J11': -36796.5, 'J12': -16311.0, 'J13': -17383.0, 'cluster3106249630_3106249631_J60_J61_#5more': -55418.0}, {'J10': 1, 'J11': 32, 'J12': 20, 'J13': 28, 'cluster3106249630_3106249631_J60_J61_#5more': 36}, {'J10': 1, 'J11': 49, 'J12': 45, 'J13': 39, 'cluster3106249630_3106249631_J60_J61_#5more': 60}, 
645.0, {'J10': -84.0, 'J11': -37275.0, 'J12': -16239.0, 'J13': -17773.0, 'cluster3106249630_3106249631_J60_J61_#5more': -56018.0}, {'J10': 1, 'J11': 32, 'J12': 20, 'J13': 28, 'cluster3106249630_3106249631_J60_J61_#5more': 36}, {'J10': 1, 'J11': 48, 'J12': 47, 'J13': 39, 'cluster3106249630_3106249631_J60_J61_#5more': 60}, 
650.0, {'J10': -94.0, 'J11': -37755.0, 'J12': -16291.0, 'J13': -18163.0, 'cluster3106249630_3106249631_J60_J61_#5more': -56618.0}, {'J10': 1, 'J11': 32, 'J12': 20, 'J13': 28, 'cluster3106249630_3106249631_J60_J61_#5more': 36}, {'J10': 1, 'J11': 48, 'J12': 45, 'J13': 39, 'cluster3106249630_3106249631_J60_J61_#5more': 60}, 
655.0, {'J10': -104.0, 'J11': -38235.0, 'J12': -16406.0, 'J13': -18553.0, 'cluster3106249630_3106249631_J60_J61_#5more': -57218.0}, {'J10': 1, 'J11': 32, 'J12': 20, 'J13': 28, 'cluster3106249630_3106249631_J60_J61_#5more': 36}, {'J10': 1, 'J11': 48, 'J12': 41, 'J13': 39, 'cluster3106249630_3106249631_J60_J61_#5more': 60}, 
660.0, {'J10': -114.0, 'J11': -38715.0, 'J12': -16787.5, 'J13': -18943.0, 'cluster3106249630_3106249631_J60_J61_#5more': -57818.0}, {'J10': 1, 'J11': 32, 'J12': 20, 'J13': 28, 'cluster3106249630_3106249631_J60_J61_#5more': 36}, {'J10': 1, 'J11': 48, 'J12': 42, 'J13': 39, 'cluster3106249630_3106249631_J60_J61_#5more': 60}, 
665.0, {'J10': 0, 'J11': -39195.0, 'J12': -17065.5, 'J13': -16219.5, 'cluster3106249630_3106249631_J60_J61_#5more': -58418.0}, {'J10': 0, 'J11': 32, 'J12': 20, 'J13': 25, 'cluster3106249630_3106249631_J60_J61_#5more': 36}, {'J10': 0, 'J11': 48, 'J12': 42, 'J13': 34, 'cluster3106249630_3106249631_J60_J61_#5more': 60}, 
670.0, {'J10': -3.5, 'J11': -39675.0, 'J12': -17401.5, 'J13': -15739.0, 'cluster3106249630_3106249631_J60_J61_#5more': -59018.0}, {'J10': 1, 'J11': 32, 'J12': 20, 'J13': 24, 'cluster3106249630_3106249631_J60_J61_#5more': 36}, {'J10': 2, 'J11': 48, 'J12': 42, 'J13': 33, 'cluster3106249630_3106249631_J60_J61_#5more': 60}, 
675.0, {'J10': -8.0, 'J11': -40157.5, 'J12': -17832.5, 'J13': -16069.0, 'cluster3106249630_3106249631_J60_J61_#5more': -59395.5}, {'J10': 1, 'J11': 32, 'J12': 20, 'J13': 24, 'cluster3106249630_3106249631_J60_J61_#5more': 36}, {'J10': 2, 'J11': 49, 'J12': 46, 'J13': 33, 'cluster3106249630_3106249631_J60_J61_#5more': 59}, 
680.0, {'J10': -15.0, 'J11': -40635.0, 'J12': -18142.0, 'J13': -16402.5, 'cluster3106249630_3106249631_J60_J61_#5more': -59812.5}, {'J10': 1, 'J11': 32, 'J12': 20, 'J13': 24, 'cluster3106249630_3106249631_J60_J61_#5more': 36}, {'J10': 1, 'J11': 48, 'J12': 48, 'J13': 34, 'cluster3106249630_3106249631_J60_J61_#5more': 59}, 
685.0, {'J10': -25.0, 'J11': -41115.0, 'J12': -18559.5, 'J13': -16742.5, 'cluster3106249630_3106249631_J60_J61_#5more': -60409.5}, {'J10': 1, 'J11': 32, 'J12': 20, 'J13': 24, 'cluster3106249630_3106249631_J60_J61_#5more': 36}, {'J10': 1, 'J11': 48, 'J12': 46, 'J13': 34, 'cluster3106249630_3106249631_J60_J61_#5more': 61}, 
690.0, {'J10': -35.0, 'J11': -41595.0, 'J12': -18821.5, 'J13': -17095.0, 'cluster3106249630_3106249631_J60_J61_#5more': -60949.0}, {'J10': 1, 'J11': 32, 'J12': 20, 'J13': 28, 'cluster3106249630_3106249631_J60_J61_#5more': 36}, {'J10': 1, 'J11': 48, 'J12': 44, 'J13': 38, 'cluster3106249630_3106249631_J60_J61_#5more': 57}, 
695.0, {'J10': -45.0, 'J11': -42075.0, 'J12': -19179.0, 'J13': -17475.0, 'cluster3106249630_3106249631_J60_J61_#5more': -61526.5}, {'J10': 1, 'J11': 32, 'J12': 20, 'J13': 28, 'cluster3106249630_3106249631_J60_J61_#5more': 36}, {'J10': 1, 'J11': 48, 'J12': 43, 'J13': 38, 'cluster3106249630_3106249631_J60_J61_#5more': 59}, 
700.0, {'J10': -55.0, 'J11': -42555.5, 'J12': -19599.5, 'J13': -17855.0, 'cluster3106249630_3106249631_J60_J61_#5more': -62116.5}, {'J10': 1, 'J11': 32, 'J12': 20, 'J13': 28, 'cluster3106249630_3106249631_J60_J61_#5more': 36}, {'J10': 1, 'J11': 49, 'J12': 44, 'J13': 38, 'cluster3106249630_3106249631_J60_J61_#5more': 59}, 
705.0, {'J10': 0, 'J11': -43035.0, 'J12': -19439.5, 'J13': -18235.0, 'cluster3106249630_3106249631_J60_J61_#5more': -62574.0}, {'J10': 0, 'J11': 32, 'J12': 20, 'J13': 28, 'cluster3106249630_3106249631_J60_J61_#5more': 36}, {'J10': 0, 'J11': 48, 'J12': 49, 'J13': 38, 'cluster3106249630_3106249631_J60_J61_#5more': 58}, 
710.0, {'J10': -7.0, 'J11': -43515.0, 'J12': -19764.5, 'J13': -18615.0, 'cluster3106249630_3106249631_J60_J61_#5more': -63154.0}, {'J10': 2, 'J11': 32, 'J12': 20, 'J13': 28, 'cluster3106249630_3106249631_J60_J61_#5more': 36}, {'J10': 3, 'J11': 48, 'J12': 47, 'J13': 38, 'cluster3106249630_3106249631_J60_J61_#5more': 58}, 
715.0, {'J10': -21.5, 'J11': -43995.0, 'J12': -20104.0, 'J13': -18995.0, 'cluster3106249630_3106249631_J60_J61_#5more': -63734.0}, {'J10': 2, 'J11': 32, 'J12': 20, 'J13': 28, 'cluster3106249630_3106249631_J60_J61_#5more': 36}, {'J10': 3, 'J11': 48, 'J12': 44, 'J13': 38, 'cluster3106249630_3106249631_J60_J61_#5more': 58}, 
720.0, {'J10': -39.0, 'J11': -44475.0, 'J12': -20533.0, 'J13': -19375.0, 'cluster3106249630_3106249631_J60_J61_#5more': -64314.0}, {'J10': 2, 'J11': 32, 'J12': 20, 'J13': 28, 'cluster3106249630_3106249631_J60_J61_#5more': 36}, {'J10': 3, 'J11': 48, 'J12': 49, 'J13': 38, 'cluster3106249630_3106249631_J60_J61_#5more': 58}, 
725.0, {'J10': -69.0, 'J11': -44955.0, 'J12': -21028.5, 'J13': -19755.0, 'cluster3106249630_3106249631_J60_J61_#5more': -64899.0}, {'J10': 2, 'J11': 32, 'J12': 20, 'J13': 28, 'cluster3106249630_3106249631_J60_J61_#5more': 36}, {'J10': 3, 'J11': 48, 'J12': 51, 'J13': 38, 'cluster3106249630_3106249631_J60_J61_#5more': 59}, 
730.0, {'J10': -3.0, 'J11': -45435.0, 'J12': -21546.0, 'J13': -16754.5, 'cluster3106249630_3106249631_J60_J61_#5more': -65489.0}, {'J10': 1, 'J11': 32, 'J12': 20, 'J13': 25, 'cluster3106249630_3106249631_J60_J61_#5more': 36}, {'J10': 1, 'J11': 48, 'J12': 54, 'J13': 34, 'cluster3106249630_3106249631_J60_J61_#5more': 59}, 
735.0, {'J10': -6.0, 'J11': -45915.0, 'J12': -22091.0, 'J13': -15717.5, 'cluster3106249630_3106249631_J60_J61_#5more': -66079.0}, {'J10': 1, 'J11': 32, 'J12': 20, 'J13': 24, 'cluster3106249630_3106249631_J60_J61_#5more': 36}, {'J10': 2, 'J11': 48, 'J12': 56, 'J13': 32, 'cluster3106249630_3106249631_J60_J61_#5more': 59}, 
740.0, {'J10': -13.5, 'J11': -46395.0, 'J12': -22651.0, 'J13': -16037.5, 'cluster3106249630_3106249631_J60_J61_#5more': -66341.0}, {'J10': 2, 'J11': 32, 'J12': 20, 'J13': 24, 'cluster3106249630_3106249631_J60_J61_#5more': 36}, {'J10': 2, 'J11': 48, 'J12': 56, 'J13': 32, 'cluster3106249630_3106249631_J60_J61_#5more': 59}, 
745.0, {'J10': -6.0, 'J11': -46875.0, 'J12': -23213.0, 'J13': -16361.0, 'cluster3106249630_3106249631_J60_J61_#5more': -66931.0}, {'J10': 2, 'J11': 32, 'J12': 20, 'J13': 24, 'cluster3106249630_3106249631_J60_J61_#5more': 36}, {'J10': 3, 'J11': 48, 'J12': 57, 'J13': 34, 'cluster3106249630_3106249631_J60_J61_#5more': 59}, 
750.0, {'J10': -3.0, 'J11': -47355.0, 'J12': -23791.0, 'J13': -16702.0, 'cluster3106249630_3106249631_J60_J61_#5more': -67305.5}, {'J10': 1, 'J11': 32, 'J12': 20, 'J13': 25, 'cluster3106249630_3106249631_J60_J61_#5more': 36}, {'J10': 1, 'J11': 48, 'J12': 60, 'J13': 36, 'cluster3106249630_3106249631_J60_J61_#5more': 60}, 
755.0, {'J10': -13.0, 'J11': -47835.0, 'J12': -24397.0, 'J13': -17073.0, 'cluster3106249630_3106249631_J60_J61_#5more': -67786.5}, {'J10': 1, 'J11': 32, 'J12': 20, 'J13': 28, 'cluster3106249630_3106249631_J60_J61_#5more': 36}, {'J10': 1, 'J11': 48, 'J12': 62, 'J13': 39, 'cluster3106249630_3106249631_J60_J61_#5more': 61}, 
760.0, {'J10': -2.5, 'J11': -48315.0, 'J12': -25017.0, 'J13': -17463.0, 'cluster3106249630_3106249631_J60_J61_#5more': -68268.5}, {'J10': 1, 'J11': 32, 'J12': 20, 'J13': 28, 'cluster3106249630_3106249631_J60_J61_#5more': 36}, {'J10': 1, 'J11': 48, 'J12': 62, 'J13': 39, 'cluster3106249630_3106249631_J60_J61_#5more': 62}, 
765.0, {'J10': -2.0, 'J11': -48795.0, 'J12': -25648.5, 'J13': -17853.0, 'cluster3106249630_3106249631_J60_J61_#5more': -68684.5}, {'J10': 1, 'J11': 32, 'J12': 20, 'J13': 28, 'cluster3106249630_3106249631_J60_J61_#5more': 36}, {'J10': 1, 'J11': 48, 'J12': 65, 'J13': 39, 'cluster3106249630_3106249631_J60_J61_#5more': 58}, 
770.0, {'J10': -12.0, 'J11': -49275.0, 'J12': -26298.5, 'J13': -18243.0, 'cluster3106249630_3106249631_J60_J61_#5more': -69154.0}, {'J10': 1, 'J11': 32, 'J12': 20, 'J13': 28, 'cluster3106249630_3106249631_J60_J61_#5more': 36}, {'J10': 1, 'J11': 48, 'J12': 65, 'J13': 39, 'cluster3106249630_3106249631_J60_J61_#5more': 54}, 
775.0, {'J10': -22.0, 'J11': -49755.0, 'J12': -26953.5, 'J13': -18633.0, 'cluster3106249630_3106249631_J60_J61_#5more': -69702.5}, {'J10': 1, 'J11': 32, 'J12': 20, 'J13': 28, 'cluster3106249630_3106249631_J60_J61_#5more': 36}, {'J10': 1, 'J11': 48, 'J12': 66, 'J13': 39, 'cluster3106249630_3106249631_J60_J61_#5more': 57}, 
780.0, {'J10': -37.0, 'J11': -50235.0, 'J12': -22115.5, 'J13': -19023.0, 'cluster3106249630_3106249631_J60_J61_#5more': -70277.5}, {'J10': 1, 'J11': 32, 'J12': 18, 'J13': 28, 'cluster3106249630_3106249631_J60_J61_#5more': 36}, {'J10': 2, 'J11': 48, 'J12': 58, 'J13': 39, 'cluster3106249630_3106249631_J60_J61_#5more': 58}, 
785.0, {'J10': -61.5, 'J11': -50715.0, 'J12': -19801.0, 'J13': -19413.0, 'cluster3106249630_3106249631_J60_J61_#5more': -70857.5}, {'J10': 2, 'J11': 32, 'J12': 16, 'J13': 28, 'cluster3106249630_3106249631_J60_J61_#5more': 36}, {'J10': 3, 'J11': 48, 'J12': 55, 'J13': 39, 'cluster3106249630_3106249631_J60_J61_#5more': 58}, 
790.0, {'J10': -91.5, 'J11': -51195.0, 'J12': -20360.5, 'J13': -19803.0, 'cluster3106249630_3106249631_J60_J61_#5more': -71439.5}, {'J10': 2, 'J11': 32, 'J12': 16, 'J13': 28, 'cluster3106249630_3106249631_J60_J61_#5more': 36}, {'J10': 3, 'J11': 48, 'J12': 60, 'J13': 39, 'cluster3106249630_3106249631_J60_J61_#5more': 59}, 
795.0, {'J10': -121.5, 'J11': -51675.0, 'J12': -20073.0, 'J13': -16391.0, 'cluster3106249630_3106249631_J60_J61_#5more': -72029.5}, {'J10': 2, 'J11': 32, 'J12': 16, 'J13': 25, 'cluster3106249630_3106249631_J60_J61_#5more': 36}, {'J10': 3, 'J11': 48, 'J12': 60, 'J13': 33, 'cluster3106249630_3106249631_J60_J61_#5more': 59}, 
800.0, {'J10': -151.5, 'J11': -52155.0, 'J12': -20304.5, 'J13': -15719.0, 'cluster3106249630_3106249631_J60_J61_#5more': -72619.5}, {'J10': 2, 'J11': 32, 'J12': 20, 'J13': 24, 'cluster3106249630_3106249631_J60_J61_#5more': 36}, {'J10': 3, 'J11': 48, 'J12': 62, 'J13': 32, 'cluster3106249630_3106249631_J60_J61_#5more': 59}, 
805.0, {'J10': -47.5, 'J11': -52635.0, 'J12': -20899.5, 'J13': -16039.0, 'cluster3106249630_3106249631_J60_J61_#5more': -72757.0}, {'J10': 1, 'J11': 32, 'J12': 20, 'J13': 24, 'cluster3106249630_3106249631_J60_J61_#5more': 36}, {'J10': 2, 'J11': 48, 'J12': 64, 'J13': 32, 'cluster3106249630_3106249631_J60_J61_#5more': 59}, 
810.0, {'J10': -2.0, 'J11': -53115.0, 'J12': -20935.0, 'J13': -16362.5, 'cluster3106249630_3106249631_J60_J61_#5more': -73348.0}, {'J10': 1, 'J11': 32, 'J12': 20, 'J13': 24, 'cluster3106249630_3106249631_J60_J61_#5more': 36}, {'J10': 1, 'J11': 48, 'J12': 62, 'J13': 34, 'cluster3106249630_3106249631_J60_J61_#5more': 60}, 
815.0, {'J10': -12.0, 'J11': -53595.0, 'J12': -21128.0, 'J13': -16703.5, 'cluster3106249630_3106249631_J60_J61_#5more': -73868.0}, {'J10': 1, 'J11': 32, 'J12': 20, 'J13': 25, 'cluster3106249630_3106249631_J60_J61_#5more': 36}, {'J10': 1, 'J11': 48, 'J12': 60, 'J13': 35, 'cluster3106249630_3106249631_J60_J61_#5more': 61}, 
820.0, {'J10': -1.5, 'J11': -54075.0, 'J12': -21652.0, 'J13': -17063.0, 'cluster3106249630_3106249631_J60_J61_#5more': -74401.5}, {'J10': 1, 'J11': 32, 'J12': 20, 'J13': 28, 'cluster3106249630_3106249631_J60_J61_#5more': 36}, {'J10': 2, 'J11': 48, 'J12': 61, 'J13': 38, 'cluster3106249630_3106249631_J60_J61_#5more': 57}, 
825.0, {'J10': -2.5, 'J11': -54555.0, 'J12': -21995.0, 'J13': -17443.0, 'cluster3106249630_3106249631_J60_J61_#5more': -74770.5}, {'J10': 1, 'J11': 32, 'J12': 20, 'J13': 28, 'cluster3106249630_3106249631_J60_J61_#5more': 36}, {'J10': 1, 'J11': 48, 'J12': 63, 'J13': 38, 'cluster3106249630_3106249631_J60_J61_#5more': 56}, 
830.0, {'J10': 0, 'J11': -55035.0, 'J12': -21377.0, 'J13': -17823.0, 'cluster3106249630_3106249631_J60_J61_#5more': -75330.5}, {'J10': 0, 'J11': 32, 'J12': 20, 'J13': 28, 'cluster3106249630_3106249631_J60_J61_#5more': 36}, {'J10': 0, 'J11': 48, 'J12': 59, 'J13': 38, 'cluster3106249630_3106249631_J60_J61_#5more': 56}, 
835.0, {'J10': -6.5, 'J11': -55515.0, 'J12': -20490.5, 'J13': -18203.0, 'cluster3106249630_3106249631_J60_J61_#5more': -75899.0}, {'J10': 2, 'J11': 32, 'J12': 20, 'J13': 28, 'cluster3106249630_3106249631_J60_J61_#5more': 36}, {'J10': 3, 'J11': 48, 'J12': 53, 'J13': 38, 'cluster3106249630_3106249631_J60_J61_#5more': 59}, 
840.0, {'J10': -26.5, 'J11': -55995.0, 'J12': -20699.0, 'J13': -18583.0, 'cluster3106249630_3106249631_J60_J61_#5more': -76489.0}, {'J10': 2, 'J11': 32, 'J12': 20, 'J13': 28, 'cluster3106249630_3106249631_J60_J61_#5more': 36}, {'J10': 3, 'J11': 48, 'J12': 54, 'J13': 38, 'cluster3106249630_3106249631_J60_J61_#5more': 59}, 
845.0, {'J10': -56.5, 'J11': -56475.0, 'J12': -21239.0, 'J13': -18963.0, 'cluster3106249630_3106249631_J60_J61_#5more': -77079.0}, {'J10': 2, 'J11': 32, 'J12': 20, 'J13': 28, 'cluster3106249630_3106249631_J60_J61_#5more': 36}, {'J10': 3, 'J11': 48, 'J12': 56, 'J13': 38, 'cluster3106249630_3106249631_J60_J61_#5more': 59}, 
850.0, {'J10': -86.5, 'J11': -56955.0, 'J12': -21747.5, 'J13': -19343.0, 'cluster3106249630_3106249631_J60_J61_#5more': -77669.0}, {'J10': 2, 'J11': 32, 'J12': 20, 'J13': 28, 'cluster3106249630_3106249631_J60_J61_#5more': 36}, {'J10': 3, 'J11': 48, 'J12': 61, 'J13': 38, 'cluster3106249630_3106249631_J60_J61_#5more': 59}, 
855.0, {'J10': -41.0, 'J11': -57435.0, 'J12': -22201.0, 'J13': -19723.0, 'cluster3106249630_3106249631_J60_J61_#5more': -78259.0}, {'J10': 1, 'J11': 32, 'J12': 20, 'J13': 28, 'cluster3106249630_3106249631_J60_J61_#5more': 36}, {'J10': 1, 'J11': 48, 'J12': 62, 'J13': 38, 'cluster3106249630_3106249631_J60_J61_#5more': 59}, 
860.0, {'J10': -4.0, 'J11': -57915.0, 'J12': -21449.5, 'J13': -17746.0, 'cluster3106249630_3106249631_J60_J61_#5more': -78849.0}, {'J10': 2, 'J11': 32, 'J12': 20, 'J13': 26, 'cluster3106249630_3106249631_J60_J61_#5more': 36}, {'J10': 2, 'J11': 48, 'J12': 58, 'J13': 35, 'cluster3106249630_3106249631_J60_J61_#5more': 59}, 
865.0, {'J10': 0, 'J11': -58395.0, 'J12': -20441.5, 'J13': -18096.0, 'cluster3106249630_3106249631_J60_J61_#5more': -79444.0}, {'J10': 0, 'J11': 32, 'J12': 20, 'J13': 26, 'cluster3106249630_3106249631_J60_J61_#5more': 36}, {'J10': 0, 'J11': 48, 'J12': 50, 'J13': 35, 'cluster3106249630_3106249631_J60_J61_#5more': 60}, 
870.0, {'J10': 0, 'J11': -58875.0, 'J12': -20407.5, 'J13': -18446.0, 'cluster3106249630_3106249631_J60_J61_#5more': -79469.5}, {'J10': 0, 'J11': 32, 'J12': 20, 'J13': 26, 'cluster3106249630_3106249631_J60_J61_#5more': 36}, {'J10': 0, 'J11': 48, 'J12': 47, 'J13': 35, 'cluster3106249630_3106249631_J60_J61_#5more': 59}, 
875.0, {'J10': -4.5, 'J11': -59355.0, 'J12': -20648.0, 'J13': -18800.0, 'cluster3106249630_3106249631_J60_J61_#5more': -79866.5}, {'J10': 1, 'J11': 32, 'J12': 20, 'J13': 26, 'cluster3106249630_3106249631_J60_J61_#5more': 36}, {'J10': 1, 'J11': 48, 'J12': 47, 'J13': 36, 'cluster3106249630_3106249631_J60_J61_#5more': 59}, 
880.0, {'J10': -14.5, 'J11': -59835.0, 'J12': -20554.0, 'J13': -19160.0, 'cluster3106249630_3106249631_J60_J61_#5more': -80257.5}, {'J10': 1, 'J11': 32, 'J12': 20, 'J13': 26, 'cluster3106249630_3106249631_J60_J61_#5more': 36}, {'J10': 1, 'J11': 48, 'J12': 46, 'J13': 36, 'cluster3106249630_3106249631_J60_J61_#5more': 56}, 
885.0, {'J10': -6.0, 'J11': -60315.0, 'J12': -20823.0, 'J13': -19529.0, 'cluster3106249630_3106249631_J60_J61_#5more': -80817.5}, {'J10': 2, 'J11': 32, 'J12': 20, 'J13': 28, 'cluster3106249630_3106249631_J60_J61_#5more': 36}, {'J10': 2, 'J11': 48, 'J12': 44, 'J13': 38, 'cluster3106249630_3106249631_J60_J61_#5more': 56}, 
890.0, {'J10': -1.0, 'J11': -60795.0, 'J12': -21208.0, 'J13': -19909.0, 'cluster3106249630_3106249631_J60_J61_#5more': -81387.5}, {'J10': 1, 'J11': 32, 'J12': 20, 'J13': 28, 'cluster3106249630_3106249631_J60_J61_#5more': 36}, {'J10': 1, 'J11': 48, 'J12': 48, 'J13': 38, 'cluster3106249630_3106249631_J60_J61_#5more': 59}, 
895.0, {'J10': -11.0, 'J11': -61275.0, 'J12': -21235.5, 'J13': -20289.0, 'cluster3106249630_3106249631_J60_J61_#5more': -81977.5}, {'J10': 1, 'J11': 32, 'J12': 20, 'J13': 28, 'cluster3106249630_3106249631_J60_J61_#5more': 36}, {'J10': 1, 'J11': 48, 'J12': 51, 'J13': 38, 'cluster3106249630_3106249631_J60_J61_#5more': 59}, 
900.0, {'J10': -21.0, 'J11': -61755.0, 'J12': -21761.5, 'J13': -20669.0, 'cluster3106249630_3106249631_J60_J61_#5more': -82567.5}, {'J10': 1, 'J11': 32, 'J12': 20, 'J13': 28, 'cluster3106249630_3106249631_J60_J61_#5more': 36}, {'J10': 1, 'J11': 48, 'J12': 58, 'J13': 38, 'cluster3106249630_3106249631_J60_J61_#5more': 59}, 
905.0, {'J10': -1.5, 'J11': -62235.0, 'J12': -22343.5, 'J13': -21049.0, 'cluster3106249630_3106249631_J60_J61_#5more': -83157.5}, {'J10': 1, 'J11': 32, 'J12': 20, 'J13': 28, 'cluster3106249630_3106249631_J60_J61_#5more': 36}, {'J10': 1, 'J11': 48, 'J12': 59, 'J13': 38, 'cluster3106249630_3106249631_J60_J61_#5more': 59}, 
910.0, {'J10': -3.0, 'J11': -62715.0, 'J12': -22944.5, 'J13': -21429.0, 'cluster3106249630_3106249631_J60_J61_#5more': -83747.5}, {'J10': 1, 'J11': 32, 'J12': 20, 'J13': 28, 'cluster3106249630_3106249631_J60_J61_#5more': 36}, {'J10': 1, 'J11': 48, 'J12': 64, 'J13': 38, 'cluster3106249630_3106249631_J60_J61_#5more': 59}, 
915.0, {'J10': -13.0, 'J11': -63195.0, 'J12': -23588.0, 'J13': -21809.0, 'cluster3106249630_3106249631_J60_J61_#5more': -84340.5}, {'J10': 1, 'J11': 32, 'J12': 20, 'J13': 28, 'cluster3106249630_3106249631_J60_J61_#5more': 36}, {'J10': 1, 'J11': 48, 'J12': 65, 'J13': 38, 'cluster3106249630_3106249631_J60_J61_#5more': 60}, 
920.0, {'J10': -24.0, 'J11': -63675.0, 'J12': -23977.0, 'J13': -22189.0, 'cluster3106249630_3106249631_J60_J61_#5more': -84940.5}, {'J10': 1, 'J11': 32, 'J12': 20, 'J13': 28, 'cluster3106249630_3106249631_J60_J61_#5more': 36}, {'J10': 2, 'J11': 48, 'J12': 63, 'J13': 38, 'cluster3106249630_3106249631_J60_J61_#5more': 60}, 
925.0, {'J10': -49.0, 'J11': -64157.5, 'J12': -24115.0, 'J13': -17968.0, 'cluster3106249630_3106249631_J60_J61_#5more': -85540.5}, {'J10': 2, 'J11': 32, 'J12': 20, 'J13': 24, 'cluster3106249630_3106249631_J60_J61_#5more': 36}, {'J10': 3, 'J11': 49, 'J12': 54, 'J13': 33, 'cluster3106249630_3106249631_J60_J61_#5more': 60}, 
930.0, {'J10': -79.0, 'J11': -64635.0, 'J12': -24519.0, 'J13': -17794.5, 'cluster3106249630_3106249631_J60_J61_#5more': -85949.0}, {'J10': 2, 'J11': 32, 'J12': 20, 'J13': 24, 'cluster3106249630_3106249631_J60_J61_#5more': 36}, {'J10': 3, 'J11': 48, 'J12': 53, 'J13': 32, 'cluster3106249630_3106249631_J60_J61_#5more': 59}, 
935.0, {'J10': -109.0, 'J11': -65115.0, 'J12': -25062.0, 'J13': -18114.5, 'cluster3106249630_3106249631_J60_J61_#5more': -86539.0}, {'J10': 2, 'J11': 32, 'J12': 20, 'J13': 24, 'cluster3106249630_3106249631_J60_J61_#5more': 36}, {'J10': 3, 'J11': 48, 'J12': 57, 'J13': 32, 'cluster3106249630_3106249631_J60_J61_#5more': 59}, 
940.0, {'J10': -139.0, 'J11': -65595.0, 'J12': -25651.5, 'J13': -18441.0, 'cluster3106249630_3106249631_J60_J61_#5more': -87024.0}, {'J10': 2, 'J11': 32, 'J12': 20, 'J13': 24, 'cluster3106249630_3106249631_J60_J61_#5more': 36}, {'J10': 3, 'J11': 48, 'J12': 63, 'J13': 35, 'cluster3106249630_3106249631_J60_J61_#5more': 58}, 
945.0, {'J10': -174.5, 'J11': -66075.0, 'J12': -26135.0, 'J13': -18793.0, 'cluster3106249630_3106249631_J60_J61_#5more': -87491.0}, {'J10': 3, 'J11': 32, 'J12': 20, 'J13': 25, 'cluster3106249630_3106249631_J60_J61_#5more': 36}, {'J10': 5, 'J11': 48, 'J12': 60, 'J13': 37, 'cluster3106249630_3106249631_J60_J61_#5more': 57}, 
950.0, {'J10': -86.5, 'J11': -66555.0, 'J12': -26491.0, 'J13': -19172.5, 'cluster3106249630_3106249631_J60_J61_#5more': -88067.5}, {'J10': 3, 'J11': 32, 'J12': 20, 'J13': 28, 'cluster3106249630_3106249631_J60_J61_#5more': 36}, {'J10': 3, 'J11': 48, 'J12': 55, 'J13': 40, 'cluster3106249630_3106249631_J60_J61_#5more': 60}, 
955.0, {'J10': 0, 'J11': -67035.0, 'J12': -26899.0, 'J13': -19572.5, 'cluster3106249630_3106249631_J60_J61_#5more': -88667.5}, {'J10': 0, 'J11': 32, 'J12': 20, 'J13': 28, 'cluster3106249630_3106249631_J60_J61_#5more': 36}, {'J10': 0, 'J11': 48, 'J12': 51, 'J13': 40, 'cluster3106249630_3106249631_J60_J61_#5more': 60}, 
960.0, {'J10': -2.0, 'J11': -67515.5, 'J12': -27418.5, 'J13': -19972.5, 'cluster3106249630_3106249631_J60_J61_#5more': -89267.5}, {'J10': 1, 'J11': 32, 'J12': 20, 'J13': 28, 'cluster3106249630_3106249631_J60_J61_#5more': 36}, {'J10': 1, 'J11': 49, 'J12': 56, 'J13': 40, 'cluster3106249630_3106249631_J60_J61_#5more': 60}, 
965.0, {'J10': -4.0, 'J11': -67995.0, 'J12': -27955.5, 'J13': -20372.5, 'cluster3106249630_3106249631_J60_J61_#5more': -89867.5}, {'J10': 1, 'J11': 32, 'J12': 20, 'J13': 28, 'cluster3106249630_3106249631_J60_J61_#5more': 36}, {'J10': 1, 'J11': 48, 'J12': 58, 'J13': 40, 'cluster3106249630_3106249631_J60_J61_#5more': 60}, 
970.0, {'J10': -18.5, 'J11': -68481.5, 'J12': -28541.0, 'J13': -20772.5, 'cluster3106249630_3106249631_J60_J61_#5more': -90467.5}, {'J10': 2, 'J11': 32, 'J12': 20, 'J13': 28, 'cluster3106249630_3106249631_J60_J61_#5more': 36}, {'J10': 2, 'J11': 50, 'J12': 60, 'J13': 40, 'cluster3106249630_3106249631_J60_J61_#5more': 60}, 
975.0, {'J10': -38.5, 'J11': -68955.0, 'J12': -29145.0, 'J13': -21172.5, 'cluster3106249630_3106249631_J60_J61_#5more': -91067.5}, {'J10': 2, 'J11': 32, 'J12': 20, 'J13': 28, 'cluster3106249630_3106249631_J60_J61_#5more': 36}, {'J10': 2, 'J11': 48, 'J12': 61, 'J13': 40, 'cluster3106249630_3106249631_J60_J61_#5more': 60}, 
980.0, {'J10': -58.5, 'J11': -69435.0, 'J12': -29766.5, 'J13': -21572.5, 'cluster3106249630_3106249631_J60_J61_#5more': -91667.5}, {'J10': 2, 'J11': 32, 'J12': 20, 'J13': 28, 'cluster3106249630_3106249631_J60_J61_#5more': 36}, {'J10': 2, 'J11': 48, 'J12': 67, 'J13': 40, 'cluster3106249630_3106249631_J60_J61_#5more': 60}, 
985.0, {'J10': -80.0, 'J11': -69916.5, 'J12': -30319.0, 'J13': -21972.5, 'cluster3106249630_3106249631_J60_J61_#5more': -92267.5}, {'J10': 2, 'J11': 32, 'J12': 20, 'J13': 28, 'cluster3106249630_3106249631_J60_J61_#5more': 36}, {'J10': 3, 'J11': 49, 'J12': 63, 'J13': 40, 'cluster3106249630_3106249631_J60_J61_#5more': 60}, 
990.0, {'J10': -110.0, 'J11': -70395.0, 'J12': -30306.5, 'J13': -18667.5, 'cluster3106249630_3106249631_J60_J61_#5more': -92867.5}, {'J10': 2, 'J11': 32, 'J12': 20, 'J13': 25, 'cluster3106249630_3106249631_J60_J61_#5more': 36}, {'J10': 3, 'J11': 48, 'J12': 61, 'J13': 35, 'cluster3106249630_3106249631_J60_J61_#5more': 60}, 
995.0, {'J10': -144.5, 'J11': -70875.0, 'J12': -30501.0, 'J13': -17913.5, 'cluster3106249630_3106249631_J60_J61_#5more': -93467.5}, {'J10': 2, 'J11': 32, 'J12': 20, 'J13': 24, 'cluster3106249630_3106249631_J60_J61_#5more': 36}, {'J10': 5, 'J11': 48, 'J12': 58, 'J13': 33, 'cluster3106249630_3106249631_J60_J61_#5more': 60}, 
1000.0, {'J10': -194.5, 'J11': -71355.0, 'J12': -31084.0, 'J13': -18243.5, 'cluster3106249630_3106249631_J60_J61_#5more': -94067.5}, {'J10': 2, 'J11': 32, 'J12': 20, 'J13': 24, 'cluster3106249630_3106249631_J60_J61_#5more': 36}, {'J10': 5, 'J11': 48, 'J12': 61, 'J13': 33, 'cluster3106249630_3106249631_J60_J61_#5more': 60}, 
1005.0, {'J10': -244.5, 'J11': -71836.5, 'J12': -31715.0, 'J13': -18577.0, 'cluster3106249630_3106249631_J60_J61_#5more': -94667.5}, {'J10': 2, 'J11': 32, 'J12': 20, 'J13': 24, 'cluster3106249630_3106249631_J60_J61_#5more': 36}, {'J10': 5, 'J11': 49, 'J12': 69, 'J13': 34, 'cluster3106249630_3106249631_J60_J61_#5more': 60}, 
1010.0, {'J10': -296.5, 'J11': -72315.0, 'J12': -32291.0, 'J13': -18918.5, 'cluster3106249630_3106249631_J60_J61_#5more': -95267.5}, {'J10': 3, 'J11': 32, 'J12': 20, 'J13': 24, 'cluster3106249630_3106249631_J60_J61_#5more': 36}, {'J10': 7, 'J11': 48, 'J12': 68, 'J13': 35, 'cluster3106249630_3106249631_J60_J61_#5more': 60}, 
1015.0, {'J10': -366.5, 'J11': -72797.5, 'J12': -32960.5, 'J13': -19280.0, 'cluster3106249630_3106249631_J60_J61_#5more': -95867.5}, {'J10': 3, 'J11': 32, 'J12': 20, 'J13': 28, 'cluster3106249630_3106249631_J60_J61_#5more': 36}, {'J10': 7, 'J11': 49, 'J12': 67, 'J13': 39, 'cluster3106249630_3106249631_J60_J61_#5more': 60}, 
1020.0, {'J10': -257.0, 'J11': -73289.5, 'J12': -33568.5, 'J13': -19670.0, 'cluster3106249630_3106249631_J60_J61_#5more': -96467.5}, {'J10': 5, 'J11': 32, 'J12': 20, 'J13': 28, 'cluster3106249630_3106249631_J60_J61_#5more': 36}, {'J10': 7, 'J11': 50, 'J12': 66, 'J13': 39, 'cluster3106249630_3106249631_J60_J61_#5more': 60}, 
1025.0, {'J10': -327.0, 'J11': -73755.0, 'J12': -34228.5, 'J13': -20060.0, 'cluster3106249630_3106249631_J60_J61_#5more': -97067.5}, {'J10': 5, 'J11': 32, 'J12': 20, 'J13': 28, 'cluster3106249630_3106249631_J60_J61_#5more': 36}, {'J10': 7, 'J11': 48, 'J12': 66, 'J13': 39, 'cluster3106249630_3106249631_J60_J61_#5more': 60}, 
1030.0, {'J10': -406.5, 'J11': -74235.0, 'J12': -34757.5, 'J13': -20450.0, 'cluster3106249630_3106249631_J60_J61_#5more': -97385.5}, {'J10': 7, 'J11': 32, 'J12': 20, 'J13': 28, 'cluster3106249630_3106249631_J60_J61_#5more': 36}, {'J10': 10, 'J11': 48, 'J12': 66, 'J13': 39, 'cluster3106249630_3106249631_J60_J61_#5more': 59}, 
1035.0, {'J10': -513.5, 'J11': -74715.0, 'J12': -35418.5, 'J13': -20840.0, 'cluster3106249630_3106249631_J60_J61_#5more': -97975.5}, {'J10': 9, 'J11': 32, 'J12': 20, 'J13': 28, 'cluster3106249630_3106249631_J60_J61_#5more': 36}, {'J10': 12, 'J11': 48, 'J12': 67, 'J13': 39, 'cluster3106249630_3106249631_J60_J61_#5more': 59}, 
1040.0, {'J10': -638.0, 'J11': -75195.0, 'J12': -36088.5, 'J13': -21230.0, 'cluster3106249630_3106249631_J60_J61_#5more': -98566.0}, {'J10': 10, 'J11': 32, 'J12': 20, 'J13': 28, 'cluster3106249630_3106249631_J60_J61_#5more': 36}, {'J10': 13, 'J11': 48, 'J12': 67, 'J13': 39, 'cluster3106249630_3106249631_J60_J61_#5more': 60}, 
1045.0, {'J10': -768.5, 'J11': -75676.5, 'J12': -36763.5, 'J13': -21620.0, 'cluster3106249630_3106249631_J60_J61_#5more': -99166.0}, {'J10': 10, 'J11': 32, 'J12': 20, 'J13': 28, 'cluster3106249630_3106249631_J60_J61_#5more': 36}, {'J10': 14, 'J11': 49, 'J12': 70, 'J13': 39, 'cluster3106249630_3106249631_J60_J61_#5more': 60}, 
1050.0, {'J10': -913.0, 'J11': -76155.0, 'J12': -37290.0, 'J13': -22010.0, 'cluster3106249630_3106249631_J60_J61_#5more': -99766.0}, {'J10': 11, 'J11': 32, 'J12': 20, 'J13': 28, 'cluster3106249630_3106249631_J60_J61_#5more': 36}, {'J10': 15, 'J11': 48, 'J12': 69, 'J13': 39, 'cluster3106249630_3106249631_J60_J61_#5more': 60}, 
1055.0, {'J10': -1064.5, 'J11': -76635.0, 'J12': -37937.0, 'J13': -18727.0, 'cluster3106249630_3106249631_J60_J61_#5more': -100366.0}, {'J10': 11, 'J11': 32, 'J12': 20, 'J13': 25, 'cluster3106249630_3106249631_J60_J61_#5more': 36}, {'J10': 16, 'J11': 48, 'J12': 67, 'J13': 34, 'cluster3106249630_3106249631_J60_J61_#5more': 60}, 
1060.0, {'J10': -1224.5, 'J11': -77115.0, 'J12': -38611.5, 'J13': -18564.5, 'cluster3106249630_3106249631_J60_J61_#5more': -100966.0}, {'J10': 11, 'J11': 32, 'J12': 20, 'J13': 25, 'cluster3106249630_3106249631_J60_J61_#5more': 36}, {'J10': 16, 'J11': 48, 'J12': 69, 'J13': 33, 'cluster3106249630_3106249631_J60_J61_#5more': 60}, 
1065.0, {'J10': -1385.0, 'J11': -77595.0, 'J12': -39309.0, 'J13': -18894.5, 'cluster3106249630_3106249631_J60_J61_#5more': -101567.5}, {'J10': 12, 'J11': 32, 'J12': 20, 'J13': 25, 'cluster3106249630_3106249631_J60_J61_#5more': 36}, {'J10': 17, 'J11': 48, 'J12': 73, 'J13': 33, 'cluster3106249630_3106249631_J60_J61_#5more': 61}, 
1070.0, {'J10': -1476.0, 'J11': -78075.0, 'J12': -39827.0, 'J13': -19227.0, 'cluster3106249630_3106249631_J60_J61_#5more': -102166.0}, {'J10': 13, 'J11': 32, 'J12': 20, 'J13': 25, 'cluster3106249630_3106249631_J60_J61_#5more': 36}, {'J10': 16, 'J11': 48, 'J12': 72, 'J13': 35, 'cluster3106249630_3106249631_J60_J61_#5more': 60}, 
1075.0, {'J10': -1636.0, 'J11': -78555.0, 'J12': -40547.0, 'J13': -19582.0, 'cluster3106249630_3106249631_J60_J61_#5more': -102766.0}, {'J10': 13, 'J11': 32, 'J12': 20, 'J13': 26, 'cluster3106249630_3106249631_J60_J61_#5more': 36}, {'J10': 16, 'J11': 48, 'J12': 72, 'J13': 38, 'cluster3106249630_3106249631_J60_J61_#5more': 60}, 
1080.0, {'J10': -1796.0, 'J11': -79035.0, 'J12': -41267.0, 'J13': -19968.5, 'cluster3106249630_3106249631_J60_J61_#5more': -103366.0}, {'J10': 13, 'J11': 32, 'J12': 20, 'J13': 27, 'cluster3106249630_3106249631_J60_J61_#5more': 36}, {'J10': 16, 'J11': 48, 'J12': 72, 'J13': 40, 'cluster3106249630_3106249631_J60_J61_#5more': 60}, 
1085.0, {'J10': -1570.0, 'J11': -79515.0, 'J12': -41988.5, 'J13': -20375.0, 'cluster3106249630_3106249631_J60_J61_#5more': -103966.0}, {'J10': 13, 'J11': 32, 'J12': 20, 'J13': 28, 'cluster3106249630_3106249631_J60_J61_#5more': 36}, {'J10': 14, 'J11': 48, 'J12': 73, 'J13': 42, 'cluster3106249630_3106249631_J60_J61_#5more': 60}, 
1090.0, {'J10': -1587.0, 'J11': -79995.0, 'J12': -42729.5, 'J13': -20795.0, 'cluster3106249630_3106249631_J60_J61_#5more': -104282.5}, {'J10': 13, 'J11': 32, 'J12': 20, 'J13': 28, 'cluster3106249630_3106249631_J60_J61_#5more': 36}, {'J10': 14, 'J11': 48, 'J12': 77, 'J13': 42, 'cluster3106249630_3106249631_J60_J61_#5more': 59}, 
1095.0, {'J10': -1730.0, 'J11': -80475.0, 'J12': -43501.0, 'J13': -21219.5, 'cluster3106249630_3106249631_J60_J61_#5more': -104872.5}, {'J10': 13, 'J11': 32, 'J12': 20, 'J13': 28, 'cluster3106249630_3106249631_J60_J61_#5more': 36}, {'J10': 15, 'J11': 48, 'J12': 78, 'J13': 43, 'cluster3106249630_3106249631_J60_J61_#5more': 59}, 
1100.0, {'J10': -1880.0, 'J11': -80955.0, 'J12': -44282.0, 'J13': -21649.5, 'cluster3106249630_3106249631_J60_J61_#5more': -105462.5}, {'J10': 13, 'J11': 32, 'J12': 20, 'J13': 28, 'cluster3106249630_3106249631_J60_J61_#5more': 36}, {'J10': 15, 'J11': 48, 'J12': 79, 'J13': 43, 'cluster3106249630_3106249631_J60_J61_#5more': 59}, 
1105.0, {'J10': -2030.0, 'J11': -81435.0, 'J12': -45082.0, 'J13': -22079.5, 'cluster3106249630_3106249631_J60_J61_#5more': -105429.5}, {'J10': 13, 'J11': 32, 'J12': 20, 'J13': 28, 'cluster3106249630_3106249631_J60_J61_#5more': 36}, {'J10': 15, 'J11': 48, 'J12': 83, 'J13': 43, 'cluster3106249630_3106249631_J60_J61_#5more': 57}, 
1110.0, {'J10': -2180.0, 'J11': -81915.0, 'J12': -45899.5, 'J13': -22509.5, 'cluster3106249630_3106249631_J60_J61_#5more': -105999.5}, {'J10': 13, 'J11': 32, 'J12': 20, 'J13': 28, 'cluster3106249630_3106249631_J60_J61_#5more': 36}, {'J10': 15, 'J11': 48, 'J12': 83, 'J13': 43, 'cluster3106249630_3106249631_J60_J61_#5more': 57}, 
1115.0, {'J10': -2334.0, 'J11': -82395.0, 'J12': -46708.0, 'J13': -22939.5, 'cluster3106249630_3106249631_J60_J61_#5more': -106576.0}, {'J10': 13, 'J11': 32, 'J12': 20, 'J13': 28, 'cluster3106249630_3106249631_J60_J61_#5more': 36}, {'J10': 16, 'J11': 48, 'J12': 82, 'J13': 43, 'cluster3106249630_3106249631_J60_J61_#5more': 60}, 
1120.0, {'J10': -2494.0, 'J11': -82875.0, 'J12': -43697.0, 'J13': -20669.5, 'cluster3106249630_3106249631_J60_J61_#5more': -107176.0}, {'J10': 13, 'J11': 32, 'J12': 20, 'J13': 26, 'cluster3106249630_3106249631_J60_J61_#5more': 36}, {'J10': 16, 'J11': 48, 'J12': 74, 'J13': 40, 'cluster3106249630_3106249631_J60_J61_#5more': 60}, 
1125.0, {'J10': -2654.0, 'J11': -83355.0, 'J12': -44396.5, 'J13': -18611.5, 'cluster3106249630_3106249631_J60_J61_#5more': -107605.5}, {'J10': 13, 'J11': 32, 'J12': 20, 'J13': 24, 'cluster3106249630_3106249631_J60_J61_#5more': 36}, {'J10': 16, 'J11': 48, 'J12': 73, 'J13': 35, 'cluster3106249630_3106249631_J60_J61_#5more': 59}, 
1130.0, {'J10': -2816.5, 'J11': -83835.0, 'J12': -45134.0, 'J13': -18961.5, 'cluster3106249630_3106249631_J60_J61_#5more': -108195.5}, {'J10': 13, 'J11': 32, 'J12': 20, 'J13': 24, 'cluster3106249630_3106249631_J60_J61_#5more': 36}, {'J10': 17, 'J11': 48, 'J12': 76, 'J13': 35, 'cluster3106249630_3106249631_J60_J61_#5more': 59}, 
1135.0, {'J10': -2986.5, 'J11': -84315.0, 'J12': -45907.0, 'J13': -19314.5, 'cluster3106249630_3106249631_J60_J61_#5more': -108785.5}, {'J10': 13, 'J11': 32, 'J12': 20, 'J13': 24, 'cluster3106249630_3106249631_J60_J61_#5more': 36}, {'J10': 17, 'J11': 48, 'J12': 79, 'J13': 37, 'cluster3106249630_3106249631_J60_J61_#5more': 59}, 
1140.0, {'J10': -3156.5, 'J11': -84795.0, 'J12': -46697.0, 'J13': -19684.5, 'cluster3106249630_3106249631_J60_J61_#5more': -109375.5}, {'J10': 13, 'J11': 32, 'J12': 20, 'J13': 24, 'cluster3106249630_3106249631_J60_J61_#5more': 36}, {'J10': 17, 'J11': 48, 'J12': 79, 'J13': 37, 'cluster3106249630_3106249631_J60_J61_#5more': 59}, 
1145.0, {'J10': -3328.5, 'J11': -85275.0, 'J12': -47489.0, 'J13': -20068.0, 'cluster3106249630_3106249631_J60_J61_#5more': -109902.0}, {'J10': 13, 'J11': 32, 'J12': 20, 'J13': 28, 'cluster3106249630_3106249631_J60_J61_#5more': 36}, {'J10': 18, 'J11': 48, 'J12': 80, 'J13': 41, 'cluster3106249630_3106249631_J60_J61_#5more': 58}, 
1150.0, {'J10': -3273.0, 'J11': -85755.0, 'J12': -47922.5, 'J13': -20478.0, 'cluster3106249630_3106249631_J60_J61_#5more': -110410.0}, {'J10': 13, 'J11': 32, 'J12': 20, 'J13': 28, 'cluster3106249630_3106249631_J60_J61_#5more': 36}, {'J10': 16, 'J11': 48, 'J12': 80, 'J13': 41, 'cluster3106249630_3106249631_J60_J61_#5more': 57}, 
1155.0, {'J10': -3298.5, 'J11': -86235.0, 'J12': -48722.5, 'J13': -20888.0, 'cluster3106249630_3106249631_J60_J61_#5more': -110899.0}, {'J10': 13, 'J11': 32, 'J12': 20, 'J13': 28, 'cluster3106249630_3106249631_J60_J61_#5more': 36}, {'J10': 14, 'J11': 48, 'J12': 80, 'J13': 41, 'cluster3106249630_3106249631_J60_J61_#5more': 56}, 
1160.0, {'J10': -3438.5, 'J11': -86715.0, 'J12': -49527.0, 'J13': -21298.0, 'cluster3106249630_3106249631_J60_J61_#5more': -111459.0}, {'J10': 13, 'J11': 32, 'J12': 20, 'J13': 28, 'cluster3106249630_3106249631_J60_J61_#5more': 36}, {'J10': 14, 'J11': 48, 'J12': 81, 'J13': 41, 'cluster3106249630_3106249631_J60_J61_#5more': 56}, 
1165.0, {'J10': -3578.5, 'J11': -87195.0, 'J12': -50337.0, 'J13': -21708.0, 'cluster3106249630_3106249631_J60_J61_#5more': -112024.0}, {'J10': 13, 'J11': 32, 'J12': 20, 'J13': 28, 'cluster3106249630_3106249631_J60_J61_#5more': 36}, {'J10': 14, 'J11': 48, 'J12': 81, 'J13': 41, 'cluster3106249630_3106249631_J60_J61_#5more': 57}, 
1170.0, {'J10': -3718.5, 'J11': -87675.0, 'J12': -51147.0, 'J13': -22118.0, 'cluster3106249630_3106249631_J60_J61_#5more': -112601.0}, {'J10': 13, 'J11': 32, 'J12': 20, 'J13': 28, 'cluster3106249630_3106249631_J60_J61_#5more': 36}, {'J10': 14, 'J11': 48, 'J12': 81, 'J13': 41, 'cluster3106249630_3106249631_J60_J61_#5more': 59}, 
1175.0, {'J10': -3858.5, 'J11': -88155.0, 'J12': -51957.0, 'J13': -22531.0, 'cluster3106249630_3106249631_J60_J61_#5more': -113198.5}, {'J10': 13, 'J11': 32, 'J12': 20, 'J13': 28, 'cluster3106249630_3106249631_J60_J61_#5more': 36}, {'J10': 14, 'J11': 48, 'J12': 81, 'J13': 42, 'cluster3106249630_3106249631_J60_J61_#5more': 61}, 
1180.0, {'J10': -3998.5, 'J11': -88635.0, 'J12': -52767.0, 'J13': -22951.0, 'cluster3106249630_3106249631_J60_J61_#5more': -113748.5}, {'J10': 13, 'J11': 32, 'J12': 20, 'J13': 28, 'cluster3106249630_3106249631_J60_J61_#5more': 36}, {'J10': 14, 'J11': 48, 'J12': 81, 'J13': 42, 'cluster3106249630_3106249631_J60_J61_#5more': 59}, 
1185.0, {'J10': -4138.5, 'J11': -89115.0, 'J12': -49658.5, 'J13': -20370.5, 'cluster3106249630_3106249631_J60_J61_#5more': -114281.5}, {'J10': 13, 'J11': 32, 'J12': 20, 'J13': 26, 'cluster3106249630_3106249631_J60_J61_#5more': 36}, {'J10': 14, 'J11': 48, 'J12': 73, 'J13': 37, 'cluster3106249630_3106249631_J60_J61_#5more': 57}, 
1190.0, {'J10': -4278.5, 'J11': -89595.0, 'J12': -50388.5, 'J13': -18863.0, 'cluster3106249630_3106249631_J60_J61_#5more': -114820.5}, {'J10': 13, 'J11': 32, 'J12': 20, 'J13': 24, 'cluster3106249630_3106249631_J60_J61_#5more': 36}, {'J10': 14, 'J11': 48, 'J12': 73, 'J13': 35, 'cluster3106249630_3106249631_J60_J61_#5more': 57}, 
1195.0, {'J10': -4418.5, 'J11': -90075.0, 'J12': -51123.5, 'J13': -19213.0, 'cluster3106249630_3106249631_J60_J61_#5more': -114244.5}, {'J10': 13, 'J11': 32, 'J12': 20, 'J13': 24, 'cluster3106249630_3106249631_J60_J61_#5more': 36}, {'J10': 14, 'J11': 48, 'J12': 76, 'J13': 35, 'cluster3106249630_3106249631_J60_J61_#5more': 58}, 
1200.0, {'J10': -4558.5, 'J11': -90555.0, 'J12': -51902.0, 'J13': -19566.5, 'cluster3106249630_3106249631_J60_J61_#5more': -114828.5}, {'J10': 13, 'J11': 32, 'J12': 20, 'J13': 24, 'cluster3106249630_3106249631_J60_J61_#5more': 36}, {'J10': 14, 'J11': 48, 'J12': 81, 'J13': 37, 'cluster3106249630_3106249631_J60_J61_#5more': 59}, 
1205.0, {'J10': -4698.5, 'J11': -91035.0, 'J12': -52712.0, 'J13': -19936.5, 'cluster3106249630_3106249631_J60_J61_#5more': -115391.5}, {'J10': 13, 'J11': 32, 'J12': 20, 'J13': 24, 'cluster3106249630_3106249631_J60_J61_#5more': 36}, {'J10': 14, 'J11': 48, 'J12': 81, 'J13': 37, 'cluster3106249630_3106249631_J60_J61_#5more': 59}, 
1210.0, {'J10': -4845.5, 'J11': -91515.0, 'J12': -53525.5, 'J13': -20321.5, 'cluster3106249630_3106249631_J60_J61_#5more': -115967.0}, {'J10': 13, 'J11': 32, 'J12': 20, 'J13': 28, 'cluster3106249630_3106249631_J60_J61_#5more': 36}, {'J10': 16, 'J11': 48, 'J12': 82, 'J13': 41, 'cluster3106249630_3106249631_J60_J61_#5more': 58}, 
1215.0, {'J10': -4865.5, 'J11': -91995.0, 'J12': -54345.5, 'J13': -20731.5, 'cluster3106249630_3106249631_J60_J61_#5more': -116550.0}, {'J10': 13, 'J11': 32, 'J12': 20, 'J13': 28, 'cluster3106249630_3106249631_J60_J61_#5more': 36}, {'J10': 16, 'J11': 48, 'J12': 82, 'J13': 41, 'cluster3106249630_3106249631_J60_J61_#5more': 59}, 
1220.0, {'J10': -5030.0, 'J11': -92475.0, 'J12': -55167.5, 'J13': -21141.5, 'cluster3106249630_3106249631_J60_J61_#5more': -117085.5}, {'J10': 13, 'J11': 32, 'J12': 20, 'J13': 28, 'cluster3106249630_3106249631_J60_J61_#5more': 36}, {'J10': 19, 'J11': 48, 'J12': 83, 'J13': 41, 'cluster3106249630_3106249631_J60_J61_#5more': 58}, 
1225.0, {'J10': -5186.0, 'J11': -92955.0, 'J12': -55997.5, 'J13': -21551.5, 'cluster3106249630_3106249631_J60_J61_#5more': -117611.5}, {'J10': 13, 'J11': 32, 'J12': 20, 'J13': 28, 'cluster3106249630_3106249631_J60_J61_#5more': 36}, {'J10': 17, 'J11': 48, 'J12': 83, 'J13': 41, 'cluster3106249630_3106249631_J60_J61_#5more': 57}, 
1230.0, {'J10': -5313.5, 'J11': -93435.0, 'J12': -56805.5, 'J13': -21961.5, 'cluster3106249630_3106249631_J60_J61_#5more': -118181.5}, {'J10': 13, 'J11': 32, 'J12': 20, 'J13': 28, 'cluster3106249630_3106249631_J60_J61_#5more': 36}, {'J10': 15, 'J11': 48, 'J12': 82, 'J13': 41, 'cluster3106249630_3106249631_J60_J61_#5more': 57}, 
1235.0, {'J10': -5463.5, 'J11': -93915.0, 'J12': -57625.5, 'J13': -22371.5, 'cluster3106249630_3106249631_J60_J61_#5more': -118760.5}, {'J10': 13, 'J11': 32, 'J12': 20, 'J13': 28, 'cluster3106249630_3106249631_J60_J61_#5more': 36}, {'J10': 15, 'J11': 48, 'J12': 82, 'J13': 41, 'cluster3106249630_3106249631_J60_J61_#5more': 60}, 
1240.0, {'J10': -5613.5, 'J11': -94395.0, 'J12': -58445.5, 'J13': -22781.5, 'cluster3106249630_3106249631_J60_J61_#5more': -119360.5}, {'J10': 13, 'J11': 32, 'J12': 20, 'J13': 28, 'cluster3106249630_3106249631_J60_J61_#5more': 36}, {'J10': 15, 'J11': 48, 'J12': 82, 'J13': 41, 'cluster3106249630_3106249631_J60_J61_#5more': 60}, 
1245.0, {'J10': -5763.5, 'J11': -94875.0, 'J12': -59265.5, 'J13': -23191.5, 'cluster3106249630_3106249631_J60_J61_#5more': -119960.5}, {'J10': 13, 'J11': 32, 'J12': 20, 'J13': 28, 'cluster3106249630_3106249631_J60_J61_#5more': 36}, {'J10': 15, 'J11': 48, 'J12': 82, 'J13': 41, 'cluster3106249630_3106249631_J60_J61_#5more': 60}, 
1250.0, {'J10': -5916.0, 'J11': -95355.5, 'J12': -55759.0, 'J13': -23604.0, 'cluster3106249630_3106249631_J60_J61_#5more': -120560.5}, {'J10': 13, 'J11': 32, 'J12': 20, 'J13': 28, 'cluster3106249630_3106249631_J60_J61_#5more': 36}, {'J10': 16, 'J11': 49, 'J12': 74, 'J13': 43, 'cluster3106249630_3106249631_J60_J61_#5more': 60}, 
1255.0, {'J10': -6080.0, 'J11': -95845.5, 'J12': -56499.0, 'J13': -23508.0, 'cluster3106249630_3106249631_J60_J61_#5more': -121160.5}, {'J10': 13, 'J11': 32, 'J12': 20, 'J13': 28, 'cluster3106249630_3106249631_J60_J61_#5more': 36}, {'J10': 17, 'J11': 49, 'J12': 74, 'J13': 40, 'cluster3106249630_3106249631_J60_J61_#5more': 60}, 
1260.0, {'J10': -6250.0, 'J11': -96315.0, 'J12': -57247.0, 'J13': -23908.0, 'cluster3106249630_3106249631_J60_J61_#5more': -120486.0}, {'J10': 13, 'J11': 32, 'J12': 20, 'J13': 28, 'cluster3106249630_3106249631_J60_J61_#5more': 36}, {'J10': 17, 'J11': 48, 'J12': 78, 'J13': 40, 'cluster3106249630_3106249631_J60_J61_#5more': 59}, 
1265.0, {'J10': -6420.0, 'J11': -96798.0, 'J12': -58039.5, 'J13': -24308.5, 'cluster3106249630_3106249631_J60_J61_#5more': -121076.0}, {'J10': 13, 'J11': 32, 'J12': 20, 'J13': 28, 'cluster3106249630_3106249631_J60_J61_#5more': 36}, {'J10': 17, 'J11': 49, 'J12': 82, 'J13': 41, 'cluster3106249630_3106249631_J60_J61_#5more': 59}, 
1270.0, {'J10': -6597.0, 'J11': -97275.0, 'J12': -58861.0, 'J13': -24718.5, 'cluster3106249630_3106249631_J60_J61_#5more': -121515.5}, {'J10': 13, 'J11': 32, 'J12': 20, 'J13': 28, 'cluster3106249630_3106249631_J60_J61_#5more': 36}, {'J10': 19, 'J11': 48, 'J12': 83, 'J13': 41, 'cluster3106249630_3106249631_J60_J61_#5more': 58}, 
1275.0, {'J10': -6787.0, 'J11': -97755.0, 'J12': -59679.5, 'J13': -25133.0, 'cluster3106249630_3106249631_J60_J61_#5more': -122095.5}, {'J10': 13, 'J11': 32, 'J12': 20, 'J13': 28, 'cluster3106249630_3106249631_J60_J61_#5more': 36}, {'J10': 19, 'J11': 48, 'J12': 82, 'J13': 42, 'cluster3106249630_3106249631_J60_J61_#5more': 58}, 
1280.0, {'J10': -6780.0, 'J11': -98235.0, 'J12': -60499.5, 'J13': -25553.0, 'cluster3106249630_3106249631_J60_J61_#5more': -122586.0}, {'J10': 13, 'J11': 32, 'J12': 20, 'J13': 28, 'cluster3106249630_3106249631_J60_J61_#5more': 36}, {'J10': 18, 'J11': 48, 'J12': 82, 'J13': 42, 'cluster3106249630_3106249631_J60_J61_#5more': 58}, 
1285.0, {'J10': -6960.0, 'J11': -98715.0, 'J12': -61319.5, 'J13': -25973.0, 'cluster3106249630_3106249631_J60_J61_#5more': -123063.0}, {'J10': 13, 'J11': 32, 'J12': 20, 'J13': 28, 'cluster3106249630_3106249631_J60_J61_#5more': 36}, {'J10': 18, 'J11': 48, 'J12': 82, 'J13': 42, 'cluster3106249630_3106249631_J60_J61_#5more': 57}, 
1290.0, {'J10': -7120.5, 'J11': -99195.0, 'J12': -62139.5, 'J13': -26393.0, 'cluster3106249630_3106249631_J60_J61_#5more': -123633.0}, {'J10': 13, 'J11': 32, 'J12': 20, 'J13': 28, 'cluster3106249630_3106249631_J60_J61_#5more': 36}, {'J10': 18, 'J11': 48, 'J12': 82, 'J13': 42, 'cluster3106249630_3106249631_J60_J61_#5more': 57}, 
1295.0, {'J10': -7300.5, 'J11': -99675.0, 'J12': -62959.5, 'J13': -26813.0, 'cluster3106249630_3106249631_J60_J61_#5more': -124209.5}, {'J10': 13, 'J11': 32, 'J12': 20, 'J13': 28, 'cluster3106249630_3106249631_J60_J61_#5more': 36}, {'J10': 18, 'J11': 48, 'J12': 82, 'J13': 42, 'cluster3106249630_3106249631_J60_J61_#5more': 59}, 
1300.0, {'J10': -7480.5, 'J11': -100155.0, 'J12': -63779.5, 'J13': -27233.0, 'cluster3106249630_3106249631_J60_J61_#5more': -124799.5}, {'J10': 13, 'J11': 32, 'J12': 20, 'J13': 28, 'cluster3106249630_3106249631_J60_J61_#5more': 36}, {'J10': 18, 'J11': 48, 'J12': 82, 'J13': 42, 'cluster3106249630_3106249631_J60_J61_#5more': 59}, 
1305.0, {'J10': -7660.5, 'J11': -100635.0, 'J12': -64599.5, 'J13': -27653.0, 'cluster3106249630_3106249631_J60_J61_#5more': -125389.5}, {'J10': 13, 'J11': 32, 'J12': 20, 'J13': 28, 'cluster3106249630_3106249631_J60_J61_#5more': 36}, {'J10': 18, 'J11': 48, 'J12': 82, 'J13': 42, 'cluster3106249630_3106249631_J60_J61_#5more': 59}, 
1310.0, {'J10': -7840.5, 'J11': -101115.0, 'J12': -65419.5, 'J13': -28073.0, 'cluster3106249630_3106249631_J60_J61_#5more': -125979.5}, {'J10': 13, 'J11': 32, 'J12': 20, 'J13': 28, 'cluster3106249630_3106249631_J60_J61_#5more': 36}, {'J10': 18, 'J11': 48, 'J12': 82, 'J13': 42, 'cluster3106249630_3106249631_J60_J61_#5more': 59}, 
1315.0, {'J10': -8020.5, 'J11': -101598.0, 'J12': -64453.0, 'J13': -24624.0, 'cluster3106249630_3106249631_J60_J61_#5more': -126569.5}, {'J10': 13, 'J11': 32, 'J12': 20, 'J13': 25, 'cluster3106249630_3106249631_J60_J61_#5more': 36}, {'J10': 18, 'J11': 49, 'J12': 77, 'J13': 38, 'cluster3106249630_3106249631_J60_J61_#5more': 59}, 
1320.0, {'J10': -8200.5, 'J11': -102088.0, 'J12': -64849.0, 'J13': -24503.5, 'cluster3106249630_3106249631_J60_J61_#5more': -127159.5}, {'J10': 13, 'J11': 32, 'J12': 20, 'J13': 25, 'cluster3106249630_3106249631_J60_J61_#5more': 36}, {'J10': 18, 'J11': 49, 'J12': 76, 'J13': 37, 'cluster3106249630_3106249631_J60_J61_#5more': 59}, 
1325.0, {'J10': -8380.5, 'J11': -102580.5, 'J12': -65623.0, 'J13': -24873.5, 'cluster3106249630_3106249631_J60_J61_#5more': -127752.5}, {'J10': 13, 'J11': 32, 'J12': 20, 'J13': 25, 'cluster3106249630_3106249631_J60_J61_#5more': 36}, {'J10': 18, 'J11': 50, 'J12': 80, 'J13': 37, 'cluster3106249630_3106249631_J60_J61_#5more': 60}, 
1330.0, {'J10': -8560.5, 'J11': -103080.5, 'J12': -66436.0, 'J13': -25250.5, 'cluster3106249630_3106249631_J60_J61_#5more': -128339.5}, {'J10': 13, 'J11': 32, 'J12': 20, 'J13': 25, 'cluster3106249630_3106249631_J60_J61_#5more': 36}, {'J10': 18, 'J11': 50, 'J12': 84, 'J13': 39, 'cluster3106249630_3106249631_J60_J61_#5more': 59}, 
1335.0, {'J10': -8740.5, 'J11': -103515.0, 'J12': -66024.0, 'J13': -25647.0, 'cluster3106249630_3106249631_J60_J61_#5more': -128934.5}, {'J10': 13, 'J11': 32, 'J12': 20, 'J13': 27, 'cluster3106249630_3106249631_J60_J61_#5more': 36}, {'J10': 18, 'J11': 48, 'J12': 83, 'J13': 42, 'cluster3106249630_3106249631_J60_J61_#5more': 60}, 
1340.0, {'J10': -8920.5, 'J11': -103995.0, 'J12': -64396.0, 'J13': -26070.5, 'cluster3106249630_3106249631_J60_J61_#5more': -129535.0}, {'J10': 13, 'J11': 32, 'J12': 20, 'J13': 28, 'cluster3106249630_3106249631_J60_J61_#5more': 36}, {'J10': 18, 'J11': 48, 'J12': 79, 'J13': 43, 'cluster3106249630_3106249631_J60_J61_#5more': 61}, 
1345.0, {'J10': -8828.0, 'J11': -104475.0, 'J12': -63585.0, 'J13': -26500.5, 'cluster3106249630_3106249631_J60_J61_#5more': -130145.0}, {'J10': 13, 'J11': 32, 'J12': 20, 'J13': 28, 'cluster3106249630_3106249631_J60_J61_#5more': 36}, {'J10': 17, 'J11': 48, 'J12': 76, 'J13': 43, 'cluster3106249630_3106249631_J60_J61_#5more': 61}, 
1350.0, {'J10': -9002.5, 'J11': -104955.0, 'J12': -63208.0, 'J13': -26930.5, 'cluster3106249630_3106249631_J60_J61_#5more': -130755.0}, {'J10': 13, 'J11': 32, 'J12': 20, 'J13': 28, 'cluster3106249630_3106249631_J60_J61_#5more': 36}, {'J10': 19, 'J11': 48, 'J12': 73, 'J13': 43, 'cluster3106249630_3106249631_J60_J61_#5more': 61}, 
1355.0, {'J10': -9204.0, 'J11': -105435.0, 'J12': -62984.5, 'J13': -27360.5, 'cluster3106249630_3106249631_J60_J61_#5more': -131368.0}, {'J10': 13, 'J11': 32, 'J12': 20, 'J13': 28, 'cluster3106249630_3106249631_J60_J61_#5more': 36}, {'J10': 23, 'J11': 48, 'J12': 72, 'J13': 43, 'cluster3106249630_3106249631_J60_J61_#5more': 62}, 
1360.0, {'J10': -9434.0, 'J11': -105915.0, 'J12': -63155.5, 'J13': -27790.5, 'cluster3106249630_3106249631_J60_J61_#5more': -131988.0}, {'J10': 13, 'J11': 32, 'J12': 20, 'J13': 28, 'cluster3106249630_3106249631_J60_J61_#5more': 36}, {'J10': 23, 'J11': 48, 'J12': 73, 'J13': 43, 'cluster3106249630_3106249631_J60_J61_#5more': 62}, 
1365.0, {'J10': -9577.0, 'J11': -106395.0, 'J12': -62854.5, 'J13': -28220.5, 'cluster3106249630_3106249631_J60_J61_#5more': -132608.0}, {'J10': 13, 'J11': 32, 'J12': 20, 'J13': 28, 'cluster3106249630_3106249631_J60_J61_#5more': 36}, {'J10': 21, 'J11': 48, 'J12': 76, 'J13': 43, 'cluster3106249630_3106249631_J60_J61_#5more': 62}, 
1370.0, {'J10': -9723.0, 'J11': -106875.0, 'J12': -62849.0, 'J13': -28650.5, 'cluster3106249630_3106249631_J60_J61_#5more': -133232.5}, {'J10': 13, 'J11': 32, 'J12': 20, 'J13': 28, 'cluster3106249630_3106249631_J60_J61_#5more': 36}, {'J10': 19, 'J11': 48, 'J12': 81, 'J13': 43, 'cluster3106249630_3106249631_J60_J61_#5more': 64}, 
1375.0, {'J10': -9913.0, 'J11': -107355.0, 'J12': -62787.0, 'J13': -29080.5, 'cluster3106249630_3106249631_J60_J61_#5more': -133872.5}, {'J10': 13, 'J11': 32, 'J12': 20, 'J13': 28, 'cluster3106249630_3106249631_J60_J61_#5more': 36}, {'J10': 19, 'J11': 48, 'J12': 79, 'J13': 43, 'cluster3106249630_3106249631_J60_J61_#5more': 64}, 
1380.0, {'J10': -10103.0, 'J11': -107835.0, 'J12': -63233.0, 'J13': -25413.0, 'cluster3106249630_3106249631_J60_J61_#5more': -134512.5}, {'J10': 13, 'J11': 32, 'J12': 20, 'J13': 25, 'cluster3106249630_3106249631_J60_J61_#5more': 36}, {'J10': 19, 'J11': 48, 'J12': 76, 'J13': 38, 'cluster3106249630_3106249631_J60_J61_#5more': 64}, 
1385.0, {'J10': -10293.0, 'J11': -108315.0, 'J12': -63995.0, 'J13': -25793.0, 'cluster3106249630_3106249631_J60_J61_#5more': -135152.5}, {'J10': 13, 'J11': 32, 'J12': 20, 'J13': 25, 'cluster3106249630_3106249631_J60_J61_#5more': 36}, {'J10': 19, 'J11': 48, 'J12': 77, 'J13': 38, 'cluster3106249630_3106249631_J60_J61_#5more': 64}, 
1390.0, {'J10': -10483.0, 'J11': -108795.0, 'J12': -64759.0, 'J13': -26173.0, 'cluster3106249630_3106249631_J60_J61_#5more': -135795.0}, {'J10': 13, 'J11': 32, 'J12': 20, 'J13': 25, 'cluster3106249630_3106249631_J60_J61_#5more': 36}, {'J10': 19, 'J11': 48, 'J12': 78, 'J13': 38, 'cluster3106249630_3106249631_J60_J61_#5more': 65}, 
1395.0, {'J10': -10673.0, 'J11': -109275.0, 'J12': -64716.5, 'J13': -26556.0, 'cluster3106249630_3106249631_J60_J61_#5more': -136432.5}, {'J10': 13, 'J11': 32, 'J12': 20, 'J13': 25, 'cluster3106249630_3106249631_J60_J61_#5more': 36}, {'J10': 19, 'J11': 48, 'J12': 79, 'J13': 39, 'cluster3106249630_3106249631_J60_J61_#5more': 64}, 
1400.0, {'J10': -10863.0, 'J11': -109757.0, 'J12': -65514.0, 'J13': -26946.0, 'cluster3106249630_3106249631_J60_J61_#5more': -137072.5}, {'J10': 13, 'J11': 32, 'J12': 20, 'J13': 25, 'cluster3106249630_3106249631_J60_J61_#5more': 36}, {'J10': 19, 'J11': 49, 'J12': 81, 'J13': 39, 'cluster3106249630_3106249631_J60_J61_#5more': 64}, 
1405.0, {'J10': -11053.0, 'J11': -110235.0, 'J12': -66324.0, 'J13': -27345.5, 'cluster3106249630_3106249631_J60_J61_#5more': -137712.5}, {'J10': 13, 'J11': 32, 'J12': 20, 'J13': 27, 'cluster3106249630_3106249631_J60_J61_#5more': 36}, {'J10': 19, 'J11': 48, 'J12': 81, 'J13': 42, 'cluster3106249630_3106249631_J60_J61_#5more': 64}, 
1410.0, {'J10': -10828.0, 'J11': -110715.0, 'J12': -66312.5, 'J13': -27770.0, 'cluster3106249630_3106249631_J60_J61_#5more': -138352.5}, {'J10': 13, 'J11': 32, 'J12': 20, 'J13': 28, 'cluster3106249630_3106249631_J60_J61_#5more': 36}, {'J10': 17, 'J11': 48, 'J12': 80, 'J13': 43, 'cluster3106249630_3106249631_J60_J61_#5more': 64}, 
1415.0, {'J10': -11002.0, 'J11': -111195.0, 'J12': -67113.0, 'J13': -28200.0, 'cluster3106249630_3106249631_J60_J61_#5more': -138631.0}, {'J10': 13, 'J11': 32, 'J12': 20, 'J13': 28, 'cluster3106249630_3106249631_J60_J61_#5more': 36}, {'J10': 19, 'J11': 48, 'J12': 81, 'J13': 43, 'cluster3106249630_3106249631_J60_J61_#5more': 63}, 
1420.0, {'J10': -11200.0, 'J11': -111675.0, 'J12': -67923.0, 'J13': -28630.0, 'cluster3106249630_3106249631_J60_J61_#5more': -139261.0}, {'J10': 13, 'J11': 32, 'J12': 20, 'J13': 28, 'cluster3106249630_3106249631_J60_J61_#5more': 36}, {'J10': 22, 'J11': 48, 'J12': 81, 'J13': 43, 'cluster3106249630_3106249631_J60_J61_#5more': 63}, 
1425.0, {'J10': -11424.0, 'J11': -112155.0, 'J12': -67890.0, 'J13': -29060.0, 'cluster3106249630_3106249631_J60_J61_#5more': -139895.5}, {'J10': 13, 'J11': 32, 'J12': 20, 'J13': 28, 'cluster3106249630_3106249631_J60_J61_#5more': 36}, {'J10': 23, 'J11': 48, 'J12': 80, 'J13': 43, 'cluster3106249630_3106249631_J60_J61_#5more': 64}, 
1430.0, {'J10': -11595.0, 'J11': -112635.0, 'J12': -68692.5, 'J13': -29490.0, 'cluster3106249630_3106249631_J60_J61_#5more': -140535.5}, {'J10': 13, 'J11': 32, 'J12': 20, 'J13': 28, 'cluster3106249630_3106249631_J60_J61_#5more': 36}, {'J10': 22, 'J11': 48, 'J12': 81, 'J13': 43, 'cluster3106249630_3106249631_J60_J61_#5more': 64}, 
1435.0, {'J10': -11724.5, 'J11': -113115.0, 'J12': -69502.5, 'J13': -29920.0, 'cluster3106249630_3106249631_J60_J61_#5more': -141175.5}, {'J10': 13, 'J11': 32, 'J12': 20, 'J13': 28, 'cluster3106249630_3106249631_J60_J61_#5more': 36}, {'J10': 19, 'J11': 48, 'J12': 81, 'J13': 43, 'cluster3106249630_3106249631_J60_J61_#5more': 64}, 
1440.0, {'J10': -11889.5, 'J11': -113595.0, 'J12': -70312.5, 'J13': -30350.0, 'cluster3106249630_3106249631_J60_J61_#5more': -141815.5}, {'J10': 13, 'J11': 32, 'J12': 20, 'J13': 28, 'cluster3106249630_3106249631_J60_J61_#5more': 36}, {'J10': 18, 'J11': 48, 'J12': 81, 'J13': 43, 'cluster3106249630_3106249631_J60_J61_#5more': 64}, 
1445.0, {'J10': -12069.5, 'J11': -114075.0, 'J12': -66583.0, 'J13': -25575.0, 'cluster3106249630_3106249631_J60_J61_#5more': -142455.5}, {'J10': 13, 'J11': 32, 'J12': 20, 'J13': 24, 'cluster3106249630_3106249631_J60_J61_#5more': 36}, {'J10': 18, 'J11': 48, 'J12': 73, 'J13': 37, 'cluster3106249630_3106249631_J60_J61_#5more': 64}, 
1450.0, {'J10': -12249.5, 'J11': -114555.0, 'J12': -67058.5, 'J13': -25945.0, 'cluster3106249630_3106249631_J60_J61_#5more': -143095.5}, {'J10': 13, 'J11': 32, 'J12': 20, 'J13': 24, 'cluster3106249630_3106249631_J60_J61_#5more': 36}, {'J10': 18, 'J11': 48, 'J12': 72, 'J13': 37, 'cluster3106249630_3106249631_J60_J61_#5more': 64}, 
1455.0, {'J10': -12429.5, 'J11': -115038.0, 'J12': -67780.0, 'J13': -26315.0, 'cluster3106249630_3106249631_J60_J61_#5more': -143737.5}, {'J10': 13, 'J11': 32, 'J12': 20, 'J13': 24, 'cluster3106249630_3106249631_J60_J61_#5more': 36}, {'J10': 18, 'J11': 49, 'J12': 73, 'J13': 37, 'cluster3106249630_3106249631_J60_J61_#5more': 65}, 
1460.0, {'J10': -12609.5, 'J11': -115528.0, 'J12': -68532.0, 'J13': -26689.0, 'cluster3106249630_3106249631_J60_J61_#5more': -144375.5}, {'J10': 13, 'J11': 32, 'J12': 20, 'J13': 24, 'cluster3106249630_3106249631_J60_J61_#5more': 36}, {'J10': 18, 'J11': 49, 'J12': 78, 'J13': 38, 'cluster3106249630_3106249631_J60_J61_#5more': 64}, 
1465.0, {'J10': -12789.5, 'J11': -116018.0, 'J12': -69312.0, 'J13': -27069.0, 'cluster3106249630_3106249631_J60_J61_#5more': -145015.5}, {'J10': 13, 'J11': 32, 'J12': 20, 'J13': 24, 'cluster3106249630_3106249631_J60_J61_#5more': 36}, {'J10': 18, 'J11': 49, 'J12': 78, 'J13': 38, 'cluster3106249630_3106249631_J60_J61_#5more': 64}, 
1470.0, {'J10': -12969.5, 'J11': -116508.0, 'J12': -69662.5, 'J13': -27463.5, 'cluster3106249630_3106249631_J60_J61_#5more': -145655.5}, {'J10': 13, 'J11': 32, 'J12': 20, 'J13': 28, 'cluster3106249630_3106249631_J60_J61_#5more': 36}, {'J10': 18, 'J11': 49, 'J12': 79, 'J13': 42, 'cluster3106249630_3106249631_J60_J61_#5more': 64}, 
1475.0, {'J10': -12735.0, 'J11': -116998.0, 'J12': -70016.5, 'J13': -27883.5, 'cluster3106249630_3106249631_J60_J61_#5more': -146295.5}, {'J10': 13, 'J11': 32, 'J12': 20, 'J13': 28, 'cluster3106249630_3106249631_J60_J61_#5more': 36}, {'J10': 17, 'J11': 49, 'J12': 77, 'J13': 42, 'cluster3106249630_3106249631_J60_J61_#5more': 64}, 
1480.0, {'J10': -12905.5, 'J11': -117435.0, 'J12': -70585.0, 'J13': -28303.5, 'cluster3106249630_3106249631_J60_J61_#5more': -146935.5}, {'J10': 13, 'J11': 32, 'J12': 20, 'J13': 28, 'cluster3106249630_3106249631_J60_J61_#5more': 36}, {'J10': 18, 'J11': 48, 'J12': 77, 'J13': 42, 'cluster3106249630_3106249631_J60_J61_#5more': 64}, 
1485.0, {'J10': -13087.5, 'J11': -117915.0, 'J12': -70404.5, 'J13': -28723.5, 'cluster3106249630_3106249631_J60_J61_#5more': -147575.5}, {'J10': 13, 'J11': 32, 'J12': 20, 'J13': 28, 'cluster3106249630_3106249631_J60_J61_#5more': 36}, {'J10': 19, 'J11': 48, 'J12': 74, 'J13': 42, 'cluster3106249630_3106249631_J60_J61_#5more': 64}, 
1490.0, {'J10': -13277.5, 'J11': -118395.0, 'J12': -71126.5, 'J13': -29143.5, 'cluster3106249630_3106249631_J60_J61_#5more': -148215.5}, {'J10': 13, 'J11': 32, 'J12': 20, 'J13': 28, 'cluster3106249630_3106249631_J60_J61_#5more': 36}, {'J10': 19, 'J11': 48, 'J12': 74, 'J13': 42, 'cluster3106249630_3106249631_J60_J61_#5more': 64}, 
1495.0, {'J10': -13467.5, 'J11': -118876.0, 'J12': -71876.0, 'J13': -29563.5, 'cluster3106249630_3106249631_J60_J61_#5more': -148855.5}, {'J10': 13, 'J11': 32, 'J12': 20, 'J13': 28, 'cluster3106249630_3106249631_J60_J61_#5more': 36}, {'J10': 19, 'J11': 49, 'J12': 77, 'J13': 42, 'cluster3106249630_3106249631_J60_J61_#5more': 64}, 
1500.0, {'J10': -13657.5, 'J11': -119355.0, 'J12': -71664.0, 'J13': -29983.5, 'cluster3106249630_3106249631_J60_J61_#5more': -149497.5}, {'J10': 13, 'J11': 32, 'J12': 20, 'J13': 28, 'cluster3106249630_3106249631_J60_J61_#5more': 36}, {'J10': 19, 'J11': 48, 'J12': 78, 'J13': 42, 'cluster3106249630_3106249631_J60_J61_#5more': 65}, 
1505.0, {'J10': -13847.5, 'J11': -119835.0, 'J12': -71567.5, 'J13': -30403.5, 'cluster3106249630_3106249631_J60_J61_#5more': -150147.5}, {'J10': 13, 'J11': 32, 'J12': 20, 'J13': 28, 'cluster3106249630_3106249631_J60_J61_#5more': 36}, {'J10': 19, 'J11': 48, 'J12': 78, 'J13': 42, 'cluster3106249630_3106249631_J60_J61_#5more': 65}, 
1510.0, {'J10': -14037.5, 'J11': -120315.0, 'J12': -72347.5, 'J13': -25839.0, 'cluster3106249630_3106249631_J60_J61_#5more': -150332.5}, {'J10': 13, 'J11': 32, 'J12': 20, 'J13': 24, 'cluster3106249630_3106249631_J60_J61_#5more': 36}, {'J10': 19, 'J11': 48, 'J12': 78, 'J13': 37, 'cluster3106249630_3106249631_J60_J61_#5more': 64}, 
1515.0, {'J10': -14227.5, 'J11': -120795.0, 'J12': -72835.0, 'J13': -26209.0, 'cluster3106249630_3106249631_J60_J61_#5more': -150975.5}, {'J10': 13, 'J11': 32, 'J12': 20, 'J13': 24, 'cluster3106249630_3106249631_J60_J61_#5more': 36}, {'J10': 19, 'J11': 48, 'J12': 77, 'J13': 37, 'cluster3106249630_3106249631_J60_J61_#5more': 65}, 
1520.0, {'J10': -14417.5, 'J11': -121275.0, 'J12': -73300.0, 'J13': -26579.0, 'cluster3106249630_3106249631_J60_J61_#5more': -151628.0}, {'J10': 13, 'J11': 32, 'J12': 20, 'J13': 24, 'cluster3106249630_3106249631_J60_J61_#5more': 36}, {'J10': 19, 'J11': 48, 'J12': 76, 'J13': 37, 'cluster3106249630_3106249631_J60_J61_#5more': 66}, 
1525.0, {'J10': -14607.5, 'J11': -121755.0, 'J12': -73948.0, 'J13': -26952.0, 'cluster3106249630_3106249631_J60_J61_#5more': -152288.5}, {'J10': 13, 'J11': 32, 'J12': 20, 'J13': 24, 'cluster3106249630_3106249631_J60_J61_#5more': 36}, {'J10': 19, 'J11': 48, 'J12': 75, 'J13': 38, 'cluster3106249630_3106249631_J60_J61_#5more': 67}, 
1530.0, {'J10': -14797.5, 'J11': -122237.5, 'J12': -74614.5, 'J13': -27332.0, 'cluster3106249630_3106249631_J60_J61_#5more': -152963.5}, {'J10': 13, 'J11': 32, 'J12': 20, 'J13': 24, 'cluster3106249630_3106249631_J60_J61_#5more': 36}, {'J10': 19, 'J11': 49, 'J12': 74, 'J13': 38, 'cluster3106249630_3106249631_J60_J61_#5more': 68}, 
1535.0, {'J10': -14987.5, 'J11': -122730.0, 'J12': -74456.0, 'J13': -27723.0, 'cluster3106249630_3106249631_J60_J61_#5more': -152677.0}, {'J10': 13, 'J11': 32, 'J12': 20, 'J13': 27, 'cluster3106249630_3106249631_J60_J61_#5more': 36}, {'J10': 19, 'J11': 50, 'J12': 73, 'J13': 41, 'cluster3106249630_3106249631_J60_J61_#5more': 66}, 
1540.0, {'J10': -15057.0, 'J11': -123195.0, 'J12': -75191.0, 'J13': -28136.5, 'cluster3106249630_3106249631_J60_J61_#5more': -153107.0}, {'J10': 13, 'J11': 32, 'J12': 20, 'J13': 28, 'cluster3106249630_3106249631_J60_J61_#5more': 36}, {'J10': 18, 'J11': 48, 'J12': 74, 'J13': 42, 'cluster3106249630_3106249631_J60_J61_#5more': 66}, 
1545.0, {'J10': -15237.0, 'J11': -123675.0, 'J12': -75942.0, 'J13': -28556.5, 'cluster3106249630_3106249631_J60_J61_#5more': -153756.5}, {'J10': 13, 'J11': 32, 'J12': 20, 'J13': 28, 'cluster3106249630_3106249631_J60_J61_#5more': 36}, {'J10': 18, 'J11': 48, 'J12': 77, 'J13': 42, 'cluster3106249630_3106249631_J60_J61_#5more': 66}, 
1550.0, {'J10': -15417.0, 'J11': -124155.0, 'J12': -76720.0, 'J13': -28976.5, 'cluster3106249630_3106249631_J60_J61_#5more': -154354.5}, {'J10': 13, 'J11': 32, 'J12': 20, 'J13': 28, 'cluster3106249630_3106249631_J60_J61_#5more': 36}, {'J10': 18, 'J11': 48, 'J12': 80, 'J13': 42, 'cluster3106249630_3106249631_J60_J61_#5more': 67}, 
1555.0, {'J10': -15597.0, 'J11': -124635.0, 'J12': -76503.0, 'J13': -29396.5, 'cluster3106249630_3106249631_J60_J61_#5more': -155032.5}, {'J10': 13, 'J11': 32, 'J12': 20, 'J13': 28, 'cluster3106249630_3106249631_J60_J61_#5more': 36}, {'J10': 18, 'J11': 48, 'J12': 77, 'J13': 42, 'cluster3106249630_3106249631_J60_J61_#5more': 70}, 
1560.0, {'J10': -15777.0, 'J11': -125115.5, 'J12': -76309.5, 'J13': -29816.5, 'cluster3106249630_3106249631_J60_J61_#5more': -155732.5}, {'J10': 13, 'J11': 32, 'J12': 20, 'J13': 28, 'cluster3106249630_3106249631_J60_J61_#5more': 36}, {'J10': 18, 'J11': 49, 'J12': 75, 'J13': 42, 'cluster3106249630_3106249631_J60_J61_#5more': 70}, 
1565.0, {'J10': -15957.0, 'J11': -125608.0, 'J12': -76298.0, 'J13': -30236.5, 'cluster3106249630_3106249631_J60_J61_#5more': -156434.0}, {'J10': 13, 'J11': 32, 'J12': 20, 'J13': 28, 'cluster3106249630_3106249631_J60_J61_#5more': 36}, {'J10': 18, 'J11': 50, 'J12': 72, 'J13': 42, 'cluster3106249630_3106249631_J60_J61_#5more': 71}, 
1570.0, {'J10': -16137.0, 'J11': -126087.5, 'J12': -76954.0, 'J13': -30656.5, 'cluster3106249630_3106249631_J60_J61_#5more': -157149.0}, {'J10': 13, 'J11': 32, 'J12': 20, 'J13': 28, 'cluster3106249630_3106249631_J60_J61_#5more': 36}, {'J10': 18, 'J11': 49, 'J12': 72, 'J13': 42, 'cluster3106249630_3106249631_J60_J61_#5more': 73}, 
1575.0, {'J10': -16317.0, 'J11': -126555.0, 'J12': -76042.0, 'J13': -25973.5, 'cluster3106249630_3106249631_J60_J61_#5more': -157792.5}, {'J10': 13, 'J11': 32, 'J12': 20, 'J13': 24, 'cluster3106249630_3106249631_J60_J61_#5more': 36}, {'J10': 18, 'J11': 48, 'J12': 68, 'J13': 37, 'cluster3106249630_3106249631_J60_J61_#5more': 70}, 
1580.0, {'J10': -16497.0, 'J11': -127035.0, 'J12': -75428.5, 'J13': -26343.5, 'cluster3106249630_3106249631_J60_J61_#5more': -158472.0}, {'J10': 13, 'J11': 32, 'J12': 20, 'J13': 24, 'cluster3106249630_3106249631_J60_J61_#5more': 36}, {'J10': 18, 'J11': 48, 'J12': 66, 'J13': 37, 'cluster3106249630_3106249631_J60_J61_#5more': 70}, 
1585.0, {'J10': -16677.0, 'J11': -127515.0, 'J12': -76097.0, 'J13': -26713.5, 'cluster3106249630_3106249631_J60_J61_#5more': -157259.5}, {'J10': 13, 'J11': 32, 'J12': 20, 'J13': 24, 'cluster3106249630_3106249631_J60_J61_#5more': 36}, {'J10': 18, 'J11': 48, 'J12': 68, 'J13': 37, 'cluster3106249630_3106249631_J60_J61_#5more': 71}, 
1590.0, {'J10': -16857.0, 'J11': -127995.0, 'J12': -76402.5, 'J13': -27087.0, 'cluster3106249630_3106249631_J60_J61_#5more': -157971.0}, {'J10': 13, 'J11': 32, 'J12': 20, 'J13': 24, 'cluster3106249630_3106249631_J60_J61_#5more': 36}, {'J10': 18, 'J11': 48, 'J12': 68, 'J13': 38, 'cluster3106249630_3106249631_J60_J61_#5more': 73}, 
1595.0, {'J10': -17037.0, 'J11': -128475.0, 'J12': -76889.0, 'J13': -27467.0, 'cluster3106249630_3106249631_J60_J61_#5more': -158612.0}, {'J10': 13, 'J11': 32, 'J12': 20, 'J13': 24, 'cluster3106249630_3106249631_J60_J61_#5more': 36}, {'J10': 18, 'J11': 48, 'J12': 68, 'J13': 38, 'cluster3106249630_3106249631_J60_J61_#5more': 74}, 
1600.0, {'J10': -17217.0, 'J11': -128955.0, 'J12': -77438.5, 'J13': -27855.5, 'cluster3106249630_3106249631_J60_J61_#5more': -159163.5}, {'J10': 13, 'J11': 32, 'J12': 20, 'J13': 27, 'cluster3106249630_3106249631_J60_J61_#5more': 36}, {'J10': 18, 'J11': 48, 'J12': 67, 'J13': 41, 'cluster3106249630_3106249631_J60_J61_#5more': 69}, 
1605.0, {'J10': -17397.0, 'J11': -129435.0, 'J12': -78109.0, 'J13': -28268.5, 'cluster3106249630_3106249631_J60_J61_#5more': -159833.0}, {'J10': 13, 'J11': 32, 'J12': 20, 'J13': 28, 'cluster3106249630_3106249631_J60_J61_#5more': 36}, {'J10': 18, 'J11': 48, 'J12': 68, 'J13': 42, 'cluster3106249630_3106249631_J60_J61_#5more': 68}, 
1610.0, {'J10': -17577.0, 'J11': -129919.0, 'J12': -78796.5, 'J13': -28688.5, 'cluster3106249630_3106249631_J60_J61_#5more': -160514.5}, {'J10': 13, 'J11': 32, 'J12': 20, 'J13': 28, 'cluster3106249630_3106249631_J60_J61_#5more': 36}, {'J10': 18, 'J11': 50, 'J12': 72, 'J13': 42, 'cluster3106249630_3106249631_J60_J61_#5more': 69}, 
1615.0, {'J10': -17757.0, 'J11': -130395.0, 'J12': -79512.0, 'J13': -29108.5, 'cluster3106249630_3106249631_J60_J61_#5more': -161209.5}, {'J10': 13, 'J11': 32, 'J12': 20, 'J13': 28, 'cluster3106249630_3106249631_J60_J61_#5more': 36}, {'J10': 18, 'J11': 48, 'J12': 74, 'J13': 42, 'cluster3106249630_3106249631_J60_J61_#5more': 70}, 
1620.0, {'J10': -17937.0, 'J11': -130883.5, 'J12': -80252.0, 'J13': -29528.5, 'cluster3106249630_3106249631_J60_J61_#5more': -161909.5}, {'J10': 13, 'J11': 32, 'J12': 20, 'J13': 28, 'cluster3106249630_3106249631_J60_J61_#5more': 36}, {'J10': 18, 'J11': 51, 'J12': 74, 'J13': 42, 'cluster3106249630_3106249631_J60_J61_#5more': 70}, 
1625.0, {'J10': -18118.0, 'J11': -131399.0, 'J12': -80992.0, 'J13': -29948.5, 'cluster3106249630_3106249631_J60_J61_#5more': -162609.5}, {'J10': 13, 'J11': 32, 'J12': 20, 'J13': 28, 'cluster3106249630_3106249631_J60_J61_#5more': 36}, {'J10': 19, 'J11': 54, 'J12': 74, 'J13': 42, 'cluster3106249630_3106249631_J60_J61_#5more': 70}, 
1630.0, {'J10': -18308.0, 'J11': -131920.0, 'J12': -81732.0, 'J13': -30371.0, 'cluster3106249630_3106249631_J60_J61_#5more': -163309.5}, {'J10': 13, 'J11': 32, 'J12': 20, 'J13': 28, 'cluster3106249630_3106249631_J60_J61_#5more': 36}, {'J10': 19, 'J11': 54, 'J12': 74, 'J13': 43, 'cluster3106249630_3106249631_J60_J61_#5more': 70}, 
1635.0, {'J10': -18498.0, 'J11': -132440.5, 'J12': -77931.5, 'J13': -30801.0, 'cluster3106249630_3106249631_J60_J61_#5more': -164009.5}, {'J10': 13, 'J11': 32, 'J12': 20, 'J13': 28, 'cluster3106249630_3106249631_J60_J61_#5more': 36}, {'J10': 19, 'J11': 54, 'J12': 70, 'J13': 43, 'cluster3106249630_3106249631_J60_J61_#5more': 70}, 
1640.0, {'J10': -18688.0, 'J11': -132863.0, 'J12': -78260.0, 'J13': -27208.5, 'cluster3106249630_3106249631_J60_J61_#5more': -164709.5}, {'J10': 13, 'J11': 32, 'J12': 20, 'J13': 25, 'cluster3106249630_3106249631_J60_J61_#5more': 36}, {'J10': 19, 'J11': 51, 'J12': 69, 'J13': 38, 'cluster3106249630_3106249631_J60_J61_#5more': 70}, 
1645.0, {'J10': -18878.0, 'J11': -133297.0, 'J12': -78930.5, 'J13': -25952.5, 'cluster3106249630_3106249631_J60_J61_#5more': -165278.5}, {'J10': 13, 'J11': 32, 'J12': 20, 'J13': 24, 'cluster3106249630_3106249631_J60_J61_#5more': 36}, {'J10': 19, 'J11': 49, 'J12': 70, 'J13': 36, 'cluster3106249630_3106249631_J60_J61_#5more': 69}, 
1650.0, {'J10': -19068.0, 'J11': -133755.0, 'J12': -79651.5, 'J13': -26312.5, 'cluster3106249630_3106249631_J60_J61_#5more': -164047.0}, {'J10': 13, 'J11': 32, 'J12': 20, 'J13': 24, 'cluster3106249630_3106249631_J60_J61_#5more': 36}, {'J10': 19, 'J11': 48, 'J12': 75, 'J13': 36, 'cluster3106249630_3106249631_J60_J61_#5more': 67}, 
1655.0, {'J10': -19258.0, 'J11': -134235.0, 'J12': -80381.0, 'J13': -26675.5, 'cluster3106249630_3106249631_J60_J61_#5more': -164719.0}, {'J10': 13, 'J11': 32, 'J12': 20, 'J13': 24, 'cluster3106249630_3106249631_J60_J61_#5more': 36}, {'J10': 19, 'J11': 48, 'J12': 74, 'J13': 38, 'cluster3106249630_3106249631_J60_J61_#5more': 68}, 
1660.0, {'J10': -19448.0, 'J11': -134717.0, 'J12': -81121.0, 'J13': -27055.5, 'cluster3106249630_3106249631_J60_J61_#5more': -165307.5}, {'J10': 13, 'J11': 32, 'J12': 20, 'J13': 24, 'cluster3106249630_3106249631_J60_J61_#5more': 36}, {'J10': 19, 'J11': 50, 'J12': 74, 'J13': 38, 'cluster3106249630_3106249631_J60_J61_#5more': 68}, 
1665.0, {'J10': -19638.0, 'J11': -135195.0, 'J12': -81861.0, 'J13': -27445.5, 'cluster3106249630_3106249631_J60_J61_#5more': -165993.5}, {'J10': 13, 'J11': 32, 'J12': 20, 'J13': 27, 'cluster3106249630_3106249631_J60_J61_#5more': 36}, {'J10': 19, 'J11': 48, 'J12': 74, 'J13': 41, 'cluster3106249630_3106249631_J60_J61_#5more': 71}, 
1670.0, {'J10': -19737.5, 'J11': -135675.0, 'J12': -82601.0, 'J13': -27859.0, 'cluster3106249630_3106249631_J60_J61_#5more': -166715.0}, {'J10': 13, 'J11': 32, 'J12': 20, 'J13': 28, 'cluster3106249630_3106249631_J60_J61_#5more': 36}, {'J10': 19, 'J11': 48, 'J12': 74, 'J13': 42, 'cluster3106249630_3106249631_J60_J61_#5more': 74}, 
1675.0, {'J10': -19917.0, 'J11': -136155.0, 'J12': -83341.0, 'J13': -28279.0, 'cluster3106249630_3106249631_J60_J61_#5more': -167434.5}, {'J10': 13, 'J11': 32, 'J12': 20, 'J13': 28, 'cluster3106249630_3106249631_J60_J61_#5more': 36}, {'J10': 18, 'J11': 48, 'J12': 74, 'J13': 42, 'cluster3106249630_3106249631_J60_J61_#5more': 74}, 
1680.0, {'J10': -20097.0, 'J11': -136635.0, 'J12': -84081.0, 'J13': -28699.0, 'cluster3106249630_3106249631_J60_J61_#5more': -168179.0}, {'J10': 13, 'J11': 32, 'J12': 20, 'J13': 28, 'cluster3106249630_3106249631_J60_J61_#5more': 36}, {'J10': 18, 'J11': 48, 'J12': 74, 'J13': 42, 'cluster3106249630_3106249631_J60_J61_#5more': 75}, 
1685.0, {'J10': -20277.0, 'J11': -137115.0, 'J12': -84822.5, 'J13': -29122.5, 'cluster3106249630_3106249631_J60_J61_#5more': -168936.5}, {'J10': 13, 'J11': 32, 'J12': 20, 'J13': 28, 'cluster3106249630_3106249631_J60_J61_#5more': 36}, {'J10': 18, 'J11': 48, 'J12': 75, 'J13': 43, 'cluster3106249630_3106249631_J60_J61_#5more': 78}, 
1690.0, {'J10': -20457.0, 'J11': -137595.0, 'J12': -85572.5, 'J13': -29552.5, 'cluster3106249630_3106249631_J60_J61_#5more': -169577.0}, {'J10': 13, 'J11': 32, 'J12': 20, 'J13': 28, 'cluster3106249630_3106249631_J60_J61_#5more': 36}, {'J10': 18, 'J11': 48, 'J12': 75, 'J13': 43, 'cluster3106249630_3106249631_J60_J61_#5more': 78}, 
1695.0, {'J10': -20637.0, 'J11': -138075.0, 'J12': -86326.0, 'J13': -29982.5, 'cluster3106249630_3106249631_J60_J61_#5more': -170161.5}, {'J10': 13, 'J11': 32, 'J12': 20, 'J13': 28, 'cluster3106249630_3106249631_J60_J61_#5more': 36}, {'J10': 18, 'J11': 48, 'J12': 76, 'J13': 43, 'cluster3106249630_3106249631_J60_J61_#5more': 73}, 
1700.0, {'J10': -20817.0, 'J11': -138555.0, 'J12': -82736.0, 'J13': -30412.5, 'cluster3106249630_3106249631_J60_J61_#5more': -170763.5}, {'J10': 13, 'J11': 32, 'J12': 20, 'J13': 28, 'cluster3106249630_3106249631_J60_J61_#5more': 36}, {'J10': 18, 'J11': 48, 'J12': 72, 'J13': 43, 'cluster3106249630_3106249631_J60_J61_#5more': 70}, 
1705.0, {'J10': -20997.0, 'J11': -139035.0, 'J12': -82609.0, 'J13': -26814.5, 'cluster3106249630_3106249631_J60_J61_#5more': -171383.0}, {'J10': 13, 'J11': 32, 'J12': 20, 'J13': 25, 'cluster3106249630_3106249631_J60_J61_#5more': 36}, {'J10': 18, 'J11': 48, 'J12': 71, 'J13': 38, 'cluster3106249630_3106249631_J60_J61_#5more': 69}, 
1710.0, {'J10': -21177.0, 'J11': -139515.0, 'J12': -83299.5, 'J13': -25556.5, 'cluster3106249630_3106249631_J60_J61_#5more': -172074.5}, {'J10': 13, 'J11': 32, 'J12': 20, 'J13': 24, 'cluster3106249630_3106249631_J60_J61_#5more': 36}, {'J10': 18, 'J11': 48, 'J12': 72, 'J13': 36, 'cluster3106249630_3106249631_J60_J61_#5more': 70}, 
1715.0, {'J10': -21357.0, 'J11': -139996.5, 'J12': -83319.0, 'J13': -25916.5, 'cluster3106249630_3106249631_J60_J61_#5more': -170992.5}, {'J10': 13, 'J11': 32, 'J12': 20, 'J13': 24, 'cluster3106249630_3106249631_J60_J61_#5more': 36}, {'J10': 18, 'J11': 50, 'J12': 73, 'J13': 36, 'cluster3106249630_3106249631_J60_J61_#5more': 70}, 
1720.0, {'J10': -21542.0, 'J11': -140476.0, 'J12': -83318.5, 'J13': -26281.5, 'cluster3106249630_3106249631_J60_J61_#5more': -171694.5}, {'J10': 13, 'J11': 32, 'J12': 20, 'J13': 24, 'cluster3106249630_3106249631_J60_J61_#5more': 36}, {'J10': 19, 'J11': 49, 'J12': 72, 'J13': 39, 'cluster3106249630_3106249631_J60_J61_#5more': 71}, 
1725.0, {'J10': -21732.0, 'J11': -140966.0, 'J12': -84040.0, 'J13': -26671.5, 'cluster3106249630_3106249631_J60_J61_#5more': -172407.0}, {'J10': 13, 'J11': 32, 'J12': 20, 'J13': 24, 'cluster3106249630_3106249631_J60_J61_#5more': 36}, {'J10': 19, 'J11': 49, 'J12': 73, 'J13': 39, 'cluster3106249630_3106249631_J60_J61_#5more': 72}, 
1730.0, {'J10': -21922.0, 'J11': -141435.0, 'J12': -84770.0, 'J13': -27075.5, 'cluster3106249630_3106249631_J60_J61_#5more': -172885.5}, {'J10': 13, 'J11': 32, 'J12': 20, 'J13': 28, 'cluster3106249630_3106249631_J60_J61_#5more': 36}, {'J10': 19, 'J11': 48, 'J12': 73, 'J13': 43, 'cluster3106249630_3106249631_J60_J61_#5more': 68}, 
1735.0, {'J10': -22077.5, 'J11': -141915.0, 'J12': -85478.5, 'J13': -27505.5, 'cluster3106249630_3106249631_J60_J61_#5more': -173565.5}, {'J10': 13, 'J11': 32, 'J12': 20, 'J13': 28, 'cluster3106249630_3106249631_J60_J61_#5more': 36}, {'J10': 19, 'J11': 48, 'J12': 72, 'J13': 43, 'cluster3106249630_3106249631_J60_J61_#5more': 68}, 
1740.0, {'J10': -22257.0, 'J11': -142395.0, 'J12': -86198.5, 'J13': -27935.5, 'cluster3106249630_3106249631_J60_J61_#5more': -174248.0}, {'J10': 13, 'J11': 32, 'J12': 20, 'J13': 28, 'cluster3106249630_3106249631_J60_J61_#5more': 36}, {'J10': 18, 'J11': 48, 'J12': 72, 'J13': 43, 'cluster3106249630_3106249631_J60_J61_#5more': 70}, 
1745.0, {'J10': -22437.0, 'J11': -142875.0, 'J12': -86922.5, 'J13': -28365.5, 'cluster3106249630_3106249631_J60_J61_#5more': -174948.0}, {'J10': 13, 'J11': 32, 'J12': 20, 'J13': 28, 'cluster3106249630_3106249631_J60_J61_#5more': 36}, {'J10': 18, 'J11': 48, 'J12': 73, 'J13': 43, 'cluster3106249630_3106249631_J60_J61_#5more': 70}, 
1750.0, {'J10': -22617.0, 'J11': -143355.0, 'J12': -87652.5, 'J13': -28795.5, 'cluster3106249630_3106249631_J60_J61_#5more': -175648.0}, {'J10': 13, 'J11': 32, 'J12': 20, 'J13': 28, 'cluster3106249630_3106249631_J60_J61_#5more': 36}, {'J10': 18, 'J11': 48, 'J12': 73, 'J13': 43, 'cluster3106249630_3106249631_J60_J61_#5more': 70}, 
1755.0, {'J10': -22797.0, 'J11': -143835.0, 'J12': -88382.5, 'J13': -29225.5, 'cluster3106249630_3106249631_J60_J61_#5more': -176175.5}, {'J10': 13, 'J11': 32, 'J12': 20, 'J13': 28, 'cluster3106249630_3106249631_J60_J61_#5more': 36}, {'J10': 18, 'J11': 48, 'J12': 73, 'J13': 43, 'cluster3106249630_3106249631_J60_J61_#5more': 68}, 
1760.0, {'J10': -22977.0, 'J11': -144315.0, 'J12': -89112.5, 'J13': -29655.5, 'cluster3106249630_3106249631_J60_J61_#5more': -176855.5}, {'J10': 13, 'J11': 32, 'J12': 20, 'J13': 28, 'cluster3106249630_3106249631_J60_J61_#5more': 36}, {'J10': 18, 'J11': 48, 'J12': 73, 'J13': 43, 'cluster3106249630_3106249631_J60_J61_#5more': 68}, 
1765.0, {'J10': -23157.0, 'J11': -144795.0, 'J12': -87155.5, 'J13': -30085.5, 'cluster3106249630_3106249631_J60_J61_#5more': -177545.5}, {'J10': 13, 'J11': 32, 'J12': 20, 'J13': 28, 'cluster3106249630_3106249631_J60_J61_#5more': 36}, {'J10': 18, 'J11': 48, 'J12': 69, 'J13': 43, 'cluster3106249630_3106249631_J60_J61_#5more': 71}, 
1770.0, {'J10': -23337.0, 'J11': -145275.0, 'J12': -87097.0, 'J13': -26180.0, 'cluster3106249630_3106249631_J60_J61_#5more': -178255.5}, {'J10': 13, 'J11': 32, 'J12': 20, 'J13': 25, 'cluster3106249630_3106249631_J60_J61_#5more': 36}, {'J10': 18, 'J11': 48, 'J12': 67, 'J13': 37, 'cluster3106249630_3106249631_J60_J61_#5more': 71}, 
1775.0, {'J10': -23519.5, 'J11': -145755.0, 'J12': -87772.0, 'J13': -25669.5, 'cluster3106249630_3106249631_J60_J61_#5more': -178893.5}, {'J10': 13, 'J11': 32, 'J12': 20, 'J13': 24, 'cluster3106249630_3106249631_J60_J61_#5more': 36}, {'J10': 19, 'J11': 48, 'J12': 70, 'J13': 36, 'cluster3106249630_3106249631_J60_J61_#5more': 70}, 
1780.0, {'J10': -23709.5, 'J11': -146235.0, 'J12': -88480.5, 'J13': -26029.5, 'cluster3106249630_3106249631_J60_J61_#5more': -177724.0}, {'J10': 13, 'J11': 32, 'J12': 20, 'J13': 24, 'cluster3106249630_3106249631_J60_J61_#5more': 36}, {'J10': 19, 'J11': 48, 'J12': 72, 'J13': 36, 'cluster3106249630_3106249631_J60_J61_#5more': 68}, 
1785.0, {'J10': -23902.5, 'J11': -146715.0, 'J12': -88348.0, 'J13': -26393.0, 'cluster3106249630_3106249631_J60_J61_#5more': -178362.0}, {'J10': 13, 'J11': 32, 'J12': 20, 'J13': 24, 'cluster3106249630_3106249631_J60_J61_#5more': 36}, {'J10': 20, 'J11': 48, 'J12': 72, 'J13': 38, 'cluster3106249630_3106249631_J60_J61_#5more': 68}, 
1790.0, {'J10': -24102.5, 'J11': -147195.0, 'J12': -88974.0, 'J13': -26773.5, 'cluster3106249630_3106249631_J60_J61_#5more': -178978.5}, {'J10': 13, 'J11': 32, 'J12': 20, 'J13': 25, 'cluster3106249630_3106249631_J60_J61_#5more': 36}, {'J10': 20, 'J11': 48, 'J12': 71, 'J13': 39, 'cluster3106249630_3106249631_J60_J61_#5more': 66}, 
1795.0, {'J10': -24302.5, 'J11': -147675.0, 'J12': -89684.0, 'J13': -27173.5, 'cluster3106249630_3106249631_J60_J61_#5more': -179638.5}, {'J10': 13, 'J11': 32, 'J12': 20, 'J13': 28, 'cluster3106249630_3106249631_J60_J61_#5more': 36}, {'J10': 20, 'J11': 48, 'J12': 71, 'J13': 42, 'cluster3106249630_3106249631_J60_J61_#5more': 66}, 
1800.0, {'J10': -24452.5, 'J11': -148155.0, 'J12': -89623.5, 'J13': -27593.5, 'cluster3106249630_3106249631_J60_J61_#5more': -180306.0}, {'J10': 13, 'J11': 32, 'J12': 20, 'J13': 28, 'cluster3106249630_3106249631_J60_J61_#5more': 36}, {'J10': 20, 'J11': 48, 'J12': 70, 'J13': 42, 'cluster3106249630_3106249631_J60_J61_#5more': 69}, 
1805.0, {'J10': -24597.0, 'J11': -148635.0, 'J12': -89929.0, 'J13': -28013.5, 'cluster3106249630_3106249631_J60_J61_#5more': -181001.0}, {'J10': 13, 'J11': 32, 'J12': 20, 'J13': 28, 'cluster3106249630_3106249631_J60_J61_#5more': 36}, {'J10': 18, 'J11': 48, 'J12': 69, 'J13': 42, 'cluster3106249630_3106249631_J60_J61_#5more': 70}, 
1810.0, {'J10': -24777.0, 'J11': -149115.0, 'J12': -90220.5, 'J13': -28436.5, 'cluster3106249630_3106249631_J60_J61_#5more': -181654.5}, {'J10': 13, 'J11': 32, 'J12': 20, 'J13': 28, 'cluster3106249630_3106249631_J60_J61_#5more': 36}, {'J10': 18, 'J11': 48, 'J12': 69, 'J13': 43, 'cluster3106249630_3106249631_J60_J61_#5more': 68}, 
1815.0, {'J10': -24962.0, 'J11': -149595.0, 'J12': -90910.5, 'J13': -28866.5, 'cluster3106249630_3106249631_J60_J61_#5more': -182334.5}, {'J10': 13, 'J11': 32, 'J12': 20, 'J13': 28, 'cluster3106249630_3106249631_J60_J61_#5more': 36}, {'J10': 19, 'J11': 48, 'J12': 69, 'J13': 43, 'cluster3106249630_3106249631_J60_J61_#5more': 68}, 
1820.0, {'J10': -25152.0, 'J11': -150075.0, 'J12': -90762.0, 'J13': -29296.5, 'cluster3106249630_3106249631_J60_J61_#5more': -183019.5}, {'J10': 13, 'J11': 32, 'J12': 20, 'J13': 28, 'cluster3106249630_3106249631_J60_J61_#5more': 36}, {'J10': 19, 'J11': 48, 'J12': 73, 'J13': 43, 'cluster3106249630_3106249631_J60_J61_#5more': 69}, 
1825.0, {'J10': -25342.0, 'J11': -150555.0, 'J12': -91504.0, 'J13': -29726.5, 'cluster3106249630_3106249631_J60_J61_#5more': -183709.5}, {'J10': 13, 'J11': 32, 'J12': 20, 'J13': 28, 'cluster3106249630_3106249631_J60_J61_#5more': 36}, {'J10': 19, 'J11': 48, 'J12': 76, 'J13': 43, 'cluster3106249630_3106249631_J60_J61_#5more': 69}, 
1830.0, {'J10': -25532.0, 'J11': -151037.0, 'J12': -92264.0, 'J13': -30156.5, 'cluster3106249630_3106249631_J60_J61_#5more': -184399.5}, {'J10': 13, 'J11': 32, 'J12': 20, 'J13': 28, 'cluster3106249630_3106249631_J60_J61_#5more': 36}, {'J10': 19, 'J11': 49, 'J12': 76, 'J13': 43, 'cluster3106249630_3106249631_J60_J61_#5more': 69}, 
1835.0, {'J10': -25722.0, 'J11': -151515.0, 'J12': -93024.0, 'J13': -27319.5, 'cluster3106249630_3106249631_J60_J61_#5more': -185018.5}, {'J10': 13, 'J11': 32, 'J12': 20, 'J13': 25, 'cluster3106249630_3106249631_J60_J61_#5more': 36}, {'J10': 19, 'J11': 48, 'J12': 76, 'J13': 38, 'cluster3106249630_3106249631_J60_J61_#5more': 68}, 
1840.0, {'J10': -25912.0, 'J11': -151995.0, 'J12': -93790.0, 'J13': -26835.0, 'cluster3106249630_3106249631_J60_J61_#5more': -185699.0}, {'J10': 13, 'J11': 32, 'J12': 20, 'J13': 24, 'cluster3106249630_3106249631_J60_J61_#5more': 36}, {'J10': 19, 'J11': 48, 'J12': 78, 'J13': 37, 'cluster3106249630_3106249631_J60_J61_#5more': 69}, 
1845.0, {'J10': -26102.0, 'J11': -152475.0, 'J12': -94570.0, 'J13': -27205.0, 'cluster3106249630_3106249631_J60_J61_#5more': -186304.0}, {'J10': 13, 'J11': 32, 'J12': 20, 'J13': 24, 'cluster3106249630_3106249631_J60_J61_#5more': 36}, {'J10': 19, 'J11': 48, 'J12': 78, 'J13': 37, 'cluster3106249630_3106249631_J60_J61_#5more': 68}, 
1850.0, {'J10': -26292.0, 'J11': -152955.0, 'J12': -95350.0, 'J13': -27577.0, 'cluster3106249630_3106249631_J60_J61_#5more': -186919.0}, {'J10': 13, 'J11': 32, 'J12': 20, 'J13': 24, 'cluster3106249630_3106249631_J60_J61_#5more': 36}, {'J10': 19, 'J11': 48, 'J12': 78, 'J13': 38, 'cluster3106249630_3106249631_J60_J61_#5more': 67}, 
1855.0, {'J10': -26482.0, 'J11': -153435.0, 'J12': -92412.5, 'J13': -27957.5, 'cluster3106249630_3106249631_J60_J61_#5more': -187558.5}, {'J10': 13, 'J11': 32, 'J12': 20, 'J13': 25, 'cluster3106249630_3106249631_J60_J61_#5more': 36}, {'J10': 19, 'J11': 48, 'J12': 73, 'J13': 39, 'cluster3106249630_3106249631_J60_J61_#5more': 66}, 
1860.0, {'J10': -26676.0, 'J11': -153915.0, 'J12': -93131.0, 'J13': -28358.0, 'cluster3106249630_3106249631_J60_J61_#5more': -188219.0}, {'J10': 13, 'J11': 32, 'J12': 20, 'J13': 28, 'cluster3106249630_3106249631_J60_J61_#5more': 36}, {'J10': 20, 'J11': 48, 'J12': 72, 'J13': 42, 'cluster3106249630_3106249631_J60_J61_#5more': 67}, 
1865.0, {'J10': -26771.0, 'J11': -154395.0, 'J12': -93856.5, 'J13': -28778.0, 'cluster3106249630_3106249631_J60_J61_#5more': -188878.5}, {'J10': 13, 'J11': 32, 'J12': 20, 'J13': 28, 'cluster3106249630_3106249631_J60_J61_#5more': 36}, {'J10': 19, 'J11': 48, 'J12': 75, 'J13': 42, 'cluster3106249630_3106249631_J60_J61_#5more': 66}, 
1870.0, {'J10': -26961.0, 'J11': -154875.0, 'J12': -94615.0, 'J13': -29198.0, 'cluster3106249630_3106249631_J60_J61_#5more': -189538.5}, {'J10': 13, 'J11': 32, 'J12': 20, 'J13': 28, 'cluster3106249630_3106249631_J60_J61_#5more': 36}, {'J10': 19, 'J11': 48, 'J12': 77, 'J13': 42, 'cluster3106249630_3106249631_J60_J61_#5more': 66}, 
1875.0, {'J10': -27155.0, 'J11': -155355.0, 'J12': -95385.0, 'J13': -29618.0, 'cluster3106249630_3106249631_J60_J61_#5more': -190199.5}, {'J10': 13, 'J11': 32, 'J12': 20, 'J13': 28, 'cluster3106249630_3106249631_J60_J61_#5more': 36}, {'J10': 20, 'J11': 48, 'J12': 77, 'J13': 42, 'cluster3106249630_3106249631_J60_J61_#5more': 67}, 
1880.0, {'J10': -27355.0, 'J11': -155835.0, 'J12': -96155.0, 'J13': -30038.0, 'cluster3106249630_3106249631_J60_J61_#5more': -190880.0}, {'J10': 13, 'J11': 32, 'J12': 20, 'J13': 28, 'cluster3106249630_3106249631_J60_J61_#5more': 36}, {'J10': 20, 'J11': 48, 'J12': 77, 'J13': 42, 'cluster3106249630_3106249631_J60_J61_#5more': 70}, 
1885.0, {'J10': -27555.0, 'J11': -156315.0, 'J12': -96925.0, 'J13': -30458.0, 'cluster3106249630_3106249631_J60_J61_#5more': -191583.5}, {'J10': 13, 'J11': 32, 'J12': 20, 'J13': 28, 'cluster3106249630_3106249631_J60_J61_#5more': 36}, {'J10': 20, 'J11': 48, 'J12': 77, 'J13': 42, 'cluster3106249630_3106249631_J60_J61_#5more': 71}, 
1890.0, {'J10': -27755.0, 'J11': -156795.0, 'J12': -97695.5, 'J13': -30878.0, 'cluster3106249630_3106249631_J60_J61_#5more': -192263.0}, {'J10': 13, 'J11': 32, 'J12': 20, 'J13': 28, 'cluster3106249630_3106249631_J60_J61_#5more': 36}, {'J10': 20, 'J11': 48, 'J12': 78, 'J13': 42, 'cluster3106249630_3106249631_J60_J61_#5more': 71}, 
1895.0, {'J10': -27955.0, 'J11': -157275.0, 'J12': -98475.5, 'J13': -31298.0, 'cluster3106249630_3106249631_J60_J61_#5more': -192939.5}, {'J10': 13, 'J11': 32, 'J12': 20, 'J13': 28, 'cluster3106249630_3106249631_J60_J61_#5more': 36}, {'J10': 20, 'J11': 48, 'J12': 78, 'J13': 42, 'cluster3106249630_3106249631_J60_J61_#5more': 71}, 
1900.0, {'J10': -28155.0, 'J11': -157755.0, 'J12': -99255.5, 'J13': -29497.0, 'cluster3106249630_3106249631_J60_J61_#5more': -193606.0}, {'J10': 13, 'J11': 32, 'J12': 20, 'J13': 26, 'cluster3106249630_3106249631_J60_J61_#5more': 36}, {'J10': 20, 'J11': 48, 'J12': 78, 'J13': 39, 'cluster3106249630_3106249631_J60_J61_#5more': 70}, 
1905.0, {'J10': -28355.0, 'J11': -158235.0, 'J12': -100035.5, 'J13': -28141.0, 'cluster3106249630_3106249631_J60_J61_#5more': -194254.0}, {'J10': 13, 'J11': 32, 'J12': 20, 'J13': 24, 'cluster3106249630_3106249631_J60_J61_#5more': 36}, {'J10': 20, 'J11': 48, 'J12': 78, 'J13': 37, 'cluster3106249630_3106249631_J60_J61_#5more': 70}, 
1910.0, {'J10': -28555.0, 'J11': -158715.5, 'J12': -100815.5, 'J13': -28511.0, 'cluster3106249630_3106249631_J60_J61_#5more': -192825.5}, {'J10': 13, 'J11': 32, 'J12': 20, 'J13': 24, 'cluster3106249630_3106249631_J60_J61_#5more': 36}, {'J10': 20, 'J11': 49, 'J12': 78, 'J13': 37, 'cluster3106249630_3106249631_J60_J61_#5more': 65}, 
1915.0, {'J10': -28755.0, 'J11': -159209.5, 'J12': -101596.0, 'J13': -28884.5, 'cluster3106249630_3106249631_J60_J61_#5more': -192076.0}, {'J10': 13, 'J11': 32, 'J12': 20, 'J13': 24, 'cluster3106249630_3106249631_J60_J61_#5more': 36}, {'J10': 20, 'J11': 51, 'J12': 79, 'J13': 38, 'cluster3106249630_3106249631_J60_J61_#5more': 65}, 
1920.0, {'J10': -28955.0, 'J11': -159719.5, 'J12': -99050.5, 'J13': -29265.0, 'cluster3106249630_3106249631_J60_J61_#5more': -192732.0}, {'J10': 13, 'J11': 32, 'J12': 20, 'J13': 25, 'cluster3106249630_3106249631_J60_J61_#5more': 36}, {'J10': 20, 'J11': 51, 'J12': 73, 'J13': 39, 'cluster3106249630_3106249631_J60_J61_#5more': 68}, 
1925.0, {'J10': -29155.0, 'J11': -160199.0, 'J12': -99792.5, 'J13': -29665.5, 'cluster3106249630_3106249631_J60_J61_#5more': -193387.5}, {'J10': 13, 'J11': 32, 'J12': 20, 'J13': 28, 'cluster3106249630_3106249631_J60_J61_#5more': 36}, {'J10': 20, 'J11': 50, 'J12': 73, 'J13': 42, 'cluster3106249630_3106249631_J60_J61_#5more': 66}, 
1930.0, {'J10': -29211.0, 'J11': -160702.5, 'J12': -100524.0, 'J13': -30085.5, 'cluster3106249630_3106249631_J60_J61_#5more': -194026.0}, {'J10': 13, 'J11': 32, 'J12': 20, 'J13': 28, 'cluster3106249630_3106249631_J60_J61_#5more': 36}, {'J10': 19, 'J11': 52, 'J12': 75, 'J13': 42, 'cluster3106249630_3106249631_J60_J61_#5more': 65}, 
1935.0, {'J10': -29277.5, 'J11': -161226.5, 'J12': -101284.5, 'J13': -30505.5, 'cluster3106249630_3106249631_J60_J61_#5more': -194676.5}, {'J10': 13, 'J11': 32, 'J12': 20, 'J13': 28, 'cluster3106249630_3106249631_J60_J61_#5more': 36}, {'J10': 19, 'J11': 53, 'J12': 78, 'J13': 42, 'cluster3106249630_3106249631_J60_J61_#5more': 66}, 
1940.0, {'J10': -29467.5, 'J11': -161652.5, 'J12': -101394.0, 'J13': -30925.5, 'cluster3106249630_3106249631_J60_J61_#5more': -195331.0}, {'J10': 13, 'J11': 32, 'J12': 20, 'J13': 28, 'cluster3106249630_3106249631_J60_J61_#5more': 36}, {'J10': 19, 'J11': 51, 'J12': 77, 'J13': 42, 'cluster3106249630_3106249631_J60_J61_#5more': 66}, 
1945.0, {'J10': -29657.5, 'J11': -162075.0, 'J12': -102164.0, 'J13': -31345.5, 'cluster3106249630_3106249631_J60_J61_#5more': -195994.0}, {'J10': 13, 'J11': 32, 'J12': 20, 'J13': 28, 'cluster3106249630_3106249631_J60_J61_#5more': 36}, {'J10': 19, 'J11': 48, 'J12': 77, 'J13': 42, 'cluster3106249630_3106249631_J60_J61_#5more': 68}, 
1950.0, {'J10': -29847.5, 'J11': -162555.0, 'J12': -102934.0, 'J13': -31765.5, 'cluster3106249630_3106249631_J60_J61_#5more': -196679.5}, {'J10': 13, 'J11': 32, 'J12': 20, 'J13': 28, 'cluster3106249630_3106249631_J60_J61_#5more': 36}, {'J10': 19, 'J11': 48, 'J12': 77, 'J13': 42, 'cluster3106249630_3106249631_J60_J61_#5more': 70}, 
1955.0, {'J10': -30037.5, 'J11': -163035.0, 'J12': -103704.0, 'J13': -32188.5, 'cluster3106249630_3106249631_J60_J61_#5more': -197379.5}, {'J10': 13, 'J11': 32, 'J12': 20, 'J13': 28, 'cluster3106249630_3106249631_J60_J61_#5more': 36}, {'J10': 19, 'J11': 48, 'J12': 77, 'J13': 43, 'cluster3106249630_3106249631_J60_J61_#5more': 70}, 
1960.0, {'J10': -30227.5, 'J11': -163515.0, 'J12': -104478.0, 'J13': -32618.5, 'cluster3106249630_3106249631_J60_J61_#5more': -198079.5}, {'J10': 13, 'J11': 32, 'J12': 20, 'J13': 28, 'cluster3106249630_3106249631_J60_J61_#5more': 36}, {'J10': 19, 'J11': 48, 'J12': 79, 'J13': 43, 'cluster3106249630_3106249631_J60_J61_#5more': 70}, 
1965.0, {'J10': -30417.5, 'J11': -163995.0, 'J12': -105268.0, 'J13': -33048.5, 'cluster3106249630_3106249631_J60_J61_#5more': -198779.5}, {'J10': 13, 'J11': 32, 'J12': 20, 'J13': 28, 'cluster3106249630_3106249631_J60_J61_#5more': 36}, {'J10': 19, 'J11': 48, 'J12': 79, 'J13': 43, 'cluster3106249630_3106249631_J60_J61_#5more': 70}, 
1970.0, {'J10': -30607.5, 'J11': -164476.0, 'J12': -106058.0, 'J13': -32815.0, 'cluster3106249630_3106249631_J60_J61_#5more': -199479.5}, {'J10': 13, 'J11': 32, 'J12': 20, 'J13': 28, 'cluster3106249630_3106249631_J60_J61_#5more': 36}, {'J10': 19, 'J11': 49, 'J12': 79, 'J13': 41, 'cluster3106249630_3106249631_J60_J61_#5more': 70}, 
1975.0, {'J10': -30797.5, 'J11': -164968.0, 'J12': -106848.0, 'J13': -33225.0, 'cluster3106249630_3106249631_J60_J61_#5more': -200182.5}, {'J10': 13, 'J11': 32, 'J12': 20, 'J13': 28, 'cluster3106249630_3106249631_J60_J61_#5more': 36}, {'J10': 19, 'J11': 50, 'J12': 79, 'J13': 41, 'cluster3106249630_3106249631_J60_J61_#5more': 71}, 
1980.0, {'J10': -30987.5, 'J11': -165435.0, 'J12': -107638.0, 'J13': -33635.0, 'cluster3106249630_3106249631_J60_J61_#5more': -200879.5}, {'J10': 13, 'J11': 32, 'J12': 20, 'J13': 28, 'cluster3106249630_3106249631_J60_J61_#5more': 36}, {'J10': 19, 'J11': 48, 'J12': 79, 'J13': 41, 'cluster3106249630_3106249631_J60_J61_#5more': 70}, 
1985.0, {'J10': -31177.5, 'J11': -165915.0, 'J12': -106984.5, 'J13': -34049.5, 'cluster3106249630_3106249631_J60_J61_#5more': -201579.5}, {'J10': 13, 'J11': 32, 'J12': 20, 'J13': 28, 'cluster3106249630_3106249631_J60_J61_#5more': 36}, {'J10': 19, 'J11': 48, 'J12': 76, 'J13': 42, 'cluster3106249630_3106249631_J60_J61_#5more': 70}, 
1990.0, {'J10': -31367.5, 'J11': -166395.0, 'J12': -107368.0, 'J13': -34469.5, 'cluster3106249630_3106249631_J60_J61_#5more': -202279.5}, {'J10': 13, 'J11': 32, 'J12': 20, 'J13': 28, 'cluster3106249630_3106249631_J60_J61_#5more': 36}, {'J10': 19, 'J11': 48, 'J12': 75, 'J13': 42, 'cluster3106249630_3106249631_J60_J61_#5more': 70}, 
1995.0, {'J10': -31437.0, 'J11': -166875.0, 'J12': -108119.0, 'J13': -34889.5, 'cluster3106249630_3106249631_J60_J61_#5more': -202979.5}, {'J10': 13, 'J11': 32, 'J12': 20, 'J13': 28, 'cluster3106249630_3106249631_J60_J61_#5more': 36}, {'J10': 18, 'J11': 48, 'J12': 77, 'J13': 42, 'cluster3106249630_3106249631_J60_J61_#5more': 70}, 
2000.0, {'J10': -31617.0, 'J11': -167355.0, 'J12': -108897.0, 'J13': -35309.5, 'cluster3106249630_3106249631_J60_J61_#5more': -203679.5}, {'J10': 13, 'J11': 32, 'J12': 20, 'J13': 28, 'cluster3106249630_3106249631_J60_J61_#5more': 36}, {'J10': 18, 'J11': 48, 'J12': 79, 'J13': 42, 'cluster3106249630_3106249631_J60_J61_#5more': 70}, 
2005.0, {'J10': -31797.0, 'J11': -167835.0, 'J12': -109690.0, 'J13': -35729.5, 'cluster3106249630_3106249631_J60_J61_#5more': -204379.5}, {'J10': 13, 'J11': 32, 'J12': 20, 'J13': 28, 'cluster3106249630_3106249631_J60_J61_#5more': 36}, {'J10': 18, 'J11': 48, 'J12': 81, 'J13': 42, 'cluster3106249630_3106249631_J60_J61_#5more': 70}, 
2010.0, {'J10': -31977.0, 'J11': -168315.0, 'J12': -109404.0, 'J13': -36149.5, 'cluster3106249630_3106249631_J60_J61_#5more': -205079.5}, {'J10': 13, 'J11': 32, 'J12': 20, 'J13': 28, 'cluster3106249630_3106249631_J60_J61_#5more': 36}, {'J10': 18, 'J11': 48, 'J12': 79, 'J13': 42, 'cluster3106249630_3106249631_J60_J61_#5more': 70}, 
2015.0, {'J10': -32157.0, 'J11': -168797.0, 'J12': -109362.5, 'J13': -36569.5, 'cluster3106249630_3106249631_J60_J61_#5more': -205779.5}, {'J10': 13, 'J11': 32, 'J12': 20, 'J13': 28, 'cluster3106249630_3106249631_J60_J61_#5more': 36}, {'J10': 18, 'J11': 49, 'J12': 77, 'J13': 42, 'cluster3106249630_3106249631_J60_J61_#5more': 70}, 
2020.0, {'J10': -32337.0, 'J11': -169287.0, 'J12': -110132.5, 'J13': -36989.5, 'cluster3106249630_3106249631_J60_J61_#5more': -206479.5}, {'J10': 13, 'J11': 32, 'J12': 20, 'J13': 28, 'cluster3106249630_3106249631_J60_J61_#5more': 36}, {'J10': 18, 'J11': 49, 'J12': 77, 'J13': 42, 'cluster3106249630_3106249631_J60_J61_#5more': 70}, 
2025.0, {'J10': -32522.0, 'J11': -169779.5, 'J12': -110902.5, 'J13': -37409.5, 'cluster3106249630_3106249631_J60_J61_#5more': -207179.5}, {'J10': 13, 'J11': 32, 'J12': 20, 'J13': 28, 'cluster3106249630_3106249631_J60_J61_#5more': 36}, {'J10': 19, 'J11': 50, 'J12': 77, 'J13': 42, 'cluster3106249630_3106249631_J60_J61_#5more': 70}, 
2030.0, {'J10': -32712.0, 'J11': -170247.5, 'J12': -111672.5, 'J13': -34237.5, 'cluster3106249630_3106249631_J60_J61_#5more': -207879.5}, {'J10': 13, 'J11': 32, 'J12': 20, 'J13': 25, 'cluster3106249630_3106249631_J60_J61_#5more': 36}, {'J10': 19, 'J11': 49, 'J12': 77, 'J13': 39, 'cluster3106249630_3106249631_J60_J61_#5more': 70}, 
2035.0, {'J10': -32902.0, 'J11': -170715.0, 'J12': -112442.5, 'J13': -34616.5, 'cluster3106249630_3106249631_J60_J61_#5more': -208579.5}, {'J10': 13, 'J11': 32, 'J12': 20, 'J13': 25, 'cluster3106249630_3106249631_J60_J61_#5more': 36}, {'J10': 19, 'J11': 48, 'J12': 77, 'J13': 38, 'cluster3106249630_3106249631_J60_J61_#5more': 70}, 
2040.0, {'J10': -33092.0, 'J11': -171195.0, 'J12': -113212.5, 'J13': -35000.5, 'cluster3106249630_3106249631_J60_J61_#5more': -209279.5}, {'J10': 13, 'J11': 32, 'J12': 20, 'J13': 25, 'cluster3106249630_3106249631_J60_J61_#5more': 36}, {'J10': 19, 'J11': 48, 'J12': 77, 'J13': 39, 'cluster3106249630_3106249631_J60_J61_#5more': 70}, 
2045.0, {'J10': -33282.0, 'J11': -171675.0, 'J12': -113982.5, 'J13': -35394.0, 'cluster3106249630_3106249631_J60_J61_#5more': -209984.0}, {'J10': 13, 'J11': 32, 'J12': 20, 'J13': 25, 'cluster3106249630_3106249631_J60_J61_#5more': 36}, {'J10': 19, 'J11': 48, 'J12': 77, 'J13': 40, 'cluster3106249630_3106249631_J60_J61_#5more': 71}, 
2050.0, {'J10': -33472.0, 'J11': -172155.0, 'J12': -113779.5, 'J13': -35796.0, 'cluster3106249630_3106249631_J60_J61_#5more': -210679.5}, {'J10': 13, 'J11': 32, 'J12': 20, 'J13': 26, 'cluster3106249630_3106249631_J60_J61_#5more': 36}, {'J10': 19, 'J11': 48, 'J12': 74, 'J13': 42, 'cluster3106249630_3106249631_J60_J61_#5more': 70}, 
2055.0, {'J10': -33662.0, 'J11': -172635.0, 'J12': -114520.5, 'J13': -36223.0, 'cluster3106249630_3106249631_J60_J61_#5more': -211379.5}, {'J10': 13, 'J11': 32, 'J12': 20, 'J13': 28, 'cluster3106249630_3106249631_J60_J61_#5more': 36}, {'J10': 19, 'J11': 48, 'J12': 75, 'J13': 44, 'cluster3106249630_3106249631_J60_J61_#5more': 70}, 
2060.0, {'J10': -33777.0, 'J11': -173115.0, 'J12': -115272.5, 'J13': -36663.0, 'cluster3106249630_3106249631_J60_J61_#5more': -212079.5}, {'J10': 13, 'J11': 32, 'J12': 20, 'J13': 28, 'cluster3106249630_3106249631_J60_J61_#5more': 36}, {'J10': 18, 'J11': 48, 'J12': 77, 'J13': 44, 'cluster3106249630_3106249631_J60_J61_#5more': 70}, 
2065.0, {'J10': -33957.0, 'J11': -173595.0, 'J12': -116021.5, 'J13': -37103.0, 'cluster3106249630_3106249631_J60_J61_#5more': -212780.5}, {'J10': 13, 'J11': 32, 'J12': 20, 'J13': 28, 'cluster3106249630_3106249631_J60_J61_#5more': 36}, {'J10': 18, 'J11': 48, 'J12': 76, 'J13': 44, 'cluster3106249630_3106249631_J60_J61_#5more': 71}, 
2070.0, {'J10': -34137.0, 'J11': -174075.0, 'J12': -114691.5, 'J13': -37543.0, 'cluster3106249630_3106249631_J60_J61_#5more': -213490.5}, {'J10': 13, 'J11': 32, 'J12': 20, 'J13': 28, 'cluster3106249630_3106249631_J60_J61_#5more': 36}, {'J10': 18, 'J11': 48, 'J12': 75, 'J13': 44, 'cluster3106249630_3106249631_J60_J61_#5more': 71}, 
2075.0, {'J10': -34317.0, 'J11': -174555.0, 'J12': -112569.5, 'J13': -37983.0, 'cluster3106249630_3106249631_J60_J61_#5more': -214200.5}, {'J10': 13, 'J11': 32, 'J12': 20, 'J13': 28, 'cluster3106249630_3106249631_J60_J61_#5more': 36}, {'J10': 18, 'J11': 48, 'J12': 72, 'J13': 44, 'cluster3106249630_3106249631_J60_J61_#5more': 71}, 
2080.0, {'J10': -34497.0, 'J11': -175035.0, 'J12': -109121.0, 'J13': -38423.0, 'cluster3106249630_3106249631_J60_J61_#5more': -214910.5}, {'J10': 13, 'J11': 32, 'J12': 20, 'J13': 28, 'cluster3106249630_3106249631_J60_J61_#5more': 36}, {'J10': 18, 'J11': 48, 'J12': 69, 'J13': 44, 'cluster3106249630_3106249631_J60_J61_#5more': 71}, 
2085.0, {'J10': -34677.0, 'J11': -175515.0, 'J12': -108366.0, 'J13': -38863.0, 'cluster3106249630_3106249631_J60_J61_#5more': -215625.0}, {'J10': 13, 'J11': 32, 'J12': 20, 'J13': 28, 'cluster3106249630_3106249631_J60_J61_#5more': 36}, {'J10': 18, 'J11': 48, 'J12': 66, 'J13': 44, 'cluster3106249630_3106249631_J60_J61_#5more': 72}, 
2090.0, {'J10': -34857.0, 'J11': -175995.0, 'J12': -107995.0, 'J13': -39303.0, 'cluster3106249630_3106249631_J60_J61_#5more': -216345.0}, {'J10': 13, 'J11': 32, 'J12': 20, 'J13': 28, 'cluster3106249630_3106249631_J60_J61_#5more': 36}, {'J10': 18, 'J11': 48, 'J12': 67, 'J13': 44, 'cluster3106249630_3106249631_J60_J61_#5more': 72}, 
2095.0, {'J10': -35037.0, 'J11': -176475.0, 'J12': -108672.0, 'J13': -36673.0, 'cluster3106249630_3106249631_J60_J61_#5more': -217065.0}, {'J10': 13, 'J11': 32, 'J12': 20, 'J13': 26, 'cluster3106249630_3106249631_J60_J61_#5more': 36}, {'J10': 18, 'J11': 48, 'J12': 69, 'J13': 39, 'cluster3106249630_3106249631_J60_J61_#5more': 72}, 
2100.0, {'J10': -35217.0, 'J11': -176955.0, 'J12': -107406.5, 'J13': -36430.5, 'cluster3106249630_3106249631_J60_J61_#5more': -217785.0}, {'J10': 13, 'J11': 32, 'J12': 20, 'J13': 26, 'cluster3106249630_3106249631_J60_J61_#5more': 36}, {'J10': 18, 'J11': 48, 'J12': 66, 'J13': 38, 'cluster3106249630_3106249631_J60_J61_#5more': 72}, 
2105.0, {'J10': -35397.0, 'J11': -177436.0, 'J12': -108071.5, 'J13': -36811.5, 'cluster3106249630_3106249631_J60_J61_#5more': -218506.0}, {'J10': 13, 'J11': 32, 'J12': 20, 'J13': 26, 'cluster3106249630_3106249631_J60_J61_#5more': 36}, {'J10': 18, 'J11': 49, 'J12': 67, 'J13': 39, 'cluster3106249630_3106249631_J60_J61_#5more': 73}, 
2110.0, {'J10': -35577.0, 'J11': -177926.0, 'J12': -108745.5, 'J13': -37204.0, 'cluster3106249630_3106249631_J60_J61_#5more': -219225.0}, {'J10': 13, 'J11': 32, 'J12': 20, 'J13': 26, 'cluster3106249630_3106249631_J60_J61_#5more': 36}, {'J10': 18, 'J11': 49, 'J12': 70, 'J13': 41, 'cluster3106249630_3106249631_J60_J61_#5more': 72}, 
2115.0, {'J10': -35757.0, 'J11': -178396.5, 'J12': -109454.5, 'J13': -37614.5, 'cluster3106249630_3106249631_J60_J61_#5more': -219945.0}, {'J10': 13, 'J11': 32, 'J12': 20, 'J13': 27, 'cluster3106249630_3106249631_J60_J61_#5more': 36}, {'J10': 18, 'J11': 49, 'J12': 73, 'J13': 42, 'cluster3106249630_3106249631_J60_J61_#5more': 72}, 
2120.0, {'J10': -35937.0, 'J11': -178875.0, 'J12': -109130.5, 'J13': -38040.5, 'cluster3106249630_3106249631_J60_J61_#5more': -220666.5}, {'J10': 13, 'J11': 32, 'J12': 20, 'J13': 28, 'cluster3106249630_3106249631_J60_J61_#5more': 36}, {'J10': 18, 'J11': 48, 'J12': 75, 'J13': 44, 'cluster3106249630_3106249631_J60_J61_#5more': 73}, 
2125.0, {'J10': -36117.0, 'J11': -179355.0, 'J12': -109883.0, 'J13': -38480.5, 'cluster3106249630_3106249631_J60_J61_#5more': -221396.5}, {'J10': 13, 'J11': 32, 'J12': 20, 'J13': 28, 'cluster3106249630_3106249631_J60_J61_#5more': 36}, {'J10': 18, 'J11': 48, 'J12': 76, 'J13': 44, 'cluster3106249630_3106249631_J60_J61_#5more': 73}, 
2130.0, {'J10': -36297.0, 'J11': -179835.0, 'J12': -110643.0, 'J13': -38920.5, 'cluster3106249630_3106249631_J60_J61_#5more': -222126.5}, {'J10': 13, 'J11': 32, 'J12': 20, 'J13': 28, 'cluster3106249630_3106249631_J60_J61_#5more': 36}, {'J10': 18, 'J11': 48, 'J12': 76, 'J13': 44, 'cluster3106249630_3106249631_J60_J61_#5more': 73}, 
2135.0, {'J10': -36477.0, 'J11': -180315.0, 'J12': -110314.0, 'J13': -39363.0, 'cluster3106249630_3106249631_J60_J61_#5more': -222856.5}, {'J10': 13, 'J11': 32, 'J12': 20, 'J13': 28, 'cluster3106249630_3106249631_J60_J61_#5more': 36}, {'J10': 18, 'J11': 48, 'J12': 76, 'J13': 45, 'cluster3106249630_3106249631_J60_J61_#5more': 73}, 
2140.0, {'J10': -36657.0, 'J11': -180795.5, 'J12': -109868.5, 'J13': -39813.0, 'cluster3106249630_3106249631_J60_J61_#5more': -223586.5}, {'J10': 13, 'J11': 32, 'J12': 20, 'J13': 28, 'cluster3106249630_3106249631_J60_J61_#5more': 36}, {'J10': 18, 'J11': 49, 'J12': 73, 'J13': 45, 'cluster3106249630_3106249631_J60_J61_#5more': 73}, 
2145.0, {'J10': -36837.0, 'J11': -181280.0, 'J12': -110047.5, 'J13': -40263.0, 'cluster3106249630_3106249631_J60_J61_#5more': -224316.5}, {'J10': 13, 'J11': 32, 'J12': 20, 'J13': 28, 'cluster3106249630_3106249631_J60_J61_#5more': 36}, {'J10': 18, 'J11': 50, 'J12': 71, 'J13': 45, 'cluster3106249630_3106249631_J60_J61_#5more': 73}, 
2150.0, {'J10': -37017.0, 'J11': -181780.5, 'J12': -110822.0, 'J13': -40713.0, 'cluster3106249630_3106249631_J60_J61_#5more': -225046.5}, {'J10': 13, 'J11': 32, 'J12': 20, 'J13': 28, 'cluster3106249630_3106249631_J60_J61_#5more': 36}, {'J10': 18, 'J11': 51, 'J12': 74, 'J13': 45, 'cluster3106249630_3106249631_J60_J61_#5more': 73}, 
2155.0, {'J10': -37197.0, 'J11': -182266.5, 'J12': -111567.5, 'J13': -41163.0, 'cluster3106249630_3106249631_J60_J61_#5more': -225776.5}, {'J10': 13, 'J11': 32, 'J12': 20, 'J13': 28, 'cluster3106249630_3106249631_J60_J61_#5more': 36}, {'J10': 18, 'J11': 50, 'J12': 78, 'J13': 45, 'cluster3106249630_3106249631_J60_J61_#5more': 73}, 
2160.0, {'J10': -37377.0, 'J11': -182735.5, 'J12': -112351.0, 'J13': -38513.5, 'cluster3106249630_3106249631_J60_J61_#5more': -226506.5}, {'J10': 13, 'J11': 32, 'J12': 20, 'J13': 26, 'cluster3106249630_3106249631_J60_J61_#5more': 36}, {'J10': 18, 'J11': 49, 'J12': 79, 'J13': 41, 'cluster3106249630_3106249631_J60_J61_#5more': 73}, 
2165.0, {'J10': -37557.0, 'J11': -183228.0, 'J12': -113141.0, 'J13': -38294.0, 'cluster3106249630_3106249631_J60_J61_#5more': -227236.5}, {'J10': 13, 'J11': 32, 'J12': 20, 'J13': 26, 'cluster3106249630_3106249631_J60_J61_#5more': 36}, {'J10': 18, 'J11': 50, 'J12': 79, 'J13': 41, 'cluster3106249630_3106249631_J60_J61_#5more': 73}, 
2170.0, {'J10': -37737.0, 'J11': -183687.5, 'J12': -113931.0, 'J13': -38694.5, 'cluster3106249630_3106249631_J60_J61_#5more': -227969.5}, {'J10': 13, 'J11': 32, 'J12': 20, 'J13': 26, 'cluster3106249630_3106249631_J60_J61_#5more': 36}, {'J10': 18, 'J11': 49, 'J12': 79, 'J13': 41, 'cluster3106249630_3106249631_J60_J61_#5more': 74}, 
2175.0, {'J10': -37917.0, 'J11': -184155.0, 'J12': -114721.0, 'J13': -39108.0, 'cluster3106249630_3106249631_J60_J61_#5more': -228700.0}, {'J10': 13, 'J11': 32, 'J12': 20, 'J13': 26, 'cluster3106249630_3106249631_J60_J61_#5more': 36}, {'J10': 18, 'J11': 48, 'J12': 79, 'J13': 43, 'cluster3106249630_3106249631_J60_J61_#5more': 75}, 
2180.0, {'J10': -38097.0, 'J11': -184635.0, 'J12': -115511.0, 'J13': -39539.0, 'cluster3106249630_3106249631_J60_J61_#5more': -229450.0}, {'J10': 13, 'J11': 32, 'J12': 20, 'J13': 27, 'cluster3106249630_3106249631_J60_J61_#5more': 36}, {'J10': 18, 'J11': 48, 'J12': 79, 'J13': 44, 'cluster3106249630_3106249631_J60_J61_#5more': 75}, 
2185.0, {'J10': -38277.0, 'J11': -185115.0, 'J12': -116301.0, 'J13': -39984.0, 'cluster3106249630_3106249631_J60_J61_#5more': -230200.0}, {'J10': 13, 'J11': 32, 'J12': 20, 'J13': 28, 'cluster3106249630_3106249631_J60_J61_#5more': 36}, {'J10': 18, 'J11': 48, 'J12': 79, 'J13': 45, 'cluster3106249630_3106249631_J60_J61_#5more': 75}, 
2190.0, {'J10': -38457.0, 'J11': -185595.0, 'J12': -117091.0, 'J13': -40434.0, 'cluster3106249630_3106249631_J60_J61_#5more': -230458.0}, {'J10': 13, 'J11': 32, 'J12': 20, 'J13': 28, 'cluster3106249630_3106249631_J60_J61_#5more': 36}, {'J10': 18, 'J11': 48, 'J12': 79, 'J13': 45, 'cluster3106249630_3106249631_J60_J61_#5more': 74}, 
2195.0, {'J10': -38637.0, 'J11': -186075.0, 'J12': -117881.0, 'J13': -40884.0, 'cluster3106249630_3106249631_J60_J61_#5more': -231198.5}, {'J10': 13, 'J11': 32, 'J12': 20, 'J13': 28, 'cluster3106249630_3106249631_J60_J61_#5more': 36}, {'J10': 18, 'J11': 48, 'J12': 79, 'J13': 45, 'cluster3106249630_3106249631_J60_J61_#5more': 75}, 
2200.0, {'J10': -38817.0, 'J11': -186555.0, 'J12': -118671.0, 'J13': -41334.0, 'cluster3106249630_3106249631_J60_J61_#5more': -231437.5}, {'J10': 13, 'J11': 32, 'J12': 20, 'J13': 28, 'cluster3106249630_3106249631_J60_J61_#5more': 36}, {'J10': 18, 'J11': 48, 'J12': 79, 'J13': 45, 'cluster3106249630_3106249631_J60_J61_#5more': 74}, 
2205.0, {'J10': -38997.0, 'J11': -187035.0, 'J12': -119461.0, 'J13': -41784.0, 'cluster3106249630_3106249631_J60_J61_#5more': -231663.5}, {'J10': 13, 'J11': 32, 'J12': 20, 'J13': 28, 'cluster3106249630_3106249631_J60_J61_#5more': 36}, {'J10': 18, 'J11': 48, 'J12': 79, 'J13': 45, 'cluster3106249630_3106249631_J60_J61_#5more': 73}, 
2210.0, {'J10': -39177.0, 'J11': -187515.0, 'J12': -112756.5, 'J13': -42234.0, 'cluster3106249630_3106249631_J60_J61_#5more': -232394.5}, {'J10': 13, 'J11': 32, 'J12': 20, 'J13': 28, 'cluster3106249630_3106249631_J60_J61_#5more': 36}, {'J10': 18, 'J11': 48, 'J12': 71, 'J13': 45, 'cluster3106249630_3106249631_J60_J61_#5more': 74}, 
2215.0, {'J10': -39357.0, 'J11': -187995.0, 'J12': -113471.5, 'J13': -42684.0, 'cluster3106249630_3106249631_J60_J61_#5more': -233141.5}, {'J10': 13, 'J11': 32, 'J12': 20, 'J13': 28, 'cluster3106249630_3106249631_J60_J61_#5more': 36}, {'J10': 18, 'J11': 48, 'J12': 73, 'J13': 45, 'cluster3106249630_3106249631_J60_J61_#5more': 76}, 
2220.0, {'J10': -39537.0, 'J11': -188475.0, 'J12': -114189.0, 'J13': -43134.0, 'cluster3106249630_3106249631_J60_J61_#5more': -233366.0}, {'J10': 13, 'J11': 32, 'J12': 20, 'J13': 28, 'cluster3106249630_3106249631_J60_J61_#5more': 36}, {'J10': 18, 'J11': 48, 'J12': 74, 'J13': 45, 'cluster3106249630_3106249631_J60_J61_#5more': 78}, 
2225.0, {'J10': -39717.0, 'J11': -188955.0, 'J12': -114928.5, 'J13': -39249.0, 'cluster3106249630_3106249631_J60_J61_#5more': -234031.5}, {'J10': 13, 'J11': 32, 'J12': 20, 'J13': 25, 'cluster3106249630_3106249631_J60_J61_#5more': 36}, {'J10': 18, 'J11': 48, 'J12': 78, 'J13': 40, 'cluster3106249630_3106249631_J60_J61_#5more': 75}, 
2230.0, {'J10': -39897.0, 'J11': -189435.0, 'J12': -115708.5, 'J13': -38962.0, 'cluster3106249630_3106249631_J60_J61_#5more': -234703.5}, {'J10': 13, 'J11': 32, 'J12': 20, 'J13': 25, 'cluster3106249630_3106249631_J60_J61_#5more': 36}, {'J10': 18, 'J11': 48, 'J12': 78, 'J13': 38, 'cluster3106249630_3106249631_J60_J61_#5more': 72}, 
2235.0, {'J10': -40077.0, 'J11': -189915.0, 'J12': -116488.5, 'J13': -39348.5, 'cluster3106249630_3106249631_J60_J61_#5more': -233278.5}, {'J10': 13, 'J11': 32, 'J12': 20, 'J13': 25, 'cluster3106249630_3106249631_J60_J61_#5more': 36}, {'J10': 18, 'J11': 48, 'J12': 78, 'J13': 40, 'cluster3106249630_3106249631_J60_J61_#5more': 71}, 
2240.0, {'J10': -40257.0, 'J11': -190395.0, 'J12': -117268.5, 'J13': -39751.5, 'cluster3106249630_3106249631_J60_J61_#5more': -233994.5}, {'J10': 13, 'J11': 32, 'J12': 20, 'J13': 25, 'cluster3106249630_3106249631_J60_J61_#5more': 36}, {'J10': 18, 'J11': 48, 'J12': 78, 'J13': 42, 'cluster3106249630_3106249631_J60_J61_#5more': 73}, 
2245.0, {'J10': -40437.0, 'J11': -190875.0, 'J12': -118048.5, 'J13': -40171.5, 'cluster3106249630_3106249631_J60_J61_#5more': -234706.0}, {'J10': 13, 'J11': 32, 'J12': 20, 'J13': 25, 'cluster3106249630_3106249631_J60_J61_#5more': 36}, {'J10': 18, 'J11': 48, 'J12': 78, 'J13': 42, 'cluster3106249630_3106249631_J60_J61_#5more': 73}, 
2250.0, {'J10': -40617.0, 'J11': -191355.0, 'J12': -118828.5, 'J13': -40601.5, 'cluster3106249630_3106249631_J60_J61_#5more': -235424.0}, {'J10': 13, 'J11': 32, 'J12': 20, 'J13': 28, 'cluster3106249630_3106249631_J60_J61_#5more': 36}, {'J10': 18, 'J11': 48, 'J12': 78, 'J13': 45, 'cluster3106249630_3106249631_J60_J61_#5more': 73}, 
2255.0, {'J10': -40797.0, 'J11': -191835.0, 'J12': -119608.5, 'J13': -41051.5, 'cluster3106249630_3106249631_J60_J61_#5more': -236120.0}, {'J10': 13, 'J11': 32, 'J12': 20, 'J13': 28, 'cluster3106249630_3106249631_J60_J61_#5more': 36}, {'J10': 18, 'J11': 48, 'J12': 78, 'J13': 45, 'cluster3106249630_3106249631_J60_J61_#5more': 72}, 
2260.0, {'J10': -40977.0, 'J11': -192315.5, 'J12': -120388.5, 'J13': -41501.5, 'cluster3106249630_3106249631_J60_J61_#5more': -236798.5}, {'J10': 13, 'J11': 32, 'J12': 20, 'J13': 28, 'cluster3106249630_3106249631_J60_J61_#5more': 36}, {'J10': 18, 'J11': 49, 'J12': 78, 'J13': 45, 'cluster3106249630_3106249631_J60_J61_#5more': 72}, 
2265.0, {'J10': -41157.0, 'J11': -192809.5, 'J12': -121168.5, 'J13': -41951.5, 'cluster3106249630_3106249631_J60_J61_#5more': -237518.5}, {'J10': 13, 'J11': 32, 'J12': 20, 'J13': 28, 'cluster3106249630_3106249631_J60_J61_#5more': 36}, {'J10': 18, 'J11': 50, 'J12': 78, 'J13': 45, 'cluster3106249630_3106249631_J60_J61_#5more': 72}, 
2270.0, {'J10': -41337.0, 'J11': -193289.0, 'J12': -121948.5, 'J13': -42401.5, 'cluster3106249630_3106249631_J60_J61_#5more': -238244.0}, {'J10': 13, 'J11': 32, 'J12': 20, 'J13': 28, 'cluster3106249630_3106249631_J60_J61_#5more': 36}, {'J10': 18, 'J11': 49, 'J12': 78, 'J13': 45, 'cluster3106249630_3106249631_J60_J61_#5more': 75}, 
2275.0, {'J10': -41517.0, 'J11': -193780.0, 'J12': -119365.0, 'J13': -42851.5, 'cluster3106249630_3106249631_J60_J61_#5more': -238994.0}, {'J10': 13, 'J11': 32, 'J12': 20, 'J13': 28, 'cluster3106249630_3106249631_J60_J61_#5more': 36}, {'J10': 18, 'J11': 50, 'J12': 74, 'J13': 45, 'cluster3106249630_3106249631_J60_J61_#5more': 75}, 
2280.0, {'J10': -41697.0, 'J11': -194280.0, 'J12': -119157.5, 'J13': -43301.5, 'cluster3106249630_3106249631_J60_J61_#5more': -239744.0}, {'J10': 13, 'J11': 32, 'J12': 20, 'J13': 28, 'cluster3106249630_3106249631_J60_J61_#5more': 36}, {'J10': 18, 'J11': 50, 'J12': 73, 'J13': 45, 'cluster3106249630_3106249631_J60_J61_#5more': 75}, 
2285.0, {'J10': -41877.0, 'J11': -194782.5, 'J12': -119888.5, 'J13': -43751.5, 'cluster3106249630_3106249631_J60_J61_#5more': -240494.0}, {'J10': 13, 'J11': 32, 'J12': 20, 'J13': 28, 'cluster3106249630_3106249631_J60_J61_#5more': 36}, {'J10': 18, 'J11': 51, 'J12': 75, 'J13': 45, 'cluster3106249630_3106249631_J60_J61_#5more': 75}, 
2290.0, {'J10': -42057.0, 'J11': -195280.0, 'J12': -120655.0, 'J13': -39843.5, 'cluster3106249630_3106249631_J60_J61_#5more': -241244.0}, {'J10': 13, 'J11': 32, 'J12': 20, 'J13': 25, 'cluster3106249630_3106249631_J60_J61_#5more': 36}, {'J10': 18, 'J11': 50, 'J12': 79, 'J13': 40, 'cluster3106249630_3106249631_J60_J61_#5more': 75}, 
2295.0, {'J10': -42237.0, 'J11': -195780.0, 'J12': -120013.5, 'J13': -38985.0, 'cluster3106249630_3106249631_J60_J61_#5more': -241994.0}, {'J10': 13, 'J11': 32, 'J12': 20, 'J13': 24, 'cluster3106249630_3106249631_J60_J61_#5more': 36}, {'J10': 18, 'J11': 50, 'J12': 78, 'J13': 38, 'cluster3106249630_3106249631_J60_J61_#5more': 75}, 
2300.0, {'J10': -42417.0, 'J11': -196280.0, 'J12': -120793.5, 'J13': -39371.0, 'cluster3106249630_3106249631_J60_J61_#5more': -240391.0}, {'J10': 13, 'J11': 32, 'J12': 20, 'J13': 24, 'cluster3106249630_3106249631_J60_J61_#5more': 36}, {'J10': 18, 'J11': 50, 'J12': 78, 'J13': 40, 'cluster3106249630_3106249631_J60_J61_#5more': 74}, 
2305.0, {'J10': -42597.0, 'J11': -196780.0, 'J12': -121578.0, 'J13': -39774.5, 'cluster3106249630_3106249631_J60_J61_#5more': -241131.0}, {'J10': 13, 'J11': 32, 'J12': 20, 'J13': 24, 'cluster3106249630_3106249631_J60_J61_#5more': 36}, {'J10': 18, 'J11': 50, 'J12': 79, 'J13': 41, 'cluster3106249630_3106249631_J60_J61_#5more': 74}, 
2310.0, {'J10': -42777.0, 'J11': -197186.0, 'J12': -122369.0, 'J13': -40185.0, 'cluster3106249630_3106249631_J60_J61_#5more': -241871.0}, {'J10': 13, 'J11': 32, 'J12': 20, 'J13': 25, 'cluster3106249630_3106249631_J60_J61_#5more': 36}, {'J10': 18, 'J11': 49, 'J12': 80, 'J13': 42, 'cluster3106249630_3106249631_J60_J61_#5more': 74}, 
2315.0, {'J10': -42957.0, 'J11': -197682.0, 'J12': -123171.5, 'J13': -40615.5, 'cluster3106249630_3106249631_J60_J61_#5more': -242480.5}, {'J10': 13, 'J11': 32, 'J12': 20, 'J13': 28, 'cluster3106249630_3106249631_J60_J61_#5more': 36}, {'J10': 18, 'J11': 52, 'J12': 81, 'J13': 45, 'cluster3106249630_3106249631_J60_J61_#5more': 73}, 
2320.0, {'J10': -43139.5, 'J11': -198190.5, 'J12': -123981.5, 'J13': -41065.5, 'cluster3106249630_3106249631_J60_J61_#5more': -243210.5}, {'J10': 13, 'J11': 32, 'J12': 20, 'J13': 28, 'cluster3106249630_3106249631_J60_J61_#5more': 36}, {'J10': 19, 'J11': 51, 'J12': 81, 'J13': 45, 'cluster3106249630_3106249631_J60_J61_#5more': 73}, 
2325.0, {'J10': -43317.0, 'J11': -198555.0, 'J12': -124791.5, 'J13': -41515.5, 'cluster3106249630_3106249631_J60_J61_#5more': -243715.5}, {'J10': 13, 'J11': 32, 'J12': 20, 'J13': 28, 'cluster3106249630_3106249631_J60_J61_#5more': 36}, {'J10': 18, 'J11': 48, 'J12': 81, 'J13': 45, 'cluster3106249630_3106249631_J60_J61_#5more': 71}, 
2330.0, {'J10': -43497.0, 'J11': -199035.0, 'J12': -125601.5, 'J13': -41965.5, 'cluster3106249630_3106249631_J60_J61_#5more': -244425.5}, {'J10': 13, 'J11': 32, 'J12': 20, 'J13': 28, 'cluster3106249630_3106249631_J60_J61_#5more': 36}, {'J10': 18, 'J11': 48, 'J12': 81, 'J13': 45, 'cluster3106249630_3106249631_J60_J61_#5more': 71}, 
2335.0, {'J10': -43677.0, 'J11': -199515.0, 'J12': -126412.0, 'J13': -42415.5, 'cluster3106249630_3106249631_J60_J61_#5more': -245138.0}, {'J10': 13, 'J11': 32, 'J12': 20, 'J13': 28, 'cluster3106249630_3106249631_J60_J61_#5more': 36}, {'J10': 18, 'J11': 48, 'J12': 82, 'J13': 45, 'cluster3106249630_3106249631_J60_J61_#5more': 73}, 
2340.0, {'J10': -43857.5, 'J11': -199995.0, 'J12': -124041.5, 'J13': -42865.5, 'cluster3106249630_3106249631_J60_J61_#5more': -245872.5}, {'J10': 13, 'J11': 32, 'J12': 20, 'J13': 28, 'cluster3106249630_3106249631_J60_J61_#5more': 36}, {'J10': 19, 'J11': 48, 'J12': 78, 'J13': 45, 'cluster3106249630_3106249631_J60_J61_#5more': 74}, 
2345.0, {'J10': -44047.5, 'J11': -200475.0, 'J12': -124420.0, 'J13': -43315.5, 'cluster3106249630_3106249631_J60_J61_#5more': -246612.5}, {'J10': 13, 'J11': 32, 'J12': 20, 'J13': 28, 'cluster3106249630_3106249631_J60_J61_#5more': 36}, {'J10': 19, 'J11': 48, 'J12': 76, 'J13': 45, 'cluster3106249630_3106249631_J60_J61_#5more': 74}, 
2350.0, {'J10': -44237.5, 'J11': -200955.0, 'J12': -125181.5, 'J13': -43765.5, 'cluster3106249630_3106249631_J60_J61_#5more': -247352.5}, {'J10': 13, 'J11': 32, 'J12': 20, 'J13': 28, 'cluster3106249630_3106249631_J60_J61_#5more': 36}, {'J10': 19, 'J11': 48, 'J12': 78, 'J13': 45, 'cluster3106249630_3106249631_J60_J61_#5more': 74}, 
2355.0, {'J10': -44427.5, 'J11': -201435.0, 'J12': -125971.0, 'J13': -39355.0, 'cluster3106249630_3106249631_J60_J61_#5more': -248092.5}, {'J10': 13, 'J11': 32, 'J12': 20, 'J13': 25, 'cluster3106249630_3106249631_J60_J61_#5more': 36}, {'J10': 19, 'J11': 48, 'J12': 80, 'J13': 39, 'cluster3106249630_3106249631_J60_J61_#5more': 74}, 
2360.0, {'J10': -44617.5, 'J11': -201915.0, 'J12': -126277.5, 'J13': -38486.5, 'cluster3106249630_3106249631_J60_J61_#5more': -248832.5}, {'J10': 13, 'J11': 32, 'J12': 20, 'J13': 24, 'cluster3106249630_3106249631_J60_J61_#5more': 36}, {'J10': 19, 'J11': 48, 'J12': 79, 'J13': 37, 'cluster3106249630_3106249631_J60_J61_#5more': 74}, 
2365.0, {'J10': -44807.5, 'J11': -202395.0, 'J12': -127067.5, 'J13': -38862.5, 'cluster3106249630_3106249631_J60_J61_#5more': -249572.5}, {'J10': 13, 'J11': 32, 'J12': 20, 'J13': 24, 'cluster3106249630_3106249631_J60_J61_#5more': 36}, {'J10': 19, 'J11': 48, 'J12': 79, 'J13': 39, 'cluster3106249630_3106249631_J60_J61_#5more': 74}, 
2370.0, {'J10': -44997.5, 'J11': -202875.0, 'J12': -127857.5, 'J13': -39256.0, 'cluster3106249630_3106249631_J60_J61_#5more': -250312.5}, {'J10': 13, 'J11': 32, 'J12': 20, 'J13': 24, 'cluster3106249630_3106249631_J60_J61_#5more': 36}, {'J10': 19, 'J11': 48, 'J12': 79, 'J13': 41, 'cluster3106249630_3106249631_J60_J61_#5more': 74}, 
2375.0, {'J10': -45187.5, 'J11': -203355.0, 'J12': -127538.5, 'J13': -39667.0, 'cluster3106249630_3106249631_J60_J61_#5more': -251052.5}, {'J10': 13, 'J11': 32, 'J12': 20, 'J13': 25, 'cluster3106249630_3106249631_J60_J61_#5more': 36}, {'J10': 19, 'J11': 48, 'J12': 79, 'J13': 42, 'cluster3106249630_3106249631_J60_J61_#5more': 74}, 
2380.0, {'J10': -45377.5, 'J11': -203835.0, 'J12': -128328.5, 'J13': -40096.5, 'cluster3106249630_3106249631_J60_J61_#5more': -251792.5}, {'J10': 13, 'J11': 32, 'J12': 20, 'J13': 28, 'cluster3106249630_3106249631_J60_J61_#5more': 36}, {'J10': 19, 'J11': 48, 'J12': 79, 'J13': 45, 'cluster3106249630_3106249631_J60_J61_#5more': 74}, 
2385.0, {'J10': -45477.0, 'J11': -204315.0, 'J12': -129118.5, 'J13': -40546.5, 'cluster3106249630_3106249631_J60_J61_#5more': -252302.0}, {'J10': 13, 'J11': 32, 'J12': 20, 'J13': 28, 'cluster3106249630_3106249631_J60_J61_#5more': 36}, {'J10': 18, 'J11': 48, 'J12': 79, 'J13': 45, 'cluster3106249630_3106249631_J60_J61_#5more': 73}, 
2390.0, {'J10': -45657.0, 'J11': -204795.0, 'J12': -129908.5, 'J13': -40996.5, 'cluster3106249630_3106249631_J60_J61_#5more': -253032.0}, {'J10': 13, 'J11': 32, 'J12': 20, 'J13': 28, 'cluster3106249630_3106249631_J60_J61_#5more': 36}, {'J10': 18, 'J11': 48, 'J12': 79, 'J13': 45, 'cluster3106249630_3106249631_J60_J61_#5more': 73}, 
2395.0, {'J10': -45837.0, 'J11': -205275.0, 'J12': -130699.0, 'J13': -41446.5, 'cluster3106249630_3106249631_J60_J61_#5more': -253767.0}, {'J10': 13, 'J11': 32, 'J12': 20, 'J13': 28, 'cluster3106249630_3106249631_J60_J61_#5more': 36}, {'J10': 18, 'J11': 48, 'J12': 80, 'J13': 45, 'cluster3106249630_3106249631_J60_J61_#5more': 74}, 
2400.0, {'J10': -46017.0, 'J11': -205755.0, 'J12': -131503.5, 'J13': -41896.5, 'cluster3106249630_3106249631_J60_J61_#5more': -254507.0}, {'J10': 13, 'J11': 32, 'J12': 20, 'J13': 28, 'cluster3106249630_3106249631_J60_J61_#5more': 36}, {'J10': 18, 'J11': 48, 'J12': 81, 'J13': 45, 'cluster3106249630_3106249631_J60_J61_#5more': 74}, 
2405.0, {'J10': -46197.0, 'J11': -206240.0, 'J12': -130957.5, 'J13': -42346.5, 'cluster3106249630_3106249631_J60_J61_#5more': -255247.0}, {'J10': 13, 'J11': 32, 'J12': 20, 'J13': 28, 'cluster3106249630_3106249631_J60_J61_#5more': 36}, {'J10': 18, 'J11': 49, 'J12': 78, 'J13': 45, 'cluster3106249630_3106249631_J60_J61_#5more': 74}, 
2410.0, {'J10': -46377.0, 'J11': -206730.0, 'J12': -130982.0, 'J13': -42796.5, 'cluster3106249630_3106249631_J60_J61_#5more': -255987.0}, {'J10': 13, 'J11': 32, 'J12': 20, 'J13': 28, 'cluster3106249630_3106249631_J60_J61_#5more': 36}, {'J10': 18, 'J11': 49, 'J12': 76, 'J13': 45, 'cluster3106249630_3106249631_J60_J61_#5more': 74}, 
2415.0, {'J10': -46557.0, 'J11': -207195.0, 'J12': -131750.5, 'J13': -43246.5, 'cluster3106249630_3106249631_J60_J61_#5more': -256727.0}, {'J10': 13, 'J11': 32, 'J12': 20, 'J13': 28, 'cluster3106249630_3106249631_J60_J61_#5more': 36}, {'J10': 18, 'J11': 48, 'J12': 80, 'J13': 45, 'cluster3106249630_3106249631_J60_J61_#5more': 74}, 
2420.0, {'J10': -46737.0, 'J11': -207675.0, 'J12': -132558.5, 'J13': -40087.0, 'cluster3106249630_3106249631_J60_J61_#5more': -257295.0}, {'J10': 13, 'J11': 32, 'J12': 20, 'J13': 26, 'cluster3106249630_3106249631_J60_J61_#5more': 36}, {'J10': 18, 'J11': 48, 'J12': 82, 'J13': 40, 'cluster3106249630_3106249631_J60_J61_#5more': 73}, 
2425.0, {'J10': -46917.0, 'J11': -208155.0, 'J12': -133381.5, 'J13': -37967.0, 'cluster3106249630_3106249631_J60_J61_#5more': -258025.0}, {'J10': 13, 'J11': 32, 'J12': 20, 'J13': 24, 'cluster3106249630_3106249631_J60_J61_#5more': 36}, {'J10': 18, 'J11': 48, 'J12': 83, 'J13': 37, 'cluster3106249630_3106249631_J60_J61_#5more': 73}, 
2430.0, {'J10': -47097.0, 'J11': -208635.0, 'J12': -132997.0, 'J13': -38343.0, 'cluster3106249630_3106249631_J60_J61_#5more': -258756.0}, {'J10': 13, 'J11': 32, 'J12': 20, 'J13': 24, 'cluster3106249630_3106249631_J60_J61_#5more': 36}, {'J10': 18, 'J11': 48, 'J12': 82, 'J13': 39, 'cluster3106249630_3106249631_J60_J61_#5more': 74}, 
2435.0, {'J10': -47277.0, 'J11': -209115.0, 'J12': -133175.0, 'J13': -38736.5, 'cluster3106249630_3106249631_J60_J61_#5more': -259485.5}, {'J10': 13, 'J11': 32, 'J12': 20, 'J13': 24, 'cluster3106249630_3106249631_J60_J61_#5more': 36}, {'J10': 18, 'J11': 48, 'J12': 81, 'J13': 41, 'cluster3106249630_3106249631_J60_J61_#5more': 74}, 
2440.0, {'J10': -47457.0, 'J11': -209595.0, 'J12': -133985.0, 'J13': -39146.5, 'cluster3106249630_3106249631_J60_J61_#5more': -260225.5}, {'J10': 13, 'J11': 32, 'J12': 20, 'J13': 24, 'cluster3106249630_3106249631_J60_J61_#5more': 36}, {'J10': 18, 'J11': 48, 'J12': 81, 'J13': 41, 'cluster3106249630_3106249631_J60_J61_#5more': 74}, 
2445.0, {'J10': -47637.0, 'J11': -210078.0, 'J12': -134795.0, 'J13': -39569.0, 'cluster3106249630_3106249631_J60_J61_#5more': -260965.5}, {'J10': 13, 'J11': 32, 'J12': 20, 'J13': 28, 'cluster3106249630_3106249631_J60_J61_#5more': 36}, {'J10': 18, 'J11': 49, 'J12': 81, 'J13': 45, 'cluster3106249630_3106249631_J60_J61_#5more': 74}, 
2450.0, {'J10': -47818.5, 'J11': -210571.5, 'J12': -134351.5, 'J13': -40019.0, 'cluster3106249630_3106249631_J60_J61_#5more': -261705.5}, {'J10': 13, 'J11': 32, 'J12': 20, 'J13': 28, 'cluster3106249630_3106249631_J60_J61_#5more': 36}, {'J10': 19, 'J11': 50, 'J12': 80, 'J13': 45, 'cluster3106249630_3106249631_J60_J61_#5more': 74}, 
2455.0, {'J10': -47997.0, 'J11': -211071.5, 'J12': -135151.5, 'J13': -40469.0, 'cluster3106249630_3106249631_J60_J61_#5more': -262445.5}, {'J10': 13, 'J11': 32, 'J12': 20, 'J13': 28, 'cluster3106249630_3106249631_J60_J61_#5more': 36}, {'J10': 18, 'J11': 50, 'J12': 80, 'J13': 45, 'cluster3106249630_3106249631_J60_J61_#5more': 74}, 
2460.0, {'J10': -48177.0, 'J11': -211578.0, 'J12': -135952.0, 'J13': -40919.0, 'cluster3106249630_3106249631_J60_J61_#5more': -263185.5}, {'J10': 13, 'J11': 32, 'J12': 20, 'J13': 28, 'cluster3106249630_3106249631_J60_J61_#5more': 36}, {'J10': 18, 'J11': 52, 'J12': 81, 'J13': 45, 'cluster3106249630_3106249631_J60_J61_#5more': 74}, 
2465.0, {'J10': -48357.0, 'J11': -212098.0, 'J12': -136762.0, 'J13': -41369.0, 'cluster3106249630_3106249631_J60_J61_#5more': -263665.0}, {'J10': 13, 'J11': 32, 'J12': 20, 'J13': 28, 'cluster3106249630_3106249631_J60_J61_#5more': 36}, {'J10': 18, 'J11': 52, 'J12': 81, 'J13': 45, 'cluster3106249630_3106249631_J60_J61_#5more': 73}, 
2470.0, {'J10': -48537.0, 'J11': -212541.5, 'J12': -133035.5, 'J13': -41819.0, 'cluster3106249630_3106249631_J60_J61_#5more': -264395.0}, {'J10': 13, 'J11': 32, 'J12': 20, 'J13': 28, 'cluster3106249630_3106249631_J60_J61_#5more': 36}, {'J10': 18, 'J11': 50, 'J12': 75, 'J13': 45, 'cluster3106249630_3106249631_J60_J61_#5more': 73}, 
2475.0, {'J10': -48717.0, 'J11': -213041.5, 'J12': -133785.5, 'J13': -42269.0, 'cluster3106249630_3106249631_J60_J61_#5more': -265128.0}, {'J10': 13, 'J11': 32, 'J12': 20, 'J13': 28, 'cluster3106249630_3106249631_J60_J61_#5more': 36}, {'J10': 18, 'J11': 50, 'J12': 75, 'J13': 45, 'cluster3106249630_3106249631_J60_J61_#5more': 74}, 
2480.0, {'J10': -48897.0, 'J11': -213546.0, 'J12': -134538.0, 'J13': -42719.0, 'cluster3106249630_3106249631_J60_J61_#5more': -265868.0}, {'J10': 13, 'J11': 32, 'J12': 20, 'J13': 28, 'cluster3106249630_3106249631_J60_J61_#5more': 36}, {'J10': 18, 'J11': 51, 'J12': 79, 'J13': 45, 'cluster3106249630_3106249631_J60_J61_#5more': 74}, 
2485.0, {'J10': -49077.0, 'J11': -214063.5, 'J12': -135328.0, 'J13': -40050.0, 'cluster3106249630_3106249631_J60_J61_#5more': -266608.0}, {'J10': 13, 'J11': 32, 'J12': 20, 'J13': 26, 'cluster3106249630_3106249631_J60_J61_#5more': 36}, {'J10': 18, 'J11': 54, 'J12': 79, 'J13': 41, 'cluster3106249630_3106249631_J60_J61_#5more': 74}, 
2490.0, {'J10': -49257.0, 'J11': -214603.5, 'J12': -136118.0, 'J13': -37438.5, 'cluster3106249630_3106249631_J60_J61_#5more': -267348.0}, {'J10': 13, 'J11': 32, 'J12': 20, 'J13': 24, 'cluster3106249630_3106249631_J60_J61_#5more': 36}, {'J10': 18, 'J11': 54, 'J12': 79, 'J13': 37, 'cluster3106249630_3106249631_J60_J61_#5more': 74}, 
2495.0, {'J10': -49437.0, 'J11': -215102.5, 'J12': -136908.0, 'J13': -37814.5, 'cluster3106249630_3106249631_J60_J61_#5more': -268088.0}, {'J10': 13, 'J11': 32, 'J12': 20, 'J13': 24, 'cluster3106249630_3106249631_J60_J61_#5more': 36}, {'J10': 18, 'J11': 53, 'J12': 79, 'J13': 39, 'cluster3106249630_3106249631_J60_J61_#5more': 74}, 
2500.0, {'J10': -49617.0, 'J11': -215620.0, 'J12': -136847.5, 'J13': -38204.5, 'cluster3106249630_3106249631_J60_J61_#5more': -268828.0}, {'J10': 13, 'J11': 32, 'J12': 20, 'J13': 24, 'cluster3106249630_3106249631_J60_J61_#5more': 36}, {'J10': 18, 'J11': 52, 'J12': 78, 'J13': 39, 'cluster3106249630_3106249631_J60_J61_#5more': 74}, 
2505.0, {'J10': -49797.0, 'J11': -216143.0, 'J12': -137627.5, 'J13': -38594.5, 'cluster3106249630_3106249631_J60_J61_#5more': -269233.5}, {'J10': 13, 'J11': 32, 'J12': 20, 'J13': 24, 'cluster3106249630_3106249631_J60_J61_#5more': 36}, {'J10': 18, 'J11': 54, 'J12': 78, 'J13': 39, 'cluster3106249630_3106249631_J60_J61_#5more': 73}, 
2510.0, {'J10': -49977.0, 'J11': -216660.0, 'J12': -138411.5, 'J13': -38993.5, 'cluster3106249630_3106249631_J60_J61_#5more': -269963.5}, {'J10': 13, 'J11': 32, 'J12': 20, 'J13': 27, 'cluster3106249630_3106249631_J60_J61_#5more': 36}, {'J10': 18, 'J11': 52, 'J12': 79, 'J13': 42, 'cluster3106249630_3106249631_J60_J61_#5more': 73}, 
2515.0, {'J10': -50157.0, 'J11': -217180.0, 'J12': -139201.5, 'J13': -39418.0, 'cluster3106249630_3106249631_J60_J61_#5more': -270448.5}, {'J10': 13, 'J11': 32, 'J12': 20, 'J13': 28, 'cluster3106249630_3106249631_J60_J61_#5more': 36}, {'J10': 18, 'J11': 52, 'J12': 79, 'J13': 43, 'cluster3106249630_3106249631_J60_J61_#5more': 72}, 
2520.0, {'J10': -50337.0, 'J11': -217700.0, 'J12': -139991.5, 'J13': -39848.0, 'cluster3106249630_3106249631_J60_J61_#5more': -271168.5}, {'J10': 13, 'J11': 32, 'J12': 20, 'J13': 28, 'cluster3106249630_3106249631_J60_J61_#5more': 36}, {'J10': 18, 'J11': 52, 'J12': 79, 'J13': 43, 'cluster3106249630_3106249631_J60_J61_#5more': 72}, 
2525.0, {'J10': -50517.0, 'J11': -218220.0, 'J12': -140781.5, 'J13': -40278.0, 'cluster3106249630_3106249631_J60_J61_#5more': -271892.0}, {'J10': 13, 'J11': 32, 'J12': 20, 'J13': 28, 'cluster3106249630_3106249631_J60_J61_#5more': 36}, {'J10': 18, 'J11': 52, 'J12': 79, 'J13': 43, 'cluster3106249630_3106249631_J60_J61_#5more': 74}, 
2530.0, {'J10': -50697.0, 'J11': -218740.0, 'J12': -141571.5, 'J13': -40708.0, 'cluster3106249630_3106249631_J60_J61_#5more': -272637.5}, {'J10': 13, 'J11': 32, 'J12': 20, 'J13': 28, 'cluster3106249630_3106249631_J60_J61_#5more': 36}, {'J10': 18, 'J11': 52, 'J12': 79, 'J13': 43, 'cluster3106249630_3106249631_J60_J61_#5more': 76}, 
2535.0, {'J10': -50877.0, 'J11': -219260.0, 'J12': -137828.0, 'J13': -41138.0, 'cluster3106249630_3106249631_J60_J61_#5more': -273077.0}, {'J10': 13, 'J11': 32, 'J12': 20, 'J13': 28, 'cluster3106249630_3106249631_J60_J61_#5more': 36}, {'J10': 18, 'J11': 52, 'J12': 74, 'J13': 43, 'cluster3106249630_3106249631_J60_J61_#5more': 75}, 
2540.0, {'J10': -51057.0, 'J11': -219780.0, 'J12': -138568.0, 'J13': -41568.0, 'cluster3106249630_3106249631_J60_J61_#5more': -273802.0}, {'J10': 13, 'J11': 32, 'J12': 20, 'J13': 28, 'cluster3106249630_3106249631_J60_J61_#5more': 36}, {'J10': 18, 'J11': 52, 'J12': 74, 'J13': 43, 'cluster3106249630_3106249631_J60_J61_#5more': 77}, 
2545.0, {'J10': -51237.0, 'J11': -220300.0, 'J12': -139310.5, 'J13': -41998.0, 'cluster3106249630_3106249631_J60_J61_#5more': -274576.0}, {'J10': 13, 'J11': 32, 'J12': 20, 'J13': 28, 'cluster3106249630_3106249631_J60_J61_#5more': 36}, {'J10': 18, 'J11': 52, 'J12': 76, 'J13': 43, 'cluster3106249630_3106249631_J60_J61_#5more': 79}, 
2550.0, {'J10': -51417.0, 'J11': -220821.5, 'J12': -139197.5, 'J13': -37433.5, 'cluster3106249630_3106249631_J60_J61_#5more': -275314.5}, {'J10': 13, 'J11': 32, 'J12': 20, 'J13': 24, 'cluster3106249630_3106249631_J60_J61_#5more': 36}, {'J10': 18, 'J11': 53, 'J12': 77, 'J13': 38, 'cluster3106249630_3106249631_J60_J61_#5more': 78}, 
2555.0, {'J10': -51597.0, 'J11': -221351.5, 'J12': -138235.0, 'J13': -37561.5, 'cluster3106249630_3106249631_J60_J61_#5more': -276098.5}, {'J10': 13, 'J11': 32, 'J12': 20, 'J13': 24, 'cluster3106249630_3106249631_J60_J61_#5more': 36}, {'J10': 18, 'J11': 53, 'J12': 75, 'J13': 37, 'cluster3106249630_3106249631_J60_J61_#5more': 80}, 
2560.0, {'J10': -51777.0, 'J11': -221881.5, 'J12': -138985.0, 'J13': -37932.0, 'cluster3106249630_3106249631_J60_J61_#5more': -273599.0}, {'J10': 13, 'J11': 32, 'J12': 20, 'J13': 24, 'cluster3106249630_3106249631_J60_J61_#5more': 36}, {'J10': 18, 'J11': 53, 'J12': 75, 'J13': 38, 'cluster3106249630_3106249631_J60_J61_#5more': 80}, 
2565.0, {'J10': -51957.0, 'J11': -222411.5, 'J12': -139735.5, 'J13': -38312.0, 'cluster3106249630_3106249631_J60_J61_#5more': -274407.0}, {'J10': 13, 'J11': 32, 'J12': 20, 'J13': 24, 'cluster3106249630_3106249631_J60_J61_#5more': 36}, {'J10': 18, 'J11': 53, 'J12': 76, 'J13': 38, 'cluster3106249630_3106249631_J60_J61_#5more': 83}, 
2570.0, {'J10': -52137.0, 'J11': -222947.5, 'J12': -140495.5, 'J13': -38692.0, 'cluster3106249630_3106249631_J60_J61_#5more': -275044.0}, {'J10': 13, 'J11': 32, 'J12': 20, 'J13': 24, 'cluster3106249630_3106249631_J60_J61_#5more': 36}, {'J10': 18, 'J11': 55, 'J12': 76, 'J13': 38, 'cluster3106249630_3106249631_J60_J61_#5more': 81}, 
2575.0, {'J10': -52317.0, 'J11': -223505.5, 'J12': -141255.5, 'J13': -39085.0, 'cluster3106249630_3106249631_J60_J61_#5more': -275561.5}, {'J10': 13, 'J11': 32, 'J12': 20, 'J13': 28, 'cluster3106249630_3106249631_J60_J61_#5more': 36}, {'J10': 18, 'J11': 57, 'J12': 76, 'J13': 42, 'cluster3106249630_3106249631_J60_J61_#5more': 77}, 
2580.0, {'J10': -52498.5, 'J11': -224015.0, 'J12': -142024.5, 'J13': -39505.0, 'cluster3106249630_3106249631_J60_J61_#5more': -276053.0}, {'J10': 13, 'J11': 32, 'J12': 20, 'J13': 28, 'cluster3106249630_3106249631_J60_J61_#5more': 36}, {'J10': 19, 'J11': 54, 'J12': 78, 'J13': 42, 'cluster3106249630_3106249631_J60_J61_#5more': 73}, 
2585.0, {'J10': -52677.0, 'J11': -224531.5, 'J12': -142804.5, 'J13': -39925.0, 'cluster3106249630_3106249631_J60_J61_#5more': -276669.5}, {'J10': 13, 'J11': 32, 'J12': 20, 'J13': 28, 'cluster3106249630_3106249631_J60_J61_#5more': 36}, {'J10': 18, 'J11': 53, 'J12': 78, 'J13': 42, 'cluster3106249630_3106249631_J60_J61_#5more': 74}, 
2590.0, {'J10': -52857.0, 'J11': -225061.5, 'J12': -143585.0, 'J13': -40345.0, 'cluster3106249630_3106249631_J60_J61_#5more': -277366.0}, {'J10': 13, 'J11': 32, 'J12': 20, 'J13': 28, 'cluster3106249630_3106249631_J60_J61_#5more': 36}, {'J10': 18, 'J11': 53, 'J12': 79, 'J13': 42, 'cluster3106249630_3106249631_J60_J61_#5more': 73}, 
2595.0, {'J10': -53037.0, 'J11': -225591.5, 'J12': -144375.0, 'J13': -40765.0, 'cluster3106249630_3106249631_J60_J61_#5more': -278096.0}, {'J10': 13, 'J11': 32, 'J12': 20, 'J13': 28, 'cluster3106249630_3106249631_J60_J61_#5more': 36}, {'J10': 18, 'J11': 53, 'J12': 79, 'J13': 42, 'cluster3106249630_3106249631_J60_J61_#5more': 73}, 
2600.0, {'J10': -53217.0, 'J11': -226121.5, 'J12': -142697.0, 'J13': -41185.0, 'cluster3106249630_3106249631_J60_J61_#5more': -278785.0}, {'J10': 13, 'J11': 32, 'J12': 20, 'J13': 28, 'cluster3106249630_3106249631_J60_J61_#5more': 36}, {'J10': 18, 'J11': 53, 'J12': 74, 'J13': 42, 'cluster3106249630_3106249631_J60_J61_#5more': 72}, 
2605.0, {'J10': -53397.0, 'J11': -226651.5, 'J12': -143437.0, 'J13': -41605.0, 'cluster3106249630_3106249631_J60_J61_#5more': -279507.0}, {'J10': 13, 'J11': 32, 'J12': 20, 'J13': 28, 'cluster3106249630_3106249631_J60_J61_#5more': 36}, {'J10': 18, 'J11': 53, 'J12': 74, 'J13': 42, 'cluster3106249630_3106249631_J60_J61_#5more': 73}, 
2610.0, {'J10': -53577.0, 'J11': -227181.5, 'J12': -144146.0, 'J13': -42025.0, 'cluster3106249630_3106249631_J60_J61_#5more': -280237.0}, {'J10': 13, 'J11': 32, 'J12': 20, 'J13': 28, 'cluster3106249630_3106249631_J60_J61_#5more': 36}, {'J10': 18, 'J11': 53, 'J12': 76, 'J13': 42, 'cluster3106249630_3106249631_J60_J61_#5more': 73}, 
2615.0, {'J10': -53757.0, 'J11': -227711.5, 'J12': -144918.5, 'J13': -42201.0, 'cluster3106249630_3106249631_J60_J61_#5more': -280967.0}, {'J10': 13, 'J11': 32, 'J12': 20, 'J13': 28, 'cluster3106249630_3106249631_J60_J61_#5more': 36}, {'J10': 18, 'J11': 53, 'J12': 79, 'J13': 41, 'cluster3106249630_3106249631_J60_J61_#5more': 73}, 
2620.0, {'J10': -53937.0, 'J11': -228241.5, 'J12': -144650.5, 'J13': -41098.0, 'cluster3106249630_3106249631_J60_J61_#5more': -281701.0}, {'J10': 13, 'J11': 32, 'J12': 20, 'J13': 27, 'cluster3106249630_3106249631_J60_J61_#5more': 36}, {'J10': 18, 'J11': 53, 'J12': 79, 'J13': 39, 'cluster3106249630_3106249631_J60_J61_#5more': 74}, 
2625.0, {'J10': -54117.0, 'J11': -228775.0, 'J12': -144428.0, 'J13': -41491.0, 'cluster3106249630_3106249631_J60_J61_#5more': -282357.0}, {'J10': 13, 'J11': 32, 'J12': 20, 'J13': 27, 'cluster3106249630_3106249631_J60_J61_#5more': 36}, {'J10': 18, 'J11': 54, 'J12': 78, 'J13': 40, 'cluster3106249630_3106249631_J60_J61_#5more': 73}, 
2630.0, {'J10': -54297.0, 'J11': -229301.5, 'J12': -145208.0, 'J13': -41891.0, 'cluster3106249630_3106249631_J60_J61_#5more': -282995.0}, {'J10': 13, 'J11': 32, 'J12': 20, 'J13': 27, 'cluster3106249630_3106249631_J60_J61_#5more': 36}, {'J10': 18, 'J11': 53, 'J12': 78, 'J13': 40, 'cluster3106249630_3106249631_J60_J61_#5more': 72}, 
2635.0, {'J10': -54481.5, 'J11': -229831.5, 'J12': -145988.0, 'J13': -42295.5, 'cluster3106249630_3106249631_J60_J61_#5more': -283653.0}, {'J10': 13, 'J11': 32, 'J12': 20, 'J13': 28, 'cluster3106249630_3106249631_J60_J61_#5more': 36}, {'J10': 19, 'J11': 53, 'J12': 78, 'J13': 41, 'cluster3106249630_3106249631_J60_J61_#5more': 71}, 
2640.0, {'J10': -54671.5, 'J11': -230361.5, 'J12': -146770.0, 'J13': -42705.5, 'cluster3106249630_3106249631_J60_J61_#5more': -284363.0}, {'J10': 13, 'J11': 32, 'J12': 20, 'J13': 28, 'cluster3106249630_3106249631_J60_J61_#5more': 36}, {'J10': 19, 'J11': 53, 'J12': 80, 'J13': 41, 'cluster3106249630_3106249631_J60_J61_#5more': 71}, 
2645.0, {'J10': -54837.0, 'J11': -230895.5, 'J12': -147570.0, 'J13': -43115.5, 'cluster3106249630_3106249631_J60_J61_#5more': -285084.0}, {'J10': 13, 'J11': 32, 'J12': 20, 'J13': 28, 'cluster3106249630_3106249631_J60_J61_#5more': 36}, {'J10': 18, 'J11': 54, 'J12': 80, 'J13': 41, 'cluster3106249630_3106249631_J60_J61_#5more': 74}, 
2650.0, {'J10': -55017.5, 'J11': -231435.5, 'J12': -148370.0, 'J13': -43525.5, 'cluster3106249630_3106249631_J60_J61_#5more': -285824.0}, {'J10': 13, 'J11': 32, 'J12': 20, 'J13': 28, 'cluster3106249630_3106249631_J60_J61_#5more': 36}, {'J10': 19, 'J11': 54, 'J12': 80, 'J13': 41, 'cluster3106249630_3106249631_J60_J61_#5more': 74}, 
2655.0, {'J10': -55207.5, 'J11': -231975.5, 'J12': -149170.0, 'J13': -43935.5, 'cluster3106249630_3106249631_J60_J61_#5more': -286564.0}, {'J10': 13, 'J11': 32, 'J12': 20, 'J13': 28, 'cluster3106249630_3106249631_J60_J61_#5more': 36}, {'J10': 19, 'J11': 54, 'J12': 80, 'J13': 41, 'cluster3106249630_3106249631_J60_J61_#5more': 74}, 
2660.0, {'J10': -55397.5, 'J11': -232515.5, 'J12': -149970.0, 'J13': -44345.5, 'cluster3106249630_3106249631_J60_J61_#5more': -287304.0}, {'J10': 13, 'J11': 32, 'J12': 20, 'J13': 28, 'cluster3106249630_3106249631_J60_J61_#5more': 36}, {'J10': 19, 'J11': 54, 'J12': 80, 'J13': 41, 'cluster3106249630_3106249631_J60_J61_#5more': 74}, 
2665.0, {'J10': -55587.5, 'J11': -233055.5, 'J12': -145295.5, 'J13': -44755.5, 'cluster3106249630_3106249631_J60_J61_#5more': -287950.0}, {'J10': 13, 'J11': 32, 'J12': 20, 'J13': 28, 'cluster3106249630_3106249631_J60_J61_#5more': 36}, {'J10': 19, 'J11': 54, 'J12': 74, 'J13': 41, 'cluster3106249630_3106249631_J60_J61_#5more': 73}, 
2670.0, {'J10': -55777.5, 'J11': -233599.5, 'J12': -146035.5, 'J13': -45165.5, 'cluster3106249630_3106249631_J60_J61_#5more': -288680.0}, {'J10': 13, 'J11': 32, 'J12': 20, 'J13': 28, 'cluster3106249630_3106249631_J60_J61_#5more': 36}, {'J10': 19, 'J11': 55, 'J12': 74, 'J13': 41, 'cluster3106249630_3106249631_J60_J61_#5more': 73}, 
2675.0, {'J10': -55967.5, 'J11': -234135.5, 'J12': -146755.0, 'J13': -45575.5, 'cluster3106249630_3106249631_J60_J61_#5more': -289414.5}, {'J10': 13, 'J11': 32, 'J12': 20, 'J13': 28, 'cluster3106249630_3106249631_J60_J61_#5more': 36}, {'J10': 19, 'J11': 54, 'J12': 75, 'J13': 41, 'cluster3106249630_3106249631_J60_J61_#5more': 74}, 
2680.0, {'J10': -56157.5, 'J11': -234675.5, 'J12': -147518.0, 'J13': -40749.0, 'cluster3106249630_3106249631_J60_J61_#5more': -290079.5}, {'J10': 13, 'J11': 32, 'J12': 20, 'J13': 24, 'cluster3106249630_3106249631_J60_J61_#5more': 36}, {'J10': 19, 'J11': 54, 'J12': 78, 'J13': 35, 'cluster3106249630_3106249631_J60_J61_#5more': 73}, 
2685.0, {'J10': -56347.5, 'J11': -235215.5, 'J12': -148298.0, 'J13': -40346.0, 'cluster3106249630_3106249631_J60_J61_#5more': -290725.5}, {'J10': 13, 'J11': 32, 'J12': 20, 'J13': 24, 'cluster3106249630_3106249631_J60_J61_#5more': 36}, {'J10': 19, 'J11': 54, 'J12': 78, 'J13': 33, 'cluster3106249630_3106249631_J60_J61_#5more': 72}, 
2690.0, {'J10': -56537.5, 'J11': -235755.5, 'J12': -149078.0, 'J13': -40682.5, 'cluster3106249630_3106249631_J60_J61_#5more': -291319.0}, {'J10': 13, 'J11': 32, 'J12': 20, 'J13': 24, 'cluster3106249630_3106249631_J60_J61_#5more': 36}, {'J10': 19, 'J11': 54, 'J12': 78, 'J13': 35, 'cluster3106249630_3106249631_J60_J61_#5more': 70}, 
2695.0, {'J10': -56728.0, 'J11': -236295.5, 'J12': -149858.0, 'J13': -41032.5, 'cluster3106249630_3106249631_J60_J61_#5more': -292019.0}, {'J10': 13, 'J11': 32, 'J12': 20, 'J13': 24, 'cluster3106249630_3106249631_J60_J61_#5more': 36}, {'J10': 20, 'J11': 54, 'J12': 78, 'J13': 35, 'cluster3106249630_3106249631_J60_J61_#5more': 70}, 
2700.0, {'J10': -56928.0, 'J11': -236835.5, 'J12': -150638.0, 'J13': -41382.5, 'cluster3106249630_3106249631_J60_J61_#5more': -292719.0}, {'J10': 13, 'J11': 32, 'J12': 20, 'J13': 24, 'cluster3106249630_3106249631_J60_J61_#5more': 36}, {'J10': 20, 'J11': 54, 'J12': 78, 'J13': 35, 'cluster3106249630_3106249631_J60_J61_#5more': 70}, 
2705.0, {'J10': -57128.0, 'J11': -237377.5, 'J12': -151418.0, 'J13': -41744.5, 'cluster3106249630_3106249631_J60_J61_#5more': -293419.0}, {'J10': 13, 'J11': 32, 'J12': 20, 'J13': 28, 'cluster3106249630_3106249631_J60_J61_#5more': 36}, {'J10': 20, 'J11': 55, 'J12': 78, 'J13': 39, 'cluster3106249630_3106249631_J60_J61_#5more': 70}, 
2710.0, {'J10': -57209.0, 'J11': -237915.5, 'J12': -152198.0, 'J13': -42134.5, 'cluster3106249630_3106249631_J60_J61_#5more': -294119.0}, {'J10': 13, 'J11': 32, 'J12': 20, 'J13': 28, 'cluster3106249630_3106249631_J60_J61_#5more': 36}, {'J10': 20, 'J11': 54, 'J12': 78, 'J13': 39, 'cluster3106249630_3106249631_J60_J61_#5more': 70}, 
2715.0, {'J10': -57358.0, 'J11': -238455.5, 'J12': -152978.0, 'J13': -42524.5, 'cluster3106249630_3106249631_J60_J61_#5more': -294819.0}, {'J10': 13, 'J11': 32, 'J12': 20, 'J13': 28, 'cluster3106249630_3106249631_J60_J61_#5more': 36}, {'J10': 19, 'J11': 54, 'J12': 78, 'J13': 39, 'cluster3106249630_3106249631_J60_J61_#5more': 70}, 
2720.0, {'J10': -57551.0, 'J11': -238995.5, 'J12': -153758.0, 'J13': -42914.5, 'cluster3106249630_3106249631_J60_J61_#5more': -295521.0}, {'J10': 13, 'J11': 32, 'J12': 20, 'J13': 28, 'cluster3106249630_3106249631_J60_J61_#5more': 36}, {'J10': 20, 'J11': 54, 'J12': 78, 'J13': 39, 'cluster3106249630_3106249631_J60_J61_#5more': 71}, 
2725.0, {'J10': -57751.0, 'J11': -239535.5, 'J12': -154538.0, 'J13': -43304.5, 'cluster3106249630_3106249631_J60_J61_#5more': -296240.5}, {'J10': 13, 'J11': 32, 'J12': 20, 'J13': 28, 'cluster3106249630_3106249631_J60_J61_#5more': 36}, {'J10': 20, 'J11': 54, 'J12': 78, 'J13': 39, 'cluster3106249630_3106249631_J60_J61_#5more': 74}, 
2730.0, {'J10': -57951.0, 'J11': -240075.5, 'J12': -153581.0, 'J13': -43694.5, 'cluster3106249630_3106249631_J60_J61_#5more': -296980.5}, {'J10': 13, 'J11': 32, 'J12': 20, 'J13': 28, 'cluster3106249630_3106249631_J60_J61_#5more': 36}, {'J10': 20, 'J11': 54, 'J12': 74, 'J13': 39, 'cluster3106249630_3106249631_J60_J61_#5more': 74}, 
2735.0, {'J10': -58151.0, 'J11': -240615.5, 'J12': -153939.0, 'J13': -44084.5, 'cluster3106249630_3106249631_J60_J61_#5more': -297720.5}, {'J10': 13, 'J11': 32, 'J12': 20, 'J13': 28, 'cluster3106249630_3106249631_J60_J61_#5more': 36}, {'J10': 20, 'J11': 54, 'J12': 73, 'J13': 39, 'cluster3106249630_3106249631_J60_J61_#5more': 74}, 
2740.0, {'J10': -58351.0, 'J11': -241155.5, 'J12': -154706.5, 'J13': -44474.5, 'cluster3106249630_3106249631_J60_J61_#5more': -298460.5}, {'J10': 13, 'J11': 32, 'J12': 20, 'J13': 28, 'cluster3106249630_3106249631_J60_J61_#5more': 36}, {'J10': 20, 'J11': 54, 'J12': 76, 'J13': 39, 'cluster3106249630_3106249631_J60_J61_#5more': 74}, 
2745.0, {'J10': -58551.0, 'J11': -241695.5, 'J12': -155475.0, 'J13': -40890.5, 'cluster3106249630_3106249631_J60_J61_#5more': -299200.5}, {'J10': 13, 'J11': 32, 'J12': 20, 'J13': 25, 'cluster3106249630_3106249631_J60_J61_#5more': 36}, {'J10': 20, 'J11': 54, 'J12': 78, 'J13': 34, 'cluster3106249630_3106249631_J60_J61_#5more': 74}, 
2750.0, {'J10': -58751.0, 'J11': -242235.5, 'J12': -155003.0, 'J13': -41106.5, 'cluster3106249630_3106249631_J60_J61_#5more': -299878.5}, {'J10': 13, 'J11': 32, 'J12': 20, 'J13': 25, 'cluster3106249630_3106249631_J60_J61_#5more': 36}, {'J10': 20, 'J11': 54, 'J12': 78, 'J13': 33, 'cluster3106249630_3106249631_J60_J61_#5more': 73}, 
2755.0, {'J10': -58951.0, 'J11': -242779.0, 'J12': -154511.5, 'J13': -41442.5, 'cluster3106249630_3106249631_J60_J61_#5more': -300609.5}, {'J10': 13, 'J11': 32, 'J12': 20, 'J13': 25, 'cluster3106249630_3106249631_J60_J61_#5more': 36}, {'J10': 20, 'J11': 55, 'J12': 77, 'J13': 35, 'cluster3106249630_3106249631_J60_J61_#5more': 75}, 
2760.0, {'J10': -59151.0, 'J11': -243334.0, 'J12': -155281.5, 'J13': -41792.5, 'cluster3106249630_3106249631_J60_J61_#5more': -301350.0}, {'J10': 13, 'J11': 32, 'J12': 20, 'J13': 25, 'cluster3106249630_3106249631_J60_J61_#5more': 36}, {'J10': 20, 'J11': 57, 'J12': 77, 'J13': 35, 'cluster3106249630_3106249631_J60_J61_#5more': 75}, 
2765.0, {'J10': -59351.0, 'J11': -243907.5, 'J12': -156051.5, 'J13': -42142.5, 'cluster3106249630_3106249631_J60_J61_#5more': -302104.5}, {'J10': 13, 'J11': 32, 'J12': 20, 'J13': 25, 'cluster3106249630_3106249631_J60_J61_#5more': 36}, {'J10': 20, 'J11': 59, 'J12': 77, 'J13': 35, 'cluster3106249630_3106249631_J60_J61_#5more': 76}, 
2770.0, {'J10': -59551.0, 'J11': -244498.5, 'J12': -155590.5, 'J13': -42503.0, 'cluster3106249630_3106249631_J60_J61_#5more': -302769.5}, {'J10': 13, 'J11': 32, 'J12': 20, 'J13': 28, 'cluster3106249630_3106249631_J60_J61_#5more': 36}, {'J10': 20, 'J11': 60, 'J12': 76, 'J13': 38, 'cluster3106249630_3106249631_J60_J61_#5more': 75}, 
2775.0, {'J10': -59633.0, 'J11': -245098.5, 'J12': -156350.5, 'J13': -42883.0, 'cluster3106249630_3106249631_J60_J61_#5more': -303416.0}, {'J10': 13, 'J11': 32, 'J12': 20, 'J13': 28, 'cluster3106249630_3106249631_J60_J61_#5more': 36}, {'J10': 20, 'J11': 60, 'J12': 76, 'J13': 38, 'cluster3106249630_3106249631_J60_J61_#5more': 74}, 
2780.0, {'J10': -59698.0, 'J11': -245677.5, 'J12': -157110.5, 'J13': -43263.0, 'cluster3106249630_3106249631_J60_J61_#5more': -304156.5}, {'J10': 13, 'J11': 32, 'J12': 20, 'J13': 28, 'cluster3106249630_3106249631_J60_J61_#5more': 36}, {'J10': 19, 'J11': 59, 'J12': 76, 'J13': 38, 'cluster3106249630_3106249631_J60_J61_#5more': 75}, 
2785.0, {'J10': -59891.0, 'J11': -246208.5, 'J12': -157870.5, 'J13': -43643.0, 'cluster3106249630_3106249631_J60_J61_#5more': -304910.0}, {'J10': 13, 'J11': 32, 'J12': 20, 'J13': 28, 'cluster3106249630_3106249631_J60_J61_#5more': 36}, {'J10': 20, 'J11': 59, 'J12': 76, 'J13': 38, 'cluster3106249630_3106249631_J60_J61_#5more': 76}, 
2790.0, {'J10': -60091.0, 'J11': -246734.0, 'J12': -158641.0, 'J13': -44023.0, 'cluster3106249630_3106249631_J60_J61_#5more': -305670.0}, {'J10': 13, 'J11': 32, 'J12': 20, 'J13': 28, 'cluster3106249630_3106249631_J60_J61_#5more': 36}, {'J10': 20, 'J11': 58, 'J12': 80, 'J13': 38, 'cluster3106249630_3106249631_J60_J61_#5more': 76}, 
2795.0, {'J10': -60291.0, 'J11': -247181.0, 'J12': -157987.5, 'J13': -44403.0, 'cluster3106249630_3106249631_J60_J61_#5more': -306430.0}, {'J10': 13, 'J11': 32, 'J12': 20, 'J13': 28, 'cluster3106249630_3106249631_J60_J61_#5more': 36}, {'J10': 20, 'J11': 56, 'J12': 76, 'J13': 38, 'cluster3106249630_3106249631_J60_J61_#5more': 76}, 
2800.0, {'J10': -60491.0, 'J11': -247635.5, 'J12': -158373.5, 'J13': -44783.0, 'cluster3106249630_3106249631_J60_J61_#5more': -307039.0}, {'J10': 13, 'J11': 32, 'J12': 20, 'J13': 28, 'cluster3106249630_3106249631_J60_J61_#5more': 36}, {'J10': 20, 'J11': 54, 'J12': 75, 'J13': 38, 'cluster3106249630_3106249631_J60_J61_#5more': 75}, 
2805.0, {'J10': -60691.0, 'J11': -248175.5, 'J12': -159125.0, 'J13': -45163.0, 'cluster3106249630_3106249631_J60_J61_#5more': -307654.5}, {'J10': 13, 'J11': 32, 'J12': 20, 'J13': 28, 'cluster3106249630_3106249631_J60_J61_#5more': 36}, {'J10': 20, 'J11': 54, 'J12': 78, 'J13': 38, 'cluster3106249630_3106249631_J60_J61_#5more': 73}, 
2810.0, {'J10': -60891.0, 'J11': -248715.5, 'J12': -159914.0, 'J13': -43306.0, 'cluster3106249630_3106249631_J60_J61_#5more': -308324.0}, {'J10': 13, 'J11': 32, 'J12': 20, 'J13': 26, 'cluster3106249630_3106249631_J60_J61_#5more': 36}, {'J10': 20, 'J11': 54, 'J12': 80, 'J13': 35, 'cluster3106249630_3106249631_J60_J61_#5more': 72}, 
2815.0, {'J10': -61091.0, 'J11': -249255.5, 'J12': -159242.5, 'J13': -41525.5, 'cluster3106249630_3106249631_J60_J61_#5more': -309044.0}, {'J10': 13, 'J11': 32, 'J12': 20, 'J13': 24, 'cluster3106249630_3106249631_J60_J61_#5more': 36}, {'J10': 20, 'J11': 54, 'J12': 79, 'J13': 32, 'cluster3106249630_3106249631_J60_J61_#5more': 72}, 
2820.0, {'J10': -61291.0, 'J11': -249796.5, 'J12': -158561.5, 'J13': -41849.5, 'cluster3106249630_3106249631_J60_J61_#5more': -309764.0}, {'J10': 13, 'J11': 32, 'J12': 20, 'J13': 24, 'cluster3106249630_3106249631_J60_J61_#5more': 36}, {'J10': 20, 'J11': 55, 'J12': 78, 'J13': 33, 'cluster3106249630_3106249631_J60_J61_#5more': 72}, 
2825.0, {'J10': -61491.0, 'J11': -250335.5, 'J12': -159342.0, 'J13': -42179.5, 'cluster3106249630_3106249631_J60_J61_#5more': -310484.0}, {'J10': 13, 'J11': 32, 'J12': 20, 'J13': 24, 'cluster3106249630_3106249631_J60_J61_#5more': 36}, {'J10': 20, 'J11': 54, 'J12': 79, 'J13': 33, 'cluster3106249630_3106249631_J60_J61_#5more': 72}, 
2830.0, {'J10': -61691.0, 'J11': -250875.5, 'J12': -160132.0, 'J13': -42511.0, 'cluster3106249630_3106249631_J60_J61_#5more': -311204.0}, {'J10': 13, 'J11': 32, 'J12': 20, 'J13': 25, 'cluster3106249630_3106249631_J60_J61_#5more': 36}, {'J10': 20, 'J11': 54, 'J12': 79, 'J13': 34, 'cluster3106249630_3106249631_J60_J61_#5more': 72}, 
2835.0, {'J10': -61891.0, 'J11': -251415.5, 'J12': -159552.5, 'J13': -42861.0, 'cluster3106249630_3106249631_J60_J61_#5more': -311927.0}, {'J10': 13, 'J11': 32, 'J12': 20, 'J13': 28, 'cluster3106249630_3106249631_J60_J61_#5more': 36}, {'J10': 20, 'J11': 54, 'J12': 79, 'J13': 37, 'cluster3106249630_3106249631_J60_J61_#5more': 73}, 
2840.0, {'J10': -61971.5, 'J11': -251955.5, 'J12': -160342.5, 'J13': -43231.0, 'cluster3106249630_3106249631_J60_J61_#5more': -312644.0}, {'J10': 13, 'J11': 32, 'J12': 20, 'J13': 28, 'cluster3106249630_3106249631_J60_J61_#5more': 36}, {'J10': 20, 'J11': 54, 'J12': 79, 'J13': 37, 'cluster3106249630_3106249631_J60_J61_#5more': 72}, 
2845.0, {'J10': -62160.0, 'J11': -252495.5, 'J12': -161133.0, 'J13': -43601.0, 'cluster3106249630_3106249631_J60_J61_#5more': -313364.0}, {'J10': 13, 'J11': 32, 'J12': 20, 'J13': 28, 'cluster3106249630_3106249631_J60_J61_#5more': 36}, {'J10': 19, 'J11': 54, 'J12': 80, 'J13': 37, 'cluster3106249630_3106249631_J60_J61_#5more': 72}, 
2850.0, {'J10': -62353.5, 'J11': -253035.5, 'J12': -161933.0, 'J13': -43971.0, 'cluster3106249630_3106249631_J60_J61_#5more': -314084.0}, {'J10': 13, 'J11': 32, 'J12': 20, 'J13': 28, 'cluster3106249630_3106249631_J60_J61_#5more': 36}, {'J10': 20, 'J11': 54, 'J12': 80, 'J13': 37, 'cluster3106249630_3106249631_J60_J61_#5more': 72}, 
2855.0, {'J10': -62553.5, 'J11': -253575.5, 'J12': -162742.5, 'J13': -44341.0, 'cluster3106249630_3106249631_J60_J61_#5more': -314804.5}, {'J10': 13, 'J11': 32, 'J12': 20, 'J13': 28, 'cluster3106249630_3106249631_J60_J61_#5more': 36}, {'J10': 20, 'J11': 54, 'J12': 82, 'J13': 37, 'cluster3106249630_3106249631_J60_J61_#5more': 73}, 
2860.0, {'J10': -62753.5, 'J11': -254115.5, 'J12': -160292.5, 'J13': -44711.0, 'cluster3106249630_3106249631_J60_J61_#5more': -315534.5}, {'J10': 13, 'J11': 32, 'J12': 20, 'J13': 28, 'cluster3106249630_3106249631_J60_J61_#5more': 36}, {'J10': 20, 'J11': 54, 'J12': 77, 'J13': 37, 'cluster3106249630_3106249631_J60_J61_#5more': 73}, 
2865.0, {'J10': -62953.5, 'J11': -254656.0, 'J12': -160854.0, 'J13': -45081.0, 'cluster3106249630_3106249631_J60_J61_#5more': -316265.0}, {'J10': 13, 'J11': 32, 'J12': 20, 'J13': 28, 'cluster3106249630_3106249631_J60_J61_#5more': 36}, {'J10': 20, 'J11': 55, 'J12': 78, 'J13': 37, 'cluster3106249630_3106249631_J60_J61_#5more': 74}, 
2870.0, {'J10': -63153.5, 'J11': -255209.0, 'J12': -161635.0, 'J13': -45451.0, 'cluster3106249630_3106249631_J60_J61_#5more': -317010.0}, {'J10': 13, 'J11': 32, 'J12': 20, 'J13': 28, 'cluster3106249630_3106249631_J60_J61_#5more': 36}, {'J10': 20, 'J11': 56, 'J12': 80, 'J13': 37, 'cluster3106249630_3106249631_J60_J61_#5more': 76}, 
2875.0, {'J10': -63353.5, 'J11': -255769.0, 'J12': -162443.5, 'J13': -43585.5, 'cluster3106249630_3106249631_J60_J61_#5more': -317770.0}, {'J10': 13, 'J11': 32, 'J12': 20, 'J13': 26, 'cluster3106249630_3106249631_J60_J61_#5more': 36}, {'J10': 20, 'J11': 56, 'J12': 82, 'J13': 34, 'cluster3106249630_3106249631_J60_J61_#5more': 76}, 
2880.0, {'J10': -63553.5, 'J11': -256329.0, 'J12': -161740.0, 'J13': -43804.0, 'cluster3106249630_3106249631_J60_J61_#5more': -318530.0}, {'J10': 13, 'J11': 32, 'J12': 20, 'J13': 26, 'cluster3106249630_3106249631_J60_J61_#5more': 36}, {'J10': 20, 'J11': 56, 'J12': 81, 'J13': 34, 'cluster3106249630_3106249631_J60_J61_#5more': 76}, 
2885.0, {'J10': -63753.5, 'J11': -256815.5, 'J12': -162550.0, 'J13': -44131.5, 'cluster3106249630_3106249631_J60_J61_#5more': -319190.0}, {'J10': 13, 'J11': 32, 'J12': 20, 'J13': 26, 'cluster3106249630_3106249631_J60_J61_#5more': 36}, {'J10': 20, 'J11': 54, 'J12': 81, 'J13': 33, 'cluster3106249630_3106249631_J60_J61_#5more': 75}, 
2890.0, {'J10': -63953.5, 'J11': -257355.5, 'J12': -163360.0, 'J13': -44461.5, 'cluster3106249630_3106249631_J60_J61_#5more': -319886.0}, {'J10': 13, 'J11': 32, 'J12': 20, 'J13': 26, 'cluster3106249630_3106249631_J60_J61_#5more': 36}, {'J10': 20, 'J11': 54, 'J12': 81, 'J13': 33, 'cluster3106249630_3106249631_J60_J61_#5more': 73}, 
2895.0, {'J10': -64153.5, 'J11': -257898.0, 'J12': -164170.0, 'J13': -44794.5, 'cluster3106249630_3106249631_J60_J61_#5more': -320616.0}, {'J10': 13, 'J11': 32, 'J12': 20, 'J13': 28, 'cluster3106249630_3106249631_J60_J61_#5more': 36}, {'J10': 20, 'J11': 55, 'J12': 81, 'J13': 35, 'cluster3106249630_3106249631_J60_J61_#5more': 73}, 
2900.0, {'J10': -64353.5, 'J11': -258437.0, 'J12': -164980.0, 'J13': -45144.5, 'cluster3106249630_3106249631_J60_J61_#5more': -321348.5}, {'J10': 13, 'J11': 32, 'J12': 20, 'J13': 28, 'cluster3106249630_3106249631_J60_J61_#5more': 36}, {'J10': 20, 'J11': 55, 'J12': 81, 'J13': 35, 'cluster3106249630_3106249631_J60_J61_#5more': 75}, 
2905.0, {'J10': -64313.0, 'J11': -258989.5, 'J12': -165790.0, 'J13': -45494.5, 'cluster3106249630_3106249631_J60_J61_#5more': -322102.5}, {'J10': 13, 'J11': 32, 'J12': 20, 'J13': 28, 'cluster3106249630_3106249631_J60_J61_#5more': 36}, {'J10': 20, 'J11': 56, 'J12': 81, 'J13': 35, 'cluster3106249630_3106249631_J60_J61_#5more': 76}, 
2910.0, {'J10': -64500.5, 'J11': -259531.5, 'J12': -166600.0, 'J13': -45844.5, 'cluster3106249630_3106249631_J60_J61_#5more': -322862.5}, {'J10': 13, 'J11': 32, 'J12': 20, 'J13': 28, 'cluster3106249630_3106249631_J60_J61_#5more': 36}, {'J10': 19, 'J11': 56, 'J12': 81, 'J13': 35, 'cluster3106249630_3106249631_J60_J61_#5more': 76}, 
2915.0, {'J10': -64694.5, 'J11': -260055.5, 'J12': -167410.0, 'J13': -46194.5, 'cluster3106249630_3106249631_J60_J61_#5more': -323622.5}, {'J10': 13, 'J11': 32, 'J12': 20, 'J13': 28, 'cluster3106249630_3106249631_J60_J61_#5more': 36}, {'J10': 20, 'J11': 54, 'J12': 81, 'J13': 35, 'cluster3106249630_3106249631_J60_J61_#5more': 76}, 
2920.0, {'J10': -64895.5, 'J11': -260600.0, 'J12': -168220.0, 'J13': -46544.5, 'cluster3106249630_3106249631_J60_J61_#5more': -324382.5}, {'J10': 13, 'J11': 32, 'J12': 20, 'J13': 28, 'cluster3106249630_3106249631_J60_J61_#5more': 36}, {'J10': 21, 'J11': 55, 'J12': 81, 'J13': 35, 'cluster3106249630_3106249631_J60_J61_#5more': 76}, 
2925.0, {'J10': -65105.5, 'J11': -261150.0, 'J12': -167574.0, 'J13': -46899.0, 'cluster3106249630_3106249631_J60_J61_#5more': -325142.5}, {'J10': 13, 'J11': 32, 'J12': 20, 'J13': 28, 'cluster3106249630_3106249631_J60_J61_#5more': 36}, {'J10': 21, 'J11': 55, 'J12': 77, 'J13': 36, 'cluster3106249630_3106249631_J60_J61_#5more': 76}, 
2930.0, {'J10': -65294.5, 'J11': -261700.0, 'J12': -167970.0, 'J13': -47259.0, 'cluster3106249630_3106249631_J60_J61_#5more': -325902.5}, {'J10': 13, 'J11': 32, 'J12': 20, 'J13': 28, 'cluster3106249630_3106249631_J60_J61_#5more': 36}, {'J10': 20, 'J11': 55, 'J12': 76, 'J13': 36, 'cluster3106249630_3106249631_J60_J61_#5more': 76}, 
2935.0, {'J10': -65494.5, 'J11': -262250.0, 'J12': -168740.0, 'J13': -47619.0, 'cluster3106249630_3106249631_J60_J61_#5more': -326666.0}, {'J10': 13, 'J11': 32, 'J12': 20, 'J13': 28, 'cluster3106249630_3106249631_J60_J61_#5more': 36}, {'J10': 20, 'J11': 55, 'J12': 79, 'J13': 36, 'cluster3106249630_3106249631_J60_J61_#5more': 77}, 
2940.0, {'J10': -65694.5, 'J11': -262803.0, 'J12': -169543.0, 'J13': -44702.5, 'cluster3106249630_3106249631_J60_J61_#5more': -327436.0}, {'J10': 13, 'J11': 32, 'J12': 20, 'J13': 25, 'cluster3106249630_3106249631_J60_J61_#5more': 36}, {'J10': 20, 'J11': 56, 'J12': 82, 'J13': 32, 'cluster3106249630_3106249631_J60_J61_#5more': 77}, 
2945.0, {'J10': -65894.5, 'J11': -263363.0, 'J12': -170369.0, 'J13': -44018.5, 'cluster3106249630_3106249631_J60_J61_#5more': -328206.0}, {'J10': 13, 'J11': 32, 'J12': 20, 'J13': 24, 'cluster3106249630_3106249631_J60_J61_#5more': 36}, {'J10': 20, 'J11': 56, 'J12': 84, 'J13': 31, 'cluster3106249630_3106249631_J60_J61_#5more': 77}, 
2950.0, {'J10': -66094.5, 'J11': -263923.0, 'J12': -171211.0, 'J13': -44328.5, 'cluster3106249630_3106249631_J60_J61_#5more': -328979.0}, {'J10': 13, 'J11': 32, 'J12': 20, 'J13': 24, 'cluster3106249630_3106249631_J60_J61_#5more': 36}, {'J10': 20, 'J11': 56, 'J12': 85, 'J13': 31, 'cluster3106249630_3106249631_J60_J61_#5more': 78}, 
2955.0, {'J10': -66294.5, 'J11': -264483.0, 'J12': -172015.0, 'J13': -44638.5, 'cluster3106249630_3106249631_J60_J61_#5more': -329746.0}, {'J10': 13, 'J11': 32, 'J12': 20, 'J13': 24, 'cluster3106249630_3106249631_J60_J61_#5more': 36}, {'J10': 20, 'J11': 56, 'J12': 83, 'J13': 31, 'cluster3106249630_3106249631_J60_J61_#5more': 77}, 
2960.0, {'J10': -66494.5, 'J11': -265043.0, 'J12': -169927.5, 'J13': -44951.5, 'cluster3106249630_3106249631_J60_J61_#5more': -330516.0}, {'J10': 13, 'J11': 32, 'J12': 20, 'J13': 24, 'cluster3106249630_3106249631_J60_J61_#5more': 36}, {'J10': 20, 'J11': 56, 'J12': 81, 'J13': 32, 'cluster3106249630_3106249631_J60_J61_#5more': 77}, 
2965.0, {'J10': -66694.5, 'J11': -265508.5, 'J12': -165918.5, 'J13': -45281.0, 'cluster3106249630_3106249631_J60_J61_#5more': -331286.0}, {'J10': 13, 'J11': 32, 'J12': 20, 'J13': 28, 'cluster3106249630_3106249631_J60_J61_#5more': 36}, {'J10': 20, 'J11': 55, 'J12': 78, 'J13': 36, 'cluster3106249630_3106249631_J60_J61_#5more': 77}, 
2970.0, {'J10': -66652.5, 'J11': -266058.5, 'J12': -165103.0, 'J13': -45641.0, 'cluster3106249630_3106249631_J60_J61_#5more': -332056.0}, {'J10': 13, 'J11': 32, 'J12': 20, 'J13': 28, 'cluster3106249630_3106249631_J60_J61_#5more': 36}, {'J10': 20, 'J11': 55, 'J12': 76, 'J13': 36, 'cluster3106249630_3106249631_J60_J61_#5more': 77}, 
2975.0, {'J10': -66717.0, 'J11': -266608.5, 'J12': -164817.0, 'J13': -46001.0, 'cluster3106249630_3106249631_J60_J61_#5more': -332826.0}, {'J10': 13, 'J11': 32, 'J12': 20, 'J13': 28, 'cluster3106249630_3106249631_J60_J61_#5more': 36}, {'J10': 18, 'J11': 55, 'J12': 74, 'J13': 36, 'cluster3106249630_3106249631_J60_J61_#5more': 77}, 
2980.0, {'J10': -66897.0, 'J11': -267158.5, 'J12': -164628.5, 'J13': -46364.5, 'cluster3106249630_3106249631_J60_J61_#5more': -333596.0}, {'J10': 13, 'J11': 32, 'J12': 20, 'J13': 28, 'cluster3106249630_3106249631_J60_J61_#5more': 36}, {'J10': 18, 'J11': 55, 'J12': 73, 'J13': 37, 'cluster3106249630_3106249631_J60_J61_#5more': 77}, 
2985.0, {'J10': -67077.0, 'J11': -267615.5, 'J12': -165312.5, 'J13': -46734.5, 'cluster3106249630_3106249631_J60_J61_#5more': -334366.0}, {'J10': 13, 'J11': 32, 'J12': 20, 'J13': 28, 'cluster3106249630_3106249631_J60_J61_#5more': 36}, {'J10': 18, 'J11': 54, 'J12': 73, 'J13': 37, 'cluster3106249630_3106249631_J60_J61_#5more': 77}, 
2990.0, {'J10': -67257.0, 'J11': -268155.5, 'J12': -163212.5, 'J13': -47104.5, 'cluster3106249630_3106249631_J60_J61_#5more': -335136.0}, {'J10': 13, 'J11': 32, 'J12': 20, 'J13': 28, 'cluster3106249630_3106249631_J60_J61_#5more': 36}, {'J10': 18, 'J11': 54, 'J12': 69, 'J13': 37, 'cluster3106249630_3106249631_J60_J61_#5more': 77}, 
2995.0, {'J10': -67437.0, 'J11': -268695.5, 'J12': -161621.0, 'J13': -47474.5, 'cluster3106249630_3106249631_J60_J61_#5more': -335906.0}, {'J10': 13, 'J11': 32, 'J12': 20, 'J13': 28, 'cluster3106249630_3106249631_J60_J61_#5more': 36}, {'J10': 18, 'J11': 54, 'J12': 71, 'J13': 37, 'cluster3106249630_3106249631_J60_J61_#5more': 77}, 
3000.0, {'J10': -67617.0, 'J11': -269235.5, 'J12': -162307.0, 'J13': -47844.5, 'cluster3106249630_3106249631_J60_J61_#5more': -336414.0}, {'J10': 13, 'J11': 32, 'J12': 20, 'J13': 28, 'cluster3106249630_3106249631_J60_J61_#5more': 36}, {'J10': 18, 'J11': 54, 'J12': 71, 'J13': 37, 'cluster3106249630_3106249631_J60_J61_#5more': 76}, 
3005.0, {'J10': -67797.0, 'J11': -269775.5, 'J12': -163020.5, 'J13': -46004.0, 'cluster3106249630_3106249631_J60_J61_#5more': -337175.0}, {'J10': 13, 'J11': 32, 'J12': 20, 'J13': 26, 'cluster3106249630_3106249631_J60_J61_#5more': 36}, {'J10': 18, 'J11': 54, 'J12': 77, 'J13': 34, 'cluster3106249630_3106249631_J60_J61_#5more': 77}, 
3010.0, {'J10': -67977.0, 'J11': -270315.5, 'J12': -162374.5, 'J13': -46282.5, 'cluster3106249630_3106249631_J60_J61_#5more': -337723.0}, {'J10': 13, 'J11': 32, 'J12': 20, 'J13': 26, 'cluster3106249630_3106249631_J60_J61_#5more': 36}, {'J10': 18, 'J11': 54, 'J12': 79, 'J13': 34, 'cluster3106249630_3106249631_J60_J61_#5more': 76}, 
3015.0, {'J10': -68157.0, 'J11': -270859.5, 'J12': -161883.0, 'J13': -46622.5, 'cluster3106249630_3106249631_J60_J61_#5more': -338483.5}, {'J10': 13, 'J11': 32, 'J12': 20, 'J13': 26, 'cluster3106249630_3106249631_J60_J61_#5more': 36}, {'J10': 18, 'J11': 56, 'J12': 78, 'J13': 34, 'cluster3106249630_3106249631_J60_J61_#5more': 77}, 
3020.0, {'J10': -68337.0, 'J11': -271420.5, 'J12': -162663.0, 'J13': -46962.5, 'cluster3106249630_3106249631_J60_J61_#5more': -339243.0}, {'J10': 13, 'J11': 32, 'J12': 20, 'J13': 26, 'cluster3106249630_3106249631_J60_J61_#5more': 36}, {'J10': 18, 'J11': 58, 'J12': 78, 'J13': 34, 'cluster3106249630_3106249631_J60_J61_#5more': 76}, 
3025.0, {'J10': -68519.5, 'J11': -272009.5, 'J12': -163390.5, 'J13': -47302.5, 'cluster3106249630_3106249631_J60_J61_#5more': -340006.5}, {'J10': 13, 'J11': 32, 'J12': 20, 'J13': 26, 'cluster3106249630_3106249631_J60_J61_#5more': 36}, {'J10': 19, 'J11': 62, 'J12': 77, 'J13': 34, 'cluster3106249630_3106249631_J60_J61_#5more': 77}, 
3030.0, {'J10': -68709.5, 'J11': -272545.0, 'J12': -163257.0, 'J13': -47650.0, 'cluster3106249630_3106249631_J60_J61_#5more': -340776.5}, {'J10': 13, 'J11': 32, 'J12': 20, 'J13': 28, 'cluster3106249630_3106249631_J60_J61_#5more': 36}, {'J10': 19, 'J11': 59, 'J12': 77, 'J13': 36, 'cluster3106249630_3106249631_J60_J61_#5more': 77}, 
3035.0, {'J10': -68877.5, 'J11': -273135.0, 'J12': -164030.5, 'J13': -48010.0, 'cluster3106249630_3106249631_J60_J61_#5more': -341546.5}, {'J10': 13, 'J11': 32, 'J12': 20, 'J13': 28, 'cluster3106249630_3106249631_J60_J61_#5more': 36}, {'J10': 19, 'J11': 59, 'J12': 79, 'J13': 36, 'cluster3106249630_3106249631_J60_J61_#5more': 77}, 
3040.0, {'J10': -69057.0, 'J11': -273660.0, 'J12': -164825.5, 'J13': -48370.0, 'cluster3106249630_3106249631_J60_J61_#5more': -342316.5}, {'J10': 13, 'J11': 32, 'J12': 20, 'J13': 28, 'cluster3106249630_3106249631_J60_J61_#5more': 36}, {'J10': 18, 'J11': 58, 'J12': 80, 'J13': 36, 'cluster3106249630_3106249631_J60_J61_#5more': 77}, 
3045.0, {'J10': -69237.0, 'J11': -274151.0, 'J12': -165626.0, 'J13': -48734.5, 'cluster3106249630_3106249631_J60_J61_#5more': -343086.5}, {'J10': 13, 'J11': 32, 'J12': 20, 'J13': 28, 'cluster3106249630_3106249631_J60_J61_#5more': 36}, {'J10': 18, 'J11': 57, 'J12': 81, 'J13': 37, 'cluster3106249630_3106249631_J60_J61_#5more': 77}, 
3050.0, {'J10': -69417.0, 'J11': -274689.0, 'J12': -166436.0, 'J13': -49104.5, 'cluster3106249630_3106249631_J60_J61_#5more': -343856.5}, {'J10': 13, 'J11': 32, 'J12': 20, 'J13': 28, 'cluster3106249630_3106249631_J60_J61_#5more': 36}, {'J10': 18, 'J11': 56, 'J12': 81, 'J13': 37, 'cluster3106249630_3106249631_J60_J61_#5more': 77}, 
3055.0, {'J10': -69597.0, 'J11': -275247.5, 'J12': -164458.5, 'J13': -49474.5, 'cluster3106249630_3106249631_J60_J61_#5more': -344626.5}, {'J10': 13, 'J11': 32, 'J12': 20, 'J13': 28, 'cluster3106249630_3106249631_J60_J61_#5more': 36}, {'J10': 18, 'J11': 59, 'J12': 77, 'J13': 37, 'cluster3106249630_3106249631_J60_J61_#5more': 77}, 
3060.0, {'J10': -69777.0, 'J11': -275837.5, 'J12': -164480.0, 'J13': -49844.5, 'cluster3106249630_3106249631_J60_J61_#5more': -345396.5}, {'J10': 13, 'J11': 32, 'J12': 20, 'J13': 28, 'cluster3106249630_3106249631_J60_J61_#5more': 36}, {'J10': 18, 'J11': 59, 'J12': 75, 'J13': 37, 'cluster3106249630_3106249631_J60_J61_#5more': 77}, 
3065.0, {'J10': -69957.0, 'J11': -276405.0, 'J12': -165230.5, 'J13': -50214.5, 'cluster3106249630_3106249631_J60_J61_#5more': -346166.5}, {'J10': 13, 'J11': 32, 'J12': 20, 'J13': 28, 'cluster3106249630_3106249631_J60_J61_#5more': 36}, {'J10': 18, 'J11': 59, 'J12': 76, 'J13': 37, 'cluster3106249630_3106249631_J60_J61_#5more': 77}, 
3070.0, {'J10': -70137.0, 'J11': -276995.0, 'J12': -166004.0, 'J13': -45975.0, 'cluster3106249630_3106249631_J60_J61_#5more': -346936.5}, {'J10': 13, 'J11': 32, 'J12': 20, 'J13': 24, 'cluster3106249630_3106249631_J60_J61_#5more': 36}, {'J10': 18, 'J11': 59, 'J12': 79, 'J13': 33, 'cluster3106249630_3106249631_J60_J61_#5more': 77}, 
3075.0, {'J10': -70317.0, 'J11': -277593.5, 'J12': -166794.0, 'J13': -46294.0, 'cluster3106249630_3106249631_J60_J61_#5more': -347706.5}, {'J10': 13, 'J11': 32, 'J12': 20, 'J13': 24, 'cluster3106249630_3106249631_J60_J61_#5more': 36}, {'J10': 18, 'J11': 61, 'J12': 79, 'J13': 32, 'cluster3106249630_3106249631_J60_J61_#5more': 77}, 
3080.0, {'J10': -70497.0, 'J11': -278099.0, 'J12': -167584.0, 'J13': -46620.5, 'cluster3106249630_3106249631_J60_J61_#5more': -348477.0}, {'J10': 13, 'J11': 32, 'J12': 20, 'J13': 24, 'cluster3106249630_3106249631_J60_J61_#5more': 36}, {'J10': 18, 'J11': 59, 'J12': 79, 'J13': 34, 'cluster3106249630_3106249631_J60_J61_#5more': 78}, 
3085.0, {'J10': -70677.0, 'J11': -278689.0, 'J12': -168192.5, 'J13': -46960.5, 'cluster3106249630_3106249631_J60_J61_#5more': -348876.0}, {'J10': 13, 'J11': 32, 'J12': 20, 'J13': 24, 'cluster3106249630_3106249631_J60_J61_#5more': 36}, {'J10': 18, 'J11': 59, 'J12': 78, 'J13': 34, 'cluster3106249630_3106249631_J60_J61_#5more': 76}, 
3090.0, {'J10': -70857.0, 'J11': -279041.5, 'J12': -168972.5, 'J13': -47301.5, 'cluster3106249630_3106249631_J60_J61_#5more': -349636.0}, {'J10': 13, 'J11': 32, 'J12': 20, 'J13': 25, 'cluster3106249630_3106249631_J60_J61_#5more': 36}, {'J10': 18, 'J11': 56, 'J12': 78, 'J13': 35, 'cluster3106249630_3106249631_J60_J61_#5more': 76}, 
3095.0, {'J10': -71037.0, 'J11': -279601.5, 'J12': -169752.5, 'J13': -47663.0, 'cluster3106249630_3106249631_J60_J61_#5more': -350396.0}, {'J10': 13, 'J11': 32, 'J12': 20, 'J13': 28, 'cluster3106249630_3106249631_J60_J61_#5more': 36}, {'J10': 18, 'J11': 56, 'J12': 78, 'J13': 38, 'cluster3106249630_3106249631_J60_J61_#5more': 76}, 
3100.0, {'J10': -71222.0, 'J11': -280035.5, 'J12': -170532.5, 'J13': -48043.0, 'cluster3106249630_3106249631_J60_J61_#5more': -351156.0}, {'J10': 13, 'J11': 32, 'J12': 20, 'J13': 28, 'cluster3106249630_3106249631_J60_J61_#5more': 36}, {'J10': 20, 'J11': 54, 'J12': 78, 'J13': 38, 'cluster3106249630_3106249631_J60_J61_#5more': 76}, 
3105.0, {'J10': -71397.0, 'J11': -280575.5, 'J12': -171312.5, 'J13': -48423.0, 'cluster3106249630_3106249631_J60_J61_#5more': -351917.5}, {'J10': 13, 'J11': 32, 'J12': 20, 'J13': 28, 'cluster3106249630_3106249631_J60_J61_#5more': 36}, {'J10': 18, 'J11': 54, 'J12': 78, 'J13': 38, 'cluster3106249630_3106249631_J60_J61_#5more': 77}, 
3110.0, {'J10': -71577.0, 'J11': -281116.0, 'J12': -172092.5, 'J13': -48803.0, 'cluster3106249630_3106249631_J60_J61_#5more': -352062.5}, {'J10': 13, 'J11': 32, 'J12': 20, 'J13': 28, 'cluster3106249630_3106249631_J60_J61_#5more': 36}, {'J10': 18, 'J11': 55, 'J12': 78, 'J13': 38, 'cluster3106249630_3106249631_J60_J61_#5more': 75}, 
3115.0, {'J10': -71757.0, 'J11': -281656.5, 'J12': -172872.5, 'J13': -49183.0, 'cluster3106249630_3106249631_J60_J61_#5more': -352812.5}, {'J10': 13, 'J11': 32, 'J12': 20, 'J13': 28, 'cluster3106249630_3106249631_J60_J61_#5more': 36}, {'J10': 18, 'J11': 55, 'J12': 78, 'J13': 38, 'cluster3106249630_3106249631_J60_J61_#5more': 75}, 
3120.0, {'J10': -71937.0, 'J11': -282195.5, 'J12': -172553.0, 'J13': -49563.0, 'cluster3106249630_3106249631_J60_J61_#5more': -353565.0}, {'J10': 13, 'J11': 32, 'J12': 20, 'J13': 28, 'cluster3106249630_3106249631_J60_J61_#5more': 36}, {'J10': 18, 'J11': 54, 'J12': 75, 'J13': 38, 'cluster3106249630_3106249631_J60_J61_#5more': 77}, 
3125.0, {'J10': -72117.0, 'J11': -282735.5, 'J12': -172928.5, 'J13': -49943.0, 'cluster3106249630_3106249631_J60_J61_#5more': -354335.5}, {'J10': 13, 'J11': 32, 'J12': 20, 'J13': 28, 'cluster3106249630_3106249631_J60_J61_#5more': 36}, {'J10': 18, 'J11': 54, 'J12': 74, 'J13': 38, 'cluster3106249630_3106249631_J60_J61_#5more': 78}, 
3130.0, {'J10': -72297.0, 'J11': -283275.5, 'J12': -173674.0, 'J13': -50323.0, 'cluster3106249630_3106249631_J60_J61_#5more': -355115.5}, {'J10': 13, 'J11': 32, 'J12': 20, 'J13': 28, 'cluster3106249630_3106249631_J60_J61_#5more': 36}, {'J10': 18, 'J11': 54, 'J12': 77, 'J13': 38, 'cluster3106249630_3106249631_J60_J61_#5more': 78}, 
3135.0, {'J10': -72477.0, 'J11': -283815.5, 'J12': -174452.0, 'J13': -47213.5, 'cluster3106249630_3106249631_J60_J61_#5more': -355672.0}, {'J10': 13, 'J11': 32, 'J12': 20, 'J13': 25, 'cluster3106249630_3106249631_J60_J61_#5more': 36}, {'J10': 18, 'J11': 54, 'J12': 79, 'J13': 35, 'cluster3106249630_3106249631_J60_J61_#5more': 77}, 
3140.0, {'J10': -72657.0, 'J11': -284355.5, 'J12': -174241.0, 'J13': -46429.0, 'cluster3106249630_3106249631_J60_J61_#5more': -356370.5}, {'J10': 13, 'J11': 32, 'J12': 20, 'J13': 24, 'cluster3106249630_3106249631_J60_J61_#5more': 36}, {'J10': 18, 'J11': 54, 'J12': 78, 'J13': 34, 'cluster3106249630_3106249631_J60_J61_#5more': 76}, 
3145.0, {'J10': -72837.0, 'J11': -284895.5, 'J12': -174162.5, 'J13': -46769.0, 'cluster3106249630_3106249631_J60_J61_#5more': -357133.0}, {'J10': 13, 'J11': 32, 'J12': 20, 'J13': 24, 'cluster3106249630_3106249631_J60_J61_#5more': 36}, {'J10': 18, 'J11': 54, 'J12': 75, 'J13': 34, 'cluster3106249630_3106249631_J60_J61_#5more': 77}, 
3150.0, {'J10': -73017.0, 'J11': -285435.5, 'J12': -174627.5, 'J13': -47109.0, 'cluster3106249630_3106249631_J60_J61_#5more': -357898.0}, {'J10': 13, 'J11': 32, 'J12': 20, 'J13': 24, 'cluster3106249630_3106249631_J60_J61_#5more': 36}, {'J10': 18, 'J11': 54, 'J12': 74, 'J13': 34, 'cluster3106249630_3106249631_J60_J61_#5more': 78}, 
3155.0, {'J10': -73197.0, 'J11': -285975.5, 'J12': -174635.5, 'J13': -47449.0, 'cluster3106249630_3106249631_J60_J61_#5more': -358606.0}, {'J10': 13, 'J11': 32, 'J12': 20, 'J13': 24, 'cluster3106249630_3106249631_J60_J61_#5more': 36}, {'J10': 18, 'J11': 54, 'J12': 74, 'J13': 34, 'cluster3106249630_3106249631_J60_J61_#5more': 77}, 
3160.0, {'J10': -73377.0, 'J11': -286515.5, 'J12': -174637.0, 'J13': -47802.5, 'cluster3106249630_3106249631_J60_J61_#5more': -359378.5}, {'J10': 13, 'J11': 32, 'J12': 20, 'J13': 28, 'cluster3106249630_3106249631_J60_J61_#5more': 36}, {'J10': 18, 'J11': 54, 'J12': 74, 'J13': 38, 'cluster3106249630_3106249631_J60_J61_#5more': 78}, 
3165.0, {'J10': -73558.0, 'J11': -287058.5, 'J12': -175063.5, 'J13': -48182.5, 'cluster3106249630_3106249631_J60_J61_#5more': -360164.5}, {'J10': 13, 'J11': 32, 'J12': 20, 'J13': 28, 'cluster3106249630_3106249631_J60_J61_#5more': 36}, {'J10': 19, 'J11': 55, 'J12': 73, 'J13': 38, 'cluster3106249630_3106249631_J60_J61_#5more': 80}, 
3170.0, {'J10': -73737.0, 'J11': -287608.5, 'J12': -175523.0, 'J13': -48562.5, 'cluster3106249630_3106249631_J60_J61_#5more': -360964.5}, {'J10': 13, 'J11': 32, 'J12': 20, 'J13': 28, 'cluster3106249630_3106249631_J60_J61_#5more': 36}, {'J10': 18, 'J11': 55, 'J12': 73, 'J13': 38, 'cluster3106249630_3106249631_J60_J61_#5more': 80}, 
3175.0, {'J10': -73917.0, 'J11': -288158.5, 'J12': -176257.5, 'J13': -48942.5, 'cluster3106249630_3106249631_J60_J61_#5more': -361610.0}, {'J10': 13, 'J11': 32, 'J12': 20, 'J13': 28, 'cluster3106249630_3106249631_J60_J61_#5more': 36}, {'J10': 18, 'J11': 55, 'J12': 75, 'J13': 38, 'cluster3106249630_3106249631_J60_J61_#5more': 78}, 
3180.0, {'J10': -74097.0, 'J11': -288712.0, 'J12': -177012.5, 'J13': -49322.5, 'cluster3106249630_3106249631_J60_J61_#5more': -362328.5}, {'J10': 13, 'J11': 32, 'J12': 20, 'J13': 28, 'cluster3106249630_3106249631_J60_J61_#5more': 36}, {'J10': 18, 'J11': 56, 'J12': 77, 'J13': 38, 'cluster3106249630_3106249631_J60_J61_#5more': 79}, 
3185.0, {'J10': -74277.0, 'J11': -289215.5, 'J12': -173268.5, 'J13': -49702.5, 'cluster3106249630_3106249631_J60_J61_#5more': -363119.0}, {'J10': 13, 'J11': 32, 'J12': 20, 'J13': 28, 'cluster3106249630_3106249631_J60_J61_#5more': 36}, {'J10': 18, 'J11': 54, 'J12': 75, 'J13': 38, 'cluster3106249630_3106249631_J60_J61_#5more': 80}, 
3190.0, {'J10': -74457.0, 'J11': -289756.0, 'J12': -173459.0, 'J13': -50082.5, 'cluster3106249630_3106249631_J60_J61_#5more': -363872.5}, {'J10': 13, 'J11': 32, 'J12': 20, 'J13': 28, 'cluster3106249630_3106249631_J60_J61_#5more': 36}, {'J10': 18, 'J11': 55, 'J12': 74, 'J13': 38, 'cluster3106249630_3106249631_J60_J61_#5more': 82}, 
3195.0, {'J10': -74637.0, 'J11': -290295.5, 'J12': -174200.0, 'J13': -50462.5, 'cluster3106249630_3106249631_J60_J61_#5more': -364692.5}, {'J10': 13, 'J11': 32, 'J12': 20, 'J13': 28, 'cluster3106249630_3106249631_J60_J61_#5more': 36}, {'J10': 18, 'J11': 54, 'J12': 76, 'J13': 38, 'cluster3106249630_3106249631_J60_J61_#5more': 82}, 
3200.0, {'J10': -74817.0, 'J11': -290835.5, 'J12': -174975.5, 'J13': -48399.0, 'cluster3106249630_3106249631_J60_J61_#5more': -365514.5}, {'J10': 13, 'J11': 32, 'J12': 20, 'J13': 26, 'cluster3106249630_3106249631_J60_J61_#5more': 36}, {'J10': 18, 'J11': 54, 'J12': 80, 'J13': 35, 'cluster3106249630_3106249631_J60_J61_#5more': 83}, 
3205.0, {'J10': -74997.0, 'J11': -291375.5, 'J12': -175775.5, 'J13': -46742.5, 'cluster3106249630_3106249631_J60_J61_#5more': -366344.5}, {'J10': 13, 'J11': 32, 'J12': 20, 'J13': 24, 'cluster3106249630_3106249631_J60_J61_#5more': 36}, {'J10': 18, 'J11': 54, 'J12': 80, 'J13': 33, 'cluster3106249630_3106249631_J60_J61_#5more': 83}, 
3210.0, {'J10': -75177.0, 'J11': -291915.5, 'J12': -176575.5, 'J13': -47076.5, 'cluster3106249630_3106249631_J60_J61_#5more': -367177.5}, {'J10': 13, 'J11': 32, 'J12': 20, 'J13': 24, 'cluster3106249630_3106249631_J60_J61_#5more': 36}, {'J10': 18, 'J11': 54, 'J12': 80, 'J13': 34, 'cluster3106249630_3106249631_J60_J61_#5more': 84}, 
3215.0, {'J10': -75357.0, 'J11': -292455.5, 'J12': -177375.5, 'J13': -47416.5, 'cluster3106249630_3106249631_J60_J61_#5more': -368004.5}, {'J10': 13, 'J11': 32, 'J12': 20, 'J13': 24, 'cluster3106249630_3106249631_J60_J61_#5more': 36}, {'J10': 18, 'J11': 54, 'J12': 80, 'J13': 34, 'cluster3106249630_3106249631_J60_J61_#5more': 83}, 
3220.0, {'J10': -75537.0, 'J11': -292995.5, 'J12': -178175.5, 'J13': -47756.5, 'cluster3106249630_3106249631_J60_J61_#5more': -368764.0}, {'J10': 13, 'J11': 32, 'J12': 20, 'J13': 24, 'cluster3106249630_3106249631_J60_J61_#5more': 36}, {'J10': 18, 'J11': 54, 'J12': 80, 'J13': 34, 'cluster3106249630_3106249631_J60_J61_#5more': 82}, 
3225.0, {'J10': -75717.0, 'J11': -293535.5, 'J12': -178975.5, 'J13': -48105.0, 'cluster3106249630_3106249631_J60_J61_#5more': -369584.0}, {'J10': 13, 'J11': 32, 'J12': 20, 'J13': 26, 'cluster3106249630_3106249631_J60_J61_#5more': 36}, {'J10': 18, 'J11': 54, 'J12': 80, 'J13': 36, 'cluster3106249630_3106249631_J60_J61_#5more': 82}, 
3230.0, {'J10': -75899.0, 'J11': -294076.0, 'J12': -179775.5, 'J13': -48470.5, 'cluster3106249630_3106249631_J60_J61_#5more': -370408.5}, {'J10': 13, 'J11': 32, 'J12': 20, 'J13': 28, 'cluster3106249630_3106249631_J60_J61_#5more': 36}, {'J10': 19, 'J11': 55, 'J12': 80, 'J13': 38, 'cluster3106249630_3106249631_J60_J61_#5more': 83}, 
3235.0, {'J10': -76089.0, 'J11': -294615.5, 'J12': -180575.5, 'J13': -48850.5, 'cluster3106249630_3106249631_J60_J61_#5more': -371128.0}, {'J10': 13, 'J11': 32, 'J12': 20, 'J13': 28, 'cluster3106249630_3106249631_J60_J61_#5more': 36}, {'J10': 19, 'J11': 54, 'J12': 80, 'J13': 38, 'cluster3106249630_3106249631_J60_J61_#5more': 82}, 
3240.0, {'J10': -76260.0, 'J11': -295155.5, 'J12': -181375.5, 'J13': -49230.5, 'cluster3106249630_3106249631_J60_J61_#5more': -371845.0}, {'J10': 13, 'J11': 32, 'J12': 20, 'J13': 28, 'cluster3106249630_3106249631_J60_J61_#5more': 36}, {'J10': 19, 'J11': 54, 'J12': 80, 'J13': 38, 'cluster3106249630_3106249631_J60_J61_#5more': 81}, 
3245.0, {'J10': -76450.0, 'J11': -295695.5, 'J12': -182175.5, 'J13': -49610.5, 'cluster3106249630_3106249631_J60_J61_#5more': -372655.0}, {'J10': 13, 'J11': 32, 'J12': 20, 'J13': 28, 'cluster3106249630_3106249631_J60_J61_#5more': 36}, {'J10': 19, 'J11': 54, 'J12': 80, 'J13': 38, 'cluster3106249630_3106249631_J60_J61_#5more': 81}, 
3250.0, {'J10': -76640.0, 'J11': -296235.5, 'J12': -180699.5, 'J13': -49990.5, 'cluster3106249630_3106249631_J60_J61_#5more': -373468.5}, {'J10': 13, 'J11': 32, 'J12': 20, 'J13': 28, 'cluster3106249630_3106249631_J60_J61_#5more': 36}, {'J10': 19, 'J11': 54, 'J12': 77, 'J13': 38, 'cluster3106249630_3106249631_J60_J61_#5more': 83}, 
3255.0, {'J10': -76830.0, 'J11': -296775.5, 'J12': -180721.0, 'J13': -50370.5, 'cluster3106249630_3106249631_J60_J61_#5more': -374298.5}, {'J10': 13, 'J11': 32, 'J12': 20, 'J13': 28, 'cluster3106249630_3106249631_J60_J61_#5more': 36}, {'J10': 19, 'J11': 54, 'J12': 75, 'J13': 38, 'cluster3106249630_3106249631_J60_J61_#5more': 83}, 
3260.0, {'J10': -77020.0, 'J11': -297316.0, 'J12': -181472.0, 'J13': -50750.5, 'cluster3106249630_3106249631_J60_J61_#5more': -375128.5}, {'J10': 13, 'J11': 32, 'J12': 20, 'J13': 28, 'cluster3106249630_3106249631_J60_J61_#5more': 36}, {'J10': 19, 'J11': 55, 'J12': 77, 'J13': 38, 'cluster3106249630_3106249631_J60_J61_#5more': 83}, 
3265.0, {'J10': -77210.0, 'J11': -297855.5, 'J12': -182252.0, 'J13': -48268.0, 'cluster3106249630_3106249631_J60_J61_#5more': -375958.5}, {'J10': 13, 'J11': 32, 'J12': 20, 'J13': 26, 'cluster3106249630_3106249631_J60_J61_#5more': 36}, {'J10': 19, 'J11': 54, 'J12': 80, 'J13': 34, 'cluster3106249630_3106249631_J60_J61_#5more': 83}, 
3270.0, {'J10': -77400.0, 'J11': -298395.5, 'J12': -182205.5, 'J13': -48608.0, 'cluster3106249630_3106249631_J60_J61_#5more': -376788.5}, {'J10': 13, 'J11': 32, 'J12': 20, 'J13': 26, 'cluster3106249630_3106249631_J60_J61_#5more': 36}, {'J10': 19, 'J11': 54, 'J12': 78, 'J13': 34, 'cluster3106249630_3106249631_J60_J61_#5more': 83}, 
3275.0, {'J10': -77590.0, 'J11': -298935.5, 'J12': -182453.5, 'J13': -48954.5, 'cluster3106249630_3106249631_J60_J61_#5more': -377620.0}, {'J10': 13, 'J11': 32, 'J12': 20, 'J13': 26, 'cluster3106249630_3106249631_J60_J61_#5more': 36}, {'J10': 19, 'J11': 54, 'J12': 77, 'J13': 36, 'cluster3106249630_3106249631_J60_J61_#5more': 84}, 
3280.0, {'J10': -77781.0, 'J11': -299475.5, 'J12': -183223.5, 'J13': -49314.5, 'cluster3106249630_3106249631_J60_J61_#5more': -378448.5}, {'J10': 13, 'J11': 32, 'J12': 20, 'J13': 26, 'cluster3106249630_3106249631_J60_J61_#5more': 36}, {'J10': 20, 'J11': 54, 'J12': 77, 'J13': 36, 'cluster3106249630_3106249631_J60_J61_#5more': 83}, 
3285.0, {'J10': -77981.0, 'J11': -300015.5, 'J12': -183993.5, 'J13': -49675.5, 'cluster3106249630_3106249631_J60_J61_#5more': -379106.5}, {'J10': 13, 'J11': 32, 'J12': 20, 'J13': 27, 'cluster3106249630_3106249631_J60_J61_#5more': 36}, {'J10': 20, 'J11': 54, 'J12': 77, 'J13': 37, 'cluster3106249630_3106249631_J60_J61_#5more': 82}, 
3290.0, {'J10': -78181.0, 'J11': -300555.5, 'J12': -184764.0, 'J13': -50050.5, 'cluster3106249630_3106249631_J60_J61_#5more': -379927.0}, {'J10': 13, 'J11': 32, 'J12': 20, 'J13': 28, 'cluster3106249630_3106249631_J60_J61_#5more': 36}, {'J10': 20, 'J11': 54, 'J12': 78, 'J13': 38, 'cluster3106249630_3106249631_J60_J61_#5more': 83}, 
3295.0, {'J10': -78270.5, 'J11': -301095.5, 'J12': -185547.5, 'J13': -50430.5, 'cluster3106249630_3106249631_J60_J61_#5more': -380757.0}, {'J10': 13, 'J11': 32, 'J12': 20, 'J13': 28, 'cluster3106249630_3106249631_J60_J61_#5more': 36}, {'J10': 20, 'J11': 54, 'J12': 80, 'J13': 38, 'cluster3106249630_3106249631_J60_J61_#5more': 83}, 
3300.0, {'J10': -78417.0, 'J11': -301635.5, 'J12': -186360.0, 'J13': -50810.5, 'cluster3106249630_3106249631_J60_J61_#5more': -381587.0}, {'J10': 13, 'J11': 32, 'J12': 20, 'J13': 28, 'cluster3106249630_3106249631_J60_J61_#5more': 36}, {'J10': 18, 'J11': 54, 'J12': 83, 'J13': 38, 'cluster3106249630_3106249631_J60_J61_#5more': 83}, 
3305.0, {'J10': -78597.0, 'J11': -302175.5, 'J12': -187190.0, 'J13': -51190.5, 'cluster3106249630_3106249631_J60_J61_#5more': -382417.0}, {'J10': 13, 'J11': 32, 'J12': 20, 'J13': 28, 'cluster3106249630_3106249631_J60_J61_#5more': 36}, {'J10': 18, 'J11': 54, 'J12': 83, 'J13': 38, 'cluster3106249630_3106249631_J60_J61_#5more': 83}, 
3310.0, {'J10': -78777.0, 'J11': -302715.5, 'J12': -188020.0, 'J13': -51570.5, 'cluster3106249630_3106249631_J60_J61_#5more': -383247.0}, {'J10': 13, 'J11': 32, 'J12': 20, 'J13': 28, 'cluster3106249630_3106249631_J60_J61_#5more': 36}, {'J10': 18, 'J11': 54, 'J12': 83, 'J13': 38, 'cluster3106249630_3106249631_J60_J61_#5more': 83}, 
3315.0, {'J10': -78957.0, 'J11': -303255.5, 'J12': -188077.0, 'J13': -51950.5, 'cluster3106249630_3106249631_J60_J61_#5more': -384077.0}, {'J10': 13, 'J11': 32, 'J12': 20, 'J13': 28, 'cluster3106249630_3106249631_J60_J61_#5more': 36}, {'J10': 18, 'J11': 54, 'J12': 81, 'J13': 38, 'cluster3106249630_3106249631_J60_J61_#5more': 83}, 
3320.0, {'J10': -79137.0, 'J11': -303795.5, 'J12': -188128.5, 'J13': -52330.5, 'cluster3106249630_3106249631_J60_J61_#5more': -384907.0}, {'J10': 13, 'J11': 32, 'J12': 20, 'J13': 28, 'cluster3106249630_3106249631_J60_J61_#5more': 36}, {'J10': 18, 'J11': 54, 'J12': 78, 'J13': 38, 'cluster3106249630_3106249631_J60_J61_#5more': 83}, 
3325.0, {'J10': -79317.0, 'J11': -304335.5, 'J12': -188913.5, 'J13': -52710.5, 'cluster3106249630_3106249631_J60_J61_#5more': -385737.0}, {'J10': 13, 'J11': 32, 'J12': 20, 'J13': 28, 'cluster3106249630_3106249631_J60_J61_#5more': 36}, {'J10': 18, 'J11': 54, 'J12': 81, 'J13': 38, 'cluster3106249630_3106249631_J60_J61_#5more': 83}, 
3330.0, {'J10': -79497.0, 'J11': -304875.5, 'J12': -189732.0, 'J13': -50967.5, 'cluster3106249630_3106249631_J60_J61_#5more': -386567.0}, {'J10': 13, 'J11': 32, 'J12': 20, 'J13': 26, 'cluster3106249630_3106249631_J60_J61_#5more': 36}, {'J10': 18, 'J11': 54, 'J12': 83, 'J13': 37, 'cluster3106249630_3106249631_J60_J61_#5more': 83}, 
3335.0, {'J10': -79678.5, 'J11': -305415.5, 'J12': -189907.0, 'J13': -48934.5, 'cluster3106249630_3106249631_J60_J61_#5more': -387397.0}, {'J10': 13, 'J11': 32, 'J12': 20, 'J13': 24, 'cluster3106249630_3106249631_J60_J61_#5more': 36}, {'J10': 19, 'J11': 54, 'J12': 82, 'J13': 33, 'cluster3106249630_3106249631_J60_J61_#5more': 83}, 
3340.0, {'J10': -79868.5, 'J11': -305955.5, 'J12': -189766.0, 'J13': -49265.5, 'cluster3106249630_3106249631_J60_J61_#5more': -388002.5}, {'J10': 13, 'J11': 32, 'J12': 20, 'J13': 24, 'cluster3106249630_3106249631_J60_J61_#5more': 36}, {'J10': 19, 'J11': 54, 'J12': 80, 'J13': 34, 'cluster3106249630_3106249631_J60_J61_#5more': 82}, 
3345.0, {'J10': -80058.5, 'J11': -306495.5, 'J12': -189871.5, 'J13': -49605.5, 'cluster3106249630_3106249631_J60_J61_#5more': -388822.5}, {'J10': 13, 'J11': 32, 'J12': 20, 'J13': 24, 'cluster3106249630_3106249631_J60_J61_#5more': 36}, {'J10': 19, 'J11': 54, 'J12': 78, 'J13': 34, 'cluster3106249630_3106249631_J60_J61_#5more': 82}, 
3350.0, {'J10': -80248.5, 'J11': -307036.5, 'J12': -190651.5, 'J13': -49946.0, 'cluster3106249630_3106249631_J60_J61_#5more': -389642.5}, {'J10': 13, 'J11': 32, 'J12': 20, 'J13': 25, 'cluster3106249630_3106249631_J60_J61_#5more': 36}, {'J10': 19, 'J11': 55, 'J12': 78, 'J13': 35, 'cluster3106249630_3106249631_J60_J61_#5more': 82}, 
3355.0, {'J10': -80438.5, 'J11': -307576.0, 'J12': -190052.5, 'J13': -50304.5, 'cluster3106249630_3106249631_J60_J61_#5more': -390462.5}, {'J10': 13, 'J11': 32, 'J12': 20, 'J13': 28, 'cluster3106249630_3106249631_J60_J61_#5more': 36}, {'J10': 19, 'J11': 55, 'J12': 77, 'J13': 38, 'cluster3106249630_3106249631_J60_J61_#5more': 82}, 
3360.0, {'J10': -80577.5, 'J11': -308126.0, 'J12': -190822.5, 'J13': -50684.5, 'cluster3106249630_3106249631_J60_J61_#5more': -391282.5}, {'J10': 13, 'J11': 32, 'J12': 20, 'J13': 28, 'cluster3106249630_3106249631_J60_J61_#5more': 36}, {'J10': 19, 'J11': 55, 'J12': 77, 'J13': 38, 'cluster3106249630_3106249631_J60_J61_#5more': 82}, 
3365.0, {'J10': -80757.0, 'J11': -308676.0, 'J12': -191592.5, 'J13': -51064.5, 'cluster3106249630_3106249631_J60_J61_#5more': -391639.0}, {'J10': 13, 'J11': 32, 'J12': 20, 'J13': 28, 'cluster3106249630_3106249631_J60_J61_#5more': 36}, {'J10': 18, 'J11': 55, 'J12': 77, 'J13': 38, 'cluster3106249630_3106249631_J60_J61_#5more': 80}, 
3370.0, {'J10': -80937.0, 'J11': -309229.0, 'J12': -192370.0, 'J13': -51444.5, 'cluster3106249630_3106249631_J60_J61_#5more': -392439.0}, {'J10': 13, 'J11': 32, 'J12': 20, 'J13': 28, 'cluster3106249630_3106249631_J60_J61_#5more': 36}, {'J10': 18, 'J11': 57, 'J12': 80, 'J13': 38, 'cluster3106249630_3106249631_J60_J61_#5more': 80}, 
3375.0, {'J10': -81117.0, 'J11': -309801.0, 'J12': -193175.0, 'J13': -51824.5, 'cluster3106249630_3106249631_J60_J61_#5more': -393243.0}, {'J10': 13, 'J11': 32, 'J12': 20, 'J13': 28, 'cluster3106249630_3106249631_J60_J61_#5more': 36}, {'J10': 18, 'J11': 58, 'J12': 81, 'J13': 38, 'cluster3106249630_3106249631_J60_J61_#5more': 82}, 
3380.0, {'J10': -81297.0, 'J11': -310335.5, 'J12': -191335.5, 'J13': -52204.5, 'cluster3106249630_3106249631_J60_J61_#5more': -394067.0}, {'J10': 13, 'J11': 32, 'J12': 20, 'J13': 28, 'cluster3106249630_3106249631_J60_J61_#5more': 36}, {'J10': 18, 'J11': 59, 'J12': 77, 'J13': 38, 'cluster3106249630_3106249631_J60_J61_#5more': 83}, 
3385.0, {'J10': -81477.0, 'J11': -310862.5, 'J12': -191731.5, 'J13': -52584.5, 'cluster3106249630_3106249631_J60_J61_#5more': -394706.5}, {'J10': 13, 'J11': 32, 'J12': 20, 'J13': 28, 'cluster3106249630_3106249631_J60_J61_#5more': 36}, {'J10': 18, 'J11': 57, 'J12': 76, 'J13': 38, 'cluster3106249630_3106249631_J60_J61_#5more': 82}, 
3390.0, {'J10': -81657.0, 'J11': -311414.5, 'J12': -192492.0, 'J13': -52964.5, 'cluster3106249630_3106249631_J60_J61_#5more': -395526.5}, {'J10': 13, 'J11': 32, 'J12': 20, 'J13': 28, 'cluster3106249630_3106249631_J60_J61_#5more': 36}, {'J10': 18, 'J11': 58, 'J12': 77, 'J13': 38, 'cluster3106249630_3106249631_J60_J61_#5more': 82}, 
3395.0, {'J10': -81837.0, 'J11': -311994.5, 'J12': -193275.0, 'J13': -50975.5, 'cluster3106249630_3106249631_J60_J61_#5more': -396347.5}, {'J10': 13, 'J11': 32, 'J12': 20, 'J13': 26, 'cluster3106249630_3106249631_J60_J61_#5more': 36}, {'J10': 18, 'J11': 58, 'J12': 80, 'J13': 35, 'cluster3106249630_3106249631_J60_J61_#5more': 83}, 
3400.0, {'J10': -82017.0, 'J11': -312574.5, 'J12': -193202.5, 'J13': -49182.5, 'cluster3106249630_3106249631_J60_J61_#5more': -397177.5}, {'J10': 13, 'J11': 32, 'J12': 20, 'J13': 24, 'cluster3106249630_3106249631_J60_J61_#5more': 36}, {'J10': 18, 'J11': 58, 'J12': 79, 'J13': 33, 'cluster3106249630_3106249631_J60_J61_#5more': 83}, 
3405.0, {'J10': -82197.0, 'J11': -312975.5, 'J12': -193992.5, 'J13': -49515.0, 'cluster3106249630_3106249631_J60_J61_#5more': -397944.0}, {'J10': 13, 'J11': 32, 'J12': 20, 'J13': 24, 'cluster3106249630_3106249631_J60_J61_#5more': 36}, {'J10': 18, 'J11': 54, 'J12': 79, 'J13': 34, 'cluster3106249630_3106249631_J60_J61_#5more': 82}, 
3410.0, {'J10': -82377.0, 'J11': -313515.5, 'J12': -194782.5, 'J13': -49855.0, 'cluster3106249630_3106249631_J60_J61_#5more': -398764.0}, {'J10': 13, 'J11': 32, 'J12': 20, 'J13': 24, 'cluster3106249630_3106249631_J60_J61_#5more': 36}, {'J10': 18, 'J11': 54, 'J12': 79, 'J13': 34, 'cluster3106249630_3106249631_J60_J61_#5more': 82}, 
3415.0, {'J10': -82557.0, 'J11': -314055.5, 'J12': -195572.5, 'J13': -50196.0, 'cluster3106249630_3106249631_J60_J61_#5more': -399587.5}, {'J10': 13, 'J11': 32, 'J12': 20, 'J13': 25, 'cluster3106249630_3106249631_J60_J61_#5more': 36}, {'J10': 18, 'J11': 54, 'J12': 79, 'J13': 35, 'cluster3106249630_3106249631_J60_J61_#5more': 83}, 
3420.0, {'J10': -82740.5, 'J11': -314595.5, 'J12': -196367.5, 'J13': -50555.5, 'cluster3106249630_3106249631_J60_J61_#5more': -400327.0}, {'J10': 13, 'J11': 32, 'J12': 20, 'J13': 28, 'cluster3106249630_3106249631_J60_J61_#5more': 36}, {'J10': 19, 'J11': 54, 'J12': 80, 'J13': 38, 'cluster3106249630_3106249631_J60_J61_#5more': 82}, 
3425.0, {'J10': -82917.0, 'J11': -315135.5, 'J12': -197167.5, 'J13': -50935.5, 'cluster3106249630_3106249631_J60_J61_#5more': -401147.0}, {'J10': 13, 'J11': 32, 'J12': 20, 'J13': 28, 'cluster3106249630_3106249631_J60_J61_#5more': 36}, {'J10': 18, 'J11': 54, 'J12': 80, 'J13': 38, 'cluster3106249630_3106249631_J60_J61_#5more': 82}, 
3430.0, {'J10': -83097.0, 'J11': -315675.5, 'J12': -197967.5, 'J13': -51315.5, 'cluster3106249630_3106249631_J60_J61_#5more': -401967.0}, {'J10': 13, 'J11': 32, 'J12': 20, 'J13': 28, 'cluster3106249630_3106249631_J60_J61_#5more': 36}, {'J10': 18, 'J11': 54, 'J12': 80, 'J13': 38, 'cluster3106249630_3106249631_J60_J61_#5more': 82}, 
3435.0, {'J10': -83277.0, 'J11': -316215.5, 'J12': -198767.5, 'J13': -51695.5, 'cluster3106249630_3106249631_J60_J61_#5more': -402681.0}, {'J10': 13, 'J11': 32, 'J12': 20, 'J13': 28, 'cluster3106249630_3106249631_J60_J61_#5more': 36}, {'J10': 18, 'J11': 54, 'J12': 80, 'J13': 38, 'cluster3106249630_3106249631_J60_J61_#5more': 83}, 
3440.0, {'J10': -83457.0, 'J11': -316755.5, 'J12': -199567.5, 'J13': -52075.5, 'cluster3106249630_3106249631_J60_J61_#5more': -403427.0}, {'J10': 13, 'J11': 32, 'J12': 20, 'J13': 28, 'cluster3106249630_3106249631_J60_J61_#5more': 36}, {'J10': 18, 'J11': 54, 'J12': 80, 'J13': 38, 'cluster3106249630_3106249631_J60_J61_#5more': 84}, 
3445.0, {'J10': -83639.5, 'J11': -317295.5, 'J12': -199626.5, 'J13': -52455.5, 'cluster3106249630_3106249631_J60_J61_#5more': -404210.0}, {'J10': 13, 'J11': 32, 'J12': 20, 'J13': 28, 'cluster3106249630_3106249631_J60_J61_#5more': 36}, {'J10': 19, 'J11': 54, 'J12': 78, 'J13': 38, 'cluster3106249630_3106249631_J60_J61_#5more': 85}, 
3450.0, {'J10': -83829.5, 'J11': -317835.5, 'J12': -199658.0, 'J13': -52835.5, 'cluster3106249630_3106249631_J60_J61_#5more': -405066.0}, {'J10': 13, 'J11': 32, 'J12': 20, 'J13': 28, 'cluster3106249630_3106249631_J60_J61_#5more': 36}, {'J10': 19, 'J11': 54, 'J12': 76, 'J13': 38, 'cluster3106249630_3106249631_J60_J61_#5more': 87}, 
3455.0, {'J10': -84019.5, 'J11': -318375.5, 'J12': -200423.5, 'J13': -53215.5, 'cluster3106249630_3106249631_J60_J61_#5more': -405928.0}, {'J10': 13, 'J11': 32, 'J12': 20, 'J13': 28, 'cluster3106249630_3106249631_J60_J61_#5more': 36}, {'J10': 19, 'J11': 54, 'J12': 79, 'J13': 38, 'cluster3106249630_3106249631_J60_J61_#5more': 87}, 
3460.0, {'J10': -84209.5, 'J11': -318915.5, 'J12': -201222.0, 'J13': -50245.5, 'cluster3106249630_3106249631_J60_J61_#5more': -406798.0}, {'J10': 13, 'J11': 32, 'J12': 20, 'J13': 25, 'cluster3106249630_3106249631_J60_J61_#5more': 36}, {'J10': 19, 'J11': 54, 'J12': 81, 'J13': 34, 'cluster3106249630_3106249631_J60_J61_#5more': 87}, 
3465.0, {'J10': -84399.5, 'J11': -319455.5, 'J12': -201060.0, 'J13': -49583.5, 'cluster3106249630_3106249631_J60_J61_#5more': -407674.0}, {'J10': 13, 'J11': 32, 'J12': 20, 'J13': 24, 'cluster3106249630_3106249631_J60_J61_#5more': 36}, {'J10': 19, 'J11': 54, 'J12': 80, 'J13': 33, 'cluster3106249630_3106249631_J60_J61_#5more': 89}, 
3470.0, {'J10': -84589.5, 'J11': -319995.5, 'J12': -201276.5, 'J13': -49916.5, 'cluster3106249630_3106249631_J60_J61_#5more': -408567.5}, {'J10': 13, 'J11': 32, 'J12': 20, 'J13': 24, 'cluster3106249630_3106249631_J60_J61_#5more': 36}, {'J10': 19, 'J11': 54, 'J12': 79, 'J13': 34, 'cluster3106249630_3106249631_J60_J61_#5more': 90}, 
3475.0, {'J10': -84779.5, 'J11': -320535.5, 'J12': -202066.5, 'J13': -50256.5, 'cluster3106249630_3106249631_J60_J61_#5more': -409467.5}, {'J10': 13, 'J11': 32, 'J12': 20, 'J13': 24, 'cluster3106249630_3106249631_J60_J61_#5more': 36}, {'J10': 19, 'J11': 54, 'J12': 79, 'J13': 34, 'cluster3106249630_3106249631_J60_J61_#5more': 90}, 
3480.0, {'J10': -84969.5, 'J11': -321078.5, 'J12': -202857.5, 'J13': -50597.5, 'cluster3106249630_3106249631_J60_J61_#5more': -410369.0}, {'J10': 13, 'J11': 32, 'J12': 20, 'J13': 25, 'cluster3106249630_3106249631_J60_J61_#5more': 36}, {'J10': 19, 'J11': 55, 'J12': 80, 'J13': 35, 'cluster3106249630_3106249631_J60_J61_#5more': 91}, 
3485.0, {'J10': -85159.5, 'J11': -321628.5, 'J12': -202143.5, 'J13': -50957.5, 'cluster3106249630_3106249631_J60_J61_#5more': -411281.5}, {'J10': 13, 'J11': 32, 'J12': 20, 'J13': 28, 'cluster3106249630_3106249631_J60_J61_#5more': 36}, {'J10': 19, 'J11': 55, 'J12': 78, 'J13': 38, 'cluster3106249630_3106249631_J60_J61_#5more': 92}, 
3490.0, {'J10': -85258.5, 'J11': -322178.5, 'J12': -202309.0, 'J13': -51337.5, 'cluster3106249630_3106249631_J60_J61_#5more': -412206.5}, {'J10': 13, 'J11': 32, 'J12': 20, 'J13': 28, 'cluster3106249630_3106249631_J60_J61_#5more': 36}, {'J10': 19, 'J11': 55, 'J12': 77, 'J13': 38, 'cluster3106249630_3106249631_J60_J61_#5more': 95}, 
3495.0, {'J10': -85437.0, 'J11': -322728.5, 'J12': -203080.0, 'J13': -51717.5, 'cluster3106249630_3106249631_J60_J61_#5more': -405917.0}, {'J10': 13, 'J11': 32, 'J12': 20, 'J13': 28, 'cluster3106249630_3106249631_J60_J61_#5more': 36}, {'J10': 18, 'J11': 55, 'J12': 78, 'J13': 38, 'cluster3106249630_3106249631_J60_J61_#5more': 92}, 
3500.0, {'J10': -85617.0, 'J11': -323235.5, 'J12': -203860.0, 'J13': -52097.5, 'cluster3106249630_3106249631_J60_J61_#5more': -399386.0}, {'J10': 13, 'J11': 32, 'J12': 20, 'J13': 28, 'cluster3106249630_3106249631_J60_J61_#5more': 36}, {'J10': 18, 'J11': 54, 'J12': 78, 'J13': 38, 'cluster3106249630_3106249631_J60_J61_#5more': 86}, 
3505.0, {'J10': -85797.0, 'J11': -323775.5, 'J12': -204642.5, 'J13': -52477.5, 'cluster3106249630_3106249631_J60_J61_#5more': -399964.5}, {'J10': 13, 'J11': 32, 'J12': 20, 'J13': 28, 'cluster3106249630_3106249631_J60_J61_#5more': 36}, {'J10': 18, 'J11': 54, 'J12': 79, 'J13': 38, 'cluster3106249630_3106249631_J60_J61_#5more': 82}, 
3510.0, {'J10': -85977.0, 'J11': -324315.5, 'J12': -202386.5, 'J13': -52857.5, 'cluster3106249630_3106249631_J60_J61_#5more': -400759.5}, {'J10': 13, 'J11': 32, 'J12': 20, 'J13': 28, 'cluster3106249630_3106249631_J60_J61_#5more': 36}, {'J10': 18, 'J11': 54, 'J12': 74, 'J13': 38, 'cluster3106249630_3106249631_J60_J61_#5more': 85}, 
3515.0, {'J10': -86157.0, 'J11': -324855.5, 'J12': -203126.5, 'J13': -53237.5, 'cluster3106249630_3106249631_J60_J61_#5more': -401559.0}, {'J10': 13, 'J11': 32, 'J12': 20, 'J13': 28, 'cluster3106249630_3106249631_J60_J61_#5more': 36}, {'J10': 18, 'J11': 54, 'J12': 74, 'J13': 38, 'cluster3106249630_3106249631_J60_J61_#5more': 84}, 
3520.0, {'J10': -86337.0, 'J11': -325395.5, 'J12': -203867.5, 'J13': -53617.5, 'cluster3106249630_3106249631_J60_J61_#5more': -402370.5}, {'J10': 13, 'J11': 32, 'J12': 20, 'J13': 28, 'cluster3106249630_3106249631_J60_J61_#5more': 36}, {'J10': 18, 'J11': 54, 'J12': 76, 'J13': 38, 'cluster3106249630_3106249631_J60_J61_#5more': 85}, 
3525.0, {'J10': -86517.0, 'J11': -325935.5, 'J12': -204636.0, 'J13': -53628.0, 'cluster3106249630_3106249631_J60_J61_#5more': -403220.5}, {'J10': 13, 'J11': 32, 'J12': 20, 'J13': 28, 'cluster3106249630_3106249631_J60_J61_#5more': 36}, {'J10': 18, 'J11': 54, 'J12': 78, 'J13': 38, 'cluster3106249630_3106249631_J60_J61_#5more': 85}, 
3530.0, {'J10': -86697.0, 'J11': -326475.5, 'J12': -204315.5, 'J13': -51858.5, 'cluster3106249630_3106249631_J60_J61_#5more': -403981.5}, {'J10': 13, 'J11': 32, 'J12': 20, 'J13': 26, 'cluster3106249630_3106249631_J60_J61_#5more': 36}, {'J10': 18, 'J11': 54, 'J12': 77, 'J13': 34, 'cluster3106249630_3106249631_J60_J61_#5more': 83}, 
3535.0, {'J10': -86877.0, 'J11': -327015.5, 'J12': -205085.5, 'J13': -52205.0, 'cluster3106249630_3106249631_J60_J61_#5more': -404816.5}, {'J10': 13, 'J11': 32, 'J12': 20, 'J13': 26, 'cluster3106249630_3106249631_J60_J61_#5more': 36}, {'J10': 18, 'J11': 54, 'J12': 77, 'J13': 36, 'cluster3106249630_3106249631_J60_J61_#5more': 85}, 
3540.0, {'J10': -87057.0, 'J11': -327555.5, 'J12': -205856.0, 'J13': -52565.0, 'cluster3106249630_3106249631_J60_J61_#5more': -405672.5}, {'J10': 13, 'J11': 32, 'J12': 20, 'J13': 26, 'cluster3106249630_3106249631_J60_J61_#5more': 36}, {'J10': 18, 'J11': 54, 'J12': 78, 'J13': 36, 'cluster3106249630_3106249631_J60_J61_#5more': 87}, 
3545.0, {'J10': -87237.0, 'J11': -328095.5, 'J12': -206636.0, 'J13': -52925.0, 'cluster3106249630_3106249631_J60_J61_#5more': -406549.5}, {'J10': 13, 'J11': 32, 'J12': 20, 'J13': 26, 'cluster3106249630_3106249631_J60_J61_#5more': 36}, {'J10': 18, 'J11': 54, 'J12': 78, 'J13': 36, 'cluster3106249630_3106249631_J60_J61_#5more': 89}, 
3550.0, {'J10': -87417.0, 'J11': -328635.5, 'J12': -207418.0, 'J13': -53291.5, 'cluster3106249630_3106249631_J60_J61_#5more': -407430.0}, {'J10': 13, 'J11': 32, 'J12': 20, 'J13': 28, 'cluster3106249630_3106249631_J60_J61_#5more': 36}, {'J10': 18, 'J11': 54, 'J12': 79, 'J13': 38, 'cluster3106249630_3106249631_J60_J61_#5more': 90}, 
3555.0, {'J10': -87599.5, 'J11': -329175.5, 'J12': -208211.5, 'J13': -53671.5, 'cluster3106249630_3106249631_J60_J61_#5more': -408340.5}, {'J10': 13, 'J11': 32, 'J12': 20, 'J13': 28, 'cluster3106249630_3106249631_J60_J61_#5more': 36}, {'J10': 19, 'J11': 54, 'J12': 80, 'J13': 38, 'cluster3106249630_3106249631_J60_J61_#5more': 93}, 
3560.0, {'J10': -87777.0, 'J11': -329718.5, 'J12': -209011.5, 'J13': -54051.5, 'cluster3106249630_3106249631_J60_J61_#5more': -409276.5}, {'J10': 13, 'J11': 32, 'J12': 20, 'J13': 28, 'cluster3106249630_3106249631_J60_J61_#5more': 36}, {'J10': 18, 'J11': 55, 'J12': 80, 'J13': 38, 'cluster3106249630_3106249631_J60_J61_#5more': 95}, 
3565.0, {'J10': -87957.0, 'J11': -330255.5, 'J12': -209811.5, 'J13': -54431.5, 'cluster3106249630_3106249631_J60_J61_#5more': -410231.5}, {'J10': 13, 'J11': 32, 'J12': 20, 'J13': 28, 'cluster3106249630_3106249631_J60_J61_#5more': 36}, {'J10': 18, 'J11': 54, 'J12': 80, 'J13': 38, 'cluster3106249630_3106249631_J60_J61_#5more': 97}, 
3570.0, {'J10': -88137.0, 'J11': -330795.5, 'J12': -210611.5, 'J13': -54811.5, 'cluster3106249630_3106249631_J60_J61_#5more': -396832.5}, {'J10': 13, 'J11': 32, 'J12': 20, 'J13': 28, 'cluster3106249630_3106249631_J60_J61_#5more': 36}, {'J10': 18, 'J11': 54, 'J12': 80, 'J13': 38, 'cluster3106249630_3106249631_J60_J61_#5more': 93}, 
3575.0, {'J10': -88317.0, 'J11': -331335.5, 'J12': -210312.0, 'J13': -55191.5, 'cluster3106249630_3106249631_J60_J61_#5more': -397626.5}, {'J10': 13, 'J11': 32, 'J12': 20, 'J13': 28, 'cluster3106249630_3106249631_J60_J61_#5more': 36}, {'J10': 18, 'J11': 54, 'J12': 77, 'J13': 38, 'cluster3106249630_3106249631_J60_J61_#5more': 91}, 
3580.0, {'J10': -88497.0, 'J11': -331875.5, 'J12': -210708.0, 'J13': -55571.5, 'cluster3106249630_3106249631_J60_J61_#5more': -398541.5}, {'J10': 13, 'J11': 32, 'J12': 20, 'J13': 28, 'cluster3106249630_3106249631_J60_J61_#5more': 36}, {'J10': 18, 'J11': 54, 'J12': 76, 'J13': 38, 'cluster3106249630_3106249631_J60_J61_#5more': 93}, 
3585.0, {'J10': -88677.0, 'J11': -332415.5, 'J12': -211474.5, 'J13': -55951.5, 'cluster3106249630_3106249631_J60_J61_#5more': -399483.5}, {'J10': 13, 'J11': 32, 'J12': 20, 'J13': 28, 'cluster3106249630_3106249631_J60_J61_#5more': 36}, {'J10': 18, 'J11': 54, 'J12': 79, 'J13': 38, 'cluster3106249630_3106249631_J60_J61_#5more': 97}, 
3590.0, {'J10': -88857.0, 'J11': -332955.5, 'J12': -212272.5, 'J13': -56333.5, 'cluster3106249630_3106249631_J60_J61_#5more': -400377.0}, {'J10': 13, 'J11': 32, 'J12': 20, 'J13': 28, 'cluster3106249630_3106249631_J60_J61_#5more': 36}, {'J10': 18, 'J11': 54, 'J12': 81, 'J13': 40, 'cluster3106249630_3106249631_J60_J61_#5more': 98}, 
3595.0, {'J10': -89037.0, 'J11': -333495.5, 'J12': -211858.0, 'J13': -56711.5, 'cluster3106249630_3106249631_J60_J61_#5more': -401357.0}, {'J10': 13, 'J11': 32, 'J12': 20, 'J13': 28, 'cluster3106249630_3106249631_J60_J61_#5more': 36}, {'J10': 18, 'J11': 54, 'J12': 80, 'J13': 38, 'cluster3106249630_3106249631_J60_J61_#5more': 98}, 
3600.0, {'J10': -89217.0, 'J11': -334035.5, 'J12': -211425.0, 'J13': -57091.5, 'cluster3106249630_3106249631_J60_J61_#5more': -402150.5}, {'J10': 13, 'J11': 32, 'J12': 20, 'J13': 28, 'cluster3106249630_3106249631_J60_J61_#5more': 36}, {'J10': 18, 'J11': 54, 'J12': 78, 'J13': 38, 'cluster3106249630_3106249631_J60_J61_#5more': 97}, 
3605.0, {'J10': -89397.0, 'J11': -334575.5, 'J12': -212209.0, 'J13': -57471.5, 'cluster3106249630_3106249631_J60_J61_#5more': -403070.0}, {'J10': 13, 'J11': 32, 'J12': 20, 'J13': 28, 'cluster3106249630_3106249631_J60_J61_#5more': 36}, {'J10': 18, 'J11': 54, 'J12': 79, 'J13': 38, 'cluster3106249630_3106249631_J60_J61_#5more': 97}, 
3610.0, {'J10': -89577.0, 'J11': -335115.5, 'J12': -212999.0, 'J13': -57851.5, 'cluster3106249630_3106249631_J60_J61_#5more': -404043.0}, {'J10': 13, 'J11': 32, 'J12': 20, 'J13': 28, 'cluster3106249630_3106249631_J60_J61_#5more': 36}, {'J10': 18, 'J11': 54, 'J12': 79, 'J13': 38, 'cluster3106249630_3106249631_J60_J61_#5more': 100}, 
3615.0, {'J10': -89757.0, 'J11': -335655.5, 'J12': -212619.5, 'J13': -58231.5, 'cluster3106249630_3106249631_J60_J61_#5more': -405046.0}, {'J10': 13, 'J11': 32, 'J12': 20, 'J13': 28, 'cluster3106249630_3106249631_J60_J61_#5more': 36}, {'J10': 18, 'J11': 54, 'J12': 79, 'J13': 38, 'cluster3106249630_3106249631_J60_J61_#5more': 101}, 
3620.0, {'J10': -89937.0, 'J11': -336195.5, 'J12': -213409.5, 'J13': -58611.5, 'cluster3106249630_3106249631_J60_J61_#5more': -406034.0}, {'J10': 13, 'J11': 32, 'J12': 20, 'J13': 28, 'cluster3106249630_3106249631_J60_J61_#5more': 36}, {'J10': 18, 'J11': 54, 'J12': 79, 'J13': 38, 'cluster3106249630_3106249631_J60_J61_#5more': 100}, 
3625.0, {'J10': -90117.0, 'J11': -336735.5, 'J12': -214199.5, 'J13': -58991.5, 'cluster3106249630_3106249631_J60_J61_#5more': -407003.5}, {'J10': 13, 'J11': 32, 'J12': 20, 'J13': 28, 'cluster3106249630_3106249631_J60_J61_#5more': 36}, {'J10': 18, 'J11': 54, 'J12': 79, 'J13': 38, 'cluster3106249630_3106249631_J60_J61_#5more': 99}, 
3630.0, {'J10': -90297.0, 'J11': -337275.5, 'J12': -214993.0, 'J13': -59371.5, 'cluster3106249630_3106249631_J60_J61_#5more': -407993.5}, {'J10': 13, 'J11': 32, 'J12': 20, 'J13': 28, 'cluster3106249630_3106249631_J60_J61_#5more': 36}, {'J10': 18, 'J11': 54, 'J12': 80, 'J13': 38, 'cluster3106249630_3106249631_J60_J61_#5more': 99}, 
3635.0, {'J10': -90477.0, 'J11': -337815.5, 'J12': -215793.0, 'J13': -59751.5, 'cluster3106249630_3106249631_J60_J61_#5more': -394102.0}, {'J10': 13, 'J11': 32, 'J12': 20, 'J13': 28, 'cluster3106249630_3106249631_J60_J61_#5more': 36}, {'J10': 18, 'J11': 54, 'J12': 80, 'J13': 38, 'cluster3106249630_3106249631_J60_J61_#5more': 94}, 
3640.0, {'J10': -90657.0, 'J11': -338355.5, 'J12': -215049.5, 'J13': -60131.5, 'cluster3106249630_3106249631_J60_J61_#5more': -394847.5}, {'J10': 13, 'J11': 32, 'J12': 20, 'J13': 28, 'cluster3106249630_3106249631_J60_J61_#5more': 36}, {'J10': 18, 'J11': 54, 'J12': 75, 'J13': 38, 'cluster3106249630_3106249631_J60_J61_#5more': 93}, 
3645.0, {'J10': -90837.0, 'J11': -338895.5, 'J12': -215799.5, 'J13': -60511.5, 'cluster3106249630_3106249631_J60_J61_#5more': -395786.5}, {'J10': 13, 'J11': 32, 'J12': 20, 'J13': 28, 'cluster3106249630_3106249631_J60_J61_#5more': 36}, {'J10': 18, 'J11': 54, 'J12': 75, 'J13': 38, 'cluster3106249630_3106249631_J60_J61_#5more': 96}, 
3650.0, {'J10': -91017.0, 'J11': -339435.5, 'J12': -216550.5, 'J13': -60891.5, 'cluster3106249630_3106249631_J60_J61_#5more': -396724.5}, {'J10': 13, 'J11': 32, 'J12': 20, 'J13': 28, 'cluster3106249630_3106249631_J60_J61_#5more': 36}, {'J10': 18, 'J11': 54, 'J12': 77, 'J13': 38, 'cluster3106249630_3106249631_J60_J61_#5more': 96}, 
3655.0, {'J10': -91197.0, 'J11': -339975.5, 'J12': -217329.0, 'J13': -57153.0, 'cluster3106249630_3106249631_J60_J61_#5more': -397663.0}, {'J10': 13, 'J11': 32, 'J12': 20, 'J13': 25, 'cluster3106249630_3106249631_J60_J61_#5more': 36}, {'J10': 18, 'J11': 54, 'J12': 79, 'J13': 33, 'cluster3106249630_3106249631_J60_J61_#5more': 95}, 
3660.0, {'J10': -91377.0, 'J11': -340515.5, 'J12': -216874.0, 'J13': -56350.0, 'cluster3106249630_3106249631_J60_J61_#5more': -398613.0}, {'J10': 13, 'J11': 32, 'J12': 20, 'J13': 24, 'cluster3106249630_3106249631_J60_J61_#5more': 36}, {'J10': 18, 'J11': 54, 'J12': 78, 'J13': 32, 'cluster3106249630_3106249631_J60_J61_#5more': 95}, 
3665.0, {'J10': -91557.0, 'J11': -341055.5, 'J12': -216919.0, 'J13': -56676.0, 'cluster3106249630_3106249631_J60_J61_#5more': -399563.0}, {'J10': 13, 'J11': 32, 'J12': 20, 'J13': 24, 'cluster3106249630_3106249631_J60_J61_#5more': 36}, {'J10': 18, 'J11': 54, 'J12': 77, 'J13': 34, 'cluster3106249630_3106249631_J60_J61_#5more': 95}, 
3670.0, {'J10': -91737.0, 'J11': -341595.5, 'J12': -217689.0, 'J13': -57016.0, 'cluster3106249630_3106249631_J60_J61_#5more': -400513.0}, {'J10': 13, 'J11': 32, 'J12': 20, 'J13': 24, 'cluster3106249630_3106249631_J60_J61_#5more': 36}, {'J10': 18, 'J11': 54, 'J12': 77, 'J13': 34, 'cluster3106249630_3106249631_J60_J61_#5more': 95}, 
3675.0, {'J10': -91917.0, 'J11': -342135.5, 'J12': -218459.0, 'J13': -57356.5, 'cluster3106249630_3106249631_J60_J61_#5more': -401463.0}, {'J10': 13, 'J11': 32, 'J12': 20, 'J13': 25, 'cluster3106249630_3106249631_J60_J61_#5more': 36}, {'J10': 18, 'J11': 54, 'J12': 77, 'J13': 35, 'cluster3106249630_3106249631_J60_J61_#5more': 95}, 
3680.0, {'J10': -92097.0, 'J11': -342675.5, 'J12': -219229.5, 'J13': -57717.0, 'cluster3106249630_3106249631_J60_J61_#5more': -397789.0}, {'J10': 13, 'J11': 32, 'J12': 20, 'J13': 28, 'cluster3106249630_3106249631_J60_J61_#5more': 36}, {'J10': 18, 'J11': 54, 'J12': 78, 'J13': 38, 'cluster3106249630_3106249631_J60_J61_#5more': 94}, 
3685.0, {'J10': -92277.0, 'J11': -343215.5, 'J12': -220009.5, 'J13': -58097.0, 'cluster3106249630_3106249631_J60_J61_#5more': -398729.0}, {'J10': 13, 'J11': 32, 'J12': 20, 'J13': 28, 'cluster3106249630_3106249631_J60_J61_#5more': 36}, {'J10': 18, 'J11': 54, 'J12': 78, 'J13': 38, 'cluster3106249630_3106249631_J60_J61_#5more': 94}, 
3690.0, {'J10': -92457.0, 'J11': -343755.5, 'J12': -220789.5, 'J13': -58477.0, 'cluster3106249630_3106249631_J60_J61_#5more': -399669.0}, {'J10': 13, 'J11': 32, 'J12': 20, 'J13': 28, 'cluster3106249630_3106249631_J60_J61_#5more': 36}, {'J10': 18, 'J11': 54, 'J12': 78, 'J13': 38, 'cluster3106249630_3106249631_J60_J61_#5more': 94}, 
3695.0, {'J10': -92637.0, 'J11': -344295.5, 'J12': -221569.5, 'J13': -58857.0, 'cluster3106249630_3106249631_J60_J61_#5more': -400609.0}, {'J10': 13, 'J11': 32, 'J12': 20, 'J13': 28, 'cluster3106249630_3106249631_J60_J61_#5more': 36}, {'J10': 18, 'J11': 54, 'J12': 78, 'J13': 38, 'cluster3106249630_3106249631_J60_J61_#5more': 94}, 
3700.0, {'J10': -92817.0, 'J11': -344835.5, 'J12': -222349.5, 'J13': -59237.0, 'cluster3106249630_3106249631_J60_J61_#5more': -400330.0}, {'J10': 13, 'J11': 32, 'J12': 20, 'J13': 28, 'cluster3106249630_3106249631_J60_J61_#5more': 36}, {'J10': 18, 'J11': 54, 'J12': 78, 'J13': 38, 'cluster3106249630_3106249631_J60_J61_#5more': 92}, 
3705.0, {'J10': -92997.0, 'J11': -345375.5, 'J12': -220115.5, 'J13': -59617.0, 'cluster3106249630_3106249631_J60_J61_#5more': -400606.5}, {'J10': 13, 'J11': 32, 'J12': 20, 'J13': 28, 'cluster3106249630_3106249631_J60_J61_#5more': 36}, {'J10': 18, 'J11': 54, 'J12': 73, 'J13': 38, 'cluster3106249630_3106249631_J60_J61_#5more': 90}, 
3710.0, {'J10': -93177.0, 'J11': -345915.5, 'J12': -220845.5, 'J13': -59997.0, 'cluster3106249630_3106249631_J60_J61_#5more': -401506.5}, {'J10': 13, 'J11': 32, 'J12': 20, 'J13': 28, 'cluster3106249630_3106249631_J60_J61_#5more': 36}, {'J10': 18, 'J11': 54, 'J12': 73, 'J13': 38, 'cluster3106249630_3106249631_J60_J61_#5more': 90}, 
3715.0, {'J10': -93357.0, 'J11': -346455.5, 'J12': -221576.5, 'J13': -60377.0, 'cluster3106249630_3106249631_J60_J61_#5more': -402413.0}, {'J10': 13, 'J11': 32, 'J12': 20, 'J13': 28, 'cluster3106249630_3106249631_J60_J61_#5more': 36}, {'J10': 18, 'J11': 54, 'J12': 75, 'J13': 38, 'cluster3106249630_3106249631_J60_J61_#5more': 92}, 
3720.0, {'J10': -93537.0, 'J11': -346995.5, 'J12': -222335.0, 'J13': -58022.5, 'cluster3106249630_3106249631_J60_J61_#5more': -403333.0}, {'J10': 13, 'J11': 32, 'J12': 20, 'J13': 26, 'cluster3106249630_3106249631_J60_J61_#5more': 36}, {'J10': 18, 'J11': 54, 'J12': 77, 'J13': 34, 'cluster3106249630_3106249631_J60_J61_#5more': 92}, 
3725.0, {'J10': -93717.0, 'J11': -347535.5, 'J12': -221973.0, 'J13': -57230.5, 'cluster3106249630_3106249631_J60_J61_#5more': -404253.0}, {'J10': 13, 'J11': 32, 'J12': 20, 'J13': 25, 'cluster3106249630_3106249631_J60_J61_#5more': 36}, {'J10': 18, 'J11': 54, 'J12': 76, 'J13': 33, 'cluster3106249630_3106249631_J60_J61_#5more': 92}, 
3730.0, {'J10': -93897.0, 'J11': -348075.5, 'J12': -222733.0, 'J13': -57566.5, 'cluster3106249630_3106249631_J60_J61_#5more': -405173.0}, {'J10': 13, 'J11': 32, 'J12': 20, 'J13': 25, 'cluster3106249630_3106249631_J60_J61_#5more': 36}, {'J10': 18, 'J11': 54, 'J12': 76, 'J13': 35, 'cluster3106249630_3106249631_J60_J61_#5more': 92}, 
3735.0, {'J10': -94077.0, 'J11': -348615.5, 'J12': -223493.0, 'J13': -57916.5, 'cluster3106249630_3106249631_J60_J61_#5more': -406093.0}, {'J10': 13, 'J11': 32, 'J12': 20, 'J13': 25, 'cluster3106249630_3106249631_J60_J61_#5more': 36}, {'J10': 18, 'J11': 54, 'J12': 76, 'J13': 35, 'cluster3106249630_3106249631_J60_J61_#5more': 92}, 
3740.0, {'J10': -94257.0, 'J11': -349155.5, 'J12': -224253.0, 'J13': -58268.5, 'cluster3106249630_3106249631_J60_J61_#5more': -407013.0}, {'J10': 13, 'J11': 32, 'J12': 20, 'J13': 27, 'cluster3106249630_3106249631_J60_J61_#5more': 36}, {'J10': 18, 'J11': 54, 'J12': 76, 'J13': 37, 'cluster3106249630_3106249631_J60_J61_#5more': 92}, 
3745.0, {'J10': -94437.0, 'J11': -349695.5, 'J12': -225015.5, 'J13': -58642.0, 'cluster3106249630_3106249631_J60_J61_#5more': -407933.0}, {'J10': 13, 'J11': 32, 'J12': 20, 'J13': 28, 'cluster3106249630_3106249631_J60_J61_#5more': 36}, {'J10': 18, 'J11': 54, 'J12': 77, 'J13': 38, 'cluster3106249630_3106249631_J60_J61_#5more': 92}, 
3750.0, {'J10': -94617.0, 'J11': -350235.5, 'J12': -225785.5, 'J13': -59022.0, 'cluster3106249630_3106249631_J60_J61_#5more': -405700.0}, {'J10': 13, 'J11': 32, 'J12': 20, 'J13': 28, 'cluster3106249630_3106249631_J60_J61_#5more': 36}, {'J10': 18, 'J11': 54, 'J12': 77, 'J13': 38, 'cluster3106249630_3106249631_J60_J61_#5more': 91}, 
3755.0, {'J10': -94797.0, 'J11': -350775.5, 'J12': -226555.5, 'J13': -59402.0, 'cluster3106249630_3106249631_J60_J61_#5more': -401839.5}, {'J10': 13, 'J11': 32, 'J12': 20, 'J13': 28, 'cluster3106249630_3106249631_J60_J61_#5more': 36}, {'J10': 18, 'J11': 54, 'J12': 77, 'J13': 38, 'cluster3106249630_3106249631_J60_J61_#5more': 90}, 
3760.0, {'J10': -94977.0, 'J11': -351315.5, 'J12': -227325.5, 'J13': -59782.0, 'cluster3106249630_3106249631_J60_J61_#5more': -402739.5}, {'J10': 13, 'J11': 32, 'J12': 20, 'J13': 28, 'cluster3106249630_3106249631_J60_J61_#5more': 36}, {'J10': 18, 'J11': 54, 'J12': 77, 'J13': 38, 'cluster3106249630_3106249631_J60_J61_#5more': 90}, 
3765.0, {'J10': -95157.0, 'J11': -351855.5, 'J12': -228095.5, 'J13': -60162.0, 'cluster3106249630_3106249631_J60_J61_#5more': -402559.5}, {'J10': 13, 'J11': 32, 'J12': 20, 'J13': 28, 'cluster3106249630_3106249631_J60_J61_#5more': 36}, {'J10': 18, 'J11': 54, 'J12': 77, 'J13': 38, 'cluster3106249630_3106249631_J60_J61_#5more': 87}, 
3770.0, {'J10': -95337.0, 'J11': -352395.5, 'J12': -227395.5, 'J13': -60542.0, 'cluster3106249630_3106249631_J60_J61_#5more': -402345.0}, {'J10': 13, 'J11': 32, 'J12': 20, 'J13': 28, 'cluster3106249630_3106249631_J60_J61_#5more': 36}, {'J10': 18, 'J11': 54, 'J12': 73, 'J13': 38, 'cluster3106249630_3106249631_J60_J61_#5more': 84}, 
3775.0, {'J10': -95517.0, 'J11': -352935.5, 'J12': -228125.5, 'J13': -60922.0, 'cluster3106249630_3106249631_J60_J61_#5more': -403186.0}, {'J10': 13, 'J11': 32, 'J12': 20, 'J13': 28, 'cluster3106249630_3106249631_J60_J61_#5more': 36}, {'J10': 18, 'J11': 54, 'J12': 73, 'J13': 38, 'cluster3106249630_3106249631_J60_J61_#5more': 85}, 
3780.0, {'J10': -95697.0, 'J11': -353475.5, 'J12': -228861.0, 'J13': -61302.0, 'cluster3106249630_3106249631_J60_J61_#5more': -404044.0}, {'J10': 13, 'J11': 32, 'J12': 20, 'J13': 28, 'cluster3106249630_3106249631_J60_J61_#5more': 36}, {'J10': 18, 'J11': 54, 'J12': 76, 'J13': 38, 'cluster3106249630_3106249631_J60_J61_#5more': 88}, 
3785.0, {'J10': -95877.0, 'J11': -354015.5, 'J12': -229630.0, 'J13': -58958.5, 'cluster3106249630_3106249631_J60_J61_#5more': -404924.0}, {'J10': 13, 'J11': 32, 'J12': 20, 'J13': 26, 'cluster3106249630_3106249631_J60_J61_#5more': 36}, {'J10': 18, 'J11': 54, 'J12': 78, 'J13': 34, 'cluster3106249630_3106249631_J60_J61_#5more': 88}, 
3790.0, {'J10': -96057.0, 'J11': -354555.5, 'J12': -229197.0, 'J13': -58177.0, 'cluster3106249630_3106249631_J60_J61_#5more': -405804.0}, {'J10': 13, 'J11': 32, 'J12': 20, 'J13': 25, 'cluster3106249630_3106249631_J60_J61_#5more': 36}, {'J10': 18, 'J11': 54, 'J12': 77, 'J13': 33, 'cluster3106249630_3106249631_J60_J61_#5more': 88}, 
3795.0, {'J10': -96237.0, 'J11': -355095.5, 'J12': -228261.0, 'J13': -58513.0, 'cluster3106249630_3106249631_J60_J61_#5more': -406684.0}, {'J10': 13, 'J11': 32, 'J12': 20, 'J13': 25, 'cluster3106249630_3106249631_J60_J61_#5more': 36}, {'J10': 18, 'J11': 54, 'J12': 75, 'J13': 35, 'cluster3106249630_3106249631_J60_J61_#5more': 88}, 
3800.0, {'J10': -96417.0, 'J11': -355635.5, 'J12': -228149.5, 'J13': -58863.0, 'cluster3106249630_3106249631_J60_J61_#5more': -407564.0}, {'J10': 13, 'J11': 32, 'J12': 20, 'J13': 25, 'cluster3106249630_3106249631_J60_J61_#5more': 36}, {'J10': 18, 'J11': 54, 'J12': 74, 'J13': 35, 'cluster3106249630_3106249631_J60_J61_#5more': 88}, 
3805.0, {'J10': -96597.0, 'J11': -356175.5, 'J12': -228889.5, 'J13': -59213.0, 'cluster3106249630_3106249631_J60_J61_#5more': -408444.0}, {'J10': 13, 'J11': 32, 'J12': 20, 'J13': 25, 'cluster3106249630_3106249631_J60_J61_#5more': 36}, {'J10': 18, 'J11': 54, 'J12': 74, 'J13': 35, 'cluster3106249630_3106249631_J60_J61_#5more': 88}, 
3810.0, {'J10': -96777.0, 'J11': -356715.5, 'J12': -228754.5, 'J13': -59572.0, 'cluster3106249630_3106249631_J60_J61_#5more': -409324.0}, {'J10': 13, 'J11': 32, 'J12': 20, 'J13': 27, 'cluster3106249630_3106249631_J60_J61_#5more': 36}, {'J10': 18, 'J11': 54, 'J12': 73, 'J13': 37, 'cluster3106249630_3106249631_J60_J61_#5more': 88}, 
3815.0, {'J10': -96957.0, 'J11': -357255.5, 'J12': -227398.0, 'J13': -59944.0, 'cluster3106249630_3106249631_J60_J61_#5more': -410204.0}, {'J10': 13, 'J11': 32, 'J12': 20, 'J13': 28, 'cluster3106249630_3106249631_J60_J61_#5more': 36}, {'J10': 18, 'J11': 54, 'J12': 71, 'J13': 38, 'cluster3106249630_3106249631_J60_J61_#5more': 88}, 
3820.0, {'J10': -97137.0, 'J11': -357795.5, 'J12': -225723.5, 'J13': -60324.0, 'cluster3106249630_3106249631_J60_J61_#5more': -411084.0}, {'J10': 13, 'J11': 32, 'J12': 20, 'J13': 28, 'cluster3106249630_3106249631_J60_J61_#5more': 36}, {'J10': 18, 'J11': 54, 'J12': 68, 'J13': 38, 'cluster3106249630_3106249631_J60_J61_#5more': 88}, 
3825.0, {'J10': -97317.0, 'J11': -358335.5, 'J12': -226113.0, 'J13': -60704.0, 'cluster3106249630_3106249631_J60_J61_#5more': -411964.0}, {'J10': 13, 'J11': 32, 'J12': 20, 'J13': 28, 'cluster3106249630_3106249631_J60_J61_#5more': 36}, {'J10': 18, 'J11': 54, 'J12': 67, 'J13': 38, 'cluster3106249630_3106249631_J60_J61_#5more': 88}, 
3830.0, {'J10': -97497.0, 'J11': -358875.5, 'J12': -226614.0, 'J13': -61084.0, 'cluster3106249630_3106249631_J60_J61_#5more': -412844.0}, {'J10': 13, 'J11': 32, 'J12': 20, 'J13': 28, 'cluster3106249630_3106249631_J60_J61_#5more': 36}, {'J10': 18, 'J11': 54, 'J12': 68, 'J13': 38, 'cluster3106249630_3106249631_J60_J61_#5more': 88}, 
3835.0, {'J10': -97677.0, 'J11': -359416.0, 'J12': -227299.0, 'J13': -61464.0, 'cluster3106249630_3106249631_J60_J61_#5more': -413724.0}, {'J10': 13, 'J11': 32, 'J12': 20, 'J13': 28, 'cluster3106249630_3106249631_J60_J61_#5more': 36}, {'J10': 18, 'J11': 55, 'J12': 69, 'J13': 38, 'cluster3106249630_3106249631_J60_J61_#5more': 88}, 
3840.0, {'J10': -97857.0, 'J11': -359957.0, 'J12': -227993.5, 'J13': -61844.0, 'cluster3106249630_3106249631_J60_J61_#5more': -414604.0}, {'J10': 13, 'J11': 32, 'J12': 20, 'J13': 28, 'cluster3106249630_3106249631_J60_J61_#5more': 36}, {'J10': 18, 'J11': 55, 'J12': 70, 'J13': 38, 'cluster3106249630_3106249631_J60_J61_#5more': 88}, 
3845.0, {'J10': -98037.0, 'J11': -360495.5, 'J12': -228701.5, 'J13': -62224.0, 'cluster3106249630_3106249631_J60_J61_#5more': -415484.0}, {'J10': 13, 'J11': 32, 'J12': 20, 'J13': 28, 'cluster3106249630_3106249631_J60_J61_#5more': 36}, {'J10': 18, 'J11': 54, 'J12': 72, 'J13': 38, 'cluster3106249630_3106249631_J60_J61_#5more': 88}, 
3850.0, {'J10': -98217.0, 'J11': -361035.5, 'J12': -229421.5, 'J13': -60106.5, 'cluster3106249630_3106249631_J60_J61_#5more': -416364.0}, {'J10': 13, 'J11': 32, 'J12': 20, 'J13': 26, 'cluster3106249630_3106249631_J60_J61_#5more': 36}, {'J10': 18, 'J11': 54, 'J12': 72, 'J13': 35, 'cluster3106249630_3106249631_J60_J61_#5more': 88}, 
3855.0, {'J10': -98397.0, 'J11': -361575.5, 'J12': -230147.5, 'J13': -58064.5, 'cluster3106249630_3106249631_J60_J61_#5more': -417244.0}, {'J10': 13, 'J11': 32, 'J12': 20, 'J13': 24, 'cluster3106249630_3106249631_J60_J61_#5more': 36}, {'J10': 18, 'J11': 54, 'J12': 74, 'J13': 32, 'cluster3106249630_3106249631_J60_J61_#5more': 88}, 
3860.0, {'J10': -98577.0, 'J11': -362117.5, 'J12': -230897.0, 'J13': -58390.5, 'cluster3106249630_3106249631_J60_J61_#5more': -418124.0}, {'J10': 13, 'J11': 32, 'J12': 20, 'J13': 24, 'cluster3106249630_3106249631_J60_J61_#5more': 36}, {'J10': 18, 'J11': 55, 'J12': 78, 'J13': 34, 'cluster3106249630_3106249631_J60_J61_#5more': 88}, 
3865.0, {'J10': -98757.0, 'J11': -362675.0, 'J12': -231681.0, 'J13': -58730.5, 'cluster3106249630_3106249631_J60_J61_#5more': -419004.0}, {'J10': 13, 'J11': 32, 'J12': 20, 'J13': 24, 'cluster3106249630_3106249631_J60_J61_#5more': 36}, {'J10': 18, 'J11': 57, 'J12': 80, 'J13': 34, 'cluster3106249630_3106249631_J60_J61_#5more': 88}, 
3870.0, {'J10': -98937.0, 'J11': -363209.0, 'J12': -232492.5, 'J13': -59070.5, 'cluster3106249630_3106249631_J60_J61_#5more': -419884.0}, {'J10': 13, 'J11': 32, 'J12': 20, 'J13': 24, 'cluster3106249630_3106249631_J60_J61_#5more': 36}, {'J10': 18, 'J11': 56, 'J12': 83, 'J13': 34, 'cluster3106249630_3106249631_J60_J61_#5more': 88}, 
3875.0, {'J10': -99117.0, 'J11': -363749.0, 'J12': -233322.5, 'J13': -59422.0, 'cluster3106249630_3106249631_J60_J61_#5more': -420764.0}, {'J10': 13, 'J11': 32, 'J12': 20, 'J13': 28, 'cluster3106249630_3106249631_J60_J61_#5more': 36}, {'J10': 18, 'J11': 56, 'J12': 83, 'J13': 38, 'cluster3106249630_3106249631_J60_J61_#5more': 88}, 
3880.0, {'J10': -99297.0, 'J11': -364288.5, 'J12': -234152.5, 'J13': -59802.0, 'cluster3106249630_3106249631_J60_J61_#5more': -421644.5}, {'J10': 13, 'J11': 32, 'J12': 20, 'J13': 28, 'cluster3106249630_3106249631_J60_J61_#5more': 36}, {'J10': 18, 'J11': 55, 'J12': 83, 'J13': 38, 'cluster3106249630_3106249631_J60_J61_#5more': 89}, 
3885.0, {'J10': -99477.0, 'J11': -364815.5, 'J12': -234982.5, 'J13': -60182.0, 'cluster3106249630_3106249631_J60_J61_#5more': -422534.5}, {'J10': 13, 'J11': 32, 'J12': 20, 'J13': 28, 'cluster3106249630_3106249631_J60_J61_#5more': 36}, {'J10': 18, 'J11': 54, 'J12': 83, 'J13': 38, 'cluster3106249630_3106249631_J60_J61_#5more': 89}, 
3890.0, {'J10': -99657.0, 'J11': -365355.5, 'J12': -232378.5, 'J13': -60562.0, 'cluster3106249630_3106249631_J60_J61_#5more': -419973.5}, {'J10': 13, 'J11': 32, 'J12': 20, 'J13': 28, 'cluster3106249630_3106249631_J60_J61_#5more': 36}, {'J10': 18, 'J11': 54, 'J12': 78, 'J13': 38, 'cluster3106249630_3106249631_J60_J61_#5more': 87}, 
3895.0, {'J10': -99837.0, 'J11': -365895.5, 'J12': -233158.5, 'J13': -60942.0, 'cluster3106249630_3106249631_J60_J61_#5more': -420843.5}, {'J10': 13, 'J11': 32, 'J12': 20, 'J13': 28, 'cluster3106249630_3106249631_J60_J61_#5more': 36}, {'J10': 18, 'J11': 54, 'J12': 78, 'J13': 38, 'cluster3106249630_3106249631_J60_J61_#5more': 87}, 
3900.0, {'J10': -100017.0, 'J11': -366435.5, 'J12': -233939.5, 'J13': -61322.0, 'cluster3106249630_3106249631_J60_J61_#5more': -416911.5}, {'J10': 13, 'J11': 32, 'J12': 20, 'J13': 28, 'cluster3106249630_3106249631_J60_J61_#5more': 36}, {'J10': 18, 'J11': 54, 'J12': 80, 'J13': 38, 'cluster3106249630_3106249631_J60_J61_#5more': 86}, 
3905.0, {'J10': -100197.0, 'J11': -366975.5, 'J12': -233533.0, 'J13': -61702.0, 'cluster3106249630_3106249631_J60_J61_#5more': -417771.5}, {'J10': 13, 'J11': 32, 'J12': 20, 'J13': 28, 'cluster3106249630_3106249631_J60_J61_#5more': 36}, {'J10': 18, 'J11': 54, 'J12': 81, 'J13': 38, 'cluster3106249630_3106249631_J60_J61_#5more': 86}, 
3910.0, {'J10': -100377.0, 'J11': -367515.5, 'J12': -234343.0, 'J13': -62082.0, 'cluster3106249630_3106249631_J60_J61_#5more': -418631.5}, {'J10': 13, 'J11': 32, 'J12': 20, 'J13': 28, 'cluster3106249630_3106249631_J60_J61_#5more': 36}, {'J10': 18, 'J11': 54, 'J12': 81, 'J13': 38, 'cluster3106249630_3106249631_J60_J61_#5more': 86}, 
3915.0, {'J10': -100557.0, 'J11': -368055.5, 'J12': -235153.0, 'J13': -58849.5, 'cluster3106249630_3106249631_J60_J61_#5more': -419491.5}, {'J10': 13, 'J11': 32, 'J12': 20, 'J13': 25, 'cluster3106249630_3106249631_J60_J61_#5more': 36}, {'J10': 18, 'J11': 54, 'J12': 81, 'J13': 33, 'cluster3106249630_3106249631_J60_J61_#5more': 86}, 
3920.0, {'J10': -100737.0, 'J11': -368595.5, 'J12': -235963.0, 'J13': -57914.5, 'cluster3106249630_3106249631_J60_J61_#5more': -420358.5}, {'J10': 13, 'J11': 32, 'J12': 20, 'J13': 24, 'cluster3106249630_3106249631_J60_J61_#5more': 36}, {'J10': 18, 'J11': 54, 'J12': 81, 'J13': 32, 'cluster3106249630_3106249631_J60_J61_#5more': 88}, 
3925.0, {'J10': -100917.0, 'J11': -369135.5, 'J12': -236774.5, 'J13': -58234.5, 'cluster3106249630_3106249631_J60_J61_#5more': -421238.5}, {'J10': 13, 'J11': 32, 'J12': 20, 'J13': 24, 'cluster3106249630_3106249631_J60_J61_#5more': 36}, {'J10': 18, 'J11': 54, 'J12': 82, 'J13': 32, 'cluster3106249630_3106249631_J60_J61_#5more': 88}, 
3930.0, {'J10': -101097.0, 'J11': -369675.5, 'J12': -237594.5, 'J13': -58554.5, 'cluster3106249630_3106249631_J60_J61_#5more': -422118.5}, {'J10': 13, 'J11': 32, 'J12': 20, 'J13': 24, 'cluster3106249630_3106249631_J60_J61_#5more': 36}, {'J10': 18, 'J11': 54, 'J12': 82, 'J13': 32, 'cluster3106249630_3106249631_J60_J61_#5more': 88}, 
3935.0, {'J10': -101277.0, 'J11': -370215.5, 'J12': -238414.5, 'J13': -58874.5, 'cluster3106249630_3106249631_J60_J61_#5more': -422998.5}, {'J10': 13, 'J11': 32, 'J12': 20, 'J13': 24, 'cluster3106249630_3106249631_J60_J61_#5more': 36}, {'J10': 18, 'J11': 54, 'J12': 82, 'J13': 32, 'cluster3106249630_3106249631_J60_J61_#5more': 88}, 
3940.0, {'J10': -101457.0, 'J11': -370755.5, 'J12': -239234.5, 'J13': -59210.0, 'cluster3106249630_3106249631_J60_J61_#5more': -423878.5}, {'J10': 13, 'J11': 32, 'J12': 20, 'J13': 28, 'cluster3106249630_3106249631_J60_J61_#5more': 36}, {'J10': 18, 'J11': 54, 'J12': 82, 'J13': 36, 'cluster3106249630_3106249631_J60_J61_#5more': 88}, 
3945.0, {'J10': -101637.0, 'J11': -371295.5, 'J12': -240054.5, 'J13': -59570.0, 'cluster3106249630_3106249631_J60_J61_#5more': -424758.5}, {'J10': 13, 'J11': 32, 'J12': 20, 'J13': 28, 'cluster3106249630_3106249631_J60_J61_#5more': 36}, {'J10': 18, 'J11': 54, 'J12': 82, 'J13': 36, 'cluster3106249630_3106249631_J60_J61_#5more': 88}, 
3950.0, {'J10': -101817.0, 'J11': -371835.5, 'J12': -240874.5, 'J13': -59930.0, 'cluster3106249630_3106249631_J60_J61_#5more': -425638.5}, {'J10': 13, 'J11': 32, 'J12': 20, 'J13': 28, 'cluster3106249630_3106249631_J60_J61_#5more': 36}, {'J10': 18, 'J11': 54, 'J12': 82, 'J13': 36, 'cluster3106249630_3106249631_J60_J61_#5more': 88}, 
3955.0, {'J10': -101997.0, 'J11': -372375.5, 'J12': -239785.0, 'J13': -60290.0, 'cluster3106249630_3106249631_J60_J61_#5more': -426518.5}, {'J10': 13, 'J11': 32, 'J12': 20, 'J13': 28, 'cluster3106249630_3106249631_J60_J61_#5more': 36}, {'J10': 18, 'J11': 54, 'J12': 78, 'J13': 36, 'cluster3106249630_3106249631_J60_J61_#5more': 88}, 
3960.0, {'J10': -102177.0, 'J11': -372915.5, 'J12': -240565.0, 'J13': -60650.0, 'cluster3106249630_3106249631_J60_J61_#5more': -423302.5}, {'J10': 13, 'J11': 32, 'J12': 20, 'J13': 28, 'cluster3106249630_3106249631_J60_J61_#5more': 36}, {'J10': 18, 'J11': 54, 'J12': 78, 'J13': 36, 'cluster3106249630_3106249631_J60_J61_#5more': 82}, 
3965.0, {'J10': -102357.0, 'J11': -373455.5, 'J12': -241349.5, 'J13': -61010.0, 'cluster3106249630_3106249631_J60_J61_#5more': -424122.5}, {'J10': 13, 'J11': 32, 'J12': 20, 'J13': 28, 'cluster3106249630_3106249631_J60_J61_#5more': 36}, {'J10': 18, 'J11': 54, 'J12': 81, 'J13': 36, 'cluster3106249630_3106249631_J60_J61_#5more': 82}, 
3970.0, {'J10': -102537.0, 'J11': -373995.5, 'J12': -242167.5, 'J13': -61370.0, 'cluster3106249630_3106249631_J60_J61_#5more': -424942.5}, {'J10': 13, 'J11': 32, 'J12': 20, 'J13': 28, 'cluster3106249630_3106249631_J60_J61_#5more': 36}, {'J10': 18, 'J11': 54, 'J12': 83, 'J13': 36, 'cluster3106249630_3106249631_J60_J61_#5more': 82}, 
3975.0, {'J10': -102717.0, 'J11': -374535.5, 'J12': -242036.5, 'J13': -61730.0, 'cluster3106249630_3106249631_J60_J61_#5more': -425769.5}, {'J10': 13, 'J11': 32, 'J12': 20, 'J13': 28, 'cluster3106249630_3106249631_J60_J61_#5more': 36}, {'J10': 18, 'J11': 54, 'J12': 82, 'J13': 36, 'cluster3106249630_3106249631_J60_J61_#5more': 85}, 
3980.0, {'J10': -102897.0, 'J11': -375075.5, 'J12': -242106.5, 'J13': -59594.5, 'cluster3106249630_3106249631_J60_J61_#5more': -426619.5}, {'J10': 13, 'J11': 32, 'J12': 20, 'J13': 26, 'cluster3106249630_3106249631_J60_J61_#5more': 36}, {'J10': 18, 'J11': 54, 'J12': 79, 'J13': 33, 'cluster3106249630_3106249631_J60_J61_#5more': 85}, 
3985.0, {'J10': -103077.0, 'J11': -375615.5, 'J12': -242896.5, 'J13': -59924.5, 'cluster3106249630_3106249631_J60_J61_#5more': -427449.0}, {'J10': 13, 'J11': 32, 'J12': 20, 'J13': 26, 'cluster3106249630_3106249631_J60_J61_#5more': 36}, {'J10': 18, 'J11': 54, 'J12': 79, 'J13': 33, 'cluster3106249630_3106249631_J60_J61_#5more': 84}, 
3990.0, {'J10': -103257.0, 'J11': -376155.5, 'J12': -243686.5, 'J13': -60254.5, 'cluster3106249630_3106249631_J60_J61_#5more': -428289.0}, {'J10': 13, 'J11': 32, 'J12': 20, 'J13': 26, 'cluster3106249630_3106249631_J60_J61_#5more': 36}, {'J10': 18, 'J11': 54, 'J12': 79, 'J13': 33, 'cluster3106249630_3106249631_J60_J61_#5more': 84}, 
3995.0, {'J10': -103437.0, 'J11': -376695.5, 'J12': -243568.5, 'J13': -60584.5, 'cluster3106249630_3106249631_J60_J61_#5more': -429129.0}, {'J10': 13, 'J11': 32, 'J12': 20, 'J13': 26, 'cluster3106249630_3106249631_J60_J61_#5more': 36}, {'J10': 18, 'J11': 54, 'J12': 79, 'J13': 33, 'cluster3106249630_3106249631_J60_J61_#5more': 84}, 
4000.0, {'J10': -103617.0, 'J11': -377235.5, 'J12': -244358.5, 'J13': -60914.5, 'cluster3106249630_3106249631_J60_J61_#5more': -429969.0}, {'J10': 13, 'J11': 32, 'J12': 20, 'J13': 26, 'cluster3106249630_3106249631_J60_J61_#5more': 36}, {'J10': 18, 'J11': 54, 'J12': 79, 'J13': 33, 'cluster3106249630_3106249631_J60_J61_#5more': 84}, 
4005.0, {'J10': -103797.0, 'J11': -377775.5, 'J12': -245148.5, 'J13': -61253.0, 'cluster3106249630_3106249631_J60_J61_#5more': -430809.0}, {'J10': 13, 'J11': 32, 'J12': 20, 'J13': 28, 'cluster3106249630_3106249631_J60_J61_#5more': 36}, {'J10': 18, 'J11': 54, 'J12': 79, 'J13': 35, 'cluster3106249630_3106249631_J60_J61_#5more': 84}, 
4010.0, {'J10': -103977.0, 'J11': -378315.5, 'J12': -245942.5, 'J13': -61603.0, 'cluster3106249630_3106249631_J60_J61_#5more': -431649.0}, {'J10': 13, 'J11': 32, 'J12': 20, 'J13': 28, 'cluster3106249630_3106249631_J60_J61_#5more': 36}, {'J10': 18, 'J11': 54, 'J12': 80, 'J13': 35, 'cluster3106249630_3106249631_J60_J61_#5more': 84}, 
4015.0, {'J10': -104157.0, 'J11': -378855.5, 'J12': -246742.5, 'J13': -61953.0, 'cluster3106249630_3106249631_J60_J61_#5more': -432489.0}, {'J10': 13, 'J11': 32, 'J12': 20, 'J13': 28, 'cluster3106249630_3106249631_J60_J61_#5more': 36}, {'J10': 18, 'J11': 54, 'J12': 80, 'J13': 35, 'cluster3106249630_3106249631_J60_J61_#5more': 84}, 
4020.0, {'J10': -104337.0, 'J11': -379395.5, 'J12': -244936.5, 'J13': -62303.0, 'cluster3106249630_3106249631_J60_J61_#5more': -433329.0}, {'J10': 13, 'J11': 32, 'J12': 20, 'J13': 28, 'cluster3106249630_3106249631_J60_J61_#5more': 36}, {'J10': 18, 'J11': 54, 'J12': 77, 'J13': 35, 'cluster3106249630_3106249631_J60_J61_#5more': 84}, 
4025.0, {'J10': -104517.0, 'J11': -379935.5, 'J12': -244737.5, 'J13': -62653.0, 'cluster3106249630_3106249631_J60_J61_#5more': -434169.0}, {'J10': 13, 'J11': 32, 'J12': 20, 'J13': 28, 'cluster3106249630_3106249631_J60_J61_#5more': 36}, {'J10': 18, 'J11': 54, 'J12': 75, 'J13': 35, 'cluster3106249630_3106249631_J60_J61_#5more': 84}, 
4030.0, {'J10': -104697.0, 'J11': -380475.5, 'J12': -245488.5, 'J13': -63003.0, 'cluster3106249630_3106249631_J60_J61_#5more': -431547.0}, {'J10': 13, 'J11': 32, 'J12': 20, 'J13': 28, 'cluster3106249630_3106249631_J60_J61_#5more': 36}, {'J10': 18, 'J11': 54, 'J12': 77, 'J13': 35, 'cluster3106249630_3106249631_J60_J61_#5more': 83}, 
4035.0, {'J10': -104877.0, 'J11': -381015.5, 'J12': -246267.0, 'J13': -63353.0, 'cluster3106249630_3106249631_J60_J61_#5more': -424430.5}, {'J10': 13, 'J11': 32, 'J12': 20, 'J13': 28, 'cluster3106249630_3106249631_J60_J61_#5more': 36}, {'J10': 18, 'J11': 54, 'J12': 79, 'J13': 35, 'cluster3106249630_3106249631_J60_J61_#5more': 81}, 
4040.0, {'J10': -105057.0, 'J11': -381555.5, 'J12': -246083.5, 'J13': -63703.0, 'cluster3106249630_3106249631_J60_J61_#5more': -425240.5}, {'J10': 13, 'J11': 32, 'J12': 20, 'J13': 28, 'cluster3106249630_3106249631_J60_J61_#5more': 36}, {'J10': 18, 'J11': 54, 'J12': 78, 'J13': 35, 'cluster3106249630_3106249631_J60_J61_#5more': 81}, 
4045.0, {'J10': -105237.0, 'J11': -382095.5, 'J12': -246863.5, 'J13': -61547.0, 'cluster3106249630_3106249631_J60_J61_#5more': -426050.5}, {'J10': 13, 'J11': 32, 'J12': 20, 'J13': 26, 'cluster3106249630_3106249631_J60_J61_#5more': 36}, {'J10': 18, 'J11': 54, 'J12': 78, 'J13': 33, 'cluster3106249630_3106249631_J60_J61_#5more': 81}, 
4050.0, {'J10': -105417.0, 'J11': -382635.5, 'J12': -247643.5, 'J13': -61877.0, 'cluster3106249630_3106249631_J60_J61_#5more': -426860.5}, {'J10': 13, 'J11': 32, 'J12': 20, 'J13': 26, 'cluster3106249630_3106249631_J60_J61_#5more': 36}, {'J10': 18, 'J11': 54, 'J12': 78, 'J13': 33, 'cluster3106249630_3106249631_J60_J61_#5more': 81}, 
4055.0, {'J10': -105597.0, 'J11': -383175.5, 'J12': -248424.5, 'J13': -62207.0, 'cluster3106249630_3106249631_J60_J61_#5more': -427670.5}, {'J10': 13, 'J11': 32, 'J12': 20, 'J13': 26, 'cluster3106249630_3106249631_J60_J61_#5more': 36}, {'J10': 18, 'J11': 54, 'J12': 79, 'J13': 33, 'cluster3106249630_3106249631_J60_J61_#5more': 81}, 
4060.0, {'J10': -105777.0, 'J11': -383715.5, 'J12': -249214.5, 'J13': -62537.0, 'cluster3106249630_3106249631_J60_J61_#5more': -428489.0}, {'J10': 13, 'J11': 32, 'J12': 20, 'J13': 26, 'cluster3106249630_3106249631_J60_J61_#5more': 36}, {'J10': 18, 'J11': 54, 'J12': 79, 'J13': 33, 'cluster3106249630_3106249631_J60_J61_#5more': 83}, 
4065.0, {'J10': -105957.0, 'J11': -384255.5, 'J12': -250004.5, 'J13': -62871.0, 'cluster3106249630_3106249631_J60_J61_#5more': -429319.0}, {'J10': 13, 'J11': 32, 'J12': 20, 'J13': 28, 'cluster3106249630_3106249631_J60_J61_#5more': 36}, {'J10': 18, 'J11': 54, 'J12': 79, 'J13': 35, 'cluster3106249630_3106249631_J60_J61_#5more': 83}, 
4070.0, {'J10': -106137.0, 'J11': -384795.5, 'J12': -250794.5, 'J13': -63221.0, 'cluster3106249630_3106249631_J60_J61_#5more': -430149.0}, {'J10': 13, 'J11': 32, 'J12': 20, 'J13': 28, 'cluster3106249630_3106249631_J60_J61_#5more': 36}, {'J10': 18, 'J11': 54, 'J12': 79, 'J13': 35, 'cluster3106249630_3106249631_J60_J61_#5more': 83}, 
4075.0, {'J10': -106317.0, 'J11': -385335.5, 'J12': -251584.5, 'J13': -63571.0, 'cluster3106249630_3106249631_J60_J61_#5more': -430979.0}, {'J10': 13, 'J11': 32, 'J12': 20, 'J13': 28, 'cluster3106249630_3106249631_J60_J61_#5more': 36}, {'J10': 18, 'J11': 54, 'J12': 79, 'J13': 35, 'cluster3106249630_3106249631_J60_J61_#5more': 83}, 
4080.0, {'J10': -106497.0, 'J11': -385875.5, 'J12': -252374.5, 'J13': -63921.0, 'cluster3106249630_3106249631_J60_J61_#5more': -431809.0}, {'J10': 13, 'J11': 32, 'J12': 20, 'J13': 28, 'cluster3106249630_3106249631_J60_J61_#5more': 36}, {'J10': 18, 'J11': 54, 'J12': 79, 'J13': 35, 'cluster3106249630_3106249631_J60_J61_#5more': 83}, 
4085.0, {'J10': -106677.0, 'J11': -386415.5, 'J12': -248828.5, 'J13': -64271.0, 'cluster3106249630_3106249631_J60_J61_#5more': -432639.0}, {'J10': 13, 'J11': 32, 'J12': 20, 'J13': 28, 'cluster3106249630_3106249631_J60_J61_#5more': 36}, {'J10': 18, 'J11': 54, 'J12': 76, 'J13': 35, 'cluster3106249630_3106249631_J60_J61_#5more': 83}, 
4090.0, {'J10': -106857.0, 'J11': -386955.5, 'J12': -248840.0, 'J13': -64621.0, 'cluster3106249630_3106249631_J60_J61_#5more': -432715.0}, {'J10': 13, 'J11': 32, 'J12': 20, 'J13': 28, 'cluster3106249630_3106249631_J60_J61_#5more': 36}, {'J10': 18, 'J11': 54, 'J12': 74, 'J13': 35, 'cluster3106249630_3106249631_J60_J61_#5more': 82}, 
4095.0, {'J10': -107037.0, 'J11': -387495.5, 'J12': -249585.0, 'J13': -64971.0, 'cluster3106249630_3106249631_J60_J61_#5more': -432772.5}, {'J10': 13, 'J11': 32, 'J12': 20, 'J13': 28, 'cluster3106249630_3106249631_J60_J61_#5more': 36}, {'J10': 18, 'J11': 54, 'J12': 77, 'J13': 35, 'cluster3106249630_3106249631_J60_J61_#5more': 81}, 
4100.0, {'J10': -107217.0, 'J11': -388035.5, 'J12': -250368.0, 'J13': -65321.0, 'cluster3106249630_3106249631_J60_J61_#5more': -433582.5}, {'J10': 13, 'J11': 32, 'J12': 20, 'J13': 28, 'cluster3106249630_3106249631_J60_J61_#5more': 36}, {'J10': 18, 'J11': 54, 'J12': 80, 'J13': 35, 'cluster3106249630_3106249631_J60_J61_#5more': 81}, 
4105.0, {'J10': -107397.0, 'J11': -388575.5, 'J12': -250586.0, 'J13': -65671.0, 'cluster3106249630_3106249631_J60_J61_#5more': -434398.0}, {'J10': 13, 'J11': 32, 'J12': 20, 'J13': 28, 'cluster3106249630_3106249631_J60_J61_#5more': 36}, {'J10': 18, 'J11': 54, 'J12': 79, 'J13': 35, 'cluster3106249630_3106249631_J60_J61_#5more': 83}, 
4110.0, {'J10': -107577.0, 'J11': -389115.5, 'J12': -250371.0, 'J13': -61132.5, 'cluster3106249630_3106249631_J60_J61_#5more': -435228.0}, {'J10': 13, 'J11': 32, 'J12': 20, 'J13': 24, 'cluster3106249630_3106249631_J60_J61_#5more': 36}, {'J10': 18, 'J11': 54, 'J12': 77, 'J13': 31, 'cluster3106249630_3106249631_J60_J61_#5more': 83}, 
4115.0, {'J10': -107757.0, 'J11': -389655.5, 'J12': -251141.0, 'J13': -61442.5, 'cluster3106249630_3106249631_J60_J61_#5more': -436058.0}, {'J10': 13, 'J11': 32, 'J12': 20, 'J13': 24, 'cluster3106249630_3106249631_J60_J61_#5more': 36}, {'J10': 18, 'J11': 54, 'J12': 77, 'J13': 31, 'cluster3106249630_3106249631_J60_J61_#5more': 83}, 
4120.0, {'J10': -107937.0, 'J11': -390195.5, 'J12': -251911.0, 'J13': -61752.5, 'cluster3106249630_3106249631_J60_J61_#5more': -436888.0}, {'J10': 13, 'J11': 32, 'J12': 20, 'J13': 24, 'cluster3106249630_3106249631_J60_J61_#5more': 36}, {'J10': 18, 'J11': 54, 'J12': 77, 'J13': 31, 'cluster3106249630_3106249631_J60_J61_#5more': 83}, 
4125.0, {'J10': -108117.0, 'J11': -390735.5, 'J12': -252088.5, 'J13': -62062.5, 'cluster3106249630_3106249631_J60_J61_#5more': -437718.0}, {'J10': 13, 'J11': 32, 'J12': 20, 'J13': 24, 'cluster3106249630_3106249631_J60_J61_#5more': 36}, {'J10': 18, 'J11': 54, 'J12': 77, 'J13': 31, 'cluster3106249630_3106249631_J60_J61_#5more': 83}, 
4130.0, {'J10': -108297.0, 'J11': -391275.5, 'J12': -252858.5, 'J13': -62372.5, 'cluster3106249630_3106249631_J60_J61_#5more': -430575.0}, {'J10': 13, 'J11': 32, 'J12': 20, 'J13': 24, 'cluster3106249630_3106249631_J60_J61_#5more': 36}, {'J10': 18, 'J11': 54, 'J12': 77, 'J13': 31, 'cluster3106249630_3106249631_J60_J61_#5more': 81}, 
4135.0, {'J10': -108477.0, 'J11': -391815.5, 'J12': -252995.5, 'J13': -62694.0, 'cluster3106249630_3106249631_J60_J61_#5more': -431385.0}, {'J10': 13, 'J11': 32, 'J12': 20, 'J13': 28, 'cluster3106249630_3106249631_J60_J61_#5more': 36}, {'J10': 18, 'J11': 54, 'J12': 76, 'J13': 35, 'cluster3106249630_3106249631_J60_J61_#5more': 81}, 
4140.0, {'J10': -108657.0, 'J11': -392355.5, 'J12': -253755.5, 'J13': -63044.0, 'cluster3106249630_3106249631_J60_J61_#5more': -432279.0}, {'J10': 13, 'J11': 32, 'J12': 20, 'J13': 28, 'cluster3106249630_3106249631_J60_J61_#5more': 36}, {'J10': 18, 'J11': 54, 'J12': 76, 'J13': 35, 'cluster3106249630_3106249631_J60_J61_#5more': 82}, 
4145.0, {'J10': -108837.0, 'J11': -392895.5, 'J12': -254515.5, 'J13': -63394.0, 'cluster3106249630_3106249631_J60_J61_#5more': -433099.0}, {'J10': 13, 'J11': 32, 'J12': 20, 'J13': 28, 'cluster3106249630_3106249631_J60_J61_#5more': 36}, {'J10': 18, 'J11': 54, 'J12': 76, 'J13': 35, 'cluster3106249630_3106249631_J60_J61_#5more': 82}, 
4150.0, {'J10': -109017.0, 'J11': -393435.5, 'J12': -248793.5, 'J13': -63744.0, 'cluster3106249630_3106249631_J60_J61_#5more': -433919.0}, {'J10': 13, 'J11': 32, 'J12': 20, 'J13': 28, 'cluster3106249630_3106249631_J60_J61_#5more': 36}, {'J10': 18, 'J11': 54, 'J12': 72, 'J13': 35, 'cluster3106249630_3106249631_J60_J61_#5more': 82}, 
4155.0, {'J10': -109197.0, 'J11': -393975.5, 'J12': -249146.5, 'J13': -64094.0, 'cluster3106249630_3106249631_J60_J61_#5more': -433989.5}, {'J10': 13, 'J11': 32, 'J12': 20, 'J13': 28, 'cluster3106249630_3106249631_J60_J61_#5more': 36}, {'J10': 18, 'J11': 54, 'J12': 73, 'J13': 35, 'cluster3106249630_3106249631_J60_J61_#5more': 83}, 
4160.0, {'J10': -109377.0, 'J11': -394515.5, 'J12': -249885.5, 'J13': -64444.0, 'cluster3106249630_3106249631_J60_J61_#5more': -434058.5}, {'J10': 13, 'J11': 32, 'J12': 20, 'J13': 28, 'cluster3106249630_3106249631_J60_J61_#5more': 36}, {'J10': 18, 'J11': 54, 'J12': 79, 'J13': 35, 'cluster3106249630_3106249631_J60_J61_#5more': 82}, 
4165.0, {'J10': -109557.0, 'J11': -395055.5, 'J12': -250692.5, 'J13': -64794.0, 'cluster3106249630_3106249631_J60_J61_#5more': -434878.5}, {'J10': 13, 'J11': 32, 'J12': 20, 'J13': 28, 'cluster3106249630_3106249631_J60_J61_#5more': 36}, {'J10': 18, 'J11': 54, 'J12': 83, 'J13': 35, 'cluster3106249630_3106249631_J60_J61_#5more': 82}, 
4170.0, {'J10': -109737.0, 'J11': -395595.5, 'J12': -251522.5, 'J13': -65144.0, 'cluster3106249630_3106249631_J60_J61_#5more': -435704.5}, {'J10': 13, 'J11': 32, 'J12': 20, 'J13': 28, 'cluster3106249630_3106249631_J60_J61_#5more': 36}, {'J10': 18, 'J11': 54, 'J12': 83, 'J13': 35, 'cluster3106249630_3106249631_J60_J61_#5more': 84}, 
4175.0, {'J10': -109917.0, 'J11': -396135.5, 'J12': -252352.5, 'J13': -60991.0, 'cluster3106249630_3106249631_J60_J61_#5more': -436544.5}, {'J10': 13, 'J11': 32, 'J12': 20, 'J13': 24, 'cluster3106249630_3106249631_J60_J61_#5more': 36}, {'J10': 18, 'J11': 54, 'J12': 83, 'J13': 31, 'cluster3106249630_3106249631_J60_J61_#5more': 84}, 
4180.0, {'J10': -110097.0, 'J11': -396675.5, 'J12': -251847.0, 'J13': -61301.0, 'cluster3106249630_3106249631_J60_J61_#5more': -437384.5}, {'J10': 13, 'J11': 32, 'J12': 20, 'J13': 24, 'cluster3106249630_3106249631_J60_J61_#5more': 36}, {'J10': 18, 'J11': 54, 'J12': 81, 'J13': 31, 'cluster3106249630_3106249631_J60_J61_#5more': 84}, 
4185.0, {'J10': -110277.0, 'J11': -397215.5, 'J12': -252657.0, 'J13': -61611.0, 'cluster3106249630_3106249631_J60_J61_#5more': -438224.5}, {'J10': 13, 'J11': 32, 'J12': 20, 'J13': 24, 'cluster3106249630_3106249631_J60_J61_#5more': 36}, {'J10': 18, 'J11': 54, 'J12': 81, 'J13': 31, 'cluster3106249630_3106249631_J60_J61_#5more': 84}, 
4190.0, {'J10': -110457.0, 'J11': -397755.5, 'J12': -252816.5, 'J13': -61921.0, 'cluster3106249630_3106249631_J60_J61_#5more': -439064.5}, {'J10': 13, 'J11': 32, 'J12': 20, 'J13': 24, 'cluster3106249630_3106249631_J60_J61_#5more': 36}, {'J10': 18, 'J11': 54, 'J12': 80, 'J13': 31, 'cluster3106249630_3106249631_J60_J61_#5more': 84}, 
4195.0, {'J10': -110637.0, 'J11': -398295.5, 'J12': -253616.5, 'J13': -62231.0, 'cluster3106249630_3106249631_J60_J61_#5more': -439904.5}, {'J10': 13, 'J11': 32, 'J12': 20, 'J13': 24, 'cluster3106249630_3106249631_J60_J61_#5more': 36}, {'J10': 18, 'J11': 54, 'J12': 80, 'J13': 31, 'cluster3106249630_3106249631_J60_J61_#5more': 84}, 
4200.0, {'J10': -110817.0, 'J11': -398835.5, 'J12': -254416.5, 'J13': -62548.5, 'cluster3106249630_3106249631_J60_J61_#5more': -440744.5}, {'J10': 13, 'J11': 32, 'J12': 20, 'J13': 26, 'cluster3106249630_3106249631_J60_J61_#5more': 36}, {'J10': 18, 'J11': 54, 'J12': 80, 'J13': 33, 'cluster3106249630_3106249631_J60_J61_#5more': 84}, 
4205.0, {'J10': -110997.0, 'J11': -399375.5, 'J12': -255216.5, 'J13': -62885.5, 'cluster3106249630_3106249631_J60_J61_#5more': -441584.5}, {'J10': 13, 'J11': 32, 'J12': 20, 'J13': 28, 'cluster3106249630_3106249631_J60_J61_#5more': 36}, {'J10': 18, 'J11': 54, 'J12': 80, 'J13': 35, 'cluster3106249630_3106249631_J60_J61_#5more': 84}, 
4210.0, {'J10': -111177.0, 'J11': -399915.5, 'J12': -256016.5, 'J13': -63235.5, 'cluster3106249630_3106249631_J60_J61_#5more': -442424.5}, {'J10': 13, 'J11': 32, 'J12': 20, 'J13': 28, 'cluster3106249630_3106249631_J60_J61_#5more': 36}, {'J10': 18, 'J11': 54, 'J12': 80, 'J13': 35, 'cluster3106249630_3106249631_J60_J61_#5more': 84}, 
4215.0, {'J10': -111357.0, 'J11': -400455.5, 'J12': -250229.5, 'J13': -63585.5, 'cluster3106249630_3106249631_J60_J61_#5more': -443264.5}, {'J10': 13, 'J11': 32, 'J12': 20, 'J13': 28, 'cluster3106249630_3106249631_J60_J61_#5more': 36}, {'J10': 18, 'J11': 54, 'J12': 74, 'J13': 35, 'cluster3106249630_3106249631_J60_J61_#5more': 84}, 
4220.0, {'J10': -111537.0, 'J11': -400995.5, 'J12': -250969.5, 'J13': -63935.5, 'cluster3106249630_3106249631_J60_J61_#5more': -443610.5}, {'J10': 13, 'J11': 32, 'J12': 20, 'J13': 28, 'cluster3106249630_3106249631_J60_J61_#5more': 36}, {'J10': 18, 'J11': 54, 'J12': 74, 'J13': 35, 'cluster3106249630_3106249631_J60_J61_#5more': 83}, 
4225.0, {'J10': -111717.0, 'J11': -401535.5, 'J12': -251710.5, 'J13': -64285.5, 'cluster3106249630_3106249631_J60_J61_#5more': -443938.0}, {'J10': 13, 'J11': 32, 'J12': 20, 'J13': 28, 'cluster3106249630_3106249631_J60_J61_#5more': 36}, {'J10': 18, 'J11': 54, 'J12': 76, 'J13': 35, 'cluster3106249630_3106249631_J60_J61_#5more': 82}, 
4230.0, {'J10': -111897.0, 'J11': -402075.5, 'J12': -252491.0, 'J13': -64635.5, 'cluster3106249630_3106249631_J60_J61_#5more': -444758.0}, {'J10': 13, 'J11': 32, 'J12': 20, 'J13': 28, 'cluster3106249630_3106249631_J60_J61_#5more': 36}, {'J10': 18, 'J11': 54, 'J12': 81, 'J13': 35, 'cluster3106249630_3106249631_J60_J61_#5more': 82}, 
4235.0, {'J10': -112077.0, 'J11': -402615.5, 'J12': -253301.0, 'J13': -64985.5, 'cluster3106249630_3106249631_J60_J61_#5more': -445583.5}, {'J10': 13, 'J11': 32, 'J12': 20, 'J13': 28, 'cluster3106249630_3106249631_J60_J61_#5more': 36}, {'J10': 18, 'J11': 54, 'J12': 81, 'J13': 35, 'cluster3106249630_3106249631_J60_J61_#5more': 84}, 
4240.0, {'J10': -112257.0, 'J11': -403155.5, 'J12': -253306.5, 'J13': -61959.0, 'cluster3106249630_3106249631_J60_J61_#5more': -446423.5}, {'J10': 13, 'J11': 32, 'J12': 20, 'J13': 25, 'cluster3106249630_3106249631_J60_J61_#5more': 36}, {'J10': 18, 'J11': 54, 'J12': 80, 'J13': 32, 'cluster3106249630_3106249631_J60_J61_#5more': 84}, 
4245.0, {'J10': -112437.0, 'J11': -403695.5, 'J12': -254106.5, 'J13': -61145.5, 'cluster3106249630_3106249631_J60_J61_#5more': -447263.5}, {'J10': 13, 'J11': 32, 'J12': 20, 'J13': 24, 'cluster3106249630_3106249631_J60_J61_#5more': 36}, {'J10': 18, 'J11': 54, 'J12': 80, 'J13': 31, 'cluster3106249630_3106249631_J60_J61_#5more': 84}, 
4250.0, {'J10': -112617.0, 'J11': -404235.5, 'J12': -254906.5, 'J13': -61455.5, 'cluster3106249630_3106249631_J60_J61_#5more': -448103.5}, {'J10': 13, 'J11': 32, 'J12': 20, 'J13': 24, 'cluster3106249630_3106249631_J60_J61_#5more': 36}, {'J10': 18, 'J11': 54, 'J12': 80, 'J13': 31, 'cluster3106249630_3106249631_J60_J61_#5more': 84}, 
4255.0, {'J10': -112797.0, 'J11': -404775.5, 'J12': -254925.0, 'J13': -61765.5, 'cluster3106249630_3106249631_J60_J61_#5more': -445959.0}, {'J10': 13, 'J11': 32, 'J12': 20, 'J13': 24, 'cluster3106249630_3106249631_J60_J61_#5more': 36}, {'J10': 18, 'J11': 54, 'J12': 81, 'J13': 31, 'cluster3106249630_3106249631_J60_J61_#5more': 83}, 
4260.0, {'J10': -112977.0, 'J11': -405315.5, 'J12': -255735.0, 'J13': -62075.5, 'cluster3106249630_3106249631_J60_J61_#5more': -441324.0}, {'J10': 13, 'J11': 32, 'J12': 20, 'J13': 24, 'cluster3106249630_3106249631_J60_J61_#5more': 36}, {'J10': 18, 'J11': 54, 'J12': 81, 'J13': 31, 'cluster3106249630_3106249631_J60_J61_#5more': 82}, 
4265.0, {'J10': -113157.0, 'J11': -405855.5, 'J12': -256545.0, 'J13': -62392.5, 'cluster3106249630_3106249631_J60_J61_#5more': -442144.0}, {'J10': 13, 'J11': 32, 'J12': 20, 'J13': 27, 'cluster3106249630_3106249631_J60_J61_#5more': 36}, {'J10': 18, 'J11': 54, 'J12': 81, 'J13': 34, 'cluster3106249630_3106249631_J60_J61_#5more': 82}, 
4270.0, {'J10': -113337.0, 'J11': -406395.5, 'J12': -257357.0, 'J13': -62737.0, 'cluster3106249630_3106249631_J60_J61_#5more': -442964.0}, {'J10': 13, 'J11': 32, 'J12': 20, 'J13': 28, 'cluster3106249630_3106249631_J60_J61_#5more': 36}, {'J10': 18, 'J11': 54, 'J12': 82, 'J13': 35, 'cluster3106249630_3106249631_J60_J61_#5more': 82}, 
4275.0, {'J10': -113517.0, 'J11': -406935.5, 'J12': -258177.0, 'J13': -63087.0, 'cluster3106249630_3106249631_J60_J61_#5more': -443784.0}, {'J10': 13, 'J11': 32, 'J12': 20, 'J13': 28, 'cluster3106249630_3106249631_J60_J61_#5more': 36}, {'J10': 18, 'J11': 54, 'J12': 82, 'J13': 35, 'cluster3106249630_3106249631_J60_J61_#5more': 82}, 
4280.0, {'J10': -113697.0, 'J11': -407475.5, 'J12': -252432.0, 'J13': -63437.0, 'cluster3106249630_3106249631_J60_J61_#5more': -444605.5}, {'J10': 13, 'J11': 32, 'J12': 20, 'J13': 28, 'cluster3106249630_3106249631_J60_J61_#5more': 36}, {'J10': 18, 'J11': 54, 'J12': 75, 'J13': 35, 'cluster3106249630_3106249631_J60_J61_#5more': 84}, 
4285.0, {'J10': -113877.0, 'J11': -408015.5, 'J12': -253182.0, 'J13': -63787.0, 'cluster3106249630_3106249631_J60_J61_#5more': -445082.0}, {'J10': 13, 'J11': 32, 'J12': 20, 'J13': 28, 'cluster3106249630_3106249631_J60_J61_#5more': 36}, {'J10': 18, 'J11': 54, 'J12': 75, 'J13': 35, 'cluster3106249630_3106249631_J60_J61_#5more': 83}, 
4290.0, {'J10': -114057.0, 'J11': -408555.5, 'J12': -253933.5, 'J13': -64137.0, 'cluster3106249630_3106249631_J60_J61_#5more': -445540.0}, {'J10': 13, 'J11': 32, 'J12': 20, 'J13': 28, 'cluster3106249630_3106249631_J60_J61_#5more': 36}, {'J10': 18, 'J11': 54, 'J12': 78, 'J13': 35, 'cluster3106249630_3106249631_J60_J61_#5more': 82}, 
4295.0, {'J10': -114237.0, 'J11': -409095.5, 'J12': -253790.5, 'J13': -64487.0, 'cluster3106249630_3106249631_J60_J61_#5more': -446360.0}, {'J10': 13, 'J11': 32, 'J12': 20, 'J13': 28, 'cluster3106249630_3106249631_J60_J61_#5more': 36}, {'J10': 18, 'J11': 54, 'J12': 79, 'J13': 35, 'cluster3106249630_3106249631_J60_J61_#5more': 82}, 
4300.0, {'J10': -114417.0, 'J11': -409635.5, 'J12': -252104.5, 'J13': -64837.0, 'cluster3106249630_3106249631_J60_J61_#5more': -447185.5}, {'J10': 13, 'J11': 32, 'J12': 20, 'J13': 28, 'cluster3106249630_3106249631_J60_J61_#5more': 36}, {'J10': 18, 'J11': 54, 'J12': 77, 'J13': 35, 'cluster3106249630_3106249631_J60_J61_#5more': 84}, 
4305.0, {'J10': -114597.0, 'J11': -410175.5, 'J12': -251157.0, 'J13': -61959.0, 'cluster3106249630_3106249631_J60_J61_#5more': -448025.5}, {'J10': 13, 'J11': 32, 'J12': 20, 'J13': 25, 'cluster3106249630_3106249631_J60_J61_#5more': 36}, {'J10': 18, 'J11': 54, 'J12': 74, 'J13': 32, 'cluster3106249630_3106249631_J60_J61_#5more': 84}, 
4310.0, {'J10': -114777.0, 'J11': -410715.5, 'J12': -251214.0, 'J13': -61274.0, 'cluster3106249630_3106249631_J60_J61_#5more': -448865.5}, {'J10': 13, 'J11': 32, 'J12': 20, 'J13': 24, 'cluster3106249630_3106249631_J60_J61_#5more': 36}, {'J10': 18, 'J11': 54, 'J12': 72, 'J13': 31, 'cluster3106249630_3106249631_J60_J61_#5more': 84}, 
4315.0, {'J10': -114957.0, 'J11': -411255.5, 'J12': -250990.0, 'J13': -61584.0, 'cluster3106249630_3106249631_J60_J61_#5more': -449705.5}, {'J10': 13, 'J11': 32, 'J12': 20, 'J13': 24, 'cluster3106249630_3106249631_J60_J61_#5more': 36}, {'J10': 18, 'J11': 54, 'J12': 72, 'J13': 31, 'cluster3106249630_3106249631_J60_J61_#5more': 84}, 
4320.0, {'J10': -115137.0, 'J11': -411795.5, 'J12': -250760.5, 'J13': -61894.0, 'cluster3106249630_3106249631_J60_J61_#5more': -450545.5}, {'J10': 13, 'J11': 32, 'J12': 20, 'J13': 24, 'cluster3106249630_3106249631_J60_J61_#5more': 36}, {'J10': 18, 'J11': 54, 'J12': 72, 'J13': 31, 'cluster3106249630_3106249631_J60_J61_#5more': 84}, 
4325.0, {'J10': -115317.0, 'J11': -412335.5, 'J12': -251340.0, 'J13': -62204.0, 'cluster3106249630_3106249631_J60_J61_#5more': -451385.5}, {'J10': 13, 'J11': 32, 'J12': 20, 'J13': 24, 'cluster3106249630_3106249631_J60_J61_#5more': 36}, {'J10': 18, 'J11': 54, 'J12': 71, 'J13': 31, 'cluster3106249630_3106249631_J60_J61_#5more': 84}, 
4330.0, {'J10': -115497.0, 'J11': -412875.5, 'J12': -252050.0, 'J13': -62523.0, 'cluster3106249630_3106249631_J60_J61_#5more': -452225.5}, {'J10': 13, 'J11': 32, 'J12': 20, 'J13': 27, 'cluster3106249630_3106249631_J60_J61_#5more': 36}, {'J10': 18, 'J11': 54, 'J12': 71, 'J13': 34, 'cluster3106249630_3106249631_J60_J61_#5more': 84}, 
4335.0, {'J10': -115677.0, 'J11': -413415.5, 'J12': -252772.0, 'J13': -62867.0, 'cluster3106249630_3106249631_J60_J61_#5more': -453065.5}, {'J10': 13, 'J11': 32, 'J12': 20, 'J13': 28, 'cluster3106249630_3106249631_J60_J61_#5more': 36}, {'J10': 18, 'J11': 54, 'J12': 77, 'J13': 35, 'cluster3106249630_3106249631_J60_J61_#5more': 84}, 
4340.0, {'J10': -115857.0, 'J11': -413955.5, 'J12': -253552.5, 'J13': -63217.0, 'cluster3106249630_3106249631_J60_J61_#5more': -453905.5}, {'J10': 13, 'J11': 32, 'J12': 20, 'J13': 28, 'cluster3106249630_3106249631_J60_J61_#5more': 36}, {'J10': 18, 'J11': 54, 'J12': 80, 'J13': 35, 'cluster3106249630_3106249631_J60_J61_#5more': 84}, 
4345.0, {'J10': -116037.0, 'J11': -414495.5, 'J12': -252883.5, 'J13': -63567.0, 'cluster3106249630_3106249631_J60_J61_#5more': -454745.5}, {'J10': 13, 'J11': 32, 'J12': 20, 'J13': 28, 'cluster3106249630_3106249631_J60_J61_#5more': 36}, {'J10': 18, 'J11': 54, 'J12': 76, 'J13': 35, 'cluster3106249630_3106249631_J60_J61_#5more': 84}, 
4350.0, {'J10': -116217.0, 'J11': -415035.5, 'J12': -253643.5, 'J13': -63917.0, 'cluster3106249630_3106249631_J60_J61_#5more': -455221.5}, {'J10': 13, 'J11': 32, 'J12': 20, 'J13': 28, 'cluster3106249630_3106249631_J60_J61_#5more': 36}, {'J10': 18, 'J11': 54, 'J12': 76, 'J13': 35, 'cluster3106249630_3106249631_J60_J61_#5more': 83}, 
4355.0, {'J10': -116397.0, 'J11': -415575.5, 'J12': -254406.5, 'J13': -64267.0, 'cluster3106249630_3106249631_J60_J61_#5more': -455679.5}, {'J10': 13, 'J11': 32, 'J12': 20, 'J13': 28, 'cluster3106249630_3106249631_J60_J61_#5more': 36}, {'J10': 18, 'J11': 54, 'J12': 79, 'J13': 35, 'cluster3106249630_3106249631_J60_J61_#5more': 82}, 
4360.0, {'J10': -116577.0, 'J11': -416115.5, 'J12': -255208.0, 'J13': -64617.0, 'cluster3106249630_3106249631_J60_J61_#5more': -456499.5}, {'J10': 13, 'J11': 32, 'J12': 20, 'J13': 28, 'cluster3106249630_3106249631_J60_J61_#5more': 36}, {'J10': 18, 'J11': 54, 'J12': 82, 'J13': 35, 'cluster3106249630_3106249631_J60_J61_#5more': 82}, 
4365.0, {'J10': -116757.0, 'J11': -416655.5, 'J12': -255806.5, 'J13': -64967.0, 'cluster3106249630_3106249631_J60_J61_#5more': -457325.0}, {'J10': 13, 'J11': 32, 'J12': 20, 'J13': 28, 'cluster3106249630_3106249631_J60_J61_#5more': 36}, {'J10': 18, 'J11': 54, 'J12': 81, 'J13': 35, 'cluster3106249630_3106249631_J60_J61_#5more': 84}, 
4370.0, {'J10': -116937.0, 'J11': -417195.5, 'J12': -255613.0, 'J13': -63329.5, 'cluster3106249630_3106249631_J60_J61_#5more': -458165.0}, {'J10': 13, 'J11': 32, 'J12': 20, 'J13': 26, 'cluster3106249630_3106249631_J60_J61_#5more': 36}, {'J10': 18, 'J11': 54, 'J12': 80, 'J13': 33, 'cluster3106249630_3106249631_J60_J61_#5more': 84}, 
4375.0, {'J10': -117117.0, 'J11': -417735.5, 'J12': -256413.0, 'J13': -61655.5, 'cluster3106249630_3106249631_J60_J61_#5more': -459005.0}, {'J10': 13, 'J11': 32, 'J12': 20, 'J13': 24, 'cluster3106249630_3106249631_J60_J61_#5more': 36}, {'J10': 18, 'J11': 54, 'J12': 80, 'J13': 31, 'cluster3106249630_3106249631_J60_J61_#5more': 84}, 
4380.0, {'J10': -117297.0, 'J11': -418275.5, 'J12': -257213.0, 'J13': -61965.5, 'cluster3106249630_3106249631_J60_J61_#5more': -459845.0}, {'J10': 13, 'J11': 32, 'J12': 20, 'J13': 24, 'cluster3106249630_3106249631_J60_J61_#5more': 36}, {'J10': 18, 'J11': 54, 'J12': 80, 'J13': 31, 'cluster3106249630_3106249631_J60_J61_#5more': 84}, 
4385.0, {'J10': -117477.0, 'J11': -418815.5, 'J12': -257544.0, 'J13': -62275.5, 'cluster3106249630_3106249631_J60_J61_#5more': -460685.0}, {'J10': 13, 'J11': 32, 'J12': 20, 'J13': 24, 'cluster3106249630_3106249631_J60_J61_#5more': 36}, {'J10': 18, 'J11': 54, 'J12': 81, 'J13': 31, 'cluster3106249630_3106249631_J60_J61_#5more': 84}, 
4390.0, {'J10': -117657.0, 'J11': -419355.5, 'J12': -258354.0, 'J13': -62585.5, 'cluster3106249630_3106249631_J60_J61_#5more': -461525.0}, {'J10': 13, 'J11': 32, 'J12': 20, 'J13': 24, 'cluster3106249630_3106249631_J60_J61_#5more': 36}, {'J10': 18, 'J11': 54, 'J12': 81, 'J13': 31, 'cluster3106249630_3106249631_J60_J61_#5more': 84}, 
4395.0, {'J10': -117837.0, 'J11': -419895.5, 'J12': -259165.0, 'J13': -62904.5, 'cluster3106249630_3106249631_J60_J61_#5more': -462365.0}, {'J10': 13, 'J11': 32, 'J12': 20, 'J13': 27, 'cluster3106249630_3106249631_J60_J61_#5more': 36}, {'J10': 18, 'J11': 54, 'J12': 82, 'J13': 34, 'cluster3106249630_3106249631_J60_J61_#5more': 84}, 
4400.0, {'J10': -118017.0, 'J11': -420435.5, 'J12': -259990.0, 'J13': -63249.0, 'cluster3106249630_3106249631_J60_J61_#5more': -463205.0}, {'J10': 13, 'J11': 32, 'J12': 20, 'J13': 28, 'cluster3106249630_3106249631_J60_J61_#5more': 36}, {'J10': 18, 'J11': 54, 'J12': 83, 'J13': 35, 'cluster3106249630_3106249631_J60_J61_#5more': 84}, 
4405.0, {'J10': -118197.0, 'J11': -420975.5, 'J12': -260820.0, 'J13': -63599.0, 'cluster3106249630_3106249631_J60_J61_#5more': -464045.0}, {'J10': 13, 'J11': 32, 'J12': 20, 'J13': 28, 'cluster3106249630_3106249631_J60_J61_#5more': 36}, {'J10': 18, 'J11': 54, 'J12': 83, 'J13': 35, 'cluster3106249630_3106249631_J60_J61_#5more': 84}, 
4410.0, {'J10': -118377.0, 'J11': -421515.5, 'J12': -259258.5, 'J13': -63949.0, 'cluster3106249630_3106249631_J60_J61_#5more': -461931.5}, {'J10': 13, 'J11': 32, 'J12': 20, 'J13': 28, 'cluster3106249630_3106249631_J60_J61_#5more': 36}, {'J10': 18, 'J11': 54, 'J12': 81, 'J13': 35, 'cluster3106249630_3106249631_J60_J61_#5more': 83}, 
4415.0, {'J10': -118557.0, 'J11': -422055.5, 'J12': -259320.5, 'J13': -64299.0, 'cluster3106249630_3106249631_J60_J61_#5more': -457031.0}, {'J10': 13, 'J11': 32, 'J12': 20, 'J13': 28, 'cluster3106249630_3106249631_J60_J61_#5more': 36}, {'J10': 18, 'J11': 54, 'J12': 79, 'J13': 35, 'cluster3106249630_3106249631_J60_J61_#5more': 82}, 
4420.0, {'J10': -118737.0, 'J11': -422595.5, 'J12': -260111.0, 'J13': -64649.0, 'cluster3106249630_3106249631_J60_J61_#5more': -457851.0}, {'J10': 13, 'J11': 32, 'J12': 20, 'J13': 28, 'cluster3106249630_3106249631_J60_J61_#5more': 36}, {'J10': 18, 'J11': 54, 'J12': 80, 'J13': 35, 'cluster3106249630_3106249631_J60_J61_#5more': 82}, 
4425.0, {'J10': -118917.0, 'J11': -423135.5, 'J12': -260924.0, 'J13': -64999.0, 'cluster3106249630_3106249631_J60_J61_#5more': -458671.0}, {'J10': 13, 'J11': 32, 'J12': 20, 'J13': 28, 'cluster3106249630_3106249631_J60_J61_#5more': 36}, {'J10': 18, 'J11': 54, 'J12': 83, 'J13': 35, 'cluster3106249630_3106249631_J60_J61_#5more': 82}, 
4430.0, {'J10': -119097.0, 'J11': -423675.5, 'J12': -261754.0, 'J13': -65349.0, 'cluster3106249630_3106249631_J60_J61_#5more': -459491.0}, {'J10': 13, 'J11': 32, 'J12': 20, 'J13': 28, 'cluster3106249630_3106249631_J60_J61_#5more': 36}, {'J10': 18, 'J11': 54, 'J12': 83, 'J13': 35, 'cluster3106249630_3106249631_J60_J61_#5more': 82}, 
4435.0, {'J10': -119277.0, 'J11': -424215.5, 'J12': -262584.0, 'J13': -63709.5, 'cluster3106249630_3106249631_J60_J61_#5more': -460315.5}, {'J10': 13, 'J11': 32, 'J12': 20, 'J13': 26, 'cluster3106249630_3106249631_J60_J61_#5more': 36}, {'J10': 18, 'J11': 54, 'J12': 83, 'J13': 33, 'cluster3106249630_3106249631_J60_J61_#5more': 84}, 
4440.0, {'J10': -119457.0, 'J11': -424755.5, 'J12': -263414.0, 'J13': -62033.5, 'cluster3106249630_3106249631_J60_J61_#5more': -461155.5}, {'J10': 13, 'J11': 32, 'J12': 20, 'J13': 24, 'cluster3106249630_3106249631_J60_J61_#5more': 36}, {'J10': 18, 'J11': 54, 'J12': 83, 'J13': 31, 'cluster3106249630_3106249631_J60_J61_#5more': 84}, 
4445.0, {'J10': -119637.0, 'J11': -425295.5, 'J12': -264244.0, 'J13': -62343.5, 'cluster3106249630_3106249631_J60_J61_#5more': -461995.5}, {'J10': 13, 'J11': 32, 'J12': 20, 'J13': 24, 'cluster3106249630_3106249631_J60_J61_#5more': 36}, {'J10': 18, 'J11': 54, 'J12': 83, 'J13': 31, 'cluster3106249630_3106249631_J60_J61_#5more': 84}, 
4450.0, {'J10': -119817.0, 'J11': -425835.5, 'J12': -265074.0, 'J13': -62653.5, 'cluster3106249630_3106249631_J60_J61_#5more': -462835.5}, {'J10': 13, 'J11': 32, 'J12': 20, 'J13': 24, 'cluster3106249630_3106249631_J60_J61_#5more': 36}, {'J10': 18, 'J11': 54, 'J12': 83, 'J13': 31, 'cluster3106249630_3106249631_J60_J61_#5more': 84}, 
4455.0, {'J10': -119997.0, 'J11': -426375.5, 'J12': -265904.0, 'J13': -62963.5, 'cluster3106249630_3106249631_J60_J61_#5more': -463675.5}, {'J10': 13, 'J11': 32, 'J12': 20, 'J13': 24, 'cluster3106249630_3106249631_J60_J61_#5more': 36}, {'J10': 18, 'J11': 54, 'J12': 83, 'J13': 31, 'cluster3106249630_3106249631_J60_J61_#5more': 84}, 
4460.0, {'J10': -120177.0, 'J11': -426915.5, 'J12': -266734.0, 'J13': -63279.5, 'cluster3106249630_3106249631_J60_J61_#5more': -464515.5}, {'J10': 13, 'J11': 32, 'J12': 20, 'J13': 26, 'cluster3106249630_3106249631_J60_J61_#5more': 36}, {'J10': 18, 'J11': 54, 'J12': 83, 'J13': 33, 'cluster3106249630_3106249631_J60_J61_#5more': 84}, 
4465.0, {'J10': -120357.0, 'J11': -427455.5, 'J12': -267564.0, 'J13': -63617.5, 'cluster3106249630_3106249631_J60_J61_#5more': -465355.5}, {'J10': 13, 'J11': 32, 'J12': 20, 'J13': 28, 'cluster3106249630_3106249631_J60_J61_#5more': 36}, {'J10': 18, 'J11': 54, 'J12': 83, 'J13': 35, 'cluster3106249630_3106249631_J60_J61_#5more': 84}, 
4470.0, {'J10': -120537.0, 'J11': -427995.5, 'J12': -268394.0, 'J13': -63967.5, 'cluster3106249630_3106249631_J60_J61_#5more': -466195.5}, {'J10': 13, 'J11': 32, 'J12': 20, 'J13': 28, 'cluster3106249630_3106249631_J60_J61_#5more': 36}, {'J10': 18, 'J11': 54, 'J12': 83, 'J13': 35, 'cluster3106249630_3106249631_J60_J61_#5more': 84}, 
4475.0, {'J10': -120717.0, 'J11': -428535.5, 'J12': -263344.0, 'J13': -64317.5, 'cluster3106249630_3106249631_J60_J61_#5more': -467035.5}, {'J10': 13, 'J11': 32, 'J12': 20, 'J13': 28, 'cluster3106249630_3106249631_J60_J61_#5more': 36}, {'J10': 18, 'J11': 54, 'J12': 78, 'J13': 35, 'cluster3106249630_3106249631_J60_J61_#5more': 84}, 
4480.0, {'J10': -120897.0, 'J11': -429075.5, 'J12': -263750.0, 'J13': -64667.5, 'cluster3106249630_3106249631_J60_J61_#5more': -467382.0}, {'J10': 13, 'J11': 32, 'J12': 20, 'J13': 28, 'cluster3106249630_3106249631_J60_J61_#5more': 36}, {'J10': 18, 'J11': 54, 'J12': 77, 'J13': 35, 'cluster3106249630_3106249631_J60_J61_#5more': 83}, 
4485.0, {'J10': -121077.0, 'J11': -429615.5, 'J12': -264520.0, 'J13': -65017.5, 'cluster3106249630_3106249631_J60_J61_#5more': -467710.0}, {'J10': 13, 'J11': 32, 'J12': 20, 'J13': 28, 'cluster3106249630_3106249631_J60_J61_#5more': 36}, {'J10': 18, 'J11': 54, 'J12': 77, 'J13': 35, 'cluster3106249630_3106249631_J60_J61_#5more': 82}, 
4490.0, {'J10': -121257.0, 'J11': -430155.5, 'J12': -264875.0, 'J13': -65367.5, 'cluster3106249630_3106249631_J60_J61_#5more': -468530.0}, {'J10': 13, 'J11': 32, 'J12': 20, 'J13': 28, 'cluster3106249630_3106249631_J60_J61_#5more': 36}, {'J10': 18, 'J11': 54, 'J12': 82, 'J13': 35, 'cluster3106249630_3106249631_J60_J61_#5more': 82}, 
4495.0, {'J10': -121437.0, 'J11': -430695.5, 'J12': -265014.5, 'J13': -65717.5, 'cluster3106249630_3106249631_J60_J61_#5more': -469356.5}, {'J10': 13, 'J11': 32, 'J12': 20, 'J13': 28, 'cluster3106249630_3106249631_J60_J61_#5more': 36}, {'J10': 18, 'J11': 54, 'J12': 81, 'J13': 35, 'cluster3106249630_3106249631_J60_J61_#5more': 84}, 
4500.0, {'J10': -121617.0, 'J11': -431235.5, 'J12': -264836.0, 'J13': -64200.0, 'cluster3106249630_3106249631_J60_J61_#5more': -470196.5}, {'J10': 13, 'J11': 32, 'J12': 20, 'J13': 26, 'cluster3106249630_3106249631_J60_J61_#5more': 36}, {'J10': 18, 'J11': 54, 'J12': 78, 'J13': 33, 'cluster3106249630_3106249631_J60_J61_#5more': 84}, 
4505.0, {'J10': -121797.0, 'J11': -431775.5, 'J12': -264950.5, 'J13': -62645.0, 'cluster3106249630_3106249631_J60_J61_#5more': -471036.5}, {'J10': 13, 'J11': 32, 'J12': 20, 'J13': 24, 'cluster3106249630_3106249631_J60_J61_#5more': 36}, {'J10': 18, 'J11': 54, 'J12': 76, 'J13': 31, 'cluster3106249630_3106249631_J60_J61_#5more': 84}, 
4510.0, {'J10': -121977.0, 'J11': -432315.5, 'J12': -265287.5, 'J13': -62955.0, 'cluster3106249630_3106249631_J60_J61_#5more': -471876.5}, {'J10': 13, 'J11': 32, 'J12': 20, 'J13': 24, 'cluster3106249630_3106249631_J60_J61_#5more': 36}, {'J10': 18, 'J11': 54, 'J12': 76, 'J13': 31, 'cluster3106249630_3106249631_J60_J61_#5more': 84}, 
4515.0, {'J10': -122157.0, 'J11': -432855.5, 'J12': -266055.0, 'J13': -63265.0, 'cluster3106249630_3106249631_J60_J61_#5more': -472716.5}, {'J10': 13, 'J11': 32, 'J12': 20, 'J13': 24, 'cluster3106249630_3106249631_J60_J61_#5more': 36}, {'J10': 18, 'J11': 54, 'J12': 79, 'J13': 31, 'cluster3106249630_3106249631_J60_J61_#5more': 84}, 
4520.0, {'J10': -122337.0, 'J11': -433395.5, 'J12': -266845.0, 'J13': -63575.0, 'cluster3106249630_3106249631_J60_J61_#5more': -473556.5}, {'J10': 13, 'J11': 32, 'J12': 20, 'J13': 24, 'cluster3106249630_3106249631_J60_J61_#5more': 36}, {'J10': 18, 'J11': 54, 'J12': 79, 'J13': 31, 'cluster3106249630_3106249631_J60_J61_#5more': 84}, 
4525.0, {'J10': -122517.0, 'J11': -433935.5, 'J12': -267635.0, 'J13': -63902.5, 'cluster3106249630_3106249631_J60_J61_#5more': -474396.5}, {'J10': 13, 'J11': 32, 'J12': 20, 'J13': 28, 'cluster3106249630_3106249631_J60_J61_#5more': 36}, {'J10': 18, 'J11': 54, 'J12': 79, 'J13': 35, 'cluster3106249630_3106249631_J60_J61_#5more': 84}, 
4530.0, {'J10': -122697.0, 'J11': -434475.5, 'J12': -268425.0, 'J13': -64252.5, 'cluster3106249630_3106249631_J60_J61_#5more': -475236.5}, {'J10': 13, 'J11': 32, 'J12': 20, 'J13': 28, 'cluster3106249630_3106249631_J60_J61_#5more': 36}, {'J10': 18, 'J11': 54, 'J12': 79, 'J13': 35, 'cluster3106249630_3106249631_J60_J61_#5more': 84}, 
4535.0, {'J10': -122877.0, 'J11': -435015.5, 'J12': -269221.0, 'J13': -64602.5, 'cluster3106249630_3106249631_J60_J61_#5more': -476076.5}, {'J10': 13, 'J11': 32, 'J12': 20, 'J13': 28, 'cluster3106249630_3106249631_J60_J61_#5more': 36}, {'J10': 18, 'J11': 54, 'J12': 81, 'J13': 35, 'cluster3106249630_3106249631_J60_J61_#5more': 84}, 
4540.0, {'J10': -123057.0, 'J11': -435555.5, 'J12': -264706.0, 'J13': -64952.5, 'cluster3106249630_3106249631_J60_J61_#5more': -476916.5}, {'J10': 13, 'J11': 32, 'J12': 20, 'J13': 28, 'cluster3106249630_3106249631_J60_J61_#5more': 36}, {'J10': 18, 'J11': 54, 'J12': 76, 'J13': 35, 'cluster3106249630_3106249631_J60_J61_#5more': 84}, 
4545.0, {'J10': -123237.0, 'J11': -436095.5, 'J12': -264847.0, 'J13': -65302.5, 'cluster3106249630_3106249631_J60_J61_#5more': -476771.0}, {'J10': 13, 'J11': 32, 'J12': 20, 'J13': 28, 'cluster3106249630_3106249631_J60_J61_#5more': 36}, {'J10': 18, 'J11': 54, 'J12': 74, 'J13': 35, 'cluster3106249630_3106249631_J60_J61_#5more': 82}, 
4550.0, {'J10': -123417.0, 'J11': -436635.5, 'J12': -265587.5, 'J13': -65652.5, 'cluster3106249630_3106249631_J60_J61_#5more': -477591.0}, {'J10': 13, 'J11': 32, 'J12': 20, 'J13': 28, 'cluster3106249630_3106249631_J60_J61_#5more': 36}, {'J10': 18, 'J11': 54, 'J12': 75, 'J13': 35, 'cluster3106249630_3106249631_J60_J61_#5more': 82}, 
4555.0, {'J10': -123597.0, 'J11': -437175.5, 'J12': -266357.0, 'J13': -66002.5, 'cluster3106249630_3106249631_J60_J61_#5more': -478411.0}, {'J10': 13, 'J11': 32, 'J12': 20, 'J13': 28, 'cluster3106249630_3106249631_J60_J61_#5more': 36}, {'J10': 18, 'J11': 54, 'J12': 80, 'J13': 35, 'cluster3106249630_3106249631_J60_J61_#5more': 82}, 
4560.0, {'J10': -123777.0, 'J11': -437715.5, 'J12': -266342.5, 'J13': -66352.5, 'cluster3106249630_3106249631_J60_J61_#5more': -479237.5}, {'J10': 13, 'J11': 32, 'J12': 20, 'J13': 28, 'cluster3106249630_3106249631_J60_J61_#5more': 36}, {'J10': 18, 'J11': 54, 'J12': 79, 'J13': 35, 'cluster3106249630_3106249631_J60_J61_#5more': 84}, 
4565.0, {'J10': -123957.0, 'J11': -438255.5, 'J12': -266318.5, 'J13': -64975.0, 'cluster3106249630_3106249631_J60_J61_#5more': -480077.5}, {'J10': 13, 'J11': 32, 'J12': 20, 'J13': 26, 'cluster3106249630_3106249631_J60_J61_#5more': 36}, {'J10': 18, 'J11': 54, 'J12': 78, 'J13': 33, 'cluster3106249630_3106249631_J60_J61_#5more': 84}, 
4570.0, {'J10': -124137.0, 'J11': -438795.5, 'J12': -267098.5, 'J13': -63561.0, 'cluster3106249630_3106249631_J60_J61_#5more': -469161.5}, {'J10': 13, 'J11': 32, 'J12': 20, 'J13': 24, 'cluster3106249630_3106249631_J60_J61_#5more': 36}, {'J10': 18, 'J11': 54, 'J12': 78, 'J13': 31, 'cluster3106249630_3106249631_J60_J61_#5more': 81}, 
4575.0, {'J10': -124317.0, 'J11': -439335.5, 'J12': -267878.5, 'J13': -63871.0, 'cluster3106249630_3106249631_J60_J61_#5more': -469971.5}, {'J10': 13, 'J11': 32, 'J12': 20, 'J13': 24, 'cluster3106249630_3106249631_J60_J61_#5more': 36}, {'J10': 18, 'J11': 54, 'J12': 78, 'J13': 31, 'cluster3106249630_3106249631_J60_J61_#5more': 81}, 
4580.0, {'J10': -124497.0, 'J11': -439875.5, 'J12': -267325.0, 'J13': -64181.0, 'cluster3106249630_3106249631_J60_J61_#5more': -470781.5}, {'J10': 13, 'J11': 32, 'J12': 20, 'J13': 24, 'cluster3106249630_3106249631_J60_J61_#5more': 36}, {'J10': 18, 'J11': 54, 'J12': 76, 'J13': 31, 'cluster3106249630_3106249631_J60_J61_#5more': 81}, 
4585.0, {'J10': -124677.0, 'J11': -440415.5, 'J12': -267710.0, 'J13': -64491.0, 'cluster3106249630_3106249631_J60_J61_#5more': -471591.5}, {'J10': 13, 'J11': 32, 'J12': 20, 'J13': 24, 'cluster3106249630_3106249631_J60_J61_#5more': 36}, {'J10': 18, 'J11': 54, 'J12': 75, 'J13': 31, 'cluster3106249630_3106249631_J60_J61_#5more': 81}, 
4590.0, {'J10': -124857.0, 'J11': -440955.5, 'J12': -268460.0, 'J13': -64808.0, 'cluster3106249630_3106249631_J60_J61_#5more': -472401.5}, {'J10': 13, 'J11': 32, 'J12': 20, 'J13': 26, 'cluster3106249630_3106249631_J60_J61_#5more': 36}, {'J10': 18, 'J11': 54, 'J12': 75, 'J13': 33, 'cluster3106249630_3106249631_J60_J61_#5more': 81}, 
4595.0, {'J10': -125037.0, 'J11': -441495.5, 'J12': -269210.0, 'J13': -65145.5, 'cluster3106249630_3106249631_J60_J61_#5more': -473219.0}, {'J10': 13, 'J11': 32, 'J12': 20, 'J13': 28, 'cluster3106249630_3106249631_J60_J61_#5more': 36}, {'J10': 18, 'J11': 54, 'J12': 75, 'J13': 35, 'cluster3106249630_3106249631_J60_J61_#5more': 83}, 
4600.0, {'J10': -125217.0, 'J11': -442035.5, 'J12': -269967.5, 'J13': -65495.5, 'cluster3106249630_3106249631_J60_J61_#5more': -474049.0}, {'J10': 13, 'J11': 32, 'J12': 20, 'J13': 28, 'cluster3106249630_3106249631_J60_J61_#5more': 36}, {'J10': 18, 'J11': 54, 'J12': 79, 'J13': 35, 'cluster3106249630_3106249631_J60_J61_#5more': 83}, 
4605.0, {'J10': -125397.0, 'J11': -442575.5, 'J12': -270023.0, 'J13': -65845.5, 'cluster3106249630_3106249631_J60_J61_#5more': -474879.0}, {'J10': 13, 'J11': 32, 'J12': 20, 'J13': 28, 'cluster3106249630_3106249631_J60_J61_#5more': 36}, {'J10': 18, 'J11': 54, 'J12': 77, 'J13': 35, 'cluster3106249630_3106249631_J60_J61_#5more': 83}, 
4610.0, {'J10': -125577.0, 'J11': -443115.5, 'J12': -270793.0, 'J13': -66195.5, 'cluster3106249630_3106249631_J60_J61_#5more': -475215.5}, {'J10': 13, 'J11': 32, 'J12': 20, 'J13': 28, 'cluster3106249630_3106249631_J60_J61_#5more': 36}, {'J10': 18, 'J11': 54, 'J12': 77, 'J13': 35, 'cluster3106249630_3106249631_J60_J61_#5more': 82}, 
4615.0, {'J10': -125757.0, 'J11': -443655.5, 'J12': -271573.5, 'J13': -66545.5, 'cluster3106249630_3106249631_J60_J61_#5more': -475533.5}, {'J10': 13, 'J11': 32, 'J12': 20, 'J13': 28, 'cluster3106249630_3106249631_J60_J61_#5more': 36}, {'J10': 18, 'J11': 54, 'J12': 80, 'J13': 35, 'cluster3106249630_3106249631_J60_J61_#5more': 81}, 
4620.0, {'J10': -125937.0, 'J11': -444195.5, 'J12': -272378.5, 'J13': -66895.5, 'cluster3106249630_3106249631_J60_J61_#5more': -476343.5}, {'J10': 13, 'J11': 32, 'J12': 20, 'J13': 28, 'cluster3106249630_3106249631_J60_J61_#5more': 36}, {'J10': 18, 'J11': 54, 'J12': 81, 'J13': 35, 'cluster3106249630_3106249631_J60_J61_#5more': 81}, 
4625.0, {'J10': -126117.0, 'J11': -444735.5, 'J12': -271802.5, 'J13': -67245.5, 'cluster3106249630_3106249631_J60_J61_#5more': -477160.0}, {'J10': 13, 'J11': 32, 'J12': 20, 'J13': 28, 'cluster3106249630_3106249631_J60_J61_#5more': 36}, {'J10': 18, 'J11': 54, 'J12': 79, 'J13': 35, 'cluster3106249630_3106249631_J60_J61_#5more': 83}, 
4630.0, {'J10': -126297.0, 'J11': -445275.5, 'J12': -272592.5, 'J13': -65013.0, 'cluster3106249630_3106249631_J60_J61_#5more': -477990.0}, {'J10': 13, 'J11': 32, 'J12': 20, 'J13': 25, 'cluster3106249630_3106249631_J60_J61_#5more': 36}, {'J10': 18, 'J11': 54, 'J12': 79, 'J13': 32, 'cluster3106249630_3106249631_J60_J61_#5more': 83}, 
4635.0, {'J10': -126477.0, 'J11': -445815.5, 'J12': -273382.5, 'J13': -64471.0, 'cluster3106249630_3106249631_J60_J61_#5more': -478820.0}, {'J10': 13, 'J11': 32, 'J12': 20, 'J13': 24, 'cluster3106249630_3106249631_J60_J61_#5more': 36}, {'J10': 18, 'J11': 54, 'J12': 79, 'J13': 31, 'cluster3106249630_3106249631_J60_J61_#5more': 83}, 
4640.0, {'J10': -126657.0, 'J11': -446355.5, 'J12': -273708.5, 'J13': -64781.0, 'cluster3106249630_3106249631_J60_J61_#5more': -479650.0}, {'J10': 13, 'J11': 32, 'J12': 20, 'J13': 24, 'cluster3106249630_3106249631_J60_J61_#5more': 36}, {'J10': 18, 'J11': 54, 'J12': 78, 'J13': 31, 'cluster3106249630_3106249631_J60_J61_#5more': 83}, 
4645.0, {'J10': -126837.0, 'J11': -446895.5, 'J12': -274497.5, 'J13': -65091.0, 'cluster3106249630_3106249631_J60_J61_#5more': -480480.0}, {'J10': 13, 'J11': 32, 'J12': 20, 'J13': 24, 'cluster3106249630_3106249631_J60_J61_#5more': 36}, {'J10': 18, 'J11': 54, 'J12': 80, 'J13': 31, 'cluster3106249630_3106249631_J60_J61_#5more': 83}, 
4650.0, {'J10': -127017.0, 'J11': -447435.5, 'J12': -275298.0, 'J13': -65401.0, 'cluster3106249630_3106249631_J60_J61_#5more': -481310.0}, {'J10': 13, 'J11': 32, 'J12': 20, 'J13': 24, 'cluster3106249630_3106249631_J60_J61_#5more': 36}, {'J10': 18, 'J11': 54, 'J12': 81, 'J13': 31, 'cluster3106249630_3106249631_J60_J61_#5more': 83}, 
4655.0, {'J10': -127197.0, 'J11': -447975.5, 'J12': -276108.0, 'J13': -65719.0, 'cluster3106249630_3106249631_J60_J61_#5more': -482140.0}, {'J10': 13, 'J11': 32, 'J12': 20, 'J13': 27, 'cluster3106249630_3106249631_J60_J61_#5more': 36}, {'J10': 18, 'J11': 54, 'J12': 81, 'J13': 34, 'cluster3106249630_3106249631_J60_J61_#5more': 83}, 
4660.0, {'J10': -127377.0, 'J11': -448515.5, 'J12': -276918.0, 'J13': -66062.5, 'cluster3106249630_3106249631_J60_J61_#5more': -482970.0}, {'J10': 13, 'J11': 32, 'J12': 20, 'J13': 28, 'cluster3106249630_3106249631_J60_J61_#5more': 36}, {'J10': 18, 'J11': 54, 'J12': 81, 'J13': 35, 'cluster3106249630_3106249631_J60_J61_#5more': 83}, 
4665.0, {'J10': -127557.0, 'J11': -449055.5, 'J12': -277731.0, 'J13': -66412.5, 'cluster3106249630_3106249631_J60_J61_#5more': -483800.0}, {'J10': 13, 'J11': 32, 'J12': 20, 'J13': 28, 'cluster3106249630_3106249631_J60_J61_#5more': 36}, {'J10': 18, 'J11': 54, 'J12': 82, 'J13': 35, 'cluster3106249630_3106249631_J60_J61_#5more': 83}, 
4670.0, {'J10': -127737.0, 'J11': -449595.5, 'J12': -272663.0, 'J13': -66762.5, 'cluster3106249630_3106249631_J60_J61_#5more': -484630.0}, {'J10': 13, 'J11': 32, 'J12': 20, 'J13': 28, 'cluster3106249630_3106249631_J60_J61_#5more': 36}, {'J10': 18, 'J11': 54, 'J12': 76, 'J13': 35, 'cluster3106249630_3106249631_J60_J61_#5more': 83}, 
4675.0, {'J10': -127917.0, 'J11': -450135.5, 'J12': -273423.0, 'J13': -67112.5, 'cluster3106249630_3106249631_J60_J61_#5more': -485096.0}, {'J10': 13, 'J11': 32, 'J12': 20, 'J13': 28, 'cluster3106249630_3106249631_J60_J61_#5more': 36}, {'J10': 18, 'J11': 54, 'J12': 76, 'J13': 35, 'cluster3106249630_3106249631_J60_J61_#5more': 82}, 
4680.0, {'J10': -128097.0, 'J11': -450675.5, 'J12': -274184.0, 'J13': -67462.5, 'cluster3106249630_3106249631_J60_J61_#5more': -485543.5}, {'J10': 13, 'J11': 32, 'J12': 20, 'J13': 28, 'cluster3106249630_3106249631_J60_J61_#5more': 36}, {'J10': 18, 'J11': 54, 'J12': 78, 'J13': 35, 'cluster3106249630_3106249631_J60_J61_#5more': 81}, 
4685.0, {'J10': -128277.0, 'J11': -451215.5, 'J12': -274972.0, 'J13': -67812.5, 'cluster3106249630_3106249631_J60_J61_#5more': -486353.5}, {'J10': 13, 'J11': 32, 'J12': 20, 'J13': 28, 'cluster3106249630_3106249631_J60_J61_#5more': 36}, {'J10': 18, 'J11': 54, 'J12': 80, 'J13': 35, 'cluster3106249630_3106249631_J60_J61_#5more': 81}, 
4690.0, {'J10': -128457.0, 'J11': -451755.5, 'J12': -274718.0, 'J13': -68162.5, 'cluster3106249630_3106249631_J60_J61_#5more': -487168.0}, {'J10': 13, 'J11': 32, 'J12': 20, 'J13': 28, 'cluster3106249630_3106249631_J60_J61_#5more': 36}, {'J10': 18, 'J11': 54, 'J12': 79, 'J13': 35, 'cluster3106249630_3106249631_J60_J61_#5more': 83}, 
4695.0, {'J10': -128637.0, 'J11': -452295.5, 'J12': -273661.5, 'J13': -65925.5, 'cluster3106249630_3106249631_J60_J61_#5more': -487998.0}, {'J10': 13, 'J11': 32, 'J12': 20, 'J13': 25, 'cluster3106249630_3106249631_J60_J61_#5more': 36}, {'J10': 18, 'J11': 54, 'J12': 76, 'J13': 32, 'cluster3106249630_3106249631_J60_J61_#5more': 83}, 
4700.0, {'J10': -128817.0, 'J11': -452835.5, 'J12': -272179.5, 'J13': -65381.0, 'cluster3106249630_3106249631_J60_J61_#5more': -488828.0}, {'J10': 13, 'J11': 32, 'J12': 20, 'J13': 24, 'cluster3106249630_3106249631_J60_J61_#5more': 36}, {'J10': 18, 'J11': 54, 'J12': 72, 'J13': 31, 'cluster3106249630_3106249631_J60_J61_#5more': 83}, 
4705.0, {'J10': -128997.0, 'J11': -453375.5, 'J12': -271389.0, 'J13': -65691.0, 'cluster3106249630_3106249631_J60_J61_#5more': -489658.0}, {'J10': 13, 'J11': 32, 'J12': 20, 'J13': 24, 'cluster3106249630_3106249631_J60_J61_#5more': 36}, {'J10': 18, 'J11': 54, 'J12': 68, 'J13': 31, 'cluster3106249630_3106249631_J60_J61_#5more': 83}, 
4710.0, {'J10': -129177.0, 'J11': -453915.5, 'J12': -271800.5, 'J13': -66001.0, 'cluster3106249630_3106249631_J60_J61_#5more': -490488.0}, {'J10': 13, 'J11': 32, 'J12': 20, 'J13': 24, 'cluster3106249630_3106249631_J60_J61_#5more': 36}, {'J10': 18, 'J11': 54, 'J12': 67, 'J13': 31, 'cluster3106249630_3106249631_J60_J61_#5more': 83}, 
4715.0, {'J10': -129357.0, 'J11': -454455.5, 'J12': -272367.5, 'J13': -66311.0, 'cluster3106249630_3106249631_J60_J61_#5more': -491318.0}, {'J10': 13, 'J11': 32, 'J12': 20, 'J13': 24, 'cluster3106249630_3106249631_J60_J61_#5more': 36}, {'J10': 18, 'J11': 54, 'J12': 66, 'J13': 31, 'cluster3106249630_3106249631_J60_J61_#5more': 83}, 
4720.0, {'J10': -129537.0, 'J11': -454995.5, 'J12': -273036.0, 'J13': -66631.0, 'cluster3106249630_3106249631_J60_J61_#5more': -492148.0}, {'J10': 13, 'J11': 32, 'J12': 20, 'J13': 27, 'cluster3106249630_3106249631_J60_J61_#5more': 36}, {'J10': 18, 'J11': 54, 'J12': 69, 'J13': 34, 'cluster3106249630_3106249631_J60_J61_#5more': 83}, 
4725.0, {'J10': -129717.0, 'J11': -455535.5, 'J12': -273739.5, 'J13': -66974.0, 'cluster3106249630_3106249631_J60_J61_#5more': -492978.0}, {'J10': 13, 'J11': 32, 'J12': 20, 'J13': 28, 'cluster3106249630_3106249631_J60_J61_#5more': 36}, {'J10': 18, 'J11': 54, 'J12': 73, 'J13': 35, 'cluster3106249630_3106249631_J60_J61_#5more': 83}, 
4730.0, {'J10': -129897.0, 'J11': -456075.5, 'J12': -274469.5, 'J13': -67324.0, 'cluster3106249630_3106249631_J60_J61_#5more': -493808.0}, {'J10': 13, 'J11': 32, 'J12': 20, 'J13': 28, 'cluster3106249630_3106249631_J60_J61_#5more': 36}, {'J10': 18, 'J11': 54, 'J12': 73, 'J13': 35, 'cluster3106249630_3106249631_J60_J61_#5more': 83}, 
4735.0, {'J10': -130077.0, 'J11': -456615.5, 'J12': -273607.0, 'J13': -67674.0, 'cluster3106249630_3106249631_J60_J61_#5more': -494638.0}, {'J10': 13, 'J11': 32, 'J12': 20, 'J13': 28, 'cluster3106249630_3106249631_J60_J61_#5more': 36}, {'J10': 18, 'J11': 54, 'J12': 69, 'J13': 35, 'cluster3106249630_3106249631_J60_J61_#5more': 83}, 
4740.0, {'J10': -130257.0, 'J11': -457155.5, 'J12': -274298.5, 'J13': -68024.0, 'cluster3106249630_3106249631_J60_J61_#5more': -494741.5}, {'J10': 13, 'J11': 32, 'J12': 20, 'J13': 28, 'cluster3106249630_3106249631_J60_J61_#5more': 36}, {'J10': 18, 'J11': 54, 'J12': 70, 'J13': 35, 'cluster3106249630_3106249631_J60_J61_#5more': 81}, 
4745.0, {'J10': -130437.0, 'J11': -457695.5, 'J12': -275008.5, 'J13': -68374.0, 'cluster3106249630_3106249631_J60_J61_#5more': -495551.5}, {'J10': 13, 'J11': 32, 'J12': 20, 'J13': 28, 'cluster3106249630_3106249631_J60_J61_#5more': 36}, {'J10': 18, 'J11': 54, 'J12': 74, 'J13': 35, 'cluster3106249630_3106249631_J60_J61_#5more': 81}, 
4750.0, {'J10': -130617.0, 'J11': -458235.5, 'J12': -275756.5, 'J13': -68724.0, 'cluster3106249630_3106249631_J60_J61_#5more': -496361.5}, {'J10': 13, 'J11': 32, 'J12': 20, 'J13': 28, 'cluster3106249630_3106249631_J60_J61_#5more': 36}, {'J10': 18, 'J11': 54, 'J12': 76, 'J13': 35, 'cluster3106249630_3106249631_J60_J61_#5more': 81}, 
4755.0, {'J10': -130797.0, 'J11': -458775.5, 'J12': -275781.0, 'J13': -69074.0, 'cluster3106249630_3106249631_J60_J61_#5more': -497178.0}, {'J10': 13, 'J11': 32, 'J12': 20, 'J13': 28, 'cluster3106249630_3106249631_J60_J61_#5more': 36}, {'J10': 18, 'J11': 54, 'J12': 77, 'J13': 35, 'cluster3106249630_3106249631_J60_J61_#5more': 83}, 
4760.0, {'J10': -130977.0, 'J11': -459315.5, 'J12': -276229.5, 'J13': -67698.0, 'cluster3106249630_3106249631_J60_J61_#5more': -498008.0}, {'J10': 13, 'J11': 32, 'J12': 20, 'J13': 26, 'cluster3106249630_3106249631_J60_J61_#5more': 36}, {'J10': 18, 'J11': 54, 'J12': 76, 'J13': 33, 'cluster3106249630_3106249631_J60_J61_#5more': 83}, 
4765.0, {'J10': -131157.0, 'J11': -459855.5, 'J12': -276908.5, 'J13': -66291.0, 'cluster3106249630_3106249631_J60_J61_#5more': -498838.0}, {'J10': 13, 'J11': 32, 'J12': 20, 'J13': 24, 'cluster3106249630_3106249631_J60_J61_#5more': 36}, {'J10': 18, 'J11': 54, 'J12': 75, 'J13': 31, 'cluster3106249630_3106249631_J60_J61_#5more': 83}, 
4770.0, {'J10': -131337.0, 'J11': -460395.5, 'J12': -277658.5, 'J13': -66601.0, 'cluster3106249630_3106249631_J60_J61_#5more': -499668.0}, {'J10': 13, 'J11': 32, 'J12': 20, 'J13': 24, 'cluster3106249630_3106249631_J60_J61_#5more': 36}, {'J10': 18, 'J11': 54, 'J12': 75, 'J13': 31, 'cluster3106249630_3106249631_J60_J61_#5more': 83}, 
4775.0, {'J10': -131517.0, 'J11': -460935.5, 'J12': -278303.5, 'J13': -66911.0, 'cluster3106249630_3106249631_J60_J61_#5more': -500498.0}, {'J10': 13, 'J11': 32, 'J12': 20, 'J13': 24, 'cluster3106249630_3106249631_J60_J61_#5more': 36}, {'J10': 18, 'J11': 54, 'J12': 74, 'J13': 31, 'cluster3106249630_3106249631_J60_J61_#5more': 83}, 
4780.0, {'J10': -131697.0, 'J11': -461475.5, 'J12': -279043.5, 'J13': -67221.0, 'cluster3106249630_3106249631_J60_J61_#5more': -501328.0}, {'J10': 13, 'J11': 32, 'J12': 20, 'J13': 24, 'cluster3106249630_3106249631_J60_J61_#5more': 36}, {'J10': 18, 'J11': 54, 'J12': 74, 'J13': 31, 'cluster3106249630_3106249631_J60_J61_#5more': 83}, 
4785.0, {'J10': -131877.0, 'J11': -462015.5, 'J12': -279783.5, 'J13': -67545.5, 'cluster3106249630_3106249631_J60_J61_#5more': -502158.0}, {'J10': 13, 'J11': 32, 'J12': 20, 'J13': 28, 'cluster3106249630_3106249631_J60_J61_#5more': 36}, {'J10': 18, 'J11': 54, 'J12': 74, 'J13': 35, 'cluster3106249630_3106249631_J60_J61_#5more': 83}, 
4790.0, {'J10': -132057.0, 'J11': -462555.5, 'J12': -280530.5, 'J13': -67895.5, 'cluster3106249630_3106249631_J60_J61_#5more': -502988.0}, {'J10': 13, 'J11': 32, 'J12': 20, 'J13': 28, 'cluster3106249630_3106249631_J60_J61_#5more': 36}, {'J10': 18, 'J11': 54, 'J12': 76, 'J13': 35, 'cluster3106249630_3106249631_J60_J61_#5more': 83}, 
4795.0, {'J10': -132237.0, 'J11': -463095.5, 'J12': -281295.5, 'J13': -68245.5, 'cluster3106249630_3106249631_J60_J61_#5more': -503818.0}, {'J10': 13, 'J11': 32, 'J12': 20, 'J13': 28, 'cluster3106249630_3106249631_J60_J61_#5more': 36}, {'J10': 18, 'J11': 54, 'J12': 78, 'J13': 35, 'cluster3106249630_3106249631_J60_J61_#5more': 83}, 
4800.0, {'J10': -132417.0, 'J11': -463635.5, 'J12': -277547.0, 'J13': -68595.5, 'cluster3106249630_3106249631_J60_J61_#5more': -504648.0}, {'J10': 13, 'J11': 32, 'J12': 20, 'J13': 28, 'cluster3106249630_3106249631_J60_J61_#5more': 36}, {'J10': 18, 'J11': 54, 'J12': 74, 'J13': 35, 'cluster3106249630_3106249631_J60_J61_#5more': 83}, 
4805.0, {'J10': -132597.0, 'J11': -464175.5, 'J12': -278298.5, 'J13': -68945.5, 'cluster3106249630_3106249631_J60_J61_#5more': -505114.0}, {'J10': 13, 'J11': 32, 'J12': 20, 'J13': 28, 'cluster3106249630_3106249631_J60_J61_#5more': 36}, {'J10': 18, 'J11': 54, 'J12': 78, 'J13': 35, 'cluster3106249630_3106249631_J60_J61_#5more': 82}, 
4810.0, {'J10': -132777.0, 'J11': -464715.5, 'J12': -279079.0, 'J13': -69295.5, 'cluster3106249630_3106249631_J60_J61_#5more': -505934.0}, {'J10': 13, 'J11': 32, 'J12': 20, 'J13': 28, 'cluster3106249630_3106249631_J60_J61_#5more': 36}, {'J10': 18, 'J11': 54, 'J12': 79, 'J13': 35, 'cluster3106249630_3106249631_J60_J61_#5more': 82}, 
4815.0, {'J10': -132957.0, 'J11': -465255.5, 'J12': -279885.0, 'J13': -69645.5, 'cluster3106249630_3106249631_J60_J61_#5more': -503452.0}, {'J10': 13, 'J11': 32, 'J12': 20, 'J13': 28, 'cluster3106249630_3106249631_J60_J61_#5more': 36}, {'J10': 18, 'J11': 54, 'J12': 83, 'J13': 35, 'cluster3106249630_3106249631_J60_J61_#5more': 82}, 
4820.0, {'J10': -133137.0, 'J11': -465795.5, 'J12': -279844.0, 'J13': -69995.5, 'cluster3106249630_3106249631_J60_J61_#5more': -494453.5}, {'J10': 13, 'J11': 32, 'J12': 20, 'J13': 28, 'cluster3106249630_3106249631_J60_J61_#5more': 36}, {'J10': 18, 'J11': 54, 'J12': 82, 'J13': 35, 'cluster3106249630_3106249631_J60_J61_#5more': 80}, 
4825.0, {'J10': -133317.0, 'J11': -466335.5, 'J12': -280664.0, 'J13': -68619.0, 'cluster3106249630_3106249631_J60_J61_#5more': -495253.5}, {'J10': 13, 'J11': 32, 'J12': 20, 'J13': 26, 'cluster3106249630_3106249631_J60_J61_#5more': 36}, {'J10': 18, 'J11': 54, 'J12': 82, 'J13': 33, 'cluster3106249630_3106249631_J60_J61_#5more': 80}, 
4830.0, {'J10': -133497.0, 'J11': -466875.5, 'J12': -281484.0, 'J13': -68076.5, 'cluster3106249630_3106249631_J60_J61_#5more': -496053.5}, {'J10': 13, 'J11': 32, 'J12': 20, 'J13': 25, 'cluster3106249630_3106249631_J60_J61_#5more': 36}, {'J10': 18, 'J11': 54, 'J12': 82, 'J13': 32, 'cluster3106249630_3106249631_J60_J61_#5more': 80}, 
4835.0, {'J10': -133677.0, 'J11': -467415.5, 'J12': -281663.0, 'J13': -68396.5, 'cluster3106249630_3106249631_J60_J61_#5more': -496853.5}, {'J10': 13, 'J11': 32, 'J12': 20, 'J13': 25, 'cluster3106249630_3106249631_J60_J61_#5more': 36}, {'J10': 18, 'J11': 54, 'J12': 81, 'J13': 32, 'cluster3106249630_3106249631_J60_J61_#5more': 80}, 
4840.0, {'J10': -133857.0, 'J11': -467955.5, 'J12': -282476.0, 'J13': -68716.5, 'cluster3106249630_3106249631_J60_J61_#5more': -497655.0}, {'J10': 13, 'J11': 32, 'J12': 20, 'J13': 25, 'cluster3106249630_3106249631_J60_J61_#5more': 36}, {'J10': 18, 'J11': 54, 'J12': 82, 'J13': 32, 'cluster3106249630_3106249631_J60_J61_#5more': 81}, 
4845.0, {'J10': -134037.0, 'J11': -468495.5, 'J12': -283296.0, 'J13': -69036.5, 'cluster3106249630_3106249631_J60_J61_#5more': -498472.0}, {'J10': 13, 'J11': 32, 'J12': 20, 'J13': 25, 'cluster3106249630_3106249631_J60_J61_#5more': 36}, {'J10': 18, 'J11': 54, 'J12': 82, 'J13': 32, 'cluster3106249630_3106249631_J60_J61_#5more': 83}, 
4850.0, {'J10': -134217.0, 'J11': -469035.5, 'J12': -284116.0, 'J13': -69364.0, 'cluster3106249630_3106249631_J60_J61_#5more': -499302.0}, {'J10': 13, 'J11': 32, 'J12': 20, 'J13': 28, 'cluster3106249630_3106249631_J60_J61_#5more': 36}, {'J10': 18, 'J11': 54, 'J12': 82, 'J13': 35, 'cluster3106249630_3106249631_J60_J61_#5more': 83}, 
4855.0, {'J10': -134397.0, 'J11': -469575.5, 'J12': -284944.5, 'J13': -69714.0, 'cluster3106249630_3106249631_J60_J61_#5more': -500132.0}, {'J10': 13, 'J11': 32, 'J12': 20, 'J13': 28, 'cluster3106249630_3106249631_J60_J61_#5more': 36}, {'J10': 18, 'J11': 54, 'J12': 84, 'J13': 35, 'cluster3106249630_3106249631_J60_J61_#5more': 83}, 
4860.0, {'J10': -134577.0, 'J11': -470115.5, 'J12': -285784.5, 'J13': -70064.0, 'cluster3106249630_3106249631_J60_J61_#5more': -500962.0}, {'J10': 13, 'J11': 32, 'J12': 20, 'J13': 28, 'cluster3106249630_3106249631_J60_J61_#5more': 36}, {'J10': 18, 'J11': 54, 'J12': 84, 'J13': 35, 'cluster3106249630_3106249631_J60_J61_#5more': 83}, 
4865.0, {'J10': -134757.0, 'J11': -470655.5, 'J12': -285296.0, 'J13': -70414.0, 'cluster3106249630_3106249631_J60_J61_#5more': -501792.0}, {'J10': 13, 'J11': 32, 'J12': 20, 'J13': 28, 'cluster3106249630_3106249631_J60_J61_#5more': 36}, {'J10': 18, 'J11': 54, 'J12': 80, 'J13': 35, 'cluster3106249630_3106249631_J60_J61_#5more': 83}, 
4870.0, {'J10': -134937.0, 'J11': -471195.5, 'J12': -285722.0, 'J13': -70764.0, 'cluster3106249630_3106249631_J60_J61_#5more': -502622.0}, {'J10': 13, 'J11': 32, 'J12': 20, 'J13': 28, 'cluster3106249630_3106249631_J60_J61_#5more': 36}, {'J10': 18, 'J11': 54, 'J12': 79, 'J13': 35, 'cluster3106249630_3106249631_J60_J61_#5more': 83}, 
4875.0, {'J10': -135117.0, 'J11': -471735.5, 'J12': -286521.5, 'J13': -71114.0, 'cluster3106249630_3106249631_J60_J61_#5more': -502949.5}, {'J10': 13, 'J11': 32, 'J12': 20, 'J13': 28, 'cluster3106249630_3106249631_J60_J61_#5more': 36}, {'J10': 18, 'J11': 54, 'J12': 83, 'J13': 35, 'cluster3106249630_3106249631_J60_J61_#5more': 82}, 
4880.0, {'J10': -135297.0, 'J11': -472275.5, 'J12': -287359.5, 'J13': -71464.0, 'cluster3106249630_3106249631_J60_J61_#5more': -503769.5}, {'J10': 13, 'J11': 32, 'J12': 20, 'J13': 28, 'cluster3106249630_3106249631_J60_J61_#5more': 36}, {'J10': 18, 'J11': 54, 'J12': 85, 'J13': 35, 'cluster3106249630_3106249631_J60_J61_#5more': 82}, 
4885.0, {'J10': -135477.0, 'J11': -472815.5, 'J12': -287744.0, 'J13': -71814.0, 'cluster3106249630_3106249631_J60_J61_#5more': -504591.5}, {'J10': 13, 'J11': 32, 'J12': 20, 'J13': 28, 'cluster3106249630_3106249631_J60_J61_#5more': 36}, {'J10': 18, 'J11': 54, 'J12': 85, 'J13': 35, 'cluster3106249630_3106249631_J60_J61_#5more': 83}, 
4890.0, {'J10': -135657.0, 'J11': -473355.5, 'J12': -288389.5, 'J13': -70316.0, 'cluster3106249630_3106249631_J60_J61_#5more': -505421.5}, {'J10': 13, 'J11': 32, 'J12': 20, 'J13': 26, 'cluster3106249630_3106249631_J60_J61_#5more': 36}, {'J10': 18, 'J11': 54, 'J12': 84, 'J13': 33, 'cluster3106249630_3106249631_J60_J61_#5more': 83}, 
4895.0, {'J10': -135837.0, 'J11': -473895.5, 'J12': -289229.5, 'J13': -69773.5, 'cluster3106249630_3106249631_J60_J61_#5more': -506251.5}, {'J10': 13, 'J11': 32, 'J12': 20, 'J13': 25, 'cluster3106249630_3106249631_J60_J61_#5more': 36}, {'J10': 18, 'J11': 54, 'J12': 84, 'J13': 32, 'cluster3106249630_3106249631_J60_J61_#5more': 83}, 
4900.0, {'J10': -136017.0, 'J11': -474435.5, 'J12': -290069.5, 'J13': -70093.5, 'cluster3106249630_3106249631_J60_J61_#5more': -507081.5}, {'J10': 13, 'J11': 32, 'J12': 20, 'J13': 25, 'cluster3106249630_3106249631_J60_J61_#5more': 36}, {'J10': 18, 'J11': 54, 'J12': 84, 'J13': 32, 'cluster3106249630_3106249631_J60_J61_#5more': 83}, 
4905.0, {'J10': -136197.0, 'J11': -474975.5, 'J12': -290909.5, 'J13': -70413.5, 'cluster3106249630_3106249631_J60_J61_#5more': -507911.5}, {'J10': 13, 'J11': 32, 'J12': 20, 'J13': 25, 'cluster3106249630_3106249631_J60_J61_#5more': 36}, {'J10': 18, 'J11': 54, 'J12': 84, 'J13': 32, 'cluster3106249630_3106249631_J60_J61_#5more': 83}, 
4910.0, {'J10': -136377.0, 'J11': -475515.5, 'J12': -291749.5, 'J13': -70736.0, 'cluster3106249630_3106249631_J60_J61_#5more': -508741.5}, {'J10': 13, 'J11': 32, 'J12': 20, 'J13': 27, 'cluster3106249630_3106249631_J60_J61_#5more': 36}, {'J10': 18, 'J11': 54, 'J12': 84, 'J13': 34, 'cluster3106249630_3106249631_J60_J61_#5more': 83}, 
4915.0, {'J10': -136557.0, 'J11': -476055.5, 'J12': -292589.5, 'J13': -71079.0, 'cluster3106249630_3106249631_J60_J61_#5more': -509571.5}, {'J10': 13, 'J11': 32, 'J12': 20, 'J13': 28, 'cluster3106249630_3106249631_J60_J61_#5more': 36}, {'J10': 18, 'J11': 54, 'J12': 84, 'J13': 35, 'cluster3106249630_3106249631_J60_J61_#5more': 83}, 
4920.0, {'J10': -136737.0, 'J11': -476595.5, 'J12': -293429.5, 'J13': -71429.0, 'cluster3106249630_3106249631_J60_J61_#5more': -510401.5}, {'J10': 13, 'J11': 32, 'J12': 20, 'J13': 28, 'cluster3106249630_3106249631_J60_J61_#5more': 36}, {'J10': 18, 'J11': 54, 'J12': 84, 'J13': 35, 'cluster3106249630_3106249631_J60_J61_#5more': 83}, 
4925.0, {'J10': -136917.0, 'J11': -477135.5, 'J12': -294269.5, 'J13': -71779.0, 'cluster3106249630_3106249631_J60_J61_#5more': -511231.5}, {'J10': 13, 'J11': 32, 'J12': 20, 'J13': 28, 'cluster3106249630_3106249631_J60_J61_#5more': 36}, {'J10': 18, 'J11': 54, 'J12': 84, 'J13': 35, 'cluster3106249630_3106249631_J60_J61_#5more': 83}, 
4930.0, {'J10': -137097.0, 'J11': -477675.5, 'J12': -290478.5, 'J13': -72129.0, 'cluster3106249630_3106249631_J60_J61_#5more': -512061.5}, {'J10': 13, 'J11': 32, 'J12': 20, 'J13': 28, 'cluster3106249630_3106249631_J60_J61_#5more': 36}, {'J10': 18, 'J11': 54, 'J12': 77, 'J13': 35, 'cluster3106249630_3106249631_J60_J61_#5more': 83}, 
4935.0, {'J10': -137277.0, 'J11': -478215.5, 'J12': -291248.5, 'J13': -72479.0, 'cluster3106249630_3106249631_J60_J61_#5more': -512398.5}, {'J10': 13, 'J11': 32, 'J12': 20, 'J13': 28, 'cluster3106249630_3106249631_J60_J61_#5more': 36}, {'J10': 18, 'J11': 54, 'J12': 77, 'J13': 35, 'cluster3106249630_3106249631_J60_J61_#5more': 82}, 
4940.0, {'J10': -137457.0, 'J11': -478755.5, 'J12': -292019.0, 'J13': -72829.0, 'cluster3106249630_3106249631_J60_J61_#5more': -512717.0}, {'J10': 13, 'J11': 32, 'J12': 20, 'J13': 28, 'cluster3106249630_3106249631_J60_J61_#5more': 36}, {'J10': 18, 'J11': 54, 'J12': 78, 'J13': 35, 'cluster3106249630_3106249631_J60_J61_#5more': 81}, 
4945.0, {'J10': -137637.0, 'J11': -479295.5, 'J12': -292813.5, 'J13': -73179.0, 'cluster3106249630_3106249631_J60_J61_#5more': -513527.0}, {'J10': 13, 'J11': 32, 'J12': 20, 'J13': 28, 'cluster3106249630_3106249631_J60_J61_#5more': 36}, {'J10': 18, 'J11': 54, 'J12': 82, 'J13': 35, 'cluster3106249630_3106249631_J60_J61_#5more': 81}, 
4950.0, {'J10': -137817.0, 'J11': -479835.5, 'J12': -292488.0, 'J13': -73529.0, 'cluster3106249630_3106249631_J60_J61_#5more': -514343.0}, {'J10': 13, 'J11': 32, 'J12': 20, 'J13': 28, 'cluster3106249630_3106249631_J60_J61_#5more': 36}, {'J10': 18, 'J11': 54, 'J12': 80, 'J13': 35, 'cluster3106249630_3106249631_J60_J61_#5more': 83}, 
4955.0, {'J10': -137997.0, 'J11': -480375.5, 'J12': -292652.5, 'J13': -72029.0, 'cluster3106249630_3106249631_J60_J61_#5more': -515173.0}, {'J10': 13, 'J11': 32, 'J12': 20, 'J13': 26, 'cluster3106249630_3106249631_J60_J61_#5more': 36}, {'J10': 18, 'J11': 54, 'J12': 78, 'J13': 33, 'cluster3106249630_3106249631_J60_J61_#5more': 83}, 
4960.0, {'J10': -138177.0, 'J11': -480915.5, 'J12': -292478.0, 'J13': -71485.0, 'cluster3106249630_3106249631_J60_J61_#5more': -516003.0}, {'J10': 13, 'J11': 32, 'J12': 20, 'J13': 25, 'cluster3106249630_3106249631_J60_J61_#5more': 36}, {'J10': 18, 'J11': 54, 'J12': 76, 'J13': 32, 'cluster3106249630_3106249631_J60_J61_#5more': 83}, 
4965.0, {'J10': -138357.0, 'J11': -481455.5, 'J12': -292563.5, 'J13': -71805.0, 'cluster3106249630_3106249631_J60_J61_#5more': -516833.0}, {'J10': 13, 'J11': 32, 'J12': 20, 'J13': 25, 'cluster3106249630_3106249631_J60_J61_#5more': 36}, {'J10': 18, 'J11': 54, 'J12': 74, 'J13': 32, 'cluster3106249630_3106249631_J60_J61_#5more': 83}, 
4970.0, {'J10': -138537.0, 'J11': -481995.5, 'J12': -293307.5, 'J13': -72125.0, 'cluster3106249630_3106249631_J60_J61_#5more': -511031.0}, {'J10': 13, 'J11': 32, 'J12': 20, 'J13': 25, 'cluster3106249630_3106249631_J60_J61_#5more': 36}, {'J10': 18, 'J11': 54, 'J12': 75, 'J13': 32, 'cluster3106249630_3106249631_J60_J61_#5more': 82}, 
4975.0, {'J10': -138717.0, 'J11': -482535.5, 'J12': -294058.5, 'J13': -72445.0, 'cluster3106249630_3106249631_J60_J61_#5more': -511851.0}, {'J10': 13, 'J11': 32, 'J12': 20, 'J13': 25, 'cluster3106249630_3106249631_J60_J61_#5more': 36}, {'J10': 18, 'J11': 54, 'J12': 77, 'J13': 32, 'cluster3106249630_3106249631_J60_J61_#5more': 82}, 
4980.0, {'J10': -138897.0, 'J11': -483075.5, 'J12': -294831.5, 'J13': -72775.0, 'cluster3106249630_3106249631_J60_J61_#5more': -512807.5}, {'J10': 13, 'J11': 32, 'J12': 20, 'J13': 28, 'cluster3106249630_3106249631_J60_J61_#5more': 36}, {'J10': 18, 'J11': 54, 'J12': 79, 'J13': 35, 'cluster3106249630_3106249631_J60_J61_#5more': 83}, 
4985.0, {'J10': -139077.0, 'J11': -483615.5, 'J12': -295627.5, 'J13': -73125.0, 'cluster3106249630_3106249631_J60_J61_#5more': -513637.5}, {'J10': 13, 'J11': 32, 'J12': 20, 'J13': 28, 'cluster3106249630_3106249631_J60_J61_#5more': 36}, {'J10': 18, 'J11': 54, 'J12': 82, 'J13': 35, 'cluster3106249630_3106249631_J60_J61_#5more': 83}, 
4990.0, {'J10': -139257.0, 'J11': -484155.5, 'J12': -296447.5, 'J13': -73475.0, 'cluster3106249630_3106249631_J60_J61_#5more': -514468.0}, {'J10': 13, 'J11': 32, 'J12': 20, 'J13': 28, 'cluster3106249630_3106249631_J60_J61_#5more': 36}, {'J10': 18, 'J11': 54, 'J12': 82, 'J13': 35, 'cluster3106249630_3106249631_J60_J61_#5more': 84}, 
4995.0, {'J10': -139437.0, 'J11': -484696.0, 'J12': -295804.5, 'J13': -73825.0, 'cluster3106249630_3106249631_J60_J61_#5more': -515308.0}, {'J10': 13, 'J11': 32, 'J12': 20, 'J13': 28, 'cluster3106249630_3106249631_J60_J61_#5more': 36}, {'J10': 18, 'J11': 55, 'J12': 78, 'J13': 35, 'cluster3106249630_3106249631_J60_J61_#5more': 84}, 
5000.0, {'J10': -139617.0, 'J11': -485246.0, 'J12': -296211.0, 'J13': -74175.0, 'cluster3106249630_3106249631_J60_J61_#5more': -515654.0}, {'J10': 13, 'J11': 32, 'J12': 20, 'J13': 28, 'cluster3106249630_3106249631_J60_J61_#5more': 36}, {'J10': 18, 'J11': 55, 'J12': 77, 'J13': 35, 'cluster3106249630_3106249631_J60_J61_#5more': 83}, 
5005.0, {'J10': -139797.0, 'J11': -485778.0, 'J12': -296990.5, 'J13': -74525.0, 'cluster3106249630_3106249631_J60_J61_#5more': -515981.5}, {'J10': 13, 'J11': 32, 'J12': 20, 'J13': 28, 'cluster3106249630_3106249631_J60_J61_#5more': 36}, {'J10': 18, 'J11': 55, 'J12': 81, 'J13': 35, 'cluster3106249630_3106249631_J60_J61_#5more': 82}, 
5010.0, {'J10': -139977.0, 'J11': -486315.5, 'J12': -297808.5, 'J13': -74875.0, 'cluster3106249630_3106249631_J60_J61_#5more': -516801.5}, {'J10': 13, 'J11': 32, 'J12': 20, 'J13': 28, 'cluster3106249630_3106249631_J60_J61_#5more': 36}, {'J10': 18, 'J11': 54, 'J12': 83, 'J13': 35, 'cluster3106249630_3106249631_J60_J61_#5more': 82}, 
5015.0, {'J10': -140157.0, 'J11': -486855.5, 'J12': -298048.0, 'J13': -75225.0, 'cluster3106249630_3106249631_J60_J61_#5more': -513975.0}, {'J10': 13, 'J11': 32, 'J12': 20, 'J13': 28, 'cluster3106249630_3106249631_J60_J61_#5more': 36}, {'J10': 18, 'J11': 54, 'J12': 83, 'J13': 35, 'cluster3106249630_3106249631_J60_J61_#5more': 83}, 
5020.0, {'J10': -140337.0, 'J11': -487395.5, 'J12': -298037.5, 'J13': -73598.0, 'cluster3106249630_3106249631_J60_J61_#5more': -508120.5}, {'J10': 13, 'J11': 32, 'J12': 20, 'J13': 26, 'cluster3106249630_3106249631_J60_J61_#5more': 36}, {'J10': 18, 'J11': 54, 'J12': 82, 'J13': 33, 'cluster3106249630_3106249631_J60_J61_#5more': 82}, 
5025.0, {'J10': -140517.0, 'J11': -487935.5, 'J12': -298857.5, 'J13': -72050.0, 'cluster3106249630_3106249631_J60_J61_#5more': -508940.5}, {'J10': 13, 'J11': 32, 'J12': 20, 'J13': 24, 'cluster3106249630_3106249631_J60_J61_#5more': 36}, {'J10': 18, 'J11': 54, 'J12': 82, 'J13': 31, 'cluster3106249630_3106249631_J60_J61_#5more': 82}, 
5030.0, {'J10': -140697.0, 'J11': -488475.5, 'J12': -299677.5, 'J13': -72360.0, 'cluster3106249630_3106249631_J60_J61_#5more': -509760.5}, {'J10': 13, 'J11': 32, 'J12': 20, 'J13': 24, 'cluster3106249630_3106249631_J60_J61_#5more': 36}, {'J10': 18, 'J11': 54, 'J12': 82, 'J13': 31, 'cluster3106249630_3106249631_J60_J61_#5more': 82}, 
5035.0, {'J10': -140877.0, 'J11': -489015.5, 'J12': -300504.5, 'J13': -72670.0, 'cluster3106249630_3106249631_J60_J61_#5more': -510580.5}, {'J10': 13, 'J11': 32, 'J12': 20, 'J13': 24, 'cluster3106249630_3106249631_J60_J61_#5more': 36}, {'J10': 18, 'J11': 54, 'J12': 84, 'J13': 31, 'cluster3106249630_3106249631_J60_J61_#5more': 82}, 
5040.0, {'J10': -141057.0, 'J11': -489555.5, 'J12': -301344.5, 'J13': -72981.0, 'cluster3106249630_3106249631_J60_J61_#5more': -511401.5}, {'J10': 13, 'J11': 32, 'J12': 20, 'J13': 25, 'cluster3106249630_3106249631_J60_J61_#5more': 36}, {'J10': 18, 'J11': 54, 'J12': 84, 'J13': 32, 'cluster3106249630_3106249631_J60_J61_#5more': 84}, 
5045.0, {'J10': -141237.0, 'J11': -490095.5, 'J12': -302184.5, 'J13': -73311.0, 'cluster3106249630_3106249631_J60_J61_#5more': -512241.5}, {'J10': 13, 'J11': 32, 'J12': 20, 'J13': 28, 'cluster3106249630_3106249631_J60_J61_#5more': 36}, {'J10': 18, 'J11': 54, 'J12': 84, 'J13': 35, 'cluster3106249630_3106249631_J60_J61_#5more': 84}, 
5050.0, {'J10': -141417.0, 'J11': -490635.5, 'J12': -303024.5, 'J13': -73661.0, 'cluster3106249630_3106249631_J60_J61_#5more': -513081.5}, {'J10': 13, 'J11': 32, 'J12': 20, 'J13': 28, 'cluster3106249630_3106249631_J60_J61_#5more': 36}, {'J10': 18, 'J11': 54, 'J12': 84, 'J13': 35, 'cluster3106249630_3106249631_J60_J61_#5more': 84}, 
5055.0, {'J10': -141597.0, 'J11': -491175.5, 'J12': -303864.5, 'J13': -74011.0, 'cluster3106249630_3106249631_J60_J61_#5more': -513921.5}, {'J10': 13, 'J11': 32, 'J12': 20, 'J13': 28, 'cluster3106249630_3106249631_J60_J61_#5more': 36}, {'J10': 18, 'J11': 54, 'J12': 84, 'J13': 35, 'cluster3106249630_3106249631_J60_J61_#5more': 84}, 
5060.0, {'J10': -141777.0, 'J11': -491715.5, 'J12': -300292.5, 'J13': -74361.0, 'cluster3106249630_3106249631_J60_J61_#5more': -514761.5}, {'J10': 13, 'J11': 32, 'J12': 20, 'J13': 28, 'cluster3106249630_3106249631_J60_J61_#5more': 36}, {'J10': 18, 'J11': 54, 'J12': 78, 'J13': 35, 'cluster3106249630_3106249631_J60_J61_#5more': 84}, 
5065.0, {'J10': -141957.0, 'J11': -492255.5, 'J12': -300698.5, 'J13': -74711.0, 'cluster3106249630_3106249631_J60_J61_#5more': -515601.5}, {'J10': 13, 'J11': 32, 'J12': 20, 'J13': 28, 'cluster3106249630_3106249631_J60_J61_#5more': 36}, {'J10': 18, 'J11': 54, 'J12': 77, 'J13': 35, 'cluster3106249630_3106249631_J60_J61_#5more': 84}, 
5070.0, {'J10': -142137.0, 'J11': -492795.5, 'J12': -301469.5, 'J13': -75061.0, 'cluster3106249630_3106249631_J60_J61_#5more': -516441.5}, {'J10': 13, 'J11': 32, 'J12': 20, 'J13': 28, 'cluster3106249630_3106249631_J60_J61_#5more': 36}, {'J10': 18, 'J11': 54, 'J12': 79, 'J13': 35, 'cluster3106249630_3106249631_J60_J61_#5more': 84}, 
5075.0, {'J10': -142317.0, 'J11': -493335.5, 'J12': -302271.0, 'J13': -75411.0, 'cluster3106249630_3106249631_J60_J61_#5more': -517281.5}, {'J10': 13, 'J11': 32, 'J12': 20, 'J13': 28, 'cluster3106249630_3106249631_J60_J61_#5more': 36}, {'J10': 18, 'J11': 54, 'J12': 82, 'J13': 35, 'cluster3106249630_3106249631_J60_J61_#5more': 84}, 
5080.0, {'J10': -142497.0, 'J11': -493875.5, 'J12': -302636.0, 'J13': -75761.0, 'cluster3106249630_3106249631_J60_J61_#5more': -518121.5}, {'J10': 13, 'J11': 32, 'J12': 20, 'J13': 28, 'cluster3106249630_3106249631_J60_J61_#5more': 36}, {'J10': 18, 'J11': 54, 'J12': 81, 'J13': 35, 'cluster3106249630_3106249631_J60_J61_#5more': 84}, 
5085.0, {'J10': -142677.0, 'J11': -494415.5, 'J12': -303446.0, 'J13': -74123.0, 'cluster3106249630_3106249631_J60_J61_#5more': -518961.5}, {'J10': 13, 'J11': 32, 'J12': 20, 'J13': 26, 'cluster3106249630_3106249631_J60_J61_#5more': 36}, {'J10': 18, 'J11': 54, 'J12': 81, 'J13': 33, 'cluster3106249630_3106249631_J60_J61_#5more': 84}, 
5090.0, {'J10': -142857.0, 'J11': -494955.5, 'J12': -304256.0, 'J13': -72585.0, 'cluster3106249630_3106249631_J60_J61_#5more': -516000.5}, {'J10': 13, 'J11': 32, 'J12': 20, 'J13': 24, 'cluster3106249630_3106249631_J60_J61_#5more': 36}, {'J10': 18, 'J11': 54, 'J12': 81, 'J13': 31, 'cluster3106249630_3106249631_J60_J61_#5more': 83}, 
5095.0, {'J10': -143037.0, 'J11': -495495.5, 'J12': -305066.0, 'J13': -72895.0, 'cluster3106249630_3106249631_J60_J61_#5more': -510120.0}, {'J10': 13, 'J11': 32, 'J12': 20, 'J13': 24, 'cluster3106249630_3106249631_J60_J61_#5more': 36}, {'J10': 18, 'J11': 54, 'J12': 81, 'J13': 31, 'cluster3106249630_3106249631_J60_J61_#5more': 82}, 
5100.0, {'J10': -143217.0, 'J11': -496035.5, 'J12': -305876.0, 'J13': -73205.0, 'cluster3106249630_3106249631_J60_J61_#5more': -510940.0}, {'J10': 13, 'J11': 32, 'J12': 20, 'J13': 24, 'cluster3106249630_3106249631_J60_J61_#5more': 36}, {'J10': 18, 'J11': 54, 'J12': 81, 'J13': 31, 'cluster3106249630_3106249631_J60_J61_#5more': 82}, 
5105.0, {'J10': -143397.0, 'J11': -496575.5, 'J12': -306696.0, 'J13': -73516.0, 'cluster3106249630_3106249631_J60_J61_#5more': -511760.0}, {'J10': 13, 'J11': 32, 'J12': 20, 'J13': 25, 'cluster3106249630_3106249631_J60_J61_#5more': 36}, {'J10': 18, 'J11': 54, 'J12': 83, 'J13': 32, 'cluster3106249630_3106249631_J60_J61_#5more': 82}, 
5110.0, {'J10': -143577.0, 'J11': -497115.5, 'J12': -307526.0, 'J13': -73846.0, 'cluster3106249630_3106249631_J60_J61_#5more': -512580.0}, {'J10': 13, 'J11': 32, 'J12': 20, 'J13': 28, 'cluster3106249630_3106249631_J60_J61_#5more': 36}, {'J10': 18, 'J11': 54, 'J12': 83, 'J13': 35, 'cluster3106249630_3106249631_J60_J61_#5more': 82}, 
5115.0, {'J10': -143757.0, 'J11': -497655.5, 'J12': -308356.0, 'J13': -74196.0, 'cluster3106249630_3106249631_J60_J61_#5more': -513402.0}, {'J10': 13, 'J11': 32, 'J12': 20, 'J13': 28, 'cluster3106249630_3106249631_J60_J61_#5more': 36}, {'J10': 18, 'J11': 54, 'J12': 83, 'J13': 35, 'cluster3106249630_3106249631_J60_J61_#5more': 84}, 
5120.0, {'J10': -143937.0, 'J11': -498195.5, 'J12': -309186.0, 'J13': -74546.0, 'cluster3106249630_3106249631_J60_J61_#5more': -514242.0}, {'J10': 13, 'J11': 32, 'J12': 20, 'J13': 28, 'cluster3106249630_3106249631_J60_J61_#5more': 36}, {'J10': 18, 'J11': 54, 'J12': 83, 'J13': 35, 'cluster3106249630_3106249631_J60_J61_#5more': 84}, 
5125.0, {'J10': -144117.0, 'J11': -498735.5, 'J12': -308191.0, 'J13': -74896.0, 'cluster3106249630_3106249631_J60_J61_#5more': -515082.0}, {'J10': 13, 'J11': 32, 'J12': 20, 'J13': 28, 'cluster3106249630_3106249631_J60_J61_#5more': 36}, {'J10': 18, 'J11': 54, 'J12': 78, 'J13': 35, 'cluster3106249630_3106249631_J60_J61_#5more': 84}, 
5130.0, {'J10': -144297.0, 'J11': -499275.5, 'J12': -308971.0, 'J13': -75246.0, 'cluster3106249630_3106249631_J60_J61_#5more': -514805.5}, {'J10': 13, 'J11': 32, 'J12': 20, 'J13': 28, 'cluster3106249630_3106249631_J60_J61_#5more': 36}, {'J10': 18, 'J11': 54, 'J12': 78, 'J13': 35, 'cluster3106249630_3106249631_J60_J61_#5more': 82}, 
5135.0, {'J10': -144477.0, 'J11': -499815.5, 'J12': -309760.5, 'J13': -75596.0, 'cluster3106249630_3106249631_J60_J61_#5more': -515625.5}, {'J10': 13, 'J11': 32, 'J12': 20, 'J13': 28, 'cluster3106249630_3106249631_J60_J61_#5more': 36}, {'J10': 18, 'J11': 54, 'J12': 82, 'J13': 35, 'cluster3106249630_3106249631_J60_J61_#5more': 82}, 
5140.0, {'J10': -144657.0, 'J11': -500355.5, 'J12': -310588.5, 'J13': -75946.0, 'cluster3106249630_3106249631_J60_J61_#5more': -516445.5}, {'J10': 13, 'J11': 32, 'J12': 20, 'J13': 28, 'cluster3106249630_3106249631_J60_J61_#5more': 36}, {'J10': 18, 'J11': 54, 'J12': 84, 'J13': 35, 'cluster3106249630_3106249631_J60_J61_#5more': 82}, 
5145.0, {'J10': -144837.0, 'J11': -500895.5, 'J12': -310580.5, 'J13': -76296.0, 'cluster3106249630_3106249631_J60_J61_#5more': -517272.0}, {'J10': 13, 'J11': 32, 'J12': 20, 'J13': 28, 'cluster3106249630_3106249631_J60_J61_#5more': 36}, {'J10': 18, 'J11': 54, 'J12': 84, 'J13': 35, 'cluster3106249630_3106249631_J60_J61_#5more': 84}, 
5150.0, {'J10': -145017.0, 'J11': -501435.5, 'J12': -310540.0, 'J13': -74669.0, 'cluster3106249630_3106249631_J60_J61_#5more': -518112.0}, {'J10': 13, 'J11': 32, 'J12': 20, 'J13': 26, 'cluster3106249630_3106249631_J60_J61_#5more': 36}, {'J10': 18, 'J11': 54, 'J12': 83, 'J13': 33, 'cluster3106249630_3106249631_J60_J61_#5more': 84}, 
5155.0, {'J10': -145197.0, 'J11': -501975.5, 'J12': -311370.0, 'J13': -74999.0, 'cluster3106249630_3106249631_J60_J61_#5more': -518952.0}, {'J10': 13, 'J11': 32, 'J12': 20, 'J13': 26, 'cluster3106249630_3106249631_J60_J61_#5more': 36}, {'J10': 18, 'J11': 54, 'J12': 83, 'J13': 33, 'cluster3106249630_3106249631_J60_J61_#5more': 84}, 
5160.0, {'J10': -145377.0, 'J11': -502515.5, 'J12': -312200.0, 'J13': -75329.0, 'cluster3106249630_3106249631_J60_J61_#5more': -519792.0}, {'J10': 13, 'J11': 32, 'J12': 20, 'J13': 26, 'cluster3106249630_3106249631_J60_J61_#5more': 36}, {'J10': 18, 'J11': 54, 'J12': 83, 'J13': 33, 'cluster3106249630_3106249631_J60_J61_#5more': 84}, 
5165.0, {'J10': -145557.0, 'J11': -503055.5, 'J12': -310870.0, 'J13': -75659.0, 'cluster3106249630_3106249631_J60_J61_#5more': -520632.0}, {'J10': 13, 'J11': 32, 'J12': 20, 'J13': 26, 'cluster3106249630_3106249631_J60_J61_#5more': 36}, {'J10': 18, 'J11': 54, 'J12': 81, 'J13': 33, 'cluster3106249630_3106249631_J60_J61_#5more': 84}, 
5170.0, {'J10': -145737.0, 'J11': -503595.5, 'J12': -310396.5, 'J13': -75991.0, 'cluster3106249630_3106249631_J60_J61_#5more': -521472.0}, {'J10': 13, 'J11': 32, 'J12': 20, 'J13': 28, 'cluster3106249630_3106249631_J60_J61_#5more': 36}, {'J10': 18, 'J11': 54, 'J12': 79, 'J13': 35, 'cluster3106249630_3106249631_J60_J61_#5more': 84}, 
5175.0, {'J10': -145917.0, 'J11': -504135.5, 'J12': -310796.0, 'J13': -76341.0, 'cluster3106249630_3106249631_J60_J61_#5more': -522312.0}, {'J10': 13, 'J11': 32, 'J12': 20, 'J13': 28, 'cluster3106249630_3106249631_J60_J61_#5more': 36}, {'J10': 18, 'J11': 54, 'J12': 78, 'J13': 35, 'cluster3106249630_3106249631_J60_J61_#5more': 84}, 
5180.0, {'J10': -146097.0, 'J11': -504675.5, 'J12': -311576.0, 'J13': -76691.0, 'cluster3106249630_3106249631_J60_J61_#5more': -523152.0}, {'J10': 13, 'J11': 32, 'J12': 20, 'J13': 28, 'cluster3106249630_3106249631_J60_J61_#5more': 36}, {'J10': 18, 'J11': 54, 'J12': 78, 'J13': 35, 'cluster3106249630_3106249631_J60_J61_#5more': 84}, 
5185.0, {'J10': -146277.0, 'J11': -505215.5, 'J12': -312362.0, 'J13': -77041.0, 'cluster3106249630_3106249631_J60_J61_#5more': -523992.0}, {'J10': 13, 'J11': 32, 'J12': 20, 'J13': 28, 'cluster3106249630_3106249631_J60_J61_#5more': 36}, {'J10': 18, 'J11': 54, 'J12': 81, 'J13': 35, 'cluster3106249630_3106249631_J60_J61_#5more': 84}, 
5190.0, {'J10': -146457.0, 'J11': -505755.5, 'J12': -308276.5, 'J13': -77391.0, 'cluster3106249630_3106249631_J60_J61_#5more': -524832.0}, {'J10': 13, 'J11': 32, 'J12': 20, 'J13': 28, 'cluster3106249630_3106249631_J60_J61_#5more': 36}, {'J10': 18, 'J11': 54, 'J12': 75, 'J13': 35, 'cluster3106249630_3106249631_J60_J61_#5more': 84}, 
5195.0, {'J10': -146637.0, 'J11': -506295.5, 'J12': -309026.5, 'J13': -77741.0, 'cluster3106249630_3106249631_J60_J61_#5more': -522147.5}, {'J10': 13, 'J11': 32, 'J12': 20, 'J13': 28, 'cluster3106249630_3106249631_J60_J61_#5more': 36}, {'J10': 18, 'J11': 54, 'J12': 75, 'J13': 35, 'cluster3106249630_3106249631_J60_J61_#5more': 83}, 
5200.0, {'J10': -146817.0, 'J11': -506835.5, 'J12': -309777.5, 'J13': -78091.0, 'cluster3106249630_3106249631_J60_J61_#5more': -513043.0}, {'J10': 13, 'J11': 32, 'J12': 20, 'J13': 28, 'cluster3106249630_3106249631_J60_J61_#5more': 36}, {'J10': 18, 'J11': 54, 'J12': 77, 'J13': 35, 'cluster3106249630_3106249631_J60_J61_#5more': 81}, 
5205.0, {'J10': -146997.0, 'J11': -507375.5, 'J12': -310559.0, 'J13': -78441.0, 'cluster3106249630_3106249631_J60_J61_#5more': -513943.5}, {'J10': 13, 'J11': 32, 'J12': 20, 'J13': 28, 'cluster3106249630_3106249631_J60_J61_#5more': 36}, {'J10': 18, 'J11': 54, 'J12': 80, 'J13': 35, 'cluster3106249630_3106249631_J60_J61_#5more': 82}, 
5210.0, {'J10': -147177.0, 'J11': -507915.5, 'J12': -311359.0, 'J13': -78791.0, 'cluster3106249630_3106249631_J60_J61_#5more': -514763.5}, {'J10': 13, 'J11': 32, 'J12': 20, 'J13': 28, 'cluster3106249630_3106249631_J60_J61_#5more': 36}, {'J10': 18, 'J11': 54, 'J12': 80, 'J13': 35, 'cluster3106249630_3106249631_J60_J61_#5more': 82}, 
5215.0, {'J10': -147357.0, 'J11': -508455.5, 'J12': -312159.0, 'J13': -76162.5, 'cluster3106249630_3106249631_J60_J61_#5more': -515583.5}, {'J10': 13, 'J11': 32, 'J12': 20, 'J13': 25, 'cluster3106249630_3106249631_J60_J61_#5more': 36}, {'J10': 18, 'J11': 54, 'J12': 80, 'J13': 32, 'cluster3106249630_3106249631_J60_J61_#5more': 82}, 
5220.0, {'J10': -147537.0, 'J11': -508995.5, 'J12': -312113.0, 'J13': -75359.0, 'cluster3106249630_3106249631_J60_J61_#5more': -516403.5}, {'J10': 13, 'J11': 32, 'J12': 20, 'J13': 24, 'cluster3106249630_3106249631_J60_J61_#5more': 36}, {'J10': 18, 'J11': 54, 'J12': 78, 'J13': 31, 'cluster3106249630_3106249631_J60_J61_#5more': 82}, 
5225.0, {'J10': -147717.0, 'J11': -509535.5, 'J12': -312144.0, 'J13': -75669.0, 'cluster3106249630_3106249631_J60_J61_#5more': -517227.5}, {'J10': 13, 'J11': 32, 'J12': 20, 'J13': 24, 'cluster3106249630_3106249631_J60_J61_#5more': 36}, {'J10': 18, 'J11': 54, 'J12': 75, 'J13': 31, 'cluster3106249630_3106249631_J60_J61_#5more': 83}, 
5230.0, {'J10': -147897.0, 'J11': -510075.5, 'J12': -312711.5, 'J13': -75979.0, 'cluster3106249630_3106249631_J60_J61_#5more': -518057.5}, {'J10': 13, 'J11': 32, 'J12': 20, 'J13': 24, 'cluster3106249630_3106249631_J60_J61_#5more': 36}, {'J10': 18, 'J11': 54, 'J12': 74, 'J13': 31, 'cluster3106249630_3106249631_J60_J61_#5more': 83}, 
5235.0, {'J10': -148077.0, 'J11': -510615.5, 'J12': -313261.5, 'J13': -76289.0, 'cluster3106249630_3106249631_J60_J61_#5more': -518887.5}, {'J10': 13, 'J11': 32, 'J12': 20, 'J13': 24, 'cluster3106249630_3106249631_J60_J61_#5more': 36}, {'J10': 18, 'J11': 54, 'J12': 74, 'J13': 31, 'cluster3106249630_3106249631_J60_J61_#5more': 83}, 
5240.0, {'J10': -148257.0, 'J11': -511155.5, 'J12': -314001.5, 'J13': -76609.0, 'cluster3106249630_3106249631_J60_J61_#5more': -519717.5}, {'J10': 13, 'J11': 32, 'J12': 20, 'J13': 27, 'cluster3106249630_3106249631_J60_J61_#5more': 36}, {'J10': 18, 'J11': 54, 'J12': 74, 'J13': 34, 'cluster3106249630_3106249631_J60_J61_#5more': 83}, 
5245.0, {'J10': -148437.0, 'J11': -511695.5, 'J12': -314741.5, 'J13': -76953.5, 'cluster3106249630_3106249631_J60_J61_#5more': -520547.5}, {'J10': 13, 'J11': 32, 'J12': 20, 'J13': 28, 'cluster3106249630_3106249631_J60_J61_#5more': 36}, {'J10': 18, 'J11': 54, 'J12': 74, 'J13': 35, 'cluster3106249630_3106249631_J60_J61_#5more': 83}, 
5250.0, {'J10': -148617.0, 'J11': -512235.5, 'J12': -315481.5, 'J13': -77303.5, 'cluster3106249630_3106249631_J60_J61_#5more': -521377.5}, {'J10': 13, 'J11': 32, 'J12': 20, 'J13': 28, 'cluster3106249630_3106249631_J60_J61_#5more': 36}, {'J10': 18, 'J11': 54, 'J12': 74, 'J13': 35, 'cluster3106249630_3106249631_J60_J61_#5more': 83}, 
5255.0, {'J10': -148797.0, 'J11': -512775.5, 'J12': -314753.0, 'J13': -77653.5, 'cluster3106249630_3106249631_J60_J61_#5more': -522207.5}, {'J10': 13, 'J11': 32, 'J12': 20, 'J13': 28, 'cluster3106249630_3106249631_J60_J61_#5more': 36}, {'J10': 18, 'J11': 54, 'J12': 70, 'J13': 35, 'cluster3106249630_3106249631_J60_J61_#5more': 83}, 
5260.0, {'J10': -148977.0, 'J11': -513315.5, 'J12': -315079.0, 'J13': -78003.5, 'cluster3106249630_3106249631_J60_J61_#5more': -521791.5}, {'J10': 13, 'J11': 32, 'J12': 20, 'J13': 28, 'cluster3106249630_3106249631_J60_J61_#5more': 36}, {'J10': 18, 'J11': 54, 'J12': 69, 'J13': 35, 'cluster3106249630_3106249631_J60_J61_#5more': 81}, 
5265.0, {'J10': -149157.0, 'J11': -513855.5, 'J12': -315779.5, 'J13': -78353.5, 'cluster3106249630_3106249631_J60_J61_#5more': -522601.5}, {'J10': 13, 'J11': 32, 'J12': 20, 'J13': 28, 'cluster3106249630_3106249631_J60_J61_#5more': 36}, {'J10': 18, 'J11': 54, 'J12': 73, 'J13': 35, 'cluster3106249630_3106249631_J60_J61_#5more': 81}, 
5270.0, {'J10': -149337.0, 'J11': -514395.5, 'J12': -316518.0, 'J13': -78703.5, 'cluster3106249630_3106249631_J60_J61_#5more': -523411.5}, {'J10': 13, 'J11': 32, 'J12': 20, 'J13': 28, 'cluster3106249630_3106249631_J60_J61_#5more': 36}, {'J10': 18, 'J11': 54, 'J12': 75, 'J13': 35, 'cluster3106249630_3106249631_J60_J61_#5more': 81}, 
5275.0, {'J10': -149517.0, 'J11': -514935.5, 'J12': -316677.0, 'J13': -79053.5, 'cluster3106249630_3106249631_J60_J61_#5more': -524227.0}, {'J10': 13, 'J11': 32, 'J12': 20, 'J13': 28, 'cluster3106249630_3106249631_J60_J61_#5more': 36}, {'J10': 18, 'J11': 54, 'J12': 75, 'J13': 35, 'cluster3106249630_3106249631_J60_J61_#5more': 83}, 
5280.0, {'J10': -149697.0, 'J11': -515475.5, 'J12': -317153.0, 'J13': -76433.5, 'cluster3106249630_3106249631_J60_J61_#5more': -525057.0}, {'J10': 13, 'J11': 32, 'J12': 20, 'J13': 25, 'cluster3106249630_3106249631_J60_J61_#5more': 36}, {'J10': 18, 'J11': 54, 'J12': 74, 'J13': 32, 'cluster3106249630_3106249631_J60_J61_#5more': 83}, 
5285.0, {'J10': -149877.0, 'J11': -516015.5, 'J12': -316761.5, 'J13': -75621.5, 'cluster3106249630_3106249631_J60_J61_#5more': -525887.0}, {'J10': 13, 'J11': 32, 'J12': 20, 'J13': 24, 'cluster3106249630_3106249631_J60_J61_#5more': 36}, {'J10': 18, 'J11': 54, 'J12': 73, 'J13': 31, 'cluster3106249630_3106249631_J60_J61_#5more': 83}, 
5290.0, {'J10': -150057.0, 'J11': -516555.5, 'J12': -317318.5, 'J13': -75931.5, 'cluster3106249630_3106249631_J60_J61_#5more': -526717.0}, {'J10': 13, 'J11': 32, 'J12': 20, 'J13': 24, 'cluster3106249630_3106249631_J60_J61_#5more': 36}, {'J10': 18, 'J11': 54, 'J12': 72, 'J13': 31, 'cluster3106249630_3106249631_J60_J61_#5more': 83}, 
5295.0, {'J10': -150237.0, 'J11': -517095.5, 'J12': -317416.0, 'J13': -76241.5, 'cluster3106249630_3106249631_J60_J61_#5more': -527547.0}, {'J10': 13, 'J11': 32, 'J12': 20, 'J13': 24, 'cluster3106249630_3106249631_J60_J61_#5more': 36}, {'J10': 18, 'J11': 54, 'J12': 71, 'J13': 31, 'cluster3106249630_3106249631_J60_J61_#5more': 83}, 
5300.0, {'J10': -150417.0, 'J11': -517635.5, 'J12': -317481.0, 'J13': -76551.5, 'cluster3106249630_3106249631_J60_J61_#5more': -528377.0}, {'J10': 13, 'J11': 32, 'J12': 20, 'J13': 24, 'cluster3106249630_3106249631_J60_J61_#5more': 36}, {'J10': 18, 'J11': 54, 'J12': 72, 'J13': 31, 'cluster3106249630_3106249631_J60_J61_#5more': 83}, 
5305.0, {'J10': -150597.0, 'J11': -518175.5, 'J12': -317056.0, 'J13': -76870.5, 'cluster3106249630_3106249631_J60_J61_#5more': -518969.5}, {'J10': 13, 'J11': 32, 'J12': 20, 'J13': 27, 'cluster3106249630_3106249631_J60_J61_#5more': 36}, {'J10': 18, 'J11': 54, 'J12': 70, 'J13': 34, 'cluster3106249630_3106249631_J60_J61_#5more': 81}, 
5310.0, {'J10': -150777.0, 'J11': -518715.5, 'J12': -317758.0, 'J13': -77215.5, 'cluster3106249630_3106249631_J60_J61_#5more': -519779.5}, {'J10': 13, 'J11': 32, 'J12': 20, 'J13': 28, 'cluster3106249630_3106249631_J60_J61_#5more': 36}, {'J10': 18, 'J11': 54, 'J12': 71, 'J13': 35, 'cluster3106249630_3106249631_J60_J61_#5more': 81}, 
5315.0, {'J10': -150957.0, 'J11': -519255.5, 'J12': -318476.0, 'J13': -77565.5, 'cluster3106249630_3106249631_J60_J61_#5more': -520589.5}, {'J10': 13, 'J11': 32, 'J12': 20, 'J13': 28, 'cluster3106249630_3106249631_J60_J61_#5more': 36}, {'J10': 18, 'J11': 54, 'J12': 74, 'J13': 35, 'cluster3106249630_3106249631_J60_J61_#5more': 81}, 
5320.0, {'J10': -151137.0, 'J11': -519795.5, 'J12': -318191.0, 'J13': -77915.5, 'cluster3106249630_3106249631_J60_J61_#5more': -521399.5}, {'J10': 13, 'J11': 32, 'J12': 20, 'J13': 28, 'cluster3106249630_3106249631_J60_J61_#5more': 36}, {'J10': 18, 'J11': 54, 'J12': 78, 'J13': 35, 'cluster3106249630_3106249631_J60_J61_#5more': 81}, 
5325.0, {'J10': -151317.0, 'J11': -520335.5, 'J12': -318976.5, 'J13': -78265.5, 'cluster3106249630_3106249631_J60_J61_#5more': -521585.5}, {'J10': 13, 'J11': 32, 'J12': 20, 'J13': 28, 'cluster3106249630_3106249631_J60_J61_#5more': 36}, {'J10': 18, 'J11': 54, 'J12': 81, 'J13': 35, 'cluster3106249630_3106249631_J60_J61_#5more': 80}, 
5330.0, {'J10': -151497.0, 'J11': -520875.5, 'J12': -319798.0, 'J13': -78615.5, 'cluster3106249630_3106249631_J60_J61_#5more': -521760.0}, {'J10': 13, 'J11': 32, 'J12': 20, 'J13': 28, 'cluster3106249630_3106249631_J60_J61_#5more': 36}, {'J10': 18, 'J11': 54, 'J12': 85, 'J13': 35, 'cluster3106249630_3106249631_J60_J61_#5more': 81}, 
5335.0, {'J10': -151677.0, 'J11': -521415.5, 'J12': -320601.0, 'J13': -78965.5, 'cluster3106249630_3106249631_J60_J61_#5more': -522570.0}, {'J10': 13, 'J11': 32, 'J12': 20, 'J13': 28, 'cluster3106249630_3106249631_J60_J61_#5more': 36}, {'J10': 18, 'J11': 54, 'J12': 85, 'J13': 35, 'cluster3106249630_3106249631_J60_J61_#5more': 81}, 
5340.0, {'J10': -151857.0, 'J11': -521955.5, 'J12': -321451.0, 'J13': -79315.5, 'cluster3106249630_3106249631_J60_J61_#5more': -523386.5}, {'J10': 13, 'J11': 32, 'J12': 20, 'J13': 28, 'cluster3106249630_3106249631_J60_J61_#5more': 36}, {'J10': 18, 'J11': 54, 'J12': 85, 'J13': 35, 'cluster3106249630_3106249631_J60_J61_#5more': 83}, 
5345.0, {'J10': -152037.0, 'J11': -522495.5, 'J12': -322301.0, 'J13': -75435.0, 'cluster3106249630_3106249631_J60_J61_#5more': -524216.5}, {'J10': 13, 'J11': 32, 'J12': 20, 'J13': 24, 'cluster3106249630_3106249631_J60_J61_#5more': 36}, {'J10': 18, 'J11': 54, 'J12': 85, 'J13': 31, 'cluster3106249630_3106249631_J60_J61_#5more': 83}, 
5350.0, {'J10': -152217.0, 'J11': -523035.5, 'J12': -323151.0, 'J13': -75745.0, 'cluster3106249630_3106249631_J60_J61_#5more': -525046.5}, {'J10': 13, 'J11': 32, 'J12': 20, 'J13': 24, 'cluster3106249630_3106249631_J60_J61_#5more': 36}, {'J10': 18, 'J11': 54, 'J12': 85, 'J13': 31, 'cluster3106249630_3106249631_J60_J61_#5more': 83}, 
5355.0, {'J10': -152397.0, 'J11': -523575.5, 'J12': -318750.5, 'J13': -76055.0, 'cluster3106249630_3106249631_J60_J61_#5more': -525876.5}, {'J10': 13, 'J11': 32, 'J12': 20, 'J13': 24, 'cluster3106249630_3106249631_J60_J61_#5more': 36}, {'J10': 18, 'J11': 54, 'J12': 78, 'J13': 31, 'cluster3106249630_3106249631_J60_J61_#5more': 83}, 
5360.0, {'J10': -152577.0, 'J11': -524115.5, 'J12': -319530.5, 'J13': -76365.0, 'cluster3106249630_3106249631_J60_J61_#5more': -526706.5}, {'J10': 13, 'J11': 32, 'J12': 20, 'J13': 24, 'cluster3106249630_3106249631_J60_J61_#5more': 36}, {'J10': 18, 'J11': 54, 'J12': 78, 'J13': 31, 'cluster3106249630_3106249631_J60_J61_#5more': 83}, 
5365.0, {'J10': -152757.0, 'J11': -524655.5, 'J12': -320312.5, 'J13': -76675.0, 'cluster3106249630_3106249631_J60_J61_#5more': -527536.5}, {'J10': 13, 'J11': 32, 'J12': 20, 'J13': 24, 'cluster3106249630_3106249631_J60_J61_#5more': 36}, {'J10': 18, 'J11': 54, 'J12': 80, 'J13': 31, 'cluster3106249630_3106249631_J60_J61_#5more': 83}, 
5370.0, {'J10': -152937.0, 'J11': -525195.5, 'J12': -321124.0, 'J13': -77000.0, 'cluster3106249630_3106249631_J60_J61_#5more': -528366.5}, {'J10': 13, 'J11': 32, 'J12': 20, 'J13': 28, 'cluster3106249630_3106249631_J60_J61_#5more': 36}, {'J10': 18, 'J11': 54, 'J12': 83, 'J13': 35, 'cluster3106249630_3106249631_J60_J61_#5more': 83}, 
5375.0, {'J10': -153117.0, 'J11': -525735.5, 'J12': -321954.0, 'J13': -77350.0, 'cluster3106249630_3106249631_J60_J61_#5more': -529196.5}, {'J10': 13, 'J11': 32, 'J12': 20, 'J13': 28, 'cluster3106249630_3106249631_J60_J61_#5more': 36}, {'J10': 18, 'J11': 54, 'J12': 83, 'J13': 35, 'cluster3106249630_3106249631_J60_J61_#5more': 83}, 
5380.0, {'J10': -153297.0, 'J11': -526275.5, 'J12': -322519.5, 'J13': -77700.0, 'cluster3106249630_3106249631_J60_J61_#5more': -530026.5}, {'J10': 13, 'J11': 32, 'J12': 20, 'J13': 28, 'cluster3106249630_3106249631_J60_J61_#5more': 36}, {'J10': 18, 'J11': 54, 'J12': 81, 'J13': 35, 'cluster3106249630_3106249631_J60_J61_#5more': 83}, 
5385.0, {'J10': -153477.0, 'J11': -526815.5, 'J12': -321962.5, 'J13': -78050.0, 'cluster3106249630_3106249631_J60_J61_#5more': -530856.5}, {'J10': 13, 'J11': 32, 'J12': 20, 'J13': 28, 'cluster3106249630_3106249631_J60_J61_#5more': 36}, {'J10': 18, 'J11': 54, 'J12': 76, 'J13': 35, 'cluster3106249630_3106249631_J60_J61_#5more': 83}, 
5390.0, {'J10': -153657.0, 'J11': -527355.5, 'J12': -322451.0, 'J13': -78400.0, 'cluster3106249630_3106249631_J60_J61_#5more': -531686.5}, {'J10': 13, 'J11': 32, 'J12': 20, 'J13': 28, 'cluster3106249630_3106249631_J60_J61_#5more': 36}, {'J10': 18, 'J11': 54, 'J12': 74, 'J13': 35, 'cluster3106249630_3106249631_J60_J61_#5more': 83}, 
5395.0, {'J10': -153837.0, 'J11': -527895.5, 'J12': -322934.0, 'J13': -78750.0, 'cluster3106249630_3106249631_J60_J61_#5more': -522501.0}, {'J10': 13, 'J11': 32, 'J12': 20, 'J13': 28, 'cluster3106249630_3106249631_J60_J61_#5more': 36}, {'J10': 18, 'J11': 54, 'J12': 72, 'J13': 35, 'cluster3106249630_3106249631_J60_J61_#5more': 81}, 
5400.0, {'J10': -154017.0, 'J11': -528435.5, 'J12': -323661.0, 'J13': -79100.0, 'cluster3106249630_3106249631_J60_J61_#5more': -523311.0}, {'J10': 13, 'J11': 32, 'J12': 20, 'J13': 28, 'cluster3106249630_3106249631_J60_J61_#5more': 36}, {'J10': 18, 'J11': 54, 'J12': 75, 'J13': 35, 'cluster3106249630_3106249631_J60_J61_#5more': 81}, 
