5.0, {'J10': 0, 'J11': 0, 'J12': 0, 'J13': 0, 'cluster3106249630_3106249631_J60_J61_#5more': 0}, {'J10': 0, 'J11': 0, 'J12': 0, 'J13': 0, 'cluster3106249630_3106249631_J60_J61_#5more': 0}, {'J10': 0, 'J11': 0, 'J12': 0, 'J13': 0, 'cluster3106249630_3106249631_J60_J61_#5more': 0}, 
10.0, {'J10': 0, 'J11': 0, 'J12': 0, 'J13': 0, 'cluster3106249630_3106249631_J60_J61_#5more': 0}, {'J10': 0, 'J11': 0, 'J12': 0, 'J13': 0, 'cluster3106249630_3106249631_J60_J61_#5more': 0}, {'J10': 0, 'J11': 0, 'J12': 0, 'J13': 0, 'cluster3106249630_3106249631_J60_J61_#5more': 0}, 
15.0, {'J10': 0, 'J11': -4.5, 'J12': -0.5, 'J13': 0, 'cluster3106249630_3106249631_J60_J61_#5more': -3.5}, {'J10': 0, 'J11': 1, 'J12': 1, 'J13': 0, 'cluster3106249630_3106249631_J60_J61_#5more': 1}, {'J10': 0, 'J11': 1, 'J12': 1, 'J13': 0, 'cluster3106249630_3106249631_J60_J61_#5more': 1}, 
20.0, {'J10': 0, 'J11': -14.5, 'J12': -10.5, 'J13': 0, 'cluster3106249630_3106249631_J60_J61_#5more': 0}, {'J10': 0, 'J11': 1, 'J12': 1, 'J13': 0, 'cluster3106249630_3106249631_J60_J61_#5more': 0}, {'J10': 0, 'J11': 1, 'J12': 1, 'J13': 0, 'cluster3106249630_3106249631_J60_J61_#5more': 0}, 
25.0, {'J10': 0, 'J11': -27.5, 'J12': 0, 'J13': -10.5, 'cluster3106249630_3106249631_J60_J61_#5more': 0}, {'J10': 0, 'J11': 2, 'J12': 0, 'J13': 2, 'cluster3106249630_3106249631_J60_J61_#5more': 0}, {'J10': 0, 'J11': 3, 'J12': 0, 'J13': 3, 'cluster3106249630_3106249631_J60_J61_#5more': 0}, 
30.0, {'J10': -5.0, 'J11': -57.5, 'J12': -0.5, 'J13': -47.5, 'cluster3106249630_3106249631_J60_J61_#5more': 0}, {'J10': 1, 'J11': 2, 'J12': 1, 'J13': 3, 'cluster3106249630_3106249631_J60_J61_#5more': 0}, {'J10': 1, 'J11': 3, 'J12': 1, 'J13': 6, 'cluster3106249630_3106249631_J60_J61_#5more': 0}, 
35.0, {'J10': -17.0, 'J11': -87.5, 'J12': -10.5, 'J13': -119.0, 'cluster3106249630_3106249631_J60_J61_#5more': -3.5}, {'J10': 1, 'J11': 2, 'J12': 1, 'J13': 4, 'cluster3106249630_3106249631_J60_J61_#5more': 1}, {'J10': 2, 'J11': 3, 'J12': 1, 'J13': 9, 'cluster3106249630_3106249631_J60_J61_#5more': 3}, 
40.0, {'J10': -37.0, 'J11': -117.5, 'J12': -20.5, 'J13': -220.5, 'cluster3106249630_3106249631_J60_J61_#5more': -42.5}, {'J10': 1, 'J11': 2, 'J12': 1, 'J13': 6, 'cluster3106249630_3106249631_J60_J61_#5more': 2}, {'J10': 2, 'J11': 3, 'J12': 1, 'J13': 12, 'cluster3106249630_3106249631_J60_J61_#5more': 8}, 
45.0, {'J10': -57.0, 'J11': -147.5, 'J12': -30.5, 'J13': -343.5, 'cluster3106249630_3106249631_J60_J61_#5more': -38.5}, {'J10': 1, 'J11': 2, 'J12': 1, 'J13': 7, 'cluster3106249630_3106249631_J60_J61_#5more': 4}, {'J10': 2, 'J11': 3, 'J12': 1, 'J13': 13, 'cluster3106249630_3106249631_J60_J61_#5more': 5}, 
50.0, {'J10': -81.0, 'J11': -177.5, 'J12': -50.5, 'J13': -473.5, 'cluster3106249630_3106249631_J60_J61_#5more': -49.0}, {'J10': 2, 'J11': 2, 'J12': 2, 'J13': 7, 'cluster3106249630_3106249631_J60_J61_#5more': 3}, {'J10': 4, 'J11': 3, 'J12': 3, 'J13': 13, 'cluster3106249630_3106249631_J60_J61_#5more': 5}, 
55.0, {'J10': -125.0, 'J11': -207.5, 'J12': -83.0, 'J13': -608.0, 'cluster3106249630_3106249631_J60_J61_#5more': -43.0}, {'J10': 3, 'J11': 2, 'J12': 3, 'J13': 7, 'cluster3106249630_3106249631_J60_J61_#5more': 2}, {'J10': 5, 'J11': 3, 'J12': 4, 'J13': 14, 'cluster3106249630_3106249631_J60_J61_#5more': 2}, 
60.0, {'J10': -58.0, 'J11': -240.0, 'J12': -101.5, 'J13': -748.0, 'cluster3106249630_3106249631_J60_J61_#5more': -32.5}, {'J10': 2, 'J11': 2, 'J12': 3, 'J13': 7, 'cluster3106249630_3106249631_J60_J61_#5more': 1}, {'J10': 3, 'J11': 4, 'J12': 4, 'J13': 14, 'cluster3106249630_3106249631_J60_J61_#5more': 1}, 
65.0, {'J10': -24.0, 'J11': -280.0, 'J12': -22.5, 'J13': -893.5, 'cluster3106249630_3106249631_J60_J61_#5more': -44.5}, {'J10': 1, 'J11': 2, 'J12': 2, 'J13': 7, 'cluster3106249630_3106249631_J60_J61_#5more': 2}, {'J10': 1, 'J11': 4, 'J12': 4, 'J13': 16, 'cluster3106249630_3106249631_J60_J61_#5more': 3}, 
70.0, {'J10': -2.0, 'J11': -320.0, 'J12': -35.0, 'J13': -1063.0, 'cluster3106249630_3106249631_J60_J61_#5more': -71.0}, {'J10': 1, 'J11': 2, 'J12': 3, 'J13': 9, 'cluster3106249630_3106249631_J60_J61_#5more': 4}, {'J10': 1, 'J11': 4, 'J12': 6, 'J13': 19, 'cluster3106249630_3106249631_J60_J61_#5more': 4}, 
75.0, {'J10': -14.5, 'J11': -101.0, 'J12': -98.5, 'J13': -851.5, 'cluster3106249630_3106249631_J60_J61_#5more': -113.5}, {'J10': 2, 'J11': 1, 'J12': 3, 'J13': 8, 'cluster3106249630_3106249631_J60_J61_#5more': 4}, {'J10': 3, 'J11': 1, 'J12': 7, 'J13': 18, 'cluster3106249630_3106249631_J60_J61_#5more': 5}, 
80.0, {'J10': 0, 'J11': 0, 'J12': -131.0, 'J13': -813.5, 'cluster3106249630_3106249631_J60_J61_#5more': -163.5}, {'J10': 0, 'J11': 0, 'J12': 5, 'J13': 8, 'cluster3106249630_3106249631_J60_J61_#5more': 4}, {'J10': 0, 'J11': 0, 'J12': 7, 'J13': 14, 'cluster3106249630_3106249631_J60_J61_#5more': 5}, 
85.0, {'J10': -4.0, 'J11': -3.0, 'J12': -214.0, 'J13': -961.0, 'cluster3106249630_3106249631_J60_J61_#5more': -213.5}, {'J10': 1, 'J11': 1, 'J12': 8, 'J13': 9, 'cluster3106249630_3106249631_J60_J61_#5more': 4}, {'J10': 1, 'J11': 1, 'J12': 12, 'J13': 16, 'cluster3106249630_3106249631_J60_J61_#5more': 5}, 
90.0, {'J10': -14.0, 'J11': -13.0, 'J12': -326.0, 'J13': -1124.0, 'cluster3106249630_3106249631_J60_J61_#5more': -171.0}, {'J10': 1, 'J11': 1, 'J12': 10, 'J13': 9, 'cluster3106249630_3106249631_J60_J61_#5more': 3}, {'J10': 1, 'J11': 1, 'J12': 13, 'J13': 18, 'cluster3106249630_3106249631_J60_J61_#5more': 4}, 
95.0, {'J10': -24.0, 'J11': -27.0, 'J12': -456.0, 'J13': -1307.0, 'cluster3106249630_3106249631_J60_J61_#5more': -170.5}, {'J10': 1, 'J11': 2, 'J12': 10, 'J13': 10, 'cluster3106249630_3106249631_J60_J61_#5more': 3}, {'J10': 1, 'J11': 2, 'J12': 13, 'J13': 19, 'cluster3106249630_3106249631_J60_J61_#5more': 4}, 
100.0, {'J10': -34.0, 'J11': -47.0, 'J12': -596.0, 'J13': -1499.5, 'cluster3106249630_3106249631_J60_J61_#5more': -150.5}, {'J10': 1, 'J11': 2, 'J12': 12, 'J13': 11, 'cluster3106249630_3106249631_J60_J61_#5more': 2}, {'J10': 1, 'J11': 2, 'J12': 16, 'J13': 20, 'cluster3106249630_3106249631_J60_J61_#5more': 6}, 
105.0, {'J10': -1.0, 'J11': -67.0, 'J12': -761.5, 'J13': -1706.0, 'cluster3106249630_3106249631_J60_J61_#5more': -176.5}, {'J10': 1, 'J11': 2, 'J12': 13, 'J13': 12, 'cluster3106249630_3106249631_J60_J61_#5more': 2}, {'J10': 1, 'J11': 2, 'J12': 18, 'J13': 22, 'cluster3106249630_3106249631_J60_J61_#5more': 6}, 
110.0, {'J10': 0, 'J11': -91.0, 'J12': -943.5, 'J13': -1928.5, 'cluster3106249630_3106249631_J60_J61_#5more': -233.5}, {'J10': 0, 'J11': 3, 'J12': 14, 'J13': 13, 'cluster3106249630_3106249631_J60_J61_#5more': 4}, {'J10': 0, 'J11': 3, 'J12': 19, 'J13': 23, 'cluster3106249630_3106249631_J60_J61_#5more': 8}, 
115.0, {'J10': 0, 'J11': -121.0, 'J12': -1134.0, 'J13': -2162.0, 'cluster3106249630_3106249631_J60_J61_#5more': -224.5}, {'J10': 0, 'J11': 3, 'J12': 14, 'J13': 15, 'cluster3106249630_3106249631_J60_J61_#5more': 4}, {'J10': 0, 'J11': 3, 'J12': 20, 'J13': 25, 'cluster3106249630_3106249631_J60_J61_#5more': 9}, 
120.0, {'J10': -4.0, 'J11': -152.0, 'J12': -1342.0, 'J13': -2412.0, 'cluster3106249630_3106249631_J60_J61_#5more': -333.5}, {'J10': 1, 'J11': 3, 'J12': 15, 'J13': 15, 'cluster3106249630_3106249631_J60_J61_#5more': 6}, {'J10': 1, 'J11': 4, 'J12': 23, 'J13': 25, 'cluster3106249630_3106249631_J60_J61_#5more': 16}, 
125.0, {'J10': -14.0, 'J11': -193.5, 'J12': -1577.5, 'J13': -2665.5, 'cluster3106249630_3106249631_J60_J61_#5more': -493.5}, {'J10': 1, 'J11': 4, 'J12': 15, 'J13': 16, 'cluster3106249630_3106249631_J60_J61_#5more': 6}, {'J10': 1, 'J11': 5, 'J12': 26, 'J13': 26, 'cluster3106249630_3106249631_J60_J61_#5more': 16}, 
130.0, {'J10': -24.0, 'J11': -250.0, 'J12': -1733.5, 'J13': -2930.5, 'cluster3106249630_3106249631_J60_J61_#5more': -537.0}, {'J10': 1, 'J11': 5, 'J12': 15, 'J13': 17, 'cluster3106249630_3106249631_J60_J61_#5more': 6}, {'J10': 1, 'J11': 7, 'J12': 29, 'J13': 27, 'cluster3106249630_3106249631_J60_J61_#5more': 18}, 
135.0, {'J10': -34.0, 'J11': -320.0, 'J12': -1992.5, 'J13': -3200.5, 'cluster3106249630_3106249631_J60_J61_#5more': -721.5}, {'J10': 1, 'J11': 5, 'J12': 15, 'J13': 17, 'cluster3106249630_3106249631_J60_J61_#5more': 6}, {'J10': 1, 'J11': 7, 'J12': 30, 'J13': 27, 'cluster3106249630_3106249631_J60_J61_#5more': 19}, 
140.0, {'J10': 0, 'J11': -390.5, 'J12': -1632.0, 'J13': -2319.5, 'cluster3106249630_3106249631_J60_J61_#5more': -835.5}, {'J10': 0, 'J11': 6, 'J12': 14, 'J13': 14, 'cluster3106249630_3106249631_J60_J61_#5more': 7}, {'J10': 0, 'J11': 8, 'J12': 28, 'J13': 21, 'cluster3106249630_3106249631_J60_J61_#5more': 19}, 
145.0, {'J10': -0.5, 'J11': -470.5, 'J12': -1918.0, 'J13': -2191.0, 'cluster3106249630_3106249631_J60_J61_#5more': -713.0}, {'J10': 1, 'J11': 6, 'J12': 14, 'J13': 13, 'cluster3106249630_3106249631_J60_J61_#5more': 6}, {'J10': 1, 'J11': 8, 'J12': 32, 'J13': 19, 'cluster3106249630_3106249631_J60_J61_#5more': 16}, 
150.0, {'J10': 0, 'J11': -550.5, 'J12': -2203.0, 'J13': -2381.0, 'cluster3106249630_3106249631_J60_J61_#5more': -713.0}, {'J10': 0, 'J11': 6, 'J12': 14, 'J13': 13, 'cluster3106249630_3106249631_J60_J61_#5more': 6}, {'J10': 0, 'J11': 8, 'J12': 35, 'J13': 19, 'cluster3106249630_3106249631_J60_J61_#5more': 15}, 
155.0, {'J10': 0, 'J11': -632.5, 'J12': -2360.0, 'J13': -2577.5, 'cluster3106249630_3106249631_J60_J61_#5more': -870.0}, {'J10': 0, 'J11': 7, 'J12': 18, 'J13': 14, 'cluster3106249630_3106249631_J60_J61_#5more': 7}, {'J10': 0, 'J11': 9, 'J12': 38, 'J13': 22, 'cluster3106249630_3106249631_J60_J61_#5more': 18}, 
160.0, {'J10': 0, 'J11': -722.5, 'J12': -2634.5, 'J13': -2801.5, 'cluster3106249630_3106249631_J60_J61_#5more': -1068.0}, {'J10': 0, 'J11': 7, 'J12': 18, 'J13': 16, 'cluster3106249630_3106249631_J60_J61_#5more': 10}, {'J10': 0, 'J11': 9, 'J12': 38, 'J13': 24, 'cluster3106249630_3106249631_J60_J61_#5more': 23}, 
165.0, {'J10': 0, 'J11': -812.5, 'J12': -2847.0, 'J13': -3046.5, 'cluster3106249630_3106249631_J60_J61_#5more': -1305.0}, {'J10': 0, 'J11': 7, 'J12': 18, 'J13': 16, 'cluster3106249630_3106249631_J60_J61_#5more': 12}, {'J10': 0, 'J11': 9, 'J12': 36, 'J13': 26, 'cluster3106249630_3106249631_J60_J61_#5more': 26}, 
170.0, {'J10': 0, 'J11': -902.5, 'J12': -3082.0, 'J13': -3310.5, 'cluster3106249630_3106249631_J60_J61_#5more': -1572.5}, {'J10': 0, 'J11': 7, 'J12': 19, 'J13': 18, 'cluster3106249630_3106249631_J60_J61_#5more': 13}, {'J10': 0, 'J11': 9, 'J12': 35, 'J13': 28, 'cluster3106249630_3106249631_J60_J61_#5more': 28}, 
175.0, {'J10': -1.5, 'J11': -995.0, 'J12': -3320.0, 'J13': -3596.0, 'cluster3106249630_3106249631_J60_J61_#5more': -1858.5}, {'J10': 1, 'J11': 8, 'J12': 20, 'J13': 20, 'cluster3106249630_3106249631_J60_J61_#5more': 14}, {'J10': 1, 'J11': 10, 'J12': 34, 'J13': 30, 'cluster3106249630_3106249631_J60_J61_#5more': 30}, 
180.0, {'J10': -11.5, 'J11': -1095.0, 'J12': -3664.5, 'J13': -3899.0, 'cluster3106249630_3106249631_J60_J61_#5more': -2163.0}, {'J10': 1, 'J11': 8, 'J12': 20, 'J13': 21, 'cluster3106249630_3106249631_J60_J61_#5more': 16}, {'J10': 1, 'J11': 10, 'J12': 36, 'J13': 31, 'cluster3106249630_3106249631_J60_J61_#5more': 32}, 
185.0, {'J10': -21.5, 'J11': -1195.0, 'J12': -3993.5, 'J13': -4209.0, 'cluster3106249630_3106249631_J60_J61_#5more': -2495.5}, {'J10': 1, 'J11': 8, 'J12': 20, 'J13': 21, 'cluster3106249630_3106249631_J60_J61_#5more': 19}, {'J10': 1, 'J11': 10, 'J12': 39, 'J13': 31, 'cluster3106249630_3106249631_J60_J61_#5more': 36}, 
190.0, {'J10': -31.5, 'J11': -1297.0, 'J12': -4383.5, 'J13': -4520.5, 'cluster3106249630_3106249631_J60_J61_#5more': -2859.5}, {'J10': 1, 'J11': 9, 'J12': 20, 'J13': 22, 'cluster3106249630_3106249631_J60_J61_#5more': 21}, {'J10': 1, 'J11': 11, 'J12': 39, 'J13': 32, 'cluster3106249630_3106249631_J60_J61_#5more': 38}, 
195.0, {'J10': -41.5, 'J11': -1407.0, 'J12': -4774.0, 'J13': -4845.0, 'cluster3106249630_3106249631_J60_J61_#5more': -3242.0}, {'J10': 1, 'J11': 9, 'J12': 20, 'J13': 23, 'cluster3106249630_3106249631_J60_J61_#5more': 22}, {'J10': 1, 'J11': 11, 'J12': 40, 'J13': 33, 'cluster3106249630_3106249631_J60_J61_#5more': 39}, 
200.0, {'J10': -51.5, 'J11': -1518.0, 'J12': -4673.0, 'J13': -5183.5, 'cluster3106249630_3106249631_J60_J61_#5more': -3633.0}, {'J10': 1, 'J11': 9, 'J12': 18, 'J13': 25, 'cluster3106249630_3106249631_J60_J61_#5more': 23}, {'J10': 1, 'J11': 12, 'J12': 40, 'J13': 36, 'cluster3106249630_3106249631_J60_J61_#5more': 40}, 
205.0, {'J10': -64.5, 'J11': -1638.0, 'J12': -4490.5, 'J13': -4195.0, 'cluster3106249630_3106249631_J60_J61_#5more': -3960.5}, {'J10': 2, 'J11': 9, 'J12': 16, 'J13': 24, 'cluster3106249630_3106249631_J60_J61_#5more': 26}, {'J10': 2, 'J11': 12, 'J12': 40, 'J13': 34, 'cluster3106249630_3106249631_J60_J61_#5more': 43}, 
210.0, {'J10': -13.0, 'J11': -1761.5, 'J12': -4732.0, 'J13': -3817.0, 'cluster3106249630_3106249631_J60_J61_#5more': -4328.0}, {'J10': 1, 'J11': 9, 'J12': 16, 'J13': 23, 'cluster3106249630_3106249631_J60_J61_#5more': 30}, {'J10': 1, 'J11': 14, 'J12': 42, 'J13': 31, 'cluster3106249630_3106249631_J60_J61_#5more': 50}, 
215.0, {'J10': 0, 'J11': -1901.5, 'J12': -5168.5, 'J13': -4127.0, 'cluster3106249630_3106249631_J60_J61_#5more': -4834.5}, {'J10': 0, 'J11': 9, 'J12': 16, 'J13': 23, 'cluster3106249630_3106249631_J60_J61_#5more': 32}, {'J10': 0, 'J11': 14, 'J12': 48, 'J13': 31, 'cluster3106249630_3106249631_J60_J61_#5more': 52}, 
220.0, {'J10': 0, 'J11': -2045.5, 'J12': -5590.5, 'J13': -4439.0, 'cluster3106249630_3106249631_J60_J61_#5more': -5228.0}, {'J10': 0, 'J11': 10, 'J12': 20, 'J13': 23, 'cluster3106249630_3106249631_J60_J61_#5more': 32}, {'J10': 0, 'J11': 15, 'J12': 51, 'J13': 32, 'cluster3106249630_3106249631_J60_J61_#5more': 52}, 
225.0, {'J10': 0, 'J11': -2195.5, 'J12': -6048.5, 'J13': -4764.0, 'cluster3106249630_3106249631_J60_J61_#5more': -5540.5}, {'J10': 0, 'J11': 10, 'J12': 20, 'J13': 23, 'cluster3106249630_3106249631_J60_J61_#5more': 33}, {'J10': 0, 'J11': 15, 'J12': 53, 'J13': 33, 'cluster3106249630_3106249631_J60_J61_#5more': 50}, 
230.0, {'J10': 0, 'J11': -2349.0, 'J12': -6325.0, 'J13': -5094.0, 'cluster3106249630_3106249631_J60_J61_#5more': -6047.5}, {'J10': 0, 'J11': 10, 'J12': 20, 'J13': 23, 'cluster3106249630_3106249631_J60_J61_#5more': 34}, {'J10': 0, 'J11': 16, 'J12': 51, 'J13': 33, 'cluster3106249630_3106249631_J60_J61_#5more': 53}, 
235.0, {'J10': 0, 'J11': -2513.0, 'J12': -6739.0, 'J13': -5424.0, 'cluster3106249630_3106249631_J60_J61_#5more': -6581.5}, {'J10': 0, 'J11': 12, 'J12': 20, 'J13': 23, 'cluster3106249630_3106249631_J60_J61_#5more': 34}, {'J10': 0, 'J11': 18, 'J12': 49, 'J13': 33, 'cluster3106249630_3106249631_J60_J61_#5more': 54}, 
240.0, {'J10': -1.5, 'J11': -2693.0, 'J12': -6706.5, 'J13': -5754.0, 'cluster3106249630_3106249631_J60_J61_#5more': -6966.0}, {'J10': 1, 'J11': 12, 'J12': 20, 'J13': 23, 'cluster3106249630_3106249631_J60_J61_#5more': 36}, {'J10': 1, 'J11': 18, 'J12': 47, 'J13': 33, 'cluster3106249630_3106249631_J60_J61_#5more': 55}, 
245.0, {'J10': -11.5, 'J11': -2874.5, 'J12': -7024.5, 'J13': -6089.5, 'cluster3106249630_3106249631_J60_J61_#5more': -7519.0}, {'J10': 1, 'J11': 13, 'J12': 20, 'J13': 25, 'cluster3106249630_3106249631_J60_J61_#5more': 36}, {'J10': 1, 'J11': 19, 'J12': 46, 'J13': 35, 'cluster3106249630_3106249631_J60_J61_#5more': 57}, 
250.0, {'J10': -21.5, 'J11': -3064.5, 'J12': -7451.5, 'J13': -6449.0, 'cluster3106249630_3106249631_J60_J61_#5more': -8091.5}, {'J10': 1, 'J11': 13, 'J12': 20, 'J13': 28, 'cluster3106249630_3106249631_J60_J61_#5more': 36}, {'J10': 1, 'J11': 19, 'J12': 49, 'J13': 38, 'cluster3106249630_3106249631_J60_J61_#5more': 58}, 
255.0, {'J10': -31.5, 'J11': -3259.0, 'J12': -7072.0, 'J13': -6829.0, 'cluster3106249630_3106249631_J60_J61_#5more': -8671.5}, {'J10': 1, 'J11': 14, 'J12': 19, 'J13': 28, 'cluster3106249630_3106249631_J60_J61_#5more': 36}, {'J10': 1, 'J11': 20, 'J12': 44, 'J13': 38, 'cluster3106249630_3106249631_J60_J61_#5more': 58}, 
260.0, {'J10': -41.5, 'J11': -3459.0, 'J12': -7231.5, 'J13': -7209.0, 'cluster3106249630_3106249631_J60_J61_#5more': -9251.5}, {'J10': 1, 'J11': 14, 'J12': 19, 'J13': 28, 'cluster3106249630_3106249631_J60_J61_#5more': 36}, {'J10': 1, 'J11': 20, 'J12': 45, 'J13': 38, 'cluster3106249630_3106249631_J60_J61_#5more': 58}, 
265.0, {'J10': -51.5, 'J11': -3659.0, 'J12': -7691.0, 'J13': -7589.0, 'cluster3106249630_3106249631_J60_J61_#5more': -9831.5}, {'J10': 1, 'J11': 14, 'J12': 19, 'J13': 28, 'cluster3106249630_3106249631_J60_J61_#5more': 36}, {'J10': 1, 'J11': 20, 'J12': 50, 'J13': 38, 'cluster3106249630_3106249631_J60_J61_#5more': 58}, 
270.0, {'J10': -65.5, 'J11': -3861.5, 'J12': -8202.0, 'J13': -5583.0, 'cluster3106249630_3106249631_J60_J61_#5more': -10289.5}, {'J10': 2, 'J11': 14, 'J12': 21, 'J13': 24, 'cluster3106249630_3106249631_J60_J61_#5more': 36}, {'J10': 2, 'J11': 22, 'J12': 54, 'J13': 31, 'cluster3106249630_3106249631_J60_J61_#5more': 57}, 
275.0, {'J10': -15.0, 'J11': -4085.5, 'J12': -8745.5, 'J13': -5893.0, 'cluster3106249630_3106249631_J60_J61_#5more': -10745.0}, {'J10': 1, 'J11': 14, 'J12': 21, 'J13': 24, 'cluster3106249630_3106249631_J60_J61_#5more': 36}, {'J10': 3, 'J11': 23, 'J12': 56, 'J13': 31, 'cluster3106249630_3106249631_J60_J61_#5more': 56}, 
280.0, {'J10': -13.5, 'J11': -4318.0, 'J12': -8041.5, 'J13': -6203.0, 'cluster3106249630_3106249631_J60_J61_#5more': -11307.0}, {'J10': 2, 'J11': 14, 'J12': 21, 'J13': 24, 'cluster3106249630_3106249631_J60_J61_#5more': 36}, {'J10': 2, 'J11': 24, 'J12': 48, 'J13': 31, 'cluster3106249630_3106249631_J60_J61_#5more': 58}, 
285.0, {'J10': 0, 'J11': -4558.0, 'J12': -8351.5, 'J13': -6516.0, 'cluster3106249630_3106249631_J60_J61_#5more': -11663.0}, {'J10': 0, 'J11': 14, 'J12': 21, 'J13': 24, 'cluster3106249630_3106249631_J60_J61_#5more': 36}, {'J10': 0, 'J11': 24, 'J12': 46, 'J13': 33, 'cluster3106249630_3106249631_J60_J61_#5more': 57}, 
290.0, {'J10': 0, 'J11': -4798.0, 'J12': -8606.0, 'J13': -6850.5, 'cluster3106249630_3106249631_J60_J61_#5more': -12239.0}, {'J10': 0, 'J11': 14, 'J12': 21, 'J13': 25, 'cluster3106249630_3106249631_J60_J61_#5more': 36}, {'J10': 0, 'J11': 24, 'J12': 45, 'J13': 35, 'cluster3106249630_3106249631_J60_J61_#5more': 59}, 
295.0, {'J10': 0, 'J11': -5042.0, 'J12': -8058.5, 'J13': -7210.0, 'cluster3106249630_3106249631_J60_J61_#5more': -12831.5}, {'J10': 0, 'J11': 14, 'J12': 21, 'J13': 28, 'cluster3106249630_3106249631_J60_J61_#5more': 36}, {'J10': 0, 'J11': 25, 'J12': 41, 'J13': 38, 'cluster3106249630_3106249631_J60_J61_#5more': 61}, 
300.0, {'J10': 0, 'J11': -5292.0, 'J12': -6894.5, 'J13': -7590.0, 'cluster3106249630_3106249631_J60_J61_#5more': -13335.5}, {'J10': 0, 'J11': 14, 'J12': 19, 'J13': 28, 'cluster3106249630_3106249631_J60_J61_#5more': 36}, {'J10': 0, 'J11': 25, 'J12': 38, 'J13': 38, 'cluster3106249630_3106249631_J60_J61_#5more': 63}, 
305.0, {'J10': 0, 'J11': -5544.0, 'J12': -7239.5, 'J13': -7970.0, 'cluster3106249630_3106249631_J60_J61_#5more': -13779.0}, {'J10': 0, 'J11': 14, 'J12': 19, 'J13': 28, 'cluster3106249630_3106249631_J60_J61_#5more': 36}, {'J10': 0, 'J11': 26, 'J12': 41, 'J13': 38, 'cluster3106249630_3106249631_J60_J61_#5more': 60}, 
310.0, {'J10': 0, 'J11': -5804.0, 'J12': -7353.5, 'J13': -8350.0, 'cluster3106249630_3106249631_J60_J61_#5more': -14257.5}, {'J10': 0, 'J11': 14, 'J12': 19, 'J13': 28, 'cluster3106249630_3106249631_J60_J61_#5more': 36}, {'J10': 0, 'J11': 26, 'J12': 44, 'J13': 38, 'cluster3106249630_3106249631_J60_J61_#5more': 61}, 
315.0, {'J10': 0, 'J11': -6064.0, 'J12': -6389.5, 'J13': -8730.0, 'cluster3106249630_3106249631_J60_J61_#5more': -14874.0}, {'J10': 0, 'J11': 14, 'J12': 18, 'J13': 28, 'cluster3106249630_3106249631_J60_J61_#5more': 36}, {'J10': 0, 'J11': 26, 'J12': 38, 'J13': 38, 'cluster3106249630_3106249631_J60_J61_#5more': 64}, 
320.0, {'J10': 0, 'J11': -6328.0, 'J12': -6729.0, 'J13': -9110.0, 'cluster3106249630_3106249631_J60_J61_#5more': -15511.0}, {'J10': 0, 'J11': 14, 'J12': 18, 'J13': 28, 'cluster3106249630_3106249631_J60_J61_#5more': 36}, {'J10': 0, 'J11': 27, 'J12': 37, 'J13': 38, 'cluster3106249630_3106249631_J60_J61_#5more': 65}, 
325.0, {'J10': -2.0, 'J11': -6598.0, 'J12': -6990.5, 'J13': -9490.0, 'cluster3106249630_3106249631_J60_J61_#5more': -15963.5}, {'J10': 1, 'J11': 14, 'J12': 18, 'J13': 28, 'cluster3106249630_3106249631_J60_J61_#5more': 36}, {'J10': 1, 'J11': 27, 'J12': 38, 'J13': 38, 'cluster3106249630_3106249631_J60_J61_#5more': 61}, 
330.0, {'J10': -12.0, 'J11': -6868.0, 'J12': -7388.0, 'J13': -9870.0, 'cluster3106249630_3106249631_J60_J61_#5more': -16444.0}, {'J10': 1, 'J11': 14, 'J12': 19, 'J13': 28, 'cluster3106249630_3106249631_J60_J61_#5more': 36}, {'J10': 1, 'J11': 27, 'J12': 46, 'J13': 38, 'cluster3106249630_3106249631_J60_J61_#5more': 57}, 
335.0, {'J10': -22.0, 'J11': -7143.0, 'J12': -7149.0, 'J13': -8852.0, 'cluster3106249630_3106249631_J60_J61_#5more': -16807.0}, {'J10': 1, 'J11': 14, 'J12': 20, 'J13': 26, 'cluster3106249630_3106249631_J60_J61_#5more': 36}, {'J10': 1, 'J11': 28, 'J12': 47, 'J13': 36, 'cluster3106249630_3106249631_J60_J61_#5more': 60}, 
340.0, {'J10': -36.5, 'J11': -7423.0, 'J12': -6526.0, 'J13': -9201.0, 'cluster3106249630_3106249631_J60_J61_#5more': -17187.0}, {'J10': 1, 'J11': 14, 'J12': 18, 'J13': 26, 'cluster3106249630_3106249631_J60_J61_#5more': 36}, {'J10': 2, 'J11': 28, 'J12': 43, 'J13': 35, 'cluster3106249630_3106249631_J60_J61_#5more': 60}, 
345.0, {'J10': -61.5, 'J11': -7707.0, 'J12': -6511.0, 'J13': -9551.0, 'cluster3106249630_3106249631_J60_J61_#5more': -17772.0}, {'J10': 2, 'J11': 14, 'J12': 18, 'J13': 26, 'cluster3106249630_3106249631_J60_J61_#5more': 36}, {'J10': 3, 'J11': 29, 'J12': 40, 'J13': 35, 'cluster3106249630_3106249631_J60_J61_#5more': 61}, 
350.0, {'J10': -91.5, 'J11': -7998.0, 'J12': -6325.5, 'J13': -9903.0, 'cluster3106249630_3106249631_J60_J61_#5more': -18350.0}, {'J10': 2, 'J11': 14, 'J12': 18, 'J13': 26, 'cluster3106249630_3106249631_J60_J61_#5more': 36}, {'J10': 3, 'J11': 30, 'J12': 35, 'J13': 36, 'cluster3106249630_3106249631_J60_J61_#5more': 60}, 
355.0, {'J10': -26.0, 'J11': -8298.0, 'J12': -6321.5, 'J13': -10263.0, 'cluster3106249630_3106249631_J60_J61_#5more': -18788.5}, {'J10': 1, 'J11': 14, 'J12': 20, 'J13': 26, 'cluster3106249630_3106249631_J60_J61_#5more': 36}, {'J10': 2, 'J11': 30, 'J12': 36, 'J13': 36, 'cluster3106249630_3106249631_J60_J61_#5more': 55}, 
360.0, {'J10': -46.5, 'J11': -8599.5, 'J12': -6645.5, 'J13': -10630.5, 'cluster3106249630_3106249631_J60_J61_#5more': -19339.0}, {'J10': 2, 'J11': 15, 'J12': 20, 'J13': 28, 'cluster3106249630_3106249631_J60_J61_#5more': 36}, {'J10': 3, 'J11': 31, 'J12': 40, 'J13': 38, 'cluster3106249630_3106249631_J60_J61_#5more': 56}, 
365.0, {'J10': -48.5, 'J11': -8909.5, 'J12': -7053.0, 'J13': -11011.0, 'cluster3106249630_3106249631_J60_J61_#5more': -19899.0}, {'J10': 2, 'J11': 15, 'J12': 20, 'J13': 28, 'cluster3106249630_3106249631_J60_J61_#5more': 36}, {'J10': 2, 'J11': 31, 'J12': 44, 'J13': 39, 'cluster3106249630_3106249631_J60_J61_#5more': 56}, 
370.0, {'J10': -73.5, 'J11': -9219.5, 'J12': -7346.0, 'J13': -11401.0, 'cluster3106249630_3106249631_J60_J61_#5more': -20468.5}, {'J10': 3, 'J11': 15, 'J12': 20, 'J13': 28, 'cluster3106249630_3106249631_J60_J61_#5more': 36}, {'J10': 3, 'J11': 31, 'J12': 45, 'J13': 39, 'cluster3106249630_3106249631_J60_J61_#5more': 59}, 
375.0, {'J10': -39.0, 'J11': -9531.0, 'J12': -7803.0, 'J13': -11791.0, 'cluster3106249630_3106249631_J60_J61_#5more': -21063.5}, {'J10': 2, 'J11': 16, 'J12': 20, 'J13': 28, 'cluster3106249630_3106249631_J60_J61_#5more': 36}, {'J10': 3, 'J11': 32, 'J12': 47, 'J13': 39, 'cluster3106249630_3106249631_J60_J61_#5more': 60}, 
380.0, {'J10': -25.0, 'J11': -9851.0, 'J12': -6475.5, 'J13': -12181.0, 'cluster3106249630_3106249631_J60_J61_#5more': -21663.5}, {'J10': 1, 'J11': 16, 'J12': 17, 'J13': 28, 'cluster3106249630_3106249631_J60_J61_#5more': 36}, {'J10': 1, 'J11': 32, 'J12': 40, 'J13': 39, 'cluster3106249630_3106249631_J60_J61_#5more': 60}, 
385.0, {'J10': -35.0, 'J11': -10171.5, 'J12': -6085.0, 'J13': -12574.5, 'cluster3106249630_3106249631_J60_J61_#5more': -22263.5}, {'J10': 1, 'J11': 17, 'J12': 16, 'J13': 28, 'cluster3106249630_3106249631_J60_J61_#5more': 36}, {'J10': 1, 'J11': 33, 'J12': 37, 'J13': 40, 'cluster3106249630_3106249631_J60_J61_#5more': 60}, 
390.0, {'J10': -45.0, 'J11': -10502.5, 'J12': -6344.0, 'J13': -12974.5, 'cluster3106249630_3106249631_J60_J61_#5more': -22863.5}, {'J10': 1, 'J11': 17, 'J12': 16, 'J13': 28, 'cluster3106249630_3106249631_J60_J61_#5more': 36}, {'J10': 1, 'J11': 34, 'J12': 36, 'J13': 40, 'cluster3106249630_3106249631_J60_J61_#5more': 60}, 
395.0, {'J10': -59.0, 'J11': -10834.0, 'J12': -6340.0, 'J13': -13374.5, 'cluster3106249630_3106249631_J60_J61_#5more': -23463.5}, {'J10': 1, 'J11': 18, 'J12': 16, 'J13': 28, 'cluster3106249630_3106249631_J60_J61_#5more': 36}, {'J10': 2, 'J11': 34, 'J12': 37, 'J13': 40, 'cluster3106249630_3106249631_J60_J61_#5more': 60}, 
400.0, {'J10': -80.5, 'J11': -11174.0, 'J12': -6732.5, 'J13': -11667.0, 'cluster3106249630_3106249631_J60_J61_#5more': -23409.0}, {'J10': 2, 'J11': 18, 'J12': 20, 'J13': 26, 'cluster3106249630_3106249631_J60_J61_#5more': 36}, {'J10': 3, 'J11': 34, 'J12': 44, 'J13': 36, 'cluster3106249630_3106249631_J60_J61_#5more': 58}, 
405.0, {'J10': -110.5, 'J11': -11518.0, 'J12': -7200.5, 'J13': -11946.5, 'cluster3106249630_3106249631_J60_J61_#5more': -23989.5}, {'J10': 2, 'J11': 18, 'J12': 21, 'J13': 26, 'cluster3106249630_3106249631_J60_J61_#5more': 36}, {'J10': 3, 'J11': 36, 'J12': 52, 'J13': 35, 'cluster3106249630_3106249631_J60_J61_#5more': 59}, 
410.0, {'J10': -140.5, 'J11': -11878.0, 'J12': -7728.0, 'J13': -12296.5, 'cluster3106249630_3106249631_J60_J61_#5more': -24583.5}, {'J10': 2, 'J11': 18, 'J12': 21, 'J13': 26, 'cluster3106249630_3106249631_J60_J61_#5more': 36}, {'J10': 3, 'J11': 36, 'J12': 55, 'J13': 35, 'cluster3106249630_3106249631_J60_J61_#5more': 60}, 
415.0, {'J10': -170.5, 'J11': -12194.0, 'J12': -8278.0, 'J13': -12650.0, 'cluster3106249630_3106249631_J60_J61_#5more': -25191.0}, {'J10': 2, 'J11': 18, 'J12': 21, 'J13': 26, 'cluster3106249630_3106249631_J60_J61_#5more': 36}, {'J10': 3, 'J11': 34, 'J12': 55, 'J13': 37, 'cluster3106249630_3106249631_J60_J61_#5more': 62}, 
420.0, {'J10': -206.0, 'J11': -12536.5, 'J12': -8830.0, 'J13': -13023.0, 'cluster3106249630_3106249631_J60_J61_#5more': -25715.0}, {'J10': 3, 'J11': 19, 'J12': 21, 'J13': 27, 'cluster3106249630_3106249631_J60_J61_#5more': 36}, {'J10': 5, 'J11': 35, 'J12': 56, 'J13': 38, 'cluster3106249630_3106249631_J60_J61_#5more': 63}, 
425.0, {'J10': -256.0, 'J11': -12887.0, 'J12': -9095.5, 'J13': -13408.0, 'cluster3106249630_3106249631_J60_J61_#5more': -26234.0}, {'J10': 3, 'J11': 20, 'J12': 21, 'J13': 28, 'cluster3106249630_3106249631_J60_J61_#5more': 36}, {'J10': 5, 'J11': 36, 'J12': 55, 'J13': 39, 'cluster3106249630_3106249631_J60_J61_#5more': 63}, 
430.0, {'J10': -108.0, 'J11': -13247.0, 'J12': -9258.5, 'J13': -13799.5, 'cluster3106249630_3106249631_J60_J61_#5more': -26702.0}, {'J10': 2, 'J11': 20, 'J12': 21, 'J13': 28, 'cluster3106249630_3106249631_J60_J61_#5more': 36}, {'J10': 4, 'J11': 36, 'J12': 49, 'J13': 40, 'cluster3106249630_3106249631_J60_J61_#5more': 62}, 
435.0, {'J10': -84.0, 'J11': -13607.5, 'J12': -9476.0, 'J13': -14199.5, 'cluster3106249630_3106249631_J60_J61_#5more': -27201.0}, {'J10': 2, 'J11': 21, 'J12': 21, 'J13': 28, 'cluster3106249630_3106249631_J60_J61_#5more': 36}, {'J10': 7, 'J11': 37, 'J12': 49, 'J13': 40, 'cluster3106249630_3106249631_J60_J61_#5more': 62}, 
440.0, {'J10': -106.0, 'J11': -13980.5, 'J12': -9829.5, 'J13': -14599.5, 'cluster3106249630_3106249631_J60_J61_#5more': -27603.0}, {'J10': 3, 'J11': 22, 'J12': 21, 'J13': 28, 'cluster3106249630_3106249631_J60_J61_#5more': 36}, {'J10': 5, 'J11': 38, 'J12': 50, 'J13': 40, 'cluster3106249630_3106249631_J60_J61_#5more': 57}, 
445.0, {'J10': -156.0, 'J11': -14364.0, 'J12': -10261.0, 'J13': -14999.5, 'cluster3106249630_3106249631_J60_J61_#5more': -28094.0}, {'J10': 3, 'J11': 23, 'J12': 21, 'J13': 28, 'cluster3106249630_3106249631_J60_J61_#5more': 36}, {'J10': 5, 'J11': 39, 'J12': 51, 'J13': 40, 'cluster3106249630_3106249631_J60_J61_#5more': 57}, 
450.0, {'J10': -111.5, 'J11': -14756.5, 'J12': -10773.0, 'J13': -15399.5, 'cluster3106249630_3106249631_J60_J61_#5more': -28668.0}, {'J10': 2, 'J11': 24, 'J12': 21, 'J13': 28, 'cluster3106249630_3106249631_J60_J61_#5more': 36}, {'J10': 4, 'J11': 40, 'J12': 52, 'J13': 40, 'cluster3106249630_3106249631_J60_J61_#5more': 58}, 
455.0, {'J10': -15.0, 'J11': -15156.5, 'J12': -11191.5, 'J13': -15799.5, 'cluster3106249630_3106249631_J60_J61_#5more': -29248.0}, {'J10': 2, 'J11': 24, 'J12': 21, 'J13': 28, 'cluster3106249630_3106249631_J60_J61_#5more': 36}, {'J10': 2, 'J11': 40, 'J12': 51, 'J13': 40, 'cluster3106249630_3106249631_J60_J61_#5more': 58}, 
460.0, {'J10': -36.0, 'J11': -15559.5, 'J12': -11599.0, 'J13': -16199.5, 'cluster3106249630_3106249631_J60_J61_#5more': -29828.0}, {'J10': 2, 'J11': 25, 'J12': 21, 'J13': 28, 'cluster3106249630_3106249631_J60_J61_#5more': 36}, {'J10': 3, 'J11': 41, 'J12': 49, 'J13': 40, 'cluster3106249630_3106249631_J60_J61_#5more': 58}, 
465.0, {'J10': 0, 'J11': -15969.5, 'J12': -12057.0, 'J13': -14646.0, 'cluster3106249630_3106249631_J60_J61_#5more': -30037.5}, {'J10': 0, 'J11': 25, 'J12': 21, 'J13': 26, 'cluster3106249630_3106249631_J60_J61_#5more': 36}, {'J10': 0, 'J11': 41, 'J12': 52, 'J13': 36, 'cluster3106249630_3106249631_J60_J61_#5more': 57}, 
470.0, {'J10': -4.0, 'J11': -16390.0, 'J12': -12540.0, 'J13': -14924.5, 'cluster3106249630_3106249631_J60_J61_#5more': -30202.5}, {'J10': 1, 'J11': 25, 'J12': 21, 'J13': 26, 'cluster3106249630_3106249631_J60_J61_#5more': 36}, {'J10': 1, 'J11': 44, 'J12': 50, 'J13': 35, 'cluster3106249630_3106249631_J60_J61_#5more': 55}, 
475.0, {'J10': -14.0, 'J11': -16815.5, 'J12': -12970.5, 'J13': -15274.5, 'cluster3106249630_3106249631_J60_J61_#5more': -30762.0}, {'J10': 1, 'J11': 25, 'J12': 21, 'J13': 26, 'cluster3106249630_3106249631_J60_J61_#5more': 36}, {'J10': 1, 'J11': 43, 'J12': 49, 'J13': 35, 'cluster3106249630_3106249631_J60_J61_#5more': 58}, 
480.0, {'J10': -24.0, 'J11': -17224.5, 'J12': -13274.5, 'J13': -15628.0, 'cluster3106249630_3106249631_J60_J61_#5more': -31342.0}, {'J10': 1, 'J11': 25, 'J12': 21, 'J13': 26, 'cluster3106249630_3106249631_J60_J61_#5more': 36}, {'J10': 1, 'J11': 42, 'J12': 52, 'J13': 36, 'cluster3106249630_3106249631_J60_J61_#5more': 58}, 
485.0, {'J10': 0, 'J11': -17609.5, 'J12': -12871.5, 'J13': -15988.0, 'cluster3106249630_3106249631_J60_J61_#5more': -31922.0}, {'J10': 0, 'J11': 25, 'J12': 21, 'J13': 26, 'cluster3106249630_3106249631_J60_J61_#5more': 36}, {'J10': 0, 'J11': 41, 'J12': 52, 'J13': 36, 'cluster3106249630_3106249631_J60_J61_#5more': 58}, 
490.0, {'J10': 0, 'J11': -18025.5, 'J12': -13396.5, 'J13': -16357.0, 'cluster3106249630_3106249631_J60_J61_#5more': -32504.0}, {'J10': 0, 'J11': 27, 'J12': 21, 'J13': 28, 'cluster3106249630_3106249631_J60_J61_#5more': 36}, {'J10': 0, 'J11': 44, 'J12': 54, 'J13': 38, 'cluster3106249630_3106249631_J60_J61_#5more': 59}, 
495.0, {'J10': 0, 'J11': -18473.5, 'J12': -13913.5, 'J13': -16737.0, 'cluster3106249630_3106249631_J60_J61_#5more': -32896.5}, {'J10': 0, 'J11': 28, 'J12': 21, 'J13': 28, 'cluster3106249630_3106249631_J60_J61_#5more': 36}, {'J10': 0, 'J11': 48, 'J12': 56, 'J13': 38, 'cluster3106249630_3106249631_J60_J61_#5more': 58}, 
500.0, {'J10': -4.0, 'J11': -18920.5, 'J12': -14183.0, 'J13': -17117.0, 'cluster3106249630_3106249631_J60_J61_#5more': -33266.0}, {'J10': 1, 'J11': 28, 'J12': 21, 'J13': 28, 'cluster3106249630_3106249631_J60_J61_#5more': 36}, {'J10': 1, 'J11': 46, 'J12': 51, 'J13': 38, 'cluster3106249630_3106249631_J60_J61_#5more': 55}, 
505.0, {'J10': -14.0, 'J11': -19340.0, 'J12': -14514.0, 'J13': -17498.0, 'cluster3106249630_3106249631_J60_J61_#5more': -33700.0}, {'J10': 1, 'J11': 29, 'J12': 21, 'J13': 28, 'cluster3106249630_3106249631_J60_J61_#5more': 36}, {'J10': 1, 'J11': 45, 'J12': 47, 'J13': 39, 'cluster3106249630_3106249631_J60_J61_#5more': 54}, 
510.0, {'J10': -24.0, 'J11': -19794.0, 'J12': -14897.5, 'J13': -17888.0, 'cluster3106249630_3106249631_J60_J61_#5more': -34242.5}, {'J10': 1, 'J11': 30, 'J12': 21, 'J13': 28, 'cluster3106249630_3106249631_J60_J61_#5more': 36}, {'J10': 1, 'J11': 46, 'J12': 47, 'J13': 39, 'cluster3106249630_3106249631_J60_J61_#5more': 56}, 
515.0, {'J10': -34.0, 'J11': -20254.0, 'J12': -15295.5, 'J13': -18278.0, 'cluster3106249630_3106249631_J60_J61_#5more': -34806.5}, {'J10': 1, 'J11': 30, 'J12': 21, 'J13': 28, 'cluster3106249630_3106249631_J60_J61_#5more': 36}, {'J10': 1, 'J11': 46, 'J12': 46, 'J13': 39, 'cluster3106249630_3106249631_J60_J61_#5more': 58}, 
520.0, {'J10': -44.0, 'J11': -20714.0, 'J12': -15432.5, 'J13': -18668.0, 'cluster3106249630_3106249631_J60_J61_#5more': -35386.5}, {'J10': 1, 'J11': 30, 'J12': 21, 'J13': 28, 'cluster3106249630_3106249631_J60_J61_#5more': 36}, {'J10': 1, 'J11': 46, 'J12': 50, 'J13': 39, 'cluster3106249630_3106249631_J60_J61_#5more': 58}, 
525.0, {'J10': -54.0, 'J11': -21174.0, 'J12': -15202.0, 'J13': -19058.0, 'cluster3106249630_3106249631_J60_J61_#5more': -35966.5}, {'J10': 1, 'J11': 30, 'J12': 21, 'J13': 28, 'cluster3106249630_3106249631_J60_J61_#5more': 36}, {'J10': 1, 'J11': 46, 'J12': 50, 'J13': 39, 'cluster3106249630_3106249631_J60_J61_#5more': 58}, 
530.0, {'J10': -66.0, 'J11': -21634.0, 'J12': -14875.5, 'J13': -16646.5, 'cluster3106249630_3106249631_J60_J61_#5more': -36044.0}, {'J10': 1, 'J11': 30, 'J12': 21, 'J13': 25, 'cluster3106249630_3106249631_J60_J61_#5more': 36}, {'J10': 2, 'J11': 46, 'J12': 45, 'J13': 36, 'cluster3106249630_3106249631_J60_J61_#5more': 56}, 
535.0, {'J10': -88.5, 'J11': -22094.0, 'J12': -12910.5, 'J13': -15693.0, 'cluster3106249630_3106249631_J60_J61_#5more': -36169.5}, {'J10': 2, 'J11': 30, 'J12': 19, 'J13': 24, 'cluster3106249630_3106249631_J60_J61_#5more': 36}, {'J10': 3, 'J11': 46, 'J12': 38, 'J13': 33, 'cluster3106249630_3106249631_J60_J61_#5more': 55}, 
540.0, {'J10': -121.5, 'J11': -22554.0, 'J12': -10768.0, 'J13': -16023.0, 'cluster3106249630_3106249631_J60_J61_#5more': -36719.5}, {'J10': 2, 'J11': 30, 'J12': 17, 'J13': 24, 'cluster3106249630_3106249631_J60_J61_#5more': 36}, {'J10': 4, 'J11': 46, 'J12': 36, 'J13': 33, 'cluster3106249630_3106249631_J60_J61_#5more': 55}, 
545.0, {'J10': -35.5, 'J11': -23014.0, 'J12': -10258.5, 'J13': -16355.5, 'cluster3106249630_3106249631_J60_J61_#5more': -37274.0}, {'J10': 1, 'J11': 30, 'J12': 17, 'J13': 24, 'cluster3106249630_3106249631_J60_J61_#5more': 36}, {'J10': 2, 'J11': 46, 'J12': 35, 'J13': 35, 'cluster3106249630_3106249631_J60_J61_#5more': 57}, 
550.0, {'J10': -10.0, 'J11': -23474.0, 'J12': -9745.5, 'J13': -16706.0, 'cluster3106249630_3106249631_J60_J61_#5more': -37819.5}, {'J10': 2, 'J11': 30, 'J12': 16, 'J13': 25, 'cluster3106249630_3106249631_J60_J61_#5more': 36}, {'J10': 4, 'J11': 46, 'J12': 35, 'J13': 36, 'cluster3106249630_3106249631_J60_J61_#5more': 55}, 
555.0, {'J10': -50.5, 'J11': -23942.0, 'J12': -8360.0, 'J13': -17076.5, 'cluster3106249630_3106249631_J60_J61_#5more': -38376.5}, {'J10': 2, 'J11': 32, 'J12': 16, 'J13': 28, 'cluster3106249630_3106249631_J60_J61_#5more': 36}, {'J10': 5, 'J11': 48, 'J12': 36, 'J13': 39, 'cluster3106249630_3106249631_J60_J61_#5more': 58}, 
560.0, {'J10': -63.0, 'J11': -24422.0, 'J12': -8730.5, 'J13': -17466.5, 'cluster3106249630_3106249631_J60_J61_#5more': -38767.5}, {'J10': 4, 'J11': 32, 'J12': 16, 'J13': 28, 'cluster3106249630_3106249631_J60_J61_#5more': 36}, {'J10': 5, 'J11': 48, 'J12': 41, 'J13': 39, 'cluster3106249630_3106249631_J60_J61_#5more': 58}, 
565.0, {'J10': -20.5, 'J11': -24902.0, 'J12': -9101.5, 'J13': -17856.5, 'cluster3106249630_3106249631_J60_J61_#5more': -39354.5}, {'J10': 1, 'J11': 32, 'J12': 16, 'J13': 28, 'cluster3106249630_3106249631_J60_J61_#5more': 36}, {'J10': 1, 'J11': 48, 'J12': 46, 'J13': 39, 'cluster3106249630_3106249631_J60_J61_#5more': 60}, 
570.0, {'J10': -30.5, 'J11': -25382.0, 'J12': -9398.0, 'J13': -18246.5, 'cluster3106249630_3106249631_J60_J61_#5more': -39702.0}, {'J10': 1, 'J11': 32, 'J12': 17, 'J13': 28, 'cluster3106249630_3106249631_J60_J61_#5more': 36}, {'J10': 1, 'J11': 48, 'J12': 45, 'J13': 39, 'cluster3106249630_3106249631_J60_J61_#5more': 54}, 
575.0, {'J10': -40.5, 'J11': -25862.0, 'J12': -9597.0, 'J13': -18636.5, 'cluster3106249630_3106249631_J60_J61_#5more': -40195.0}, {'J10': 1, 'J11': 32, 'J12': 20, 'J13': 28, 'cluster3106249630_3106249631_J60_J61_#5more': 36}, {'J10': 1, 'J11': 48, 'J12': 45, 'J13': 39, 'cluster3106249630_3106249631_J60_J61_#5more': 52}, 
580.0, {'J10': -50.5, 'J11': -26342.0, 'J12': -9941.5, 'J13': -19026.5, 'cluster3106249630_3106249631_J60_J61_#5more': -40726.0}, {'J10': 1, 'J11': 32, 'J12': 20, 'J13': 28, 'cluster3106249630_3106249631_J60_J61_#5more': 36}, {'J10': 1, 'J11': 48, 'J12': 46, 'J13': 39, 'cluster3106249630_3106249631_J60_J61_#5more': 55}, 
585.0, {'J10': -64.5, 'J11': -26822.0, 'J12': -10423.5, 'J13': -19416.5, 'cluster3106249630_3106249631_J60_J61_#5more': -41276.0}, {'J10': 1, 'J11': 32, 'J12': 20, 'J13': 28, 'cluster3106249630_3106249631_J60_J61_#5more': 36}, {'J10': 2, 'J11': 48, 'J12': 52, 'J13': 39, 'cluster3106249630_3106249631_J60_J61_#5more': 55}, 
590.0, {'J10': -88.0, 'J11': -27302.0, 'J12': -10456.5, 'J13': -19806.5, 'cluster3106249630_3106249631_J60_J61_#5more': -41828.5}, {'J10': 2, 'J11': 32, 'J12': 20, 'J13': 28, 'cluster3106249630_3106249631_J60_J61_#5more': 36}, {'J10': 3, 'J11': 48, 'J12': 51, 'J13': 39, 'cluster3106249630_3106249631_J60_J61_#5more': 56}, 
595.0, {'J10': -118.0, 'J11': -27782.0, 'J12': -10194.0, 'J13': -17078.5, 'cluster3106249630_3106249631_J60_J61_#5more': -41935.0}, {'J10': 2, 'J11': 32, 'J12': 20, 'J13': 25, 'cluster3106249630_3106249631_J60_J61_#5more': 36}, {'J10': 3, 'J11': 48, 'J12': 46, 'J13': 35, 'cluster3106249630_3106249631_J60_J61_#5more': 56}, 
600.0, {'J10': -23.5, 'J11': -28262.0, 'J12': -10258.5, 'J13': -16926.5, 'cluster3106249630_3106249631_J60_J61_#5more': -42258.5}, {'J10': 1, 'J11': 32, 'J12': 20, 'J13': 25, 'cluster3106249630_3106249631_J60_J61_#5more': 36}, {'J10': 1, 'J11': 48, 'J12': 41, 'J13': 34, 'cluster3106249630_3106249631_J60_J61_#5more': 55}, 
605.0, {'J10': -2.5, 'J11': -28742.0, 'J12': -10439.0, 'J13': -17266.5, 'cluster3106249630_3106249631_J60_J61_#5more': -42817.5}, {'J10': 1, 'J11': 32, 'J12': 20, 'J13': 25, 'cluster3106249630_3106249631_J60_J61_#5more': 36}, {'J10': 1, 'J11': 48, 'J12': 40, 'J13': 34, 'cluster3106249630_3106249631_J60_J61_#5more': 58}, 
610.0, {'J10': -12.5, 'J11': -29222.0, 'J12': -8324.5, 'J13': -17614.0, 'cluster3106249630_3106249631_J60_J61_#5more': -43404.0}, {'J10': 1, 'J11': 32, 'J12': 18, 'J13': 25, 'cluster3106249630_3106249631_J60_J61_#5more': 36}, {'J10': 1, 'J11': 48, 'J12': 37, 'J13': 37, 'cluster3106249630_3106249631_J60_J61_#5more': 60}, 
615.0, {'J10': -22.5, 'J11': -29702.0, 'J12': -7454.0, 'J13': -17984.0, 'cluster3106249630_3106249631_J60_J61_#5more': -44007.0}, {'J10': 1, 'J11': 32, 'J12': 17, 'J13': 25, 'cluster3106249630_3106249631_J60_J61_#5more': 36}, {'J10': 1, 'J11': 48, 'J12': 36, 'J13': 37, 'cluster3106249630_3106249631_J60_J61_#5more': 62}, 
620.0, {'J10': -32.5, 'J11': -30182.0, 'J12': -7829.5, 'J13': -18365.0, 'cluster3106249630_3106249631_J60_J61_#5more': -44628.0}, {'J10': 1, 'J11': 32, 'J12': 17, 'J13': 28, 'cluster3106249630_3106249631_J60_J61_#5more': 36}, {'J10': 1, 'J11': 48, 'J12': 40, 'J13': 40, 'cluster3106249630_3106249631_J60_J61_#5more': 63}, 
625.0, {'J10': -42.5, 'J11': -30662.0, 'J12': -8240.0, 'J13': -18765.0, 'cluster3106249630_3106249631_J60_J61_#5more': -45168.0}, {'J10': 1, 'J11': 32, 'J12': 17, 'J13': 28, 'cluster3106249630_3106249631_J60_J61_#5more': 36}, {'J10': 1, 'J11': 48, 'J12': 43, 'J13': 40, 'cluster3106249630_3106249631_J60_J61_#5more': 64}, 
630.0, {'J10': -52.5, 'J11': -31142.0, 'J12': -8365.0, 'J13': -19165.0, 'cluster3106249630_3106249631_J60_J61_#5more': -45383.0}, {'J10': 1, 'J11': 32, 'J12': 21, 'J13': 28, 'cluster3106249630_3106249631_J60_J61_#5more': 36}, {'J10': 1, 'J11': 48, 'J12': 47, 'J13': 40, 'cluster3106249630_3106249631_J60_J61_#5more': 59}, 
635.0, {'J10': -62.5, 'J11': -31622.0, 'J12': -8522.0, 'J13': -19565.0, 'cluster3106249630_3106249631_J60_J61_#5more': -45718.5}, {'J10': 1, 'J11': 32, 'J12': 21, 'J13': 28, 'cluster3106249630_3106249631_J60_J61_#5more': 36}, {'J10': 1, 'J11': 48, 'J12': 47, 'J13': 40, 'cluster3106249630_3106249631_J60_J61_#5more': 53}, 
640.0, {'J10': -72.5, 'J11': -32102.0, 'J12': -8903.0, 'J13': -19965.0, 'cluster3106249630_3106249631_J60_J61_#5more': -46198.0}, {'J10': 1, 'J11': 32, 'J12': 21, 'J13': 28, 'cluster3106249630_3106249631_J60_J61_#5more': 36}, {'J10': 1, 'J11': 48, 'J12': 50, 'J13': 40, 'cluster3106249630_3106249631_J60_J61_#5more': 52}, 
645.0, {'J10': -82.5, 'J11': -32582.0, 'J12': -9181.5, 'J13': -20365.0, 'cluster3106249630_3106249631_J60_J61_#5more': -46720.0}, {'J10': 1, 'J11': 32, 'J12': 21, 'J13': 28, 'cluster3106249630_3106249631_J60_J61_#5more': 36}, {'J10': 1, 'J11': 48, 'J12': 47, 'J13': 40, 'cluster3106249630_3106249631_J60_J61_#5more': 54}, 
650.0, {'J10': -92.5, 'J11': -33062.0, 'J12': -9355.5, 'J13': -20765.0, 'cluster3106249630_3106249631_J60_J61_#5more': -47260.0}, {'J10': 1, 'J11': 32, 'J12': 21, 'J13': 28, 'cluster3106249630_3106249631_J60_J61_#5more': 36}, {'J10': 1, 'J11': 48, 'J12': 45, 'J13': 40, 'cluster3106249630_3106249631_J60_J61_#5more': 54}, 
655.0, {'J10': -102.5, 'J11': -33542.0, 'J12': -9818.0, 'J13': -21165.0, 'cluster3106249630_3106249631_J60_J61_#5more': -47800.5}, {'J10': 1, 'J11': 32, 'J12': 21, 'J13': 28, 'cluster3106249630_3106249631_J60_J61_#5more': 36}, {'J10': 1, 'J11': 48, 'J12': 49, 'J13': 40, 'cluster3106249630_3106249631_J60_J61_#5more': 55}, 
660.0, {'J10': -112.5, 'J11': -34022.0, 'J12': -10156.5, 'J13': -18035.5, 'cluster3106249630_3106249631_J60_J61_#5more': -48042.0}, {'J10': 1, 'J11': 32, 'J12': 21, 'J13': 25, 'cluster3106249630_3106249631_J60_J61_#5more': 36}, {'J10': 1, 'J11': 48, 'J12': 48, 'J13': 36, 'cluster3106249630_3106249631_J60_J61_#5more': 55}, 
665.0, {'J10': 0, 'J11': -34502.0, 'J12': -10573.0, 'J13': -17296.0, 'cluster3106249630_3106249631_J60_J61_#5more': -48483.0}, {'J10': 0, 'J11': 32, 'J12': 21, 'J13': 24, 'cluster3106249630_3106249631_J60_J61_#5more': 36}, {'J10': 0, 'J11': 48, 'J12': 47, 'J13': 33, 'cluster3106249630_3106249631_J60_J61_#5more': 54}, 
670.0, {'J10': -5.5, 'J11': -34982.0, 'J12': -10720.5, 'J13': -17626.0, 'cluster3106249630_3106249631_J60_J61_#5more': -48898.0}, {'J10': 2, 'J11': 32, 'J12': 21, 'J13': 24, 'cluster3106249630_3106249631_J60_J61_#5more': 36}, {'J10': 3, 'J11': 48, 'J12': 45, 'J13': 33, 'cluster3106249630_3106249631_J60_J61_#5more': 54}, 
675.0, {'J10': -5.0, 'J11': -35462.0, 'J12': -11086.0, 'J13': -17960.0, 'cluster3106249630_3106249631_J60_J61_#5more': -49323.0}, {'J10': 1, 'J11': 32, 'J12': 21, 'J13': 24, 'cluster3106249630_3106249631_J60_J61_#5more': 36}, {'J10': 1, 'J11': 48, 'J12': 47, 'J13': 34, 'cluster3106249630_3106249631_J60_J61_#5more': 51}, 
680.0, {'J10': -15.0, 'J11': -35942.0, 'J12': -11555.0, 'J13': -18300.5, 'cluster3106249630_3106249631_J60_J61_#5more': -49786.0}, {'J10': 1, 'J11': 32, 'J12': 21, 'J13': 25, 'cluster3106249630_3106249631_J60_J61_#5more': 36}, {'J10': 1, 'J11': 48, 'J12': 50, 'J13': 35, 'cluster3106249630_3106249631_J60_J61_#5more': 49}, 
685.0, {'J10': -25.0, 'J11': -36422.0, 'J12': -11982.5, 'J13': -18661.0, 'cluster3106249630_3106249631_J60_J61_#5more': -50276.0}, {'J10': 1, 'J11': 32, 'J12': 21, 'J13': 28, 'cluster3106249630_3106249631_J60_J61_#5more': 36}, {'J10': 1, 'J11': 48, 'J12': 48, 'J13': 38, 'cluster3106249630_3106249631_J60_J61_#5more': 49}, 
690.0, {'J10': -35.0, 'J11': -36902.0, 'J12': -12363.0, 'J13': -19041.0, 'cluster3106249630_3106249631_J60_J61_#5more': -50766.0}, {'J10': 1, 'J11': 32, 'J12': 21, 'J13': 28, 'cluster3106249630_3106249631_J60_J61_#5more': 36}, {'J10': 1, 'J11': 48, 'J12': 45, 'J13': 38, 'cluster3106249630_3106249631_J60_J61_#5more': 49}, 
695.0, {'J10': -45.0, 'J11': -37383.0, 'J12': -12765.5, 'J13': -19421.0, 'cluster3106249630_3106249631_J60_J61_#5more': -51256.0}, {'J10': 1, 'J11': 32, 'J12': 21, 'J13': 28, 'cluster3106249630_3106249631_J60_J61_#5more': 36}, {'J10': 1, 'J11': 49, 'J12': 47, 'J13': 38, 'cluster3106249630_3106249631_J60_J61_#5more': 49}, 
700.0, {'J10': -55.0, 'J11': -37885.5, 'J12': -13174.5, 'J13': -19801.0, 'cluster3106249630_3106249631_J60_J61_#5more': -51755.0}, {'J10': 1, 'J11': 32, 'J12': 21, 'J13': 28, 'cluster3106249630_3106249631_J60_J61_#5more': 36}, {'J10': 1, 'J11': 53, 'J12': 48, 'J13': 38, 'cluster3106249630_3106249631_J60_J61_#5more': 53}, 
705.0, {'J10': -71.0, 'J11': -38396.0, 'J12': -13636.0, 'J13': -20181.0, 'cluster3106249630_3106249631_J60_J61_#5more': -52285.0}, {'J10': 2, 'J11': 32, 'J12': 21, 'J13': 28, 'cluster3106249630_3106249631_J60_J61_#5more': 36}, {'J10': 3, 'J11': 53, 'J12': 49, 'J13': 38, 'cluster3106249630_3106249631_J60_J61_#5more': 53}, 
710.0, {'J10': -101.0, 'J11': -38869.0, 'J12': -14093.5, 'J13': -20561.0, 'cluster3106249630_3106249631_J60_J61_#5more': -52815.0}, {'J10': 2, 'J11': 32, 'J12': 21, 'J13': 28, 'cluster3106249630_3106249631_J60_J61_#5more': 36}, {'J10': 3, 'J11': 51, 'J12': 51, 'J13': 38, 'cluster3106249630_3106249631_J60_J61_#5more': 53}, 
715.0, {'J10': -24.0, 'J11': -39379.0, 'J12': -14607.0, 'J13': -20941.0, 'cluster3106249630_3106249631_J60_J61_#5more': -53345.0}, {'J10': 1, 'J11': 32, 'J12': 21, 'J13': 28, 'cluster3106249630_3106249631_J60_J61_#5more': 36}, {'J10': 2, 'J11': 51, 'J12': 52, 'J13': 38, 'cluster3106249630_3106249631_J60_J61_#5more': 53}, 
720.0, {'J10': -52.5, 'J11': -39891.0, 'J12': -14989.5, 'J13': -21321.0, 'cluster3106249630_3106249631_J60_J61_#5more': -53875.0}, {'J10': 2, 'J11': 32, 'J12': 21, 'J13': 28, 'cluster3106249630_3106249631_J60_J61_#5more': 36}, {'J10': 6, 'J11': 53, 'J12': 50, 'J13': 38, 'cluster3106249630_3106249631_J60_J61_#5more': 53}, 
725.0, {'J10': -116.0, 'J11': -40303.5, 'J12': -12229.0, 'J13': -19072.5, 'cluster3106249630_3106249631_J60_J61_#5more': -54407.5}, {'J10': 3, 'J11': 32, 'J12': 18, 'J13': 26, 'cluster3106249630_3106249631_J60_J61_#5more': 36}, {'J10': 7, 'J11': 50, 'J12': 41, 'J13': 35, 'cluster3106249630_3106249631_J60_J61_#5more': 54}, 
730.0, {'J10': -101.0, 'J11': -40742.0, 'J12': -11289.0, 'J13': -17867.5, 'cluster3106249630_3106249631_J60_J61_#5more': -54935.0}, {'J10': 3, 'J11': 32, 'J12': 17, 'J13': 25, 'cluster3106249630_3106249631_J60_J61_#5more': 36}, {'J10': 4, 'J11': 48, 'J12': 39, 'J13': 33, 'cluster3106249630_3106249631_J60_J61_#5more': 53}, 
735.0, {'J10': -141.0, 'J11': -41222.0, 'J12': -11694.0, 'J13': -18197.5, 'cluster3106249630_3106249631_J60_J61_#5more': -55465.0}, {'J10': 3, 'J11': 32, 'J12': 17, 'J13': 25, 'cluster3106249630_3106249631_J60_J61_#5more': 36}, {'J10': 4, 'J11': 48, 'J12': 44, 'J13': 33, 'cluster3106249630_3106249631_J60_J61_#5more': 53}, 
740.0, {'J10': -181.5, 'J11': -41702.0, 'J12': -12136.0, 'J13': -18530.0, 'cluster3106249630_3106249631_J60_J61_#5more': -55995.0}, {'J10': 4, 'J11': 32, 'J12': 17, 'J13': 25, 'cluster3106249630_3106249631_J60_J61_#5more': 36}, {'J10': 5, 'J11': 48, 'J12': 45, 'J13': 35, 'cluster3106249630_3106249631_J60_J61_#5more': 53}, 
745.0, {'J10': -101.0, 'J11': -42182.0, 'J12': -12599.5, 'J13': -18881.0, 'cluster3106249630_3106249631_J60_J61_#5more': -56525.0}, {'J10': 3, 'J11': 32, 'J12': 20, 'J13': 26, 'cluster3106249630_3106249631_J60_J61_#5more': 36}, {'J10': 5, 'J11': 48, 'J12': 51, 'J13': 36, 'cluster3106249630_3106249631_J60_J61_#5more': 53}, 
750.0, {'J10': -144.5, 'J11': -42662.0, 'J12': -13123.0, 'J13': -19250.5, 'cluster3106249630_3106249631_J60_J61_#5more': -57055.0}, {'J10': 3, 'J11': 32, 'J12': 20, 'J13': 28, 'cluster3106249630_3106249631_J60_J61_#5more': 36}, {'J10': 5, 'J11': 48, 'J12': 56, 'J13': 39, 'cluster3106249630_3106249631_J60_J61_#5more': 53}, 
755.0, {'J10': -90.5, 'J11': -43142.0, 'J12': -13688.5, 'J13': -19640.5, 'cluster3106249630_3106249631_J60_J61_#5more': -57585.0}, {'J10': 2, 'J11': 32, 'J12': 20, 'J13': 28, 'cluster3106249630_3106249631_J60_J61_#5more': 36}, {'J10': 5, 'J11': 48, 'J12': 59, 'J13': 39, 'cluster3106249630_3106249631_J60_J61_#5more': 53}, 
760.0, {'J10': -63.0, 'J11': -43622.0, 'J12': -14283.0, 'J13': -20030.5, 'cluster3106249630_3106249631_J60_J61_#5more': -58119.0}, {'J10': 3, 'J11': 32, 'J12': 20, 'J13': 28, 'cluster3106249630_3106249631_J60_J61_#5more': 36}, {'J10': 4, 'J11': 48, 'J12': 61, 'J13': 39, 'cluster3106249630_3106249631_J60_J61_#5more': 54}, 
765.0, {'J10': -56.5, 'J11': -44102.0, 'J12': -14896.5, 'J13': -20420.5, 'cluster3106249630_3106249631_J60_J61_#5more': -58534.0}, {'J10': 3, 'J11': 32, 'J12': 20, 'J13': 28, 'cluster3106249630_3106249631_J60_J61_#5more': 36}, {'J10': 3, 'J11': 48, 'J12': 62, 'J13': 39, 'cluster3106249630_3106249631_J60_J61_#5more': 55}, 
770.0, {'J10': -26.5, 'J11': -44582.0, 'J12': -15516.5, 'J13': -20810.5, 'cluster3106249630_3106249631_J60_J61_#5more': -58950.5}, {'J10': 2, 'J11': 32, 'J12': 20, 'J13': 28, 'cluster3106249630_3106249631_J60_J61_#5more': 36}, {'J10': 3, 'J11': 48, 'J12': 62, 'J13': 39, 'cluster3106249630_3106249631_J60_J61_#5more': 57}, 
775.0, {'J10': -59.0, 'J11': -45062.0, 'J12': -16141.5, 'J13': -21200.5, 'cluster3106249630_3106249631_J60_J61_#5more': -59317.5}, {'J10': 2, 'J11': 32, 'J12': 20, 'J13': 28, 'cluster3106249630_3106249631_J60_J61_#5more': 36}, {'J10': 4, 'J11': 48, 'J12': 63, 'J13': 39, 'cluster3106249630_3106249631_J60_J61_#5more': 56}, 
780.0, {'J10': -71.0, 'J11': -45542.0, 'J12': -16778.5, 'J13': -21590.5, 'cluster3106249630_3106249631_J60_J61_#5more': -59612.5}, {'J10': 2, 'J11': 32, 'J12': 20, 'J13': 28, 'cluster3106249630_3106249631_J60_J61_#5more': 36}, {'J10': 3, 'J11': 48, 'J12': 65, 'J13': 39, 'cluster3106249630_3106249631_J60_J61_#5more': 51}, 
785.0, {'J10': -43.5, 'J11': -46022.0, 'J12': -17431.5, 'J13': -21980.5, 'cluster3106249630_3106249631_J60_J61_#5more': -60082.0}, {'J10': 1, 'J11': 32, 'J12': 20, 'J13': 28, 'cluster3106249630_3106249631_J60_J61_#5more': 36}, {'J10': 2, 'J11': 48, 'J12': 66, 'J13': 39, 'cluster3106249630_3106249631_J60_J61_#5more': 51}, 
790.0, {'J10': -2.5, 'J11': -46502.0, 'J12': -14268.0, 'J13': -19623.0, 'cluster3106249630_3106249631_J60_J61_#5more': -60602.0}, {'J10': 1, 'J11': 32, 'J12': 17, 'J13': 26, 'cluster3106249630_3106249631_J60_J61_#5more': 36}, {'J10': 1, 'J11': 48, 'J12': 57, 'J13': 35, 'cluster3106249630_3106249631_J60_J61_#5more': 54}, 
795.0, {'J10': -12.5, 'J11': -46982.0, 'J12': -13687.5, 'J13': -17287.5, 'cluster3106249630_3106249631_J60_J61_#5more': -61117.0}, {'J10': 1, 'J11': 32, 'J12': 16, 'J13': 24, 'cluster3106249630_3106249631_J60_J61_#5more': 36}, {'J10': 1, 'J11': 48, 'J12': 55, 'J13': 33, 'cluster3106249630_3106249631_J60_J61_#5more': 52}, 
800.0, {'J10': -22.5, 'J11': -47462.0, 'J12': -14253.0, 'J13': -17617.5, 'cluster3106249630_3106249631_J60_J61_#5more': -61639.0}, {'J10': 1, 'J11': 32, 'J12': 16, 'J13': 24, 'cluster3106249630_3106249631_J60_J61_#5more': 36}, {'J10': 1, 'J11': 48, 'J12': 63, 'J13': 33, 'cluster3106249630_3106249631_J60_J61_#5more': 53}, 
805.0, {'J10': -35.0, 'J11': -47942.0, 'J12': -14890.0, 'J13': -17950.5, 'cluster3106249630_3106249631_J60_J61_#5more': -62169.0}, {'J10': 2, 'J11': 32, 'J12': 16, 'J13': 24, 'cluster3106249630_3106249631_J60_J61_#5more': 36}, {'J10': 2, 'J11': 48, 'J12': 65, 'J13': 35, 'cluster3106249630_3106249631_J60_J61_#5more': 53}, 
810.0, {'J10': -55.0, 'J11': -48422.0, 'J12': -15559.0, 'J13': -18300.5, 'cluster3106249630_3106249631_J60_J61_#5more': -62699.0}, {'J10': 2, 'J11': 32, 'J12': 20, 'J13': 24, 'cluster3106249630_3106249631_J60_J61_#5more': 36}, {'J10': 2, 'J11': 48, 'J12': 70, 'J13': 35, 'cluster3106249630_3106249631_J60_J61_#5more': 53}, 
815.0, {'J10': -75.0, 'J11': -48902.0, 'J12': -15624.0, 'J13': -18662.0, 'cluster3106249630_3106249631_J60_J61_#5more': -63229.0}, {'J10': 2, 'J11': 32, 'J12': 20, 'J13': 28, 'cluster3106249630_3106249631_J60_J61_#5more': 36}, {'J10': 2, 'J11': 48, 'J12': 68, 'J13': 39, 'cluster3106249630_3106249631_J60_J61_#5more': 53}, 
820.0, {'J10': -33.0, 'J11': -49382.0, 'J12': -15752.5, 'J13': -19052.0, 'cluster3106249630_3106249631_J60_J61_#5more': -63762.0}, {'J10': 1, 'J11': 32, 'J12': 20, 'J13': 28, 'cluster3106249630_3106249631_J60_J61_#5more': 36}, {'J10': 2, 'J11': 48, 'J12': 64, 'J13': 39, 'cluster3106249630_3106249631_J60_J61_#5more': 54}, 
825.0, {'J10': -17.5, 'J11': -49862.0, 'J12': -16209.5, 'J13': -19442.0, 'cluster3106249630_3106249631_J60_J61_#5more': -64302.0}, {'J10': 2, 'J11': 32, 'J12': 20, 'J13': 28, 'cluster3106249630_3106249631_J60_J61_#5more': 36}, {'J10': 4, 'J11': 48, 'J12': 63, 'J13': 39, 'cluster3106249630_3106249631_J60_J61_#5more': 54}, 
830.0, {'J10': -59.0, 'J11': -50346.0, 'J12': -16515.5, 'J13': -19832.0, 'cluster3106249630_3106249631_J60_J61_#5more': -64842.0}, {'J10': 3, 'J11': 32, 'J12': 20, 'J13': 28, 'cluster3106249630_3106249631_J60_J61_#5more': 36}, {'J10': 6, 'J11': 49, 'J12': 65, 'J13': 39, 'cluster3106249630_3106249631_J60_J61_#5more': 54}, 
835.0, {'J10': -75.5, 'J11': -50836.0, 'J12': -14683.0, 'J13': -20222.0, 'cluster3106249630_3106249631_J60_J61_#5more': -65382.0}, {'J10': 3, 'J11': 32, 'J12': 20, 'J13': 28, 'cluster3106249630_3106249631_J60_J61_#5more': 36}, {'J10': 5, 'J11': 49, 'J12': 58, 'J13': 39, 'cluster3106249630_3106249631_J60_J61_#5more': 54}, 
840.0, {'J10': -23.0, 'J11': -51302.0, 'J12': -13791.0, 'J13': -20612.0, 'cluster3106249630_3106249631_J60_J61_#5more': -65924.5}, {'J10': 1, 'J11': 32, 'J12': 20, 'J13': 28, 'cluster3106249630_3106249631_J60_J61_#5more': 36}, {'J10': 2, 'J11': 48, 'J12': 51, 'J13': 39, 'cluster3106249630_3106249631_J60_J61_#5more': 55}, 
845.0, {'J10': -43.0, 'J11': -51782.0, 'J12': -14033.5, 'J13': -21002.0, 'cluster3106249630_3106249631_J60_J61_#5more': -66474.5}, {'J10': 1, 'J11': 32, 'J12': 20, 'J13': 28, 'cluster3106249630_3106249631_J60_J61_#5more': 36}, {'J10': 2, 'J11': 48, 'J12': 54, 'J13': 39, 'cluster3106249630_3106249631_J60_J61_#5more': 55}, 
850.0, {'J10': -63.0, 'J11': -52262.0, 'J12': -14537.0, 'J13': -21392.0, 'cluster3106249630_3106249631_J60_J61_#5more': -67024.5}, {'J10': 1, 'J11': 32, 'J12': 20, 'J13': 28, 'cluster3106249630_3106249631_J60_J61_#5more': 36}, {'J10': 2, 'J11': 48, 'J12': 54, 'J13': 39, 'cluster3106249630_3106249631_J60_J61_#5more': 55}, 
855.0, {'J10': -1.0, 'J11': -52742.0, 'J12': -15087.5, 'J13': -18546.0, 'cluster3106249630_3106249631_J60_J61_#5more': -67463.0}, {'J10': 1, 'J11': 32, 'J12': 20, 'J13': 26, 'cluster3106249630_3106249631_J60_J61_#5more': 36}, {'J10': 1, 'J11': 48, 'J12': 59, 'J13': 35, 'cluster3106249630_3106249631_J60_J61_#5more': 55}, 
860.0, {'J10': 0, 'J11': -53222.0, 'J12': -13995.5, 'J13': -17891.5, 'cluster3106249630_3106249631_J60_J61_#5more': -67975.0}, {'J10': 0, 'J11': 32, 'J12': 20, 'J13': 25, 'cluster3106249630_3106249631_J60_J61_#5more': 36}, {'J10': 0, 'J11': 48, 'J12': 56, 'J13': 34, 'cluster3106249630_3106249631_J60_J61_#5more': 56}, 
865.0, {'J10': 0, 'J11': -53702.0, 'J12': -13597.5, 'J13': -18236.0, 'cluster3106249630_3106249631_J60_J61_#5more': -68376.0}, {'J10': 0, 'J11': 32, 'J12': 20, 'J13': 25, 'cluster3106249630_3106249631_J60_J61_#5more': 36}, {'J10': 0, 'J11': 48, 'J12': 53, 'J13': 35, 'cluster3106249630_3106249631_J60_J61_#5more': 56}, 
870.0, {'J10': -1.0, 'J11': -54182.0, 'J12': -13557.5, 'J13': -18589.5, 'cluster3106249630_3106249631_J60_J61_#5more': -68883.5}, {'J10': 1, 'J11': 32, 'J12': 20, 'J13': 25, 'cluster3106249630_3106249631_J60_J61_#5more': 36}, {'J10': 1, 'J11': 48, 'J12': 53, 'J13': 37, 'cluster3106249630_3106249631_J60_J61_#5more': 54}, 
875.0, {'J10': -11.0, 'J11': -54662.0, 'J12': -14090.0, 'J13': -18960.5, 'cluster3106249630_3106249631_J60_J61_#5more': -69398.5}, {'J10': 1, 'J11': 32, 'J12': 20, 'J13': 26, 'cluster3106249630_3106249631_J60_J61_#5more': 36}, {'J10': 1, 'J11': 48, 'J12': 54, 'J13': 38, 'cluster3106249630_3106249631_J60_J61_#5more': 53}, 
880.0, {'J10': -21.0, 'J11': -55142.0, 'J12': -14255.5, 'J13': -19349.0, 'cluster3106249630_3106249631_J60_J61_#5more': -69551.5}, {'J10': 1, 'J11': 32, 'J12': 20, 'J13': 28, 'cluster3106249630_3106249631_J60_J61_#5more': 36}, {'J10': 1, 'J11': 48, 'J12': 54, 'J13': 40, 'cluster3106249630_3106249631_J60_J61_#5more': 51}, 
885.0, {'J10': -0.5, 'J11': -55622.0, 'J12': -14551.0, 'J13': -19749.0, 'cluster3106249630_3106249631_J60_J61_#5more': -70061.5}, {'J10': 1, 'J11': 32, 'J12': 20, 'J13': 28, 'cluster3106249630_3106249631_J60_J61_#5more': 36}, {'J10': 1, 'J11': 48, 'J12': 52, 'J13': 40, 'cluster3106249630_3106249631_J60_J61_#5more': 51}, 
890.0, {'J10': 0, 'J11': -56102.0, 'J12': -14872.5, 'J13': -20149.0, 'cluster3106249630_3106249631_J60_J61_#5more': -70580.5}, {'J10': 0, 'J11': 32, 'J12': 20, 'J13': 28, 'cluster3106249630_3106249631_J60_J61_#5more': 36}, {'J10': 0, 'J11': 48, 'J12': 49, 'J13': 40, 'cluster3106249630_3106249631_J60_J61_#5more': 55}, 
895.0, {'J10': -5.0, 'J11': -56587.5, 'J12': -15370.0, 'J13': -20549.0, 'cluster3106249630_3106249631_J60_J61_#5more': -71130.5}, {'J10': 1, 'J11': 32, 'J12': 20, 'J13': 28, 'cluster3106249630_3106249631_J60_J61_#5more': 36}, {'J10': 1, 'J11': 50, 'J12': 52, 'J13': 40, 'cluster3106249630_3106249631_J60_J61_#5more': 55}, 
900.0, {'J10': -15.0, 'J11': -57062.0, 'J12': -15854.0, 'J13': -20949.0, 'cluster3106249630_3106249631_J60_J61_#5more': -71684.0}, {'J10': 1, 'J11': 32, 'J12': 20, 'J13': 28, 'cluster3106249630_3106249631_J60_J61_#5more': 36}, {'J10': 1, 'J11': 48, 'J12': 50, 'J13': 40, 'cluster3106249630_3106249631_J60_J61_#5more': 56}, 
905.0, {'J10': -26.0, 'J11': -57542.5, 'J12': -15611.5, 'J13': -21349.0, 'cluster3106249630_3106249631_J60_J61_#5more': -72244.0}, {'J10': 2, 'J11': 32, 'J12': 20, 'J13': 28, 'cluster3106249630_3106249631_J60_J61_#5more': 36}, {'J10': 2, 'J11': 49, 'J12': 48, 'J13': 40, 'cluster3106249630_3106249631_J60_J61_#5more': 56}, 
910.0, {'J10': -48.0, 'J11': -58022.0, 'J12': -15851.0, 'J13': -21749.0, 'cluster3106249630_3106249631_J60_J61_#5more': -72804.0}, {'J10': 2, 'J11': 32, 'J12': 20, 'J13': 28, 'cluster3106249630_3106249631_J60_J61_#5more': 36}, {'J10': 3, 'J11': 48, 'J12': 47, 'J13': 40, 'cluster3106249630_3106249631_J60_J61_#5more': 56}, 
915.0, {'J10': -78.0, 'J11': -58502.0, 'J12': -16323.5, 'J13': -22149.0, 'cluster3106249630_3106249631_J60_J61_#5more': -73364.0}, {'J10': 2, 'J11': 32, 'J12': 20, 'J13': 28, 'cluster3106249630_3106249631_J60_J61_#5more': 36}, {'J10': 3, 'J11': 48, 'J12': 49, 'J13': 40, 'cluster3106249630_3106249631_J60_J61_#5more': 56}, 
920.0, {'J10': -108.5, 'J11': -58982.0, 'J12': -16763.0, 'J13': -18553.0, 'cluster3106249630_3106249631_J60_J61_#5more': -73803.5}, {'J10': 2, 'J11': 32, 'J12': 20, 'J13': 25, 'cluster3106249630_3106249631_J60_J61_#5more': 36}, {'J10': 4, 'J11': 48, 'J12': 48, 'J13': 36, 'cluster3106249630_3106249631_J60_J61_#5more': 56}, 
925.0, {'J10': -152.5, 'J11': -59462.0, 'J12': -17213.0, 'J13': -17405.0, 'cluster3106249630_3106249631_J60_J61_#5more': -74363.5}, {'J10': 3, 'J11': 32, 'J12': 20, 'J13': 24, 'cluster3106249630_3106249631_J60_J61_#5more': 36}, {'J10': 5, 'J11': 48, 'J12': 48, 'J13': 33, 'cluster3106249630_3106249631_J60_J61_#5more': 56}, 
930.0, {'J10': -85.5, 'J11': -59942.0, 'J12': -17697.5, 'J13': -17735.0, 'cluster3106249630_3106249631_J60_J61_#5more': -74678.5}, {'J10': 2, 'J11': 32, 'J12': 20, 'J13': 24, 'cluster3106249630_3106249631_J60_J61_#5more': 36}, {'J10': 3, 'J11': 48, 'J12': 50, 'J13': 33, 'cluster3106249630_3106249631_J60_J61_#5more': 54}, 
935.0, {'J10': -24.0, 'J11': -60422.0, 'J12': -17971.0, 'J13': -18066.0, 'cluster3106249630_3106249631_J60_J61_#5more': -75218.5}, {'J10': 1, 'J11': 32, 'J12': 20, 'J13': 24, 'cluster3106249630_3106249631_J60_J61_#5more': 36}, {'J10': 1, 'J11': 48, 'J12': 54, 'J13': 34, 'cluster3106249630_3106249631_J60_J61_#5more': 54}, 
940.0, {'J10': 0, 'J11': -60902.0, 'J12': -18469.5, 'J13': -18412.0, 'cluster3106249630_3106249631_J60_J61_#5more': -75758.5}, {'J10': 0, 'J11': 32, 'J12': 20, 'J13': 24, 'cluster3106249630_3106249631_J60_J61_#5more': 36}, {'J10': 0, 'J11': 48, 'J12': 57, 'J13': 36, 'cluster3106249630_3106249631_J60_J61_#5more': 54}, 
945.0, {'J10': -5.0, 'J11': -61382.0, 'J12': -19007.0, 'J13': -18781.0, 'cluster3106249630_3106249631_J60_J61_#5more': -76298.5}, {'J10': 1, 'J11': 32, 'J12': 20, 'J13': 27, 'cluster3106249630_3106249631_J60_J61_#5more': 36}, {'J10': 1, 'J11': 48, 'J12': 61, 'J13': 40, 'cluster3106249630_3106249631_J60_J61_#5more': 54}, 
950.0, {'J10': -15.0, 'J11': -61862.0, 'J12': -19469.0, 'J13': -19185.5, 'cluster3106249630_3106249631_J60_J61_#5more': -76838.5}, {'J10': 1, 'J11': 32, 'J12': 20, 'J13': 28, 'cluster3106249630_3106249631_J60_J61_#5more': 36}, {'J10': 1, 'J11': 48, 'J12': 58, 'J13': 41, 'cluster3106249630_3106249631_J60_J61_#5more': 54}, 
955.0, {'J10': 0, 'J11': -62342.0, 'J12': -19867.0, 'J13': -19595.5, 'cluster3106249630_3106249631_J60_J61_#5more': -77247.0}, {'J10': 0, 'J11': 32, 'J12': 20, 'J13': 28, 'cluster3106249630_3106249631_J60_J61_#5more': 36}, {'J10': 0, 'J11': 48, 'J12': 52, 'J13': 41, 'cluster3106249630_3106249631_J60_J61_#5more': 54}, 
960.0, {'J10': 0, 'J11': -62822.0, 'J12': -20390.0, 'J13': -20005.5, 'cluster3106249630_3106249631_J60_J61_#5more': -77787.0}, {'J10': 0, 'J11': 32, 'J12': 20, 'J13': 28, 'cluster3106249630_3106249631_J60_J61_#5more': 36}, {'J10': 0, 'J11': 48, 'J12': 53, 'J13': 41, 'cluster3106249630_3106249631_J60_J61_#5more': 54}, 
965.0, {'J10': -4.5, 'J11': -63302.0, 'J12': -20866.0, 'J13': -20415.5, 'cluster3106249630_3106249631_J60_J61_#5more': -78327.0}, {'J10': 1, 'J11': 32, 'J12': 20, 'J13': 28, 'cluster3106249630_3106249631_J60_J61_#5more': 36}, {'J10': 1, 'J11': 48, 'J12': 52, 'J13': 41, 'cluster3106249630_3106249631_J60_J61_#5more': 54}, 
970.0, {'J10': -19.0, 'J11': -63782.0, 'J12': -21341.0, 'J13': -20825.5, 'cluster3106249630_3106249631_J60_J61_#5more': -78869.5}, {'J10': 2, 'J11': 32, 'J12': 20, 'J13': 28, 'cluster3106249630_3106249631_J60_J61_#5more': 36}, {'J10': 2, 'J11': 48, 'J12': 53, 'J13': 41, 'cluster3106249630_3106249631_J60_J61_#5more': 55}, 
975.0, {'J10': -39.0, 'J11': -64262.0, 'J12': -21871.0, 'J13': -21235.5, 'cluster3106249630_3106249631_J60_J61_#5more': -79421.0}, {'J10': 2, 'J11': 32, 'J12': 20, 'J13': 28, 'cluster3106249630_3106249631_J60_J61_#5more': 36}, {'J10': 2, 'J11': 48, 'J12': 53, 'J13': 41, 'cluster3106249630_3106249631_J60_J61_#5more': 56}, 
980.0, {'J10': -59.0, 'J11': -64742.0, 'J12': -22407.5, 'J13': -21645.5, 'cluster3106249630_3106249631_J60_J61_#5more': -79981.0}, {'J10': 2, 'J11': 32, 'J12': 20, 'J13': 28, 'cluster3106249630_3106249631_J60_J61_#5more': 36}, {'J10': 2, 'J11': 48, 'J12': 55, 'J13': 41, 'cluster3106249630_3106249631_J60_J61_#5more': 56}, 
985.0, {'J10': -81.0, 'J11': -65222.0, 'J12': -22899.0, 'J13': -17207.5, 'cluster3106249630_3106249631_J60_J61_#5more': -80541.0}, {'J10': 2, 'J11': 32, 'J12': 20, 'J13': 24, 'cluster3106249630_3106249631_J60_J61_#5more': 36}, {'J10': 3, 'J11': 48, 'J12': 59, 'J13': 35, 'cluster3106249630_3106249631_J60_J61_#5more': 56}, 
990.0, {'J10': -111.0, 'J11': -65702.0, 'J12': -23490.0, 'J13': -17084.0, 'cluster3106249630_3106249631_J60_J61_#5more': -81101.0}, {'J10': 2, 'J11': 32, 'J12': 20, 'J13': 24, 'cluster3106249630_3106249631_J60_J61_#5more': 36}, {'J10': 3, 'J11': 48, 'J12': 60, 'J13': 33, 'cluster3106249630_3106249631_J60_J61_#5more': 56}, 
995.0, {'J10': -141.0, 'J11': -66185.0, 'J12': -24100.5, 'J13': -17414.0, 'cluster3106249630_3106249631_J60_J61_#5more': -81661.0}, {'J10': 2, 'J11': 32, 'J12': 20, 'J13': 24, 'cluster3106249630_3106249631_J60_J61_#5more': 36}, {'J10': 3, 'J11': 49, 'J12': 63, 'J13': 33, 'cluster3106249630_3106249631_J60_J61_#5more': 56}, 
1000.0, {'J10': -171.0, 'J11': -66680.5, 'J12': -24748.0, 'J13': -17747.5, 'cluster3106249630_3106249631_J60_J61_#5more': -82221.0}, {'J10': 2, 'J11': 32, 'J12': 20, 'J13': 24, 'cluster3106249630_3106249631_J60_J61_#5more': 36}, {'J10': 3, 'J11': 51, 'J12': 69, 'J13': 35, 'cluster3106249630_3106249631_J60_J61_#5more': 56}, 
1005.0, {'J10': -201.0, 'J11': -67194.0, 'J12': -25262.5, 'J13': -18099.5, 'cluster3106249630_3106249631_J60_J61_#5more': -82549.0}, {'J10': 2, 'J11': 32, 'J12': 20, 'J13': 24, 'cluster3106249630_3106249631_J60_J61_#5more': 36}, {'J10': 3, 'J11': 53, 'J12': 67, 'J13': 36, 'cluster3106249630_3106249631_J60_J61_#5more': 55}, 
1010.0, {'J10': -88.5, 'J11': -67686.0, 'J12': -25797.5, 'J13': -18468.0, 'cluster3106249630_3106249631_J60_J61_#5more': -83099.0}, {'J10': 1, 'J11': 32, 'J12': 20, 'J13': 26, 'cluster3106249630_3106249631_J60_J61_#5more': 36}, {'J10': 4, 'J11': 53, 'J12': 66, 'J13': 39, 'cluster3106249630_3106249631_J60_J61_#5more': 55}, 
1015.0, {'J10': -26.0, 'J11': -68216.0, 'J12': -26464.0, 'J13': -18873.0, 'cluster3106249630_3106249631_J60_J61_#5more': -83653.0}, {'J10': 1, 'J11': 32, 'J12': 20, 'J13': 28, 'cluster3106249630_3106249631_J60_J61_#5more': 36}, {'J10': 4, 'J11': 53, 'J12': 69, 'J13': 43, 'cluster3106249630_3106249631_J60_J61_#5more': 56}, 
1020.0, {'J10': -49.5, 'J11': -68752.5, 'J12': -27158.0, 'J13': -19303.0, 'cluster3106249630_3106249631_J60_J61_#5more': -84217.0}, {'J10': 2, 'J11': 32, 'J12': 20, 'J13': 28, 'cluster3106249630_3106249631_J60_J61_#5more': 36}, {'J10': 4, 'J11': 56, 'J12': 70, 'J13': 43, 'cluster3106249630_3106249631_J60_J61_#5more': 58}, 
1025.0, {'J10': -44.0, 'J11': -69226.5, 'J12': -27860.0, 'J13': -19733.0, 'cluster3106249630_3106249631_J60_J61_#5more': -84804.5}, {'J10': 1, 'J11': 32, 'J12': 20, 'J13': 28, 'cluster3106249630_3106249631_J60_J61_#5more': 36}, {'J10': 2, 'J11': 53, 'J12': 71, 'J13': 43, 'cluster3106249630_3106249631_J60_J61_#5more': 61}, 
1030.0, {'J10': -67.0, 'J11': -69598.5, 'J12': -28311.5, 'J13': -20163.0, 'cluster3106249630_3106249631_J60_J61_#5more': -85421.5}, {'J10': 2, 'J11': 32, 'J12': 20, 'J13': 28, 'cluster3106249630_3106249631_J60_J61_#5more': 36}, {'J10': 4, 'J11': 50, 'J12': 67, 'J13': 43, 'cluster3106249630_3106249631_J60_J61_#5more': 63}, 
1035.0, {'J10': -99.5, 'J11': -70022.0, 'J12': -28826.0, 'J13': -20593.0, 'cluster3106249630_3106249631_J60_J61_#5more': -86060.0}, {'J10': 1, 'J11': 32, 'J12': 20, 'J13': 28, 'cluster3106249630_3106249631_J60_J61_#5more': 36}, {'J10': 4, 'J11': 48, 'J12': 66, 'J13': 43, 'cluster3106249630_3106249631_J60_J61_#5more': 66}, 
1040.0, {'J10': -145.0, 'J11': -70502.0, 'J12': -29488.5, 'J13': -21023.0, 'cluster3106249630_3106249631_J60_J61_#5more': -86728.5}, {'J10': 4, 'J11': 32, 'J12': 20, 'J13': 28, 'cluster3106249630_3106249631_J60_J61_#5more': 36}, {'J10': 7, 'J11': 48, 'J12': 68, 'J13': 43, 'cluster3106249630_3106249631_J60_J61_#5more': 70}, 
1045.0, {'J10': -191.5, 'J11': -70982.0, 'J12': -30168.5, 'J13': -21453.0, 'cluster3106249630_3106249631_J60_J61_#5more': -87432.5}, {'J10': 4, 'J11': 32, 'J12': 20, 'J13': 28, 'cluster3106249630_3106249631_J60_J61_#5more': 36}, {'J10': 6, 'J11': 48, 'J12': 68, 'J13': 43, 'cluster3106249630_3106249631_J60_J61_#5more': 72}, 
1050.0, {'J10': -255.5, 'J11': -71462.0, 'J12': -30852.5, 'J13': -19240.0, 'cluster3106249630_3106249631_J60_J61_#5more': -87811.0}, {'J10': 4, 'J11': 32, 'J12': 20, 'J13': 26, 'cluster3106249630_3106249631_J60_J61_#5more': 36}, {'J10': 7, 'J11': 48, 'J12': 69, 'J13': 38, 'cluster3106249630_3106249631_J60_J61_#5more': 71}, 
1055.0, {'J10': -330.5, 'J11': -71942.0, 'J12': -28931.0, 'J13': -19247.5, 'cluster3106249630_3106249631_J60_J61_#5more': -88530.0}, {'J10': 5, 'J11': 32, 'J12': 20, 'J13': 26, 'cluster3106249630_3106249631_J60_J61_#5more': 36}, {'J10': 8, 'J11': 48, 'J12': 64, 'J13': 37, 'cluster3106249630_3106249631_J60_J61_#5more': 75}, 
1060.0, {'J10': -410.5, 'J11': -72422.0, 'J12': -29222.5, 'J13': -19617.5, 'cluster3106249630_3106249631_J60_J61_#5more': -89288.0}, {'J10': 5, 'J11': 32, 'J12': 20, 'J13': 26, 'cluster3106249630_3106249631_J60_J61_#5more': 36}, {'J10': 8, 'J11': 48, 'J12': 60, 'J13': 37, 'cluster3106249630_3106249631_J60_J61_#5more': 77}, 
1065.0, {'J10': -490.5, 'J11': -72902.0, 'J12': -29726.0, 'J13': -19990.0, 'cluster3106249630_3106249631_J60_J61_#5more': -89874.0}, {'J10': 5, 'J11': 32, 'J12': 20, 'J13': 26, 'cluster3106249630_3106249631_J60_J61_#5more': 36}, {'J10': 8, 'J11': 48, 'J12': 62, 'J13': 39, 'cluster3106249630_3106249631_J60_J61_#5more': 75}, 
1070.0, {'J10': -573.5, 'J11': -73382.0, 'J12': -30357.0, 'J13': -20381.5, 'cluster3106249630_3106249631_J60_J61_#5more': -90133.0}, {'J10': 6, 'J11': 32, 'J12': 20, 'J13': 27, 'cluster3106249630_3106249631_J60_J61_#5more': 36}, {'J10': 9, 'J11': 48, 'J12': 65, 'J13': 40, 'cluster3106249630_3106249631_J60_J61_#5more': 69}, 
1075.0, {'J10': -424.5, 'J11': -73862.5, 'J12': -29506.0, 'J13': -20788.0, 'cluster3106249630_3106249631_J60_J61_#5more': -90501.0}, {'J10': 7, 'J11': 32, 'J12': 20, 'J13': 28, 'cluster3106249630_3106249631_J60_J61_#5more': 36}, {'J10': 9, 'J11': 49, 'J12': 64, 'J13': 42, 'cluster3106249630_3106249631_J60_J61_#5more': 65}, 
1080.0, {'J10': -446.5, 'J11': -74354.5, 'J12': -30041.0, 'J13': -21208.0, 'cluster3106249630_3106249631_J60_J61_#5more': -90579.0}, {'J10': 8, 'J11': 32, 'J12': 20, 'J13': 28, 'cluster3106249630_3106249631_J60_J61_#5more': 36}, {'J10': 9, 'J11': 50, 'J12': 62, 'J13': 42, 'cluster3106249630_3106249631_J60_J61_#5more': 60}, 
1085.0, {'J10': -541.5, 'J11': -74834.0, 'J12': -30456.5, 'J13': -21628.0, 'cluster3106249630_3106249631_J60_J61_#5more': -91185.0}, {'J10': 8, 'J11': 32, 'J12': 20, 'J13': 28, 'cluster3106249630_3106249631_J60_J61_#5more': 36}, {'J10': 10, 'J11': 49, 'J12': 62, 'J13': 42, 'cluster3106249630_3106249631_J60_J61_#5more': 62}, 
1090.0, {'J10': -645.0, 'J11': -75302.0, 'J12': -31087.5, 'J13': -22048.0, 'cluster3106249630_3106249631_J60_J61_#5more': -91814.0}, {'J10': 9, 'J11': 32, 'J12': 20, 'J13': 28, 'cluster3106249630_3106249631_J60_J61_#5more': 36}, {'J10': 11, 'J11': 48, 'J12': 67, 'J13': 42, 'cluster3106249630_3106249631_J60_J61_#5more': 65}, 
1095.0, {'J10': -755.0, 'J11': -75782.0, 'J12': -31763.0, 'J13': -22473.0, 'cluster3106249630_3106249631_J60_J61_#5more': -92466.0}, {'J10': 9, 'J11': 32, 'J12': 20, 'J13': 28, 'cluster3106249630_3106249631_J60_J61_#5more': 36}, {'J10': 11, 'J11': 48, 'J12': 69, 'J13': 43, 'cluster3106249630_3106249631_J60_J61_#5more': 66}, 
1100.0, {'J10': -865.0, 'J11': -76262.0, 'J12': -32455.0, 'J13': -22903.0, 'cluster3106249630_3106249631_J60_J61_#5more': -92844.0}, {'J10': 9, 'J11': 32, 'J12': 20, 'J13': 28, 'cluster3106249630_3106249631_J60_J61_#5more': 36}, {'J10': 11, 'J11': 48, 'J12': 71, 'J13': 43, 'cluster3106249630_3106249631_J60_J61_#5more': 68}, 
1105.0, {'J10': -981.5, 'J11': -76744.5, 'J12': -32758.0, 'J13': -23333.0, 'cluster3106249630_3106249631_J60_J61_#5more': -93260.5}, {'J10': 11, 'J11': 32, 'J12': 20, 'J13': 28, 'cluster3106249630_3106249631_J60_J61_#5more': 36}, {'J10': 13, 'J11': 49, 'J12': 68, 'J13': 43, 'cluster3106249630_3106249631_J60_J61_#5more': 69}, 
1110.0, {'J10': -1117.0, 'J11': -77222.0, 'J12': -32962.0, 'J13': -23763.0, 'cluster3106249630_3106249631_J60_J61_#5more': -93950.5}, {'J10': 13, 'J11': 32, 'J12': 20, 'J13': 28, 'cluster3106249630_3106249631_J60_J61_#5more': 36}, {'J10': 15, 'J11': 48, 'J12': 63, 'J13': 43, 'cluster3106249630_3106249631_J60_J61_#5more': 69}, 
1115.0, {'J10': -1267.0, 'J11': -77702.0, 'J12': -33361.0, 'J13': -19256.5, 'cluster3106249630_3106249631_J60_J61_#5more': -94208.5}, {'J10': 13, 'J11': 32, 'J12': 20, 'J13': 24, 'cluster3106249630_3106249631_J60_J61_#5more': 36}, {'J10': 15, 'J11': 48, 'J12': 63, 'J13': 37, 'cluster3106249630_3106249631_J60_J61_#5more': 69}, 
1120.0, {'J10': -1421.0, 'J11': -78182.0, 'J12': -33997.0, 'J13': -19571.5, 'cluster3106249630_3106249631_J60_J61_#5more': -94898.5}, {'J10': 13, 'J11': 32, 'J12': 20, 'J13': 24, 'cluster3106249630_3106249631_J60_J61_#5more': 36}, {'J10': 16, 'J11': 48, 'J12': 65, 'J13': 36, 'cluster3106249630_3106249631_J60_J61_#5more': 69}, 
1125.0, {'J10': -1581.0, 'J11': -78662.0, 'J12': -34609.5, 'J13': -19931.5, 'cluster3106249630_3106249631_J60_J61_#5more': -95364.5}, {'J10': 13, 'J11': 32, 'J12': 20, 'J13': 24, 'cluster3106249630_3106249631_J60_J61_#5more': 36}, {'J10': 16, 'J11': 48, 'J12': 63, 'J13': 36, 'cluster3106249630_3106249631_J60_J61_#5more': 68}, 
1130.0, {'J10': -1744.0, 'J11': -79144.5, 'J12': -34726.5, 'J13': -20295.0, 'cluster3106249630_3106249631_J60_J61_#5more': -95964.0}, {'J10': 13, 'J11': 32, 'J12': 20, 'J13': 24, 'cluster3106249630_3106249631_J60_J61_#5more': 36}, {'J10': 17, 'J11': 49, 'J12': 63, 'J13': 37, 'cluster3106249630_3106249631_J60_J61_#5more': 67}, 
1135.0, {'J10': -1914.0, 'J11': -79622.0, 'J12': -35359.0, 'J13': -20666.0, 'cluster3106249630_3106249631_J60_J61_#5more': -96593.0}, {'J10': 13, 'J11': 32, 'J12': 20, 'J13': 25, 'cluster3106249630_3106249631_J60_J61_#5more': 36}, {'J10': 17, 'J11': 48, 'J12': 65, 'J13': 38, 'cluster3106249630_3106249631_J60_J61_#5more': 67}, 
1140.0, {'J10': -1847.0, 'J11': -80102.0, 'J12': -36014.0, 'J13': -21056.5, 'cluster3106249630_3106249631_J60_J61_#5more': -97263.0}, {'J10': 13, 'J11': 32, 'J12': 20, 'J13': 28, 'cluster3106249630_3106249631_J60_J61_#5more': 36}, {'J10': 15, 'J11': 48, 'J12': 67, 'J13': 41, 'cluster3106249630_3106249631_J60_J61_#5more': 67}, 
1145.0, {'J10': -1997.0, 'J11': -80582.0, 'J12': -36689.5, 'J13': -21466.5, 'cluster3106249630_3106249631_J60_J61_#5more': -97933.0}, {'J10': 13, 'J11': 32, 'J12': 20, 'J13': 28, 'cluster3106249630_3106249631_J60_J61_#5more': 36}, {'J10': 15, 'J11': 48, 'J12': 69, 'J13': 41, 'cluster3106249630_3106249631_J60_J61_#5more': 67}, 
1150.0, {'J10': -2150.5, 'J11': -81062.0, 'J12': -37069.0, 'J13': -21876.5, 'cluster3106249630_3106249631_J60_J61_#5more': -98603.5}, {'J10': 13, 'J11': 32, 'J12': 20, 'J13': 28, 'cluster3106249630_3106249631_J60_J61_#5more': 36}, {'J10': 16, 'J11': 48, 'J12': 67, 'J13': 41, 'cluster3106249630_3106249631_J60_J61_#5more': 68}, 
1155.0, {'J10': -2310.5, 'J11': -81542.0, 'J12': -37705.5, 'J13': -22286.5, 'cluster3106249630_3106249631_J60_J61_#5more': -99232.5}, {'J10': 13, 'J11': 32, 'J12': 20, 'J13': 28, 'cluster3106249630_3106249631_J60_J61_#5more': 36}, {'J10': 16, 'J11': 48, 'J12': 66, 'J13': 41, 'cluster3106249630_3106249631_J60_J61_#5more': 66}, 
1160.0, {'J10': -2470.5, 'J11': -82024.0, 'J12': -38368.0, 'J13': -22696.5, 'cluster3106249630_3106249631_J60_J61_#5more': -99892.5}, {'J10': 13, 'J11': 32, 'J12': 20, 'J13': 28, 'cluster3106249630_3106249631_J60_J61_#5more': 36}, {'J10': 16, 'J11': 49, 'J12': 68, 'J13': 41, 'cluster3106249630_3106249631_J60_J61_#5more': 66}, 
1165.0, {'J10': -2630.5, 'J11': -82517.0, 'J12': -39048.5, 'J13': -23106.5, 'cluster3106249630_3106249631_J60_J61_#5more': -100552.5}, {'J10': 13, 'J11': 32, 'J12': 20, 'J13': 28, 'cluster3106249630_3106249631_J60_J61_#5more': 36}, {'J10': 16, 'J11': 51, 'J12': 69, 'J13': 41, 'cluster3106249630_3106249631_J60_J61_#5more': 66}, 
1170.0, {'J10': -2790.5, 'J11': -82996.0, 'J12': -38197.0, 'J13': -23516.5, 'cluster3106249630_3106249631_J60_J61_#5more': -101212.5}, {'J10': 13, 'J11': 32, 'J12': 20, 'J13': 28, 'cluster3106249630_3106249631_J60_J61_#5more': 36}, {'J10': 16, 'J11': 50, 'J12': 66, 'J13': 41, 'cluster3106249630_3106249631_J60_J61_#5more': 66}, 
1175.0, {'J10': -2950.5, 'J11': -83475.5, 'J12': -38377.5, 'J13': -23929.0, 'cluster3106249630_3106249631_J60_J61_#5more': -101876.0}, {'J10': 13, 'J11': 32, 'J12': 20, 'J13': 28, 'cluster3106249630_3106249631_J60_J61_#5more': 36}, {'J10': 16, 'J11': 49, 'J12': 66, 'J13': 42, 'cluster3106249630_3106249631_J60_J61_#5more': 68}, 
1180.0, {'J10': -3110.5, 'J11': -83970.5, 'J12': -38828.5, 'J13': -20857.0, 'cluster3106249630_3106249631_J60_J61_#5more': -102556.5}, {'J10': 13, 'J11': 32, 'J12': 20, 'J13': 25, 'cluster3106249630_3106249631_J60_J61_#5more': 36}, {'J10': 16, 'J11': 50, 'J12': 69, 'J13': 37, 'cluster3106249630_3106249631_J60_J61_#5more': 69}, 
1185.0, {'J10': -3270.5, 'J11': -84422.0, 'J12': -37452.0, 'J13': -20732.5, 'cluster3106249630_3106249631_J60_J61_#5more': -103250.5}, {'J10': 13, 'J11': 32, 'J12': 20, 'J13': 25, 'cluster3106249630_3106249631_J60_J61_#5more': 36}, {'J10': 16, 'J11': 48, 'J12': 68, 'J13': 36, 'cluster3106249630_3106249631_J60_J61_#5more': 70}, 
1190.0, {'J10': -3430.5, 'J11': -84902.0, 'J12': -37646.0, 'J13': -21092.5, 'cluster3106249630_3106249631_J60_J61_#5more': -103918.0}, {'J10': 13, 'J11': 32, 'J12': 20, 'J13': 25, 'cluster3106249630_3106249631_J60_J61_#5more': 36}, {'J10': 16, 'J11': 48, 'J12': 64, 'J13': 36, 'cluster3106249630_3106249631_J60_J61_#5more': 69}, 
1195.0, {'J10': -3590.5, 'J11': -85382.0, 'J12': -36015.0, 'J13': -21456.0, 'cluster3106249630_3106249631_J60_J61_#5more': -104612.0}, {'J10': 13, 'J11': 32, 'J12': 20, 'J13': 25, 'cluster3106249630_3106249631_J60_J61_#5more': 36}, {'J10': 16, 'J11': 48, 'J12': 60, 'J13': 38, 'cluster3106249630_3106249631_J60_J61_#5more': 71}, 
1200.0, {'J10': -3750.5, 'J11': -85862.0, 'J12': -35694.5, 'J13': -21837.0, 'cluster3106249630_3106249631_J60_J61_#5more': -105322.0}, {'J10': 13, 'J11': 32, 'J12': 20, 'J13': 26, 'cluster3106249630_3106249631_J60_J61_#5more': 36}, {'J10': 16, 'J11': 48, 'J12': 59, 'J13': 39, 'cluster3106249630_3106249631_J60_J61_#5more': 71}, 
1205.0, {'J10': -3739.0, 'J11': -86342.0, 'J12': -36294.0, 'J13': -22240.0, 'cluster3106249630_3106249631_J60_J61_#5more': -106036.5}, {'J10': 13, 'J11': 32, 'J12': 20, 'J13': 28, 'cluster3106249630_3106249631_J60_J61_#5more': 36}, {'J10': 16, 'J11': 48, 'J12': 64, 'J13': 42, 'cluster3106249630_3106249631_J60_J61_#5more': 73}, 
1210.0, {'J10': -3901.0, 'J11': -86822.0, 'J12': -36762.5, 'J13': -22660.0, 'cluster3106249630_3106249631_J60_J61_#5more': -106768.5}, {'J10': 13, 'J11': 32, 'J12': 20, 'J13': 28, 'cluster3106249630_3106249631_J60_J61_#5more': 36}, {'J10': 17, 'J11': 48, 'J12': 66, 'J13': 42, 'cluster3106249630_3106249631_J60_J61_#5more': 74}, 
1215.0, {'J10': -4045.0, 'J11': -87302.0, 'J12': -37369.0, 'J13': -23080.0, 'cluster3106249630_3106249631_J60_J61_#5more': -107361.0}, {'J10': 13, 'J11': 32, 'J12': 20, 'J13': 28, 'cluster3106249630_3106249631_J60_J61_#5more': 36}, {'J10': 17, 'J11': 48, 'J12': 67, 'J13': 42, 'cluster3106249630_3106249631_J60_J61_#5more': 74}, 
1220.0, {'J10': -4215.0, 'J11': -87782.0, 'J12': -37372.0, 'J13': -23500.0, 'cluster3106249630_3106249631_J60_J61_#5more': -107912.0}, {'J10': 13, 'J11': 32, 'J12': 20, 'J13': 28, 'cluster3106249630_3106249631_J60_J61_#5more': 36}, {'J10': 17, 'J11': 48, 'J12': 66, 'J13': 42, 'cluster3106249630_3106249631_J60_J61_#5more': 71}, 
1225.0, {'J10': -4385.0, 'J11': -88262.0, 'J12': -37255.5, 'J13': -23920.0, 'cluster3106249630_3106249631_J60_J61_#5more': -108546.0}, {'J10': 13, 'J11': 32, 'J12': 20, 'J13': 28, 'cluster3106249630_3106249631_J60_J61_#5more': 36}, {'J10': 17, 'J11': 48, 'J12': 61, 'J13': 42, 'cluster3106249630_3106249631_J60_J61_#5more': 68}, 
1230.0, {'J10': -4555.0, 'J11': -88742.0, 'J12': -37663.0, 'J13': -24340.0, 'cluster3106249630_3106249631_J60_J61_#5more': -109209.5}, {'J10': 13, 'J11': 32, 'J12': 20, 'J13': 28, 'cluster3106249630_3106249631_J60_J61_#5more': 36}, {'J10': 17, 'J11': 48, 'J12': 60, 'J13': 42, 'cluster3106249630_3106249631_J60_J61_#5more': 68}, 
1235.0, {'J10': -4725.0, 'J11': -89222.0, 'J12': -38231.0, 'J13': -24760.0, 'cluster3106249630_3106249631_J60_J61_#5more': -109889.5}, {'J10': 13, 'J11': 32, 'J12': 20, 'J13': 28, 'cluster3106249630_3106249631_J60_J61_#5more': 36}, {'J10': 17, 'J11': 48, 'J12': 62, 'J13': 42, 'cluster3106249630_3106249631_J60_J61_#5more': 68}, 
1240.0, {'J10': -4895.0, 'J11': -89702.0, 'J12': -38862.5, 'J13': -25180.0, 'cluster3106249630_3106249631_J60_J61_#5more': -110577.0}, {'J10': 13, 'J11': 32, 'J12': 20, 'J13': 28, 'cluster3106249630_3106249631_J60_J61_#5more': 36}, {'J10': 17, 'J11': 48, 'J12': 67, 'J13': 42, 'cluster3106249630_3106249631_J60_J61_#5more': 71}, 
1245.0, {'J10': -5065.0, 'J11': -90182.0, 'J12': -39544.0, 'J13': -22493.0, 'cluster3106249630_3106249631_J60_J61_#5more': -110633.5}, {'J10': 13, 'J11': 32, 'J12': 20, 'J13': 26, 'cluster3106249630_3106249631_J60_J61_#5more': 36}, {'J10': 17, 'J11': 48, 'J12': 71, 'J13': 38, 'cluster3106249630_3106249631_J60_J61_#5more': 70}, 
1250.0, {'J10': -5239.5, 'J11': -90662.0, 'J12': -39955.5, 'J13': -22873.0, 'cluster3106249630_3106249631_J60_J61_#5more': -111333.5}, {'J10': 13, 'J11': 32, 'J12': 20, 'J13': 26, 'cluster3106249630_3106249631_J60_J61_#5more': 36}, {'J10': 18, 'J11': 48, 'J12': 70, 'J13': 38, 'cluster3106249630_3106249631_J60_J61_#5more': 70}, 
1255.0, {'J10': -5423.5, 'J11': -91142.0, 'J12': -40409.0, 'J13': -23253.0, 'cluster3106249630_3106249631_J60_J61_#5more': -112039.0}, {'J10': 13, 'J11': 32, 'J12': 20, 'J13': 26, 'cluster3106249630_3106249631_J60_J61_#5more': 36}, {'J10': 19, 'J11': 48, 'J12': 68, 'J13': 38, 'cluster3106249630_3106249631_J60_J61_#5more': 72}, 
1260.0, {'J10': -5613.5, 'J11': -91622.0, 'J12': -41096.5, 'J13': -23636.0, 'cluster3106249630_3106249631_J60_J61_#5more': -112632.5}, {'J10': 13, 'J11': 32, 'J12': 20, 'J13': 26, 'cluster3106249630_3106249631_J60_J61_#5more': 36}, {'J10': 19, 'J11': 48, 'J12': 71, 'J13': 40, 'cluster3106249630_3106249631_J60_J61_#5more': 68}, 
1265.0, {'J10': -5803.5, 'J11': -92102.0, 'J12': -41199.5, 'J13': -24036.0, 'cluster3106249630_3106249631_J60_J61_#5more': -113268.0}, {'J10': 13, 'J11': 32, 'J12': 20, 'J13': 26, 'cluster3106249630_3106249631_J60_J61_#5more': 36}, {'J10': 19, 'J11': 48, 'J12': 67, 'J13': 40, 'cluster3106249630_3106249631_J60_J61_#5more': 67}, 
1270.0, {'J10': -5677.5, 'J11': -92582.0, 'J12': -41677.5, 'J13': -24444.0, 'cluster3106249630_3106249631_J60_J61_#5more': -113943.0}, {'J10': 13, 'J11': 32, 'J12': 20, 'J13': 28, 'cluster3106249630_3106249631_J60_J61_#5more': 36}, {'J10': 18, 'J11': 48, 'J12': 66, 'J13': 42, 'cluster3106249630_3106249631_J60_J61_#5more': 70}, 
1275.0, {'J10': -5860.0, 'J11': -93062.0, 'J12': -41995.5, 'J13': -24864.0, 'cluster3106249630_3106249631_J60_J61_#5more': -114643.0}, {'J10': 13, 'J11': 32, 'J12': 20, 'J13': 28, 'cluster3106249630_3106249631_J60_J61_#5more': 36}, {'J10': 19, 'J11': 48, 'J12': 64, 'J13': 42, 'cluster3106249630_3106249631_J60_J61_#5more': 70}, 
1280.0, {'J10': -6057.0, 'J11': -93542.0, 'J12': -42249.0, 'J13': -25284.0, 'cluster3106249630_3106249631_J60_J61_#5more': -115343.0}, {'J10': 13, 'J11': 32, 'J12': 20, 'J13': 28, 'cluster3106249630_3106249631_J60_J61_#5more': 36}, {'J10': 22, 'J11': 48, 'J12': 64, 'J13': 42, 'cluster3106249630_3106249631_J60_J61_#5more': 70}, 
1285.0, {'J10': -6209.0, 'J11': -94022.0, 'J12': -41405.5, 'J13': -25704.0, 'cluster3106249630_3106249631_J60_J61_#5more': -116043.0}, {'J10': 13, 'J11': 32, 'J12': 20, 'J13': 28, 'cluster3106249630_3106249631_J60_J61_#5more': 36}, {'J10': 19, 'J11': 48, 'J12': 63, 'J13': 42, 'cluster3106249630_3106249631_J60_J61_#5more': 70}, 
1290.0, {'J10': -6378.5, 'J11': -94502.0, 'J12': -41745.5, 'J13': -26124.0, 'cluster3106249630_3106249631_J60_J61_#5more': -116670.0}, {'J10': 13, 'J11': 32, 'J12': 20, 'J13': 28, 'cluster3106249630_3106249631_J60_J61_#5more': 36}, {'J10': 18, 'J11': 48, 'J12': 60, 'J13': 42, 'cluster3106249630_3106249631_J60_J61_#5more': 69}, 
1295.0, {'J10': -6558.5, 'J11': -94982.0, 'J12': -42229.5, 'J13': -26544.0, 'cluster3106249630_3106249631_J60_J61_#5more': -117360.5}, {'J10': 13, 'J11': 32, 'J12': 20, 'J13': 28, 'cluster3106249630_3106249631_J60_J61_#5more': 36}, {'J10': 18, 'J11': 48, 'J12': 62, 'J13': 42, 'cluster3106249630_3106249631_J60_J61_#5more': 70}, 
1300.0, {'J10': -6738.5, 'J11': -95466.0, 'J12': -42859.0, 'J13': -26964.0, 'cluster3106249630_3106249631_J60_J61_#5more': -118064.0}, {'J10': 13, 'J11': 32, 'J12': 20, 'J13': 28, 'cluster3106249630_3106249631_J60_J61_#5more': 36}, {'J10': 18, 'J11': 49, 'J12': 66, 'J13': 42, 'cluster3106249630_3106249631_J60_J61_#5more': 71}, 
1305.0, {'J10': -6918.5, 'J11': -95961.0, 'J12': -43527.5, 'J13': -27384.0, 'cluster3106249630_3106249631_J60_J61_#5more': -118706.0}, {'J10': 13, 'J11': 32, 'J12': 20, 'J13': 28, 'cluster3106249630_3106249631_J60_J61_#5more': 36}, {'J10': 18, 'J11': 50, 'J12': 69, 'J13': 42, 'cluster3106249630_3106249631_J60_J61_#5more': 71}, 
1310.0, {'J10': -7098.5, 'J11': -96437.0, 'J12': -44230.5, 'J13': -24071.0, 'cluster3106249630_3106249631_J60_J61_#5more': -119421.5}, {'J10': 13, 'J11': 32, 'J12': 20, 'J13': 25, 'cluster3106249630_3106249631_J60_J61_#5more': 36}, {'J10': 18, 'J11': 49, 'J12': 73, 'J13': 38, 'cluster3106249630_3106249631_J60_J61_#5more': 73}, 
1315.0, {'J10': -7278.5, 'J11': -96930.0, 'J12': -44673.5, 'J13': -23446.5, 'cluster3106249630_3106249631_J60_J61_#5more': -119999.5}, {'J10': 13, 'J11': 32, 'J12': 20, 'J13': 24, 'cluster3106249630_3106249631_J60_J61_#5more': 36}, {'J10': 18, 'J11': 51, 'J12': 70, 'J13': 37, 'cluster3106249630_3106249631_J60_J61_#5more': 72}, 
1320.0, {'J10': -7458.5, 'J11': -97448.0, 'J12': -45200.5, 'J13': -23816.5, 'cluster3106249630_3106249631_J60_J61_#5more': -120661.0}, {'J10': 13, 'J11': 32, 'J12': 20, 'J13': 24, 'cluster3106249630_3106249631_J60_J61_#5more': 36}, {'J10': 18, 'J11': 54, 'J12': 68, 'J13': 37, 'cluster3106249630_3106249631_J60_J61_#5more': 70}, 
1325.0, {'J10': -7638.5, 'J11': -97992.0, 'J12': -45888.5, 'J13': -24189.5, 'cluster3106249630_3106249631_J60_J61_#5more': -121229.0}, {'J10': 13, 'J11': 32, 'J12': 20, 'J13': 24, 'cluster3106249630_3106249631_J60_J61_#5more': 36}, {'J10': 18, 'J11': 55, 'J12': 72, 'J13': 38, 'cluster3106249630_3106249631_J60_J61_#5more': 68}, 
1330.0, {'J10': -7818.5, 'J11': -98454.5, 'J12': -46399.5, 'J13': -24575.5, 'cluster3106249630_3106249631_J60_J61_#5more': -121845.5}, {'J10': 13, 'J11': 32, 'J12': 20, 'J13': 25, 'cluster3106249630_3106249631_J60_J61_#5more': 36}, {'J10': 18, 'J11': 53, 'J12': 69, 'J13': 40, 'cluster3106249630_3106249631_J60_J61_#5more': 67}, 
1335.0, {'J10': -7382.5, 'J11': -98984.5, 'J12': -47024.5, 'J13': -24986.5, 'cluster3106249630_3106249631_J60_J61_#5more': -122515.5}, {'J10': 13, 'J11': 32, 'J12': 20, 'J13': 28, 'cluster3106249630_3106249631_J60_J61_#5more': 36}, {'J10': 17, 'J11': 53, 'J12': 68, 'J13': 43, 'cluster3106249630_3106249631_J60_J61_#5more': 67}, 
1340.0, {'J10': -7540.0, 'J11': -99466.0, 'J12': -47712.0, 'J13': -25416.5, 'cluster3106249630_3106249631_J60_J61_#5more': -123190.0}, {'J10': 13, 'J11': 32, 'J12': 20, 'J13': 28, 'cluster3106249630_3106249631_J60_J61_#5more': 36}, {'J10': 16, 'J11': 53, 'J12': 71, 'J13': 43, 'cluster3106249630_3106249631_J60_J61_#5more': 68}, 
1345.0, {'J10': -7702.5, 'J11': -99893.5, 'J12': -47993.0, 'J13': -25846.5, 'cluster3106249630_3106249631_J60_J61_#5more': -123877.5}, {'J10': 13, 'J11': 32, 'J12': 20, 'J13': 28, 'cluster3106249630_3106249631_J60_J61_#5more': 36}, {'J10': 18, 'J11': 52, 'J12': 71, 'J13': 43, 'cluster3106249630_3106249631_J60_J61_#5more': 70}, 
1350.0, {'J10': -7882.5, 'J11': -100337.5, 'J12': -48659.5, 'J13': -26276.5, 'cluster3106249630_3106249631_J60_J61_#5more': -124577.5}, {'J10': 13, 'J11': 32, 'J12': 20, 'J13': 28, 'cluster3106249630_3106249631_J60_J61_#5more': 36}, {'J10': 18, 'J11': 50, 'J12': 73, 'J13': 43, 'cluster3106249630_3106249631_J60_J61_#5more': 70}, 
1355.0, {'J10': -8062.5, 'J11': -100742.0, 'J12': -49211.5, 'J13': -26706.5, 'cluster3106249630_3106249631_J60_J61_#5more': -125277.5}, {'J10': 13, 'J11': 32, 'J12': 20, 'J13': 28, 'cluster3106249630_3106249631_J60_J61_#5more': 36}, {'J10': 18, 'J11': 48, 'J12': 72, 'J13': 43, 'cluster3106249630_3106249631_J60_J61_#5more': 70}, 
1360.0, {'J10': -8242.5, 'J11': -101226.0, 'J12': -49560.0, 'J13': -27136.5, 'cluster3106249630_3106249631_J60_J61_#5more': -125977.5}, {'J10': 13, 'J11': 32, 'J12': 20, 'J13': 28, 'cluster3106249630_3106249631_J60_J61_#5more': 36}, {'J10': 18, 'J11': 50, 'J12': 67, 'J13': 43, 'cluster3106249630_3106249631_J60_J61_#5more': 70}, 
1365.0, {'J10': -8425.0, 'J11': -101702.0, 'J12': -47252.0, 'J13': -27566.5, 'cluster3106249630_3106249631_J60_J61_#5more': -126677.5}, {'J10': 13, 'J11': 32, 'J12': 20, 'J13': 28, 'cluster3106249630_3106249631_J60_J61_#5more': 36}, {'J10': 19, 'J11': 48, 'J12': 61, 'J13': 43, 'cluster3106249630_3106249631_J60_J61_#5more': 70}, 
1370.0, {'J10': -8615.0, 'J11': -102182.0, 'J12': -47168.5, 'J13': -27996.5, 'cluster3106249630_3106249631_J60_J61_#5more': -127377.5}, {'J10': 13, 'J11': 32, 'J12': 20, 'J13': 28, 'cluster3106249630_3106249631_J60_J61_#5more': 36}, {'J10': 19, 'J11': 48, 'J12': 60, 'J13': 43, 'cluster3106249630_3106249631_J60_J61_#5more': 70}, 
1375.0, {'J10': -8805.0, 'J11': -102662.0, 'J12': -47105.5, 'J13': -23470.0, 'cluster3106249630_3106249631_J60_J61_#5more': -128077.5}, {'J10': 13, 'J11': 32, 'J12': 20, 'J13': 24, 'cluster3106249630_3106249631_J60_J61_#5more': 36}, {'J10': 19, 'J11': 48, 'J12': 63, 'J13': 37, 'cluster3106249630_3106249631_J60_J61_#5more': 70}, 
1380.0, {'J10': -8995.0, 'J11': -103142.0, 'J12': -47557.0, 'J13': -23336.5, 'cluster3106249630_3106249631_J60_J61_#5more': -128777.5}, {'J10': 13, 'J11': 32, 'J12': 20, 'J13': 24, 'cluster3106249630_3106249631_J60_J61_#5more': 36}, {'J10': 19, 'J11': 48, 'J12': 64, 'J13': 36, 'cluster3106249630_3106249631_J60_J61_#5more': 70}, 
1385.0, {'J10': -9185.0, 'J11': -103622.0, 'J12': -47875.5, 'J13': -23696.5, 'cluster3106249630_3106249631_J60_J61_#5more': -129477.5}, {'J10': 13, 'J11': 32, 'J12': 20, 'J13': 24, 'cluster3106249630_3106249631_J60_J61_#5more': 36}, {'J10': 19, 'J11': 48, 'J12': 61, 'J13': 36, 'cluster3106249630_3106249631_J60_J61_#5more': 70}, 
1390.0, {'J10': -9375.0, 'J11': -104102.0, 'J12': -47585.0, 'J13': -24059.0, 'cluster3106249630_3106249631_J60_J61_#5more': -130177.5}, {'J10': 13, 'J11': 32, 'J12': 20, 'J13': 24, 'cluster3106249630_3106249631_J60_J61_#5more': 36}, {'J10': 19, 'J11': 48, 'J12': 55, 'J13': 38, 'cluster3106249630_3106249631_J60_J61_#5more': 70}, 
1395.0, {'J10': -9565.0, 'J11': -104582.0, 'J12': -47992.5, 'J13': -24439.0, 'cluster3106249630_3106249631_J60_J61_#5more': -130877.5}, {'J10': 13, 'J11': 32, 'J12': 20, 'J13': 24, 'cluster3106249630_3106249631_J60_J61_#5more': 36}, {'J10': 19, 'J11': 48, 'J12': 55, 'J13': 38, 'cluster3106249630_3106249631_J60_J61_#5more': 70}, 
1400.0, {'J10': -9008.0, 'J11': -105062.0, 'J12': -48431.0, 'J13': -24829.0, 'cluster3106249630_3106249631_J60_J61_#5more': -131577.5}, {'J10': 13, 'J11': 32, 'J12': 20, 'J13': 27, 'cluster3106249630_3106249631_J60_J61_#5more': 36}, {'J10': 18, 'J11': 48, 'J12': 55, 'J13': 41, 'cluster3106249630_3106249631_J60_J61_#5more': 70}, 
1405.0, {'J10': -9189.5, 'J11': -105542.0, 'J12': -48998.0, 'J13': -25246.5, 'cluster3106249630_3106249631_J60_J61_#5more': -132107.0}, {'J10': 13, 'J11': 32, 'J12': 20, 'J13': 28, 'cluster3106249630_3106249631_J60_J61_#5more': 36}, {'J10': 19, 'J11': 48, 'J12': 60, 'J13': 43, 'cluster3106249630_3106249631_J60_J61_#5more': 69}, 
1410.0, {'J10': -9390.0, 'J11': -106022.0, 'J12': -49486.0, 'J13': -25676.5, 'cluster3106249630_3106249631_J60_J61_#5more': -132798.0}, {'J10': 13, 'J11': 32, 'J12': 20, 'J13': 28, 'cluster3106249630_3106249631_J60_J61_#5more': 36}, {'J10': 23, 'J11': 48, 'J12': 64, 'J13': 43, 'cluster3106249630_3106249631_J60_J61_#5more': 70}, 
1415.0, {'J10': -9623.0, 'J11': -106502.0, 'J12': -49960.5, 'J13': -26106.5, 'cluster3106249630_3106249631_J60_J61_#5more': -133498.0}, {'J10': 13, 'J11': 32, 'J12': 20, 'J13': 28, 'cluster3106249630_3106249631_J60_J61_#5more': 36}, {'J10': 24, 'J11': 48, 'J12': 62, 'J13': 43, 'cluster3106249630_3106249631_J60_J61_#5more': 70}, 
1420.0, {'J10': -9723.0, 'J11': -106982.0, 'J12': -50530.5, 'J13': -26536.5, 'cluster3106249630_3106249631_J60_J61_#5more': -134033.5}, {'J10': 13, 'J11': 32, 'J12': 20, 'J13': 28, 'cluster3106249630_3106249631_J60_J61_#5more': 36}, {'J10': 20, 'J11': 48, 'J12': 62, 'J13': 43, 'cluster3106249630_3106249631_J60_J61_#5more': 69}, 
1425.0, {'J10': -9867.0, 'J11': -107462.0, 'J12': -51055.5, 'J13': -26966.5, 'cluster3106249630_3106249631_J60_J61_#5more': -134558.5}, {'J10': 13, 'J11': 32, 'J12': 20, 'J13': 28, 'cluster3106249630_3106249631_J60_J61_#5more': 36}, {'J10': 18, 'J11': 48, 'J12': 62, 'J13': 43, 'cluster3106249630_3106249631_J60_J61_#5more': 68}, 
1430.0, {'J10': -10047.0, 'J11': -107942.0, 'J12': -51627.0, 'J13': -27396.5, 'cluster3106249630_3106249631_J60_J61_#5more': -135238.5}, {'J10': 13, 'J11': 32, 'J12': 20, 'J13': 28, 'cluster3106249630_3106249631_J60_J61_#5more': 36}, {'J10': 18, 'J11': 48, 'J12': 63, 'J13': 43, 'cluster3106249630_3106249631_J60_J61_#5more': 68}, 
1435.0, {'J10': -10227.0, 'J11': -108422.0, 'J12': -52265.5, 'J13': -27826.5, 'cluster3106249630_3106249631_J60_J61_#5more': -135928.0}, {'J10': 13, 'J11': 32, 'J12': 20, 'J13': 28, 'cluster3106249630_3106249631_J60_J61_#5more': 36}, {'J10': 18, 'J11': 48, 'J12': 67, 'J13': 43, 'cluster3106249630_3106249631_J60_J61_#5more': 71}, 
1440.0, {'J10': -10407.0, 'J11': -108902.0, 'J12': -52844.0, 'J13': -24591.5, 'cluster3106249630_3106249631_J60_J61_#5more': -136638.0}, {'J10': 13, 'J11': 32, 'J12': 20, 'J13': 25, 'cluster3106249630_3106249631_J60_J61_#5more': 36}, {'J10': 18, 'J11': 48, 'J12': 68, 'J13': 38, 'cluster3106249630_3106249631_J60_J61_#5more': 71}, 
1445.0, {'J10': -10587.0, 'J11': -109382.0, 'J12': -53507.5, 'J13': -23968.0, 'cluster3106249630_3106249631_J60_J61_#5more': -137348.0}, {'J10': 13, 'J11': 32, 'J12': 20, 'J13': 24, 'cluster3106249630_3106249631_J60_J61_#5more': 36}, {'J10': 18, 'J11': 48, 'J12': 69, 'J13': 37, 'cluster3106249630_3106249631_J60_J61_#5more': 71}, 
1450.0, {'J10': -10767.0, 'J11': -109862.0, 'J12': -54116.5, 'J13': -24338.0, 'cluster3106249630_3106249631_J60_J61_#5more': -138058.0}, {'J10': 13, 'J11': 32, 'J12': 20, 'J13': 24, 'cluster3106249630_3106249631_J60_J61_#5more': 36}, {'J10': 18, 'J11': 48, 'J12': 69, 'J13': 37, 'cluster3106249630_3106249631_J60_J61_#5more': 71}, 
1455.0, {'J10': -10947.0, 'J11': -110345.5, 'J12': -54735.0, 'J13': -24711.5, 'cluster3106249630_3106249631_J60_J61_#5more': -138768.0}, {'J10': 13, 'J11': 32, 'J12': 20, 'J13': 24, 'cluster3106249630_3106249631_J60_J61_#5more': 36}, {'J10': 18, 'J11': 50, 'J12': 67, 'J13': 38, 'cluster3106249630_3106249631_J60_J61_#5more': 71}, 
1460.0, {'J10': -11127.0, 'J11': -110835.0, 'J12': -55405.5, 'J13': -25091.5, 'cluster3106249630_3106249631_J60_J61_#5more': -139478.0}, {'J10': 13, 'J11': 32, 'J12': 20, 'J13': 24, 'cluster3106249630_3106249631_J60_J61_#5more': 36}, {'J10': 18, 'J11': 49, 'J12': 68, 'J13': 38, 'cluster3106249630_3106249631_J60_J61_#5more': 71}, 
1465.0, {'J10': -10935.0, 'J11': -111325.0, 'J12': -56097.0, 'J13': -25477.5, 'cluster3106249630_3106249631_J60_J61_#5more': -140188.0}, {'J10': 13, 'J11': 32, 'J12': 20, 'J13': 26, 'cluster3106249630_3106249631_J60_J61_#5more': 36}, {'J10': 17, 'J11': 49, 'J12': 72, 'J13': 40, 'cluster3106249630_3106249631_J60_J61_#5more': 71}, 
1470.0, {'J10': -10856.0, 'J11': -111815.0, 'J12': -56829.0, 'J13': -25885.0, 'cluster3106249630_3106249631_J60_J61_#5more': -140898.0}, {'J10': 13, 'J11': 32, 'J12': 20, 'J13': 28, 'cluster3106249630_3106249631_J60_J61_#5more': 36}, {'J10': 18, 'J11': 49, 'J12': 76, 'J13': 42, 'cluster3106249630_3106249631_J60_J61_#5more': 71}, 
1475.0, {'J10': -11038.5, 'J11': -112305.0, 'J12': -57592.5, 'J13': -26305.0, 'cluster3106249630_3106249631_J60_J61_#5more': -141608.0}, {'J10': 13, 'J11': 32, 'J12': 20, 'J13': 28, 'cluster3106249630_3106249631_J60_J61_#5more': 36}, {'J10': 20, 'J11': 49, 'J12': 78, 'J13': 42, 'cluster3106249630_3106249631_J60_J61_#5more': 71}, 
1480.0, {'J10': -11200.5, 'J11': -112742.0, 'J12': -58354.0, 'J13': -26725.0, 'cluster3106249630_3106249631_J60_J61_#5more': -142318.0}, {'J10': 13, 'J11': 32, 'J12': 20, 'J13': 28, 'cluster3106249630_3106249631_J60_J61_#5more': 36}, {'J10': 20, 'J11': 48, 'J12': 78, 'J13': 42, 'cluster3106249630_3106249631_J60_J61_#5more': 71}, 
1485.0, {'J10': -11378.5, 'J11': -113222.0, 'J12': -59138.0, 'J13': -27145.0, 'cluster3106249630_3106249631_J60_J61_#5more': -143032.5}, {'J10': 13, 'J11': 32, 'J12': 20, 'J13': 28, 'cluster3106249630_3106249631_J60_J61_#5more': 36}, {'J10': 19, 'J11': 48, 'J12': 79, 'J13': 42, 'cluster3106249630_3106249631_J60_J61_#5more': 72}, 
1490.0, {'J10': -11568.5, 'J11': -113702.0, 'J12': -59928.0, 'J13': -27565.0, 'cluster3106249630_3106249631_J60_J61_#5more': -143752.5}, {'J10': 13, 'J11': 32, 'J12': 20, 'J13': 28, 'cluster3106249630_3106249631_J60_J61_#5more': 36}, {'J10': 19, 'J11': 48, 'J12': 79, 'J13': 42, 'cluster3106249630_3106249631_J60_J61_#5more': 72}, 
1495.0, {'J10': -11758.5, 'J11': -114182.0, 'J12': -60718.0, 'J13': -27985.0, 'cluster3106249630_3106249631_J60_J61_#5more': -144472.5}, {'J10': 13, 'J11': 32, 'J12': 20, 'J13': 28, 'cluster3106249630_3106249631_J60_J61_#5more': 36}, {'J10': 19, 'J11': 48, 'J12': 79, 'J13': 42, 'cluster3106249630_3106249631_J60_J61_#5more': 72}, 
1500.0, {'J10': -11948.5, 'J11': -114662.0, 'J12': -61508.5, 'J13': -28405.0, 'cluster3106249630_3106249631_J60_J61_#5more': -145192.5}, {'J10': 13, 'J11': 32, 'J12': 20, 'J13': 28, 'cluster3106249630_3106249631_J60_J61_#5more': 36}, {'J10': 19, 'J11': 48, 'J12': 80, 'J13': 42, 'cluster3106249630_3106249631_J60_J61_#5more': 72}, 
1505.0, {'J10': -12138.5, 'J11': -115142.0, 'J12': -62308.5, 'J13': -25605.0, 'cluster3106249630_3106249631_J60_J61_#5more': -145912.5}, {'J10': 13, 'J11': 32, 'J12': 20, 'J13': 26, 'cluster3106249630_3106249631_J60_J61_#5more': 36}, {'J10': 19, 'J11': 48, 'J12': 80, 'J13': 39, 'cluster3106249630_3106249631_J60_J61_#5more': 72}, 
1510.0, {'J10': -12328.5, 'J11': -115622.0, 'J12': -57951.5, 'J13': -24980.0, 'cluster3106249630_3106249631_J60_J61_#5more': -146304.5}, {'J10': 13, 'J11': 32, 'J12': 20, 'J13': 25, 'cluster3106249630_3106249631_J60_J61_#5more': 36}, {'J10': 19, 'J11': 48, 'J12': 72, 'J13': 37, 'cluster3106249630_3106249631_J60_J61_#5more': 72}, 
1515.0, {'J10': -12518.5, 'J11': -116102.0, 'J12': -58676.5, 'J13': -25350.0, 'cluster3106249630_3106249631_J60_J61_#5more': -147024.5}, {'J10': 13, 'J11': 32, 'J12': 20, 'J13': 25, 'cluster3106249630_3106249631_J60_J61_#5more': 36}, {'J10': 19, 'J11': 48, 'J12': 73, 'J13': 37, 'cluster3106249630_3106249631_J60_J61_#5more': 72}, 
1520.0, {'J10': -12708.5, 'J11': -116582.0, 'J12': -59399.5, 'J13': -25723.5, 'cluster3106249630_3106249631_J60_J61_#5more': -147753.0}, {'J10': 13, 'J11': 32, 'J12': 20, 'J13': 25, 'cluster3106249630_3106249631_J60_J61_#5more': 36}, {'J10': 19, 'J11': 48, 'J12': 76, 'J13': 39, 'cluster3106249630_3106249631_J60_J61_#5more': 74}, 
1525.0, {'J10': -12898.5, 'J11': -117062.0, 'J12': -60175.5, 'J13': -26113.5, 'cluster3106249630_3106249631_J60_J61_#5more': -148496.5}, {'J10': 13, 'J11': 32, 'J12': 20, 'J13': 25, 'cluster3106249630_3106249631_J60_J61_#5more': 36}, {'J10': 19, 'J11': 48, 'J12': 80, 'J13': 39, 'cluster3106249630_3106249631_J60_J61_#5more': 75}, 
1530.0, {'J10': -12988.0, 'J11': -117542.0, 'J12': -60975.5, 'J13': -26513.0, 'cluster3106249630_3106249631_J60_J61_#5more': -149005.5}, {'J10': 13, 'J11': 32, 'J12': 20, 'J13': 28, 'cluster3106249630_3106249631_J60_J61_#5more': 36}, {'J10': 18, 'J11': 48, 'J12': 80, 'J13': 42, 'cluster3106249630_3106249631_J60_J61_#5more': 74}, 
1535.0, {'J10': -13168.0, 'J11': -118022.0, 'J12': -61775.5, 'J13': -26933.0, 'cluster3106249630_3106249631_J60_J61_#5more': -149338.5}, {'J10': 13, 'J11': 32, 'J12': 20, 'J13': 28, 'cluster3106249630_3106249631_J60_J61_#5more': 36}, {'J10': 18, 'J11': 48, 'J12': 80, 'J13': 42, 'cluster3106249630_3106249631_J60_J61_#5more': 72}, 
1540.0, {'J10': -13348.0, 'J11': -118502.0, 'J12': -62580.5, 'J13': -27353.0, 'cluster3106249630_3106249631_J60_J61_#5more': -150058.5}, {'J10': 13, 'J11': 32, 'J12': 20, 'J13': 28, 'cluster3106249630_3106249631_J60_J61_#5more': 36}, {'J10': 18, 'J11': 48, 'J12': 81, 'J13': 42, 'cluster3106249630_3106249631_J60_J61_#5more': 72}, 
1545.0, {'J10': -13528.0, 'J11': -118982.0, 'J12': -63390.5, 'J13': -27773.0, 'cluster3106249630_3106249631_J60_J61_#5more': -150788.0}, {'J10': 13, 'J11': 32, 'J12': 20, 'J13': 28, 'cluster3106249630_3106249631_J60_J61_#5more': 36}, {'J10': 18, 'J11': 48, 'J12': 81, 'J13': 42, 'cluster3106249630_3106249631_J60_J61_#5more': 75}, 
1550.0, {'J10': -13708.0, 'J11': -119462.0, 'J12': -64200.5, 'J13': -28193.0, 'cluster3106249630_3106249631_J60_J61_#5more': -151538.0}, {'J10': 13, 'J11': 32, 'J12': 20, 'J13': 28, 'cluster3106249630_3106249631_J60_J61_#5more': 36}, {'J10': 18, 'J11': 48, 'J12': 81, 'J13': 42, 'cluster3106249630_3106249631_J60_J61_#5more': 75}, 
1555.0, {'J10': -13888.0, 'J11': -119942.0, 'J12': -65010.5, 'J13': -28613.0, 'cluster3106249630_3106249631_J60_J61_#5more': -152213.0}, {'J10': 13, 'J11': 32, 'J12': 20, 'J13': 28, 'cluster3106249630_3106249631_J60_J61_#5more': 36}, {'J10': 18, 'J11': 48, 'J12': 81, 'J13': 42, 'cluster3106249630_3106249631_J60_J61_#5more': 74}, 
1560.0, {'J10': -14068.0, 'J11': -120422.0, 'J12': -65820.5, 'J13': -29033.0, 'cluster3106249630_3106249631_J60_J61_#5more': -152954.0}, {'J10': 13, 'J11': 32, 'J12': 20, 'J13': 28, 'cluster3106249630_3106249631_J60_J61_#5more': 36}, {'J10': 18, 'J11': 48, 'J12': 81, 'J13': 42, 'cluster3106249630_3106249631_J60_J61_#5more': 75}, 
1565.0, {'J10': -14248.0, 'J11': -120902.0, 'J12': -66630.5, 'J13': -29453.0, 'cluster3106249630_3106249631_J60_J61_#5more': -153659.5}, {'J10': 13, 'J11': 32, 'J12': 20, 'J13': 28, 'cluster3106249630_3106249631_J60_J61_#5more': 36}, {'J10': 18, 'J11': 48, 'J12': 81, 'J13': 42, 'cluster3106249630_3106249631_J60_J61_#5more': 74}, 
1570.0, {'J10': -14428.0, 'J11': -121382.0, 'J12': -67440.5, 'J13': -26145.5, 'cluster3106249630_3106249631_J60_J61_#5more': -154403.5}, {'J10': 13, 'J11': 32, 'J12': 20, 'J13': 25, 'cluster3106249630_3106249631_J60_J61_#5more': 36}, {'J10': 18, 'J11': 48, 'J12': 81, 'J13': 38, 'cluster3106249630_3106249631_J60_J61_#5more': 75}, 
1575.0, {'J10': -14608.0, 'J11': -121862.0, 'J12': -65649.0, 'J13': -25011.0, 'cluster3106249630_3106249631_J60_J61_#5more': -155153.5}, {'J10': 13, 'J11': 32, 'J12': 20, 'J13': 24, 'cluster3106249630_3106249631_J60_J61_#5more': 36}, {'J10': 18, 'J11': 48, 'J12': 76, 'J13': 36, 'cluster3106249630_3106249631_J60_J61_#5more': 75}, 
1580.0, {'J10': -14788.0, 'J11': -122342.0, 'J12': -66285.0, 'J13': -25371.0, 'cluster3106249630_3106249631_J60_J61_#5more': -155903.5}, {'J10': 13, 'J11': 32, 'J12': 20, 'J13': 24, 'cluster3106249630_3106249631_J60_J61_#5more': 36}, {'J10': 18, 'J11': 48, 'J12': 75, 'J13': 36, 'cluster3106249630_3106249631_J60_J61_#5more': 75}, 
1585.0, {'J10': -14968.0, 'J11': -122822.0, 'J12': -67043.0, 'J13': -25733.5, 'cluster3106249630_3106249631_J60_J61_#5more': -156653.5}, {'J10': 13, 'J11': 32, 'J12': 20, 'J13': 24, 'cluster3106249630_3106249631_J60_J61_#5more': 36}, {'J10': 18, 'J11': 48, 'J12': 79, 'J13': 38, 'cluster3106249630_3106249631_J60_J61_#5more': 75}, 
1590.0, {'J10': -15148.0, 'J11': -123302.0, 'J12': -67466.5, 'J13': -26115.5, 'cluster3106249630_3106249631_J60_J61_#5more': -157403.5}, {'J10': 13, 'J11': 32, 'J12': 20, 'J13': 26, 'cluster3106249630_3106249631_J60_J61_#5more': 36}, {'J10': 18, 'J11': 48, 'J12': 80, 'J13': 40, 'cluster3106249630_3106249631_J60_J61_#5more': 75}, 
1595.0, {'J10': -15328.0, 'J11': -123782.0, 'J12': -67944.5, 'J13': -26523.0, 'cluster3106249630_3106249631_J60_J61_#5more': -158050.0}, {'J10': 13, 'J11': 32, 'J12': 20, 'J13': 28, 'cluster3106249630_3106249631_J60_J61_#5more': 36}, {'J10': 18, 'J11': 48, 'J12': 79, 'J13': 42, 'cluster3106249630_3106249631_J60_J61_#5more': 74}, 
1600.0, {'J10': -15508.0, 'J11': -124262.0, 'J12': -68734.5, 'J13': -26943.0, 'cluster3106249630_3106249631_J60_J61_#5more': -158790.0}, {'J10': 13, 'J11': 32, 'J12': 20, 'J13': 28, 'cluster3106249630_3106249631_J60_J61_#5more': 36}, {'J10': 18, 'J11': 48, 'J12': 79, 'J13': 42, 'cluster3106249630_3106249631_J60_J61_#5more': 74}, 
1605.0, {'J10': -15688.0, 'J11': -124745.0, 'J12': -69525.0, 'J13': -27363.0, 'cluster3106249630_3106249631_J60_J61_#5more': -159530.0}, {'J10': 13, 'J11': 32, 'J12': 20, 'J13': 28, 'cluster3106249630_3106249631_J60_J61_#5more': 36}, {'J10': 18, 'J11': 49, 'J12': 80, 'J13': 42, 'cluster3106249630_3106249631_J60_J61_#5more': 74}, 
1610.0, {'J10': -15868.0, 'J11': -125239.0, 'J12': -69953.5, 'J13': -27783.0, 'cluster3106249630_3106249631_J60_J61_#5more': -160279.5}, {'J10': 13, 'J11': 32, 'J12': 20, 'J13': 28, 'cluster3106249630_3106249631_J60_J61_#5more': 36}, {'J10': 18, 'J11': 51, 'J12': 80, 'J13': 42, 'cluster3106249630_3106249631_J60_J61_#5more': 77}, 
1615.0, {'J10': -16048.0, 'J11': -125729.0, 'J12': -69777.5, 'J13': -28203.0, 'cluster3106249630_3106249631_J60_J61_#5more': -161049.5}, {'J10': 13, 'J11': 32, 'J12': 20, 'J13': 28, 'cluster3106249630_3106249631_J60_J61_#5more': 36}, {'J10': 18, 'J11': 51, 'J12': 77, 'J13': 42, 'cluster3106249630_3106249631_J60_J61_#5more': 77}, 
1620.0, {'J10': -16228.0, 'J11': -126239.0, 'J12': -69606.5, 'J13': -28623.0, 'cluster3106249630_3106249631_J60_J61_#5more': -161819.5}, {'J10': 13, 'J11': 32, 'J12': 20, 'J13': 28, 'cluster3106249630_3106249631_J60_J61_#5more': 36}, {'J10': 18, 'J11': 51, 'J12': 74, 'J13': 42, 'cluster3106249630_3106249631_J60_J61_#5more': 77}, 
1625.0, {'J10': -16409.0, 'J11': -126758.5, 'J12': -69420.5, 'J13': -29043.0, 'cluster3106249630_3106249631_J60_J61_#5more': -162594.5}, {'J10': 13, 'J11': 32, 'J12': 20, 'J13': 28, 'cluster3106249630_3106249631_J60_J61_#5more': 36}, {'J10': 19, 'J11': 54, 'J12': 71, 'J13': 42, 'cluster3106249630_3106249631_J60_J61_#5more': 78}, 
1630.0, {'J10': -16599.0, 'J11': -127304.5, 'J12': -69841.0, 'J13': -29466.5, 'cluster3106249630_3106249631_J60_J61_#5more': -163374.5}, {'J10': 13, 'J11': 32, 'J12': 20, 'J13': 28, 'cluster3106249630_3106249631_J60_J61_#5more': 36}, {'J10': 19, 'J11': 56, 'J12': 71, 'J13': 43, 'cluster3106249630_3106249631_J60_J61_#5more': 78}, 
1635.0, {'J10': -16789.0, 'J11': -127869.0, 'J12': -70557.5, 'J13': -27272.0, 'cluster3106249630_3106249631_J60_J61_#5more': -164154.5}, {'J10': 13, 'J11': 32, 'J12': 20, 'J13': 26, 'cluster3106249630_3106249631_J60_J61_#5more': 36}, {'J10': 19, 'J11': 57, 'J12': 74, 'J13': 39, 'cluster3106249630_3106249631_J60_J61_#5more': 78}, 
1640.0, {'J10': -16979.0, 'J11': -128323.0, 'J12': -69974.5, 'J13': -25276.5, 'cluster3106249630_3106249631_J60_J61_#5more': -164934.5}, {'J10': 13, 'J11': 32, 'J12': 20, 'J13': 24, 'cluster3106249630_3106249631_J60_J61_#5more': 36}, {'J10': 19, 'J11': 55, 'J12': 72, 'J13': 36, 'cluster3106249630_3106249631_J60_J61_#5more': 78}, 
1645.0, {'J10': -17169.0, 'J11': -128761.0, 'J12': -70702.0, 'J13': -25636.5, 'cluster3106249630_3106249631_J60_J61_#5more': -165714.5}, {'J10': 13, 'J11': 32, 'J12': 20, 'J13': 24, 'cluster3106249630_3106249631_J60_J61_#5more': 36}, {'J10': 19, 'J11': 53, 'J12': 75, 'J13': 36, 'cluster3106249630_3106249631_J60_J61_#5more': 78}, 
1650.0, {'J10': -17359.0, 'J11': -129237.5, 'J12': -71459.0, 'J13': -25999.0, 'cluster3106249630_3106249631_J60_J61_#5more': -166494.5}, {'J10': 13, 'J11': 32, 'J12': 20, 'J13': 24, 'cluster3106249630_3106249631_J60_J61_#5more': 36}, {'J10': 19, 'J11': 54, 'J12': 78, 'J13': 38, 'cluster3106249630_3106249631_J60_J61_#5more': 78}, 
1655.0, {'J10': -17549.0, 'J11': -129616.5, 'J12': -71730.0, 'J13': -26379.0, 'cluster3106249630_3106249631_J60_J61_#5more': -167274.5}, {'J10': 13, 'J11': 32, 'J12': 20, 'J13': 24, 'cluster3106249630_3106249631_J60_J61_#5more': 36}, {'J10': 19, 'J11': 51, 'J12': 77, 'J13': 38, 'cluster3106249630_3106249631_J60_J61_#5more': 78}, 
1660.0, {'J10': -17668.0, 'J11': -130088.0, 'J12': -71998.0, 'J13': -26773.0, 'cluster3106249630_3106249631_J60_J61_#5more': -168054.5}, {'J10': 13, 'J11': 32, 'J12': 20, 'J13': 28, 'cluster3106249630_3106249631_J60_J61_#5more': 36}, {'J10': 18, 'J11': 51, 'J12': 76, 'J13': 42, 'cluster3106249630_3106249631_J60_J61_#5more': 78}, 
1665.0, {'J10': -17848.0, 'J11': -130577.0, 'J12': -72760.5, 'J13': -27193.0, 'cluster3106249630_3106249631_J60_J61_#5more': -168593.0}, {'J10': 13, 'J11': 32, 'J12': 20, 'J13': 28, 'cluster3106249630_3106249631_J60_J61_#5more': 36}, {'J10': 18, 'J11': 50, 'J12': 78, 'J13': 42, 'cluster3106249630_3106249631_J60_J61_#5more': 77}, 
1670.0, {'J10': -18028.0, 'J11': -130994.0, 'J12': -73540.5, 'J13': -27613.0, 'cluster3106249630_3106249631_J60_J61_#5more': -169363.0}, {'J10': 13, 'J11': 32, 'J12': 20, 'J13': 28, 'cluster3106249630_3106249631_J60_J61_#5more': 36}, {'J10': 18, 'J11': 49, 'J12': 78, 'J13': 42, 'cluster3106249630_3106249631_J60_J61_#5more': 77}, 
1675.0, {'J10': -18208.0, 'J11': -131462.0, 'J12': -74320.5, 'J13': -28033.0, 'cluster3106249630_3106249631_J60_J61_#5more': -170133.0}, {'J10': 13, 'J11': 32, 'J12': 20, 'J13': 28, 'cluster3106249630_3106249631_J60_J61_#5more': 36}, {'J10': 18, 'J11': 48, 'J12': 78, 'J13': 42, 'cluster3106249630_3106249631_J60_J61_#5more': 77}, 
1680.0, {'J10': -18388.0, 'J11': -131942.0, 'J12': -75101.0, 'J13': -28453.0, 'cluster3106249630_3106249631_J60_J61_#5more': -170679.0}, {'J10': 13, 'J11': 32, 'J12': 20, 'J13': 28, 'cluster3106249630_3106249631_J60_J61_#5more': 36}, {'J10': 18, 'J11': 48, 'J12': 79, 'J13': 42, 'cluster3106249630_3106249631_J60_J61_#5more': 76}, 
1685.0, {'J10': -18568.0, 'J11': -132422.0, 'J12': -75898.0, 'J13': -28876.5, 'cluster3106249630_3106249631_J60_J61_#5more': -171439.0}, {'J10': 13, 'J11': 32, 'J12': 20, 'J13': 28, 'cluster3106249630_3106249631_J60_J61_#5more': 36}, {'J10': 18, 'J11': 48, 'J12': 81, 'J13': 43, 'cluster3106249630_3106249631_J60_J61_#5more': 76}, 
1690.0, {'J10': -18748.0, 'J11': -132902.0, 'J12': -76712.0, 'J13': -29306.5, 'cluster3106249630_3106249631_J60_J61_#5more': -172206.5}, {'J10': 13, 'J11': 32, 'J12': 20, 'J13': 28, 'cluster3106249630_3106249631_J60_J61_#5more': 36}, {'J10': 18, 'J11': 48, 'J12': 82, 'J13': 43, 'cluster3106249630_3106249631_J60_J61_#5more': 78}, 
1695.0, {'J10': -18928.0, 'J11': -133382.0, 'J12': -77536.0, 'J13': -29736.5, 'cluster3106249630_3106249631_J60_J61_#5more': -172812.0}, {'J10': 13, 'J11': 32, 'J12': 20, 'J13': 28, 'cluster3106249630_3106249631_J60_J61_#5more': 36}, {'J10': 18, 'J11': 48, 'J12': 83, 'J13': 43, 'cluster3106249630_3106249631_J60_J61_#5more': 77}, 
1700.0, {'J10': -19108.0, 'J11': -133862.0, 'J12': -78366.0, 'J13': -28517.5, 'cluster3106249630_3106249631_J60_J61_#5more': -173399.0}, {'J10': 13, 'J11': 32, 'J12': 20, 'J13': 27, 'cluster3106249630_3106249631_J60_J61_#5more': 36}, {'J10': 18, 'J11': 48, 'J12': 83, 'J13': 40, 'cluster3106249630_3106249631_J60_J61_#5more': 76}, 
1705.0, {'J10': -19288.0, 'J11': -134342.0, 'J12': -76105.5, 'J13': -27540.0, 'cluster3106249630_3106249631_J60_J61_#5more': -174159.0}, {'J10': 13, 'J11': 32, 'J12': 20, 'J13': 26, 'cluster3106249630_3106249631_J60_J61_#5more': 36}, {'J10': 18, 'J11': 48, 'J12': 77, 'J13': 38, 'cluster3106249630_3106249631_J60_J61_#5more': 76}, 
1710.0, {'J10': -19468.0, 'J11': -134822.0, 'J12': -76497.0, 'J13': -27920.0, 'cluster3106249630_3106249631_J60_J61_#5more': -174876.5}, {'J10': 13, 'J11': 32, 'J12': 20, 'J13': 26, 'cluster3106249630_3106249631_J60_J61_#5more': 36}, {'J10': 18, 'J11': 48, 'J12': 77, 'J13': 38, 'cluster3106249630_3106249631_J60_J61_#5more': 77}, 
1715.0, {'J10': -19648.0, 'J11': -135302.0, 'J12': -77258.5, 'J13': -28303.0, 'cluster3106249630_3106249631_J60_J61_#5more': -175646.5}, {'J10': 13, 'J11': 32, 'J12': 20, 'J13': 26, 'cluster3106249630_3106249631_J60_J61_#5more': 36}, {'J10': 18, 'J11': 48, 'J12': 79, 'J13': 40, 'cluster3106249630_3106249631_J60_J61_#5more': 77}, 
1720.0, {'J10': -19833.0, 'J11': -135782.0, 'J12': -78056.0, 'J13': -28705.5, 'cluster3106249630_3106249631_J60_J61_#5more': -176417.5}, {'J10': 13, 'J11': 32, 'J12': 20, 'J13': 27, 'cluster3106249630_3106249631_J60_J61_#5more': 36}, {'J10': 19, 'J11': 48, 'J12': 81, 'J13': 42, 'cluster3106249630_3106249631_J60_J61_#5more': 78}, 
1725.0, {'J10': -20008.0, 'J11': -136262.0, 'J12': -78867.5, 'J13': -29129.5, 'cluster3106249630_3106249631_J60_J61_#5more': -177197.5}, {'J10': 13, 'J11': 32, 'J12': 20, 'J13': 28, 'cluster3106249630_3106249631_J60_J61_#5more': 36}, {'J10': 18, 'J11': 48, 'J12': 82, 'J13': 43, 'cluster3106249630_3106249631_J60_J61_#5more': 78}, 
1730.0, {'J10': -20188.0, 'J11': -136742.0, 'J12': -79687.5, 'J13': -29559.5, 'cluster3106249630_3106249631_J60_J61_#5more': -177977.5}, {'J10': 13, 'J11': 32, 'J12': 20, 'J13': 28, 'cluster3106249630_3106249631_J60_J61_#5more': 36}, {'J10': 18, 'J11': 48, 'J12': 82, 'J13': 43, 'cluster3106249630_3106249631_J60_J61_#5more': 78}, 
1735.0, {'J10': -20368.0, 'J11': -137225.5, 'J12': -80486.0, 'J13': -29989.5, 'cluster3106249630_3106249631_J60_J61_#5more': -178761.0}, {'J10': 13, 'J11': 32, 'J12': 20, 'J13': 28, 'cluster3106249630_3106249631_J60_J61_#5more': 36}, {'J10': 18, 'J11': 49, 'J12': 81, 'J13': 43, 'cluster3106249630_3106249631_J60_J61_#5more': 79}, 
1740.0, {'J10': -20548.0, 'J11': -137715.5, 'J12': -81296.0, 'J13': -30419.5, 'cluster3106249630_3106249631_J60_J61_#5more': -179551.0}, {'J10': 13, 'J11': 32, 'J12': 20, 'J13': 28, 'cluster3106249630_3106249631_J60_J61_#5more': 36}, {'J10': 18, 'J11': 49, 'J12': 81, 'J13': 43, 'cluster3106249630_3106249631_J60_J61_#5more': 79}, 
1745.0, {'J10': -20728.0, 'J11': -138182.0, 'J12': -82106.0, 'J13': -30849.5, 'cluster3106249630_3106249631_J60_J61_#5more': -180341.0}, {'J10': 13, 'J11': 32, 'J12': 20, 'J13': 28, 'cluster3106249630_3106249631_J60_J61_#5more': 36}, {'J10': 18, 'J11': 48, 'J12': 81, 'J13': 43, 'cluster3106249630_3106249631_J60_J61_#5more': 79}, 
1750.0, {'J10': -20908.0, 'J11': -138662.0, 'J12': -82921.0, 'J13': -31279.5, 'cluster3106249630_3106249631_J60_J61_#5more': -181131.0}, {'J10': 13, 'J11': 32, 'J12': 20, 'J13': 28, 'cluster3106249630_3106249631_J60_J61_#5more': 36}, {'J10': 18, 'J11': 48, 'J12': 82, 'J13': 43, 'cluster3106249630_3106249631_J60_J61_#5more': 79}, 
1755.0, {'J10': -21088.0, 'J11': -139142.0, 'J12': -83741.0, 'J13': -31709.5, 'cluster3106249630_3106249631_J60_J61_#5more': -181922.0}, {'J10': 13, 'J11': 32, 'J12': 20, 'J13': 28, 'cluster3106249630_3106249631_J60_J61_#5more': 36}, {'J10': 18, 'J11': 48, 'J12': 82, 'J13': 43, 'cluster3106249630_3106249631_J60_J61_#5more': 80}, 
1760.0, {'J10': -21268.0, 'J11': -139622.0, 'J12': -84561.0, 'J13': -32139.5, 'cluster3106249630_3106249631_J60_J61_#5more': -182579.0}, {'J10': 13, 'J11': 32, 'J12': 20, 'J13': 28, 'cluster3106249630_3106249631_J60_J61_#5more': 36}, {'J10': 18, 'J11': 48, 'J12': 82, 'J13': 43, 'cluster3106249630_3106249631_J60_J61_#5more': 79}, 
1765.0, {'J10': -21448.0, 'J11': -140102.0, 'J12': -85381.0, 'J13': -28879.0, 'cluster3106249630_3106249631_J60_J61_#5more': -183259.5}, {'J10': 13, 'J11': 32, 'J12': 20, 'J13': 25, 'cluster3106249630_3106249631_J60_J61_#5more': 36}, {'J10': 18, 'J11': 48, 'J12': 82, 'J13': 40, 'cluster3106249630_3106249631_J60_J61_#5more': 79}, 
1770.0, {'J10': -21628.0, 'J11': -140582.0, 'J12': -81238.0, 'J13': -29255.0, 'cluster3106249630_3106249631_J60_J61_#5more': -184049.5}, {'J10': 13, 'J11': 32, 'J12': 20, 'J13': 25, 'cluster3106249630_3106249631_J60_J61_#5more': 36}, {'J10': 18, 'J11': 48, 'J12': 75, 'J13': 38, 'cluster3106249630_3106249631_J60_J61_#5more': 79}, 
1775.0, {'J10': -21811.5, 'J11': -141062.0, 'J12': -81607.0, 'J13': -29635.0, 'cluster3106249630_3106249631_J60_J61_#5more': -184713.0}, {'J10': 13, 'J11': 32, 'J12': 20, 'J13': 25, 'cluster3106249630_3106249631_J60_J61_#5more': 36}, {'J10': 19, 'J11': 48, 'J12': 74, 'J13': 38, 'cluster3106249630_3106249631_J60_J61_#5more': 79}, 
1780.0, {'J10': -22001.5, 'J11': -141542.0, 'J12': -82355.0, 'J13': -30018.5, 'cluster3106249630_3106249631_J60_J61_#5more': -185382.0}, {'J10': 13, 'J11': 32, 'J12': 20, 'J13': 25, 'cluster3106249630_3106249631_J60_J61_#5more': 36}, {'J10': 19, 'J11': 48, 'J12': 79, 'J13': 39, 'cluster3106249630_3106249631_J60_J61_#5more': 78}, 
1785.0, {'J10': -22194.0, 'J11': -142022.0, 'J12': -83153.5, 'J13': -30408.5, 'cluster3106249630_3106249631_J60_J61_#5more': -186138.0}, {'J10': 13, 'J11': 32, 'J12': 20, 'J13': 25, 'cluster3106249630_3106249631_J60_J61_#5more': 36}, {'J10': 20, 'J11': 48, 'J12': 81, 'J13': 39, 'cluster3106249630_3106249631_J60_J61_#5more': 77}, 
1790.0, {'J10': -22361.5, 'J11': -142507.0, 'J12': -83205.5, 'J13': -30811.0, 'cluster3106249630_3106249631_J60_J61_#5more': -186908.0}, {'J10': 13, 'J11': 32, 'J12': 20, 'J13': 28, 'cluster3106249630_3106249631_J60_J61_#5more': 36}, {'J10': 20, 'J11': 49, 'J12': 81, 'J13': 42, 'cluster3106249630_3106249631_J60_J61_#5more': 77}, 
1795.0, {'J10': -22528.0, 'J11': -142982.0, 'J12': -83303.5, 'J13': -31231.0, 'cluster3106249630_3106249631_J60_J61_#5more': -187678.0}, {'J10': 13, 'J11': 32, 'J12': 20, 'J13': 28, 'cluster3106249630_3106249631_J60_J61_#5more': 36}, {'J10': 18, 'J11': 48, 'J12': 80, 'J13': 42, 'cluster3106249630_3106249631_J60_J61_#5more': 77}, 
1800.0, {'J10': -22708.0, 'J11': -143462.0, 'J12': -84103.5, 'J13': -31651.0, 'cluster3106249630_3106249631_J60_J61_#5more': -188459.0}, {'J10': 13, 'J11': 32, 'J12': 20, 'J13': 28, 'cluster3106249630_3106249631_J60_J61_#5more': 36}, {'J10': 18, 'J11': 48, 'J12': 80, 'J13': 42, 'cluster3106249630_3106249631_J60_J61_#5more': 81}, 
1805.0, {'J10': -22888.0, 'J11': -143942.0, 'J12': -84903.5, 'J13': -32071.0, 'cluster3106249630_3106249631_J60_J61_#5more': -189254.0}, {'J10': 13, 'J11': 32, 'J12': 20, 'J13': 28, 'cluster3106249630_3106249631_J60_J61_#5more': 36}, {'J10': 18, 'J11': 48, 'J12': 80, 'J13': 42, 'cluster3106249630_3106249631_J60_J61_#5more': 80}, 
1810.0, {'J10': -23068.5, 'J11': -144422.0, 'J12': -84156.5, 'J13': -32494.0, 'cluster3106249630_3106249631_J60_J61_#5more': -190008.5}, {'J10': 13, 'J11': 32, 'J12': 20, 'J13': 28, 'cluster3106249630_3106249631_J60_J61_#5more': 36}, {'J10': 19, 'J11': 48, 'J12': 79, 'J13': 43, 'cluster3106249630_3106249631_J60_J61_#5more': 78}, 
1815.0, {'J10': -23258.5, 'J11': -144902.0, 'J12': -84583.5, 'J13': -32924.0, 'cluster3106249630_3106249631_J60_J61_#5more': -190788.5}, {'J10': 13, 'J11': 32, 'J12': 20, 'J13': 28, 'cluster3106249630_3106249631_J60_J61_#5more': 36}, {'J10': 19, 'J11': 48, 'J12': 78, 'J13': 43, 'cluster3106249630_3106249631_J60_J61_#5more': 78}, 
1820.0, {'J10': -23448.5, 'J11': -145385.0, 'J12': -85364.5, 'J13': -33354.0, 'cluster3106249630_3106249631_J60_J61_#5more': -191569.5}, {'J10': 13, 'J11': 32, 'J12': 20, 'J13': 28, 'cluster3106249630_3106249631_J60_J61_#5more': 36}, {'J10': 19, 'J11': 49, 'J12': 79, 'J13': 43, 'cluster3106249630_3106249631_J60_J61_#5more': 79}, 
1825.0, {'J10': -23638.5, 'J11': -145862.0, 'J12': -86154.5, 'J13': -33784.0, 'cluster3106249630_3106249631_J60_J61_#5more': -192367.5}, {'J10': 13, 'J11': 32, 'J12': 20, 'J13': 28, 'cluster3106249630_3106249631_J60_J61_#5more': 36}, {'J10': 19, 'J11': 48, 'J12': 79, 'J13': 43, 'cluster3106249630_3106249631_J60_J61_#5more': 81}, 
1830.0, {'J10': -23828.5, 'J11': -146342.0, 'J12': -86945.0, 'J13': -31684.5, 'cluster3106249630_3106249631_J60_J61_#5more': -193180.0}, {'J10': 13, 'J11': 32, 'J12': 20, 'J13': 26, 'cluster3106249630_3106249631_J60_J61_#5more': 36}, {'J10': 19, 'J11': 48, 'J12': 80, 'J13': 39, 'cluster3106249630_3106249631_J60_J61_#5more': 82}, 
1835.0, {'J10': -24018.5, 'J11': -146822.0, 'J12': -86209.5, 'J13': -31070.0, 'cluster3106249630_3106249631_J60_J61_#5more': -193886.0}, {'J10': 13, 'J11': 32, 'J12': 20, 'J13': 25, 'cluster3106249630_3106249631_J60_J61_#5more': 36}, {'J10': 19, 'J11': 48, 'J12': 78, 'J13': 38, 'cluster3106249630_3106249631_J60_J61_#5more': 79}, 
1840.0, {'J10': -24208.5, 'J11': -147302.0, 'J12': -86233.0, 'J13': -31450.0, 'cluster3106249630_3106249631_J60_J61_#5more': -194641.5}, {'J10': 13, 'J11': 32, 'J12': 20, 'J13': 25, 'cluster3106249630_3106249631_J60_J61_#5more': 36}, {'J10': 19, 'J11': 48, 'J12': 76, 'J13': 38, 'cluster3106249630_3106249631_J60_J61_#5more': 78}, 
1845.0, {'J10': -24398.5, 'J11': -147782.0, 'J12': -86993.5, 'J13': -31833.5, 'cluster3106249630_3106249631_J60_J61_#5more': -195422.0}, {'J10': 13, 'J11': 32, 'J12': 20, 'J13': 25, 'cluster3106249630_3106249631_J60_J61_#5more': 36}, {'J10': 19, 'J11': 48, 'J12': 77, 'J13': 39, 'cluster3106249630_3106249631_J60_J61_#5more': 79}, 
1850.0, {'J10': -24588.5, 'J11': -148262.0, 'J12': -87777.0, 'J13': -32224.5, 'cluster3106249630_3106249631_J60_J61_#5more': -196219.0}, {'J10': 13, 'J11': 32, 'J12': 20, 'J13': 26, 'cluster3106249630_3106249631_J60_J61_#5more': 36}, {'J10': 19, 'J11': 48, 'J12': 80, 'J13': 40, 'cluster3106249630_3106249631_J60_J61_#5more': 81}, 
1855.0, {'J10': -24688.0, 'J11': -148742.0, 'J12': -87753.0, 'J13': -32632.0, 'cluster3106249630_3106249631_J60_J61_#5more': -196965.5}, {'J10': 13, 'J11': 32, 'J12': 20, 'J13': 28, 'cluster3106249630_3106249631_J60_J61_#5more': 36}, {'J10': 18, 'J11': 48, 'J12': 79, 'J13': 42, 'cluster3106249630_3106249631_J60_J61_#5more': 80}, 
1860.0, {'J10': -24869.0, 'J11': -149222.0, 'J12': -88090.5, 'J13': -33052.0, 'cluster3106249630_3106249631_J60_J61_#5more': -197735.0}, {'J10': 13, 'J11': 32, 'J12': 20, 'J13': 28, 'cluster3106249630_3106249631_J60_J61_#5more': 36}, {'J10': 19, 'J11': 48, 'J12': 78, 'J13': 42, 'cluster3106249630_3106249631_J60_J61_#5more': 79}, 
1865.0, {'J10': -25059.0, 'J11': -149702.0, 'J12': -88870.5, 'J13': -33472.0, 'cluster3106249630_3106249631_J60_J61_#5more': -198490.5}, {'J10': 13, 'J11': 32, 'J12': 20, 'J13': 28, 'cluster3106249630_3106249631_J60_J61_#5more': 36}, {'J10': 19, 'J11': 48, 'J12': 78, 'J13': 42, 'cluster3106249630_3106249631_J60_J61_#5more': 78}, 
1870.0, {'J10': -25249.0, 'J11': -150182.0, 'J12': -89651.0, 'J13': -33892.0, 'cluster3106249630_3106249631_J60_J61_#5more': -199228.0}, {'J10': 13, 'J11': 32, 'J12': 20, 'J13': 28, 'cluster3106249630_3106249631_J60_J61_#5more': 36}, {'J10': 19, 'J11': 48, 'J12': 79, 'J13': 42, 'cluster3106249630_3106249631_J60_J61_#5more': 77}, 
1875.0, {'J10': -25439.0, 'J11': -150662.0, 'J12': -89627.0, 'J13': -34312.0, 'cluster3106249630_3106249631_J60_J61_#5more': -200005.0}, {'J10': 13, 'J11': 32, 'J12': 20, 'J13': 28, 'cluster3106249630_3106249631_J60_J61_#5more': 36}, {'J10': 19, 'J11': 48, 'J12': 79, 'J13': 42, 'cluster3106249630_3106249631_J60_J61_#5more': 80}, 
1880.0, {'J10': -25629.0, 'J11': -151142.0, 'J12': -90417.0, 'J13': -34732.0, 'cluster3106249630_3106249631_J60_J61_#5more': -200796.0}, {'J10': 13, 'J11': 32, 'J12': 20, 'J13': 28, 'cluster3106249630_3106249631_J60_J61_#5more': 36}, {'J10': 19, 'J11': 48, 'J12': 79, 'J13': 42, 'cluster3106249630_3106249631_J60_J61_#5more': 80}, 
1885.0, {'J10': -25819.0, 'J11': -151622.0, 'J12': -91211.5, 'J13': -35152.0, 'cluster3106249630_3106249631_J60_J61_#5more': -201573.5}, {'J10': 13, 'J11': 32, 'J12': 20, 'J13': 28, 'cluster3106249630_3106249631_J60_J61_#5more': 36}, {'J10': 19, 'J11': 48, 'J12': 80, 'J13': 42, 'cluster3106249630_3106249631_J60_J61_#5more': 79}, 
1890.0, {'J10': -26009.0, 'J11': -152102.0, 'J12': -92015.5, 'J13': -35572.0, 'cluster3106249630_3106249631_J60_J61_#5more': -202332.5}, {'J10': 13, 'J11': 32, 'J12': 20, 'J13': 28, 'cluster3106249630_3106249631_J60_J61_#5more': 36}, {'J10': 19, 'J11': 48, 'J12': 82, 'J13': 42, 'cluster3106249630_3106249631_J60_J61_#5more': 78}, 
1895.0, {'J10': -26199.0, 'J11': -152582.0, 'J12': -92835.5, 'J13': -33254.0, 'cluster3106249630_3106249631_J60_J61_#5more': -203114.5}, {'J10': 13, 'J11': 32, 'J12': 20, 'J13': 26, 'cluster3106249630_3106249631_J60_J61_#5more': 36}, {'J10': 19, 'J11': 48, 'J12': 82, 'J13': 39, 'cluster3106249630_3106249631_J60_J61_#5more': 79}, 
1900.0, {'J10': -26389.0, 'J11': -153062.0, 'J12': -90347.5, 'J13': -32140.0, 'cluster3106249630_3106249631_J60_J61_#5more': -203848.0}, {'J10': 13, 'J11': 32, 'J12': 20, 'J13': 25, 'cluster3106249630_3106249631_J60_J61_#5more': 36}, {'J10': 19, 'J11': 48, 'J12': 78, 'J13': 38, 'cluster3106249630_3106249631_J60_J61_#5more': 77}, 
1905.0, {'J10': -26579.0, 'J11': -153542.0, 'J12': -90240.5, 'J13': -32520.0, 'cluster3106249630_3106249631_J60_J61_#5more': -204621.5}, {'J10': 13, 'J11': 32, 'J12': 20, 'J13': 25, 'cluster3106249630_3106249631_J60_J61_#5more': 36}, {'J10': 19, 'J11': 48, 'J12': 75, 'J13': 38, 'cluster3106249630_3106249631_J60_J61_#5more': 79}, 
1910.0, {'J10': -26769.0, 'J11': -154022.5, 'J12': -90991.5, 'J13': -32902.5, 'cluster3106249630_3106249631_J60_J61_#5more': -205416.0}, {'J10': 13, 'J11': 32, 'J12': 20, 'J13': 25, 'cluster3106249630_3106249631_J60_J61_#5more': 36}, {'J10': 19, 'J11': 49, 'J12': 76, 'J13': 40, 'cluster3106249630_3106249631_J60_J61_#5more': 80}, 
1915.0, {'J10': -26959.0, 'J11': -154515.5, 'J12': -91764.5, 'J13': -33303.5, 'cluster3106249630_3106249631_J60_J61_#5more': -206216.5}, {'J10': 13, 'J11': 32, 'J12': 20, 'J13': 26, 'cluster3106249630_3106249631_J60_J61_#5more': 36}, {'J10': 19, 'J11': 51, 'J12': 79, 'J13': 41, 'cluster3106249630_3106249631_J60_J61_#5more': 81}, 
1920.0, {'J10': -27030.0, 'J11': -155005.0, 'J12': -92554.5, 'J13': -33718.0, 'cluster3106249630_3106249631_J60_J61_#5more': -206964.5}, {'J10': 13, 'J11': 32, 'J12': 20, 'J13': 27, 'cluster3106249630_3106249631_J60_J61_#5more': 36}, {'J10': 19, 'J11': 50, 'J12': 79, 'J13': 42, 'cluster3106249630_3106249631_J60_J61_#5more': 80}, 
1925.0, {'J10': -27208.0, 'J11': -155507.0, 'J12': -93344.5, 'J13': -34140.5, 'cluster3106249630_3106249631_J60_J61_#5more': -207735.0}, {'J10': 13, 'J11': 32, 'J12': 20, 'J13': 28, 'cluster3106249630_3106249631_J60_J61_#5more': 36}, {'J10': 18, 'J11': 51, 'J12': 79, 'J13': 43, 'cluster3106249630_3106249631_J60_J61_#5more': 81}, 
1930.0, {'J10': -27388.0, 'J11': -156018.5, 'J12': -94134.5, 'J13': -34570.5, 'cluster3106249630_3106249631_J60_J61_#5more': -208551.0}, {'J10': 13, 'J11': 32, 'J12': 20, 'J13': 28, 'cluster3106249630_3106249631_J60_J61_#5more': 36}, {'J10': 18, 'J11': 52, 'J12': 79, 'J13': 43, 'cluster3106249630_3106249631_J60_J61_#5more': 83}, 
1935.0, {'J10': -27568.0, 'J11': -156543.5, 'J12': -94924.5, 'J13': -35000.5, 'cluster3106249630_3106249631_J60_J61_#5more': -209314.0}, {'J10': 13, 'J11': 32, 'J12': 20, 'J13': 28, 'cluster3106249630_3106249631_J60_J61_#5more': 36}, {'J10': 18, 'J11': 53, 'J12': 79, 'J13': 43, 'cluster3106249630_3106249631_J60_J61_#5more': 82}, 
1940.0, {'J10': -27748.0, 'J11': -156970.5, 'J12': -95719.0, 'J13': -35430.5, 'cluster3106249630_3106249631_J60_J61_#5more': -210045.0}, {'J10': 13, 'J11': 32, 'J12': 20, 'J13': 28, 'cluster3106249630_3106249631_J60_J61_#5more': 36}, {'J10': 18, 'J11': 51, 'J12': 80, 'J13': 43, 'cluster3106249630_3106249631_J60_J61_#5more': 79}, 
1945.0, {'J10': -27928.0, 'J11': -157480.5, 'J12': -96519.0, 'J13': -35860.5, 'cluster3106249630_3106249631_J60_J61_#5more': -210782.0}, {'J10': 13, 'J11': 32, 'J12': 20, 'J13': 28, 'cluster3106249630_3106249631_J60_J61_#5more': 36}, {'J10': 18, 'J11': 51, 'J12': 80, 'J13': 43, 'cluster3106249630_3106249631_J60_J61_#5more': 78}, 
1950.0, {'J10': -28108.0, 'J11': -157990.5, 'J12': -97319.0, 'J13': -36290.5, 'cluster3106249630_3106249631_J60_J61_#5more': -211575.0}, {'J10': 13, 'J11': 32, 'J12': 20, 'J13': 28, 'cluster3106249630_3106249631_J60_J61_#5more': 36}, {'J10': 18, 'J11': 51, 'J12': 80, 'J13': 43, 'cluster3106249630_3106249631_J60_J61_#5more': 82}, 
1955.0, {'J10': -28288.0, 'J11': -158438.5, 'J12': -98119.0, 'J13': -36722.0, 'cluster3106249630_3106249631_J60_J61_#5more': -212395.0}, {'J10': 13, 'J11': 32, 'J12': 20, 'J13': 28, 'cluster3106249630_3106249631_J60_J61_#5more': 36}, {'J10': 18, 'J11': 50, 'J12': 80, 'J13': 44, 'cluster3106249630_3106249631_J60_J61_#5more': 82}, 
1960.0, {'J10': -28468.0, 'J11': -158822.0, 'J12': -98919.0, 'J13': -34185.0, 'cluster3106249630_3106249631_J60_J61_#5more': -210294.5}, {'J10': 13, 'J11': 32, 'J12': 20, 'J13': 26, 'cluster3106249630_3106249631_J60_J61_#5more': 36}, {'J10': 18, 'J11': 48, 'J12': 80, 'J13': 41, 'cluster3106249630_3106249631_J60_J61_#5more': 81}, 
1965.0, {'J10': -28648.0, 'J11': -159302.0, 'J12': -98665.0, 'J13': -32061.0, 'cluster3106249630_3106249631_J60_J61_#5more': -211079.0}, {'J10': 13, 'J11': 32, 'J12': 20, 'J13': 24, 'cluster3106249630_3106249631_J60_J61_#5more': 36}, {'J10': 18, 'J11': 48, 'J12': 77, 'J13': 36, 'cluster3106249630_3106249631_J60_J61_#5more': 84}, 
1970.0, {'J10': -28828.0, 'J11': -159782.0, 'J12': -98686.5, 'J13': -32421.0, 'cluster3106249630_3106249631_J60_J61_#5more': -211919.0}, {'J10': 13, 'J11': 32, 'J12': 20, 'J13': 24, 'cluster3106249630_3106249631_J60_J61_#5more': 36}, {'J10': 18, 'J11': 48, 'J12': 75, 'J13': 36, 'cluster3106249630_3106249631_J60_J61_#5more': 84}, 
1975.0, {'J10': -29008.0, 'J11': -160262.0, 'J12': -99437.5, 'J13': -32784.0, 'cluster3106249630_3106249631_J60_J61_#5more': -212770.0}, {'J10': 13, 'J11': 32, 'J12': 20, 'J13': 24, 'cluster3106249630_3106249631_J60_J61_#5more': 36}, {'J10': 18, 'J11': 48, 'J12': 77, 'J13': 38, 'cluster3106249630_3106249631_J60_J61_#5more': 87}, 
1980.0, {'J10': -29188.0, 'J11': -160742.0, 'J12': -100215.5, 'J13': -33164.0, 'cluster3106249630_3106249631_J60_J61_#5more': -213515.5}, {'J10': 13, 'J11': 32, 'J12': 20, 'J13': 24, 'cluster3106249630_3106249631_J60_J61_#5more': 36}, {'J10': 18, 'J11': 48, 'J12': 79, 'J13': 38, 'cluster3106249630_3106249631_J60_J61_#5more': 86}, 
1985.0, {'J10': -29368.0, 'J11': -161222.0, 'J12': -99617.0, 'J13': -33559.5, 'cluster3106249630_3106249631_J60_J61_#5more': -214377.5}, {'J10': 13, 'J11': 32, 'J12': 20, 'J13': 28, 'cluster3106249630_3106249631_J60_J61_#5more': 36}, {'J10': 18, 'J11': 48, 'J12': 79, 'J13': 42, 'cluster3106249630_3106249631_J60_J61_#5more': 87}, 
1990.0, {'J10': -29548.0, 'J11': -161702.0, 'J12': -97700.0, 'J13': -33979.5, 'cluster3106249630_3106249631_J60_J61_#5more': -215259.0}, {'J10': 13, 'J11': 32, 'J12': 20, 'J13': 28, 'cluster3106249630_3106249631_J60_J61_#5more': 36}, {'J10': 18, 'J11': 48, 'J12': 76, 'J13': 42, 'cluster3106249630_3106249631_J60_J61_#5more': 90}, 
1995.0, {'J10': -29728.0, 'J11': -162182.0, 'J12': -98460.0, 'J13': -34399.5, 'cluster3106249630_3106249631_J60_J61_#5more': -215944.5}, {'J10': 13, 'J11': 32, 'J12': 20, 'J13': 28, 'cluster3106249630_3106249631_J60_J61_#5more': 36}, {'J10': 18, 'J11': 48, 'J12': 76, 'J13': 42, 'cluster3106249630_3106249631_J60_J61_#5more': 87}, 
2000.0, {'J10': -29908.0, 'J11': -162662.0, 'J12': -98205.5, 'J13': -34819.5, 'cluster3106249630_3106249631_J60_J61_#5more': -213755.0}, {'J10': 13, 'J11': 32, 'J12': 20, 'J13': 28, 'cluster3106249630_3106249631_J60_J61_#5more': 36}, {'J10': 18, 'J11': 48, 'J12': 74, 'J13': 42, 'cluster3106249630_3106249631_J60_J61_#5more': 85}, 
2005.0, {'J10': -30088.0, 'J11': -163142.0, 'J12': -97501.0, 'J13': -35239.5, 'cluster3106249630_3106249631_J60_J61_#5more': -214610.0}, {'J10': 13, 'J11': 32, 'J12': 20, 'J13': 28, 'cluster3106249630_3106249631_J60_J61_#5more': 36}, {'J10': 18, 'J11': 48, 'J12': 72, 'J13': 42, 'cluster3106249630_3106249631_J60_J61_#5more': 86}, 
2010.0, {'J10': -30268.0, 'J11': -163622.0, 'J12': -98222.0, 'J13': -35659.5, 'cluster3106249630_3106249631_J60_J61_#5more': -215323.0}, {'J10': 13, 'J11': 32, 'J12': 20, 'J13': 28, 'cluster3106249630_3106249631_J60_J61_#5more': 36}, {'J10': 18, 'J11': 48, 'J12': 73, 'J13': 42, 'cluster3106249630_3106249631_J60_J61_#5more': 86}, 
2015.0, {'J10': -30448.0, 'J11': -164102.0, 'J12': -97884.0, 'J13': -36079.5, 'cluster3106249630_3106249631_J60_J61_#5more': -215984.0}, {'J10': 13, 'J11': 32, 'J12': 20, 'J13': 28, 'cluster3106249630_3106249631_J60_J61_#5more': 36}, {'J10': 18, 'J11': 48, 'J12': 77, 'J13': 42, 'cluster3106249630_3106249631_J60_J61_#5more': 81}, 
2020.0, {'J10': -30628.0, 'J11': -164582.0, 'J12': -97272.5, 'J13': -36499.5, 'cluster3106249630_3106249631_J60_J61_#5more': -216712.5}, {'J10': 13, 'J11': 32, 'J12': 20, 'J13': 28, 'cluster3106249630_3106249631_J60_J61_#5more': 36}, {'J10': 18, 'J11': 48, 'J12': 75, 'J13': 42, 'cluster3106249630_3106249631_J60_J61_#5more': 80}, 
2025.0, {'J10': -30812.5, 'J11': -165062.0, 'J12': -98022.5, 'J13': -34063.5, 'cluster3106249630_3106249631_J60_J61_#5more': -217512.5}, {'J10': 13, 'J11': 32, 'J12': 20, 'J13': 26, 'cluster3106249630_3106249631_J60_J61_#5more': 36}, {'J10': 19, 'J11': 48, 'J12': 75, 'J13': 39, 'cluster3106249630_3106249631_J60_J61_#5more': 80}, 
2030.0, {'J10': -31002.5, 'J11': -165542.0, 'J12': -95532.0, 'J13': -32063.5, 'cluster3106249630_3106249631_J60_J61_#5more': -218321.5}, {'J10': 13, 'J11': 32, 'J12': 20, 'J13': 24, 'cluster3106249630_3106249631_J60_J61_#5more': 36}, {'J10': 19, 'J11': 48, 'J12': 71, 'J13': 36, 'cluster3106249630_3106249631_J60_J61_#5more': 84}, 
2035.0, {'J10': -31192.5, 'J11': -166022.0, 'J12': -96242.0, 'J13': -32423.5, 'cluster3106249630_3106249631_J60_J61_#5more': -219173.5}, {'J10': 13, 'J11': 32, 'J12': 20, 'J13': 24, 'cluster3106249630_3106249631_J60_J61_#5more': 36}, {'J10': 19, 'J11': 48, 'J12': 71, 'J13': 36, 'cluster3106249630_3106249631_J60_J61_#5more': 87}, 
2040.0, {'J10': -31382.5, 'J11': -166502.0, 'J12': -96962.0, 'J13': -32790.0, 'cluster3106249630_3106249631_J60_J61_#5more': -219967.0}, {'J10': 13, 'J11': 32, 'J12': 20, 'J13': 24, 'cluster3106249630_3106249631_J60_J61_#5more': 36}, {'J10': 19, 'J11': 48, 'J12': 75, 'J13': 39, 'cluster3106249630_3106249631_J60_J61_#5more': 87}, 
2045.0, {'J10': -31572.5, 'J11': -166987.0, 'J12': -97366.5, 'J13': -33181.0, 'cluster3106249630_3106249631_J60_J61_#5more': -220841.0}, {'J10': 13, 'J11': 32, 'J12': 20, 'J13': 25, 'cluster3106249630_3106249631_J60_J61_#5more': 36}, {'J10': 19, 'J11': 49, 'J12': 75, 'J13': 40, 'cluster3106249630_3106249631_J60_J61_#5more': 89}, 
2050.0, {'J10': -31708.0, 'J11': -167462.0, 'J12': -97382.5, 'J13': -33592.0, 'cluster3106249630_3106249631_J60_J61_#5more': -221739.0}, {'J10': 13, 'J11': 32, 'J12': 20, 'J13': 28, 'cluster3106249630_3106249631_J60_J61_#5more': 36}, {'J10': 18, 'J11': 48, 'J12': 74, 'J13': 44, 'cluster3106249630_3106249631_J60_J61_#5more': 93}, 
2055.0, {'J10': -31888.5, 'J11': -167942.0, 'J12': -98123.5, 'J13': -34032.0, 'cluster3106249630_3106249631_J60_J61_#5more': -222669.0}, {'J10': 13, 'J11': 32, 'J12': 20, 'J13': 28, 'cluster3106249630_3106249631_J60_J61_#5more': 36}, {'J10': 19, 'J11': 48, 'J12': 75, 'J13': 44, 'cluster3106249630_3106249631_J60_J61_#5more': 93}, 
2060.0, {'J10': -32078.5, 'J11': -168422.0, 'J12': -98873.5, 'J13': -34472.0, 'cluster3106249630_3106249631_J60_J61_#5more': -223541.5}, {'J10': 13, 'J11': 32, 'J12': 20, 'J13': 28, 'cluster3106249630_3106249631_J60_J61_#5more': 36}, {'J10': 19, 'J11': 48, 'J12': 75, 'J13': 44, 'cluster3106249630_3106249631_J60_J61_#5more': 94}, 
2065.0, {'J10': -32268.5, 'J11': -168902.0, 'J12': -98473.5, 'J13': -34912.0, 'cluster3106249630_3106249631_J60_J61_#5more': -224486.0}, {'J10': 13, 'J11': 32, 'J12': 20, 'J13': 28, 'cluster3106249630_3106249631_J60_J61_#5more': 36}, {'J10': 19, 'J11': 48, 'J12': 74, 'J13': 44, 'cluster3106249630_3106249631_J60_J61_#5more': 96}, 
2070.0, {'J10': -32458.5, 'J11': -169382.0, 'J12': -99218.0, 'J13': -35352.0, 'cluster3106249630_3106249631_J60_J61_#5more': -225455.5}, {'J10': 13, 'J11': 32, 'J12': 20, 'J13': 28, 'cluster3106249630_3106249631_J60_J61_#5more': 36}, {'J10': 19, 'J11': 48, 'J12': 75, 'J13': 44, 'cluster3106249630_3106249631_J60_J61_#5more': 99}, 
2075.0, {'J10': -32648.5, 'J11': -169863.5, 'J12': -99968.0, 'J13': -35792.0, 'cluster3106249630_3106249631_J60_J61_#5more': -226445.5}, {'J10': 13, 'J11': 32, 'J12': 20, 'J13': 28, 'cluster3106249630_3106249631_J60_J61_#5more': 36}, {'J10': 19, 'J11': 49, 'J12': 75, 'J13': 44, 'cluster3106249630_3106249631_J60_J61_#5more': 99}, 
2080.0, {'J10': -32838.5, 'J11': -170355.5, 'J12': -100723.5, 'J13': -36232.0, 'cluster3106249630_3106249631_J60_J61_#5more': -227445.5}, {'J10': 13, 'J11': 32, 'J12': 20, 'J13': 28, 'cluster3106249630_3106249631_J60_J61_#5more': 36}, {'J10': 19, 'J11': 50, 'J12': 77, 'J13': 44, 'cluster3106249630_3106249631_J60_J61_#5more': 101}, 
2085.0, {'J10': -33028.5, 'J11': -170860.5, 'J12': -101500.5, 'J13': -36672.0, 'cluster3106249630_3106249631_J60_J61_#5more': -228463.5}, {'J10': 13, 'J11': 32, 'J12': 20, 'J13': 28, 'cluster3106249630_3106249631_J60_J61_#5more': 36}, {'J10': 19, 'J11': 51, 'J12': 79, 'J13': 44, 'cluster3106249630_3106249631_J60_J61_#5more': 103}, 
2090.0, {'J10': -33218.5, 'J11': -171317.0, 'J12': -102290.5, 'J13': -34390.5, 'cluster3106249630_3106249631_J60_J61_#5more': -225277.0}, {'J10': 13, 'J11': 32, 'J12': 20, 'J13': 26, 'cluster3106249630_3106249631_J60_J61_#5more': 36}, {'J10': 19, 'J11': 49, 'J12': 79, 'J13': 40, 'cluster3106249630_3106249631_J60_J61_#5more': 100}, 
2095.0, {'J10': -33408.5, 'J11': -171782.0, 'J12': -101407.0, 'J13': -32564.0, 'cluster3106249630_3106249631_J60_J61_#5more': -221977.0}, {'J10': 13, 'J11': 32, 'J12': 20, 'J13': 24, 'cluster3106249630_3106249631_J60_J61_#5more': 36}, {'J10': 19, 'J11': 48, 'J12': 76, 'J13': 37, 'cluster3106249630_3106249631_J60_J61_#5more': 96}, 
2100.0, {'J10': -33598.5, 'J11': -172262.0, 'J12': -101792.0, 'J13': -32934.0, 'cluster3106249630_3106249631_J60_J61_#5more': -222937.0}, {'J10': 13, 'J11': 32, 'J12': 20, 'J13': 24, 'cluster3106249630_3106249631_J60_J61_#5more': 36}, {'J10': 19, 'J11': 48, 'J12': 75, 'J13': 37, 'cluster3106249630_3106249631_J60_J61_#5more': 96}, 
2105.0, {'J10': -33788.5, 'J11': -172744.5, 'J12': -102526.5, 'J13': -33309.0, 'cluster3106249630_3106249631_J60_J61_#5more': -223905.0}, {'J10': 13, 'J11': 32, 'J12': 20, 'J13': 24, 'cluster3106249630_3106249631_J60_J61_#5more': 36}, {'J10': 19, 'J11': 49, 'J12': 76, 'J13': 39, 'cluster3106249630_3106249631_J60_J61_#5more': 100}, 
2110.0, {'J10': -33978.5, 'J11': -173234.5, 'J12': -103297.5, 'J13': -33700.0, 'cluster3106249630_3106249631_J60_J61_#5more': -224759.0}, {'J10': 13, 'J11': 32, 'J12': 20, 'J13': 25, 'cluster3106249630_3106249631_J60_J61_#5more': 36}, {'J10': 19, 'J11': 49, 'J12': 79, 'J13': 40, 'cluster3106249630_3106249631_J60_J61_#5more': 101}, 
2115.0, {'J10': -34050.0, 'J11': -173702.0, 'J12': -103637.5, 'J13': -34109.5, 'cluster3106249630_3106249631_J60_J61_#5more': -225640.5}, {'J10': 13, 'J11': 32, 'J12': 20, 'J13': 28, 'cluster3106249630_3106249631_J60_J61_#5more': 36}, {'J10': 19, 'J11': 48, 'J12': 79, 'J13': 43, 'cluster3106249630_3106249631_J60_J61_#5more': 101}, 
2120.0, {'J10': -34228.0, 'J11': -174182.0, 'J12': -102743.0, 'J13': -34541.0, 'cluster3106249630_3106249631_J60_J61_#5more': -226565.5}, {'J10': 13, 'J11': 32, 'J12': 20, 'J13': 28, 'cluster3106249630_3106249631_J60_J61_#5more': 36}, {'J10': 18, 'J11': 48, 'J12': 75, 'J13': 44, 'cluster3106249630_3106249631_J60_J61_#5more': 100}, 
2125.0, {'J10': -34408.0, 'J11': -174663.5, 'J12': -100974.5, 'J13': -34981.0, 'cluster3106249630_3106249631_J60_J61_#5more': -227566.5}, {'J10': 13, 'J11': 32, 'J12': 20, 'J13': 28, 'cluster3106249630_3106249631_J60_J61_#5more': 36}, {'J10': 18, 'J11': 49, 'J12': 73, 'J13': 44, 'cluster3106249630_3106249631_J60_J61_#5more': 101}, 
2130.0, {'J10': -34588.0, 'J11': -175142.0, 'J12': -101704.5, 'J13': -35421.0, 'cluster3106249630_3106249631_J60_J61_#5more': -228581.0}, {'J10': 13, 'J11': 32, 'J12': 20, 'J13': 28, 'cluster3106249630_3106249631_J60_J61_#5more': 36}, {'J10': 18, 'J11': 48, 'J12': 73, 'J13': 44, 'cluster3106249630_3106249631_J60_J61_#5more': 102}, 
2135.0, {'J10': -34768.0, 'J11': -175622.0, 'J12': -102438.5, 'J13': -35862.5, 'cluster3106249630_3106249631_J60_J61_#5more': -229601.0}, {'J10': 13, 'J11': 32, 'J12': 20, 'J13': 28, 'cluster3106249630_3106249631_J60_J61_#5more': 36}, {'J10': 18, 'J11': 48, 'J12': 75, 'J13': 45, 'cluster3106249630_3106249631_J60_J61_#5more': 102}, 
2140.0, {'J10': -34948.0, 'J11': -176102.0, 'J12': -103193.0, 'J13': -36312.5, 'cluster3106249630_3106249631_J60_J61_#5more': -229254.0}, {'J10': 13, 'J11': 32, 'J12': 20, 'J13': 28, 'cluster3106249630_3106249631_J60_J61_#5more': 36}, {'J10': 18, 'J11': 48, 'J12': 76, 'J13': 45, 'cluster3106249630_3106249631_J60_J61_#5more': 99}, 
2145.0, {'J10': -35128.0, 'J11': -176582.0, 'J12': -103912.0, 'J13': -36762.5, 'cluster3106249630_3106249631_J60_J61_#5more': -228006.5}, {'J10': 13, 'J11': 32, 'J12': 20, 'J13': 28, 'cluster3106249630_3106249631_J60_J61_#5more': 36}, {'J10': 18, 'J11': 48, 'J12': 75, 'J13': 45, 'cluster3106249630_3106249631_J60_J61_#5more': 97}, 
2150.0, {'J10': -35308.0, 'J11': -177062.0, 'J12': -103057.0, 'J13': -37212.5, 'cluster3106249630_3106249631_J60_J61_#5more': -229105.0}, {'J10': 13, 'J11': 32, 'J12': 20, 'J13': 28, 'cluster3106249630_3106249631_J60_J61_#5more': 36}, {'J10': 18, 'J11': 48, 'J12': 73, 'J13': 45, 'cluster3106249630_3106249631_J60_J61_#5more': 98}, 
2155.0, {'J10': -35488.0, 'J11': -177542.0, 'J12': -103612.5, 'J13': -34460.5, 'cluster3106249630_3106249631_J60_J61_#5more': -225355.5}, {'J10': 13, 'J11': 32, 'J12': 20, 'J13': 26, 'cluster3106249630_3106249631_J60_J61_#5more': 36}, {'J10': 18, 'J11': 48, 'J12': 72, 'J13': 40, 'cluster3106249630_3106249631_J60_J61_#5more': 94}, 
2160.0, {'J10': -35668.0, 'J11': -178022.0, 'J12': -104239.0, 'J13': -34779.0, 'cluster3106249630_3106249631_J60_J61_#5more': -221970.0}, {'J10': 13, 'J11': 32, 'J12': 20, 'J13': 26, 'cluster3106249630_3106249631_J60_J61_#5more': 36}, {'J10': 18, 'J11': 48, 'J12': 71, 'J13': 39, 'cluster3106249630_3106249631_J60_J61_#5more': 93}, 
2165.0, {'J10': -35848.0, 'J11': -178502.0, 'J12': -104586.0, 'J13': -35173.0, 'cluster3106249630_3106249631_J60_J61_#5more': -222900.0}, {'J10': 13, 'J11': 32, 'J12': 20, 'J13': 26, 'cluster3106249630_3106249631_J60_J61_#5more': 36}, {'J10': 18, 'J11': 48, 'J12': 71, 'J13': 40, 'cluster3106249630_3106249631_J60_J61_#5more': 93}, 
2170.0, {'J10': -36028.0, 'J11': -178982.0, 'J12': -104725.0, 'J13': -35578.0, 'cluster3106249630_3106249631_J60_J61_#5more': -223837.5}, {'J10': 13, 'J11': 32, 'J12': 20, 'J13': 26, 'cluster3106249630_3106249631_J60_J61_#5more': 36}, {'J10': 18, 'J11': 48, 'J12': 73, 'J13': 43, 'cluster3106249630_3106249631_J60_J61_#5more': 96}, 
2175.0, {'J10': -36208.0, 'J11': -179462.0, 'J12': -105461.0, 'J13': -36011.5, 'cluster3106249630_3106249631_J60_J61_#5more': -224807.0}, {'J10': 13, 'J11': 32, 'J12': 20, 'J13': 28, 'cluster3106249630_3106249631_J60_J61_#5more': 36}, {'J10': 18, 'J11': 48, 'J12': 76, 'J13': 45, 'cluster3106249630_3106249631_J60_J61_#5more': 99}, 
2180.0, {'J10': -36388.0, 'J11': -179942.0, 'J12': -101494.0, 'J13': -36461.5, 'cluster3106249630_3106249631_J60_J61_#5more': -225804.5}, {'J10': 13, 'J11': 32, 'J12': 20, 'J13': 28, 'cluster3106249630_3106249631_J60_J61_#5more': 36}, {'J10': 18, 'J11': 48, 'J12': 70, 'J13': 45, 'cluster3106249630_3106249631_J60_J61_#5more': 103}, 
2185.0, {'J10': -36568.0, 'J11': -180422.0, 'J12': -102194.0, 'J13': -36911.5, 'cluster3106249630_3106249631_J60_J61_#5more': -226834.5}, {'J10': 13, 'J11': 32, 'J12': 20, 'J13': 28, 'cluster3106249630_3106249631_J60_J61_#5more': 36}, {'J10': 18, 'J11': 48, 'J12': 70, 'J13': 45, 'cluster3106249630_3106249631_J60_J61_#5more': 103}, 
2190.0, {'J10': -36748.0, 'J11': -180902.0, 'J12': -102894.5, 'J13': -37361.5, 'cluster3106249630_3106249631_J60_J61_#5more': -227864.5}, {'J10': 13, 'J11': 32, 'J12': 20, 'J13': 28, 'cluster3106249630_3106249631_J60_J61_#5more': 36}, {'J10': 18, 'J11': 48, 'J12': 71, 'J13': 45, 'cluster3106249630_3106249631_J60_J61_#5more': 103}, 
2195.0, {'J10': -36928.0, 'J11': -181382.0, 'J12': -103620.5, 'J13': -37811.5, 'cluster3106249630_3106249631_J60_J61_#5more': -228894.5}, {'J10': 13, 'J11': 32, 'J12': 20, 'J13': 28, 'cluster3106249630_3106249631_J60_J61_#5more': 36}, {'J10': 18, 'J11': 48, 'J12': 75, 'J13': 45, 'cluster3106249630_3106249631_J60_J61_#5more': 103}, 
2200.0, {'J10': -37108.0, 'J11': -181862.0, 'J12': -104370.5, 'J13': -38261.5, 'cluster3106249630_3106249631_J60_J61_#5more': -229874.0}, {'J10': 13, 'J11': 32, 'J12': 20, 'J13': 28, 'cluster3106249630_3106249631_J60_J61_#5more': 36}, {'J10': 18, 'J11': 48, 'J12': 75, 'J13': 45, 'cluster3106249630_3106249631_J60_J61_#5more': 102}, 
2205.0, {'J10': -37288.0, 'J11': -182342.0, 'J12': -105120.5, 'J13': -38711.5, 'cluster3106249630_3106249631_J60_J61_#5more': -230894.0}, {'J10': 13, 'J11': 32, 'J12': 20, 'J13': 28, 'cluster3106249630_3106249631_J60_J61_#5more': 36}, {'J10': 18, 'J11': 48, 'J12': 75, 'J13': 45, 'cluster3106249630_3106249631_J60_J61_#5more': 102}, 
2210.0, {'J10': -37468.0, 'J11': -182822.0, 'J12': -105870.5, 'J13': -39161.5, 'cluster3106249630_3106249631_J60_J61_#5more': -231813.5}, {'J10': 13, 'J11': 32, 'J12': 20, 'J13': 28, 'cluster3106249630_3106249631_J60_J61_#5more': 36}, {'J10': 18, 'J11': 48, 'J12': 75, 'J13': 45, 'cluster3106249630_3106249631_J60_J61_#5more': 101}, 
2215.0, {'J10': -37648.0, 'J11': -183302.0, 'J12': -106620.5, 'J13': -39611.5, 'cluster3106249630_3106249631_J60_J61_#5more': -232751.0}, {'J10': 13, 'J11': 32, 'J12': 20, 'J13': 28, 'cluster3106249630_3106249631_J60_J61_#5more': 36}, {'J10': 18, 'J11': 48, 'J12': 75, 'J13': 45, 'cluster3106249630_3106249631_J60_J61_#5more': 100}, 
2220.0, {'J10': -37828.0, 'J11': -183782.0, 'J12': -107370.5, 'J13': -37272.5, 'cluster3106249630_3106249631_J60_J61_#5more': -224298.0}, {'J10': 13, 'J11': 32, 'J12': 20, 'J13': 26, 'cluster3106249630_3106249631_J60_J61_#5more': 36}, {'J10': 18, 'J11': 48, 'J12': 75, 'J13': 41, 'cluster3106249630_3106249631_J60_J61_#5more': 94}, 
2225.0, {'J10': -38008.0, 'J11': -184262.0, 'J12': -108120.5, 'J13': -37058.0, 'cluster3106249630_3106249631_J60_J61_#5more': -224926.5}, {'J10': 13, 'J11': 32, 'J12': 20, 'J13': 26, 'cluster3106249630_3106249631_J60_J61_#5more': 36}, {'J10': 18, 'J11': 48, 'J12': 75, 'J13': 39, 'cluster3106249630_3106249631_J60_J61_#5more': 93}, 
2230.0, {'J10': -38188.0, 'J11': -184742.0, 'J12': -108870.5, 'J13': -37454.5, 'cluster3106249630_3106249631_J60_J61_#5more': -225856.5}, {'J10': 13, 'J11': 32, 'J12': 20, 'J13': 26, 'cluster3106249630_3106249631_J60_J61_#5more': 36}, {'J10': 18, 'J11': 48, 'J12': 75, 'J13': 41, 'cluster3106249630_3106249631_J60_J61_#5more': 93}, 
2235.0, {'J10': -38368.0, 'J11': -185222.0, 'J12': -109620.5, 'J13': -37867.0, 'cluster3106249630_3106249631_J60_J61_#5more': -226806.0}, {'J10': 13, 'J11': 32, 'J12': 20, 'J13': 26, 'cluster3106249630_3106249631_J60_J61_#5more': 36}, {'J10': 18, 'J11': 48, 'J12': 75, 'J13': 43, 'cluster3106249630_3106249631_J60_J61_#5more': 100}, 
2240.0, {'J10': -38548.0, 'J11': -185702.0, 'J12': -110370.5, 'J13': -38297.0, 'cluster3106249630_3106249631_J60_J61_#5more': -227815.0}, {'J10': 13, 'J11': 32, 'J12': 20, 'J13': 26, 'cluster3106249630_3106249631_J60_J61_#5more': 36}, {'J10': 18, 'J11': 48, 'J12': 75, 'J13': 43, 'cluster3106249630_3106249631_J60_J61_#5more': 102}, 
2245.0, {'J10': -38728.0, 'J11': -186182.0, 'J12': -108450.5, 'J13': -38735.5, 'cluster3106249630_3106249631_J60_J61_#5more': -228835.5}, {'J10': 13, 'J11': 32, 'J12': 20, 'J13': 28, 'cluster3106249630_3106249631_J60_J61_#5more': 36}, {'J10': 18, 'J11': 48, 'J12': 71, 'J13': 45, 'cluster3106249630_3106249631_J60_J61_#5more': 103}, 
2250.0, {'J10': -38908.0, 'J11': -186662.0, 'J12': -109164.5, 'J13': -39185.5, 'cluster3106249630_3106249631_J60_J61_#5more': -229830.5}, {'J10': 13, 'J11': 32, 'J12': 20, 'J13': 28, 'cluster3106249630_3106249631_J60_J61_#5more': 36}, {'J10': 18, 'J11': 48, 'J12': 72, 'J13': 45, 'cluster3106249630_3106249631_J60_J61_#5more': 102}, 
2255.0, {'J10': -39088.0, 'J11': -187142.0, 'J12': -109871.5, 'J13': -39635.5, 'cluster3106249630_3106249631_J60_J61_#5more': -230850.5}, {'J10': 13, 'J11': 32, 'J12': 20, 'J13': 28, 'cluster3106249630_3106249631_J60_J61_#5more': 36}, {'J10': 18, 'J11': 48, 'J12': 72, 'J13': 45, 'cluster3106249630_3106249631_J60_J61_#5more': 102}, 
2260.0, {'J10': -39268.0, 'J11': -187625.0, 'J12': -110105.5, 'J13': -40085.5, 'cluster3106249630_3106249631_J60_J61_#5more': -231870.5}, {'J10': 13, 'J11': 32, 'J12': 20, 'J13': 28, 'cluster3106249630_3106249631_J60_J61_#5more': 36}, {'J10': 18, 'J11': 49, 'J12': 72, 'J13': 45, 'cluster3106249630_3106249631_J60_J61_#5more': 102}, 
2265.0, {'J10': -39448.0, 'J11': -188115.0, 'J12': -109588.5, 'J13': -40535.5, 'cluster3106249630_3106249631_J60_J61_#5more': -232894.0}, {'J10': 13, 'J11': 32, 'J12': 20, 'J13': 28, 'cluster3106249630_3106249631_J60_J61_#5more': 36}, {'J10': 18, 'J11': 49, 'J12': 70, 'J13': 45, 'cluster3106249630_3106249631_J60_J61_#5more': 103}, 
2270.0, {'J10': -39628.0, 'J11': -188605.0, 'J12': -110288.5, 'J13': -40985.5, 'cluster3106249630_3106249631_J60_J61_#5more': -233924.0}, {'J10': 13, 'J11': 32, 'J12': 20, 'J13': 28, 'cluster3106249630_3106249631_J60_J61_#5more': 36}, {'J10': 18, 'J11': 49, 'J12': 70, 'J13': 45, 'cluster3106249630_3106249631_J60_J61_#5more': 103}, 
2275.0, {'J10': -39808.0, 'J11': -189062.0, 'J12': -110824.0, 'J13': -41435.5, 'cluster3106249630_3106249631_J60_J61_#5more': -234954.0}, {'J10': 13, 'J11': 32, 'J12': 20, 'J13': 28, 'cluster3106249630_3106249631_J60_J61_#5more': 36}, {'J10': 18, 'J11': 48, 'J12': 69, 'J13': 45, 'cluster3106249630_3106249631_J60_J61_#5more': 103}, 
2280.0, {'J10': -39988.0, 'J11': -189542.0, 'J12': -111341.5, 'J13': -41885.5, 'cluster3106249630_3106249631_J60_J61_#5more': -235984.0}, {'J10': 13, 'J11': 32, 'J12': 20, 'J13': 28, 'cluster3106249630_3106249631_J60_J61_#5more': 36}, {'J10': 18, 'J11': 48, 'J12': 68, 'J13': 45, 'cluster3106249630_3106249631_J60_J61_#5more': 103}, 
2285.0, {'J10': -40168.0, 'J11': -190022.0, 'J12': -111589.0, 'J13': -40487.0, 'cluster3106249630_3106249631_J60_J61_#5more': -235015.5}, {'J10': 13, 'J11': 32, 'J12': 20, 'J13': 27, 'cluster3106249630_3106249631_J60_J61_#5more': 36}, {'J10': 18, 'J11': 48, 'J12': 71, 'J13': 42, 'cluster3106249630_3106249631_J60_J61_#5more': 98}, 
2290.0, {'J10': -40348.0, 'J11': -190503.5, 'J12': -112306.0, 'J13': -39019.0, 'cluster3106249630_3106249631_J60_J61_#5more': -235468.5}, {'J10': 13, 'J11': 32, 'J12': 20, 'J13': 26, 'cluster3106249630_3106249631_J60_J61_#5more': 36}, {'J10': 18, 'J11': 49, 'J12': 73, 'J13': 39, 'cluster3106249630_3106249631_J60_J61_#5more': 96}, 
2295.0, {'J10': -40528.0, 'J11': -190982.0, 'J12': -112106.5, 'J13': -39415.0, 'cluster3106249630_3106249631_J60_J61_#5more': -236428.5}, {'J10': 13, 'J11': 32, 'J12': 20, 'J13': 26, 'cluster3106249630_3106249631_J60_J61_#5more': 36}, {'J10': 18, 'J11': 48, 'J12': 73, 'J13': 41, 'cluster3106249630_3106249631_J60_J61_#5more': 96}, 
2300.0, {'J10': -40708.0, 'J11': -191462.0, 'J12': -112842.0, 'J13': -39825.0, 'cluster3106249630_3106249631_J60_J61_#5more': -237397.0}, {'J10': 13, 'J11': 32, 'J12': 20, 'J13': 26, 'cluster3106249630_3106249631_J60_J61_#5more': 36}, {'J10': 18, 'J11': 48, 'J12': 77, 'J13': 41, 'cluster3106249630_3106249631_J60_J61_#5more': 100}, 
2305.0, {'J10': -40888.0, 'J11': -191942.0, 'J12': -113320.0, 'J13': -40236.0, 'cluster3106249630_3106249631_J60_J61_#5more': -238398.0}, {'J10': 13, 'J11': 32, 'J12': 20, 'J13': 27, 'cluster3106249630_3106249631_J60_J61_#5more': 36}, {'J10': 18, 'J11': 48, 'J12': 78, 'J13': 42, 'cluster3106249630_3106249631_J60_J61_#5more': 101}, 
2310.0, {'J10': -41068.0, 'J11': -192422.0, 'J12': -112409.0, 'J13': -40660.5, 'cluster3106249630_3106249631_J60_J61_#5more': -239410.5}, {'J10': 13, 'J11': 32, 'J12': 20, 'J13': 28, 'cluster3106249630_3106249631_J60_J61_#5more': 36}, {'J10': 18, 'J11': 48, 'J12': 74, 'J13': 43, 'cluster3106249630_3106249631_J60_J61_#5more': 102}, 
2315.0, {'J10': -41248.0, 'J11': -192902.0, 'J12': -113084.5, 'J13': -41090.5, 'cluster3106249630_3106249631_J60_J61_#5more': -240430.5}, {'J10': 13, 'J11': 32, 'J12': 20, 'J13': 28, 'cluster3106249630_3106249631_J60_J61_#5more': 36}, {'J10': 18, 'J11': 48, 'J12': 73, 'J13': 43, 'cluster3106249630_3106249631_J60_J61_#5more': 102}, 
2320.0, {'J10': -41428.0, 'J11': -193382.0, 'J12': -113300.5, 'J13': -41520.5, 'cluster3106249630_3106249631_J60_J61_#5more': -241450.5}, {'J10': 13, 'J11': 32, 'J12': 20, 'J13': 28, 'cluster3106249630_3106249631_J60_J61_#5more': 36}, {'J10': 18, 'J11': 48, 'J12': 72, 'J13': 43, 'cluster3106249630_3106249631_J60_J61_#5more': 102}, 
2325.0, {'J10': -41608.0, 'J11': -193862.0, 'J12': -113916.5, 'J13': -41950.5, 'cluster3106249630_3106249631_J60_J61_#5more': -242288.5}, {'J10': 13, 'J11': 32, 'J12': 20, 'J13': 28, 'cluster3106249630_3106249631_J60_J61_#5more': 36}, {'J10': 18, 'J11': 48, 'J12': 71, 'J13': 43, 'cluster3106249630_3106249631_J60_J61_#5more': 101}, 
2330.0, {'J10': -41788.0, 'J11': -194342.0, 'J12': -113771.0, 'J13': -42380.5, 'cluster3106249630_3106249631_J60_J61_#5more': -243298.5}, {'J10': 13, 'J11': 32, 'J12': 20, 'J13': 28, 'cluster3106249630_3106249631_J60_J61_#5more': 36}, {'J10': 18, 'J11': 48, 'J12': 68, 'J13': 43, 'cluster3106249630_3106249631_J60_J61_#5more': 101}, 
2335.0, {'J10': -41968.0, 'J11': -194822.0, 'J12': -114389.5, 'J13': -42810.5, 'cluster3106249630_3106249631_J60_J61_#5more': -244313.5}, {'J10': 13, 'J11': 32, 'J12': 20, 'J13': 28, 'cluster3106249630_3106249631_J60_J61_#5more': 36}, {'J10': 18, 'J11': 48, 'J12': 68, 'J13': 43, 'cluster3106249630_3106249631_J60_J61_#5more': 102}, 
2340.0, {'J10': -42149.0, 'J11': -195302.0, 'J12': -115069.5, 'J13': -43240.5, 'cluster3106249630_3106249631_J60_J61_#5more': -245123.0}, {'J10': 13, 'J11': 32, 'J12': 20, 'J13': 28, 'cluster3106249630_3106249631_J60_J61_#5more': 36}, {'J10': 19, 'J11': 48, 'J12': 68, 'J13': 43, 'cluster3106249630_3106249631_J60_J61_#5more': 101}, 
2345.0, {'J10': -42339.0, 'J11': -195783.0, 'J12': -115734.0, 'J13': -43670.5, 'cluster3106249630_3106249631_J60_J61_#5more': -245944.5}, {'J10': 13, 'J11': 32, 'J12': 20, 'J13': 28, 'cluster3106249630_3106249631_J60_J61_#5more': 36}, {'J10': 19, 'J11': 49, 'J12': 69, 'J13': 43, 'cluster3106249630_3106249631_J60_J61_#5more': 99}, 
2350.0, {'J10': -42529.0, 'J11': -196262.0, 'J12': -116436.0, 'J13': -39988.0, 'cluster3106249630_3106249631_J60_J61_#5more': -244578.5}, {'J10': 13, 'J11': 32, 'J12': 20, 'J13': 25, 'cluster3106249630_3106249631_J60_J61_#5more': 36}, {'J10': 19, 'J11': 48, 'J12': 75, 'J13': 38, 'cluster3106249630_3106249631_J60_J61_#5more': 94}, 
2355.0, {'J10': -42719.0, 'J11': -196742.0, 'J12': -117192.5, 'J13': -39872.0, 'cluster3106249630_3106249631_J60_J61_#5more': -245146.0}, {'J10': 13, 'J11': 32, 'J12': 20, 'J13': 25, 'cluster3106249630_3106249631_J60_J61_#5more': 36}, {'J10': 19, 'J11': 48, 'J12': 77, 'J13': 36, 'cluster3106249630_3106249631_J60_J61_#5more': 93}, 
2360.0, {'J10': -42909.0, 'J11': -197222.0, 'J12': -117962.5, 'J13': -40238.0, 'cluster3106249630_3106249631_J60_J61_#5more': -246076.0}, {'J10': 13, 'J11': 32, 'J12': 20, 'J13': 25, 'cluster3106249630_3106249631_J60_J61_#5more': 36}, {'J10': 19, 'J11': 48, 'J12': 77, 'J13': 38, 'cluster3106249630_3106249631_J60_J61_#5more': 93}, 
2365.0, {'J10': -43099.0, 'J11': -197702.0, 'J12': -118732.5, 'J13': -40618.0, 'cluster3106249630_3106249631_J60_J61_#5more': -247016.5}, {'J10': 13, 'J11': 32, 'J12': 20, 'J13': 25, 'cluster3106249630_3106249631_J60_J61_#5more': 36}, {'J10': 19, 'J11': 48, 'J12': 77, 'J13': 38, 'cluster3106249630_3106249631_J60_J61_#5more': 98}, 
2370.0, {'J10': -43289.0, 'J11': -198182.0, 'J12': -119502.5, 'J13': -40998.0, 'cluster3106249630_3106249631_J60_J61_#5more': -247994.0}, {'J10': 13, 'J11': 32, 'J12': 20, 'J13': 25, 'cluster3106249630_3106249631_J60_J61_#5more': 36}, {'J10': 19, 'J11': 48, 'J12': 77, 'J13': 38, 'cluster3106249630_3106249631_J60_J61_#5more': 99}, 
2375.0, {'J10': -43408.0, 'J11': -198662.0, 'J12': -120272.5, 'J13': -41383.0, 'cluster3106249630_3106249631_J60_J61_#5more': -248989.0}, {'J10': 13, 'J11': 32, 'J12': 20, 'J13': 26, 'cluster3106249630_3106249631_J60_J61_#5more': 36}, {'J10': 18, 'J11': 48, 'J12': 77, 'J13': 39, 'cluster3106249630_3106249631_J60_J61_#5more': 102}, 
2380.0, {'J10': -43588.0, 'J11': -199142.0, 'J12': -116465.0, 'J13': -41778.5, 'cluster3106249630_3106249631_J60_J61_#5more': -250014.0}, {'J10': 13, 'J11': 32, 'J12': 20, 'J13': 28, 'cluster3106249630_3106249631_J60_J61_#5more': 36}, {'J10': 18, 'J11': 48, 'J12': 71, 'J13': 41, 'cluster3106249630_3106249631_J60_J61_#5more': 103}, 
2385.0, {'J10': -43768.0, 'J11': -199622.0, 'J12': -117175.0, 'J13': -42188.5, 'cluster3106249630_3106249631_J60_J61_#5more': -251021.5}, {'J10': 13, 'J11': 32, 'J12': 20, 'J13': 28, 'cluster3106249630_3106249631_J60_J61_#5more': 36}, {'J10': 18, 'J11': 48, 'J12': 71, 'J13': 41, 'cluster3106249630_3106249631_J60_J61_#5more': 102}, 
2390.0, {'J10': -43948.0, 'J11': -200102.0, 'J12': -117886.5, 'J13': -42598.5, 'cluster3106249630_3106249631_J60_J61_#5more': -252010.0}, {'J10': 13, 'J11': 32, 'J12': 20, 'J13': 28, 'cluster3106249630_3106249631_J60_J61_#5more': 36}, {'J10': 18, 'J11': 48, 'J12': 73, 'J13': 41, 'cluster3106249630_3106249631_J60_J61_#5more': 101}, 
2395.0, {'J10': -44128.0, 'J11': -200582.0, 'J12': -118625.0, 'J13': -43008.5, 'cluster3106249630_3106249631_J60_J61_#5more': -252985.0}, {'J10': 13, 'J11': 32, 'J12': 20, 'J13': 28, 'cluster3106249630_3106249631_J60_J61_#5more': 36}, {'J10': 18, 'J11': 48, 'J12': 75, 'J13': 41, 'cluster3106249630_3106249631_J60_J61_#5more': 100}, 
2400.0, {'J10': -44308.0, 'J11': -201062.0, 'J12': -119375.0, 'J13': -43418.5, 'cluster3106249630_3106249631_J60_J61_#5more': -253934.0}, {'J10': 13, 'J11': 32, 'J12': 20, 'J13': 28, 'cluster3106249630_3106249631_J60_J61_#5more': 36}, {'J10': 18, 'J11': 48, 'J12': 75, 'J13': 41, 'cluster3106249630_3106249631_J60_J61_#5more': 99}, 
2405.0, {'J10': -44488.0, 'J11': -201542.0, 'J12': -120125.0, 'J13': -43828.5, 'cluster3106249630_3106249631_J60_J61_#5more': -254924.0}, {'J10': 13, 'J11': 32, 'J12': 20, 'J13': 28, 'cluster3106249630_3106249631_J60_J61_#5more': 36}, {'J10': 18, 'J11': 48, 'J12': 75, 'J13': 41, 'cluster3106249630_3106249631_J60_J61_#5more': 99}, 
2410.0, {'J10': -44668.0, 'J11': -202022.0, 'J12': -120877.0, 'J13': -44238.5, 'cluster3106249630_3106249631_J60_J61_#5more': -255914.0}, {'J10': 13, 'J11': 32, 'J12': 20, 'J13': 28, 'cluster3106249630_3106249631_J60_J61_#5more': 36}, {'J10': 18, 'J11': 48, 'J12': 76, 'J13': 41, 'cluster3106249630_3106249631_J60_J61_#5more': 99}, 
2415.0, {'J10': -44848.0, 'J11': -202502.0, 'J12': -121637.0, 'J13': -40558.0, 'cluster3106249630_3106249631_J60_J61_#5more': -254490.0}, {'J10': 13, 'J11': 32, 'J12': 20, 'J13': 25, 'cluster3106249630_3106249631_J60_J61_#5more': 36}, {'J10': 18, 'J11': 48, 'J12': 76, 'J13': 37, 'cluster3106249630_3106249631_J60_J61_#5more': 94}, 
2420.0, {'J10': -45028.0, 'J11': -202982.0, 'J12': -122375.0, 'J13': -39279.0, 'cluster3106249630_3106249631_J60_J61_#5more': -255060.0}, {'J10': 13, 'J11': 32, 'J12': 20, 'J13': 24, 'cluster3106249630_3106249631_J60_J61_#5more': 36}, {'J10': 18, 'J11': 48, 'J12': 75, 'J13': 34, 'cluster3106249630_3106249631_J60_J61_#5more': 95}, 
2425.0, {'J10': -45208.0, 'J11': -203462.0, 'J12': -123125.0, 'J13': -39621.5, 'cluster3106249630_3106249631_J60_J61_#5more': -255998.0}, {'J10': 13, 'J11': 32, 'J12': 20, 'J13': 24, 'cluster3106249630_3106249631_J60_J61_#5more': 36}, {'J10': 18, 'J11': 48, 'J12': 75, 'J13': 35, 'cluster3106249630_3106249631_J60_J61_#5more': 94}, 
2430.0, {'J10': -45388.0, 'J11': -203942.0, 'J12': -123875.0, 'J13': -39971.5, 'cluster3106249630_3106249631_J60_J61_#5more': -256950.0}, {'J10': 13, 'J11': 32, 'J12': 20, 'J13': 24, 'cluster3106249630_3106249631_J60_J61_#5more': 36}, {'J10': 18, 'J11': 48, 'J12': 75, 'J13': 35, 'cluster3106249630_3106249631_J60_J61_#5more': 100}, 
2435.0, {'J10': -45568.0, 'J11': -204422.0, 'J12': -124625.0, 'J13': -40321.5, 'cluster3106249630_3106249631_J60_J61_#5more': -257961.5}, {'J10': 13, 'J11': 32, 'J12': 20, 'J13': 24, 'cluster3106249630_3106249631_J60_J61_#5more': 36}, {'J10': 18, 'J11': 48, 'J12': 75, 'J13': 35, 'cluster3106249630_3106249631_J60_J61_#5more': 103}, 
2440.0, {'J10': -45748.0, 'J11': -204902.0, 'J12': -125375.0, 'J13': -40679.5, 'cluster3106249630_3106249631_J60_J61_#5more': -258991.5}, {'J10': 13, 'J11': 32, 'J12': 20, 'J13': 26, 'cluster3106249630_3106249631_J60_J61_#5more': 36}, {'J10': 18, 'J11': 48, 'J12': 75, 'J13': 37, 'cluster3106249630_3106249631_J60_J61_#5more': 103}, 
2445.0, {'J10': -45928.0, 'J11': -205382.0, 'J12': -121690.5, 'J13': -41056.5, 'cluster3106249630_3106249631_J60_J61_#5more': -260021.5}, {'J10': 13, 'J11': 32, 'J12': 20, 'J13': 28, 'cluster3106249630_3106249631_J60_J61_#5more': 36}, {'J10': 18, 'J11': 48, 'J12': 70, 'J13': 39, 'cluster3106249630_3106249631_J60_J61_#5more': 103}, 
2450.0, {'J10': -46109.0, 'J11': -205862.0, 'J12': -121035.5, 'J13': -41446.5, 'cluster3106249630_3106249631_J60_J61_#5more': -261051.5}, {'J10': 13, 'J11': 32, 'J12': 20, 'J13': 28, 'cluster3106249630_3106249631_J60_J61_#5more': 36}, {'J10': 19, 'J11': 48, 'J12': 68, 'J13': 39, 'cluster3106249630_3106249631_J60_J61_#5more': 103}, 
2455.0, {'J10': -46299.0, 'J11': -206342.0, 'J12': -121717.0, 'J13': -41836.5, 'cluster3106249630_3106249631_J60_J61_#5more': -262081.5}, {'J10': 13, 'J11': 32, 'J12': 20, 'J13': 28, 'cluster3106249630_3106249631_J60_J61_#5more': 36}, {'J10': 19, 'J11': 48, 'J12': 70, 'J13': 39, 'cluster3106249630_3106249631_J60_J61_#5more': 103}, 
2460.0, {'J10': -46489.0, 'J11': -206822.0, 'J12': -122434.5, 'J13': -42226.5, 'cluster3106249630_3106249631_J60_J61_#5more': -263111.5}, {'J10': 13, 'J11': 32, 'J12': 20, 'J13': 28, 'cluster3106249630_3106249631_J60_J61_#5more': 36}, {'J10': 19, 'J11': 48, 'J12': 74, 'J13': 39, 'cluster3106249630_3106249631_J60_J61_#5more': 103}, 
2465.0, {'J10': -46679.0, 'J11': -207302.0, 'J12': -123176.5, 'J13': -42616.5, 'cluster3106249630_3106249631_J60_J61_#5more': -264141.5}, {'J10': 13, 'J11': 32, 'J12': 20, 'J13': 28, 'cluster3106249630_3106249631_J60_J61_#5more': 36}, {'J10': 19, 'J11': 48, 'J12': 75, 'J13': 39, 'cluster3106249630_3106249631_J60_J61_#5more': 103}, 
2470.0, {'J10': -46869.0, 'J11': -207782.0, 'J12': -123926.5, 'J13': -43006.5, 'cluster3106249630_3106249631_J60_J61_#5more': -265171.5}, {'J10': 13, 'J11': 32, 'J12': 20, 'J13': 28, 'cluster3106249630_3106249631_J60_J61_#5more': 36}, {'J10': 19, 'J11': 48, 'J12': 75, 'J13': 39, 'cluster3106249630_3106249631_J60_J61_#5more': 103}, 
2475.0, {'J10': -47059.0, 'J11': -208262.0, 'J12': -124678.0, 'J13': -43396.5, 'cluster3106249630_3106249631_J60_J61_#5more': -266201.5}, {'J10': 13, 'J11': 32, 'J12': 20, 'J13': 28, 'cluster3106249630_3106249631_J60_J61_#5more': 36}, {'J10': 19, 'J11': 48, 'J12': 76, 'J13': 39, 'cluster3106249630_3106249631_J60_J61_#5more': 103}, 
2480.0, {'J10': -47249.0, 'J11': -208742.0, 'J12': -125438.0, 'J13': -40546.5, 'cluster3106249630_3106249631_J60_J61_#5more': -264806.5}, {'J10': 13, 'J11': 32, 'J12': 20, 'J13': 26, 'cluster3106249630_3106249631_J60_J61_#5more': 36}, {'J10': 19, 'J11': 48, 'J12': 76, 'J13': 36, 'cluster3106249630_3106249631_J60_J61_#5more': 98}, 
2485.0, {'J10': -47439.0, 'J11': -209222.0, 'J12': -126198.0, 'J13': -40906.5, 'cluster3106249630_3106249631_J60_J61_#5more': -265283.5}, {'J10': 13, 'J11': 32, 'J12': 20, 'J13': 26, 'cluster3106249630_3106249631_J60_J61_#5more': 36}, {'J10': 19, 'J11': 48, 'J12': 76, 'J13': 36, 'cluster3106249630_3106249631_J60_J61_#5more': 96}, 
2490.0, {'J10': -47629.0, 'J11': -209702.0, 'J12': -126958.0, 'J13': -41246.0, 'cluster3106249630_3106249631_J60_J61_#5more': -266243.5}, {'J10': 13, 'J11': 32, 'J12': 20, 'J13': 26, 'cluster3106249630_3106249631_J60_J61_#5more': 36}, {'J10': 19, 'J11': 48, 'J12': 76, 'J13': 36, 'cluster3106249630_3106249631_J60_J61_#5more': 96}, 
2495.0, {'J10': -47819.0, 'J11': -210182.0, 'J12': -127718.0, 'J13': -41606.0, 'cluster3106249630_3106249631_J60_J61_#5more': -267215.5}, {'J10': 13, 'J11': 32, 'J12': 20, 'J13': 26, 'cluster3106249630_3106249631_J60_J61_#5more': 36}, {'J10': 19, 'J11': 48, 'J12': 76, 'J13': 36, 'cluster3106249630_3106249631_J60_J61_#5more': 101}, 
2500.0, {'J10': -48009.0, 'J11': -210662.0, 'J12': -128478.0, 'J13': -41966.0, 'cluster3106249630_3106249631_J60_J61_#5more': -268092.5}, {'J10': 13, 'J11': 32, 'J12': 20, 'J13': 26, 'cluster3106249630_3106249631_J60_J61_#5more': 36}, {'J10': 19, 'J11': 48, 'J12': 76, 'J13': 36, 'cluster3106249630_3106249631_J60_J61_#5more': 102}, 
2505.0, {'J10': -48088.0, 'J11': -211146.5, 'J12': -129238.0, 'J13': -42335.5, 'cluster3106249630_3106249631_J60_J61_#5more': -269112.5}, {'J10': 13, 'J11': 32, 'J12': 20, 'J13': 28, 'cluster3106249630_3106249631_J60_J61_#5more': 36}, {'J10': 18, 'J11': 50, 'J12': 76, 'J13': 38, 'cluster3106249630_3106249631_J60_J61_#5more': 102}, 
2510.0, {'J10': -48268.0, 'J11': -211622.0, 'J12': -127385.0, 'J13': -42715.5, 'cluster3106249630_3106249631_J60_J61_#5more': -269972.5}, {'J10': 13, 'J11': 32, 'J12': 20, 'J13': 28, 'cluster3106249630_3106249631_J60_J61_#5more': 36}, {'J10': 18, 'J11': 48, 'J12': 71, 'J13': 38, 'cluster3106249630_3106249631_J60_J61_#5more': 102}, 
2515.0, {'J10': -48448.0, 'J11': -212102.0, 'J12': -128098.5, 'J13': -43095.5, 'cluster3106249630_3106249631_J60_J61_#5more': -270992.5}, {'J10': 13, 'J11': 32, 'J12': 20, 'J13': 28, 'cluster3106249630_3106249631_J60_J61_#5more': 36}, {'J10': 18, 'J11': 48, 'J12': 72, 'J13': 38, 'cluster3106249630_3106249631_J60_J61_#5more': 102}, 
2520.0, {'J10': -48628.0, 'J11': -212582.5, 'J12': -128811.0, 'J13': -43475.5, 'cluster3106249630_3106249631_J60_J61_#5more': -271838.5}, {'J10': 13, 'J11': 32, 'J12': 20, 'J13': 28, 'cluster3106249630_3106249631_J60_J61_#5more': 36}, {'J10': 18, 'J11': 49, 'J12': 74, 'J13': 38, 'cluster3106249630_3106249631_J60_J61_#5more': 101}, 
2525.0, {'J10': -48808.0, 'J11': -213062.0, 'J12': -129559.5, 'J13': -43855.5, 'cluster3106249630_3106249631_J60_J61_#5more': -272848.5}, {'J10': 13, 'J11': 32, 'J12': 20, 'J13': 28, 'cluster3106249630_3106249631_J60_J61_#5more': 36}, {'J10': 18, 'J11': 48, 'J12': 76, 'J13': 38, 'cluster3106249630_3106249631_J60_J61_#5more': 101}, 
2530.0, {'J10': -48988.0, 'J11': -213545.0, 'J12': -129285.5, 'J13': -44235.5, 'cluster3106249630_3106249631_J60_J61_#5more': -273862.5}, {'J10': 13, 'J11': 32, 'J12': 20, 'J13': 28, 'cluster3106249630_3106249631_J60_J61_#5more': 36}, {'J10': 18, 'J11': 50, 'J12': 76, 'J13': 38, 'cluster3106249630_3106249631_J60_J61_#5more': 102}, 
2535.0, {'J10': -49168.0, 'J11': -214022.0, 'J12': -129142.5, 'J13': -44615.5, 'cluster3106249630_3106249631_J60_J61_#5more': -274800.0}, {'J10': 13, 'J11': 32, 'J12': 20, 'J13': 28, 'cluster3106249630_3106249631_J60_J61_#5more': 36}, {'J10': 18, 'J11': 48, 'J12': 75, 'J13': 38, 'cluster3106249630_3106249631_J60_J61_#5more': 101}, 
2540.0, {'J10': -49348.0, 'J11': -214504.0, 'J12': -129119.5, 'J13': -44995.5, 'cluster3106249630_3106249631_J60_J61_#5more': -275749.5}, {'J10': 13, 'J11': 32, 'J12': 20, 'J13': 28, 'cluster3106249630_3106249631_J60_J61_#5more': 36}, {'J10': 18, 'J11': 49, 'J12': 73, 'J13': 38, 'cluster3106249630_3106249631_J60_J61_#5more': 100}, 
2545.0, {'J10': -49528.0, 'J11': -214982.0, 'J12': -129849.5, 'J13': -42618.0, 'cluster3106249630_3106249631_J60_J61_#5more': -275256.0}, {'J10': 13, 'J11': 32, 'J12': 20, 'J13': 26, 'cluster3106249630_3106249631_J60_J61_#5more': 36}, {'J10': 18, 'J11': 48, 'J12': 73, 'J13': 35, 'cluster3106249630_3106249631_J60_J61_#5more': 96}, 
2550.0, {'J10': -49708.0, 'J11': -215462.0, 'J12': -130591.0, 'J13': -42715.5, 'cluster3106249630_3106249631_J60_J61_#5more': -274842.0}, {'J10': 13, 'J11': 32, 'J12': 20, 'J13': 26, 'cluster3106249630_3106249631_J60_J61_#5more': 36}, {'J10': 18, 'J11': 48, 'J12': 77, 'J13': 34, 'cluster3106249630_3106249631_J60_J61_#5more': 93}, 
2555.0, {'J10': -49888.0, 'J11': -215942.0, 'J12': -131370.5, 'J13': -43061.5, 'cluster3106249630_3106249631_J60_J61_#5more': -275772.0}, {'J10': 13, 'J11': 32, 'J12': 20, 'J13': 26, 'cluster3106249630_3106249631_J60_J61_#5more': 36}, {'J10': 18, 'J11': 48, 'J12': 79, 'J13': 36, 'cluster3106249630_3106249631_J60_J61_#5more': 93}, 
2560.0, {'J10': -50068.0, 'J11': -216423.0, 'J12': -132160.5, 'J13': -43421.5, 'cluster3106249630_3106249631_J60_J61_#5more': -276712.0}, {'J10': 13, 'J11': 32, 'J12': 20, 'J13': 26, 'cluster3106249630_3106249631_J60_J61_#5more': 36}, {'J10': 18, 'J11': 49, 'J12': 79, 'J13': 36, 'cluster3106249630_3106249631_J60_J61_#5more': 98}, 
2565.0, {'J10': -50248.0, 'J11': -216902.0, 'J12': -132950.5, 'J13': -43783.0, 'cluster3106249630_3106249631_J60_J61_#5more': -277696.0}, {'J10': 13, 'J11': 32, 'J12': 20, 'J13': 28, 'cluster3106249630_3106249631_J60_J61_#5more': 36}, {'J10': 18, 'J11': 48, 'J12': 79, 'J13': 38, 'cluster3106249630_3106249631_J60_J61_#5more': 99}, 
2570.0, {'J10': -50428.0, 'J11': -217382.0, 'J12': -133740.5, 'J13': -44163.0, 'cluster3106249630_3106249631_J60_J61_#5more': -278688.5}, {'J10': 13, 'J11': 32, 'J12': 20, 'J13': 28, 'cluster3106249630_3106249631_J60_J61_#5more': 36}, {'J10': 18, 'J11': 48, 'J12': 79, 'J13': 38, 'cluster3106249630_3106249631_J60_J61_#5more': 101}, 
2575.0, {'J10': -50608.0, 'J11': -217865.5, 'J12': -133567.0, 'J13': -44543.0, 'cluster3106249630_3106249631_J60_J61_#5more': -279701.5}, {'J10': 13, 'J11': 32, 'J12': 20, 'J13': 28, 'cluster3106249630_3106249631_J60_J61_#5more': 36}, {'J10': 18, 'J11': 49, 'J12': 76, 'J13': 38, 'cluster3106249630_3106249631_J60_J61_#5more': 102}, 
2580.0, {'J10': -50788.0, 'J11': -218359.5, 'J12': -134327.0, 'J13': -44923.0, 'cluster3106249630_3106249631_J60_J61_#5more': -280721.5}, {'J10': 13, 'J11': 32, 'J12': 20, 'J13': 28, 'cluster3106249630_3106249631_J60_J61_#5more': 36}, {'J10': 18, 'J11': 50, 'J12': 76, 'J13': 38, 'cluster3106249630_3106249631_J60_J61_#5more': 102}, 
2585.0, {'J10': -50968.0, 'J11': -218836.0, 'J12': -135089.5, 'J13': -45303.0, 'cluster3106249630_3106249631_J60_J61_#5more': -281679.0}, {'J10': 13, 'J11': 32, 'J12': 20, 'J13': 28, 'cluster3106249630_3106249631_J60_J61_#5more': 36}, {'J10': 18, 'J11': 49, 'J12': 79, 'J13': 38, 'cluster3106249630_3106249631_J60_J61_#5more': 100}, 
2590.0, {'J10': -51148.0, 'J11': -219302.0, 'J12': -135879.5, 'J13': -45683.0, 'cluster3106249630_3106249631_J60_J61_#5more': -282679.0}, {'J10': 13, 'J11': 32, 'J12': 20, 'J13': 28, 'cluster3106249630_3106249631_J60_J61_#5more': 36}, {'J10': 18, 'J11': 48, 'J12': 79, 'J13': 38, 'cluster3106249630_3106249631_J60_J61_#5more': 100}, 
2595.0, {'J10': -51328.0, 'J11': -219783.5, 'J12': -135638.5, 'J13': -46063.0, 'cluster3106249630_3106249631_J60_J61_#5more': -283684.5}, {'J10': 13, 'J11': 32, 'J12': 20, 'J13': 28, 'cluster3106249630_3106249631_J60_J61_#5more': 36}, {'J10': 18, 'J11': 49, 'J12': 78, 'J13': 38, 'cluster3106249630_3106249631_J60_J61_#5more': 102}, 
2600.0, {'J10': -51508.0, 'J11': -220273.5, 'J12': -135906.5, 'J13': -46443.0, 'cluster3106249630_3106249631_J60_J61_#5more': -284651.5}, {'J10': 13, 'J11': 32, 'J12': 20, 'J13': 28, 'cluster3106249630_3106249631_J60_J61_#5more': 36}, {'J10': 18, 'J11': 49, 'J12': 78, 'J13': 38, 'cluster3106249630_3106249631_J60_J61_#5more': 101}, 
2605.0, {'J10': -51688.0, 'J11': -220742.5, 'J12': -136690.5, 'J13': -46823.0, 'cluster3106249630_3106249631_J60_J61_#5more': -285638.5}, {'J10': 13, 'J11': 32, 'J12': 20, 'J13': 28, 'cluster3106249630_3106249631_J60_J61_#5more': 36}, {'J10': 18, 'J11': 49, 'J12': 79, 'J13': 38, 'cluster3106249630_3106249631_J60_J61_#5more': 100}, 
2610.0, {'J10': -51868.0, 'J11': -221222.0, 'J12': -136337.0, 'J13': -42197.0, 'cluster3106249630_3106249631_J60_J61_#5more': -285147.5}, {'J10': 13, 'J11': 32, 'J12': 20, 'J13': 24, 'cluster3106249630_3106249631_J60_J61_#5more': 36}, {'J10': 18, 'J11': 48, 'J12': 78, 'J13': 33, 'cluster3106249630_3106249631_J60_J61_#5more': 96}, 
2615.0, {'J10': -52048.0, 'J11': -221702.0, 'J12': -137117.0, 'J13': -42403.0, 'cluster3106249630_3106249631_J60_J61_#5more': -284860.0}, {'J10': 13, 'J11': 32, 'J12': 20, 'J13': 24, 'cluster3106249630_3106249631_J60_J61_#5more': 36}, {'J10': 18, 'J11': 48, 'J12': 78, 'J13': 32, 'cluster3106249630_3106249631_J60_J61_#5more': 93}, 
2620.0, {'J10': -52228.0, 'J11': -222182.0, 'J12': -137897.0, 'J13': -42729.0, 'cluster3106249630_3106249631_J60_J61_#5more': -285792.5}, {'J10': 13, 'J11': 32, 'J12': 20, 'J13': 24, 'cluster3106249630_3106249631_J60_J61_#5more': 36}, {'J10': 18, 'J11': 48, 'J12': 78, 'J13': 34, 'cluster3106249630_3106249631_J60_J61_#5more': 94}, 
2625.0, {'J10': -52408.0, 'J11': -222662.0, 'J12': -138680.5, 'J13': -43069.0, 'cluster3106249630_3106249631_J60_J61_#5more': -286727.5}, {'J10': 13, 'J11': 32, 'J12': 20, 'J13': 24, 'cluster3106249630_3106249631_J60_J61_#5more': 36}, {'J10': 18, 'J11': 48, 'J12': 80, 'J13': 34, 'cluster3106249630_3106249631_J60_J61_#5more': 96}, 
2630.0, {'J10': -52588.0, 'J11': -223142.0, 'J12': -139485.5, 'J13': -43409.0, 'cluster3106249630_3106249631_J60_J61_#5more': -287692.5}, {'J10': 13, 'J11': 32, 'J12': 20, 'J13': 24, 'cluster3106249630_3106249631_J60_J61_#5more': 36}, {'J10': 18, 'J11': 48, 'J12': 81, 'J13': 34, 'cluster3106249630_3106249631_J60_J61_#5more': 97}, 
2635.0, {'J10': -52768.0, 'J11': -223622.0, 'J12': -140296.5, 'J13': -43756.5, 'cluster3106249630_3106249631_J60_J61_#5more': -288667.5}, {'J10': 13, 'J11': 32, 'J12': 20, 'J13': 26, 'cluster3106249630_3106249631_J60_J61_#5more': 36}, {'J10': 18, 'J11': 48, 'J12': 82, 'J13': 36, 'cluster3106249630_3106249631_J60_J61_#5more': 99}, 
2640.0, {'J10': -52948.0, 'J11': -224104.5, 'J12': -137830.0, 'J13': -44122.5, 'cluster3106249630_3106249631_J60_J61_#5more': -289659.0}, {'J10': 13, 'J11': 32, 'J12': 20, 'J13': 28, 'cluster3106249630_3106249631_J60_J61_#5more': 36}, {'J10': 18, 'J11': 49, 'J12': 77, 'J13': 38, 'cluster3106249630_3106249631_J60_J61_#5more': 100}, 
2645.0, {'J10': -53128.0, 'J11': -224594.5, 'J12': -138219.5, 'J13': -44502.5, 'cluster3106249630_3106249631_J60_J61_#5more': -290647.5}, {'J10': 13, 'J11': 32, 'J12': 20, 'J13': 28, 'cluster3106249630_3106249631_J60_J61_#5more': 36}, {'J10': 18, 'J11': 49, 'J12': 76, 'J13': 38, 'cluster3106249630_3106249631_J60_J61_#5more': 99}, 
2650.0, {'J10': -53311.5, 'J11': -225063.5, 'J12': -138981.0, 'J13': -44882.5, 'cluster3106249630_3106249631_J60_J61_#5more': -291637.5}, {'J10': 13, 'J11': 32, 'J12': 20, 'J13': 28, 'cluster3106249630_3106249631_J60_J61_#5more': 36}, {'J10': 19, 'J11': 49, 'J12': 78, 'J13': 38, 'cluster3106249630_3106249631_J60_J61_#5more': 99}, 
2655.0, {'J10': -53505.5, 'J11': -225553.5, 'J12': -139772.5, 'J13': -45262.5, 'cluster3106249630_3106249631_J60_J61_#5more': -292627.5}, {'J10': 13, 'J11': 32, 'J12': 20, 'J13': 28, 'cluster3106249630_3106249631_J60_J61_#5more': 36}, {'J10': 20, 'J11': 49, 'J12': 81, 'J13': 38, 'cluster3106249630_3106249631_J60_J61_#5more': 99}, 
2660.0, {'J10': -53705.5, 'J11': -226043.5, 'J12': -140582.5, 'J13': -45642.5, 'cluster3106249630_3106249631_J60_J61_#5more': -293617.5}, {'J10': 13, 'J11': 32, 'J12': 20, 'J13': 28, 'cluster3106249630_3106249631_J60_J61_#5more': 36}, {'J10': 20, 'J11': 49, 'J12': 81, 'J13': 38, 'cluster3106249630_3106249631_J60_J61_#5more': 99}, 
2665.0, {'J10': -53905.5, 'J11': -226502.0, 'J12': -141392.5, 'J13': -46022.5, 'cluster3106249630_3106249631_J60_J61_#5more': -294607.5}, {'J10': 13, 'J11': 32, 'J12': 20, 'J13': 28, 'cluster3106249630_3106249631_J60_J61_#5more': 36}, {'J10': 20, 'J11': 48, 'J12': 81, 'J13': 38, 'cluster3106249630_3106249631_J60_J61_#5more': 99}, 
2670.0, {'J10': -54105.5, 'J11': -226982.0, 'J12': -142202.5, 'J13': -46402.5, 'cluster3106249630_3106249631_J60_J61_#5more': -295597.5}, {'J10': 13, 'J11': 32, 'J12': 20, 'J13': 28, 'cluster3106249630_3106249631_J60_J61_#5more': 36}, {'J10': 20, 'J11': 48, 'J12': 81, 'J13': 38, 'cluster3106249630_3106249631_J60_J61_#5more': 99}, 
2675.0, {'J10': -54305.5, 'J11': -227462.0, 'J12': -143012.5, 'J13': -44027.0, 'cluster3106249630_3106249631_J60_J61_#5more': -294633.5}, {'J10': 13, 'J11': 32, 'J12': 20, 'J13': 26, 'cluster3106249630_3106249631_J60_J61_#5more': 36}, {'J10': 20, 'J11': 48, 'J12': 81, 'J13': 35, 'cluster3106249630_3106249631_J60_J61_#5more': 95}, 
2680.0, {'J10': -54505.5, 'J11': -227942.0, 'J12': -143822.5, 'J13': -44253.0, 'cluster3106249630_3106249631_J60_J61_#5more': -294588.5}, {'J10': 13, 'J11': 32, 'J12': 20, 'J13': 26, 'cluster3106249630_3106249631_J60_J61_#5more': 36}, {'J10': 20, 'J11': 48, 'J12': 81, 'J13': 34, 'cluster3106249630_3106249631_J60_J61_#5more': 93}, 
2685.0, {'J10': -54705.5, 'J11': -228422.0, 'J12': -144632.5, 'J13': -44598.5, 'cluster3106249630_3106249631_J60_J61_#5more': -295518.5}, {'J10': 13, 'J11': 32, 'J12': 20, 'J13': 26, 'cluster3106249630_3106249631_J60_J61_#5more': 36}, {'J10': 20, 'J11': 48, 'J12': 81, 'J13': 36, 'cluster3106249630_3106249631_J60_J61_#5more': 93}, 
2690.0, {'J10': -54905.5, 'J11': -228902.0, 'J12': -145442.5, 'J13': -44958.5, 'cluster3106249630_3106249631_J60_J61_#5more': -296459.0}, {'J10': 13, 'J11': 32, 'J12': 20, 'J13': 26, 'cluster3106249630_3106249631_J60_J61_#5more': 36}, {'J10': 20, 'J11': 48, 'J12': 81, 'J13': 36, 'cluster3106249630_3106249631_J60_J61_#5more': 97}, 
2695.0, {'J10': -55105.5, 'J11': -229382.0, 'J12': -146252.5, 'J13': -45318.5, 'cluster3106249630_3106249631_J60_J61_#5more': -297437.0}, {'J10': 13, 'J11': 32, 'J12': 20, 'J13': 26, 'cluster3106249630_3106249631_J60_J61_#5more': 36}, {'J10': 20, 'J11': 48, 'J12': 81, 'J13': 36, 'cluster3106249630_3106249631_J60_J61_#5more': 99}, 
2700.0, {'J10': -55202.0, 'J11': -229862.0, 'J12': -147062.5, 'J13': -45687.0, 'cluster3106249630_3106249631_J60_J61_#5more': -298427.0}, {'J10': 13, 'J11': 32, 'J12': 20, 'J13': 28, 'cluster3106249630_3106249631_J60_J61_#5more': 36}, {'J10': 19, 'J11': 48, 'J12': 81, 'J13': 38, 'cluster3106249630_3106249631_J60_J61_#5more': 99}, 
2705.0, {'J10': -55289.5, 'J11': -230342.0, 'J12': -145401.5, 'J13': -46067.0, 'cluster3106249630_3106249631_J60_J61_#5more': -299417.0}, {'J10': 13, 'J11': 32, 'J12': 20, 'J13': 28, 'cluster3106249630_3106249631_J60_J61_#5more': 36}, {'J10': 19, 'J11': 48, 'J12': 78, 'J13': 38, 'cluster3106249630_3106249631_J60_J61_#5more': 99}, 
2710.0, {'J10': -55483.0, 'J11': -230822.0, 'J12': -145407.5, 'J13': -46447.0, 'cluster3106249630_3106249631_J60_J61_#5more': -300407.0}, {'J10': 13, 'J11': 32, 'J12': 20, 'J13': 28, 'cluster3106249630_3106249631_J60_J61_#5more': 36}, {'J10': 20, 'J11': 48, 'J12': 75, 'J13': 38, 'cluster3106249630_3106249631_J60_J61_#5more': 99}, 
2715.0, {'J10': -55683.0, 'J11': -231302.0, 'J12': -146160.5, 'J13': -46827.0, 'cluster3106249630_3106249631_J60_J61_#5more': -295662.5}, {'J10': 13, 'J11': 32, 'J12': 20, 'J13': 28, 'cluster3106249630_3106249631_J60_J61_#5more': 36}, {'J10': 20, 'J11': 48, 'J12': 78, 'J13': 38, 'cluster3106249630_3106249631_J60_J61_#5more': 97}, 
2720.0, {'J10': -55883.0, 'J11': -231782.0, 'J12': -146949.0, 'J13': -47207.0, 'cluster3106249630_3106249631_J60_J61_#5more': -296632.5}, {'J10': 13, 'J11': 32, 'J12': 20, 'J13': 28, 'cluster3106249630_3106249631_J60_J61_#5more': 36}, {'J10': 20, 'J11': 48, 'J12': 81, 'J13': 38, 'cluster3106249630_3106249631_J60_J61_#5more': 97}, 
2725.0, {'J10': -56083.0, 'J11': -232262.0, 'J12': -147748.5, 'J13': -47587.0, 'cluster3106249630_3106249631_J60_J61_#5more': -297602.5}, {'J10': 13, 'J11': 32, 'J12': 20, 'J13': 28, 'cluster3106249630_3106249631_J60_J61_#5more': 36}, {'J10': 20, 'J11': 48, 'J12': 80, 'J13': 38, 'cluster3106249630_3106249631_J60_J61_#5more': 97}, 
2730.0, {'J10': -56283.0, 'J11': -232742.0, 'J12': -147786.0, 'J13': -47967.0, 'cluster3106249630_3106249631_J60_J61_#5more': -298572.5}, {'J10': 13, 'J11': 32, 'J12': 20, 'J13': 28, 'cluster3106249630_3106249631_J60_J61_#5more': 36}, {'J10': 20, 'J11': 48, 'J12': 79, 'J13': 38, 'cluster3106249630_3106249631_J60_J61_#5more': 97}, 
2735.0, {'J10': -56483.0, 'J11': -233222.0, 'J12': -148576.0, 'J13': -48347.0, 'cluster3106249630_3106249631_J60_J61_#5more': -299542.5}, {'J10': 13, 'J11': 32, 'J12': 20, 'J13': 28, 'cluster3106249630_3106249631_J60_J61_#5more': 36}, {'J10': 20, 'J11': 48, 'J12': 79, 'J13': 38, 'cluster3106249630_3106249631_J60_J61_#5more': 97}, 
2740.0, {'J10': -56683.0, 'J11': -233702.0, 'J12': -149366.0, 'J13': -44715.0, 'cluster3106249630_3106249631_J60_J61_#5more': -298554.5}, {'J10': 13, 'J11': 32, 'J12': 20, 'J13': 25, 'cluster3106249630_3106249631_J60_J61_#5more': 36}, {'J10': 20, 'J11': 48, 'J12': 79, 'J13': 34, 'cluster3106249630_3106249631_J60_J61_#5more': 94}, 
2745.0, {'J10': -56883.0, 'J11': -234182.0, 'J12': -150158.5, 'J13': -43539.0, 'cluster3106249630_3106249631_J60_J61_#5more': -298627.0}, {'J10': 13, 'J11': 32, 'J12': 20, 'J13': 24, 'cluster3106249630_3106249631_J60_J61_#5more': 36}, {'J10': 20, 'J11': 48, 'J12': 80, 'J13': 32, 'cluster3106249630_3106249631_J60_J61_#5more': 92}, 
2750.0, {'J10': -57083.0, 'J11': -234662.0, 'J12': -150958.5, 'J13': -43864.0, 'cluster3106249630_3106249631_J60_J61_#5more': -299553.5}, {'J10': 13, 'J11': 32, 'J12': 20, 'J13': 24, 'cluster3106249630_3106249631_J60_J61_#5more': 36}, {'J10': 20, 'J11': 48, 'J12': 80, 'J13': 34, 'cluster3106249630_3106249631_J60_J61_#5more': 96}, 
2755.0, {'J10': -57283.0, 'J11': -235144.5, 'J12': -151762.5, 'J13': -44204.0, 'cluster3106249630_3106249631_J60_J61_#5more': -300511.0}, {'J10': 13, 'J11': 32, 'J12': 20, 'J13': 24, 'cluster3106249630_3106249631_J60_J61_#5more': 36}, {'J10': 20, 'J11': 50, 'J12': 81, 'J13': 34, 'cluster3106249630_3106249631_J60_J61_#5more': 99}, 
2760.0, {'J10': -57483.0, 'J11': -235649.0, 'J12': -152572.5, 'J13': -44545.5, 'cluster3106249630_3106249631_J60_J61_#5more': -301510.0}, {'J10': 13, 'J11': 32, 'J12': 20, 'J13': 25, 'cluster3106249630_3106249631_J60_J61_#5more': 36}, {'J10': 20, 'J11': 51, 'J12': 81, 'J13': 35, 'cluster3106249630_3106249631_J60_J61_#5more': 102}, 
2765.0, {'J10': -57561.5, 'J11': -236137.5, 'J12': -153382.5, 'J13': -44907.5, 'cluster3106249630_3106249631_J60_J61_#5more': -302536.5}, {'J10': 13, 'J11': 32, 'J12': 20, 'J13': 28, 'cluster3106249630_3106249631_J60_J61_#5more': 36}, {'J10': 19, 'J11': 51, 'J12': 81, 'J13': 38, 'cluster3106249630_3106249631_J60_J61_#5more': 104}, 
2770.0, {'J10': -57630.0, 'J11': -236624.5, 'J12': -152462.0, 'J13': -45287.5, 'cluster3106249630_3106249631_J60_J61_#5more': -303576.5}, {'J10': 13, 'J11': 32, 'J12': 20, 'J13': 28, 'cluster3106249630_3106249631_J60_J61_#5more': 36}, {'J10': 19, 'J11': 52, 'J12': 77, 'J13': 38, 'cluster3106249630_3106249631_J60_J61_#5more': 104}, 
2775.0, {'J10': -57823.5, 'J11': -237113.0, 'J12': -152912.0, 'J13': -45667.5, 'cluster3106249630_3106249631_J60_J61_#5more': -304616.5}, {'J10': 13, 'J11': 32, 'J12': 20, 'J13': 28, 'cluster3106249630_3106249631_J60_J61_#5more': 36}, {'J10': 20, 'J11': 50, 'J12': 77, 'J13': 38, 'cluster3106249630_3106249631_J60_J61_#5more': 104}, 
2780.0, {'J10': -58023.5, 'J11': -237613.0, 'J12': -153686.0, 'J13': -46047.5, 'cluster3106249630_3106249631_J60_J61_#5more': -305596.0}, {'J10': 13, 'J11': 32, 'J12': 20, 'J13': 28, 'cluster3106249630_3106249631_J60_J61_#5more': 36}, {'J10': 20, 'J11': 50, 'J12': 79, 'J13': 38, 'cluster3106249630_3106249631_J60_J61_#5more': 103}, 
2785.0, {'J10': -58223.5, 'J11': -238113.5, 'J12': -154489.0, 'J13': -46427.5, 'cluster3106249630_3106249631_J60_J61_#5more': -306626.0}, {'J10': 13, 'J11': 32, 'J12': 20, 'J13': 28, 'cluster3106249630_3106249631_J60_J61_#5more': 36}, {'J10': 20, 'J11': 51, 'J12': 82, 'J13': 38, 'cluster3106249630_3106249631_J60_J61_#5more': 103}, 
2790.0, {'J10': -58423.5, 'J11': -238623.5, 'J12': -153895.0, 'J13': -46807.5, 'cluster3106249630_3106249631_J60_J61_#5more': -307656.0}, {'J10': 13, 'J11': 32, 'J12': 20, 'J13': 28, 'cluster3106249630_3106249631_J60_J61_#5more': 36}, {'J10': 20, 'J11': 51, 'J12': 81, 'J13': 38, 'cluster3106249630_3106249631_J60_J61_#5more': 103}, 
2795.0, {'J10': -58623.5, 'J11': -239133.5, 'J12': -152931.5, 'J13': -47187.5, 'cluster3106249630_3106249631_J60_J61_#5more': -308615.5}, {'J10': 13, 'J11': 32, 'J12': 20, 'J13': 28, 'cluster3106249630_3106249631_J60_J61_#5more': 36}, {'J10': 20, 'J11': 51, 'J12': 79, 'J13': 38, 'cluster3106249630_3106249631_J60_J61_#5more': 102}, 
2800.0, {'J10': -58823.5, 'J11': -239643.5, 'J12': -153721.5, 'J13': -47567.5, 'cluster3106249630_3106249631_J60_J61_#5more': -309635.5}, {'J10': 13, 'J11': 32, 'J12': 20, 'J13': 28, 'cluster3106249630_3106249631_J60_J61_#5more': 36}, {'J10': 20, 'J11': 51, 'J12': 79, 'J13': 38, 'cluster3106249630_3106249631_J60_J61_#5more': 102}, 
2805.0, {'J10': -59023.5, 'J11': -240153.5, 'J12': -154511.5, 'J13': -42683.0, 'cluster3106249630_3106249631_J60_J61_#5more': -307675.5}, {'J10': 13, 'J11': 32, 'J12': 20, 'J13': 24, 'cluster3106249630_3106249631_J60_J61_#5more': 36}, {'J10': 20, 'J11': 51, 'J12': 79, 'J13': 35, 'cluster3106249630_3106249631_J60_J61_#5more': 94}, 
2810.0, {'J10': -59223.5, 'J11': -240663.5, 'J12': -155304.5, 'J13': -42885.5, 'cluster3106249630_3106249631_J60_J61_#5more': -308615.5}, {'J10': 13, 'J11': 32, 'J12': 20, 'J13': 24, 'cluster3106249630_3106249631_J60_J61_#5more': 36}, {'J10': 20, 'J11': 51, 'J12': 80, 'J13': 32, 'cluster3106249630_3106249631_J60_J61_#5more': 94}, 
2815.0, {'J10': -59423.5, 'J11': -241173.5, 'J12': -156104.5, 'J13': -43205.5, 'cluster3106249630_3106249631_J60_J61_#5more': -309560.5}, {'J10': 13, 'J11': 32, 'J12': 20, 'J13': 24, 'cluster3106249630_3106249631_J60_J61_#5more': 36}, {'J10': 20, 'J11': 51, 'J12': 80, 'J13': 32, 'cluster3106249630_3106249631_J60_J61_#5more': 95}, 
2820.0, {'J10': -59623.5, 'J11': -241685.5, 'J12': -156904.5, 'J13': -43525.5, 'cluster3106249630_3106249631_J60_J61_#5more': -310505.5}, {'J10': 13, 'J11': 32, 'J12': 20, 'J13': 24, 'cluster3106249630_3106249631_J60_J61_#5more': 36}, {'J10': 20, 'J11': 52, 'J12': 80, 'J13': 32, 'cluster3106249630_3106249631_J60_J61_#5more': 98}, 
2825.0, {'J10': -59823.5, 'J11': -242214.0, 'J12': -157704.5, 'J13': -43845.5, 'cluster3106249630_3106249631_J60_J61_#5more': -311493.5}, {'J10': 13, 'J11': 32, 'J12': 20, 'J13': 24, 'cluster3106249630_3106249631_J60_J61_#5more': 36}, {'J10': 20, 'J11': 54, 'J12': 80, 'J13': 32, 'cluster3106249630_3106249631_J60_J61_#5more': 100}, 
2830.0, {'J10': -59902.0, 'J11': -242754.0, 'J12': -158508.5, 'J13': -44173.5, 'cluster3106249630_3106249631_J60_J61_#5more': -312493.5}, {'J10': 13, 'J11': 32, 'J12': 20, 'J13': 26, 'cluster3106249630_3106249631_J60_J61_#5more': 36}, {'J10': 20, 'J11': 54, 'J12': 81, 'J13': 34, 'cluster3106249630_3106249631_J60_J61_#5more': 100}, 
2835.0, {'J10': -59970.0, 'J11': -243294.0, 'J12': -154592.5, 'J13': -44518.5, 'cluster3106249630_3106249631_J60_J61_#5more': -313493.5}, {'J10': 13, 'J11': 32, 'J12': 20, 'J13': 28, 'cluster3106249630_3106249631_J60_J61_#5more': 36}, {'J10': 19, 'J11': 54, 'J12': 76, 'J13': 36, 'cluster3106249630_3106249631_J60_J61_#5more': 100}, 
2840.0, {'J10': -60164.0, 'J11': -243757.5, 'J12': -153684.5, 'J13': -44878.5, 'cluster3106249630_3106249631_J60_J61_#5more': -314493.5}, {'J10': 13, 'J11': 32, 'J12': 20, 'J13': 28, 'cluster3106249630_3106249631_J60_J61_#5more': 36}, {'J10': 20, 'J11': 52, 'J12': 74, 'J13': 36, 'cluster3106249630_3106249631_J60_J61_#5more': 100}, 
2845.0, {'J10': -60364.0, 'J11': -244281.0, 'J12': -154426.5, 'J13': -45238.5, 'cluster3106249630_3106249631_J60_J61_#5more': -315494.0}, {'J10': 13, 'J11': 32, 'J12': 20, 'J13': 28, 'cluster3106249630_3106249631_J60_J61_#5more': 36}, {'J10': 20, 'J11': 54, 'J12': 77, 'J13': 36, 'cluster3106249630_3106249631_J60_J61_#5more': 101}, 
2850.0, {'J10': -60564.0, 'J11': -244824.0, 'J12': -155205.0, 'J13': -45598.5, 'cluster3106249630_3106249631_J60_J61_#5more': -316493.5}, {'J10': 13, 'J11': 32, 'J12': 20, 'J13': 28, 'cluster3106249630_3106249631_J60_J61_#5more': 36}, {'J10': 20, 'J11': 55, 'J12': 79, 'J13': 36, 'cluster3106249630_3106249631_J60_J61_#5more': 100}, 
2855.0, {'J10': -60764.0, 'J11': -245375.5, 'J12': -154852.0, 'J13': -45958.5, 'cluster3106249630_3106249631_J60_J61_#5more': -317500.5}, {'J10': 13, 'J11': 32, 'J12': 20, 'J13': 28, 'cluster3106249630_3106249631_J60_J61_#5more': 36}, {'J10': 20, 'J11': 56, 'J12': 78, 'J13': 36, 'cluster3106249630_3106249631_J60_J61_#5more': 103}, 
2860.0, {'J10': -60964.0, 'J11': -245937.5, 'J12': -155632.0, 'J13': -46318.5, 'cluster3106249630_3106249631_J60_J61_#5more': -318517.0}, {'J10': 13, 'J11': 32, 'J12': 20, 'J13': 28, 'cluster3106249630_3106249631_J60_J61_#5more': 36}, {'J10': 20, 'J11': 57, 'J12': 78, 'J13': 36, 'cluster3106249630_3106249631_J60_J61_#5more': 102}, 
2865.0, {'J10': -61164.0, 'J11': -246465.5, 'J12': -156414.5, 'J13': -46678.5, 'cluster3106249630_3106249631_J60_J61_#5more': -319514.5}, {'J10': 13, 'J11': 32, 'J12': 20, 'J13': 28, 'cluster3106249630_3106249631_J60_J61_#5more': 36}, {'J10': 20, 'J11': 57, 'J12': 79, 'J13': 36, 'cluster3106249630_3106249631_J60_J61_#5more': 101}, 
2870.0, {'J10': -61364.0, 'J11': -246942.0, 'J12': -156034.0, 'J13': -42180.0, 'cluster3106249630_3106249631_J60_J61_#5more': -318188.0}, {'J10': 13, 'J11': 32, 'J12': 20, 'J13': 24, 'cluster3106249630_3106249631_J60_J61_#5more': 36}, {'J10': 20, 'J11': 55, 'J12': 78, 'J13': 31, 'cluster3106249630_3106249631_J60_J61_#5more': 95}, 
2875.0, {'J10': -61564.0, 'J11': -247397.5, 'J12': -156818.5, 'J13': -42490.0, 'cluster3106249630_3106249631_J60_J61_#5more': -318658.0}, {'J10': 13, 'J11': 32, 'J12': 20, 'J13': 24, 'cluster3106249630_3106249631_J60_J61_#5more': 36}, {'J10': 20, 'J11': 52, 'J12': 79, 'J13': 31, 'cluster3106249630_3106249631_J60_J61_#5more': 95}, 
2880.0, {'J10': -61764.0, 'J11': -247917.5, 'J12': -157608.5, 'J13': -42800.0, 'cluster3106249630_3106249631_J60_J61_#5more': -319598.5}, {'J10': 13, 'J11': 32, 'J12': 20, 'J13': 24, 'cluster3106249630_3106249631_J60_J61_#5more': 36}, {'J10': 20, 'J11': 52, 'J12': 79, 'J13': 31, 'cluster3106249630_3106249631_J60_J61_#5more': 95}, 
2885.0, {'J10': -61964.0, 'J11': -248437.5, 'J12': -158398.5, 'J13': -43110.0, 'cluster3106249630_3106249631_J60_J61_#5more': -320558.0}, {'J10': 13, 'J11': 32, 'J12': 20, 'J13': 24, 'cluster3106249630_3106249631_J60_J61_#5more': 36}, {'J10': 20, 'J11': 52, 'J12': 79, 'J13': 31, 'cluster3106249630_3106249631_J60_J61_#5more': 99}, 
2890.0, {'J10': -62164.0, 'J11': -248962.0, 'J12': -159188.5, 'J13': -43420.0, 'cluster3106249630_3106249631_J60_J61_#5more': -321534.0}, {'J10': 13, 'J11': 32, 'J12': 20, 'J13': 24, 'cluster3106249630_3106249631_J60_J61_#5more': 36}, {'J10': 20, 'J11': 53, 'J12': 79, 'J13': 31, 'cluster3106249630_3106249631_J60_J61_#5more': 100}, 
2895.0, {'J10': -62242.0, 'J11': -249492.0, 'J12': -159978.5, 'J13': -43739.0, 'cluster3106249630_3106249631_J60_J61_#5more': -322534.0}, {'J10': 13, 'J11': 32, 'J12': 20, 'J13': 26, 'cluster3106249630_3106249631_J60_J61_#5more': 36}, {'J10': 19, 'J11': 53, 'J12': 79, 'J13': 33, 'cluster3106249630_3106249631_J60_J61_#5more': 100}, 
2900.0, {'J10': -62309.5, 'J11': -250022.0, 'J12': -156237.0, 'J13': -44077.5, 'cluster3106249630_3106249631_J60_J61_#5more': -323534.0}, {'J10': 13, 'J11': 32, 'J12': 20, 'J13': 28, 'cluster3106249630_3106249631_J60_J61_#5more': 36}, {'J10': 19, 'J11': 53, 'J12': 75, 'J13': 35, 'cluster3106249630_3106249631_J60_J61_#5more': 100}, 
2905.0, {'J10': -62499.5, 'J11': -250552.0, 'J12': -156602.0, 'J13': -44427.5, 'cluster3106249630_3106249631_J60_J61_#5more': -324534.0}, {'J10': 13, 'J11': 32, 'J12': 20, 'J13': 28, 'cluster3106249630_3106249631_J60_J61_#5more': 36}, {'J10': 19, 'J11': 53, 'J12': 73, 'J13': 35, 'cluster3106249630_3106249631_J60_J61_#5more': 100}, 
2910.0, {'J10': -62689.5, 'J11': -251084.5, 'J12': -157337.0, 'J13': -44777.5, 'cluster3106249630_3106249631_J60_J61_#5more': -319038.5}, {'J10': 13, 'J11': 32, 'J12': 20, 'J13': 28, 'cluster3106249630_3106249631_J60_J61_#5more': 36}, {'J10': 19, 'J11': 54, 'J12': 75, 'J13': 35, 'cluster3106249630_3106249631_J60_J61_#5more': 99}, 
2915.0, {'J10': -62879.5, 'J11': -251624.5, 'J12': -158100.0, 'J13': -45127.5, 'cluster3106249630_3106249631_J60_J61_#5more': -320017.5}, {'J10': 13, 'J11': 32, 'J12': 20, 'J13': 28, 'cluster3106249630_3106249631_J60_J61_#5more': 36}, {'J10': 19, 'J11': 54, 'J12': 78, 'J13': 35, 'cluster3106249630_3106249631_J60_J61_#5more': 98}, 
2920.0, {'J10': -63069.5, 'J11': -252164.5, 'J12': -157740.0, 'J13': -45477.5, 'cluster3106249630_3106249631_J60_J61_#5more': -321165.5}, {'J10': 13, 'J11': 32, 'J12': 20, 'J13': 28, 'cluster3106249630_3106249631_J60_J61_#5more': 36}, {'J10': 19, 'J11': 54, 'J12': 78, 'J13': 35, 'cluster3106249630_3106249631_J60_J61_#5more': 99}, 
2925.0, {'J10': -63259.5, 'J11': -252704.5, 'J12': -157765.5, 'J13': -45832.5, 'cluster3106249630_3106249631_J60_J61_#5more': -322155.5}, {'J10': 13, 'J11': 32, 'J12': 20, 'J13': 28, 'cluster3106249630_3106249631_J60_J61_#5more': 36}, {'J10': 19, 'J11': 54, 'J12': 77, 'J13': 36, 'cluster3106249630_3106249631_J60_J61_#5more': 99}, 
2930.0, {'J10': -63449.5, 'J11': -253249.0, 'J12': -158535.5, 'J13': -46192.5, 'cluster3106249630_3106249631_J60_J61_#5more': -323145.5}, {'J10': 13, 'J11': 32, 'J12': 20, 'J13': 28, 'cluster3106249630_3106249631_J60_J61_#5more': 36}, {'J10': 19, 'J11': 55, 'J12': 77, 'J13': 36, 'cluster3106249630_3106249631_J60_J61_#5more': 99}, 
2935.0, {'J10': -63639.5, 'J11': -253784.5, 'J12': -158011.5, 'J13': -44291.0, 'cluster3106249630_3106249631_J60_J61_#5more': -322176.5}, {'J10': 13, 'J11': 32, 'J12': 20, 'J13': 26, 'cluster3106249630_3106249631_J60_J61_#5more': 36}, {'J10': 19, 'J11': 54, 'J12': 76, 'J13': 33, 'cluster3106249630_3106249631_J60_J61_#5more': 96}, 
2940.0, {'J10': -63829.5, 'J11': -254325.0, 'J12': -158771.5, 'J13': -42621.5, 'cluster3106249630_3106249631_J60_J61_#5more': -322270.5}, {'J10': 13, 'J11': 32, 'J12': 20, 'J13': 24, 'cluster3106249630_3106249631_J60_J61_#5more': 36}, {'J10': 19, 'J11': 55, 'J12': 76, 'J13': 31, 'cluster3106249630_3106249631_J60_J61_#5more': 94}, 
2945.0, {'J10': -64019.5, 'J11': -254864.5, 'J12': -159531.5, 'J13': -42931.5, 'cluster3106249630_3106249631_J60_J61_#5more': -323211.0}, {'J10': 13, 'J11': 32, 'J12': 20, 'J13': 24, 'cluster3106249630_3106249631_J60_J61_#5more': 36}, {'J10': 19, 'J11': 54, 'J12': 76, 'J13': 31, 'cluster3106249630_3106249631_J60_J61_#5more': 95}, 
2950.0, {'J10': -64209.5, 'J11': -255404.5, 'J12': -160291.5, 'J13': -43241.5, 'cluster3106249630_3106249631_J60_J61_#5more': -324159.5}, {'J10': 13, 'J11': 32, 'J12': 20, 'J13': 24, 'cluster3106249630_3106249631_J60_J61_#5more': 36}, {'J10': 19, 'J11': 54, 'J12': 76, 'J13': 31, 'cluster3106249630_3106249631_J60_J61_#5more': 99}, 
2955.0, {'J10': -64399.5, 'J11': -255944.5, 'J12': -161054.0, 'J13': -43551.5, 'cluster3106249630_3106249631_J60_J61_#5more': -325157.5}, {'J10': 13, 'J11': 32, 'J12': 20, 'J13': 24, 'cluster3106249630_3106249631_J60_J61_#5more': 36}, {'J10': 19, 'J11': 54, 'J12': 77, 'J13': 31, 'cluster3106249630_3106249631_J60_J61_#5more': 101}, 
2960.0, {'J10': -64468.0, 'J11': -256484.5, 'J12': -161824.0, 'J13': -43871.5, 'cluster3106249630_3106249631_J60_J61_#5more': -326167.5}, {'J10': 13, 'J11': 32, 'J12': 20, 'J13': 27, 'cluster3106249630_3106249631_J60_J61_#5more': 36}, {'J10': 18, 'J11': 54, 'J12': 77, 'J13': 35, 'cluster3106249630_3106249631_J60_J61_#5more': 101}, 
2965.0, {'J10': -64648.0, 'J11': -257027.0, 'J12': -161494.5, 'J13': -44225.5, 'cluster3106249630_3106249631_J60_J61_#5more': -327146.5}, {'J10': 13, 'J11': 32, 'J12': 20, 'J13': 28, 'cluster3106249630_3106249631_J60_J61_#5more': 36}, {'J10': 18, 'J11': 55, 'J12': 74, 'J13': 36, 'cluster3106249630_3106249631_J60_J61_#5more': 100}, 
2970.0, {'J10': -64828.0, 'J11': -257564.5, 'J12': -161866.5, 'J13': -44585.5, 'cluster3106249630_3106249631_J60_J61_#5more': -328146.5}, {'J10': 13, 'J11': 32, 'J12': 20, 'J13': 28, 'cluster3106249630_3106249631_J60_J61_#5more': 36}, {'J10': 18, 'J11': 54, 'J12': 75, 'J13': 36, 'cluster3106249630_3106249631_J60_J61_#5more': 100}, 
2975.0, {'J10': -65008.0, 'J11': -258104.5, 'J12': -162607.0, 'J13': -44945.5, 'cluster3106249630_3106249631_J60_J61_#5more': -329146.5}, {'J10': 13, 'J11': 32, 'J12': 20, 'J13': 28, 'cluster3106249630_3106249631_J60_J61_#5more': 36}, {'J10': 18, 'J11': 54, 'J12': 77, 'J13': 36, 'cluster3106249630_3106249631_J60_J61_#5more': 100}, 
2980.0, {'J10': -65188.0, 'J11': -258644.5, 'J12': -163364.5, 'J13': -45308.0, 'cluster3106249630_3106249631_J60_J61_#5more': -330146.5}, {'J10': 13, 'J11': 32, 'J12': 20, 'J13': 28, 'cluster3106249630_3106249631_J60_J61_#5more': 36}, {'J10': 18, 'J11': 54, 'J12': 78, 'J13': 37, 'cluster3106249630_3106249631_J60_J61_#5more': 100}, 
2985.0, {'J10': -65368.0, 'J11': -259184.5, 'J12': -164144.5, 'J13': -45678.0, 'cluster3106249630_3106249631_J60_J61_#5more': -331146.5}, {'J10': 13, 'J11': 32, 'J12': 20, 'J13': 28, 'cluster3106249630_3106249631_J60_J61_#5more': 36}, {'J10': 18, 'J11': 54, 'J12': 78, 'J13': 37, 'cluster3106249630_3106249631_J60_J61_#5more': 100}, 
2990.0, {'J10': -65548.0, 'J11': -259724.5, 'J12': -164924.5, 'J13': -46048.0, 'cluster3106249630_3106249631_J60_J61_#5more': -332146.5}, {'J10': 13, 'J11': 32, 'J12': 20, 'J13': 28, 'cluster3106249630_3106249631_J60_J61_#5more': 36}, {'J10': 18, 'J11': 54, 'J12': 78, 'J13': 37, 'cluster3106249630_3106249631_J60_J61_#5more': 100}, 
2995.0, {'J10': -65728.0, 'J11': -260264.5, 'J12': -164364.0, 'J13': -46418.0, 'cluster3106249630_3106249631_J60_J61_#5more': -333146.5}, {'J10': 13, 'J11': 32, 'J12': 20, 'J13': 28, 'cluster3106249630_3106249631_J60_J61_#5more': 36}, {'J10': 18, 'J11': 54, 'J12': 77, 'J13': 37, 'cluster3106249630_3106249631_J60_J61_#5more': 100}, 
3000.0, {'J10': -65908.0, 'J11': -260804.5, 'J12': -165134.0, 'J13': -44470.0, 'cluster3106249630_3106249631_J60_J61_#5more': -334146.5}, {'J10': 13, 'J11': 32, 'J12': 20, 'J13': 26, 'cluster3106249630_3106249631_J60_J61_#5more': 36}, {'J10': 18, 'J11': 54, 'J12': 77, 'J13': 34, 'cluster3106249630_3106249631_J60_J61_#5more': 100}, 
3005.0, {'J10': -66088.0, 'J11': -261344.5, 'J12': -165904.0, 'J13': -42871.5, 'cluster3106249630_3106249631_J60_J61_#5more': -328394.5}, {'J10': 13, 'J11': 32, 'J12': 20, 'J13': 24, 'cluster3106249630_3106249631_J60_J61_#5more': 36}, {'J10': 18, 'J11': 54, 'J12': 77, 'J13': 31, 'cluster3106249630_3106249631_J60_J61_#5more': 98}, 
3010.0, {'J10': -66268.0, 'J11': -261884.5, 'J12': -166674.0, 'J13': -43186.5, 'cluster3106249630_3106249631_J60_J61_#5more': -329374.5}, {'J10': 13, 'J11': 32, 'J12': 20, 'J13': 24, 'cluster3106249630_3106249631_J60_J61_#5more': 36}, {'J10': 18, 'J11': 54, 'J12': 77, 'J13': 32, 'cluster3106249630_3106249631_J60_J61_#5more': 98}, 
3015.0, {'J10': -66448.0, 'J11': -262424.5, 'J12': -167444.0, 'J13': -43506.5, 'cluster3106249630_3106249631_J60_J61_#5more': -330355.0}, {'J10': 13, 'J11': 32, 'J12': 20, 'J13': 24, 'cluster3106249630_3106249631_J60_J61_#5more': 36}, {'J10': 18, 'J11': 54, 'J12': 77, 'J13': 32, 'cluster3106249630_3106249631_J60_J61_#5more': 99}, 
3020.0, {'J10': -66628.0, 'J11': -262964.5, 'J12': -168214.0, 'J13': -43826.5, 'cluster3106249630_3106249631_J60_J61_#5more': -331345.0}, {'J10': 13, 'J11': 32, 'J12': 20, 'J13': 24, 'cluster3106249630_3106249631_J60_J61_#5more': 36}, {'J10': 18, 'J11': 54, 'J12': 77, 'J13': 32, 'cluster3106249630_3106249631_J60_J61_#5more': 99}, 
3025.0, {'J10': -66809.0, 'J11': -263506.0, 'J12': -168984.0, 'J13': -44153.5, 'cluster3106249630_3106249631_J60_J61_#5more': -332314.5}, {'J10': 13, 'J11': 32, 'J12': 20, 'J13': 26, 'cluster3106249630_3106249631_J60_J61_#5more': 36}, {'J10': 19, 'J11': 55, 'J12': 77, 'J13': 34, 'cluster3106249630_3106249631_J60_J61_#5more': 98}, 
3030.0, {'J10': -66988.0, 'J11': -264056.5, 'J12': -163984.0, 'J13': -44500.0, 'cluster3106249630_3106249631_J60_J61_#5more': -333304.5}, {'J10': 13, 'J11': 32, 'J12': 20, 'J13': 28, 'cluster3106249630_3106249631_J60_J61_#5more': 36}, {'J10': 18, 'J11': 56, 'J12': 72, 'J13': 36, 'cluster3106249630_3106249631_J60_J61_#5more': 100}, 
3035.0, {'J10': -67168.0, 'J11': -264616.5, 'J12': -164329.5, 'J13': -44860.0, 'cluster3106249630_3106249631_J60_J61_#5more': -334304.5}, {'J10': 13, 'J11': 32, 'J12': 20, 'J13': 28, 'cluster3106249630_3106249631_J60_J61_#5more': 36}, {'J10': 18, 'J11': 56, 'J12': 71, 'J13': 36, 'cluster3106249630_3106249631_J60_J61_#5more': 100}, 
3040.0, {'J10': -67348.0, 'J11': -265124.5, 'J12': -165040.0, 'J13': -45220.0, 'cluster3106249630_3106249631_J60_J61_#5more': -335304.5}, {'J10': 13, 'J11': 32, 'J12': 20, 'J13': 28, 'cluster3106249630_3106249631_J60_J61_#5more': 36}, {'J10': 18, 'J11': 54, 'J12': 72, 'J13': 36, 'cluster3106249630_3106249631_J60_J61_#5more': 100}, 
3045.0, {'J10': -67528.0, 'J11': -265664.5, 'J12': -164779.0, 'J13': -45585.0, 'cluster3106249630_3106249631_J60_J61_#5more': -336304.5}, {'J10': 13, 'J11': 32, 'J12': 20, 'J13': 28, 'cluster3106249630_3106249631_J60_J61_#5more': 36}, {'J10': 18, 'J11': 54, 'J12': 74, 'J13': 37, 'cluster3106249630_3106249631_J60_J61_#5more': 100}, 
3050.0, {'J10': -67708.0, 'J11': -266204.5, 'J12': -162522.0, 'J13': -45955.0, 'cluster3106249630_3106249631_J60_J61_#5more': -337304.5}, {'J10': 13, 'J11': 32, 'J12': 20, 'J13': 28, 'cluster3106249630_3106249631_J60_J61_#5more': 36}, {'J10': 18, 'J11': 54, 'J12': 72, 'J13': 37, 'cluster3106249630_3106249631_J60_J61_#5more': 100}, 
3055.0, {'J10': -67888.0, 'J11': -266744.5, 'J12': -163242.0, 'J13': -46325.0, 'cluster3106249630_3106249631_J60_J61_#5more': -338304.5}, {'J10': 13, 'J11': 32, 'J12': 20, 'J13': 28, 'cluster3106249630_3106249631_J60_J61_#5more': 36}, {'J10': 18, 'J11': 54, 'J12': 72, 'J13': 37, 'cluster3106249630_3106249631_J60_J61_#5more': 100}, 
3060.0, {'J10': -68068.0, 'J11': -267284.5, 'J12': -163963.0, 'J13': -46695.0, 'cluster3106249630_3106249631_J60_J61_#5more': -339304.5}, {'J10': 13, 'J11': 32, 'J12': 20, 'J13': 28, 'cluster3106249630_3106249631_J60_J61_#5more': 36}, {'J10': 18, 'J11': 54, 'J12': 73, 'J13': 37, 'cluster3106249630_3106249631_J60_J61_#5more': 100}, 
3065.0, {'J10': -68248.0, 'J11': -267826.5, 'J12': -161731.5, 'J13': -44825.0, 'cluster3106249630_3106249631_J60_J61_#5more': -336717.0}, {'J10': 13, 'J11': 32, 'J12': 20, 'J13': 26, 'cluster3106249630_3106249631_J60_J61_#5more': 36}, {'J10': 18, 'J11': 55, 'J12': 72, 'J13': 34, 'cluster3106249630_3106249631_J60_J61_#5more': 94}, 
3070.0, {'J10': -68428.0, 'J11': -268364.5, 'J12': -158363.5, 'J13': -43374.5, 'cluster3106249630_3106249631_J60_J61_#5more': -337660.5}, {'J10': 13, 'J11': 32, 'J12': 20, 'J13': 24, 'cluster3106249630_3106249631_J60_J61_#5more': 36}, {'J10': 18, 'J11': 54, 'J12': 69, 'J13': 33, 'cluster3106249630_3106249631_J60_J61_#5more': 96}, 
3075.0, {'J10': -68608.0, 'J11': -268904.5, 'J12': -159054.5, 'J13': -43693.0, 'cluster3106249630_3106249631_J60_J61_#5more': -338629.5}, {'J10': 13, 'J11': 32, 'J12': 20, 'J13': 24, 'cluster3106249630_3106249631_J60_J61_#5more': 36}, {'J10': 18, 'J11': 54, 'J12': 70, 'J13': 32, 'cluster3106249630_3106249631_J60_J61_#5more': 98}, 
3080.0, {'J10': -68788.0, 'J11': -269444.5, 'J12': -159079.0, 'J13': -44016.5, 'cluster3106249630_3106249631_J60_J61_#5more': -339598.5}, {'J10': 13, 'J11': 32, 'J12': 20, 'J13': 24, 'cluster3106249630_3106249631_J60_J61_#5more': 36}, {'J10': 18, 'J11': 54, 'J12': 68, 'J13': 33, 'cluster3106249630_3106249631_J60_J61_#5more': 101}, 
3085.0, {'J10': -68968.0, 'J11': -269984.5, 'J12': -158524.5, 'J13': -44346.5, 'cluster3106249630_3106249631_J60_J61_#5more': -340583.5}, {'J10': 13, 'J11': 32, 'J12': 20, 'J13': 24, 'cluster3106249630_3106249631_J60_J61_#5more': 36}, {'J10': 18, 'J11': 54, 'J12': 67, 'J13': 33, 'cluster3106249630_3106249631_J60_J61_#5more': 102}, 
3090.0, {'J10': -69148.0, 'J11': -270524.5, 'J12': -158435.0, 'J13': -44683.0, 'cluster3106249630_3106249631_J60_J61_#5more': -341604.5}, {'J10': 13, 'J11': 32, 'J12': 20, 'J13': 26, 'cluster3106249630_3106249631_J60_J61_#5more': 36}, {'J10': 18, 'J11': 54, 'J12': 70, 'J13': 35, 'cluster3106249630_3106249631_J60_J61_#5more': 103}, 
3095.0, {'J10': -69328.0, 'J11': -271064.5, 'J12': -158852.5, 'J13': -45041.0, 'cluster3106249630_3106249631_J60_J61_#5more': -342589.5}, {'J10': 13, 'J11': 32, 'J12': 20, 'J13': 28, 'cluster3106249630_3106249631_J60_J61_#5more': 36}, {'J10': 18, 'J11': 54, 'J12': 69, 'J13': 37, 'cluster3106249630_3106249631_J60_J61_#5more': 102}, 
3100.0, {'J10': -69508.0, 'J11': -271604.5, 'J12': -159447.5, 'J13': -45411.0, 'cluster3106249630_3106249631_J60_J61_#5more': -343534.5}, {'J10': 13, 'J11': 32, 'J12': 20, 'J13': 28, 'cluster3106249630_3106249631_J60_J61_#5more': 36}, {'J10': 18, 'J11': 54, 'J12': 70, 'J13': 37, 'cluster3106249630_3106249631_J60_J61_#5more': 100}, 
3105.0, {'J10': -69688.0, 'J11': -272149.5, 'J12': -160155.5, 'J13': -45781.0, 'cluster3106249630_3106249631_J60_J61_#5more': -344534.5}, {'J10': 13, 'J11': 32, 'J12': 20, 'J13': 28, 'cluster3106249630_3106249631_J60_J61_#5more': 36}, {'J10': 18, 'J11': 55, 'J12': 73, 'J13': 37, 'cluster3106249630_3106249631_J60_J61_#5more': 100}, 
3110.0, {'J10': -69868.0, 'J11': -272684.5, 'J12': -160890.5, 'J13': -46154.5, 'cluster3106249630_3106249631_J60_J61_#5more': -345534.5}, {'J10': 13, 'J11': 32, 'J12': 20, 'J13': 28, 'cluster3106249630_3106249631_J60_J61_#5more': 36}, {'J10': 18, 'J11': 54, 'J12': 75, 'J13': 38, 'cluster3106249630_3106249631_J60_J61_#5more': 100}, 
3115.0, {'J10': -70048.0, 'J11': -273226.5, 'J12': -161645.5, 'J13': -46534.5, 'cluster3106249630_3106249631_J60_J61_#5more': -346534.5}, {'J10': 13, 'J11': 32, 'J12': 20, 'J13': 28, 'cluster3106249630_3106249631_J60_J61_#5more': 36}, {'J10': 18, 'J11': 55, 'J12': 76, 'J13': 38, 'cluster3106249630_3106249631_J60_J61_#5more': 100}, 
3120.0, {'J10': -70228.0, 'J11': -273764.5, 'J12': -162405.5, 'J13': -46914.5, 'cluster3106249630_3106249631_J60_J61_#5more': -347534.5}, {'J10': 13, 'J11': 32, 'J12': 20, 'J13': 28, 'cluster3106249630_3106249631_J60_J61_#5more': 36}, {'J10': 18, 'J11': 54, 'J12': 76, 'J13': 38, 'cluster3106249630_3106249631_J60_J61_#5more': 100}, 
3125.0, {'J10': -70408.0, 'J11': -274308.5, 'J12': -163165.5, 'J13': -47294.5, 'cluster3106249630_3106249631_J60_J61_#5more': -348534.5}, {'J10': 13, 'J11': 32, 'J12': 20, 'J13': 28, 'cluster3106249630_3106249631_J60_J61_#5more': 36}, {'J10': 18, 'J11': 56, 'J12': 76, 'J13': 38, 'cluster3106249630_3106249631_J60_J61_#5more': 100}, 
3130.0, {'J10': -70588.0, 'J11': -274868.5, 'J12': -163925.5, 'J13': -45702.0, 'cluster3106249630_3106249631_J60_J61_#5more': -346439.5}, {'J10': 13, 'J11': 32, 'J12': 20, 'J13': 26, 'cluster3106249630_3106249631_J60_J61_#5more': 36}, {'J10': 18, 'J11': 56, 'J12': 76, 'J13': 37, 'cluster3106249630_3106249631_J60_J61_#5more': 95}, 
3135.0, {'J10': -70768.0, 'J11': -275431.0, 'J12': -164685.5, 'J13': -45928.0, 'cluster3106249630_3106249631_J60_J61_#5more': -346887.0}, {'J10': 13, 'J11': 32, 'J12': 20, 'J13': 26, 'cluster3106249630_3106249631_J60_J61_#5more': 36}, {'J10': 18, 'J11': 57, 'J12': 76, 'J13': 35, 'cluster3106249630_3106249631_J60_J61_#5more': 94}, 
3140.0, {'J10': -70948.0, 'J11': -275996.5, 'J12': -164207.0, 'J13': -46278.5, 'cluster3106249630_3106249631_J60_J61_#5more': -347827.0}, {'J10': 13, 'J11': 32, 'J12': 20, 'J13': 26, 'cluster3106249630_3106249631_J60_J61_#5more': 36}, {'J10': 18, 'J11': 58, 'J12': 73, 'J13': 36, 'cluster3106249630_3106249631_J60_J61_#5more': 94}, 
3145.0, {'J10': -71128.0, 'J11': -276584.5, 'J12': -164596.5, 'J13': -46638.5, 'cluster3106249630_3106249631_J60_J61_#5more': -348786.5}, {'J10': 13, 'J11': 32, 'J12': 20, 'J13': 26, 'cluster3106249630_3106249631_J60_J61_#5more': 36}, {'J10': 18, 'J11': 61, 'J12': 72, 'J13': 36, 'cluster3106249630_3106249631_J60_J61_#5more': 101}, 
3150.0, {'J10': -71308.0, 'J11': -277132.5, 'J12': -165325.5, 'J13': -47000.0, 'cluster3106249630_3106249631_J60_J61_#5more': -349777.5}, {'J10': 13, 'J11': 32, 'J12': 20, 'J13': 28, 'cluster3106249630_3106249631_J60_J61_#5more': 36}, {'J10': 18, 'J11': 60, 'J12': 75, 'J13': 38, 'cluster3106249630_3106249631_J60_J61_#5more': 101}, 
3155.0, {'J10': -71489.5, 'J11': -277615.0, 'J12': -166089.0, 'J13': -47380.0, 'cluster3106249630_3106249631_J60_J61_#5more': -350787.5}, {'J10': 13, 'J11': 32, 'J12': 20, 'J13': 28, 'cluster3106249630_3106249631_J60_J61_#5more': 36}, {'J10': 19, 'J11': 57, 'J12': 78, 'J13': 38, 'cluster3106249630_3106249631_J60_J61_#5more': 101}, 
3160.0, {'J10': -71668.0, 'J11': -278185.5, 'J12': -165654.0, 'J13': -47760.0, 'cluster3106249630_3106249631_J60_J61_#5more': -351766.5}, {'J10': 13, 'J11': 32, 'J12': 20, 'J13': 28, 'cluster3106249630_3106249631_J60_J61_#5more': 36}, {'J10': 18, 'J11': 58, 'J12': 77, 'J13': 38, 'cluster3106249630_3106249631_J60_J61_#5more': 100}, 
3165.0, {'J10': -71848.0, 'J11': -278716.0, 'J12': -165300.0, 'J13': -48140.0, 'cluster3106249630_3106249631_J60_J61_#5more': -352770.0}, {'J10': 13, 'J11': 32, 'J12': 20, 'J13': 28, 'cluster3106249630_3106249631_J60_J61_#5more': 36}, {'J10': 18, 'J11': 58, 'J12': 76, 'J13': 38, 'cluster3106249630_3106249631_J60_J61_#5more': 102}, 
3170.0, {'J10': -72028.0, 'J11': -279178.0, 'J12': -166060.0, 'J13': -48520.0, 'cluster3106249630_3106249631_J60_J61_#5more': -353777.5}, {'J10': 13, 'J11': 32, 'J12': 20, 'J13': 28, 'cluster3106249630_3106249631_J60_J61_#5more': 36}, {'J10': 18, 'J11': 55, 'J12': 76, 'J13': 38, 'cluster3106249630_3106249631_J60_J61_#5more': 101}, 
3175.0, {'J10': -72208.0, 'J11': -279704.5, 'J12': -166820.0, 'J13': -48900.0, 'cluster3106249630_3106249631_J60_J61_#5more': -354766.5}, {'J10': 13, 'J11': 32, 'J12': 20, 'J13': 28, 'cluster3106249630_3106249631_J60_J61_#5more': 36}, {'J10': 18, 'J11': 54, 'J12': 76, 'J13': 38, 'cluster3106249630_3106249631_J60_J61_#5more': 100}, 
3180.0, {'J10': -72388.0, 'J11': -280244.5, 'J12': -165603.5, 'J13': -49280.0, 'cluster3106249630_3106249631_J60_J61_#5more': -355766.5}, {'J10': 13, 'J11': 32, 'J12': 20, 'J13': 28, 'cluster3106249630_3106249631_J60_J61_#5more': 36}, {'J10': 18, 'J11': 54, 'J12': 75, 'J13': 38, 'cluster3106249630_3106249631_J60_J61_#5more': 100}, 
3185.0, {'J10': -72568.0, 'J11': -280784.5, 'J12': -166189.5, 'J13': -49660.0, 'cluster3106249630_3106249631_J60_J61_#5more': -356766.5}, {'J10': 13, 'J11': 32, 'J12': 20, 'J13': 28, 'cluster3106249630_3106249631_J60_J61_#5more': 36}, {'J10': 18, 'J11': 54, 'J12': 74, 'J13': 38, 'cluster3106249630_3106249631_J60_J61_#5more': 100}, 
3190.0, {'J10': -72748.0, 'J11': -281324.5, 'J12': -166934.5, 'J13': -50040.0, 'cluster3106249630_3106249631_J60_J61_#5more': -357766.5}, {'J10': 13, 'J11': 32, 'J12': 20, 'J13': 28, 'cluster3106249630_3106249631_J60_J61_#5more': 36}, {'J10': 18, 'J11': 54, 'J12': 75, 'J13': 38, 'cluster3106249630_3106249631_J60_J61_#5more': 100}, 
3195.0, {'J10': -72928.0, 'J11': -281864.5, 'J12': -167298.5, 'J13': -49194.5, 'cluster3106249630_3106249631_J60_J61_#5more': -358766.5}, {'J10': 13, 'J11': 32, 'J12': 20, 'J13': 27, 'cluster3106249630_3106249631_J60_J61_#5more': 36}, {'J10': 18, 'J11': 54, 'J12': 73, 'J13': 37, 'cluster3106249630_3106249631_J60_J61_#5more': 100}, 
3200.0, {'J10': -73108.0, 'J11': -282404.5, 'J12': -167557.0, 'J13': -48670.0, 'cluster3106249630_3106249631_J60_J61_#5more': -359766.5}, {'J10': 13, 'J11': 32, 'J12': 20, 'J13': 26, 'cluster3106249630_3106249631_J60_J61_#5more': 36}, {'J10': 18, 'J11': 54, 'J12': 72, 'J13': 35, 'cluster3106249630_3106249631_J60_J61_#5more': 100}, 
3205.0, {'J10': -73288.0, 'J11': -282947.5, 'J12': -167794.5, 'J13': -49021.0, 'cluster3106249630_3106249631_J60_J61_#5more': -360767.0}, {'J10': 13, 'J11': 32, 'J12': 20, 'J13': 26, 'cluster3106249630_3106249631_J60_J61_#5more': 36}, {'J10': 18, 'J11': 55, 'J12': 71, 'J13': 36, 'cluster3106249630_3106249631_J60_J61_#5more': 101}, 
3210.0, {'J10': -73468.0, 'J11': -283484.5, 'J12': -168086.5, 'J13': -49381.0, 'cluster3106249630_3106249631_J60_J61_#5more': -361777.0}, {'J10': 13, 'J11': 32, 'J12': 20, 'J13': 26, 'cluster3106249630_3106249631_J60_J61_#5more': 36}, {'J10': 18, 'J11': 54, 'J12': 68, 'J13': 36, 'cluster3106249630_3106249631_J60_J61_#5more': 101}, 
3215.0, {'J10': -73648.0, 'J11': -284024.5, 'J12': -168503.0, 'J13': -49741.0, 'cluster3106249630_3106249631_J60_J61_#5more': -362795.5}, {'J10': 13, 'J11': 32, 'J12': 20, 'J13': 26, 'cluster3106249630_3106249631_J60_J61_#5more': 36}, {'J10': 18, 'J11': 54, 'J12': 69, 'J13': 36, 'cluster3106249630_3106249631_J60_J61_#5more': 103}, 
3220.0, {'J10': -73828.0, 'J11': -284564.5, 'J12': -169207.5, 'J13': -50109.5, 'cluster3106249630_3106249631_J60_J61_#5more': -363798.5}, {'J10': 13, 'J11': 32, 'J12': 20, 'J13': 28, 'cluster3106249630_3106249631_J60_J61_#5more': 36}, {'J10': 18, 'J11': 54, 'J12': 73, 'J13': 38, 'cluster3106249630_3106249631_J60_J61_#5more': 103}, 
3225.0, {'J10': -74008.0, 'J11': -285104.5, 'J12': -169937.5, 'J13': -50489.5, 'cluster3106249630_3106249631_J60_J61_#5more': -357287.5}, {'J10': 13, 'J11': 32, 'J12': 20, 'J13': 28, 'cluster3106249630_3106249631_J60_J61_#5more': 36}, {'J10': 18, 'J11': 54, 'J12': 73, 'J13': 38, 'cluster3106249630_3106249631_J60_J61_#5more': 100}, 
3230.0, {'J10': -74191.0, 'J11': -285644.5, 'J12': -170670.5, 'J13': -50869.5, 'cluster3106249630_3106249631_J60_J61_#5more': -358254.0}, {'J10': 13, 'J11': 32, 'J12': 20, 'J13': 28, 'cluster3106249630_3106249631_J60_J61_#5more': 36}, {'J10': 19, 'J11': 54, 'J12': 75, 'J13': 38, 'cluster3106249630_3106249631_J60_J61_#5more': 99}, 
3235.0, {'J10': -74381.5, 'J11': -286184.5, 'J12': -171425.0, 'J13': -51249.5, 'cluster3106249630_3106249631_J60_J61_#5more': -359210.5}, {'J10': 13, 'J11': 32, 'J12': 20, 'J13': 28, 'cluster3106249630_3106249631_J60_J61_#5more': 36}, {'J10': 20, 'J11': 54, 'J12': 76, 'J13': 38, 'cluster3106249630_3106249631_J60_J61_#5more': 98}, 
3240.0, {'J10': -74581.5, 'J11': -286724.5, 'J12': -172185.0, 'J13': -51629.5, 'cluster3106249630_3106249631_J60_J61_#5more': -360190.5}, {'J10': 13, 'J11': 32, 'J12': 20, 'J13': 28, 'cluster3106249630_3106249631_J60_J61_#5more': 36}, {'J10': 20, 'J11': 54, 'J12': 76, 'J13': 38, 'cluster3106249630_3106249631_J60_J61_#5more': 98}, 
3245.0, {'J10': -74781.5, 'J11': -287264.5, 'J12': -172945.0, 'J13': -52009.5, 'cluster3106249630_3106249631_J60_J61_#5more': -361170.5}, {'J10': 13, 'J11': 32, 'J12': 20, 'J13': 28, 'cluster3106249630_3106249631_J60_J61_#5more': 36}, {'J10': 20, 'J11': 54, 'J12': 76, 'J13': 38, 'cluster3106249630_3106249631_J60_J61_#5more': 98}, 
3250.0, {'J10': -74981.5, 'J11': -287804.5, 'J12': -173705.0, 'J13': -52389.5, 'cluster3106249630_3106249631_J60_J61_#5more': -362161.0}, {'J10': 13, 'J11': 32, 'J12': 20, 'J13': 28, 'cluster3106249630_3106249631_J60_J61_#5more': 36}, {'J10': 20, 'J11': 54, 'J12': 76, 'J13': 38, 'cluster3106249630_3106249631_J60_J61_#5more': 101}, 
3255.0, {'J10': -75181.5, 'J11': -288345.5, 'J12': -174465.0, 'J13': -52769.5, 'cluster3106249630_3106249631_J60_J61_#5more': -363171.0}, {'J10': 13, 'J11': 32, 'J12': 20, 'J13': 28, 'cluster3106249630_3106249631_J60_J61_#5more': 36}, {'J10': 20, 'J11': 55, 'J12': 76, 'J13': 38, 'cluster3106249630_3106249631_J60_J61_#5more': 101}, 
3260.0, {'J10': -75381.5, 'J11': -288903.5, 'J12': -175225.0, 'J13': -49734.5, 'cluster3106249630_3106249631_J60_J61_#5more': -360436.0}, {'J10': 13, 'J11': 32, 'J12': 20, 'J13': 25, 'cluster3106249630_3106249631_J60_J61_#5more': 36}, {'J10': 20, 'J11': 57, 'J12': 76, 'J13': 34, 'cluster3106249630_3106249631_J60_J61_#5more': 96}, 
3265.0, {'J10': -75581.5, 'J11': -289478.5, 'J12': -175985.0, 'J13': -48820.0, 'cluster3106249630_3106249631_J60_J61_#5more': -360764.0}, {'J10': 13, 'J11': 32, 'J12': 20, 'J13': 24, 'cluster3106249630_3106249631_J60_J61_#5more': 36}, {'J10': 20, 'J11': 58, 'J12': 76, 'J13': 32, 'cluster3106249630_3106249631_J60_J61_#5more': 95}, 
3270.0, {'J10': -75781.5, 'J11': -290063.5, 'J12': -170055.5, 'J13': -49144.0, 'cluster3106249630_3106249631_J60_J61_#5more': -361715.0}, {'J10': 13, 'J11': 32, 'J12': 20, 'J13': 24, 'cluster3106249630_3106249631_J60_J61_#5more': 36}, {'J10': 20, 'J11': 59, 'J12': 70, 'J13': 33, 'cluster3106249630_3106249631_J60_J61_#5more': 96}, 
3275.0, {'J10': -75981.5, 'J11': -290612.5, 'J12': -170755.5, 'J13': -49475.5, 'cluster3106249630_3106249631_J60_J61_#5more': -362674.0}, {'J10': 13, 'J11': 32, 'J12': 20, 'J13': 24, 'cluster3106249630_3106249631_J60_J61_#5more': 36}, {'J10': 20, 'J11': 58, 'J12': 70, 'J13': 34, 'cluster3106249630_3106249631_J60_J61_#5more': 100}, 
3280.0, {'J10': -76181.5, 'J11': -291089.0, 'J12': -171457.0, 'J13': -49815.5, 'cluster3106249630_3106249631_J60_J61_#5more': -363678.5}, {'J10': 13, 'J11': 32, 'J12': 20, 'J13': 24, 'cluster3106249630_3106249631_J60_J61_#5more': 36}, {'J10': 20, 'J11': 55, 'J12': 72, 'J13': 34, 'cluster3106249630_3106249631_J60_J61_#5more': 101}, 
3285.0, {'J10': -76268.5, 'J11': -291639.0, 'J12': -172186.0, 'J13': -50163.5, 'cluster3106249630_3106249631_J60_J61_#5more': -364688.5}, {'J10': 13, 'J11': 32, 'J12': 20, 'J13': 26, 'cluster3106249630_3106249631_J60_J61_#5more': 36}, {'J10': 19, 'J11': 55, 'J12': 74, 'J13': 36, 'cluster3106249630_3106249631_J60_J61_#5more': 101}, 
3290.0, {'J10': -76349.0, 'J11': -292124.5, 'J12': -172926.0, 'J13': -50531.0, 'cluster3106249630_3106249631_J60_J61_#5more': -365698.5}, {'J10': 13, 'J11': 32, 'J12': 20, 'J13': 28, 'cluster3106249630_3106249631_J60_J61_#5more': 36}, {'J10': 19, 'J11': 54, 'J12': 74, 'J13': 38, 'cluster3106249630_3106249631_J60_J61_#5more': 101}, 
3295.0, {'J10': -76539.0, 'J11': -292668.5, 'J12': -173666.0, 'J13': -50911.0, 'cluster3106249630_3106249631_J60_J61_#5more': -366708.5}, {'J10': 13, 'J11': 32, 'J12': 20, 'J13': 28, 'cluster3106249630_3106249631_J60_J61_#5more': 36}, {'J10': 19, 'J11': 56, 'J12': 74, 'J13': 38, 'cluster3106249630_3106249631_J60_J61_#5more': 101}, 
3300.0, {'J10': -76729.0, 'J11': -293204.5, 'J12': -174408.0, 'J13': -51291.0, 'cluster3106249630_3106249631_J60_J61_#5more': -367718.5}, {'J10': 13, 'J11': 32, 'J12': 20, 'J13': 28, 'cluster3106249630_3106249631_J60_J61_#5more': 36}, {'J10': 19, 'J11': 54, 'J12': 75, 'J13': 38, 'cluster3106249630_3106249631_J60_J61_#5more': 101}, 
3305.0, {'J10': -76919.0, 'J11': -293744.5, 'J12': -175158.0, 'J13': -51671.0, 'cluster3106249630_3106249631_J60_J61_#5more': -368728.5}, {'J10': 13, 'J11': 32, 'J12': 20, 'J13': 28, 'cluster3106249630_3106249631_J60_J61_#5more': 36}, {'J10': 19, 'J11': 54, 'J12': 75, 'J13': 38, 'cluster3106249630_3106249631_J60_J61_#5more': 101}, 
3310.0, {'J10': -77109.0, 'J11': -294284.5, 'J12': -175908.0, 'J13': -52051.0, 'cluster3106249630_3106249631_J60_J61_#5more': -369738.5}, {'J10': 13, 'J11': 32, 'J12': 20, 'J13': 28, 'cluster3106249630_3106249631_J60_J61_#5more': 36}, {'J10': 19, 'J11': 54, 'J12': 75, 'J13': 38, 'cluster3106249630_3106249631_J60_J61_#5more': 101}, 
3315.0, {'J10': -77299.0, 'J11': -294824.5, 'J12': -176658.0, 'J13': -52431.0, 'cluster3106249630_3106249631_J60_J61_#5more': -370748.5}, {'J10': 13, 'J11': 32, 'J12': 20, 'J13': 28, 'cluster3106249630_3106249631_J60_J61_#5more': 36}, {'J10': 19, 'J11': 54, 'J12': 75, 'J13': 38, 'cluster3106249630_3106249631_J60_J61_#5more': 101}, 
3320.0, {'J10': -77489.0, 'J11': -295364.5, 'J12': -177408.0, 'J13': -52811.0, 'cluster3106249630_3106249631_J60_J61_#5more': -371758.5}, {'J10': 13, 'J11': 32, 'J12': 20, 'J13': 28, 'cluster3106249630_3106249631_J60_J61_#5more': 36}, {'J10': 19, 'J11': 54, 'J12': 75, 'J13': 38, 'cluster3106249630_3106249631_J60_J61_#5more': 101}, 
3325.0, {'J10': -77679.0, 'J11': -295904.5, 'J12': -178158.0, 'J13': -49238.0, 'cluster3106249630_3106249631_J60_J61_#5more': -369405.0}, {'J10': 13, 'J11': 32, 'J12': 20, 'J13': 24, 'cluster3106249630_3106249631_J60_J61_#5more': 36}, {'J10': 19, 'J11': 54, 'J12': 75, 'J13': 34, 'cluster3106249630_3106249631_J60_J61_#5more': 96}, 
3330.0, {'J10': -77869.0, 'J11': -296444.5, 'J12': -178908.0, 'J13': -49578.0, 'cluster3106249630_3106249631_J60_J61_#5more': -369610.0}, {'J10': 13, 'J11': 32, 'J12': 20, 'J13': 24, 'cluster3106249630_3106249631_J60_J61_#5more': 36}, {'J10': 19, 'J11': 54, 'J12': 75, 'J13': 34, 'cluster3106249630_3106249631_J60_J61_#5more': 95}, 
3335.0, {'J10': -78059.0, 'J11': -296984.5, 'J12': -177924.5, 'J13': -49918.0, 'cluster3106249630_3106249631_J60_J61_#5more': -370561.0}, {'J10': 13, 'J11': 32, 'J12': 20, 'J13': 24, 'cluster3106249630_3106249631_J60_J61_#5more': 36}, {'J10': 19, 'J11': 54, 'J12': 71, 'J13': 34, 'cluster3106249630_3106249631_J60_J61_#5more': 96}, 
3340.0, {'J10': -78254.0, 'J11': -297524.5, 'J12': -178130.5, 'J13': -50258.0, 'cluster3106249630_3106249631_J60_J61_#5more': -371534.0}, {'J10': 13, 'J11': 32, 'J12': 20, 'J13': 24, 'cluster3106249630_3106249631_J60_J61_#5more': 36}, {'J10': 20, 'J11': 54, 'J12': 70, 'J13': 34, 'cluster3106249630_3106249631_J60_J61_#5more': 102}, 
3345.0, {'J10': -78454.0, 'J11': -298064.5, 'J12': -178844.5, 'J13': -50598.0, 'cluster3106249630_3106249631_J60_J61_#5more': -372540.5}, {'J10': 13, 'J11': 32, 'J12': 20, 'J13': 24, 'cluster3106249630_3106249631_J60_J61_#5more': 36}, {'J10': 20, 'J11': 54, 'J12': 75, 'J13': 34, 'cluster3106249630_3106249631_J60_J61_#5more': 103}, 
3350.0, {'J10': -78509.0, 'J11': -298604.5, 'J12': -179603.0, 'J13': -50944.5, 'cluster3106249630_3106249631_J60_J61_#5more': -373572.5}, {'J10': 13, 'J11': 32, 'J12': 20, 'J13': 27, 'cluster3106249630_3106249631_J60_J61_#5more': 36}, {'J10': 19, 'J11': 54, 'J12': 77, 'J13': 37, 'cluster3106249630_3106249631_J60_J61_#5more': 104}, 
3355.0, {'J10': -78688.0, 'J11': -299144.5, 'J12': -179804.5, 'J13': -51318.0, 'cluster3106249630_3106249631_J60_J61_#5more': -374613.5}, {'J10': 13, 'J11': 32, 'J12': 20, 'J13': 28, 'cluster3106249630_3106249631_J60_J61_#5more': 36}, {'J10': 18, 'J11': 54, 'J12': 77, 'J13': 38, 'cluster3106249630_3106249631_J60_J61_#5more': 105}, 
3360.0, {'J10': -78868.0, 'J11': -299684.5, 'J12': -180022.0, 'J13': -51698.0, 'cluster3106249630_3106249631_J60_J61_#5more': -375663.5}, {'J10': 13, 'J11': 32, 'J12': 20, 'J13': 28, 'cluster3106249630_3106249631_J60_J61_#5more': 36}, {'J10': 18, 'J11': 54, 'J12': 76, 'J13': 38, 'cluster3106249630_3106249631_J60_J61_#5more': 105}, 
3365.0, {'J10': -79050.5, 'J11': -300224.5, 'J12': -180782.0, 'J13': -52078.0, 'cluster3106249630_3106249631_J60_J61_#5more': -376713.5}, {'J10': 13, 'J11': 32, 'J12': 20, 'J13': 28, 'cluster3106249630_3106249631_J60_J61_#5more': 36}, {'J10': 19, 'J11': 54, 'J12': 76, 'J13': 38, 'cluster3106249630_3106249631_J60_J61_#5more': 105}, 
3370.0, {'J10': -79240.5, 'J11': -300764.5, 'J12': -181543.5, 'J13': -52458.0, 'cluster3106249630_3106249631_J60_J61_#5more': -377701.0}, {'J10': 13, 'J11': 32, 'J12': 20, 'J13': 28, 'cluster3106249630_3106249631_J60_J61_#5more': 36}, {'J10': 19, 'J11': 54, 'J12': 77, 'J13': 38, 'cluster3106249630_3106249631_J60_J61_#5more': 104}, 
3375.0, {'J10': -79430.5, 'J11': -301304.5, 'J12': -182313.5, 'J13': -52838.0, 'cluster3106249630_3106249631_J60_J61_#5more': -378741.0}, {'J10': 13, 'J11': 32, 'J12': 20, 'J13': 28, 'cluster3106249630_3106249631_J60_J61_#5more': 36}, {'J10': 19, 'J11': 54, 'J12': 77, 'J13': 38, 'cluster3106249630_3106249631_J60_J61_#5more': 104}, 
3380.0, {'J10': -79620.5, 'J11': -301844.5, 'J12': -183084.5, 'J13': -53218.0, 'cluster3106249630_3106249631_J60_J61_#5more': -379638.0}, {'J10': 13, 'J11': 32, 'J12': 20, 'J13': 28, 'cluster3106249630_3106249631_J60_J61_#5more': 36}, {'J10': 19, 'J11': 54, 'J12': 79, 'J13': 38, 'cluster3106249630_3106249631_J60_J61_#5more': 102}, 
3385.0, {'J10': -79810.5, 'J11': -302384.5, 'J12': -183878.5, 'J13': -53598.0, 'cluster3106249630_3106249631_J60_J61_#5more': -380597.0}, {'J10': 13, 'J11': 32, 'J12': 20, 'J13': 28, 'cluster3106249630_3106249631_J60_J61_#5more': 36}, {'J10': 19, 'J11': 54, 'J12': 81, 'J13': 38, 'cluster3106249630_3106249631_J60_J61_#5more': 101}, 
3390.0, {'J10': -80000.5, 'J11': -302924.5, 'J12': -184698.5, 'J13': -51627.0, 'cluster3106249630_3106249631_J60_J61_#5more': -378996.5}, {'J10': 13, 'J11': 32, 'J12': 20, 'J13': 26, 'cluster3106249630_3106249631_J60_J61_#5more': 36}, {'J10': 19, 'J11': 54, 'J12': 83, 'J13': 35, 'cluster3106249630_3106249631_J60_J61_#5more': 97}, 
3395.0, {'J10': -80190.5, 'J11': -303464.5, 'J12': -185528.5, 'J13': -50983.5, 'cluster3106249630_3106249631_J60_J61_#5more': -378841.0}, {'J10': 13, 'J11': 32, 'J12': 20, 'J13': 25, 'cluster3106249630_3106249631_J60_J61_#5more': 36}, {'J10': 19, 'J11': 54, 'J12': 83, 'J13': 34, 'cluster3106249630_3106249631_J60_J61_#5more': 95}, 
3400.0, {'J10': -80380.5, 'J11': -304004.5, 'J12': -180758.5, 'J13': -51325.5, 'cluster3106249630_3106249631_J60_J61_#5more': -379797.5}, {'J10': 13, 'J11': 32, 'J12': 20, 'J13': 25, 'cluster3106249630_3106249631_J60_J61_#5more': 36}, {'J10': 19, 'J11': 54, 'J12': 79, 'J13': 35, 'cluster3106249630_3106249631_J60_J61_#5more': 97}, 
3405.0, {'J10': -80570.5, 'J11': -304544.5, 'J12': -180540.0, 'J13': -51675.5, 'cluster3106249630_3106249631_J60_J61_#5more': -380761.0}, {'J10': 13, 'J11': 32, 'J12': 20, 'J13': 25, 'cluster3106249630_3106249631_J60_J61_#5more': 36}, {'J10': 19, 'J11': 54, 'J12': 77, 'J13': 35, 'cluster3106249630_3106249631_J60_J61_#5more': 101}, 
3410.0, {'J10': -80760.5, 'J11': -305084.5, 'J12': -181311.0, 'J13': -52025.5, 'cluster3106249630_3106249631_J60_J61_#5more': -381776.0}, {'J10': 13, 'J11': 32, 'J12': 20, 'J13': 25, 'cluster3106249630_3106249631_J60_J61_#5more': 36}, {'J10': 19, 'J11': 54, 'J12': 79, 'J13': 35, 'cluster3106249630_3106249631_J60_J61_#5more': 103}, 
3415.0, {'J10': -80848.0, 'J11': -305624.5, 'J12': -182109.5, 'J13': -52384.5, 'cluster3106249630_3106249631_J60_J61_#5more': -382806.0}, {'J10': 13, 'J11': 32, 'J12': 20, 'J13': 27, 'cluster3106249630_3106249631_J60_J61_#5more': 36}, {'J10': 18, 'J11': 54, 'J12': 81, 'J13': 37, 'cluster3106249630_3106249631_J60_J61_#5more': 103}, 
3420.0, {'J10': -81028.0, 'J11': -306164.5, 'J12': -182919.5, 'J13': -52757.0, 'cluster3106249630_3106249631_J60_J61_#5more': -383836.0}, {'J10': 13, 'J11': 32, 'J12': 20, 'J13': 28, 'cluster3106249630_3106249631_J60_J61_#5more': 36}, {'J10': 18, 'J11': 54, 'J12': 81, 'J13': 38, 'cluster3106249630_3106249631_J60_J61_#5more': 103}, 
3425.0, {'J10': -81208.0, 'J11': -306704.5, 'J12': -183729.5, 'J13': -53137.0, 'cluster3106249630_3106249631_J60_J61_#5more': -384783.5}, {'J10': 13, 'J11': 32, 'J12': 20, 'J13': 28, 'cluster3106249630_3106249631_J60_J61_#5more': 36}, {'J10': 18, 'J11': 54, 'J12': 81, 'J13': 38, 'cluster3106249630_3106249631_J60_J61_#5more': 101}, 
3430.0, {'J10': -81388.0, 'J11': -307244.5, 'J12': -184539.5, 'J13': -53517.0, 'cluster3106249630_3106249631_J60_J61_#5more': -385797.5}, {'J10': 13, 'J11': 32, 'J12': 20, 'J13': 28, 'cluster3106249630_3106249631_J60_J61_#5more': 36}, {'J10': 18, 'J11': 54, 'J12': 81, 'J13': 38, 'cluster3106249630_3106249631_J60_J61_#5more': 103}, 
3435.0, {'J10': -81568.0, 'J11': -307784.5, 'J12': -185349.5, 'J13': -53897.0, 'cluster3106249630_3106249631_J60_J61_#5more': -386803.5}, {'J10': 13, 'J11': 32, 'J12': 20, 'J13': 28, 'cluster3106249630_3106249631_J60_J61_#5more': 36}, {'J10': 18, 'J11': 54, 'J12': 81, 'J13': 38, 'cluster3106249630_3106249631_J60_J61_#5more': 101}, 
3440.0, {'J10': -81748.0, 'J11': -308324.5, 'J12': -186159.5, 'J13': -54277.0, 'cluster3106249630_3106249631_J60_J61_#5more': -387813.5}, {'J10': 13, 'J11': 32, 'J12': 20, 'J13': 28, 'cluster3106249630_3106249631_J60_J61_#5more': 36}, {'J10': 18, 'J11': 54, 'J12': 81, 'J13': 38, 'cluster3106249630_3106249631_J60_J61_#5more': 101}, 
3445.0, {'J10': -81930.0, 'J11': -308868.5, 'J12': -186969.5, 'J13': -54657.0, 'cluster3106249630_3106249631_J60_J61_#5more': -388823.5}, {'J10': 13, 'J11': 32, 'J12': 20, 'J13': 28, 'cluster3106249630_3106249631_J60_J61_#5more': 36}, {'J10': 19, 'J11': 55, 'J12': 81, 'J13': 38, 'cluster3106249630_3106249631_J60_J61_#5more': 101}, 
3450.0, {'J10': -82120.0, 'J11': -309418.5, 'J12': -187779.5, 'J13': -55037.0, 'cluster3106249630_3106249631_J60_J61_#5more': -389833.5}, {'J10': 13, 'J11': 32, 'J12': 20, 'J13': 28, 'cluster3106249630_3106249631_J60_J61_#5more': 36}, {'J10': 19, 'J11': 55, 'J12': 81, 'J13': 38, 'cluster3106249630_3106249631_J60_J61_#5more': 101}, 
3455.0, {'J10': -82310.0, 'J11': -309978.5, 'J12': -188589.5, 'J13': -52308.0, 'cluster3106249630_3106249631_J60_J61_#5more': -390843.5}, {'J10': 13, 'J11': 32, 'J12': 20, 'J13': 25, 'cluster3106249630_3106249631_J60_J61_#5more': 36}, {'J10': 19, 'J11': 58, 'J12': 81, 'J13': 35, 'cluster3106249630_3106249631_J60_J61_#5more': 101}, 
3460.0, {'J10': -82500.0, 'J11': -310558.5, 'J12': -189399.5, 'J13': -52274.0, 'cluster3106249630_3106249631_J60_J61_#5more': -391853.5}, {'J10': 13, 'J11': 32, 'J12': 20, 'J13': 25, 'cluster3106249630_3106249631_J60_J61_#5more': 36}, {'J10': 19, 'J11': 58, 'J12': 81, 'J13': 34, 'cluster3106249630_3106249631_J60_J61_#5more': 101}, 
3465.0, {'J10': -82690.0, 'J11': -311143.5, 'J12': -189468.0, 'J13': -52615.5, 'cluster3106249630_3106249631_J60_J61_#5more': -392863.5}, {'J10': 13, 'J11': 32, 'J12': 20, 'J13': 25, 'cluster3106249630_3106249631_J60_J61_#5more': 36}, {'J10': 19, 'J11': 59, 'J12': 79, 'J13': 35, 'cluster3106249630_3106249631_J60_J61_#5more': 101}, 
3470.0, {'J10': -82880.0, 'J11': -311679.5, 'J12': -189509.0, 'J13': -52965.5, 'cluster3106249630_3106249631_J60_J61_#5more': -393873.5}, {'J10': 13, 'J11': 32, 'J12': 20, 'J13': 25, 'cluster3106249630_3106249631_J60_J61_#5more': 36}, {'J10': 19, 'J11': 58, 'J12': 77, 'J13': 35, 'cluster3106249630_3106249631_J60_J61_#5more': 101}, 
3475.0, {'J10': -83070.0, 'J11': -312129.5, 'J12': -190288.5, 'J13': -53315.5, 'cluster3106249630_3106249631_J60_J61_#5more': -394883.5}, {'J10': 13, 'J11': 32, 'J12': 20, 'J13': 25, 'cluster3106249630_3106249631_J60_J61_#5more': 36}, {'J10': 19, 'J11': 55, 'J12': 80, 'J13': 35, 'cluster3106249630_3106249631_J60_J61_#5more': 101}, 
3480.0, {'J10': -83188.0, 'J11': -312680.0, 'J12': -191101.0, 'J13': -53676.0, 'cluster3106249630_3106249631_J60_J61_#5more': -395894.0}, {'J10': 13, 'J11': 32, 'J12': 20, 'J13': 28, 'cluster3106249630_3106249631_J60_J61_#5more': 36}, {'J10': 18, 'J11': 56, 'J12': 83, 'J13': 38, 'cluster3106249630_3106249631_J60_J61_#5more': 102}, 
3485.0, {'J10': -83368.0, 'J11': -313184.5, 'J12': -191130.0, 'J13': -54056.0, 'cluster3106249630_3106249631_J60_J61_#5more': -396914.0}, {'J10': 13, 'J11': 32, 'J12': 20, 'J13': 28, 'cluster3106249630_3106249631_J60_J61_#5more': 36}, {'J10': 18, 'J11': 54, 'J12': 82, 'J13': 38, 'cluster3106249630_3106249631_J60_J61_#5more': 102}, 
3490.0, {'J10': -83548.0, 'J11': -313724.5, 'J12': -191146.0, 'J13': -54436.0, 'cluster3106249630_3106249631_J60_J61_#5more': -397913.5}, {'J10': 13, 'J11': 32, 'J12': 20, 'J13': 28, 'cluster3106249630_3106249631_J60_J61_#5more': 36}, {'J10': 18, 'J11': 54, 'J12': 81, 'J13': 38, 'cluster3106249630_3106249631_J60_J61_#5more': 101}, 
3495.0, {'J10': -83728.0, 'J11': -314264.5, 'J12': -191956.0, 'J13': -54816.0, 'cluster3106249630_3106249631_J60_J61_#5more': -398923.5}, {'J10': 13, 'J11': 32, 'J12': 20, 'J13': 28, 'cluster3106249630_3106249631_J60_J61_#5more': 36}, {'J10': 18, 'J11': 54, 'J12': 81, 'J13': 38, 'cluster3106249630_3106249631_J60_J61_#5more': 101}, 
3500.0, {'J10': -83908.0, 'J11': -314804.5, 'J12': -192766.0, 'J13': -55196.0, 'cluster3106249630_3106249631_J60_J61_#5more': -399933.5}, {'J10': 13, 'J11': 32, 'J12': 20, 'J13': 28, 'cluster3106249630_3106249631_J60_J61_#5more': 36}, {'J10': 18, 'J11': 54, 'J12': 81, 'J13': 38, 'cluster3106249630_3106249631_J60_J61_#5more': 101}, 
3505.0, {'J10': -84088.0, 'J11': -315344.5, 'J12': -192410.0, 'J13': -55576.0, 'cluster3106249630_3106249631_J60_J61_#5more': -400944.5}, {'J10': 13, 'J11': 32, 'J12': 20, 'J13': 28, 'cluster3106249630_3106249631_J60_J61_#5more': 36}, {'J10': 18, 'J11': 54, 'J12': 80, 'J13': 38, 'cluster3106249630_3106249631_J60_J61_#5more': 102}, 
3510.0, {'J10': -84268.0, 'J11': -315884.5, 'J12': -190625.5, 'J13': -55956.0, 'cluster3106249630_3106249631_J60_J61_#5more': -401969.5}, {'J10': 13, 'J11': 32, 'J12': 20, 'J13': 28, 'cluster3106249630_3106249631_J60_J61_#5more': 36}, {'J10': 18, 'J11': 54, 'J12': 76, 'J13': 38, 'cluster3106249630_3106249631_J60_J61_#5more': 104}, 
3515.0, {'J10': -84448.0, 'J11': -316424.5, 'J12': -189129.0, 'J13': -56336.0, 'cluster3106249630_3106249631_J60_J61_#5more': -402996.0}, {'J10': 13, 'J11': 32, 'J12': 20, 'J13': 28, 'cluster3106249630_3106249631_J60_J61_#5more': 36}, {'J10': 18, 'J11': 54, 'J12': 72, 'J13': 38, 'cluster3106249630_3106249631_J60_J61_#5more': 103}, 
3520.0, {'J10': -84628.0, 'J11': -316964.5, 'J12': -189849.0, 'J13': -52993.5, 'cluster3106249630_3106249631_J60_J61_#5more': -400388.5}, {'J10': 13, 'J11': 32, 'J12': 20, 'J13': 25, 'cluster3106249630_3106249631_J60_J61_#5more': 36}, {'J10': 18, 'J11': 54, 'J12': 72, 'J13': 34, 'cluster3106249630_3106249631_J60_J61_#5more': 97}, 
3525.0, {'J10': -84808.0, 'J11': -317504.5, 'J12': -190571.5, 'J13': -52087.0, 'cluster3106249630_3106249631_J60_J61_#5more': -400815.5}, {'J10': 13, 'J11': 32, 'J12': 20, 'J13': 24, 'cluster3106249630_3106249631_J60_J61_#5more': 36}, {'J10': 18, 'J11': 54, 'J12': 73, 'J13': 32, 'cluster3106249630_3106249631_J60_J61_#5more': 95}, 
3530.0, {'J10': -84988.0, 'J11': -318044.5, 'J12': -191009.0, 'J13': -52412.0, 'cluster3106249630_3106249631_J60_J61_#5more': -401772.0}, {'J10': 13, 'J11': 32, 'J12': 20, 'J13': 24, 'cluster3106249630_3106249631_J60_J61_#5more': 36}, {'J10': 18, 'J11': 54, 'J12': 72, 'J13': 34, 'cluster3106249630_3106249631_J60_J61_#5more': 97}, 
3535.0, {'J10': -85168.0, 'J11': -318584.5, 'J12': -191381.0, 'J13': -52752.0, 'cluster3106249630_3106249631_J60_J61_#5more': -402745.0}, {'J10': 13, 'J11': 32, 'J12': 20, 'J13': 24, 'cluster3106249630_3106249631_J60_J61_#5more': 36}, {'J10': 18, 'J11': 54, 'J12': 72, 'J13': 34, 'cluster3106249630_3106249631_J60_J61_#5more': 102}, 
3540.0, {'J10': -85348.0, 'J11': -319131.0, 'J12': -192102.0, 'J13': -53093.0, 'cluster3106249630_3106249631_J60_J61_#5more': -403770.0}, {'J10': 13, 'J11': 32, 'J12': 20, 'J13': 25, 'cluster3106249630_3106249631_J60_J61_#5more': 36}, {'J10': 18, 'J11': 56, 'J12': 73, 'J13': 35, 'cluster3106249630_3106249631_J60_J61_#5more': 103}, 
3545.0, {'J10': -85529.5, 'J11': -319685.5, 'J12': -191789.0, 'J13': -53452.5, 'cluster3106249630_3106249631_J60_J61_#5more': -404801.5}, {'J10': 13, 'J11': 32, 'J12': 20, 'J13': 28, 'cluster3106249630_3106249631_J60_J61_#5more': 36}, {'J10': 19, 'J11': 58, 'J12': 72, 'J13': 38, 'cluster3106249630_3106249631_J60_J61_#5more': 105}, 
3550.0, {'J10': -85708.0, 'J11': -320227.5, 'J12': -191462.5, 'J13': -53832.5, 'cluster3106249630_3106249631_J60_J61_#5more': -405851.5}, {'J10': 13, 'J11': 32, 'J12': 20, 'J13': 28, 'cluster3106249630_3106249631_J60_J61_#5more': 36}, {'J10': 18, 'J11': 56, 'J12': 72, 'J13': 38, 'cluster3106249630_3106249631_J60_J61_#5more': 105}, 
3555.0, {'J10': -85888.0, 'J11': -320765.0, 'J12': -192190.0, 'J13': -54212.5, 'cluster3106249630_3106249631_J60_J61_#5more': -406901.5}, {'J10': 13, 'J11': 32, 'J12': 20, 'J13': 28, 'cluster3106249630_3106249631_J60_J61_#5more': 36}, {'J10': 18, 'J11': 55, 'J12': 74, 'J13': 38, 'cluster3106249630_3106249631_J60_J61_#5more': 105}, 
3560.0, {'J10': -86068.0, 'J11': -321321.5, 'J12': -192905.5, 'J13': -54592.5, 'cluster3106249630_3106249631_J60_J61_#5more': -407951.5}, {'J10': 13, 'J11': 32, 'J12': 20, 'J13': 28, 'cluster3106249630_3106249631_J60_J61_#5more': 36}, {'J10': 18, 'J11': 59, 'J12': 73, 'J13': 38, 'cluster3106249630_3106249631_J60_J61_#5more': 105}, 
3565.0, {'J10': -86248.0, 'J11': -321915.0, 'J12': -193635.5, 'J13': -54972.5, 'cluster3106249630_3106249631_J60_J61_#5more': -408929.0}, {'J10': 13, 'J11': 32, 'J12': 20, 'J13': 28, 'cluster3106249630_3106249631_J60_J61_#5more': 36}, {'J10': 18, 'J11': 60, 'J12': 73, 'J13': 38, 'cluster3106249630_3106249631_J60_J61_#5more': 104}, 
3570.0, {'J10': -86428.0, 'J11': -322516.0, 'J12': -194365.5, 'J13': -55352.5, 'cluster3106249630_3106249631_J60_J61_#5more': -409969.0}, {'J10': 13, 'J11': 32, 'J12': 20, 'J13': 28, 'cluster3106249630_3106249631_J60_J61_#5more': 36}, {'J10': 18, 'J11': 61, 'J12': 73, 'J13': 38, 'cluster3106249630_3106249631_J60_J61_#5more': 104}, 
3575.0, {'J10': -86608.0, 'J11': -323032.0, 'J12': -195099.5, 'J13': -55732.5, 'cluster3106249630_3106249631_J60_J61_#5more': -410842.0}, {'J10': 13, 'J11': 32, 'J12': 20, 'J13': 28, 'cluster3106249630_3106249631_J60_J61_#5more': 36}, {'J10': 18, 'J11': 59, 'J12': 76, 'J13': 38, 'cluster3106249630_3106249631_J60_J61_#5more': 102}, 
3580.0, {'J10': -86788.0, 'J11': -323499.0, 'J12': -195868.0, 'J13': -56112.5, 'cluster3106249630_3106249631_J60_J61_#5more': -411791.0}, {'J10': 13, 'J11': 32, 'J12': 20, 'J13': 28, 'cluster3106249630_3106249631_J60_J61_#5more': 36}, {'J10': 18, 'J11': 56, 'J12': 78, 'J13': 38, 'cluster3106249630_3106249631_J60_J61_#5more': 101}, 
3585.0, {'J10': -86968.0, 'J11': -323984.5, 'J12': -189648.5, 'J13': -53023.5, 'cluster3106249630_3106249631_J60_J61_#5more': -409568.0}, {'J10': 13, 'J11': 32, 'J12': 20, 'J13': 25, 'cluster3106249630_3106249631_J60_J61_#5more': 36}, {'J10': 18, 'J11': 54, 'J12': 75, 'J13': 35, 'cluster3106249630_3106249631_J60_J61_#5more': 96}, 
3590.0, {'J10': -87148.0, 'J11': -324524.5, 'J12': -190406.0, 'J13': -52244.5, 'cluster3106249630_3106249631_J60_J61_#5more': -410025.5}, {'J10': 13, 'J11': 32, 'J12': 20, 'J13': 24, 'cluster3106249630_3106249631_J60_J61_#5more': 36}, {'J10': 18, 'J11': 54, 'J12': 77, 'J13': 32, 'cluster3106249630_3106249631_J60_J61_#5more': 95}, 
3595.0, {'J10': -87328.0, 'J11': -325066.0, 'J12': -191177.5, 'J13': -52570.5, 'cluster3106249630_3106249631_J60_J61_#5more': -410978.5}, {'J10': 13, 'J11': 32, 'J12': 20, 'J13': 24, 'cluster3106249630_3106249631_J60_J61_#5more': 36}, {'J10': 18, 'J11': 55, 'J12': 79, 'J13': 34, 'cluster3106249630_3106249631_J60_J61_#5more': 97}, 
3600.0, {'J10': -87508.0, 'J11': -325616.5, 'J12': -191985.5, 'J13': -52910.5, 'cluster3106249630_3106249631_J60_J61_#5more': -411936.0}, {'J10': 13, 'J11': 32, 'J12': 20, 'J13': 24, 'cluster3106249630_3106249631_J60_J61_#5more': 36}, {'J10': 18, 'J11': 56, 'J12': 83, 'J13': 34, 'cluster3106249630_3106249631_J60_J61_#5more': 99}, 
3605.0, {'J10': -87688.0, 'J11': -326155.0, 'J12': -192818.0, 'J13': -53251.0, 'cluster3106249630_3106249631_J60_J61_#5more': -412934.5}, {'J10': 13, 'J11': 32, 'J12': 20, 'J13': 25, 'cluster3106249630_3106249631_J60_J61_#5more': 36}, {'J10': 18, 'J11': 55, 'J12': 84, 'J13': 35, 'cluster3106249630_3106249631_J60_J61_#5more': 101}, 
3610.0, {'J10': -87869.0, 'J11': -326705.0, 'J12': -193213.0, 'J13': -53612.5, 'cluster3106249630_3106249631_J60_J61_#5more': -413944.5}, {'J10': 13, 'J11': 32, 'J12': 20, 'J13': 28, 'cluster3106249630_3106249631_J60_J61_#5more': 36}, {'J10': 19, 'J11': 55, 'J12': 83, 'J13': 38, 'cluster3106249630_3106249631_J60_J61_#5more': 101}, 
3615.0, {'J10': -88048.0, 'J11': -327224.5, 'J12': -194043.0, 'J13': -53992.5, 'cluster3106249630_3106249631_J60_J61_#5more': -414954.5}, {'J10': 13, 'J11': 32, 'J12': 20, 'J13': 28, 'cluster3106249630_3106249631_J60_J61_#5more': 36}, {'J10': 18, 'J11': 54, 'J12': 83, 'J13': 38, 'cluster3106249630_3106249631_J60_J61_#5more': 101}, 
3620.0, {'J10': -88228.0, 'J11': -327764.5, 'J12': -194873.0, 'J13': -54372.5, 'cluster3106249630_3106249631_J60_J61_#5more': -415964.5}, {'J10': 13, 'J11': 32, 'J12': 20, 'J13': 28, 'cluster3106249630_3106249631_J60_J61_#5more': 36}, {'J10': 18, 'J11': 54, 'J12': 83, 'J13': 38, 'cluster3106249630_3106249631_J60_J61_#5more': 101}, 
3625.0, {'J10': -88408.0, 'J11': -328304.5, 'J12': -194594.0, 'J13': -54752.5, 'cluster3106249630_3106249631_J60_J61_#5more': -416974.5}, {'J10': 13, 'J11': 32, 'J12': 20, 'J13': 28, 'cluster3106249630_3106249631_J60_J61_#5more': 36}, {'J10': 18, 'J11': 54, 'J12': 80, 'J13': 38, 'cluster3106249630_3106249631_J60_J61_#5more': 101}, 
3630.0, {'J10': -88588.0, 'J11': -328844.5, 'J12': -195128.5, 'J13': -55132.5, 'cluster3106249630_3106249631_J60_J61_#5more': -417984.5}, {'J10': 13, 'J11': 32, 'J12': 20, 'J13': 28, 'cluster3106249630_3106249631_J60_J61_#5more': 36}, {'J10': 18, 'J11': 54, 'J12': 78, 'J13': 38, 'cluster3106249630_3106249631_J60_J61_#5more': 101}, 
3635.0, {'J10': -88768.0, 'J11': -329384.5, 'J12': -195674.0, 'J13': -55512.5, 'cluster3106249630_3106249631_J60_J61_#5more': -418994.5}, {'J10': 13, 'J11': 32, 'J12': 20, 'J13': 28, 'cluster3106249630_3106249631_J60_J61_#5more': 36}, {'J10': 18, 'J11': 54, 'J12': 76, 'J13': 38, 'cluster3106249630_3106249631_J60_J61_#5more': 101}, 
3640.0, {'J10': -88948.0, 'J11': -329924.5, 'J12': -196206.0, 'J13': -55892.5, 'cluster3106249630_3106249631_J60_J61_#5more': -420004.5}, {'J10': 13, 'J11': 32, 'J12': 20, 'J13': 28, 'cluster3106249630_3106249631_J60_J61_#5more': 36}, {'J10': 18, 'J11': 54, 'J12': 74, 'J13': 38, 'cluster3106249630_3106249631_J60_J61_#5more': 101}, 
3645.0, {'J10': -89128.0, 'J11': -330464.5, 'J12': -196606.0, 'J13': -56272.5, 'cluster3106249630_3106249631_J60_J61_#5more': -421014.5}, {'J10': 13, 'J11': 32, 'J12': 20, 'J13': 28, 'cluster3106249630_3106249631_J60_J61_#5more': 36}, {'J10': 18, 'J11': 54, 'J12': 74, 'J13': 38, 'cluster3106249630_3106249631_J60_J61_#5more': 101}, 
3650.0, {'J10': -89308.0, 'J11': -331004.5, 'J12': -191633.5, 'J13': -53174.0, 'cluster3106249630_3106249631_J60_J61_#5more': -422024.5}, {'J10': 13, 'J11': 32, 'J12': 20, 'J13': 25, 'cluster3106249630_3106249631_J60_J61_#5more': 36}, {'J10': 18, 'J11': 54, 'J12': 70, 'J13': 34, 'cluster3106249630_3106249631_J60_J61_#5more': 101}, 
3655.0, {'J10': -89488.0, 'J11': -331544.5, 'J12': -191352.5, 'J13': -53390.0, 'cluster3106249630_3106249631_J60_J61_#5more': -421144.0}, {'J10': 13, 'J11': 32, 'J12': 20, 'J13': 25, 'cluster3106249630_3106249631_J60_J61_#5more': 36}, {'J10': 18, 'J11': 54, 'J12': 67, 'J13': 33, 'cluster3106249630_3106249631_J60_J61_#5more': 98}, 
3660.0, {'J10': -89668.0, 'J11': -332084.5, 'J12': -192022.5, 'J13': -53726.0, 'cluster3106249630_3106249631_J60_J61_#5more': -422125.5}, {'J10': 13, 'J11': 32, 'J12': 20, 'J13': 25, 'cluster3106249630_3106249631_J60_J61_#5more': 36}, {'J10': 18, 'J11': 54, 'J12': 67, 'J13': 35, 'cluster3106249630_3106249631_J60_J61_#5more': 99}, 
3665.0, {'J10': -89848.0, 'J11': -332624.5, 'J12': -192710.0, 'J13': -54076.0, 'cluster3106249630_3106249631_J60_J61_#5more': -423106.0}, {'J10': 13, 'J11': 32, 'J12': 20, 'J13': 25, 'cluster3106249630_3106249631_J60_J61_#5more': 36}, {'J10': 18, 'J11': 54, 'J12': 71, 'J13': 35, 'cluster3106249630_3106249631_J60_J61_#5more': 100}, 
3670.0, {'J10': -90028.0, 'J11': -333169.5, 'J12': -193420.0, 'J13': -54426.0, 'cluster3106249630_3106249631_J60_J61_#5more': -424110.0}, {'J10': 13, 'J11': 32, 'J12': 20, 'J13': 25, 'cluster3106249630_3106249631_J60_J61_#5more': 36}, {'J10': 18, 'J11': 55, 'J12': 71, 'J13': 35, 'cluster3106249630_3106249631_J60_J61_#5more': 101}, 
3675.0, {'J10': -90208.0, 'J11': -333707.0, 'J12': -193218.0, 'J13': -54785.0, 'cluster3106249630_3106249631_J60_J61_#5more': -425120.0}, {'J10': 13, 'J11': 32, 'J12': 20, 'J13': 28, 'cluster3106249630_3106249631_J60_J61_#5more': 36}, {'J10': 18, 'J11': 56, 'J12': 70, 'J13': 38, 'cluster3106249630_3106249631_J60_J61_#5more': 101}, 
3680.0, {'J10': -90388.0, 'J11': -334244.5, 'J12': -193645.5, 'J13': -55165.0, 'cluster3106249630_3106249631_J60_J61_#5more': -426130.0}, {'J10': 13, 'J11': 32, 'J12': 20, 'J13': 28, 'cluster3106249630_3106249631_J60_J61_#5more': 36}, {'J10': 18, 'J11': 54, 'J12': 69, 'J13': 38, 'cluster3106249630_3106249631_J60_J61_#5more': 101}, 
3685.0, {'J10': -90568.0, 'J11': -334784.5, 'J12': -194335.5, 'J13': -55545.0, 'cluster3106249630_3106249631_J60_J61_#5more': -427140.0}, {'J10': 13, 'J11': 32, 'J12': 20, 'J13': 28, 'cluster3106249630_3106249631_J60_J61_#5more': 36}, {'J10': 18, 'J11': 54, 'J12': 69, 'J13': 38, 'cluster3106249630_3106249631_J60_J61_#5more': 101}, 
3690.0, {'J10': -90748.0, 'J11': -335324.5, 'J12': -195025.5, 'J13': -55925.0, 'cluster3106249630_3106249631_J60_J61_#5more': -428150.0}, {'J10': 13, 'J11': 32, 'J12': 20, 'J13': 28, 'cluster3106249630_3106249631_J60_J61_#5more': 36}, {'J10': 18, 'J11': 54, 'J12': 69, 'J13': 38, 'cluster3106249630_3106249631_J60_J61_#5more': 101}, 
3695.0, {'J10': -90928.0, 'J11': -335867.0, 'J12': -195719.0, 'J13': -56305.0, 'cluster3106249630_3106249631_J60_J61_#5more': -429160.0}, {'J10': 13, 'J11': 32, 'J12': 20, 'J13': 28, 'cluster3106249630_3106249631_J60_J61_#5more': 36}, {'J10': 18, 'J11': 55, 'J12': 70, 'J13': 38, 'cluster3106249630_3106249631_J60_J61_#5more': 101}, 
3700.0, {'J10': -91108.0, 'J11': -336417.0, 'J12': -196430.0, 'J13': -56685.0, 'cluster3106249630_3106249631_J60_J61_#5more': -430170.0}, {'J10': 13, 'J11': 32, 'J12': 20, 'J13': 28, 'cluster3106249630_3106249631_J60_J61_#5more': 36}, {'J10': 18, 'J11': 55, 'J12': 73, 'J13': 38, 'cluster3106249630_3106249631_J60_J61_#5more': 101}, 
3705.0, {'J10': -91288.0, 'J11': -336967.0, 'J12': -197168.0, 'J13': -57065.0, 'cluster3106249630_3106249631_J60_J61_#5more': -431180.0}, {'J10': 13, 'J11': 32, 'J12': 20, 'J13': 28, 'cluster3106249630_3106249631_J60_J61_#5more': 36}, {'J10': 18, 'J11': 55, 'J12': 76, 'J13': 38, 'cluster3106249630_3106249631_J60_J61_#5more': 101}, 
3710.0, {'J10': -91468.0, 'J11': -337517.0, 'J12': -197931.5, 'J13': -57445.0, 'cluster3106249630_3106249631_J60_J61_#5more': -432190.0}, {'J10': 13, 'J11': 32, 'J12': 20, 'J13': 28, 'cluster3106249630_3106249631_J60_J61_#5more': 36}, {'J10': 18, 'J11': 55, 'J12': 78, 'J13': 38, 'cluster3106249630_3106249631_J60_J61_#5more': 101}, 
3715.0, {'J10': -91648.0, 'J11': -338024.5, 'J12': -197763.5, 'J13': -55343.5, 'cluster3106249630_3106249631_J60_J61_#5more': -430462.5}, {'J10': 13, 'J11': 32, 'J12': 20, 'J13': 26, 'cluster3106249630_3106249631_J60_J61_#5more': 36}, {'J10': 18, 'J11': 54, 'J12': 78, 'J13': 34, 'cluster3106249630_3106249631_J60_J61_#5more': 97}, 
3720.0, {'J10': -91828.0, 'J11': -338564.5, 'J12': -197576.0, 'J13': -53805.5, 'cluster3106249630_3106249631_J60_J61_#5more': -430304.5}, {'J10': 13, 'J11': 32, 'J12': 20, 'J13': 24, 'cluster3106249630_3106249631_J60_J61_#5more': 36}, {'J10': 18, 'J11': 54, 'J12': 76, 'J13': 32, 'cluster3106249630_3106249631_J60_J61_#5more': 95}, 
3725.0, {'J10': -92008.0, 'J11': -339104.5, 'J12': -198345.0, 'J13': -54131.0, 'cluster3106249630_3106249631_J60_J61_#5more': -431259.5}, {'J10': 13, 'J11': 32, 'J12': 20, 'J13': 24, 'cluster3106249630_3106249631_J60_J61_#5more': 36}, {'J10': 18, 'J11': 54, 'J12': 79, 'J13': 34, 'cluster3106249630_3106249631_J60_J61_#5more': 97}, 
3730.0, {'J10': -92188.0, 'J11': -339644.5, 'J12': -199148.5, 'J13': -54471.0, 'cluster3106249630_3106249631_J60_J61_#5more': -432212.0}, {'J10': 13, 'J11': 32, 'J12': 20, 'J13': 24, 'cluster3106249630_3106249631_J60_J61_#5more': 36}, {'J10': 18, 'J11': 54, 'J12': 82, 'J13': 34, 'cluster3106249630_3106249631_J60_J61_#5more': 98}, 
3735.0, {'J10': -92368.0, 'J11': -340184.5, 'J12': -198933.5, 'J13': -54811.0, 'cluster3106249630_3106249631_J60_J61_#5more': -433202.5}, {'J10': 13, 'J11': 32, 'J12': 20, 'J13': 24, 'cluster3106249630_3106249631_J60_J61_#5more': 36}, {'J10': 18, 'J11': 54, 'J12': 81, 'J13': 34, 'cluster3106249630_3106249631_J60_J61_#5more': 101}, 
3740.0, {'J10': -92548.0, 'J11': -340724.5, 'J12': -198917.0, 'J13': -55165.0, 'cluster3106249630_3106249631_J60_J61_#5more': -434212.5}, {'J10': 13, 'J11': 32, 'J12': 20, 'J13': 28, 'cluster3106249630_3106249631_J60_J61_#5more': 36}, {'J10': 18, 'J11': 54, 'J12': 79, 'J13': 38, 'cluster3106249630_3106249631_J60_J61_#5more': 101}, 
3745.0, {'J10': -92728.0, 'J11': -341264.5, 'J12': -199707.0, 'J13': -55545.0, 'cluster3106249630_3106249631_J60_J61_#5more': -435222.5}, {'J10': 13, 'J11': 32, 'J12': 20, 'J13': 28, 'cluster3106249630_3106249631_J60_J61_#5more': 36}, {'J10': 18, 'J11': 54, 'J12': 79, 'J13': 38, 'cluster3106249630_3106249631_J60_J61_#5more': 101}, 
3750.0, {'J10': -92908.0, 'J11': -341804.5, 'J12': -200497.0, 'J13': -55925.0, 'cluster3106249630_3106249631_J60_J61_#5more': -436232.5}, {'J10': 13, 'J11': 32, 'J12': 20, 'J13': 28, 'cluster3106249630_3106249631_J60_J61_#5more': 36}, {'J10': 18, 'J11': 54, 'J12': 79, 'J13': 38, 'cluster3106249630_3106249631_J60_J61_#5more': 101}, 
3755.0, {'J10': -93088.0, 'J11': -342344.5, 'J12': -201163.5, 'J13': -56305.0, 'cluster3106249630_3106249631_J60_J61_#5more': -437242.5}, {'J10': 13, 'J11': 32, 'J12': 20, 'J13': 28, 'cluster3106249630_3106249631_J60_J61_#5more': 36}, {'J10': 18, 'J11': 54, 'J12': 78, 'J13': 38, 'cluster3106249630_3106249631_J60_J61_#5more': 101}, 
3760.0, {'J10': -93268.0, 'J11': -342884.5, 'J12': -201944.0, 'J13': -56685.0, 'cluster3106249630_3106249631_J60_J61_#5more': -438252.5}, {'J10': 13, 'J11': 32, 'J12': 20, 'J13': 28, 'cluster3106249630_3106249631_J60_J61_#5more': 36}, {'J10': 18, 'J11': 54, 'J12': 79, 'J13': 38, 'cluster3106249630_3106249631_J60_J61_#5more': 101}, 
3765.0, {'J10': -93448.0, 'J11': -343424.5, 'J12': -202737.5, 'J13': -57065.0, 'cluster3106249630_3106249631_J60_J61_#5more': -439262.5}, {'J10': 13, 'J11': 32, 'J12': 20, 'J13': 28, 'cluster3106249630_3106249631_J60_J61_#5more': 36}, {'J10': 18, 'J11': 54, 'J12': 81, 'J13': 38, 'cluster3106249630_3106249631_J60_J61_#5more': 101}, 
3770.0, {'J10': -93628.0, 'J11': -343964.5, 'J12': -203547.5, 'J13': -57445.0, 'cluster3106249630_3106249631_J60_J61_#5more': -440272.5}, {'J10': 13, 'J11': 32, 'J12': 20, 'J13': 28, 'cluster3106249630_3106249631_J60_J61_#5more': 36}, {'J10': 18, 'J11': 54, 'J12': 81, 'J13': 38, 'cluster3106249630_3106249631_J60_J61_#5more': 101}, 
3775.0, {'J10': -93808.0, 'J11': -344504.5, 'J12': -204357.5, 'J13': -57825.0, 'cluster3106249630_3106249631_J60_J61_#5more': -431595.5}, {'J10': 13, 'J11': 32, 'J12': 20, 'J13': 28, 'cluster3106249630_3106249631_J60_J61_#5more': 36}, {'J10': 18, 'J11': 54, 'J12': 81, 'J13': 38, 'cluster3106249630_3106249631_J60_J61_#5more': 99}, 
3780.0, {'J10': -93988.0, 'J11': -345045.0, 'J12': -201991.5, 'J13': -55121.0, 'cluster3106249630_3106249631_J60_J61_#5more': -428492.0}, {'J10': 13, 'J11': 32, 'J12': 20, 'J13': 25, 'cluster3106249630_3106249631_J60_J61_#5more': 36}, {'J10': 18, 'J11': 55, 'J12': 77, 'J13': 34, 'cluster3106249630_3106249631_J60_J61_#5more': 98}, 
3785.0, {'J10': -94168.0, 'J11': -345595.0, 'J12': -202387.0, 'J13': -54345.0, 'cluster3106249630_3106249631_J60_J61_#5more': -424077.0}, {'J10': 13, 'J11': 32, 'J12': 20, 'J13': 24, 'cluster3106249630_3106249631_J60_J61_#5more': 36}, {'J10': 18, 'J11': 55, 'J12': 76, 'J13': 32, 'cluster3106249630_3106249631_J60_J61_#5more': 97}, 
3790.0, {'J10': -94348.0, 'J11': -346145.0, 'J12': -203148.0, 'J13': -54669.0, 'cluster3106249630_3106249631_J60_J61_#5more': -425047.0}, {'J10': 13, 'J11': 32, 'J12': 20, 'J13': 24, 'cluster3106249630_3106249631_J60_J61_#5more': 36}, {'J10': 18, 'J11': 55, 'J12': 78, 'J13': 33, 'cluster3106249630_3106249631_J60_J61_#5more': 97}, 
3795.0, {'J10': -94528.0, 'J11': -346664.5, 'J12': -203936.0, 'J13': -54999.0, 'cluster3106249630_3106249631_J60_J61_#5more': -426017.0}, {'J10': 13, 'J11': 32, 'J12': 20, 'J13': 24, 'cluster3106249630_3106249631_J60_J61_#5more': 36}, {'J10': 18, 'J11': 54, 'J12': 80, 'J13': 33, 'cluster3106249630_3106249631_J60_J61_#5more': 97}, 
3800.0, {'J10': -94708.0, 'J11': -347204.5, 'J12': -204233.0, 'J13': -55329.0, 'cluster3106249630_3106249631_J60_J61_#5more': -426987.0}, {'J10': 13, 'J11': 32, 'J12': 20, 'J13': 24, 'cluster3106249630_3106249631_J60_J61_#5more': 36}, {'J10': 18, 'J11': 54, 'J12': 79, 'J13': 33, 'cluster3106249630_3106249631_J60_J61_#5more': 97}, 
3805.0, {'J10': -94888.0, 'J11': -347744.5, 'J12': -205023.0, 'J13': -55666.0, 'cluster3106249630_3106249631_J60_J61_#5more': -427961.0}, {'J10': 13, 'J11': 32, 'J12': 20, 'J13': 27, 'cluster3106249630_3106249631_J60_J61_#5more': 36}, {'J10': 18, 'J11': 54, 'J12': 79, 'J13': 36, 'cluster3106249630_3106249631_J60_J61_#5more': 100}, 
3810.0, {'J10': -95068.0, 'J11': -348284.5, 'J12': -205813.0, 'J13': -56028.5, 'cluster3106249630_3106249631_J60_J61_#5more': -428966.0}, {'J10': 13, 'J11': 32, 'J12': 20, 'J13': 28, 'cluster3106249630_3106249631_J60_J61_#5more': 36}, {'J10': 18, 'J11': 54, 'J12': 79, 'J13': 37, 'cluster3106249630_3106249631_J60_J61_#5more': 101}, 
3815.0, {'J10': -95248.0, 'J11': -348824.5, 'J12': -206371.0, 'J13': -56398.5, 'cluster3106249630_3106249631_J60_J61_#5more': -429976.0}, {'J10': 13, 'J11': 32, 'J12': 20, 'J13': 28, 'cluster3106249630_3106249631_J60_J61_#5more': 36}, {'J10': 18, 'J11': 54, 'J12': 78, 'J13': 37, 'cluster3106249630_3106249631_J60_J61_#5more': 101}, 
3820.0, {'J10': -95428.0, 'J11': -349364.5, 'J12': -207156.5, 'J13': -56768.5, 'cluster3106249630_3106249631_J60_J61_#5more': -430986.0}, {'J10': 13, 'J11': 32, 'J12': 20, 'J13': 28, 'cluster3106249630_3106249631_J60_J61_#5more': 36}, {'J10': 18, 'J11': 54, 'J12': 80, 'J13': 37, 'cluster3106249630_3106249631_J60_J61_#5more': 101}, 
3825.0, {'J10': -95608.0, 'J11': -349904.5, 'J12': -207956.5, 'J13': -57138.5, 'cluster3106249630_3106249631_J60_J61_#5more': -431996.0}, {'J10': 13, 'J11': 32, 'J12': 20, 'J13': 28, 'cluster3106249630_3106249631_J60_J61_#5more': 36}, {'J10': 18, 'J11': 54, 'J12': 80, 'J13': 37, 'cluster3106249630_3106249631_J60_J61_#5more': 101}, 
3830.0, {'J10': -95788.0, 'J11': -350444.5, 'J12': -208756.5, 'J13': -57508.5, 'cluster3106249630_3106249631_J60_J61_#5more': -433006.0}, {'J10': 13, 'J11': 32, 'J12': 20, 'J13': 28, 'cluster3106249630_3106249631_J60_J61_#5more': 36}, {'J10': 18, 'J11': 54, 'J12': 80, 'J13': 37, 'cluster3106249630_3106249631_J60_J61_#5more': 101}, 
3835.0, {'J10': -95968.0, 'J11': -350984.5, 'J12': -209556.5, 'J13': -57878.5, 'cluster3106249630_3106249631_J60_J61_#5more': -434016.0}, {'J10': 13, 'J11': 32, 'J12': 20, 'J13': 28, 'cluster3106249630_3106249631_J60_J61_#5more': 36}, {'J10': 18, 'J11': 54, 'J12': 80, 'J13': 37, 'cluster3106249630_3106249631_J60_J61_#5more': 101}, 
3840.0, {'J10': -96148.0, 'J11': -351524.5, 'J12': -210356.5, 'J13': -58248.5, 'cluster3106249630_3106249631_J60_J61_#5more': -435026.0}, {'J10': 13, 'J11': 32, 'J12': 20, 'J13': 28, 'cluster3106249630_3106249631_J60_J61_#5more': 36}, {'J10': 18, 'J11': 54, 'J12': 80, 'J13': 37, 'cluster3106249630_3106249631_J60_J61_#5more': 101}, 
3845.0, {'J10': -96328.0, 'J11': -352064.5, 'J12': -208426.0, 'J13': -56393.5, 'cluster3106249630_3106249631_J60_J61_#5more': -432155.5}, {'J10': 13, 'J11': 32, 'J12': 20, 'J13': 26, 'cluster3106249630_3106249631_J60_J61_#5more': 36}, {'J10': 18, 'J11': 54, 'J12': 77, 'J13': 34, 'cluster3106249630_3106249631_J60_J61_#5more': 96}, 
3850.0, {'J10': -96508.0, 'J11': -352604.5, 'J12': -208448.5, 'J13': -56609.5, 'cluster3106249630_3106249631_J60_J61_#5more': -432611.5}, {'J10': 13, 'J11': 32, 'J12': 20, 'J13': 26, 'cluster3106249630_3106249631_J60_J61_#5more': 36}, {'J10': 18, 'J11': 54, 'J12': 75, 'J13': 33, 'cluster3106249630_3106249631_J60_J61_#5more': 95}, 
3855.0, {'J10': -96688.0, 'J11': -353144.5, 'J12': -209204.0, 'J13': -56939.5, 'cluster3106249630_3106249631_J60_J61_#5more': -433561.5}, {'J10': 13, 'J11': 32, 'J12': 20, 'J13': 26, 'cluster3106249630_3106249631_J60_J61_#5more': 36}, {'J10': 18, 'J11': 54, 'J12': 78, 'J13': 33, 'cluster3106249630_3106249631_J60_J61_#5more': 95}, 
3860.0, {'J10': -96868.0, 'J11': -353684.5, 'J12': -209992.0, 'J13': -57269.5, 'cluster3106249630_3106249631_J60_J61_#5more': -434521.0}, {'J10': 13, 'J11': 32, 'J12': 20, 'J13': 26, 'cluster3106249630_3106249631_J60_J61_#5more': 36}, {'J10': 18, 'J11': 54, 'J12': 80, 'J13': 33, 'cluster3106249630_3106249631_J60_J61_#5more': 100}, 
3865.0, {'J10': -97048.0, 'J11': -354224.5, 'J12': -210127.5, 'J13': -57601.0, 'cluster3106249630_3106249631_J60_J61_#5more': -435524.5}, {'J10': 13, 'J11': 32, 'J12': 20, 'J13': 28, 'cluster3106249630_3106249631_J60_J61_#5more': 36}, {'J10': 18, 'J11': 54, 'J12': 79, 'J13': 35, 'cluster3106249630_3106249631_J60_J61_#5more': 101}, 
3870.0, {'J10': -97228.0, 'J11': -354764.5, 'J12': -210917.5, 'J13': -57951.0, 'cluster3106249630_3106249631_J60_J61_#5more': -436534.5}, {'J10': 13, 'J11': 32, 'J12': 20, 'J13': 28, 'cluster3106249630_3106249631_J60_J61_#5more': 36}, {'J10': 18, 'J11': 54, 'J12': 79, 'J13': 35, 'cluster3106249630_3106249631_J60_J61_#5more': 101}, 
3875.0, {'J10': -97408.0, 'J11': -355304.5, 'J12': -211707.5, 'J13': -58301.0, 'cluster3106249630_3106249631_J60_J61_#5more': -437544.5}, {'J10': 13, 'J11': 32, 'J12': 20, 'J13': 28, 'cluster3106249630_3106249631_J60_J61_#5more': 36}, {'J10': 18, 'J11': 54, 'J12': 79, 'J13': 35, 'cluster3106249630_3106249631_J60_J61_#5more': 101}, 
3880.0, {'J10': -97588.0, 'J11': -355844.5, 'J12': -212497.5, 'J13': -58651.0, 'cluster3106249630_3106249631_J60_J61_#5more': -438554.5}, {'J10': 13, 'J11': 32, 'J12': 20, 'J13': 28, 'cluster3106249630_3106249631_J60_J61_#5more': 36}, {'J10': 18, 'J11': 54, 'J12': 79, 'J13': 35, 'cluster3106249630_3106249631_J60_J61_#5more': 101}, 
3885.0, {'J10': -97768.0, 'J11': -356384.5, 'J12': -213290.5, 'J13': -59001.0, 'cluster3106249630_3106249631_J60_J61_#5more': -439564.5}, {'J10': 13, 'J11': 32, 'J12': 20, 'J13': 28, 'cluster3106249630_3106249631_J60_J61_#5more': 36}, {'J10': 18, 'J11': 54, 'J12': 80, 'J13': 35, 'cluster3106249630_3106249631_J60_J61_#5more': 101}, 
3890.0, {'J10': -97948.0, 'J11': -356924.5, 'J12': -214090.5, 'J13': -59351.0, 'cluster3106249630_3106249631_J60_J61_#5more': -440574.5}, {'J10': 13, 'J11': 32, 'J12': 20, 'J13': 28, 'cluster3106249630_3106249631_J60_J61_#5more': 36}, {'J10': 18, 'J11': 54, 'J12': 80, 'J13': 35, 'cluster3106249630_3106249631_J60_J61_#5more': 101}, 
3895.0, {'J10': -98128.0, 'J11': -357464.5, 'J12': -214890.5, 'J13': -59701.0, 'cluster3106249630_3106249631_J60_J61_#5more': -441584.5}, {'J10': 13, 'J11': 32, 'J12': 20, 'J13': 28, 'cluster3106249630_3106249631_J60_J61_#5more': 36}, {'J10': 18, 'J11': 54, 'J12': 80, 'J13': 35, 'cluster3106249630_3106249631_J60_J61_#5more': 101}, 
3900.0, {'J10': -98308.0, 'J11': -358004.5, 'J12': -215690.5, 'J13': -60051.0, 'cluster3106249630_3106249631_J60_J61_#5more': -442594.5}, {'J10': 13, 'J11': 32, 'J12': 20, 'J13': 28, 'cluster3106249630_3106249631_J60_J61_#5more': 36}, {'J10': 18, 'J11': 54, 'J12': 80, 'J13': 35, 'cluster3106249630_3106249631_J60_J61_#5more': 101}, 
3905.0, {'J10': -98488.0, 'J11': -358544.5, 'J12': -216490.5, 'J13': -60401.0, 'cluster3106249630_3106249631_J60_J61_#5more': -443604.5}, {'J10': 13, 'J11': 32, 'J12': 20, 'J13': 28, 'cluster3106249630_3106249631_J60_J61_#5more': 36}, {'J10': 18, 'J11': 54, 'J12': 80, 'J13': 35, 'cluster3106249630_3106249631_J60_J61_#5more': 101}, 
3910.0, {'J10': -98668.0, 'J11': -359084.5, 'J12': -214550.5, 'J13': -57777.5, 'cluster3106249630_3106249631_J60_J61_#5more': -442510.5}, {'J10': 13, 'J11': 32, 'J12': 20, 'J13': 25, 'cluster3106249630_3106249631_J60_J61_#5more': 36}, {'J10': 18, 'J11': 54, 'J12': 77, 'J13': 32, 'cluster3106249630_3106249631_J60_J61_#5more': 98}, 
3915.0, {'J10': -98848.0, 'J11': -359624.5, 'J12': -214572.0, 'J13': -58097.5, 'cluster3106249630_3106249631_J60_J61_#5more': -443490.5}, {'J10': 13, 'J11': 32, 'J12': 20, 'J13': 25, 'cluster3106249630_3106249631_J60_J61_#5more': 36}, {'J10': 18, 'J11': 54, 'J12': 75, 'J13': 32, 'cluster3106249630_3106249631_J60_J61_#5more': 98}, 
3920.0, {'J10': -99028.0, 'J11': -360164.5, 'J12': -215327.5, 'J13': -58417.5, 'cluster3106249630_3106249631_J60_J61_#5more': -444470.5}, {'J10': 13, 'J11': 32, 'J12': 20, 'J13': 25, 'cluster3106249630_3106249631_J60_J61_#5more': 36}, {'J10': 18, 'J11': 54, 'J12': 78, 'J13': 32, 'cluster3106249630_3106249631_J60_J61_#5more': 98}, 
3925.0, {'J10': -99208.0, 'J11': -360704.5, 'J12': -216116.0, 'J13': -58737.5, 'cluster3106249630_3106249631_J60_J61_#5more': -445454.5}, {'J10': 13, 'J11': 32, 'J12': 20, 'J13': 25, 'cluster3106249630_3106249631_J60_J61_#5more': 36}, {'J10': 18, 'J11': 54, 'J12': 80, 'J13': 32, 'cluster3106249630_3106249631_J60_J61_#5more': 100}, 
3930.0, {'J10': -99388.0, 'J11': -361244.5, 'J12': -216461.0, 'J13': -59059.0, 'cluster3106249630_3106249631_J60_J61_#5more': -446459.0}, {'J10': 13, 'J11': 32, 'J12': 20, 'J13': 26, 'cluster3106249630_3106249631_J60_J61_#5more': 36}, {'J10': 18, 'J11': 54, 'J12': 79, 'J13': 33, 'cluster3106249630_3106249631_J60_J61_#5more': 101}, 
3935.0, {'J10': -99568.0, 'J11': -361784.5, 'J12': -217251.0, 'J13': -59397.5, 'cluster3106249630_3106249631_J60_J61_#5more': -447469.0}, {'J10': 13, 'J11': 32, 'J12': 20, 'J13': 28, 'cluster3106249630_3106249631_J60_J61_#5more': 36}, {'J10': 18, 'J11': 54, 'J12': 79, 'J13': 35, 'cluster3106249630_3106249631_J60_J61_#5more': 101}, 
3940.0, {'J10': -99748.0, 'J11': -362324.5, 'J12': -218041.0, 'J13': -59747.5, 'cluster3106249630_3106249631_J60_J61_#5more': -448479.0}, {'J10': 13, 'J11': 32, 'J12': 20, 'J13': 28, 'cluster3106249630_3106249631_J60_J61_#5more': 36}, {'J10': 18, 'J11': 54, 'J12': 79, 'J13': 35, 'cluster3106249630_3106249631_J60_J61_#5more': 101}, 
3945.0, {'J10': -99928.0, 'J11': -362864.5, 'J12': -218831.0, 'J13': -60097.5, 'cluster3106249630_3106249631_J60_J61_#5more': -449489.0}, {'J10': 13, 'J11': 32, 'J12': 20, 'J13': 28, 'cluster3106249630_3106249631_J60_J61_#5more': 36}, {'J10': 18, 'J11': 54, 'J12': 79, 'J13': 35, 'cluster3106249630_3106249631_J60_J61_#5more': 101}, 
3950.0, {'J10': -100108.0, 'J11': -363404.5, 'J12': -219623.5, 'J13': -60447.5, 'cluster3106249630_3106249631_J60_J61_#5more': -450499.0}, {'J10': 13, 'J11': 32, 'J12': 20, 'J13': 28, 'cluster3106249630_3106249631_J60_J61_#5more': 36}, {'J10': 18, 'J11': 54, 'J12': 80, 'J13': 35, 'cluster3106249630_3106249631_J60_J61_#5more': 101}, 
3955.0, {'J10': -100288.0, 'J11': -363944.5, 'J12': -220423.5, 'J13': -60797.5, 'cluster3106249630_3106249631_J60_J61_#5more': -451509.0}, {'J10': 13, 'J11': 32, 'J12': 20, 'J13': 28, 'cluster3106249630_3106249631_J60_J61_#5more': 36}, {'J10': 18, 'J11': 54, 'J12': 80, 'J13': 35, 'cluster3106249630_3106249631_J60_J61_#5more': 101}, 
3960.0, {'J10': -100468.0, 'J11': -364484.5, 'J12': -221223.5, 'J13': -61147.5, 'cluster3106249630_3106249631_J60_J61_#5more': -452519.0}, {'J10': 13, 'J11': 32, 'J12': 20, 'J13': 28, 'cluster3106249630_3106249631_J60_J61_#5more': 36}, {'J10': 18, 'J11': 54, 'J12': 80, 'J13': 35, 'cluster3106249630_3106249631_J60_J61_#5more': 101}, 
3965.0, {'J10': -100648.0, 'J11': -365024.5, 'J12': -222023.5, 'J13': -61497.5, 'cluster3106249630_3106249631_J60_J61_#5more': -453529.0}, {'J10': 13, 'J11': 32, 'J12': 20, 'J13': 28, 'cluster3106249630_3106249631_J60_J61_#5more': 36}, {'J10': 18, 'J11': 54, 'J12': 80, 'J13': 35, 'cluster3106249630_3106249631_J60_J61_#5more': 101}, 
3970.0, {'J10': -100828.0, 'J11': -365564.5, 'J12': -222823.5, 'J13': -61847.5, 'cluster3106249630_3106249631_J60_J61_#5more': -454539.0}, {'J10': 13, 'J11': 32, 'J12': 20, 'J13': 28, 'cluster3106249630_3106249631_J60_J61_#5more': 36}, {'J10': 18, 'J11': 54, 'J12': 80, 'J13': 35, 'cluster3106249630_3106249631_J60_J61_#5more': 101}, 
3975.0, {'J10': -101008.0, 'J11': -366104.5, 'J12': -220878.0, 'J13': -59099.5, 'cluster3106249630_3106249631_J60_J61_#5more': -451804.5}, {'J10': 13, 'J11': 32, 'J12': 20, 'J13': 25, 'cluster3106249630_3106249631_J60_J61_#5more': 36}, {'J10': 18, 'J11': 54, 'J12': 77, 'J13': 32, 'cluster3106249630_3106249631_J60_J61_#5more': 96}, 
3980.0, {'J10': -101188.0, 'J11': -366644.5, 'J12': -220900.0, 'J13': -58285.5, 'cluster3106249630_3106249631_J60_J61_#5more': -452260.5}, {'J10': 13, 'J11': 32, 'J12': 20, 'J13': 24, 'cluster3106249630_3106249631_J60_J61_#5more': 36}, {'J10': 18, 'J11': 54, 'J12': 75, 'J13': 31, 'cluster3106249630_3106249631_J60_J61_#5more': 95}, 
3985.0, {'J10': -101368.0, 'J11': -367184.5, 'J12': -221655.5, 'J13': -58595.5, 'cluster3106249630_3106249631_J60_J61_#5more': -453210.5}, {'J10': 13, 'J11': 32, 'J12': 20, 'J13': 24, 'cluster3106249630_3106249631_J60_J61_#5more': 36}, {'J10': 18, 'J11': 54, 'J12': 78, 'J13': 31, 'cluster3106249630_3106249631_J60_J61_#5more': 95}, 
3990.0, {'J10': -101548.0, 'J11': -367724.5, 'J12': -222443.0, 'J13': -58905.5, 'cluster3106249630_3106249631_J60_J61_#5more': -454170.5}, {'J10': 13, 'J11': 32, 'J12': 20, 'J13': 24, 'cluster3106249630_3106249631_J60_J61_#5more': 36}, {'J10': 18, 'J11': 54, 'J12': 80, 'J13': 31, 'cluster3106249630_3106249631_J60_J61_#5more': 100}, 
3995.0, {'J10': -101728.0, 'J11': -368264.5, 'J12': -223243.0, 'J13': -59215.5, 'cluster3106249630_3106249631_J60_J61_#5more': -455167.0}, {'J10': 13, 'J11': 32, 'J12': 20, 'J13': 24, 'cluster3106249630_3106249631_J60_J61_#5more': 36}, {'J10': 18, 'J11': 54, 'J12': 80, 'J13': 31, 'cluster3106249630_3106249631_J60_J61_#5more': 101}, 
4000.0, {'J10': -101908.0, 'J11': -368804.5, 'J12': -224043.0, 'J13': -59541.0, 'cluster3106249630_3106249631_J60_J61_#5more': -456177.0}, {'J10': 13, 'J11': 32, 'J12': 20, 'J13': 28, 'cluster3106249630_3106249631_J60_J61_#5more': 36}, {'J10': 18, 'J11': 54, 'J12': 80, 'J13': 35, 'cluster3106249630_3106249631_J60_J61_#5more': 101}, 
4005.0, {'J10': -102088.0, 'J11': -369344.5, 'J12': -223899.0, 'J13': -59891.0, 'cluster3106249630_3106249631_J60_J61_#5more': -457187.0}, {'J10': 13, 'J11': 32, 'J12': 20, 'J13': 28, 'cluster3106249630_3106249631_J60_J61_#5more': 36}, {'J10': 18, 'J11': 54, 'J12': 79, 'J13': 35, 'cluster3106249630_3106249631_J60_J61_#5more': 101}, 
4010.0, {'J10': -102268.0, 'J11': -369884.5, 'J12': -224689.0, 'J13': -60241.0, 'cluster3106249630_3106249631_J60_J61_#5more': -458197.0}, {'J10': 13, 'J11': 32, 'J12': 20, 'J13': 28, 'cluster3106249630_3106249631_J60_J61_#5more': 36}, {'J10': 18, 'J11': 54, 'J12': 79, 'J13': 35, 'cluster3106249630_3106249631_J60_J61_#5more': 101}, 
4015.0, {'J10': -102448.0, 'J11': -370424.5, 'J12': -225479.0, 'J13': -60591.0, 'cluster3106249630_3106249631_J60_J61_#5more': -459207.0}, {'J10': 13, 'J11': 32, 'J12': 20, 'J13': 28, 'cluster3106249630_3106249631_J60_J61_#5more': 36}, {'J10': 18, 'J11': 54, 'J12': 79, 'J13': 35, 'cluster3106249630_3106249631_J60_J61_#5more': 101}, 
4020.0, {'J10': -102628.0, 'J11': -370964.5, 'J12': -226271.5, 'J13': -60941.0, 'cluster3106249630_3106249631_J60_J61_#5more': -460217.0}, {'J10': 13, 'J11': 32, 'J12': 20, 'J13': 28, 'cluster3106249630_3106249631_J60_J61_#5more': 36}, {'J10': 18, 'J11': 54, 'J12': 80, 'J13': 35, 'cluster3106249630_3106249631_J60_J61_#5more': 101}, 
4025.0, {'J10': -102808.0, 'J11': -371504.5, 'J12': -227071.5, 'J13': -61291.0, 'cluster3106249630_3106249631_J60_J61_#5more': -461227.0}, {'J10': 13, 'J11': 32, 'J12': 20, 'J13': 28, 'cluster3106249630_3106249631_J60_J61_#5more': 36}, {'J10': 18, 'J11': 54, 'J12': 80, 'J13': 35, 'cluster3106249630_3106249631_J60_J61_#5more': 101}, 
4030.0, {'J10': -102988.0, 'J11': -372044.5, 'J12': -227871.5, 'J13': -61641.0, 'cluster3106249630_3106249631_J60_J61_#5more': -462237.0}, {'J10': 13, 'J11': 32, 'J12': 20, 'J13': 28, 'cluster3106249630_3106249631_J60_J61_#5more': 36}, {'J10': 18, 'J11': 54, 'J12': 80, 'J13': 35, 'cluster3106249630_3106249631_J60_J61_#5more': 101}, 
4035.0, {'J10': -103168.0, 'J11': -372584.5, 'J12': -228671.5, 'J13': -61991.0, 'cluster3106249630_3106249631_J60_J61_#5more': -458686.0}, {'J10': 13, 'J11': 32, 'J12': 20, 'J13': 28, 'cluster3106249630_3106249631_J60_J61_#5more': 36}, {'J10': 18, 'J11': 54, 'J12': 80, 'J13': 35, 'cluster3106249630_3106249631_J60_J61_#5more': 100}, 
4040.0, {'J10': -103348.0, 'J11': -373124.5, 'J12': -225162.0, 'J13': -59352.5, 'cluster3106249630_3106249631_J60_J61_#5more': -459686.0}, {'J10': 13, 'J11': 32, 'J12': 20, 'J13': 25, 'cluster3106249630_3106249631_J60_J61_#5more': 36}, {'J10': 18, 'J11': 54, 'J12': 76, 'J13': 32, 'cluster3106249630_3106249631_J60_J61_#5more': 100}, 
4045.0, {'J10': -103528.0, 'J11': -373664.5, 'J12': -225174.0, 'J13': -59672.5, 'cluster3106249630_3106249631_J60_J61_#5more': -454772.5}, {'J10': 13, 'J11': 32, 'J12': 20, 'J13': 25, 'cluster3106249630_3106249631_J60_J61_#5more': 36}, {'J10': 18, 'J11': 54, 'J12': 74, 'J13': 32, 'cluster3106249630_3106249631_J60_J61_#5more': 99}, 
4050.0, {'J10': -103708.0, 'J11': -374204.5, 'J12': -225915.0, 'J13': -59992.5, 'cluster3106249630_3106249631_J60_J61_#5more': -455762.5}, {'J10': 13, 'J11': 32, 'J12': 20, 'J13': 25, 'cluster3106249630_3106249631_J60_J61_#5more': 36}, {'J10': 18, 'J11': 54, 'J12': 76, 'J13': 32, 'cluster3106249630_3106249631_J60_J61_#5more': 99}, 
4055.0, {'J10': -103888.0, 'J11': -374744.5, 'J12': -226692.0, 'J13': -60312.5, 'cluster3106249630_3106249631_J60_J61_#5more': -456752.5}, {'J10': 13, 'J11': 32, 'J12': 20, 'J13': 25, 'cluster3106249630_3106249631_J60_J61_#5more': 36}, {'J10': 18, 'J11': 54, 'J12': 80, 'J13': 32, 'cluster3106249630_3106249631_J60_J61_#5more': 99}, 
4060.0, {'J10': -104068.0, 'J11': -375284.5, 'J12': -227492.0, 'J13': -60633.5, 'cluster3106249630_3106249631_J60_J61_#5more': -457742.5}, {'J10': 13, 'J11': 32, 'J12': 20, 'J13': 26, 'cluster3106249630_3106249631_J60_J61_#5more': 36}, {'J10': 18, 'J11': 54, 'J12': 80, 'J13': 33, 'cluster3106249630_3106249631_J60_J61_#5more': 99}, 
4065.0, {'J10': -104248.0, 'J11': -375824.5, 'J12': -227569.5, 'J13': -60971.0, 'cluster3106249630_3106249631_J60_J61_#5more': -458737.5}, {'J10': 13, 'J11': 32, 'J12': 20, 'J13': 28, 'cluster3106249630_3106249631_J60_J61_#5more': 36}, {'J10': 18, 'J11': 54, 'J12': 79, 'J13': 35, 'cluster3106249630_3106249631_J60_J61_#5more': 101}, 
4070.0, {'J10': -104428.0, 'J11': -376364.5, 'J12': -228359.5, 'J13': -61321.0, 'cluster3106249630_3106249631_J60_J61_#5more': -459747.5}, {'J10': 13, 'J11': 32, 'J12': 20, 'J13': 28, 'cluster3106249630_3106249631_J60_J61_#5more': 36}, {'J10': 18, 'J11': 54, 'J12': 79, 'J13': 35, 'cluster3106249630_3106249631_J60_J61_#5more': 101}, 
4075.0, {'J10': -104608.0, 'J11': -376904.5, 'J12': -229149.5, 'J13': -61671.0, 'cluster3106249630_3106249631_J60_J61_#5more': -460757.5}, {'J10': 13, 'J11': 32, 'J12': 20, 'J13': 28, 'cluster3106249630_3106249631_J60_J61_#5more': 36}, {'J10': 18, 'J11': 54, 'J12': 79, 'J13': 35, 'cluster3106249630_3106249631_J60_J61_#5more': 101}, 
4080.0, {'J10': -104788.0, 'J11': -377444.5, 'J12': -228076.5, 'J13': -62021.0, 'cluster3106249630_3106249631_J60_J61_#5more': -461767.5}, {'J10': 13, 'J11': 32, 'J12': 20, 'J13': 28, 'cluster3106249630_3106249631_J60_J61_#5more': 36}, {'J10': 18, 'J11': 54, 'J12': 77, 'J13': 35, 'cluster3106249630_3106249631_J60_J61_#5more': 101}, 
4085.0, {'J10': -104968.0, 'J11': -377984.5, 'J12': -228094.0, 'J13': -62371.0, 'cluster3106249630_3106249631_J60_J61_#5more': -462777.5}, {'J10': 13, 'J11': 32, 'J12': 20, 'J13': 28, 'cluster3106249630_3106249631_J60_J61_#5more': 36}, {'J10': 18, 'J11': 54, 'J12': 76, 'J13': 35, 'cluster3106249630_3106249631_J60_J61_#5more': 101}, 
4090.0, {'J10': -105148.0, 'J11': -378524.5, 'J12': -228854.0, 'J13': -62721.0, 'cluster3106249630_3106249631_J60_J61_#5more': -463787.5}, {'J10': 13, 'J11': 32, 'J12': 20, 'J13': 28, 'cluster3106249630_3106249631_J60_J61_#5more': 36}, {'J10': 18, 'J11': 54, 'J12': 76, 'J13': 35, 'cluster3106249630_3106249631_J60_J61_#5more': 101}, 
4095.0, {'J10': -105328.0, 'J11': -379064.5, 'J12': -229614.0, 'J13': -63071.0, 'cluster3106249630_3106249631_J60_J61_#5more': -464797.5}, {'J10': 13, 'J11': 32, 'J12': 20, 'J13': 28, 'cluster3106249630_3106249631_J60_J61_#5more': 36}, {'J10': 18, 'J11': 54, 'J12': 76, 'J13': 35, 'cluster3106249630_3106249631_J60_J61_#5more': 101}, 
4100.0, {'J10': -105508.0, 'J11': -379604.5, 'J12': -230377.5, 'J13': -63421.0, 'cluster3106249630_3106249631_J60_J61_#5more': -465807.5}, {'J10': 13, 'J11': 32, 'J12': 20, 'J13': 28, 'cluster3106249630_3106249631_J60_J61_#5more': 36}, {'J10': 18, 'J11': 54, 'J12': 77, 'J13': 35, 'cluster3106249630_3106249631_J60_J61_#5more': 101}, 
4105.0, {'J10': -105688.0, 'J11': -380144.5, 'J12': -230406.0, 'J13': -61648.5, 'cluster3106249630_3106249631_J60_J61_#5more': -462554.5}, {'J10': 13, 'J11': 32, 'J12': 20, 'J13': 26, 'cluster3106249630_3106249631_J60_J61_#5more': 36}, {'J10': 18, 'J11': 54, 'J12': 75, 'J13': 33, 'cluster3106249630_3106249631_J60_J61_#5more': 96}, 
4110.0, {'J10': -105868.0, 'J11': -380684.5, 'J12': -230407.5, 'J13': -60975.0, 'cluster3106249630_3106249631_J60_J61_#5more': -463011.0}, {'J10': 13, 'J11': 32, 'J12': 20, 'J13': 25, 'cluster3106249630_3106249631_J60_J61_#5more': 36}, {'J10': 18, 'J11': 54, 'J12': 73, 'J13': 32, 'cluster3106249630_3106249631_J60_J61_#5more': 95}, 
4115.0, {'J10': -106048.0, 'J11': -381224.5, 'J12': -231138.5, 'J13': -61295.0, 'cluster3106249630_3106249631_J60_J61_#5more': -463961.0}, {'J10': 13, 'J11': 32, 'J12': 20, 'J13': 25, 'cluster3106249630_3106249631_J60_J61_#5more': 36}, {'J10': 18, 'J11': 54, 'J12': 75, 'J13': 32, 'cluster3106249630_3106249631_J60_J61_#5more': 95}, 
4120.0, {'J10': -106228.0, 'J11': -381764.5, 'J12': -231896.5, 'J13': -61615.0, 'cluster3106249630_3106249631_J60_J61_#5more': -464924.0}, {'J10': 13, 'J11': 32, 'J12': 20, 'J13': 25, 'cluster3106249630_3106249631_J60_J61_#5more': 36}, {'J10': 18, 'J11': 54, 'J12': 77, 'J13': 32, 'cluster3106249630_3106249631_J60_J61_#5more': 101}, 
4125.0, {'J10': -106408.0, 'J11': -382304.5, 'J12': -231565.5, 'J13': -61935.0, 'cluster3106249630_3106249631_J60_J61_#5more': -465929.5}, {'J10': 13, 'J11': 32, 'J12': 20, 'J13': 25, 'cluster3106249630_3106249631_J60_J61_#5more': 36}, {'J10': 18, 'J11': 54, 'J12': 76, 'J13': 32, 'cluster3106249630_3106249631_J60_J61_#5more': 102}, 
4130.0, {'J10': -106588.0, 'J11': -382844.5, 'J12': -231221.0, 'J13': -62265.5, 'cluster3106249630_3106249631_J60_J61_#5more': -466928.5}, {'J10': 13, 'J11': 32, 'J12': 20, 'J13': 28, 'cluster3106249630_3106249631_J60_J61_#5more': 36}, {'J10': 18, 'J11': 54, 'J12': 75, 'J13': 35, 'cluster3106249630_3106249631_J60_J61_#5more': 101}, 
4135.0, {'J10': -106768.0, 'J11': -383384.5, 'J12': -229643.0, 'J13': -62615.5, 'cluster3106249630_3106249631_J60_J61_#5more': -467938.5}, {'J10': 13, 'J11': 32, 'J12': 20, 'J13': 28, 'cluster3106249630_3106249631_J60_J61_#5more': 36}, {'J10': 18, 'J11': 54, 'J12': 72, 'J13': 35, 'cluster3106249630_3106249631_J60_J61_#5more': 101}, 
4140.0, {'J10': -106948.0, 'J11': -383924.5, 'J12': -228564.5, 'J13': -62965.5, 'cluster3106249630_3106249631_J60_J61_#5more': -468948.5}, {'J10': 13, 'J11': 32, 'J12': 20, 'J13': 28, 'cluster3106249630_3106249631_J60_J61_#5more': 36}, {'J10': 18, 'J11': 54, 'J12': 69, 'J13': 35, 'cluster3106249630_3106249631_J60_J61_#5more': 101}, 
4145.0, {'J10': -107128.0, 'J11': -384464.5, 'J12': -228517.5, 'J13': -63315.5, 'cluster3106249630_3106249631_J60_J61_#5more': -469958.5}, {'J10': 13, 'J11': 32, 'J12': 20, 'J13': 28, 'cluster3106249630_3106249631_J60_J61_#5more': 36}, {'J10': 18, 'J11': 54, 'J12': 67, 'J13': 35, 'cluster3106249630_3106249631_J60_J61_#5more': 101}, 
4150.0, {'J10': -107308.0, 'J11': -385004.5, 'J12': -229187.5, 'J13': -63665.5, 'cluster3106249630_3106249631_J60_J61_#5more': -470968.5}, {'J10': 13, 'J11': 32, 'J12': 20, 'J13': 28, 'cluster3106249630_3106249631_J60_J61_#5more': 36}, {'J10': 18, 'J11': 54, 'J12': 67, 'J13': 35, 'cluster3106249630_3106249631_J60_J61_#5more': 101}, 
4155.0, {'J10': -107488.0, 'J11': -385544.5, 'J12': -229862.5, 'J13': -64015.5, 'cluster3106249630_3106249631_J60_J61_#5more': -471978.5}, {'J10': 13, 'J11': 32, 'J12': 20, 'J13': 28, 'cluster3106249630_3106249631_J60_J61_#5more': 36}, {'J10': 18, 'J11': 54, 'J12': 69, 'J13': 35, 'cluster3106249630_3106249631_J60_J61_#5more': 101}, 
4160.0, {'J10': -107668.0, 'J11': -386084.5, 'J12': -230560.0, 'J13': -64365.5, 'cluster3106249630_3106249631_J60_J61_#5more': -468196.5}, {'J10': 13, 'J11': 32, 'J12': 20, 'J13': 28, 'cluster3106249630_3106249631_J60_J61_#5more': 36}, {'J10': 18, 'J11': 54, 'J12': 71, 'J13': 35, 'cluster3106249630_3106249631_J60_J61_#5more': 100}, 
4165.0, {'J10': -107848.0, 'J11': -386624.5, 'J12': -231270.0, 'J13': -64715.5, 'cluster3106249630_3106249631_J60_J61_#5more': -458642.0}, {'J10': 13, 'J11': 32, 'J12': 20, 'J13': 28, 'cluster3106249630_3106249631_J60_J61_#5more': 36}, {'J10': 18, 'J11': 54, 'J12': 71, 'J13': 35, 'cluster3106249630_3106249631_J60_J61_#5more': 98}, 
4170.0, {'J10': -108028.0, 'J11': -387167.0, 'J12': -227575.0, 'J13': -62946.5, 'cluster3106249630_3106249631_J60_J61_#5more': -459622.0}, {'J10': 13, 'J11': 32, 'J12': 20, 'J13': 26, 'cluster3106249630_3106249631_J60_J61_#5more': 36}, {'J10': 18, 'J11': 55, 'J12': 69, 'J13': 33, 'cluster3106249630_3106249631_J60_J61_#5more': 98}, 
4175.0, {'J10': -108208.0, 'J11': -387721.5, 'J12': -227894.5, 'J13': -61140.0, 'cluster3106249630_3106249631_J60_J61_#5more': -460602.0}, {'J10': 13, 'J11': 32, 'J12': 20, 'J13': 24, 'cluster3106249630_3106249631_J60_J61_#5more': 36}, {'J10': 18, 'J11': 57, 'J12': 70, 'J13': 31, 'cluster3106249630_3106249631_J60_J61_#5more': 98}, 
4180.0, {'J10': -108388.0, 'J11': -388255.0, 'J12': -228600.0, 'J13': -61450.0, 'cluster3106249630_3106249631_J60_J61_#5more': -461582.0}, {'J10': 13, 'J11': 32, 'J12': 20, 'J13': 24, 'cluster3106249630_3106249631_J60_J61_#5more': 36}, {'J10': 18, 'J11': 55, 'J12': 73, 'J13': 31, 'cluster3106249630_3106249631_J60_J61_#5more': 98}, 
4185.0, {'J10': -108568.0, 'J11': -388784.5, 'J12': -229358.0, 'J13': -61760.0, 'cluster3106249630_3106249631_J60_J61_#5more': -462563.0}, {'J10': 13, 'J11': 32, 'J12': 20, 'J13': 24, 'cluster3106249630_3106249631_J60_J61_#5more': 36}, {'J10': 18, 'J11': 54, 'J12': 80, 'J13': 31, 'cluster3106249630_3106249631_J60_J61_#5more': 99}, 
4190.0, {'J10': -108748.0, 'J11': -389324.5, 'J12': -230158.0, 'J13': -62071.0, 'cluster3106249630_3106249631_J60_J61_#5more': -463557.5}, {'J10': 13, 'J11': 32, 'J12': 20, 'J13': 25, 'cluster3106249630_3106249631_J60_J61_#5more': 36}, {'J10': 18, 'J11': 54, 'J12': 80, 'J13': 32, 'cluster3106249630_3106249631_J60_J61_#5more': 100}, 
4195.0, {'J10': -108928.0, 'J11': -389866.5, 'J12': -229855.5, 'J13': -62398.5, 'cluster3106249630_3106249631_J60_J61_#5more': -464557.5}, {'J10': 13, 'J11': 32, 'J12': 20, 'J13': 27, 'cluster3106249630_3106249631_J60_J61_#5more': 36}, {'J10': 18, 'J11': 55, 'J12': 79, 'J13': 34, 'cluster3106249630_3106249631_J60_J61_#5more': 100}, 
4200.0, {'J10': -109108.0, 'J11': -390404.5, 'J12': -230645.5, 'J13': -62739.0, 'cluster3106249630_3106249631_J60_J61_#5more': -465557.5}, {'J10': 13, 'J11': 32, 'J12': 20, 'J13': 28, 'cluster3106249630_3106249631_J60_J61_#5more': 36}, {'J10': 18, 'J11': 54, 'J12': 79, 'J13': 35, 'cluster3106249630_3106249631_J60_J61_#5more': 100}, 
4205.0, {'J10': -109288.0, 'J11': -390944.5, 'J12': -231435.5, 'J13': -63089.0, 'cluster3106249630_3106249631_J60_J61_#5more': -466557.5}, {'J10': 13, 'J11': 32, 'J12': 20, 'J13': 28, 'cluster3106249630_3106249631_J60_J61_#5more': 36}, {'J10': 18, 'J11': 54, 'J12': 79, 'J13': 35, 'cluster3106249630_3106249631_J60_J61_#5more': 100}, 
4210.0, {'J10': -109468.0, 'J11': -391484.5, 'J12': -232225.5, 'J13': -63439.0, 'cluster3106249630_3106249631_J60_J61_#5more': -467557.5}, {'J10': 13, 'J11': 32, 'J12': 20, 'J13': 28, 'cluster3106249630_3106249631_J60_J61_#5more': 36}, {'J10': 18, 'J11': 54, 'J12': 79, 'J13': 35, 'cluster3106249630_3106249631_J60_J61_#5more': 100}, 
4215.0, {'J10': -109648.0, 'J11': -392024.5, 'J12': -233015.5, 'J13': -63789.0, 'cluster3106249630_3106249631_J60_J61_#5more': -468557.5}, {'J10': 13, 'J11': 32, 'J12': 20, 'J13': 28, 'cluster3106249630_3106249631_J60_J61_#5more': 36}, {'J10': 18, 'J11': 54, 'J12': 79, 'J13': 35, 'cluster3106249630_3106249631_J60_J61_#5more': 100}, 
4220.0, {'J10': -109828.0, 'J11': -392564.5, 'J12': -233805.5, 'J13': -64139.0, 'cluster3106249630_3106249631_J60_J61_#5more': -469557.5}, {'J10': 13, 'J11': 32, 'J12': 20, 'J13': 28, 'cluster3106249630_3106249631_J60_J61_#5more': 36}, {'J10': 18, 'J11': 54, 'J12': 79, 'J13': 35, 'cluster3106249630_3106249631_J60_J61_#5more': 100}, 
4225.0, {'J10': -110008.0, 'J11': -393104.5, 'J12': -234595.5, 'J13': -64489.0, 'cluster3106249630_3106249631_J60_J61_#5more': -470557.5}, {'J10': 13, 'J11': 32, 'J12': 20, 'J13': 28, 'cluster3106249630_3106249631_J60_J61_#5more': 36}, {'J10': 18, 'J11': 54, 'J12': 79, 'J13': 35, 'cluster3106249630_3106249631_J60_J61_#5more': 100}, 
4230.0, {'J10': -110188.0, 'J11': -393644.5, 'J12': -235385.5, 'J13': -64839.0, 'cluster3106249630_3106249631_J60_J61_#5more': -471557.5}, {'J10': 13, 'J11': 32, 'J12': 20, 'J13': 28, 'cluster3106249630_3106249631_J60_J61_#5more': 36}, {'J10': 18, 'J11': 54, 'J12': 79, 'J13': 35, 'cluster3106249630_3106249631_J60_J61_#5more': 100}, 
4235.0, {'J10': -110368.0, 'J11': -394184.5, 'J12': -235434.5, 'J13': -63072.5, 'cluster3106249630_3106249631_J60_J61_#5more': -467419.5}, {'J10': 13, 'J11': 32, 'J12': 20, 'J13': 26, 'cluster3106249630_3106249631_J60_J61_#5more': 36}, {'J10': 18, 'J11': 54, 'J12': 77, 'J13': 33, 'cluster3106249630_3106249631_J60_J61_#5more': 94}, 
4240.0, {'J10': -110548.0, 'J11': -394724.5, 'J12': -235456.5, 'J13': -61395.5, 'cluster3106249630_3106249631_J60_J61_#5more': -467598.5}, {'J10': 13, 'J11': 32, 'J12': 20, 'J13': 24, 'cluster3106249630_3106249631_J60_J61_#5more': 36}, {'J10': 18, 'J11': 54, 'J12': 75, 'J13': 31, 'cluster3106249630_3106249631_J60_J61_#5more': 93}, 
4245.0, {'J10': -110728.0, 'J11': -395264.5, 'J12': -236210.5, 'J13': -61705.5, 'cluster3106249630_3106249631_J60_J61_#5more': -468530.0}, {'J10': 13, 'J11': 32, 'J12': 20, 'J13': 24, 'cluster3106249630_3106249631_J60_J61_#5more': 36}, {'J10': 18, 'J11': 54, 'J12': 78, 'J13': 31, 'cluster3106249630_3106249631_J60_J61_#5more': 94}, 
4250.0, {'J10': -110908.0, 'J11': -395804.5, 'J12': -237002.5, 'J13': -62015.5, 'cluster3106249630_3106249631_J60_J61_#5more': -469492.0}, {'J10': 13, 'J11': 32, 'J12': 20, 'J13': 24, 'cluster3106249630_3106249631_J60_J61_#5more': 36}, {'J10': 18, 'J11': 54, 'J12': 81, 'J13': 31, 'cluster3106249630_3106249631_J60_J61_#5more': 102}, 
4255.0, {'J10': -111088.0, 'J11': -396344.5, 'J12': -236721.5, 'J13': -62327.0, 'cluster3106249630_3106249631_J60_J61_#5more': -470481.0}, {'J10': 13, 'J11': 32, 'J12': 20, 'J13': 25, 'cluster3106249630_3106249631_J60_J61_#5more': 36}, {'J10': 18, 'J11': 54, 'J12': 80, 'J13': 32, 'cluster3106249630_3106249631_J60_J61_#5more': 102}, 
4260.0, {'J10': -111268.0, 'J11': -396884.5, 'J12': -236290.0, 'J13': -62654.5, 'cluster3106249630_3106249631_J60_J61_#5more': -471455.5}, {'J10': 13, 'J11': 32, 'J12': 20, 'J13': 28, 'cluster3106249630_3106249631_J60_J61_#5more': 36}, {'J10': 18, 'J11': 54, 'J12': 79, 'J13': 35, 'cluster3106249630_3106249631_J60_J61_#5more': 100}, 
4265.0, {'J10': -111448.0, 'J11': -397424.5, 'J12': -237080.0, 'J13': -63004.5, 'cluster3106249630_3106249631_J60_J61_#5more': -472455.5}, {'J10': 13, 'J11': 32, 'J12': 20, 'J13': 28, 'cluster3106249630_3106249631_J60_J61_#5more': 36}, {'J10': 18, 'J11': 54, 'J12': 79, 'J13': 35, 'cluster3106249630_3106249631_J60_J61_#5more': 100}, 
4270.0, {'J10': -111628.0, 'J11': -397964.5, 'J12': -237870.0, 'J13': -63354.5, 'cluster3106249630_3106249631_J60_J61_#5more': -473455.5}, {'J10': 13, 'J11': 32, 'J12': 20, 'J13': 28, 'cluster3106249630_3106249631_J60_J61_#5more': 36}, {'J10': 18, 'J11': 54, 'J12': 79, 'J13': 35, 'cluster3106249630_3106249631_J60_J61_#5more': 100}, 
4275.0, {'J10': -111808.0, 'J11': -398504.5, 'J12': -238667.5, 'J13': -63704.5, 'cluster3106249630_3106249631_J60_J61_#5more': -474455.5}, {'J10': 13, 'J11': 32, 'J12': 20, 'J13': 28, 'cluster3106249630_3106249631_J60_J61_#5more': 36}, {'J10': 18, 'J11': 54, 'J12': 82, 'J13': 35, 'cluster3106249630_3106249631_J60_J61_#5more': 100}, 
4280.0, {'J10': -111988.0, 'J11': -399044.5, 'J12': -239492.5, 'J13': -64054.5, 'cluster3106249630_3106249631_J60_J61_#5more': -475455.5}, {'J10': 13, 'J11': 32, 'J12': 20, 'J13': 28, 'cluster3106249630_3106249631_J60_J61_#5more': 36}, {'J10': 18, 'J11': 54, 'J12': 83, 'J13': 35, 'cluster3106249630_3106249631_J60_J61_#5more': 100}, 
4285.0, {'J10': -112168.0, 'J11': -399584.5, 'J12': -240322.5, 'J13': -64404.5, 'cluster3106249630_3106249631_J60_J61_#5more': -476455.5}, {'J10': 13, 'J11': 32, 'J12': 20, 'J13': 28, 'cluster3106249630_3106249631_J60_J61_#5more': 36}, {'J10': 18, 'J11': 54, 'J12': 83, 'J13': 35, 'cluster3106249630_3106249631_J60_J61_#5more': 100}, 
4290.0, {'J10': -112348.0, 'J11': -400124.5, 'J12': -241152.5, 'J13': -64754.5, 'cluster3106249630_3106249631_J60_J61_#5more': -477455.5}, {'J10': 13, 'J11': 32, 'J12': 20, 'J13': 28, 'cluster3106249630_3106249631_J60_J61_#5more': 36}, {'J10': 18, 'J11': 54, 'J12': 83, 'J13': 35, 'cluster3106249630_3106249631_J60_J61_#5more': 100}, 
4295.0, {'J10': -112528.0, 'J11': -400664.5, 'J12': -241982.5, 'J13': -65104.5, 'cluster3106249630_3106249631_J60_J61_#5more': -478455.5}, {'J10': 13, 'J11': 32, 'J12': 20, 'J13': 28, 'cluster3106249630_3106249631_J60_J61_#5more': 36}, {'J10': 18, 'J11': 54, 'J12': 83, 'J13': 35, 'cluster3106249630_3106249631_J60_J61_#5more': 100}, 
4300.0, {'J10': -112708.0, 'J11': -401204.5, 'J12': -238762.5, 'J13': -61355.5, 'cluster3106249630_3106249631_J60_J61_#5more': -476326.5}, {'J10': 13, 'J11': 32, 'J12': 20, 'J13': 24, 'cluster3106249630_3106249631_J60_J61_#5more': 36}, {'J10': 18, 'J11': 54, 'J12': 79, 'J13': 31, 'cluster3106249630_3106249631_J60_J61_#5more': 96}, 
4305.0, {'J10': -112888.0, 'J11': -401744.5, 'J12': -239552.5, 'J13': -61665.5, 'cluster3106249630_3106249631_J60_J61_#5more': -476022.5}, {'J10': 13, 'J11': 32, 'J12': 20, 'J13': 24, 'cluster3106249630_3106249631_J60_J61_#5more': 36}, {'J10': 18, 'J11': 54, 'J12': 79, 'J13': 31, 'cluster3106249630_3106249631_J60_J61_#5more': 94}, 
4310.0, {'J10': -113068.0, 'J11': -402284.5, 'J12': -240344.0, 'J13': -61975.5, 'cluster3106249630_3106249631_J60_J61_#5more': -476962.5}, {'J10': 13, 'J11': 32, 'J12': 20, 'J13': 24, 'cluster3106249630_3106249631_J60_J61_#5more': 36}, {'J10': 18, 'J11': 54, 'J12': 81, 'J13': 31, 'cluster3106249630_3106249631_J60_J61_#5more': 94}, 
4315.0, {'J10': -113248.0, 'J11': -402824.5, 'J12': -241158.5, 'J13': -62285.5, 'cluster3106249630_3106249631_J60_J61_#5more': -477912.5}, {'J10': 13, 'J11': 32, 'J12': 20, 'J13': 24, 'cluster3106249630_3106249631_J60_J61_#5more': 36}, {'J10': 18, 'J11': 54, 'J12': 82, 'J13': 31, 'cluster3106249630_3106249631_J60_J61_#5more': 98}, 
4320.0, {'J10': -113428.0, 'J11': -403364.5, 'J12': -240797.0, 'J13': -62595.5, 'cluster3106249630_3106249631_J60_J61_#5more': -478897.0}, {'J10': 13, 'J11': 32, 'J12': 20, 'J13': 24, 'cluster3106249630_3106249631_J60_J61_#5more': 36}, {'J10': 18, 'J11': 54, 'J12': 80, 'J13': 31, 'cluster3106249630_3106249631_J60_J61_#5more': 99}, 
4325.0, {'J10': -113608.0, 'J11': -403904.5, 'J12': -240727.0, 'J13': -62920.0, 'cluster3106249630_3106249631_J60_J61_#5more': -479887.0}, {'J10': 13, 'J11': 32, 'J12': 20, 'J13': 28, 'cluster3106249630_3106249631_J60_J61_#5more': 36}, {'J10': 18, 'J11': 54, 'J12': 77, 'J13': 35, 'cluster3106249630_3106249631_J60_J61_#5more': 99}, 
4330.0, {'J10': -113788.0, 'J11': -404444.5, 'J12': -241497.0, 'J13': -63270.0, 'cluster3106249630_3106249631_J60_J61_#5more': -480881.5}, {'J10': 13, 'J11': 32, 'J12': 20, 'J13': 28, 'cluster3106249630_3106249631_J60_J61_#5more': 36}, {'J10': 18, 'J11': 54, 'J12': 77, 'J13': 35, 'cluster3106249630_3106249631_J60_J61_#5more': 100}, 
4335.0, {'J10': -113968.0, 'J11': -404984.5, 'J12': -240882.5, 'J13': -63620.0, 'cluster3106249630_3106249631_J60_J61_#5more': -481881.5}, {'J10': 13, 'J11': 32, 'J12': 20, 'J13': 28, 'cluster3106249630_3106249631_J60_J61_#5more': 36}, {'J10': 18, 'J11': 54, 'J12': 76, 'J13': 35, 'cluster3106249630_3106249631_J60_J61_#5more': 100}, 
4340.0, {'J10': -114148.0, 'J11': -405524.5, 'J12': -241642.5, 'J13': -63970.0, 'cluster3106249630_3106249631_J60_J61_#5more': -482881.5}, {'J10': 13, 'J11': 32, 'J12': 20, 'J13': 28, 'cluster3106249630_3106249631_J60_J61_#5more': 36}, {'J10': 18, 'J11': 54, 'J12': 76, 'J13': 35, 'cluster3106249630_3106249631_J60_J61_#5more': 100}, 
4345.0, {'J10': -114328.0, 'J11': -406064.5, 'J12': -242402.5, 'J13': -64320.0, 'cluster3106249630_3106249631_J60_J61_#5more': -483881.5}, {'J10': 13, 'J11': 32, 'J12': 20, 'J13': 28, 'cluster3106249630_3106249631_J60_J61_#5more': 36}, {'J10': 18, 'J11': 54, 'J12': 76, 'J13': 35, 'cluster3106249630_3106249631_J60_J61_#5more': 100}, 
4350.0, {'J10': -114508.0, 'J11': -406604.5, 'J12': -243162.5, 'J13': -64670.0, 'cluster3106249630_3106249631_J60_J61_#5more': -484881.5}, {'J10': 13, 'J11': 32, 'J12': 20, 'J13': 28, 'cluster3106249630_3106249631_J60_J61_#5more': 36}, {'J10': 18, 'J11': 54, 'J12': 76, 'J13': 35, 'cluster3106249630_3106249631_J60_J61_#5more': 100}, 
4355.0, {'J10': -114688.0, 'J11': -407144.5, 'J12': -243922.5, 'J13': -65020.0, 'cluster3106249630_3106249631_J60_J61_#5more': -485881.5}, {'J10': 13, 'J11': 32, 'J12': 20, 'J13': 28, 'cluster3106249630_3106249631_J60_J61_#5more': 36}, {'J10': 18, 'J11': 54, 'J12': 76, 'J13': 35, 'cluster3106249630_3106249631_J60_J61_#5more': 100}, 
4360.0, {'J10': -114868.0, 'J11': -407684.5, 'J12': -244682.5, 'J13': -65370.0, 'cluster3106249630_3106249631_J60_J61_#5more': -486881.5}, {'J10': 13, 'J11': 32, 'J12': 20, 'J13': 28, 'cluster3106249630_3106249631_J60_J61_#5more': 36}, {'J10': 18, 'J11': 54, 'J12': 76, 'J13': 35, 'cluster3106249630_3106249631_J60_J61_#5more': 100}, 
4365.0, {'J10': -115048.0, 'J11': -408225.5, 'J12': -242555.0, 'J13': -63606.5, 'cluster3106249630_3106249631_J60_J61_#5more': -484274.5}, {'J10': 13, 'J11': 32, 'J12': 20, 'J13': 26, 'cluster3106249630_3106249631_J60_J61_#5more': 36}, {'J10': 18, 'J11': 55, 'J12': 72, 'J13': 33, 'cluster3106249630_3106249631_J60_J61_#5more': 95}, 
4370.0, {'J10': -115228.0, 'J11': -408775.5, 'J12': -242894.5, 'J13': -62044.5, 'cluster3106249630_3106249631_J60_J61_#5more': -484722.5}, {'J10': 13, 'J11': 32, 'J12': 20, 'J13': 24, 'cluster3106249630_3106249631_J60_J61_#5more': 36}, {'J10': 18, 'J11': 55, 'J12': 71, 'J13': 31, 'cluster3106249630_3106249631_J60_J61_#5more': 94}, 
4375.0, {'J10': -115408.0, 'J11': -409325.5, 'J12': -243606.0, 'J13': -62354.5, 'cluster3106249630_3106249631_J60_J61_#5more': -485662.5}, {'J10': 13, 'J11': 32, 'J12': 20, 'J13': 24, 'cluster3106249630_3106249631_J60_J61_#5more': 36}, {'J10': 18, 'J11': 55, 'J12': 73, 'J13': 31, 'cluster3106249630_3106249631_J60_J61_#5more': 94}, 
4380.0, {'J10': -115588.0, 'J11': -409844.5, 'J12': -244344.5, 'J13': -62664.5, 'cluster3106249630_3106249631_J60_J61_#5more': -486613.0}, {'J10': 13, 'J11': 32, 'J12': 20, 'J13': 24, 'cluster3106249630_3106249631_J60_J61_#5more': 36}, {'J10': 18, 'J11': 54, 'J12': 75, 'J13': 31, 'cluster3106249630_3106249631_J60_J61_#5more': 98}, 
4385.0, {'J10': -115768.0, 'J11': -410384.5, 'J12': -245094.5, 'J13': -62974.5, 'cluster3106249630_3106249631_J60_J61_#5more': -487597.5}, {'J10': 13, 'J11': 32, 'J12': 20, 'J13': 24, 'cluster3106249630_3106249631_J60_J61_#5more': 36}, {'J10': 18, 'J11': 54, 'J12': 75, 'J13': 31, 'cluster3106249630_3106249631_J60_J61_#5more': 99}, 
4390.0, {'J10': -115948.0, 'J11': -410924.5, 'J12': -244989.5, 'J13': -63299.5, 'cluster3106249630_3106249631_J60_J61_#5more': -488588.5}, {'J10': 13, 'J11': 32, 'J12': 20, 'J13': 28, 'cluster3106249630_3106249631_J60_J61_#5more': 36}, {'J10': 18, 'J11': 54, 'J12': 73, 'J13': 35, 'cluster3106249630_3106249631_J60_J61_#5more': 100}, 
4395.0, {'J10': -116128.0, 'J11': -411464.5, 'J12': -245719.5, 'J13': -63649.5, 'cluster3106249630_3106249631_J60_J61_#5more': -489588.5}, {'J10': 13, 'J11': 32, 'J12': 20, 'J13': 28, 'cluster3106249630_3106249631_J60_J61_#5more': 36}, {'J10': 18, 'J11': 54, 'J12': 73, 'J13': 35, 'cluster3106249630_3106249631_J60_J61_#5more': 100}, 
4400.0, {'J10': -116308.0, 'J11': -412004.5, 'J12': -246451.0, 'J13': -63999.5, 'cluster3106249630_3106249631_J60_J61_#5more': -490588.5}, {'J10': 13, 'J11': 32, 'J12': 20, 'J13': 28, 'cluster3106249630_3106249631_J60_J61_#5more': 36}, {'J10': 18, 'J11': 54, 'J12': 74, 'J13': 35, 'cluster3106249630_3106249631_J60_J61_#5more': 100}, 
4405.0, {'J10': -116488.0, 'J11': -412544.5, 'J12': -245777.0, 'J13': -64349.5, 'cluster3106249630_3106249631_J60_J61_#5more': -491588.5}, {'J10': 13, 'J11': 32, 'J12': 20, 'J13': 28, 'cluster3106249630_3106249631_J60_J61_#5more': 36}, {'J10': 18, 'J11': 54, 'J12': 73, 'J13': 35, 'cluster3106249630_3106249631_J60_J61_#5more': 100}, 
4410.0, {'J10': -116668.0, 'J11': -413084.5, 'J12': -246233.5, 'J13': -64699.5, 'cluster3106249630_3106249631_J60_J61_#5more': -492588.5}, {'J10': 13, 'J11': 32, 'J12': 20, 'J13': 28, 'cluster3106249630_3106249631_J60_J61_#5more': 36}, {'J10': 18, 'J11': 54, 'J12': 72, 'J13': 35, 'cluster3106249630_3106249631_J60_J61_#5more': 100}, 
4415.0, {'J10': -116848.0, 'J11': -413624.5, 'J12': -246953.5, 'J13': -65049.5, 'cluster3106249630_3106249631_J60_J61_#5more': -493588.5}, {'J10': 13, 'J11': 32, 'J12': 20, 'J13': 28, 'cluster3106249630_3106249631_J60_J61_#5more': 36}, {'J10': 18, 'J11': 54, 'J12': 72, 'J13': 35, 'cluster3106249630_3106249631_J60_J61_#5more': 100}, 
4420.0, {'J10': -117028.0, 'J11': -414164.5, 'J12': -247683.0, 'J13': -65399.5, 'cluster3106249630_3106249631_J60_J61_#5more': -494588.5}, {'J10': 13, 'J11': 32, 'J12': 20, 'J13': 28, 'cluster3106249630_3106249631_J60_J61_#5more': 36}, {'J10': 18, 'J11': 54, 'J12': 77, 'J13': 35, 'cluster3106249630_3106249631_J60_J61_#5more': 100}, 
4425.0, {'J10': -117208.0, 'J11': -414704.5, 'J12': -248456.0, 'J13': -65749.5, 'cluster3106249630_3106249631_J60_J61_#5more': -495588.5}, {'J10': 13, 'J11': 32, 'J12': 20, 'J13': 28, 'cluster3106249630_3106249631_J60_J61_#5more': 36}, {'J10': 18, 'J11': 54, 'J12': 79, 'J13': 35, 'cluster3106249630_3106249631_J60_J61_#5more': 100}, 
4430.0, {'J10': -117388.0, 'J11': -415244.5, 'J12': -248258.0, 'J13': -63246.0, 'cluster3106249630_3106249631_J60_J61_#5more': -494003.0}, {'J10': 13, 'J11': 32, 'J12': 20, 'J13': 25, 'cluster3106249630_3106249631_J60_J61_#5more': 36}, {'J10': 18, 'J11': 54, 'J12': 77, 'J13': 32, 'cluster3106249630_3106249631_J60_J61_#5more': 95}, 
4435.0, {'J10': -117568.0, 'J11': -415784.5, 'J12': -248273.0, 'J13': -62692.0, 'cluster3106249630_3106249631_J60_J61_#5more': -494581.0}, {'J10': 13, 'J11': 32, 'J12': 20, 'J13': 24, 'cluster3106249630_3106249631_J60_J61_#5more': 36}, {'J10': 18, 'J11': 54, 'J12': 75, 'J13': 31, 'cluster3106249630_3106249631_J60_J61_#5more': 94}, 
4440.0, {'J10': -117748.0, 'J11': -416324.5, 'J12': -249028.5, 'J13': -63002.0, 'cluster3106249630_3106249631_J60_J61_#5more': -495521.0}, {'J10': 13, 'J11': 32, 'J12': 20, 'J13': 24, 'cluster3106249630_3106249631_J60_J61_#5more': 36}, {'J10': 18, 'J11': 54, 'J12': 77, 'J13': 31, 'cluster3106249630_3106249631_J60_J61_#5more': 94}, 
4445.0, {'J10': -117928.0, 'J11': -416864.5, 'J12': -249811.5, 'J13': -63312.0, 'cluster3106249630_3106249631_J60_J61_#5more': -496468.0}, {'J10': 13, 'J11': 32, 'J12': 20, 'J13': 24, 'cluster3106249630_3106249631_J60_J61_#5more': 36}, {'J10': 18, 'J11': 54, 'J12': 80, 'J13': 31, 'cluster3106249630_3106249631_J60_J61_#5more': 97}, 
4450.0, {'J10': -118108.0, 'J11': -417404.5, 'J12': -249138.5, 'J13': -63622.0, 'cluster3106249630_3106249631_J60_J61_#5more': -497443.5}, {'J10': 13, 'J11': 32, 'J12': 20, 'J13': 24, 'cluster3106249630_3106249631_J60_J61_#5more': 36}, {'J10': 18, 'J11': 54, 'J12': 79, 'J13': 31, 'cluster3106249630_3106249631_J60_J61_#5more': 99}, 
4455.0, {'J10': -118288.0, 'J11': -417944.5, 'J12': -248176.5, 'J13': -63942.0, 'cluster3106249630_3106249631_J60_J61_#5more': -498436.0}, {'J10': 13, 'J11': 32, 'J12': 20, 'J13': 27, 'cluster3106249630_3106249631_J60_J61_#5more': 36}, {'J10': 18, 'J11': 54, 'J12': 77, 'J13': 34, 'cluster3106249630_3106249631_J60_J61_#5more': 100}, 
4460.0, {'J10': -118468.0, 'J11': -418484.5, 'J12': -248581.5, 'J13': -64286.5, 'cluster3106249630_3106249631_J60_J61_#5more': -499436.0}, {'J10': 13, 'J11': 32, 'J12': 20, 'J13': 28, 'cluster3106249630_3106249631_J60_J61_#5more': 36}, {'J10': 18, 'J11': 54, 'J12': 76, 'J13': 35, 'cluster3106249630_3106249631_J60_J61_#5more': 100}, 
4465.0, {'J10': -118648.0, 'J11': -419024.5, 'J12': -249341.5, 'J13': -64636.5, 'cluster3106249630_3106249631_J60_J61_#5more': -500436.0}, {'J10': 13, 'J11': 32, 'J12': 20, 'J13': 28, 'cluster3106249630_3106249631_J60_J61_#5more': 36}, {'J10': 18, 'J11': 54, 'J12': 76, 'J13': 35, 'cluster3106249630_3106249631_J60_J61_#5more': 100}, 
4470.0, {'J10': -118828.0, 'J11': -419564.5, 'J12': -249709.0, 'J13': -64986.5, 'cluster3106249630_3106249631_J60_J61_#5more': -501436.0}, {'J10': 13, 'J11': 32, 'J12': 20, 'J13': 28, 'cluster3106249630_3106249631_J60_J61_#5more': 36}, {'J10': 18, 'J11': 54, 'J12': 75, 'J13': 35, 'cluster3106249630_3106249631_J60_J61_#5more': 100}, 
4475.0, {'J10': -119008.0, 'J11': -420104.5, 'J12': -250460.0, 'J13': -65336.5, 'cluster3106249630_3106249631_J60_J61_#5more': -502436.0}, {'J10': 13, 'J11': 32, 'J12': 20, 'J13': 28, 'cluster3106249630_3106249631_J60_J61_#5more': 36}, {'J10': 18, 'J11': 54, 'J12': 76, 'J13': 35, 'cluster3106249630_3106249631_J60_J61_#5more': 100}, 
4480.0, {'J10': -119188.0, 'J11': -420644.5, 'J12': -251220.0, 'J13': -65686.5, 'cluster3106249630_3106249631_J60_J61_#5more': -503436.0}, {'J10': 13, 'J11': 32, 'J12': 20, 'J13': 28, 'cluster3106249630_3106249631_J60_J61_#5more': 36}, {'J10': 18, 'J11': 54, 'J12': 76, 'J13': 35, 'cluster3106249630_3106249631_J60_J61_#5more': 100}, 
4485.0, {'J10': -119368.0, 'J11': -421184.5, 'J12': -251991.0, 'J13': -66036.5, 'cluster3106249630_3106249631_J60_J61_#5more': -504436.0}, {'J10': 13, 'J11': 32, 'J12': 20, 'J13': 28, 'cluster3106249630_3106249631_J60_J61_#5more': 36}, {'J10': 18, 'J11': 54, 'J12': 80, 'J13': 35, 'cluster3106249630_3106249631_J60_J61_#5more': 100}, 
4490.0, {'J10': -119548.0, 'J11': -421724.5, 'J12': -252800.5, 'J13': -66386.5, 'cluster3106249630_3106249631_J60_J61_#5more': -493596.5}, {'J10': 13, 'J11': 32, 'J12': 20, 'J13': 28, 'cluster3106249630_3106249631_J60_J61_#5more': 36}, {'J10': 18, 'J11': 54, 'J12': 82, 'J13': 35, 'cluster3106249630_3106249631_J60_J61_#5more': 98}, 
4495.0, {'J10': -119728.0, 'J11': -422264.5, 'J12': -250718.0, 'J13': -64750.0, 'cluster3106249630_3106249631_J60_J61_#5more': -494576.5}, {'J10': 13, 'J11': 32, 'J12': 20, 'J13': 26, 'cluster3106249630_3106249631_J60_J61_#5more': 36}, {'J10': 18, 'J11': 54, 'J12': 78, 'J13': 33, 'cluster3106249630_3106249631_J60_J61_#5more': 98}, 
4500.0, {'J10': -119908.0, 'J11': -422804.5, 'J12': -251307.5, 'J13': -64199.0, 'cluster3106249630_3106249631_J60_J61_#5more': -495556.5}, {'J10': 13, 'J11': 32, 'J12': 20, 'J13': 25, 'cluster3106249630_3106249631_J60_J61_#5more': 36}, {'J10': 18, 'J11': 54, 'J12': 78, 'J13': 32, 'cluster3106249630_3106249631_J60_J61_#5more': 98}, 
4505.0, {'J10': -120088.0, 'J11': -423344.5, 'J12': -252088.5, 'J13': -64519.0, 'cluster3106249630_3106249631_J60_J61_#5more': -496536.5}, {'J10': 13, 'J11': 32, 'J12': 20, 'J13': 25, 'cluster3106249630_3106249631_J60_J61_#5more': 36}, {'J10': 18, 'J11': 54, 'J12': 80, 'J13': 32, 'cluster3106249630_3106249631_J60_J61_#5more': 98}, 
4510.0, {'J10': -120268.0, 'J11': -423884.5, 'J12': -252896.5, 'J13': -64839.0, 'cluster3106249630_3106249631_J60_J61_#5more': -497516.5}, {'J10': 13, 'J11': 32, 'J12': 20, 'J13': 25, 'cluster3106249630_3106249631_J60_J61_#5more': 36}, {'J10': 18, 'J11': 54, 'J12': 82, 'J13': 32, 'cluster3106249630_3106249631_J60_J61_#5more': 98}, 
4515.0, {'J10': -120448.0, 'J11': -424424.5, 'J12': -252975.0, 'J13': -65159.0, 'cluster3106249630_3106249631_J60_J61_#5more': -486563.5}, {'J10': 13, 'J11': 32, 'J12': 20, 'J13': 25, 'cluster3106249630_3106249631_J60_J61_#5more': 36}, {'J10': 18, 'J11': 54, 'J12': 81, 'J13': 32, 'cluster3106249630_3106249631_J60_J61_#5more': 98}, 
4520.0, {'J10': -120628.0, 'J11': -424964.5, 'J12': -253785.0, 'J13': -65489.0, 'cluster3106249630_3106249631_J60_J61_#5more': -487543.5}, {'J10': 13, 'J11': 32, 'J12': 20, 'J13': 28, 'cluster3106249630_3106249631_J60_J61_#5more': 36}, {'J10': 18, 'J11': 54, 'J12': 81, 'J13': 35, 'cluster3106249630_3106249631_J60_J61_#5more': 98}, 
4525.0, {'J10': -120808.0, 'J11': -425504.5, 'J12': -254595.0, 'J13': -65839.0, 'cluster3106249630_3106249631_J60_J61_#5more': -488523.5}, {'J10': 13, 'J11': 32, 'J12': 20, 'J13': 28, 'cluster3106249630_3106249631_J60_J61_#5more': 36}, {'J10': 18, 'J11': 54, 'J12': 81, 'J13': 35, 'cluster3106249630_3106249631_J60_J61_#5more': 98}, 
4530.0, {'J10': -120988.0, 'J11': -426044.5, 'J12': -255405.0, 'J13': -66189.0, 'cluster3106249630_3106249631_J60_J61_#5more': -489503.5}, {'J10': 13, 'J11': 32, 'J12': 20, 'J13': 28, 'cluster3106249630_3106249631_J60_J61_#5more': 36}, {'J10': 18, 'J11': 54, 'J12': 81, 'J13': 35, 'cluster3106249630_3106249631_J60_J61_#5more': 98}, 
4535.0, {'J10': -121168.0, 'J11': -426584.5, 'J12': -256217.0, 'J13': -66539.0, 'cluster3106249630_3106249631_J60_J61_#5more': -490483.5}, {'J10': 13, 'J11': 32, 'J12': 20, 'J13': 28, 'cluster3106249630_3106249631_J60_J61_#5more': 36}, {'J10': 18, 'J11': 54, 'J12': 82, 'J13': 35, 'cluster3106249630_3106249631_J60_J61_#5more': 98}, 
4540.0, {'J10': -121348.0, 'J11': -427124.5, 'J12': -257037.0, 'J13': -66889.0, 'cluster3106249630_3106249631_J60_J61_#5more': -491471.5}, {'J10': 13, 'J11': 32, 'J12': 20, 'J13': 28, 'cluster3106249630_3106249631_J60_J61_#5more': 36}, {'J10': 18, 'J11': 54, 'J12': 82, 'J13': 35, 'cluster3106249630_3106249631_J60_J61_#5more': 100}, 
4545.0, {'J10': -121528.0, 'J11': -427664.5, 'J12': -257857.0, 'J13': -67239.0, 'cluster3106249630_3106249631_J60_J61_#5more': -492471.5}, {'J10': 13, 'J11': 32, 'J12': 20, 'J13': 28, 'cluster3106249630_3106249631_J60_J61_#5more': 36}, {'J10': 18, 'J11': 54, 'J12': 82, 'J13': 35, 'cluster3106249630_3106249631_J60_J61_#5more': 100}, 
4550.0, {'J10': -121708.0, 'J11': -428204.5, 'J12': -258677.0, 'J13': -67589.0, 'cluster3106249630_3106249631_J60_J61_#5more': -493471.5}, {'J10': 13, 'J11': 32, 'J12': 20, 'J13': 28, 'cluster3106249630_3106249631_J60_J61_#5more': 36}, {'J10': 18, 'J11': 54, 'J12': 82, 'J13': 35, 'cluster3106249630_3106249631_J60_J61_#5more': 100}, 
4555.0, {'J10': -121888.0, 'J11': -428744.5, 'J12': -259497.0, 'J13': -67939.0, 'cluster3106249630_3106249631_J60_J61_#5more': -494471.5}, {'J10': 13, 'J11': 32, 'J12': 20, 'J13': 28, 'cluster3106249630_3106249631_J60_J61_#5more': 36}, {'J10': 18, 'J11': 54, 'J12': 82, 'J13': 35, 'cluster3106249630_3106249631_J60_J61_#5more': 100}, 
4560.0, {'J10': -122068.0, 'J11': -429284.5, 'J12': -259211.5, 'J13': -66430.0, 'cluster3106249630_3106249631_J60_J61_#5more': -491758.0}, {'J10': 13, 'J11': 32, 'J12': 20, 'J13': 26, 'cluster3106249630_3106249631_J60_J61_#5more': 36}, {'J10': 18, 'J11': 54, 'J12': 79, 'J13': 33, 'cluster3106249630_3106249631_J60_J61_#5more': 94}, 
4565.0, {'J10': -122248.0, 'J11': -429824.5, 'J12': -259627.0, 'J13': -64883.5, 'cluster3106249630_3106249631_J60_J61_#5more': -492698.5}, {'J10': 13, 'J11': 32, 'J12': 20, 'J13': 24, 'cluster3106249630_3106249631_J60_J61_#5more': 36}, {'J10': 18, 'J11': 54, 'J12': 78, 'J13': 31, 'cluster3106249630_3106249631_J60_J61_#5more': 95}, 
4570.0, {'J10': -122428.0, 'J11': -430364.5, 'J12': -260412.5, 'J13': -65193.5, 'cluster3106249630_3106249631_J60_J61_#5more': -493655.5}, {'J10': 13, 'J11': 32, 'J12': 20, 'J13': 24, 'cluster3106249630_3106249631_J60_J61_#5more': 36}, {'J10': 18, 'J11': 54, 'J12': 80, 'J13': 31, 'cluster3106249630_3106249631_J60_J61_#5more': 98}, 
4575.0, {'J10': -122608.0, 'J11': -430904.5, 'J12': -261226.0, 'J13': -65503.5, 'cluster3106249630_3106249631_J60_J61_#5more': -494609.5}, {'J10': 13, 'J11': 32, 'J12': 20, 'J13': 24, 'cluster3106249630_3106249631_J60_J61_#5more': 36}, {'J10': 18, 'J11': 54, 'J12': 83, 'J13': 31, 'cluster3106249630_3106249631_J60_J61_#5more': 100}, 
4580.0, {'J10': -122788.0, 'J11': -431444.5, 'J12': -261202.5, 'J13': -65814.5, 'cluster3106249630_3106249631_J60_J61_#5more': -495566.5}, {'J10': 13, 'J11': 32, 'J12': 20, 'J13': 25, 'cluster3106249630_3106249631_J60_J61_#5more': 36}, {'J10': 18, 'J11': 54, 'J12': 82, 'J13': 32, 'cluster3106249630_3106249631_J60_J61_#5more': 98}, 
4585.0, {'J10': -122968.0, 'J11': -431984.5, 'J12': -261024.5, 'J13': -66142.0, 'cluster3106249630_3106249631_J60_J61_#5more': -496549.0}, {'J10': 13, 'J11': 32, 'J12': 20, 'J13': 28, 'cluster3106249630_3106249631_J60_J61_#5more': 36}, {'J10': 18, 'J11': 54, 'J12': 79, 'J13': 35, 'cluster3106249630_3106249631_J60_J61_#5more': 100}, 
4590.0, {'J10': -123148.0, 'J11': -432524.5, 'J12': -261814.5, 'J13': -66492.0, 'cluster3106249630_3106249631_J60_J61_#5more': -497549.0}, {'J10': 13, 'J11': 32, 'J12': 20, 'J13': 28, 'cluster3106249630_3106249631_J60_J61_#5more': 36}, {'J10': 18, 'J11': 54, 'J12': 79, 'J13': 35, 'cluster3106249630_3106249631_J60_J61_#5more': 100}, 
4595.0, {'J10': -123328.0, 'J11': -433064.5, 'J12': -262605.5, 'J13': -66842.0, 'cluster3106249630_3106249631_J60_J61_#5more': -498549.0}, {'J10': 13, 'J11': 32, 'J12': 20, 'J13': 28, 'cluster3106249630_3106249631_J60_J61_#5more': 36}, {'J10': 18, 'J11': 54, 'J12': 80, 'J13': 35, 'cluster3106249630_3106249631_J60_J61_#5more': 100}, 
4600.0, {'J10': -123508.0, 'J11': -433604.5, 'J12': -262516.0, 'J13': -67192.0, 'cluster3106249630_3106249631_J60_J61_#5more': -499549.0}, {'J10': 13, 'J11': 32, 'J12': 20, 'J13': 28, 'cluster3106249630_3106249631_J60_J61_#5more': 36}, {'J10': 18, 'J11': 54, 'J12': 80, 'J13': 35, 'cluster3106249630_3106249631_J60_J61_#5more': 100}, 
4605.0, {'J10': -123688.0, 'J11': -434144.5, 'J12': -263316.0, 'J13': -67542.0, 'cluster3106249630_3106249631_J60_J61_#5more': -500549.0}, {'J10': 13, 'J11': 32, 'J12': 20, 'J13': 28, 'cluster3106249630_3106249631_J60_J61_#5more': 36}, {'J10': 18, 'J11': 54, 'J12': 80, 'J13': 35, 'cluster3106249630_3106249631_J60_J61_#5more': 100}, 
4610.0, {'J10': -123868.0, 'J11': -434684.5, 'J12': -264116.0, 'J13': -67892.0, 'cluster3106249630_3106249631_J60_J61_#5more': -501549.0}, {'J10': 13, 'J11': 32, 'J12': 20, 'J13': 28, 'cluster3106249630_3106249631_J60_J61_#5more': 36}, {'J10': 18, 'J11': 54, 'J12': 80, 'J13': 35, 'cluster3106249630_3106249631_J60_J61_#5more': 100}, 
4615.0, {'J10': -124048.0, 'J11': -435224.5, 'J12': -264917.0, 'J13': -68242.0, 'cluster3106249630_3106249631_J60_J61_#5more': -502549.0}, {'J10': 13, 'J11': 32, 'J12': 20, 'J13': 28, 'cluster3106249630_3106249631_J60_J61_#5more': 36}, {'J10': 18, 'J11': 54, 'J12': 81, 'J13': 35, 'cluster3106249630_3106249631_J60_J61_#5more': 100}, 
4620.0, {'J10': -124228.0, 'J11': -435764.5, 'J12': -265727.0, 'J13': -68592.0, 'cluster3106249630_3106249631_J60_J61_#5more': -503549.0}, {'J10': 13, 'J11': 32, 'J12': 20, 'J13': 28, 'cluster3106249630_3106249631_J60_J61_#5more': 36}, {'J10': 18, 'J11': 54, 'J12': 81, 'J13': 35, 'cluster3106249630_3106249631_J60_J61_#5more': 100}, 
4625.0, {'J10': -124408.0, 'J11': -436304.5, 'J12': -263893.0, 'J13': -67078.5, 'cluster3106249630_3106249631_J60_J61_#5more': -501473.5}, {'J10': 13, 'J11': 32, 'J12': 20, 'J13': 26, 'cluster3106249630_3106249631_J60_J61_#5more': 36}, {'J10': 18, 'J11': 54, 'J12': 77, 'J13': 33, 'cluster3106249630_3106249631_J60_J61_#5more': 95}, 
4630.0, {'J10': -124588.0, 'J11': -436844.5, 'J12': -264289.0, 'J13': -66534.0, 'cluster3106249630_3106249631_J60_J61_#5more': -501921.0}, {'J10': 13, 'J11': 32, 'J12': 20, 'J13': 25, 'cluster3106249630_3106249631_J60_J61_#5more': 36}, {'J10': 18, 'J11': 54, 'J12': 76, 'J13': 32, 'cluster3106249630_3106249631_J60_J61_#5more': 94}, 
4635.0, {'J10': -124768.0, 'J11': -437384.5, 'J12': -265050.0, 'J13': -66854.0, 'cluster3106249630_3106249631_J60_J61_#5more': -502861.0}, {'J10': 13, 'J11': 32, 'J12': 20, 'J13': 25, 'cluster3106249630_3106249631_J60_J61_#5more': 36}, {'J10': 18, 'J11': 54, 'J12': 78, 'J13': 32, 'cluster3106249630_3106249631_J60_J61_#5more': 94}, 
4640.0, {'J10': -124948.0, 'J11': -437924.5, 'J12': -265838.0, 'J13': -67174.0, 'cluster3106249630_3106249631_J60_J61_#5more': -503810.0}, {'J10': 13, 'J11': 32, 'J12': 20, 'J13': 25, 'cluster3106249630_3106249631_J60_J61_#5more': 36}, {'J10': 18, 'J11': 54, 'J12': 80, 'J13': 32, 'cluster3106249630_3106249631_J60_J61_#5more': 98}, 
4645.0, {'J10': -125128.0, 'J11': -438464.5, 'J12': -266638.0, 'J13': -67494.5, 'cluster3106249630_3106249631_J60_J61_#5more': -504797.5}, {'J10': 13, 'J11': 32, 'J12': 20, 'J13': 26, 'cluster3106249630_3106249631_J60_J61_#5more': 36}, {'J10': 18, 'J11': 54, 'J12': 80, 'J13': 33, 'cluster3106249630_3106249631_J60_J61_#5more': 100}, 
4650.0, {'J10': -125308.0, 'J11': -439004.5, 'J12': -267438.0, 'J13': -67832.5, 'cluster3106249630_3106249631_J60_J61_#5more': -505797.5}, {'J10': 13, 'J11': 32, 'J12': 20, 'J13': 28, 'cluster3106249630_3106249631_J60_J61_#5more': 36}, {'J10': 18, 'J11': 54, 'J12': 80, 'J13': 35, 'cluster3106249630_3106249631_J60_J61_#5more': 100}, 
4655.0, {'J10': -125488.0, 'J11': -439544.5, 'J12': -267243.5, 'J13': -68182.5, 'cluster3106249630_3106249631_J60_J61_#5more': -506797.5}, {'J10': 13, 'J11': 32, 'J12': 20, 'J13': 28, 'cluster3106249630_3106249631_J60_J61_#5more': 36}, {'J10': 18, 'J11': 54, 'J12': 79, 'J13': 35, 'cluster3106249630_3106249631_J60_J61_#5more': 100}, 
4660.0, {'J10': -125668.0, 'J11': -440084.5, 'J12': -267553.0, 'J13': -68532.5, 'cluster3106249630_3106249631_J60_J61_#5more': -507797.5}, {'J10': 13, 'J11': 32, 'J12': 20, 'J13': 28, 'cluster3106249630_3106249631_J60_J61_#5more': 36}, {'J10': 18, 'J11': 54, 'J12': 78, 'J13': 35, 'cluster3106249630_3106249631_J60_J61_#5more': 100}, 
4665.0, {'J10': -125848.0, 'J11': -440624.5, 'J12': -268333.0, 'J13': -68882.5, 'cluster3106249630_3106249631_J60_J61_#5more': -508797.5}, {'J10': 13, 'J11': 32, 'J12': 20, 'J13': 28, 'cluster3106249630_3106249631_J60_J61_#5more': 36}, {'J10': 18, 'J11': 54, 'J12': 78, 'J13': 35, 'cluster3106249630_3106249631_J60_J61_#5more': 100}, 
4670.0, {'J10': -126028.0, 'J11': -441164.5, 'J12': -269113.0, 'J13': -69232.5, 'cluster3106249630_3106249631_J60_J61_#5more': -509797.5}, {'J10': 13, 'J11': 32, 'J12': 20, 'J13': 28, 'cluster3106249630_3106249631_J60_J61_#5more': 36}, {'J10': 18, 'J11': 54, 'J12': 78, 'J13': 35, 'cluster3106249630_3106249631_J60_J61_#5more': 100}, 
4675.0, {'J10': -126208.0, 'J11': -441704.5, 'J12': -269893.0, 'J13': -69582.5, 'cluster3106249630_3106249631_J60_J61_#5more': -510797.5}, {'J10': 13, 'J11': 32, 'J12': 20, 'J13': 28, 'cluster3106249630_3106249631_J60_J61_#5more': 36}, {'J10': 18, 'J11': 54, 'J12': 78, 'J13': 35, 'cluster3106249630_3106249631_J60_J61_#5more': 100}, 
4680.0, {'J10': -126388.0, 'J11': -442244.5, 'J12': -270678.0, 'J13': -69932.5, 'cluster3106249630_3106249631_J60_J61_#5more': -511797.5}, {'J10': 13, 'J11': 32, 'J12': 20, 'J13': 28, 'cluster3106249630_3106249631_J60_J61_#5more': 36}, {'J10': 18, 'J11': 54, 'J12': 79, 'J13': 35, 'cluster3106249630_3106249631_J60_J61_#5more': 100}, 
4685.0, {'J10': -126568.0, 'J11': -442784.5, 'J12': -271468.0, 'J13': -70282.5, 'cluster3106249630_3106249631_J60_J61_#5more': -512797.5}, {'J10': 13, 'J11': 32, 'J12': 20, 'J13': 28, 'cluster3106249630_3106249631_J60_J61_#5more': 36}, {'J10': 18, 'J11': 54, 'J12': 79, 'J13': 35, 'cluster3106249630_3106249631_J60_J61_#5more': 100}, 
4690.0, {'J10': -126748.0, 'J11': -443324.5, 'J12': -271517.0, 'J13': -68768.0, 'cluster3106249630_3106249631_J60_J61_#5more': -513797.5}, {'J10': 13, 'J11': 32, 'J12': 20, 'J13': 26, 'cluster3106249630_3106249631_J60_J61_#5more': 36}, {'J10': 18, 'J11': 54, 'J12': 77, 'J13': 33, 'cluster3106249630_3106249631_J60_J61_#5more': 100}, 
4695.0, {'J10': -126928.0, 'J11': -443864.5, 'J12': -272287.0, 'J13': -67233.5, 'cluster3106249630_3106249631_J60_J61_#5more': -514797.5}, {'J10': 13, 'J11': 32, 'J12': 20, 'J13': 24, 'cluster3106249630_3106249631_J60_J61_#5more': 36}, {'J10': 18, 'J11': 54, 'J12': 77, 'J13': 31, 'cluster3106249630_3106249631_J60_J61_#5more': 100}, 
4700.0, {'J10': -127108.0, 'J11': -444404.5, 'J12': -273063.0, 'J13': -67543.5, 'cluster3106249630_3106249631_J60_J61_#5more': -515797.5}, {'J10': 13, 'J11': 32, 'J12': 20, 'J13': 24, 'cluster3106249630_3106249631_J60_J61_#5more': 36}, {'J10': 18, 'J11': 54, 'J12': 79, 'J13': 31, 'cluster3106249630_3106249631_J60_J61_#5more': 100}, 
4705.0, {'J10': -127288.0, 'J11': -444944.5, 'J12': -273857.5, 'J13': -67853.5, 'cluster3106249630_3106249631_J60_J61_#5more': -516797.5}, {'J10': 13, 'J11': 32, 'J12': 20, 'J13': 24, 'cluster3106249630_3106249631_J60_J61_#5more': 36}, {'J10': 18, 'J11': 54, 'J12': 80, 'J13': 31, 'cluster3106249630_3106249631_J60_J61_#5more': 100}, 
4710.0, {'J10': -127468.0, 'J11': -445484.5, 'J12': -272502.5, 'J13': -68163.5, 'cluster3106249630_3106249631_J60_J61_#5more': -517797.5}, {'J10': 13, 'J11': 32, 'J12': 20, 'J13': 24, 'cluster3106249630_3106249631_J60_J61_#5more': 36}, {'J10': 18, 'J11': 54, 'J12': 78, 'J13': 31, 'cluster3106249630_3106249631_J60_J61_#5more': 100}, 
4715.0, {'J10': -127648.0, 'J11': -446024.5, 'J12': -273282.5, 'J13': -68482.0, 'cluster3106249630_3106249631_J60_J61_#5more': -518797.5}, {'J10': 13, 'J11': 32, 'J12': 20, 'J13': 27, 'cluster3106249630_3106249631_J60_J61_#5more': 36}, {'J10': 18, 'J11': 54, 'J12': 78, 'J13': 34, 'cluster3106249630_3106249631_J60_J61_#5more': 100}, 
4720.0, {'J10': -127828.0, 'J11': -446564.5, 'J12': -274063.0, 'J13': -68826.5, 'cluster3106249630_3106249631_J60_J61_#5more': -519797.5}, {'J10': 13, 'J11': 32, 'J12': 20, 'J13': 28, 'cluster3106249630_3106249631_J60_J61_#5more': 36}, {'J10': 18, 'J11': 54, 'J12': 79, 'J13': 35, 'cluster3106249630_3106249631_J60_J61_#5more': 100}, 
4725.0, {'J10': -128008.0, 'J11': -447104.5, 'J12': -274854.0, 'J13': -69176.5, 'cluster3106249630_3106249631_J60_J61_#5more': -520797.5}, {'J10': 13, 'J11': 32, 'J12': 20, 'J13': 28, 'cluster3106249630_3106249631_J60_J61_#5more': 36}, {'J10': 18, 'J11': 54, 'J12': 80, 'J13': 35, 'cluster3106249630_3106249631_J60_J61_#5more': 100}, 
4730.0, {'J10': -128188.0, 'J11': -447644.5, 'J12': -275661.5, 'J13': -69526.5, 'cluster3106249630_3106249631_J60_J61_#5more': -521797.5}, {'J10': 13, 'J11': 32, 'J12': 20, 'J13': 28, 'cluster3106249630_3106249631_J60_J61_#5more': 36}, {'J10': 18, 'J11': 54, 'J12': 83, 'J13': 35, 'cluster3106249630_3106249631_J60_J61_#5more': 100}, 
4735.0, {'J10': -128368.0, 'J11': -448184.5, 'J12': -276491.5, 'J13': -69876.5, 'cluster3106249630_3106249631_J60_J61_#5more': -522797.5}, {'J10': 13, 'J11': 32, 'J12': 20, 'J13': 28, 'cluster3106249630_3106249631_J60_J61_#5more': 36}, {'J10': 18, 'J11': 54, 'J12': 83, 'J13': 35, 'cluster3106249630_3106249631_J60_J61_#5more': 100}, 
4740.0, {'J10': -128548.0, 'J11': -448724.5, 'J12': -277321.5, 'J13': -70226.5, 'cluster3106249630_3106249631_J60_J61_#5more': -511071.5}, {'J10': 13, 'J11': 32, 'J12': 20, 'J13': 28, 'cluster3106249630_3106249631_J60_J61_#5more': 36}, {'J10': 18, 'J11': 54, 'J12': 83, 'J13': 35, 'cluster3106249630_3106249631_J60_J61_#5more': 98}, 
4745.0, {'J10': -128728.0, 'J11': -449264.5, 'J12': -278151.5, 'J13': -70576.5, 'cluster3106249630_3106249631_J60_J61_#5more': -512051.5}, {'J10': 13, 'J11': 32, 'J12': 20, 'J13': 28, 'cluster3106249630_3106249631_J60_J61_#5more': 36}, {'J10': 18, 'J11': 54, 'J12': 83, 'J13': 35, 'cluster3106249630_3106249631_J60_J61_#5more': 98}, 
4750.0, {'J10': -128908.0, 'J11': -449804.5, 'J12': -278981.5, 'J13': -70926.5, 'cluster3106249630_3106249631_J60_J61_#5more': -513031.5}, {'J10': 13, 'J11': 32, 'J12': 20, 'J13': 28, 'cluster3106249630_3106249631_J60_J61_#5more': 36}, {'J10': 18, 'J11': 54, 'J12': 83, 'J13': 35, 'cluster3106249630_3106249631_J60_J61_#5more': 98}, 
4755.0, {'J10': -129088.0, 'J11': -450344.5, 'J12': -276914.0, 'J13': -68555.5, 'cluster3106249630_3106249631_J60_J61_#5more': -509656.0}, {'J10': 13, 'J11': 32, 'J12': 20, 'J13': 25, 'cluster3106249630_3106249631_J60_J61_#5more': 36}, {'J10': 18, 'J11': 54, 'J12': 79, 'J13': 32, 'cluster3106249630_3106249631_J60_J61_#5more': 92}, 
4760.0, {'J10': -129268.0, 'J11': -450884.5, 'J12': -277323.0, 'J13': -67874.0, 'cluster3106249630_3106249631_J60_J61_#5more': -510577.0}, {'J10': 13, 'J11': 32, 'J12': 20, 'J13': 24, 'cluster3106249630_3106249631_J60_J61_#5more': 36}, {'J10': 18, 'J11': 54, 'J12': 78, 'J13': 31, 'cluster3106249630_3106249631_J60_J61_#5more': 93}, 
4765.0, {'J10': -129448.0, 'J11': -451424.5, 'J12': -278103.0, 'J13': -68184.0, 'cluster3106249630_3106249631_J60_J61_#5more': -511524.0}, {'J10': 13, 'J11': 32, 'J12': 20, 'J13': 24, 'cluster3106249630_3106249631_J60_J61_#5more': 36}, {'J10': 18, 'J11': 54, 'J12': 78, 'J13': 31, 'cluster3106249630_3106249631_J60_J61_#5more': 98}, 
4770.0, {'J10': -129628.0, 'J11': -451964.5, 'J12': -278900.5, 'J13': -68494.0, 'cluster3106249630_3106249631_J60_J61_#5more': -512479.5}, {'J10': 13, 'J11': 32, 'J12': 20, 'J13': 24, 'cluster3106249630_3106249631_J60_J61_#5more': 36}, {'J10': 18, 'J11': 54, 'J12': 82, 'J13': 31, 'cluster3106249630_3106249631_J60_J61_#5more': 101}, 
4775.0, {'J10': -129808.0, 'J11': -452504.5, 'J12': -279720.5, 'J13': -68804.0, 'cluster3106249630_3106249631_J60_J61_#5more': -513445.0}, {'J10': 13, 'J11': 32, 'J12': 20, 'J13': 24, 'cluster3106249630_3106249631_J60_J61_#5more': 36}, {'J10': 18, 'J11': 54, 'J12': 82, 'J13': 31, 'cluster3106249630_3106249631_J60_J61_#5more': 99}, 
4780.0, {'J10': -129988.0, 'J11': -453044.5, 'J12': -279109.5, 'J13': -69124.0, 'cluster3106249630_3106249631_J60_J61_#5more': -514437.0}, {'J10': 13, 'J11': 32, 'J12': 20, 'J13': 28, 'cluster3106249630_3106249631_J60_J61_#5more': 36}, {'J10': 18, 'J11': 54, 'J12': 81, 'J13': 35, 'cluster3106249630_3106249631_J60_J61_#5more': 100}, 
4785.0, {'J10': -130168.0, 'J11': -453584.5, 'J12': -277972.5, 'J13': -69474.0, 'cluster3106249630_3106249631_J60_J61_#5more': -515437.0}, {'J10': 13, 'J11': 32, 'J12': 20, 'J13': 28, 'cluster3106249630_3106249631_J60_J61_#5more': 36}, {'J10': 18, 'J11': 54, 'J12': 78, 'J13': 35, 'cluster3106249630_3106249631_J60_J61_#5more': 100}, 
4790.0, {'J10': -130348.0, 'J11': -454124.5, 'J12': -278139.5, 'J13': -69824.0, 'cluster3106249630_3106249631_J60_J61_#5more': -516437.0}, {'J10': 13, 'J11': 32, 'J12': 20, 'J13': 28, 'cluster3106249630_3106249631_J60_J61_#5more': 36}, {'J10': 18, 'J11': 54, 'J12': 77, 'J13': 35, 'cluster3106249630_3106249631_J60_J61_#5more': 100}, 
4795.0, {'J10': -130528.0, 'J11': -454664.5, 'J12': -277955.0, 'J13': -70174.0, 'cluster3106249630_3106249631_J60_J61_#5more': -517437.0}, {'J10': 13, 'J11': 32, 'J12': 20, 'J13': 28, 'cluster3106249630_3106249631_J60_J61_#5more': 36}, {'J10': 18, 'J11': 54, 'J12': 76, 'J13': 35, 'cluster3106249630_3106249631_J60_J61_#5more': 100}, 
4800.0, {'J10': -130708.0, 'J11': -455204.5, 'J12': -277753.0, 'J13': -70524.0, 'cluster3106249630_3106249631_J60_J61_#5more': -518437.0}, {'J10': 13, 'J11': 32, 'J12': 20, 'J13': 28, 'cluster3106249630_3106249631_J60_J61_#5more': 36}, {'J10': 18, 'J11': 54, 'J12': 76, 'J13': 35, 'cluster3106249630_3106249631_J60_J61_#5more': 100}, 
4805.0, {'J10': -130888.0, 'J11': -455744.5, 'J12': -277178.0, 'J13': -70874.0, 'cluster3106249630_3106249631_J60_J61_#5more': -519437.0}, {'J10': 13, 'J11': 32, 'J12': 20, 'J13': 28, 'cluster3106249630_3106249631_J60_J61_#5more': 36}, {'J10': 18, 'J11': 54, 'J12': 73, 'J13': 35, 'cluster3106249630_3106249631_J60_J61_#5more': 100}, 
4810.0, {'J10': -131068.0, 'J11': -456284.5, 'J12': -277481.5, 'J13': -71224.0, 'cluster3106249630_3106249631_J60_J61_#5more': -520437.0}, {'J10': 13, 'J11': 32, 'J12': 20, 'J13': 28, 'cluster3106249630_3106249631_J60_J61_#5more': 36}, {'J10': 18, 'J11': 54, 'J12': 71, 'J13': 35, 'cluster3106249630_3106249631_J60_J61_#5more': 100}, 
4815.0, {'J10': -131248.0, 'J11': -456824.5, 'J12': -278090.5, 'J13': -71574.0, 'cluster3106249630_3106249631_J60_J61_#5more': -521437.0}, {'J10': 13, 'J11': 32, 'J12': 20, 'J13': 28, 'cluster3106249630_3106249631_J60_J61_#5more': 36}, {'J10': 18, 'J11': 54, 'J12': 70, 'J13': 35, 'cluster3106249630_3106249631_J60_J61_#5more': 100}, 
4820.0, {'J10': -131428.0, 'J11': -457364.5, 'J12': -277808.5, 'J13': -68210.0, 'cluster3106249630_3106249631_J60_J61_#5more': -520327.5}, {'J10': 13, 'J11': 32, 'J12': 20, 'J13': 24, 'cluster3106249630_3106249631_J60_J61_#5more': 36}, {'J10': 18, 'J11': 54, 'J12': 70, 'J13': 31, 'cluster3106249630_3106249631_J60_J61_#5more': 97}, 
4825.0, {'J10': -131608.0, 'J11': -457904.5, 'J12': -277738.0, 'J13': -68520.0, 'cluster3106249630_3106249631_J60_J61_#5more': -519291.0}, {'J10': 13, 'J11': 32, 'J12': 20, 'J13': 24, 'cluster3106249630_3106249631_J60_J61_#5more': 36}, {'J10': 18, 'J11': 54, 'J12': 68, 'J13': 31, 'cluster3106249630_3106249631_J60_J61_#5more': 94}, 
4830.0, {'J10': -131788.0, 'J11': -458444.5, 'J12': -278423.0, 'J13': -68830.0, 'cluster3106249630_3106249631_J60_J61_#5more': -520231.0}, {'J10': 13, 'J11': 32, 'J12': 20, 'J13': 24, 'cluster3106249630_3106249631_J60_J61_#5more': 36}, {'J10': 18, 'J11': 54, 'J12': 71, 'J13': 31, 'cluster3106249630_3106249631_J60_J61_#5more': 94}, 
4835.0, {'J10': -131968.0, 'J11': -458984.5, 'J12': -279144.0, 'J13': -69140.0, 'cluster3106249630_3106249631_J60_J61_#5more': -521181.0}, {'J10': 13, 'J11': 32, 'J12': 20, 'J13': 24, 'cluster3106249630_3106249631_J60_J61_#5more': 36}, {'J10': 18, 'J11': 54, 'J12': 75, 'J13': 31, 'cluster3106249630_3106249631_J60_J61_#5more': 98}, 
4840.0, {'J10': -132148.0, 'J11': -459524.5, 'J12': -279025.5, 'J13': -69450.0, 'cluster3106249630_3106249631_J60_J61_#5more': -522169.5}, {'J10': 13, 'J11': 32, 'J12': 20, 'J13': 24, 'cluster3106249630_3106249631_J60_J61_#5more': 36}, {'J10': 18, 'J11': 54, 'J12': 79, 'J13': 31, 'cluster3106249630_3106249631_J60_J61_#5more': 100}, 
4845.0, {'J10': -132328.0, 'J11': -460064.5, 'J12': -279108.5, 'J13': -69771.5, 'cluster3106249630_3106249631_J60_J61_#5more': -523169.5}, {'J10': 13, 'J11': 32, 'J12': 20, 'J13': 28, 'cluster3106249630_3106249631_J60_J61_#5more': 36}, {'J10': 18, 'J11': 54, 'J12': 80, 'J13': 35, 'cluster3106249630_3106249631_J60_J61_#5more': 100}, 
4850.0, {'J10': -132508.0, 'J11': -460604.5, 'J12': -279908.5, 'J13': -70121.5, 'cluster3106249630_3106249631_J60_J61_#5more': -524169.5}, {'J10': 13, 'J11': 32, 'J12': 20, 'J13': 28, 'cluster3106249630_3106249631_J60_J61_#5more': 36}, {'J10': 18, 'J11': 54, 'J12': 80, 'J13': 35, 'cluster3106249630_3106249631_J60_J61_#5more': 100}, 
4855.0, {'J10': -132688.0, 'J11': -461144.5, 'J12': -280710.0, 'J13': -70471.5, 'cluster3106249630_3106249631_J60_J61_#5more': -525169.5}, {'J10': 13, 'J11': 32, 'J12': 20, 'J13': 28, 'cluster3106249630_3106249631_J60_J61_#5more': 36}, {'J10': 18, 'J11': 54, 'J12': 81, 'J13': 35, 'cluster3106249630_3106249631_J60_J61_#5more': 100}, 
4860.0, {'J10': -132868.0, 'J11': -461684.5, 'J12': -280773.5, 'J13': -70821.5, 'cluster3106249630_3106249631_J60_J61_#5more': -526169.5}, {'J10': 13, 'J11': 32, 'J12': 20, 'J13': 28, 'cluster3106249630_3106249631_J60_J61_#5more': 36}, {'J10': 18, 'J11': 54, 'J12': 82, 'J13': 35, 'cluster3106249630_3106249631_J60_J61_#5more': 100}, 
4865.0, {'J10': -133048.0, 'J11': -462224.5, 'J12': -281593.5, 'J13': -71171.5, 'cluster3106249630_3106249631_J60_J61_#5more': -527169.5}, {'J10': 13, 'J11': 32, 'J12': 20, 'J13': 28, 'cluster3106249630_3106249631_J60_J61_#5more': 36}, {'J10': 18, 'J11': 54, 'J12': 82, 'J13': 35, 'cluster3106249630_3106249631_J60_J61_#5more': 100}, 
4870.0, {'J10': -133228.0, 'J11': -462764.5, 'J12': -282413.5, 'J13': -71521.5, 'cluster3106249630_3106249631_J60_J61_#5more': -528169.5}, {'J10': 13, 'J11': 32, 'J12': 20, 'J13': 28, 'cluster3106249630_3106249631_J60_J61_#5more': 36}, {'J10': 18, 'J11': 54, 'J12': 82, 'J13': 35, 'cluster3106249630_3106249631_J60_J61_#5more': 100}, 
4875.0, {'J10': -133408.0, 'J11': -463304.5, 'J12': -283243.0, 'J13': -71871.5, 'cluster3106249630_3106249631_J60_J61_#5more': -529169.5}, {'J10': 13, 'J11': 32, 'J12': 20, 'J13': 28, 'cluster3106249630_3106249631_J60_J61_#5more': 36}, {'J10': 18, 'J11': 54, 'J12': 85, 'J13': 35, 'cluster3106249630_3106249631_J60_J61_#5more': 100}, 
4880.0, {'J10': -133588.0, 'J11': -463844.5, 'J12': -284093.0, 'J13': -72221.5, 'cluster3106249630_3106249631_J60_J61_#5more': -530169.5}, {'J10': 13, 'J11': 32, 'J12': 20, 'J13': 28, 'cluster3106249630_3106249631_J60_J61_#5more': 36}, {'J10': 18, 'J11': 54, 'J12': 85, 'J13': 35, 'cluster3106249630_3106249631_J60_J61_#5more': 100}, 
4885.0, {'J10': -133768.0, 'J11': -464384.5, 'J12': -282190.5, 'J13': -70585.0, 'cluster3106249630_3106249631_J60_J61_#5more': -529199.5}, {'J10': 13, 'J11': 32, 'J12': 20, 'J13': 26, 'cluster3106249630_3106249631_J60_J61_#5more': 36}, {'J10': 18, 'J11': 54, 'J12': 81, 'J13': 33, 'cluster3106249630_3106249631_J60_J61_#5more': 97}, 
4890.0, {'J10': -133948.0, 'J11': -464924.5, 'J12': -282244.5, 'J13': -70915.0, 'cluster3106249630_3106249631_J60_J61_#5more': -528425.5}, {'J10': 13, 'J11': 32, 'J12': 20, 'J13': 26, 'cluster3106249630_3106249631_J60_J61_#5more': 36}, {'J10': 18, 'J11': 54, 'J12': 79, 'J13': 33, 'cluster3106249630_3106249631_J60_J61_#5more': 94}, 
4895.0, {'J10': -134128.0, 'J11': -465464.5, 'J12': -283035.5, 'J13': -71245.0, 'cluster3106249630_3106249631_J60_J61_#5more': -529365.5}, {'J10': 13, 'J11': 32, 'J12': 20, 'J13': 26, 'cluster3106249630_3106249631_J60_J61_#5more': 36}, {'J10': 18, 'J11': 54, 'J12': 81, 'J13': 33, 'cluster3106249630_3106249631_J60_J61_#5more': 94}, 
4900.0, {'J10': -134308.0, 'J11': -466004.5, 'J12': -283857.5, 'J13': -71575.0, 'cluster3106249630_3106249631_J60_J61_#5more': -530315.5}, {'J10': 13, 'J11': 32, 'J12': 20, 'J13': 26, 'cluster3106249630_3106249631_J60_J61_#5more': 36}, {'J10': 18, 'J11': 54, 'J12': 84, 'J13': 33, 'cluster3106249630_3106249631_J60_J61_#5more': 99}, 
4905.0, {'J10': -134488.0, 'J11': -466544.5, 'J12': -284697.5, 'J13': -71905.0, 'cluster3106249630_3106249631_J60_J61_#5more': -531309.5}, {'J10': 13, 'J11': 32, 'J12': 20, 'J13': 26, 'cluster3106249630_3106249631_J60_J61_#5more': 36}, {'J10': 18, 'J11': 54, 'J12': 84, 'J13': 33, 'cluster3106249630_3106249631_J60_J61_#5more': 100}, 
4910.0, {'J10': -134668.0, 'J11': -467084.5, 'J12': -285537.5, 'J13': -72243.5, 'cluster3106249630_3106249631_J60_J61_#5more': -532309.5}, {'J10': 13, 'J11': 32, 'J12': 20, 'J13': 28, 'cluster3106249630_3106249631_J60_J61_#5more': 36}, {'J10': 18, 'J11': 54, 'J12': 84, 'J13': 35, 'cluster3106249630_3106249631_J60_J61_#5more': 100}, 
4915.0, {'J10': -134848.0, 'J11': -467624.5, 'J12': -286377.5, 'J13': -72593.5, 'cluster3106249630_3106249631_J60_J61_#5more': -533309.5}, {'J10': 13, 'J11': 32, 'J12': 20, 'J13': 28, 'cluster3106249630_3106249631_J60_J61_#5more': 36}, {'J10': 18, 'J11': 54, 'J12': 84, 'J13': 35, 'cluster3106249630_3106249631_J60_J61_#5more': 100}, 
4920.0, {'J10': -135028.0, 'J11': -468164.5, 'J12': -287217.5, 'J13': -72943.5, 'cluster3106249630_3106249631_J60_J61_#5more': -534309.5}, {'J10': 13, 'J11': 32, 'J12': 20, 'J13': 28, 'cluster3106249630_3106249631_J60_J61_#5more': 36}, {'J10': 18, 'J11': 54, 'J12': 84, 'J13': 35, 'cluster3106249630_3106249631_J60_J61_#5more': 100}, 
4925.0, {'J10': -135208.0, 'J11': -468704.5, 'J12': -288057.5, 'J13': -73293.5, 'cluster3106249630_3106249631_J60_J61_#5more': -529516.0}, {'J10': 13, 'J11': 32, 'J12': 20, 'J13': 28, 'cluster3106249630_3106249631_J60_J61_#5more': 36}, {'J10': 18, 'J11': 54, 'J12': 84, 'J13': 35, 'cluster3106249630_3106249631_J60_J61_#5more': 99}, 
4930.0, {'J10': -135388.0, 'J11': -469244.5, 'J12': -288897.5, 'J13': -73643.5, 'cluster3106249630_3106249631_J60_J61_#5more': -522851.0}, {'J10': 13, 'J11': 32, 'J12': 20, 'J13': 28, 'cluster3106249630_3106249631_J60_J61_#5more': 36}, {'J10': 18, 'J11': 54, 'J12': 84, 'J13': 35, 'cluster3106249630_3106249631_J60_J61_#5more': 98}, 
4935.0, {'J10': -135568.0, 'J11': -469784.5, 'J12': -289737.5, 'J13': -73993.5, 'cluster3106249630_3106249631_J60_J61_#5more': -523831.0}, {'J10': 13, 'J11': 32, 'J12': 20, 'J13': 28, 'cluster3106249630_3106249631_J60_J61_#5more': 36}, {'J10': 18, 'J11': 54, 'J12': 84, 'J13': 35, 'cluster3106249630_3106249631_J60_J61_#5more': 98}, 
4940.0, {'J10': -135748.0, 'J11': -470324.5, 'J12': -290577.5, 'J13': -74343.5, 'cluster3106249630_3106249631_J60_J61_#5more': -524811.0}, {'J10': 13, 'J11': 32, 'J12': 20, 'J13': 28, 'cluster3106249630_3106249631_J60_J61_#5more': 36}, {'J10': 18, 'J11': 54, 'J12': 84, 'J13': 35, 'cluster3106249630_3106249631_J60_J61_#5more': 98}, 
4945.0, {'J10': -135928.0, 'J11': -470864.5, 'J12': -291417.5, 'J13': -74693.5, 'cluster3106249630_3106249631_J60_J61_#5more': -525791.0}, {'J10': 13, 'J11': 32, 'J12': 20, 'J13': 28, 'cluster3106249630_3106249631_J60_J61_#5more': 36}, {'J10': 18, 'J11': 54, 'J12': 84, 'J13': 35, 'cluster3106249630_3106249631_J60_J61_#5more': 98}, 
4950.0, {'J10': -136108.0, 'J11': -471404.5, 'J12': -290972.5, 'J13': -73057.0, 'cluster3106249630_3106249631_J60_J61_#5more': -526774.0}, {'J10': 13, 'J11': 32, 'J12': 20, 'J13': 26, 'cluster3106249630_3106249631_J60_J61_#5more': 36}, {'J10': 18, 'J11': 54, 'J12': 80, 'J13': 33, 'cluster3106249630_3106249631_J60_J61_#5more': 100}, 
4955.0, {'J10': -136288.0, 'J11': -471944.5, 'J12': -291398.5, 'J13': -73387.0, 'cluster3106249630_3106249631_J60_J61_#5more': -527774.0}, {'J10': 13, 'J11': 32, 'J12': 20, 'J13': 26, 'cluster3106249630_3106249631_J60_J61_#5more': 36}, {'J10': 18, 'J11': 54, 'J12': 79, 'J13': 33, 'cluster3106249630_3106249631_J60_J61_#5more': 100}, 
4960.0, {'J10': -136468.0, 'J11': -472484.5, 'J12': -292193.5, 'J13': -73717.0, 'cluster3106249630_3106249631_J60_J61_#5more': -528774.0}, {'J10': 13, 'J11': 32, 'J12': 20, 'J13': 26, 'cluster3106249630_3106249631_J60_J61_#5more': 36}, {'J10': 18, 'J11': 54, 'J12': 82, 'J13': 33, 'cluster3106249630_3106249631_J60_J61_#5more': 100}, 
4965.0, {'J10': -136648.0, 'J11': -473024.5, 'J12': -293021.0, 'J13': -74047.0, 'cluster3106249630_3106249631_J60_J61_#5more': -529774.5}, {'J10': 13, 'J11': 32, 'J12': 20, 'J13': 26, 'cluster3106249630_3106249631_J60_J61_#5more': 36}, {'J10': 18, 'J11': 54, 'J12': 84, 'J13': 33, 'cluster3106249630_3106249631_J60_J61_#5more': 101}, 
4970.0, {'J10': -136828.0, 'J11': -473564.5, 'J12': -293570.5, 'J13': -74380.5, 'cluster3106249630_3106249631_J60_J61_#5more': -530784.5}, {'J10': 13, 'J11': 32, 'J12': 20, 'J13': 28, 'cluster3106249630_3106249631_J60_J61_#5more': 36}, {'J10': 18, 'J11': 54, 'J12': 84, 'J13': 35, 'cluster3106249630_3106249631_J60_J61_#5more': 101}, 
4975.0, {'J10': -137008.0, 'J11': -474104.5, 'J12': -293429.5, 'J13': -74730.5, 'cluster3106249630_3106249631_J60_J61_#5more': -531774.0}, {'J10': 13, 'J11': 32, 'J12': 20, 'J13': 28, 'cluster3106249630_3106249631_J60_J61_#5more': 36}, {'J10': 18, 'J11': 54, 'J12': 83, 'J13': 35, 'cluster3106249630_3106249631_J60_J61_#5more': 100}, 
4980.0, {'J10': -137188.0, 'J11': -474644.5, 'J12': -294259.5, 'J13': -75080.5, 'cluster3106249630_3106249631_J60_J61_#5more': -532774.0}, {'J10': 13, 'J11': 32, 'J12': 20, 'J13': 28, 'cluster3106249630_3106249631_J60_J61_#5more': 36}, {'J10': 18, 'J11': 54, 'J12': 83, 'J13': 35, 'cluster3106249630_3106249631_J60_J61_#5more': 100}, 
4985.0, {'J10': -137368.0, 'J11': -475184.5, 'J12': -295089.5, 'J13': -75430.5, 'cluster3106249630_3106249631_J60_J61_#5more': -533774.0}, {'J10': 13, 'J11': 32, 'J12': 20, 'J13': 28, 'cluster3106249630_3106249631_J60_J61_#5more': 36}, {'J10': 18, 'J11': 54, 'J12': 83, 'J13': 35, 'cluster3106249630_3106249631_J60_J61_#5more': 100}, 
4990.0, {'J10': -137548.0, 'J11': -475724.5, 'J12': -295302.5, 'J13': -75780.5, 'cluster3106249630_3106249631_J60_J61_#5more': -534774.0}, {'J10': 13, 'J11': 32, 'J12': 20, 'J13': 28, 'cluster3106249630_3106249631_J60_J61_#5more': 36}, {'J10': 18, 'J11': 54, 'J12': 82, 'J13': 35, 'cluster3106249630_3106249631_J60_J61_#5more': 100}, 
4995.0, {'J10': -137728.0, 'J11': -476264.5, 'J12': -293689.5, 'J13': -76130.5, 'cluster3106249630_3106249631_J60_J61_#5more': -535774.0}, {'J10': 13, 'J11': 32, 'J12': 20, 'J13': 28, 'cluster3106249630_3106249631_J60_J61_#5more': 36}, {'J10': 18, 'J11': 54, 'J12': 80, 'J13': 35, 'cluster3106249630_3106249631_J60_J61_#5more': 100}, 
5000.0, {'J10': -137908.0, 'J11': -476804.5, 'J12': -294489.5, 'J13': -76480.5, 'cluster3106249630_3106249631_J60_J61_#5more': -536774.0}, {'J10': 13, 'J11': 32, 'J12': 20, 'J13': 28, 'cluster3106249630_3106249631_J60_J61_#5more': 36}, {'J10': 18, 'J11': 54, 'J12': 80, 'J13': 35, 'cluster3106249630_3106249631_J60_J61_#5more': 100}, 
5005.0, {'J10': -138088.0, 'J11': -477344.5, 'J12': -295289.5, 'J13': -76830.5, 'cluster3106249630_3106249631_J60_J61_#5more': -537774.0}, {'J10': 13, 'J11': 32, 'J12': 20, 'J13': 28, 'cluster3106249630_3106249631_J60_J61_#5more': 36}, {'J10': 18, 'J11': 54, 'J12': 80, 'J13': 35, 'cluster3106249630_3106249631_J60_J61_#5more': 100}, 
5010.0, {'J10': -138268.0, 'J11': -477884.5, 'J12': -296090.0, 'J13': -77180.5, 'cluster3106249630_3106249631_J60_J61_#5more': -538774.0}, {'J10': 13, 'J11': 32, 'J12': 20, 'J13': 28, 'cluster3106249630_3106249631_J60_J61_#5more': 36}, {'J10': 18, 'J11': 54, 'J12': 81, 'J13': 35, 'cluster3106249630_3106249631_J60_J61_#5more': 100}, 
5015.0, {'J10': -138448.0, 'J11': -478424.5, 'J12': -294333.0, 'J13': -75292.5, 'cluster3106249630_3106249631_J60_J61_#5more': -535660.5}, {'J10': 13, 'J11': 32, 'J12': 20, 'J13': 26, 'cluster3106249630_3106249631_J60_J61_#5more': 36}, {'J10': 18, 'J11': 54, 'J12': 77, 'J13': 33, 'cluster3106249630_3106249631_J60_J61_#5more': 94}, 
5020.0, {'J10': -138628.0, 'J11': -478964.5, 'J12': -294355.0, 'J13': -75622.5, 'cluster3106249630_3106249631_J60_J61_#5more': -536600.5}, {'J10': 13, 'J11': 32, 'J12': 20, 'J13': 26, 'cluster3106249630_3106249631_J60_J61_#5more': 36}, {'J10': 18, 'J11': 54, 'J12': 75, 'J13': 33, 'cluster3106249630_3106249631_J60_J61_#5more': 94}, 
5025.0, {'J10': -138808.0, 'J11': -479504.5, 'J12': -295114.0, 'J13': -75952.5, 'cluster3106249630_3106249631_J60_J61_#5more': -537546.0}, {'J10': 13, 'J11': 32, 'J12': 20, 'J13': 26, 'cluster3106249630_3106249631_J60_J61_#5more': 36}, {'J10': 18, 'J11': 54, 'J12': 79, 'J13': 33, 'cluster3106249630_3106249631_J60_J61_#5more': 97}, 
5030.0, {'J10': -138988.0, 'J11': -480044.5, 'J12': -295914.0, 'J13': -76282.5, 'cluster3106249630_3106249631_J60_J61_#5more': -538502.0}, {'J10': 13, 'J11': 32, 'J12': 20, 'J13': 26, 'cluster3106249630_3106249631_J60_J61_#5more': 36}, {'J10': 18, 'J11': 54, 'J12': 82, 'J13': 33, 'cluster3106249630_3106249631_J60_J61_#5more': 99}, 
5035.0, {'J10': -139168.0, 'J11': -480584.5, 'J12': -296734.0, 'J13': -76613.0, 'cluster3106249630_3106249631_J60_J61_#5more': -539480.5}, {'J10': 13, 'J11': 32, 'J12': 20, 'J13': 27, 'cluster3106249630_3106249631_J60_J61_#5more': 36}, {'J10': 18, 'J11': 54, 'J12': 82, 'J13': 34, 'cluster3106249630_3106249631_J60_J61_#5more': 100}, 
5040.0, {'J10': -139348.0, 'J11': -481124.5, 'J12': -297554.0, 'J13': -76957.0, 'cluster3106249630_3106249631_J60_J61_#5more': -540480.5}, {'J10': 13, 'J11': 32, 'J12': 20, 'J13': 28, 'cluster3106249630_3106249631_J60_J61_#5more': 36}, {'J10': 18, 'J11': 54, 'J12': 82, 'J13': 35, 'cluster3106249630_3106249631_J60_J61_#5more': 100}, 
5045.0, {'J10': -139528.0, 'J11': -481664.5, 'J12': -298374.0, 'J13': -77307.0, 'cluster3106249630_3106249631_J60_J61_#5more': -541480.5}, {'J10': 13, 'J11': 32, 'J12': 20, 'J13': 28, 'cluster3106249630_3106249631_J60_J61_#5more': 36}, {'J10': 18, 'J11': 54, 'J12': 82, 'J13': 35, 'cluster3106249630_3106249631_J60_J61_#5more': 100}, 
5050.0, {'J10': -139708.0, 'J11': -482204.5, 'J12': -299194.0, 'J13': -77657.0, 'cluster3106249630_3106249631_J60_J61_#5more': -542480.5}, {'J10': 13, 'J11': 32, 'J12': 20, 'J13': 28, 'cluster3106249630_3106249631_J60_J61_#5more': 36}, {'J10': 18, 'J11': 54, 'J12': 82, 'J13': 35, 'cluster3106249630_3106249631_J60_J61_#5more': 100}, 
5055.0, {'J10': -139888.0, 'J11': -482744.5, 'J12': -300014.0, 'J13': -78007.0, 'cluster3106249630_3106249631_J60_J61_#5more': -543480.5}, {'J10': 13, 'J11': 32, 'J12': 20, 'J13': 28, 'cluster3106249630_3106249631_J60_J61_#5more': 36}, {'J10': 18, 'J11': 54, 'J12': 82, 'J13': 35, 'cluster3106249630_3106249631_J60_J61_#5more': 100}, 
5060.0, {'J10': -140068.0, 'J11': -483284.5, 'J12': -300834.0, 'J13': -78357.0, 'cluster3106249630_3106249631_J60_J61_#5more': -544480.5}, {'J10': 13, 'J11': 32, 'J12': 20, 'J13': 28, 'cluster3106249630_3106249631_J60_J61_#5more': 36}, {'J10': 18, 'J11': 54, 'J12': 82, 'J13': 35, 'cluster3106249630_3106249631_J60_J61_#5more': 100}, 
5065.0, {'J10': -140248.0, 'J11': -483824.5, 'J12': -301654.0, 'J13': -78707.0, 'cluster3106249630_3106249631_J60_J61_#5more': -545480.5}, {'J10': 13, 'J11': 32, 'J12': 20, 'J13': 28, 'cluster3106249630_3106249631_J60_J61_#5more': 36}, {'J10': 18, 'J11': 54, 'J12': 82, 'J13': 35, 'cluster3106249630_3106249631_J60_J61_#5more': 100}, 
5070.0, {'J10': -140428.0, 'J11': -484364.5, 'J12': -302474.0, 'J13': -79057.0, 'cluster3106249630_3106249631_J60_J61_#5more': -546480.5}, {'J10': 13, 'J11': 32, 'J12': 20, 'J13': 28, 'cluster3106249630_3106249631_J60_J61_#5more': 36}, {'J10': 18, 'J11': 54, 'J12': 82, 'J13': 35, 'cluster3106249630_3106249631_J60_J61_#5more': 100}, 
5075.0, {'J10': -140608.0, 'J11': -484904.5, 'J12': -303294.0, 'J13': -79407.0, 'cluster3106249630_3106249631_J60_J61_#5more': -547480.5}, {'J10': 13, 'J11': 32, 'J12': 20, 'J13': 28, 'cluster3106249630_3106249631_J60_J61_#5more': 36}, {'J10': 18, 'J11': 54, 'J12': 82, 'J13': 35, 'cluster3106249630_3106249631_J60_J61_#5more': 100}, 
5080.0, {'J10': -140788.0, 'J11': -485444.5, 'J12': -302645.0, 'J13': -76636.5, 'cluster3106249630_3106249631_J60_J61_#5more': -545868.5}, {'J10': 13, 'J11': 32, 'J12': 20, 'J13': 25, 'cluster3106249630_3106249631_J60_J61_#5more': 36}, {'J10': 18, 'J11': 54, 'J12': 78, 'J13': 32, 'cluster3106249630_3106249631_J60_J61_#5more': 96}, 
5085.0, {'J10': -140968.0, 'J11': -485984.5, 'J12': -303051.0, 'J13': -76956.5, 'cluster3106249630_3106249631_J60_J61_#5more': -545714.5}, {'J10': 13, 'J11': 32, 'J12': 20, 'J13': 25, 'cluster3106249630_3106249631_J60_J61_#5more': 36}, {'J10': 18, 'J11': 54, 'J12': 77, 'J13': 32, 'cluster3106249630_3106249631_J60_J61_#5more': 94}, 
5090.0, {'J10': -141148.0, 'J11': -486524.5, 'J12': -303826.0, 'J13': -77276.5, 'cluster3106249630_3106249631_J60_J61_#5more': -546661.0}, {'J10': 13, 'J11': 32, 'J12': 20, 'J13': 25, 'cluster3106249630_3106249631_J60_J61_#5more': 36}, {'J10': 18, 'J11': 54, 'J12': 79, 'J13': 32, 'cluster3106249630_3106249631_J60_J61_#5more': 97}, 
5095.0, {'J10': -141328.0, 'J11': -487064.5, 'J12': -304629.0, 'J13': -77596.5, 'cluster3106249630_3106249631_J60_J61_#5more': -547615.0}, {'J10': 13, 'J11': 32, 'J12': 20, 'J13': 25, 'cluster3106249630_3106249631_J60_J61_#5more': 36}, {'J10': 18, 'J11': 54, 'J12': 82, 'J13': 32, 'cluster3106249630_3106249631_J60_J61_#5more': 99}, 
5100.0, {'J10': -141508.0, 'J11': -487604.5, 'J12': -304699.0, 'J13': -77918.5, 'cluster3106249630_3106249631_J60_J61_#5more': -548592.0}, {'J10': 13, 'J11': 32, 'J12': 20, 'J13': 27, 'cluster3106249630_3106249631_J60_J61_#5more': 36}, {'J10': 18, 'J11': 54, 'J12': 82, 'J13': 34, 'cluster3106249630_3106249631_J60_J61_#5more': 100}, 
5105.0, {'J10': -141688.0, 'J11': -488144.5, 'J12': -304987.0, 'J13': -78262.0, 'cluster3106249630_3106249631_J60_J61_#5more': -549592.0}, {'J10': 13, 'J11': 32, 'J12': 20, 'J13': 28, 'cluster3106249630_3106249631_J60_J61_#5more': 36}, {'J10': 18, 'J11': 54, 'J12': 81, 'J13': 35, 'cluster3106249630_3106249631_J60_J61_#5more': 100}, 
5110.0, {'J10': -141868.0, 'J11': -488684.5, 'J12': -305797.0, 'J13': -78612.0, 'cluster3106249630_3106249631_J60_J61_#5more': -550592.0}, {'J10': 13, 'J11': 32, 'J12': 20, 'J13': 28, 'cluster3106249630_3106249631_J60_J61_#5more': 36}, {'J10': 18, 'J11': 54, 'J12': 81, 'J13': 35, 'cluster3106249630_3106249631_J60_J61_#5more': 100}, 
5115.0, {'J10': -142048.0, 'J11': -489224.5, 'J12': -306607.0, 'J13': -78962.0, 'cluster3106249630_3106249631_J60_J61_#5more': -551592.0}, {'J10': 13, 'J11': 32, 'J12': 20, 'J13': 28, 'cluster3106249630_3106249631_J60_J61_#5more': 36}, {'J10': 18, 'J11': 54, 'J12': 81, 'J13': 35, 'cluster3106249630_3106249631_J60_J61_#5more': 100}, 
5120.0, {'J10': -142228.0, 'J11': -489764.5, 'J12': -305788.0, 'J13': -79312.0, 'cluster3106249630_3106249631_J60_J61_#5more': -552592.0}, {'J10': 13, 'J11': 32, 'J12': 20, 'J13': 28, 'cluster3106249630_3106249631_J60_J61_#5more': 36}, {'J10': 18, 'J11': 54, 'J12': 78, 'J13': 35, 'cluster3106249630_3106249631_J60_J61_#5more': 100}, 
5125.0, {'J10': -142408.0, 'J11': -490304.5, 'J12': -306571.0, 'J13': -79662.0, 'cluster3106249630_3106249631_J60_J61_#5more': -553592.0}, {'J10': 13, 'J11': 32, 'J12': 20, 'J13': 28, 'cluster3106249630_3106249631_J60_J61_#5more': 36}, {'J10': 18, 'J11': 54, 'J12': 80, 'J13': 35, 'cluster3106249630_3106249631_J60_J61_#5more': 100}, 
5130.0, {'J10': -142588.0, 'J11': -490844.5, 'J12': -307372.0, 'J13': -80012.0, 'cluster3106249630_3106249631_J60_J61_#5more': -554592.0}, {'J10': 13, 'J11': 32, 'J12': 20, 'J13': 28, 'cluster3106249630_3106249631_J60_J61_#5more': 36}, {'J10': 18, 'J11': 54, 'J12': 81, 'J13': 35, 'cluster3106249630_3106249631_J60_J61_#5more': 100}, 
5135.0, {'J10': -142768.0, 'J11': -491384.5, 'J12': -308190.5, 'J13': -80362.0, 'cluster3106249630_3106249631_J60_J61_#5more': -555592.0}, {'J10': 13, 'J11': 32, 'J12': 20, 'J13': 28, 'cluster3106249630_3106249631_J60_J61_#5more': 36}, {'J10': 18, 'J11': 54, 'J12': 83, 'J13': 35, 'cluster3106249630_3106249631_J60_J61_#5more': 100}, 
5140.0, {'J10': -142948.0, 'J11': -491924.5, 'J12': -309020.5, 'J13': -80712.0, 'cluster3106249630_3106249631_J60_J61_#5more': -556592.0}, {'J10': 13, 'J11': 32, 'J12': 20, 'J13': 28, 'cluster3106249630_3106249631_J60_J61_#5more': 36}, {'J10': 18, 'J11': 54, 'J12': 83, 'J13': 35, 'cluster3106249630_3106249631_J60_J61_#5more': 100}, 
5145.0, {'J10': -143128.0, 'J11': -492464.5, 'J12': -306729.5, 'J13': -78808.0, 'cluster3106249630_3106249631_J60_J61_#5more': -555725.0}, {'J10': 13, 'J11': 32, 'J12': 20, 'J13': 26, 'cluster3106249630_3106249631_J60_J61_#5more': 36}, {'J10': 18, 'J11': 54, 'J12': 78, 'J13': 33, 'cluster3106249630_3106249631_J60_J61_#5more': 97}, 
5150.0, {'J10': -143308.0, 'J11': -493004.5, 'J12': -307136.0, 'J13': -76871.0, 'cluster3106249630_3106249631_J60_J61_#5more': -554937.5}, {'J10': 13, 'J11': 32, 'J12': 20, 'J13': 24, 'cluster3106249630_3106249631_J60_J61_#5more': 36}, {'J10': 18, 'J11': 54, 'J12': 77, 'J13': 31, 'cluster3106249630_3106249631_J60_J61_#5more': 94}, 
5155.0, {'J10': -143488.0, 'J11': -493544.5, 'J12': -307906.5, 'J13': -77181.0, 'cluster3106249630_3106249631_J60_J61_#5more': -555877.5}, {'J10': 13, 'J11': 32, 'J12': 20, 'J13': 24, 'cluster3106249630_3106249631_J60_J61_#5more': 36}, {'J10': 18, 'J11': 54, 'J12': 78, 'J13': 31, 'cluster3106249630_3106249631_J60_J61_#5more': 94}, 
5160.0, {'J10': -143668.0, 'J11': -494084.5, 'J12': -308701.5, 'J13': -77491.0, 'cluster3106249630_3106249631_J60_J61_#5more': -556827.5}, {'J10': 13, 'J11': 32, 'J12': 20, 'J13': 24, 'cluster3106249630_3106249631_J60_J61_#5more': 36}, {'J10': 18, 'J11': 54, 'J12': 82, 'J13': 31, 'cluster3106249630_3106249631_J60_J61_#5more': 98}, 
5165.0, {'J10': -143848.0, 'J11': -494624.5, 'J12': -308870.5, 'J13': -77801.0, 'cluster3106249630_3106249631_J60_J61_#5more': -557815.0}, {'J10': 13, 'J11': 32, 'J12': 20, 'J13': 24, 'cluster3106249630_3106249631_J60_J61_#5more': 36}, {'J10': 18, 'J11': 54, 'J12': 81, 'J13': 31, 'cluster3106249630_3106249631_J60_J61_#5more': 100}, 
5170.0, {'J10': -144028.0, 'J11': -495164.5, 'J12': -308796.0, 'J13': -78124.5, 'cluster3106249630_3106249631_J60_J61_#5more': -558815.0}, {'J10': 13, 'J11': 32, 'J12': 20, 'J13': 28, 'cluster3106249630_3106249631_J60_J61_#5more': 36}, {'J10': 18, 'J11': 54, 'J12': 80, 'J13': 35, 'cluster3106249630_3106249631_J60_J61_#5more': 100}, 
5175.0, {'J10': -144208.0, 'J11': -495704.5, 'J12': -307713.0, 'J13': -78474.5, 'cluster3106249630_3106249631_J60_J61_#5more': -559815.0}, {'J10': 13, 'J11': 32, 'J12': 20, 'J13': 28, 'cluster3106249630_3106249631_J60_J61_#5more': 36}, {'J10': 18, 'J11': 54, 'J12': 77, 'J13': 35, 'cluster3106249630_3106249631_J60_J61_#5more': 100}, 
5180.0, {'J10': -144388.0, 'J11': -496244.5, 'J12': -307394.5, 'J13': -78824.5, 'cluster3106249630_3106249631_J60_J61_#5more': -560815.0}, {'J10': 13, 'J11': 32, 'J12': 20, 'J13': 28, 'cluster3106249630_3106249631_J60_J61_#5more': 36}, {'J10': 18, 'J11': 54, 'J12': 74, 'J13': 35, 'cluster3106249630_3106249631_J60_J61_#5more': 100}, 
5185.0, {'J10': -144568.0, 'J11': -496784.5, 'J12': -306856.5, 'J13': -79174.5, 'cluster3106249630_3106249631_J60_J61_#5more': -561815.0}, {'J10': 13, 'J11': 32, 'J12': 20, 'J13': 28, 'cluster3106249630_3106249631_J60_J61_#5more': 36}, {'J10': 18, 'J11': 54, 'J12': 70, 'J13': 35, 'cluster3106249630_3106249631_J60_J61_#5more': 100}, 
5190.0, {'J10': -144748.0, 'J11': -497324.5, 'J12': -306575.5, 'J13': -79524.5, 'cluster3106249630_3106249631_J60_J61_#5more': -562815.0}, {'J10': 13, 'J11': 32, 'J12': 20, 'J13': 28, 'cluster3106249630_3106249631_J60_J61_#5more': 36}, {'J10': 18, 'J11': 54, 'J12': 67, 'J13': 35, 'cluster3106249630_3106249631_J60_J61_#5more': 100}, 
5195.0, {'J10': -144928.0, 'J11': -497864.5, 'J12': -306972.5, 'J13': -79874.5, 'cluster3106249630_3106249631_J60_J61_#5more': -557490.0}, {'J10': 13, 'J11': 32, 'J12': 20, 'J13': 28, 'cluster3106249630_3106249631_J60_J61_#5more': 36}, {'J10': 18, 'J11': 54, 'J12': 68, 'J13': 35, 'cluster3106249630_3106249631_J60_J61_#5more': 99}, 
5200.0, {'J10': -145108.0, 'J11': -498404.5, 'J12': -307680.0, 'J13': -80224.5, 'cluster3106249630_3106249631_J60_J61_#5more': -550286.0}, {'J10': 13, 'J11': 32, 'J12': 20, 'J13': 28, 'cluster3106249630_3106249631_J60_J61_#5more': 36}, {'J10': 18, 'J11': 54, 'J12': 76, 'J13': 35, 'cluster3106249630_3106249631_J60_J61_#5more': 98}, 
5205.0, {'J10': -145288.0, 'J11': -498944.5, 'J12': -307787.0, 'J13': -80574.5, 'cluster3106249630_3106249631_J60_J61_#5more': -551266.0}, {'J10': 13, 'J11': 32, 'J12': 20, 'J13': 28, 'cluster3106249630_3106249631_J60_J61_#5more': 36}, {'J10': 18, 'J11': 54, 'J12': 79, 'J13': 35, 'cluster3106249630_3106249631_J60_J61_#5more': 98}, 
5210.0, {'J10': -145468.0, 'J11': -499484.5, 'J12': -307598.0, 'J13': -78549.5, 'cluster3106249630_3106249631_J60_J61_#5more': -550514.5}, {'J10': 13, 'J11': 32, 'J12': 20, 'J13': 26, 'cluster3106249630_3106249631_J60_J61_#5more': 36}, {'J10': 18, 'J11': 54, 'J12': 78, 'J13': 33, 'cluster3106249630_3106249631_J60_J61_#5more': 95}, 
5215.0, {'J10': -145648.0, 'J11': -500024.5, 'J12': -308299.5, 'J13': -76616.5, 'cluster3106249630_3106249631_J60_J61_#5more': -549830.5}, {'J10': 13, 'J11': 32, 'J12': 20, 'J13': 24, 'cluster3106249630_3106249631_J60_J61_#5more': 36}, {'J10': 18, 'J11': 54, 'J12': 75, 'J13': 31, 'cluster3106249630_3106249631_J60_J61_#5more': 92}, 
5220.0, {'J10': -145828.0, 'J11': -500564.5, 'J12': -309050.0, 'J13': -76926.5, 'cluster3106249630_3106249631_J60_J61_#5more': -550753.5}, {'J10': 13, 'J11': 32, 'J12': 20, 'J13': 24, 'cluster3106249630_3106249631_J60_J61_#5more': 36}, {'J10': 18, 'J11': 54, 'J12': 76, 'J13': 31, 'cluster3106249630_3106249631_J60_J61_#5more': 94}, 
5225.0, {'J10': -146008.0, 'J11': -501104.5, 'J12': -309814.0, 'J13': -77236.5, 'cluster3106249630_3106249631_J60_J61_#5more': -551706.0}, {'J10': 13, 'J11': 32, 'J12': 20, 'J13': 24, 'cluster3106249630_3106249631_J60_J61_#5more': 36}, {'J10': 18, 'J11': 54, 'J12': 79, 'J13': 31, 'cluster3106249630_3106249631_J60_J61_#5more': 99}, 
5230.0, {'J10': -146188.0, 'J11': -501645.5, 'J12': -310612.0, 'J13': -77546.5, 'cluster3106249630_3106249631_J60_J61_#5more': -552704.5}, {'J10': 13, 'J11': 32, 'J12': 20, 'J13': 24, 'cluster3106249630_3106249631_J60_J61_#5more': 36}, {'J10': 18, 'J11': 55, 'J12': 82, 'J13': 31, 'cluster3106249630_3106249631_J60_J61_#5more': 101}, 
5235.0, {'J10': -146368.0, 'J11': -502184.5, 'J12': -311437.0, 'J13': -77865.5, 'cluster3106249630_3106249631_J60_J61_#5more': -553714.5}, {'J10': 13, 'J11': 32, 'J12': 20, 'J13': 28, 'cluster3106249630_3106249631_J60_J61_#5more': 36}, {'J10': 18, 'J11': 54, 'J12': 85, 'J13': 35, 'cluster3106249630_3106249631_J60_J61_#5more': 101}, 
5240.0, {'J10': -146548.0, 'J11': -502724.5, 'J12': -312287.0, 'J13': -78215.5, 'cluster3106249630_3106249631_J60_J61_#5more': -554724.5}, {'J10': 13, 'J11': 32, 'J12': 20, 'J13': 28, 'cluster3106249630_3106249631_J60_J61_#5more': 36}, {'J10': 18, 'J11': 54, 'J12': 85, 'J13': 35, 'cluster3106249630_3106249631_J60_J61_#5more': 101}, 
5245.0, {'J10': -146728.0, 'J11': -503264.5, 'J12': -313137.0, 'J13': -78565.5, 'cluster3106249630_3106249631_J60_J61_#5more': -555734.5}, {'J10': 13, 'J11': 32, 'J12': 20, 'J13': 28, 'cluster3106249630_3106249631_J60_J61_#5more': 36}, {'J10': 18, 'J11': 54, 'J12': 85, 'J13': 35, 'cluster3106249630_3106249631_J60_J61_#5more': 101}, 
5250.0, {'J10': -146908.0, 'J11': -503804.5, 'J12': -311425.5, 'J13': -78915.5, 'cluster3106249630_3106249631_J60_J61_#5more': -556744.5}, {'J10': 13, 'J11': 32, 'J12': 20, 'J13': 28, 'cluster3106249630_3106249631_J60_J61_#5more': 36}, {'J10': 18, 'J11': 54, 'J12': 81, 'J13': 35, 'cluster3106249630_3106249631_J60_J61_#5more': 101}, 
5255.0, {'J10': -147088.0, 'J11': -504344.5, 'J12': -311587.5, 'J13': -79265.5, 'cluster3106249630_3106249631_J60_J61_#5more': -557754.5}, {'J10': 13, 'J11': 32, 'J12': 20, 'J13': 28, 'cluster3106249630_3106249631_J60_J61_#5more': 36}, {'J10': 18, 'J11': 54, 'J12': 79, 'J13': 35, 'cluster3106249630_3106249631_J60_J61_#5more': 101}, 
5260.0, {'J10': -147268.0, 'J11': -504884.5, 'J12': -312379.0, 'J13': -79615.5, 'cluster3106249630_3106249631_J60_J61_#5more': -558764.5}, {'J10': 13, 'J11': 32, 'J12': 20, 'J13': 28, 'cluster3106249630_3106249631_J60_J61_#5more': 36}, {'J10': 18, 'J11': 54, 'J12': 81, 'J13': 35, 'cluster3106249630_3106249631_J60_J61_#5more': 101}, 
5265.0, {'J10': -147448.0, 'J11': -505424.5, 'J12': -313201.0, 'J13': -79965.5, 'cluster3106249630_3106249631_J60_J61_#5more': -559774.5}, {'J10': 13, 'J11': 32, 'J12': 20, 'J13': 28, 'cluster3106249630_3106249631_J60_J61_#5more': 36}, {'J10': 18, 'J11': 54, 'J12': 84, 'J13': 35, 'cluster3106249630_3106249631_J60_J61_#5more': 101}, 
5270.0, {'J10': -147628.0, 'J11': -505964.5, 'J12': -313128.5, 'J13': -80315.5, 'cluster3106249630_3106249631_J60_J61_#5more': -560784.5}, {'J10': 13, 'J11': 32, 'J12': 20, 'J13': 28, 'cluster3106249630_3106249631_J60_J61_#5more': 36}, {'J10': 18, 'J11': 54, 'J12': 83, 'J13': 35, 'cluster3106249630_3106249631_J60_J61_#5more': 101}, 
5275.0, {'J10': -147808.0, 'J11': -506504.5, 'J12': -313958.5, 'J13': -78427.5, 'cluster3106249630_3106249631_J60_J61_#5more': -559708.5}, {'J10': 13, 'J11': 32, 'J12': 20, 'J13': 26, 'cluster3106249630_3106249631_J60_J61_#5more': 36}, {'J10': 18, 'J11': 54, 'J12': 83, 'J13': 33, 'cluster3106249630_3106249631_J60_J61_#5more': 97}, 
5280.0, {'J10': -147988.0, 'J11': -507044.5, 'J12': -314788.5, 'J13': -76622.5, 'cluster3106249630_3106249631_J60_J61_#5more': -559804.5}, {'J10': 13, 'J11': 32, 'J12': 20, 'J13': 24, 'cluster3106249630_3106249631_J60_J61_#5more': 36}, {'J10': 18, 'J11': 54, 'J12': 83, 'J13': 31, 'cluster3106249630_3106249631_J60_J61_#5more': 95}, 
5285.0, {'J10': -148168.0, 'J11': -507584.5, 'J12': -315618.5, 'J13': -76932.5, 'cluster3106249630_3106249631_J60_J61_#5more': -560756.0}, {'J10': 13, 'J11': 32, 'J12': 20, 'J13': 24, 'cluster3106249630_3106249631_J60_J61_#5more': 36}, {'J10': 18, 'J11': 54, 'J12': 83, 'J13': 31, 'cluster3106249630_3106249631_J60_J61_#5more': 96}, 
5290.0, {'J10': -148348.0, 'J11': -508124.5, 'J12': -316451.5, 'J13': -77242.5, 'cluster3106249630_3106249631_J60_J61_#5more': -561710.5}, {'J10': 13, 'J11': 32, 'J12': 20, 'J13': 24, 'cluster3106249630_3106249631_J60_J61_#5more': 36}, {'J10': 18, 'J11': 54, 'J12': 84, 'J13': 31, 'cluster3106249630_3106249631_J60_J61_#5more': 98}, 
5295.0, {'J10': -148528.0, 'J11': -508664.5, 'J12': -317291.5, 'J13': -77552.5, 'cluster3106249630_3106249631_J60_J61_#5more': -562691.5}, {'J10': 13, 'J11': 32, 'J12': 20, 'J13': 24, 'cluster3106249630_3106249631_J60_J61_#5more': 36}, {'J10': 18, 'J11': 54, 'J12': 84, 'J13': 31, 'cluster3106249630_3106249631_J60_J61_#5more': 99}, 
5300.0, {'J10': -148708.0, 'J11': -509204.5, 'J12': -318131.5, 'J13': -77873.5, 'cluster3106249630_3106249631_J60_J61_#5more': -563685.5}, {'J10': 13, 'J11': 32, 'J12': 20, 'J13': 28, 'cluster3106249630_3106249631_J60_J61_#5more': 36}, {'J10': 18, 'J11': 54, 'J12': 84, 'J13': 35, 'cluster3106249630_3106249631_J60_J61_#5more': 101}, 
5305.0, {'J10': -148888.0, 'J11': -509744.5, 'J12': -318971.5, 'J13': -78223.5, 'cluster3106249630_3106249631_J60_J61_#5more': -564695.5}, {'J10': 13, 'J11': 32, 'J12': 20, 'J13': 28, 'cluster3106249630_3106249631_J60_J61_#5more': 36}, {'J10': 18, 'J11': 54, 'J12': 84, 'J13': 35, 'cluster3106249630_3106249631_J60_J61_#5more': 101}, 
5310.0, {'J10': -149068.0, 'J11': -510284.5, 'J12': -319811.5, 'J13': -78573.5, 'cluster3106249630_3106249631_J60_J61_#5more': -565705.5}, {'J10': 13, 'J11': 32, 'J12': 20, 'J13': 28, 'cluster3106249630_3106249631_J60_J61_#5more': 36}, {'J10': 18, 'J11': 54, 'J12': 84, 'J13': 35, 'cluster3106249630_3106249631_J60_J61_#5more': 101}, 
5315.0, {'J10': -149248.0, 'J11': -510824.5, 'J12': -319390.0, 'J13': -78923.5, 'cluster3106249630_3106249631_J60_J61_#5more': -566716.0}, {'J10': 13, 'J11': 32, 'J12': 20, 'J13': 28, 'cluster3106249630_3106249631_J60_J61_#5more': 36}, {'J10': 18, 'J11': 54, 'J12': 80, 'J13': 35, 'cluster3106249630_3106249631_J60_J61_#5more': 102}, 
5320.0, {'J10': -149428.0, 'J11': -511364.5, 'J12': -319866.0, 'J13': -79273.5, 'cluster3106249630_3106249631_J60_J61_#5more': -567736.0}, {'J10': 13, 'J11': 32, 'J12': 20, 'J13': 28, 'cluster3106249630_3106249631_J60_J61_#5more': 36}, {'J10': 18, 'J11': 54, 'J12': 79, 'J13': 35, 'cluster3106249630_3106249631_J60_J61_#5more': 102}, 
5325.0, {'J10': -149608.0, 'J11': -511904.5, 'J12': -320661.5, 'J13': -79623.5, 'cluster3106249630_3106249631_J60_J61_#5more': -568735.5}, {'J10': 13, 'J11': 32, 'J12': 20, 'J13': 28, 'cluster3106249630_3106249631_J60_J61_#5more': 36}, {'J10': 18, 'J11': 54, 'J12': 82, 'J13': 35, 'cluster3106249630_3106249631_J60_J61_#5more': 101}, 
5330.0, {'J10': -149788.0, 'J11': -512444.5, 'J12': -321489.5, 'J13': -79973.5, 'cluster3106249630_3106249631_J60_J61_#5more': -563183.5}, {'J10': 13, 'J11': 32, 'J12': 20, 'J13': 28, 'cluster3106249630_3106249631_J60_J61_#5more': 36}, {'J10': 18, 'J11': 54, 'J12': 84, 'J13': 35, 'cluster3106249630_3106249631_J60_J61_#5more': 100}, 
5335.0, {'J10': -149968.0, 'J11': -512984.5, 'J12': -321299.5, 'J13': -80323.5, 'cluster3106249630_3106249631_J60_J61_#5more': -555969.5}, {'J10': 13, 'J11': 32, 'J12': 20, 'J13': 28, 'cluster3106249630_3106249631_J60_J61_#5more': 36}, {'J10': 18, 'J11': 54, 'J12': 84, 'J13': 35, 'cluster3106249630_3106249631_J60_J61_#5more': 99}, 
5340.0, {'J10': -150148.0, 'J11': -513524.5, 'J12': -321869.0, 'J13': -78429.0, 'cluster3106249630_3106249631_J60_J61_#5more': -556959.5}, {'J10': 13, 'J11': 32, 'J12': 20, 'J13': 26, 'cluster3106249630_3106249631_J60_J61_#5more': 36}, {'J10': 18, 'J11': 54, 'J12': 83, 'J13': 33, 'cluster3106249630_3106249631_J60_J61_#5more': 99}, 
5345.0, {'J10': -150328.0, 'J11': -514064.5, 'J12': -322699.0, 'J13': -76623.0, 'cluster3106249630_3106249631_J60_J61_#5more': -557949.5}, {'J10': 13, 'J11': 32, 'J12': 20, 'J13': 24, 'cluster3106249630_3106249631_J60_J61_#5more': 36}, {'J10': 18, 'J11': 54, 'J12': 83, 'J13': 31, 'cluster3106249630_3106249631_J60_J61_#5more': 99}, 
5350.0, {'J10': -150508.0, 'J11': -514604.5, 'J12': -323529.0, 'J13': -76933.0, 'cluster3106249630_3106249631_J60_J61_#5more': -558939.5}, {'J10': 13, 'J11': 32, 'J12': 20, 'J13': 24, 'cluster3106249630_3106249631_J60_J61_#5more': 36}, {'J10': 18, 'J11': 54, 'J12': 83, 'J13': 31, 'cluster3106249630_3106249631_J60_J61_#5more': 99}, 
5355.0, {'J10': -150688.0, 'J11': -515144.5, 'J12': -324359.5, 'J13': -77243.0, 'cluster3106249630_3106249631_J60_J61_#5more': -559932.0}, {'J10': 13, 'J11': 32, 'J12': 20, 'J13': 24, 'cluster3106249630_3106249631_J60_J61_#5more': 36}, {'J10': 18, 'J11': 54, 'J12': 84, 'J13': 31, 'cluster3106249630_3106249631_J60_J61_#5more': 101}, 
5360.0, {'J10': -150868.0, 'J11': -515684.5, 'J12': -325205.5, 'J13': -77553.0, 'cluster3106249630_3106249631_J60_J61_#5more': -560942.0}, {'J10': 13, 'J11': 32, 'J12': 20, 'J13': 24, 'cluster3106249630_3106249631_J60_J61_#5more': 36}, {'J10': 18, 'J11': 54, 'J12': 86, 'J13': 31, 'cluster3106249630_3106249631_J60_J61_#5more': 101}, 
5365.0, {'J10': -151048.0, 'J11': -516224.5, 'J12': -326065.5, 'J13': -77872.5, 'cluster3106249630_3106249631_J60_J61_#5more': -561952.0}, {'J10': 13, 'J11': 32, 'J12': 20, 'J13': 27, 'cluster3106249630_3106249631_J60_J61_#5more': 36}, {'J10': 18, 'J11': 54, 'J12': 86, 'J13': 34, 'cluster3106249630_3106249631_J60_J61_#5more': 101}, 
5370.0, {'J10': -151228.0, 'J11': -516764.5, 'J12': -326925.5, 'J13': -78217.0, 'cluster3106249630_3106249631_J60_J61_#5more': -562962.0}, {'J10': 13, 'J11': 32, 'J12': 20, 'J13': 28, 'cluster3106249630_3106249631_J60_J61_#5more': 36}, {'J10': 18, 'J11': 54, 'J12': 86, 'J13': 35, 'cluster3106249630_3106249631_J60_J61_#5more': 101}, 
5375.0, {'J10': -151408.0, 'J11': -517304.5, 'J12': -327785.5, 'J13': -78567.0, 'cluster3106249630_3106249631_J60_J61_#5more': -563972.0}, {'J10': 13, 'J11': 32, 'J12': 20, 'J13': 28, 'cluster3106249630_3106249631_J60_J61_#5more': 36}, {'J10': 18, 'J11': 54, 'J12': 86, 'J13': 35, 'cluster3106249630_3106249631_J60_J61_#5more': 101}, 
5380.0, {'J10': -151588.0, 'J11': -517844.5, 'J12': -325584.0, 'J13': -78917.0, 'cluster3106249630_3106249631_J60_J61_#5more': -564982.0}, {'J10': 13, 'J11': 32, 'J12': 20, 'J13': 28, 'cluster3106249630_3106249631_J60_J61_#5more': 36}, {'J10': 18, 'J11': 54, 'J12': 81, 'J13': 35, 'cluster3106249630_3106249631_J60_J61_#5more': 101}, 
5385.0, {'J10': -151768.0, 'J11': -518384.5, 'J12': -326020.5, 'J13': -79267.0, 'cluster3106249630_3106249631_J60_J61_#5more': -565992.0}, {'J10': 13, 'J11': 32, 'J12': 20, 'J13': 28, 'cluster3106249630_3106249631_J60_J61_#5more': 36}, {'J10': 18, 'J11': 54, 'J12': 80, 'J13': 35, 'cluster3106249630_3106249631_J60_J61_#5more': 101}, 
5390.0, {'J10': -151948.0, 'J11': -518924.5, 'J12': -326822.0, 'J13': -79617.0, 'cluster3106249630_3106249631_J60_J61_#5more': -567002.0}, {'J10': 13, 'J11': 32, 'J12': 20, 'J13': 28, 'cluster3106249630_3106249631_J60_J61_#5more': 36}, {'J10': 18, 'J11': 54, 'J12': 82, 'J13': 35, 'cluster3106249630_3106249631_J60_J61_#5more': 101}, 
5395.0, {'J10': -152128.0, 'J11': -519464.5, 'J12': -327651.5, 'J13': -79967.0, 'cluster3106249630_3106249631_J60_J61_#5more': -568012.0}, {'J10': 13, 'J11': 32, 'J12': 20, 'J13': 28, 'cluster3106249630_3106249631_J60_J61_#5more': 36}, {'J10': 18, 'J11': 54, 'J12': 85, 'J13': 35, 'cluster3106249630_3106249631_J60_J61_#5more': 101}, 
5400.0, {'J10': -152308.0, 'J11': -520004.5, 'J12': -328501.5, 'J13': -80317.0, 'cluster3106249630_3106249631_J60_J61_#5more': -569022.0}, {'J10': 13, 'J11': 32, 'J12': 20, 'J13': 28, 'cluster3106249630_3106249631_J60_J61_#5more': 36}, {'J10': 18, 'J11': 54, 'J12': 85, 'J13': 35, 'cluster3106249630_3106249631_J60_J61_#5more': 101}, 
